0.00000000e+00,9.38836906e+00,1.14178587e+01
1.00000000e+01,8.44746443e+00,1.04423737e+01
2.00000000e+01,7.62868687e+00,9.59866937e+00
3.00000000e+01,6.91770126e+00,8.84461256e+00
4.00000000e+01,6.31585521e+00,8.16275709e+00
5.00000000e+01,5.82915726e+00,7.54015651e+00
6.00000000e+01,5.46302624e+00,6.99852702e+00
7.00000000e+01,5.20683658e+00,6.57975695e+00
8.00000000e+01,5.02905489e+00,6.29697686e+00
9.00000000e+01,4.89766371e+00,6.10976675e+00
1.00000000e+02,4.78743779e+00,5.95697381e+00
1.10000000e+02,4.66594326e+00,5.75935418e+00
1.20000000e+02,4.53807148e+00,5.55904530e+00
1.30000000e+02,4.41970351e+00,5.40530967e+00
1.40000000e+02,4.30934883e+00,5.28226257e+00
1.50000000e+02,4.20111827e+00,5.16636566e+00
1.60000000e+02,4.09339618e+00,5.05087433e+00
1.70000000e+02,3.98561616e+00,4.94190387e+00
1.80000000e+02,3.87734944e+00,4.83739700e+00
1.90000000e+02,3.76851196e+00,4.73369804e+00
2.00000000e+02,3.65922553e+00,4.63191772e+00
2.10000000e+02,3.54006647e+00,4.52136269e+00
2.20000000e+02,3.42530249e+00,4.41995483e+00
2.30000000e+02,3.31698377e+00,4.32378177e+00
2.40000000e+02,3.20620967e+00,4.22780256e+00
2.50000000e+02,3.09854093e+00,4.13252183e+00
2.60000000e+02,2.99540832e+00,4.04091595e+00
2.70000000e+02,2.89698531e+00,3.95164134e+00
2.80000000e+02,2.80527929e+00,3.86460374e+00
2.90000000e+02,2.72031653e+00,3.78046198e+00
3.00000000e+02,2.64263346e+00,3.69893593e+00
3.10000000e+02,2.56637908e+00,3.60595604e+00
3.20000000e+02,2.50174998e+00,3.52589660e+00
3.30000000e+02,2.44279286e+00,3.44871291e+00
3.40000000e+02,2.38974122e+00,3.37492274e+00
3.50000000e+02,2.34203402e+00,3.30529151e+00
3.60000000e+02,2.29852381e+00,3.23856961e+00
3.70000000e+02,2.25825207e+00,3.17477748e+00
3.80000000e+02,2.22028614e+00,3.11366150e+00
3.90000000e+02,2.18435328e+00,3.05517801e+00
4.00000000e+02,2.14995724e+00,2.99929995e+00
4.10000000e+02,2.11198189e+00,2.93197859e+00
4.20000000e+02,2.07840715e+00,2.87558388e+00
4.30000000e+02,2.04469230e+00,2.82246440e+00
4.40000000e+02,2.01314849e+00,2.77375594e+00
4.50000000e+02,1.98215253e+00,2.72621017e+00
4.60000000e+02,1.95169109e+00,2.68072961e+00
4.70000000e+02,1.92148958e+00,2.63798955e+00
4.80000000e+02,1.89184375e+00,2.59671989e+00
4.90000000e+02,1.86260648e+00,2.55691533e+00
5.00000000e+02,1.83369340e+00,2.51837388e+00
5.10000000e+02,1.80150713e+00,2.46935748e+00
5.20000000e+02,1.77142194e+00,2.42639728e+00
5.30000000e+02,1.74203202e+00,2.38913413e+00
5.40000000e+02,1.71335646e+00,2.35068704e+00
5.50000000e+02,1.68499324e+00,2.31444415e+00
5.60000000e+02,1.65667654e+00,2.28012524e+00
5.70000000e+02,1.62872296e+00,2.24603168e+00
5.80000000e+02,1.60109170e+00,2.21259786e+00
5.90000000e+02,1.57374275e+00,2.17969020e+00
6.00000000e+02,1.54668874e+00,2.14570329e+00
6.10000000e+02,1.51772454e+00,2.09720536e+00
6.20000000e+02,1.48948415e+00,2.05739592e+00
6.30000000e+02,1.46263277e+00,2.02216085e+00
6.40000000e+02,1.43639282e+00,1.98840033e+00
6.50000000e+02,1.41016904e+00,1.95675251e+00
6.60000000e+02,1.38449862e+00,1.92532646e+00
6.70000000e+02,1.35945093e+00,1.89464466e+00
6.80000000e+02,1.33481398e+00,1.86379898e+00
6.90000000e+02,1.31064683e+00,1.83354319e+00
7.00000000e+02,1.28698748e+00,1.80381172e+00
7.10000000e+02,1.26310350e+00,1.76797284e+00
7.20000000e+02,1.23968460e+00,1.73786007e+00
7.30000000e+02,1.21708377e+00,1.71599643e+00
7.40000000e+02,1.19501111e+00,1.69397211e+00
7.50000000e+02,1.17345609e+00,1.67217092e+00
7.60000000e+02,1.15243641e+00,1.65000195e+00
7.70000000e+02,1.13187491e+00,1.62776185e+00
7.80000000e+02,1.11182329e+00,1.60536098e+00
7.90000000e+02,1.09227844e+00,1.58283265e+00
8.00000000e+02,1.07322395e+00,1.56025587e+00
8.10000000e+02,1.05496332e+00,1.53625136e+00
8.20000000e+02,1.03661851e+00,1.51306407e+00
8.30000000e+02,1.01870108e+00,1.48998306e+00
8.40000000e+02,1.00119616e+00,1.46721678e+00
8.50000000e+02,9.84135692e-01,1.44493935e+00
8.60000000e+02,9.67529267e-01,1.42278637e+00
8.70000000e+02,9.51304389e-01,1.40104620e+00
8.80000000e+02,9.35519002e-01,1.37960248e+00
8.90000000e+02,9.20163316e-01,1.35853148e+00
9.00000000e+02,9.05211239e-01,1.33783217e+00
9.10000000e+02,8.91227419e-01,1.31681694e+00
9.20000000e+02,8.77011046e-01,1.29651357e+00
9.30000000e+02,8.63210762e-01,1.27663183e+00
9.40000000e+02,8.49654732e-01,1.25725919e+00
9.50000000e+02,8.36516416e-01,1.23838295e+00
9.60000000e+02,8.23743134e-01,1.21985592e+00
9.70000000e+02,8.11287151e-01,1.20177062e+00
9.80000000e+02,7.99159801e-01,1.18405024e+00
9.90000000e+02,7.87345691e-01,1.16771557e+00
1.00000000e+03,7.75837122e-01,1.15315355e+00
1.01000000e+03,7.65129693e-01,1.13812233e+00
1.02000000e+03,7.54196335e-01,1.12316567e+00
1.03000000e+03,7.43634830e-01,1.10929086e+00
1.04000000e+03,7.33209269e-01,1.09584352e+00
1.05000000e+03,7.23089057e-01,1.08261164e+00
1.06000000e+03,7.13188287e-01,1.06976879e+00
1.07000000e+03,7.03510634e-01,1.05728153e+00
1.08000000e+03,6.94031673e-01,1.04510721e+00
1.09000000e+03,6.84750872e-01,1.03323883e+00
1.10000000e+03,6.75654967e-01,1.02167465e+00
1.11000000e+03,6.67124526e-01,1.01002359e+00
1.12000000e+03,6.58382882e-01,9.98535389e-01
1.13000000e+03,6.49929957e-01,9.87580160e-01
1.14000000e+03,6.41555587e-01,9.76808839e-01
1.15000000e+03,6.33344479e-01,9.66246610e-01
1.16000000e+03,6.25261210e-01,9.56018829e-01
1.17000000e+03,6.17302592e-01,9.46041920e-01
1.18000000e+03,6.09463936e-01,9.36304900e-01
1.19000000e+03,6.01746681e-01,9.26816075e-01
1.20000000e+03,5.94142439e-01,9.17572790e-01
1.21000000e+03,5.86908607e-01,9.09469748e-01
1.22000000e+03,5.79531255e-01,9.00942808e-01
1.23000000e+03,5.72374877e-01,8.92018415e-01
1.24000000e+03,5.65280755e-01,8.84485514e-01
1.25000000e+03,5.58277108e-01,8.76866834e-01
1.26000000e+03,5.51369552e-01,8.69506731e-01
1.27000000e+03,5.44539148e-01,8.62308932e-01
1.28000000e+03,5.37806894e-01,8.55148715e-01
1.29000000e+03,5.31162588e-01,8.48193495e-01
1.30000000e+03,5.24604867e-01,8.41309716e-01
1.31000000e+03,5.18277096e-01,8.34340821e-01
1.32000000e+03,5.11900197e-01,8.27470022e-01
1.33000000e+03,5.05680883e-01,8.20729973e-01
1.34000000e+03,4.99514605e-01,8.14034186e-01
1.35000000e+03,4.93412061e-01,8.07424415e-01
1.36000000e+03,4.87380501e-01,8.00907796e-01
1.37000000e+03,4.81404752e-01,7.94459288e-01
1.38000000e+03,4.75503962e-01,7.88079023e-01
1.39000000e+03,4.69666051e-01,7.81764793e-01
1.40000000e+03,4.63892078e-01,7.75509047e-01
1.41000000e+03,4.58231091e-01,7.69145396e-01
1.42000000e+03,4.52593234e-01,7.62847931e-01
1.43000000e+03,4.47049384e-01,7.56601771e-01
1.44000000e+03,4.41543726e-01,7.50379657e-01
1.45000000e+03,4.36086792e-01,7.44206468e-01
1.46000000e+03,4.30676461e-01,7.38077617e-01
1.47000000e+03,4.25311472e-01,7.31986751e-01
1.48000000e+03,4.19999217e-01,7.25934606e-01
1.49000000e+03,4.14732000e-01,7.19919216e-01
1.50000000e+03,4.09513080e-01,7.13937584e-01
1.51000000e+03,4.04317630e-01,7.07847664e-01
1.52000000e+03,3.99207987e-01,7.03091013e-01
1.53000000e+03,3.94146850e-01,6.96760500e-01
1.54000000e+03,3.89122893e-01,6.91604507e-01
1.55000000e+03,3.84140902e-01,6.86304682e-01
1.56000000e+03,3.79202493e-01,6.81352335e-01
1.57000000e+03,3.74307711e-01,6.76238980e-01
1.58000000e+03,3.69459523e-01,6.71238830e-01
1.59000000e+03,3.64652513e-01,6.66235340e-01
1.60000000e+03,3.59891822e-01,6.61259075e-01
1.61000000e+03,3.55095529e-01,6.56146207e-01
1.62000000e+03,3.50443247e-01,6.51086627e-01
1.63000000e+03,3.45812301e-01,6.46051007e-01
1.64000000e+03,3.41234571e-01,6.41014667e-01
1.65000000e+03,3.36695760e-01,6.35986911e-01
1.66000000e+03,3.32212858e-01,6.30980520e-01
1.67000000e+03,3.27775437e-01,6.25991229e-01
1.68000000e+03,3.23387062e-01,6.21021331e-01
1.69000000e+03,3.19045698e-01,6.16070880e-01
1.70000000e+03,3.14754891e-01,6.11138732e-01
1.71000000e+03,3.10394592e-01,6.06054315e-01
1.72000000e+03,3.06220276e-01,6.01031796e-01
1.73000000e+03,3.02050567e-01,5.96054742e-01
1.74000000e+03,2.97956339e-01,5.91069718e-01
1.75000000e+03,2.93898252e-01,5.86094600e-01
1.76000000e+03,2.89906696e-01,5.81150771e-01
1.77000000e+03,2.85962887e-01,5.76225535e-01
1.78000000e+03,2.82071237e-01,5.71326241e-01
1.79000000e+03,2.78233113e-01,5.66449436e-01
1.80000000e+03,2.74448689e-01,5.61595725e-01
1.81000000e+03,2.70578085e-01,5.56558862e-01
1.82000000e+03,2.66915759e-01,5.51616186e-01
1.83000000e+03,2.63248396e-01,5.46782508e-01
1.84000000e+03,2.59672875e-01,5.42022509e-01
1.85000000e+03,2.56158401e-01,5.37418338e-01
1.86000000e+03,2.52683346e-01,5.32821382e-01
1.87000000e+03,2.49299310e-01,5.28289897e-01
1.88000000e+03,2.45957808e-01,5.23793329e-01
1.89000000e+03,2.42690585e-01,5.19329587e-01
1.90000000e+03,2.39461470e-01,5.14892982e-01
1.91000000e+03,2.36151900e-01,5.10249740e-01
1.92000000e+03,2.33041574e-01,5.05715631e-01
1.93000000e+03,2.29924467e-01,5.01254919e-01
1.94000000e+03,2.26898372e-01,4.96788053e-01
1.95000000e+03,2.23906306e-01,4.92347818e-01
1.96000000e+03,2.20977367e-01,4.87943077e-01
1.97000000e+03,2.18104945e-01,4.83569458e-01
1.98000000e+03,2.15341602e-01,4.79225487e-01
1.99000000e+03,2.12521588e-01,4.74923069e-01
2.00000000e+03,2.09829776e-01,4.70800919e-01
2.01000000e+03,2.07047170e-01,4.65986417e-01
2.02000000e+03,2.04441198e-01,4.61621484e-01
2.03000000e+03,2.01832563e-01,4.57533397e-01
2.04000000e+03,1.99305835e-01,4.53402729e-01
2.05000000e+03,1.96811364e-01,4.49313307e-01
2.06000000e+03,1.94369432e-01,4.45281916e-01
2.07000000e+03,1.91966875e-01,4.41292926e-01
2.08000000e+03,1.89610363e-01,4.37339693e-01
2.09000000e+03,1.87293927e-01,4.33413681e-01
2.10000000e+03,1.85019068e-01,4.29523497e-01
2.11000000e+03,1.82670802e-01,4.25388655e-01
2.12000000e+03,1.80552880e-01,4.21397994e-01
2.13000000e+03,1.78329056e-01,4.17504914e-01
2.14000000e+03,1.76250121e-01,4.13606203e-01
2.15000000e+03,1.74191714e-01,4.09750262e-01
2.16000000e+03,1.72176534e-01,4.05935463e-01
2.17000000e+03,1.70206078e-01,4.02158400e-01
2.18000000e+03,1.68272582e-01,3.98410424e-01
2.19000000e+03,1.66367723e-01,3.94694803e-01
2.20000000e+03,1.64499816e-01,3.91011560e-01
2.21000000e+03,1.62567648e-01,3.87068397e-01
2.22000000e+03,1.60770037e-01,3.83291019e-01
2.23000000e+03,1.58966028e-01,3.79609259e-01
2.24000000e+03,1.57221077e-01,3.75920946e-01
2.25000000e+03,1.55500593e-01,3.72284685e-01
2.26000000e+03,1.53815289e-01,3.68692880e-01
2.27000000e+03,1.52158747e-01,3.65136862e-01
2.28000000e+03,1.50533468e-01,3.61611070e-01
2.29000000e+03,1.48935269e-01,3.58149193e-01
2.30000000e+03,1.47364708e-01,3.55006256e-01
2.31000000e+03,1.45752587e-01,3.50926632e-01
2.32000000e+03,1.44265498e-01,3.47487663e-01
2.33000000e+03,1.42794140e-01,3.44284951e-01
2.34000000e+03,1.41380311e-01,3.40977220e-01
2.35000000e+03,1.39983995e-01,3.37762111e-01
2.36000000e+03,1.38619802e-01,3.34614883e-01
2.37000000e+03,1.37277542e-01,3.31498287e-01
2.38000000e+03,1.35960198e-01,3.28412001e-01
2.39000000e+03,1.34662911e-01,3.25366177e-01
2.40000000e+03,1.33386369e-01,3.22353929e-01
2.41000000e+03,1.32069358e-01,3.19096000e-01
2.42000000e+03,1.30837941e-01,3.16008723e-01
2.43000000e+03,1.29603716e-01,3.13011416e-01
2.44000000e+03,1.28407236e-01,3.10009791e-01
2.45000000e+03,1.27226488e-01,3.07064650e-01
2.46000000e+03,1.26066734e-01,3.04161326e-01
2.47000000e+03,1.24925599e-01,3.01288339e-01
2.48000000e+03,1.23802997e-01,2.98446729e-01
2.49000000e+03,1.22697184e-01,2.95638485e-01
2.50000000e+03,1.21608293e-01,2.92859624e-01
2.51000000e+03,1.20488986e-01,2.89850757e-01
2.52000000e+03,1.19436765e-01,2.87013737e-01
2.53000000e+03,1.18382909e-01,2.84249578e-01
2.54000000e+03,1.17358697e-01,2.81486891e-01
2.55000000e+03,1.16347499e-01,2.78781249e-01
2.56000000e+03,1.15352185e-01,2.76113780e-01
2.57000000e+03,1.14371827e-01,2.73474342e-01
2.58000000e+03,1.13406054e-01,2.70867787e-01
2.59000000e+03,1.12458456e-01,2.68292518e-01
2.60000000e+03,1.11681939e-01,2.65745950e-01
2.61000000e+03,1.10245305e-01,2.62993802e-01
2.62000000e+03,1.09044901e-01,2.60407064e-01
2.63000000e+03,1.07867681e-01,2.57879063e-01
2.64000000e+03,1.06739549e-01,2.55359014e-01
2.65000000e+03,1.05651661e-01,2.52896855e-01
2.66000000e+03,1.04578306e-01,2.50468460e-01
2.67000000e+03,1.03539401e-01,2.48085462e-01
2.68000000e+03,1.02510269e-01,2.45903631e-01
2.69000000e+03,1.01500926e-01,2.43536523e-01
2.70000000e+03,1.00509893e-01,2.41311131e-01
2.71000000e+03,9.95230291e-02,2.38819119e-01
2.72000000e+03,9.85715310e-02,2.36573735e-01
2.73000000e+03,9.76329299e-02,2.34395760e-01
2.74000000e+03,9.67115066e-02,2.32211209e-01
2.75000000e+03,9.58048778e-02,2.30094373e-01
2.76000000e+03,9.49114461e-02,2.28009798e-01
2.77000000e+03,9.40315810e-02,2.25951089e-01
2.78000000e+03,9.31639357e-02,2.23925856e-01
2.79000000e+03,9.23082943e-02,2.21927440e-01
2.80000000e+03,9.14645572e-02,2.19954818e-01
2.81000000e+03,9.06263220e-02,2.17837067e-01
2.82000000e+03,8.98133419e-02,2.15850238e-01
2.83000000e+03,8.90097544e-02,2.13903718e-01
2.84000000e+03,8.82179497e-02,2.11970347e-01
2.85000000e+03,8.74367466e-02,2.10084105e-01
2.86000000e+03,8.66650671e-02,2.08221909e-01
2.87000000e+03,8.59031342e-02,2.06385514e-01
2.88000000e+03,8.51503424e-02,2.04577111e-01
2.89000000e+03,8.44065053e-02,2.02792559e-01
2.90000000e+03,8.36715309e-02,2.01032390e-01
2.91000000e+03,8.29434923e-02,1.99152236e-01
2.92000000e+03,8.22356255e-02,1.97387380e-01
2.93000000e+03,8.16679255e-02,1.95652945e-01
2.94000000e+03,8.08742812e-02,1.93934346e-01
2.95000000e+03,8.02254064e-02,1.92257835e-01
2.96000000e+03,7.95539431e-02,1.90601338e-01
2.97000000e+03,7.89031163e-02,1.88969890e-01
2.98000000e+03,7.82642316e-02,1.87363319e-01
2.99000000e+03,7.76325057e-02,1.85782943e-01
3.00000000e+03,7.70076169e-02,1.84365905e-01
3.01000000e+03,7.63893677e-02,1.82478589e-01
3.02000000e+03,7.57855871e-02,1.80873559e-01
3.03000000e+03,7.51867371e-02,1.79339479e-01
3.04000000e+03,7.45944411e-02,1.77816920e-01
3.05000000e+03,7.40077228e-02,1.76362027e-01
3.06000000e+03,7.34266040e-02,1.74921755e-01
3.07000000e+03,7.28510846e-02,1.73508262e-01
3.08000000e+03,7.22810563e-02,1.72118858e-01
3.09000000e+03,7.17164115e-02,1.70748138e-01
3.10000000e+03,7.11570344e-02,1.69397829e-01
3.11000000e+03,7.06084549e-02,1.67974893e-01
3.12000000e+03,7.00709063e-02,1.66630546e-01
3.13000000e+03,6.95366828e-02,1.65305240e-01
3.14000000e+03,6.90081024e-02,1.63994873e-01
3.15000000e+03,6.84838804e-02,1.62712879e-01
3.16000000e+03,6.79643281e-02,1.61445545e-01
3.17000000e+03,6.74495704e-02,1.60197363e-01
3.18000000e+03,6.69394404e-02,1.58966046e-01
3.19000000e+03,6.64349712e-02,1.57750460e-01
3.20000000e+03,6.59681030e-02,1.56550830e-01
3.21000000e+03,6.54297022e-02,1.55292589e-01
3.22000000e+03,6.49074897e-02,1.54100122e-01
3.23000000e+03,6.43824814e-02,1.52920674e-01
3.24000000e+03,6.38609527e-02,1.51755264e-01
3.25000000e+03,6.33644399e-02,1.50612084e-01
3.26000000e+03,6.28695448e-02,1.49481535e-01
3.27000000e+03,6.23765945e-02,1.48367286e-01
3.28000000e+03,6.18899004e-02,1.47266516e-01
3.29000000e+03,6.14087502e-02,1.46179031e-01
3.30000000e+03,6.09321148e-02,1.45104554e-01
3.31000000e+03,6.04712765e-02,1.43986069e-01
3.32000000e+03,6.00172901e-02,1.42922565e-01
3.33000000e+03,5.95660931e-02,1.41905166e-01
3.34000000e+03,5.91201046e-02,1.40848214e-01
3.35000000e+03,5.86772070e-02,1.39862120e-01
3.36000000e+03,5.82386223e-02,1.38869557e-01
3.37000000e+03,5.78040588e-02,1.37908497e-01
3.38000000e+03,5.73733537e-02,1.36950263e-01
3.39000000e+03,5.69466832e-02,1.36005940e-01
3.40000000e+03,5.65238360e-02,1.35072332e-01
3.41000000e+03,5.61169261e-02,1.34106223e-01
3.42000000e+03,5.57144770e-02,1.33179940e-01
3.43000000e+03,5.53141002e-02,1.32260931e-01
3.44000000e+03,5.49183555e-02,1.31351312e-01
3.45000000e+03,5.45249528e-02,1.30455379e-01
3.46000000e+03,5.41352658e-02,1.29568161e-01
3.47000000e+03,5.37489512e-02,1.28691029e-01
3.48000000e+03,5.33659705e-02,1.27822680e-01
3.49000000e+03,5.29863723e-02,1.26963609e-01
3.50000000e+03,5.26100289e-02,1.26119705e-01
3.51000000e+03,5.22500146e-02,1.25184210e-01
3.52000000e+03,5.18922721e-02,1.24331697e-01
3.53000000e+03,5.15361790e-02,1.23479574e-01
3.54000000e+03,5.11841687e-02,1.22641700e-01
3.55000000e+03,5.08339860e-02,1.21818306e-01
3.56000000e+03,5.04869322e-02,1.21003718e-01
3.57000000e+03,5.01429046e-02,1.20199390e-01
3.58000000e+03,4.98015960e-02,1.19402835e-01
3.59000000e+03,4.94631466e-02,1.18614401e-01
3.60000000e+03,4.91275372e-02,1.17834304e-01
3.61000000e+03,4.88083950e-02,1.17044417e-01
3.62000000e+03,4.84899115e-02,1.16327492e-01
3.63000000e+03,4.81725486e-02,1.15525766e-01
3.64000000e+03,4.78588114e-02,1.14794569e-01
3.65000000e+03,4.75465101e-02,1.14055155e-01
3.66000000e+03,4.72370996e-02,1.13338563e-01
3.67000000e+03,4.69327800e-02,1.12620516e-01
3.68000000e+03,4.66940559e-02,1.11914734e-01
3.69000000e+03,4.63440582e-02,1.11211921e-01
3.70000000e+03,4.60553634e-02,1.10516682e-01
3.71000000e+03,4.57398301e-02,1.09810154e-01
3.72000000e+03,4.54361190e-02,1.09122128e-01
3.73000000e+03,4.51339919e-02,1.08438623e-01
3.74000000e+03,4.48313090e-02,1.07761115e-01
3.75000000e+03,4.45335045e-02,1.07090201e-01
3.76000000e+03,4.42363025e-02,1.06425228e-01
3.77000000e+03,4.39427090e-02,1.05765130e-01
3.78000000e+03,4.36510724e-02,1.05138298e-01
3.79000000e+03,4.33620478e-02,1.04508209e-01
3.80000000e+03,4.30758065e-02,1.03868726e-01
3.81000000e+03,4.28063751e-02,1.03184649e-01
3.82000000e+03,4.25354587e-02,1.02559859e-01
3.83000000e+03,4.22661188e-02,1.01940115e-01
3.84000000e+03,4.19996129e-02,1.01324486e-01
3.85000000e+03,4.17345545e-02,1.00721464e-01
3.86000000e+03,4.14718967e-02,1.00123806e-01
3.87000000e+03,4.12119156e-02,9.95324854e-02
3.88000000e+03,4.09653496e-02,9.89466071e-02
3.89000000e+03,4.07899938e-02,9.83659092e-02
3.90000000e+03,4.04639301e-02,9.77900201e-02
3.91000000e+03,4.02150769e-02,9.72148609e-02
3.92000000e+03,3.99699046e-02,9.66485722e-02
3.93000000e+03,3.97268380e-02,9.60854461e-02
3.94000000e+03,3.94880360e-02,9.55261940e-02
3.95000000e+03,3.92471851e-02,9.49713060e-02
3.96000000e+03,3.90096923e-02,9.44210594e-02
3.97000000e+03,3.87748375e-02,9.38747148e-02
3.98000000e+03,3.85413677e-02,9.33326155e-02
3.99000000e+03,3.83095543e-02,9.27945551e-02
4.00000000e+03,3.80799113e-02,9.22604245e-02
4.01000000e+03,3.78662325e-02,9.17304476e-02
4.02000000e+03,3.76490314e-02,9.12061146e-02
4.03000000e+03,3.74330924e-02,9.06842800e-02
4.04000000e+03,3.72191317e-02,9.01654506e-02
4.05000000e+03,3.70061720e-02,8.96502362e-02
4.06000000e+03,3.67949493e-02,8.91391035e-02
4.07000000e+03,3.65853785e-02,8.86313901e-02
4.08000000e+03,3.63772788e-02,8.81274328e-02
4.09000000e+03,3.61707455e-02,8.76269155e-02
4.10000000e+03,3.59656962e-02,8.71301145e-02
4.11000000e+03,3.57764341e-02,8.66408696e-02
4.12000000e+03,3.55825569e-02,8.61542166e-02
4.13000000e+03,3.53896422e-02,8.56696864e-02
4.14000000e+03,3.51980830e-02,8.51875248e-02
4.15000000e+03,3.50193882e-02,8.47084171e-02
4.16000000e+03,3.48291364e-02,8.42327815e-02
4.17000000e+03,3.46443161e-02,8.37598348e-02
4.18000000e+03,3.44580208e-02,8.33344149e-02
4.19000000e+03,3.42770906e-02,8.28835440e-02
4.20000000e+03,3.40997288e-02,8.23991645e-02
4.21000000e+03,3.39340690e-02,8.19453011e-02
4.22000000e+03,3.37656392e-02,8.15052373e-02
4.23000000e+03,3.35961031e-02,8.10688185e-02
4.24000000e+03,3.34290604e-02,8.06351693e-02
4.25000000e+03,3.32618017e-02,8.02060050e-02
4.26000000e+03,3.30958943e-02,7.97803210e-02
4.27000000e+03,3.29311558e-02,7.93577768e-02
4.28000000e+03,3.27672302e-02,7.89382006e-02
4.29000000e+03,3.26042967e-02,7.85214620e-02
4.30000000e+03,3.24423080e-02,7.81076356e-02
4.31000000e+03,3.22952149e-02,7.77069745e-02
4.32000000e+03,3.21422798e-02,7.73040431e-02
4.33000000e+03,3.19893788e-02,7.69024711e-02
4.34000000e+03,3.18470176e-02,7.65019659e-02
4.35000000e+03,3.16962416e-02,7.61035974e-02
4.36000000e+03,3.15458165e-02,7.57078817e-02
4.37000000e+03,3.13972211e-02,7.53144856e-02
4.38000000e+03,3.12510649e-02,7.49236270e-02
4.39000000e+03,3.11088693e-02,7.45350884e-02
4.40000000e+03,3.09638334e-02,7.41490572e-02
4.41000000e+03,3.08355931e-02,7.37786751e-02
4.42000000e+03,3.06989785e-02,7.34037252e-02
4.43000000e+03,3.05631635e-02,7.30298570e-02
4.44000000e+03,3.04283218e-02,7.26564555e-02
4.45000000e+03,3.02930705e-02,7.22850190e-02
4.46000000e+03,3.01589830e-02,7.19157659e-02
4.47000000e+03,3.00254999e-02,7.15483862e-02
4.48000000e+03,2.98925436e-02,7.11830424e-02
4.49000000e+03,2.97603058e-02,7.08255445e-02
4.50000000e+03,2.96286594e-02,7.05684210e-02
4.51000000e+03,2.95113292e-02,7.03826187e-02
4.52000000e+03,2.93873654e-02,7.01550375e-02
4.53000000e+03,2.92634538e-02,6.99255128e-02
4.54000000e+03,2.91833886e-02,6.96886003e-02
4.55000000e+03,2.90497976e-02,6.94517504e-02
4.56000000e+03,2.89034604e-02,6.92104161e-02
4.57000000e+03,2.87831636e-02,6.89689692e-02
4.58000000e+03,2.86679335e-02,6.87275855e-02
4.59000000e+03,2.85477961e-02,6.84858771e-02
4.60000000e+03,2.84320984e-02,6.82441554e-02
4.61000000e+03,2.83289354e-02,6.80706123e-02
4.62000000e+03,2.82194883e-02,6.78656100e-02
4.63000000e+03,2.81100490e-02,6.76561341e-02
4.64000000e+03,2.80009175e-02,6.74266211e-02
4.65000000e+03,2.78915766e-02,6.72119876e-02
4.66000000e+03,2.77828470e-02,6.69858704e-02
4.67000000e+03,2.76745885e-02,6.67649143e-02
4.68000000e+03,2.75666158e-02,6.65435085e-02
4.69000000e+03,2.74591205e-02,6.63216101e-02
4.70000000e+03,2.73520235e-02,6.60998115e-02
4.71000000e+03,2.72585576e-02,6.59429980e-02
4.72000000e+03,2.71584403e-02,6.57468134e-02
4.73000000e+03,2.70576958e-02,6.55487529e-02
4.74000000e+03,2.69576115e-02,6.53437633e-02
4.75000000e+03,2.68568493e-02,6.51382629e-02
4.76000000e+03,2.67567569e-02,6.49283366e-02
4.77000000e+03,2.66566709e-02,6.47184124e-02
4.78000000e+03,2.65619610e-02,6.45083993e-02
4.79000000e+03,2.64789028e-02,6.42977827e-02
4.80000000e+03,2.63638650e-02,6.40869636e-02
4.81000000e+03,2.62956746e-02,6.39396888e-02
4.82000000e+03,2.61851901e-02,6.37538102e-02
4.83000000e+03,2.60876101e-02,6.35665162e-02
4.84000000e+03,2.59950447e-02,6.33787567e-02
4.85000000e+03,2.58978191e-02,6.31923947e-02
4.86000000e+03,2.58020668e-02,6.29892570e-02
4.87000000e+03,2.57074540e-02,6.27882223e-02
4.88000000e+03,2.56122022e-02,6.25920533e-02
4.89000000e+03,2.55178628e-02,6.23944774e-02
4.90000000e+03,2.54236024e-02,6.21979680e-02
4.91000000e+03,2.53428608e-02,6.20602851e-02
4.92000000e+03,2.52552661e-02,6.18872313e-02
4.93000000e+03,2.51671067e-02,6.17121668e-02
4.94000000e+03,2.50792001e-02,6.15309429e-02
4.95000000e+03,2.49907605e-02,6.13488793e-02
4.96000000e+03,2.49028421e-02,6.11626401e-02
4.97000000e+03,2.48157241e-02,6.09765799e-02
4.98000000e+03,2.47445496e-02,6.07901535e-02
4.99000000e+03,2.46440792e-02,6.06031645e-02
5.00000000e+03,2.45589014e-02,6.04158211e-02
5.01000000e+03,2.44839664e-02,6.02880036e-02
5.02000000e+03,2.44051748e-02,6.01434253e-02
5.03000000e+03,2.43225032e-02,5.99638161e-02
5.04000000e+03,2.42419707e-02,5.97934674e-02
5.05000000e+03,2.41610779e-02,5.96254283e-02
5.06000000e+03,2.40802749e-02,5.94502817e-02
5.07000000e+03,2.39994969e-02,5.92779335e-02
5.08000000e+03,2.39190559e-02,5.91040371e-02
5.09000000e+03,2.38390741e-02,5.89305012e-02
5.10000000e+03,2.37613539e-02,5.87561391e-02
5.11000000e+03,2.37368026e-02,5.86394137e-02
5.12000000e+03,2.36234313e-02,5.84883287e-02
5.13000000e+03,2.35446063e-02,5.83344292e-02
5.14000000e+03,2.34631387e-02,5.81752117e-02
5.15000000e+03,2.33873446e-02,5.80142861e-02
5.16000000e+03,2.33111135e-02,5.78496098e-02
5.17000000e+03,2.32367699e-02,5.76851095e-02
5.18000000e+03,2.31614960e-02,5.75201949e-02
5.19000000e+03,2.30870388e-02,5.73546313e-02
5.20000000e+03,2.30125876e-02,5.71898465e-02
5.21000000e+03,2.29504254e-02,5.70652881e-02
5.22000000e+03,2.28821702e-02,5.69175424e-02
5.23000000e+03,2.28128898e-02,5.67671026e-02
5.24000000e+03,2.27437346e-02,5.66134157e-02
5.25000000e+03,2.26738656e-02,5.64583183e-02
5.26000000e+03,2.26044173e-02,5.63003374e-02
5.27000000e+03,2.25350159e-02,5.61425218e-02
5.28000000e+03,2.24657278e-02,5.59843404e-02
5.29000000e+03,2.23965825e-02,5.58255692e-02
5.30000000e+03,2.23274979e-02,5.56665388e-02
5.31000000e+03,2.22703618e-02,5.55618501e-02
5.32000000e+03,2.22083554e-02,5.54252328e-02
5.33000000e+03,2.21605839e-02,5.52874818e-02
5.34000000e+03,2.20906141e-02,5.51642094e-02
5.35000000e+03,2.20162897e-02,5.50096976e-02
5.36000000e+03,2.19548031e-02,5.48533321e-02
5.37000000e+03,2.18890001e-02,5.47075621e-02
5.38000000e+03,2.18261179e-02,5.45589061e-02
5.39000000e+03,2.17629725e-02,5.44121590e-02
5.40000000e+03,2.16993941e-02,5.42638706e-02
5.41000000e+03,2.16485729e-02,5.41671310e-02
5.42000000e+03,2.15909900e-02,5.40403493e-02
5.43000000e+03,2.15318942e-02,5.39102992e-02
5.44000000e+03,2.14729170e-02,5.37759817e-02
5.45000000e+03,2.14130682e-02,5.36395314e-02
5.46000000e+03,2.13534737e-02,5.35000183e-02
5.47000000e+03,2.12936885e-02,5.33607819e-02
5.48000000e+03,2.12363179e-02,5.32208924e-02
5.49000000e+03,2.11967305e-02,5.30802645e-02
5.50000000e+03,2.11297404e-02,5.29393013e-02
5.51000000e+03,2.12525860e-02,5.28493043e-02
5.52000000e+03,2.10944639e-02,5.27297246e-02
5.53000000e+03,2.09728628e-02,5.26074267e-02
5.54000000e+03,2.09022248e-02,5.24947175e-02
5.55000000e+03,2.08388766e-02,5.23572675e-02
5.56000000e+03,2.07798179e-02,5.22214102e-02
5.57000000e+03,2.07234803e-02,5.20920813e-02
5.58000000e+03,2.06682178e-02,5.19607586e-02
5.59000000e+03,2.06135281e-02,5.18293075e-02
5.60000000e+03,2.05590256e-02,5.16979564e-02
5.61000000e+03,2.05147846e-02,5.16128471e-02
5.62000000e+03,2.04658211e-02,5.15014551e-02
5.63000000e+03,2.04154602e-02,5.13856740e-02
5.64000000e+03,2.03653830e-02,5.12665214e-02
5.65000000e+03,2.03142129e-02,5.11450335e-02
5.66000000e+03,2.02634357e-02,5.10207503e-02
5.67000000e+03,2.02126890e-02,5.08966976e-02
5.68000000e+03,2.01619420e-02,5.07720560e-02
5.69000000e+03,2.01112636e-02,5.06466283e-02
5.70000000e+03,2.00607005e-02,5.05207710e-02
5.71000000e+03,2.00203313e-02,5.04427587e-02
5.72000000e+03,1.99752231e-02,5.03375651e-02
5.73000000e+03,1.99285713e-02,5.02280267e-02
5.74000000e+03,1.98820985e-02,5.01171048e-02
5.75000000e+03,1.98345074e-02,5.00128538e-02
5.76000000e+03,1.97872747e-02,4.98926993e-02
5.77000000e+03,1.97400255e-02,4.97690323e-02
5.78000000e+03,1.96927803e-02,4.96539625e-02
5.79000000e+03,1.96455081e-02,4.95349268e-02
5.80000000e+03,1.95983201e-02,4.94182135e-02
5.81000000e+03,1.95613079e-02,4.93424377e-02
5.82000000e+03,1.95195335e-02,4.92438360e-02
5.83000000e+03,1.94761426e-02,4.91407712e-02
5.84000000e+03,1.94328303e-02,4.90346887e-02
5.85000000e+03,1.93883762e-02,4.89263793e-02
5.86000000e+03,1.93442471e-02,4.88156963e-02
5.87000000e+03,1.93000846e-02,4.87051206e-02
5.88000000e+03,1.92558438e-02,4.85939686e-02
5.89000000e+03,1.92116563e-02,4.84820714e-02
5.90000000e+03,1.91674648e-02,4.83697096e-02
5.91000000e+03,1.91333911e-02,4.83024871e-02
5.92000000e+03,1.90945975e-02,4.82102518e-02
5.93000000e+03,1.90540675e-02,4.81132816e-02
5.94000000e+03,1.90135637e-02,4.80127401e-02
5.95000000e+03,1.89719345e-02,4.79098079e-02
5.96000000e+03,1.89306021e-02,4.78044443e-02
5.97000000e+03,1.88891921e-02,4.76992598e-02
5.98000000e+03,1.88476605e-02,4.75932605e-02
5.99000000e+03,1.88061651e-02,4.74865919e-02
6.00000000e+03,1.87646668e-02,4.73982055e-02
6.01000000e+03,1.87332054e-02,4.72595060e-02
6.02000000e+03,1.86968885e-02,4.71415180e-02
6.03000000e+03,1.86587666e-02,4.70287002e-02
6.04000000e+03,1.86332860e-02,4.69174576e-02
6.05000000e+03,1.85877243e-02,4.68077253e-02
6.06000000e+03,1.85448362e-02,4.66982133e-02
6.07000000e+03,1.85093183e-02,4.65880627e-02
6.08000000e+03,1.84681843e-02,4.64779463e-02
6.09000000e+03,1.84312319e-02,4.63679779e-02
6.10000000e+03,1.83921053e-02,4.62581614e-02
6.11000000e+03,1.83647878e-02,4.61920534e-02
6.12000000e+03,1.83314006e-02,4.61026730e-02
6.13000000e+03,1.82961851e-02,4.60092708e-02
6.14000000e+03,1.82611226e-02,4.59126991e-02
6.15000000e+03,1.82245750e-02,4.58136966e-02
6.16000000e+03,1.81883218e-02,4.57129673e-02
6.17000000e+03,1.81520088e-02,4.56125354e-02
6.18000000e+03,1.81155224e-02,4.55115860e-02
6.19000000e+03,1.80790243e-02,4.54100137e-02
6.20000000e+03,1.80424896e-02,4.53081534e-02
6.21000000e+03,1.80157473e-02,4.52482901e-02
6.22000000e+03,1.79843665e-02,4.51654603e-02
6.23000000e+03,1.79510856e-02,4.50783054e-02
6.24000000e+03,1.79396099e-02,4.49878537e-02
6.25000000e+03,1.79007298e-02,4.48949222e-02
6.26000000e+03,1.78515889e-02,4.48001553e-02
6.27000000e+03,1.78179298e-02,4.47056368e-02
6.28000000e+03,1.77863967e-02,4.46103172e-02
6.29000000e+03,1.77511778e-02,4.45143942e-02
6.30000000e+03,1.77180791e-02,4.44179514e-02
6.31000000e+03,1.76944148e-02,4.43624977e-02
6.32000000e+03,1.76659905e-02,4.42848112e-02
6.33000000e+03,1.76360566e-02,4.42024830e-02
6.34000000e+03,1.76056213e-02,4.41169600e-02
6.35000000e+03,1.75742938e-02,4.40288573e-02
6.36000000e+03,1.75430125e-02,4.39391041e-02
6.37000000e+03,1.75116363e-02,4.38495256e-02
6.38000000e+03,1.74800829e-02,4.37590665e-02
6.39000000e+03,1.74485266e-02,4.36679648e-02
6.40000000e+03,1.74169249e-02,4.35762972e-02
6.41000000e+03,1.73948551e-02,4.35246157e-02
6.42000000e+03,1.73685568e-02,4.34514273e-02
6.43000000e+03,1.73401479e-02,4.33734047e-02
6.44000000e+03,1.73115612e-02,4.32920943e-02
6.45000000e+03,1.72818711e-02,4.32087234e-02
6.46000000e+03,1.72523374e-02,4.31352908e-02
6.47000000e+03,1.72226107e-02,4.30465326e-02
6.48000000e+03,1.71928130e-02,4.29563191e-02
6.49000000e+03,1.71631965e-02,4.28731031e-02
6.50000000e+03,1.71374081e-02,4.27858865e-02
6.51000000e+03,1.71319374e-02,4.27318381e-02
6.52000000e+03,1.70774337e-02,4.26610896e-02
6.53000000e+03,1.70505785e-02,4.25858768e-02
6.54000000e+03,1.70164062e-02,4.25089436e-02
6.55000000e+03,1.69892283e-02,4.24299060e-02
6.56000000e+03,1.69577270e-02,4.23494383e-02
6.57000000e+03,1.69265395e-02,4.22691071e-02
6.58000000e+03,1.68963662e-02,4.21879977e-02
6.59000000e+03,1.68664074e-02,4.21063667e-02
6.60000000e+03,1.68362330e-02,4.20242688e-02
6.61000000e+03,1.68147608e-02,4.19801723e-02
6.62000000e+03,1.67895638e-02,4.19162161e-02
6.63000000e+03,1.67626011e-02,4.18470885e-02
6.64000000e+03,1.67353423e-02,4.17750158e-02
6.65000000e+03,1.67071675e-02,4.17005587e-02
6.66000000e+03,1.66790586e-02,4.16246536e-02
6.67000000e+03,1.66508093e-02,4.15488172e-02
6.68000000e+03,1.66224711e-02,4.14721291e-02
6.69000000e+03,1.65940945e-02,4.13947726e-02
6.70000000e+03,1.65656527e-02,4.13168524e-02
6.71000000e+03,1.65461730e-02,4.12759229e-02
6.72000000e+03,1.65228997e-02,4.12158574e-02
6.73000000e+03,1.64976513e-02,4.11503171e-02
6.74000000e+03,1.64720489e-02,4.10819328e-02
6.75000000e+03,1.64455253e-02,4.10111471e-02
6.76000000e+03,1.64190340e-02,4.09389354e-02
6.77000000e+03,1.63924006e-02,4.08675764e-02
6.78000000e+03,1.63656545e-02,4.08077326e-02
6.79000000e+03,1.63388429e-02,4.07311120e-02
6.80000000e+03,1.63119621e-02,4.06505096e-02
6.81000000e+03,1.62940366e-02,4.05976697e-02
6.82000000e+03,1.62722985e-02,4.05348496e-02
6.83000000e+03,1.62485855e-02,4.04688224e-02
6.84000000e+03,1.62244804e-02,4.04017403e-02
6.85000000e+03,1.61993855e-02,4.03332594e-02
6.86000000e+03,1.61743539e-02,4.02637022e-02
6.87000000e+03,1.61491747e-02,4.01940629e-02
6.88000000e+03,1.61238455e-02,4.01239411e-02
6.89000000e+03,1.60984776e-02,4.00534422e-02
6.90000000e+03,1.60730116e-02,3.99825919e-02
6.91000000e+03,1.60564476e-02,3.99470110e-02
6.92000000e+03,1.60361643e-02,3.98938583e-02
6.93000000e+03,1.60137846e-02,3.98349984e-02
6.94000000e+03,1.59910119e-02,3.97735189e-02
6.95000000e+03,1.59672745e-02,3.97099472e-02
6.96000000e+03,1.59435921e-02,3.96451756e-02
6.97000000e+03,1.59197281e-02,3.95802864e-02
6.98000000e+03,1.58957026e-02,3.95146001e-02
6.99000000e+03,1.58716288e-02,3.94483318e-02
7.00000000e+03,1.58474447e-02,3.93814350e-02
7.01000000e+03,1.58321399e-02,3.93491526e-02
7.02000000e+03,1.58131429e-02,3.92995590e-02
7.03000000e+03,1.57920360e-02,3.92440789e-02
7.04000000e+03,1.57704712e-02,3.91860241e-02
7.05000000e+03,1.57480028e-02,3.91258830e-02
7.06000000e+03,1.57255539e-02,3.90644831e-02
7.07000000e+03,1.57028903e-02,3.90029445e-02
7.08000000e+03,1.56800805e-02,3.89405459e-02
7.09000000e+03,1.56572185e-02,3.88774928e-02
7.10000000e+03,1.56342844e-02,3.88138381e-02
7.11000000e+03,1.56200493e-02,3.87841818e-02
7.12000000e+03,1.56022446e-02,3.87375245e-02
7.13000000e+03,1.55823134e-02,3.86849675e-02
7.14000000e+03,1.55618974e-02,3.86298999e-02
7.15000000e+03,1.55405376e-02,3.85726927e-02
7.16000000e+03,1.55191180e-02,3.85143056e-02
7.17000000e+03,1.54973847e-02,3.84556189e-02
7.18000000e+03,1.54828048e-02,3.83961876e-02
7.19000000e+03,1.54570893e-02,3.83360703e-02
7.20000000e+03,1.54332736e-02,3.82753449e-02
7.21000000e+03,1.54519428e-02,3.82459320e-02
7.22000000e+03,1.54121567e-02,3.82019178e-02
7.23000000e+03,1.53918991e-02,3.81542213e-02
7.24000000e+03,1.53707766e-02,3.80993618e-02
7.25000000e+03,1.53491131e-02,3.80448867e-02
7.26000000e+03,1.53291603e-02,3.79893244e-02
7.27000000e+03,1.53087764e-02,3.79341768e-02
7.28000000e+03,1.52881889e-02,3.78778717e-02
7.29000000e+03,1.52675948e-02,3.78212067e-02
7.30000000e+03,1.52468480e-02,3.77645016e-02
7.31000000e+03,1.52345978e-02,3.77260977e-02
7.32000000e+03,1.52189057e-02,3.76779108e-02
7.33000000e+03,1.52010458e-02,3.76269405e-02
7.34000000e+03,1.51826005e-02,3.75743415e-02
7.35000000e+03,1.51633511e-02,3.75201658e-02
7.36000000e+03,1.51439907e-02,3.74655963e-02
7.37000000e+03,1.51243778e-02,3.74105335e-02
7.38000000e+03,1.51046845e-02,3.73549295e-02
7.39000000e+03,1.50848873e-02,3.72989993e-02
7.40000000e+03,1.50649683e-02,3.72425648e-02
7.41000000e+03,1.50532813e-02,3.72177834e-02
7.42000000e+03,1.50384087e-02,3.71779509e-02
7.43000000e+03,1.50213835e-02,3.71322395e-02
7.44000000e+03,1.50037979e-02,3.70851622e-02
7.45000000e+03,1.49854614e-02,3.70357563e-02
7.46000000e+03,1.49670180e-02,3.69846151e-02
7.47000000e+03,1.49483195e-02,3.69334014e-02
7.48000000e+03,1.49295510e-02,3.68821109e-02
7.49000000e+03,1.49106804e-02,3.68297711e-02
7.50000000e+03,1.48916713e-02,3.67769645e-02
7.51000000e+03,1.48809298e-02,3.67554767e-02
7.52000000e+03,1.48669729e-02,3.67193853e-02
7.53000000e+03,1.48508656e-02,3.66768808e-02
7.54000000e+03,1.48341939e-02,3.66316880e-02
7.55000000e+03,1.48167688e-02,3.65850455e-02
7.56000000e+03,1.47992123e-02,3.65418287e-02
7.57000000e+03,1.47814050e-02,3.64911951e-02
7.58000000e+03,1.47635424e-02,3.64407786e-02
7.59000000e+03,1.47455453e-02,3.63931226e-02
7.60000000e+03,1.47274455e-02,3.63427419e-02
7.61000000e+03,1.47175207e-02,3.63235068e-02
7.62000000e+03,1.47045080e-02,3.62906459e-02
7.63000000e+03,1.46892654e-02,3.62508671e-02
7.64000000e+03,1.46734265e-02,3.62085221e-02
7.65000000e+03,1.46568653e-02,3.61646353e-02
7.66000000e+03,1.46402057e-02,3.61196147e-02
7.67000000e+03,1.46232662e-02,3.60741619e-02
7.68000000e+03,1.46062611e-02,3.60279446e-02
7.69000000e+03,1.45892460e-02,3.59810536e-02
7.70000000e+03,1.45727806e-02,3.59350927e-02
7.71000000e+03,1.45760914e-02,3.58923001e-02
7.72000000e+03,1.45486525e-02,3.58381631e-02
7.73000000e+03,1.45377828e-02,3.57880068e-02
7.74000000e+03,1.45170264e-02,3.57398690e-02
7.75000000e+03,1.45010424e-02,3.56893203e-02
7.76000000e+03,1.44858768e-02,3.56396164e-02
7.77000000e+03,1.44689902e-02,3.55894840e-02
7.78000000e+03,1.44525840e-02,3.55392145e-02
7.79000000e+03,1.44363177e-02,3.54886391e-02
7.80000000e+03,1.44195552e-02,3.54380522e-02
7.81000000e+03,1.44112975e-02,3.54167803e-02
7.82000000e+03,1.43997659e-02,3.53827837e-02
7.83000000e+03,1.43859824e-02,3.53422216e-02
7.84000000e+03,1.43715949e-02,3.52999020e-02
7.85000000e+03,1.43565191e-02,3.52573715e-02
7.86000000e+03,1.43412423e-02,3.52124405e-02
7.87000000e+03,1.43256954e-02,3.51670693e-02
7.88000000e+03,1.43100970e-02,3.51220964e-02
7.89000000e+03,1.42943588e-02,3.50757333e-02
7.90000000e+03,1.42785166e-02,3.50292121e-02
7.91000000e+03,1.42705326e-02,3.50115646e-02
7.92000000e+03,1.42596890e-02,3.49814652e-02
7.93000000e+03,1.42466100e-02,3.49445812e-02
7.94000000e+03,1.42329162e-02,3.49053467e-02
7.95000000e+03,1.42185719e-02,3.48660627e-02
7.96000000e+03,1.42040311e-02,3.48286720e-02
7.97000000e+03,1.41894529e-02,3.47813865e-02
7.98000000e+03,1.41764468e-02,3.47401486e-02
7.99000000e+03,1.41800435e-02,3.46971989e-02
8.00000000e+03,1.41468272e-02,3.46538364e-02
8.01000000e+03,1.42680512e-02,3.46342675e-02
8.02000000e+03,1.41441530e-02,3.46042591e-02
8.03000000e+03,1.40863309e-02,3.45688452e-02
8.04000000e+03,1.40525065e-02,3.45312378e-02
8.05000000e+03,1.40311242e-02,3.44926238e-02
8.06000000e+03,1.40145684e-02,3.44531259e-02
8.07000000e+03,1.39991156e-02,3.44131412e-02
8.08000000e+03,1.39832194e-02,3.43725576e-02
8.09000000e+03,1.39673065e-02,3.43315285e-02
8.10000000e+03,1.39517483e-02,3.42899537e-02
8.11000000e+03,1.39429166e-02,3.42756137e-02
8.12000000e+03,1.39320992e-02,3.42501815e-02
8.13000000e+03,1.39194260e-02,3.42177463e-02
8.14000000e+03,1.39063679e-02,3.41828519e-02
8.15000000e+03,1.38927920e-02,3.41465676e-02
8.16000000e+03,1.38790002e-02,3.41094207e-02
8.17000000e+03,1.38651289e-02,3.40716214e-02
8.18000000e+03,1.38511669e-02,3.40329872e-02
8.19000000e+03,1.38371774e-02,3.39980084e-02
8.20000000e+03,1.38231507e-02,3.39610666e-02
8.21000000e+03,1.38154122e-02,3.39268340e-02
8.22000000e+03,1.38058150e-02,3.38944878e-02
8.23000000e+03,1.37943330e-02,3.38542275e-02
8.24000000e+03,1.37823697e-02,3.38152235e-02
8.25000000e+03,1.37699000e-02,3.37737039e-02
8.26000000e+03,1.37571780e-02,3.37329879e-02
8.27000000e+03,1.37443680e-02,3.36921789e-02
8.28000000e+03,1.37313915e-02,3.36505992e-02
8.29000000e+03,1.37184044e-02,3.36089013e-02
8.30000000e+03,1.37053114e-02,3.35670595e-02
8.31000000e+03,1.36985095e-02,3.35517837e-02
8.32000000e+03,1.36898208e-02,3.35256075e-02
8.33000000e+03,1.36792273e-02,3.34928020e-02
8.34000000e+03,1.36681265e-02,3.34573651e-02
8.35000000e+03,1.36565065e-02,3.34214900e-02
8.36000000e+03,1.36445853e-02,3.33865034e-02
8.37000000e+03,1.36326006e-02,3.33507530e-02
8.38000000e+03,1.36204351e-02,3.33096801e-02
8.39000000e+03,1.36082153e-02,3.32729089e-02
8.40000000e+03,1.35959201e-02,3.32332702e-02
8.41000000e+03,1.35898454e-02,3.32201430e-02
8.42000000e+03,1.35819599e-02,3.31960698e-02
8.43000000e+03,1.35720872e-02,3.31659362e-02
8.44000000e+03,1.35616716e-02,3.31333712e-02
8.45000000e+03,1.35507507e-02,3.30996139e-02
8.46000000e+03,1.35395932e-02,3.30653051e-02
8.47000000e+03,1.35282591e-02,3.30303176e-02
8.48000000e+03,1.35167756e-02,3.29947408e-02
8.49000000e+03,1.35052216e-02,3.29590327e-02
8.50000000e+03,1.34935831e-02,3.29253207e-02
8.51000000e+03,1.34881741e-02,3.30605605e-02
8.52000000e+03,1.34809465e-02,3.29279277e-02
8.53000000e+03,1.34716732e-02,3.28945375e-02
8.54000000e+03,1.34619113e-02,3.28481290e-02
8.55000000e+03,1.34516159e-02,3.28162163e-02
8.56000000e+03,1.34410697e-02,3.27882531e-02
8.57000000e+03,1.34303350e-02,3.27603430e-02
8.58000000e+03,1.34194768e-02,3.27317771e-02
8.59000000e+03,1.34085278e-02,3.27020118e-02
8.60000000e+03,1.33974796e-02,3.26724105e-02
8.61000000e+03,1.33926330e-02,3.26634042e-02
8.62000000e+03,1.33860025e-02,3.26477088e-02
8.63000000e+03,1.33772991e-02,3.26254368e-02
8.64000000e+03,1.33681101e-02,3.26008749e-02
8.65000000e+03,1.33583563e-02,3.25752799e-02
8.66000000e+03,1.33483714e-02,3.25491058e-02
8.67000000e+03,1.33382008e-02,3.25224783e-02
8.68000000e+03,1.33278944e-02,3.24953443e-02
8.69000000e+03,1.33174713e-02,3.24677591e-02
8.70000000e+03,1.33069564e-02,3.24398498e-02
8.71000000e+03,1.33026036e-02,3.24323834e-02
8.72000000e+03,1.32965316e-02,3.24182969e-02
8.73000000e+03,1.32883688e-02,3.23975790e-02
8.74000000e+03,1.32796570e-02,3.23744858e-02
8.75000000e+03,1.32704222e-02,3.23503398e-02
8.76000000e+03,1.32609642e-02,3.23255653e-02
8.77000000e+03,1.32512847e-02,3.23002908e-02
8.78000000e+03,1.32414593e-02,3.22745006e-02
8.79000000e+03,1.32315249e-02,3.22482823e-02
8.80000000e+03,1.32215452e-02,3.22216389e-02
8.81000000e+03,1.32176631e-02,3.22153086e-02
8.82000000e+03,1.32121031e-02,3.22024976e-02
8.83000000e+03,1.32043913e-02,3.21830826e-02
8.84000000e+03,1.31961723e-02,3.21612232e-02
8.85000000e+03,1.31874100e-02,3.21382215e-02
8.86000000e+03,1.31783939e-02,3.21146746e-02
8.87000000e+03,1.31692166e-02,3.20906214e-02
8.88000000e+03,1.31598410e-02,3.20660383e-02
8.89000000e+03,1.31503773e-02,3.20409613e-02
8.90000000e+03,1.31408405e-02,3.20154712e-02
8.91000000e+03,1.31374071e-02,3.20101971e-02
8.92000000e+03,1.31322866e-02,3.19985218e-02
8.93000000e+03,1.31250237e-02,3.19803098e-02
8.94000000e+03,1.31172393e-02,3.19594725e-02
8.95000000e+03,1.31089270e-02,3.19375961e-02
8.96000000e+03,1.31003409e-02,3.19151458e-02
8.97000000e+03,1.30915961e-02,3.18921416e-02
8.98000000e+03,1.30826481e-02,3.18686478e-02
8.99000000e+03,1.30736450e-02,3.18446558e-02
9.00000000e+03,1.30645271e-02,3.18202565e-02
9.01000000e+03,1.30614597e-02,3.18158565e-02
9.02000000e+03,1.30567623e-02,3.18053365e-02
9.03000000e+03,1.30499008e-02,3.17882233e-02
9.04000000e+03,1.30425514e-02,3.17683105e-02
9.05000000e+03,1.30346403e-02,3.17474768e-02
9.06000000e+03,1.30264836e-02,3.17260315e-02
9.07000000e+03,1.30181020e-02,3.17041070e-02
9.08000000e+03,1.30095633e-02,3.16815228e-02
9.09000000e+03,1.30009684e-02,3.16585344e-02
9.10000000e+03,1.29922377e-02,3.16351152e-02
9.11000000e+03,1.29895715e-02,3.16315358e-02
9.12000000e+03,1.29852917e-02,3.16220049e-02
9.13000000e+03,1.29788050e-02,3.16058536e-02
9.14000000e+03,1.29718288e-02,3.15868971e-02
9.15000000e+03,1.29643056e-02,3.15669818e-02
9.16000000e+03,1.29565551e-02,3.15464722e-02
9.17000000e+03,1.29485598e-02,3.15254533e-02
9.18000000e+03,1.29404141e-02,3.15038227e-02
9.19000000e+03,1.29321740e-02,3.14817539e-02
9.20000000e+03,1.29238293e-02,3.14592750e-02
9.21000000e+03,1.29215250e-02,3.14564527e-02
9.22000000e+03,1.29176006e-02,3.14479121e-02
9.23000000e+03,1.29114481e-02,3.14326725e-02
9.24000000e+03,1.29048488e-02,3.14145746e-02
9.25000000e+03,1.28977330e-02,3.13955091e-02
9.26000000e+03,1.28903194e-02,3.13758826e-02
9.27000000e+03,1.28826737e-02,3.13557440e-02
9.28000000e+03,1.28748738e-02,3.13349748e-02
9.29000000e+03,1.28670125e-02,3.13137545e-02
9.30000000e+03,1.28589932e-02,3.12921367e-02
9.31000000e+03,1.28570870e-02,3.12899807e-02
9.32000000e+03,1.28535222e-02,3.12823683e-02
9.33000000e+03,1.28477382e-02,3.12679652e-02
9.34000000e+03,1.28414812e-02,3.12506040e-02
9.35000000e+03,1.28346770e-02,3.12324183e-02
9.36000000e+03,1.28276230e-02,3.12135991e-02
9.37000000e+03,1.28203067e-02,3.11942847e-02
9.38000000e+03,1.28128731e-02,3.11742726e-02
9.39000000e+03,1.28052765e-02,3.11538763e-02
9.40000000e+03,1.27976087e-02,3.11330630e-02
9.41000000e+03,1.27959636e-02,3.11315915e-02
9.42000000e+03,1.27927327e-02,3.11246851e-02
9.43000000e+03,1.27872468e-02,3.11111441e-02
9.44000000e+03,1.27812110e-02,3.10945173e-02
9.45000000e+03,1.27745227e-02,3.10770686e-02
9.46000000e+03,1.27685914e-02,3.10590124e-02
9.47000000e+03,1.27611809e-02,3.10404293e-02
9.48000000e+03,1.27546474e-02,3.10212415e-02
9.49000000e+03,1.27469292e-02,3.10015889e-02
9.50000000e+03,1.27402002e-02,3.09814853e-02
9.51000000e+03,1.27377599e-02,3.09806149e-02
9.52000000e+03,1.27346228e-02,3.09745240e-02
9.53000000e+03,1.27290774e-02,3.09617574e-02
9.54000000e+03,1.27234867e-02,3.09458673e-02
9.55000000e+03,1.27172991e-02,3.09291125e-02
9.56000000e+03,1.27108674e-02,3.09117971e-02
9.57000000e+03,1.27042446e-02,3.08938831e-02
9.58000000e+03,1.26974501e-02,3.08754074e-02
9.59000000e+03,1.26905830e-02,3.08564545e-02
9.60000000e+03,1.26836278e-02,3.08370521e-02
9.61000000e+03,1.26824388e-02,3.08367609e-02
9.62000000e+03,1.26798203e-02,3.08313887e-02
9.63000000e+03,1.26749338e-02,3.08192904e-02
9.64000000e+03,1.26694377e-02,3.08040709e-02
9.65000000e+03,1.26642178e-02,3.07880070e-02
9.66000000e+03,1.26577667e-02,3.07713351e-02
9.67000000e+03,1.26519798e-02,3.07541453e-02
9.68000000e+03,1.26459136e-02,3.07362938e-02
9.69000000e+03,1.26390051e-02,3.07180310e-02
9.70000000e+03,1.26329594e-02,3.06993313e-02
9.71000000e+03,1.26311923e-02,3.06994923e-02
9.72000000e+03,1.26288041e-02,3.06948000e-02
9.73000000e+03,1.26240262e-02,3.06833405e-02
9.74000000e+03,1.26191107e-02,3.06687126e-02
9.75000000e+03,1.26136723e-02,3.06533113e-02
9.76000000e+03,1.26080103e-02,3.06372636e-02
9.77000000e+03,1.26021230e-02,3.06207085e-02
9.78000000e+03,1.25960500e-02,3.06034583e-02
9.79000000e+03,1.25899098e-02,3.05857918e-02
9.80000000e+03,1.25836676e-02,3.05677282e-02
9.81000000e+03,1.25831236e-02,3.05683282e-02
9.82000000e+03,1.25812839e-02,3.05642274e-02
9.83000000e+03,1.25771413e-02,3.05533987e-02
9.84000000e+03,1.25725458e-02,3.05393248e-02
9.85000000e+03,1.25673567e-02,3.05245070e-02
9.86000000e+03,1.25618172e-02,3.05091162e-02
9.87000000e+03,1.25575714e-02,3.04932304e-02
9.88000000e+03,1.25529749e-02,3.04775358e-02
9.89000000e+03,1.25449579e-02,3.04640876e-02
9.90000000e+03,1.25399625e-02,3.04432037e-02
9.91000000e+03,1.25379692e-02,3.04294510e-02
9.92000000e+03,1.25354657e-02,3.04130340e-02
9.93000000e+03,1.25309715e-02,3.03925306e-02
9.94000000e+03,1.25260302e-02,3.03733724e-02
9.95000000e+03,1.25209940e-02,3.03539484e-02
9.96000000e+03,1.25156788e-02,3.03343289e-02
9.97000000e+03,1.25100773e-02,3.03147720e-02
9.98000000e+03,1.25043735e-02,3.02948972e-02
9.99000000e+03,1.24985753e-02,3.02750317e-02
1.00000000e+04,1.24926378e-02,3.02549454e-02
1.00100000e+04,1.24927069e-02,3.02536232e-02
1.00200000e+04,1.24916459e-02,3.02476778e-02
1.00300000e+04,1.24878996e-02,3.02352872e-02
1.00400000e+04,1.24847005e-02,3.02198647e-02
1.00500000e+04,1.24796020e-02,3.02037711e-02
1.00600000e+04,1.24745018e-02,3.01871530e-02
1.00700000e+04,1.24698405e-02,3.01700458e-02
1.00800000e+04,1.24642035e-02,3.01523619e-02
1.00900000e+04,1.24590647e-02,3.01344667e-02
1.01000000e+04,1.24534717e-02,3.01161277e-02
1.01100000e+04,1.24538222e-02,3.01163628e-02
1.01200000e+04,1.24528196e-02,3.01120663e-02
1.01300000e+04,1.24493924e-02,3.01010675e-02
1.01400000e+04,1.24455865e-02,3.00868300e-02
1.01500000e+04,1.24412328e-02,3.00715948e-02
1.01600000e+04,1.24366208e-02,3.00551963e-02
1.01700000e+04,1.24317267e-02,3.00404382e-02
1.01800000e+04,1.24267025e-02,3.00252604e-02
1.01900000e+04,1.24215407e-02,3.00074536e-02
1.02000000e+04,1.24162785e-02,2.99912110e-02
1.02100000e+04,1.24164404e-02,2.99941730e-02
1.02200000e+04,1.24153514e-02,2.99927240e-02
1.02300000e+04,1.24117945e-02,2.99834267e-02
1.02400000e+04,1.24103654e-02,2.99705645e-02
1.02500000e+04,1.24076958e-02,2.99575549e-02
1.02600000e+04,1.23998464e-02,2.99422666e-02
1.02700000e+04,1.23957044e-02,2.99272729e-02
1.02800000e+04,1.23911226e-02,2.99116549e-02
1.02900000e+04,1.23859669e-02,2.98957687e-02
1.03000000e+04,1.23813259e-02,2.98794126e-02
1.03100000e+04,1.23810008e-02,2.98782770e-02
1.03200000e+04,1.23799398e-02,2.98736332e-02
1.03300000e+04,1.23768170e-02,2.98631228e-02
1.03400000e+04,1.23732911e-02,2.98499067e-02
1.03500000e+04,1.23694567e-02,2.98361407e-02
1.03600000e+04,1.23653187e-02,2.98217737e-02
1.03700000e+04,1.23609344e-02,2.98069049e-02
1.03800000e+04,1.23563963e-02,2.97914431e-02
1.03900000e+04,1.23517668e-02,2.97756642e-02
1.04000000e+04,1.23470271e-02,2.97595526e-02
1.04100000e+04,1.23476233e-02,2.97613174e-02
1.04200000e+04,1.23471663e-02,2.97591044e-02
1.04300000e+04,1.23444235e-02,2.97504359e-02
1.04400000e+04,1.23412408e-02,2.97410687e-02
1.04500000e+04,1.23376700e-02,2.97247624e-02
1.04600000e+04,1.23338058e-02,2.97151495e-02
1.04700000e+04,1.23295790e-02,2.96975579e-02
1.04800000e+04,1.23249930e-02,2.96840214e-02
1.04900000e+04,1.23216193e-02,2.96699224e-02
1.05000000e+04,1.23180445e-02,2.96545924e-02
1.05100000e+04,1.23109771e-02,2.96554818e-02
1.05200000e+04,1.22992322e-02,2.96532549e-02
1.05300000e+04,1.22908440e-02,2.96448025e-02
1.05400000e+04,1.22840536e-02,2.96333113e-02
1.05500000e+04,1.22771053e-02,2.96212369e-02
1.05600000e+04,1.22709015e-02,2.96085746e-02
1.05700000e+04,1.22643233e-02,2.95953342e-02
1.05800000e+04,1.22581588e-02,2.95815802e-02
1.05900000e+04,1.22517209e-02,2.95674835e-02
1.06000000e+04,1.22453442e-02,2.95529705e-02
1.06100000e+04,1.22442682e-02,2.95555492e-02
1.06200000e+04,1.22421436e-02,2.95546372e-02
1.06300000e+04,1.22379875e-02,2.95472618e-02
1.06400000e+04,1.22333804e-02,2.95366498e-02
1.06500000e+04,1.22283919e-02,2.95252029e-02
1.06600000e+04,1.22231853e-02,2.95132915e-02
1.06700000e+04,1.22182107e-02,2.95006690e-02
1.06800000e+04,1.22126979e-02,2.94876607e-02
1.06900000e+04,1.22071039e-02,2.94744003e-02
1.07000000e+04,1.22010826e-02,2.94629984e-02
1.07100000e+04,1.21983357e-02,2.94284112e-02
1.07200000e+04,1.21944420e-02,2.93881349e-02
1.07300000e+04,1.21894773e-02,2.93661385e-02
1.07400000e+04,1.21845240e-02,2.93386078e-02
1.07500000e+04,1.21797846e-02,2.93150009e-02
1.07600000e+04,1.21763113e-02,2.92928470e-02
1.07700000e+04,1.21686874e-02,2.92689981e-02
1.07800000e+04,1.21623969e-02,2.92472815e-02
1.07900000e+04,1.21576476e-02,2.92258656e-02
1.08000000e+04,1.21514207e-02,2.92041955e-02
1.08100000e+04,1.21515938e-02,2.91998463e-02
1.08200000e+04,1.21531265e-02,2.91921168e-02
1.08300000e+04,1.21483881e-02,2.91784532e-02
1.08400000e+04,1.21435947e-02,2.91622284e-02
1.08500000e+04,1.21392906e-02,2.91455043e-02
1.08600000e+04,1.21347815e-02,2.91286760e-02
1.08700000e+04,1.21299306e-02,2.91114435e-02
1.08800000e+04,1.21251362e-02,2.90938383e-02
1.08900000e+04,1.21202405e-02,2.90760369e-02
1.09000000e+04,1.21151792e-02,2.90580811e-02
1.09100000e+04,1.21150132e-02,2.90567156e-02
1.09200000e+04,1.21138184e-02,2.90518991e-02
1.09300000e+04,1.21106510e-02,2.90408798e-02
1.09400000e+04,1.21070365e-02,2.90269186e-02
1.09500000e+04,1.21031201e-02,2.90123710e-02
1.09600000e+04,1.20989539e-02,2.89975540e-02
1.09700000e+04,1.20947231e-02,2.89821163e-02
1.09800000e+04,1.20919307e-02,2.89662428e-02
1.09900000e+04,1.20868509e-02,2.89500998e-02
1.10000000e+04,1.20802279e-02,2.89336878e-02
1.10100000e+04,1.21222647e-02,2.89337889e-02
1.10200000e+04,1.20800034e-02,2.89304138e-02
1.10300000e+04,1.20769700e-02,2.89207413e-02
1.10400000e+04,1.20715595e-02,2.89080318e-02
1.10500000e+04,1.20671599e-02,2.88946966e-02
1.10600000e+04,1.20631536e-02,2.88810255e-02
1.10700000e+04,1.20591636e-02,2.88667321e-02
1.10800000e+04,1.20551765e-02,2.88519192e-02
1.10900000e+04,1.20511738e-02,2.88368129e-02
1.11000000e+04,1.20470924e-02,2.88214407e-02
1.11100000e+04,1.20471675e-02,2.88224397e-02
1.11200000e+04,1.20465699e-02,2.88201350e-02
1.11300000e+04,1.20441912e-02,2.88114323e-02
1.11400000e+04,1.20413532e-02,2.87996525e-02
1.11500000e+04,1.20382866e-02,2.87872398e-02
1.11600000e+04,1.20349900e-02,2.87745138e-02
1.11700000e+04,1.20314582e-02,2.87612685e-02
1.11800000e+04,1.20278047e-02,2.87488387e-02
1.11900000e+04,1.20240538e-02,2.87368376e-02
1.12000000e+04,1.20202401e-02,2.87176221e-02
1.12100000e+04,1.20207325e-02,2.87046073e-02
1.12200000e+04,1.20205412e-02,2.86911140e-02
1.12300000e+04,1.20184706e-02,2.86767333e-02
1.12400000e+04,1.20159493e-02,2.86620399e-02
1.12500000e+04,1.20131730e-02,2.86472887e-02
1.12600000e+04,1.20101562e-02,2.86321984e-02
1.12700000e+04,1.20069344e-02,2.86169941e-02
1.12800000e+04,1.20035237e-02,2.86016602e-02
1.12900000e+04,1.20000455e-02,2.85861745e-02
1.13000000e+04,1.19965015e-02,2.85706096e-02
1.13100000e+04,1.19972224e-02,2.85714287e-02
1.13200000e+04,1.19973045e-02,2.85693734e-02
1.13300000e+04,1.19954854e-02,2.85611310e-02
1.13400000e+04,1.19932061e-02,2.85497410e-02
1.13500000e+04,1.19906812e-02,2.85378300e-02
1.13600000e+04,1.19878815e-02,2.85257097e-02
1.13700000e+04,1.19848854e-02,2.85143679e-02
1.13800000e+04,1.19816944e-02,2.84995400e-02
1.13900000e+04,1.19784461e-02,2.84859899e-02
1.14000000e+04,1.19751059e-02,2.84724169e-02
1.14100000e+04,1.19760761e-02,2.84750599e-02
1.14200000e+04,1.19763875e-02,2.84748788e-02
1.14300000e+04,1.19747602e-02,2.84683300e-02
1.14400000e+04,1.19726804e-02,2.84585272e-02
1.14500000e+04,1.19703671e-02,2.84478973e-02
1.14600000e+04,1.19677866e-02,2.84369587e-02
1.14700000e+04,1.19649776e-02,2.84253764e-02
1.14800000e+04,1.19620015e-02,2.84132465e-02
1.14900000e+04,1.19589470e-02,2.84008599e-02
1.15000000e+04,1.19558120e-02,2.83881576e-02
1.15100000e+04,1.19569583e-02,2.83909057e-02
1.15200000e+04,1.19574328e-02,2.83909888e-02
1.15300000e+04,1.19560066e-02,2.83850175e-02
1.15400000e+04,1.19541250e-02,2.83758383e-02
1.15500000e+04,1.19519785e-02,2.83659724e-02
1.15600000e+04,1.19495976e-02,2.83556930e-02
1.15700000e+04,1.19469728e-02,2.83453320e-02
1.15800000e+04,1.19441784e-02,2.83365051e-02
1.15900000e+04,1.19413004e-02,2.83220834e-02
1.16000000e+04,1.19383508e-02,2.83099725e-02
1.16100000e+04,1.19397022e-02,2.83084788e-02
1.16200000e+04,1.19403809e-02,2.83043536e-02
1.16300000e+04,1.19391538e-02,2.82963233e-02
1.16400000e+04,1.19374155e-02,2.82863395e-02
1.16500000e+04,1.19354397e-02,2.82759934e-02
1.16600000e+04,1.19332290e-02,2.82652373e-02
1.16700000e+04,1.19307791e-02,2.82540448e-02
1.16800000e+04,1.19281365e-02,2.82425283e-02
1.16900000e+04,1.19254492e-02,2.82307527e-02
1.17000000e+04,1.19226158e-02,2.82187808e-02
1.17100000e+04,1.19242471e-02,2.82222383e-02
1.17200000e+04,1.19251371e-02,2.82233548e-02
1.17300000e+04,1.19238635e-02,2.82184276e-02
1.17400000e+04,1.19224797e-02,2.82101892e-02
1.17500000e+04,1.19218179e-02,2.82012367e-02
1.17600000e+04,1.19188792e-02,2.81918411e-02
1.17700000e+04,1.19167501e-02,2.81818609e-02
1.17800000e+04,1.19144562e-02,2.81713662e-02
1.17900000e+04,1.19118372e-02,2.81605929e-02
1.18000000e+04,1.19093774e-02,2.81494642e-02
1.18100000e+04,1.19106541e-02,2.81527706e-02
1.18200000e+04,1.19114455e-02,2.81539116e-02
1.18300000e+04,1.19104476e-02,2.81491420e-02
1.18400000e+04,1.19090593e-02,2.81418839e-02
1.18500000e+04,1.19073708e-02,2.81343799e-02
1.18600000e+04,1.19054949e-02,2.81249681e-02
1.18700000e+04,1.19033792e-02,2.81158729e-02
1.18800000e+04,1.19011085e-02,2.81060043e-02
1.18900000e+04,1.18987442e-02,2.80958931e-02
1.19000000e+04,1.18962826e-02,2.80855480e-02
1.19100000e+04,1.18978882e-02,2.80894937e-02
1.19200000e+04,1.18989446e-02,2.80915500e-02
1.19300000e+04,1.18981641e-02,2.80877677e-02
1.19400000e+04,1.18968814e-02,2.80807309e-02
1.19500000e+04,1.18953661e-02,2.80730235e-02
1.19600000e+04,1.18936117e-02,2.80648082e-02
1.19700000e+04,1.18915013e-02,2.80558180e-02
1.19800000e+04,1.18891238e-02,2.80463510e-02
1.19900000e+04,1.18869772e-02,2.80390317e-02
1.20000000e+04,1.18855420e-02,2.80269402e-02
1.20100000e+04,1.18841670e-02,2.80271989e-02
1.20200000e+04,1.18827995e-02,2.80119153e-02
1.20300000e+04,1.18805839e-02,2.80077345e-02
1.20400000e+04,1.18781164e-02,2.79994024e-02
1.20500000e+04,1.18758204e-02,2.79895446e-02
1.20600000e+04,1.18733804e-02,2.79795109e-02
1.20700000e+04,1.18708314e-02,2.79699209e-02
1.20800000e+04,1.18682532e-02,2.79603359e-02
1.20900000e+04,1.18655473e-02,2.79506402e-02
1.21000000e+04,1.18628259e-02,2.79408582e-02
1.21100000e+04,1.18643222e-02,2.79437179e-02
1.21200000e+04,1.18652748e-02,2.79459873e-02
1.21300000e+04,1.18643323e-02,2.79434251e-02
1.21400000e+04,1.18629283e-02,2.79378969e-02
1.21500000e+04,1.18612931e-02,2.79312118e-02
1.21600000e+04,1.18594555e-02,2.79242584e-02
1.21700000e+04,1.18573764e-02,2.79169885e-02
1.21800000e+04,1.18552722e-02,2.79092740e-02
1.21900000e+04,1.18539969e-02,2.79012931e-02
1.22000000e+04,1.18521618e-02,2.78931001e-02
1.22100000e+04,1.18305055e-02,2.78975357e-02
1.22200000e+04,1.18127698e-02,2.79012798e-02
1.22300000e+04,1.18011312e-02,2.79000336e-02
1.22400000e+04,1.17905698e-02,2.78956932e-02
1.22500000e+04,1.17825836e-02,2.78900836e-02
1.22600000e+04,1.17749671e-02,2.78841684e-02
1.22700000e+04,1.17680080e-02,2.78778385e-02
1.22800000e+04,1.17615374e-02,2.78709945e-02
1.22900000e+04,1.17551894e-02,2.78638709e-02
1.23000000e+04,1.17489740e-02,2.78565098e-02
1.23100000e+04,1.17472121e-02,2.78616334e-02
1.23200000e+04,1.17447816e-02,2.78660101e-02
1.23300000e+04,1.17408595e-02,2.78654751e-02
1.23400000e+04,1.17365963e-02,2.78618062e-02
1.23500000e+04,1.17320650e-02,2.78568594e-02
1.23600000e+04,1.17272680e-02,2.78515486e-02
1.23700000e+04,1.17227496e-02,2.78457922e-02
1.23800000e+04,1.17192426e-02,2.78395812e-02
1.23900000e+04,1.17131905e-02,2.78330029e-02
1.24000000e+04,1.17090119e-02,2.78262026e-02
1.24100000e+04,1.17064723e-02,2.78317377e-02
1.24200000e+04,1.17038153e-02,2.78365673e-02
1.24300000e+04,1.17000736e-02,2.78365592e-02
1.24400000e+04,1.16961157e-02,2.78332897e-02
1.24500000e+04,1.16921158e-02,2.78288325e-02
1.24600000e+04,1.16879842e-02,2.78239470e-02
1.24700000e+04,1.16836786e-02,2.78186725e-02
1.24800000e+04,1.16793687e-02,2.78128512e-02
1.24900000e+04,1.16749802e-02,2.78067324e-02
1.25000000e+04,1.16705476e-02,2.78002890e-02
1.25100000e+04,1.16703867e-02,2.78061842e-02
1.25200000e+04,1.16695060e-02,2.78113939e-02
1.25300000e+04,1.16669349e-02,2.78117525e-02
1.25400000e+04,1.16639749e-02,2.78088717e-02
1.25500000e+04,1.16607386e-02,2.78047677e-02
1.25600000e+04,1.16573036e-02,2.78002418e-02
1.25700000e+04,1.16537275e-02,2.77952903e-02
1.25800000e+04,1.16503822e-02,2.77898396e-02
1.25900000e+04,1.16480614e-02,2.77840767e-02
1.26000000e+04,1.16418498e-02,2.77780107e-02
1.26100000e+04,1.16388633e-02,2.77841365e-02
1.26200000e+04,1.16390150e-02,2.77896304e-02
1.26300000e+04,1.16299461e-02,2.77903100e-02
1.26400000e+04,1.16257793e-02,2.77877412e-02
1.26500000e+04,1.16223405e-02,2.77839601e-02
1.26600000e+04,1.16176069e-02,2.77797569e-02
1.26700000e+04,1.16138349e-02,2.77750894e-02
1.26800000e+04,1.16097585e-02,2.77699399e-02
1.26900000e+04,1.16055679e-02,2.77644491e-02
1.27000000e+04,1.16015234e-02,2.77586879e-02
1.27100000e+04,1.16010898e-02,2.77650952e-02
1.27200000e+04,1.16001159e-02,2.77709357e-02
1.27300000e+04,1.15977117e-02,2.77718823e-02
1.27400000e+04,1.15948830e-02,2.77696172e-02
1.27500000e+04,1.15918920e-02,2.77661205e-02
1.27600000e+04,1.15886800e-02,2.77622356e-02
1.27700000e+04,1.15852960e-02,2.77577919e-02
1.27800000e+04,1.15817671e-02,2.77529697e-02
1.27900000e+04,1.15782326e-02,2.77477124e-02
1.28000000e+04,1.15746119e-02,2.77422102e-02
1.28100000e+04,1.15748240e-02,2.77488249e-02
1.28200000e+04,1.15744552e-02,2.77549118e-02
1.28300000e+04,1.15724774e-02,2.77561172e-02
1.28400000e+04,1.15700911e-02,2.77540966e-02
1.28500000e+04,1.15674839e-02,2.77508731e-02
1.28600000e+04,1.15646765e-02,2.77471961e-02
1.28700000e+04,1.15616730e-02,2.77430289e-02
1.28800000e+04,1.15585301e-02,2.77383761e-02
1.28900000e+04,1.15553127e-02,2.77333853e-02
1.29000000e+04,1.15520411e-02,2.77280760e-02
1.29100000e+04,1.15525804e-02,2.77348917e-02
1.29200000e+04,1.15525403e-02,2.77411826e-02
1.29300000e+04,1.15508562e-02,2.77425436e-02
1.29400000e+04,1.15487890e-02,2.77407191e-02
1.29500000e+04,1.15464942e-02,2.77377525e-02
1.29600000e+04,1.15439803e-02,2.77343204e-02
1.29700000e+04,1.15412366e-02,2.77303288e-02
1.29800000e+04,1.15383507e-02,2.77259043e-02
1.29900000e+04,1.15354197e-02,2.77211030e-02
1.30000000e+04,1.15324108e-02,2.77159805e-02
1.30100000e+04,1.15331862e-02,2.77229675e-02
1.30200000e+04,1.15333928e-02,2.77294039e-02
1.30300000e+04,1.15319504e-02,2.77310012e-02
1.30400000e+04,1.15301222e-02,2.77294228e-02
1.30500000e+04,1.15280392e-02,2.77269302e-02
1.30600000e+04,1.15257456e-02,2.77246369e-02
1.30700000e+04,1.15232492e-02,2.77193172e-02
1.30800000e+04,1.15205999e-02,2.77157305e-02
1.30900000e+04,1.15178697e-02,2.77107244e-02
1.31000000e+04,1.15150942e-02,2.77061059e-02
1.31100000e+04,1.15160947e-02,2.77144877e-02
1.31200000e+04,1.15164712e-02,2.77224290e-02
1.31300000e+04,1.15152475e-02,2.77249387e-02
1.31400000e+04,1.15135980e-02,2.77237897e-02
1.31500000e+04,1.15117216e-02,2.77215298e-02
1.31600000e+04,1.15096444e-02,2.77186606e-02
1.31700000e+04,1.15073208e-02,2.77152544e-02
1.31800000e+04,1.15048772e-02,2.77112951e-02
1.31900000e+04,1.15023835e-02,2.77070037e-02
1.32000000e+04,1.14997853e-02,2.77023784e-02
1.32100000e+04,1.15009849e-02,2.77095794e-02
1.32200000e+04,1.15016008e-02,2.77162967e-02
1.32300000e+04,1.15005637e-02,2.77180464e-02
1.32400000e+04,1.14990998e-02,2.77166500e-02
1.32500000e+04,1.14976007e-02,2.77156430e-02
1.32600000e+04,1.14957820e-02,2.77117300e-02
1.32700000e+04,1.14935685e-02,2.77087873e-02
1.32800000e+04,1.14913825e-02,2.77048317e-02
1.32900000e+04,1.14890880e-02,2.77006398e-02
1.33000000e+04,1.14867688e-02,2.76963059e-02
1.33100000e+04,1.14872222e-02,2.77041170e-02
1.33200000e+04,1.14871355e-02,2.77116920e-02
1.33300000e+04,1.14858440e-02,2.77141211e-02
1.33400000e+04,1.14842377e-02,2.77133124e-02
1.33500000e+04,1.14824929e-02,2.77112660e-02
1.33600000e+04,1.14805753e-02,2.77087421e-02
1.33700000e+04,1.14784857e-02,2.77056037e-02
1.33800000e+04,1.14762932e-02,2.77020206e-02
1.33900000e+04,1.14740302e-02,2.76981022e-02
1.34000000e+04,1.14716872e-02,2.76938315e-02
1.34100000e+04,1.14730727e-02,2.77010648e-02
1.34200000e+04,1.14739544e-02,2.77080122e-02
1.34300000e+04,1.14732314e-02,2.77102838e-02
1.34400000e+04,1.14720514e-02,2.77093553e-02
1.34500000e+04,1.14706536e-02,2.77073746e-02
1.34600000e+04,1.14690624e-02,2.77048915e-02
1.34700000e+04,1.14672468e-02,2.77022237e-02
1.34800000e+04,1.14652981e-02,2.76995286e-02
1.34900000e+04,1.14632587e-02,2.76943266e-02
1.35000000e+04,1.14611664e-02,2.76906344e-02
1.35100000e+04,1.14627162e-02,2.76995054e-02
1.35200000e+04,1.14637894e-02,2.77081542e-02
1.35300000e+04,1.14632422e-02,2.77112797e-02
1.35400000e+04,1.14622582e-02,2.77106601e-02
1.35500000e+04,1.14610175e-02,2.77089737e-02
1.35600000e+04,1.14596210e-02,2.77066855e-02
1.35700000e+04,1.14579977e-02,2.77038320e-02
1.35800000e+04,1.14562294e-02,2.77004217e-02
1.35900000e+04,1.14543448e-02,2.76966390e-02
1.36000000e+04,1.14524261e-02,2.76929012e-02
1.36100000e+04,1.14542092e-02,2.76710653e-02
1.36200000e+04,1.14554740e-02,2.76487048e-02
1.36300000e+04,1.14550869e-02,2.76317081e-02
1.36400000e+04,1.14542532e-02,2.76192341e-02
1.36500000e+04,1.14531863e-02,2.76077489e-02
1.36600000e+04,1.14519900e-02,2.75969030e-02
1.36700000e+04,1.14510834e-02,2.75865397e-02
1.36800000e+04,1.14506201e-02,2.75765208e-02
1.36900000e+04,1.14476160e-02,2.75666354e-02
1.37000000e+04,1.14452140e-02,2.75568853e-02
1.37100000e+04,1.14541830e-02,2.75594329e-02
1.37200000e+04,1.14416842e-02,2.75617874e-02
1.37300000e+04,1.14401085e-02,2.75596459e-02
1.37400000e+04,1.14372381e-02,2.75544168e-02
1.37500000e+04,1.14350469e-02,2.75483008e-02
1.37600000e+04,1.14331225e-02,2.75419772e-02
1.37700000e+04,1.14310388e-02,2.75362557e-02
1.37800000e+04,1.14289615e-02,2.75287757e-02
1.37900000e+04,1.14268972e-02,2.75219498e-02
1.38000000e+04,1.14247906e-02,2.75146285e-02
1.38100000e+04,1.14256977e-02,2.75188145e-02
1.38200000e+04,1.14265152e-02,2.75227672e-02
1.38300000e+04,1.14260091e-02,2.75222405e-02
1.38400000e+04,1.14250417e-02,2.75186999e-02
1.38500000e+04,1.14238887e-02,2.75141962e-02
1.38600000e+04,1.14226155e-02,2.75093506e-02
1.38700000e+04,1.14212278e-02,2.75039741e-02
1.38800000e+04,1.14197057e-02,2.74982671e-02
1.38900000e+04,1.14180558e-02,2.74923204e-02
1.39000000e+04,1.14163914e-02,2.74861072e-02
1.39100000e+04,1.14177688e-02,2.74915515e-02
1.39200000e+04,1.14189828e-02,2.74966877e-02
1.39300000e+04,1.14187972e-02,2.74971833e-02
1.39400000e+04,1.14181078e-02,2.74944797e-02
1.39500000e+04,1.14172788e-02,2.74906746e-02
1.39600000e+04,1.14162600e-02,2.74868425e-02
1.39700000e+04,1.14151132e-02,2.74827372e-02
1.39800000e+04,1.14138212e-02,2.74775511e-02
1.39900000e+04,1.14124268e-02,2.74724038e-02
1.40000000e+04,1.14109963e-02,2.74669480e-02
1.40100000e+04,1.14125876e-02,2.74725537e-02
1.40200000e+04,1.14140334e-02,2.74780141e-02
1.40300000e+04,1.14140787e-02,2.74790697e-02
1.40400000e+04,1.14135686e-02,2.74770332e-02
1.40500000e+04,1.14129223e-02,2.74740059e-02
1.40600000e+04,1.14121354e-02,2.74705478e-02
1.40700000e+04,1.14111667e-02,2.74665301e-02
1.40800000e+04,1.14100484e-02,2.74620719e-02
1.40900000e+04,1.14088451e-02,2.74573545e-02
1.41000000e+04,1.14075809e-02,2.74523956e-02
1.41100000e+04,1.14093612e-02,2.74586715e-02
1.41200000e+04,1.14109752e-02,2.74647532e-02
1.41300000e+04,1.14111826e-02,2.74663129e-02
1.41400000e+04,1.14108482e-02,2.74648112e-02
1.41500000e+04,1.14103406e-02,2.74622015e-02
1.41600000e+04,1.14097107e-02,2.74591267e-02
1.41700000e+04,1.14088975e-02,2.74557842e-02
1.41800000e+04,1.14079308e-02,2.74524327e-02
1.41900000e+04,1.14069003e-02,2.74473758e-02
1.42000000e+04,1.14057910e-02,2.74433810e-02
1.42100000e+04,1.14076762e-02,2.74514131e-02
1.42200000e+04,1.14094025e-02,2.74550961e-02
1.42300000e+04,1.14097172e-02,2.74547799e-02
1.42400000e+04,1.14095282e-02,2.74529314e-02
1.42500000e+04,1.14091557e-02,2.74500980e-02
1.42600000e+04,1.14086284e-02,2.74469712e-02
1.42700000e+04,1.14079672e-02,2.74434517e-02
1.42800000e+04,1.14071041e-02,2.74395087e-02
1.42900000e+04,1.14061824e-02,2.74353677e-02
1.43000000e+04,1.14051809e-02,2.74309478e-02
1.43100000e+04,1.14072226e-02,2.74365787e-02
1.43200000e+04,1.14091133e-02,2.74424091e-02
1.43300000e+04,1.14095715e-02,2.74442712e-02
1.43400000e+04,1.14095029e-02,2.74433407e-02
1.43500000e+04,1.14092426e-02,2.74411663e-02
1.43600000e+04,1.14088514e-02,2.74385794e-02
1.43700000e+04,1.14082745e-02,2.74355433e-02
1.43800000e+04,1.14075450e-02,2.74321282e-02
1.43900000e+04,1.14067542e-02,2.74284218e-02
1.44000000e+04,1.14058556e-02,2.74244413e-02
1.44100000e+04,1.14080465e-02,2.74303961e-02
1.44200000e+04,1.14100507e-02,2.74365830e-02
1.44300000e+04,1.14106462e-02,2.74388336e-02
1.44400000e+04,1.14106856e-02,2.74382151e-02
1.44500000e+04,1.14105644e-02,2.74364350e-02
1.44600000e+04,1.14102711e-02,2.74342065e-02
1.44700000e+04,1.14098083e-02,2.74315081e-02
1.44800000e+04,1.14091754e-02,2.74284014e-02
1.44900000e+04,1.14084873e-02,2.74249953e-02
1.45000000e+04,1.14076954e-02,2.74213343e-02
1.45100000e+04,1.14099940e-02,2.74276425e-02
1.45200000e+04,1.14121275e-02,2.74342644e-02
1.45300000e+04,1.14128001e-02,2.74368884e-02
1.45400000e+04,1.14129683e-02,2.74366011e-02
1.45500000e+04,1.14129143e-02,2.74351303e-02
1.45600000e+04,1.14126988e-02,2.74331753e-02
1.45700000e+04,1.14122903e-02,2.74307408e-02
1.45800000e+04,1.14116280e-02,2.74279058e-02
1.45900000e+04,1.14108834e-02,2.74247180e-02
1.46000000e+04,1.14111232e-02,2.74213313e-02
1.46100000e+04,1.14069273e-02,2.74278113e-02
1.46200000e+04,1.14035690e-02,2.74345292e-02
1.46300000e+04,1.14000706e-02,2.74372946e-02
1.46400000e+04,1.13972577e-02,2.74372049e-02
1.46500000e+04,1.13947016e-02,2.74359401e-02
1.46600000e+04,1.13923885e-02,2.74341918e-02
1.46700000e+04,1.13901298e-02,2.74319479e-02
1.46800000e+04,1.13880170e-02,2.74292799e-02
1.46900000e+04,1.13859326e-02,2.74263338e-02
1.47000000e+04,1.13838601e-02,2.74231130e-02
1.47100000e+04,1.13848937e-02,2.74298307e-02
1.47200000e+04,1.13857485e-02,2.74368287e-02
1.47300000e+04,1.13852894e-02,2.74398636e-02
1.47400000e+04,1.13843894e-02,2.74399139e-02
1.47500000e+04,1.13833566e-02,2.74389017e-02
1.47600000e+04,1.13821806e-02,2.74373505e-02
1.47700000e+04,1.13808370e-02,2.74353597e-02
1.47800000e+04,1.13793701e-02,2.74333262e-02
1.47900000e+04,1.13778275e-02,2.74300782e-02
1.48000000e+04,1.13760436e-02,2.74273631e-02
1.48100000e+04,1.13729717e-02,2.74360647e-02
1.48200000e+04,1.13662899e-02,2.74447975e-02
1.48300000e+04,1.13606949e-02,2.74487387e-02
1.48400000e+04,1.13571363e-02,2.74494425e-02
1.48500000e+04,1.13532504e-02,2.74490196e-02
1.48600000e+04,1.13501436e-02,2.74480227e-02
1.48700000e+04,1.13468804e-02,2.74465707e-02
1.48800000e+04,1.13440417e-02,2.74446310e-02
1.48900000e+04,1.13411466e-02,2.74423605e-02
1.49000000e+04,1.13383548e-02,2.74398054e-02
1.49100000e+04,1.13384728e-02,2.74464361e-02
1.49200000e+04,1.13384640e-02,2.74534523e-02
1.49300000e+04,1.13372629e-02,2.74568176e-02
1.49400000e+04,1.13357125e-02,2.74574720e-02
1.49500000e+04,1.13340147e-02,2.74569023e-02
1.49600000e+04,1.13322108e-02,2.74558595e-02
1.49700000e+04,1.13303156e-02,2.74543520e-02
1.49800000e+04,1.13283211e-02,2.74524089e-02
1.49900000e+04,1.13262600e-02,2.74501596e-02
1.50000000e+04,1.13241627e-02,2.74477003e-02
1.50100000e+04,1.13249698e-02,2.74544753e-02
1.50200000e+04,1.13255805e-02,2.74616793e-02
1.50300000e+04,1.13249365e-02,2.74652117e-02
1.50400000e+04,1.13238753e-02,2.74659860e-02
1.50500000e+04,1.13226524e-02,2.74655613e-02
1.50600000e+04,1.13212881e-02,2.74646227e-02
1.50700000e+04,1.13197988e-02,2.74632333e-02
1.50800000e+04,1.13181974e-02,2.74614578e-02
1.50900000e+04,1.13165167e-02,2.74593526e-02
1.51000000e+04,1.13147886e-02,2.74569812e-02
1.51100000e+04,1.13159030e-02,2.74638129e-02
1.51200000e+04,1.13168408e-02,2.74710949e-02
1.51300000e+04,1.13164998e-02,2.74747060e-02
1.51400000e+04,1.13157336e-02,2.74755042e-02
1.51500000e+04,1.13147753e-02,2.74752322e-02
1.51600000e+04,1.13136926e-02,2.74744216e-02
1.51700000e+04,1.13124742e-02,2.74731116e-02
1.51800000e+04,1.13111168e-02,2.74714234e-02
1.51900000e+04,1.13097009e-02,2.74694216e-02
1.52000000e+04,1.13082126e-02,2.74672821e-02
1.52100000e+04,1.13095793e-02,2.74759299e-02
1.52200000e+04,1.13107523e-02,2.74823522e-02
1.52300000e+04,1.13106533e-02,2.74859836e-02
1.52400000e+04,1.13101064e-02,2.74868421e-02
1.52500000e+04,1.13093421e-02,2.74865386e-02
1.52600000e+04,1.13084885e-02,2.74857454e-02
1.52700000e+04,1.13074516e-02,2.74845569e-02
1.52800000e+04,1.13063171e-02,2.74829853e-02
1.52900000e+04,1.13050826e-02,2.74810921e-02
1.53000000e+04,1.13038021e-02,2.74789698e-02
1.53100000e+04,1.13053848e-02,2.74852507e-02
1.53200000e+04,1.13067493e-02,2.74921230e-02
1.53300000e+04,1.13068369e-02,2.74956299e-02
1.53400000e+04,1.13064615e-02,2.74965576e-02
1.53500000e+04,1.13058959e-02,2.74963573e-02
1.53600000e+04,1.13052194e-02,2.74956832e-02
1.53700000e+04,1.13043619e-02,2.74945416e-02
1.53800000e+04,1.13033508e-02,2.74930417e-02
1.53900000e+04,1.13022884e-02,2.74912311e-02
1.54000000e+04,1.13011540e-02,2.74891905e-02
1.54100000e+04,1.13028412e-02,2.74958522e-02
1.54200000e+04,1.13042866e-02,2.75030802e-02
1.54300000e+04,1.13044718e-02,2.75068532e-02
1.54400000e+04,1.13042449e-02,2.75080676e-02
1.54500000e+04,1.13037905e-02,2.75080497e-02
1.54600000e+04,1.13032207e-02,2.75075538e-02
1.54700000e+04,1.13024748e-02,2.75066195e-02
1.54800000e+04,1.13016163e-02,2.75052567e-02
1.54900000e+04,1.13006839e-02,2.75036204e-02
1.55000000e+04,1.12996674e-02,2.75017430e-02
1.55100000e+04,1.13014806e-02,2.75085372e-02
1.55200000e+04,1.13030813e-02,2.75159012e-02
1.55300000e+04,1.13034282e-02,2.75198482e-02
1.55400000e+04,1.13032772e-02,2.75211827e-02
1.55500000e+04,1.13029539e-02,2.75213408e-02
1.55600000e+04,1.13024853e-02,2.75209879e-02
1.55700000e+04,1.13018631e-02,2.75201360e-02
1.55800000e+04,1.13011194e-02,2.75189447e-02
1.55900000e+04,1.13002943e-02,2.75174167e-02
1.56000000e+04,1.12993843e-02,2.75156462e-02
1.56100000e+04,1.13013175e-02,2.75225874e-02
1.56200000e+04,1.13030470e-02,2.75301432e-02
1.56300000e+04,1.13035331e-02,2.75341956e-02
1.56400000e+04,1.13036983e-02,2.75356078e-02
1.56500000e+04,1.13032579e-02,2.75359576e-02
1.56600000e+04,1.13027888e-02,2.75357148e-02
1.56700000e+04,1.13023701e-02,2.75349955e-02
1.56800000e+04,1.13016600e-02,2.75341498e-02
1.56900000e+04,1.13009556e-02,2.75325866e-02
1.57000000e+04,1.13001976e-02,2.75308822e-02
1.57100000e+04,1.13020370e-02,2.75379191e-02
1.57200000e+04,1.13037507e-02,2.75456541e-02
1.57300000e+04,1.13042283e-02,2.75498387e-02
1.57400000e+04,1.13042323e-02,2.75514318e-02
1.57500000e+04,1.13040805e-02,2.75518777e-02
1.57600000e+04,1.13037849e-02,2.75517830e-02
1.57700000e+04,1.13033476e-02,2.75512085e-02
1.57800000e+04,1.13027724e-02,2.75502203e-02
1.57900000e+04,1.13021329e-02,2.75489466e-02
1.58000000e+04,1.13014167e-02,2.75474325e-02
1.58100000e+04,1.13035068e-02,2.75544294e-02
1.58200000e+04,1.13054749e-02,2.75619579e-02
1.58300000e+04,1.13061569e-02,2.75661945e-02
1.58400000e+04,1.13063373e-02,2.75677948e-02
1.58500000e+04,1.13063445e-02,2.75683167e-02
1.58600000e+04,1.13061547e-02,2.75683034e-02
1.58700000e+04,1.13056915e-02,2.75678196e-02
1.58800000e+04,1.13053438e-02,2.75669413e-02
1.58900000e+04,1.13050567e-02,2.75657815e-02
1.59000000e+04,1.13043934e-02,2.75645245e-02
1.59100000e+04,1.13063025e-02,2.75575771e-02
1.59200000e+04,1.13081214e-02,2.75503127e-02
1.59300000e+04,1.13087337e-02,2.75434347e-02
1.59400000e+04,1.13088698e-02,2.75381261e-02
1.59500000e+04,1.13088572e-02,2.75335062e-02
1.59600000e+04,1.13087455e-02,2.75290965e-02
1.59700000e+04,1.13084760e-02,2.75248385e-02
1.59800000e+04,1.13080666e-02,2.75205969e-02
1.59900000e+04,1.13075916e-02,2.75163693e-02
1.60000000e+04,1.13070818e-02,2.75121136e-02
1.60100000e+04,1.13090455e-02,2.75164122e-02
1.60200000e+04,1.13108848e-02,2.75215764e-02
1.60300000e+04,1.13116375e-02,2.75235641e-02
1.60400000e+04,1.13119286e-02,2.75231632e-02
1.60500000e+04,1.13120769e-02,2.75217359e-02
1.60600000e+04,1.13121754e-02,2.75198054e-02
1.60700000e+04,1.13123380e-02,2.75175591e-02
1.60800000e+04,1.13117119e-02,2.75150588e-02
1.60900000e+04,1.13109162e-02,2.75122845e-02
1.61000000e+04,1.13107610e-02,2.75093376e-02
1.61100000e+04,1.13124674e-02,2.75145993e-02
1.61200000e+04,1.13141879e-02,2.75206260e-02
1.61300000e+04,1.13149461e-02,2.75235201e-02
1.61400000e+04,1.13152051e-02,2.75238825e-02
1.61500000e+04,1.13152924e-02,2.75231956e-02
1.61600000e+04,1.13153352e-02,2.75220390e-02
1.61700000e+04,1.13151868e-02,2.75204381e-02
1.61800000e+04,1.13149650e-02,2.75185068e-02
1.61900000e+04,1.13146718e-02,2.75163228e-02
1.62000000e+04,1.13144664e-02,2.75139241e-02
1.62100000e+04,1.13148052e-02,2.75197298e-02
1.62200000e+04,1.13134761e-02,2.75262517e-02
1.62300000e+04,1.13130915e-02,2.75296283e-02
1.62400000e+04,1.13121760e-02,2.75304797e-02
1.62500000e+04,1.13114683e-02,2.75302189e-02
1.62600000e+04,1.13107449e-02,2.75295620e-02
1.62700000e+04,1.13099024e-02,2.75283184e-02
1.62800000e+04,1.13091249e-02,2.75267773e-02
1.62900000e+04,1.13083134e-02,2.75249833e-02
1.63000000e+04,1.13074457e-02,2.75229464e-02
1.63100000e+04,1.13093253e-02,2.75283009e-02
1.63200000e+04,1.13111878e-02,2.75344629e-02
1.63300000e+04,1.13118031e-02,2.75376219e-02
1.63400000e+04,1.13119422e-02,2.75385443e-02
1.63500000e+04,1.13118373e-02,2.75383951e-02
1.63600000e+04,1.13115464e-02,2.75377564e-02
1.63700000e+04,1.13112315e-02,2.75367504e-02
1.63800000e+04,1.13112787e-02,2.75353547e-02
1.63900000e+04,1.13105632e-02,2.75337710e-02
1.64000000e+04,1.13100267e-02,2.75318711e-02
1.64100000e+04,1.13123034e-02,2.75382165e-02
1.64200000e+04,1.13145020e-02,2.75452568e-02
1.64300000e+04,1.13153316e-02,2.75492081e-02
1.64400000e+04,1.13158710e-02,2.75506515e-02
1.64500000e+04,1.13159842e-02,2.75507889e-02
1.64600000e+04,1.13160272e-02,2.75505972e-02
1.64700000e+04,1.13159799e-02,2.75498540e-02
1.64800000e+04,1.13157766e-02,2.75487894e-02
1.64900000e+04,1.13155053e-02,2.75474561e-02
1.65000000e+04,1.13151722e-02,2.75459138e-02
1.65100000e+04,1.13173364e-02,2.75524233e-02
1.65200000e+04,1.13194502e-02,2.75596189e-02
1.65300000e+04,1.13204272e-02,2.75637537e-02
1.65400000e+04,1.13209011e-02,2.75654093e-02
1.65500000e+04,1.13212307e-02,2.75660081e-02
1.65600000e+04,1.13214366e-02,2.75659774e-02
1.65700000e+04,1.13216488e-02,2.75654708e-02
1.65800000e+04,1.13218640e-02,2.75646633e-02
1.65900000e+04,1.13209590e-02,2.75635265e-02
1.66000000e+04,1.13208875e-02,2.75622071e-02
1.66100000e+04,1.13231044e-02,2.75688596e-02
1.66200000e+04,1.13252629e-02,2.75763384e-02
1.66300000e+04,1.13264014e-02,2.75803146e-02
1.66400000e+04,1.13269455e-02,2.75822015e-02
1.66500000e+04,1.13273211e-02,2.75827697e-02
1.66600000e+04,1.13276140e-02,2.75828747e-02
1.66700000e+04,1.13277396e-02,2.75825893e-02
1.66800000e+04,1.13277146e-02,2.75818957e-02
1.66900000e+04,1.13275980e-02,2.75809441e-02
1.67000000e+04,1.13274624e-02,2.75797935e-02
1.67100000e+04,1.13300856e-02,2.75859621e-02
1.67200000e+04,1.13325173e-02,2.75928987e-02
1.67300000e+04,1.13342057e-02,2.75969728e-02
1.67400000e+04,1.13349675e-02,2.75988036e-02
1.67500000e+04,1.13356337e-02,2.75995427e-02
1.67600000e+04,1.13358593e-02,2.75997606e-02
1.67700000e+04,1.13363020e-02,2.75995404e-02
1.67800000e+04,1.13363402e-02,2.75989984e-02
1.67900000e+04,1.13364738e-02,2.75981134e-02
1.68000000e+04,1.13364134e-02,2.75970067e-02
1.68100000e+04,1.13390983e-02,2.76014119e-02
1.68200000e+04,1.13417708e-02,2.76065705e-02
1.68300000e+04,1.13431832e-02,2.76093436e-02
1.68400000e+04,1.13440562e-02,2.76103609e-02
1.68500000e+04,1.13446966e-02,2.76105580e-02
1.68600000e+04,1.13452446e-02,2.76103399e-02
1.68700000e+04,1.13456488e-02,2.76097586e-02
1.68800000e+04,1.13459251e-02,2.76089896e-02
1.68900000e+04,1.13460205e-02,2.76079717e-02
1.69000000e+04,1.13460149e-02,2.76065812e-02
1.69100000e+04,1.13471755e-02,2.76067979e-02
1.69200000e+04,1.13482399e-02,2.76069263e-02
1.69300000e+04,1.13485754e-02,2.76060585e-02
1.69400000e+04,1.13486618e-02,2.76046764e-02
1.69500000e+04,1.13486533e-02,2.76031169e-02
1.69600000e+04,1.13485652e-02,2.76013895e-02
1.69700000e+04,1.13484005e-02,2.75992624e-02
1.69800000e+04,1.13485553e-02,2.75971632e-02
1.69900000e+04,1.13484116e-02,2.75949982e-02
1.70000000e+04,1.13480417e-02,2.75926456e-02
1.70100000e+04,1.13506091e-02,2.75979754e-02
1.70200000e+04,1.13532427e-02,2.76042015e-02
1.70300000e+04,1.13550140e-02,2.76076153e-02
1.70400000e+04,1.13553676e-02,2.76087473e-02
1.70500000e+04,1.13559622e-02,2.76088477e-02
1.70600000e+04,1.13562791e-02,2.76084222e-02
1.70700000e+04,1.13565031e-02,2.76076647e-02
1.70800000e+04,1.13566775e-02,2.76066367e-02
1.70900000e+04,1.13567308e-02,2.76051204e-02
1.71000000e+04,1.13567572e-02,2.76035182e-02
1.71100000e+04,1.13589851e-02,2.76061149e-02
1.71200000e+04,1.13612683e-02,2.76092287e-02
1.71300000e+04,1.13625089e-02,2.76107591e-02
1.71400000e+04,1.13632455e-02,2.76108184e-02
1.71500000e+04,1.13637921e-02,2.76101090e-02
1.71600000e+04,1.13642447e-02,2.76090210e-02
1.71700000e+04,1.13645273e-02,2.76076982e-02
1.71800000e+04,1.13647329e-02,2.76061130e-02
1.71900000e+04,1.13648665e-02,2.76043668e-02
1.72000000e+04,1.13649492e-02,2.76024438e-02
1.72100000e+04,1.13669571e-02,2.76081905e-02
1.72200000e+04,1.13689802e-02,2.76150673e-02
1.72300000e+04,1.13701579e-02,2.76185315e-02
1.72400000e+04,1.13709266e-02,2.76199367e-02
1.72500000e+04,1.13716303e-02,2.76204121e-02
1.72600000e+04,1.13717794e-02,2.76203238e-02
1.72700000e+04,1.13717938e-02,2.76198694e-02
1.72800000e+04,1.13721629e-02,2.76190238e-02
1.72900000e+04,1.13722657e-02,2.76179827e-02
1.73000000e+04,1.13722347e-02,2.76167431e-02
1.73100000e+04,1.13747156e-02,2.76226391e-02
1.73200000e+04,1.13772738e-02,2.76294680e-02
1.73300000e+04,1.13787325e-02,2.76336672e-02
1.73400000e+04,1.13795638e-02,2.76355951e-02
1.73500000e+04,1.13801772e-02,2.76364503e-02
1.73600000e+04,1.13809798e-02,2.76367810e-02
1.73700000e+04,1.13815722e-02,2.76366531e-02
1.73800000e+04,1.13817507e-02,2.76361959e-02
1.73900000e+04,1.13819370e-02,2.76354587e-02
1.74000000e+04,1.13821174e-02,2.76345045e-02
1.74100000e+04,1.13850073e-02,2.76406023e-02
1.74200000e+04,1.13877904e-02,2.76476233e-02
1.74300000e+04,1.13901848e-02,2.76520206e-02
1.74400000e+04,1.13908199e-02,2.76540922e-02
1.74500000e+04,1.13916135e-02,2.76551457e-02
1.74600000e+04,1.13924677e-02,2.76557041e-02
1.74700000e+04,1.13930633e-02,2.76557894e-02
1.74800000e+04,1.13934659e-02,2.76555306e-02
1.74900000e+04,1.13938685e-02,2.76550625e-02
1.75000000e+04,1.13941922e-02,2.76543429e-02
1.75100000e+04,1.13967768e-02,2.76605787e-02
1.75200000e+04,1.13994388e-02,2.76676490e-02
1.75300000e+04,1.14010735e-02,2.76721949e-02
1.75400000e+04,1.14021573e-02,2.76745506e-02
1.75500000e+04,1.14030261e-02,2.76758938e-02
1.75600000e+04,1.14037833e-02,2.76766628e-02
1.75700000e+04,1.14043821e-02,2.76770013e-02
1.75800000e+04,1.14048908e-02,2.76770063e-02
1.75900000e+04,1.14053049e-02,2.76766763e-02
1.76000000e+04,1.14056638e-02,2.76761632e-02
1.76100000e+04,1.14082144e-02,2.76828886e-02
1.76200000e+04,1.14108614e-02,2.76907323e-02
1.76300000e+04,1.14125046e-02,2.76950969e-02
1.76400000e+04,1.14136300e-02,2.76975527e-02
1.76500000e+04,1.14145141e-02,2.76990793e-02
1.76600000e+04,1.14153222e-02,2.77000333e-02
1.76700000e+04,1.14159510e-02,2.77005783e-02
1.76800000e+04,1.14163770e-02,2.77007482e-02
1.76900000e+04,1.14165748e-02,2.77007029e-02
1.77000000e+04,1.14175237e-02,2.77003872e-02
1.77100000e+04,1.14175925e-02,2.77065762e-02
1.77200000e+04,1.14181517e-02,2.77136925e-02
1.77300000e+04,1.14181710e-02,2.77183956e-02
1.77400000e+04,1.14180363e-02,2.77210439e-02
1.77500000e+04,1.14182314e-02,2.77226843e-02
1.77600000e+04,1.14183559e-02,2.77237769e-02
1.77700000e+04,1.14183881e-02,2.77243911e-02
1.77800000e+04,1.14183836e-02,2.77247428e-02
1.77900000e+04,1.14183852e-02,2.77247702e-02
1.78000000e+04,1.14183581e-02,2.77245709e-02
1.78100000e+04,1.14206293e-02,2.77308485e-02
1.78200000e+04,1.14230633e-02,2.77380161e-02
1.78300000e+04,1.14244824e-02,2.77428243e-02
1.78400000e+04,1.14253801e-02,2.77456051e-02
1.78500000e+04,1.14260895e-02,2.77472871e-02
1.78600000e+04,1.14266765e-02,2.77484647e-02
1.78700000e+04,1.14271187e-02,2.77492665e-02
1.78800000e+04,1.14274823e-02,2.77496366e-02
1.78900000e+04,1.14277556e-02,2.77497855e-02
1.79000000e+04,1.14279931e-02,2.77497078e-02
1.79100000e+04,1.14304085e-02,2.77560193e-02
1.79200000e+04,1.14328944e-02,2.77632160e-02
1.79300000e+04,1.14343930e-02,2.77680753e-02
1.79400000e+04,1.14353964e-02,2.77708648e-02
1.79500000e+04,1.14362028e-02,2.77726726e-02
1.79600000e+04,1.14369105e-02,2.77739516e-02
1.79700000e+04,1.14374785e-02,2.77747590e-02
1.79800000e+04,1.14379232e-02,2.77752617e-02
1.79900000e+04,1.14382972e-02,2.77755448e-02
1.80000000e+04,1.14386631e-02,2.77755471e-02
1.80100000e+04,1.14406195e-02,2.77790659e-02
1.80200000e+04,1.14425807e-02,2.77833409e-02
1.80300000e+04,1.14437650e-02,2.77858576e-02
1.80400000e+04,1.14445639e-02,2.77872445e-02
1.80500000e+04,1.14453207e-02,2.77879599e-02
1.80600000e+04,1.14461408e-02,2.77884440e-02
1.80700000e+04,1.14461197e-02,2.77885486e-02
1.80800000e+04,1.14464111e-02,2.77884561e-02
1.80900000e+04,1.14468358e-02,2.77881535e-02
1.81000000e+04,1.14469426e-02,2.77877137e-02
1.81100000e+04,1.14496509e-02,2.77935235e-02
1.81200000e+04,1.14525065e-02,2.78003049e-02
1.81300000e+04,1.14542415e-02,2.78047641e-02
1.81400000e+04,1.14552950e-02,2.78072644e-02
1.81500000e+04,1.14563068e-02,2.78088196e-02
1.81600000e+04,1.14570684e-02,2.78099181e-02
1.81700000e+04,1.14576923e-02,2.78105798e-02
1.81800000e+04,1.14582363e-02,2.78109219e-02
1.81900000e+04,1.14586991e-02,2.78110234e-02
1.82000000e+04,1.14590914e-02,2.78109267e-02
1.82100000e+04,1.14617965e-02,2.78170671e-02
1.82200000e+04,1.14645707e-02,2.78242096e-02
1.82300000e+04,1.14662468e-02,2.78291025e-02
1.82400000e+04,1.14678789e-02,2.78319706e-02
1.82500000e+04,1.14687837e-02,2.78338993e-02
1.82600000e+04,1.14696203e-02,2.78352970e-02
1.82700000e+04,1.14704722e-02,2.78362534e-02
1.82800000e+04,1.14710135e-02,2.78368408e-02
1.82900000e+04,1.14715990e-02,2.78372325e-02
1.83000000e+04,1.14720733e-02,2.78373943e-02
1.83100000e+04,1.14687174e-02,2.78438195e-02
1.83200000e+04,1.14648131e-02,2.78512215e-02
1.83300000e+04,1.14621772e-02,2.78563677e-02
1.83400000e+04,1.14602405e-02,2.78593389e-02
1.83500000e+04,1.14587597e-02,2.78614162e-02
1.83600000e+04,1.14573977e-02,2.78629238e-02
1.83700000e+04,1.14561700e-02,2.78640541e-02
1.83800000e+04,1.14551083e-02,2.78648776e-02
1.83900000e+04,1.14540835e-02,2.78653815e-02
1.84000000e+04,1.14532054e-02,2.78657622e-02
1.84100000e+04,1.14541380e-02,2.78721161e-02
1.84200000e+04,1.14551738e-02,2.78794891e-02
1.84300000e+04,1.14550905e-02,2.78846953e-02
1.84400000e+04,1.14550098e-02,2.78879436e-02
1.84500000e+04,1.14549666e-02,2.78902433e-02
1.84600000e+04,1.14546822e-02,2.78919892e-02
1.84700000e+04,1.14543392e-02,2.78932730e-02
1.84800000e+04,1.14539721e-02,2.78942715e-02
1.84900000e+04,1.14535567e-02,2.78949671e-02
1.85000000e+04,1.14531206e-02,2.78954219e-02
1.85100000e+04,1.14550246e-02,2.79018620e-02
1.85200000e+04,1.14569698e-02,2.79092259e-02
1.85300000e+04,1.14581512e-02,2.79144959e-02
1.85400000e+04,1.14589283e-02,2.79177866e-02
1.85500000e+04,1.14591883e-02,2.79201103e-02
1.85600000e+04,1.14594110e-02,2.79217895e-02
1.85700000e+04,1.14595938e-02,2.79231886e-02
1.85800000e+04,1.14595713e-02,2.79241759e-02
1.85900000e+04,1.14595634e-02,2.79249761e-02
1.86000000e+04,1.14594746e-02,2.79255286e-02
1.86100000e+04,1.14615138e-02,2.79318808e-02
1.86200000e+04,1.14637098e-02,2.79392277e-02
1.86300000e+04,1.14649378e-02,2.79444807e-02
1.86400000e+04,1.14656706e-02,2.79478632e-02
1.86500000e+04,1.14661913e-02,2.79503294e-02
1.86600000e+04,1.14666534e-02,2.79522526e-02
1.86700000e+04,1.14669997e-02,2.79537762e-02
1.86800000e+04,1.14672770e-02,2.79549432e-02
1.86900000e+04,1.14672692e-02,2.79558195e-02
1.87000000e+04,1.14673170e-02,2.79565677e-02
1.87100000e+04,1.14687220e-02,2.79605534e-02
1.87200000e+04,1.14701217e-02,2.79651145e-02
1.87300000e+04,1.14708451e-02,2.79684137e-02
1.87400000e+04,1.14712296e-02,2.79704456e-02
1.87500000e+04,1.14714949e-02,2.79718219e-02
1.87600000e+04,1.14715908e-02,2.79728332e-02
1.87700000e+04,1.14715716e-02,2.79736048e-02
1.87800000e+04,1.14719580e-02,2.79742113e-02
1.87900000e+04,1.14719690e-02,2.79745579e-02
1.88000000e+04,1.14718085e-02,2.79746465e-02
1.88100000e+04,1.14742701e-02,2.79805240e-02
1.88200000e+04,1.14767505e-02,2.79874127e-02
1.88300000e+04,1.14781588e-02,2.79923113e-02
1.88400000e+04,1.14791077e-02,2.79954627e-02
1.88500000e+04,1.14797867e-02,2.79974340e-02
1.88600000e+04,1.14802787e-02,2.79990986e-02
1.88700000e+04,1.14807263e-02,2.80002859e-02
1.88800000e+04,1.14811021e-02,2.80011774e-02
1.88900000e+04,1.14813693e-02,2.80018713e-02
1.89000000e+04,1.14816042e-02,2.80023127e-02
1.89100000e+04,1.14837981e-02,2.80081338e-02
1.89200000e+04,1.14861795e-02,2.80149237e-02
1.89300000e+04,1.14877064e-02,2.80197065e-02
1.89400000e+04,1.14887249e-02,2.80228643e-02
1.89500000e+04,1.14895141e-02,2.80251529e-02
1.89600000e+04,1.14902508e-02,2.80269346e-02
1.89700000e+04,1.14908107e-02,2.80282937e-02
1.89800000e+04,1.14912883e-02,2.80293241e-02
1.89900000e+04,1.14916881e-02,2.80301802e-02
1.90000000e+04,1.14920223e-02,2.80307489e-02
1.90100000e+04,1.14942561e-02,2.80328212e-02
1.90200000e+04,1.14967395e-02,2.80326948e-02
1.90300000e+04,1.14983072e-02,2.80328663e-02
1.90400000e+04,1.14994008e-02,2.80327619e-02
1.90500000e+04,1.15002835e-02,2.80326772e-02
1.90600000e+04,1.15010371e-02,2.80325703e-02
1.90700000e+04,1.15017070e-02,2.80323579e-02
1.90800000e+04,1.15022113e-02,2.80320751e-02
1.90900000e+04,1.15026754e-02,2.80317344e-02
1.91000000e+04,1.15031026e-02,2.80312939e-02
1.91100000e+04,1.15055909e-02,2.80353787e-02
1.91200000e+04,1.15082645e-02,2.80406154e-02
1.91300000e+04,1.15099519e-02,2.80443507e-02
1.91400000e+04,1.15115529e-02,2.80467890e-02
1.91500000e+04,1.15123203e-02,2.80482808e-02
1.91600000e+04,1.15133229e-02,2.80493535e-02
1.91700000e+04,1.15140378e-02,2.80501212e-02
1.91800000e+04,1.15146676e-02,2.80506639e-02
1.91900000e+04,1.15152578e-02,2.80509817e-02
1.92000000e+04,1.15157912e-02,2.80511198e-02
1.92100000e+04,1.15182679e-02,2.80557314e-02
1.92200000e+04,1.15209856e-02,2.80613029e-02
1.92300000e+04,1.15228167e-02,2.80654482e-02
1.92400000e+04,1.15241231e-02,2.80682742e-02
1.92500000e+04,1.15251579e-02,2.80702031e-02
1.92600000e+04,1.15261115e-02,2.80716563e-02
1.92700000e+04,1.15269150e-02,2.80726972e-02
1.92800000e+04,1.15274967e-02,2.80735714e-02
1.92900000e+04,1.15282526e-02,2.80742393e-02
1.93000000e+04,1.15289822e-02,2.80747110e-02
1.93100000e+04,1.15302930e-02,2.80795218e-02
1.93200000e+04,1.15318715e-02,2.80853737e-02
1.93300000e+04,1.15328314e-02,2.80897657e-02
1.93400000e+04,1.15335820e-02,2.80928063e-02
1.93500000e+04,1.15342002e-02,2.80949346e-02
1.93600000e+04,1.15347537e-02,2.80966349e-02
1.93700000e+04,1.15352555e-02,2.80979528e-02
1.93800000e+04,1.15356818e-02,2.80990392e-02
1.93900000e+04,1.15360282e-02,2.80998652e-02
1.94000000e+04,1.15363590e-02,2.81005267e-02
1.94100000e+04,1.15387395e-02,2.81055684e-02
1.94200000e+04,1.15413221e-02,2.81115627e-02
1.94300000e+04,1.15430298e-02,2.81160839e-02
1.94400000e+04,1.15442255e-02,2.81192849e-02
1.94500000e+04,1.15451266e-02,2.81215819e-02
1.94600000e+04,1.15457388e-02,2.81234340e-02
1.94700000e+04,1.15471027e-02,2.81249433e-02
1.94800000e+04,1.15473524e-02,2.81261448e-02
1.94900000e+04,1.15479900e-02,2.81271600e-02
1.95000000e+04,1.15485404e-02,2.81279689e-02
1.95100000e+04,1.15505036e-02,2.81330950e-02
1.95200000e+04,1.15526999e-02,2.81392064e-02
1.95300000e+04,1.15542370e-02,2.81438385e-02
1.95400000e+04,1.15553445e-02,2.81471778e-02
1.95500000e+04,1.15562500e-02,2.81495907e-02
1.95600000e+04,1.15570798e-02,2.81515302e-02
1.95700000e+04,1.15577903e-02,2.81531733e-02
1.95800000e+04,1.15584409e-02,2.81545357e-02
1.95900000e+04,1.15589961e-02,2.81556674e-02
1.96000000e+04,1.15595056e-02,2.81565859e-02
1.96100000e+04,1.15618452e-02,2.81617619e-02
1.96200000e+04,1.15644387e-02,2.81679373e-02
1.96300000e+04,1.15662205e-02,2.81727151e-02
1.96400000e+04,1.15675073e-02,2.81761168e-02
1.96500000e+04,1.15685738e-02,2.81786283e-02
1.96600000e+04,1.15695463e-02,2.81806684e-02
1.96700000e+04,1.15703966e-02,2.81823846e-02
1.96800000e+04,1.15711069e-02,2.81838511e-02
1.96900000e+04,1.15717639e-02,2.81850243e-02
1.97000000e+04,1.15723942e-02,2.81860706e-02
1.97100000e+04,1.15748615e-02,2.81912613e-02
1.97200000e+04,1.15775305e-02,2.81974186e-02
1.97300000e+04,1.15794474e-02,2.82021689e-02
1.97400000e+04,1.15808506e-02,2.82055637e-02
1.97500000e+04,1.15819994e-02,2.82081125e-02
1.97600000e+04,1.15830739e-02,2.82102552e-02
1.97700000e+04,1.15842945e-02,2.82119940e-02
1.97800000e+04,1.15847254e-02,2.82135070e-02
1.97900000e+04,1.15856348e-02,2.82147416e-02
1.98000000e+04,1.15859998e-02,2.82158339e-02
1.98100000e+04,1.15890012e-02,2.82211108e-02
1.98200000e+04,1.15917290e-02,2.82273514e-02
1.98300000e+04,1.15934481e-02,2.82321797e-02
1.98400000e+04,1.15946505e-02,2.82356570e-02
1.98500000e+04,1.15958400e-02,2.82382776e-02
1.98600000e+04,1.15967572e-02,2.82404613e-02
1.98700000e+04,1.15977174e-02,2.82423071e-02
1.98800000e+04,1.15985380e-02,2.82438538e-02
1.98900000e+04,1.15992890e-02,2.82451685e-02
1.99000000e+04,1.15999779e-02,2.82463329e-02
1.99100000e+04,1.16023679e-02,2.82516417e-02
1.99200000e+04,1.16049835e-02,2.82578978e-02
1.99300000e+04,1.16069142e-02,2.82627362e-02
1.99400000e+04,1.16083643e-02,2.82662327e-02
1.99500000e+04,1.16095728e-02,2.82689087e-02
1.99600000e+04,1.16106768e-02,2.82711409e-02
1.99700000e+04,1.16116852e-02,2.82729987e-02
1.99800000e+04,1.16125846e-02,2.82745675e-02
1.99900000e+04,1.16134010e-02,2.82759758e-02
2.00000000e+04,1.16141654e-02,2.82771570e-02
2.00100000e+04,1.16165798e-02,2.82826290e-02
2.00200000e+04,1.16192283e-02,2.82891111e-02
2.00300000e+04,1.16211825e-02,2.82940877e-02
2.00400000e+04,1.16226498e-02,2.82977406e-02
2.00500000e+04,1.16239207e-02,2.83004936e-02
2.00600000e+04,1.16250561e-02,2.83028392e-02
2.00700000e+04,1.16261270e-02,2.83048378e-02
2.00800000e+04,1.16270547e-02,2.83065480e-02
2.00900000e+04,1.16279016e-02,2.83080012e-02
2.01000000e+04,1.16287002e-02,2.83092752e-02
2.01100000e+04,1.16311349e-02,2.83142691e-02
2.01200000e+04,1.16337665e-02,2.83201031e-02
2.01300000e+04,1.16356960e-02,2.83245978e-02
2.01400000e+04,1.16371803e-02,2.83279187e-02
2.01500000e+04,1.16384596e-02,2.83304398e-02
2.01600000e+04,1.16396256e-02,2.83326356e-02
2.01700000e+04,1.16406702e-02,2.83345059e-02
2.01800000e+04,1.16416500e-02,2.83360989e-02
2.01900000e+04,1.16425301e-02,2.83374548e-02
2.02000000e+04,1.16433534e-02,2.83385585e-02
2.02100000e+04,1.16457879e-02,2.83407649e-02
2.02200000e+04,1.16484407e-02,2.83434515e-02
2.02300000e+04,1.16504399e-02,2.83452740e-02
2.02400000e+04,1.16519598e-02,2.83467628e-02
2.02500000e+04,1.16532686e-02,2.83479261e-02
2.02600000e+04,1.16544322e-02,2.83489387e-02
2.02700000e+04,1.16555297e-02,2.83497344e-02
2.02800000e+04,1.16565139e-02,2.83504017e-02
2.02900000e+04,1.16574155e-02,2.83510145e-02
2.03000000e+04,1.16582889e-02,2.83514711e-02
2.03100000e+04,1.16607973e-02,2.83561334e-02
2.03200000e+04,1.16635700e-02,2.83617473e-02
2.03300000e+04,1.16655993e-02,2.83659273e-02
2.03400000e+04,1.16672013e-02,2.83688775e-02
2.03500000e+04,1.16685459e-02,2.83711551e-02
2.03600000e+04,1.16697922e-02,2.83728995e-02
2.03700000e+04,1.16708929e-02,2.83743716e-02
2.03800000e+04,1.16717774e-02,2.83755815e-02
2.03900000e+04,1.16728530e-02,2.83766704e-02
2.04000000e+04,1.16737625e-02,2.83775707e-02
2.04100000e+04,1.16763412e-02,2.83820723e-02
2.04200000e+04,1.16790659e-02,2.83874512e-02
2.04300000e+04,1.16812335e-02,2.83916419e-02
2.04400000e+04,1.16828078e-02,2.83945863e-02
2.04500000e+04,1.16841987e-02,2.83968363e-02
2.04600000e+04,1.16854643e-02,2.83986927e-02
2.04700000e+04,1.16866403e-02,2.84002784e-02
2.04800000e+04,1.16876847e-02,2.84015373e-02
2.04900000e+04,1.16886779e-02,2.84025935e-02
2.05000000e+04,1.16896203e-02,2.84036532e-02
2.05100000e+04,1.16921412e-02,2.84083652e-02
2.05200000e+04,1.16948664e-02,2.84137344e-02
2.05300000e+04,1.16969535e-02,2.84180919e-02
2.05400000e+04,1.16985723e-02,2.84212515e-02
2.05500000e+04,1.16999517e-02,2.84236309e-02
2.05600000e+04,1.17012453e-02,2.84256262e-02
2.05700000e+04,1.17024390e-02,2.84272674e-02
2.05800000e+04,1.17034992e-02,2.84285914e-02
2.05900000e+04,1.17044903e-02,2.84299040e-02
2.06000000e+04,1.17054123e-02,2.84309715e-02
2.06100000e+04,1.17079457e-02,2.84356778e-02
2.06200000e+04,1.17106643e-02,2.84412216e-02
2.06300000e+04,1.17131180e-02,2.84453970e-02
2.06400000e+04,1.17147451e-02,2.84483590e-02
2.06500000e+04,1.17160240e-02,2.84506937e-02
2.06600000e+04,1.17172812e-02,2.84527081e-02
2.06700000e+04,1.17185219e-02,2.84544496e-02
2.06800000e+04,1.17195963e-02,2.84559126e-02
2.06900000e+04,1.17206009e-02,2.84570731e-02
2.07000000e+04,1.17215511e-02,2.84580946e-02
2.07100000e+04,1.17240522e-02,2.84554461e-02
2.07200000e+04,1.17268115e-02,2.84514042e-02
2.07300000e+04,1.17289196e-02,2.84486189e-02
2.07400000e+04,1.17305706e-02,2.84464815e-02
2.07500000e+04,1.17319976e-02,2.84449379e-02
2.07600000e+04,1.17333071e-02,2.84437461e-02
2.07700000e+04,1.17345191e-02,2.84425511e-02
2.07800000e+04,1.17356253e-02,2.84415631e-02
2.07900000e+04,1.17366519e-02,2.84405242e-02
2.08000000e+04,1.17376214e-02,2.84395800e-02
2.08100000e+04,1.17401798e-02,2.84429860e-02
2.08200000e+04,1.17429821e-02,2.84475180e-02
2.08300000e+04,1.17451289e-02,2.84507128e-02
2.08400000e+04,1.17468229e-02,2.84528042e-02
2.08500000e+04,1.17482730e-02,2.84540743e-02
2.08600000e+04,1.17496381e-02,2.84548766e-02
2.08700000e+04,1.17508536e-02,2.84553895e-02
2.08800000e+04,1.17519975e-02,2.84558059e-02
2.08900000e+04,1.17530731e-02,2.84560346e-02
2.09000000e+04,1.17540494e-02,2.84561304e-02
2.09100000e+04,1.17566033e-02,2.84601775e-02
2.09200000e+04,1.17593751e-02,2.84651926e-02
2.09300000e+04,1.17615110e-02,2.84689430e-02
2.09400000e+04,1.17630527e-02,2.84714580e-02
2.09500000e+04,1.17648257e-02,2.84732658e-02
2.09600000e+04,1.17659466e-02,2.84746748e-02
2.09700000e+04,1.17673085e-02,2.84757767e-02
2.09800000e+04,1.17683348e-02,2.84765087e-02
2.09900000e+04,1.17694259e-02,2.84771519e-02
2.10000000e+04,1.17704007e-02,2.84776328e-02
2.10100000e+04,1.17729570e-02,2.84820552e-02
2.10200000e+04,1.17757521e-02,2.84873083e-02
2.10300000e+04,1.17779100e-02,2.84913862e-02
2.10400000e+04,1.17796109e-02,2.84942062e-02
2.10500000e+04,1.17810888e-02,2.84962793e-02
2.10600000e+04,1.17824945e-02,2.84979228e-02
2.10700000e+04,1.17837495e-02,2.84992711e-02
2.10800000e+04,1.17848815e-02,2.85003345e-02
2.10900000e+04,1.17859955e-02,2.85012536e-02
2.11000000e+04,1.17870199e-02,2.85020645e-02
2.11100000e+04,1.17895108e-02,2.85068402e-02
2.11200000e+04,1.17922296e-02,2.85125848e-02
2.11300000e+04,1.17943029e-02,2.85169807e-02
2.11400000e+04,1.17960003e-02,2.85201915e-02
2.11500000e+04,1.17975475e-02,2.85225730e-02
2.11600000e+04,1.17991151e-02,2.85245827e-02
2.11700000e+04,1.17999702e-02,2.85262437e-02
2.11800000e+04,1.18009935e-02,2.85275341e-02
2.11900000e+04,1.18021016e-02,2.85287558e-02
2.12000000e+04,1.18031157e-02,2.85297372e-02
2.12100000e+04,1.18053109e-02,2.85342434e-02
2.12200000e+04,1.18076714e-02,2.85395517e-02
2.12300000e+04,1.18095527e-02,2.85437963e-02
2.12400000e+04,1.18110735e-02,2.85468384e-02
2.12500000e+04,1.18124191e-02,2.85492068e-02
2.12600000e+04,1.18136505e-02,2.85511460e-02
2.12700000e+04,1.18148053e-02,2.85528239e-02
2.12800000e+04,1.18158414e-02,2.85542265e-02
2.12900000e+04,1.18168388e-02,2.85554419e-02
2.13000000e+04,1.18177752e-02,2.85564753e-02
2.13100000e+04,1.18201231e-02,2.85611478e-02
2.13200000e+04,1.18226746e-02,2.85666864e-02
2.13300000e+04,1.18246705e-02,2.85709977e-02
2.13400000e+04,1.18262654e-02,2.85741269e-02
2.13500000e+04,1.18276817e-02,2.85764702e-02
2.13600000e+04,1.18289551e-02,2.85785250e-02
2.13700000e+04,1.18301033e-02,2.85803701e-02
2.13800000e+04,1.18312263e-02,2.85818499e-02
2.13900000e+04,1.18322547e-02,2.85831856e-02
2.14000000e+04,1.18332016e-02,2.85843467e-02
2.14100000e+04,1.18354878e-02,2.85893880e-02
2.14200000e+04,1.18380253e-02,2.85953625e-02
2.14300000e+04,1.18399656e-02,2.86000754e-02
2.14400000e+04,1.18415594e-02,2.86036199e-02
2.14500000e+04,1.18429376e-02,2.86063446e-02
2.14600000e+04,1.18441885e-02,2.86086276e-02
2.14700000e+04,1.18453108e-02,2.86107468e-02
2.14800000e+04,1.18463076e-02,2.86123844e-02
2.14900000e+04,1.18473753e-02,2.86139014e-02
2.15000000e+04,1.18485032e-02,2.86152135e-02
2.15100000e+04,1.18503107e-02,2.86198464e-02
2.15200000e+04,1.18524911e-02,2.86251540e-02
2.15300000e+04,1.18541139e-02,2.86294695e-02
2.15400000e+04,1.18555053e-02,2.86327959e-02
2.15500000e+04,1.18567410e-02,2.86353982e-02
2.15600000e+04,1.18578497e-02,2.86376421e-02
2.15700000e+04,1.18588978e-02,2.86395805e-02
2.15800000e+04,1.18599011e-02,2.86412369e-02
2.15900000e+04,1.18608177e-02,2.86426984e-02
2.16000000e+04,1.18616763e-02,2.86440747e-02
2.16100000e+04,1.18640110e-02,2.86490983e-02
2.16200000e+04,1.18666451e-02,2.86543095e-02
2.16300000e+04,1.18686937e-02,2.86590596e-02
2.16400000e+04,1.18703116e-02,2.86621813e-02
2.16500000e+04,1.18717028e-02,2.86649380e-02
2.16600000e+04,1.18728877e-02,2.86672674e-02
2.16700000e+04,1.18739513e-02,2.86692108e-02
2.16800000e+04,1.18751228e-02,2.86709654e-02
2.16900000e+04,1.18762881e-02,2.86725102e-02
2.17000000e+04,1.18772184e-02,2.86738448e-02
2.17100000e+04,1.18790617e-02,2.86786972e-02
2.17200000e+04,1.18810543e-02,2.86843553e-02
2.17300000e+04,1.18826706e-02,2.86888750e-02
2.17400000e+04,1.18839939e-02,2.86923605e-02
2.17500000e+04,1.18852196e-02,2.86951267e-02
2.17600000e+04,1.18863168e-02,2.86975235e-02
2.17700000e+04,1.18873426e-02,2.86996437e-02
2.17800000e+04,1.18882806e-02,2.87014278e-02
2.17900000e+04,1.18891958e-02,2.87030887e-02
2.18000000e+04,1.18900753e-02,2.87046248e-02
2.18100000e+04,1.18922973e-02,2.87075137e-02
2.18200000e+04,1.18947814e-02,2.87107452e-02
2.18300000e+04,1.18967511e-02,2.87134394e-02
2.18400000e+04,1.18983168e-02,2.87155784e-02
2.18500000e+04,1.18996690e-02,2.87173199e-02
2.18600000e+04,1.19008939e-02,2.87188483e-02
2.18700000e+04,1.19020709e-02,2.87202162e-02
2.18800000e+04,1.19031372e-02,2.87214810e-02
2.18900000e+04,1.19041659e-02,2.87225811e-02
2.19000000e+04,1.19051335e-02,2.87235155e-02
2.19100000e+04,1.19074293e-02,2.87253083e-02
2.19200000e+04,1.19099814e-02,2.87273345e-02
2.19300000e+04,1.19120493e-02,2.87290181e-02
2.19400000e+04,1.19136394e-02,2.87302023e-02
2.19500000e+04,1.19150946e-02,2.87313485e-02
2.19600000e+04,1.19163785e-02,2.87322736e-02
2.19700000e+04,1.19175991e-02,2.87330366e-02
2.19800000e+04,1.19187148e-02,2.87337319e-02
2.19900000e+04,1.19197945e-02,2.87342672e-02
2.20000000e+04,1.19207807e-02,2.87348172e-02
2.20100000e+04,1.19231683e-02,2.87390117e-02
2.20200000e+04,1.19258972e-02,2.87441216e-02
2.20300000e+04,1.19280172e-02,2.87481174e-02
2.20400000e+04,1.19297306e-02,2.87510140e-02
2.20500000e+04,1.19312333e-02,2.87533829e-02
2.20600000e+04,1.19326028e-02,2.87552700e-02
2.20700000e+04,1.19337556e-02,2.87567033e-02
2.20800000e+04,1.19349786e-02,2.87580962e-02
2.20900000e+04,1.19362312e-02,2.87592237e-02
2.21000000e+04,1.19371698e-02,2.87603041e-02
2.21100000e+04,1.19391415e-02,2.87647326e-02
2.21200000e+04,1.19412161e-02,2.87700205e-02
2.21300000e+04,1.19429164e-02,2.87741893e-02
2.21400000e+04,1.19442069e-02,2.87774154e-02
2.21500000e+04,1.19454881e-02,2.87799505e-02
2.21600000e+04,1.19465135e-02,2.87821153e-02
2.21700000e+04,1.19476209e-02,2.87839849e-02
2.21800000e+04,1.19486026e-02,2.87855579e-02
2.21900000e+04,1.19495198e-02,2.87869760e-02
2.22000000e+04,1.19504170e-02,2.87882150e-02
2.22100000e+04,1.19526396e-02,2.87880806e-02
2.22200000e+04,1.19551376e-02,2.87895799e-02
2.22300000e+04,1.19571454e-02,2.87889070e-02
2.22400000e+04,1.19587660e-02,2.87888168e-02
2.22500000e+04,1.19601374e-02,2.87890527e-02
2.22600000e+04,1.19614053e-02,2.87893810e-02
2.22700000e+04,1.19625502e-02,2.87896591e-02
2.22800000e+04,1.19634682e-02,2.87898669e-02
2.22900000e+04,1.19648948e-02,2.87900518e-02
2.23000000e+04,1.19656391e-02,2.87901568e-02
2.23100000e+04,1.19679576e-02,2.87932687e-02
2.23200000e+04,1.19705128e-02,2.87972543e-02
2.23300000e+04,1.19725146e-02,2.88004774e-02
2.23400000e+04,1.19741124e-02,2.88028930e-02
2.23500000e+04,1.19754364e-02,2.88046786e-02
2.23600000e+04,1.19767230e-02,2.88061544e-02
2.23700000e+04,1.19779664e-02,2.88073991e-02
2.23800000e+04,1.19791170e-02,2.88084020e-02
2.23900000e+04,1.19801771e-02,2.88092733e-02
2.24000000e+04,1.19811755e-02,2.88100572e-02
2.24100000e+04,1.19833703e-02,2.88136535e-02
2.24200000e+04,1.19858035e-02,2.88180480e-02
2.24300000e+04,1.19877673e-02,2.88216507e-02
2.24400000e+04,1.19893974e-02,2.88244558e-02
2.24500000e+04,1.19908259e-02,2.88266817e-02
2.24600000e+04,1.19921402e-02,2.88285049e-02
2.24700000e+04,1.19933478e-02,2.88301022e-02
2.24800000e+04,1.19944839e-02,2.88314688e-02
2.24900000e+04,1.19955684e-02,2.88326697e-02
2.25000000e+04,1.19965955e-02,2.88336999e-02
2.25100000e+04,1.19988241e-02,2.88375254e-02
2.25200000e+04,1.20013149e-02,2.88421426e-02
2.25300000e+04,1.20033568e-02,2.88459688e-02
2.25400000e+04,1.20049987e-02,2.88489377e-02
2.25500000e+04,1.20064431e-02,2.88513419e-02
2.25600000e+04,1.20077920e-02,2.88534218e-02
2.25700000e+04,1.20090541e-02,2.88551814e-02
2.25800000e+04,1.20101959e-02,2.88567653e-02
2.25900000e+04,1.20113191e-02,2.88581496e-02
2.26000000e+04,1.20123741e-02,2.88594055e-02
2.26100000e+04,1.20146393e-02,2.88634312e-02
2.26200000e+04,1.20171997e-02,2.88682444e-02
2.26300000e+04,1.20192710e-02,2.88722368e-02
2.26400000e+04,1.20209716e-02,2.88754063e-02
2.26500000e+04,1.20224567e-02,2.88779670e-02
2.26600000e+04,1.20237621e-02,2.88801368e-02
2.26700000e+04,1.20249507e-02,2.88821371e-02
2.26800000e+04,1.20263161e-02,2.88838778e-02
2.26900000e+04,1.20274441e-02,2.88853844e-02
2.27000000e+04,1.20283947e-02,2.88867545e-02
2.27100000e+04,1.20306706e-02,2.88908842e-02
2.27200000e+04,1.20332714e-02,2.88957418e-02
2.27300000e+04,1.20353602e-02,2.88998515e-02
2.27400000e+04,1.20370902e-02,2.89030563e-02
2.27500000e+04,1.20385895e-02,2.89056952e-02
2.27600000e+04,1.20399729e-02,2.89079859e-02
2.27700000e+04,1.20413135e-02,2.89100568e-02
2.27800000e+04,1.20425552e-02,2.89118773e-02
2.27900000e+04,1.20437029e-02,2.89134830e-02
2.28000000e+04,1.20448293e-02,2.89149862e-02
2.28100000e+04,1.20469665e-02,2.89191187e-02
2.28200000e+04,1.20493684e-02,2.89240693e-02
2.28300000e+04,1.20513191e-02,2.89282100e-02
2.28400000e+04,1.20529361e-02,2.89315566e-02
2.28500000e+04,1.20543598e-02,2.89342391e-02
2.28600000e+04,1.20557139e-02,2.89366540e-02
2.28700000e+04,1.20569543e-02,2.89387438e-02
2.28800000e+04,1.20581477e-02,2.89406661e-02
2.28900000e+04,1.20592533e-02,2.89423491e-02
2.29000000e+04,1.20602792e-02,2.89439217e-02
2.29100000e+04,1.20626168e-02,2.89481572e-02
2.29200000e+04,1.20651654e-02,2.89531157e-02
2.29300000e+04,1.20673067e-02,2.89572421e-02
2.29400000e+04,1.20689879e-02,2.89605962e-02
2.29500000e+04,1.20705585e-02,2.89634282e-02
2.29600000e+04,1.20719223e-02,2.89658420e-02
2.29700000e+04,1.20732423e-02,2.89680312e-02
2.29800000e+04,1.20744754e-02,2.89699653e-02
2.29900000e+04,1.20756053e-02,2.89717285e-02
2.30000000e+04,1.20767396e-02,2.89733640e-02
2.30100000e+04,1.20790327e-02,2.89776299e-02
2.30200000e+04,1.20815822e-02,2.89825907e-02
2.30300000e+04,1.20837078e-02,2.89867433e-02
2.30400000e+04,1.20854597e-02,2.89900577e-02
2.30500000e+04,1.20869611e-02,2.89929375e-02
2.30600000e+04,1.20884073e-02,2.89954234e-02
2.30700000e+04,1.20897516e-02,2.89976136e-02
2.30800000e+04,1.20909793e-02,2.89995478e-02
2.30900000e+04,1.20921646e-02,2.90014567e-02
2.31000000e+04,1.20933673e-02,2.90030988e-02
2.31100000e+04,1.20955834e-02,2.90074371e-02
2.31200000e+04,1.20980439e-02,2.90125799e-02
2.31300000e+04,1.21000639e-02,2.90169097e-02
2.31400000e+04,1.21017595e-02,2.90203963e-02
2.31500000e+04,1.21032623e-02,2.90232840e-02
2.31600000e+04,1.21047018e-02,2.90258612e-02
2.31700000e+04,1.21060979e-02,2.90281817e-02
2.31800000e+04,1.21072786e-02,2.90302494e-02
2.31900000e+04,1.21082972e-02,2.90321400e-02
2.32000000e+04,1.21094618e-02,2.90338695e-02
2.32100000e+04,1.21113857e-02,2.90382539e-02
2.32200000e+04,1.21135994e-02,2.90433328e-02
2.32300000e+04,1.21154168e-02,2.90476262e-02
2.32400000e+04,1.21169759e-02,2.90512038e-02
2.32500000e+04,1.21183556e-02,2.90541790e-02
2.32600000e+04,1.21196288e-02,2.90568521e-02
2.32700000e+04,1.21208297e-02,2.90592046e-02
2.32800000e+04,1.21219693e-02,2.90613184e-02
2.32900000e+04,1.21230819e-02,2.90632573e-02
2.33000000e+04,1.21241258e-02,2.90650048e-02
2.33100000e+04,1.21262094e-02,2.90691824e-02
2.33200000e+04,1.21285870e-02,2.90740270e-02
2.33300000e+04,1.21305616e-02,2.90781848e-02
2.33400000e+04,1.21322206e-02,2.90815825e-02
2.33500000e+04,1.21336609e-02,2.90844620e-02
2.33600000e+04,1.21350189e-02,2.90870854e-02
2.33700000e+04,1.21362675e-02,2.90894009e-02
2.33800000e+04,1.21374474e-02,2.90914776e-02
2.33900000e+04,1.21385456e-02,2.90933201e-02
2.34000000e+04,1.21396569e-02,2.90951384e-02
2.34100000e+04,1.21417339e-02,2.90994643e-02
2.34200000e+04,1.21438581e-02,2.91045553e-02
2.34300000e+04,1.21455921e-02,2.91088897e-02
2.34400000e+04,1.21470063e-02,2.91124175e-02
2.34500000e+04,1.21483315e-02,2.91154628e-02
2.34600000e+04,1.21495314e-02,2.91181502e-02
2.34700000e+04,1.21506990e-02,2.91205985e-02
2.34800000e+04,1.21517744e-02,2.91227587e-02
2.34900000e+04,1.21528304e-02,2.91247516e-02
2.35000000e+04,1.21538194e-02,2.91265286e-02
2.35100000e+04,1.21558476e-02,2.91307126e-02
2.35200000e+04,1.21580745e-02,2.91356153e-02
2.35300000e+04,1.21599458e-02,2.91397411e-02
2.35400000e+04,1.21615450e-02,2.91432225e-02
2.35500000e+04,1.21629285e-02,2.91462272e-02
2.35600000e+04,1.21642441e-02,2.91487323e-02
2.35700000e+04,1.21654694e-02,2.91510354e-02
2.35800000e+04,1.21666309e-02,2.91532342e-02
2.35900000e+04,1.21677461e-02,2.91551771e-02
2.36000000e+04,1.21687803e-02,2.91569957e-02
2.36100000e+04,1.21708285e-02,2.91611947e-02
2.36200000e+04,1.21731260e-02,2.91660818e-02
2.36300000e+04,1.21750490e-02,2.91702637e-02
2.36400000e+04,1.21766434e-02,2.91737264e-02
2.36500000e+04,1.21781018e-02,2.91766512e-02
2.36600000e+04,1.21794036e-02,2.91792759e-02
2.36700000e+04,1.21806590e-02,2.91816891e-02
2.36800000e+04,1.21818660e-02,2.91838619e-02
2.36900000e+04,1.21829582e-02,2.91858271e-02
2.37000000e+04,1.21840360e-02,2.91877025e-02
2.37100000e+04,1.21860493e-02,2.91918642e-02
2.37200000e+04,1.21882429e-02,2.91966823e-02
2.37300000e+04,1.21901489e-02,2.92007687e-02
2.37400000e+04,1.21917702e-02,2.92042447e-02
2.37500000e+04,1.21931731e-02,2.92071049e-02
2.37600000e+04,1.21944706e-02,2.92097184e-02
2.37700000e+04,1.21956931e-02,2.92120653e-02
2.37800000e+04,1.21968807e-02,2.92142015e-02
2.37900000e+04,1.21980242e-02,2.92162247e-02
2.38000000e+04,1.21991244e-02,2.92180919e-02
2.38100000e+04,1.22012231e-02,2.92222058e-02
2.38200000e+04,1.22035960e-02,2.92269823e-02
2.38300000e+04,1.22055882e-02,2.92310505e-02
2.38400000e+04,1.22072560e-02,2.92344669e-02
2.38500000e+04,1.22087335e-02,2.92374004e-02
2.38600000e+04,1.22100950e-02,2.92400530e-02
2.38700000e+04,1.22114155e-02,2.92424507e-02
2.38800000e+04,1.22126215e-02,2.92446663e-02
2.38900000e+04,1.22137895e-02,2.92466830e-02
2.39000000e+04,1.22149432e-02,2.92485333e-02
2.39100000e+04,1.22168083e-02,2.92526373e-02
2.39200000e+04,1.22188972e-02,2.92573436e-02
2.39300000e+04,1.22208694e-02,2.92613467e-02
2.39400000e+04,1.22222935e-02,2.92646673e-02
2.39500000e+04,1.22237060e-02,2.92675949e-02
2.39600000e+04,1.22249227e-02,2.92702062e-02
2.39700000e+04,1.22261116e-02,2.92725925e-02
2.39800000e+04,1.22272713e-02,2.92748003e-02
2.39900000e+04,1.22283415e-02,2.92767961e-02
2.40000000e+04,1.22293984e-02,2.92786662e-02
2.40100000e+04,1.22314261e-02,2.92824941e-02
2.40200000e+04,1.22336809e-02,2.92868709e-02
2.40300000e+04,1.22355618e-02,2.92906180e-02
2.40400000e+04,1.22371933e-02,2.92937060e-02
2.40500000e+04,1.22386165e-02,2.92964720e-02
2.40600000e+04,1.22399501e-02,2.92989625e-02
2.40700000e+04,1.22412111e-02,2.93012380e-02
2.40800000e+04,1.22424044e-02,2.93031733e-02
2.40900000e+04,1.22435179e-02,2.93051486e-02
2.41000000e+04,1.22445981e-02,2.93068665e-02
2.41100000e+04,1.22466348e-02,2.93105126e-02
2.41200000e+04,1.22489009e-02,2.93146236e-02
2.41300000e+04,1.22508790e-02,2.93182095e-02
2.41400000e+04,1.22525064e-02,2.93212627e-02
2.41500000e+04,1.22539493e-02,2.93238861e-02
2.41600000e+04,1.22553164e-02,2.93262881e-02
2.41700000e+04,1.22566414e-02,2.93284625e-02
2.41800000e+04,1.22577989e-02,2.93304959e-02
2.41900000e+04,1.22589480e-02,2.93323620e-02
2.42000000e+04,1.22600324e-02,2.93340695e-02
2.42100000e+04,1.22620486e-02,2.93374102e-02
2.42200000e+04,1.22643037e-02,2.93412208e-02
2.42300000e+04,1.22662301e-02,2.93444597e-02
2.42400000e+04,1.22678558e-02,2.93472328e-02
2.42500000e+04,1.22693288e-02,2.93496596e-02
2.42600000e+04,1.22706635e-02,2.93518098e-02
2.42700000e+04,1.22719826e-02,2.93538273e-02
2.42800000e+04,1.22731727e-02,2.93556742e-02
2.42900000e+04,1.22742989e-02,2.93573992e-02
2.43000000e+04,1.22754269e-02,2.93590080e-02
2.43100000e+04,1.22771523e-02,2.93626718e-02
2.43200000e+04,1.22790240e-02,2.93669466e-02
2.43300000e+04,1.22806819e-02,2.93706581e-02
2.43400000e+04,1.22821757e-02,2.93737675e-02
2.43500000e+04,1.22835708e-02,2.93764379e-02
2.43600000e+04,1.22844832e-02,2.93787998e-02
2.43700000e+04,1.22856159e-02,2.93809418e-02
2.43800000e+04,1.22866527e-02,2.93829399e-02
2.43900000e+04,1.22875972e-02,2.93847578e-02
2.44000000e+04,1.22885373e-02,2.93864960e-02
2.44100000e+04,1.22903895e-02,2.93904147e-02
2.44200000e+04,1.22924615e-02,2.93949672e-02
2.44300000e+04,1.22942487e-02,2.93989274e-02
2.44400000e+04,1.22957609e-02,2.94021628e-02
2.44500000e+04,1.22970969e-02,2.94049673e-02
2.44600000e+04,1.22983585e-02,2.94075146e-02
2.44700000e+04,1.22995357e-02,2.94097843e-02
2.44800000e+04,1.23006550e-02,2.94119234e-02
2.44900000e+04,1.23017333e-02,2.94138443e-02
2.45000000e+04,1.23027693e-02,2.94156826e-02
2.45100000e+04,1.23046412e-02,2.94195180e-02
2.45200000e+04,1.23067910e-02,2.94240055e-02
2.45300000e+04,1.23086234e-02,2.94278905e-02
2.45400000e+04,1.23101656e-02,2.94311557e-02
2.45500000e+04,1.23115333e-02,2.94339729e-02
2.45600000e+04,1.23128520e-02,2.94365381e-02
2.45700000e+04,1.23140571e-02,2.94388218e-02
2.45800000e+04,1.23152198e-02,2.94409886e-02
2.45900000e+04,1.23163002e-02,2.94429607e-02
2.46000000e+04,1.23173554e-02,2.94448338e-02
2.46100000e+04,1.23192781e-02,2.94487173e-02
2.46200000e+04,1.23214919e-02,2.94531370e-02
2.46300000e+04,1.23233631e-02,2.94570607e-02
2.46400000e+04,1.23249474e-02,2.94602935e-02
2.46500000e+04,1.23263548e-02,2.94630981e-02
2.46600000e+04,1.23277024e-02,2.94656422e-02
2.46700000e+04,1.23289633e-02,2.94679863e-02
2.46800000e+04,1.23301386e-02,2.94700958e-02
2.46900000e+04,1.23312497e-02,2.94721229e-02
2.47000000e+04,1.23323328e-02,2.94739472e-02
2.47100000e+04,1.23341619e-02,2.94777975e-02
2.47200000e+04,1.23361826e-02,2.94821384e-02
2.47300000e+04,1.23381748e-02,2.94859739e-02
2.47400000e+04,1.23395532e-02,2.94892210e-02
2.47500000e+04,1.23409859e-02,2.94920414e-02
2.47600000e+04,1.23422250e-02,2.94945414e-02
2.47700000e+04,1.23434348e-02,2.94968877e-02
2.47800000e+04,1.23445757e-02,2.94990296e-02
2.47900000e+04,1.23456404e-02,2.95010597e-02
2.48000000e+04,1.23467017e-02,2.95029650e-02
2.48100000e+04,1.23486244e-02,2.95066599e-02
2.48200000e+04,1.23507747e-02,2.95108488e-02
2.48300000e+04,1.23526283e-02,2.95144994e-02
2.48400000e+04,1.23542051e-02,2.95176805e-02
2.48500000e+04,1.23556207e-02,2.95203089e-02
2.48600000e+04,1.23569262e-02,2.95227879e-02
2.48700000e+04,1.23581788e-02,2.95250281e-02
2.48800000e+04,1.23593423e-02,2.95271160e-02
2.48900000e+04,1.23604691e-02,2.95290937e-02
2.49000000e+04,1.23615847e-02,2.95308947e-02
2.49100000e+04,1.23634716e-02,2.95347293e-02
2.49200000e+04,1.23656390e-02,2.95392291e-02
2.49300000e+04,1.23675498e-02,2.95431523e-02
2.49400000e+04,1.23691853e-02,2.95464430e-02
2.49500000e+04,1.23705828e-02,2.95493024e-02
2.49600000e+04,1.23719118e-02,2.95518689e-02
2.49700000e+04,1.23731862e-02,2.95542714e-02
2.49800000e+04,1.23743789e-02,2.95564906e-02
2.49900000e+04,1.23755239e-02,2.95585137e-02
2.50000000e+04,1.23766191e-02,2.95604215e-02
2.50100000e+04,1.23784078e-02,2.95643024e-02
2.50200000e+04,1.23804144e-02,2.95687636e-02
2.50300000e+04,1.23820626e-02,2.95726937e-02
2.50400000e+04,1.23834614e-02,2.95759390e-02
2.50500000e+04,1.23847445e-02,2.95789377e-02
2.50600000e+04,1.23859382e-02,2.95814612e-02
2.50700000e+04,1.23870904e-02,2.95838466e-02
2.50800000e+04,1.23881775e-02,2.95860294e-02
2.50900000e+04,1.23892211e-02,2.95880965e-02
2.51000000e+04,1.23902275e-02,2.95900600e-02
2.51100000e+04,1.23920100e-02,2.95939386e-02
2.51200000e+04,1.23940015e-02,2.95984132e-02
2.51300000e+04,1.23957301e-02,2.96022969e-02
2.51400000e+04,1.23972392e-02,2.96056102e-02
2.51500000e+04,1.23985785e-02,2.96085327e-02
2.51600000e+04,1.23998378e-02,2.96111987e-02
2.51700000e+04,1.24010260e-02,2.96136083e-02
2.51800000e+04,1.24021525e-02,2.96158702e-02
2.51900000e+04,1.24032613e-02,2.96179834e-02
2.52000000e+04,1.24043124e-02,2.96199696e-02
2.52100000e+04,1.24061180e-02,2.96230802e-02
2.52200000e+04,1.24081419e-02,2.96262898e-02
2.52300000e+04,1.24099158e-02,2.96292394e-02
2.52400000e+04,1.24114406e-02,2.96318712e-02
2.52500000e+04,1.24128056e-02,2.96341797e-02
2.52600000e+04,1.24140938e-02,2.96362930e-02
2.52700000e+04,1.24152876e-02,2.96382480e-02
2.52800000e+04,1.24164573e-02,2.96401137e-02
2.52900000e+04,1.24175774e-02,2.96418512e-02
2.53000000e+04,1.24186191e-02,2.96435247e-02
2.53100000e+04,1.24204261e-02,2.96469863e-02
2.53200000e+04,1.24224231e-02,2.96509697e-02
2.53300000e+04,1.24242252e-02,2.96545557e-02
2.53400000e+04,1.24257088e-02,2.96575599e-02
2.53500000e+04,1.24270835e-02,2.96602160e-02
2.53600000e+04,1.24283558e-02,2.96626073e-02
2.53700000e+04,1.24295857e-02,2.96648031e-02
2.53800000e+04,1.24307414e-02,2.96668464e-02
2.53900000e+04,1.24318398e-02,2.96687716e-02
2.54000000e+04,1.24329037e-02,2.96705137e-02
2.54100000e+04,1.24348171e-02,2.96740107e-02
2.54200000e+04,1.24369234e-02,2.96780073e-02
2.54300000e+04,1.24387999e-02,2.96814595e-02
2.54400000e+04,1.24404015e-02,2.96844627e-02
2.54500000e+04,1.24416781e-02,2.96871368e-02
2.54600000e+04,1.24430584e-02,2.96895325e-02
2.54700000e+04,1.24442806e-02,2.96917654e-02
2.54800000e+04,1.24454454e-02,2.96938016e-02
2.54900000e+04,1.24465900e-02,2.96957285e-02
2.55000000e+04,1.24476415e-02,2.96975487e-02
2.55100000e+04,1.24494518e-02,2.97010247e-02
2.55200000e+04,1.24514719e-02,2.97049617e-02
2.55300000e+04,1.24532108e-02,2.97084406e-02
2.55400000e+04,1.24546899e-02,2.97114401e-02
2.55500000e+04,1.24560951e-02,2.97140715e-02
2.55600000e+04,1.24573836e-02,2.97164790e-02
2.55700000e+04,1.24586019e-02,2.97186753e-02
2.55800000e+04,1.24597617e-02,2.97207173e-02
2.55900000e+04,1.24608319e-02,2.97226652e-02
2.56000000e+04,1.24619387e-02,2.97244581e-02
2.56100000e+04,1.24634529e-02,2.97279065e-02
2.56200000e+04,1.24650766e-02,2.97317216e-02
2.56300000e+04,1.24665323e-02,2.97351871e-02
2.56400000e+04,1.24677528e-02,2.97381568e-02
2.56500000e+04,1.24689254e-02,2.97407364e-02
2.56600000e+04,1.24700457e-02,2.97430951e-02
2.56700000e+04,1.24711653e-02,2.97453336e-02
2.56800000e+04,1.24721996e-02,2.97473556e-02
2.56900000e+04,1.24731743e-02,2.97492773e-02
2.57000000e+04,1.24741077e-02,2.97510959e-02
2.57100000e+04,1.24757832e-02,2.97546186e-02
2.57200000e+04,1.24776809e-02,2.97587417e-02
2.57300000e+04,1.24792848e-02,2.97623427e-02
2.57400000e+04,1.24807195e-02,2.97654340e-02
2.57500000e+04,1.24819919e-02,2.97681604e-02
2.57600000e+04,1.24831673e-02,2.97706659e-02
2.57700000e+04,1.24843384e-02,2.97729134e-02
2.57800000e+04,1.24854666e-02,2.97750228e-02
2.57900000e+04,1.24865187e-02,2.97770300e-02
2.58000000e+04,1.24874878e-02,2.97788927e-02
2.58100000e+04,1.24892064e-02,2.97823119e-02
2.58200000e+04,1.24911071e-02,2.97861570e-02
2.58300000e+04,1.24928200e-02,2.97896504e-02
2.58400000e+04,1.24942355e-02,2.97926314e-02
2.58500000e+04,1.24956030e-02,2.97952828e-02
2.58600000e+04,1.24968383e-02,2.97976854e-02
2.58700000e+04,1.24980176e-02,2.97998880e-02
2.58800000e+04,1.24991273e-02,2.98020594e-02
2.58900000e+04,1.25001463e-02,2.98039920e-02
2.59000000e+04,1.25011104e-02,2.98058286e-02
2.59100000e+04,1.25025085e-02,2.98093346e-02
2.59200000e+04,1.25040250e-02,2.98133665e-02
2.59300000e+04,1.25054179e-02,2.98169811e-02
2.59400000e+04,1.25066653e-02,2.98200571e-02
2.59500000e+04,1.25077625e-02,2.98227720e-02
2.59600000e+04,1.25087819e-02,2.98252462e-02
2.59700000e+04,1.25097868e-02,2.98275584e-02
2.59800000e+04,1.25107740e-02,2.98297666e-02
2.59900000e+04,1.25116964e-02,2.98317644e-02
2.60000000e+04,1.25126181e-02,2.98336700e-02
2.60100000e+04,1.25138315e-02,2.98373990e-02
2.60200000e+04,1.25152270e-02,2.98415466e-02
2.60300000e+04,1.25163660e-02,2.98452310e-02
2.60400000e+04,1.25174577e-02,2.98484990e-02
2.60500000e+04,1.25184144e-02,2.98513250e-02
2.60600000e+04,1.25193274e-02,2.98539105e-02
2.60700000e+04,1.25202245e-02,2.98563431e-02
2.60800000e+04,1.25211227e-02,2.98585965e-02
2.60900000e+04,1.25219668e-02,2.98607018e-02
2.61000000e+04,1.25228032e-02,2.98626752e-02
2.61100000e+04,1.25243784e-02,2.98657496e-02
2.61200000e+04,1.25262305e-02,2.98691942e-02
2.61300000e+04,1.25277920e-02,2.98721820e-02
2.61400000e+04,1.25291768e-02,2.98748321e-02
2.61500000e+04,1.25304016e-02,2.98773168e-02
2.61600000e+04,1.25315255e-02,2.98795358e-02
2.61700000e+04,1.25326283e-02,2.98816433e-02
2.61800000e+04,1.25336401e-02,2.98836693e-02
2.61900000e+04,1.25346234e-02,2.98855118e-02
2.62000000e+04,1.25355687e-02,2.98873370e-02
2.62100000e+04,1.25370945e-02,2.98907043e-02
2.62200000e+04,1.25387548e-02,2.98945712e-02
2.62300000e+04,1.25401969e-02,2.98980770e-02
2.62400000e+04,1.25414978e-02,2.99009952e-02
2.62500000e+04,1.25426651e-02,2.99036648e-02
2.62600000e+04,1.25437291e-02,2.99060935e-02
2.62700000e+04,1.25448106e-02,2.99083311e-02
2.62800000e+04,1.25458171e-02,2.99104739e-02
2.62900000e+04,1.25467577e-02,2.99123875e-02
2.63000000e+04,1.25476644e-02,2.99143140e-02
2.63100000e+04,1.25491369e-02,2.99177281e-02
2.63200000e+04,1.25507392e-02,2.99215647e-02
2.63300000e+04,1.25521313e-02,2.99250804e-02
2.63400000e+04,1.25534031e-02,2.99280386e-02
2.63500000e+04,1.25545877e-02,2.99306884e-02
2.63600000e+04,1.25556387e-02,2.99331340e-02
2.63700000e+04,1.25565972e-02,2.99354012e-02
2.63800000e+04,1.25575039e-02,2.99374921e-02
2.63900000e+04,1.25584581e-02,2.99394727e-02
2.64000000e+04,1.25593659e-02,2.99414722e-02
2.64100000e+04,1.25609806e-02,2.99445194e-02
2.64200000e+04,1.25628145e-02,2.99479086e-02
2.64300000e+04,1.25644293e-02,2.99509754e-02
2.64400000e+04,1.25658463e-02,2.99537481e-02
2.64500000e+04,1.25671065e-02,2.99562186e-02
2.64600000e+04,1.25682764e-02,2.99584805e-02
2.64700000e+04,1.25693799e-02,2.99605620e-02
2.64800000e+04,1.25704258e-02,2.99625353e-02
2.64900000e+04,1.25713950e-02,2.99644620e-02
2.65000000e+04,1.25723413e-02,2.99662079e-02
2.65100000e+04,1.25736765e-02,2.99692191e-02
2.65200000e+04,1.25751032e-02,2.99726794e-02
2.65300000e+04,1.25764432e-02,2.99757032e-02
2.65400000e+04,1.25776255e-02,2.99784221e-02
2.65500000e+04,1.25785940e-02,2.99808611e-02
2.65600000e+04,1.25796253e-02,2.99830935e-02
2.65700000e+04,1.25805129e-02,2.99852216e-02
2.65800000e+04,1.25814497e-02,2.99871425e-02
2.65900000e+04,1.25823268e-02,2.99889947e-02
2.66000000e+04,1.25832048e-02,2.99907695e-02
2.66100000e+04,1.25847908e-02,2.99938328e-02
2.66200000e+04,1.25866012e-02,2.99973102e-02
2.66300000e+04,1.25882259e-02,3.00003832e-02
2.66400000e+04,1.25896169e-02,3.00030843e-02
2.66500000e+04,1.25908686e-02,3.00055575e-02
2.66600000e+04,1.25919974e-02,3.00077490e-02
2.66700000e+04,1.25931050e-02,3.00098249e-02
2.66800000e+04,1.25941816e-02,3.00117752e-02
2.66900000e+04,1.25951741e-02,3.00136031e-02
2.67000000e+04,1.25961104e-02,3.00153695e-02
2.67100000e+04,1.25975863e-02,3.00182245e-02
2.67200000e+04,1.25992327e-02,3.00214156e-02
2.67300000e+04,1.26007130e-02,3.00242656e-02
2.67400000e+04,1.26020123e-02,3.00268202e-02
2.67500000e+04,1.26032230e-02,3.00290779e-02
2.67600000e+04,1.26042991e-02,3.00311209e-02
2.67700000e+04,1.26053015e-02,3.00330720e-02
2.67800000e+04,1.26063451e-02,3.00349415e-02
2.67900000e+04,1.26072823e-02,3.00366364e-02
2.68000000e+04,1.26082112e-02,3.00383790e-02
2.68100000e+04,1.26097531e-02,3.00414424e-02
2.68200000e+04,1.26115064e-02,3.00450586e-02
2.68300000e+04,1.26130443e-02,3.00482298e-02
2.68400000e+04,1.26144056e-02,3.00509927e-02
2.68500000e+04,1.26156219e-02,3.00534440e-02
2.68600000e+04,1.26167654e-02,3.00557526e-02
2.68700000e+04,1.26178563e-02,3.00578253e-02
2.68800000e+04,1.26189057e-02,3.00598456e-02
2.68900000e+04,1.26198939e-02,3.00616785e-02
2.69000000e+04,1.26208364e-02,3.00634864e-02
2.69100000e+04,1.26224731e-02,3.00663569e-02
2.69200000e+04,1.26243322e-02,3.00696069e-02
2.69300000e+04,1.26259332e-02,3.00724764e-02
2.69400000e+04,1.26273754e-02,3.00750996e-02
2.69500000e+04,1.26286913e-02,3.00774445e-02
2.69600000e+04,1.26298729e-02,3.00795790e-02
2.69700000e+04,1.26310117e-02,3.00816218e-02
2.69800000e+04,1.26320981e-02,3.00835285e-02
2.69900000e+04,1.26330955e-02,3.00852791e-02
2.70000000e+04,1.26340788e-02,3.00869860e-02
2.70100000e+04,1.26356795e-02,3.00899447e-02
2.70200000e+04,1.26375197e-02,3.00931511e-02
2.70300000e+04,1.26391300e-02,3.00960875e-02
2.70400000e+04,1.26405765e-02,3.00987279e-02
2.70500000e+04,1.26418291e-02,3.01010318e-02
2.70600000e+04,1.26430267e-02,3.01031575e-02
2.70700000e+04,1.26441810e-02,3.01051967e-02
2.70800000e+04,1.26452547e-02,3.01070767e-02
2.70900000e+04,1.26463575e-02,3.01088702e-02
2.71000000e+04,1.26473715e-02,3.01105716e-02
2.71100000e+04,1.26489851e-02,3.01121274e-02
2.71200000e+04,1.26507855e-02,3.01134350e-02
2.71300000e+04,1.26524212e-02,3.01147830e-02
2.71400000e+04,1.26538631e-02,3.01161448e-02
2.71500000e+04,1.26551443e-02,3.01174612e-02
2.71600000e+04,1.26563525e-02,3.01187762e-02
2.71700000e+04,1.26574974e-02,3.01200175e-02
2.71800000e+04,1.26585602e-02,3.01212636e-02
2.71900000e+04,1.26596410e-02,3.01224473e-02
2.72000000e+04,1.26606431e-02,3.01236114e-02
2.72100000e+04,1.26621569e-02,3.01259925e-02
2.72200000e+04,1.26637999e-02,3.01288649e-02
2.72300000e+04,1.26653066e-02,3.01313791e-02
2.72400000e+04,1.26666197e-02,3.01335744e-02
2.72500000e+04,1.26678615e-02,3.01354843e-02
2.72600000e+04,1.26689884e-02,3.01372854e-02
2.72700000e+04,1.26700801e-02,3.01389658e-02
2.72800000e+04,1.26710920e-02,3.01405365e-02
2.72900000e+04,1.26721277e-02,3.01420117e-02
2.73000000e+04,1.26731316e-02,3.01434021e-02
2.73100000e+04,1.26746903e-02,3.01461473e-02
2.73200000e+04,1.26764249e-02,3.01492453e-02
2.73300000e+04,1.26779773e-02,3.01520376e-02
2.73400000e+04,1.26793829e-02,3.01544905e-02
2.73500000e+04,1.26806963e-02,3.01566707e-02
2.73600000e+04,1.26818743e-02,3.01586565e-02
2.73700000e+04,1.26829768e-02,3.01604737e-02
2.73800000e+04,1.26840131e-02,3.01621589e-02
2.73900000e+04,1.26850995e-02,3.01638131e-02
2.74000000e+04,1.26860940e-02,3.01654245e-02
2.74100000e+04,1.26875957e-02,3.01682046e-02
2.74200000e+04,1.26892816e-02,3.01715911e-02
2.74300000e+04,1.26907786e-02,3.01745186e-02
2.74400000e+04,1.26921582e-02,3.01771392e-02
2.74500000e+04,1.26933836e-02,3.01794528e-02
2.74600000e+04,1.26945071e-02,3.01814858e-02
2.74700000e+04,1.26956322e-02,3.01834369e-02
2.74800000e+04,1.26966311e-02,3.01852354e-02
2.74900000e+04,1.26976465e-02,3.01869685e-02
2.75000000e+04,1.26986414e-02,3.01886190e-02
2.75100000e+04,1.27000934e-02,3.01914528e-02
2.75200000e+04,1.27016567e-02,3.01947265e-02
2.75300000e+04,1.27031007e-02,3.01976553e-02
2.75400000e+04,1.27043845e-02,3.02002662e-02
2.75500000e+04,1.27055345e-02,3.02025582e-02
2.75600000e+04,1.27066632e-02,3.02047168e-02
2.75700000e+04,1.27077288e-02,3.02067091e-02
2.75800000e+04,1.27087328e-02,3.02085537e-02
2.75900000e+04,1.27097090e-02,3.02103151e-02
2.76000000e+04,1.27106772e-02,3.02120028e-02
2.76100000e+04,1.27120908e-02,3.02147919e-02
2.76200000e+04,1.27135885e-02,3.02178492e-02
2.76300000e+04,1.27149891e-02,3.02206830e-02
2.76400000e+04,1.27162294e-02,3.02232188e-02
2.76500000e+04,1.27173794e-02,3.02254736e-02
2.76600000e+04,1.27184836e-02,3.02275248e-02
2.76700000e+04,1.27195216e-02,3.02294652e-02
2.76800000e+04,1.27204676e-02,3.02312812e-02
2.76900000e+04,1.27214282e-02,3.02330480e-02
2.77000000e+04,1.27223588e-02,3.02347010e-02
2.77100000e+04,1.27236494e-02,3.02372297e-02
2.77200000e+04,1.27250883e-02,3.02399138e-02
2.77300000e+04,1.27264436e-02,3.02425118e-02
2.77400000e+04,1.27275686e-02,3.02447249e-02
2.77500000e+04,1.27286834e-02,3.02468369e-02
2.77600000e+04,1.27296923e-02,3.02487647e-02
2.77700000e+04,1.27306915e-02,3.02505735e-02
2.77800000e+04,1.27316389e-02,3.02523061e-02
2.77900000e+04,1.27325767e-02,3.02539527e-02
2.78000000e+04,1.27334650e-02,3.02554974e-02
2.78100000e+04,1.27350068e-02,3.02579890e-02
2.78200000e+04,1.27367795e-02,3.02606855e-02
2.78300000e+04,1.27383605e-02,3.02631178e-02
2.78400000e+04,1.27397666e-02,3.02653482e-02
2.78500000e+04,1.27409921e-02,3.02672724e-02
2.78600000e+04,1.27421617e-02,3.02691513e-02
2.78700000e+04,1.27433050e-02,3.02709142e-02
2.78800000e+04,1.27444121e-02,3.02725299e-02
2.78900000e+04,1.27454152e-02,3.02740940e-02
2.79000000e+04,1.27464323e-02,3.02756449e-02
2.79100000e+04,1.27479489e-02,3.02783696e-02
2.79200000e+04,1.27496620e-02,3.02815419e-02
2.79300000e+04,1.27511880e-02,3.02843659e-02
2.79400000e+04,1.27525484e-02,3.02868538e-02
2.79500000e+04,1.27538009e-02,3.02891273e-02
2.79600000e+04,1.27549466e-02,3.02912047e-02
2.79700000e+04,1.27560432e-02,3.02931511e-02
2.79800000e+04,1.27571082e-02,3.02949419e-02
2.79900000e+04,1.27581405e-02,3.02967042e-02
2.80000000e+04,1.27591544e-02,3.02983440e-02
2.80100000e+04,1.27605837e-02,3.03010241e-02
2.80200000e+04,1.27621451e-02,3.03039896e-02
2.80300000e+04,1.27635816e-02,3.03067210e-02
2.80400000e+04,1.27648999e-02,3.03091581e-02
2.80500000e+04,1.27660761e-02,3.03113291e-02
2.80600000e+04,1.27671918e-02,3.03133728e-02
2.80700000e+04,1.27682266e-02,3.03152786e-02
2.80800000e+04,1.27692899e-02,3.03171224e-02
2.80900000e+04,1.27702755e-02,3.03188550e-02
2.81000000e+04,1.27712509e-02,3.03204403e-02
2.81100000e+04,1.27726475e-02,3.03232497e-02
2.81200000e+04,1.27742822e-02,3.03262690e-02
2.81300000e+04,1.27757614e-02,3.03289612e-02
2.81400000e+04,1.27770789e-02,3.03314514e-02
2.81500000e+04,1.27782601e-02,3.03336410e-02
2.81600000e+04,1.27793673e-02,3.03357188e-02
2.81700000e+04,1.27804487e-02,3.03376517e-02
2.81800000e+04,1.27814610e-02,3.03394309e-02
2.81900000e+04,1.27824663e-02,3.03411624e-02
2.82000000e+04,1.27834099e-02,3.03427693e-02
2.82100000e+04,1.27848096e-02,3.03453870e-02
2.82200000e+04,1.27863640e-02,3.03482943e-02
2.82300000e+04,1.27878023e-02,3.03509469e-02
2.82400000e+04,1.27890138e-02,3.03533190e-02
2.82500000e+04,1.27901699e-02,3.03554184e-02
2.82600000e+04,1.27912600e-02,3.03574273e-02
2.82700000e+04,1.27923111e-02,3.03593220e-02
2.82800000e+04,1.27932981e-02,3.03611072e-02
2.82900000e+04,1.27942831e-02,3.03627613e-02
2.83000000e+04,1.27952130e-02,3.03643517e-02
2.83100000e+04,1.27965054e-02,3.03664111e-02
2.83200000e+04,1.27978716e-02,3.03685954e-02
2.83300000e+04,1.27992092e-02,3.03706589e-02
2.83400000e+04,1.28003584e-02,3.03724688e-02
2.83500000e+04,1.28014289e-02,3.03742299e-02
2.83600000e+04,1.28024397e-02,3.03758777e-02
2.83700000e+04,1.28034088e-02,3.03773973e-02
2.83800000e+04,1.28043712e-02,3.03788580e-02
2.83900000e+04,1.28053172e-02,3.03802376e-02
2.84000000e+04,1.28061913e-02,3.03816162e-02
2.84100000e+04,1.28074621e-02,3.03841802e-02
2.84200000e+04,1.28088672e-02,3.03871621e-02
2.84300000e+04,1.28101635e-02,3.03898341e-02
2.84400000e+04,1.28113110e-02,3.03922042e-02
2.84500000e+04,1.28124117e-02,3.03942863e-02
2.84600000e+04,1.28134338e-02,3.03962300e-02
2.84700000e+04,1.28143480e-02,3.03980440e-02
2.84800000e+04,1.28152889e-02,3.03996979e-02
2.84900000e+04,1.28162020e-02,3.04013861e-02
2.85000000e+04,1.28170549e-02,3.04028872e-02
2.85100000e+04,1.28184194e-02,3.04054403e-02
2.85200000e+04,1.28200136e-02,3.04082785e-02
2.85300000e+04,1.28214146e-02,3.04108724e-02
2.85400000e+04,1.28226372e-02,3.04131919e-02
2.85500000e+04,1.28237885e-02,3.04153209e-02
2.85600000e+04,1.28248945e-02,3.04172281e-02
2.85700000e+04,1.28259216e-02,3.04190907e-02
2.85800000e+04,1.28269153e-02,3.04207717e-02
2.85900000e+04,1.28278437e-02,3.04224418e-02
2.86000000e+04,1.28287406e-02,3.04239920e-02
2.86100000e+04,1.28300003e-02,3.04260992e-02
2.86200000e+04,1.28314163e-02,3.04283133e-02
2.86300000e+04,1.28326842e-02,3.04303671e-02
2.86400000e+04,1.28338525e-02,3.04323462e-02
2.86500000e+04,1.28349352e-02,3.04340924e-02
2.86600000e+04,1.28359355e-02,3.04357549e-02
2.86700000e+04,1.28368678e-02,3.04373251e-02
2.86800000e+04,1.28378270e-02,3.04388463e-02
2.86900000e+04,1.28387230e-02,3.04401922e-02
2.87000000e+04,1.28396217e-02,3.04416420e-02
2.87100000e+04,1.28410207e-02,3.04440040e-02
2.87200000e+04,1.28425092e-02,3.04466573e-02
2.87300000e+04,1.28438965e-02,3.04490296e-02
2.87400000e+04,1.28451617e-02,3.04512181e-02
2.87500000e+04,1.28463023e-02,3.04531390e-02
2.87600000e+04,1.28473610e-02,3.04549335e-02
2.87700000e+04,1.28483882e-02,3.04566204e-02
2.87800000e+04,1.28493508e-02,3.04582279e-02
2.87900000e+04,1.28503125e-02,3.04597140e-02
2.88000000e+04,1.28512071e-02,3.04611110e-02
2.88100000e+04,1.28525910e-02,3.04636045e-02
2.88200000e+04,1.28542077e-02,3.04663571e-02
2.88300000e+04,1.28556155e-02,3.04689308e-02
2.88400000e+04,1.28568870e-02,3.04711629e-02
2.88500000e+04,1.28580926e-02,3.04731855e-02
2.88600000e+04,1.28591860e-02,3.04750112e-02
2.88700000e+04,1.28602166e-02,3.04768369e-02
2.88800000e+04,1.28611869e-02,3.04785131e-02
2.88900000e+04,1.28621914e-02,3.04800435e-02
2.89000000e+04,1.28631156e-02,3.04815512e-02
2.89100000e+04,1.28645158e-02,3.04839454e-02
2.89200000e+04,1.28661001e-02,3.04865694e-02
2.89300000e+04,1.28675608e-02,3.04889549e-02
2.89400000e+04,1.28688259e-02,3.04911464e-02
2.89500000e+04,1.28700079e-02,3.04931158e-02
2.89600000e+04,1.28711341e-02,3.04948913e-02
2.89700000e+04,1.28721653e-02,3.04966363e-02
2.89800000e+04,1.28731653e-02,3.04982494e-02
2.89900000e+04,1.28741506e-02,3.04997490e-02
2.90000000e+04,1.28750887e-02,3.05011996e-02
2.90100000e+04,1.28764641e-02,3.05035233e-02
2.90200000e+04,1.28780406e-02,3.05061548e-02
2.90300000e+04,1.28794347e-02,3.05085219e-02
2.90400000e+04,1.28807062e-02,3.05106501e-02
2.90500000e+04,1.28819025e-02,3.05126211e-02
2.90600000e+04,1.28830050e-02,3.05143284e-02
2.90700000e+04,1.28840342e-02,3.05160148e-02
2.90800000e+04,1.28850643e-02,3.05175821e-02
2.90900000e+04,1.28860314e-02,3.05191115e-02
2.91000000e+04,1.28869873e-02,3.05205186e-02
2.91100000e+04,1.28884179e-02,3.05227847e-02
2.91200000e+04,1.28900398e-02,3.05252362e-02
2.91300000e+04,1.28915036e-02,3.05274404e-02
2.91400000e+04,1.28928254e-02,3.05295381e-02
2.91500000e+04,1.28940424e-02,3.05313561e-02
2.91600000e+04,1.28951903e-02,3.05330816e-02
2.91700000e+04,1.28962644e-02,3.05346704e-02
2.91800000e+04,1.28973244e-02,3.05361894e-02
2.91900000e+04,1.28983110e-02,3.05376495e-02
2.92000000e+04,1.28992472e-02,3.05390279e-02
2.92100000e+04,1.29004205e-02,3.05412314e-02
2.92200000e+04,1.29016529e-02,3.05436800e-02
2.92300000e+04,1.29028066e-02,3.05458771e-02
2.92400000e+04,1.29038765e-02,3.05478881e-02
2.92500000e+04,1.29049192e-02,3.05497320e-02
2.92600000e+04,1.29059000e-02,3.05514280e-02
2.92700000e+04,1.29068281e-02,3.05531229e-02
2.92800000e+04,1.29077182e-02,3.05546287e-02
2.92900000e+04,1.29086348e-02,3.05561509e-02
2.93000000e+04,1.29094403e-02,3.05575270e-02
2.93100000e+04,1.29106014e-02,3.05598147e-02
2.93200000e+04,1.29118583e-02,3.05623341e-02
2.93300000e+04,1.29130422e-02,3.05646640e-02
2.93400000e+04,1.29141185e-02,3.05667997e-02
2.93500000e+04,1.29151458e-02,3.05686495e-02
2.93600000e+04,1.29160916e-02,3.05704922e-02
2.93700000e+04,1.29169959e-02,3.05721864e-02
2.93800000e+04,1.29178964e-02,3.05737710e-02
2.93900000e+04,1.29187558e-02,3.05753046e-02
2.94000000e+04,1.29196088e-02,3.05767635e-02
2.94100000e+04,1.29209309e-02,3.05789773e-02
2.94200000e+04,1.29224225e-02,3.05814381e-02
2.94300000e+04,1.29237780e-02,3.05836547e-02
2.94400000e+04,1.29250129e-02,3.05857789e-02
2.94500000e+04,1.29261549e-02,3.05876713e-02
2.94600000e+04,1.29271768e-02,3.05894408e-02
2.94700000e+04,1.29281841e-02,3.05910665e-02
2.94800000e+04,1.29291831e-02,3.05926501e-02
2.94900000e+04,1.29301112e-02,3.05941668e-02
2.95000000e+04,1.29310122e-02,3.05956071e-02
2.95100000e+04,1.29322546e-02,3.05978578e-02
2.95200000e+04,1.29336296e-02,3.06002921e-02
2.95300000e+04,1.29349319e-02,3.06026093e-02
2.95400000e+04,1.29360668e-02,3.06046900e-02
2.95500000e+04,1.29371020e-02,3.06065613e-02
2.95600000e+04,1.29381300e-02,3.06083548e-02
2.95700000e+04,1.29391077e-02,3.06100147e-02
2.95800000e+04,1.29400043e-02,3.06115803e-02
2.95900000e+04,1.29409421e-02,3.06131150e-02
2.96000000e+04,1.29418114e-02,3.06145241e-02
2.96100000e+04,1.29430821e-02,3.06167192e-02
2.96200000e+04,1.29445079e-02,3.06191048e-02
2.96300000e+04,1.29457716e-02,3.06213494e-02
2.96400000e+04,1.29469839e-02,3.06234138e-02
2.96500000e+04,1.29480914e-02,3.06252875e-02
2.96600000e+04,1.29491361e-02,3.06270012e-02
2.96700000e+04,1.29501013e-02,3.06286008e-02
2.96800000e+04,1.29510307e-02,3.06301887e-02
2.96900000e+04,1.29519537e-02,3.06316954e-02
2.97000000e+04,1.29528780e-02,3.06331452e-02
2.97100000e+04,1.29541549e-02,3.06354555e-02
2.97200000e+04,1.29556518e-02,3.06380441e-02
2.97300000e+04,1.29570029e-02,3.06404257e-02
2.97400000e+04,1.29582461e-02,3.06425688e-02
2.97500000e+04,1.29593441e-02,3.06445192e-02
2.97600000e+04,1.29603825e-02,3.06463596e-02
2.97700000e+04,1.29614213e-02,3.06480778e-02
2.97800000e+04,1.29623741e-02,3.06496955e-02
2.97900000e+04,1.29633095e-02,3.06512455e-02
2.98000000e+04,1.29642252e-02,3.06527018e-02
2.98100000e+04,1.29654971e-02,3.06549577e-02
2.98200000e+04,1.29668861e-02,3.06573777e-02
2.98300000e+04,1.29682110e-02,3.06596514e-02
2.98400000e+04,1.29693948e-02,3.06617614e-02
2.98500000e+04,1.29704941e-02,3.06636445e-02
2.98600000e+04,1.29715257e-02,3.06654140e-02
2.98700000e+04,1.29725144e-02,3.06670811e-02
2.98800000e+04,1.29734649e-02,3.06686903e-02
2.98900000e+04,1.29744186e-02,3.06702255e-02
2.99000000e+04,1.29753214e-02,3.06716697e-02
2.99100000e+04,1.29766142e-02,3.06738943e-02
2.99200000e+04,1.29780979e-02,3.06762856e-02
2.99300000e+04,1.29794371e-02,3.06785785e-02
2.99400000e+04,1.29806694e-02,3.06805352e-02
2.99500000e+04,1.29818409e-02,3.06824266e-02
2.99600000e+04,1.29829077e-02,3.06841824e-02
2.99700000e+04,1.29839041e-02,3.06858229e-02
2.99800000e+04,1.29848811e-02,3.06874041e-02
2.99900000e+04,1.29858217e-02,3.06889723e-02
3.00000000e+04,1.29867456e-02,3.06903946e-02
3.00100000e+04,1.29880278e-02,3.06923735e-02
3.00200000e+04,1.29894438e-02,3.06944522e-02
3.00300000e+04,1.29907366e-02,3.06964437e-02
3.00400000e+04,1.29919457e-02,3.06982602e-02
3.00500000e+04,1.29930367e-02,3.06999917e-02
3.00600000e+04,1.29940927e-02,3.07016181e-02
3.00700000e+04,1.29950757e-02,3.07031932e-02
3.00800000e+04,1.29960701e-02,3.07046174e-02
3.00900000e+04,1.29969891e-02,3.07060703e-02
3.01000000e+04,1.29978888e-02,3.07073550e-02
3.01100000e+04,1.29991040e-02,3.07094046e-02
3.01200000e+04,1.30004304e-02,3.07116184e-02
3.01300000e+04,1.30016789e-02,3.07137276e-02
3.01400000e+04,1.30027831e-02,3.07155829e-02
3.01500000e+04,1.30038214e-02,3.07173361e-02
3.01600000e+04,1.30048495e-02,3.07190025e-02
3.01700000e+04,1.30057719e-02,3.07205723e-02
3.01800000e+04,1.30067262e-02,3.07220705e-02
3.01900000e+04,1.30076469e-02,3.07234654e-02
3.02000000e+04,1.30084816e-02,3.07248554e-02
3.02100000e+04,1.30096344e-02,3.07269086e-02
3.02200000e+04,1.30108788e-02,3.07291646e-02
3.02300000e+04,1.30120287e-02,3.07313351e-02
3.02400000e+04,1.30131239e-02,3.07332574e-02
3.02500000e+04,1.30141311e-02,3.07350732e-02
3.02600000e+04,1.30150531e-02,3.07367364e-02
3.02700000e+04,1.30159824e-02,3.07383217e-02
3.02800000e+04,1.30168634e-02,3.07398079e-02
3.02900000e+04,1.30177628e-02,3.07412701e-02
3.03000000e+04,1.30185795e-02,3.07426470e-02
3.03100000e+04,1.30198160e-02,3.07446479e-02
3.03200000e+04,1.30211735e-02,3.07468163e-02
3.03300000e+04,1.30223928e-02,3.07488943e-02
3.03400000e+04,1.30235817e-02,3.07507919e-02
3.03500000e+04,1.30246521e-02,3.07524726e-02
3.03600000e+04,1.30256257e-02,3.07541474e-02
3.03700000e+04,1.30266001e-02,3.07556530e-02
3.03800000e+04,1.30275328e-02,3.07571327e-02
3.03900000e+04,1.30284356e-02,3.07585454e-02
3.04000000e+04,1.30293086e-02,3.07599230e-02
3.04100000e+04,1.30305545e-02,3.07619269e-02
3.04200000e+04,1.30319600e-02,3.07641838e-02
3.04300000e+04,1.30332890e-02,3.07662403e-02
3.04400000e+04,1.30344417e-02,3.07681679e-02
3.04500000e+04,1.30355647e-02,3.07699241e-02
3.04600000e+04,1.30365647e-02,3.07715655e-02
3.04700000e+04,1.30375827e-02,3.07731630e-02
3.04800000e+04,1.30385225e-02,3.07745984e-02
3.04900000e+04,1.30394427e-02,3.07760075e-02
3.05000000e+04,1.30403470e-02,3.07773998e-02
3.05100000e+04,1.30416047e-02,3.07793069e-02
3.05200000e+04,1.30430180e-02,3.07814150e-02
3.05300000e+04,1.30443264e-02,3.07834279e-02
3.05400000e+04,1.30455512e-02,3.07852112e-02
3.05500000e+04,1.30466235e-02,3.07868749e-02
3.05600000e+04,1.30476748e-02,3.07884208e-02
3.05700000e+04,1.30487032e-02,3.07899084e-02
3.05800000e+04,1.30496433e-02,3.07913384e-02
3.05900000e+04,1.30505685e-02,3.07926896e-02
3.06000000e+04,1.30515077e-02,3.07940861e-02
3.06100000e+04,1.30527359e-02,3.07958568e-02
3.06200000e+04,1.30540837e-02,3.07977153e-02
3.06300000e+04,1.30553388e-02,3.07995574e-02
3.06400000e+04,1.30564364e-02,3.08011721e-02
3.06500000e+04,1.30575202e-02,3.08027351e-02
3.06600000e+04,1.30585362e-02,3.08041944e-02
3.06700000e+04,1.30594847e-02,3.08055747e-02
3.06800000e+04,1.30604427e-02,3.08069388e-02
3.06900000e+04,1.30613690e-02,3.08081942e-02
3.07000000e+04,1.30622256e-02,3.08094552e-02
3.07100000e+04,1.30634243e-02,3.08113379e-02
3.07200000e+04,1.30646847e-02,3.08134906e-02
3.07300000e+04,1.30658994e-02,3.08154872e-02
3.07400000e+04,1.30670652e-02,3.08172486e-02
3.07500000e+04,1.30680482e-02,3.08189021e-02
3.07600000e+04,1.30690558e-02,3.08204261e-02
3.07700000e+04,1.30700023e-02,3.08219117e-02
3.07800000e+04,1.30709235e-02,3.08232532e-02
3.07900000e+04,1.30718191e-02,3.08245914e-02
3.08000000e+04,1.30726518e-02,3.08258841e-02
3.08100000e+04,1.30737144e-02,3.08278911e-02
3.08200000e+04,1.30747969e-02,3.08301718e-02
3.08300000e+04,1.30758479e-02,3.08322434e-02
3.08400000e+04,1.30768439e-02,3.08341224e-02
3.08500000e+04,1.30777633e-02,3.08358530e-02
3.08600000e+04,1.30786853e-02,3.08374444e-02
3.08700000e+04,1.30795422e-02,3.08389829e-02
3.08800000e+04,1.30803842e-02,3.08404575e-02
3.08900000e+04,1.30812148e-02,3.08418432e-02
3.09000000e+04,1.30820103e-02,3.08431704e-02
3.09100000e+04,1.30831717e-02,3.08450454e-02
3.09200000e+04,1.30844361e-02,3.08471562e-02
3.09300000e+04,1.30856117e-02,3.08490626e-02
3.09400000e+04,1.30867179e-02,3.08507895e-02
3.09500000e+04,1.30877709e-02,3.08523826e-02
3.09600000e+04,1.30887207e-02,3.08539286e-02
3.09700000e+04,1.30896635e-02,3.08554195e-02
3.09800000e+04,1.30905981e-02,3.08568449e-02
3.09900000e+04,1.30914608e-02,3.08581773e-02
3.10000000e+04,1.30922924e-02,3.08594885e-02
3.10100000e+04,1.30934746e-02,3.08611918e-02
3.10200000e+04,1.30947595e-02,3.08629646e-02
3.10300000e+04,1.30959727e-02,3.08646483e-02
3.10400000e+04,1.30970811e-02,3.08662112e-02
3.10500000e+04,1.30981310e-02,3.08677504e-02
3.10600000e+04,1.30991263e-02,3.08691741e-02
3.10700000e+04,1.31000443e-02,3.08705705e-02
3.10800000e+04,1.31009482e-02,3.08718972e-02
3.10900000e+04,1.31018424e-02,3.08731978e-02
3.11000000e+04,1.31026874e-02,3.08744241e-02
3.11100000e+04,1.31037687e-02,3.08761444e-02
3.11200000e+04,1.31049496e-02,3.08780000e-02
3.11300000e+04,1.31060468e-02,3.08796993e-02
3.11400000e+04,1.31071066e-02,3.08813945e-02
3.11500000e+04,1.31080657e-02,3.08828901e-02
3.11600000e+04,1.31090056e-02,3.08843325e-02
3.11700000e+04,1.31098592e-02,3.08856931e-02
3.11800000e+04,1.31107463e-02,3.08870147e-02
3.11900000e+04,1.31115873e-02,3.08883003e-02
3.12000000e+04,1.31124002e-02,3.08895544e-02
3.12100000e+04,1.31134497e-02,3.08912132e-02
3.12200000e+04,1.31146371e-02,3.08930587e-02
3.12300000e+04,1.31157258e-02,3.08948196e-02
3.12400000e+04,1.31167048e-02,3.08964509e-02
3.12500000e+04,1.31176819e-02,3.08979776e-02
3.12600000e+04,1.31185898e-02,3.08994153e-02
3.12700000e+04,1.31194640e-02,3.09007926e-02
3.12800000e+04,1.31203085e-02,3.09020962e-02
3.12900000e+04,1.31211331e-02,3.09033919e-02
3.13000000e+04,1.31219506e-02,3.09046027e-02
3.13100000e+04,1.31230125e-02,3.09063219e-02
3.13200000e+04,1.31242635e-02,3.09082015e-02
3.13300000e+04,1.31253662e-02,3.09099663e-02
3.13400000e+04,1.31264030e-02,3.09116309e-02
3.13500000e+04,1.31274037e-02,3.09131755e-02
3.13600000e+04,1.31283111e-02,3.09146135e-02
3.13700000e+04,1.31291934e-02,3.09160239e-02
3.13800000e+04,1.31300872e-02,3.09173408e-02
3.13900000e+04,1.31309120e-02,3.09185874e-02
3.14000000e+04,1.31317101e-02,3.09198409e-02
3.14100000e+04,1.31327316e-02,3.09214722e-02
3.14200000e+04,1.31338484e-02,3.09233841e-02
3.14300000e+04,1.31348908e-02,3.09251246e-02
3.14400000e+04,1.31358746e-02,3.09267867e-02
3.14500000e+04,1.31367810e-02,3.09283217e-02
3.14600000e+04,1.31376571e-02,3.09297184e-02
3.14700000e+04,1.31385114e-02,3.09310771e-02
3.14800000e+04,1.31393114e-02,3.09324267e-02
3.14900000e+04,1.31401290e-02,3.09337034e-02
3.15000000e+04,1.31409337e-02,3.09349610e-02
3.15100000e+04,1.31419822e-02,3.09366469e-02
3.15200000e+04,1.31431259e-02,3.09385402e-02
3.15300000e+04,1.31442074e-02,3.09402944e-02
3.15400000e+04,1.31452201e-02,3.09419560e-02
3.15500000e+04,1.31461348e-02,3.09435241e-02
3.15600000e+04,1.31470341e-02,3.09449560e-02
3.15700000e+04,1.31479014e-02,3.09463517e-02
3.15800000e+04,1.31487060e-02,3.09477060e-02
3.15900000e+04,1.31495359e-02,3.09490387e-02
3.16000000e+04,1.31503079e-02,3.09502377e-02
3.16100000e+04,1.31513067e-02,3.09518971e-02
3.16200000e+04,1.31524234e-02,3.09537120e-02
3.16300000e+04,1.31534183e-02,3.09554115e-02
3.16400000e+04,1.31544046e-02,3.09570486e-02
3.16500000e+04,1.31552904e-02,3.09585412e-02
3.16600000e+04,1.31561630e-02,3.09599113e-02
3.16700000e+04,1.31569941e-02,3.09612606e-02
3.16800000e+04,1.31577943e-02,3.09625529e-02
3.16900000e+04,1.31585703e-02,3.09637921e-02
3.17000000e+04,1.31593528e-02,3.09650320e-02
3.17100000e+04,1.31603871e-02,3.09666915e-02
3.17200000e+04,1.31616060e-02,3.09685446e-02
3.17300000e+04,1.31627410e-02,3.09703065e-02
3.17400000e+04,1.31638170e-02,3.09719017e-02
3.17500000e+04,1.31647540e-02,3.09733998e-02
3.17600000e+04,1.31656721e-02,3.09747879e-02
3.17700000e+04,1.31665938e-02,3.09761556e-02
3.17800000e+04,1.31673883e-02,3.09774712e-02
3.17900000e+04,1.31682424e-02,3.09787183e-02
3.18000000e+04,1.31690445e-02,3.09799155e-02
3.18100000e+04,1.31700872e-02,3.09815416e-02
3.18200000e+04,1.31712020e-02,3.09832486e-02
3.18300000e+04,1.31722431e-02,3.09848072e-02
3.18400000e+04,1.31732463e-02,3.09863108e-02
3.18500000e+04,1.31741673e-02,3.09877655e-02
3.18600000e+04,1.31750236e-02,3.09891066e-02
3.18700000e+04,1.31758929e-02,3.09903733e-02
3.18800000e+04,1.31767043e-02,3.09916338e-02
3.18900000e+04,1.31774923e-02,3.09928205e-02
3.19000000e+04,1.31782724e-02,3.09940007e-02
3.19100000e+04,1.31792441e-02,3.09957023e-02
3.19200000e+04,1.31802782e-02,3.09975055e-02
3.19300000e+04,1.31812867e-02,3.09992016e-02
3.19400000e+04,1.31821986e-02,3.10008010e-02
3.19500000e+04,1.31831046e-02,3.10023221e-02
3.19600000e+04,1.31839223e-02,3.10036797e-02
3.19700000e+04,1.31847373e-02,3.10050403e-02
3.19800000e+04,1.31855366e-02,3.10063627e-02
3.19900000e+04,1.31862753e-02,3.10076019e-02
3.20000000e+04,1.31870216e-02,3.10087207e-02
3.20100000e+04,1.31879485e-02,3.10102827e-02
3.20200000e+04,1.31889297e-02,3.10118587e-02
3.20300000e+04,1.31898776e-02,3.10134206e-02
3.20400000e+04,1.31907343e-02,3.10148724e-02
3.20500000e+04,1.31915792e-02,3.10161394e-02
3.20600000e+04,1.31923854e-02,3.10174288e-02
3.20700000e+04,1.31931447e-02,3.10186732e-02
3.20800000e+04,1.31939341e-02,3.10198546e-02
3.20900000e+04,1.31946756e-02,3.10209530e-02
3.21000000e+04,1.31953894e-02,3.10220960e-02
3.21100000e+04,1.31961933e-02,3.10235988e-02
3.21200000e+04,1.31970227e-02,3.10253184e-02
3.21300000e+04,1.31978318e-02,3.10268441e-02
3.21400000e+04,1.31985918e-02,3.10282552e-02
3.21500000e+04,1.31993385e-02,3.10296516e-02
3.21600000e+04,1.32000608e-02,3.10309331e-02
3.21700000e+04,1.32007759e-02,3.10321246e-02
3.21800000e+04,1.32014564e-02,3.10333240e-02
3.21900000e+04,1.32021021e-02,3.10344433e-02
3.22000000e+04,1.32027946e-02,3.10355472e-02
3.22100000e+04,1.32037116e-02,3.10370979e-02
3.22200000e+04,1.32048007e-02,3.10387439e-02
3.22300000e+04,1.32057963e-02,3.10402633e-02
3.22400000e+04,1.32067040e-02,3.10417506e-02
3.22500000e+04,1.32075741e-02,3.10430796e-02
3.22600000e+04,1.32083973e-02,3.10443454e-02
3.22700000e+04,1.32091853e-02,3.10456231e-02
3.22800000e+04,1.32099549e-02,3.10467397e-02
3.22900000e+04,1.32106980e-02,3.10478627e-02
3.23000000e+04,1.32114196e-02,3.10489689e-02
3.23100000e+04,1.32123080e-02,3.10505287e-02
3.23200000e+04,1.32132567e-02,3.10522699e-02
3.23300000e+04,1.32141725e-02,3.10538912e-02
3.23400000e+04,1.32150137e-02,3.10554181e-02
3.23500000e+04,1.32158324e-02,3.10568037e-02
3.23600000e+04,1.32166320e-02,3.10581579e-02
3.23700000e+04,1.32173802e-02,3.10593650e-02
3.23800000e+04,1.32180826e-02,3.10605765e-02
3.23900000e+04,1.32187901e-02,3.10617713e-02
3.24000000e+04,1.32194851e-02,3.10629039e-02
3.24100000e+04,1.32203380e-02,3.10643324e-02
3.24200000e+04,1.32212691e-02,3.10658460e-02
3.24300000e+04,1.32221707e-02,3.10672892e-02
3.24400000e+04,1.32230297e-02,3.10686451e-02
3.24500000e+04,1.32238324e-02,3.10699396e-02
3.24600000e+04,1.32245905e-02,3.10711485e-02
3.24700000e+04,1.32253324e-02,3.10723167e-02
3.24800000e+04,1.32260213e-02,3.10734766e-02
3.24900000e+04,1.32266976e-02,3.10746218e-02
3.25000000e+04,1.32274018e-02,3.10756733e-02
3.25100000e+04,1.32282393e-02,3.10770805e-02
3.25200000e+04,1.32291216e-02,3.10786023e-02
3.25300000e+04,1.32300068e-02,3.10800300e-02
3.25400000e+04,1.32308131e-02,3.10813948e-02
3.25500000e+04,1.32315961e-02,3.10826979e-02
3.25600000e+04,1.32323348e-02,3.10839290e-02
3.25700000e+04,1.32330456e-02,3.10851219e-02
3.25800000e+04,1.32337474e-02,3.10862310e-02
3.25900000e+04,1.32344161e-02,3.10873590e-02
3.26000000e+04,1.32351071e-02,3.10884537e-02
3.26100000e+04,1.32359529e-02,3.10898829e-02
3.26200000e+04,1.32368789e-02,3.10914096e-02
3.26300000e+04,1.32378034e-02,3.10929100e-02
3.26400000e+04,1.32386370e-02,3.10943260e-02
3.26500000e+04,1.32394374e-02,3.10956671e-02
3.26600000e+04,1.32401817e-02,3.10969062e-02
3.26700000e+04,1.32409127e-02,3.10981217e-02
3.26800000e+04,1.32416227e-02,3.10993063e-02
3.26900000e+04,1.32423020e-02,3.11004071e-02
3.27000000e+04,1.32429745e-02,3.11015060e-02
3.27100000e+04,1.32438064e-02,3.11029529e-02
3.27200000e+04,1.32446954e-02,3.11045273e-02
3.27300000e+04,1.32455556e-02,3.11060793e-02
3.27400000e+04,1.32463364e-02,3.11075134e-02
3.27500000e+04,1.32470751e-02,3.11088508e-02
3.27600000e+04,1.32477817e-02,3.11101029e-02
3.27700000e+04,1.32484821e-02,3.11113111e-02
3.27800000e+04,1.32491660e-02,3.11124567e-02
3.27900000e+04,1.32498468e-02,3.11135706e-02
3.28000000e+04,1.32504889e-02,3.11146497e-02
3.28100000e+04,1.32513082e-02,3.11160958e-02
3.28200000e+04,1.32521651e-02,3.11176842e-02
3.28300000e+04,1.32530123e-02,3.11191234e-02
3.28400000e+04,1.32537914e-02,3.11205263e-02
3.28500000e+04,1.32545465e-02,3.11217910e-02
3.28600000e+04,1.32552599e-02,3.11229931e-02
3.28700000e+04,1.32559262e-02,3.11241803e-02
3.28800000e+04,1.32566070e-02,3.11253085e-02
3.28900000e+04,1.32572590e-02,3.11264134e-02
3.29000000e+04,1.32579214e-02,3.11274820e-02
3.29100000e+04,1.32587564e-02,3.11289160e-02
3.29200000e+04,1.32597572e-02,3.11304898e-02
3.29300000e+04,1.32606451e-02,3.11319598e-02
3.29400000e+04,1.32614932e-02,3.11333396e-02
3.29500000e+04,1.32622889e-02,3.11346710e-02
3.29600000e+04,1.32630685e-02,3.11359038e-02
3.29700000e+04,1.32637624e-02,3.11371276e-02
3.29800000e+04,1.32644780e-02,3.11382476e-02
3.29900000e+04,1.32651256e-02,3.11393850e-02
3.30000000e+04,1.32657894e-02,3.11404665e-02
3.30100000e+04,1.32666147e-02,3.11419136e-02
3.30200000e+04,1.32674858e-02,3.11434087e-02
3.30300000e+04,1.32682942e-02,3.11448706e-02
3.30400000e+04,1.32691112e-02,3.11462549e-02
3.30500000e+04,1.32698819e-02,3.11475352e-02
3.30600000e+04,1.32705698e-02,3.11487937e-02
3.30700000e+04,1.32712529e-02,3.11499548e-02
3.30800000e+04,1.32719583e-02,3.11511046e-02
3.30900000e+04,1.32725727e-02,3.11521875e-02
3.31000000e+04,1.32732198e-02,3.11532890e-02
3.31100000e+04,1.32740027e-02,3.11547874e-02
3.31200000e+04,1.32748635e-02,3.11563111e-02
3.31300000e+04,1.32756802e-02,3.11578578e-02
3.31400000e+04,1.32764429e-02,3.11592748e-02
3.31500000e+04,1.32771883e-02,3.11606065e-02
3.31600000e+04,1.32778759e-02,3.11618699e-02
3.31700000e+04,1.32785104e-02,3.11630431e-02
3.31800000e+04,1.32791710e-02,3.11642136e-02
3.31900000e+04,1.32797973e-02,3.11652908e-02
3.32000000e+04,1.32804214e-02,3.11663299e-02
3.32100000e+04,1.32812334e-02,3.11677159e-02
3.32200000e+04,1.32821065e-02,3.11691944e-02
3.32300000e+04,1.32829518e-02,3.11705837e-02
3.32400000e+04,1.32837242e-02,3.11718808e-02
3.32500000e+04,1.32844583e-02,3.11731031e-02
3.32600000e+04,1.32851190e-02,3.11742485e-02
3.32700000e+04,1.32858130e-02,3.11753171e-02
3.32800000e+04,1.32864521e-02,3.11764197e-02
3.32900000e+04,1.32870903e-02,3.11774699e-02
3.33000000e+04,1.32877283e-02,3.11784905e-02
3.33100000e+04,1.32885499e-02,3.11798348e-02
3.33200000e+04,1.32894397e-02,3.11813344e-02
3.33300000e+04,1.32902842e-02,3.11827570e-02
3.33400000e+04,1.32910467e-02,3.11840496e-02
3.33500000e+04,1.32918079e-02,3.11852952e-02
3.33600000e+04,1.32925159e-02,3.11864603e-02
3.33700000e+04,1.32931987e-02,3.11875946e-02
3.33800000e+04,1.32938747e-02,3.11887039e-02
3.33900000e+04,1.32945257e-02,3.11897757e-02
3.34000000e+04,1.32951485e-02,3.11908009e-02
3.34100000e+04,1.32959002e-02,3.11921540e-02
3.34200000e+04,1.32966940e-02,3.11936204e-02
3.34300000e+04,1.32974775e-02,3.11950304e-02
3.34400000e+04,1.32981873e-02,3.11963255e-02
3.34500000e+04,1.32988722e-02,3.11975368e-02
3.34600000e+04,1.32995713e-02,3.11987325e-02
3.34700000e+04,1.33002081e-02,3.11998368e-02
3.34800000e+04,1.33008221e-02,3.12009325e-02
3.34900000e+04,1.33014263e-02,3.12019638e-02
3.35000000e+04,1.33020317e-02,3.12029516e-02
3.35100000e+04,1.33027485e-02,3.12041395e-02
3.35200000e+04,1.33035580e-02,3.12054188e-02
3.35300000e+04,1.33042895e-02,3.12066351e-02
3.35400000e+04,1.33050078e-02,3.12078085e-02
3.35500000e+04,1.33056812e-02,3.12089148e-02
3.35600000e+04,1.33063163e-02,3.12099542e-02
3.35700000e+04,1.33069569e-02,3.12109353e-02
3.35800000e+04,1.33075532e-02,3.12118701e-02
3.35900000e+04,1.33081297e-02,3.12128146e-02
3.36000000e+04,1.33086960e-02,3.12136558e-02
3.36100000e+04,1.33093723e-02,3.12147292e-02
3.36200000e+04,1.33100958e-02,3.12158303e-02
3.36300000e+04,1.33108241e-02,3.12168897e-02
3.36400000e+04,1.33114659e-02,3.12178943e-02
3.36500000e+04,1.33121202e-02,3.12188354e-02
3.36600000e+04,1.33126928e-02,3.12197063e-02
3.36700000e+04,1.33132702e-02,3.12206081e-02
3.36800000e+04,1.33138371e-02,3.12214028e-02
3.36900000e+04,1.33143848e-02,3.12222301e-02
3.37000000e+04,1.33149206e-02,3.12229906e-02
3.37100000e+04,1.33156919e-02,3.12240085e-02
3.37200000e+04,1.33165914e-02,3.12250349e-02
3.37300000e+04,1.33174020e-02,3.12260679e-02
3.37400000e+04,1.33181722e-02,3.12270307e-02
3.37500000e+04,1.33189002e-02,3.12278899e-02
3.37600000e+04,1.33195710e-02,3.12287699e-02
3.37700000e+04,1.33202233e-02,3.12296096e-02
3.37800000e+04,1.33208175e-02,3.12303976e-02
3.37900000e+04,1.33214009e-02,3.12311208e-02
3.38000000e+04,1.33219561e-02,3.12318525e-02
3.38100000e+04,1.33225747e-02,3.12328991e-02
3.38200000e+04,1.33232058e-02,3.12339629e-02
3.38300000e+04,1.33238284e-02,3.12349867e-02
3.38400000e+04,1.33243931e-02,3.12359472e-02
3.38500000e+04,1.33249550e-02,3.12368103e-02
3.38600000e+04,1.33254752e-02,3.12376775e-02
3.38700000e+04,1.33260002e-02,3.12384876e-02
3.38800000e+04,1.33264835e-02,3.12393164e-02
3.38900000e+04,1.33269602e-02,3.12400179e-02
3.39000000e+04,1.33274413e-02,3.12407525e-02
3.39100000e+04,1.33280924e-02,3.12418919e-02
3.39200000e+04,1.33288355e-02,3.12432375e-02
3.39300000e+04,1.33295188e-02,3.12444724e-02
3.39400000e+04,1.33301334e-02,3.12455967e-02
3.39500000e+04,1.33307427e-02,3.12466844e-02
3.39600000e+04,1.33312974e-02,3.12476247e-02
3.39700000e+04,1.33318822e-02,3.12485513e-02
3.39800000e+04,1.33323730e-02,3.12494538e-02
3.39900000e+04,1.33328715e-02,3.12502775e-02
3.40000000e+04,1.33334012e-02,3.12510264e-02
3.40100000e+04,1.33340575e-02,3.12518769e-02
3.40200000e+04,1.33348256e-02,3.12525950e-02
3.40300000e+04,1.33355427e-02,3.12532929e-02
3.40400000e+04,1.33361993e-02,3.12539651e-02
3.40500000e+04,1.33368101e-02,3.12546267e-02
3.40600000e+04,1.33373861e-02,3.12552251e-02
3.40700000e+04,1.33379435e-02,3.12558136e-02
3.40800000e+04,1.33384380e-02,3.12564250e-02
3.40900000e+04,1.33389424e-02,3.12569851e-02
3.41000000e+04,1.33394516e-02,3.12575358e-02
3.41100000e+04,1.33401178e-02,3.12583187e-02
3.41200000e+04,1.33408609e-02,3.12591755e-02
3.41300000e+04,1.33415386e-02,3.12599129e-02
3.41400000e+04,1.33421769e-02,3.12607032e-02
3.41500000e+04,1.33427814e-02,3.12613555e-02
3.41600000e+04,1.33433253e-02,3.12620183e-02
3.41700000e+04,1.33438286e-02,3.12626986e-02
3.41800000e+04,1.33443223e-02,3.12633136e-02
3.41900000e+04,1.33448246e-02,3.12639350e-02
3.42000000e+04,1.33452860e-02,3.12645488e-02
3.42100000e+04,1.33458651e-02,3.12653750e-02
3.42200000e+04,1.33464274e-02,3.12662919e-02
3.42300000e+04,1.33470078e-02,3.12671820e-02
3.42400000e+04,1.33475275e-02,3.12680119e-02
3.42500000e+04,1.33480391e-02,3.12687550e-02
3.42600000e+04,1.33485249e-02,3.12694997e-02
3.42700000e+04,1.33490198e-02,3.12702680e-02
3.42800000e+04,1.33494623e-02,3.12709637e-02
3.42900000e+04,1.33499370e-02,3.12716680e-02
3.43000000e+04,1.33503766e-02,3.12723624e-02
3.43100000e+04,1.33508749e-02,3.12731489e-02
3.43200000e+04,1.33514192e-02,3.12739650e-02
3.43300000e+04,1.33519507e-02,3.12748121e-02
3.43400000e+04,1.33524657e-02,3.12755950e-02
3.43500000e+04,1.33529579e-02,3.12763628e-02
3.43600000e+04,1.33534164e-02,3.12770984e-02
3.43700000e+04,1.33538998e-02,3.12778345e-02
3.43800000e+04,1.33543396e-02,3.12785380e-02
3.43900000e+04,1.33547601e-02,3.12792135e-02
3.44000000e+04,1.33552067e-02,3.12799002e-02
3.44100000e+04,1.33556770e-02,3.12806702e-02
3.44200000e+04,1.33561607e-02,3.12815078e-02
3.44300000e+04,1.33566811e-02,3.12823190e-02
3.44400000e+04,1.33571357e-02,3.12831013e-02
3.44500000e+04,1.33575916e-02,3.12838933e-02
3.44600000e+04,1.33580473e-02,3.12846369e-02
3.44700000e+04,1.33584681e-02,3.12853696e-02
3.44800000e+04,1.33589113e-02,3.12861080e-02
3.44900000e+04,1.33593262e-02,3.12867661e-02
3.45000000e+04,1.33596986e-02,3.12874380e-02
3.45100000e+04,1.33601678e-02,3.12882016e-02
3.45200000e+04,1.33606780e-02,3.12890240e-02
3.45300000e+04,1.33611626e-02,3.12898276e-02
3.45400000e+04,1.33616223e-02,3.12906124e-02
3.45500000e+04,1.33620617e-02,3.12913635e-02
3.45600000e+04,1.33624850e-02,3.12921046e-02
3.45700000e+04,1.33629173e-02,3.12928085e-02
3.45800000e+04,1.33633181e-02,3.12935142e-02
3.45900000e+04,1.33637153e-02,3.12941614e-02
3.46000000e+04,1.33641036e-02,3.12948362e-02
3.46100000e+04,1.33645509e-02,3.12955553e-02
3.46200000e+04,1.33650312e-02,3.12963684e-02
3.46300000e+04,1.33655032e-02,3.12971756e-02
3.46400000e+04,1.33659619e-02,3.12979269e-02
3.46500000e+04,1.33663924e-02,3.12986344e-02
3.46600000e+04,1.33668383e-02,3.12993068e-02
3.46700000e+04,1.33672467e-02,3.12999692e-02
3.46800000e+04,1.33676387e-02,3.13005905e-02
3.46900000e+04,1.33680460e-02,3.13012429e-02
3.47000000e+04,1.33684465e-02,3.13018387e-02
3.47100000e+04,1.33688967e-02,3.13026102e-02
3.47200000e+04,1.33694057e-02,3.13034161e-02
3.47300000e+04,1.33698791e-02,3.13041798e-02
3.47400000e+04,1.33703434e-02,3.13049329e-02
3.47500000e+04,1.33707845e-02,3.13056341e-02
3.47600000e+04,1.33712184e-02,3.13063355e-02
3.47700000e+04,1.33716442e-02,3.13069661e-02
3.47800000e+04,1.33720623e-02,3.13076518e-02
3.47900000e+04,1.33724406e-02,3.13082532e-02
3.48000000e+04,1.33728743e-02,3.13088969e-02
3.48100000e+04,1.33733206e-02,3.13095911e-02
3.48200000e+04,1.33737712e-02,3.13103744e-02
3.48300000e+04,1.33742233e-02,3.13111256e-02
3.48400000e+04,1.33746924e-02,3.13118639e-02
3.48500000e+04,1.33751139e-02,3.13125525e-02
3.48600000e+04,1.33755326e-02,3.13132272e-02
3.48700000e+04,1.33759436e-02,3.13139289e-02
3.48800000e+04,1.33763316e-02,3.13145393e-02
3.48900000e+04,1.33767320e-02,3.13151672e-02
3.49000000e+04,1.33771406e-02,3.13157931e-02
3.49100000e+04,1.33775702e-02,3.13165008e-02
3.49200000e+04,1.33780347e-02,3.13172766e-02
3.49300000e+04,1.33784733e-02,3.13179953e-02
3.49400000e+04,1.33789305e-02,3.13187109e-02
3.49500000e+04,1.33793383e-02,3.13194225e-02
3.49600000e+04,1.33797507e-02,3.13200723e-02
3.49700000e+04,1.33801582e-02,3.13207955e-02
3.49800000e+04,1.33805441e-02,3.13214690e-02
3.49900000e+04,1.33809347e-02,3.13220721e-02
3.50000000e+04,1.33813309e-02,3.13226876e-02
3.50100000e+04,1.33817645e-02,3.13233978e-02
3.50200000e+04,1.33822257e-02,3.13241719e-02
3.50300000e+04,1.33826857e-02,3.13249055e-02
3.50400000e+04,1.33831373e-02,3.13256083e-02
3.50500000e+04,1.33835596e-02,3.13262740e-02
3.50600000e+04,1.33840034e-02,3.13269573e-02
3.50700000e+04,1.33843948e-02,3.13276380e-02
3.50800000e+04,1.33848099e-02,3.13282664e-02
3.50900000e+04,1.33851784e-02,3.13289057e-02
3.51000000e+04,1.33856039e-02,3.13295077e-02
3.51100000e+04,1.33860174e-02,3.13302285e-02
3.51200000e+04,1.33864967e-02,3.13309345e-02
3.51300000e+04,1.33869575e-02,3.13316755e-02
3.51400000e+04,1.33874079e-02,3.13323624e-02
3.51500000e+04,1.33878267e-02,3.13330424e-02
3.51600000e+04,1.33882408e-02,3.13336987e-02
3.51700000e+04,1.33886542e-02,3.13343385e-02
3.51800000e+04,1.33890528e-02,3.13349377e-02
3.51900000e+04,1.33894515e-02,3.13355672e-02
3.52000000e+04,1.33898259e-02,3.13361644e-02
3.52100000e+04,1.33902620e-02,3.13368832e-02
3.52200000e+04,1.33906978e-02,3.13376406e-02
3.52300000e+04,1.33911695e-02,3.13383685e-02
3.52400000e+04,1.33915884e-02,3.13390952e-02
3.52500000e+04,1.33919905e-02,3.13397380e-02
3.52600000e+04,1.33924030e-02,3.13404287e-02
3.52700000e+04,1.33927846e-02,3.13411059e-02
3.52800000e+04,1.33931728e-02,3.13417599e-02
3.52900000e+04,1.33935169e-02,3.13423622e-02
3.53000000e+04,1.33938972e-02,3.13429334e-02
3.53100000e+04,1.33943092e-02,3.13436480e-02
3.53200000e+04,1.33947773e-02,3.13443513e-02
3.53300000e+04,1.33952404e-02,3.13451194e-02
3.53400000e+04,1.33956777e-02,3.13457722e-02
3.53500000e+04,1.33960712e-02,3.13464728e-02
3.53600000e+04,1.33964754e-02,3.13471181e-02
3.53700000e+04,1.33968246e-02,3.13477102e-02
3.53800000e+04,1.33972112e-02,3.13483138e-02
3.53900000e+04,1.33975643e-02,3.13488536e-02
3.54000000e+04,1.33979274e-02,3.13493981e-02
3.54100000e+04,1.33983361e-02,3.13500923e-02
3.54200000e+04,1.33987385e-02,3.13508560e-02
3.54300000e+04,1.33991666e-02,3.13515362e-02
3.54400000e+04,1.33995712e-02,3.13522276e-02
3.54500000e+04,1.33999347e-02,3.13528611e-02
3.54600000e+04,1.34003097e-02,3.13534541e-02
3.54700000e+04,1.34006628e-02,3.13540697e-02
3.54800000e+04,1.34010251e-02,3.13546573e-02
3.54900000e+04,1.34013800e-02,3.13551710e-02
3.55000000e+04,1.34017251e-02,3.13557169e-02
3.55100000e+04,1.34021217e-02,3.13563809e-02
3.55200000e+04,1.34025410e-02,3.13570434e-02
3.55300000e+04,1.34029544e-02,3.13577086e-02
3.55400000e+04,1.34033618e-02,3.13583443e-02
3.55500000e+04,1.34037406e-02,3.13589745e-02
3.55600000e+04,1.34041017e-02,3.13596134e-02
3.55700000e+04,1.34044750e-02,3.13601517e-02
3.55800000e+04,1.34048414e-02,3.13607593e-02
3.55900000e+04,1.34051873e-02,3.13613218e-02
3.56000000e+04,1.34055298e-02,3.13618876e-02
3.56100000e+04,1.34059095e-02,3.13625310e-02
3.56200000e+04,1.34063030e-02,3.13631982e-02
3.56300000e+04,1.34066938e-02,3.13638814e-02
3.56400000e+04,1.34070539e-02,3.13645193e-02
3.56500000e+04,1.34074130e-02,3.13651634e-02
3.56600000e+04,1.34077796e-02,3.13657451e-02
3.56700000e+04,1.34081321e-02,3.13663290e-02
3.56800000e+04,1.34084824e-02,3.13669461e-02
3.56900000e+04,1.34088139e-02,3.13675334e-02
3.57000000e+04,1.34091370e-02,3.13680900e-02
3.57100000e+04,1.34095280e-02,3.13687111e-02
3.57200000e+04,1.34099255e-02,3.13693720e-02
3.57300000e+04,1.34103185e-02,3.13700179e-02
3.57400000e+04,1.34106998e-02,3.13706552e-02
3.57500000e+04,1.34110701e-02,3.13712784e-02
3.57600000e+04,1.34114265e-02,3.13718712e-02
3.57700000e+04,1.34117648e-02,3.13724638e-02
3.57800000e+04,1.34121117e-02,3.13730336e-02
3.57900000e+04,1.34124461e-02,3.13735833e-02
3.58000000e+04,1.34127716e-02,3.13741694e-02
3.58100000e+04,1.34131405e-02,3.13747609e-02
3.58200000e+04,1.34135427e-02,3.13754466e-02
3.58300000e+04,1.34139304e-02,3.13761223e-02
3.58400000e+04,1.34142961e-02,3.13767120e-02
3.58500000e+04,1.34146667e-02,3.13773232e-02
3.58600000e+04,1.34150188e-02,3.13779358e-02
3.58700000e+04,1.34153805e-02,3.13785429e-02
3.58800000e+04,1.34157253e-02,3.13791219e-02
3.58900000e+04,1.34160830e-02,3.13796858e-02
3.59000000e+04,1.34163801e-02,3.13802515e-02
3.59100000e+04,1.34167576e-02,3.13808359e-02
3.59200000e+04,1.34171899e-02,3.13815311e-02
3.59300000e+04,1.34175982e-02,3.13821793e-02
3.59400000e+04,1.34179679e-02,3.13827754e-02
3.59500000e+04,1.34183391e-02,3.13833694e-02
3.59600000e+04,1.34186913e-02,3.13839944e-02
3.59700000e+04,1.34190456e-02,3.13845917e-02
3.59800000e+04,1.34193737e-02,3.13851269e-02
3.59900000e+04,1.34197134e-02,3.13857086e-02
3.60000000e+04,1.34200368e-02,3.13863124e-02
3.60100000e+04,1.34204018e-02,3.13869226e-02
3.60200000e+04,1.34208272e-02,3.13875939e-02
3.60300000e+04,1.34212157e-02,3.13882159e-02
3.60400000e+04,1.34215777e-02,3.13888662e-02
3.60500000e+04,1.34219323e-02,3.13894987e-02
3.60600000e+04,1.34223016e-02,3.13900824e-02
3.60700000e+04,1.34226470e-02,3.13906911e-02
3.60800000e+04,1.34229809e-02,3.13912502e-02
3.60900000e+04,1.34232995e-02,3.13918487e-02
3.61000000e+04,1.34236162e-02,3.13923509e-02
3.61100000e+04,1.34239908e-02,3.13930214e-02
3.61200000e+04,1.34243808e-02,3.13936481e-02
3.61300000e+04,1.34247586e-02,3.13942899e-02
3.61400000e+04,1.34251294e-02,3.13949260e-02
3.61500000e+04,1.34254674e-02,3.13955538e-02
3.61600000e+04,1.34258339e-02,3.13961162e-02
3.61700000e+04,1.34261693e-02,3.13967135e-02
3.61800000e+04,1.34264762e-02,3.13971950e-02
3.61900000e+04,1.34267883e-02,3.13977175e-02
3.62000000e+04,1.34270665e-02,3.13982448e-02
3.62100000e+04,1.34274488e-02,3.13988601e-02
3.62200000e+04,1.34278561e-02,3.13995142e-02
3.62300000e+04,1.34282673e-02,3.14001607e-02
3.62400000e+04,1.34286308e-02,3.14007686e-02
3.62500000e+04,1.34289588e-02,3.14013472e-02
3.62600000e+04,1.34292823e-02,3.14018702e-02
3.62700000e+04,1.34296106e-02,3.14023844e-02
3.62800000e+04,1.34299370e-02,3.14028953e-02
3.62900000e+04,1.34302278e-02,3.14033766e-02
3.63000000e+04,1.34305386e-02,3.14038434e-02
3.63100000e+04,1.34308981e-02,3.14043961e-02
3.63200000e+04,1.34312849e-02,3.14050416e-02
3.63300000e+04,1.34316626e-02,3.14056125e-02
3.63400000e+04,1.34320125e-02,3.14061626e-02
3.63500000e+04,1.34323271e-02,3.14066841e-02
3.63600000e+04,1.34326389e-02,3.14071979e-02
3.63700000e+04,1.34329690e-02,3.14077052e-02
3.63800000e+04,1.34332810e-02,3.14082214e-02
3.63900000e+04,1.34335914e-02,3.14086893e-02
3.64000000e+04,1.34338947e-02,3.14091961e-02
3.64100000e+04,1.34342550e-02,3.14097652e-02
3.64200000e+04,1.34346466e-02,3.14103552e-02
3.64300000e+04,1.34350114e-02,3.14109549e-02
3.64400000e+04,1.34353823e-02,3.14115291e-02
3.64500000e+04,1.34357217e-02,3.14120413e-02
3.64600000e+04,1.34360668e-02,3.14126108e-02
3.64700000e+04,1.34363826e-02,3.14131199e-02
3.64800000e+04,1.34367036e-02,3.14136570e-02
3.64900000e+04,1.34370171e-02,3.14141696e-02
3.65000000e+04,1.34373388e-02,3.14146328e-02
3.65100000e+04,1.34377054e-02,3.14152392e-02
3.65200000e+04,1.34380883e-02,3.14158608e-02
3.65300000e+04,1.34384876e-02,3.14164375e-02
3.65400000e+04,1.34388664e-02,3.14170124e-02
3.65500000e+04,1.34392335e-02,3.14175866e-02
3.65600000e+04,1.34395717e-02,3.14181496e-02
3.65700000e+04,1.34399086e-02,3.14186743e-02
3.65800000e+04,1.34402444e-02,3.14191458e-02
3.65900000e+04,1.34405818e-02,3.14196972e-02
3.66000000e+04,1.34409008e-02,3.14202069e-02
3.66100000e+04,1.34412377e-02,3.14207671e-02
3.66200000e+04,1.34415763e-02,3.14214017e-02
3.66300000e+04,1.34419230e-02,3.14220057e-02
3.66400000e+04,1.34422573e-02,3.14226251e-02
3.66500000e+04,1.34425966e-02,3.14231950e-02
3.66600000e+04,1.34429387e-02,3.14237432e-02
3.66700000e+04,1.34432561e-02,3.14242963e-02
3.66800000e+04,1.34435512e-02,3.14247889e-02
3.66900000e+04,1.34438612e-02,3.14253079e-02
3.67000000e+04,1.34441467e-02,3.14258500e-02
3.67100000e+04,1.34444869e-02,3.14263919e-02
3.67200000e+04,1.34448224e-02,3.14269924e-02
3.67300000e+04,1.34451347e-02,3.14275703e-02
3.67400000e+04,1.34454914e-02,3.14281071e-02
3.67500000e+04,1.34457880e-02,3.14286628e-02
3.67600000e+04,1.34460859e-02,3.14291628e-02
3.67700000e+04,1.34464067e-02,3.14296899e-02
3.67800000e+04,1.34466971e-02,3.14301663e-02
3.67900000e+04,1.34469739e-02,3.14306536e-02
3.68000000e+04,1.34472576e-02,3.14311707e-02
3.68100000e+04,1.34476077e-02,3.14316433e-02
3.68200000e+04,1.34479590e-02,3.14322124e-02
3.68300000e+04,1.34483044e-02,3.14327726e-02
3.68400000e+04,1.34486273e-02,3.14333081e-02
3.68500000e+04,1.34489367e-02,3.14338144e-02
3.68600000e+04,1.34492615e-02,3.14343112e-02
3.68700000e+04,1.34495759e-02,3.14348550e-02
3.68800000e+04,1.34498615e-02,3.14353047e-02
3.68900000e+04,1.34501366e-02,3.14357669e-02
3.69000000e+04,1.34504347e-02,3.14362380e-02
3.69100000e+04,1.34507092e-02,3.14367653e-02
3.69200000e+04,1.34509405e-02,3.14374076e-02
3.69300000e+04,1.34511882e-02,3.14379957e-02
3.69400000e+04,1.34514273e-02,3.14385835e-02
3.69500000e+04,1.34516687e-02,3.14391469e-02
3.69600000e+04,1.34519043e-02,3.14397161e-02
3.69700000e+04,1.34521400e-02,3.14402450e-02
3.69800000e+04,1.34523952e-02,3.14406775e-02
3.69900000e+04,1.34526074e-02,3.14411817e-02
3.70000000e+04,1.34528018e-02,3.14416445e-02
3.70100000e+04,1.34530678e-02,3.14422428e-02
3.70200000e+04,1.34532956e-02,3.14428849e-02
3.70300000e+04,1.34535478e-02,3.14434964e-02
3.70400000e+04,1.34537860e-02,3.14440967e-02
3.70500000e+04,1.34540097e-02,3.14446390e-02
3.70600000e+04,1.34542347e-02,3.14451649e-02
3.70700000e+04,1.34544496e-02,3.14456563e-02
3.70800000e+04,1.34546644e-02,3.14461583e-02
3.70900000e+04,1.34548349e-02,3.14465741e-02
3.71000000e+04,1.34550488e-02,3.14470210e-02
3.71100000e+04,1.34552842e-02,3.14475794e-02
3.71200000e+04,1.34555028e-02,3.14482492e-02
3.71300000e+04,1.34557334e-02,3.14488734e-02
3.71400000e+04,1.34559453e-02,3.14494376e-02
3.71500000e+04,1.34561717e-02,3.14499915e-02
3.71600000e+04,1.34563622e-02,3.14504921e-02
3.71700000e+04,1.34565438e-02,3.14509599e-02
3.71800000e+04,1.34567208e-02,3.14514369e-02
3.71900000e+04,1.34569018e-02,3.14518588e-02
3.72000000e+04,1.34570607e-02,3.14522658e-02
3.72100000e+04,1.34572365e-02,3.14527718e-02
3.72200000e+04,1.34574302e-02,3.14533361e-02
3.72300000e+04,1.34575829e-02,3.14538412e-02
3.72400000e+04,1.34577540e-02,3.14543143e-02
3.72500000e+04,1.34579164e-02,3.14547326e-02
3.72600000e+04,1.34580688e-02,3.14551264e-02
3.72700000e+04,1.34582223e-02,3.14555147e-02
3.72800000e+04,1.34583942e-02,3.14559190e-02
3.72900000e+04,1.34585566e-02,3.14562306e-02
