6.00010000e+04,1.11722316e+01,1.11602993e+01,1.19322692e-02
6.00110000e+04,3.40698078e+03,3.40505596e+03,1.92482268e+00
6.00210000e+04,1.91900923e+03,1.91795075e+03,1.05847676e+00
6.00310000e+04,8.64016914e+02,8.62886667e+02,1.13024773e+00
6.00410000e+04,4.15379197e+02,4.14396853e+02,9.82343210e-01
6.00510000e+04,2.12179229e+02,2.11335968e+02,8.43261083e-01
6.00610000e+04,1.23281860e+02,1.22541596e+02,7.40264087e-01
6.00710000e+04,8.53563139e+01,8.46906593e+01,6.65654543e-01
6.00810000e+04,6.52530840e+01,6.46300363e+01,6.23047668e-01
6.00910000e+04,5.34015937e+01,5.28023767e+01,5.99217067e-01
6.01010000e+04,4.53113934e+01,4.47245393e+01,5.86854105e-01
6.01110000e+04,3.94455724e+01,3.88713824e+01,5.74190023e-01
6.01210000e+04,3.50437670e+01,3.44801823e+01,5.63584676e-01
6.01310000e+04,3.16018864e+01,3.10469445e+01,5.54941962e-01
6.01410000e+04,2.88475280e+01,2.83009529e+01,5.46575155e-01
6.01510000e+04,2.65964093e+01,2.60570807e+01,5.39328555e-01
6.01610000e+04,2.47291558e+01,2.41962567e+01,5.32899141e-01
6.01710000e+04,2.31605193e+01,2.26334489e+01,5.27070378e-01
6.01810000e+04,2.18285988e+01,2.13069093e+01,5.21689570e-01
6.01910000e+04,2.06871641e+01,2.01704046e+01,5.16759444e-01
6.02010000e+04,1.97009906e+01,1.91886985e+01,5.12292095e-01
6.02110000e+04,1.88428168e+01,1.83346268e+01,5.08190035e-01
6.02210000e+04,1.80912288e+01,1.75867996e+01,5.04429202e-01
6.02310000e+04,1.74291909e+01,1.69282143e+01,5.00976527e-01
6.02410000e+04,1.68430304e+01,1.63452344e+01,4.97795986e-01
6.02510000e+04,1.63216272e+01,1.58267619e+01,4.94865255e-01
6.02610000e+04,1.58558751e+01,1.53637163e+01,4.92158754e-01
6.02710000e+04,1.54382642e+01,1.49486084e+01,4.89655789e-01
6.02810000e+04,1.50625035e+01,1.45751649e+01,4.87338617e-01
6.02910000e+04,1.47233604e+01,1.42381700e+01,4.85190363e-01
6.03010000e+04,1.44163851e+01,1.39331880e+01,4.83197128e-01
6.03020000e+04,3.84155412e+01,3.79565529e+01,4.58988286e-01
6.03120000e+04,2.39977322e+03,2.39788746e+03,1.88576413e+00
6.03220000e+04,1.31267874e+03,1.31137611e+03,1.30263479e+00
6.03320000e+04,5.87294290e+02,5.86167222e+02,1.12706785e+00
6.03420000e+04,2.69250322e+02,2.68314996e+02,9.35325954e-01
6.03520000e+04,1.40221557e+02,1.39243785e+02,9.77771613e-01
6.03620000e+04,8.74951519e+01,8.65568696e+01,9.38282286e-01
6.03720000e+04,6.30686261e+01,6.21531136e+01,9.15512535e-01
6.03820000e+04,4.75104028e+01,4.65723346e+01,9.38068266e-01
6.03920000e+04,3.86451282e+01,3.77055444e+01,9.39583771e-01
6.04020000e+04,3.23195276e+01,3.13814559e+01,9.38071725e-01
6.04120000e+04,2.77464681e+01,2.68102104e+01,9.36257704e-01
6.04220000e+04,2.42528631e+01,2.33190028e+01,9.33860258e-01
6.04320000e+04,2.15062146e+01,2.05757168e+01,9.30497833e-01
6.04420000e+04,1.93106502e+01,1.83844104e+01,9.26239871e-01
6.04520000e+04,1.75356039e+01,1.66136654e+01,9.21938549e-01
6.04620000e+04,1.60852838e+01,1.51675858e+01,9.17698036e-01
6.04720000e+04,1.48851594e+01,1.39716953e+01,9.13464135e-01
6.04820000e+04,1.38795314e+01,1.29702312e+01,9.09300209e-01
6.04920000e+04,1.30275945e+01,1.21222657e+01,9.05328795e-01
6.05020000e+04,1.22990422e+01,1.13975087e+01,9.01533539e-01
6.05120000e+04,1.16709053e+01,1.07729692e+01,8.97936155e-01
6.05220000e+04,1.11254464e+01,1.02309023e+01,8.94544109e-01
6.05320000e+04,1.06487965e+01,9.75745145e+00,8.91345036e-01
6.05420000e+04,1.02299339e+01,9.34159517e+00,8.88338689e-01
6.05520000e+04,9.85999914e+00,8.97449146e+00,8.85507682e-01
6.05620000e+04,9.53179024e+00,8.64894394e+00,8.82846304e-01
6.05720000e+04,9.23940332e+00,8.35905900e+00,8.80344323e-01
6.05820000e+04,8.97794866e+00,8.09995544e+00,8.77993215e-01
6.05920000e+04,8.74335266e+00,7.86756812e+00,8.75784537e-01
6.06020000e+04,8.53219529e+00,7.65848513e+00,8.73710155e-01
6.06030000e+04,4.51386737e+01,4.43135080e+01,8.25165711e-01
6.06130000e+04,1.81066437e+03,1.80901888e+03,1.64549300e+00
6.06230000e+04,9.91190086e+02,9.89644631e+02,1.54545463e+00
6.06330000e+04,3.92826391e+02,3.91706139e+02,1.12025250e+00
6.06430000e+04,1.69073404e+02,1.68092198e+02,9.81206401e-01
6.06530000e+04,8.56706832e+01,8.46294871e+01,1.04119606e+00
6.06630000e+04,5.07833427e+01,4.98194259e+01,9.63916847e-01
6.06730000e+04,3.21462428e+01,3.11701567e+01,9.76086155e-01
6.06830000e+04,2.37373479e+01,2.27651166e+01,9.72231291e-01
6.06930000e+04,1.87973227e+01,1.78348252e+01,9.62497482e-01
6.07030000e+04,1.55632758e+01,1.46020214e+01,9.61254433e-01
6.07130000e+04,1.32516303e+01,1.22927457e+01,9.58884567e-01
6.07230000e+04,1.15062667e+01,1.05499182e+01,9.56348451e-01
6.07330000e+04,1.01672972e+01,9.21382489e+00,9.53472320e-01
6.07430000e+04,9.11938387e+00,8.16830765e+00,9.51076223e-01
6.07530000e+04,8.29029305e+00,7.34161870e+00,9.48674351e-01
6.07630000e+04,7.62639826e+00,6.68044840e+00,9.45949864e-01
6.07730000e+04,7.08743896e+00,6.14396459e+00,9.43474362e-01
6.07830000e+04,6.64418149e+00,5.70326666e+00,9.40914827e-01
6.07930000e+04,6.27509955e+00,5.33673737e+00,9.38362187e-01
6.08030000e+04,5.96432736e+00,5.02843096e+00,9.35896398e-01
6.08130000e+04,5.69999601e+00,4.76651023e+00,9.33485784e-01
6.08230000e+04,5.47314068e+00,4.54198457e+00,9.31156107e-01
6.08330000e+04,5.27688601e+00,4.34796960e+00,9.28916407e-01
6.08430000e+04,5.10588916e+00,4.17912084e+00,9.26768319e-01
6.08530000e+04,4.95594663e+00,4.03122785e+00,9.24718777e-01
6.08630000e+04,4.82371936e+00,3.90095205e+00,9.22767307e-01
6.08730000e+04,4.70652238e+00,3.78560757e+00,9.20914813e-01
6.08830000e+04,4.60216590e+00,3.68300681e+00,9.19159085e-01
6.08930000e+04,4.50886339e+00,3.59136474e+00,9.17498653e-01
6.09030000e+04,4.42513064e+00,3.50920096e+00,9.15929676e-01
6.09040000e+04,4.33776611e+01,4.25175629e+01,8.60098274e-01
6.09140000e+04,1.40395401e+03,1.40265410e+03,1.29991389e+00
6.09240000e+04,7.18478812e+02,7.16994314e+02,1.48449825e+00
6.09340000e+04,2.48612489e+02,2.47480971e+02,1.13151765e+00
6.09440000e+04,1.16223329e+02,1.15228985e+02,9.94343840e-01
6.09540000e+04,5.76147621e+01,5.65418674e+01,1.07289466e+00
6.09640000e+04,2.97623767e+01,2.87863145e+01,9.76062250e-01
6.09740000e+04,1.76776191e+01,1.66911791e+01,9.86439942e-01
6.09840000e+04,1.24605941e+01,1.14825518e+01,9.78042275e-01
6.09940000e+04,9.63458475e+00,8.67629414e+00,9.58290608e-01
6.10040000e+04,7.96812515e+00,7.01092797e+00,9.57197179e-01
6.10140000e+04,6.92511501e+00,5.97411091e+00,9.51004104e-01
6.10240000e+04,6.19209731e+00,5.24741733e+00,9.44679979e-01
6.10340000e+04,5.64963421e+00,4.70913758e+00,9.40496633e-01
6.10440000e+04,5.23256175e+00,4.29677666e+00,9.35785091e-01
6.10540000e+04,4.90108258e+00,3.96948842e+00,9.31594164e-01
6.10640000e+04,4.63186296e+00,3.70402387e+00,9.27839090e-01
6.10740000e+04,4.40921094e+00,3.48495547e+00,9.24255471e-01
6.10840000e+04,4.22228429e+00,3.30132784e+00,9.20956442e-01
6.10940000e+04,4.06345483e+00,3.14558993e+00,9.17864899e-01
6.11040000e+04,3.92711509e+00,3.01211775e+00,9.14997342e-01
6.11140000e+04,3.80905655e+00,2.89673833e+00,9.12318222e-01
6.11240000e+04,3.70605157e+00,2.79622662e+00,9.09824945e-01
6.11340000e+04,3.61558321e+00,2.70808287e+00,9.07500332e-01
6.11440000e+04,3.53566429e+00,2.63032840e+00,9.05335895e-01
6.11540000e+04,3.46469969e+00,2.56138280e+00,9.03316894e-01
6.11640000e+04,3.40139659e+00,2.49996046e+00,9.01436133e-01
6.11740000e+04,3.34469303e+00,2.44501144e+00,8.99681595e-01
6.11840000e+04,3.29371517e+00,2.39566953e+00,8.98045645e-01
6.11940000e+04,3.24773348e+00,2.35121418e+00,8.96519296e-01
6.12040000e+04,3.20613081e+00,2.31103565e+00,8.95095160e-01
6.12050000e+04,3.99847483e+01,3.91419700e+01,8.42778292e-01
6.12150000e+04,1.22814259e+03,1.22699683e+03,1.14576016e+00
6.12250000e+04,6.24080941e+02,6.22554363e+02,1.52657816e+00
6.12350000e+04,2.12520817e+02,2.11478433e+02,1.04238416e+00
6.12450000e+04,8.40358628e+01,8.30248727e+01,1.01099010e+00
6.12550000e+04,4.31119048e+01,4.20942822e+01,1.01762258e+00
6.12650000e+04,2.14297841e+01,2.04806537e+01,9.49130367e-01
6.12750000e+04,1.30584587e+01,1.20860472e+01,9.72411438e-01
6.12850000e+04,9.16869738e+00,8.21512526e+00,9.53572115e-01
6.12950000e+04,7.29975505e+00,6.35564065e+00,9.44114403e-01
6.13050000e+04,6.21717656e+00,5.27633584e+00,9.40840726e-01
6.13150000e+04,5.52083182e+00,4.58783897e+00,9.32992848e-01
6.13250000e+04,5.04277813e+00,4.11444736e+00,9.28330765e-01
6.13350000e+04,4.68613923e+00,3.76247406e+00,9.23665171e-01
6.13450000e+04,4.40743959e+00,3.48797032e+00,9.19469262e-01
6.13550000e+04,4.18331945e+00,3.26751136e+00,9.15808084e-01
6.13650000e+04,3.99891219e+00,3.08650035e+00,9.12411836e-01
6.13750000e+04,3.84459633e+00,2.93529538e+00,9.09300954e-01
6.13850000e+04,3.71369826e+00,2.80724472e+00,9.06453538e-01
6.13950000e+04,3.60141469e+00,2.69760506e+00,9.03809627e-01
6.14050000e+04,3.50418873e+00,2.60280044e+00,9.01388289e-01
6.14150000e+04,3.41931813e+00,2.52016963e+00,8.99148499e-01
6.14250000e+04,3.34471788e+00,2.44763356e+00,8.97084317e-01
6.14350000e+04,3.27874995e+00,2.38357408e+00,8.95175868e-01
6.14450000e+04,3.22009976e+00,2.32668854e+00,8.93411225e-01
6.14550000e+04,3.16771269e+00,2.27593627e+00,8.91776423e-01
6.14650000e+04,3.12072340e+00,2.23046177e+00,8.90261628e-01
6.14750000e+04,3.07842109e+00,2.18956437e+00,8.88856721e-01
6.14850000e+04,3.04020902e+00,2.15265646e+00,8.87552567e-01
6.14950000e+04,3.00559145e+00,2.11924994e+00,8.86341508e-01
6.15050000e+04,2.97414363e+00,2.08892778e+00,8.85215849e-01
6.15060000e+04,3.64346912e+01,3.55987396e+01,8.35951661e-01
6.15160000e+04,1.09344702e+03,1.09236115e+03,1.08587247e+00
6.15260000e+04,5.67668894e+02,5.66243037e+02,1.42585757e+00
6.15360000e+04,1.97978295e+02,1.96911698e+02,1.06659727e+00
6.15460000e+04,7.73414551e+01,7.63232935e+01,1.01816157e+00
6.15560000e+04,3.74157063e+01,3.64123252e+01,1.00338110e+00
6.15660000e+04,1.86555470e+01,1.76790106e+01,9.76536437e-01
6.15760000e+04,1.17119259e+01,1.07397141e+01,9.72211831e-01
6.15860000e+04,8.35402252e+00,7.39142474e+00,9.62597778e-01
6.15960000e+04,6.72419510e+00,5.76834720e+00,9.55847900e-01
6.16060000e+04,5.75755238e+00,4.80723694e+00,9.50315443e-01
6.16160000e+04,5.15795705e+00,4.21171845e+00,9.46238600e-01
6.16260000e+04,4.73707437e+00,3.79570396e+00,9.41370414e-01
6.16360000e+04,4.41869802e+00,3.48063648e+00,9.38061543e-01
6.16460000e+04,4.17066205e+00,3.23586439e+00,9.34797652e-01
6.16560000e+04,3.97095937e+00,3.03906723e+00,9.31892131e-01
6.16660000e+04,3.80669568e+00,2.87747518e+00,9.29220503e-01
6.16760000e+04,3.66928848e+00,2.74250855e+00,9.26779923e-01
6.16860000e+04,3.55279846e+00,2.62824525e+00,9.24553214e-01
6.16960000e+04,3.45293489e+00,2.53045790e+00,9.22476996e-01
6.17060000e+04,3.36651318e+00,2.44592722e+00,9.20585963e-01
6.17160000e+04,3.29112622e+00,2.37229734e+00,9.18828878e-01
6.17260000e+04,3.22490297e+00,2.30768744e+00,9.17215527e-01
6.17360000e+04,3.16637451e+00,2.25065783e+00,9.15716674e-01
6.17460000e+04,3.11437139e+00,2.20003813e+00,9.14333265e-01
6.17560000e+04,3.06794671e+00,2.15489780e+00,9.13048910e-01
6.17660000e+04,3.02632545e+00,2.11446667e+00,9.11858783e-01
6.17760000e+04,2.98887482e+00,2.07812172e+00,9.10753106e-01
6.17860000e+04,2.95506115e+00,2.04533486e+00,9.09726283e-01
6.17960000e+04,2.92444219e+00,2.01567059e+00,9.08771597e-01
6.18060000e+04,2.89663700e+00,1.98875368e+00,9.07883326e-01
6.18070000e+04,3.34478109e+01,3.25854001e+01,8.62410796e-01
6.18170000e+04,1.04584100e+03,1.04470216e+03,1.13884005e+00
6.18270000e+04,5.24206295e+02,5.22758206e+02,1.44808970e+00
6.18370000e+04,1.90887964e+02,1.89795876e+02,1.09208808e+00
6.18470000e+04,7.06388266e+01,6.95822321e+01,1.05659451e+00
6.18570000e+04,3.43883836e+01,3.33497515e+01,1.03863212e+00
6.18670000e+04,1.74013010e+01,1.63925160e+01,1.00878503e+00
6.18770000e+04,1.09291335e+01,9.91680602e+00,1.01232746e+00
6.18870000e+04,7.88028848e+00,6.88125130e+00,9.99037186e-01
6.18970000e+04,6.41347049e+00,5.41717544e+00,9.96295052e-01
6.19070000e+04,5.57320923e+00,4.58342605e+00,9.89783172e-01
6.19170000e+04,5.04572133e+00,4.05924557e+00,9.86475760e-01
6.19270000e+04,4.67278405e+00,3.68993605e+00,9.82848000e-01
6.19370000e+04,4.38876591e+00,3.40934004e+00,9.79425866e-01
6.19470000e+04,4.16570569e+00,3.18904442e+00,9.76661266e-01
6.19570000e+04,3.98514744e+00,3.01128236e+00,9.73865082e-01
6.19670000e+04,3.83567413e+00,2.86415947e+00,9.71514654e-01
6.19770000e+04,3.71002321e+00,2.74085761e+00,9.69165598e-01
6.19870000e+04,3.60305416e+00,2.63595673e+00,9.67097429e-01
6.19970000e+04,3.51102884e+00,2.54589700e+00,9.65131838e-01
6.20070000e+04,3.43115911e+00,2.46782045e+00,9.63338661e-01
6.20170000e+04,3.36130555e+00,2.39964078e+00,9.61664773e-01
6.20270000e+04,3.29980717e+00,2.33968236e+00,9.60124809e-01
6.20370000e+04,3.24534633e+00,2.28665564e+00,9.58690690e-01
6.20470000e+04,3.19687036e+00,2.23950847e+00,9.57361881e-01
6.20570000e+04,3.15352341e+00,2.19739681e+00,9.56126604e-01
6.20670000e+04,3.11460683e+00,2.15962858e+00,9.54978259e-01
6.20770000e+04,3.07953904e+00,2.12562872e+00,9.53910325e-01
6.20870000e+04,3.04783897e+00,2.09492292e+00,9.52916041e-01
6.20970000e+04,3.01909555e+00,2.06710526e+00,9.51990289e-01
6.21070000e+04,2.99296967e+00,2.04184192e+00,9.51127757e-01
6.21080000e+04,3.03964229e+01,2.94907897e+01,9.05633195e-01
6.21180000e+04,9.31978824e+02,9.30817754e+02,1.16106994e+00
6.21280000e+04,4.44082152e+02,4.42646304e+02,1.43584730e+00
6.21380000e+04,1.69188132e+02,1.68027655e+02,1.16047664e+00
6.21480000e+04,6.68960783e+01,6.57933417e+01,1.10273662e+00
6.21580000e+04,2.90094143e+01,2.79124219e+01,1.09699240e+00
6.21680000e+04,1.56709907e+01,1.46134872e+01,1.05750347e+00
6.21780000e+04,9.97081671e+00,8.91359063e+00,1.05722609e+00
6.21880000e+04,7.44705562e+00,6.39971115e+00,1.04734448e+00
6.21980000e+04,6.08104778e+00,5.03824139e+00,1.04280639e+00
6.22080000e+04,5.35649971e+00,4.31992562e+00,1.03657408e+00
6.22180000e+04,4.88530369e+00,3.85318043e+00,1.03212325e+00
6.22280000e+04,4.54360799e+00,3.51489953e+00,1.02870846e+00
6.22380000e+04,4.28527830e+00,3.26041749e+00,1.02486081e+00
6.22480000e+04,4.08175431e+00,3.05965823e+00,1.02209608e+00
6.22580000e+04,3.91620681e+00,2.89709851e+00,1.01910830e+00
6.22680000e+04,3.77884580e+00,2.76221693e+00,1.01662887e+00
6.22780000e+04,3.66314215e+00,2.64889517e+00,1.01424698e+00
6.22880000e+04,3.56446612e+00,2.55234730e+00,1.01211882e+00
6.22980000e+04,3.47946351e+00,2.46931745e+00,1.01014606e+00
6.23080000e+04,3.40560508e+00,2.39727484e+00,1.00833024e+00
6.23180000e+04,3.34095106e+00,2.33429828e+00,1.00665278e+00
6.23280000e+04,3.28399034e+00,2.27888337e+00,1.00510697e+00
6.23380000e+04,3.23351969e+00,2.22984496e+00,1.00367472e+00
6.23480000e+04,3.18857570e+00,2.18622769e+00,1.00234801e+00
6.23580000e+04,3.14837437e+00,2.14725785e+00,1.00111652e+00
6.23680000e+04,3.11227156e+00,2.11229784e+00,9.99973715e-01
6.23780000e+04,3.07973323e+00,2.08082214e+00,9.98911092e-01
6.23880000e+04,3.05031502e+00,2.05239246e+00,9.97922567e-01
6.23980000e+04,3.02363811e+00,2.02663556e+00,9.97002554e-01
6.24080000e+04,2.99938682e+00,2.00324136e+00,9.96145464e-01
6.24090000e+04,2.76643907e+01,2.67127203e+01,9.51670388e-01
6.24190000e+04,9.23880599e+02,9.22694047e+02,1.18655202e+00
6.24290000e+04,3.86481030e+02,3.85065172e+02,1.41585791e+00
6.24390000e+04,1.49725291e+02,1.48527385e+02,1.19790593e+00
6.24490000e+04,6.40895550e+01,6.29570202e+01,1.13253476e+00
6.24590000e+04,2.92367969e+01,2.81175785e+01,1.11921843e+00
6.24690000e+04,1.42446857e+01,1.31508265e+01,1.09385916e+00
6.24790000e+04,9.38367057e+00,8.29491458e+00,1.08875599e+00
6.24890000e+04,7.00787923e+00,5.92645534e+00,1.08142389e+00
6.24990000e+04,5.81334665e+00,4.73790769e+00,1.07543896e+00
6.25090000e+04,5.14774453e+00,4.07628006e+00,1.07146447e+00
6.25190000e+04,4.72390080e+00,3.65761202e+00,1.06628878e+00
6.25290000e+04,4.42275219e+00,3.35908346e+00,1.06366874e+00
6.25390000e+04,4.19782875e+00,3.13769340e+00,1.06013535e+00
6.25490000e+04,4.02031174e+00,2.96269812e+00,1.05761362e+00
6.25590000e+04,3.87589037e+00,2.82084875e+00,1.05504162e+00
6.25690000e+04,3.75601496e+00,2.70333011e+00,1.05268485e+00
6.25790000e+04,3.65480400e+00,2.60420739e+00,1.05059661e+00
6.25890000e+04,3.56824644e+00,2.51964482e+00,1.04860162e+00
6.25990000e+04,3.49344935e+00,2.44664997e+00,1.04679939e+00
6.26090000e+04,3.42825489e+00,2.38314330e+00,1.04511159e+00
6.26190000e+04,3.37100733e+00,2.32744687e+00,1.04356046e+00
6.26290000e+04,3.32041317e+00,2.27830138e+00,1.04211179e+00
6.26390000e+04,3.27545317e+00,2.23468114e+00,1.04077203e+00
6.26490000e+04,3.23530330e+00,2.19578077e+00,1.03952253e+00
6.26590000e+04,3.19929369e+00,2.16093327e+00,1.03836042e+00
6.26690000e+04,3.16687378e+00,2.12959607e+00,1.03727772e+00
6.26790000e+04,3.13758527e+00,2.10131703e+00,1.03626825e+00
6.26890000e+04,3.11104621e+00,2.07571926e+00,1.03532695e+00
6.26990000e+04,3.08693271e+00,2.05248410e+00,1.03444860e+00
6.27090000e+04,3.06496855e+00,2.03133969e+00,1.03362886e+00
6.27100000e+04,2.52673625e+01,2.42773724e+01,9.89990136e-01
6.27200000e+04,8.21771917e+02,8.20550035e+02,1.22188190e+00
6.27300000e+04,3.51601345e+02,3.50140848e+02,1.46049746e+00
6.27400000e+04,1.35059766e+02,1.33827868e+02,1.23189743e+00
6.27500000e+04,5.70951985e+01,5.59138317e+01,1.18136684e+00
6.27600000e+04,2.68615399e+01,2.57053919e+01,1.15614801e+00
6.27700000e+04,1.41348915e+01,1.30015758e+01,1.13331572e+00
6.27800000e+04,8.79358119e+00,7.66747349e+00,1.12610770e+00
6.27900000e+04,6.65144893e+00,5.53129737e+00,1.12015156e+00
6.28000000e+04,5.59426692e+00,4.48100815e+00,1.11325878e+00
6.28100000e+04,4.97965589e+00,3.87095650e+00,1.10869939e+00
6.28200000e+04,4.59837640e+00,3.49339555e+00,1.10498085e+00
6.28300000e+04,4.33219485e+00,3.23102517e+00,1.10116968e+00
6.28400000e+04,4.12963572e+00,3.03163531e+00,1.09800041e+00
6.28500000e+04,3.96976770e+00,2.87483952e+00,1.09492818e+00
6.28600000e+04,3.83927661e+00,2.74687761e+00,1.09239900e+00
6.28700000e+04,3.73053784e+00,2.64056465e+00,1.08997319e+00
6.28800000e+04,3.63850240e+00,2.55075462e+00,1.08774778e+00
6.28900000e+04,3.55963519e+00,2.47391103e+00,1.08572416e+00
6.29000000e+04,3.49138795e+00,2.40754482e+00,1.08384313e+00
6.29100000e+04,3.43182963e+00,2.34971597e+00,1.08211366e+00
6.29200000e+04,3.37948141e+00,2.29897191e+00,1.08050950e+00
6.29300000e+04,3.33318203e+00,2.25415810e+00,1.07902393e+00
6.29400000e+04,3.29201190e+00,2.21436929e+00,1.07764261e+00
6.29500000e+04,3.25522481e+00,2.17886437e+00,1.07636043e+00
6.29600000e+04,3.22221451e+00,2.14704752e+00,1.07516698e+00
6.29700000e+04,3.19248203e+00,2.11842601e+00,1.07405602e+00
6.29800000e+04,3.16561147e+00,2.09259077e+00,1.07302070e+00
6.29900000e+04,3.14125434e+00,2.06919857e+00,1.07205577e+00
6.30000000e+04,3.11911428e+00,2.04795874e+00,1.07115554e+00
6.30100000e+04,3.09894200e+00,2.02862651e+00,1.07031549e+00
6.30110000e+04,2.32972319e+01,2.22701345e+01,1.02709743e+00
6.30210000e+04,8.05158315e+02,8.03900790e+02,1.25752458e+00
6.30310000e+04,3.10323812e+02,3.08870481e+02,1.45333178e+00
6.30410000e+04,1.16118106e+02,1.14852683e+02,1.26542314e+00
6.30510000e+04,4.84612018e+01,4.72662628e+01,1.19493895e+00
6.30610000e+04,2.35715993e+01,2.23789875e+01,1.19261179e+00
6.30710000e+04,1.36511833e+01,1.24886089e+01,1.16257441e+00
6.30810000e+04,8.38094678e+00,7.22558663e+00,1.15536015e+00
6.30910000e+04,6.35507649e+00,5.20767658e+00,1.14739991e+00
6.31010000e+04,5.36693067e+00,4.22529930e+00,1.14163137e+00
6.31110000e+04,4.85033518e+00,3.71309031e+00,1.13724487e+00
6.31210000e+04,4.51465701e+00,3.38144692e+00,1.13321009e+00
6.31310000e+04,4.27944779e+00,3.14953539e+00,1.12991240e+00
6.31410000e+04,4.10165936e+00,2.97497240e+00,1.12668696e+00
6.31510000e+04,3.96098876e+00,2.83694488e+00,1.12404388e+00
6.31610000e+04,3.84607709e+00,2.72456872e+00,1.12150837e+00
6.31710000e+04,3.74988254e+00,2.63072780e+00,1.11915474e+00
6.31810000e+04,3.66811349e+00,2.55108973e+00,1.11702376e+00
6.31910000e+04,3.59769210e+00,2.48267663e+00,1.11501547e+00
6.32010000e+04,3.53643000e+00,2.42324739e+00,1.11318261e+00
6.32110000e+04,3.48268948e+00,2.37121631e+00,1.11147317e+00
6.32210000e+04,3.43521009e+00,2.32532843e+00,1.10988166e+00
6.32310000e+04,3.39301078e+00,2.28460658e+00,1.10840420e+00
6.32410000e+04,3.35530549e+00,2.24827969e+00,1.10702580e+00
6.32510000e+04,3.32146789e+00,2.21572474e+00,1.10574314e+00
6.32610000e+04,3.29098414e+00,2.18643893e+00,1.10454521e+00
6.32710000e+04,3.26343526e+00,2.16000639e+00,1.10342888e+00
6.32810000e+04,3.23847039e+00,2.13608416e+00,1.10238623e+00
6.32910000e+04,3.21579031e+00,2.11437753e+00,1.10141278e+00
6.33010000e+04,3.19513721e+00,2.09463348e+00,1.10050372e+00
6.33110000e+04,3.17628554e+00,2.07663147e+00,1.09965407e+00
6.33120000e+04,2.15408724e+01,2.04826120e+01,1.05826034e+00
6.33220000e+04,6.87814529e+02,6.86525067e+02,1.28946287e+00
6.33320000e+04,2.97345275e+02,2.95897482e+02,1.44779217e+00
6.33420000e+04,1.12730575e+02,1.11441301e+02,1.28927374e+00
6.33520000e+04,4.40711751e+01,4.28525218e+01,1.21865335e+00
6.33620000e+04,2.07287583e+01,1.95249798e+01,1.20377859e+00
6.33720000e+04,1.20409046e+01,1.08609324e+01,1.17997223e+00
6.33820000e+04,7.74369038e+00,6.56636355e+00,1.17732683e+00
6.33920000e+04,5.97766539e+00,4.80980366e+00,1.16786173e+00
6.34020000e+04,5.14981386e+00,3.98593531e+00,1.16387855e+00
6.34120000e+04,4.68625475e+00,3.52626168e+00,1.15999307e+00
6.34220000e+04,4.38808619e+00,3.23309824e+00,1.15498796e+00
6.34320000e+04,4.18128026e+00,3.02899771e+00,1.15228254e+00
6.34420000e+04,4.02418384e+00,2.87512155e+00,1.14906230e+00
6.34520000e+04,3.89945830e+00,2.75309896e+00,1.14635933e+00
6.34620000e+04,3.79695726e+00,2.65302703e+00,1.14393022e+00
6.34720000e+04,3.71094842e+00,2.56934421e+00,1.14160421e+00
6.34820000e+04,3.63763335e+00,2.49816105e+00,1.13947230e+00
6.34920000e+04,3.57437957e+00,2.43690307e+00,1.13747650e+00
6.35020000e+04,3.51926328e+00,2.38361234e+00,1.13565094e+00
6.35120000e+04,3.47084479e+00,2.33691307e+00,1.13393172e+00
6.35220000e+04,3.42801596e+00,2.29567196e+00,1.13234400e+00
6.35320000e+04,3.38991313e+00,2.25905430e+00,1.13085883e+00
6.35420000e+04,3.35583876e+00,2.22636334e+00,1.12947542e+00
6.35520000e+04,3.32523480e+00,2.19705160e+00,1.12818320e+00
6.35620000e+04,3.29764013e+00,2.17066315e+00,1.12697697e+00
6.35720000e+04,3.27267378e+00,2.14682416e+00,1.12584962e+00
6.35820000e+04,3.25001581e+00,2.12521979e+00,1.12479602e+00
6.35920000e+04,3.22939913e+00,2.10558815e+00,1.12381098e+00
6.36020000e+04,3.21059226e+00,2.08770273e+00,1.12288953e+00
6.36120000e+04,3.19340173e+00,2.07137412e+00,1.12202761e+00
6.36130000e+04,2.01113261e+01,1.90306768e+01,1.08064930e+00
6.36230000e+04,6.06470271e+02,6.05197238e+02,1.27303354e+00
6.36330000e+04,2.52914691e+02,2.51479854e+02,1.43483657e+00
6.36430000e+04,9.70281523e+01,9.57371782e+01,1.29097403e+00
6.36530000e+04,3.87315109e+01,3.75044994e+01,1.22701151e+00
6.36630000e+04,1.96641282e+01,1.84433597e+01,1.22076848e+00
6.36730000e+04,1.10329849e+01,9.84250162e+00,1.19048327e+00
6.36830000e+04,7.52999357e+00,6.33549503e+00,1.19449854e+00
6.36930000e+04,5.80828666e+00,4.62108332e+00,1.18720334e+00
6.37030000e+04,5.03636486e+00,3.85442852e+00,1.18193634e+00
6.37130000e+04,4.61386592e+00,3.43600124e+00,1.17786468e+00
6.37230000e+04,4.33069300e+00,3.15760793e+00,1.17308507e+00
6.37330000e+04,4.13138031e+00,2.96125351e+00,1.17012680e+00
6.37430000e+04,3.98227006e+00,2.81521165e+00,1.16705841e+00
6.37530000e+04,3.86403215e+00,2.69969920e+00,1.16433294e+00
6.37630000e+04,3.76707558e+00,2.60527793e+00,1.16179765e+00
6.37730000e+04,3.68591396e+00,2.52651044e+00,1.15940352e+00
6.37830000e+04,3.61690756e+00,2.45962908e+00,1.15727848e+00
6.37930000e+04,3.55750681e+00,2.40226188e+00,1.15524492e+00
6.38030000e+04,3.50585000e+00,2.35245660e+00,1.15339340e+00
6.38130000e+04,3.46055069e+00,2.30890172e+00,1.15164897e+00
6.38230000e+04,3.42054157e+00,2.27050357e+00,1.15003800e+00
6.38330000e+04,3.38498934e+00,2.23645892e+00,1.14853042e+00
6.38430000e+04,3.35323104e+00,2.20610395e+00,1.14712709e+00
6.38530000e+04,3.32473097e+00,2.17891499e+00,1.14581598e+00
6.38630000e+04,3.29905365e+00,2.15446105e+00,1.14459260e+00
6.38730000e+04,3.27583846e+00,2.13238957e+00,1.14344889e+00
6.38830000e+04,3.25478330e+00,2.11240274e+00,1.14238055e+00
6.38930000e+04,3.23563333e+00,2.09425184e+00,1.14138150e+00
6.39030000e+04,3.21817650e+00,2.07772906e+00,1.14044743e+00
6.39130000e+04,3.20222519e+00,2.06265135e+00,1.13957384e+00
6.39140000e+04,1.86137802e+01,1.75161045e+01,1.09767562e+00
6.39240000e+04,5.07264578e+02,5.05985491e+02,1.27908680e+00
6.39340000e+04,2.30994824e+02,2.29606216e+02,1.38860821e+00
6.39440000e+04,8.79677977e+01,8.66679633e+01,1.29983440e+00
6.39540000e+04,3.81773190e+01,3.69400977e+01,1.23722133e+00
6.39640000e+04,1.89444791e+01,1.77060403e+01,1.23843888e+00
6.39740000e+04,1.07724937e+01,9.56333227e+00,1.20916142e+00
6.39840000e+04,7.48305046e+00,6.27234752e+00,1.21070293e+00
6.39940000e+04,5.85382241e+00,4.65052166e+00,1.20330076e+00
6.40040000e+04,5.13624061e+00,3.93801392e+00,1.19822669e+00
6.40140000e+04,4.71587653e+00,3.52225537e+00,1.19362116e+00
6.40240000e+04,4.43751896e+00,3.24893304e+00,1.18858593e+00
6.40340000e+04,4.24264745e+00,3.05720919e+00,1.18543825e+00
6.40440000e+04,4.09315741e+00,2.91095756e+00,1.18219986e+00
6.40540000e+04,3.97426354e+00,2.79497370e+00,1.17928984e+00
6.40640000e+04,3.87643291e+00,2.69989426e+00,1.17653865e+00
6.40740000e+04,3.79442525e+00,2.62049320e+00,1.17393206e+00
6.40840000e+04,3.72464680e+00,2.55302617e+00,1.17162062e+00
6.40940000e+04,3.66447444e+00,2.49502386e+00,1.16945058e+00
6.41040000e+04,3.61207329e+00,2.44462745e+00,1.16744585e+00
6.41140000e+04,3.56606284e+00,2.40048590e+00,1.16557694e+00
6.41240000e+04,3.52537836e+00,2.36153999e+00,1.16383837e+00
6.41340000e+04,3.48919065e+00,2.32697256e+00,1.16221808e+00
6.41440000e+04,3.45683666e+00,2.29612893e+00,1.16070773e+00
6.41540000e+04,3.42778161e+00,2.26848222e+00,1.15929939e+00
6.41640000e+04,3.40158671e+00,2.24360101e+00,1.15798570e+00
6.41740000e+04,3.37788819e+00,2.22112923e+00,1.15675896e+00
6.41840000e+04,3.35638160e+00,2.20076811e+00,1.15561349e+00
6.41940000e+04,3.33681177e+00,2.18226823e+00,1.15454355e+00
6.42040000e+04,3.31896186e+00,2.16541810e+00,1.15354376e+00
6.42140000e+04,3.30264303e+00,2.15003360e+00,1.15260944e+00
6.42150000e+04,1.70483410e+01,1.59377202e+01,1.11062073e+00
6.42250000e+04,5.49760895e+02,5.48455381e+02,1.30551401e+00
6.42350000e+04,2.30411258e+02,2.28994866e+02,1.41639218e+00
6.42450000e+04,8.60057388e+01,8.47168472e+01,1.28889157e+00
6.42550000e+04,3.33163523e+01,3.20678884e+01,1.24846391e+00
6.42650000e+04,1.67061958e+01,1.54840687e+01,1.22212715e+00
6.42750000e+04,9.86524849e+00,8.65368356e+00,1.21156494e+00
6.42850000e+04,6.90032922e+00,5.69022189e+00,1.21010733e+00
6.42950000e+04,5.57275462e+00,4.37125624e+00,1.20149838e+00
6.43050000e+04,4.89078070e+00,3.69141706e+00,1.19936364e+00
6.43150000e+04,4.49859713e+00,3.30465746e+00,1.19393967e+00
6.43250000e+04,4.25425474e+00,3.06318571e+00,1.19106903e+00
6.43350000e+04,4.08424605e+00,2.89632921e+00,1.18791684e+00
6.43450000e+04,3.95451014e+00,2.76927666e+00,1.18523349e+00
6.43550000e+04,3.85173627e+00,2.66884860e+00,1.18288767e+00
6.43650000e+04,3.76748260e+00,2.58693651e+00,1.18054609e+00
6.43750000e+04,3.69695869e+00,2.51848384e+00,1.17847486e+00
6.43850000e+04,3.63692770e+00,2.46047811e+00,1.17644959e+00
6.43950000e+04,3.58516917e+00,2.41055773e+00,1.17461144e+00
6.44050000e+04,3.54007295e+00,2.36721055e+00,1.17286240e+00
6.44150000e+04,3.50044022e+00,2.32918768e+00,1.17125254e+00
6.44250000e+04,3.46535442e+00,2.29561691e+00,1.16973751e+00
6.44350000e+04,3.43410547e+00,2.26578053e+00,1.16832494e+00
6.44450000e+04,3.40612445e+00,2.23912424e+00,1.16700021e+00
6.44550000e+04,3.38095651e+00,2.21519576e+00,1.16576075e+00
6.44650000e+04,3.35822704e+00,2.19362774e+00,1.16459929e+00
6.44750000e+04,3.33762592e+00,2.17411561e+00,1.16351031e+00
6.44850000e+04,3.31889183e+00,2.15640320e+00,1.16248863e+00
6.44950000e+04,3.30180549e+00,2.14027772e+00,1.16152777e+00
6.45050000e+04,3.28617897e+00,2.12555628e+00,1.16062269e+00
6.45150000e+04,3.27185926e+00,2.11208886e+00,1.15977040e+00
6.45160000e+04,1.60584893e+01,1.49386478e+01,1.11984157e+00
6.45260000e+04,5.68289996e+02,5.66993158e+02,1.29683792e+00
6.45360000e+04,2.18079081e+02,2.16683763e+02,1.39531772e+00
6.45460000e+04,7.48429427e+01,7.35710653e+01,1.27187748e+00
6.45560000e+04,3.24773589e+01,3.12355569e+01,1.24180201e+00
6.45660000e+04,1.56406532e+01,1.44226754e+01,1.21797774e+00
6.45760000e+04,9.40930496e+00,8.20531487e+00,1.20399009e+00
6.45860000e+04,6.49998527e+00,5.29725126e+00,1.20273402e+00
6.45960000e+04,5.26127288e+00,4.06698633e+00,1.19428655e+00
6.46060000e+04,4.68148704e+00,3.48988116e+00,1.19160588e+00
6.46160000e+04,4.34771320e+00,3.16000267e+00,1.18771054e+00
6.46260000e+04,4.13866600e+00,2.95388202e+00,1.18478397e+00
6.46360000e+04,3.99317595e+00,2.81114842e+00,1.18202753e+00
6.46460000e+04,3.88170051e+00,2.70214526e+00,1.17955525e+00
6.46560000e+04,3.79272863e+00,2.61537141e+00,1.17735722e+00
6.46660000e+04,3.71938528e+00,2.54417285e+00,1.17521243e+00
6.46760000e+04,3.65755841e+00,2.48425839e+00,1.17330002e+00
6.46860000e+04,3.60461348e+00,2.43314624e+00,1.17146723e+00
6.46960000e+04,3.55870599e+00,2.38893265e+00,1.16977334e+00
6.47060000e+04,3.51850702e+00,2.35032610e+00,1.16818091e+00
6.47160000e+04,3.48302367e+00,2.31631689e+00,1.16670678e+00
6.47260000e+04,3.45149513e+00,2.28617037e+00,1.16532476e+00
6.47360000e+04,3.42332366e+00,2.25929151e+00,1.16403215e+00
6.47460000e+04,3.39803252e+00,2.23521213e+00,1.16282039e+00
6.47560000e+04,3.37523412e+00,2.21354699e+00,1.16168713e+00
6.47660000e+04,3.35460885e+00,2.19398424e+00,1.16062461e+00
6.47760000e+04,3.33588932e+00,2.17625997e+00,1.15962935e+00
6.47860000e+04,3.31884879e+00,2.16015242e+00,1.15869637e+00
6.47960000e+04,3.30329716e+00,2.14547562e+00,1.15782154e+00
6.48060000e+04,3.28906915e+00,2.13206840e+00,1.15700075e+00
6.48160000e+04,3.27602879e+00,2.11979835e+00,1.15623044e+00
6.48170000e+04,1.50278502e+01,1.39095373e+01,1.11831289e+00
6.48270000e+04,5.05817340e+02,5.04516820e+02,1.30052011e+00
6.48370000e+04,1.90797616e+02,1.89416278e+02,1.38133807e+00
6.48470000e+04,7.46353210e+01,7.33788253e+01,1.25649574e+00
6.48570000e+04,2.98333631e+01,2.85962917e+01,1.23707142e+00
6.48670000e+04,1.43043266e+01,1.30922662e+01,1.21206032e+00
6.48770000e+04,8.68608525e+00,7.48655592e+00,1.19952932e+00
6.48870000e+04,6.34677020e+00,5.14542311e+00,1.20134709e+00
6.48970000e+04,5.21883085e+00,4.02623258e+00,1.19259827e+00
6.49070000e+04,4.63995699e+00,3.44912528e+00,1.19083171e+00
6.49170000e+04,4.33225819e+00,3.14595264e+00,1.18630555e+00
6.49270000e+04,4.13335566e+00,2.95003968e+00,1.18331598e+00
6.49370000e+04,3.99064625e+00,2.80996621e+00,1.18068003e+00
6.49470000e+04,3.88308890e+00,2.70492685e+00,1.17816205e+00
6.49570000e+04,3.79735933e+00,2.62139577e+00,1.17596357e+00
6.49670000e+04,3.72678902e+00,2.55296872e+00,1.17382030e+00
6.49770000e+04,3.66735717e+00,2.49547975e+00,1.17187742e+00
6.49870000e+04,3.61649474e+00,2.44646095e+00,1.17003379e+00
6.49970000e+04,3.57242142e+00,2.40407111e+00,1.16835031e+00
6.50070000e+04,3.53385167e+00,2.36709744e+00,1.16675423e+00
6.50170000e+04,3.49982295e+00,2.33455315e+00,1.16526980e+00
6.50270000e+04,3.46959084e+00,2.30571278e+00,1.16387806e+00
6.50370000e+04,3.44256878e+00,2.27999506e+00,1.16257372e+00
6.50470000e+04,3.41828805e+00,2.25693831e+00,1.16134974e+00
6.50570000e+04,3.39638663e+00,2.23618720e+00,1.16019944e+00
6.50670000e+04,3.37658259e+00,2.21746205e+00,1.15912055e+00
6.50770000e+04,3.35859743e+00,2.20048809e+00,1.15810933e+00
6.50870000e+04,3.34221962e+00,2.18506138e+00,1.15715825e+00
6.50970000e+04,3.32726724e+00,2.17100276e+00,1.15626449e+00
6.51070000e+04,3.31358429e+00,2.15815833e+00,1.15542595e+00
6.51170000e+04,3.30103559e+00,2.14639795e+00,1.15463765e+00
6.51180000e+04,1.41290995e+01,1.30110399e+01,1.11805959e+00
6.51280000e+04,4.61907359e+02,4.60610948e+02,1.29641044e+00
6.51380000e+04,1.78052642e+02,1.76707564e+02,1.34507897e+00
6.51480000e+04,7.11175823e+01,6.98776727e+01,1.23990960e+00
6.51580000e+04,2.90420883e+01,2.78287431e+01,1.21334521e+00
6.51680000e+04,1.38562093e+01,1.26579827e+01,1.19822659e+00
6.51780000e+04,8.50329121e+00,7.31527749e+00,1.18801372e+00
6.51880000e+04,6.15483071e+00,4.96533056e+00,1.18950016e+00
6.51980000e+04,5.10546934e+00,3.92434407e+00,1.18112527e+00
6.52080000e+04,4.59179232e+00,3.41196419e+00,1.17982814e+00
6.52180000e+04,4.30151917e+00,3.12555835e+00,1.17596082e+00
6.52280000e+04,4.11413089e+00,2.94118794e+00,1.17294296e+00
6.52380000e+04,3.98191725e+00,2.81125958e+00,1.17065767e+00
6.52480000e+04,3.88140907e+00,2.71311316e+00,1.16829591e+00
6.52580000e+04,3.80088007e+00,2.63455585e+00,1.16632422e+00
6.52680000e+04,3.73422188e+00,2.56983201e+00,1.16438987e+00
6.52780000e+04,3.67782484e+00,2.51516919e+00,1.16265565e+00
6.52880000e+04,3.62937721e+00,2.46839987e+00,1.16097734e+00
6.52980000e+04,3.58726186e+00,2.42782699e+00,1.15943487e+00
6.53080000e+04,3.55030498e+00,2.39232200e+00,1.15798298e+00
6.53180000e+04,3.51761893e+00,2.36099930e+00,1.15661963e+00
6.53280000e+04,3.48852421e+00,2.33318517e+00,1.15533904e+00
6.53380000e+04,3.46248111e+00,2.30834716e+00,1.15413395e+00
6.53480000e+04,3.43905866e+00,2.28605881e+00,1.15299985e+00
6.53580000e+04,3.41790528e+00,2.26597451e+00,1.15193077e+00
6.53680000e+04,3.39873377e+00,2.24780981e+00,1.15092396e+00
6.53780000e+04,3.38130274e+00,2.23132830e+00,1.14997444e+00
6.53880000e+04,3.36540812e+00,2.21632848e+00,1.14907964e+00
6.53980000e+04,3.35088059e+00,2.20264437e+00,1.14823622e+00
6.54080000e+04,3.33757268e+00,2.19013145e+00,1.14744123e+00
6.54180000e+04,3.32535602e+00,2.17866355e+00,1.14669247e+00
6.54190000e+04,1.33510127e+01,1.22399190e+01,1.11109373e+00
6.54290000e+04,4.59801525e+02,4.58499404e+02,1.30212115e+00
6.54390000e+04,1.74599379e+02,1.73250206e+02,1.34917255e+00
6.54490000e+04,6.71061629e+01,6.58715834e+01,1.23457950e+00
6.54590000e+04,2.77631071e+01,2.65459741e+01,1.21713305e+00
6.54690000e+04,1.41288385e+01,1.29374471e+01,1.19139145e+00
6.54790000e+04,8.36719692e+00,7.18210125e+00,1.18509566e+00
6.54890000e+04,6.04042637e+00,4.85881949e+00,1.18160688e+00
6.54990000e+04,5.07031410e+00,3.89496476e+00,1.17534934e+00
6.55090000e+04,4.55922770e+00,3.38611503e+00,1.17311267e+00
6.55190000e+04,4.28053081e+00,3.11110299e+00,1.16942781e+00
6.55290000e+04,4.09643850e+00,2.92976716e+00,1.16667135e+00
6.55390000e+04,3.96467626e+00,2.80071905e+00,1.16395721e+00
6.55490000e+04,3.86490906e+00,2.70337170e+00,1.16153736e+00
6.55590000e+04,3.78475721e+00,2.62543400e+00,1.15932321e+00
6.55690000e+04,3.71845168e+00,2.56119950e+00,1.15725219e+00
6.55790000e+04,3.66236509e+00,2.50707788e+00,1.15528721e+00
6.55890000e+04,3.61431096e+00,2.46082386e+00,1.15348710e+00
6.55990000e+04,3.57262679e+00,2.42082884e+00,1.15179796e+00
6.56090000e+04,3.53611497e+00,2.38588892e+00,1.15022605e+00
6.56190000e+04,3.50387142e+00,2.35511700e+00,1.14875443e+00
6.56290000e+04,3.47520610e+00,2.32783066e+00,1.14737545e+00
6.56390000e+04,3.44957443e+00,2.30349756e+00,1.14607687e+00
6.56490000e+04,3.42654544e+00,2.28168921e+00,1.14485623e+00
6.56590000e+04,3.40577467e+00,2.26206391e+00,1.14371077e+00
6.56690000e+04,3.38697283e+00,2.24433264e+00,1.14264019e+00
6.56790000e+04,3.36989859e+00,2.22825535e+00,1.14164324e+00
6.56890000e+04,3.35434873e+00,2.21363840e+00,1.14071034e+00
6.56990000e+04,3.34015129e+00,2.20031219e+00,1.13983911e+00
6.57090000e+04,3.32716004e+00,2.18813570e+00,1.13902434e+00
6.57190000e+04,3.31524884e+00,2.17698708e+00,1.13826176e+00
6.57200000e+04,1.25786964e+01,1.14753690e+01,1.10332739e+00
6.57300000e+04,4.32606588e+02,4.31325528e+02,1.28105989e+00
6.57400000e+04,1.71769710e+02,1.70441212e+02,1.32849777e+00
6.57500000e+04,6.06652305e+01,5.94351154e+01,1.23011510e+00
6.57600000e+04,2.60069171e+01,2.47951077e+01,1.21180942e+00
6.57700000e+04,1.34138831e+01,1.22336344e+01,1.18024865e+00
6.57800000e+04,7.91670585e+00,6.73431777e+00,1.18238808e+00
6.57900000e+04,5.88179091e+00,4.70205744e+00,1.17973347e+00
6.58000000e+04,4.98157170e+00,3.80749783e+00,1.17407387e+00
6.58100000e+04,4.50644750e+00,3.33457158e+00,1.17187593e+00
6.58200000e+04,4.24437614e+00,3.07635990e+00,1.16801624e+00
6.58300000e+04,4.07377228e+00,2.90794654e+00,1.16582574e+00
6.58400000e+04,3.95087964e+00,2.78738937e+00,1.16349027e+00
6.58500000e+04,3.85719767e+00,2.69582729e+00,1.16137037e+00
6.58600000e+04,3.78135341e+00,2.62189081e+00,1.15946259e+00
6.58700000e+04,3.71839461e+00,2.56070066e+00,1.15769394e+00
6.58800000e+04,3.66500220e+00,2.50892066e+00,1.15608154e+00
6.58900000e+04,3.61907080e+00,2.46452637e+00,1.15454443e+00
6.59000000e+04,3.57902166e+00,2.42591198e+00,1.15310968e+00
6.59100000e+04,3.54392116e+00,2.39214312e+00,1.15177804e+00
6.59200000e+04,3.51288717e+00,2.36235266e+00,1.15053452e+00
6.59300000e+04,3.48526544e+00,2.33589788e+00,1.14936756e+00
6.59400000e+04,3.46054843e+00,2.31227483e+00,1.14827361e+00
6.59500000e+04,3.43832728e+00,2.29107849e+00,1.14724880e+00
6.59600000e+04,3.41826604e+00,2.27197700e+00,1.14628904e+00
6.59700000e+04,3.40009311e+00,2.25470293e+00,1.14539018e+00
6.59800000e+04,3.38357906e+00,2.23903176e+00,1.14454730e+00
6.59900000e+04,3.36853245e+00,2.22477578e+00,1.14375667e+00
6.60000000e+04,3.35478882e+00,2.21177324e+00,1.14301558e+00
6.60100000e+04,3.34220885e+00,2.19988825e+00,1.14232060e+00
6.60200000e+04,3.33067011e+00,2.18900142e+00,1.14166869e+00
6.60210000e+04,1.18389470e+01,1.07306313e+01,1.10831561e+00
6.60310000e+04,4.84469383e+02,4.83187034e+02,1.28234921e+00
6.60410000e+04,1.76721948e+02,1.75404799e+02,1.31714958e+00
6.60510000e+04,7.17287433e+01,7.05239591e+01,1.20478417e+00
6.60610000e+04,3.19027759e+01,3.06810441e+01,1.22173182e+00
6.60710000e+04,1.40348803e+01,1.28566636e+01,1.17821665e+00
6.60810000e+04,8.36649046e+00,7.18457406e+00,1.18191640e+00
6.60910000e+04,6.19337466e+00,5.01842414e+00,1.17495052e+00
6.61010000e+04,5.14531366e+00,3.97325881e+00,1.17205484e+00
6.61110000e+04,4.63229259e+00,3.46426308e+00,1.16802952e+00
6.61210000e+04,4.35444734e+00,3.18908207e+00,1.16536527e+00
6.61310000e+04,4.17280740e+00,3.00978187e+00,1.16302552e+00
6.61410000e+04,4.04320487e+00,2.88257583e+00,1.16062904e+00
6.61510000e+04,3.94425949e+00,2.78565075e+00,1.15860874e+00
6.61610000e+04,3.86394003e+00,2.70729094e+00,1.15664909e+00
6.61710000e+04,3.79806193e+00,2.64323435e+00,1.15482759e+00
6.61810000e+04,3.74234004e+00,2.58907096e+00,1.15326908e+00
6.61910000e+04,3.69445858e+00,2.54272498e+00,1.15173360e+00
6.62010000e+04,3.65278064e+00,2.50247683e+00,1.15030381e+00
6.62110000e+04,3.61598152e+00,2.46702536e+00,1.14895616e+00
6.62210000e+04,3.58290887e+00,2.43524265e+00,1.14766621e+00
6.62310000e+04,3.55358112e+00,2.40714518e+00,1.14643593e+00
6.62410000e+04,3.52749805e+00,2.38237461e+00,1.14512344e+00
6.62510000e+04,3.50418299e+00,2.36025288e+00,1.14393011e+00
6.62610000e+04,3.48319218e+00,2.34032712e+00,1.14286506e+00
6.62710000e+04,3.46420863e+00,2.32232955e+00,1.14187908e+00
6.62810000e+04,3.44698098e+00,2.30602217e+00,1.14095881e+00
6.62910000e+04,3.43129424e+00,2.29118897e+00,1.14010528e+00
6.63010000e+04,3.41697418e+00,2.27767068e+00,1.13930350e+00
6.63110000e+04,3.40386775e+00,2.26532183e+00,1.13854593e+00
6.63210000e+04,3.39184559e+00,2.25401085e+00,1.13783474e+00
6.63220000e+04,1.11246396e+01,1.00192055e+01,1.10543410e+00
6.63320000e+04,5.03841414e+02,5.02541575e+02,1.29983958e+00
6.63420000e+04,2.00433777e+02,1.99075477e+02,1.35829946e+00
6.63520000e+04,8.39154671e+01,8.26906558e+01,1.22481124e+00
6.63620000e+04,3.17642441e+01,3.05408120e+01,1.22343214e+00
6.63720000e+04,1.61231672e+01,1.49355547e+01,1.18761251e+00
6.63820000e+04,9.47303795e+00,8.28428955e+00,1.18874839e+00
6.63920000e+04,6.89310088e+00,5.71558977e+00,1.17751112e+00
6.64020000e+04,5.59378994e+00,4.41911518e+00,1.17467477e+00
6.64120000e+04,5.04571934e+00,3.87453732e+00,1.17118202e+00
6.64220000e+04,4.70077348e+00,3.53171821e+00,1.16905527e+00
6.64320000e+04,4.48868534e+00,3.32219746e+00,1.16648788e+00
6.64420000e+04,4.33302890e+00,3.16868171e+00,1.16434719e+00
6.64520000e+04,4.21449258e+00,3.05215503e+00,1.16233755e+00
6.64620000e+04,4.11908480e+00,2.95866538e+00,1.16041943e+00
6.64720000e+04,4.04021108e+00,2.88148825e+00,1.15872284e+00
6.64820000e+04,3.97361782e+00,2.81649698e+00,1.15712084e+00
6.64920000e+04,3.91659461e+00,2.76097535e+00,1.15561926e+00
6.65020000e+04,3.86718036e+00,2.71296781e+00,1.15421255e+00
6.65120000e+04,3.82395951e+00,2.67106619e+00,1.15289331e+00
6.65220000e+04,3.78586197e+00,2.63420011e+00,1.15166185e+00
6.65320000e+04,3.75205766e+00,2.60155276e+00,1.15050491e+00
6.65420000e+04,3.72189553e+00,2.57247420e+00,1.14942134e+00
6.65520000e+04,3.69484667e+00,2.54644383e+00,1.14840285e+00
6.65620000e+04,3.67048299e+00,2.52303609e+00,1.14744690e+00
6.65720000e+04,3.64844858e+00,2.50189992e+00,1.14654866e+00
6.65820000e+04,3.62844714e+00,2.48274348e+00,1.14570366e+00
6.65920000e+04,3.61023797e+00,2.46532751e+00,1.14491046e+00
6.66020000e+04,3.59361867e+00,2.44945292e+00,1.14416576e+00
6.66120000e+04,3.57842677e+00,2.43495986e+00,1.14346691e+00
6.66220000e+04,3.56452700e+00,2.42171538e+00,1.14281162e+00
6.66230000e+04,1.05509106e+01,9.44021308e+00,1.11069749e+00
6.66330000e+04,4.83547495e+02,4.82261115e+02,1.28637987e+00
6.66430000e+04,1.58198936e+02,1.56893655e+02,1.30528114e+00
6.66530000e+04,6.32168450e+01,6.20323090e+01,1.18453601e+00
6.66630000e+04,2.89230037e+01,2.77193226e+01,1.20368117e+00
6.66730000e+04,1.28263887e+01,1.16603216e+01,1.16606713e+00
6.66830000e+04,8.04072747e+00,6.86986586e+00,1.17086161e+00
6.66930000e+04,6.07597158e+00,4.91374309e+00,1.16222849e+00
6.67030000e+04,5.15514179e+00,3.99428058e+00,1.16086120e+00
6.67130000e+04,4.65623940e+00,3.49927614e+00,1.15696325e+00
6.67230000e+04,4.38970398e+00,3.23550624e+00,1.15419774e+00
6.67330000e+04,4.21033434e+00,3.05830365e+00,1.15203068e+00
6.67430000e+04,4.07898338e+00,2.92930372e+00,1.14967966e+00
6.67530000e+04,3.97831877e+00,2.83044084e+00,1.14787793e+00
6.67630000e+04,3.89692717e+00,2.75089266e+00,1.14603451e+00
6.67730000e+04,3.82958711e+00,2.68518966e+00,1.14439746e+00
6.67830000e+04,3.77269255e+00,2.62991774e+00,1.14277481e+00
6.67930000e+04,3.72389447e+00,2.58256832e+00,1.14132615e+00
6.68030000e+04,3.68156777e+00,2.54160369e+00,1.13996407e+00
6.68130000e+04,3.64450949e+00,2.50581598e+00,1.13869352e+00
6.68230000e+04,3.61181037e+00,2.47430761e+00,1.13750276e+00
6.68330000e+04,3.58276849e+00,2.44637854e+00,1.13638995e+00
6.68430000e+04,3.55682911e+00,2.42148152e+00,1.13534759e+00
6.68530000e+04,3.53354439e+00,2.39917411e+00,1.13437027e+00
6.68630000e+04,3.51255316e+00,2.37909807e+00,1.13345508e+00
6.68730000e+04,3.49357689e+00,2.36098105e+00,1.13259584e+00
6.68830000e+04,3.47636242e+00,2.34457627e+00,1.13178615e+00
6.68930000e+04,3.46070205e+00,2.32966904e+00,1.13103301e+00
6.69030000e+04,3.44641979e+00,2.31609338e+00,1.13032641e+00
6.69130000e+04,3.43336464e+00,2.30370064e+00,1.12966400e+00
6.69230000e+04,3.42140631e+00,2.29236398e+00,1.12904233e+00
6.69240000e+04,1.00311828e+01,8.93220187e+00,1.09898095e+00
6.69340000e+04,4.44665156e+02,4.43413724e+02,1.25143152e+00
6.69440000e+04,1.32495072e+02,1.31207713e+02,1.28735911e+00
6.69540000e+04,6.08476422e+01,5.96608530e+01,1.18678919e+00
6.69640000e+04,2.39735561e+01,2.27766956e+01,1.19686055e+00
6.69740000e+04,1.26988257e+01,1.15278795e+01,1.17094625e+00
6.69840000e+04,7.46347607e+00,6.29060530e+00,1.17287076e+00
6.69940000e+04,5.73679492e+00,4.57224342e+00,1.16455150e+00
6.70040000e+04,4.90006296e+00,3.73784959e+00,1.16221337e+00
6.70140000e+04,4.48940814e+00,3.33157602e+00,1.15783212e+00
6.70240000e+04,4.24883140e+00,3.09419624e+00,1.15463516e+00
6.70340000e+04,4.09011592e+00,2.93814992e+00,1.15196600e+00
6.70440000e+04,3.97616219e+00,2.82682011e+00,1.14934208e+00
6.70540000e+04,3.88725177e+00,2.74009787e+00,1.14715390e+00
6.70640000e+04,3.81563172e+00,2.67061882e+00,1.14501290e+00
6.70740000e+04,3.75621426e+00,2.61307386e+00,1.14314040e+00
6.70840000e+04,3.70581079e+00,2.56447123e+00,1.14133957e+00
6.70940000e+04,3.66244662e+00,2.52273681e+00,1.13970982e+00
6.71040000e+04,3.62470539e+00,2.48652213e+00,1.13818326e+00
6.71140000e+04,3.59155726e+00,2.45480425e+00,1.13675300e+00
6.71240000e+04,3.56222863e+00,2.42681079e+00,1.13541784e+00
6.71340000e+04,3.53611546e+00,2.40193973e+00,1.13417573e+00
6.71440000e+04,3.51274040e+00,2.37972561e+00,1.13301479e+00
6.71540000e+04,3.49172124e+00,2.35979230e+00,1.13192893e+00
6.71640000e+04,3.47274328e+00,2.34182953e+00,1.13091375e+00
6.71740000e+04,3.45554975e+00,2.32558552e+00,1.12996423e+00
6.71840000e+04,3.43992372e+00,2.31084784e+00,1.12907588e+00
6.71940000e+04,3.42568512e+00,2.29744074e+00,1.12824437e+00
6.72040000e+04,3.41267715e+00,2.28521098e+00,1.12746617e+00
6.72140000e+04,3.40076976e+00,2.27403250e+00,1.12673725e+00
6.72240000e+04,3.38984859e+00,2.26379381e+00,1.12605478e+00
6.72250000e+04,9.55326448e+00,8.45570779e+00,1.09755669e+00
6.72350000e+04,6.28979564e+02,6.27625625e+02,1.35393889e+00
6.72450000e+04,1.67796124e+03,1.67610274e+03,1.85850016e+00
6.72550000e+04,5.50772632e+02,5.49290433e+02,1.48219947e+00
6.72650000e+04,1.16876030e+02,1.15492412e+02,1.38361807e+00
6.72750000e+04,6.00324700e+01,5.87365485e+01,1.29592154e+00
6.72850000e+04,3.49792839e+01,3.37022001e+01,1.27708376e+00
6.72950000e+04,2.34600472e+01,2.21954855e+01,1.26456168e+00
6.73050000e+04,1.79814318e+01,1.67197431e+01,1.26168868e+00
6.73150000e+04,1.53817411e+01,1.41311924e+01,1.25054872e+00
6.73250000e+04,1.35735246e+01,1.23294726e+01,1.24405202e+00
6.73350000e+04,1.23206641e+01,1.10826939e+01,1.23797018e+00
6.73450000e+04,1.14226029e+01,1.01895546e+01,1.23304831e+00
6.73550000e+04,1.07237172e+01,9.49490731e+00,1.22880994e+00
6.73650000e+04,1.01678648e+01,8.94311359e+00,1.22475118e+00
6.73750000e+04,9.71462077e+00,8.49314643e+00,1.22147434e+00
6.73850000e+04,9.33772765e+00,8.11928695e+00,1.21844070e+00
6.73950000e+04,9.01972747e+00,7.80395156e+00,1.21577591e+00
6.74050000e+04,8.74807643e+00,7.53471523e+00,1.21336120e+00
6.74150000e+04,8.51350107e+00,7.30232899e+00,1.21117208e+00
6.74250000e+04,8.30911482e+00,7.09993419e+00,1.20918063e+00
6.74350000e+04,8.12964760e+00,6.92230602e+00,1.20734158e+00
6.74450000e+04,7.97097841e+00,6.76533027e+00,1.20564814e+00
6.74550000e+04,7.82988854e+00,6.62582825e+00,1.20406029e+00
6.74650000e+04,7.70384201e+00,6.50121403e+00,1.20262797e+00
6.74750000e+04,7.59074903e+00,6.38946409e+00,1.20128494e+00
6.74850000e+04,7.48887819e+00,6.28884596e+00,1.20003223e+00
6.74950000e+04,7.39679882e+00,6.19792917e+00,1.19886965e+00
6.75050000e+04,7.31332446e+00,6.11553614e+00,1.19778832e+00
6.75150000e+04,7.23744082e+00,6.04066046e+00,1.19678036e+00
6.75250000e+04,7.16829358e+00,5.97245289e+00,1.19584069e+00
6.75260000e+04,1.09516219e+01,9.79324126e+00,1.15838066e+00
6.75360000e+04,6.54788442e+02,6.53437445e+02,1.35099673e+00
6.75460000e+04,2.57309431e+02,2.55960142e+02,1.34928918e+00
6.75560000e+04,1.20775955e+02,1.19519231e+02,1.25672398e+00
6.75660000e+04,5.60523611e+01,5.48061019e+01,1.24625916e+00
6.75760000e+04,2.82756092e+01,2.70726673e+01,1.20294185e+00
6.75860000e+04,1.77585934e+01,1.65576540e+01,1.20093937e+00
6.75960000e+04,1.25875482e+01,1.13933229e+01,1.19422535e+00
6.76060000e+04,1.03393108e+01,9.14900239e+00,1.19030837e+00
6.76160000e+04,9.17177195e+00,7.98261602e+00,1.18915593e+00
6.76260000e+04,8.41200794e+00,7.22642487e+00,1.18558307e+00
6.76360000e+04,7.88684576e+00,6.70347088e+00,1.18337488e+00
6.76460000e+04,7.49320215e+00,6.31192877e+00,1.18127338e+00
6.76560000e+04,7.18500010e+00,6.00557504e+00,1.17942506e+00
6.76660000e+04,6.93655854e+00,5.75888826e+00,1.17767027e+00
6.76760000e+04,6.73242531e+00,5.55632065e+00,1.17610466e+00
6.76860000e+04,6.56147796e+00,5.38679408e+00,1.17468388e+00
6.76960000e+04,6.41624095e+00,5.24290775e+00,1.17333320e+00
6.77060000e+04,6.29133391e+00,5.11924023e+00,1.17209368e+00
6.77160000e+04,6.18278412e+00,5.01186723e+00,1.17091689e+00
6.77260000e+04,6.08767220e+00,4.91785494e+00,1.16981726e+00
6.77360000e+04,6.00373761e+00,4.83493713e+00,1.16880048e+00
6.77460000e+04,5.92919396e+00,4.76134036e+00,1.16785360e+00
6.77560000e+04,5.86262243e+00,4.69565773e+00,1.16696470e+00
6.77660000e+04,5.80288479e+00,4.63675392e+00,1.16613087e+00
6.77760000e+04,5.74905064e+00,4.58369687e+00,1.16535377e+00
6.77860000e+04,5.70035432e+00,4.53572894e+00,1.16462538e+00
6.77960000e+04,5.65616787e+00,4.49222404e+00,1.16394382e+00
6.78060000e+04,5.61596010e+00,4.45265401e+00,1.16330609e+00
6.78160000e+04,5.57929317e+00,4.41658476e+00,1.16270841e+00
6.78260000e+04,5.54578692e+00,4.38363945e+00,1.16214746e+00
6.78270000e+04,9.13965283e+00,8.00841268e+00,1.13124014e+00
6.78370000e+04,2.46874160e+03,2.46723493e+03,1.50667271e+00
6.78470000e+04,3.08250698e+04,3.08232074e+04,1.86235843e+00
6.78570000e+04,1.24258681e+03,1.24094568e+03,1.64113041e+00
6.78670000e+04,6.50577511e+02,6.49009152e+02,1.56835876e+00
6.78770000e+04,2.67263897e+02,2.65890094e+02,1.37380342e+00
6.78870000e+04,1.61728043e+02,1.60376834e+02,1.35120845e+00
6.78970000e+04,9.42991728e+01,9.29688140e+01,1.33035874e+00
6.79070000e+04,6.88764762e+01,6.75557177e+01,1.32075850e+00
6.79170000e+04,5.29633591e+01,5.16463428e+01,1.31701631e+00
6.79270000e+04,4.36660514e+01,4.23553972e+01,1.31065415e+00
6.79370000e+04,3.79451819e+01,3.66390841e+01,1.30609780e+00
6.79470000e+04,3.38382777e+01,3.25368376e+01,1.30144012e+00
6.79570000e+04,3.08560538e+01,2.95573415e+01,1.29871226e+00
6.79670000e+04,2.85420753e+01,2.72466578e+01,1.29541752e+00
6.79770000e+04,2.66650268e+01,2.53724566e+01,1.29257011e+00
6.79870000e+04,2.50963846e+01,2.38064728e+01,1.28991182e+00
6.79970000e+04,2.37586691e+01,2.24713617e+01,1.28730741e+00
6.80070000e+04,2.26069288e+01,2.13221359e+01,1.28479294e+00
6.80170000e+04,2.16140708e+01,2.03316192e+01,1.28245157e+00
6.80270000e+04,2.07588669e+01,1.94785354e+01,1.28033154e+00
6.80370000e+04,2.00204300e+01,1.87419710e+01,1.27845901e+00
6.80470000e+04,1.93786174e+01,1.81017881e+01,1.27682925e+00
6.80570000e+04,1.88163344e+01,1.75409431e+01,1.27539124e+00
6.80670000e+04,1.83200217e+01,1.70459039e+01,1.27411778e+00
6.80770000e+04,1.78791708e+01,1.66061969e+01,1.27297395e+00
6.80870000e+04,1.74855640e+01,1.62136271e+01,1.27193686e+00
6.80970000e+04,1.71326431e+01,1.58616546e+01,1.27098842e+00
6.81070000e+04,1.68150772e+01,1.55449613e+01,1.27011590e+00
6.81170000e+04,1.65284418e+01,1.52591322e+01,1.26930960e+00
6.81270000e+04,1.62690414e+01,1.50004796e+01,1.26856182e+00
6.81280000e+04,1.84835068e+01,1.72461702e+01,1.23733666e+00
6.81380000e+04,5.34935806e+02,5.33609897e+02,1.32590882e+00
6.81480000e+04,1.57464794e+03,1.57277369e+03,1.87424902e+00
6.81580000e+04,1.86861733e+02,1.85411081e+02,1.45065189e+00
6.81680000e+04,9.39931809e+01,9.24459457e+01,1.54723518e+00
6.81780000e+04,4.51382462e+01,4.36387807e+01,1.49946548e+00
6.81880000e+04,2.74861399e+01,2.60583944e+01,1.42774554e+00
6.81980000e+04,1.92859966e+01,1.79300126e+01,1.35598396e+00
6.82080000e+04,1.55423306e+01,1.42351361e+01,1.30719450e+00
6.82180000e+04,1.34766231e+01,1.22026627e+01,1.27396042e+00
6.82280000e+04,1.21599143e+01,1.09072502e+01,1.25266412e+00
6.82380000e+04,1.12874362e+01,1.00485773e+01,1.23885889e+00
6.82480000e+04,1.06271088e+01,9.39721112e+00,1.22989765e+00
6.82580000e+04,1.01081037e+01,8.88415700e+00,1.22394670e+00
6.82680000e+04,9.68685488e+00,8.46703238e+00,1.21982251e+00
6.82780000e+04,9.33559116e+00,8.11887482e+00,1.21671634e+00
6.82880000e+04,9.03802810e+00,7.82367415e+00,1.21435395e+00
6.82980000e+04,8.78256617e+00,7.57010135e+00,1.21246481e+00
6.83080000e+04,8.56102463e+00,7.35013707e+00,1.21088756e+00
6.83180000e+04,8.36725704e+00,7.15770894e+00,1.20954809e+00
6.83280000e+04,8.19656990e+00,6.98820755e+00,1.20836235e+00
6.83380000e+04,8.04528137e+00,6.83797319e+00,1.20730818e+00
6.83480000e+04,7.91046368e+00,6.70410898e+00,1.20635471e+00
6.83580000e+04,7.78975684e+00,6.58427346e+00,1.20548338e+00
6.83680000e+04,7.68123248e+00,6.47655107e+00,1.20468141e+00
6.83780000e+04,7.58330076e+00,6.37936331e+00,1.20393745e+00
6.83880000e+04,7.49464141e+00,6.29139644e+00,1.20324497e+00
6.83980000e+04,7.41414703e+00,6.21154405e+00,1.20260298e+00
6.84080000e+04,7.34087490e+00,6.13886759e+00,1.20200732e+00
6.84180000e+04,7.27401996e+00,6.07256752e+00,1.20145244e+00
6.84280000e+04,7.21290036e+00,6.01196402e+00,1.20093633e+00
6.84290000e+04,8.82626359e+00,7.65512191e+00,1.17114168e+00
6.84390000e+04,5.84046298e+02,5.82742231e+02,1.30406721e+00
6.84490000e+04,9.72792091e+02,9.71265536e+02,1.52655517e+00
6.84590000e+04,2.86740051e+02,2.85277562e+02,1.46248888e+00
6.84690000e+04,3.18604250e+02,3.17104361e+02,1.49988885e+00
6.84790000e+04,1.70817739e+02,1.69421358e+02,1.39638118e+00
6.84890000e+04,9.06531115e+01,8.93229190e+01,1.33019250e+00
6.84990000e+04,5.75770888e+01,5.62661717e+01,1.31091702e+00
6.85090000e+04,4.09493654e+01,3.96471569e+01,1.30220854e+00
6.85190000e+04,3.22077083e+01,3.09091227e+01,1.29858560e+00
6.85290000e+04,2.62402258e+01,2.49485485e+01,1.29167725e+00
6.85390000e+04,2.25982146e+01,2.13132867e+01,1.28492787e+00
6.85490000e+04,2.00169831e+01,1.87362602e+01,1.28072284e+00
6.85590000e+04,1.81294147e+01,1.68520452e+01,1.27736946e+00
6.85690000e+04,1.66770286e+01,1.54030792e+01,1.27394942e+00
6.85790000e+04,1.55362100e+01,1.42654331e+01,1.27077691e+00
6.85890000e+04,1.46206978e+01,1.33525863e+01,1.26811143e+00
6.85990000e+04,1.38714411e+01,1.26057743e+01,1.26566684e+00
6.86090000e+04,1.32478413e+01,1.19843317e+01,1.26350963e+00
6.86190000e+04,1.27213227e+01,1.14597098e+01,1.26161291e+00
6.86290000e+04,1.22713932e+01,1.10115092e+01,1.25988397e+00
6.86390000e+04,1.18828566e+01,1.06245272e+01,1.25832939e+00
6.86490000e+04,1.15444544e+01,1.02875457e+01,1.25690863e+00
6.86590000e+04,1.12475678e+01,9.99194452e+00,1.25562331e+00
6.86690000e+04,1.09854404e+01,9.73099417e+00,1.25444623e+00
6.86790000e+04,1.07526933e+01,9.49932443e+00,1.25336888e+00
6.86890000e+04,1.05450385e+01,9.29266120e+00,1.25237734e+00
6.86990000e+04,1.03589586e+01,9.10749401e+00,1.25146458e+00
6.87090000e+04,1.01915808e+01,8.94096161e+00,1.25061921e+00
6.87190000e+04,1.00405027e+01,8.79066675e+00,1.24983591e+00
6.87290000e+04,9.90373614e+00,8.65463151e+00,1.24910463e+00
6.87300000e+04,3.02224047e+01,2.89977326e+01,1.22467217e+00
6.87400000e+04,1.18513966e+04,1.18488104e+04,2.58623052e+00
6.87500000e+04,1.60516419e+03,1.60305213e+03,2.11206843e+00
6.87600000e+04,1.07040110e+03,1.06832911e+03,2.07198993e+00
6.87700000e+04,8.07354849e+02,8.05408032e+02,1.94681711e+00
6.87800000e+04,5.03660520e+02,5.01831601e+02,1.82891819e+00
6.87900000e+04,4.16997880e+02,4.15238695e+02,1.75918551e+00
6.88000000e+04,3.40379942e+02,3.38672372e+02,1.70756928e+00
6.88100000e+04,2.87394699e+02,2.85723793e+02,1.67090535e+00
6.88200000e+04,2.49527086e+02,2.47879980e+02,1.64710626e+00
6.88300000e+04,2.21384453e+02,2.19761192e+02,1.62326158e+00
6.88400000e+04,1.99972595e+02,1.98367583e+02,1.60501190e+00
6.88500000e+04,1.83262345e+02,1.81674410e+02,1.58793539e+00
6.88600000e+04,1.69831503e+02,1.68259123e+02,1.57237951e+00
6.88700000e+04,1.58770823e+02,1.57211707e+02,1.55911545e+00
6.88800000e+04,1.49481519e+02,1.47934777e+02,1.54674139e+00
6.88900000e+04,1.41565109e+02,1.40029300e+02,1.53580997e+00
6.89000000e+04,1.34743507e+02,1.33217706e+02,1.52580167e+00
6.89100000e+04,1.28814762e+02,1.27297941e+02,1.51682112e+00
6.89200000e+04,1.23627498e+02,1.22118865e+02,1.50863336e+00
6.89300000e+04,1.19063995e+02,1.17562792e+02,1.50120292e+00
6.89400000e+04,1.15031110e+02,1.13536668e+02,1.49444258e+00
6.89500000e+04,1.11453628e+02,1.09965355e+02,1.48827307e+00
6.89600000e+04,1.08269090e+02,1.06786449e+02,1.48264070e+00
6.89700000e+04,1.05425682e+02,1.03948196e+02,1.47748649e+00
6.89800000e+04,1.02879345e+02,1.01406578e+02,1.47276693e+00
6.89900000e+04,1.00592730e+02,9.91242892e+01,1.46844044e+00
6.90000000e+04,9.85337727e+01,9.70693010e+01,1.46447173e+00
6.90100000e+04,9.66751749e+01,9.52143437e+01,1.46083118e+00
6.90200000e+04,9.49933812e+01,9.35358886e+01,1.45749268e+00
6.90300000e+04,9.34680902e+01,9.20136602e+01,1.45442999e+00
6.90310000e+04,8.83851540e+01,8.69470545e+01,1.43809957e+00
6.90410000e+04,6.02054854e+02,6.00673933e+02,1.38092104e+00
6.90510000e+04,2.38001446e+02,2.36650741e+02,1.35070502e+00
6.90610000e+04,1.12029724e+02,1.10736706e+02,1.29301823e+00
6.90710000e+04,6.39120173e+01,6.26465114e+01,1.26550591e+00
6.90810000e+04,4.62697432e+01,4.50105780e+01,1.25916523e+00
6.90910000e+04,3.78410987e+01,3.65855572e+01,1.25554151e+00
6.91010000e+04,3.30441031e+01,3.17917760e+01,1.25232711e+00
6.91110000e+04,3.03587353e+01,2.91111579e+01,1.24757737e+00
6.91210000e+04,2.84547192e+01,2.72065920e+01,1.24812717e+00
6.91310000e+04,2.70135018e+01,2.57675865e+01,1.24591525e+00
6.91410000e+04,2.57470899e+01,2.45021772e+01,1.24491278e+00
6.91510000e+04,2.46133078e+01,2.33698672e+01,1.24344051e+00
6.91610000e+04,2.35618223e+01,2.23196323e+01,1.24219003e+00
6.91710000e+04,2.25698553e+01,2.13288113e+01,1.24104404e+00
6.91810000e+04,2.16808457e+01,2.04408996e+01,1.23994610e+00
6.91910000e+04,2.09281584e+01,1.96892843e+01,1.23887408e+00
6.92010000e+04,2.02790688e+01,1.90412307e+01,1.23783810e+00
6.92110000e+04,1.96929563e+01,1.84562154e+01,1.23674089e+00
6.92210000e+04,1.91531368e+01,1.79174708e+01,1.23566603e+00
6.92310000e+04,1.86609478e+01,1.74262883e+01,1.23465954e+00
6.92410000e+04,1.82137144e+01,1.69800282e+01,1.23368617e+00
6.92510000e+04,1.77998197e+01,1.65670385e+01,1.23278117e+00
6.92610000e+04,1.74141758e+01,1.61822176e+01,1.23195827e+00
6.92710000e+04,1.70571504e+01,1.58259412e+01,1.23120916e+00
6.92810000e+04,1.67288583e+01,1.54983477e+01,1.23051066e+00
6.92910000e+04,1.64280442e+01,1.51981882e+01,1.22985602e+00
6.93010000e+04,1.61527226e+01,1.49234747e+01,1.22924787e+00
6.93110000e+04,1.59007307e+01,1.46720443e+01,1.22868641e+00
6.93210000e+04,1.56697013e+01,1.44415326e+01,1.22816866e+00
6.93310000e+04,1.54568282e+01,1.42291362e+01,1.22769196e+00
6.93320000e+04,1.62890915e+01,1.50880159e+01,1.20107562e+00
6.93420000e+04,2.05225965e+04,2.05207263e+04,1.87024547e+00
6.93520000e+04,7.67725293e+04,7.67692314e+04,3.29792161e+00
6.93620000e+04,4.63085343e+04,4.63055057e+04,3.02857717e+00
6.93720000e+04,1.16731385e+04,1.16704064e+04,2.73206232e+00
6.93820000e+04,3.31042234e+03,3.30777422e+03,2.64812252e+00
6.93920000e+04,2.25042502e+03,2.24779802e+03,2.62700150e+00
6.94020000e+04,1.38249283e+03,1.37989694e+03,2.59589118e+00
6.94120000e+04,1.15526139e+03,1.15270333e+03,2.55806061e+00
6.94220000e+04,9.71839841e+02,9.69316883e+02,2.52295782e+00
6.94320000e+04,8.63003174e+02,8.60511974e+02,2.49119993e+00
6.94420000e+04,7.82071887e+02,7.79611513e+02,2.46037404e+00
6.94520000e+04,7.22046094e+02,7.19613262e+02,2.43283238e+00
6.94620000e+04,6.73836203e+02,6.71429600e+02,2.40660330e+00
6.94720000e+04,6.32957148e+02,6.30574200e+02,2.38294747e+00
6.94820000e+04,5.97862879e+02,5.95500893e+02,2.36198603e+00
6.94920000e+04,5.67363215e+02,5.65020024e+02,2.34319105e+00
6.95020000e+04,5.40727965e+02,5.38401800e+02,2.32616459e+00
6.95120000e+04,5.17350308e+02,5.15039561e+02,2.31074733e+00
6.95220000e+04,4.96773093e+02,4.94476313e+02,2.29678034e+00
6.95320000e+04,4.78597627e+02,4.76313496e+02,2.28413025e+00
6.95420000e+04,4.62482241e+02,4.60209540e+02,2.27270118e+00
6.95520000e+04,4.48135121e+02,4.45872729e+02,2.26239202e+00
6.95620000e+04,4.35311593e+02,4.33058505e+02,2.25308828e+00
6.95720000e+04,4.23806526e+02,4.21561842e+02,2.24468451e+00
6.95820000e+04,4.13449133e+02,4.11212060e+02,2.23707355e+00
6.95920000e+04,4.04094778e+02,4.01864615e+02,2.23016328e+00
6.96020000e+04,3.95622782e+02,3.93398909e+02,2.22387379e+00
6.96120000e+04,3.87929507e+02,3.85711373e+02,2.21813356e+00
6.96220000e+04,3.80927213e+02,3.78714331e+02,2.21288215e+00
6.96320000e+04,3.74539953e+02,3.72331886e+02,2.20806706e+00
6.96330000e+04,3.72136491e+02,3.69945776e+02,2.19071427e+00
6.96430000e+04,2.20805628e+04,2.20774872e+04,3.07566981e+00
6.96530000e+04,6.90411803e+05,6.90408772e+05,3.03064419e+00
6.96630000e+04,3.70916730e+05,3.70913074e+05,3.65581657e+00
6.96730000e+04,6.20900705e+04,6.20861764e+04,3.89409375e+00
6.96830000e+04,1.66629695e+04,1.66589046e+04,4.06491380e+00
6.96930000e+04,8.00708949e+03,8.00294259e+03,4.14689857e+00
6.97030000e+04,3.08767164e+03,3.08360071e+03,4.07092978e+00
6.97130000e+04,2.78961985e+03,2.78559011e+03,4.02973964e+00
6.97230000e+04,2.89273836e+03,2.88870803e+03,4.03032868e+00
6.97330000e+04,2.31782355e+03,2.31378823e+03,4.03532347e+00
6.97430000e+04,1.75789807e+03,1.75386987e+03,4.02819794e+00
6.97530000e+04,1.54980612e+03,1.54579399e+03,4.01213382e+00
6.97630000e+04,1.39986275e+03,1.39587056e+03,3.99218726e+00
6.97730000e+04,1.28434266e+03,1.28036886e+03,3.97380128e+00
6.97830000e+04,1.19331817e+03,1.18936025e+03,3.95792604e+00
6.97930000e+04,1.12221941e+03,1.11827692e+03,3.94248302e+00
6.98030000e+04,1.06617672e+03,1.06225001e+03,3.92670973e+00
6.98130000e+04,1.02135423e+03,1.01744319e+03,3.91103702e+00
6.98230000e+04,9.84210026e+02,9.80313957e+02,3.89606868e+00
6.98330000e+04,9.52574862e+02,9.48692791e+02,3.88207134e+00
6.98430000e+04,9.25166854e+02,9.21297772e+02,3.86908163e+00
6.98530000e+04,9.01167829e+02,8.97310841e+02,3.85698745e+00
6.98630000e+04,8.79993122e+02,8.76147475e+02,3.84564668e+00
6.98730000e+04,8.61201809e+02,8.57366851e+02,3.83495844e+00
6.98830000e+04,8.44446830e+02,8.40621957e+02,3.82487321e+00
6.98930000e+04,8.29446471e+02,8.25631111e+02,3.81535985e+00
6.99030000e+04,8.15967964e+02,8.12161568e+02,3.80639558e+00
6.99130000e+04,8.03816600e+02,8.00018636e+02,3.79796337e+00
6.99230000e+04,7.92828098e+02,7.89038050e+02,3.79004755e+00
6.99330000e+04,7.82863931e+02,7.79081304e+02,3.78262687e+00
6.99340000e+04,8.76313914e+02,8.72520605e+02,3.79330951e+00
6.99440000e+04,1.00410849e+04,1.00378478e+04,3.23707176e+00
6.99540000e+04,3.50555580e+03,3.50264171e+03,2.91408782e+00
6.99640000e+04,1.65878670e+03,1.65602459e+03,2.76210936e+00
6.99740000e+04,9.87456164e+02,9.84898160e+02,2.55800427e+00
6.99840000e+04,7.03458391e+02,7.00976401e+02,2.48199022e+00
6.99940000e+04,5.71205549e+02,5.68792087e+02,2.41346187e+00
7.00040000e+04,4.95061299e+02,4.92695339e+02,2.36596031e+00
7.00140000e+04,4.42600235e+02,4.40267480e+02,2.33275496e+00
7.00240000e+04,4.06037129e+02,4.03736403e+02,2.30072522e+00
7.00340000e+04,3.78215857e+02,3.75944378e+02,2.27147935e+00
7.00440000e+04,3.56035147e+02,3.53792501e+02,2.24264611e+00
7.00540000e+04,3.37953473e+02,3.35737134e+02,2.21633893e+00
7.00640000e+04,3.22869206e+02,3.20677130e+02,2.19207602e+00
7.00740000e+04,3.10125623e+02,3.07956608e+02,2.16901497e+00
7.00840000e+04,2.99208005e+02,2.97060635e+02,2.14736958e+00
7.00940000e+04,2.89697878e+02,2.87570638e+02,2.12723992e+00
7.01040000e+04,2.81292779e+02,2.79183865e+02,2.10891405e+00
7.01140000e+04,2.73763065e+02,2.71670716e+02,2.09234907e+00
7.01240000e+04,2.66963389e+02,2.64886011e+02,2.07737777e+00
7.01340000e+04,2.60810742e+02,2.58746930e+02,2.06381186e+00
7.01440000e+04,2.55248286e+02,2.53196868e+02,2.05141792e+00
7.01540000e+04,2.50229832e+02,2.48189801e+02,2.04003132e+00
7.01640000e+04,2.45709938e+02,2.43680433e+02,2.02950480e+00
7.01740000e+04,2.41641133e+02,2.39621295e+02,2.01983794e+00
7.01840000e+04,2.37974259e+02,2.35963362e+02,2.01089674e+00
7.01940000e+04,2.34662519e+02,2.32659831e+02,2.00268843e+00
7.02040000e+04,2.31663981e+02,2.29668860e+02,1.99512103e+00
7.02140000e+04,2.28942020e+02,2.26953918e+02,1.98810210e+00
7.02240000e+04,2.26464925e+02,2.24483315e+02,1.98161064e+00
7.02340000e+04,2.24205612e+02,2.22230013e+02,1.97559914e+00
7.02350000e+04,3.85561576e+02,3.83602248e+02,1.95932842e+00
7.02450000e+04,7.42738822e+02,7.40756232e+02,1.98259035e+00
7.02550000e+04,2.83500744e+02,2.81797093e+02,1.70365149e+00
7.02650000e+04,1.49450743e+02,1.47886701e+02,1.56404148e+00
7.02750000e+04,1.05156949e+02,1.03665412e+02,1.49153685e+00
7.02850000e+04,7.95885157e+01,7.81113487e+01,1.47716700e+00
7.02950000e+04,6.77199669e+01,6.62558161e+01,1.46415073e+00
7.03050000e+04,5.98575100e+01,5.83936447e+01,1.46386535e+00
7.03150000e+04,5.34321122e+01,5.19674459e+01,1.46466633e+00
7.03250000e+04,4.76369544e+01,4.61753792e+01,1.46157520e+00
7.03350000e+04,4.33832900e+01,4.19246400e+01,1.45864996e+00
7.03450000e+04,4.03519886e+01,3.88961985e+01,1.45579008e+00
7.03550000e+04,3.79333261e+01,3.64804315e+01,1.45289467e+00
7.03650000e+04,3.58156646e+01,3.43657607e+01,1.44990392e+00
7.03750000e+04,3.38599221e+01,3.24127347e+01,1.44718741e+00
7.03850000e+04,3.19614206e+01,3.05168828e+01,1.44453779e+00
7.03950000e+04,3.01151864e+01,2.86729059e+01,1.44228052e+00
7.04050000e+04,2.84202617e+01,2.69801323e+01,1.44012932e+00
7.04150000e+04,2.69209845e+01,2.54828618e+01,1.43812264e+00
7.04250000e+04,2.56743120e+01,2.42380207e+01,1.43629134e+00
7.04350000e+04,2.46775633e+01,2.32429073e+01,1.43465603e+00
7.04450000e+04,2.38555397e+01,2.24223294e+01,1.43321036e+00
7.04550000e+04,2.31523427e+01,2.17204443e+01,1.43189840e+00
7.04650000e+04,2.25392456e+01,2.11085793e+01,1.43066626e+00
7.04750000e+04,2.19973325e+01,2.05678287e+01,1.42950387e+00
7.04850000e+04,2.15147487e+01,2.00863283e+01,1.42842044e+00
7.04950000e+04,2.10828350e+01,1.96554265e+01,1.42740848e+00
7.05050000e+04,2.06940409e+01,1.92675690e+01,1.42647192e+00
7.05150000e+04,2.03420590e+01,1.89164675e+01,1.42559146e+00
7.05250000e+04,2.00218649e+01,1.85970960e+01,1.42476892e+00
7.05350000e+04,1.97294774e+01,1.83054809e+01,1.42399652e+00
7.05360000e+04,1.58301780e+02,1.56908298e+02,1.39348180e+00
7.05460000e+04,1.05784376e+04,1.05766779e+04,1.75966364e+00
7.05560000e+04,2.37748885e+02,2.36105230e+02,1.64365458e+00
7.05660000e+04,1.27949327e+02,1.26397479e+02,1.55184853e+00
7.05760000e+04,6.68022031e+01,6.52603221e+01,1.54188091e+00
7.05860000e+04,4.61909392e+01,4.46804140e+01,1.51052515e+00
7.05960000e+04,3.65414066e+01,3.50545650e+01,1.48684167e+00
7.06060000e+04,3.12848373e+01,2.98153001e+01,1.46953720e+00
7.06160000e+04,2.72062108e+01,2.57496269e+01,1.45658391e+00
7.06260000e+04,2.39010630e+01,2.24560878e+01,1.44497521e+00
7.06360000e+04,2.14673075e+01,2.00312582e+01,1.43604933e+00
7.06460000e+04,1.97026003e+01,1.82744322e+01,1.42816816e+00
7.06560000e+04,1.89449746e+01,1.75231379e+01,1.42183666e+00
7.06660000e+04,2.21053438e+01,2.06880965e+01,1.41724730e+00
7.06760000e+04,1.82133142e+01,1.68005168e+01,1.41279736e+00
7.06860000e+04,1.61108974e+01,1.47029352e+01,1.40796221e+00
7.06960000e+04,1.49898595e+01,1.35838230e+01,1.40603646e+00
7.07060000e+04,1.40511967e+01,1.26482183e+01,1.40297833e+00
7.07160000e+04,1.32082274e+01,1.18074807e+01,1.40074668e+00
7.07260000e+04,1.24239679e+01,1.10258431e+01,1.39812479e+00
7.07360000e+04,1.17455986e+01,1.03497186e+01,1.39588005e+00
7.07460000e+04,1.11920770e+01,9.79808115e+00,1.39399586e+00
7.07560000e+04,1.07510893e+01,9.35868628e+00,1.39240302e+00
7.07660000e+04,1.04028009e+01,9.01182876e+00,1.39097213e+00
7.07760000e+04,1.01228627e+01,8.73322212e+00,1.38964058e+00
7.07860000e+04,9.89100060e+00,8.50254926e+00,1.38845135e+00
7.07960000e+04,9.69363257e+00,8.30626844e+00,1.38736413e+00
7.08060000e+04,9.52237510e+00,8.13602864e+00,1.38634647e+00
7.08160000e+04,9.37175897e+00,7.98634795e+00,1.38541102e+00
7.08260000e+04,9.23784768e+00,7.85327662e+00,1.38457106e+00
7.08360000e+04,9.11796197e+00,7.73408342e+00,1.38387855e+00
7.08370000e+04,7.67586241e+01,7.54003859e+01,1.35823826e+00
7.08470000e+04,6.76686867e+02,6.75051745e+02,1.63512180e+00
7.08570000e+04,1.74694986e+02,1.73237114e+02,1.45787249e+00
7.08670000e+04,9.68133931e+01,9.53974583e+01,1.41593484e+00
7.08770000e+04,4.14213418e+01,3.99945761e+01,1.42676569e+00
7.08870000e+04,2.67107762e+01,2.52834898e+01,1.42728634e+00
7.08970000e+04,1.79588917e+01,1.65543910e+01,1.40450067e+00
7.09070000e+04,1.44520831e+01,1.30480217e+01,1.40406144e+00
7.09170000e+04,1.23553048e+01,1.09519083e+01,1.40339652e+00
7.09270000e+04,1.09242265e+01,9.52384008e+00,1.40038642e+00
7.09370000e+04,9.80501366e+00,8.40755311e+00,1.39746054e+00
7.09470000e+04,8.88355074e+00,7.48805881e+00,1.39549193e+00
7.09570000e+04,8.14084247e+00,6.74713649e+00,1.39370598e+00
7.09670000e+04,1.02192541e+01,8.82805457e+00,1.39119954e+00
7.09770000e+04,1.05234849e+01,9.13399975e+00,1.38948514e+00
7.09870000e+04,8.67322739e+00,7.28237274e+00,1.39085465e+00
7.09970000e+04,7.59846952e+00,6.21213965e+00,1.38632987e+00
7.10070000e+04,6.79036843e+00,5.40347765e+00,1.38689078e+00
7.10170000e+04,6.43391695e+00,5.04904952e+00,1.38486743e+00
7.10270000e+04,6.21626402e+00,4.83236415e+00,1.38389987e+00
7.10370000e+04,6.05010659e+00,4.66761434e+00,1.38249226e+00
7.10470000e+04,5.91676012e+00,4.53506510e+00,1.38169502e+00
7.10570000e+04,5.80381705e+00,4.42335488e+00,1.38046216e+00
7.10670000e+04,5.70564977e+00,4.32597728e+00,1.37967249e+00
7.10770000e+04,5.61953765e+00,4.24077964e+00,1.37875800e+00
7.10870000e+04,5.54375760e+00,4.16578494e+00,1.37797265e+00
7.10970000e+04,5.47644412e+00,4.09922996e+00,1.37721415e+00
7.11070000e+04,5.41644866e+00,4.03992551e+00,1.37652315e+00
7.11170000e+04,5.36268589e+00,3.98683155e+00,1.37585434e+00
7.11270000e+04,5.31426269e+00,3.93903310e+00,1.37522959e+00
7.11370000e+04,5.27042758e+00,3.89578754e+00,1.37464004e+00
7.11380000e+04,4.88359766e+01,4.74862677e+01,1.34970885e+00
7.11480000e+04,6.03994203e+02,6.02379605e+02,1.61459835e+00
7.11580000e+04,2.55006610e+02,2.53512365e+02,1.49424441e+00
7.11680000e+04,8.06471528e+01,7.92240934e+01,1.42305940e+00
7.11780000e+04,4.79221400e+01,4.65062837e+01,1.41585629e+00
7.11880000e+04,5.12122639e+01,4.97910620e+01,1.42120196e+00
7.11980000e+04,1.02141582e+03,1.01995571e+03,1.46011642e+00
7.12080000e+04,2.95770165e+02,2.94302274e+02,1.46789086e+00
7.12180000e+04,1.36001293e+02,1.34535774e+02,1.46551818e+00
7.12280000e+04,6.57462897e+01,6.42885717e+01,1.45771800e+00
7.12380000e+04,4.49359095e+01,4.34829423e+01,1.45296721e+00
7.12480000e+04,3.28732509e+01,3.14246893e+01,1.44856157e+00
7.12580000e+04,2.74564294e+01,2.60116295e+01,1.44479982e+00
7.12680000e+04,2.43827475e+01,2.29414069e+01,1.44134064e+00
7.12780000e+04,2.24497315e+01,2.10117701e+01,1.43796135e+00
7.12880000e+04,2.09688241e+01,1.95334951e+01,1.43532906e+00
7.12980000e+04,1.97914862e+01,1.83583389e+01,1.43314730e+00
7.13080000e+04,1.88644291e+01,1.74333045e+01,1.43112456e+00
7.13180000e+04,1.81227043e+01,1.66934950e+01,1.42920925e+00
7.13280000e+04,1.75028580e+01,1.60753429e+01,1.42751510e+00
7.13380000e+04,1.69749481e+01,1.55489793e+01,1.42596877e+00
7.13480000e+04,1.65222616e+01,1.50977035e+01,1.42455810e+00
7.13580000e+04,1.61316851e+01,1.47084154e+01,1.42326972e+00
7.13680000e+04,1.57928615e+01,1.43707746e+01,1.42208690e+00
7.13780000e+04,1.54967995e+01,1.40758048e+01,1.42099461e+00
7.13880000e+04,1.52360784e+01,1.38160950e+01,1.41998333e+00
7.13980000e+04,1.50048549e+01,1.35858082e+01,1.41904672e+00
7.14080000e+04,1.47985906e+01,1.33804094e+01,1.41818112e+00
7.14180000e+04,1.46136955e+01,1.31963192e+01,1.41737631e+00
7.14280000e+04,1.44473157e+01,1.30306865e+01,1.41662918e+00
7.14380000e+04,1.42969641e+01,1.28810308e+01,1.41593335e+00
7.14390000e+04,5.37332816e+01,5.23432097e+01,1.39007193e+00
7.14490000e+04,1.83012747e+03,1.82826312e+03,1.86435604e+00
7.14590000e+04,4.70278087e+03,4.70100487e+03,1.77600638e+00
7.14690000e+04,2.56545083e+04,2.56520945e+04,2.41379494e+00
7.14790000e+04,1.57869721e+03,1.57638906e+03,2.30815552e+00
7.14890000e+04,8.02083728e+02,7.99951677e+02,2.13205117e+00
7.14990000e+04,2.24447200e+02,2.22515866e+02,1.93133384e+00
7.15090000e+04,1.25597739e+02,1.23704496e+02,1.89324321e+00
7.15190000e+04,1.04610832e+02,1.02752169e+02,1.85866323e+00
7.15290000e+04,8.72614169e+01,8.54322480e+01,1.82916893e+00
7.15390000e+04,7.79271874e+01,7.61216922e+01,1.80549520e+00
7.15490000e+04,7.13779450e+01,6.95953960e+01,1.78254904e+00
7.15590000e+04,6.65538430e+01,6.47889933e+01,1.76484971e+00
7.15690000e+04,6.27982159e+01,6.10498631e+01,1.74835281e+00
7.15790000e+04,5.97739785e+01,5.80394673e+01,1.73451127e+00
7.15890000e+04,5.72785319e+01,5.55568138e+01,1.72171813e+00
7.15990000e+04,5.51881557e+01,5.34777477e+01,1.71040798e+00
7.16090000e+04,5.34159560e+01,5.17157070e+01,1.70024902e+00
7.16190000e+04,5.18987870e+01,5.02076780e+01,1.69110903e+00
7.16290000e+04,5.05888776e+01,4.89060988e+01,1.68277882e+00
7.16390000e+04,4.94491645e+01,4.77739681e+01,1.67519636e+00
7.16490000e+04,4.84504571e+01,4.67821682e+01,1.66828897e+00
7.16590000e+04,4.75693064e+01,4.59073067e+01,1.66199963e+00
7.16690000e+04,4.67867213e+01,4.51304782e+01,1.65624308e+00
7.16790000e+04,4.60873458e+01,4.44363751e+01,1.65097066e+00
7.16890000e+04,4.54586969e+01,4.38125774e+01,1.64611955e+00
7.16990000e+04,4.48905705e+01,4.32489160e+01,1.64165451e+00
7.17090000e+04,4.43746674e+01,4.27371309e+01,1.63753656e+00
7.17190000e+04,4.39041408e+01,4.22704137e+01,1.63372707e+00
7.17290000e+04,4.34733531e+01,4.18431585e+01,1.63019467e+00
7.17390000e+04,4.30779891e+01,4.14510692e+01,1.62691988e+00
7.17400000e+04,6.20916624e+01,6.04946343e+01,1.59702818e+00
7.17500000e+04,1.26500619e+03,1.26251058e+03,2.49561472e+00
7.17600000e+04,3.38026601e+02,3.35574780e+02,2.45182054e+00
7.17700000e+04,1.88709295e+02,1.86440443e+02,2.26885195e+00
7.17800000e+04,9.88457751e+01,9.67116289e+01,2.13414623e+00
7.17900000e+04,5.96111250e+01,5.75312827e+01,2.07984235e+00
7.18000000e+04,4.35093132e+01,4.14848484e+01,2.02446479e+00
7.18100000e+04,3.56607253e+01,3.36720473e+01,1.98867796e+00
7.18200000e+04,3.10305251e+01,2.90724664e+01,1.95805865e+00
7.18300000e+04,2.82177378e+01,2.62839516e+01,1.93378620e+00
7.18400000e+04,2.62453196e+01,2.43348585e+01,1.91046108e+00
7.18500000e+04,2.47579273e+01,2.28678354e+01,1.89009189e+00
7.18600000e+04,2.35697664e+01,2.16973609e+01,1.87240550e+00
7.18700000e+04,2.25944395e+01,2.07387111e+01,1.85572842e+00
7.18800000e+04,2.17761201e+01,1.99356135e+01,1.84050662e+00
7.18900000e+04,2.10796026e+01,1.92528977e+01,1.82670488e+00
7.19000000e+04,2.04795535e+01,1.86655058e+01,1.81404773e+00
7.19100000e+04,1.99572175e+01,1.81547271e+01,1.80249045e+00
7.19200000e+04,1.94991645e+01,1.77073503e+01,1.79181421e+00
7.19300000e+04,1.90944624e+01,1.73124331e+01,1.78202925e+00
7.19400000e+04,1.87347570e+01,1.69617412e+01,1.77301587e+00
7.19500000e+04,1.84133582e+01,1.66486792e+01,1.76467901e+00
7.19600000e+04,1.81250035e+01,1.63680049e+01,1.75699866e+00
7.19700000e+04,1.78653762e+01,1.61154847e+01,1.74989152e+00
7.19800000e+04,1.76307405e+01,1.58874169e+01,1.74332363e+00
7.19900000e+04,1.74179318e+01,1.56806868e+01,1.73724504e+00
7.20000000e+04,1.72242768e+01,1.54926716e+01,1.73160516e+00
7.20100000e+04,1.70475601e+01,1.53211885e+01,1.72637157e+00
7.20200000e+04,1.68859666e+01,1.51644515e+01,1.72151513e+00
7.20300000e+04,1.67379536e+01,1.50209426e+01,1.71701099e+00
7.20400000e+04,1.66021715e+01,1.48893407e+01,1.71283080e+00
7.20410000e+04,2.82060839e+01,2.65271880e+01,1.67889594e+00
7.20510000e+04,1.87592831e+05,1.87590508e+05,2.32236851e+00
7.20610000e+04,6.01860248e+04,6.01837017e+04,2.32311777e+00
7.20710000e+04,1.54329397e+04,1.54305172e+04,2.42241718e+00
7.20810000e+04,8.94944746e+03,8.94694071e+03,2.50675339e+00
7.20910000e+04,4.45420596e+03,4.45164580e+03,2.56016253e+00
7.21010000e+04,2.50354881e+03,2.50100730e+03,2.54150689e+00
7.21110000e+04,1.69511997e+03,1.69260846e+03,2.51150424e+00
7.21210000e+04,1.30464634e+03,1.30219738e+03,2.44895849e+00
7.21310000e+04,1.09201547e+03,1.08963076e+03,2.38470557e+00
7.21410000e+04,9.02921513e+02,9.00571673e+02,2.34983924e+00
7.21510000e+04,7.76089786e+02,7.73750442e+02,2.33934349e+00
7.21610000e+04,6.77722662e+02,6.75382755e+02,2.33990641e+00
7.21710000e+04,6.06614681e+02,6.04287992e+02,2.32668844e+00
7.21810000e+04,5.49184583e+02,5.46869354e+02,2.31522857e+00
7.21910000e+04,5.01845151e+02,4.99535417e+02,2.30973479e+00
7.22010000e+04,4.62332683e+02,4.60026974e+02,2.30570848e+00
7.22110000e+04,4.28990244e+02,4.26687901e+02,2.30234317e+00
7.22210000e+04,4.00630997e+02,3.98331212e+02,2.29978444e+00
7.22310000e+04,3.76340869e+02,3.74043530e+02,2.29733933e+00
7.22410000e+04,3.55395070e+02,3.53100368e+02,2.29470249e+00
7.22510000e+04,3.37228625e+02,3.34936575e+02,2.29205024e+00
7.22610000e+04,3.21388517e+02,3.19099016e+02,2.28950118e+00
7.22710000e+04,3.07501706e+02,3.05214667e+02,2.28703915e+00
7.22810000e+04,2.95266616e+02,2.92981970e+02,2.28464612e+00
7.22910000e+04,2.84437029e+02,2.82154695e+02,2.28233345e+00
7.23010000e+04,2.74806378e+02,2.72526269e+02,2.28010836e+00
7.23110000e+04,2.66204055e+02,2.63926089e+02,2.27796619e+00
7.23210000e+04,2.58488838e+02,2.56212934e+02,2.27590396e+00
7.23310000e+04,2.51543134e+02,2.49269217e+02,2.27391705e+00
7.23410000e+04,2.45266141e+02,2.42994131e+02,2.27200965e+00
7.23420000e+04,7.98666985e+02,7.96409760e+02,2.25722454e+00
7.23520000e+04,5.42199790e+03,5.41929159e+03,2.70630553e+00
7.23620000e+04,1.60792152e+03,1.60553130e+03,2.39022465e+00
7.23720000e+04,1.40441426e+03,1.40212151e+03,2.29275697e+00
7.23820000e+04,5.61238301e+04,5.61210311e+04,2.79902440e+00
7.23920000e+04,1.83734403e+04,1.83705901e+04,2.85016282e+00
7.24020000e+04,7.71288047e+03,7.71002906e+03,2.85140587e+00
7.24120000e+04,3.40945897e+03,3.40665141e+03,2.80755665e+00
7.24220000e+04,2.42534989e+03,2.42255943e+03,2.79045870e+00
7.24320000e+04,1.68001799e+03,1.67725226e+03,2.76572967e+00
7.24420000e+04,1.41834292e+03,1.41563131e+03,2.71161152e+00
7.24520000e+04,1.23150196e+03,1.22883937e+03,2.66258630e+00
7.24620000e+04,1.12282386e+03,1.12019559e+03,2.62827209e+00
7.24720000e+04,1.03847665e+03,1.03586629e+03,2.61035331e+00
7.24820000e+04,9.74462468e+02,9.71864973e+02,2.59749543e+00
7.24920000e+04,9.20984862e+02,9.18400447e+02,2.58441470e+00
7.25020000e+04,8.76280944e+02,8.73708692e+02,2.57225188e+00
7.25120000e+04,8.37762149e+02,8.35201596e+02,2.56055309e+00
7.25220000e+04,8.04325836e+02,8.01778305e+02,2.54753129e+00
7.25320000e+04,7.74965976e+02,7.72432533e+02,2.53344346e+00
7.25420000e+04,7.48952501e+02,7.46433073e+02,2.51942787e+00
7.25520000e+04,7.25786032e+02,7.23280120e+02,2.50591166e+00
7.25620000e+04,7.05086050e+02,7.02593143e+02,2.49290624e+00
7.25720000e+04,6.86537187e+02,6.84056809e+02,2.48037799e+00
7.25820000e+04,6.69866395e+02,6.67398035e+02,2.46835995e+00
7.25920000e+04,6.54839407e+02,6.52382479e+02,2.45692824e+00
7.26020000e+04,6.41255774e+02,6.38809632e+02,2.44614222e+00
7.26120000e+04,6.28943195e+02,6.26507173e+02,2.43602213e+00
7.26220000e+04,6.17756766e+02,6.15330222e+02,2.42654390e+00
7.26320000e+04,6.07571779e+02,6.05154114e+02,2.41766435e+00
7.26420000e+04,5.98281469e+02,5.95872125e+02,2.40934405e+00
7.26430000e+04,6.70754410e+02,6.68344753e+02,2.40965711e+00
7.26530000e+04,6.22168337e+03,6.21931801e+03,2.36535955e+00
7.26630000e+04,1.19662951e+03,1.19446601e+03,2.16350657e+00
7.26730000e+04,8.40003172e+02,8.37873456e+02,2.12971630e+00
7.26830000e+04,5.17908498e+02,5.15756008e+02,2.15249043e+00
7.26930000e+04,3.53011124e+02,3.50828080e+02,2.18304460e+00
7.27030000e+04,2.75155701e+02,2.72992628e+02,2.16307306e+00
7.27130000e+04,2.34888546e+02,2.32795442e+02,2.09310361e+00
7.27230000e+04,2.10276515e+02,2.08243433e+02,2.03308186e+00
7.27330000e+04,1.94558318e+02,1.92584775e+02,1.97354253e+00
7.27430000e+04,1.83688653e+02,1.81762323e+02,1.92632977e+00
7.27530000e+04,1.75599881e+02,1.73710587e+02,1.88929337e+00
7.27630000e+04,1.69259291e+02,1.67403917e+02,1.85537379e+00
7.27730000e+04,1.64127600e+02,1.62300826e+02,1.82677442e+00
7.27830000e+04,1.59816607e+02,1.58014204e+02,1.80240271e+00
7.27930000e+04,1.56102154e+02,1.54321273e+02,1.78088128e+00
7.28030000e+04,1.52814304e+02,1.51052302e+02,1.76200204e+00
7.28130000e+04,1.49840676e+02,1.48095546e+02,1.74512993e+00
7.28230000e+04,1.47104704e+02,1.45374762e+02,1.72994175e+00
7.28330000e+04,1.44559495e+02,1.42843249e+02,1.71624634e+00
7.28430000e+04,1.42177045e+02,1.40473248e+02,1.70379730e+00
7.28530000e+04,1.39937601e+02,1.38245103e+02,1.69249821e+00
7.28630000e+04,1.37827725e+02,1.36145518e+02,1.68220688e+00
7.28730000e+04,1.35847124e+02,1.34174368e+02,1.67275585e+00
7.28830000e+04,1.34012000e+02,1.32347978e+02,1.66402269e+00
7.28930000e+04,1.32340367e+02,1.30684398e+02,1.65596938e+00
7.29030000e+04,1.30832425e+02,1.29183812e+02,1.64861252e+00
7.29130000e+04,1.29474879e+02,1.27832939e+02,1.64194015e+00
7.29230000e+04,1.28250694e+02,1.26614784e+02,1.63591023e+00
7.29330000e+04,1.27142904e+02,1.25512450e+02,1.63045378e+00
7.29430000e+04,1.26136048e+02,1.24510538e+02,1.62550977e+00
7.29440000e+04,1.57273489e+02,1.55672317e+02,1.60117196e+00
7.29540000e+04,6.68562383e+02,6.66871730e+02,1.69065308e+00
7.29640000e+04,1.89717520e+02,1.88082427e+02,1.63509345e+00
7.29740000e+04,1.09924001e+02,1.08368790e+02,1.55521099e+00
7.29840000e+04,7.11185606e+01,6.95821533e+01,1.53640732e+00
7.29940000e+04,4.43895064e+01,4.28552962e+01,1.53421017e+00
7.30040000e+04,3.46335890e+01,3.31164681e+01,1.51712092e+00
7.30140000e+04,2.92521196e+01,2.77420569e+01,1.51006273e+00
7.30240000e+04,2.60621239e+01,2.45627817e+01,1.49934225e+00
7.30340000e+04,2.40115590e+01,2.25192918e+01,1.49226722e+00
7.30440000e+04,2.25361721e+01,2.10500494e+01,1.48612274e+00
7.30540000e+04,2.13789377e+01,1.98974174e+01,1.48152028e+00
7.30640000e+04,2.04483413e+01,1.89712744e+01,1.47706686e+00
7.30740000e+04,1.96808349e+01,1.82077540e+01,1.47308091e+00
7.30840000e+04,1.90277642e+01,1.75586352e+01,1.46912900e+00
7.30940000e+04,1.84566881e+01,1.69909615e+01,1.46572664e+00
7.31040000e+04,1.79447747e+01,1.64822546e+01,1.46252008e+00
7.31140000e+04,1.74759591e+01,1.60162963e+01,1.45966278e+00
7.31240000e+04,1.70385772e+01,1.55815301e+01,1.45704708e+00
7.31340000e+04,1.66240689e+01,1.51694527e+01,1.45461623e+00
7.31440000e+04,1.62270243e+01,1.47746333e+01,1.45239095e+00
7.31540000e+04,1.58449085e+01,1.43945626e+01,1.45034593e+00
7.31640000e+04,1.54775831e+01,1.40291191e+01,1.44846404e+00
7.31740000e+04,1.51264188e+01,1.36796855e+01,1.44673323e+00
7.31840000e+04,1.47935338e+01,1.33483864e+01,1.44514745e+00
7.31940000e+04,1.44811637e+01,1.30374765e+01,1.44368723e+00
7.32040000e+04,1.41909247e+01,1.27485821e+01,1.44234258e+00
7.32140000e+04,1.39233134e+01,1.24822121e+01,1.44110132e+00
7.32240000e+04,1.36777245e+01,1.22377721e+01,1.43995242e+00
7.32340000e+04,1.34529166e+01,1.20140306e+01,1.43888602e+00
7.32440000e+04,1.32473823e+01,1.18094880e+01,1.43789427e+00
7.32450000e+04,5.69868595e+01,5.55732240e+01,1.41363550e+00
7.32550000e+04,6.23246852e+02,6.21568092e+02,1.67876007e+00
7.32650000e+04,1.68279967e+02,1.66766635e+02,1.51333224e+00
7.32750000e+04,7.73326141e+01,7.59113733e+01,1.42124075e+00
7.32850000e+04,3.76208946e+01,3.62051557e+01,1.41573894e+00
7.32950000e+04,2.22319153e+01,2.08009059e+01,1.43100935e+00
7.33050000e+04,1.51306106e+01,1.37032462e+01,1.42736435e+00
7.33150000e+04,1.19183916e+01,1.04991367e+01,1.41925498e+00
7.33250000e+04,1.02125492e+01,8.80023400e+00,1.41231523e+00
7.33350000e+04,9.20636114e+00,7.80162957e+00,1.40473157e+00
7.33450000e+04,8.51695282e+00,7.11470822e+00,1.40224460e+00
7.33550000e+04,8.01708083e+00,6.61715567e+00,1.39992517e+00
7.33650000e+04,7.63201938e+00,6.23486208e+00,1.39715729e+00
7.33750000e+04,7.32387897e+00,5.92886939e+00,1.39500958e+00
7.33850000e+04,7.07349924e+00,5.68048698e+00,1.39301226e+00
7.33950000e+04,6.86671155e+00,5.47551807e+00,1.39119348e+00
7.34050000e+04,6.69377732e+00,5.30417980e+00,1.38959752e+00
7.34150000e+04,6.54715605e+00,5.15912304e+00,1.38803301e+00
7.34250000e+04,6.42118932e+00,5.03459867e+00,1.38659065e+00
7.34350000e+04,6.31171524e+00,4.92647452e+00,1.38524072e+00
7.34450000e+04,6.21567811e+00,4.83170168e+00,1.38397643e+00
7.34550000e+04,6.13077216e+00,4.74799042e+00,1.38278174e+00
7.34650000e+04,6.05521929e+00,4.67355126e+00,1.38166803e+00
7.34750000e+04,5.98760277e+00,4.60697884e+00,1.38062393e+00
7.34850000e+04,5.92684963e+00,4.54720522e+00,1.37964441e+00
7.34950000e+04,5.87204422e+00,4.49332381e+00,1.37872041e+00
7.35050000e+04,5.82243898e+00,4.44458019e+00,1.37785879e+00
7.35150000e+04,5.77740317e+00,4.40034896e+00,1.37705421e+00
7.35250000e+04,5.73641014e+00,4.36010724e+00,1.37630290e+00
7.35350000e+04,5.69901005e+00,4.32340810e+00,1.37560195e+00
7.35450000e+04,5.66481386e+00,4.28986588e+00,1.37494798e+00
7.35460000e+04,2.88497797e+01,2.74932080e+01,1.35657167e+00
7.35560000e+04,5.08253862e+02,5.06719604e+02,1.53425806e+00
7.35660000e+04,1.58190449e+02,1.56733592e+02,1.45685726e+00
7.35760000e+04,6.51002849e+01,6.36908632e+01,1.40942174e+00
7.35860000e+04,3.22796332e+01,3.08696858e+01,1.40994740e+00
7.35960000e+04,1.81880345e+01,1.67955293e+01,1.39250525e+00
7.36060000e+04,1.21008152e+01,1.07068686e+01,1.39394652e+00
7.36160000e+04,9.15576559e+00,7.76138895e+00,1.39437663e+00
7.36260000e+04,7.87333075e+00,6.48373873e+00,1.38959202e+00
7.36360000e+04,7.15774371e+00,5.77049370e+00,1.38725000e+00
7.36460000e+04,6.70357830e+00,5.31835334e+00,1.38522495e+00
7.36560000e+04,6.38424540e+00,5.00079897e+00,1.38344642e+00
7.36660000e+04,6.14465043e+00,4.76304778e+00,1.38160265e+00
7.36760000e+04,5.95454661e+00,4.57462871e+00,1.37991790e+00
7.36860000e+04,5.79961070e+00,4.42114711e+00,1.37846358e+00
7.36960000e+04,5.67000478e+00,4.29280408e+00,1.37720070e+00
7.37060000e+04,5.56006092e+00,4.18407110e+00,1.37598982e+00
7.37160000e+04,5.46552331e+00,4.09063926e+00,1.37488405e+00
7.37260000e+04,5.38349008e+00,4.00964427e+00,1.37384581e+00
7.37360000e+04,5.31161987e+00,3.93871647e+00,1.37290340e+00
7.37460000e+04,5.24821301e+00,3.87619589e+00,1.37201712e+00
7.37560000e+04,5.19192874e+00,3.82075244e+00,1.37117630e+00
7.37660000e+04,5.14168625e+00,3.77129606e+00,1.37039020e+00
7.37760000e+04,5.09661860e+00,3.72699002e+00,1.36962858e+00
7.37860000e+04,5.05595005e+00,3.68718247e+00,1.36876758e+00
7.37960000e+04,5.01921348e+00,3.65122796e+00,1.36798552e+00
7.38060000e+04,4.98595336e+00,3.61864512e+00,1.36730824e+00
7.38160000e+04,4.95574656e+00,3.58909038e+00,1.36665618e+00
7.38260000e+04,4.92825420e+00,3.56218879e+00,1.36606541e+00
7.38360000e+04,4.90317701e+00,3.53767460e+00,1.36550241e+00
7.38460000e+04,4.88025893e+00,3.51527610e+00,1.36498283e+00
7.38470000e+04,1.70375506e+01,1.56895304e+01,1.34802013e+00
7.38570000e+04,5.94824058e+04,5.94803144e+04,2.09144690e+00
7.38670000e+04,1.01938888e+05,1.01936632e+05,2.25592103e+00
7.38770000e+04,4.42918961e+05,4.42915763e+05,3.19736160e+00
7.38870000e+04,1.28360537e+06,1.28360106e+06,4.30625733e+00
7.38970000e+04,2.39631118e+05,2.39626921e+05,4.19643200e+00
7.39070000e+04,1.72939141e+05,1.72934835e+05,4.30674428e+00
7.39170000e+04,7.61098250e+04,7.61053192e+04,4.50583017e+00
7.39270000e+04,3.59873266e+04,3.59827220e+04,4.60461382e+00
7.39370000e+04,1.99544801e+04,1.99498154e+04,4.66476242e+00
7.39470000e+04,1.26865494e+04,1.26818747e+04,4.67475356e+00
7.39570000e+04,7.80147167e+03,7.79680278e+03,4.66888629e+00
7.39670000e+04,6.27801130e+03,6.27336117e+03,4.65012023e+00
7.39770000e+04,5.25676434e+03,5.25213540e+03,4.62894175e+00
7.39870000e+04,4.76302851e+03,4.75841493e+03,4.61357650e+00
7.39970000e+04,4.38668487e+03,4.38208580e+03,4.59906217e+00
7.40070000e+04,4.10745064e+03,4.10286590e+03,4.58473395e+00
7.40170000e+04,3.88273424e+03,3.87816370e+03,4.57054759e+00
7.40270000e+04,3.69779282e+03,3.69323436e+03,4.55845803e+00
7.40370000e+04,3.53971744e+03,3.53516910e+03,4.54833764e+00
7.40470000e+04,3.40322751e+03,3.39868831e+03,4.53920523e+00
7.40570000e+04,3.28385606e+03,3.27932511e+03,4.53095553e+00
7.40670000e+04,3.17848152e+03,3.17395792e+03,4.52360713e+00
7.40770000e+04,3.08479901e+03,3.08028210e+03,4.51691343e+00
7.40870000e+04,3.00105126e+03,2.99654048e+03,4.51078572e+00
7.40970000e+04,2.92584006e+03,2.92133487e+03,4.50518880e+00
7.41070000e+04,2.85804616e+03,2.85354609e+03,4.50007510e+00
7.41170000e+04,2.79672601e+03,2.79223057e+03,4.49543767e+00
7.41270000e+04,2.74113174e+03,2.73664047e+03,4.49127301e+00
7.41370000e+04,2.69059437e+03,2.68610680e+03,4.48756952e+00
7.41470000e+04,2.64457632e+03,2.64009200e+03,4.48432025e+00
7.41480000e+04,7.03394412e+03,7.02946362e+03,4.48050368e+00
7.41580000e+04,1.52774637e+04,1.52735056e+04,3.95810597e+00
7.41680000e+04,9.02250127e+03,9.01869065e+03,3.81062338e+00
7.41780000e+04,3.63536000e+03,3.63180744e+03,3.55256438e+00
7.41880000e+04,2.58382643e+03,2.58042996e+03,3.39647175e+00
7.41980000e+04,2.32309482e+03,2.31984144e+03,3.25338164e+00
7.42080000e+04,2.12992071e+03,2.12678721e+03,3.13349511e+00
7.42180000e+04,1.99614139e+03,1.99310643e+03,3.03496090e+00
7.42280000e+04,1.91279573e+03,1.90983484e+03,2.96089080e+00
7.42380000e+04,1.84290901e+03,1.84000519e+03,2.90381876e+00
7.42480000e+04,1.78561261e+03,1.78275150e+03,2.86111210e+00
7.42580000e+04,1.74029297e+03,1.73746600e+03,2.82696780e+00
7.42680000e+04,1.70753945e+03,1.70473885e+03,2.80059582e+00
7.42780000e+04,1.68267760e+03,1.67989866e+03,2.77893797e+00
7.42880000e+04,1.66129663e+03,1.65853607e+03,2.76056234e+00
7.42980000e+04,1.64289742e+03,1.64015064e+03,2.74677747e+00
7.43080000e+04,1.62676652e+03,1.62403014e+03,2.73637949e+00
7.43180000e+04,1.61244776e+03,1.60972001e+03,2.72774210e+00
7.43280000e+04,1.59958462e+03,1.59686441e+03,2.72021301e+00
7.43380000e+04,1.58789178e+03,1.58517819e+03,2.71358644e+00
7.43480000e+04,1.57715176e+03,1.57444406e+03,2.70769723e+00
7.43580000e+04,1.56720364e+03,1.56450126e+03,2.70237469e+00
7.43680000e+04,1.55794265e+03,1.55524513e+03,2.69751638e+00
7.43780000e+04,1.54930842e+03,1.54661537e+03,2.69304979e+00
7.43880000e+04,1.54125335e+03,1.53856445e+03,2.68889730e+00
7.43980000e+04,1.53373024e+03,1.53104526e+03,2.68497384e+00
7.44080000e+04,1.52669494e+03,1.52401372e+03,2.68121498e+00
7.44180000e+04,1.52011058e+03,1.51743300e+03,2.67758831e+00
7.44280000e+04,1.51394728e+03,1.51127320e+03,2.67408087e+00
7.44380000e+04,1.50818873e+03,1.50551804e+03,2.67069001e+00
7.44480000e+04,1.50284012e+03,1.50017270e+03,2.66741678e+00
7.44490000e+04,1.64005729e+03,1.63740593e+03,2.65136288e+00
7.44590000e+04,8.47903596e+02,8.45484554e+02,2.41904222e+00
7.44690000e+04,5.17510260e+02,5.15096268e+02,2.41399188e+00
7.44790000e+04,4.05910115e+02,4.03832603e+02,2.07751226e+00
7.44890000e+04,3.45034531e+02,3.43143960e+02,1.89057056e+00
7.44990000e+04,2.91096302e+02,2.89319959e+02,1.77634296e+00
7.45090000e+04,2.43379176e+02,2.41671910e+02,1.70726556e+00
7.45190000e+04,4.21250429e+02,4.19575322e+02,1.67510672e+00
7.45290000e+04,3.43502930e+02,3.41844995e+02,1.65793435e+00
7.45390000e+04,3.04707131e+02,3.03061000e+02,1.64613040e+00
7.45490000e+04,3.64378719e+02,3.62741906e+02,1.63681304e+00
7.45590000e+04,2.91765158e+02,2.90142970e+02,1.62218814e+00
7.45690000e+04,2.47883800e+02,2.46269552e+02,1.61424805e+00
7.45790000e+04,2.22136902e+02,2.20522396e+02,1.61450568e+00
7.45890000e+04,2.07502244e+02,2.05890390e+02,1.61185405e+00
7.45990000e+04,2.00963856e+02,1.99353176e+02,1.61068004e+00
7.46090000e+04,1.95794928e+02,1.94186268e+02,1.60866051e+00
7.46190000e+04,1.91437122e+02,1.89832423e+02,1.60469855e+00
7.46290000e+04,1.87789697e+02,1.86187348e+02,1.60234929e+00
7.46390000e+04,1.84336510e+02,1.82736783e+02,1.59972666e+00
7.46490000e+04,1.80956036e+02,1.79358404e+02,1.59763173e+00
7.46590000e+04,1.77615521e+02,1.76020057e+02,1.59546448e+00
7.46690000e+04,1.74333172e+02,1.72739877e+02,1.59329557e+00
7.46790000e+04,1.71123943e+02,1.69532875e+02,1.59106753e+00
7.46890000e+04,1.67960177e+02,1.66371312e+02,1.58886512e+00
7.46990000e+04,1.64759765e+02,1.63173057e+02,1.58670753e+00
7.47090000e+04,1.61331575e+02,1.59746982e+02,1.58459333e+00
7.47190000e+04,1.57261126e+02,1.55678584e+02,1.58254178e+00
7.47290000e+04,1.51841141e+02,1.50260538e+02,1.58060329e+00
7.47390000e+04,1.44601160e+02,1.43022358e+02,1.57880255e+00
7.47490000e+04,1.35752317e+02,1.34175451e+02,1.57686550e+00
7.47500000e+04,7.81511496e+02,7.79957181e+02,1.55431423e+00
7.47600000e+04,6.32192523e+02,6.30459496e+02,1.73302689e+00
7.47700000e+04,3.20294130e+02,3.18592080e+02,1.70204954e+00
7.47800000e+04,2.35299727e+02,2.33689426e+02,1.61030109e+00
7.47900000e+04,1.60664672e+02,1.59061080e+02,1.60359153e+00
7.48000000e+04,2.24303694e+02,2.22714898e+02,1.58879677e+00
7.48100000e+04,2.17072507e+02,2.15497837e+02,1.57466999e+00
7.48200000e+04,1.94158912e+02,1.92584491e+02,1.57442095e+00
7.48300000e+04,1.84338305e+02,1.82767441e+02,1.57086408e+00
7.48400000e+04,1.77588250e+02,1.76020569e+02,1.56768114e+00
7.48500000e+04,1.71062780e+02,1.69498704e+02,1.56407590e+00
7.48600000e+04,1.62954683e+02,1.61391662e+02,1.56302096e+00
7.48700000e+04,1.51914607e+02,1.50352998e+02,1.56160904e+00
7.48800000e+04,1.37732237e+02,1.36174167e+02,1.55807021e+00
7.48900000e+04,1.21910499e+02,1.20353313e+02,1.55718602e+00
7.49000000e+04,1.05796263e+02,1.04239326e+02,1.55693698e+00
7.49100000e+04,8.53585649e+01,8.38002071e+01,1.55835772e+00
7.49200000e+04,7.30715061e+01,7.15088647e+01,1.56264138e+00
7.49300000e+04,6.76302929e+01,6.60635606e+01,1.56673231e+00
7.49400000e+04,6.45479908e+01,6.29813847e+01,1.56660610e+00
7.49500000e+04,6.42620867e+01,6.26966968e+01,1.56538991e+00
7.49600000e+04,8.77391685e+01,8.61756040e+01,1.56356446e+00
7.49700000e+04,1.11914050e+02,1.10365158e+02,1.54889146e+00
7.49800000e+04,1.04305760e+02,1.02748069e+02,1.55769080e+00
7.49900000e+04,9.87932351e+01,9.72266366e+01,1.56659852e+00
7.50000000e+04,9.43230181e+01,9.27568001e+01,1.56621800e+00
7.50100000e+04,8.96976570e+01,8.81317687e+01,1.56588834e+00
7.50200000e+04,8.40323090e+01,8.24670796e+01,1.56522948e+00
7.50300000e+04,7.65033458e+01,7.49384145e+01,1.56493131e+00
7.50400000e+04,6.84127200e+01,6.68491596e+01,1.56356041e+00
7.50500000e+04,6.38142119e+01,6.22523903e+01,1.56182156e+00
7.50510000e+04,3.74774666e+02,3.73233235e+02,1.54143115e+00
7.50610000e+04,3.96788700e+02,3.95147764e+02,1.64093598e+00
7.50710000e+04,2.11226404e+02,2.09547864e+02,1.67853903e+00
7.50810000e+04,1.10756178e+02,1.09155204e+02,1.60097387e+00
7.50910000e+04,6.43965221e+01,6.28230930e+01,1.57342905e+00
7.51010000e+04,4.27896008e+01,4.12170291e+01,1.57257173e+00
7.51110000e+04,7.72228500e+01,7.56539261e+01,1.56892383e+00
7.51210000e+04,4.62179318e+01,4.46414512e+01,1.57648057e+00
7.51310000e+04,2.98344891e+01,2.82719830e+01,1.56250606e+00
7.51410000e+04,1.65054455e+01,1.49453533e+01,1.56009214e+00
7.51510000e+04,1.56631671e+01,1.41020847e+01,1.56108239e+00
7.51610000e+04,1.18984212e+01,1.03449531e+01,1.55346808e+00
7.51710000e+04,9.69958477e+00,8.14383677e+00,1.55574800e+00
7.51810000e+04,8.72594805e+00,7.17069647e+00,1.55525157e+00
7.51910000e+04,8.19959870e+00,6.64540821e+00,1.55419049e+00
7.52010000e+04,7.80120855e+00,6.24785649e+00,1.55335207e+00
7.52110000e+04,7.51330114e+00,5.96094983e+00,1.55235131e+00
7.52210000e+04,7.27851065e+00,5.72704704e+00,1.55146361e+00
7.52310000e+04,7.08344280e+00,5.53316817e+00,1.55027462e+00
7.52410000e+04,6.91597663e+00,5.36657010e+00,1.54940654e+00
7.52510000e+04,6.77007623e+00,5.22160060e+00,1.54847563e+00
7.52610000e+04,6.64187044e+00,5.09426608e+00,1.54760436e+00
7.52710000e+04,6.52837653e+00,4.98163730e+00,1.54673923e+00
7.52810000e+04,6.42768981e+00,4.88178695e+00,1.54590286e+00
7.52910000e+04,6.33815366e+00,4.79305429e+00,1.54509937e+00
7.53010000e+04,6.25816626e+00,4.71384104e+00,1.54432521e+00
7.53110000e+04,6.18630743e+00,4.64273479e+00,1.54357264e+00
7.53210000e+04,6.12139049e+00,4.57855766e+00,1.54283283e+00
7.53310000e+04,6.06240009e+00,4.52022295e+00,1.54217714e+00
7.53410000e+04,6.00853179e+00,4.46694675e+00,1.54158504e+00
7.53510000e+04,5.95923958e+00,4.41820996e+00,1.54102963e+00
7.53520000e+04,2.72708136e+02,2.71187317e+02,1.52081832e+00
7.53620000e+04,2.19007924e+04,2.18987089e+04,2.08355165e+00
7.53720000e+04,5.28067574e+03,5.27831754e+03,2.35820787e+00
7.53820000e+04,1.46263694e+03,1.46007287e+03,2.56406462e+00
7.53920000e+04,7.08993769e+02,7.06135118e+02,2.85865162e+00
7.54020000e+04,4.13481782e+02,4.10468941e+02,3.01284117e+00
7.54120000e+04,2.66379419e+02,2.63320673e+02,3.05874525e+00
7.54220000e+04,1.85097265e+02,1.82044350e+02,3.05291448e+00
7.54320000e+04,1.36744179e+02,1.33731718e+02,3.01246173e+00
7.54420000e+04,1.08969217e+02,1.06000509e+02,2.96870812e+00
7.54520000e+04,9.17925059e+01,8.88679510e+01,2.92455491e+00
7.54620000e+04,7.99360804e+01,7.70555494e+01,2.88053107e+00
7.54720000e+04,7.13658932e+01,6.85279390e+01,2.83795417e+00
7.54820000e+04,6.47720563e+01,6.19741572e+01,2.79789908e+00
7.54920000e+04,5.94947957e+01,5.67344402e+01,2.76035553e+00
7.55020000e+04,5.51512752e+01,5.24257068e+01,2.72556844e+00
7.55120000e+04,5.15006426e+01,4.88074413e+01,2.69320127e+00
7.55220000e+04,4.84281410e+01,4.57647848e+01,2.66335616e+00
7.55320000e+04,4.58495144e+01,4.32137115e+01,2.63580291e+00
7.55420000e+04,4.36544018e+01,4.10441590e+01,2.61024288e+00
7.55520000e+04,4.17607989e+01,3.91743751e+01,2.58642384e+00
7.55620000e+04,4.01119580e+01,3.75477419e+01,2.56421611e+00
7.55720000e+04,3.86648556e+01,3.61213061e+01,2.54354943e+00
7.55820000e+04,3.73870240e+01,3.48626669e+01,2.52435714e+00
7.55920000e+04,3.62535223e+01,3.37469972e+01,2.50652508e+00
7.56020000e+04,3.52431474e+01,3.27531871e+01,2.48996032e+00
7.56120000e+04,3.43386381e+01,3.18641066e+01,2.47453150e+00
7.56220000e+04,3.35265652e+01,3.10664073e+01,2.46015791e+00
7.56320000e+04,3.27951038e+01,3.03482768e+01,2.44682702e+00
7.56420000e+04,3.21352696e+01,2.97008175e+01,2.43445204e+00
7.56520000e+04,3.15400354e+01,2.91171162e+01,2.42291921e+00
7.56530000e+04,2.57709754e+02,2.55288209e+02,2.42154466e+00
7.56630000e+04,4.62126839e+02,4.59671848e+02,2.45499093e+00
7.56730000e+04,1.98760712e+02,1.96552747e+02,2.20796529e+00
7.56830000e+04,1.01068770e+02,9.92286641e+01,1.84010610e+00
7.56930000e+04,8.35469766e+01,8.19005058e+01,1.64647077e+00
7.57030000e+04,6.72026598e+01,6.56243837e+01,1.57827606e+00
7.57130000e+04,5.61903501e+01,5.46510622e+01,1.53928784e+00
7.57230000e+04,4.76821798e+01,4.61541422e+01,1.52803756e+00
7.57330000e+04,2.57744287e+01,2.42472248e+01,1.52720390e+00
7.57430000e+04,5.75642232e+01,5.60445308e+01,1.51969240e+00
7.57530000e+04,2.77898304e+01,2.62674736e+01,1.52235682e+00
7.57630000e+04,1.79577704e+01,1.64440843e+01,1.51368616e+00
7.57730000e+04,1.45129068e+01,1.29979909e+01,1.51491585e+00
7.57830000e+04,1.32057258e+01,1.16933921e+01,1.51233370e+00
7.57930000e+04,1.25202563e+01,1.10104529e+01,1.50980342e+00
7.58030000e+04,1.20199450e+01,1.05101691e+01,1.50977589e+00
7.58130000e+04,1.16326964e+01,1.01246468e+01,1.50804955e+00
7.58230000e+04,1.13266873e+01,9.81980133e+00,1.50688596e+00
7.58330000e+04,1.10691885e+01,9.56306918e+00,1.50611934e+00
7.58430000e+04,1.08469714e+01,9.34189408e+00,1.50507728e+00
7.58530000e+04,1.06521052e+01,9.14786330e+00,1.50424188e+00
7.58630000e+04,1.04791238e+01,8.97569267e+00,1.50343115e+00
7.58730000e+04,1.03245050e+01,8.82179841e+00,1.50270657e+00
7.58830000e+04,1.01856824e+01,8.68365435e+00,1.50202810e+00
7.58930000e+04,1.00606626e+01,8.55926285e+00,1.50139978e+00
7.59030000e+04,9.94774126e+00,8.44693200e+00,1.50080927e+00
7.59130000e+04,9.84540722e+00,8.34516321e+00,1.50024401e+00
7.59230000e+04,9.75236984e+00,8.25263536e+00,1.49973448e+00
7.59330000e+04,9.66749591e+00,8.16822751e+00,1.49926839e+00
7.59430000e+04,9.58985327e+00,8.09101833e+00,1.49883494e+00
7.59530000e+04,9.51861074e+00,8.02017100e+00,1.49843974e+00
7.59540000e+04,1.78082233e+02,1.76601060e+02,1.48117309e+00
7.59640000e+04,3.54073435e+02,3.52477591e+02,1.59584405e+00
7.59740000e+04,1.51093739e+02,1.49513440e+02,1.58029943e+00
7.59840000e+04,8.66483850e+01,8.51478804e+01,1.50050462e+00
7.59940000e+04,5.75653127e+01,5.60647374e+01,1.50057537e+00
7.60040000e+04,4.37242218e+01,4.22234715e+01,1.50075032e+00
7.60140000e+04,3.50016800e+01,3.35055894e+01,1.49609060e+00
7.60240000e+04,3.61685709e+01,3.46768598e+01,1.49171109e+00
7.60340000e+04,3.20915761e+01,3.06043758e+01,1.48720028e+00
7.60440000e+04,5.29630699e+01,5.14698238e+01,1.49324614e+00
7.60540000e+04,4.52266768e+01,4.37420693e+01,1.48460743e+00
7.60640000e+04,3.62642060e+01,3.47741178e+01,1.49008827e+00
7.60740000e+04,2.61423137e+01,2.46546334e+01,1.48768034e+00
7.60840000e+04,1.11917244e+01,9.70673210e+00,1.48499229e+00
7.60940000e+04,8.65702118e+00,7.17144375e+00,1.48557743e+00
7.61040000e+04,7.69419905e+00,6.21184793e+00,1.48235111e+00
7.61140000e+04,6.89108275e+00,5.40960723e+00,1.48147553e+00
7.61240000e+04,6.47520022e+00,4.99245222e+00,1.48274800e+00
7.61340000e+04,6.19742903e+00,4.71600488e+00,1.48142414e+00
7.61440000e+04,6.00793131e+00,4.52744561e+00,1.48048570e+00
7.61540000e+04,5.85480975e+00,4.37512819e+00,1.47968156e+00
7.61640000e+04,5.72915411e+00,4.25036212e+00,1.47879200e+00
7.61740000e+04,5.62254576e+00,4.14456674e+00,1.47797902e+00
7.61840000e+04,5.52955568e+00,4.05226341e+00,1.47729228e+00
7.61940000e+04,5.44626181e+00,3.96969561e+00,1.47656620e+00
7.62040000e+04,5.37260314e+00,3.89666730e+00,1.47593584e+00
7.62140000e+04,5.30911663e+00,3.83362094e+00,1.47549569e+00
7.62240000e+04,5.25390781e+00,3.77900004e+00,1.47490777e+00
7.62340000e+04,5.20545080e+00,3.73106768e+00,1.47438312e+00
7.62440000e+04,5.16272843e+00,3.68885347e+00,1.47387496e+00
7.62540000e+04,5.12483112e+00,3.65139436e+00,1.47343677e+00
7.62550000e+04,1.32033658e+02,1.30576505e+02,1.45715346e+00
7.62650000e+04,1.96049906e+04,1.96033252e+04,1.66534855e+00
7.62750000e+04,2.32950443e+02,2.31341447e+02,1.60899644e+00
7.62850000e+04,3.83402288e+06,3.83402126e+06,1.62165692e+00
7.62950000e+04,1.29923948e+02,1.28420284e+02,1.50366393e+00
7.63050000e+04,1.02904567e+02,1.01404964e+02,1.49960341e+00
7.63150000e+04,8.10071503e+01,7.95150173e+01,1.49213308e+00
7.63250000e+04,4.87988514e+01,4.73087072e+01,1.49014415e+00
7.63350000e+04,4.80600212e+01,4.65703048e+01,1.48971647e+00
7.63450000e+04,5.19420323e+01,5.04585015e+01,1.48353073e+00
7.63550000e+04,4.66601677e+01,4.51780813e+01,1.48208639e+00
7.63650000e+04,4.07063052e+01,3.92258101e+01,1.48049516e+00
7.63750000e+04,2.58736213e+01,2.43948545e+01,1.47876681e+00
7.63850000e+04,4.27662550e+01,4.12864412e+01,1.47981377e+00
7.63950000e+04,2.98341499e+01,2.83571917e+01,1.47695819e+00
7.64050000e+04,2.27513377e+01,2.12772398e+01,1.47409788e+00
7.64150000e+04,2.05403237e+01,1.90660555e+01,1.47426819e+00
7.64250000e+04,1.94704677e+01,1.79967784e+01,1.47368937e+00
7.64350000e+04,1.85515835e+01,1.70787185e+01,1.47286500e+00
7.64450000e+04,1.78319784e+01,1.63598937e+01,1.47208471e+00
7.64550000e+04,1.72364980e+01,1.57651931e+01,1.47130490e+00
7.64650000e+04,1.67460588e+01,1.52753637e+01,1.47069519e+00
7.64750000e+04,1.63293640e+01,1.48593399e+01,1.47002417e+00
7.64850000e+04,1.59693600e+01,1.44998806e+01,1.46947934e+00
7.64950000e+04,1.56530225e+01,1.41840033e+01,1.46901916e+00
7.65050000e+04,1.53719619e+01,1.39033993e+01,1.46856255e+00
7.65150000e+04,1.51205207e+01,1.36523718e+01,1.46814885e+00
7.65250000e+04,1.48943988e+01,1.34266518e+01,1.46774695e+00
7.65350000e+04,1.46901710e+01,1.32227944e+01,1.46737657e+00
7.65450000e+04,1.45050745e+01,1.30380544e+01,1.46702015e+00
7.65550000e+04,1.43367895e+01,1.28700851e+01,1.46670440e+00
7.65560000e+04,1.05552794e+02,1.04102243e+02,1.45055123e+00
7.65660000e+04,3.24033541e+02,3.22391818e+02,1.64172251e+00
7.65760000e+04,1.54300555e+02,1.52691384e+02,1.60917121e+00
7.65860000e+04,5.44746409e+01,5.29761529e+01,1.49848794e+00
7.65960000e+04,4.26748676e+01,4.11901963e+01,1.48467132e+00
7.66060000e+04,3.46910955e+01,3.31979727e+01,1.49312286e+00
7.66160000e+04,2.69470343e+01,2.54577280e+01,1.48930637e+00
7.66260000e+04,2.12800470e+01,1.97893582e+01,1.49068877e+00
7.66360000e+04,1.02061426e+01,8.72218392e+00,1.48395865e+00
7.66460000e+04,2.44103017e+01,2.29322649e+01,1.47803675e+00
7.66560000e+04,1.26737575e+01,1.11956012e+01,1.47815633e+00
7.66660000e+04,1.52343362e+01,1.37567326e+01,1.47760363e+00
7.66760000e+04,7.36291873e+00,5.88791070e+00,1.47500803e+00
7.66860000e+04,6.08219258e+00,4.60862068e+00,1.47357190e+00
7.66960000e+04,5.59230212e+00,4.12169226e+00,1.47060987e+00
7.67060000e+04,5.26262551e+00,3.79296603e+00,1.46965948e+00
7.67160000e+04,5.07422710e+00,3.60572542e+00,1.46850169e+00
7.67260000e+04,4.94262781e+00,3.47561673e+00,1.46701108e+00
7.67360000e+04,4.84351596e+00,3.37749677e+00,1.46601920e+00
7.67460000e+04,4.76532205e+00,3.30024418e+00,1.46507787e+00
7.67560000e+04,4.70003704e+00,3.23584834e+00,1.46418870e+00
7.67660000e+04,4.64492927e+00,3.18156001e+00,1.46336926e+00
7.67760000e+04,4.59748866e+00,3.13487537e+00,1.46261329e+00
7.67860000e+04,4.55612560e+00,3.09422039e+00,1.46190521e+00
7.67960000e+04,4.51971401e+00,3.05846031e+00,1.46125370e+00
7.68060000e+04,4.48741030e+00,3.02676620e+00,1.46064410e+00
7.68160000e+04,4.45854638e+00,2.99846610e+00,1.46008028e+00
7.68260000e+04,4.43260814e+00,2.97305580e+00,1.45955235e+00
7.68360000e+04,4.40918450e+00,2.95012796e+00,1.45905654e+00
7.68460000e+04,4.38792856e+00,2.92933670e+00,1.45859186e+00
7.68560000e+04,4.36855389e+00,2.91040061e+00,1.45815328e+00
7.68570000e+04,8.30576363e+01,8.16155327e+01,1.44210361e+00
7.68670000e+04,2.71634042e+02,2.70060992e+02,1.57305021e+00
7.68770000e+04,2.23105457e+02,2.21442518e+02,1.66293840e+00
7.68870000e+04,8.81172086e+01,8.63479213e+01,1.76928725e+00
7.68970000e+04,5.24965904e+01,5.06925341e+01,1.80405636e+00
7.69070000e+04,3.39059202e+01,3.21489662e+01,1.75695409e+00
7.69170000e+04,2.28245532e+01,2.11262102e+01,1.69834292e+00
7.69270000e+04,1.88441752e+01,1.71953332e+01,1.64884198e+00
7.69370000e+04,1.64276266e+01,1.48120473e+01,1.61557929e+00
7.69470000e+04,1.47439399e+01,1.31547762e+01,1.58916371e+00
7.69570000e+04,1.36437788e+01,1.20759794e+01,1.56779940e+00
7.69670000e+04,1.28268366e+01,1.12756184e+01,1.55121818e+00
7.69770000e+04,1.21858675e+01,1.06470706e+01,1.53879687e+00
7.69870000e+04,1.16409316e+01,1.01120972e+01,1.52883444e+00
7.69970000e+04,1.11681615e+01,9.64718780e+00,1.52097371e+00
7.70070000e+04,1.07503563e+01,9.23575052e+00,1.51460575e+00
7.70170000e+04,1.03758824e+01,8.86653981e+00,1.50934257e+00
7.70270000e+04,1.00373040e+01,8.53240282e+00,1.50490122e+00
7.70370000e+04,9.73065603e+00,8.22954493e+00,1.50111109e+00
7.70470000e+04,9.45422614e+00,7.95643060e+00,1.49779553e+00
7.70570000e+04,9.20672241e+00,7.71184742e+00,1.49487499e+00
7.70670000e+04,8.98587611e+00,7.49359599e+00,1.49228011e+00
7.70770000e+04,8.78846500e+00,7.29845312e+00,1.49001188e+00
7.70870000e+04,8.61119737e+00,7.12315558e+00,1.48804179e+00
7.70970000e+04,8.45126075e+00,6.96493114e+00,1.48632961e+00
7.71070000e+04,8.30629670e+00,6.82143083e+00,1.48486588e+00
7.71170000e+04,8.17435201e+00,6.69074390e+00,1.48360811e+00
7.71270000e+04,8.05382586e+00,6.57130639e+00,1.48251947e+00
7.71370000e+04,7.94340226e+00,6.46183378e+00,1.48156848e+00
7.71470000e+04,7.84199840e+00,6.36126817e+00,1.48073024e+00
7.71570000e+04,7.74869012e+00,6.26870502e+00,1.47998510e+00
7.71580000e+04,7.08395984e+01,6.93770085e+01,1.46258991e+00
7.71680000e+04,7.25194687e+06,7.25194474e+06,2.13065896e+00
7.71780000e+04,3.25823215e+03,3.25647397e+03,1.75817882e+00
7.71880000e+04,4.30459431e+02,4.28807055e+02,1.65237597e+00
7.71980000e+04,6.58305464e+03,6.58141959e+03,1.63505291e+00
7.72080000e+04,1.74475789e+04,1.74459497e+04,1.62917713e+00
7.72180000e+04,1.12610865e+04,1.12594761e+04,1.61036337e+00
7.72280000e+04,9.14494271e+03,9.14335397e+03,1.58873463e+00
7.72380000e+04,5.13609322e+03,5.13451132e+03,1.58190730e+00
7.72480000e+04,2.92602788e+03,2.92446035e+03,1.56753496e+00
7.72580000e+04,1.60963342e+03,1.60807142e+03,1.56199378e+00
7.72680000e+04,1.23160446e+03,1.23004970e+03,1.55475731e+00
7.72780000e+04,9.11167657e+02,9.09613903e+02,1.55375391e+00
7.72880000e+04,7.40273454e+02,7.38718911e+02,1.55454307e+00
7.72980000e+04,5.96695480e+02,5.95141788e+02,1.55369220e+00
7.73080000e+04,5.20152320e+02,5.18598395e+02,1.55392512e+00
7.73180000e+04,4.60095116e+02,4.58541449e+02,1.55366711e+00
7.73280000e+04,4.10907558e+02,4.09353376e+02,1.55418295e+00
7.73380000e+04,3.74017444e+02,3.72462020e+02,1.55542407e+00
7.73480000e+04,3.43182644e+02,3.41626028e+02,1.55661689e+00
7.73580000e+04,3.17894519e+02,3.16336467e+02,1.55805226e+00
7.73680000e+04,2.96583790e+02,2.95024451e+02,1.55933894e+00
7.73780000e+04,2.78675254e+02,2.77114680e+02,1.56057392e+00
7.73880000e+04,2.63532285e+02,2.61970564e+02,1.56172125e+00
7.73980000e+04,2.50691309e+02,2.49128556e+02,1.56275334e+00
7.74080000e+04,2.39727151e+02,2.38163453e+02,1.56369851e+00
7.74180000e+04,2.30313906e+02,2.28749353e+02,1.56455263e+00
7.74280000e+04,2.22166676e+02,2.20601320e+02,1.56535609e+00
7.74380000e+04,2.15066108e+02,2.13500119e+02,1.56598877e+00
7.74480000e+04,2.08834803e+02,2.07268217e+02,1.56658555e+00
7.74580000e+04,2.03343534e+02,2.01776440e+02,1.56709390e+00
7.74590000e+04,9.12528845e+02,9.10981851e+02,1.54699357e+00
7.74690000e+04,6.70574248e+06,6.70574055e+06,1.93151067e+00
7.74790000e+04,1.50598878e+06,1.50598679e+06,1.99533880e+00
7.74890000e+04,1.24614784e+06,1.24614598e+06,1.86724881e+00
7.74990000e+04,2.61009603e+08,2.61009601e+08,1.87345197e+00
7.75090000e+04,4.41349906e+05,4.41348066e+05,1.83995652e+00
7.75190000e+04,8.27168289e+05,8.27166471e+05,1.81757354e+00
7.75290000e+04,5.53842829e+05,5.53841036e+05,1.79247770e+00
7.75390000e+04,4.77703457e+05,4.77701690e+05,1.76628588e+00
7.75490000e+04,7.90556858e+04,7.90539266e+04,1.75918518e+00
7.75590000e+04,2.89809380e+04,2.89791836e+04,1.75439518e+00
7.75690000e+04,2.31431466e+04,2.31413956e+04,1.75094984e+00
7.75790000e+04,2.55380158e+04,2.55362679e+04,1.74789749e+00
7.75890000e+04,2.55336907e+04,2.55319454e+04,1.74534126e+00
7.75990000e+04,2.47404562e+04,2.47387132e+04,1.74305918e+00
7.76090000e+04,2.37267623e+04,2.37250213e+04,1.74097739e+00
7.76190000e+04,2.27305287e+04,2.27287897e+04,1.73896813e+00
7.76290000e+04,2.19289696e+04,2.19272325e+04,1.73717441e+00
7.76390000e+04,2.13951418e+04,2.13934063e+04,1.73548367e+00
7.76490000e+04,2.10466024e+04,2.10448685e+04,1.73390881e+00
7.76590000e+04,2.07729779e+04,2.07712455e+04,1.73245457e+00
7.76690000e+04,2.05275736e+04,2.05258425e+04,1.73113075e+00
7.76790000e+04,2.03038380e+04,2.03021082e+04,1.72988302e+00
7.76890000e+04,2.01002593e+04,2.00985306e+04,1.72872072e+00
7.76990000e+04,1.99150640e+04,1.99133363e+04,1.72765479e+00
7.77090000e+04,1.97461372e+04,1.97444105e+04,1.72665900e+00
7.77190000e+04,1.95912212e+04,1.95894955e+04,1.72574178e+00
7.77290000e+04,1.94487849e+04,1.94470601e+04,1.72488768e+00
7.77390000e+04,1.93177541e+04,1.93160300e+04,1.72408881e+00
7.77490000e+04,1.91963145e+04,1.91945911e+04,1.72334805e+00
7.77590000e+04,1.90846240e+04,1.90829014e+04,1.72265303e+00
7.77600000e+04,7.56854402e+04,7.56837417e+04,1.69847679e+00
7.77700000e+04,1.77991196e+07,1.77991177e+07,1.82191270e+00
7.77800000e+04,8.96009681e+07,8.96009661e+07,1.91558303e+00
7.77900000e+04,9.44151724e+05,9.44149799e+05,1.92455652e+00
7.78000000e+04,2.10646847e+07,2.10646828e+07,1.91781470e+00
7.78100000e+04,2.76446833e+05,2.76444956e+05,1.87689499e+00
7.78200000e+04,2.59417294e+04,2.59399867e+04,1.74260957e+00
7.78300000e+04,2.37745559e+04,2.37727197e+04,1.83618640e+00
7.78400000e+04,2.18453560e+04,2.18434056e+04,1.95035186e+00
7.78500000e+04,2.10898533e+04,2.10877991e+04,2.05413840e+00
7.78600000e+04,2.05967612e+04,2.05945953e+04,2.16587467e+00
7.78700000e+04,2.03755819e+04,2.03733104e+04,2.27145994e+00
7.78800000e+04,2.02381366e+04,2.02357896e+04,2.34699541e+00
7.78900000e+04,2.01761036e+04,2.01737134e+04,2.39013507e+00
7.79000000e+04,2.01373688e+04,2.01349623e+04,2.40654433e+00
7.79100000e+04,2.01132145e+04,2.01108084e+04,2.40605185e+00
7.79200000e+04,2.00967248e+04,2.00943300e+04,2.39480755e+00
7.79300000e+04,2.00844166e+04,2.00820363e+04,2.38038321e+00
7.79400000e+04,2.00744343e+04,2.00720688e+04,2.36557286e+00
7.79500000e+04,2.00661294e+04,2.00637791e+04,2.35022856e+00
7.79600000e+04,2.00591239e+04,2.00567890e+04,2.33494445e+00
7.79700000e+04,2.00530899e+04,2.00507695e+04,2.32035260e+00
7.79800000e+04,2.00478126e+04,2.00455064e+04,2.30621250e+00
7.79900000e+04,2.00431511e+04,2.00408583e+04,2.29279504e+00
7.80000000e+04,2.00390105e+04,2.00367305e+04,2.28004576e+00
7.80100000e+04,2.00353123e+04,2.00330444e+04,2.26792319e+00
7.80200000e+04,2.00319990e+04,2.00297425e+04,2.25651660e+00
7.80300000e+04,2.00290283e+04,2.00267825e+04,2.24578924e+00
7.80400000e+04,2.00263476e+04,2.00241119e+04,2.23570355e+00
7.80500000e+04,2.00239211e+04,2.00216948e+04,2.22622855e+00
7.80600000e+04,2.00217166e+04,2.00194993e+04,2.21730759e+00
7.80610000e+04,2.20897855e+02,2.18707440e+02,2.19041436e+00
7.80710000e+04,3.92021649e+02,3.90258548e+02,1.76310140e+00
7.80810000e+04,8.32132567e+02,8.30480126e+02,1.65244089e+00
7.80910000e+04,2.03204872e+02,2.01616079e+02,1.58879318e+00
7.81010000e+04,6.91152725e+04,6.91135027e+04,1.76986071e+00
7.81110000e+04,2.10250111e+02,2.08712593e+02,1.53751814e+00
7.81210000e+04,2.63680447e+02,2.62150620e+02,1.52982657e+00
7.81310000e+04,2.22968573e+02,2.21425633e+02,1.54294057e+00
7.81410000e+04,1.74800062e+02,1.73258512e+02,1.54155022e+00
7.81510000e+04,1.39094719e+02,1.37559041e+02,1.53567849e+00
7.81610000e+04,1.16953727e+02,1.15423488e+02,1.53023917e+00
7.81710000e+04,1.01217663e+02,9.96907309e+01,1.52693230e+00
7.81810000e+04,8.92613714e+01,8.77358243e+01,1.52554710e+00
7.81910000e+04,8.07082970e+01,7.91843799e+01,1.52391708e+00
7.82010000e+04,7.30285996e+01,7.15074417e+01,1.52115790e+00
7.82110000e+04,6.75800137e+01,6.60607445e+01,1.51926917e+00
7.82210000e+04,6.27212905e+01,6.12035161e+01,1.51777446e+00
7.82310000e+04,5.87131548e+01,5.71967355e+01,1.51641926e+00
7.82410000e+04,5.56008112e+01,5.40852290e+01,1.51558218e+00
7.82510000e+04,5.29762712e+01,5.14613235e+01,1.51494766e+00
7.82610000e+04,5.04054045e+01,4.88912161e+01,1.51418834e+00
7.82710000e+04,4.82281998e+01,4.67147256e+01,1.51347417e+00
7.82810000e+04,4.63452196e+01,4.48321925e+01,1.51302713e+00
7.82910000e+04,4.46816210e+01,4.31690097e+01,1.51261136e+00
7.83010000e+04,4.32267806e+01,4.17142656e+01,1.51251497e+00
7.83110000e+04,4.19511448e+01,4.04393855e+01,1.51175926e+00
7.83210000e+04,4.08373090e+01,3.93260511e+01,1.51125789e+00
7.83310000e+04,3.98759829e+01,3.83652396e+01,1.51074334e+00
7.83410000e+04,3.90435628e+01,3.75332551e+01,1.51030773e+00
7.83510000e+04,3.83099872e+01,3.68000454e+01,1.50994184e+00
7.83610000e+04,3.76525648e+01,3.61430181e+01,1.50954668e+00
7.83620000e+04,1.05991239e+02,1.04497858e+02,1.49338062e+00
7.83720000e+04,3.20113521e+02,3.18441976e+02,1.67154513e+00
7.83820000e+04,6.17696566e+06,6.17696390e+06,1.75732361e+00
7.83920000e+04,1.84710491e+02,1.83110976e+02,1.59951508e+00
7.84020000e+04,1.31700240e+02,1.30195147e+02,1.50509341e+00
7.84120000e+04,7.77865025e+01,7.62752541e+01,1.51124841e+00
7.84220000e+04,6.09558829e+01,5.94572300e+01,1.49865285e+00
7.84320000e+04,4.90739336e+01,4.75733703e+01,1.50056326e+00
7.84420000e+04,4.10589492e+01,3.95613797e+01,1.49756950e+00
7.84520000e+04,3.55890693e+01,3.40915892e+01,1.49748010e+00
7.84620000e+04,3.17042341e+01,3.02097356e+01,1.49449843e+00
7.84720000e+04,2.88461432e+01,2.73521301e+01,1.49401302e+00
7.84820000e+04,2.67059625e+01,2.52133134e+01,1.49264907e+00
7.84920000e+04,2.50207472e+01,2.35288277e+01,1.49191956e+00
7.85020000e+04,2.36613116e+01,2.21704806e+01,1.49083106e+00
7.85120000e+04,2.25342591e+01,2.10443032e+01,1.48995593e+00
7.85220000e+04,2.15768231e+01,2.00875638e+01,1.48925933e+00
7.85320000e+04,2.07511356e+01,1.92625968e+01,1.48853877e+00
7.85420000e+04,2.00353502e+01,1.85476822e+01,1.48766801e+00
7.85520000e+04,1.94203071e+01,1.79333930e+01,1.48691409e+00
7.85620000e+04,1.88876182e+01,1.74014469e+01,1.48617134e+00
7.85720000e+04,1.84209354e+01,1.69354074e+01,1.48552803e+00
7.85820000e+04,1.80092415e+01,1.65242690e+01,1.48497255e+00
7.85920000e+04,1.76431275e+01,1.61586458e+01,1.48448173e+00
7.86020000e+04,1.73134517e+01,1.58294011e+01,1.48405057e+00
7.86120000e+04,1.70049762e+01,1.55212726e+01,1.48370357e+00
7.86220000e+04,1.66962029e+01,1.52126968e+01,1.48350613e+00
7.86320000e+04,1.64325878e+01,1.49494094e+01,1.48317840e+00
7.86420000e+04,1.61926513e+01,1.47098638e+01,1.48278754e+00
7.86520000e+04,1.59706029e+01,1.44880951e+01,1.48250787e+00
7.86620000e+04,1.57576130e+01,1.42753004e+01,1.48231262e+00
7.86630000e+04,3.43726024e+01,3.29042328e+01,1.46836955e+00
7.86730000e+04,4.92683022e+02,4.90989331e+02,1.69369064e+00
7.86830000e+04,1.49086272e+02,1.47508560e+02,1.57771130e+00
7.86930000e+04,4.81255708e+01,4.66279743e+01,1.49759658e+00
7.87030000e+04,2.91246669e+01,2.76241662e+01,1.50050072e+00
7.87130000e+04,2.07895695e+01,1.93017457e+01,1.48782380e+00
7.87230000e+04,1.54131199e+01,1.39284471e+01,1.48467280e+00
7.87330000e+04,1.32990476e+01,1.18107633e+01,1.48828439e+00
7.87430000e+04,1.17871904e+01,1.03019789e+01,1.48521148e+00
7.87530000e+04,1.09392594e+01,9.45649254e+00,1.48276688e+00
7.87630000e+04,1.02257305e+01,8.74294686e+00,1.48278366e+00
7.87730000e+04,8.90791594e+00,7.42743888e+00,1.48047706e+00
7.87830000e+04,5.87915521e+00,4.39990815e+00,1.47924706e+00
7.87930000e+04,1.15362199e+01,1.00598561e+01,1.47636384e+00
7.88030000e+04,1.06109709e+01,9.13608337e+00,1.47488750e+00
7.88130000e+04,9.70486373e+00,8.23132423e+00,1.47353951e+00
7.88230000e+04,8.55537232e+00,7.08180890e+00,1.47356342e+00
7.88330000e+04,6.56742022e+00,5.09408981e+00,1.47333041e+00
7.88430000e+04,5.32499124e+00,3.85294516e+00,1.47204608e+00
7.88530000e+04,4.99473882e+00,3.52250772e+00,1.47223110e+00
7.88630000e+04,4.83597039e+00,3.36384627e+00,1.47212412e+00
7.88730000e+04,4.72730238e+00,3.25609004e+00,1.47121233e+00
7.88830000e+04,4.64241383e+00,3.17154378e+00,1.47087005e+00
7.88930000e+04,4.57614767e+00,3.10575813e+00,1.47038954e+00
7.89030000e+04,4.52121635e+00,3.05127822e+00,1.46993813e+00
7.89130000e+04,4.47436343e+00,3.00487097e+00,1.46949246e+00
7.89230000e+04,4.43380271e+00,2.96466419e+00,1.46913852e+00
7.89330000e+04,4.39864164e+00,2.92984964e+00,1.46879200e+00
7.89430000e+04,4.36808732e+00,2.89961172e+00,1.46847560e+00
7.89530000e+04,4.34121598e+00,2.87303315e+00,1.46818282e+00
7.89630000e+04,4.31733196e+00,2.84941555e+00,1.46791641e+00
7.89640000e+04,2.69073377e+01,2.54522939e+01,1.45504385e+00
7.89740000e+04,2.92938394e+05,2.92936639e+05,1.75479837e+00
7.89840000e+04,1.97678386e+02,1.96057074e+02,1.62131213e+00
7.89940000e+04,8.65493019e+01,8.49840149e+01,1.56528703e+00
7.90040000e+04,9.67875396e+01,9.52200594e+01,1.56748022e+00
7.90140000e+04,7.93880151e+01,7.78356924e+01,1.55232267e+00
7.90240000e+04,5.13486988e+01,4.97764957e+01,1.57220312e+00
7.90340000e+04,4.68411304e+01,4.52822485e+01,1.55888191e+00
7.90440000e+04,3.67244299e+01,3.51641879e+01,1.56024202e+00
7.90540000e+04,2.87227073e+01,2.71724440e+01,1.55026330e+00
7.90640000e+04,2.45464996e+01,2.30004277e+01,1.54607195e+00
7.90740000e+04,2.21712269e+01,2.06283515e+01,1.54287542e+00
7.90840000e+04,2.03366751e+01,1.87968760e+01,1.53979907e+00
7.90940000e+04,1.90633542e+01,1.75259732e+01,1.53738104e+00
7.91040000e+04,1.80510519e+01,1.65165890e+01,1.53446294e+00
7.91140000e+04,1.72330252e+01,1.57006932e+01,1.53233198e+00
7.91240000e+04,1.65587783e+01,1.50284420e+01,1.53033627e+00
7.91340000e+04,1.59927941e+01,1.44643896e+01,1.52840457e+00
7.91440000e+04,1.55109464e+01,1.39840753e+01,1.52687108e+00
7.91540000e+04,1.50987181e+01,1.35733555e+01,1.52536262e+00
7.91640000e+04,1.47442569e+01,1.32202158e+01,1.52404111e+00
7.91740000e+04,1.44368435e+01,1.29140951e+01,1.52274841e+00
7.91840000e+04,1.41666239e+01,1.26450536e+01,1.52157024e+00
7.91940000e+04,1.39263372e+01,1.24058357e+01,1.52050148e+00
7.92040000e+04,1.37106955e+01,1.21911905e+01,1.51950499e+00
7.92140000e+04,1.35169102e+01,1.19983235e+01,1.51858669e+00
7.92240000e+04,1.33429824e+01,1.18252435e+01,1.51773892e+00
7.92340000e+04,1.31866955e+01,1.16697363e+01,1.51695923e+00
7.92440000e+04,1.30456402e+01,1.15294122e+01,1.51622805e+00
7.92540000e+04,1.29176688e+01,1.14021134e+01,1.51555539e+00
7.92640000e+04,1.28011513e+01,1.12862112e+01,1.51494014e+00
7.92650000e+04,9.73033464e+00,8.22645152e+00,1.50388312e+00
7.92750000e+04,3.04716180e+02,3.03128163e+02,1.58801720e+00
7.92850000e+04,1.25049753e+02,1.23453962e+02,1.59579033e+00
7.92950000e+04,4.81244096e+01,4.66143726e+01,1.51003695e+00
7.93050000e+04,6.81157596e+01,6.66001005e+01,1.51565910e+00
7.93150000e+04,5.84113828e+01,5.68875315e+01,1.52385131e+00
7.93250000e+04,3.84659583e+01,3.69527685e+01,1.51318971e+00
7.93350000e+04,2.76758484e+01,2.61601824e+01,1.51566598e+00
7.93450000e+04,2.05970957e+01,1.90855117e+01,1.51158402e+00
7.93550000e+04,1.62832129e+01,1.47708227e+01,1.51239012e+00
7.93650000e+04,1.38310087e+01,1.23214302e+01,1.50957848e+00
7.93750000e+04,1.23571939e+01,1.08489792e+01,1.50821465e+00
7.93850000e+04,1.13732709e+01,9.86721974e+00,1.50605113e+00
7.93950000e+04,1.06540526e+01,9.14976039e+00,1.50429223e+00
7.94050000e+04,1.00977175e+01,8.59526514e+00,1.50245238e+00
7.94150000e+04,9.64823642e+00,8.14727428e+00,1.50096214e+00
7.94250000e+04,9.27942081e+00,7.77995588e+00,1.49946493e+00
7.94350000e+04,8.97119334e+00,7.47305894e+00,1.49813440e+00
7.94450000e+04,8.71000070e+00,7.21309559e+00,1.49690511e+00
7.94550000e+04,8.48610821e+00,6.99030389e+00,1.49580432e+00
7.94650000e+04,8.29240461e+00,6.79757721e+00,1.49482740e+00
7.94750000e+04,8.12342438e+00,6.62951794e+00,1.49390645e+00
7.94850000e+04,7.97494604e+00,6.48187852e+00,1.49306752e+00
7.94950000e+04,7.84367691e+00,6.35138339e+00,1.49229352e+00
7.95050000e+04,7.72697449e+00,6.23538925e+00,1.49158524e+00
7.95150000e+04,7.62273570e+00,6.13180394e+00,1.49093176e+00
7.95250000e+04,7.52923475e+00,6.03890478e+00,1.49032997e+00
7.95350000e+04,7.44505243e+00,5.95527789e+00,1.48977454e+00
7.95450000e+04,7.36902143e+00,5.87976026e+00,1.48926117e+00
7.95550000e+04,7.30014530e+00,5.81135917e+00,1.48878613e+00
7.95650000e+04,7.23757895e+00,5.74923261e+00,1.48834634e+00
7.95660000e+04,8.13240785e+00,6.65685062e+00,1.47555723e+00
7.95760000e+04,3.31796092e+02,3.30236576e+02,1.55951635e+00
7.95860000e+04,1.12550940e+03,1.12388713e+03,1.62226715e+00
7.95960000e+04,1.08680556e+02,1.07154192e+02,1.52636473e+00
7.96060000e+04,1.14952300e+02,1.13443455e+02,1.50884534e+00
7.96160000e+04,4.61989820e+03,4.61838484e+03,1.51336565e+00
7.96260000e+04,3.17609883e+01,3.02606774e+01,1.50031087e+00
7.96360000e+04,2.11945609e+01,1.96964576e+01,1.49810332e+00
7.96460000e+04,1.56859379e+01,1.41879432e+01,1.49799464e+00
7.96560000e+04,1.30567315e+01,1.15623183e+01,1.49441322e+00
7.96660000e+04,1.14583952e+01,9.96619650e+00,1.49219874e+00
7.96760000e+04,1.05084858e+01,9.01791962e+00,1.49056614e+00
7.96860000e+04,9.78080444e+00,8.29065247e+00,1.49015197e+00
7.96960000e+04,9.24661660e+00,7.75741597e+00,1.48920063e+00
7.97060000e+04,8.82222418e+00,7.33362339e+00,1.48860079e+00
7.97160000e+04,8.47843624e+00,6.99024809e+00,1.48818815e+00
7.97260000e+04,8.19215174e+00,6.70451803e+00,1.48763371e+00
7.97360000e+04,7.94987389e+00,6.46266548e+00,1.48720841e+00
7.97460000e+04,7.74239366e+00,6.25557815e+00,1.48681550e+00
7.97560000e+04,7.56286517e+00,6.07642498e+00,1.48644019e+00
7.97660000e+04,7.40626508e+00,5.92017979e+00,1.48608529e+00
7.97760000e+04,7.26869467e+00,5.78294703e+00,1.48574764e+00
7.97860000e+04,7.14708512e+00,5.66165020e+00,1.48543492e+00
7.97960000e+04,7.03898523e+00,5.55384917e+00,1.48513606e+00
7.98060000e+04,6.94243578e+00,5.45758641e+00,1.48484937e+00
7.98160000e+04,6.85580712e+00,5.37122851e+00,1.48457861e+00
7.98260000e+04,6.77778383e+00,5.29346153e+00,1.48432229e+00
7.98360000e+04,6.70725603e+00,5.22317865e+00,1.48407738e+00
7.98460000e+04,6.64330262e+00,5.15945902e+00,1.48384360e+00
7.98560000e+04,6.58516020e+00,5.10153767e+00,1.48362252e+00
7.98660000e+04,6.53219914e+00,5.04878513e+00,1.48341401e+00
7.98670000e+04,1.45718837e+01,1.31004693e+01,1.47141440e+00
7.98770000e+04,3.06757593e+02,3.05150917e+02,1.60667636e+00
7.98870000e+04,1.26081571e+02,1.24482747e+02,1.59882316e+00
7.98970000e+04,4.47299271e+01,4.32288200e+01,1.50110707e+00
7.99070000e+04,2.43051237e+01,2.28157998e+01,1.48932392e+00
7.99170000e+04,1.70254895e+01,1.55462556e+01,1.47923384e+00
7.99270000e+04,1.33715931e+01,1.18929288e+01,1.47866429e+00
7.99370000e+04,1.18263018e+01,1.03437067e+01,1.48259505e+00
7.99470000e+04,1.11628682e+01,9.67978680e+00,1.48308137e+00
7.99570000e+04,1.07875456e+01,9.30627648e+00,1.48126911e+00
7.99670000e+04,1.05437227e+01,9.06397897e+00,1.47974370e+00
7.99770000e+04,1.03728359e+01,8.89416485e+00,1.47867109e+00
7.99870000e+04,1.02419124e+01,8.76402518e+00,1.47788720e+00
7.99970000e+04,1.01327527e+01,8.65569284e+00,1.47705987e+00
8.00070000e+04,1.00398748e+01,8.56358345e+00,1.47629131e+00
8.00170000e+04,9.95868825e+00,8.48313010e+00,1.47555815e+00
8.00270000e+04,9.88637570e+00,8.41152014e+00,1.47485556e+00
8.00370000e+04,9.82119638e+00,8.34702251e+00,1.47417387e+00
8.00470000e+04,9.76195973e+00,8.28837338e+00,1.47358635e+00
8.00570000e+04,9.70752523e+00,8.23446924e+00,1.47305599e+00
8.00670000e+04,9.65726242e+00,8.18473379e+00,1.47252863e+00
8.00770000e+04,9.61034486e+00,8.13830680e+00,1.47203806e+00
8.00870000e+04,9.56653139e+00,8.09496292e+00,1.47156846e+00
8.00970000e+04,9.52563922e+00,8.05450209e+00,1.47113714e+00
8.01070000e+04,9.48737329e+00,8.01664094e+00,1.47073235e+00
8.01170000e+04,9.45140325e+00,7.98104958e+00,1.47035367e+00
8.01270000e+04,9.41744730e+00,7.94744963e+00,1.46999767e+00
8.01370000e+04,9.38523523e+00,7.91557329e+00,1.46966194e+00
8.01470000e+04,9.35457794e+00,7.88523199e+00,1.46934595e+00
8.01570000e+04,9.32529625e+00,7.85624116e+00,1.46905509e+00
8.01670000e+04,9.29720816e+00,7.82842454e+00,1.46878362e+00
8.01680000e+04,5.80944478e+00,4.35199550e+00,1.45744927e+00
8.01780000e+04,2.96919125e+02,2.95355997e+02,1.56312764e+00
8.01880000e+04,1.14335162e+02,1.12782840e+02,1.55232219e+00
8.01980000e+04,4.23149006e+01,4.08298991e+01,1.48500149e+00
8.02080000e+04,1.94461540e+01,1.79602607e+01,1.48589333e+00
8.02180000e+04,9.50541660e+00,8.02805292e+00,1.47736368e+00
8.02280000e+04,6.67832835e+00,5.20337824e+00,1.47495010e+00
8.02380000e+04,5.37037239e+00,3.89510630e+00,1.47526609e+00
8.02480000e+04,4.71344975e+00,3.23678043e+00,1.47666932e+00
8.02580000e+04,4.37451316e+00,2.89903590e+00,1.47547726e+00
8.02680000e+04,4.17850960e+00,2.70377230e+00,1.47473729e+00
8.02780000e+04,4.04755542e+00,2.57396720e+00,1.47358822e+00
8.02880000e+04,3.95352229e+00,2.48075775e+00,1.47276454e+00
8.02980000e+04,3.87952387e+00,2.40778471e+00,1.47173916e+00
8.03080000e+04,3.82032865e+00,2.34939924e+00,1.47092941e+00
8.03180000e+04,3.77119058e+00,2.30097767e+00,1.47021291e+00
8.03280000e+04,3.72957799e+00,2.26005027e+00,1.46952771e+00
8.03380000e+04,3.69381254e+00,2.22489235e+00,1.46892019e+00
8.03480000e+04,3.66268192e+00,2.19437899e+00,1.46830293e+00
8.03580000e+04,3.63533440e+00,2.16771863e+00,1.46761577e+00
8.03680000e+04,3.61093013e+00,2.14452772e+00,1.46640242e+00
8.03780000e+04,3.58905051e+00,2.12341208e+00,1.46563843e+00
8.03880000e+04,3.56840721e+00,2.10402493e+00,1.46438228e+00
8.03980000e+04,3.55065079e+00,2.08727304e+00,1.46337774e+00
8.04080000e+04,3.53495799e+00,2.07204704e+00,1.46291095e+00
8.04180000e+04,3.52083062e+00,2.05843668e+00,1.46239393e+00
8.04280000e+04,3.50809119e+00,2.04606422e+00,1.46202697e+00
8.04380000e+04,3.49651130e+00,2.03485982e+00,1.46165148e+00
8.04480000e+04,3.48601069e+00,2.02469565e+00,1.46131504e+00
8.04580000e+04,3.47643850e+00,2.01541818e+00,1.46102031e+00
8.04680000e+04,3.46767197e+00,2.00692599e+00,1.46074598e+00
8.04690000e+04,5.65180595e+00,4.20203151e+00,1.44977444e+00
8.04790000e+04,2.61152305e+02,2.59584348e+02,1.56795650e+00
8.04890000e+04,9.33957746e+01,9.18261369e+01,1.56963767e+00
8.04990000e+04,3.13568875e+06,3.13568712e+06,1.63112591e+00
8.05090000e+04,1.45845500e+08,1.45845499e+08,1.55876506e+00
8.05190000e+04,4.65602713e+05,4.65601136e+05,1.57701127e+00
8.05290000e+04,1.52758120e+03,1.52606859e+03,1.51261583e+00
8.05390000e+04,7.03064935e+01,6.88019257e+01,1.50456786e+00
8.05490000e+04,7.26189284e+01,7.11170672e+01,1.50186118e+00
8.05590000e+04,7.24410482e+01,7.09408299e+01,1.50021828e+00
8.05690000e+04,7.16746731e+01,7.01763001e+01,1.49837300e+00
8.05790000e+04,7.07110118e+01,6.92148490e+01,1.49616278e+00
8.05890000e+04,6.98187873e+01,6.83243205e+01,1.49446681e+00
8.05990000e+04,6.90254379e+01,6.75328186e+01,1.49261928e+00
8.06090000e+04,6.83427243e+01,6.68516956e+01,1.49102875e+00
8.06190000e+04,6.77485282e+01,6.62590057e+01,1.48952258e+00
8.06290000e+04,6.72255472e+01,6.57373942e+01,1.48815295e+00
8.06390000e+04,6.67612585e+01,6.52743454e+01,1.48691312e+00
8.06490000e+04,6.63461261e+01,6.48603362e+01,1.48578987e+00
8.06590000e+04,6.59725941e+01,6.44878426e+01,1.48475146e+00
8.06690000e+04,6.56347572e+01,6.41509479e+01,1.48380924e+00
8.06790000e+04,6.53277454e+01,6.38448004e+01,1.48294498e+00
8.06890000e+04,6.50474760e+01,6.35653192e+01,1.48215677e+00
8.06990000e+04,6.47904079e+01,6.33089706e+01,1.48143725e+00
8.07090000e+04,6.45538566e+01,6.30730793e+01,1.48077732e+00
8.07190000e+04,6.43354320e+01,6.28552610e+01,1.48017099e+00
8.07290000e+04,6.41333574e+01,6.26537444e+01,1.47961303e+00
8.07390000e+04,6.39458745e+01,6.24667747e+01,1.47909984e+00
8.07490000e+04,6.37717556e+01,6.22931288e+01,1.47862672e+00
8.07590000e+04,6.36098525e+01,6.21316622e+01,1.47819027e+00
8.07690000e+04,6.34591993e+01,6.19814118e+01,1.47778755e+00
8.07700000e+04,6.39571996e+00,4.93085259e+00,1.46486737e+00
8.07800000e+04,2.41393968e+02,2.39826856e+02,1.56711160e+00
8.07900000e+04,3.68993771e+04,3.68978058e+04,1.57130561e+00
8.08000000e+04,1.07675645e+02,1.06079523e+02,1.59612166e+00
8.08100000e+04,9.84075547e+04,9.84059163e+04,1.63834931e+00
8.08200000e+04,1.22105127e+02,1.20469317e+02,1.63581047e+00
8.08300000e+04,5.25970634e+01,5.09782520e+01,1.61881138e+00
8.08400000e+04,2.56274248e+01,2.40296334e+01,1.59779142e+00
8.08500000e+04,1.77835419e+01,1.62051127e+01,1.57842916e+00
8.08600000e+04,1.46716445e+01,1.31064151e+01,1.56522940e+00
8.08700000e+04,1.28308560e+01,1.12722453e+01,1.55861076e+00
8.08800000e+04,1.17227825e+01,1.01695159e+01,1.55326659e+00
8.08900000e+04,1.08640845e+01,9.31488951e+00,1.54919503e+00
8.09000000e+04,1.02024936e+01,8.65683465e+00,1.54565899e+00
8.09100000e+04,9.68353556e+00,8.14109871e+00,1.54243685e+00
8.09200000e+04,9.26438444e+00,7.72514850e+00,1.53923594e+00
8.09300000e+04,8.91887030e+00,7.38276468e+00,1.53610562e+00
8.09400000e+04,8.63007052e+00,7.09687859e+00,1.53319193e+00
8.09500000e+04,8.38509843e+00,6.85459371e+00,1.53050472e+00
8.09600000e+04,8.17456410e+00,6.64650570e+00,1.52805839e+00
8.09700000e+04,7.99177844e+00,6.46596704e+00,1.52581140e+00
8.09800000e+04,7.83181171e+00,6.30806678e+00,1.52374493e+00
8.09900000e+04,7.69093504e+00,6.16910290e+00,1.52183215e+00
8.10000000e+04,7.56615653e+00,6.04608151e+00,1.52007501e+00
8.10100000e+04,7.45506352e+00,5.93661482e+00,1.51844870e+00
8.10200000e+04,7.35567172e+00,5.83872329e+00,1.51694844e+00
8.10300000e+04,7.26627980e+00,5.75071739e+00,1.51556240e+00
8.10400000e+04,7.18537180e+00,5.67108841e+00,1.51428339e+00
8.10500000e+04,7.11149593e+00,5.59838954e+00,1.51310639e+00
8.10600000e+04,7.04321947e+00,5.53119482e+00,1.51202465e+00
8.10700000e+04,6.97963924e+00,5.46860538e+00,1.51103387e+00
8.10710000e+04,6.71488869e+00,5.21138234e+00,1.50350635e+00
8.10810000e+04,2.50700938e+02,2.49097616e+02,1.60332268e+00
8.10910000e+04,8.96441721e+01,8.80775217e+01,1.56665036e+00
8.11010000e+04,3.37947522e+01,3.23033016e+01,1.49145060e+00
8.11110000e+04,1.60313527e+01,1.45400255e+01,1.49132718e+00
8.11210000e+04,9.16465202e+00,7.68942083e+00,1.47523119e+00
8.11310000e+04,6.27707695e+00,4.80373691e+00,1.47334004e+00
8.11410000e+04,4.99584437e+00,3.52141368e+00,1.47443069e+00
8.11510000e+04,4.47139305e+00,2.99691435e+00,1.47447870e+00
8.11610000e+04,4.17123568e+00,2.69777563e+00,1.47346005e+00
8.11710000e+04,3.98237438e+00,2.50939987e+00,1.47297451e+00
8.11810000e+04,3.84706239e+00,2.37498492e+00,1.47207747e+00
8.11910000e+04,3.74549735e+00,2.27418260e+00,1.47131475e+00
8.12010000e+04,3.66858168e+00,2.19826069e+00,1.47032099e+00
8.12110000e+04,3.60758834e+00,2.13809922e+00,1.46948912e+00
8.12210000e+04,3.55862477e+00,2.08975443e+00,1.46887034e+00
8.12310000e+04,3.51759540e+00,2.04941391e+00,1.46818149e+00
8.12410000e+04,3.48278283e+00,2.01519850e+00,1.46758433e+00
8.12510000e+04,3.45289142e+00,1.98586365e+00,1.46702777e+00
8.12610000e+04,3.42689795e+00,1.96037762e+00,1.46652033e+00
8.12710000e+04,3.40403024e+00,1.93798356e+00,1.46604668e+00
8.12810000e+04,3.38361525e+00,1.91797302e+00,1.46564223e+00
8.12910000e+04,3.36560029e+00,1.90035602e+00,1.46524427e+00
8.13010000e+04,3.34949560e+00,1.88461327e+00,1.46488233e+00
8.13110000e+04,3.33501773e+00,1.87050094e+00,1.46451679e+00
8.13210000e+04,3.32190289e+00,1.85770930e+00,1.46419359e+00
8.13310000e+04,3.30990308e+00,1.84601640e+00,1.46388669e+00
8.13410000e+04,3.29893068e+00,1.83533938e+00,1.46359130e+00
8.13510000e+04,3.28904362e+00,1.82573244e+00,1.46331119e+00
8.13610000e+04,3.28007156e+00,1.81702011e+00,1.46305145e+00
8.13710000e+04,3.27187837e+00,1.80906332e+00,1.46281506e+00
8.13720000e+04,5.48730848e+00,4.03412603e+00,1.45318245e+00
8.13820000e+04,2.18842847e+02,2.17268862e+02,1.57398412e+00
8.13920000e+04,8.06624158e+01,7.91076770e+01,1.55473885e+00
8.14020000e+04,3.33864587e+01,3.18941382e+01,1.49232055e+00
8.14120000e+04,2.44118564e+03,2.43966922e+03,1.51641523e+00
8.14220000e+04,1.44975991e+01,1.30209471e+01,1.47665203e+00
8.14320000e+04,4.47218809e+02,4.45724140e+02,1.49466846e+00
8.14420000e+04,2.01761161e+01,1.86591973e+01,1.51691875e+00
8.14520000e+04,1.57253925e+01,1.41931406e+01,1.53225189e+00
8.14620000e+04,9.73020207e+00,8.18904010e+00,1.54116197e+00
8.14720000e+04,7.42088070e+00,5.88466750e+00,1.53621320e+00
8.14820000e+04,6.22507547e+00,4.69916553e+00,1.52590994e+00
8.14920000e+04,5.57792371e+00,4.06087514e+00,1.51704857e+00
8.15020000e+04,5.19124325e+00,3.68101830e+00,1.51022495e+00
8.15120000e+04,4.93580582e+00,3.43013740e+00,1.50566842e+00
8.15220000e+04,4.74517750e+00,3.24302985e+00,1.50214765e+00
8.15320000e+04,4.59524425e+00,3.09571735e+00,1.49952690e+00
8.15420000e+04,4.47406753e+00,2.97666598e+00,1.49740154e+00
8.15520000e+04,4.37409406e+00,2.87844353e+00,1.49565053e+00
8.15620000e+04,4.29045959e+00,2.79629168e+00,1.49416791e+00
8.15720000e+04,4.21946070e+00,2.72659224e+00,1.49286846e+00
8.15820000e+04,4.15855817e+00,2.66681794e+00,1.49174023e+00
8.15920000e+04,4.10586567e+00,2.61513324e+00,1.49073242e+00
8.16020000e+04,4.05994346e+00,2.57012797e+00,1.48981549e+00
8.16120000e+04,4.01966605e+00,2.53067967e+00,1.48898638e+00
8.16220000e+04,3.98413402e+00,2.49590117e+00,1.48823285e+00
8.16320000e+04,3.95262639e+00,2.46508325e+00,1.48754314e+00
8.16420000e+04,3.92455578e+00,2.43764505e+00,1.48691073e+00
8.16520000e+04,3.89943610e+00,2.41310537e+00,1.48633074e+00
8.16620000e+04,3.87686674e+00,2.39106739e+00,1.48579935e+00
8.16720000e+04,3.85651547e+00,2.37120891e+00,1.48530656e+00
8.16730000e+04,6.00700787e+00,4.52975373e+00,1.47725414e+00
8.16830000e+04,2.26765584e+02,2.25218494e+02,1.54708987e+00
8.16930000e+04,9.29714704e+01,9.14078816e+01,1.56358881e+00
8.17030000e+04,2.68437782e+02,2.66924749e+02,1.51303328e+00
8.17130000e+04,1.93003433e+01,1.78270390e+01,1.47330428e+00
8.17230000e+04,1.25469648e+01,1.10858720e+01,1.46109283e+00
8.17330000e+04,8.85719388e+00,7.39604468e+00,1.46114920e+00
8.17430000e+04,6.87708317e+00,5.41882376e+00,1.45825941e+00
8.17530000e+04,5.96198467e+00,4.50296826e+00,1.45901641e+00
8.17630000e+04,5.39855570e+00,3.93818476e+00,1.46037094e+00
8.17730000e+04,5.03348952e+00,3.57339632e+00,1.46009321e+00
8.17830000e+04,4.79402190e+00,3.33446313e+00,1.45955877e+00
8.17930000e+04,4.60489056e+00,3.14555250e+00,1.45933806e+00
8.18030000e+04,4.46055484e+00,3.00215456e+00,1.45840029e+00
8.18130000e+04,4.34326776e+00,2.88538640e+00,1.45788136e+00
8.18230000e+04,4.24711144e+00,2.78972139e+00,1.45739006e+00
8.18330000e+04,4.16660456e+00,2.70967015e+00,1.45693441e+00
8.18430000e+04,4.09835058e+00,2.64183700e+00,1.45651358e+00
8.18530000e+04,4.03954165e+00,2.58344971e+00,1.45609194e+00
8.18630000e+04,3.98865824e+00,2.53293992e+00,1.45571832e+00
8.18730000e+04,3.94411880e+00,2.48875170e+00,1.45536711e+00
8.18830000e+04,3.90479969e+00,2.44977452e+00,1.45502516e+00
8.18930000e+04,3.86985207e+00,2.41514503e+00,1.45470704e+00
8.19030000e+04,3.83861144e+00,2.38420428e+00,1.45440717e+00
8.19130000e+04,3.81056025e+00,2.35643481e+00,1.45412544e+00
8.19230000e+04,3.78526466e+00,2.33139842e+00,1.45386624e+00
8.19330000e+04,3.76236210e+00,2.30873739e+00,1.45362471e+00
8.19430000e+04,3.74155593e+00,2.28815455e+00,1.45340138e+00
8.19530000e+04,3.72260142e+00,2.26940882e+00,1.45319261e+00
8.19630000e+04,3.70529066e+00,2.25229303e+00,1.45299763e+00
8.19730000e+04,3.68944766e+00,2.23663157e+00,1.45281609e+00
8.19740000e+04,6.75303039e+00,5.30886244e+00,1.44416795e+00
8.19840000e+04,2.93322414e+02,2.91759144e+02,1.56326984e+00
8.19940000e+04,8.40047557e+01,8.24541900e+01,1.55056572e+00
8.20040000e+04,3.22220013e+01,3.07459423e+01,1.47605906e+00
8.20140000e+04,1.51401698e+01,1.36744061e+01,1.46576369e+00
8.20240000e+04,9.27354554e+00,7.81785755e+00,1.45568798e+00
8.20340000e+04,6.53718356e+00,5.08217628e+00,1.45500728e+00
8.20440000e+04,5.34212455e+00,3.89092275e+00,1.45120181e+00
8.20540000e+04,4.78781483e+00,3.33549932e+00,1.45231551e+00
8.20640000e+04,4.44089108e+00,2.98821710e+00,1.45267398e+00
8.20740000e+04,4.22966845e+00,2.77721991e+00,1.45244855e+00
8.20840000e+04,4.08030213e+00,2.62833772e+00,1.45196440e+00
8.20940000e+04,3.96815598e+00,2.51666799e+00,1.45148799e+00
8.21040000e+04,3.87988552e+00,2.42893803e+00,1.45094750e+00
8.21140000e+04,3.80811885e+00,2.35771241e+00,1.45040644e+00
8.21240000e+04,3.74837643e+00,2.29840654e+00,1.44996989e+00
8.21340000e+04,3.69771363e+00,2.24821671e+00,1.44949691e+00
8.21440000e+04,3.65418291e+00,2.20515974e+00,1.44902317e+00
8.21540000e+04,3.61645706e+00,2.16788300e+00,1.44857406e+00
8.21640000e+04,3.58354024e+00,2.13537106e+00,1.44816918e+00
8.21740000e+04,3.55458025e+00,2.10676421e+00,1.44781605e+00
8.21840000e+04,3.52892172e+00,2.08143635e+00,1.44748537e+00
8.21940000e+04,3.50605849e+00,2.05887812e+00,1.44718036e+00
8.22040000e+04,3.48559561e+00,2.03870145e+00,1.44689416e+00
8.22140000e+04,3.46720659e+00,2.02058086e+00,1.44662572e+00
8.22240000e+04,3.45063684e+00,2.00425281e+00,1.44638404e+00
8.22340000e+04,3.43565428e+00,1.98949682e+00,1.44615747e+00
8.22440000e+04,3.42207295e+00,1.97612638e+00,1.44594657e+00
8.22540000e+04,3.40972458e+00,1.96397516e+00,1.44574942e+00
8.22640000e+04,3.39846899e+00,1.95290349e+00,1.44556550e+00
8.22740000e+04,3.38818479e+00,1.94279050e+00,1.44539428e+00
8.22750000e+04,5.66279647e+00,4.22537908e+00,1.43741740e+00
8.22850000e+04,2.51446135e+05,2.51444472e+05,1.66362355e+00
8.22950000e+04,1.97620779e+02,1.96064828e+02,1.55595143e+00
8.23050000e+04,2.49684973e+02,2.48204682e+02,1.48029068e+00
8.23150000e+04,4.02785537e+02,4.01233836e+02,1.55170124e+00
8.23250000e+04,2.63102833e+02,2.61587819e+02,1.51501476e+00
8.23350000e+04,2.43226643e+02,2.41697046e+02,1.52959636e+00
8.23450000e+04,2.19487627e+02,2.17971198e+02,1.51642832e+00
8.23550000e+04,2.01871952e+02,2.00363723e+02,1.50822920e+00
8.23650000e+04,1.86298798e+02,1.84796948e+02,1.50184989e+00
8.23750000e+04,1.73582307e+02,1.72081964e+02,1.50034319e+00
8.23850000e+04,1.62816027e+02,1.61317299e+02,1.49872819e+00
8.23950000e+04,1.53406209e+02,1.51908742e+02,1.49746725e+00
8.24050000e+04,1.45156036e+02,1.43659637e+02,1.49639998e+00
8.24150000e+04,1.37942276e+02,1.36446529e+02,1.49574646e+00
8.24250000e+04,1.31599228e+02,1.30104295e+02,1.49493340e+00
8.24350000e+04,1.25987043e+02,1.24492765e+02,1.49427773e+00
8.24450000e+04,1.20996289e+02,1.19502622e+02,1.49366665e+00
8.24550000e+04,1.16538966e+02,1.15045839e+02,1.49312683e+00
8.24650000e+04,1.12543697e+02,1.11051073e+02,1.49262431e+00
8.24750000e+04,1.08951116e+02,1.07458920e+02,1.49219565e+00
8.24850000e+04,1.05711266e+02,1.04219455e+02,1.49181093e+00
8.24950000e+04,1.02782794e+02,1.01291343e+02,1.49145086e+00
8.25050000e+04,1.00129872e+02,9.86387434e+01,1.49112860e+00
8.25150000e+04,9.77214386e+01,9.62306198e+01,1.49081883e+00
8.25250000e+04,9.55308987e+01,9.40403646e+01,1.49053410e+00
8.25350000e+04,9.35345469e+01,9.20442769e+01,1.49027008e+00
8.25450000e+04,9.17126857e+01,9.02226655e+01,1.49002022e+00
8.25550000e+04,9.00471543e+01,8.85573648e+01,1.48978944e+00
8.25650000e+04,8.85227753e+01,8.70331980e+01,1.48957734e+00
8.25750000e+04,8.71254479e+01,8.56360673e+01,1.48938057e+00
8.25760000e+04,8.78326366e+00,7.29953748e+00,1.48372618e+00
8.25860000e+04,1.16037693e+05,1.16036028e+05,1.66491127e+00
8.25960000e+04,2.53321666e+04,2.53304985e+04,1.66806804e+00
8.26060000e+04,5.26503298e+03,5.26345609e+03,1.57689172e+00
8.26160000e+04,3.84553021e+03,3.84395562e+03,1.57459576e+00
8.26260000e+04,6.95992808e+03,6.95836148e+03,1.56660403e+00
8.26360000e+04,1.38589288e+03,1.38432781e+03,1.56506992e+00
8.26460000e+04,1.13562452e+03,1.13406124e+03,1.56328079e+00
8.26560000e+04,7.68845879e+02,7.67284821e+02,1.56105802e+00
8.26660000e+04,5.16387984e+02,5.14827749e+02,1.56023507e+00
8.26760000e+04,3.85589809e+02,3.84027936e+02,1.56187336e+00
8.26860000e+04,3.23389150e+02,3.21824984e+02,1.56416646e+00
8.26960000e+04,2.84336366e+02,2.82770159e+02,1.56620661e+00
8.27060000e+04,2.56732221e+02,2.55163426e+02,1.56879504e+00
8.27160000e+04,2.36763255e+02,2.35192398e+02,1.57085778e+00
8.27260000e+04,2.20994183e+02,2.19420974e+02,1.57320814e+00
8.27360000e+04,2.07994201e+02,2.06418922e+02,1.57527878e+00
8.27460000e+04,1.97149457e+02,1.95572207e+02,1.57724996e+00
8.27560000e+04,1.87933723e+02,1.86354662e+02,1.57906076e+00
8.27660000e+04,1.80007149e+02,1.78426396e+02,1.58075239e+00
8.27760000e+04,1.73116004e+02,1.71533682e+02,1.58232232e+00
8.27860000e+04,1.67071239e+02,1.65487443e+02,1.58379574e+00
8.27960000e+04,1.61726516e+02,1.60141373e+02,1.58514302e+00
8.28060000e+04,1.56970064e+02,1.55383673e+02,1.58639134e+00
8.28160000e+04,1.52710171e+02,1.51122627e+02,1.58754339e+00
8.28260000e+04,1.48873680e+02,1.47285069e+02,1.58861087e+00
8.28360000e+04,1.45398480e+02,1.43808888e+02,1.58959134e+00
8.28460000e+04,1.42233655e+02,1.40643171e+02,1.59048346e+00
8.28560000e+04,1.39336768e+02,1.37745484e+02,1.59128438e+00
8.28660000e+04,1.36674469e+02,1.35082465e+02,1.59200423e+00
8.28760000e+04,1.34219392e+02,1.32626716e+02,1.59267671e+00
8.28770000e+04,2.68002124e+02,2.66419848e+02,1.58227582e+00
8.28870000e+04,3.40216898e+03,3.40030112e+03,1.86785961e+00
8.28970000e+04,5.55915352e+02,5.54048478e+02,1.86687399e+00
8.29070000e+04,3.61020532e+02,3.59232169e+02,1.78836305e+00
8.29170000e+04,3.14515535e+02,3.12735163e+02,1.78037146e+00
8.29270000e+04,2.29897259e+02,2.28141043e+02,1.75621561e+00
8.29370000e+04,2.01011543e+02,1.99253611e+02,1.75793258e+00
8.29470000e+04,1.84971481e+02,1.83194838e+02,1.77664317e+00
8.29570000e+04,1.75283449e+02,1.73492707e+02,1.79074148e+00
8.29670000e+04,1.69900156e+02,1.68096112e+02,1.80404377e+00
8.29770000e+04,1.66667146e+02,1.64851921e+02,1.81522543e+00
8.29870000e+04,1.64407477e+02,1.62582653e+02,1.82482435e+00
8.29970000e+04,1.62701583e+02,1.60868072e+02,1.83351150e+00
8.30070000e+04,1.61346171e+02,1.59505270e+02,1.84090074e+00
8.30170000e+04,1.60204105e+02,1.58355806e+02,1.84829826e+00
8.30270000e+04,1.59201513e+02,1.57346241e+02,1.85527224e+00
8.30370000e+04,1.58299848e+02,1.56437961e+02,1.86188723e+00
8.30470000e+04,1.57474323e+02,1.55606242e+02,1.86808131e+00
8.30570000e+04,1.56710379e+02,1.54836480e+02,1.87389906e+00
8.30670000e+04,1.56001970e+02,1.54122658e+02,1.87931217e+00
8.30770000e+04,1.55346801e+02,1.53462442e+02,1.88435825e+00
8.30870000e+04,1.54742094e+02,1.52852922e+02,1.88917197e+00
8.30970000e+04,1.54190458e+02,1.52296891e+02,1.89356700e+00
8.31070000e+04,1.53682341e+02,1.51784924e+02,1.89741671e+00
8.31170000e+04,1.53213530e+02,1.51312458e+02,1.90107130e+00
8.31270000e+04,1.52779507e+02,1.50875049e+02,1.90445781e+00
8.31370000e+04,1.52376831e+02,1.50469284e+02,1.90754679e+00
8.31470000e+04,1.52003155e+02,1.50092739e+02,1.91041542e+00
8.31570000e+04,1.51656494e+02,1.49743393e+02,1.91310138e+00
8.31670000e+04,1.51334786e+02,1.49419182e+02,1.91560381e+00
8.31770000e+04,1.51036879e+02,1.49118996e+02,1.91788282e+00
8.31780000e+04,6.26422642e+01,5.85324691e+01,4.10979516e+00
8.31880000e+04,2.21825949e+02,2.18343295e+02,3.48265340e+00
8.31980000e+04,8.92334026e+01,8.59158272e+01,3.31757541e+00
8.32080000e+04,3.72510173e+01,3.40191295e+01,3.23188780e+00
8.32180000e+04,2.27755194e+01,1.95722052e+01,3.20331425e+00
8.32280000e+04,1.63896032e+01,1.32164820e+01,3.17312123e+00
8.32380000e+04,1.37873567e+01,1.06248289e+01,3.16252777e+00
8.32480000e+04,1.23786174e+01,9.23361371e+00,3.14500370e+00
8.32580000e+04,1.16168562e+01,8.48408027e+00,3.13277595e+00
8.32680000e+04,1.11496297e+01,8.02749121e+00,3.12213844e+00
8.32780000e+04,1.08233256e+01,7.71048056e+00,3.11284504e+00
8.32880000e+04,1.05603451e+01,7.45579749e+00,3.10454765e+00
8.32980000e+04,1.03375027e+01,7.24052647e+00,3.09697620e+00
8.33080000e+04,1.01336845e+01,7.04369570e+00,3.08998880e+00
8.33180000e+04,9.92975595e+00,6.84585051e+00,3.08390543e+00
8.33280000e+04,9.70939991e+00,6.63086163e+00,3.07853828e+00
8.33380000e+04,9.48226722e+00,6.40854364e+00,3.07372358e+00
8.33480000e+04,9.28409190e+00,6.21471986e+00,3.06937203e+00
8.33580000e+04,9.12770829e+00,6.06223500e+00,3.06547329e+00
8.33680000e+04,9.00270962e+00,5.94074305e+00,3.06196657e+00
8.33780000e+04,8.89899667e+00,5.84031960e+00,3.05867707e+00
8.33880000e+04,8.81046102e+00,5.75456316e+00,3.05589786e+00
8.33980000e+04,8.73349306e+00,5.68014946e+00,3.05334360e+00
8.34080000e+04,8.66551681e+00,5.61450134e+00,3.05101547e+00
8.34180000e+04,8.60476747e+00,5.55585138e+00,3.04891609e+00
8.34280000e+04,8.54997811e+00,5.50296694e+00,3.04701117e+00
8.34380000e+04,8.50021459e+00,5.45494649e+00,3.04526810e+00
8.34480000e+04,8.45477075e+00,5.41110738e+00,3.04366337e+00
8.34580000e+04,8.41308606e+00,5.37089946e+00,3.04218660e+00
8.34680000e+04,8.37472053e+00,5.33389785e+00,3.04082268e+00
8.34780000e+04,8.33931279e+00,5.29975925e+00,3.03955354e+00
8.34790000e+04,1.98529337e+01,1.76966744e+01,2.15625930e+00
8.34890000e+04,1.78113553e+02,1.76383895e+02,1.72965774e+00
8.34990000e+04,8.45611896e+01,8.29129720e+01,1.64821751e+00
8.35090000e+04,7.38596098e+06,7.38595930e+06,1.67759212e+00
8.35190000e+04,2.89334764e+04,2.89318627e+04,1.61373674e+00
8.35290000e+04,1.08240279e+02,1.06612392e+02,1.62788675e+00
8.35390000e+04,8.68523534e+01,8.52088534e+01,1.64349999e+00
8.35490000e+04,7.00349364e+01,6.83883171e+01,1.64661932e+00
8.35590000e+04,5.62150121e+01,5.45687059e+01,1.64630621e+00
8.35690000e+04,4.66230703e+01,4.49773645e+01,1.64570573e+00
8.35790000e+04,4.00948923e+01,3.84518235e+01,1.64306877e+00
8.35890000e+04,3.54367522e+01,3.37966809e+01,1.64007132e+00
8.35990000e+04,3.19412473e+01,3.03047363e+01,1.63651103e+00
8.36090000e+04,2.92193662e+01,2.75861944e+01,1.63317174e+00
8.36190000e+04,2.70463273e+01,2.54163422e+01,1.62998520e+00
8.36290000e+04,2.52808914e+01,2.36538325e+01,1.62705885e+00
8.36390000e+04,2.38269909e+01,2.22026427e+01,1.62434824e+00
8.36490000e+04,2.26159483e+01,2.09941407e+01,1.62180764e+00
8.36590000e+04,2.15979485e+01,1.99785163e+01,1.61943226e+00
8.36690000e+04,2.07350171e+01,1.91177880e+01,1.61722905e+00
8.36790000e+04,1.99981162e+01,1.83829088e+01,1.61520746e+00
8.36890000e+04,1.93642965e+01,1.77509577e+01,1.61333884e+00
8.36990000e+04,1.88155319e+01,1.72039237e+01,1.61160816e+00
8.37090000e+04,1.83374727e+01,1.67274680e+01,1.61000474e+00
8.37190000e+04,1.79186500e+01,1.63101279e+01,1.60852209e+00
8.37290000e+04,1.75498118e+01,1.59426635e+01,1.60714830e+00
8.37390000e+04,1.72234904e+01,1.56176126e+01,1.60587777e+00
8.37490000e+04,1.69334562e+01,1.53287555e+01,1.60470065e+00
8.37590000e+04,1.66746502e+01,1.50710403e+01,1.60360987e+00
8.37690000e+04,1.64428992e+01,1.48403010e+01,1.60259817e+00
8.37790000e+04,1.62346355e+01,1.46329766e+01,1.60165892e+00
8.37800000e+04,1.77551425e+01,1.61646827e+01,1.59045980e+00
8.37900000e+04,8.00026533e+04,8.00009604e+04,1.69296739e+00
8.38000000e+04,3.24557119e+06,3.24556949e+06,1.70225682e+00
8.38100000e+04,2.09921957e+02,2.08286360e+02,1.63559746e+00
8.38200000e+04,2.99604185e+02,2.97940534e+02,1.66365077e+00
8.38300000e+04,3.21970943e+02,3.20309247e+02,1.66169616e+00
8.38400000e+04,3.12898967e+02,3.11239979e+02,1.65898816e+00
8.38500000e+04,2.90438459e+02,2.88791993e+02,1.64646583e+00
8.38600000e+04,2.61989820e+02,2.60363351e+02,1.62646923e+00
8.38700000e+04,2.29496114e+02,2.27896627e+02,1.59948721e+00
8.38800000e+04,2.08334228e+02,2.06754684e+02,1.57954463e+00
8.38900000e+04,1.97400860e+02,1.95827050e+02,1.57380978e+00
8.39000000e+04,1.89090718e+02,1.87519294e+02,1.57142343e+00
8.39100000e+04,1.81982291e+02,1.80412625e+02,1.56966595e+00
8.39200000e+04,1.75665018e+02,1.74096758e+02,1.56826011e+00
8.39300000e+04,1.69966702e+02,1.68399670e+02,1.56703218e+00
8.39400000e+04,1.64797161e+02,1.63231273e+02,1.56588730e+00
8.39500000e+04,1.60096985e+02,1.58532102e+02,1.56488380e+00
8.39600000e+04,1.55816961e+02,1.54252987e+02,1.56397398e+00
8.39700000e+04,1.51914156e+02,1.50350954e+02,1.56320245e+00
8.39800000e+04,1.48348849e+02,1.46785923e+02,1.56292654e+00
8.39900000e+04,1.45088329e+02,1.43525713e+02,1.56261562e+00
8.40000000e+04,1.42102020e+02,1.40539712e+02,1.56230833e+00
8.40100000e+04,1.39362362e+02,1.37800386e+02,1.56197640e+00
8.40200000e+04,1.36845474e+02,1.35283874e+02,1.56159990e+00
8.40300000e+04,1.34530638e+02,1.32969411e+02,1.56122764e+00
8.40400000e+04,1.32398533e+02,1.30837660e+02,1.56087318e+00
8.40500000e+04,1.30432583e+02,1.28872065e+02,1.56051781e+00
8.40600000e+04,1.28617542e+02,1.27057357e+02,1.56018512e+00
8.40700000e+04,1.26939891e+02,1.25380022e+02,1.55986880e+00
8.40800000e+04,1.25388043e+02,1.23828467e+02,1.55957578e+00
8.40810000e+04,1.15148656e+01,9.96516416e+00,1.54970148e+00
8.40910000e+04,1.99869051e+02,1.98182337e+02,1.68671401e+00
8.41010000e+04,9.91470433e+01,9.74944109e+01,1.65263239e+00
8.41110000e+04,2.95797687e+01,2.79979222e+01,1.58184656e+00
8.41210000e+04,1.21627881e+01,1.06072912e+01,1.55549687e+00
8.41310000e+04,7.59609664e+00,6.05732522e+00,1.53877142e+00
8.41410000e+04,5.85891771e+00,4.31991621e+00,1.53900151e+00
8.41510000e+04,4.63040870e+00,3.09130307e+00,1.53910563e+00
8.41610000e+04,4.05643926e+00,2.51706548e+00,1.53937377e+00
8.41710000e+04,3.80486229e+00,2.26595676e+00,1.53890553e+00
8.41810000e+04,3.65000029e+00,2.11238992e+00,1.53761037e+00
8.41910000e+04,3.53706908e+00,2.00107320e+00,1.53599588e+00
8.42010000e+04,3.45280121e+00,1.91844960e+00,1.53435160e+00
8.42110000e+04,3.38612129e+00,1.85326346e+00,1.53285783e+00
8.42210000e+04,3.33190302e+00,1.80022424e+00,1.53167878e+00
8.42310000e+04,3.28663114e+00,1.75601937e+00,1.53061177e+00
8.42410000e+04,3.24820717e+00,1.71857988e+00,1.52962729e+00
8.42510000e+04,3.21522031e+00,1.68649550e+00,1.52872481e+00
8.42610000e+04,3.18661752e+00,1.65872648e+00,1.52789104e+00
8.42710000e+04,3.16156810e+00,1.63443737e+00,1.52713073e+00
8.42810000e+04,3.13919097e+00,1.61275545e+00,1.52643552e+00
8.42910000e+04,3.11895252e+00,1.59313873e+00,1.52581379e+00
8.43010000e+04,3.10100791e+00,1.57577414e+00,1.52523377e+00
8.43110000e+04,3.08513450e+00,1.56043154e+00,1.52470295e+00
8.43210000e+04,3.07095464e+00,1.54673407e+00,1.52422056e+00
8.43310000e+04,3.05822109e+00,1.53445941e+00,1.52376168e+00
8.43410000e+04,3.04673106e+00,1.52338794e+00,1.52334311e+00
8.43510000e+04,3.03632189e+00,1.51336895e+00,1.52295294e+00
8.43610000e+04,3.02686928e+00,1.50427448e+00,1.52259480e+00
8.43710000e+04,3.01825190e+00,1.49599145e+00,1.52226045e+00
8.43810000e+04,3.01037089e+00,1.48842183e+00,1.52194906e+00
8.43820000e+04,6.82314279e+00,5.30855777e+00,1.51458502e+00
8.43920000e+04,1.70720502e+02,1.69024836e+02,1.69566605e+00
8.44020000e+04,1.14341475e+02,1.12687738e+02,1.65373640e+00
8.44120000e+04,4.69611216e+01,4.53502274e+01,1.61089413e+00
8.44220000e+04,1.56067417e+01,1.40368302e+01,1.56991151e+00
8.44320000e+04,8.76834425e+00,7.22545050e+00,1.54289374e+00
8.44420000e+04,6.69141279e+00,5.15961318e+00,1.53179961e+00
8.44520000e+04,5.47316480e+00,3.94662716e+00,1.52653765e+00
8.44620000e+04,4.82131411e+00,3.29492833e+00,1.52638578e+00
8.44720000e+04,4.45246207e+00,2.92599837e+00,1.52646370e+00
8.44820000e+04,4.22843552e+00,2.70169108e+00,1.52674443e+00
8.44920000e+04,4.06899733e+00,2.54227952e+00,1.52671780e+00
8.45020000e+04,3.94936145e+00,2.42292616e+00,1.52643529e+00
8.45120000e+04,3.85470191e+00,2.32864724e+00,1.52605467e+00
8.45220000e+04,3.77495213e+00,2.24926667e+00,1.52568546e+00
8.45320000e+04,3.70535594e+00,2.18000250e+00,1.52535344e+00
8.45420000e+04,3.64398167e+00,2.11897136e+00,1.52501032e+00
8.45520000e+04,3.59021634e+00,2.06552780e+00,1.52468854e+00
8.45620000e+04,3.54329350e+00,2.01889579e+00,1.52439771e+00
8.45720000e+04,3.50219521e+00,1.97805421e+00,1.52414100e+00
8.45820000e+04,3.46605202e+00,1.94216448e+00,1.52388754e+00
8.45920000e+04,3.43412750e+00,1.91047158e+00,1.52365592e+00
8.46020000e+04,3.40580676e+00,1.88238958e+00,1.52341718e+00
8.46120000e+04,3.38057275e+00,1.85739426e+00,1.52317849e+00
8.46220000e+04,3.35798006e+00,1.83514100e+00,1.52283906e+00
8.46320000e+04,3.33769831e+00,1.81514567e+00,1.52255265e+00
8.46420000e+04,3.31943417e+00,1.79715995e+00,1.52227422e+00
8.46520000e+04,3.30293094e+00,1.78093547e+00,1.52199547e+00
8.46620000e+04,3.28797660e+00,1.76623293e+00,1.52174366e+00
8.46720000e+04,3.27438530e+00,1.75289141e+00,1.52149389e+00
8.46820000e+04,3.26199958e+00,1.74074465e+00,1.52125492e+00
8.46830000e+04,5.99994115e+00,4.48548011e+00,1.51446105e+00
8.46930000e+04,1.61034083e+02,1.59385598e+02,1.64848551e+00
8.47030000e+04,6.74948488e+01,6.58762464e+01,1.61860244e+00
8.47130000e+04,2.74882963e+01,2.59199957e+01,1.56830064e+00
8.47230000e+04,1.57025487e+07,1.57025471e+07,1.62071158e+00
8.47330000e+04,8.28809748e+04,8.28793943e+04,1.58054134e+00
8.47430000e+04,9.08504466e+06,9.08504291e+06,1.74990499e+00
8.47530000e+04,3.25913506e+08,3.25913504e+08,1.83142353e+00
8.47630000e+04,2.00592247e+09,2.00592247e+09,1.77714006e+00
8.47730000e+04,1.30425273e+07,1.30425256e+07,1.70932436e+00
8.47830000e+04,1.70411579e+07,1.70411562e+07,1.69957749e+00
8.47930000e+04,4.93374480e+07,4.93374463e+07,1.69729001e+00
8.48030000e+04,3.04391338e+06,3.04391168e+06,1.69332291e+00
8.48130000e+04,9.54254246e+06,9.54254077e+06,1.69165274e+00
8.48230000e+04,7.13076384e+06,7.13076215e+06,1.68975319e+00
8.48330000e+04,2.31076119e+06,2.31075951e+06,1.68872619e+00
8.48430000e+04,6.93314784e+05,6.93313095e+05,1.68899017e+00
8.48530000e+04,7.72820390e+05,7.72818701e+05,1.68912110e+00
8.48630000e+04,5.13356319e+05,5.13354630e+05,1.68897927e+00
8.48730000e+04,5.03794139e+05,5.03792450e+05,1.68897866e+00
8.48830000e+04,4.55743365e+05,4.55741676e+05,1.68907345e+00
8.48930000e+04,4.38747632e+05,4.38745943e+05,1.68914012e+00
8.49030000e+04,4.19365746e+05,4.19364057e+05,1.68915840e+00
8.49130000e+04,4.04803874e+05,4.04802185e+05,1.68917283e+00
8.49230000e+04,3.91522440e+05,3.91520751e+05,1.68918988e+00
8.49330000e+04,3.79711274e+05,3.79709585e+05,1.68919592e+00
8.49430000e+04,3.69076936e+05,3.69075247e+05,1.68919140e+00
8.49530000e+04,3.59387386e+05,3.59385697e+05,1.68917892e+00
8.49630000e+04,3.50568866e+05,3.50567177e+05,1.68916108e+00
8.49730000e+04,3.42497003e+05,3.42495314e+05,1.68913828e+00
8.49830000e+04,3.35092898e+05,3.35091209e+05,1.68911113e+00
8.49840000e+04,1.33769865e+06,1.33769697e+06,1.68360219e+00
8.49940000e+04,2.07735526e+07,2.07735506e+07,2.00428152e+00
8.50040000e+04,2.93750076e+08,2.93750074e+08,1.94424367e+00
8.50140000e+04,2.59608157e+06,2.59607965e+06,1.92253620e+00
8.50240000e+04,7.28186394e+05,7.28184484e+05,1.91009332e+00
8.50340000e+04,1.32979720e+06,1.32979527e+06,1.92846312e+00
8.50440000e+04,4.88862339e+06,4.88862144e+06,1.94806204e+00
8.50540000e+04,1.50415107e+06,1.50414909e+06,1.98024046e+00
8.50640000e+04,1.93079978e+06,1.93079779e+06,1.98790791e+00
8.50740000e+04,2.20047388e+06,2.20047189e+06,1.98781949e+00
8.50840000e+04,2.77076107e+06,2.77075908e+06,1.99017818e+00
8.50940000e+04,9.17354339e+05,9.17352346e+05,1.99260452e+00
8.51040000e+04,7.86915767e+05,7.86913774e+05,1.99285860e+00
8.51140000e+04,6.99002503e+05,6.99000511e+05,1.99168451e+00
8.51240000e+04,6.76319151e+05,6.76317161e+05,1.99001809e+00
8.51340000e+04,6.51294315e+05,6.51292327e+05,1.98815338e+00
8.51440000e+04,6.28906566e+05,6.28904580e+05,1.98611444e+00
8.51540000e+04,6.10173353e+05,6.10171369e+05,1.98425731e+00
8.51640000e+04,5.94696651e+05,5.94694669e+05,1.98252928e+00
8.51740000e+04,5.83090461e+05,5.83088480e+05,1.98097148e+00
8.51840000e+04,5.74931294e+05,5.74929314e+05,1.97956630e+00
8.51940000e+04,5.68645680e+05,5.68643701e+05,1.97825662e+00
8.52040000e+04,5.63384251e+05,5.63382274e+05,1.97703243e+00
8.52140000e+04,5.58755359e+05,5.58753384e+05,1.97586697e+00
8.52240000e+04,5.54641955e+05,5.54639981e+05,1.97479449e+00
8.52340000e+04,5.50957576e+05,5.50955602e+05,1.97378161e+00
8.52440000e+04,5.47651398e+05,5.47649425e+05,1.97282758e+00
8.52540000e+04,5.44654516e+05,5.44652544e+05,1.97192908e+00
8.52640000e+04,5.41931239e+05,5.41929268e+05,1.97108454e+00
8.52740000e+04,5.39439545e+05,5.39437575e+05,1.97029409e+00
8.52840000e+04,5.37151428e+05,5.37149458e+05,1.96955381e+00
8.52850000e+04,8.02436204e+05,8.02434238e+05,1.96611510e+00
8.52950000e+04,1.23686636e+08,1.23686634e+08,2.18498749e+00
8.53050000e+04,3.22177793e+07,3.22177772e+07,2.09055181e+00
8.53150000e+04,2.31124938e+07,2.31124918e+07,1.99776902e+00
8.53250000e+04,1.80112800e+07,1.80112780e+07,2.00537413e+00
8.53350000e+04,2.90433122e+07,2.90433101e+07,2.08481452e+00
8.53450000e+04,9.17526798e+07,9.17526777e+07,2.12703621e+00
8.53550000e+04,1.38645101e+07,1.38645081e+07,2.05532487e+00
8.53650000e+04,1.32522460e+08,1.32522458e+08,2.00498629e+00
8.53750000e+04,2.25927653e+07,2.25927633e+07,2.00691550e+00
8.53850000e+04,2.47136428e+06,2.47136226e+06,2.01617932e+00
8.53950000e+04,4.47859884e+06,4.47859682e+06,2.01709936e+00
8.54050000e+04,1.60711649e+06,1.60711447e+06,2.01561217e+00
8.54150000e+04,9.48487807e+05,9.48485798e+05,2.00892745e+00
8.54250000e+04,7.83277383e+05,7.83275383e+05,2.00080019e+00
8.54350000e+04,7.14577117e+05,7.14575124e+05,1.99270344e+00
8.54450000e+04,6.24421622e+05,6.24419636e+05,1.98563003e+00
8.54550000e+04,5.61258161e+05,5.61256181e+05,1.97952046e+00
8.54650000e+04,5.17408268e+05,5.17406293e+05,1.97438396e+00
8.54750000e+04,4.86090133e+05,4.86088163e+05,1.97002422e+00
8.54850000e+04,4.62230918e+05,4.62228952e+05,1.96632130e+00
8.54950000e+04,4.43254188e+05,4.43252224e+05,1.96310481e+00
8.55050000e+04,4.27679336e+05,4.27677376e+05,1.96032450e+00
8.55150000e+04,4.14628419e+05,4.14626462e+05,1.95787744e+00
8.55250000e+04,4.03511169e+05,4.03509214e+05,1.95570338e+00
8.55350000e+04,3.93924042e+05,3.93922089e+05,1.95376844e+00
8.55450000e+04,3.85567664e+05,3.85565712e+05,1.95202838e+00
8.55550000e+04,3.78218079e+05,3.78216128e+05,1.95045578e+00
8.55650000e+04,3.71712455e+05,3.71710506e+05,1.94904282e+00
8.55750000e+04,3.65920639e+05,3.65918691e+05,1.94778084e+00
8.55850000e+04,3.60732372e+05,3.60730426e+05,1.94660073e+00
8.55860000e+04,6.39606823e+05,6.39604882e+05,1.94149485e+00
8.55960000e+04,3.02874250e+08,3.02874247e+08,2.32334323e+00
8.56060000e+04,4.32133461e+06,4.32133228e+06,2.33295639e+00
8.56160000e+04,5.60968097e+05,5.60965712e+05,2.38481157e+00
8.56260000e+04,5.38828091e+06,5.38827852e+06,2.38830214e+00
8.56360000e+04,4.76488273e+05,4.76485918e+05,2.35518339e+00
8.56460000e+04,4.39094394e+05,4.39092042e+05,2.35189978e+00
8.56560000e+04,3.84770990e+05,3.84768644e+05,2.34609681e+00
8.56660000e+04,3.22057877e+05,3.22055534e+05,2.34321070e+00
8.56760000e+04,2.96997131e+05,2.96994787e+05,2.34442499e+00
8.56860000e+04,2.77609317e+05,2.77606973e+05,2.34373282e+00
8.56960000e+04,2.61187306e+05,2.61184964e+05,2.34278940e+00
8.57060000e+04,2.51782598e+05,2.51780257e+05,2.34053022e+00
8.57160000e+04,2.43576531e+05,2.43574193e+05,2.33821890e+00
8.57260000e+04,2.37400707e+05,2.37398372e+05,2.33557900e+00
8.57360000e+04,2.32218896e+05,2.32216563e+05,2.33291146e+00
8.57460000e+04,2.27889492e+05,2.27887162e+05,2.33029683e+00
8.57560000e+04,2.24208624e+05,2.24206296e+05,2.32774675e+00
8.57660000e+04,2.21043911e+05,2.21041586e+05,2.32531411e+00
8.57760000e+04,2.18301077e+05,2.18298754e+05,2.32296086e+00
8.57860000e+04,2.15906508e+05,2.15904187e+05,2.32072131e+00
8.57960000e+04,2.13802941e+05,2.13800623e+05,2.31860431e+00
8.58060000e+04,2.11944852e+05,2.11942535e+05,2.31661406e+00
8.58160000e+04,2.10295152e+05,2.10292837e+05,2.31475356e+00
8.58260000e+04,2.08822972e+05,2.08820659e+05,2.31301416e+00
8.58360000e+04,2.07502893e+05,2.07500581e+05,2.31139163e+00
8.58460000e+04,2.06314153e+05,2.06311843e+05,2.30988360e+00
8.58560000e+04,2.05239432e+05,2.05237123e+05,2.30849249e+00
8.58660000e+04,2.04263712e+05,2.04261405e+05,2.30718284e+00
8.58760000e+04,2.03375281e+05,2.03372975e+05,2.30595735e+00
8.58860000e+04,2.02563887e+05,2.02561582e+05,2.30481664e+00
8.58870000e+04,1.66095223e+05,1.66092923e+05,2.30023108e+00
8.58970000e+04,5.15699947e+04,5.15674987e+04,2.49595957e+00
8.59070000e+04,1.58403390e+05,1.58401021e+05,2.36910827e+00
8.59170000e+04,4.16981761e+04,4.16959111e+04,2.26502312e+00
8.59270000e+04,4.15684994e+04,4.15662685e+04,2.23087109e+00
8.59370000e+04,4.12555872e+04,4.12534401e+04,2.14713361e+00
8.59470000e+04,4.11608656e+04,4.11587690e+04,2.09660380e+00
8.59570000e+04,4.10945678e+04,4.10925022e+04,2.06560001e+00
8.59670000e+04,4.10146544e+04,4.10126219e+04,2.03244909e+00
8.59770000e+04,4.09199691e+04,4.09179673e+04,2.00176166e+00
8.59870000e+04,4.07972670e+04,4.07952930e+04,1.97400245e+00
8.59970000e+04,4.06415160e+04,4.06395701e+04,1.94598363e+00
8.60070000e+04,4.04259269e+04,4.04240070e+04,1.91985085e+00
8.60170000e+04,4.00567626e+04,4.00548650e+04,1.89757997e+00
8.60270000e+04,3.92660674e+04,3.92641889e+04,1.87847304e+00
8.60370000e+04,3.83562240e+04,3.83543621e+04,1.86185652e+00
8.60470000e+04,3.71948100e+04,3.71929638e+04,1.84620954e+00
8.60570000e+04,3.61807433e+04,3.61789109e+04,1.83239759e+00
8.60670000e+04,3.56832325e+04,3.56814101e+04,1.82241405e+00
8.60770000e+04,3.55838565e+04,3.55820402e+04,1.81626002e+00
8.60870000e+04,3.53911362e+04,3.53893249e+04,1.81135772e+00
8.60970000e+04,3.52825431e+04,3.52807356e+04,1.80750687e+00
8.61070000e+04,3.51652413e+04,3.51634379e+04,1.80345428e+00
8.61170000e+04,3.50468420e+04,3.50450426e+04,1.79941726e+00
8.61270000e+04,3.49250485e+04,3.49232529e+04,1.79565124e+00
8.61370000e+04,3.48059001e+04,3.48041080e+04,1.79211608e+00
8.61470000e+04,3.46956241e+04,3.46938351e+04,1.78896632e+00
8.61570000e+04,3.45978255e+04,3.45960395e+04,1.78600698e+00
8.61670000e+04,3.45134125e+04,3.45116291e+04,1.78338886e+00
8.61770000e+04,3.44421182e+04,3.44403368e+04,1.78136026e+00
8.61870000e+04,3.43824354e+04,3.43806556e+04,1.77976812e+00
8.61880000e+04,2.42819871e+04,2.42802091e+04,1.77798815e+00
8.61980000e+04,6.11619783e+03,6.11446103e+03,1.73680183e+00
8.62080000e+04,6.05362392e+03,6.05186199e+03,1.76192110e+00
8.62180000e+04,5.92774487e+03,5.92605758e+03,1.68729146e+00
8.62280000e+04,6.10444590e+03,6.10276287e+03,1.68303097e+00
8.62380000e+04,6.05568348e+03,6.05406343e+03,1.62005005e+00
8.62480000e+04,6.06255440e+03,6.06096051e+03,1.59388375e+00
8.62580000e+04,6.02472042e+03,6.02313461e+03,1.58580747e+00
8.62680000e+04,5.94890635e+03,5.94730745e+03,1.59890222e+00
8.62780000e+04,5.87826798e+03,5.87665895e+03,1.60902980e+00
8.62880000e+04,5.74436116e+03,5.74272941e+03,1.63175164e+00
8.62980000e+04,5.85033995e+03,5.84869225e+03,1.64770231e+00
8.63080000e+04,5.77145547e+03,5.76983013e+03,1.62534196e+00
8.63180000e+04,5.70105043e+03,5.69941439e+03,1.63604752e+00
8.63280000e+04,5.56885776e+03,5.56720671e+03,1.65104274e+00
8.63380000e+04,5.97502292e+03,5.97345207e+03,1.57085473e+00
8.63480000e+04,5.83122915e+03,5.82963048e+03,1.59867140e+00
8.63580000e+04,5.37370987e+03,5.37209524e+03,1.61462873e+00
8.63680000e+04,5.75677354e+03,5.75515601e+03,1.61753454e+00
8.63780000e+04,5.58050624e+03,5.57889224e+03,1.61400493e+00
8.63880000e+04,6.00932182e+03,6.00769440e+03,1.62741605e+00
8.63980000e+04,5.76053405e+03,5.75889452e+03,1.63952744e+00
8.64080000e+04,5.51211183e+03,5.51047775e+03,1.63408753e+00
8.64180000e+04,5.38163249e+03,5.37998646e+03,1.64602872e+00
8.64280000e+04,5.20351443e+03,5.20188088e+03,1.63354889e+00
8.64380000e+04,4.64611685e+03,4.64450581e+03,1.61104285e+00
8.64480000e+04,3.04149387e+03,3.03987243e+03,1.62143922e+00
8.64580000e+04,6.40388833e+03,6.40223413e+03,1.65420303e+00
8.64680000e+04,6.17882046e+03,6.17722410e+03,1.59635427e+00
8.64780000e+04,6.15945417e+03,6.15786513e+03,1.58903809e+00
8.64880000e+04,6.12702532e+03,6.12543220e+03,1.59311359e+00
8.64890000e+04,1.16260142e+01,1.00400720e+01,1.58594218e+00
8.64990000e+04,2.07109014e+02,2.05363411e+02,1.74560279e+00
8.65090000e+04,6.62684315e+01,6.46084522e+01,1.65997923e+00
8.65190000e+04,2.63448697e+01,2.47225001e+01,1.62236959e+00
8.65290000e+04,1.49547621e+01,1.33481534e+01,1.60660865e+00
8.65390000e+04,8.58037520e+00,6.98795644e+00,1.59241876e+00
8.65490000e+04,5.90275419e+00,4.31397473e+00,1.58877947e+00
8.65590000e+04,4.78208572e+00,3.19452683e+00,1.58755889e+00
8.65690000e+04,4.25072873e+00,2.66527185e+00,1.58545688e+00
8.65790000e+04,3.96595362e+00,2.38324787e+00,1.58270576e+00
8.65890000e+04,3.79510813e+00,2.21396315e+00,1.58114497e+00
8.65990000e+04,3.67498678e+00,2.09520943e+00,1.57977735e+00
8.66090000e+04,3.58640249e+00,2.00792938e+00,1.57847311e+00
8.66190000e+04,3.51703719e+00,1.93958546e+00,1.57745173e+00
8.66290000e+04,3.46031119e+00,1.88382319e+00,1.57648800e+00
8.66390000e+04,3.41309099e+00,1.83740586e+00,1.57568513e+00
8.66490000e+04,3.37302097e+00,1.79816964e+00,1.57485133e+00
8.66590000e+04,3.33852077e+00,1.76445152e+00,1.57406925e+00
8.66690000e+04,3.30845473e+00,1.73511485e+00,1.57333988e+00
8.66790000e+04,3.28208892e+00,1.70943495e+00,1.57265398e+00
8.66890000e+04,3.25878677e+00,1.68677930e+00,1.57200747e+00
8.66990000e+04,3.23807490e+00,1.66667105e+00,1.57140384e+00
8.67090000e+04,3.21957556e+00,1.64873308e+00,1.57084248e+00
8.67190000e+04,3.20298477e+00,1.63266917e+00,1.57031560e+00
8.67290000e+04,3.18804012e+00,1.61822107e+00,1.56981905e+00
8.67390000e+04,3.17453285e+00,1.60518233e+00,1.56935053e+00
8.67490000e+04,3.16230377e+00,1.59338564e+00,1.56891812e+00
8.67590000e+04,3.15119165e+00,1.58267810e+00,1.56851355e+00
8.67690000e+04,3.14106702e+00,1.57293166e+00,1.56813536e+00
8.67790000e+04,3.13182095e+00,1.56404063e+00,1.56778032e+00
8.67890000e+04,3.12335868e+00,1.55591044e+00,1.56744824e+00
8.67900000e+04,5.63594376e+00,4.07515342e+00,1.56079034e+00
8.68000000e+04,2.06603350e+02,2.04861849e+02,1.74150080e+00
8.68100000e+04,7.76202622e+01,7.59624007e+01,1.65786154e+00
8.68200000e+04,2.65503940e+01,2.49459879e+01,1.60440607e+00
8.68300000e+04,1.09282423e+01,9.35617736e+00,1.57206494e+00
8.68400000e+04,6.58898307e+00,5.03212223e+00,1.55686085e+00
8.68500000e+04,4.67636209e+00,3.12043630e+00,1.55592578e+00
8.68600000e+04,3.84912793e+00,2.29345883e+00,1.55566911e+00
8.68700000e+04,3.35942069e+00,1.80267079e+00,1.55674989e+00
8.68800000e+04,3.15493330e+00,1.59815238e+00,1.55678093e+00
8.68900000e+04,3.03614051e+00,1.48015037e+00,1.55599014e+00
8.69000000e+04,2.95318890e+00,1.39772879e+00,1.55546011e+00
8.69100000e+04,2.89339252e+00,1.33862629e+00,1.55476623e+00
8.69200000e+04,2.84748807e+00,1.29366989e+00,1.55381818e+00
8.69300000e+04,2.81023892e+00,1.25729039e+00,1.55294853e+00
8.69400000e+04,2.77927359e+00,1.22703228e+00,1.55224132e+00
8.69500000e+04,2.75352882e+00,1.20190093e+00,1.55162790e+00
8.69600000e+04,2.73140404e+00,1.18034766e+00,1.55105638e+00
8.69700000e+04,2.71229825e+00,1.16179090e+00,1.55050735e+00
8.69800000e+04,2.69554725e+00,1.14560649e+00,1.54994077e+00
8.69900000e+04,2.68080468e+00,1.13134954e+00,1.54945514e+00
8.70000000e+04,2.66774434e+00,1.11875377e+00,1.54899057e+00
8.70100000e+04,2.65610460e+00,1.10754045e+00,1.54856415e+00
8.70200000e+04,2.64566304e+00,1.09749616e+00,1.54816689e+00
8.70300000e+04,2.63626357e+00,1.08846713e+00,1.54779644e+00
8.70400000e+04,2.62775096e+00,1.08029653e+00,1.54745443e+00
8.70500000e+04,2.61997182e+00,1.07283518e+00,1.54713664e+00
8.70600000e+04,2.61299610e+00,1.06614869e+00,1.54684741e+00
8.70700000e+04,2.60661583e+00,1.06004159e+00,1.54657424e+00
8.70800000e+04,2.60066295e+00,1.05434127e+00,1.54632169e+00
8.70900000e+04,2.59530576e+00,1.04921823e+00,1.54608753e+00
8.70910000e+04,5.30836016e+00,3.35131300e+00,1.95704716e+00
8.71010000e+04,2.91516017e+02,2.89394682e+02,2.12133426e+00
8.71110000e+04,8.71423014e+01,8.51503569e+01,1.99194449e+00
8.71210000e+04,2.79703561e+01,2.60647902e+01,1.90556592e+00
8.71310000e+04,1.41812561e+01,1.23125284e+01,1.86872763e+00
8.71410000e+04,7.67924107e+00,5.81084633e+00,1.86839474e+00
8.71510000e+04,5.28206409e+00,3.40879351e+00,1.87327058e+00
8.71610000e+04,4.25072194e+00,2.37394417e+00,1.87677778e+00
8.71710000e+04,3.73041697e+00,1.85292887e+00,1.87748810e+00
8.71810000e+04,3.51880160e+00,1.64202210e+00,1.87677950e+00
8.71910000e+04,3.37480777e+00,1.49973783e+00,1.87506994e+00
8.72010000e+04,3.27492273e+00,1.40041875e+00,1.87450397e+00
8.72110000e+04,3.20581146e+00,1.33203169e+00,1.87377978e+00
8.72210000e+04,3.15310061e+00,1.27987811e+00,1.87322250e+00
8.72310000e+04,3.11051706e+00,1.23788909e+00,1.87262797e+00
8.72410000e+04,3.07606372e+00,1.20405197e+00,1.87201175e+00
8.72510000e+04,3.04738964e+00,1.17589347e+00,1.87149617e+00
8.72610000e+04,3.02297471e+00,1.15196808e+00,1.87100663e+00
8.72710000e+04,3.00232518e+00,1.13175093e+00,1.87057425e+00
8.72810000e+04,2.98459682e+00,1.11443548e+00,1.87016134e+00
8.72910000e+04,2.96924139e+00,1.09947024e+00,1.86977115e+00
8.73010000e+04,2.95581098e+00,1.08639911e+00,1.86941187e+00
8.73110000e+04,2.94395170e+00,1.07487055e+00,1.86908115e+00
8.73210000e+04,2.93339860e+00,1.06462381e+00,1.86877479e+00
8.73310000e+04,2.92394597e+00,1.05545922e+00,1.86848675e+00
8.73410000e+04,2.91542509e+00,1.04720412e+00,1.86822097e+00
8.73510000e+04,2.90770709e+00,1.03973116e+00,1.86797592e+00
8.73610000e+04,2.90069803e+00,1.03294592e+00,1.86775210e+00
8.73710000e+04,2.89432341e+00,1.02677375e+00,1.86754966e+00
8.73810000e+04,2.88852575e+00,1.02116298e+00,1.86736277e+00
8.73910000e+04,2.88324528e+00,1.01605836e+00,1.86718692e+00
8.73920000e+04,5.12247314e+00,3.50625937e+00,1.61621377e+00
8.74020000e+04,2.20886498e+02,2.19126522e+02,1.75997670e+00
8.74120000e+04,8.26081559e+01,8.09523644e+01,1.65579143e+00
8.74220000e+04,3.75248676e+01,3.59350882e+01,1.58977942e+00
8.74320000e+04,2.57794936e+05,2.57793329e+05,1.60717669e+00
8.74420000e+04,5.48685713e+05,5.48684079e+05,1.63439347e+00
8.74520000e+04,1.00641992e+06,1.00641829e+06,1.62907160e+00
8.74620000e+04,5.18785987e+05,5.18784354e+05,1.63294053e+00
8.74720000e+04,6.90578056e+04,6.90561665e+04,1.63914422e+00
8.74820000e+04,1.26362347e+03,1.26198677e+03,1.63669976e+00
8.74920000e+04,1.10684430e+03,1.10520724e+03,1.63705755e+00
8.75020000e+04,2.22826243e+03,2.22662247e+03,1.63995901e+00
8.75120000e+04,1.86649880e+03,1.86485825e+03,1.64054967e+00
8.75220000e+04,1.00890248e+03,1.00726318e+03,1.63930650e+00
8.75320000e+04,6.09667559e+02,6.08029667e+02,1.63789197e+00
8.75420000e+04,6.38580229e+02,6.36943448e+02,1.63678063e+00
8.75520000e+04,6.16462132e+02,6.14826479e+02,1.63565310e+00
8.75620000e+04,5.84963444e+02,5.83329032e+02,1.63441223e+00
8.75720000e+04,5.70980622e+02,5.69347404e+02,1.63321780e+00
8.75820000e+04,5.62678288e+02,5.61046190e+02,1.63209878e+00
8.75920000e+04,5.54240730e+02,5.52609628e+02,1.63110146e+00
8.76020000e+04,5.46486427e+02,5.44856232e+02,1.63019538e+00
8.76120000e+04,5.39670242e+02,5.38040738e+02,1.62950460e+00
8.76220000e+04,5.33513738e+02,5.31884742e+02,1.62899551e+00
8.76320000e+04,5.27867742e+02,5.26239031e+02,1.62871042e+00
8.76420000e+04,5.22667886e+02,5.21039306e+02,1.62857995e+00
8.76520000e+04,5.17865219e+02,5.16236662e+02,1.62855631e+00
8.76620000e+04,5.13415286e+02,5.11786712e+02,1.62857431e+00
8.76720000e+04,5.09281448e+02,5.07652838e+02,1.62860983e+00
8.76820000e+04,5.05421466e+02,5.03792821e+02,1.62864434e+00
8.76920000e+04,5.01817134e+02,5.00188462e+02,1.62867145e+00
8.76930000e+04,1.59153948e+03,1.58991820e+03,1.62128336e+00
8.77030000e+04,8.94314374e+02,8.92522486e+02,1.79188736e+00
8.77130000e+04,6.23017522e+03,6.22845236e+03,1.72286078e+00
8.77230000e+04,4.79360378e+03,4.79185925e+03,1.74452980e+00
8.77330000e+04,1.31797935e+03,1.31617852e+03,1.80082701e+00
8.77430000e+04,9.01748901e+02,8.99883853e+02,1.86504809e+00
8.77530000e+04,7.97064918e+02,7.95164759e+02,1.90015854e+00
8.77630000e+04,7.15665073e+02,7.13738558e+02,1.92651505e+00
8.77730000e+04,6.67368730e+02,6.65417545e+02,1.95118432e+00
8.77830000e+04,6.40409953e+02,6.38447625e+02,1.96232759e+00
8.77930000e+04,6.18452954e+02,6.16485382e+02,1.96757231e+00
8.78030000e+04,6.05425577e+02,6.03457228e+02,1.96834856e+00
8.78130000e+04,5.97351584e+02,5.95384714e+02,1.96687050e+00
8.78230000e+04,5.90817405e+02,5.88853615e+02,1.96379011e+00
8.78330000e+04,5.85174779e+02,5.83214921e+02,1.95985835e+00
8.78430000e+04,5.80311437e+02,5.78355719e+02,1.95571881e+00
8.78530000e+04,5.75873959e+02,5.73922913e+02,1.95104596e+00
8.78630000e+04,5.71217565e+02,5.69272530e+02,1.94503497e+00
8.78730000e+04,5.67394649e+02,5.65455208e+02,1.93944151e+00
8.78830000e+04,5.64214564e+02,5.62277669e+02,1.93689501e+00
8.78930000e+04,5.61511757e+02,5.59577777e+02,1.93397982e+00
8.79030000e+04,5.59079283e+02,5.57148425e+02,1.93085726e+00
8.79130000e+04,5.56891396e+02,5.54963223e+02,1.92817267e+00
8.79230000e+04,5.54927059e+02,5.53001619e+02,1.92543973e+00
8.79330000e+04,5.53156838e+02,5.51234081e+02,1.92275739e+00
8.79430000e+04,5.51558388e+02,5.49638188e+02,1.92019953e+00
8.79530000e+04,5.50111090e+02,5.48193394e+02,1.91769620e+00
8.79630000e+04,5.48795889e+02,5.46880618e+02,1.91527142e+00
8.79730000e+04,5.47596252e+02,5.45683308e+02,1.91294372e+00
8.79830000e+04,5.46498773e+02,5.44588065e+02,1.91070792e+00
8.79930000e+04,5.45492517e+02,5.43583947e+02,1.90856974e+00
8.79940000e+04,1.37879864e+02,1.35980031e+02,1.89983298e+00
8.80040000e+04,2.52262169e+02,2.50538677e+02,1.72349187e+00
8.80140000e+04,1.00873009e+02,9.92474209e+01,1.62558830e+00
8.80240000e+04,4.42319301e+01,4.26723153e+01,1.55961485e+00
8.80340000e+04,2.74791103e+01,2.59623821e+01,1.51672818e+00
8.80440000e+04,1.92069139e+01,1.76967237e+01,1.51019023e+00
8.80540000e+04,1.64101032e+01,1.49009460e+01,1.50915712e+00
8.80640000e+04,1.44439637e+01,1.29354237e+01,1.50854007e+00
8.80740000e+04,1.31691533e+01,1.16594664e+01,1.50968687e+00
8.80840000e+04,1.24046022e+01,1.08952033e+01,1.50939892e+00
8.80940000e+04,1.18314537e+01,1.03219307e+01,1.50952292e+00
8.81040000e+04,1.13198007e+01,9.81055568e+00,1.50924500e+00
8.81140000e+04,1.09547481e+01,9.44614478e+00,1.50860330e+00
8.81240000e+04,1.06042851e+01,9.09645272e+00,1.50783233e+00
8.81340000e+04,1.02792153e+01,8.77191253e+00,1.50730282e+00
8.81440000e+04,9.96102044e+00,8.45409164e+00,1.50692881e+00
8.81540000e+04,9.64342176e+00,8.13675595e+00,1.50666581e+00
8.81640000e+04,9.31933223e+00,7.81287234e+00,1.50645988e+00
8.81740000e+04,8.98179513e+00,7.47540547e+00,1.50638965e+00
8.81840000e+04,8.84774584e+00,7.34117930e+00,1.50656653e+00
8.81940000e+04,8.29046964e+00,6.78419173e+00,1.50627791e+00
8.82040000e+04,7.97041544e+00,6.46406992e+00,1.50634552e+00
8.82140000e+04,7.66101590e+00,6.15457503e+00,1.50644087e+00
8.82240000e+04,7.40959769e+00,5.90308142e+00,1.50651627e+00
8.82340000e+04,7.19282473e+00,5.68630131e+00,1.50652343e+00
8.82440000e+04,7.01069525e+00,5.50411963e+00,1.50657561e+00
8.82540000e+04,6.85382665e+00,5.34718458e+00,1.50664207e+00
8.82640000e+04,6.91201130e+00,5.40527899e+00,1.50673231e+00
8.82740000e+04,6.62922049e+00,5.12271632e+00,1.50650417e+00
8.82840000e+04,6.48930676e+00,4.98284585e+00,1.50646091e+00
8.82940000e+04,6.38412592e+00,4.87775697e+00,1.50636894e+00
8.82950000e+04,6.98865766e+01,6.83846368e+01,1.50193980e+00
8.83050000e+04,4.25824562e+05,4.25822783e+05,1.77923903e+00
8.83150000e+04,1.70868434e+02,1.69221233e+02,1.64720134e+00
8.83250000e+04,8.15081738e+04,8.15063677e+04,1.80611603e+00
8.83350000e+04,6.86186521e+06,6.86186322e+06,1.99161164e+00
8.83450000e+04,9.51949640e+07,9.51949620e+07,2.00018769e+00
8.83550000e+04,9.31249261e+05,9.31247256e+05,2.00530694e+00
8.83650000e+04,2.05406576e+07,2.05406555e+07,2.07853898e+00
8.83750000e+04,2.29332543e+07,2.29332523e+07,2.00229522e+00
8.83850000e+04,2.50985526e+08,2.50985524e+08,2.03077720e+00
8.83950000e+04,5.87474117e+06,5.87473919e+06,1.98090337e+00
8.84050000e+04,2.48278671e+07,2.48278651e+07,1.93485591e+00
8.84150000e+04,3.96877328e+08,3.96877327e+08,1.95710718e+00
8.84250000e+04,4.03183125e+06,4.03182930e+06,1.94649658e+00
8.84350000e+04,1.40282288e+10,1.40282288e+10,1.94676115e+00
8.84450000e+04,6.34750479e+08,6.34750477e+08,2.01961868e+00
8.84550000e+04,1.93061166e+07,1.93061145e+07,2.03828048e+00
8.84650000e+04,7.81533080e+07,7.81533059e+07,2.04021630e+00
8.84750000e+04,2.32647714e+06,2.32647511e+06,2.03786716e+00
8.84850000e+04,1.61419092e+06,1.61418888e+06,2.03684639e+00
8.84950000e+04,1.39572685e+06,1.39572482e+06,2.03522635e+00
8.85050000e+04,1.16564657e+06,1.16564454e+06,2.03324642e+00
8.85150000e+04,1.03562813e+06,1.03562609e+06,2.03155378e+00
8.85250000e+04,9.27142663e+05,9.27140633e+05,2.03007276e+00
8.85350000e+04,8.42189689e+05,8.42187660e+05,2.02865517e+00
8.85450000e+04,7.72908974e+05,7.72906947e+05,2.02734061e+00
8.85550000e+04,7.15114899e+05,7.15112873e+05,2.02614749e+00
8.85650000e+04,6.66663558e+05,6.66661533e+05,2.02504782e+00
8.85750000e+04,6.25436363e+05,6.25434339e+05,2.02403085e+00
8.85850000e+04,5.90130135e+05,5.90128112e+05,2.02310014e+00
8.85950000e+04,5.59635757e+05,5.59633735e+05,2.02224481e+00
8.85960000e+04,2.22168902e+06,2.22168700e+06,2.01620391e+00
8.86060000e+04,1.76606257e+07,1.76606235e+07,2.19520908e+00
8.86160000e+04,4.37354629e+08,4.37354626e+08,2.35140507e+00
8.86260000e+04,2.56552352e+08,2.56552350e+08,2.33317270e+00
8.86360000e+04,1.57340601e+07,1.57340578e+07,2.26143524e+00
8.86460000e+04,7.16137530e+07,7.16137507e+07,2.25478103e+00
8.86560000e+04,7.31555981e+06,7.31555765e+06,2.15856183e+00
8.86660000e+04,1.26529477e+08,1.26529475e+08,2.24023116e+00
8.86760000e+04,4.02714471e+06,4.02714241e+06,2.30594490e+00
8.86860000e+04,3.30622168e+06,3.30621934e+06,2.33259917e+00
8.86960000e+04,5.53236358e+06,5.53236124e+06,2.34655480e+00
8.87060000e+04,6.02629211e+06,6.02628976e+06,2.34242247e+00
8.87160000e+04,5.10952306e+06,5.10952073e+06,2.33385796e+00
8.87260000e+04,4.16397528e+06,4.16397295e+06,2.33034247e+00
8.87360000e+04,3.45731519e+06,3.45731286e+06,2.32816977e+00
8.87460000e+04,2.92680453e+06,2.92680220e+06,2.32775741e+00
8.87560000e+04,2.47562252e+06,2.47562019e+06,2.32749776e+00
8.87660000e+04,2.04904589e+06,2.04904357e+06,2.32668526e+00
8.87760000e+04,1.69972367e+06,1.69972135e+06,2.32604544e+00
8.87860000e+04,1.46875898e+06,1.46875665e+06,2.32532267e+00
8.87960000e+04,1.32640351e+06,1.32640119e+06,2.32458951e+00
8.88060000e+04,1.23686436e+06,1.23686204e+06,2.32384594e+00
8.88160000e+04,1.17672200e+06,1.17671968e+06,2.32310654e+00
8.88260000e+04,1.13297237e+06,1.13297005e+06,2.32232412e+00
8.88360000e+04,1.09907713e+06,1.09907481e+06,2.32150937e+00
8.88460000e+04,1.07165674e+06,1.07165442e+06,2.32075159e+00
8.88560000e+04,1.04882477e+06,1.04882245e+06,2.32002303e+00
8.88660000e+04,1.02944431e+06,1.02944199e+06,2.31932603e+00
8.88760000e+04,1.01275683e+06,1.01275452e+06,2.31866168e+00
8.88860000e+04,9.98235935e+05,9.98233617e+05,2.31802590e+00
8.88960000e+04,9.85495699e+05,9.85493382e+05,2.31742048e+00
8.88970000e+04,1.73234417e+06,1.73234186e+06,2.31232407e+00
8.89070000e+04,2.58707379e+08,2.58707376e+08,2.34964032e+00
8.89170000e+04,3.29930811e+08,3.29930809e+08,2.37610835e+00
8.89270000e+04,1.52250951e+10,1.52250951e+10,2.38351878e+00
8.89370000e+04,3.09439593e+06,3.09439360e+06,2.33530797e+00
8.89470000e+04,5.88272958e+07,5.88272935e+07,2.31190703e+00
8.89570000e+04,1.86886798e+06,1.86886568e+06,2.30167031e+00
8.89670000e+04,2.87909192e+06,2.87908962e+06,2.29742774e+00
8.89770000e+04,2.89621093e+06,2.89620864e+06,2.29459988e+00
8.89870000e+04,2.33984802e+06,2.33984572e+06,2.29410918e+00
8.89970000e+04,1.96885600e+06,1.96885371e+06,2.29274285e+00
8.90070000e+04,1.69850431e+06,1.69850202e+06,2.29176008e+00
8.90170000e+04,1.43770052e+06,1.43769823e+06,2.29003703e+00
8.90270000e+04,1.21418403e+06,1.21418174e+06,2.28837078e+00
8.90370000e+04,1.12721993e+06,1.12721764e+06,2.28702289e+00
8.90470000e+04,1.10516150e+06,1.10515922e+06,2.28631601e+00
8.90570000e+04,1.08333747e+06,1.08333519e+06,2.28609710e+00
8.90670000e+04,1.06472049e+06,1.06471820e+06,2.28593221e+00
8.90770000e+04,1.04987128e+06,1.04986900e+06,2.28569761e+00
8.90870000e+04,1.03682481e+06,1.03682252e+06,2.28541354e+00
8.90970000e+04,1.02493299e+06,1.02493070e+06,2.28511463e+00
8.91070000e+04,1.01403205e+06,1.01402977e+06,2.28481972e+00
8.91170000e+04,1.00401906e+06,1.00401678e+06,2.28453296e+00
8.91270000e+04,9.94820777e+05,9.94818493e+05,2.28425622e+00
8.91370000e+04,9.86371416e+05,9.86369132e+05,2.28399145e+00
8.91470000e+04,9.78616931e+05,9.78614648e+05,2.28373687e+00
8.91570000e+04,9.71507423e+05,9.71505139e+05,2.28349286e+00
8.91670000e+04,9.64990240e+05,9.64987957e+05,2.28325957e+00
8.91770000e+04,9.59017558e+05,9.59015275e+05,2.28303554e+00
8.91870000e+04,9.53541828e+05,9.53539545e+05,2.28282083e+00
8.91970000e+04,9.48516548e+05,9.48514265e+05,2.28261471e+00
8.91980000e+04,2.11433203e+06,2.11432975e+06,2.27890048e+00
8.92080000e+04,8.42255111e+06,8.42254851e+06,2.60432771e+00
8.92180000e+04,1.79219792e+07,1.79219768e+07,2.34787877e+00
8.92280000e+04,8.27381075e+08,8.27381073e+08,2.21748190e+00
8.92380000e+04,1.01834904e+08,1.01834901e+08,2.16742049e+00
8.92480000e+04,5.03053664e+06,5.03053447e+06,2.16649067e+00
8.92580000e+04,6.35357106e+06,6.35356885e+06,2.21057790e+00
8.92680000e+04,1.18778952e+06,1.18778722e+06,2.30720284e+00
8.92780000e+04,1.40102344e+06,1.40102111e+06,2.33044811e+00
8.92880000e+04,2.21091718e+06,2.21091487e+06,2.31062674e+00
8.92980000e+04,1.66320670e+06,1.66320439e+06,2.31344022e+00
8.93080000e+04,1.44127969e+06,1.44127738e+06,2.31807168e+00
8.93180000e+04,1.46243323e+06,1.46243090e+06,2.32670171e+00
8.93280000e+04,1.21070712e+06,1.21070480e+06,2.32355194e+00
8.93380000e+04,1.10675266e+06,1.10675034e+06,2.32653335e+00
8.93480000e+04,1.01296936e+06,1.01296703e+06,2.33144172e+00
8.93580000e+04,9.75322607e+05,9.75320275e+05,2.33247761e+00
8.93680000e+04,9.40018864e+05,9.40016534e+05,2.33061577e+00
8.93780000e+04,9.10402041e+05,9.10399713e+05,2.32718456e+00
8.93880000e+04,8.83466624e+05,8.83464302e+05,2.32275644e+00
8.93980000e+04,8.61446612e+05,8.61444294e+05,2.31787751e+00
8.94080000e+04,8.42039660e+05,8.42037347e+05,2.31303969e+00
8.94180000e+04,8.25201619e+05,8.25199310e+05,2.30847894e+00
8.94280000e+04,8.11216139e+05,8.11213834e+05,2.30436461e+00
8.94380000e+04,7.99952399e+05,7.99950098e+05,2.30078458e+00
8.94480000e+04,7.90934585e+05,7.90932287e+05,2.29770389e+00
8.94580000e+04,7.83617191e+05,7.83614895e+05,2.29503615e+00
8.94680000e+04,7.77534890e+05,7.77532597e+05,2.29270469e+00
8.94780000e+04,7.72369057e+05,7.72366767e+05,2.29064798e+00
8.94880000e+04,7.67895160e+05,7.67892871e+05,2.28882098e+00
8.94980000e+04,7.63961536e+05,7.63959249e+05,2.28718468e+00
8.94990000e+04,9.14691697e+05,9.14689249e+05,2.44785940e+00
8.95090000e+04,2.46178890e+06,2.46178650e+06,2.40645784e+00
8.95190000e+04,7.21560146e+06,7.21559925e+06,2.20360927e+00
8.95290000e+04,2.90262104e+08,2.90262102e+08,2.21922001e+00
8.95390000e+04,7.03492590e+05,7.03490228e+05,2.36240182e+00
8.95490000e+04,1.14748055e+07,1.14748030e+07,2.52716201e+00
8.95590000e+04,4.99978779e+06,4.99978518e+06,2.60653105e+00
8.95690000e+04,1.61240377e+07,1.61240349e+07,2.75378256e+00
8.95790000e+04,2.47038417e+07,2.47038389e+07,2.82739928e+00
8.95890000e+04,7.27590501e+06,7.27590216e+06,2.84674035e+00
8.95990000e+04,3.01997104e+06,3.01996817e+06,2.86880693e+00
8.96090000e+04,1.61043567e+06,1.61043279e+06,2.88007013e+00
8.96190000e+04,1.30017327e+06,1.30017038e+06,2.89660488e+00
8.96290000e+04,1.09830425e+06,1.09830135e+06,2.90546715e+00
8.96390000e+04,1.01943663e+06,1.01943372e+06,2.91459483e+00
8.96490000e+04,9.65690462e+05,9.65687542e+05,2.91940521e+00
8.96590000e+04,9.27522703e+05,9.27519781e+05,2.92184031e+00
8.96690000e+04,8.97992634e+05,8.97989710e+05,2.92395748e+00
8.96790000e+04,8.73541493e+05,8.73538563e+05,2.93013197e+00
8.96890000e+04,8.53074209e+05,8.53071276e+05,2.93283328e+00
8.96990000e+04,8.35521865e+05,8.35518932e+05,2.93272399e+00
8.97090000e+04,8.20168743e+05,8.20165810e+05,2.93302243e+00
8.97190000e+04,8.06600535e+05,8.06597602e+05,2.93322160e+00
8.97290000e+04,7.94499096e+05,7.94496162e+05,2.93380733e+00
8.97390000e+04,7.83629208e+05,7.83626273e+05,2.93443637e+00
8.97490000e+04,7.73809735e+05,7.73806800e+05,2.93493567e+00
8.97590000e+04,7.64901152e+05,7.64898217e+05,2.93535407e+00
8.97690000e+04,7.56792744e+05,7.56789808e+05,2.93571798e+00
8.97790000e+04,7.49394691e+05,7.49391755e+05,2.93609029e+00
8.97890000e+04,7.42620347e+05,7.42617411e+05,2.93644515e+00
8.97990000e+04,7.36412724e+05,7.36409788e+05,2.93667542e+00
8.98000000e+04,1.96487523e+06,1.96487244e+06,2.79102787e+00
8.98100000e+04,2.05482785e+06,2.05482478e+06,3.07287628e+00
8.98200000e+04,3.06456573e+07,3.06456545e+07,2.75914278e+00
8.98300000e+04,4.17741924e+07,4.17741897e+07,2.65886220e+00
8.98400000e+04,2.99394765e+06,2.99394487e+06,2.77776580e+00
8.98500000e+04,1.16887475e+07,1.16887446e+07,2.87867729e+00
8.98600000e+04,3.34077356e+07,3.34077328e+07,2.86185917e+00
8.98700000e+04,5.00623168e+06,5.00622888e+06,2.80031572e+00
8.98800000e+04,3.40481250e+06,3.40480972e+06,2.78066331e+00
8.98900000e+04,2.44174519e+06,2.44174241e+06,2.77627257e+00
8.99000000e+04,1.38506783e+06,1.38506507e+06,2.76515971e+00
8.99100000e+04,1.11028422e+06,1.11028147e+06,2.74987407e+00
8.99200000e+04,9.73966735e+05,9.73964000e+05,2.73557707e+00
8.99300000e+04,8.90857557e+05,8.90854834e+05,2.72399307e+00
8.99400000e+04,8.39715174e+05,8.39712459e+05,2.71516341e+00
8.99500000e+04,8.00808241e+05,8.00805532e+05,2.70841353e+00
8.99600000e+04,7.69882630e+05,7.69879927e+05,2.70311323e+00
8.99700000e+04,7.44937417e+05,7.44934718e+05,2.69875972e+00
8.99800000e+04,7.24382686e+05,7.24379991e+05,2.69501922e+00
8.99900000e+04,7.07293166e+05,7.07290474e+05,2.69169989e+00
9.00000000e+04,6.92986106e+05,6.92983417e+05,2.68870960e+00
9.00100000e+04,6.80925842e+05,6.80923156e+05,2.68601401e+00
9.00200000e+04,6.70703658e+05,6.70700974e+05,2.68359814e+00
9.00300000e+04,6.61985960e+05,6.61983279e+05,2.68141716e+00
9.00400000e+04,6.54499660e+05,6.54496980e+05,2.67944966e+00
9.00500000e+04,6.48022125e+05,6.48019448e+05,2.67768354e+00
9.00600000e+04,6.42375997e+05,6.42373321e+05,2.67609133e+00
9.00700000e+04,6.37419225e+05,6.37416550e+05,2.67465375e+00
9.00800000e+04,6.33040026e+05,6.33037353e+05,2.67335247e+00
9.00900000e+04,6.29146814e+05,6.29144142e+05,2.67217388e+00
9.01000000e+04,6.25671335e+05,6.25668664e+05,2.67110316e+00
