-7.016746997833251953e-01,2.809822559356689453e-02,3.013658523559570312e-01,0.000000000000000000e+00
8.810687065124511719e-01,-9.706614017486572266e-01,8.055551052093505859e-01,0.000000000000000000e+00
4.908331632614135742e-01,2.768653631210327148e-01,8.319866657257080078e-01,0.000000000000000000e+00
-4.377863407135009766e-01,-1.114856600761413574e-01,-6.699609756469726562e-01,0.000000000000000000e+00
-2.954798936843872070e-01,8.180388212203979492e-01,-7.318572998046875000e-01,0.000000000000000000e+00
-9.346431493759155273e-02,-3.934149742126464844e-01,7.600028514862060547e-01,0.000000000000000000e+00
6.014434099197387695e-01,6.325510740280151367e-01,6.906545162200927734e-01,0.000000000000000000e+00
6.538661718368530273e-01,9.924769401550292969e-01,7.830107212066650391e-02,0.000000000000000000e+00
8.617165088653564453e-01,9.860284328460693359e-01,7.338571548461914062e-02,0.000000000000000000e+00
-8.830662965774536133e-01,-1.671881675720214844e-01,2.662674188613891602e-01,0.000000000000000000e+00
4.770606756210327148e-01,2.496237754821777344e-01,-1.241102814674377441e-01,0.000000000000000000e+00
2.521070241928100586e-01,3.946841955184936523e-01,6.611478328704833984e-01,0.000000000000000000e+00
6.743361949920654297e-01,3.971986770629882812e-01,6.299438476562500000e-01,0.000000000000000000e+00
-2.692222595214843750e-02,-9.963803291320800781e-01,2.885069847106933594e-01,0.000000000000000000e+00
-2.639139294624328613e-01,6.113728284835815430e-01,6.920415163040161133e-01,0.000000000000000000e+00
5.493993759155273438e-01,-2.133835554122924805e-01,1.178292036056518555e-01,0.000000000000000000e+00
-8.059268593788146973e-01,-4.258889555931091309e-01,-5.614633560180664062e-01,0.000000000000000000e+00
-1.832175850868225098e-01,-2.195764780044555664e-01,9.964401721954345703e-01,0.000000000000000000e+00
4.365388154983520508e-01,-6.124756336212158203e-01,3.667948246002197266e-01,0.000000000000000000e+00
-3.165516853332519531e-01,5.300110578536987305e-01,3.432705402374267578e-01,0.000000000000000000e+00
-8.564565777778625488e-01,-6.125739812850952148e-01,5.635823011398315430e-01,0.000000000000000000e+00
-9.272515773773193359e-02,5.488033294677734375e-01,-4.948142766952514648e-01,0.000000000000000000e+00
4.934298992156982422e-01,-5.416379570960998535e-01,5.180293321609497070e-01,0.000000000000000000e+00
-2.259803414344787598e-01,-8.205740451812744141e-01,-1.579478979110717773e-01,0.000000000000000000e+00
6.012821197509765625e-01,-5.746386051177978516e-01,6.092151403427124023e-01,0.000000000000000000e+00
-3.236859440803527832e-01,3.492546081542968750e-01,-3.107625842094421387e-01,0.000000000000000000e+00
5.922706127166748047e-01,4.327393770217895508e-01,-9.971828460693359375e-01,0.000000000000000000e+00
4.643113613128662109e-01,2.165523767471313477e-01,-9.123068451881408691e-01,0.000000000000000000e+00
-9.079182147979736328e-01,4.254361391067504883e-01,7.060234546661376953e-01,0.000000000000000000e+00
-2.250131368637084961e-01,2.374018430709838867e-01,-9.765959978103637695e-01,0.000000000000000000e+00
9.149214029312133789e-01,-9.517524838447570801e-01,6.586861610412597656e-02,0.000000000000000000e+00
7.845993041992187500e-01,2.868759632110595703e-02,-6.034551858901977539e-01,0.000000000000000000e+00
-3.497772216796875000e-01,-3.570535182952880859e-01,5.256434679031372070e-01,0.000000000000000000e+00
5.898256301879882812e-01,-3.303720355033874512e-01,-9.510078430175781250e-01,0.000000000000000000e+00
3.216564655303955078e-01,5.311363935470581055e-01,4.821839332580566406e-01,0.000000000000000000e+00
6.869626045227050781e-01,-8.015273213386535645e-01,-5.861107110977172852e-01,0.000000000000000000e+00
6.897131204605102539e-01,-8.415452241897583008e-01,7.529897689819335938e-01,0.000000000000000000e+00
5.621721744537353516e-01,-9.122514128684997559e-01,9.254155158996582031e-01,0.000000000000000000e+00
-1.612282395362854004e-01,7.422876358032226562e-02,-8.164649605751037598e-01,0.000000000000000000e+00
7.167748212814331055e-01,-9.660098552703857422e-01,9.294638633728027344e-01,0.000000000000000000e+00
-1.340495347976684570e-01,-6.102427244186401367e-01,1.060783863067626953e-01,0.000000000000000000e+00
-5.487758517265319824e-01,-6.034883260726928711e-01,-4.979789257049560547e-02,0.000000000000000000e+00
-4.156116843223571777e-01,6.362205743789672852e-01,-1.942951679229736328e-01,0.000000000000000000e+00
7.560815811157226562e-01,-7.919108867645263672e-01,9.841142892837524414e-01,0.000000000000000000e+00
-8.911034464836120605e-01,-8.731912970542907715e-01,7.794620990753173828e-01,0.000000000000000000e+00
-6.174030303955078125e-01,-4.883698225021362305e-01,4.132567644119262695e-01,0.000000000000000000e+00
1.946042776107788086e-01,-2.278890609741210938e-01,9.495782852172851562e-02,0.000000000000000000e+00
-4.791802167892456055e-01,-6.093821525573730469e-01,7.285327911376953125e-01,0.000000000000000000e+00
3.247126340866088867e-01,-9.053255319595336914e-01,-4.477191567420959473e-01,0.000000000000000000e+00
-5.278335809707641602e-01,-4.242342114448547363e-01,-5.466051101684570312e-01,0.000000000000000000e+00
1.218127012252807617e-01,8.590936660766601562e-02,3.181052207946777344e-01,0.000000000000000000e+00
-1.238515973091125488e-01,2.872467041015625000e-03,-4.104247689247131348e-01,0.000000000000000000e+00
-1.138590574264526367e-01,3.777348995208740234e-01,9.097418785095214844e-01,0.000000000000000000e+00
1.757133007049560547e-01,6.611839532852172852e-01,-4.490573406219482422e-01,0.000000000000000000e+00
2.357577085494995117e-01,-2.254115939140319824e-01,-7.869419455528259277e-01,0.000000000000000000e+00
-4.425811171531677246e-01,-3.634839057922363281e-01,-9.794917702674865723e-01,0.000000000000000000e+00
6.301176548004150391e-02,6.422870159149169922e-01,4.984055757522583008e-01,0.000000000000000000e+00
5.417315959930419922e-01,6.668995618820190430e-01,4.633338451385498047e-01,0.000000000000000000e+00
-1.803198456764221191e-01,1.738017797470092773e-01,-2.526980638504028320e-02,0.000000000000000000e+00
-6.239548921585083008e-01,4.692715406417846680e-01,-2.384430170059204102e-02,0.000000000000000000e+00
-7.375937700271606445e-02,-8.873951435089111328e-01,8.484039306640625000e-01,0.000000000000000000e+00
-6.386650800704956055e-01,8.011440038681030273e-01,-3.650433421134948730e-01,0.000000000000000000e+00
6.941307783126831055e-01,3.285298347473144531e-01,1.408625841140747070e-01,0.000000000000000000e+00
-3.012244701385498047e-01,6.190458536148071289e-01,-1.153109073638916016e-01,0.000000000000000000e+00
-8.618301749229431152e-01,3.594017028808593750e-02,-2.499989271163940430e-01,0.000000000000000000e+00
9.975076913833618164e-01,-8.863578438758850098e-01,1.314511299133300781e-01,0.000000000000000000e+00
8.452954292297363281e-01,7.984145879745483398e-01,5.631518363952636719e-02,0.000000000000000000e+00
2.713071107864379883e-01,7.958092689514160156e-01,-2.096784710884094238e-01,0.000000000000000000e+00
6.351528167724609375e-01,-3.025935292243957520e-01,2.071685791015625000e-01,0.000000000000000000e+00
-9.529596567153930664e-02,1.471810340881347656e-01,-1.572512388229370117e-01,0.000000000000000000e+00
-8.389337658882141113e-01,2.809447050094604492e-01,-8.313436508178710938e-01,0.000000000000000000e+00
-5.570074915885925293e-01,3.596222400665283203e-01,9.275840520858764648e-01,0.000000000000000000e+00
6.359400749206542969e-01,-8.625679016113281250e-01,-3.197113871574401855e-01,0.000000000000000000e+00
-4.221969842910766602e-02,-4.189603328704833984e-01,-7.650964260101318359e-01,0.000000000000000000e+00
2.148308753967285156e-01,2.841738462448120117e-01,-2.923160791397094727e-01,0.000000000000000000e+00
-3.225436806678771973e-01,6.744928359985351562e-01,4.529883861541748047e-01,0.000000000000000000e+00
-9.300085902214050293e-01,-8.856888413429260254e-01,5.746084451675415039e-01,0.000000000000000000e+00
-4.884472489356994629e-01,2.416675090789794922e-01,-8.471971750259399414e-01,0.000000000000000000e+00
6.804331541061401367e-01,-8.649805784225463867e-01,9.355044364929199219e-01,0.000000000000000000e+00
-2.444663047790527344e-01,-7.783189415931701660e-01,-4.180126786231994629e-01,0.000000000000000000e+00
1.999003887176513672e-01,-8.847469687461853027e-01,5.380122661590576172e-01,0.000000000000000000e+00
6.774728298187255859e-01,-1.850223541259765625e-02,1.204220056533813477e-01,0.000000000000000000e+00
1.710355281829833984e-02,-2.449043989181518555e-01,-6.824165582656860352e-02,0.000000000000000000e+00
-9.339935779571533203e-01,-1.841815114021301270e-01,5.587991476058959961e-01,0.000000000000000000e+00
-2.937273383140563965e-01,4.148956537246704102e-01,5.638500452041625977e-01,0.000000000000000000e+00
8.193511962890625000e-01,-4.946149587631225586e-01,-3.782320618629455566e-01,0.000000000000000000e+00
-5.933743715286254883e-01,3.838136196136474609e-01,-9.585840702056884766e-01,0.000000000000000000e+00
1.468374729156494141e-01,-6.205987930297851562e-01,-8.056538105010986328e-01,0.000000000000000000e+00
-2.871837615966796875e-01,-5.895057916641235352e-01,3.908237218856811523e-01,0.000000000000000000e+00
-1.436368227005004883e-01,7.137798070907592773e-01,-8.149449825286865234e-01,0.000000000000000000e+00
-1.179739236831665039e-01,-7.000049352645874023e-01,-8.222788572311401367e-02,0.000000000000000000e+00
7.183650732040405273e-01,8.322548866271972656e-02,-8.619149923324584961e-01,0.000000000000000000e+00
-8.773589134216308594e-02,2.835608720779418945e-01,7.188119888305664062e-01,0.000000000000000000e+00
2.258445024490356445e-01,-8.891257047653198242e-01,6.708831787109375000e-01,0.000000000000000000e+00
-1.937838792800903320e-01,4.705044031143188477e-01,6.656920909881591797e-01,0.000000000000000000e+00
8.475528955459594727e-01,7.906864881515502930e-01,-4.241139292716979980e-01,0.000000000000000000e+00
6.512149572372436523e-01,-3.808834552764892578e-01,-9.696695208549499512e-01,0.000000000000000000e+00
-3.484240770339965820e-01,-3.793664574623107910e-01,-6.988900899887084961e-02,0.000000000000000000e+00
-5.914653539657592773e-01,7.029238939285278320e-01,-7.278498411178588867e-01,0.000000000000000000e+00
-1.072883605957031250e-06,4.987766742706298828e-01,-2.437254786491394043e-01,0.000000000000000000e+00
-1.357476711273193359e-01,4.901491403579711914e-01,-3.270582556724548340e-01,0.000000000000000000e+00
2.639216184616088867e-01,-7.752473950386047363e-01,6.256879568099975586e-01,0.000000000000000000e+00
-8.951785564422607422e-01,-2.279284596443176270e-01,7.708384990692138672e-01,0.000000000000000000e+00
-3.362280726432800293e-01,7.176053524017333984e-01,7.119488716125488281e-01,0.000000000000000000e+00
4.417303800582885742e-01,4.311915636062622070e-01,-3.604843020439147949e-01,0.000000000000000000e+00
-7.996428608894348145e-01,-5.127513408660888672e-01,3.022599220275878906e-01,0.000000000000000000e+00
-3.473991155624389648e-01,8.629877567291259766e-01,-5.026010274887084961e-01,0.000000000000000000e+00
7.628628015518188477e-01,9.549974203109741211e-01,-9.097450375556945801e-01,0.000000000000000000e+00
-1.698861718177795410e-01,4.374505281448364258e-01,-3.269383907318115234e-01,0.000000000000000000e+00
3.309620618820190430e-01,2.237056493759155273e-01,7.473564147949218750e-02,0.000000000000000000e+00
9.685270786285400391e-01,-5.817263126373291016e-01,-8.053659796714782715e-01,0.000000000000000000e+00
4.125452041625976562e-02,-2.713774442672729492e-01,8.983898162841796875e-01,0.000000000000000000e+00
-4.615732431411743164e-01,4.609361886978149414e-01,1.067062616348266602e-01,0.000000000000000000e+00
-7.340095043182373047e-01,1.732285022735595703e-01,2.971272468566894531e-01,0.000000000000000000e+00
-9.105091094970703125e-01,6.689502000808715820e-01,-1.394523382186889648e-01,0.000000000000000000e+00
7.206398248672485352e-01,-2.953967452049255371e-01,-6.493098139762878418e-01,0.000000000000000000e+00
8.056843280792236328e-02,-4.424080252647399902e-01,-1.158776283264160156e-01,0.000000000000000000e+00
1.533985137939453125e-02,2.037578821182250977e-01,-1.411303877830505371e-01,0.000000000000000000e+00
-9.102034568786621094e-01,-8.344385623931884766e-01,7.216266393661499023e-01,0.000000000000000000e+00
-3.181036710739135742e-01,-2.195833921432495117e-01,-7.760702371597290039e-01,0.000000000000000000e+00
-4.787811040878295898e-01,-5.631673336029052734e-01,8.335828781127929688e-03,0.000000000000000000e+00
6.778538227081298828e-01,6.491788625717163086e-01,5.576324462890625000e-01,0.000000000000000000e+00
-8.592896461486816406e-01,-2.950549125671386719e-02,-4.408538341522216797e-03,0.000000000000000000e+00
-1.044845581054687500e-01,2.238612174987792969e-01,1.500395536422729492e-01,0.000000000000000000e+00
-7.446372509002685547e-02,7.795209884643554688e-01,-3.700053095817565918e-01,0.000000000000000000e+00
8.331294059753417969e-01,9.581749439239501953e-01,7.914856672286987305e-01,0.000000000000000000e+00
-3.017976284027099609e-01,-3.097642660140991211e-01,-2.915834188461303711e-01,0.000000000000000000e+00
9.451687335968017578e-01,-7.906782627105712891e-01,7.491346597671508789e-01,0.000000000000000000e+00
8.349907398223876953e-01,-3.564556837081909180e-01,7.246999740600585938e-01,0.000000000000000000e+00
-1.436682343482971191e-01,3.510622978210449219e-01,-6.557385921478271484e-01,0.000000000000000000e+00
-1.309270262718200684e-01,9.502680301666259766e-01,-5.692641735076904297e-01,0.000000000000000000e+00
1.463456153869628906e-01,2.546932697296142578e-01,4.920864105224609375e-02,0.000000000000000000e+00
-9.622200131416320801e-01,8.244179487228393555e-01,-1.970649361610412598e-01,0.000000000000000000e+00
6.207622289657592773e-01,6.694315671920776367e-01,-7.123321890830993652e-01,0.000000000000000000e+00
-7.072956562042236328e-01,-4.259676933288574219e-01,6.773509979248046875e-01,0.000000000000000000e+00
9.772694110870361328e-01,7.651648521423339844e-01,-8.870411515235900879e-01,0.000000000000000000e+00
2.762888669967651367e-01,-8.793323040008544922e-01,-9.688883423805236816e-01,0.000000000000000000e+00
-2.234683036804199219e-01,-4.106484055519104004e-01,4.957371950149536133e-01,0.000000000000000000e+00
-1.896021366119384766e-01,5.064117908477783203e-01,-5.262402892112731934e-01,0.000000000000000000e+00
-1.957307457923889160e-01,-6.955607533454895020e-01,9.054756164550781250e-01,0.000000000000000000e+00
1.438925266265869141e-01,1.597770452499389648e-01,7.683924436569213867e-01,0.000000000000000000e+00
1.031637191772460938e-02,-3.956396579742431641e-01,-4.305529594421386719e-02,0.000000000000000000e+00
3.536728620529174805e-01,-8.520193696022033691e-01,7.676713466644287109e-01,0.000000000000000000e+00
5.885239839553833008e-01,-8.282482624053955078e-03,-7.713388800621032715e-01,0.000000000000000000e+00
-1.209002733230590820e-02,-4.789723157882690430e-01,3.760433197021484375e-01,0.000000000000000000e+00
-2.969958782196044922e-01,1.679664850234985352e-01,7.809925079345703125e-01,0.000000000000000000e+00
-9.419974684715270996e-01,8.516131639480590820e-01,4.088009595870971680e-01,0.000000000000000000e+00
-1.141771674156188965e-01,3.490010499954223633e-01,4.994280338287353516e-01,0.000000000000000000e+00
4.668363332748413086e-01,-6.249198913574218750e-01,8.544255495071411133e-01,0.000000000000000000e+00
5.119898319244384766e-01,-4.894059896469116211e-02,-9.806759357452392578e-01,0.000000000000000000e+00
-6.607030630111694336e-01,-2.256982326507568359e-01,-1.000000000000000000e+00,6.448169946670532227e-01
-3.596429824829101562e-01,5.462303161621093750e-01,-1.000000000000000000e+00,2.972951531410217285e-01
-5.849493741989135742e-01,6.918467283248901367e-01,-1.000000000000000000e+00,2.950805611908435822e-02
8.746984004974365234e-01,6.274173259735107422e-01,-1.000000000000000000e+00,6.047043800354003906e-01
4.970118999481201172e-01,4.171786308288574219e-01,-1.000000000000000000e+00,6.263272762298583984e-01
3.715194463729858398e-01,9.956058263778686523e-01,-1.000000000000000000e+00,9.214262962341308594e-01
-9.205740690231323242e-01,-8.218144178390502930e-01,-1.000000000000000000e+00,5.643782615661621094e-01
4.095782041549682617e-01,-1.059380173683166504e-01,-1.000000000000000000e+00,4.178931713104248047e-01
8.188539743423461914e-01,3.471262454986572266e-01,-1.000000000000000000e+00,8.247262984514236450e-02
-2.086474895477294922e-01,5.887579917907714844e-02,-1.000000000000000000e+00,1.363495439291000366e-01
7.142757177352905273e-01,-5.750513672828674316e-01,-1.000000000000000000e+00,5.724598765373229980e-01
5.609810352325439453e-02,2.596628665924072266e-02,-1.000000000000000000e+00,1.730482131242752075e-01
1.701951026916503906e-01,-9.589172601699829102e-01,-1.000000000000000000e+00,9.966914653778076172e-01
-6.123203039169311523e-02,-2.280160784721374512e-01,-1.000000000000000000e+00,1.680748015642166138e-01
-5.213441848754882812e-01,7.298446893692016602e-01,-1.000000000000000000e+00,3.314087390899658203e-01
-1.116619110107421875e-01,-7.404125928878784180e-01,-1.000000000000000000e+00,6.685650348663330078e-01
7.326064109802246094e-01,-9.548791646957397461e-01,-1.000000000000000000e+00,5.461555719375610352e-02
-1.790022850036621094e-01,-6.767702102661132812e-01,-1.000000000000000000e+00,9.744679927825927734e-01
-2.497923374176025391e-01,-7.830560803413391113e-01,-1.000000000000000000e+00,2.501783072948455811e-01
4.884921312332153320e-01,3.633546829223632812e-02,-1.000000000000000000e+00,5.245091319084167480e-01
-8.301205039024353027e-01,3.065818548202514648e-01,-1.000000000000000000e+00,6.303997635841369629e-01
-3.514233231544494629e-01,-2.909887433052062988e-01,-1.000000000000000000e+00,3.561027348041534424e-01
2.286504507064819336e-01,8.995659351348876953e-01,-1.000000000000000000e+00,9.692802429199218750e-01
-3.072485923767089844e-01,4.751895666122436523e-01,-1.000000000000000000e+00,8.369812965393066406e-01
-4.086157679557800293e-01,-8.282091617584228516e-01,-1.000000000000000000e+00,9.169096350669860840e-01
7.245652675628662109e-01,-7.302283048629760742e-01,1.000000000000000000e+00,4.845559597015380859e-04
6.803535223007202148e-01,1.693578958511352539e-01,1.000000000000000000e+00,5.416465401649475098e-01
-7.963597774505615234e-01,-8.916183114051818848e-01,1.000000000000000000e+00,3.958414494991302490e-01
2.756483554840087891e-01,9.356924295425415039e-01,1.000000000000000000e+00,2.349291443824768066e-01
-9.209926128387451172e-01,-4.531304836273193359e-01,1.000000000000000000e+00,3.979858458042144775e-01
-4.604515433311462402e-01,7.340886592864990234e-01,1.000000000000000000e+00,7.932117581367492676e-02
-6.327757835388183594e-01,1.704739332199096680e-01,1.000000000000000000e+00,6.297561526298522949e-01
-5.043405294418334961e-01,-7.169061899185180664e-01,1.000000000000000000e+00,7.387536764144897461e-01
4.259085655212402344e-02,-2.353846430778503418e-01,1.000000000000000000e+00,7.862632274627685547e-01
-7.596978545188903809e-01,-8.834648132324218750e-01,1.000000000000000000e+00,1.010340675711631775e-01
-9.262371063232421875e-01,-1.473923921585083008e-01,1.000000000000000000e+00,3.238835930824279785e-01
-8.345565199851989746e-01,1.895427703857421875e-05,1.000000000000000000e+00,4.383572340011596680e-01
7.151168584823608398e-01,-6.120649576187133789e-01,1.000000000000000000e+00,7.750718593597412109e-01
1.562505960464477539e-01,-8.411617279052734375e-01,1.000000000000000000e+00,9.344913959503173828e-01
-5.306948423385620117e-01,-9.962422847747802734e-01,1.000000000000000000e+00,9.673969149589538574e-01
9.244799613952636719e-02,4.339737892150878906e-01,1.000000000000000000e+00,8.846111893653869629e-01
-4.210047125816345215e-01,-4.901347160339355469e-01,1.000000000000000000e+00,7.991283386945724487e-02
-3.060519695281982422e-03,4.103660583496093750e-01,1.000000000000000000e+00,1.249377522617578506e-02
1.026271581649780273e-01,-4.532980918884277344e-02,1.000000000000000000e+00,6.910597681999206543e-01
-1.995164155960083008e-02,-5.214722156524658203e-01,1.000000000000000000e+00,6.593334674835205078e-01
-8.626306056976318359e-02,9.018926620483398438e-01,1.000000000000000000e+00,5.491664409637451172e-01
4.068945646286010742e-01,-5.044360756874084473e-01,1.000000000000000000e+00,3.672504723072052002e-01
-2.646795511245727539e-01,4.206994771957397461e-01,1.000000000000000000e+00,2.121969908475875854e-01
8.563257455825805664e-01,-7.350182533264160156e-02,1.000000000000000000e+00,2.559452354907989502e-01
-8.035463094711303711e-02,-5.774194002151489258e-02,1.000000000000000000e+00,5.566118955612182617e-01
-5.609644651412963867e-01,-1.000000000000000000e+00,9.973617792129516602e-01,1.350946724414825439e-01
-3.526774644851684570e-01,-1.000000000000000000e+00,-5.073997974395751953e-01,8.748221993446350098e-01
-2.113207578659057617e-01,-1.000000000000000000e+00,-8.022077679634094238e-01,9.124480932950973511e-02
-3.968029618263244629e-01,-1.000000000000000000e+00,6.464685201644897461e-01,3.110789060592651367e-01
-8.358150720596313477e-02,-1.000000000000000000e+00,4.510269165039062500e-01,1.186538115143775940e-01
-6.341799497604370117e-01,-1.000000000000000000e+00,9.217023849487304688e-01,2.228765636682510376e-01
-6.685043573379516602e-01,-1.000000000000000000e+00,-2.658264040946960449e-01,4.031713679432868958e-02
4.338544607162475586e-01,-1.000000000000000000e+00,6.630953550338745117e-01,7.418193817138671875e-01
-8.777425289154052734e-01,-1.000000000000000000e+00,-6.653800606727600098e-01,5.282544493675231934e-01
-4.634798169136047363e-01,-1.000000000000000000e+00,4.409306049346923828e-01,3.056289628148078918e-02
-4.304440617561340332e-01,-1.000000000000000000e+00,-7.404249906539916992e-01,6.770841479301452637e-01
4.663544893264770508e-01,-1.000000000000000000e+00,6.025488376617431641e-01,3.677237033843994141e-01
7.429264783859252930e-01,-1.000000000000000000e+00,4.304243326187133789e-01,7.977980971336364746e-01
-7.576820850372314453e-01,-1.000000000000000000e+00,6.224939823150634766e-01,5.922776460647583008e-01
-8.531956076622009277e-01,-1.000000000000000000e+00,-9.346691370010375977e-01,2.526752352714538574e-01
2.163205146789550781e-01,-1.000000000000000000e+00,-6.523872613906860352e-01,4.191283881664276123e-01
-7.013771533966064453e-01,-1.000000000000000000e+00,4.118746519088745117e-01,1.925405710935592651e-01
-7.370084524154663086e-01,-1.000000000000000000e+00,6.048524379730224609e-01,1.729597002267837524e-01
3.796231746673583984e-01,-1.000000000000000000e+00,6.976249217987060547e-01,7.793354988098144531e-01
-3.693194389343261719e-01,-1.000000000000000000e+00,-7.042428851127624512e-01,5.567563176155090332e-01
-4.332974553108215332e-01,-1.000000000000000000e+00,1.973509788513183594e-03,6.196963414549827576e-02
-2.380208373069763184e-01,-1.000000000000000000e+00,7.637791633605957031e-01,1.580568104982376099e-01
1.567484140396118164e-01,-1.000000000000000000e+00,2.068746089935302734e-01,2.087032645940780640e-01
3.670092821121215820e-01,-1.000000000000000000e+00,2.181508541107177734e-01,4.915550723671913147e-02
7.769598960876464844e-01,-1.000000000000000000e+00,-3.012545704841613770e-01,9.515293240547180176e-01
1.992689371109008789e-01,1.000000000000000000e+00,-9.828252196311950684e-01,5.667489767074584961e-01
-5.415453314781188965e-01,1.000000000000000000e+00,-4.602758288383483887e-01,4.851194620132446289e-01
-4.526308774948120117e-01,1.000000000000000000e+00,6.166625022888183594e-01,9.982997775077819824e-01
2.627797126770019531e-01,1.000000000000000000e+00,-5.598226189613342285e-01,6.185833215713500977e-01
4.784700870513916016e-01,1.000000000000000000e+00,-4.014325141906738281e-01,4.536052048206329346e-01
1.037541627883911133e-01,1.000000000000000000e+00,8.341318368911743164e-01,2.594947516918182373e-01
-3.575461506843566895e-01,1.000000000000000000e+00,9.999723434448242188e-01,4.129899442195892334e-01
9.933881759643554688e-01,1.000000000000000000e+00,6.668235063552856445e-01,3.599806725978851318e-01
1.647318601608276367e-01,1.000000000000000000e+00,-2.982803583145141602e-01,5.161387324333190918e-01
-8.378670215606689453e-01,1.000000000000000000e+00,-2.971287965774536133e-01,2.172097377479076385e-02
5.587552785873413086e-01,1.000000000000000000e+00,-1.771878600120544434e-01,7.072304487228393555e-01
-5.132822990417480469e-01,1.000000000000000000e+00,6.964973211288452148e-01,3.930463790893554688e-01
-9.206253886222839355e-01,1.000000000000000000e+00,-1.859470009803771973e-01,2.093229293823242188e-01
6.029760837554931641e-01,1.000000000000000000e+00,-3.438425064086914062e-02,7.399194836616516113e-01
3.735351562500000000e-01,1.000000000000000000e+00,-8.271340131759643555e-01,6.296615600585937500e-01
-5.029158592224121094e-01,1.000000000000000000e+00,-1.549130678176879883e-02,6.327953934669494629e-01
-5.649507045745849609e-01,1.000000000000000000e+00,-3.877778649330139160e-01,1.575682312250137329e-01
-5.125707387924194336e-01,1.000000000000000000e+00,-6.204921007156372070e-01,9.112699031829833984e-01
-4.803826808929443359e-01,1.000000000000000000e+00,8.572367429733276367e-01,4.993945062160491943e-01
-5.051765441894531250e-01,1.000000000000000000e+00,-7.659538984298706055e-01,8.916841745376586914e-01
5.600562095642089844e-01,1.000000000000000000e+00,-3.567727208137512207e-01,6.412037611007690430e-01
3.079876899719238281e-01,1.000000000000000000e+00,5.189442634582519531e-01,2.832397222518920898e-01
6.055108308792114258e-01,1.000000000000000000e+00,-5.692416429519653320e-02,7.644600272178649902e-01
5.299483537673950195e-01,1.000000000000000000e+00,2.965711355209350586e-01,6.898672580718994141e-01
-9.491646289825439453e-01,1.000000000000000000e+00,9.950863122940063477e-01,1.640433669090270996e-01
-1.000000000000000000e+00,-1.664365530014038086e-01,-8.486393690109252930e-01,8.595088720321655273e-01
-1.000000000000000000e+00,5.008088350296020508e-01,-8.201110363006591797e-02,7.514901757240295410e-01
-1.000000000000000000e+00,5.941183567047119141e-01,1.338247060775756836e-01,5.182436853647232056e-02
-1.000000000000000000e+00,6.609808206558227539e-01,8.874988555908203125e-01,1.395811289548873901e-01
-1.000000000000000000e+00,-3.827263116836547852e-01,-3.680877089500427246e-01,6.712378002703189850e-03
-1.000000000000000000e+00,-1.373746991157531738e-01,5.481115579605102539e-01,2.480390965938568115e-01
-1.000000000000000000e+00,-1.414893269538879395e-01,8.661576509475708008e-01,2.178950160741806030e-01
-1.000000000000000000e+00,3.338778018951416016e-01,-4.523769617080688477e-01,3.655218780040740967e-01
-1.000000000000000000e+00,-4.106719493865966797e-01,-8.582825660705566406e-01,3.247170746326446533e-01
-1.000000000000000000e+00,4.029392004013061523e-01,-5.432268381118774414e-01,9.398949146270751953e-01
-1.000000000000000000e+00,3.967978954315185547e-01,-8.259154558181762695e-01,5.310809612274169922e-01
-1.000000000000000000e+00,-6.534916162490844727e-02,1.319621801376342773e-01,6.256693005561828613e-01
-1.000000000000000000e+00,4.494162797927856445e-01,5.857692956924438477e-01,8.685408234596252441e-01
-1.000000000000000000e+00,8.631225824356079102e-01,-5.038121938705444336e-01,2.373647093772888184e-01
-1.000000000000000000e+00,-4.337822198867797852e-01,-9.171674847602844238e-01,5.301190614700317383e-01
-1.000000000000000000e+00,-1.823375821113586426e-01,-6.230702400207519531e-01,3.140774369239807129e-02
-1.000000000000000000e+00,3.643178939819335938e-02,3.917165994644165039e-01,2.120626419782638550e-01
-1.000000000000000000e+00,-4.482772350311279297e-01,8.877636194229125977e-01,2.893606722354888916e-01
-1.000000000000000000e+00,-3.192794919013977051e-01,8.677191734313964844e-01,4.736835360527038574e-01
-1.000000000000000000e+00,-4.865315556526184082e-01,-1.722532510757446289e-02,3.207639753818511963e-01
-1.000000000000000000e+00,7.093774080276489258e-01,-1.449537277221679688e-01,9.481203556060791016e-01
-1.000000000000000000e+00,-1.185681819915771484e-01,2.425576448440551758e-01,7.489508390426635742e-01
-1.000000000000000000e+00,-9.195760488510131836e-01,1.676023006439208984e-01,8.800231814384460449e-01
-1.000000000000000000e+00,9.060908555984497070e-01,1.499515771865844727e-01,3.919494897127151489e-02
-1.000000000000000000e+00,-3.117935061454772949e-01,7.784187793731689453e-01,1.549881696701049805e-01
1.000000000000000000e+00,5.625696182250976562e-01,-9.112117886543273926e-01,5.100443363189697266e-01
1.000000000000000000e+00,-7.298262715339660645e-01,8.183041810989379883e-01,4.177218675613403320e-01
1.000000000000000000e+00,5.729581117630004883e-01,-9.179900884628295898e-01,4.798044860363006592e-01
1.000000000000000000e+00,5.445610284805297852e-01,-5.645889043807983398e-01,7.181015610694885254e-02
1.000000000000000000e+00,-1.611031889915466309e-01,5.766458511352539062e-01,4.611454308032989502e-01
1.000000000000000000e+00,3.996672630310058594e-01,-2.283706665039062500e-01,7.218783497810363770e-01
1.000000000000000000e+00,-1.835777759552001953e-01,-6.492053270339965820e-01,1.789672672748565674e-01
1.000000000000000000e+00,-8.053596019744873047e-01,3.481817245483398438e-01,8.597872257232666016e-01
1.000000000000000000e+00,2.560982704162597656e-01,-3.288515806198120117e-01,1.665062010288238525e-01
1.000000000000000000e+00,-7.735093832015991211e-01,-3.070958256721496582e-01,4.951694011688232422e-01
1.000000000000000000e+00,5.119385719299316406e-01,-3.810365200042724609e-01,6.479375958442687988e-01
1.000000000000000000e+00,2.479223012924194336e-01,9.396077394485473633e-01,2.567606866359710693e-01
1.000000000000000000e+00,-4.980270266532897949e-01,-5.618198513984680176e-01,2.235209643840789795e-01
1.000000000000000000e+00,-6.809061765670776367e-01,3.649998903274536133e-01,2.838973701000213623e-01
1.000000000000000000e+00,3.841668367385864258e-01,3.930231332778930664e-01,6.434751152992248535e-01
1.000000000000000000e+00,7.575693130493164062e-01,-2.619024515151977539e-01,8.563212156295776367e-01
1.000000000000000000e+00,-2.268515229225158691e-01,8.148257732391357422e-01,3.679526448249816895e-01
1.000000000000000000e+00,9.500342607498168945e-01,9.981015920639038086e-01,4.145310521125793457e-01
1.000000000000000000e+00,-9.642807841300964355e-01,2.990388870239257812e-02,9.671676158905029297e-01
1.000000000000000000e+00,-5.415239334106445312e-01,-9.433870315551757812e-01,1.114910840988159180e-01
1.000000000000000000e+00,9.745248556137084961e-01,8.711719512939453125e-02,9.183752536773681641e-01
1.000000000000000000e+00,4.122915267944335938e-01,-9.448452591896057129e-01,3.719998300075531006e-01
1.000000000000000000e+00,5.062156915664672852e-01,-8.826060295104980469e-01,6.198056507855653763e-03
1.000000000000000000e+00,4.694575071334838867e-01,-5.416172146797180176e-01,4.541301429271697998e-01
1.000000000000000000e+00,9.181666374206542969e-01,-7.441981434822082520e-01,8.781943917274475098e-01
-1.111285090446472168e-01,-9.670928120613098145e-01,4.343547821044921875e-01,4.949741959571838379e-01
5.032086372375488281e-02,-9.934571385383605957e-01,9.304567575454711914e-01,7.297839224338531494e-02
1.590739488601684570e-01,9.290739297866821289e-01,7.012486457824707031e-03,8.660541772842407227e-01
9.868766069412231445e-01,-3.197789192199707031e-03,-5.201697349548339844e-03,6.628941893577575684e-01
4.977548122406005859e-01,2.616984844207763672e-01,9.352294206619262695e-01,3.593254089355468750e-02
-8.768078088760375977e-01,-9.044466018676757812e-01,1.076635122299194336e-01,6.581556200981140137e-01
-2.447026968002319336e-01,6.513075828552246094e-01,9.235905408859252930e-01,4.424968734383583069e-03
9.025378227233886719e-01,-3.820940852165222168e-01,-2.818046808242797852e-01,4.476047754287719727e-01
-2.326602339744567871e-01,3.762757778167724609e-02,-5.539491772651672363e-01,8.310674875974655151e-02
4.396506547927856445e-01,2.655043601989746094e-01,7.151669263839721680e-01,5.462537407875061035e-01
6.847184896469116211e-01,-5.081381797790527344e-01,-8.404953479766845703e-01,7.214249968528747559e-01
1.331218481063842773e-01,9.621558189392089844e-01,-8.085105419158935547e-01,1.891785711050033569e-01
-7.362700700759887695e-01,-9.794659018516540527e-01,-2.785930633544921875e-01,3.989613950252532959e-01
-7.716785669326782227e-01,4.544495344161987305e-01,-1.794338226318359375e-02,1.217635273933410645e-01
5.819416046142578125e-01,-1.170519590377807617e-01,3.362574577331542969e-01,8.853862881660461426e-01
7.614946365356445312e-02,-6.671572923660278320e-01,-2.970514893531799316e-01,8.525854945182800293e-01
8.577076196670532227e-01,4.228225946426391602e-01,2.175346612930297852e-01,8.288269639015197754e-01
7.571374177932739258e-01,-1.220370531082153320e-01,-8.871991634368896484e-01,8.879485130310058594e-01
-2.483093738555908203e-02,-1.449512839317321777e-01,6.875462532043457031e-01,8.600156307220458984e-01
9.668122529983520508e-01,3.106660842895507812e-01,3.292666673660278320e-01,5.763030648231506348e-01
6.209754943847656250e-01,3.406895399093627930e-01,3.835041522979736328e-01,9.178803861141204834e-02
4.527558088302612305e-01,4.841601848602294922e-01,7.971382141113281250e-02,5.898823142051696777e-01
-8.582812547683715820e-02,-7.204426527023315430e-01,5.865010023117065430e-01,2.651982307434082031e-01
1.248953342437744141e-01,5.235949754714965820e-01,3.853381872177124023e-01,6.439934372901916504e-01
-3.173059821128845215e-01,7.540977001190185547e-02,-3.726968765258789062e-01,2.040372341871261597e-01
4.316139221191406250e-01,1.679917573928833008e-01,5.098932981491088867e-01,6.571026444435119629e-01
9.564372301101684570e-01,3.999007940292358398e-01,2.192461490631103516e-02,7.923361659049987793e-01
-8.129665255546569824e-01,3.143037557601928711e-01,7.245450019836425781e-01,4.000556170940399170e-01
4.240028858184814453e-01,-9.821933507919311523e-02,1.094591617584228516e-02,7.024765610694885254e-01
-5.822845697402954102e-01,-8.928245306015014648e-01,8.356661796569824219e-01,5.885000899434089661e-02
-4.950143098831176758e-01,-4.542142748832702637e-01,2.791647911071777344e-01,7.401871085166931152e-01
-9.836139678955078125e-01,-9.627745747566223145e-01,4.729031324386596680e-01,1.663384884595870972e-01
-5.219727754592895508e-02,6.391786336898803711e-01,6.655122041702270508e-01,3.091010153293609619e-01
-3.328895568847656250e-01,-3.185668587684631348e-01,-9.466880559921264648e-01,6.092894077301025391e-01
3.011568784713745117e-01,-5.258073806762695312e-01,-4.340748190879821777e-01,7.578426003456115723e-01
1.883922815322875977e-01,9.977229833602905273e-01,3.180564641952514648e-01,3.057952225208282471e-01
3.684113025665283203e-01,3.293637037277221680e-01,4.391957521438598633e-01,1.699138432741165161e-01
-8.671057820320129395e-01,-6.341183185577392578e-02,-9.449669122695922852e-01,8.914344906806945801e-01
1.208151578903198242e-01,-7.896252870559692383e-01,-5.614040493965148926e-01,2.324353605508804321e-01
-2.869462966918945312e-02,9.595950841903686523e-01,-3.892483711242675781e-01,3.034791648387908936e-01
-4.130414724349975586e-01,-9.381100535392761230e-01,-2.992678880691528320e-01,8.311247229576110840e-01
-7.167673110961914062e-01,-3.073386549949645996e-01,-6.924452781677246094e-01,5.522469878196716309e-01
-9.064561128616333008e-01,9.564884901046752930e-01,-7.777123451232910156e-01,7.192778587341308594e-02
-1.682243943214416504e-01,-6.686024665832519531e-01,-3.801316022872924805e-02,7.348526269197463989e-02
3.747439384460449219e-02,-8.856250047683715820e-01,-4.671545028686523438e-01,1.085512116551399231e-01
9.605537652969360352e-01,3.660134077072143555e-01,-1.137220859527587891e-01,7.255973666906356812e-02
-8.728790879249572754e-01,5.081304311752319336e-01,4.597316980361938477e-01,8.546452969312667847e-02
-3.987984061241149902e-01,-6.262480616569519043e-01,-9.595217704772949219e-01,8.975299000740051270e-01
-3.661451935768127441e-01,-5.862436294555664062e-01,-7.761217355728149414e-01,4.546362459659576416e-01
-3.780863285064697266e-01,8.045164346694946289e-01,-4.764821529388427734e-01,2.069445550441741943e-01
-1.015134453773498535e-01,-9.421747326850891113e-01,5.544028282165527344e-01,8.310553431510925293e-01
4.079055786132812500e-01,8.185430765151977539e-01,9.367710351943969727e-01,6.889100074768066406e-01
5.847650766372680664e-01,3.174567222595214844e-01,-4.010492563247680664e-01,2.447714805603027344e-01
-4.261300563812255859e-01,-2.257936000823974609e-01,8.782849311828613281e-01,2.151840925216674805e-01
-3.304249048233032227e-01,5.812958478927612305e-01,3.262546062469482422e-01,6.752533316612243652e-01
9.326955080032348633e-01,7.596400976181030273e-01,-5.963999032974243164e-02,4.933640658855438232e-01
-3.019213676452636719e-01,-8.073900938034057617e-01,-1.397401690483093262e-01,8.099154233932495117e-01
7.008708715438842773e-01,-7.916965484619140625e-01,9.489485025405883789e-01,2.690289318561553955e-01
-6.122484207153320312e-01,1.280893087387084961e-01,3.788912296295166016e-02,9.082460999488830566e-01
-6.496340036392211914e-01,-3.548895120620727539e-01,5.738981962203979492e-01,9.313458576798439026e-03
-9.351751804351806641e-01,7.649458646774291992e-01,8.071676492691040039e-01,6.731723546981811523e-01
7.375020980834960938e-01,-1.599609851837158203e-03,7.038934230804443359e-01,9.275282621383666992e-01
-2.904855012893676758e-01,-3.865433335304260254e-01,8.487813472747802734e-01,8.245609402656555176e-01
-3.269951939582824707e-01,-9.601175785064697266e-02,-2.601379156112670898e-02,4.087258279323577881e-01
-6.385066509246826172e-01,1.781237125396728516e-02,8.226513862609863281e-02,4.208920598030090332e-01
7.415482997894287109e-01,8.398145437240600586e-01,-8.051235675811767578e-01,4.464445412158966064e-01
5.983614921569824219e-01,4.291089773178100586e-01,-7.868874073028564453e-02,7.279645204544067383e-01
-7.932362556457519531e-01,5.747294425964355469e-02,7.868636846542358398e-01,5.623821616172790527e-01
-1.281127929687500000e-01,-4.573834538459777832e-01,-5.984099507331848145e-01,2.289656549692153931e-01
-3.057056665420532227e-02,2.084406614303588867e-01,-6.131329536437988281e-01,7.010644078254699707e-01
-5.861816406250000000e-01,-9.509391784667968750e-01,-1.741781830787658691e-01,5.498511791229248047e-01
5.329400300979614258e-01,7.393753528594970703e-02,-3.877912759780883789e-01,3.376839458942413330e-01
-3.637790083885192871e-01,1.539084911346435547e-01,8.459303379058837891e-01,6.465504765510559082e-01
7.632039785385131836e-01,-8.035749197006225586e-02,-4.038756489753723145e-01,4.432311058044433594e-01
-4.117137193679809570e-01,-1.761727333068847656e-01,7.114684581756591797e-02,3.273198008537292480e-01
-5.157502889633178711e-01,-4.864041805267333984e-01,9.685062170028686523e-01,4.292801320552825928e-01
2.670553922653198242e-01,-9.392715096473693848e-01,6.344759464263916016e-02,9.238219261169433594e-01
-7.982755899429321289e-01,9.877600669860839844e-01,-2.938284277915954590e-01,8.757876753807067871e-01
-3.579431772232055664e-01,5.515655279159545898e-01,-9.734663367271423340e-01,6.962502002716064453e-01
-3.982648253440856934e-01,-8.152049779891967773e-01,8.842725753784179688e-01,1.541966348886489868e-01
-4.455414414405822754e-01,1.136127710342407227e-01,-9.485145211219787598e-01,1.998860687017440796e-01
-6.701338887214660645e-01,4.310616254806518555e-01,-1.898890137672424316e-01,5.499970912933349609e-01
7.248101234436035156e-01,4.154891967773437500e-01,8.007982969284057617e-01,7.141484618186950684e-01
-6.980092525482177734e-01,-6.126608848571777344e-01,7.942823171615600586e-01,5.112284421920776367e-01
-2.711279988288879395e-01,3.481292724609375000e-02,-3.836922645568847656e-01,1.948852837085723877e-01
8.979990482330322266e-01,4.711160659790039062e-01,5.760202407836914062e-01,6.078498363494873047e-01
-5.652056336402893066e-01,-2.730488777160644531e-04,-1.409046053886413574e-01,2.303476333618164062e-01
5.468980073928833008e-01,4.439208507537841797e-01,-7.319942712783813477e-01,4.632435441017150879e-01
-4.733161330223083496e-01,4.608898162841796875e-01,-1.757528781890869141e-01,2.659040391445159912e-01
6.383657455444335938e-04,1.944704055786132812e-01,-8.850238323211669922e-01,1.354191601276397705e-01
6.307446956634521484e-02,-3.971236944198608398e-02,-8.442825078964233398e-01,2.949430048465728760e-01
5.087633132934570312e-01,3.472187519073486328e-01,3.858733177185058594e-01,7.796418666839599609e-01
9.103823900222778320e-01,-9.169610738754272461e-01,4.430491924285888672e-01,5.676192790269851685e-02
-9.016875028610229492e-01,6.367039680480957031e-02,1.721121072769165039e-01,5.247734189033508301e-01
-1.650151610374450684e-01,-1.274357438087463379e-01,5.380198955535888672e-01,1.288715004920959473e-01
-3.846929669380187988e-01,2.536511421203613281e-02,-4.268706440925598145e-01,9.335157275199890137e-01
-7.146714925765991211e-01,-8.343217372894287109e-01,3.433253765106201172e-01,7.225095033645629883e-01
-7.875565886497497559e-01,-4.190191626548767090e-01,-4.788740873336791992e-01,9.159514307975769043e-01
9.163867235183715820e-01,3.615690469741821289e-01,-3.998845815658569336e-01,5.373714566230773926e-01
-7.584654092788696289e-01,2.537044286727905273e-01,-1.302044987678527832e-01,6.796960830688476562e-01
8.643977642059326172e-01,-6.788545846939086914e-02,6.562879085540771484e-01,8.212485313415527344e-01
2.089428901672363281e-02,-4.781342148780822754e-01,-7.623308897018432617e-01,8.451594114303588867e-01
-1.007407307624816895e-01,-5.710759162902832031e-01,6.208226680755615234e-01,3.306265473365783691e-01
-9.108496308326721191e-01,-4.544103145599365234e-02,-1.906003355979919434e-01,7.531965970993041992e-01
-5.170765519142150879e-01,5.465809106826782227e-01,5.174646377563476562e-01,5.205855965614318848e-01
-8.840195536613464355e-01,8.548463582992553711e-01,8.700717687606811523e-01,6.772899627685546875e-01
-7.672851085662841797e-01,-2.958821654319763184e-01,-9.550898671150207520e-01,3.409043252468109131e-01
4.892082214355468750e-01,-8.331552743911743164e-01,-5.151847600936889648e-01,3.681573271751403809e-01
-1.997710466384887695e-01,3.939450979232788086e-01,3.988223075866699219e-01,3.060747385025024414e-01
-7.732120156288146973e-01,-3.057419061660766602e-01,-7.504392862319946289e-01,4.825894832611083984e-01
2.954405546188354492e-01,9.331563711166381836e-01,-8.205792903900146484e-01,7.848338782787322998e-02
1.094154119491577148e-01,8.551042079925537109e-01,9.588789939880371094e-01,1.565105281770229340e-02
7.333840131759643555e-01,-7.920312881469726562e-01,-1.260221004486083984e-01,3.319266736507415771e-01
1.598390340805053711e-01,5.858857631683349609e-01,8.854894638061523438e-01,1.989429891109466553e-01
-8.747075200080871582e-01,-8.700293898582458496e-01,3.277713060379028320e-01,5.811012983322143555e-01
6.998345851898193359e-01,5.001517534255981445e-01,5.022644996643066406e-02,6.757813096046447754e-01
1.777065992355346680e-01,-9.731702804565429688e-01,2.387082576751708984e-02,6.890887618064880371e-01
-7.427124977111816406e-01,8.940808773040771484e-01,-5.122557878494262695e-01,4.771364331245422363e-01
7.842260599136352539e-01,1.876400709152221680e-01,-1.196960806846618652e-01,1.118821650743484497e-01
-5.134532451629638672e-01,-2.077072858810424805e-02,-4.486026167869567871e-01,3.766138553619384766e-01
9.030592441558837891e-02,-5.028758049011230469e-01,-9.313256144523620605e-01,5.774266123771667480e-01
-4.037170410156250000e-01,9.034688472747802734e-01,-8.152410984039306641e-01,8.910522460937500000e-01
-9.246312379837036133e-01,6.411504745483398438e-01,-7.340708374977111816e-01,8.202707171440124512e-01
5.192506313323974609e-02,-1.247317194938659668e-01,-2.368770837783813477e-01,6.131153106689453125e-01
3.449168205261230469e-01,5.699956417083740234e-01,-2.391695976257324219e-03,4.053791239857673645e-02
9.236664772033691406e-01,2.648663520812988281e-02,9.705041646957397461e-01,9.085506945848464966e-02
4.384144544601440430e-01,5.920956134796142578e-01,5.917084217071533203e-02,4.932672083377838135e-01
-6.411420106887817383e-01,8.006465435028076172e-01,-8.704586029052734375e-01,8.622834086418151855e-01
4.143272638320922852e-01,3.383257389068603516e-01,3.725693225860595703e-01,8.302484750747680664e-01
2.422441244125366211e-01,4.815462827682495117e-01,3.843625783920288086e-01,8.984820842742919922e-01
4.331417083740234375e-01,-8.608776926994323730e-01,5.422881841659545898e-01,5.031890273094177246e-01
-4.013740420341491699e-01,-8.039408922195434570e-02,9.752441644668579102e-01,9.444441795349121094e-01
2.230002880096435547e-01,9.952844381332397461e-01,-4.405685067176818848e-01,2.176067233085632324e-01
2.481211423873901367e-01,-6.693705320358276367e-01,-2.545691728591918945e-01,9.893785119056701660e-01
-5.827641487121582031e-01,-2.102484107017517090e-01,-3.449879288673400879e-01,6.929681301116943359e-01
-8.737272024154663086e-02,1.240051984786987305e-01,2.844393253326416016e-01,2.297274917364120483e-01
-5.787061452865600586e-01,-2.589483261108398438e-01,1.963505744934082031e-01,4.082546532154083252e-01
4.749944210052490234e-01,3.561382293701171875e-01,8.114641904830932617e-01,8.550109863281250000e-01
-9.499199986457824707e-01,4.063856601715087891e-02,-3.332895636558532715e-01,1.743077486753463745e-01
-5.239282846450805664e-01,-7.994158267974853516e-01,-4.395207166671752930e-01,8.582060337066650391e-01
4.635499715805053711e-01,6.815922260284423828e-01,3.507937192916870117e-01,2.070761919021606445e-01
-2.815930247306823730e-01,4.295363426208496094e-01,4.259884357452392578e-02,5.958284139633178711e-01
-3.197936415672302246e-01,-3.337212800979614258e-01,8.192074298858642578e-01,2.586874663829803467e-01
7.114475965499877930e-01,-2.237715125083923340e-01,-6.057922244071960449e-01,5.327707529067993164e-01
1.313819885253906250e-01,-7.246755361557006836e-01,2.083427906036376953e-01,2.639422118663787842e-01
-4.664492011070251465e-01,-9.696031212806701660e-01,-2.579000592231750488e-01,5.797417461872100830e-02
2.405481338500976562e-01,2.352367639541625977e-01,-6.584516167640686035e-01,9.503079056739807129e-01
2.252840995788574219e-02,-6.934757828712463379e-01,-1.148890852928161621e-01,1.266642808914184570e-01
-5.543574094772338867e-01,7.994875907897949219e-01,-4.255567789077758789e-01,9.039787650108337402e-01
-4.538727998733520508e-01,6.840487718582153320e-01,-7.965209484100341797e-01,6.478770971298217773e-01
-6.201669573783874512e-01,-4.074485301971435547e-01,-3.919609785079956055e-01,3.662561774253845215e-01
3.945935964584350586e-01,4.011894464492797852e-01,3.271105289459228516e-01,8.586467504501342773e-01
1.468653678894042969e-01,-5.785101652145385742e-01,5.989071130752563477e-01,6.940368413925170898e-01
1.880854368209838867e-01,-1.561974883079528809e-01,-1.218240261077880859e-01,2.418429404497146606e-01
-6.852282285690307617e-01,9.845765829086303711e-01,6.137390136718750000e-01,1.153335720300674438e-01
-6.885093450546264648e-01,-4.026895165443420410e-01,7.216550111770629883e-01,4.532537758350372314e-01
7.287486791610717773e-01,2.200669050216674805e-01,5.500832796096801758e-01,4.239620864391326904e-01
1.583731174468994141e-02,-5.340311527252197266e-01,2.347840070724487305e-01,8.739943504333496094e-01
-7.141027450561523438e-01,-2.003911733627319336e-01,-7.049102783203125000e-01,2.435812652111053467e-01
-9.344806671142578125e-01,-9.808481335639953613e-01,9.711545705795288086e-01,3.006903827190399170e-01
9.762527942657470703e-01,-1.290420293807983398e-01,-8.331695199012756348e-01,9.938202798366546631e-02
8.537999391555786133e-01,6.147222518920898438e-01,-2.818362712860107422e-01,3.841754198074340820e-01
-5.467917919158935547e-01,-9.916266202926635742e-01,8.312909603118896484e-01,3.956659734249114990e-01
1.887675523757934570e-01,5.464793443679809570e-01,-6.609113216400146484e-01,7.718853950500488281e-01
9.601258039474487305e-01,8.432642221450805664e-01,4.645283222198486328e-01,7.824173569679260254e-01
-4.875187277793884277e-01,7.592508792877197266e-01,-3.763986229896545410e-01,7.665242552757263184e-01
-3.364136219024658203e-01,-5.717857480049133301e-01,-6.651086211204528809e-01,6.897374391555786133e-01
-8.717807531356811523e-01,-6.783558130264282227e-01,5.654164552688598633e-01,7.622509002685546875e-01
-7.184205055236816406e-01,6.151994466781616211e-01,6.925824880599975586e-01,5.646055340766906738e-01
-4.167971014976501465e-01,-1.531209349632263184e-01,8.632947206497192383e-01,1.012566909193992615e-01
-2.838000655174255371e-01,4.349334239959716797e-01,-1.492906808853149414e-01,8.471665382385253906e-01
2.027773857116699219e-02,-6.128427386283874512e-01,3.368099927902221680e-01,7.486070394515991211e-01
9.785369634628295898e-01,-7.705696821212768555e-01,2.331674098968505859e-02,2.854538857936859131e-01
9.555081129074096680e-01,1.050784587860107422e-01,-7.831871509552001953e-01,9.424332529306411743e-02
-9.995767474174499512e-01,-2.060692310333251953e-01,-4.237904548645019531e-01,9.393002390861511230e-01
8.115681409835815430e-01,3.291094303131103516e-02,2.286760807037353516e-01,8.977979421615600586e-01
-6.822412014007568359e-01,-2.794018387794494629e-01,-1.713678836822509766e-01,3.714558482170104980e-01
4.337869882583618164e-01,-2.937155961990356445e-01,3.291096687316894531e-01,6.449929475784301758e-01
8.564974069595336914e-01,-2.755897641181945801e-01,3.584384918212890625e-02,1.464015543460845947e-01
5.191789865493774414e-01,-4.611868858337402344e-01,3.852214813232421875e-01,7.424594759941101074e-01
5.747874975204467773e-01,2.363189458847045898e-01,-7.935729026794433594e-01,6.554483175277709961e-01
9.096196889877319336e-01,1.576780080795288086e-01,-5.599285364151000977e-01,5.585300922393798828e-01
2.061771154403686523e-01,2.497404813766479492e-01,3.395088911056518555e-01,6.140574216842651367e-01
-5.885028839111328125e-01,-6.040388345718383789e-02,6.239902973175048828e-01,5.161858201026916504e-01
-4.133346676826477051e-01,-7.723556756973266602e-01,2.188401222229003906e-01,2.394170016050338745e-01
3.935134410858154297e-01,-2.719731926918029785e-01,9.844362735748291016e-02,2.998911738395690918e-01
-1.686348319053649902e-01,6.701782941818237305e-01,3.213043212890625000e-01,9.350863099098205566e-01
6.209803819656372070e-01,-7.860468626022338867e-01,2.666534185409545898e-01,9.209762215614318848e-01
4.923521280288696289e-01,5.326143503189086914e-01,-2.097485065460205078e-01,5.991701483726501465e-01
-6.035215854644775391e-01,8.036868572235107422e-01,-6.947700381278991699e-01,6.640123128890991211e-01
5.517574548721313477e-01,-4.752141237258911133e-02,-4.789844751358032227e-01,7.488219141960144043e-01
-4.775354266166687012e-01,-2.118640542030334473e-01,9.423590898513793945e-01,1.378550529479980469e-01
8.806091547012329102e-01,-3.943694233894348145e-01,7.707931995391845703e-01,4.734929502010345459e-01
6.007684469223022461e-01,9.508001804351806641e-02,1.867926120758056641e-01,7.861366271972656250e-01
-7.552117109298706055e-01,-1.270967721939086914e-02,4.410483837127685547e-01,8.376538008451461792e-02
-5.030115842819213867e-01,9.905067682266235352e-01,-8.867332339286804199e-01,4.109190404415130615e-02
3.393254280090332031e-01,5.487694740295410156e-01,-4.956474304199218750e-01,8.691429495811462402e-01
9.814887046813964844e-01,9.970059394836425781e-01,7.117007970809936523e-01,2.627116739749908447e-01
-2.367734909057617188e-02,8.342230319976806641e-02,5.716350078582763672e-01,2.508064545691013336e-02
-7.452238202095031738e-01,4.355425834655761719e-01,-1.710730791091918945e-02,7.666711807250976562e-01
-3.866262435913085938e-01,4.355173110961914062e-01,8.285113573074340820e-01,9.099476337432861328e-01
-1.664221882820129395e-01,6.902407407760620117e-01,2.334070205688476562e-01,2.244147062301635742e-01
-3.086465597152709961e-01,-6.268184185028076172e-01,6.576163768768310547e-01,8.082928657531738281e-01
7.179307937622070312e-01,7.096174955368041992e-01,-2.987620234489440918e-01,8.327275514602661133e-01
1.721402406692504883e-01,4.774836301803588867e-01,5.687319040298461914e-01,6.637232899665832520e-01
3.318279981613159180e-01,5.505908727645874023e-01,-9.709158539772033691e-01,6.656715273857116699e-01
-8.641010522842407227e-01,-7.326510548591613770e-01,3.803888559341430664e-01,1.915823221206665039e-01
2.239413261413574219e-01,4.719415903091430664e-01,7.480276823043823242e-01,8.040992021560668945e-01
8.329310417175292969e-01,-6.002764701843261719e-01,-9.886630177497863770e-01,4.745821356773376465e-01
-3.086472153663635254e-01,-8.926485776901245117e-01,-2.870684266090393066e-01,7.338543981313705444e-02
-9.914168119430541992e-01,1.852443218231201172e-01,3.761143684387207031e-01,6.274626255035400391e-01
-1.210778951644897461e-02,3.955329656600952148e-01,8.394545316696166992e-01,7.600867003202438354e-02
-8.770203590393066406e-02,5.949648618698120117e-01,4.421589374542236328e-01,6.078138202428817749e-02
-6.481120586395263672e-01,2.576354742050170898e-01,4.867677688598632812e-01,3.012985289096832275e-01
5.210845470428466797e-01,1.345930099487304688e-01,-8.903017044067382812e-01,4.033729135990142822e-01
8.471018075942993164e-01,-6.282544136047363281e-01,2.747160196304321289e-01,6.332755088806152344e-01
-2.950638532638549805e-02,5.198900699615478516e-01,9.136199951171875000e-04,2.439214289188385010e-01
9.215101003646850586e-01,6.451886892318725586e-01,7.538440227508544922e-01,5.983867049217224121e-01
-1.600044369697570801e-01,4.151010513305664062e-01,4.218647480010986328e-01,2.257950007915496826e-01
-5.139834880828857422e-01,6.778265237808227539e-01,-9.227641820907592773e-01,3.936572670936584473e-01
9.944964647293090820e-01,-1.831889152526855469e-03,-7.893739938735961914e-01,9.219464659690856934e-01
4.645705223083496094e-02,-8.891234993934631348e-01,-3.063488006591796875e-02,9.191563129425048828e-01
-7.866513729095458984e-01,-9.856557846069335938e-01,-4.833849072456359863e-01,5.696578621864318848e-01
-9.995136260986328125e-01,-6.064984798431396484e-01,7.801963090896606445e-01,4.641620218753814697e-01
-9.866439700126647949e-01,2.671231031417846680e-01,6.076643466949462891e-01,3.075417503714561462e-02
3.551709651947021484e-02,-4.239166378974914551e-01,7.525132894515991211e-01,3.917013108730316162e-01
9.341977834701538086e-01,3.691364526748657227e-01,-1.068223118782043457e-01,3.206894099712371826e-01
-5.307403802871704102e-01,-8.569134473800659180e-01,9.634840488433837891e-02,7.787182927131652832e-01
6.447111368179321289e-01,1.411856412887573242e-01,-7.598186731338500977e-01,5.666237473487854004e-01
-2.471157908439636230e-01,-2.152292132377624512e-01,4.058996438980102539e-01,6.768894791603088379e-01
-4.642235636711120605e-01,8.520948886871337891e-02,3.785462379455566406e-01,3.919791579246520996e-01
5.664863586425781250e-01,-6.188380718231201172e-01,-9.968636631965637207e-01,1.144200488924980164e-01
8.913577795028686523e-01,-4.175278544425964355e-01,4.033888578414916992e-01,7.742062807083129883e-01
-9.405005574226379395e-01,6.468673944473266602e-01,7.954784631729125977e-01,9.580416679382324219e-01
-2.024307847023010254e-01,4.495558738708496094e-01,5.273938179016113281e-03,3.407358229160308838e-01
-5.898308753967285156e-02,6.217339038848876953e-01,-9.986162781715393066e-01,9.830539822578430176e-01
-3.529753088951110840e-01,6.246927976608276367e-01,3.137502670288085938e-01,2.639363408088684082e-01
2.594903707504272461e-01,-2.884973883628845215e-01,7.124123573303222656e-01,3.705475330352783203e-01
-2.013928294181823730e-01,-3.854220509529113770e-01,-6.172273159027099609e-01,5.604737997055053711e-01
-9.746443033218383789e-01,-6.943603157997131348e-01,2.340904474258422852e-01,6.077029109001159668e-01
8.207396268844604492e-01,4.878985881805419922e-01,5.831180810928344727e-01,9.171257019042968750e-01
-2.447271347045898438e-02,2.463902235031127930e-01,7.664037942886352539e-01,5.429138541221618652e-01
-7.734776139259338379e-01,9.562431573867797852e-01,-1.729544401168823242e-01,7.727193832397460938e-01
-2.909058332443237305e-01,6.799032688140869141e-01,3.650975227355957031e-01,3.395529389381408691e-01
5.511534214019775391e-01,5.115914344787597656e-01,-8.758248686790466309e-01,4.061311185359954834e-01
2.144902944564819336e-01,2.512098550796508789e-01,-1.930643320083618164e-01,7.360041141510009766e-02
-4.213111400604248047e-01,6.038908958435058594e-01,-5.305706262588500977e-01,8.024578690528869629e-01
-4.852708578109741211e-01,2.293093204498291016e-01,-5.993627309799194336e-01,7.132256627082824707e-01
-8.388383388519287109e-01,1.144970655441284180e-01,6.032987833023071289e-01,1.986815184354782104e-01
-8.866880536079406738e-01,7.835834026336669922e-01,9.191993474960327148e-01,1.431728303432464600e-01
-8.966025114059448242e-01,5.091702938079833984e-01,-7.234744429588317871e-01,8.419401943683624268e-02
5.702879428863525391e-01,1.698505878448486328e-02,8.776509761810302734e-02,1.621385663747787476e-01
-9.493186473846435547e-01,3.836413621902465820e-01,-5.595715045928955078e-01,4.365979731082916260e-01
1.127539873123168945e-01,-6.056421995162963867e-02,-7.020725011825561523e-01,4.580852016806602478e-02
-7.366138696670532227e-01,2.646545171737670898e-01,5.122038125991821289e-01,4.011005759239196777e-01
7.530219554901123047e-01,-6.094425916671752930e-02,9.826623201370239258e-01,8.671241402626037598e-01
-5.431585907936096191e-01,-2.556622028350830078e-03,5.459629297256469727e-01,1.202841177582740784e-01
2.674363851547241211e-01,2.278378009796142578e-01,-9.821617603302001953e-02,7.940702438354492188e-01
-1.459258794784545898e-02,-5.633896589279174805e-02,-9.144126176834106445e-01,1.840717345476150513e-01
9.676727056503295898e-01,-7.995988130569458008e-01,-5.554352402687072754e-01,6.886940002441406250e-01
-1.543099284172058105e-01,-9.731298685073852539e-01,-2.685487270355224609e-02,2.313823252916336060e-01
1.051425933837890625e-02,-2.066211104393005371e-01,-8.191961050033569336e-01,5.555223822593688965e-01
5.025632381439208984e-01,7.073167562484741211e-01,-5.271332859992980957e-01,9.516344070434570312e-01
-3.295760750770568848e-01,-1.226906776428222656e-01,9.423146247863769531e-01,1.689226776361465454e-01
5.952205657958984375e-01,3.637073040008544922e-01,2.992128133773803711e-01,1.290559321641921997e-01
6.653383970260620117e-01,-3.378838300704956055e-02,-3.960249423980712891e-01,6.139631271362304688e-01
-3.890758752822875977e-02,-2.587038874626159668e-01,6.819640398025512695e-01,5.809314250946044922e-01
-9.072523713111877441e-01,2.996492385864257812e-01,-3.329263329505920410e-01,2.039244398474693298e-03
-9.430225491523742676e-01,2.605016231536865234e-01,8.626683950424194336e-01,3.079885840415954590e-01
-3.883441686630249023e-01,2.847396135330200195e-01,6.535968780517578125e-01,5.483778715133666992e-01
3.146144151687622070e-01,3.652131557464599609e-02,-9.797531366348266602e-01,7.601947784423828125e-01
-9.573105573654174805e-01,6.568075418472290039e-01,8.411194086074829102e-01,4.501571059226989746e-01
-6.189919710159301758e-01,2.027658224105834961e-01,8.975160121917724609e-01,7.572274208068847656e-01
-2.172257900238037109e-01,4.170203208923339844e-01,5.756375789642333984e-01,6.810706853866577148e-01
8.916163444519042969e-02,-9.143851399421691895e-01,-6.279073357582092285e-01,4.084916710853576660e-01
-8.804714083671569824e-01,-8.826266527175903320e-01,2.235249280929565430e-01,9.326010942459106445e-01
-9.444398880004882812e-01,-2.545846104621887207e-01,4.441105127334594727e-01,4.287127554416656494e-01
-3.887159824371337891e-01,-1.643056869506835938e-01,4.732894897460937500e-02,4.387411177158355713e-01
-9.242190718650817871e-01,5.532573461532592773e-01,1.687480211257934570e-01,2.640039622783660889e-01
-2.560073733329772949e-01,-2.475296854972839355e-01,3.004684448242187500e-01,5.287519693374633789e-01
4.099279642105102539e-01,-8.317902684211730957e-01,-1.658109426498413086e-01,4.187715947628021240e-01
3.304290771484375000e-01,-3.859311938285827637e-01,2.259211540222167969e-01,5.731075406074523926e-01
4.970018863677978516e-01,1.017121076583862305e-01,9.580361843109130859e-02,1.284278780221939087e-01
6.550596952438354492e-01,3.715183734893798828e-01,9.835174083709716797e-01,4.001820087432861328e-01
-2.951825261116027832e-01,-1.734085083007812500e-01,9.274480342864990234e-01,5.521672964096069336e-01
-8.149667382240295410e-01,1.597596406936645508e-01,-2.472666501998901367e-01,3.529057800769805908e-01
-8.631944656372070312e-03,7.238895893096923828e-01,-1.648285388946533203e-01,5.041073635220527649e-02
-3.651765584945678711e-01,-4.625713229179382324e-01,4.842835664749145508e-01,3.023630976676940918e-01
8.174133300781250000e-01,-3.001091480255126953e-01,-8.180162906646728516e-01,3.706310093402862549e-01
-8.679754734039306641e-01,6.978285312652587891e-01,-2.677325606346130371e-01,2.440166175365447998e-01
8.536216020584106445e-01,8.481425046920776367e-01,8.814899921417236328e-01,8.567007780075073242e-01
-8.392437696456909180e-01,-7.642188668251037598e-01,-3.783038258552551270e-01,5.159210562705993652e-01
8.869656324386596680e-01,4.529007673263549805e-01,6.901130676269531250e-01,9.763633608818054199e-01
1.591114997863769531e-01,9.442510604858398438e-01,-1.854640841484069824e-01,8.363868594169616699e-01
-6.128696799278259277e-01,-7.863844037055969238e-01,2.546190023422241211e-01,7.255337834358215332e-01
-6.513421535491943359e-01,-3.722361922264099121e-01,2.381207942962646484e-01,3.064064979553222656e-01
-5.765927433967590332e-01,-5.397446751594543457e-01,6.336078643798828125e-01,3.998931944370269775e-01
-1.568063497543334961e-01,-6.342997550964355469e-01,2.830524444580078125e-01,7.559153437614440918e-01
3.633499145507812500e-01,-8.878370523452758789e-01,-3.502703309059143066e-01,4.905365109443664551e-01
2.843238115310668945e-01,9.737408161163330078e-01,5.288416147232055664e-01,8.886632323265075684e-01
3.263283967971801758e-01,4.617357254028320312e-01,6.370844841003417969e-01,4.633881151676177979e-02
4.311635494232177734e-01,-8.032867908477783203e-01,-6.084632277488708496e-01,7.225260734558105469e-01
3.192591667175292969e-01,-2.091279625892639160e-01,5.383939743041992188e-01,6.233226656913757324e-01
4.481821060180664062e-01,-2.159690856933593750e-01,-6.653420925140380859e-01,5.800004601478576660e-01
7.713600397109985352e-01,-5.170357823371887207e-01,6.350144147872924805e-01,2.220912873744964600e-01
-3.794686794281005859e-01,-6.771566867828369141e-01,1.100522279739379883e-01,3.948358446359634399e-02
-9.106310606002807617e-01,6.178414821624755859e-02,-9.910349249839782715e-01,9.401900768280029297e-01
-7.355706691741943359e-01,-7.474588155746459961e-01,-3.812365531921386719e-01,2.430009692907333374e-01
-1.156779527664184570e-01,-4.480229616165161133e-01,-3.610844016075134277e-01,9.622172117233276367e-01
3.891018629074096680e-01,6.481018066406250000e-01,7.195918560028076172e-01,7.265463471412658691e-01
-2.965291738510131836e-01,1.680949926376342773e-01,-9.801800847053527832e-01,2.992333173751831055e-01
6.808803081512451172e-01,7.806010246276855469e-01,4.418787956237792969e-01,8.174472451210021973e-01
2.351737022399902344e-02,-6.277810335159301758e-01,2.188085317611694336e-01,1.984053254127502441e-01
-9.988536238670349121e-01,-6.093167066574096680e-01,2.021968364715576172e-01,6.850299835205078125e-01
-3.504100441932678223e-01,5.251983404159545898e-01,-8.678022623062133789e-01,2.586391866207122803e-01
-2.470983862876892090e-01,-8.594536781311035156e-02,-8.851590156555175781e-01,8.585143089294433594e-01
8.551297187805175781e-01,-9.797659516334533691e-01,1.115989685058593750e-02,5.962773561477661133e-01
9.944090843200683594e-01,-6.446865797042846680e-01,4.906305074691772461e-01,3.228801190853118896e-01
-1.322351694107055664e-01,4.840457439422607422e-02,-7.750654220581054688e-02,7.631352543830871582e-01
8.885123729705810547e-01,1.494176387786865234e-01,7.044764757156372070e-01,2.844537198543548584e-01
-5.999300479888916016e-01,2.197996377944946289e-01,-3.986756205558776855e-01,2.511899471282958984e-01
1.329625844955444336e-01,-8.069710135459899902e-01,-7.265326380729675293e-01,5.374156832695007324e-01
-2.460796833038330078e-01,7.401821613311767578e-01,3.799458742141723633e-01,2.813792042434215546e-02
8.907507658004760742e-01,-3.650813102722167969e-01,-7.662132978439331055e-01,5.037494301795959473e-01
7.033414840698242188e-01,4.151823520660400391e-01,3.269113302230834961e-01,1.447069793939590454e-01
-1.044677495956420898e-01,1.575133800506591797e-01,5.854529142379760742e-01,4.982639104127883911e-02
-7.676595449447631836e-02,-1.421928405761718750e-01,-5.938439965248107910e-01,8.269615173339843750e-01
-8.893814086914062500e-01,-7.382121086120605469e-01,6.049886941909790039e-01,8.766106963157653809e-01
8.757536411285400391e-01,-9.315067529678344727e-02,3.833435773849487305e-01,5.129811763763427734e-01
-7.419038414955139160e-01,-3.600353598594665527e-01,6.590005159378051758e-01,4.007885158061981201e-01
4.933725595474243164e-01,9.533376693725585938e-01,-7.346583604812622070e-01,2.273522019386291504e-01
-6.683740019798278809e-01,-9.217330217361450195e-01,-7.347263097763061523e-01,7.100805044174194336e-01
-5.556100606918334961e-02,-7.720894217491149902e-01,1.510906219482421875e-02,8.764341473579406738e-02
3.578039407730102539e-01,-5.376741886138916016e-01,3.316017389297485352e-01,6.074437499046325684e-02
-3.639287948608398438e-01,5.732197761535644531e-01,9.870233535766601562e-01,2.158312797546386719e-01
-6.806590557098388672e-01,-7.796220183372497559e-01,-8.268231153488159180e-01,1.305166035890579224e-01
9.376958608627319336e-01,7.733252048492431641e-01,6.040145158767700195e-01,2.726585865020751953e-01
9.764752388000488281e-01,-1.882631182670593262e-01,2.460107803344726562e-01,5.056938529014587402e-01
9.595630168914794922e-01,-7.920191287994384766e-01,9.361660480499267578e-01,3.753104209899902344e-01
-2.458955049514770508e-01,-8.263372182846069336e-01,-9.035465717315673828e-01,7.241951823234558105e-01
-6.009944677352905273e-01,4.877504110336303711e-01,1.958918571472167969e-02,7.398483753204345703e-01
1.696493625640869141e-01,5.628095865249633789e-01,-3.996163606643676758e-01,9.073411822319030762e-01
-4.446011781692504883e-02,7.638489007949829102e-01,1.715623140335083008e-01,8.820165693759918213e-02
9.407504796981811523e-01,5.857822895050048828e-01,-8.668146729469299316e-01,9.451228380203247070e-01
7.667971849441528320e-01,2.623059749603271484e-01,-5.725494623184204102e-01,6.605676412582397461e-01
9.867225885391235352e-01,6.256481409072875977e-01,2.784413099288940430e-01,5.441952943801879883e-01
8.157656192779541016e-01,6.484650373458862305e-01,5.171692371368408203e-01,1.301775723695755005e-01
3.017688989639282227e-01,3.603185415267944336e-01,-3.477369546890258789e-01,8.485284447669982910e-01
8.013749122619628906e-01,-4.295223951339721680e-01,-9.527215361595153809e-01,5.710383132100105286e-02
-6.829029321670532227e-01,-1.496826410293579102e-01,-8.273124694824218750e-05,6.740078926086425781e-01
9.387164115905761719e-01,1.711369752883911133e-01,-7.461198568344116211e-01,7.571156620979309082e-01
9.551393985748291016e-01,7.435581684112548828e-01,-3.737707734107971191e-01,5.970059633255004883e-01
4.819314479827880859e-01,-1.662455201148986816e-01,-7.735379934310913086e-01,5.752084255218505859e-01
9.536629915237426758e-01,-2.693865299224853516e-01,-4.922642707824707031e-01,8.715398311614990234e-01
-1.665827631950378418e-01,-6.362633705139160156e-01,-8.738111853599548340e-01,6.338112354278564453e-01
-2.443724870681762695e-01,-6.383789777755737305e-01,-2.842288613319396973e-01,6.132566928863525391e-01
8.079764842987060547e-01,-9.222562313079833984e-01,-3.002529740333557129e-01,8.529324531555175781e-01
-7.705264091491699219e-01,9.276747703552246094e-03,4.204313755035400391e-01,1.245570406317710876e-01
-8.515198230743408203e-01,-2.345728874206542969e-01,-8.707807064056396484e-01,8.084257245063781738e-01
6.965368986129760742e-01,-3.848528861999511719e-01,-6.069940924644470215e-01,1.353778690099716187e-01
-8.445111513137817383e-01,3.159315586090087891e-01,4.548293352127075195e-01,8.878850936889648438e-01
-2.449041604995727539e-01,6.791654825210571289e-01,-7.811982035636901855e-01,3.067566752433776855e-01
-8.135179281234741211e-01,6.372692584991455078e-01,-6.373318433761596680e-01,2.893254756927490234e-01
1.452013254165649414e-01,-3.908749222755432129e-01,1.870279312133789062e-01,3.725135028362274170e-01
4.800313711166381836e-01,4.161639213562011719e-01,7.759829759597778320e-01,4.917092025279998779e-01
4.628796577453613281e-01,-8.590776920318603516e-01,-4.284974336624145508e-01,5.099531412124633789e-01
-4.453965425491333008e-01,-2.238886356353759766e-01,-1.956372261047363281e-01,9.278593212366104126e-02
7.481797933578491211e-01,-6.029624342918395996e-01,7.513356208801269531e-02,1.056887730956077576e-01
2.939471006393432617e-01,-6.603261232376098633e-01,-9.840726852416992188e-05,9.559202194213867188e-01
-4.025876522064208984e-01,2.340983152389526367e-01,-1.173210144042968750e-02,8.699309229850769043e-01
-1.457602977752685547e-01,-3.587567806243896484e-01,-5.937999486923217773e-02,9.279564023017883301e-01
-2.030850648880004883e-01,-8.991327881813049316e-01,-7.333480119705200195e-01,2.677241563796997070e-01
-1.620078086853027344e-01,-5.305359959602355957e-01,7.637685537338256836e-01,2.123875021934509277e-01
6.840996742248535156e-01,-4.385170340538024902e-01,2.632451057434082031e-02,5.236278772354125977e-01
8.734595775604248047e-01,-1.554273366928100586e-01,5.075788497924804688e-01,4.216403886675834656e-02
-3.878247737884521484e-02,-5.811464786529541016e-01,-1.665022373199462891e-01,6.047930717468261719e-01
-3.322433233261108398e-01,1.718263626098632812e-01,1.620888710021972656e-02,9.702200293540954590e-01
5.219775438308715820e-01,-9.515616893768310547e-01,-8.498906493186950684e-01,6.650123000144958496e-01
8.078627586364746094e-01,-1.713358759880065918e-01,2.542209625244140625e-02,9.467986822128295898e-01
-6.697946786880493164e-01,3.789001703262329102e-01,-2.794163227081298828e-01,9.714458584785461426e-01
5.154371261596679688e-02,1.559201478958129883e-01,9.728709459304809570e-01,8.532714247703552246e-01
9.976783990859985352e-01,-3.785855770111083984e-01,-4.867053627967834473e-01,2.311510592699050903e-01
-2.375825047492980957e-01,1.589812040328979492e-01,-7.848936319351196289e-01,4.351382330060005188e-02
3.197084665298461914e-01,1.123917102813720703e-02,2.227282524108886719e-01,1.420737504959106445e-01
-7.303963899612426758e-01,3.917273283004760742e-01,-8.938686847686767578e-01,7.731602787971496582e-01
-6.091344356536865234e-01,3.858263492584228516e-01,-9.531646966934204102e-02,3.971483707427978516e-01
-1.178709268569946289e-01,-3.456109166145324707e-01,-2.128075957298278809e-01,1.666610389947891235e-01
-5.178403854370117188e-01,-1.862698793411254883e-01,-3.472673296928405762e-01,9.496893286705017090e-01
-4.321308732032775879e-01,-4.722378849983215332e-01,-7.495830059051513672e-01,9.816542863845825195e-01
9.492305517196655273e-01,-7.557702660560607910e-01,-8.884787559509277344e-01,1.490339040756225586e-01
-4.469379782676696777e-01,-2.245215177536010742e-01,2.848132848739624023e-01,9.381142258644104004e-02
7.744423151016235352e-01,-8.677240610122680664e-01,-5.281606316566467285e-01,4.667105674743652344e-01
1.778415441513061523e-01,-8.352779746055603027e-01,-7.631811499595642090e-01,8.324734866619110107e-02
-8.111381530761718750e-01,5.776520967483520508e-01,-7.594341039657592773e-02,2.261647582054138184e-01
1.830853223800659180e-01,7.868334054946899414e-01,5.774511098861694336e-01,3.414709568023681641e-01
2.524960041046142578e-02,3.092802762985229492e-01,6.126391887664794922e-01,7.213314771652221680e-01
-3.928421735763549805e-01,-1.175761222839355469e-02,7.206711769104003906e-01,4.058084487915039062e-01
8.826349973678588867e-01,-6.133959889411926270e-01,-7.367215156555175781e-01,6.818792968988418579e-02
4.380093812942504883e-01,6.076605319976806641e-01,-5.152403116226196289e-01,7.146763149648904800e-03
6.260006427764892578e-01,-8.009402751922607422e-01,-5.103746056556701660e-01,3.807814717292785645e-01
9.684621095657348633e-01,-5.285159349441528320e-01,-3.939431905746459961e-02,3.409931659698486328e-01
-6.623865962028503418e-01,2.321662902832031250e-01,8.097223043441772461e-01,3.801326453685760498e-01
-5.367225408554077148e-02,1.699063777923583984e-01,-1.900363564491271973e-01,7.801653146743774414e-01
-6.299195885658264160e-01,-2.411201000213623047e-01,-7.154861688613891602e-01,5.776814222335815430e-01
7.968839406967163086e-01,3.527153730392456055e-01,-9.902987480163574219e-01,8.112326860427856445e-01
1.073619127273559570e-01,1.541708707809448242e-01,-9.836885333061218262e-01,6.584935188293457031e-01
2.408849000930786133e-01,-1.227992773056030273e-02,5.980668067932128906e-01,5.128445103764533997e-02
2.545702457427978516e-02,-6.074594259262084961e-01,-8.210873603820800781e-01,1.435320228338241577e-01
2.667455673217773438e-01,-4.838656783103942871e-01,-9.936391115188598633e-01,1.971656680107116699e-01
-9.021713733673095703e-01,-1.887366175651550293e-01,-9.654253125190734863e-01,5.012753605842590332e-01
-2.881863713264465332e-01,-1.965318918228149414e-01,-5.968891382217407227e-01,6.354116797447204590e-01
9.212927818298339844e-01,9.444406032562255859e-01,-2.429369091987609863e-01,1.475314646959304810e-01
9.960920810699462891e-01,6.042636632919311523e-01,3.002420663833618164e-01,8.051836490631103516e-01
-3.230906128883361816e-01,-2.685353755950927734e-01,-6.350048184394836426e-01,1.650902181863784790e-01
-4.935308098793029785e-01,7.102057933807373047e-01,2.399777173995971680e-01,2.227479815483093262e-01
1.696580648422241211e-01,9.675359725952148438e-02,3.989913463592529297e-01,5.321235954761505127e-02
9.822934865951538086e-01,2.336089611053466797e-01,3.003553152084350586e-01,3.185343742370605469e-01
3.092741966247558594e-02,-2.979038357734680176e-01,-4.927463531494140625e-01,8.227828145027160645e-01
9.026069641113281250e-01,4.568294286727905273e-01,4.262298345565795898e-01,8.668220043182373047e-01
3.563987016677856445e-01,3.134074211120605469e-01,2.546147108078002930e-01,9.358723461627960205e-02
-6.987159252166748047e-01,-1.338956356048583984e-01,8.439866304397583008e-01,7.299781441688537598e-01
-1.405786275863647461e-01,-6.853755712509155273e-01,8.120234012603759766e-01,2.741822600364685059e-01
4.743262529373168945e-01,-8.544979691505432129e-01,-6.179021596908569336e-01,1.487149894237518311e-01
6.645280122756958008e-01,-1.696799397468566895e-01,-2.845636010169982910e-01,4.631678164005279541e-01
-1.866031289100646973e-01,4.649279117584228516e-01,7.604076862335205078e-01,8.734470009803771973e-01
1.452426910400390625e-01,5.651527643203735352e-01,1.196204423904418945e-01,5.234222412109375000e-01
-2.852956056594848633e-01,3.670793771743774414e-01,-3.396629095077514648e-01,5.890226364135742188e-01
-7.522106170654296875e-04,6.903501749038696289e-01,8.180699348449707031e-01,5.720309615135192871e-01
-4.766408801078796387e-01,-9.620401263236999512e-01,-7.728599309921264648e-01,7.145274430513381958e-02
2.722859382629394531e-03,2.648741006851196289e-01,-3.270924091339111328e-02,3.753092586994171143e-01
-6.202425956726074219e-01,6.741309165954589844e-01,-5.628765225410461426e-01,9.475269913673400879e-01
-2.214610576629638672e-01,6.943750381469726562e-02,-4.162984490394592285e-01,9.239299893379211426e-01
-2.555986046791076660e-01,-7.141422033309936523e-01,6.482511758804321289e-01,9.681943058967590332e-01
-5.088266730308532715e-01,5.811616182327270508e-01,-9.819493889808654785e-01,5.048214197158813477e-01
-3.111438751220703125e-01,-3.884513974189758301e-01,-7.398018836975097656e-01,4.705384671688079834e-01
4.983503818511962891e-01,6.484341621398925781e-01,7.522271871566772461e-01,3.461131751537322998e-01
-9.494382143020629883e-01,-3.469116687774658203e-01,2.454637289047241211e-01,4.334659576416015625e-01
-4.533694982528686523e-01,2.573393583297729492e-01,8.292462825775146484e-01,4.365950524806976318e-01
5.242470502853393555e-01,6.774477958679199219e-01,-4.538402557373046875e-01,9.918859004974365234e-01
-2.874406576156616211e-01,9.821575880050659180e-01,-8.106785416603088379e-01,4.975824058055877686e-01
-6.788680553436279297e-01,7.834314107894897461e-01,3.694144487380981445e-01,9.813954234123229980e-01
9.820972681045532227e-01,1.515901088714599609e-02,-8.751386404037475586e-01,3.289592266082763672e-01
-5.567967891693115234e-01,3.342119455337524414e-01,5.501481294631958008e-01,5.403259396553039551e-01
-2.854120731353759766e-02,6.773769855499267578e-01,-9.838515520095825195e-01,5.765396952629089355e-01
1.772606372833251953e-01,7.273489236831665039e-01,1.393884420394897461e-01,9.200913906097412109e-01
-2.885089516639709473e-01,2.638763189315795898e-01,5.528813600540161133e-01,4.430508017539978027e-01
-2.978947758674621582e-01,-4.585143923759460449e-01,-2.040124535560607910e-01,1.432965397834777832e-01
7.277274131774902344e-02,5.183410644531250000e-01,-4.845175743103027344e-01,6.542043089866638184e-01
7.661324739456176758e-01,3.903015851974487305e-01,6.582367420196533203e-01,1.000381261110305786e-01
1.338164806365966797e-01,9.720190763473510742e-01,8.486521244049072266e-02,9.940670728683471680e-01
-2.609145641326904297e-01,5.036112070083618164e-01,-6.929146051406860352e-01,4.137475788593292236e-01
3.894900083541870117e-01,-8.944855928421020508e-01,-4.607006311416625977e-01,2.869853377342224121e-01
-6.282659769058227539e-01,-6.956305503845214844e-01,-4.229450225830078125e-02,5.302241444587707520e-01
6.872050762176513672e-01,-7.093493938446044922e-01,-5.195564031600952148e-01,3.262408673763275146e-01
6.243166923522949219e-01,-3.188062906265258789e-01,-9.762179851531982422e-02,5.523223876953125000e-01
-5.354356169700622559e-01,-7.169468402862548828e-01,-3.773116469383239746e-01,6.883663535118103027e-01
-2.158713340759277344e-01,4.341306686401367188e-01,7.072269916534423828e-01,6.632249355316162109e-01
-1.131150126457214355e-01,6.735607385635375977e-01,5.190581083297729492e-01,7.738270759582519531e-01
7.238665819168090820e-01,6.920214891433715820e-01,-2.494788765907287598e-01,9.847865104675292969e-01
9.209413528442382812e-01,7.305078506469726562e-01,7.111903429031372070e-01,4.093124866485595703e-01
-4.293411374092102051e-01,-5.749207735061645508e-01,-4.423907399177551270e-01,7.129087448120117188e-01
5.971169471740722656e-02,3.410112857818603516e-01,-2.898508310317993164e-01,1.049804091453552246e-01
-3.235697746276855469e-01,-4.570989608764648438e-01,-5.573763847351074219e-01,1.408887654542922974e-01
9.842431545257568359e-02,5.979849100112915039e-01,9.685010910034179688e-01,3.177734911441802979e-01
5.419306755065917969e-01,-4.433231949806213379e-01,-7.609349489212036133e-01,7.388100028038024902e-01
-5.074399709701538086e-01,8.818638324737548828e-02,-3.119561672210693359e-01,7.802523970603942871e-01
1.097108125686645508e-01,-6.438479423522949219e-01,7.782562971115112305e-01,5.748037099838256836e-01
5.179065465927124023e-01,-7.612794637680053711e-02,3.580579757690429688e-01,6.930091381072998047e-01
7.619485855102539062e-01,-5.740102529525756836e-01,-7.403200864791870117e-01,7.219745516777038574e-01
-3.139637708663940430e-01,1.476784944534301758e-01,-3.887279033660888672e-01,3.494124412536621094e-01
-1.656001806259155273e-02,-1.848036646842956543e-01,1.501517295837402344e-01,3.761060833930969238e-01
-2.726881504058837891e-01,9.241343736648559570e-01,-1.153194904327392578e-01,8.713403344154357910e-01
-6.157135963439941406e-01,3.154467344284057617e-01,-3.770604729652404785e-01,1.841527409851551056e-02
-3.886902928352355957e-01,1.358703374862670898e-01,-9.946845769882202148e-01,5.095187425613403320e-01
-1.199844479560852051e-01,4.973174333572387695e-01,-2.738037705421447754e-01,9.136595726013183594e-01
4.368568658828735352e-01,2.600759267807006836e-01,-6.153080463409423828e-01,8.285707235336303711e-01
-6.652745604515075684e-01,8.033820390701293945e-01,4.600638151168823242e-01,8.502826690673828125e-01
8.180814981460571289e-01,1.921197175979614258e-01,-2.226342558860778809e-01,7.546117305755615234e-01
-7.039606571197509766e-02,-9.056392312049865723e-01,-7.566663622856140137e-01,5.268407054245471954e-03
-4.196847081184387207e-01,5.139411687850952148e-01,-7.396686077117919922e-01,7.962277531623840332e-01
9.139776229858398438e-03,3.005471229553222656e-01,2.608242034912109375e-01,5.687438249588012695e-01
8.457578420639038086e-01,8.549503087997436523e-01,-3.407973647117614746e-01,2.937051653861999512e-01
-6.384744644165039062e-01,-1.623701453208923340e-01,2.641201019287109375e-03,4.363611042499542236e-01
-1.628925800323486328e-01,-6.419774293899536133e-01,-4.874143600463867188e-01,9.074914455413818359e-01
-5.346781015396118164e-01,3.223896026611328125e-01,6.219327449798583984e-02,2.343083769083023071e-01
6.550586223602294922e-01,-3.009958863258361816e-01,5.240097045898437500e-01,1.605677902698516846e-01
-6.926826238632202148e-01,-7.745873928070068359e-02,-9.625875353813171387e-01,4.453285038471221924e-01
-2.767183780670166016e-01,3.250297307968139648e-01,-2.196204066276550293e-01,2.315549254417419434e-01
-2.528852224349975586e-01,3.690898418426513672e-01,-5.439180135726928711e-01,8.562974333763122559e-01
-2.477067112922668457e-01,-4.647603034973144531e-01,-7.269961833953857422e-01,4.345077872276306152e-01
3.663107156753540039e-01,7.851457595825195312e-01,6.210727691650390625e-01,5.414017438888549805e-01
3.499376773834228516e-01,-2.001689076423645020e-01,4.437558650970458984e-01,2.937859892845153809e-01
-7.176814079284667969e-01,-3.626120090484619141e-02,1.319446563720703125e-01,5.495855808258056641e-01
9.240556955337524414e-01,6.047774553298950195e-01,-6.406834721565246582e-01,4.724709093570709229e-01
9.847481250762939453e-01,-6.239597797393798828e-01,-3.299655914306640625e-01,9.613267332315444946e-02
1.396228075027465820e-01,-8.937842249870300293e-01,-2.233000397682189941e-01,3.889672160148620605e-01
-2.565220594406127930e-01,-8.593128919601440430e-01,-2.748298048973083496e-01,4.040177166461944580e-02
7.408581972122192383e-01,-2.899601459503173828e-01,3.806110620498657227e-01,3.782116472721099854e-01
7.657568454742431641e-01,7.834377288818359375e-01,4.543701410293579102e-01,6.569290161132812500e-01
2.938630580902099609e-01,-7.875861525535583496e-01,-5.085182189941406250e-01,9.486147016286849976e-02
-9.338003396987915039e-01,4.616293907165527344e-01,-3.793940544128417969e-01,1.475964039564132690e-01
2.350337505340576172e-01,5.399417877197265625e-02,8.633663654327392578e-01,5.519028902053833008e-01
2.400292158126831055e-01,4.359799623489379883e-01,6.926016807556152344e-01,7.350295782089233398e-02
6.860576868057250977e-01,-9.412927627563476562e-01,5.958414077758789062e-02,8.818284869194030762e-01
7.053512334823608398e-01,-4.099017977714538574e-01,-9.864541292190551758e-01,7.774139642715454102e-01
1.406384706497192383e-01,5.783652067184448242e-01,5.096009969711303711e-01,3.546207249164581299e-01
-6.492446064949035645e-01,7.053011655807495117e-01,4.810301065444946289e-01,6.540755033493041992e-01
4.504672288894653320e-01,-3.367600440979003906e-01,-1.864672899246215820e-01,1.843391805887222290e-01
-1.605775952339172363e-01,6.023814678192138672e-01,9.755351543426513672e-01,1.246687173843383789e-01
2.474751472473144531e-01,9.346609115600585938e-01,8.843019008636474609e-01,5.996240675449371338e-02
6.437011957168579102e-01,-2.388830184936523438e-01,-7.422226667404174805e-01,6.585407257080078125e-01
8.492747545242309570e-01,3.621302843093872070e-01,-4.873131513595581055e-01,3.580267727375030518e-01
6.805809736251831055e-01,-9.985871911048889160e-01,-6.039943695068359375e-01,8.842350840568542480e-01
1.336264610290527344e-01,5.643486976623535156e-01,7.537989616394042969e-01,8.903596401214599609e-01
4.686763286590576172e-01,-8.227000832557678223e-01,-4.276548027992248535e-01,7.407634854316711426e-01
3.067454099655151367e-01,6.840108633041381836e-01,8.380624055862426758e-01,8.429936766624450684e-01
7.477653026580810547e-01,-1.969146132469177246e-01,1.390794515609741211e-01,4.837260544300079346e-01
9.392385482788085938e-01,-2.635799646377563477e-01,-9.744375944137573242e-02,1.038052812218666077e-01
8.500173091888427734e-01,-2.551719546318054199e-01,2.154948711395263672e-01,5.572134852409362793e-01
5.801259279251098633e-01,-1.244941949844360352e-01,2.693167924880981445e-01,6.435220241546630859e-01
3.359125852584838867e-01,9.089760780334472656e-01,-5.257726907730102539e-01,9.349192976951599121e-01
7.495775222778320312e-01,-9.223075509071350098e-01,-9.796718358993530273e-01,7.700096964836120605e-01
-3.097715973854064941e-01,5.419903993606567383e-01,-9.201681613922119141e-02,5.671465992927551270e-01
7.364358901977539062e-01,-3.862500190734863281e-03,-6.345432996749877930e-02,3.619558811187744141e-01
-8.555096983909606934e-01,-7.506852149963378906e-01,8.813722133636474609e-01,6.619928479194641113e-01
-5.254237651824951172e-01,2.242276668548583984e-01,5.459952354431152344e-01,7.297937273979187012e-01
1.456720829010009766e-01,-2.974581122398376465e-01,5.430853366851806641e-02,4.315429329872131348e-01
-7.439628839492797852e-01,-3.753765821456909180e-01,-9.841897487640380859e-01,7.568048834800720215e-01
6.421080827713012695e-01,-7.669008970260620117e-01,3.557878732681274414e-01,2.831571176648139954e-02
-6.149250268936157227e-02,-7.456114292144775391e-01,-3.003657460212707520e-01,9.781290292739868164e-01
6.985198259353637695e-01,3.159575462341308594e-01,9.538205862045288086e-01,2.939811348915100098e-01
5.031274557113647461e-01,-5.298008918762207031e-01,6.411360502243041992e-01,7.904811501502990723e-01
9.327981472015380859e-01,-6.966848373413085938e-01,1.043841838836669922e-01,9.832218885421752930e-01
2.159191370010375977e-01,-9.751915931701660156e-04,3.779827356338500977e-01,8.502104878425598145e-01
-3.615651130676269531e-01,2.349944114685058594e-01,-2.278723716735839844e-01,6.687076091766357422e-01
-4.206710457801818848e-01,-9.983515143394470215e-01,-8.466670513153076172e-01,8.072297573089599609e-01
6.979327201843261719e-01,1.219538450241088867e-01,4.527858495712280273e-01,5.629667043685913086e-01
-6.054985523223876953e-01,6.130481958389282227e-01,-8.190310001373291016e-01,7.602676749229431152e-01
5.321753025054931641e-01,-3.949375748634338379e-01,3.068757057189941406e-02,8.108106255531311035e-01
6.611108779907226562e-02,-2.507050037384033203e-01,-1.036404967308044434e-01,9.111011028289794922e-01
5.065875053405761719e-01,-6.579093933105468750e-01,3.475024700164794922e-01,6.589391231536865234e-01
7.640073299407958984e-01,-5.481572151184082031e-01,3.922729492187500000e-01,9.256600141525268555e-01
5.327013731002807617e-01,-6.200227141380310059e-01,-4.682163000106811523e-01,8.415308594703674316e-01
-2.183297276496887207e-01,6.891388893127441406e-01,4.798698425292968750e-01,8.224522471427917480e-01
1.092207431793212891e-01,3.202772140502929688e-02,-8.638144135475158691e-01,7.421571612358093262e-01
-6.583526134490966797e-01,9.208940267562866211e-01,-6.577550172805786133e-01,2.004022300243377686e-01
7.771375179290771484e-01,-9.083350896835327148e-01,-4.868186116218566895e-01,2.366462796926498413e-01
8.884329795837402344e-01,8.545014858245849609e-01,8.026441335678100586e-01,8.285855054855346680e-01
3.445075750350952148e-01,-5.376418232917785645e-01,-1.604336500167846680e-01,2.082094848155975342e-01
-6.342113018035888672e-01,-7.306998968124389648e-01,2.875978946685791016e-01,4.375160485506057739e-02
-1.820585131645202637e-01,4.928625822067260742e-01,4.300938844680786133e-01,1.327556520700454712e-01
7.838969230651855469e-01,-5.432781577110290527e-01,5.419120788574218750e-01,4.152270257472991943e-01
8.990396261215209961e-01,-1.661274433135986328e-01,-2.572386860847473145e-01,6.767035126686096191e-01
1.737422943115234375e-01,9.925944805145263672e-01,6.865717172622680664e-01,9.298532009124755859e-01
1.203870773315429688e-01,8.038080930709838867e-01,-4.042536616325378418e-01,3.748551905155181885e-01
1.912338733673095703e-01,-4.589783549308776855e-01,7.437599897384643555e-01,9.594832062721252441e-01
4.158214330673217773e-01,9.966272115707397461e-01,5.139815807342529297e-02,5.611680150032043457e-01
1.121710538864135742e-01,-4.842555522918701172e-02,-1.924064755439758301e-01,5.368426442146301270e-01
7.824805974960327148e-01,2.379351854324340820e-01,2.269635200500488281e-01,2.678367495536804199e-02
1.756072044372558594e-03,-6.496367454528808594e-01,-8.673962354660034180e-01,5.250651836395263672e-01
2.809214591979980469e-01,-6.759521365165710449e-01,3.757604360580444336e-01,1.606488823890686035e-01
-6.529718637466430664e-01,-8.053340315818786621e-01,-2.490789294242858887e-01,8.528579473495483398e-01
-3.424832224845886230e-01,3.596049547195434570e-01,-4.406175613403320312e-01,5.134683847427368164e-01
5.573236942291259766e-02,-3.396260738372802734e-01,7.098566293716430664e-01,5.913364291191101074e-01
-3.030300140380859375e-03,-7.556663751602172852e-01,1.851012706756591797e-01,4.015282988548278809e-01
7.045948505401611328e-02,3.449046611785888672e-02,6.195635795593261719e-01,8.158864974975585938e-01
-2.054571509361267090e-01,-8.751228451728820801e-01,5.870671272277832031e-01,2.867704629898071289e-01
-4.964441061019897461e-02,1.956176757812500000e-02,-9.683215618133544922e-02,8.387791514396667480e-01
3.116455078125000000e-01,-1.072389483451843262e-01,-1.061099767684936523e-02,8.653671145439147949e-01
9.988126754760742188e-01,6.331458091735839844e-01,3.581360578536987305e-01,8.688507676124572754e-01
-1.159287095069885254e-01,-1.696584224700927734e-01,4.465206861495971680e-01,6.880276203155517578e-01
-4.296333193778991699e-01,-1.850395202636718750e-01,8.566111326217651367e-01,5.072372555732727051e-01
8.717303276062011719e-01,5.538777112960815430e-01,8.728704452514648438e-01,8.079112768173217773e-01
1.024315357208251953e-01,-1.758015751838684082e-01,1.191302537918090820e-01,5.475209355354309082e-01
3.076540231704711914e-01,8.313119411468505859e-01,7.421584129333496094e-01,8.238531947135925293e-01
-7.655276656150817871e-01,-5.968036651611328125e-01,2.316621541976928711e-01,5.718434453010559082e-01
-3.080219626426696777e-01,-8.671203255653381348e-01,8.029675483703613281e-01,7.930048108100891113e-01
-9.158754348754882812e-02,-2.383129000663757324e-01,-2.949589490890502930e-01,3.216876983642578125e-01
9.229437112808227539e-01,1.719397306442260742e-01,-8.861272931098937988e-01,8.016078919172286987e-02
-9.024294018745422363e-01,-2.926089167594909668e-01,-6.959108710289001465e-01,6.271494030952453613e-01
2.765187025070190430e-01,9.621611833572387695e-01,-6.039680242538452148e-01,6.778107881546020508e-01
8.064609766006469727e-01,5.465673208236694336e-01,-1.309813261032104492e-01,4.841372370719909668e-01
-2.444972991943359375e-01,8.183525800704956055e-01,-2.601885199546813965e-01,2.089553773403167725e-01
-8.350682854652404785e-01,4.440757036209106445e-01,-3.367623090744018555e-01,8.055638670921325684e-01
1.399139165878295898e-01,-1.236226558685302734e-01,-1.590835452079772949e-01,9.685478806495666504e-01
-2.517654299736022949e-01,-3.782551884651184082e-01,-1.210666894912719727e-01,4.684749543666839600e-01
5.868021249771118164e-01,-2.175914645195007324e-01,3.889665603637695312e-01,6.126231551170349121e-01
3.365350961685180664e-01,7.469077110290527344e-01,-9.252110123634338379e-01,6.838832050561904907e-02
-1.361302733421325684e-01,-7.741653919219970703e-02,-7.857072353363037109e-02,2.595970332622528076e-01
-8.934730291366577148e-01,-2.225943207740783691e-01,-8.474972844123840332e-01,5.897895097732543945e-01
7.859390974044799805e-01,6.529991626739501953e-01,1.913067102432250977e-01,6.417599320411682129e-02
8.279416561126708984e-01,-9.287653565406799316e-01,-8.355184197425842285e-01,7.428848147392272949e-01
4.265342950820922852e-01,8.212838172912597656e-01,2.420170307159423828e-01,2.401057481765747070e-01
-1.540678143501281738e-01,-8.025056719779968262e-01,-6.246459484100341797e-01,1.759975403547286987e-01
9.537187814712524414e-01,-8.001233935356140137e-01,-8.428333997726440430e-01,6.573832631111145020e-01
-7.119989395141601562e-01,6.121199131011962891e-01,-3.568258285522460938e-01,6.749520897865295410e-01
4.142028093338012695e-01,-5.747877359390258789e-01,-7.462773323059082031e-01,5.403079390525817871e-01
-6.835134029388427734e-01,7.466548681259155273e-01,2.539217472076416016e-01,5.596014857292175293e-01
9.392654895782470703e-02,7.507469654083251953e-01,-6.339557170867919922e-01,9.878719449043273926e-01
6.768918037414550781e-01,-4.455044269561767578e-01,6.170260906219482422e-02,5.865772962570190430e-01
6.909738779067993164e-01,-6.833503246307373047e-01,9.813642501831054688e-02,4.233134686946868896e-01
1.053880453109741211e-01,-1.777946949005126953e-02,3.992608785629272461e-01,9.391761422157287598e-01
-1.641094684600830078e-02,4.298076629638671875e-01,6.075508594512939453e-01,7.378394007682800293e-01
-8.667345046997070312e-01,-8.801050186157226562e-01,-2.462634444236755371e-01,7.353147864341735840e-01
-3.871174454689025879e-01,-6.629883050918579102e-01,-3.823744058609008789e-01,3.723498284816741943e-01
-5.874291658401489258e-01,7.088767290115356445e-01,-6.975867152214050293e-01,4.251516759395599365e-01
1.243524551391601562e-01,-9.704866409301757812e-01,-3.509135246276855469e-01,3.613958060741424561e-01
8.189690113067626953e-02,-1.807977557182312012e-01,9.565140008926391602e-01,9.882370233535766602e-01
9.495644569396972656e-01,5.351798534393310547e-01,-9.416428804397583008e-01,2.595384120941162109e-01
6.723694801330566406e-01,1.811814308166503906e-02,1.849765777587890625e-01,7.132281064987182617e-01
2.888892889022827148e-01,2.220619916915893555e-01,-6.297780871391296387e-01,6.077842116355895996e-01
-5.366274714469909668e-01,-6.374692320823669434e-01,6.202489137649536133e-01,6.287466287612915039e-01
-5.638169646263122559e-01,6.624470949172973633e-01,-2.938368320465087891e-01,5.684228539466857910e-01
-9.888451695442199707e-01,-7.357532978057861328e-01,1.489956378936767578e-01,2.579629421234130859e-01
-1.716235876083374023e-01,-1.494376063346862793e-01,6.024012565612792969e-01,4.215341508388519287e-01
8.375315666198730469e-01,1.538305282592773438e-01,3.851727247238159180e-01,5.136544108390808105e-01
8.265267610549926758e-01,9.877209663391113281e-01,2.278023958206176758e-01,7.188538908958435059e-01
9.572767019271850586e-01,2.778514623641967773e-01,2.664645910263061523e-01,6.631896495819091797e-01
-7.702729701995849609e-01,-6.320106983184814453e-01,3.742520809173583984e-01,1.270069777965545654e-01
8.053945302963256836e-01,-4.282593727111816406e-04,-4.981724023818969727e-01,2.273319363594055176e-01
7.058870792388916016e-01,-3.570595383644104004e-01,-9.292358756065368652e-01,7.222530841827392578e-01
-5.263628363609313965e-01,8.148841857910156250e-01,-7.470647096633911133e-01,6.306436657905578613e-01
-6.532328724861145020e-01,-8.832525610923767090e-01,-5.444711446762084961e-01,6.822216510772705078e-01
-3.062368035316467285e-01,7.011294364929199219e-03,-9.063484668731689453e-01,4.793468713760375977e-01
5.616867542266845703e-02,1.771004199981689453e-01,-4.308138489723205566e-01,7.590129375457763672e-01
9.241797924041748047e-01,6.784642934799194336e-01,8.012900352478027344e-01,3.430393636226654053e-01
-3.126956820487976074e-01,7.018867731094360352e-01,8.009814023971557617e-01,1.408507972955703735e-01
9.259655475616455078e-01,7.669392824172973633e-01,-8.581107854843139648e-02,7.804101109504699707e-01
4.068846702575683594e-01,7.396303415298461914e-01,7.326244115829467773e-01,8.041191101074218750e-01
2.099273204803466797e-01,4.064916372299194336e-01,3.115607500076293945e-01,7.961187362670898438e-01
4.552285671234130859e-01,-4.328861236572265625e-01,2.392237186431884766e-01,9.097482562065124512e-01
5.198740959167480469e-01,-7.868639230728149414e-01,-3.143997788429260254e-01,7.899525165557861328e-01
-8.038130402565002441e-01,6.709594726562500000e-01,8.406021595001220703e-01,3.676392510533332825e-02
-4.163013696670532227e-01,-4.953557252883911133e-01,-6.916993856430053711e-01,9.845528006553649902e-01
-5.083554983139038086e-01,2.724689245223999023e-01,3.979804515838623047e-01,5.890219807624816895e-01
-8.086376190185546875e-01,-8.081201910972595215e-01,6.261198520660400391e-01,3.085500597953796387e-01
4.471118450164794922e-01,-8.555051684379577637e-01,6.831729412078857422e-02,6.273390650749206543e-01
-5.956437587738037109e-01,-9.523287415504455566e-01,-9.619629979133605957e-01,4.015382528305053711e-01
-5.306533575057983398e-01,-4.202054738998413086e-01,-5.565034151077270508e-01,1.683433651924133301e-01
5.634809732437133789e-01,9.966771602630615234e-01,-5.443470478057861328e-01,3.572402596473693848e-01
4.808653593063354492e-01,-3.426129221916198730e-01,-5.846738815307617188e-02,8.852770328521728516e-01
-5.633996725082397461e-01,-4.591464996337890625e-03,-4.428929686546325684e-01,8.169417381286621094e-01
-6.175956726074218750e-01,5.942589044570922852e-01,7.800476551055908203e-01,1.194683983922004700e-01
-8.123742341995239258e-01,5.623986721038818359e-01,4.808361530303955078e-01,3.974874019622802734e-01
-4.223901033401489258e-01,4.661448001861572266e-01,2.930402755737304688e-01,7.935364246368408203e-01
-1.000970602035522461e-01,7.301543951034545898e-01,-9.831992983818054199e-01,4.305071830749511719e-01
-1.242629289627075195e-01,-6.537258625030517578e-01,9.253287315368652344e-01,5.594105720520019531e-01
-8.491294980049133301e-01,-8.072207570075988770e-01,6.063190698623657227e-01,3.217357993125915527e-01
-3.932242989540100098e-01,2.901302576065063477e-01,-4.137669205665588379e-01,4.150076955556869507e-02
-5.923857688903808594e-01,-3.796461224555969238e-01,-7.830154895782470703e-01,4.386144578456878662e-01
-8.589337468147277832e-01,7.187128067016601562e-03,-6.656975746154785156e-01,9.290228486061096191e-01
-1.576430797576904297e-01,7.913916110992431641e-01,-2.610950469970703125e-01,6.458446979522705078e-01
-1.466811895370483398e-01,-7.675670981407165527e-01,4.332981109619140625e-01,8.074190616607666016e-01
-4.999113082885742188e-01,-5.228718519210815430e-01,7.577700614929199219e-01,3.705736100673675537e-01
8.146448135375976562e-01,4.464160203933715820e-01,-5.285214185714721680e-01,7.789422273635864258e-01
5.073378086090087891e-01,8.914419412612915039e-01,6.854104995727539062e-01,3.443966805934906006e-02
8.592212200164794922e-02,7.620940208435058594e-01,6.295634508132934570e-01,7.685132324695587158e-02
9.178253412246704102e-01,-8.946012854576110840e-01,-5.363500118255615234e-01,8.349846303462982178e-02
-3.594636917114257812e-03,6.375625133514404297e-01,-8.784663677215576172e-02,5.482483282685279846e-02
-6.308854818344116211e-01,-7.405304312705993652e-01,-3.728615641593933105e-01,3.834222853183746338e-01
4.569584131240844727e-01,3.389883041381835938e-01,-8.086367845535278320e-01,4.197378754615783691e-01
9.127697944641113281e-01,-2.179650664329528809e-01,-3.330063223838806152e-01,9.264720678329467773e-01
-5.029438138008117676e-01,-4.832856059074401855e-01,9.156525135040283203e-01,3.302433788776397705e-01
-7.487101554870605469e-01,3.201774358749389648e-01,-4.792085886001586914e-01,9.421541690826416016e-01
-5.568864345550537109e-01,3.838293552398681641e-01,-4.890012741088867188e-02,2.921013236045837402e-01
-2.624201774597167969e-02,6.701039075851440430e-01,-8.044760227203369141e-01,7.286081910133361816e-01
6.320462226867675781e-01,5.009599924087524414e-01,6.437627077102661133e-01,9.349150657653808594e-01
8.710737228393554688e-01,3.499344587326049805e-01,-9.560111761093139648e-01,7.777594923973083496e-01
2.366741895675659180e-01,7.640478610992431641e-01,-6.310299634933471680e-01,6.501584053039550781e-01
1.083513498306274414e-01,-1.138138771057128906e-01,-1.647128462791442871e-01,1.794300228357315063e-01
4.088162183761596680e-01,-8.565210700035095215e-01,1.765908002853393555e-01,8.878645896911621094e-01
6.830796003341674805e-01,-5.852613449096679688e-01,3.178207874298095703e-01,9.963497519493103027e-01
2.489736080169677734e-01,7.281289100646972656e-01,-8.870196938514709473e-01,7.206346988677978516e-01
6.215180158615112305e-01,5.739085674285888672e-01,-1.776038408279418945e-01,3.201940283179283142e-02
5.113840103149414062e-01,2.946950197219848633e-01,-2.422705888748168945e-01,5.533392354846000671e-02
-8.469548225402832031e-01,-8.071089386940002441e-01,9.796676635742187500e-01,5.723603367805480957e-01
5.211970806121826172e-01,2.932367324829101562e-01,3.963611125946044922e-01,2.824962437152862549e-01
5.235544443130493164e-01,4.415724277496337891e-01,-9.226701855659484863e-01,9.878416359424591064e-02
-2.414596080780029297e-01,-7.325601577758789062e-02,5.151662826538085938e-01,6.076511740684509277e-01
-8.863487839698791504e-01,-6.535720825195312500e-01,-2.508410215377807617e-01,4.868481755256652832e-01
6.416267156600952148e-01,-2.443196177482604980e-01,1.685802936553955078e-01,1.052260324358940125e-01
1.292992830276489258e-01,-1.780088543891906738e-01,8.053699731826782227e-01,1.953353136777877808e-01
-6.006736755371093750e-01,-2.917738556861877441e-01,-5.147764086723327637e-01,6.067321300506591797e-01
-4.339982867240905762e-01,1.252214908599853516e-01,-7.459437847137451172e-01,1.650330722332000732e-01
-7.036855816841125488e-01,-6.442810297012329102e-01,-4.881979823112487793e-01,7.313815951347351074e-01
-1.319528818130493164e-01,-3.577993512153625488e-01,-9.660844206809997559e-01,2.864418327808380127e-01
-1.522669792175292969e-01,-8.886044025421142578e-01,6.413561105728149414e-01,9.101965427398681641e-01
-3.400532603263854980e-01,7.981282472610473633e-01,-1.817137002944946289e-02,9.731494784355163574e-01
5.797474384307861328e-01,3.289123773574829102e-01,6.038379669189453125e-01,7.158290743827819824e-01
-4.286292195320129395e-01,-6.666004061698913574e-01,-5.146371722221374512e-01,9.246383309364318848e-01
-9.396457076072692871e-01,8.851722478866577148e-01,-7.903133630752563477e-01,8.096255660057067871e-01
-4.279484748840332031e-01,-3.188431262969970703e-01,-1.964020729064941406e-02,9.450536966323852539e-01
-5.408933162689208984e-01,5.054097175598144531e-01,-2.843517661094665527e-01,8.359218239784240723e-01
4.952667951583862305e-01,3.058975934982299805e-01,4.283502101898193359e-01,3.282382488250732422e-01
-6.314111948013305664e-01,-2.528436779975891113e-01,8.878023624420166016e-01,6.000580638647079468e-02
8.273100852966308594e-02,5.246857404708862305e-01,2.025223970413208008e-01,5.450942516326904297e-01
4.010589122772216797e-01,-7.857156991958618164e-01,-7.596026659011840820e-01,4.610244929790496826e-01
3.725384473800659180e-01,-5.719982981681823730e-01,-3.568039536476135254e-01,9.208087921142578125e-01
-4.696501493453979492e-01,-3.228346109390258789e-01,-6.506055593490600586e-02,2.353410124778747559e-01
3.306198120117187500e-01,8.180502653121948242e-01,-7.659770250320434570e-01,7.427986264228820801e-01
