-5.092758536338806152e-01,-1.555027365684509277e-01,4.322220087051391602e-01,0.000000000000000000e+00
-7.405624985694885254e-01,5.900143384933471680e-01,8.161026239395141602e-01,0.000000000000000000e+00
-4.103808403015136719e-01,-5.974388718605041504e-01,-9.560353159904479980e-01,0.000000000000000000e+00
9.512743949890136719e-01,-5.859410762786865234e-01,-7.050276994705200195e-01,0.000000000000000000e+00
-4.279989004135131836e-01,-6.318337917327880859e-01,7.140243053436279297e-02,0.000000000000000000e+00
4.795515537261962891e-01,4.711985588073730469e-01,3.091902732849121094e-01,0.000000000000000000e+00
5.507249832153320312e-01,-8.577854633331298828e-01,-7.639039158821105957e-01,0.000000000000000000e+00
6.090140342712402344e-02,4.453868865966796875e-01,-1.833583712577819824e-01,0.000000000000000000e+00
9.038296937942504883e-01,3.999984264373779297e-02,-6.091991662979125977e-01,0.000000000000000000e+00
3.494747877120971680e-01,8.494114875793457031e-01,-1.866603493690490723e-01,0.000000000000000000e+00
-6.290625333786010742e-01,3.209249973297119141e-01,5.095123052597045898e-01,0.000000000000000000e+00
6.048610210418701172e-01,-6.907258629798889160e-01,-4.887253046035766602e-02,0.000000000000000000e+00
-2.846881151199340820e-01,-6.137037277221679688e-01,-1.770735383033752441e-01,0.000000000000000000e+00
-9.761530756950378418e-01,6.902798414230346680e-01,3.605341911315917969e-02,0.000000000000000000e+00
8.470849990844726562e-01,6.747789382934570312e-01,-7.413160204887390137e-01,0.000000000000000000e+00
4.082268476486206055e-01,-7.348027229309082031e-01,-1.539135575294494629e-01,0.000000000000000000e+00
-7.543449997901916504e-01,7.250704765319824219e-01,-4.848910570144653320e-01,0.000000000000000000e+00
-6.602227687835693359e-01,1.564903259277343750e-01,8.587723970413208008e-01,0.000000000000000000e+00
5.109548568725585938e-03,5.628772974014282227e-01,-4.793183207511901855e-01,0.000000000000000000e+00
9.569084644317626953e-02,-4.074013233184814453e-02,-2.080902457237243652e-01,0.000000000000000000e+00
2.595474720001220703e-01,7.616171836853027344e-01,-2.593514919281005859e-01,0.000000000000000000e+00
5.942260026931762695e-01,-7.748464941978454590e-01,-3.402070403099060059e-01,0.000000000000000000e+00
4.706320762634277344e-01,3.907314538955688477e-01,3.009253740310668945e-01,0.000000000000000000e+00
5.239518880844116211e-01,-8.208998441696166992e-01,-2.920281887054443359e-01,0.000000000000000000e+00
-9.513027071952819824e-01,8.947819471359252930e-01,-8.138808012008666992e-01,0.000000000000000000e+00
7.057747840881347656e-01,1.994415521621704102e-01,5.268056392669677734e-01,0.000000000000000000e+00
8.143534660339355469e-01,-3.545019626617431641e-01,-9.189642071723937988e-01,0.000000000000000000e+00
2.077155113220214844e-01,7.487609386444091797e-01,8.702306747436523438e-01,0.000000000000000000e+00
-4.368634819984436035e-01,7.400065660476684570e-01,-7.777325510978698730e-01,0.000000000000000000e+00
4.252310991287231445e-01,-9.360694885253906250e-02,-7.612708210945129395e-01,0.000000000000000000e+00
4.193247556686401367e-01,7.770618200302124023e-01,1.607635021209716797e-01,0.000000000000000000e+00
-5.582236647605895996e-01,8.647463321685791016e-01,-5.700684785842895508e-01,0.000000000000000000e+00
-1.000615954399108887e-01,5.072076320648193359e-01,-6.892249584197998047e-01,0.000000000000000000e+00
-9.580330252647399902e-01,-5.015928149223327637e-01,1.723433732986450195e-01,0.000000000000000000e+00
-7.819451689720153809e-01,4.324740171432495117e-01,-1.373961567878723145e-01,0.000000000000000000e+00
2.624218463897705078e-01,1.181745529174804688e-01,-2.013517022132873535e-01,0.000000000000000000e+00
-1.089210510253906250e-01,8.720698356628417969e-01,-8.837241530418395996e-01,0.000000000000000000e+00
-5.486851930618286133e-01,9.153977632522583008e-01,5.424209833145141602e-01,0.000000000000000000e+00
2.396596670150756836e-01,-1.272883415222167969e-01,3.862738609313964844e-03,0.000000000000000000e+00
3.341206312179565430e-01,2.868994474411010742e-01,-6.712903380393981934e-01,0.000000000000000000e+00
-9.278786182403564453e-01,6.317100524902343750e-01,6.599593162536621094e-02,0.000000000000000000e+00
-9.661062359809875488e-01,5.654572248458862305e-01,7.366592884063720703e-01,0.000000000000000000e+00
-4.767524003982543945e-01,3.795065879821777344e-01,-7.169842720031738281e-02,0.000000000000000000e+00
6.158741712570190430e-01,3.520400524139404297e-01,8.066195249557495117e-01,0.000000000000000000e+00
-4.340399503707885742e-01,1.335558891296386719e-01,2.561767101287841797e-01,0.000000000000000000e+00
3.687026500701904297e-01,-4.918393492698669434e-01,-3.619333505630493164e-01,0.000000000000000000e+00
4.301811456680297852e-01,6.393740177154541016e-01,-1.339004635810852051e-01,0.000000000000000000e+00
-6.811901330947875977e-01,6.876735687255859375e-01,-9.056035876274108887e-01,0.000000000000000000e+00
7.341052293777465820e-01,3.990619182586669922e-01,3.658072948455810547e-01,0.000000000000000000e+00
-9.092085957527160645e-01,-4.382194280624389648e-01,-8.002438545227050781e-01,0.000000000000000000e+00
7.162070274353027344e-02,-7.634023427963256836e-01,5.714122056961059570e-01,0.000000000000000000e+00
5.648208856582641602e-01,-2.402157187461853027e-01,4.615582227706909180e-01,0.000000000000000000e+00
-7.165563106536865234e-01,3.373746871948242188e-01,-4.425249099731445312e-01,0.000000000000000000e+00
-8.575439453125000000e-01,-9.316855669021606445e-02,1.407839059829711914e-01,0.000000000000000000e+00
9.911926984786987305e-01,-8.372950553894042969e-01,-7.562505006790161133e-01,0.000000000000000000e+00
-3.008449077606201172e-02,5.710276365280151367e-01,-2.520426511764526367e-01,0.000000000000000000e+00
5.866605043411254883e-01,3.677403926849365234e-02,-4.288029670715332031e-01,0.000000000000000000e+00
-1.930747628211975098e-01,-2.993906140327453613e-01,-1.217096447944641113e-01,0.000000000000000000e+00
5.833952426910400391e-01,7.050642967224121094e-01,3.286516666412353516e-01,0.000000000000000000e+00
4.738284349441528320e-01,-5.288843512535095215e-01,6.721669435501098633e-01,0.000000000000000000e+00
-6.761881113052368164e-01,-9.852729439735412598e-01,-4.941549897193908691e-01,0.000000000000000000e+00
-2.691264748573303223e-01,3.520909547805786133e-01,4.187208414077758789e-01,0.000000000000000000e+00
-1.341003775596618652e-01,-2.467732429504394531e-01,7.787953615188598633e-01,0.000000000000000000e+00
-5.526685714721679688e-01,6.930391788482666016e-01,-3.553992509841918945e-02,0.000000000000000000e+00
5.745673179626464844e-01,5.062426328659057617e-01,-8.480683565139770508e-01,0.000000000000000000e+00
6.350282430648803711e-01,-7.089049816131591797e-01,7.433271408081054688e-02,0.000000000000000000e+00
-1.381659507751464844e-01,-4.764738678932189941e-01,7.830107212066650391e-01,0.000000000000000000e+00
1.067343950271606445e-01,-4.880951642990112305e-01,-8.348470926284790039e-02,0.000000000000000000e+00
-7.270975708961486816e-01,4.843988418579101562e-01,-1.333599686622619629e-01,0.000000000000000000e+00
9.994573593139648438e-01,9.846774339675903320e-01,-2.962106466293334961e-02,0.000000000000000000e+00
-4.089403152465820312e-01,8.015807867050170898e-01,3.967847824096679688e-01,0.000000000000000000e+00
-6.534639596939086914e-01,-2.297760844230651855e-01,1.767853498458862305e-01,0.000000000000000000e+00
-8.956164121627807617e-01,-3.189226984977722168e-01,-7.974193692207336426e-01,0.000000000000000000e+00
6.096044778823852539e-01,7.261228561401367188e-02,-2.733348011970520020e-01,0.000000000000000000e+00
9.444228410720825195e-01,-3.452154994010925293e-01,4.293036460876464844e-01,0.000000000000000000e+00
-7.751340866088867188e-01,6.085839271545410156e-01,-6.751201152801513672e-01,0.000000000000000000e+00
2.495039701461791992e-01,8.879854679107666016e-01,-9.192530512809753418e-01,0.000000000000000000e+00
9.170933961868286133e-01,-6.970682740211486816e-01,-6.541311740875244141e-02,0.000000000000000000e+00
2.050151824951171875e-01,-7.044665813446044922e-01,6.266188621520996094e-01,0.000000000000000000e+00
-4.549422860145568848e-01,-3.330419063568115234e-01,-2.547718882560729980e-01,0.000000000000000000e+00
-9.823281764984130859e-01,9.122027158737182617e-01,-2.553486227989196777e-01,0.000000000000000000e+00
-7.583290338516235352e-01,-8.394227027893066406e-01,-3.674035072326660156e-01,0.000000000000000000e+00
4.302929639816284180e-01,-9.271857738494873047e-01,3.970050811767578125e-01,0.000000000000000000e+00
-3.737024068832397461e-01,-3.954100012779235840e-01,5.208076238632202148e-01,0.000000000000000000e+00
-5.513387322425842285e-01,-4.153326749801635742e-01,-1.065391302108764648e-02,0.000000000000000000e+00
-9.758867621421813965e-01,-2.371576428413391113e-01,-3.721866607666015625e-01,0.000000000000000000e+00
3.773761987686157227e-01,1.887458562850952148e-01,-7.669185400009155273e-01,0.000000000000000000e+00
3.546178340911865234e-02,7.538639307022094727e-01,8.192843198776245117e-01,0.000000000000000000e+00
1.286166906356811523e-01,-4.806277751922607422e-01,-2.667188644409179688e-02,0.000000000000000000e+00
-2.266067266464233398e-02,-1.991414427757263184e-01,4.695289134979248047e-01,0.000000000000000000e+00
6.908214092254638672e-01,8.017575740814208984e-02,2.085031270980834961e-01,0.000000000000000000e+00
-9.600710868835449219e-01,-8.192814588546752930e-01,-3.401074409484863281e-01,0.000000000000000000e+00
-1.021296977996826172e-01,9.226267337799072266e-01,8.886591196060180664e-01,0.000000000000000000e+00
2.699959278106689453e-02,-6.716977357864379883e-01,-6.495020389556884766e-01,0.000000000000000000e+00
-5.069210529327392578e-01,9.218180179595947266e-01,-7.874156832695007324e-01,0.000000000000000000e+00
4.781650304794311523e-01,-7.287431359291076660e-01,1.548194885253906250e-02,0.000000000000000000e+00
-9.313408732414245605e-01,-5.206674337387084961e-02,-1.963629126548767090e-01,0.000000000000000000e+00
-2.741584777832031250e-01,-6.936328411102294922e-01,-2.182350158691406250e-01,0.000000000000000000e+00
7.881157398223876953e-01,-1.804497838020324707e-01,8.819791078567504883e-01,0.000000000000000000e+00
5.461276769638061523e-01,6.298612356185913086e-01,-5.127725005149841309e-01,0.000000000000000000e+00
3.601619005203247070e-01,9.667658805847167969e-02,5.952812433242797852e-01,0.000000000000000000e+00
9.724617004394531250e-02,1.766062974929809570e-01,-3.676164746284484863e-01,0.000000000000000000e+00
-7.400919198989868164e-01,-5.194280147552490234e-01,-9.917908906936645508e-02,0.000000000000000000e+00
3.129518032073974609e-01,-1.664131283760070801e-01,-6.585246324539184570e-02,0.000000000000000000e+00
-2.798573970794677734e-01,9.293919801712036133e-01,-9.782178997993469238e-01,0.000000000000000000e+00
9.011876583099365234e-01,4.023692607879638672e-01,9.445229768753051758e-01,0.000000000000000000e+00
4.097024202346801758e-01,2.962658405303955078e-01,-7.011079788208007812e-01,0.000000000000000000e+00
-3.241301774978637695e-01,-4.689431190490722656e-01,-5.449497699737548828e-01,0.000000000000000000e+00
-8.856997489929199219e-01,-5.770837664604187012e-01,-2.116829156875610352e-02,0.000000000000000000e+00
2.621234655380249023e-01,-6.873667240142822266e-02,5.821590423583984375e-01,0.000000000000000000e+00
-5.744070410728454590e-01,-6.957786083221435547e-01,8.066322803497314453e-01,0.000000000000000000e+00
-4.020892381668090820e-01,-1.578720808029174805e-01,-6.142179965972900391e-01,0.000000000000000000e+00
-2.600810527801513672e-01,5.465734004974365234e-02,-5.176977515220642090e-01,0.000000000000000000e+00
-4.918130040168762207e-01,4.926964044570922852e-01,8.304142951965332031e-01,0.000000000000000000e+00
-8.584550619125366211e-01,-9.107653498649597168e-01,5.587714910507202148e-01,0.000000000000000000e+00
7.921136617660522461e-01,-2.958796024322509766e-01,-5.026847124099731445e-01,0.000000000000000000e+00
4.991531372070312500e-02,8.318239450454711914e-01,9.391050338745117188e-01,0.000000000000000000e+00
6.535005569458007812e-01,3.893604278564453125e-01,-8.574763536453247070e-01,0.000000000000000000e+00
2.340246438980102539e-01,9.700052738189697266e-01,2.667256593704223633e-01,0.000000000000000000e+00
3.228049278259277344e-01,-3.556768298149108887e-01,2.498686313629150391e-02,0.000000000000000000e+00
-3.623315095901489258e-01,-6.604980230331420898e-01,-9.751484990119934082e-01,0.000000000000000000e+00
8.438347578048706055e-01,-4.129874706268310547e-01,-4.314746260643005371e-01,0.000000000000000000e+00
1.141178607940673828e-02,-2.768076062202453613e-01,-4.285764098167419434e-01,0.000000000000000000e+00
-1.072680950164794922e-01,-9.730659723281860352e-01,4.964820146560668945e-01,0.000000000000000000e+00
3.717513084411621094e-01,-2.418549656867980957e-01,4.949808120727539062e-01,0.000000000000000000e+00
3.447028398513793945e-01,6.984305381774902344e-01,6.531336307525634766e-01,0.000000000000000000e+00
7.581884860992431641e-01,8.811247348785400391e-01,-7.309992909431457520e-01,0.000000000000000000e+00
-4.270776510238647461e-01,-5.995146632194519043e-01,9.717906713485717773e-01,0.000000000000000000e+00
8.878239393234252930e-01,-1.004573702812194824e-01,9.463077783584594727e-01,0.000000000000000000e+00
-5.173248052597045898e-01,9.694670438766479492e-01,7.973935604095458984e-01,0.000000000000000000e+00
6.031363010406494141e-01,4.850779771804809570e-01,6.424747705459594727e-01,0.000000000000000000e+00
-1.303614377975463867e-01,5.575084686279296875e-01,-4.686928987503051758e-01,0.000000000000000000e+00
1.089504957199096680e-01,-9.807693958282470703e-01,-2.094817161560058594e-02,0.000000000000000000e+00
-7.644040584564208984e-01,2.408574819564819336e-01,4.785120487213134766e-01,0.000000000000000000e+00
-6.939032077789306641e-01,-9.238175153732299805e-01,7.770979404449462891e-02,0.000000000000000000e+00
-5.412712097167968750e-01,-1.188443303108215332e-01,-9.167491197586059570e-01,0.000000000000000000e+00
2.542151212692260742e-01,6.543779373168945312e-02,5.731439590454101562e-01,0.000000000000000000e+00
-8.376531004905700684e-01,-4.543702602386474609e-01,6.738110780715942383e-01,0.000000000000000000e+00
9.115810394287109375e-01,-2.638990283012390137e-01,-6.814023256301879883e-01,0.000000000000000000e+00
-9.338189959526062012e-01,-7.865658402442932129e-01,-8.220289349555969238e-01,0.000000000000000000e+00
5.247037410736083984e-01,7.351946830749511719e-01,2.529588937759399414e-01,0.000000000000000000e+00
-8.217572569847106934e-01,9.222109317779541016e-01,4.608991146087646484e-01,0.000000000000000000e+00
-7.762978076934814453e-01,-6.881741285324096680e-01,1.587368249893188477e-01,0.000000000000000000e+00
2.434864044189453125e-01,6.063482761383056641e-01,-8.255494832992553711e-01,0.000000000000000000e+00
-8.761228322982788086e-01,-1.992611885070800781e-01,2.936962842941284180e-01,0.000000000000000000e+00
1.101568937301635742e-01,4.809203147888183594e-01,2.267056703567504883e-01,0.000000000000000000e+00
-8.235474824905395508e-01,6.838560104370117188e-01,6.768506765365600586e-01,0.000000000000000000e+00
5.263177156448364258e-01,6.806505918502807617e-01,3.011444807052612305e-01,0.000000000000000000e+00
1.747814416885375977e-01,5.401116609573364258e-01,8.895442485809326172e-01,0.000000000000000000e+00
-5.367217063903808594e-01,-8.990939855575561523e-01,4.224373102188110352e-01,0.000000000000000000e+00
6.879640817642211914e-01,-6.927856206893920898e-01,-1.000000000000000000e+00,5.201224684715270996e-01
-7.038301229476928711e-01,1.475986242294311523e-01,-1.000000000000000000e+00,4.010371863842010498e-01
-1.491010785102844238e-01,-7.754504084587097168e-01,-1.000000000000000000e+00,7.684941887855529785e-01
-4.226983785629272461e-01,8.197560310363769531e-01,-1.000000000000000000e+00,4.516221880912780762e-01
-6.889044046401977539e-01,2.811062335968017578e-01,-1.000000000000000000e+00,6.866354942321777344e-01
-8.281898498535156250e-01,-5.921742320060729980e-01,-1.000000000000000000e+00,2.859943807125091553e-01
-3.138405084609985352e-01,-1.745792627334594727e-01,-1.000000000000000000e+00,4.295512735843658447e-01
-2.547705769538879395e-01,3.236472606658935547e-01,-1.000000000000000000e+00,7.032211422920227051e-01
-9.710748791694641113e-01,-6.160540580749511719e-01,-1.000000000000000000e+00,8.348539471626281738e-01
6.604751348495483398e-01,3.345847129821777344e-02,-1.000000000000000000e+00,6.561611294746398926e-01
-8.445492982864379883e-01,-3.542041778564453125e-02,-1.000000000000000000e+00,5.602446198463439941e-01
-7.180302739143371582e-01,-3.655454516410827637e-01,-1.000000000000000000e+00,8.263359963893890381e-02
4.556329250335693359e-01,9.862326383590698242e-01,-1.000000000000000000e+00,9.669553041458129883e-01
2.211855649948120117e-01,-5.397441387176513672e-01,-1.000000000000000000e+00,5.632598996162414551e-01
7.303103208541870117e-01,-4.594153761863708496e-01,-1.000000000000000000e+00,8.639734387397766113e-01
5.428189039230346680e-01,1.825058460235595703e-01,-1.000000000000000000e+00,4.338291585445404053e-01
1.731960773468017578e-01,-1.708396077156066895e-01,-1.000000000000000000e+00,6.593837738037109375e-01
4.733207225799560547e-01,-4.749065637588500977e-02,-1.000000000000000000e+00,4.963488876819610596e-01
-4.402607679367065430e-02,5.864945650100708008e-01,-1.000000000000000000e+00,6.055269241333007812e-01
-4.966177940368652344e-01,5.260748863220214844e-01,-1.000000000000000000e+00,1.029005274176597595e-01
4.427543878555297852e-01,-4.233731627464294434e-01,-1.000000000000000000e+00,7.780050039291381836e-01
-5.696541070938110352e-02,8.608646392822265625e-01,-1.000000000000000000e+00,4.832614660263061523e-01
2.077972888946533203e-01,4.721738100051879883e-01,-1.000000000000000000e+00,7.620907425880432129e-01
-3.223004341125488281e-01,-1.069954037666320801e-01,-1.000000000000000000e+00,3.526671826839447021e-01
-8.289790153503417969e-02,7.957304716110229492e-01,-1.000000000000000000e+00,1.494800299406051636e-01
-6.781581640243530273e-01,6.444473266601562500e-01,1.000000000000000000e+00,8.783237934112548828e-01
-2.873864769935607910e-01,3.774750232696533203e-01,1.000000000000000000e+00,2.245370894670486450e-01
9.430009126663208008e-01,-4.858816862106323242e-01,1.000000000000000000e+00,2.509235739707946777e-01
-4.344996809959411621e-01,-7.132126688957214355e-01,1.000000000000000000e+00,9.808167815208435059e-02
-8.212745189666748047e-02,-9.634637832641601562e-01,1.000000000000000000e+00,5.760282278060913086e-01
1.026016473770141602e-01,3.217002153396606445e-01,1.000000000000000000e+00,5.001850128173828125e-01
-7.761437296867370605e-01,-1.889458298683166504e-01,1.000000000000000000e+00,4.469331204891204834e-01
7.298539876937866211e-01,-2.147836685180664062e-01,1.000000000000000000e+00,6.156127452850341797e-01
2.607032060623168945e-01,2.647209167480468750e-02,1.000000000000000000e+00,6.042928695678710938e-01
-4.916018843650817871e-01,4.799867868423461914e-01,1.000000000000000000e+00,2.575470209121704102e-01
5.231629610061645508e-01,-6.026757955551147461e-01,1.000000000000000000e+00,1.192996054887771606e-01
-3.228759765625000000e-02,-9.621578454971313477e-01,1.000000000000000000e+00,2.469526678323745728e-01
7.711182832717895508e-01,3.743621110916137695e-01,1.000000000000000000e+00,6.628170609474182129e-01
-2.388867735862731934e-01,8.444229364395141602e-01,1.000000000000000000e+00,1.214158609509468079e-01
-6.247180700302124023e-01,2.445408105850219727e-01,1.000000000000000000e+00,3.714903891086578369e-01
8.296482563018798828e-01,3.173090219497680664e-01,1.000000000000000000e+00,3.291830420494079590e-01
7.125698328018188477e-01,-8.116580247879028320e-01,1.000000000000000000e+00,3.278345763683319092e-01
9.370326995849609375e-03,2.195467948913574219e-01,1.000000000000000000e+00,1.286830455064773560e-01
-2.246104478836059570e-01,7.841563224792480469e-01,1.000000000000000000e+00,8.833142518997192383e-01
9.325184822082519531e-01,-1.822176575660705566e-01,1.000000000000000000e+00,9.605644345283508301e-01
-2.480578422546386719e-02,-2.399635314941406250e-01,1.000000000000000000e+00,3.192070126533508301e-01
4.379856586456298828e-01,8.844590187072753906e-02,1.000000000000000000e+00,1.596966683864593506e-01
-8.966154456138610840e-01,-1.062016487121582031e-01,1.000000000000000000e+00,3.507714271545410156e-01
-2.858015298843383789e-01,6.382069587707519531e-01,1.000000000000000000e+00,5.430679917335510254e-01
1.573021411895751953e-01,9.729315042495727539e-01,1.000000000000000000e+00,9.225541353225708008e-01
3.334125280380249023e-01,-1.000000000000000000e+00,4.801836013793945312e-01,9.310462474822998047e-01
1.813666820526123047e-01,-1.000000000000000000e+00,-6.070152521133422852e-01,5.718335509300231934e-01
-8.102123737335205078e-01,-1.000000000000000000e+00,-5.202746391296386719e-01,7.245155423879623413e-02
1.006233692169189453e-02,-1.000000000000000000e+00,3.465727567672729492e-01,6.978916525840759277e-01
9.824780225753784180e-01,-1.000000000000000000e+00,-2.156595587730407715e-01,4.886983633041381836e-01
8.303439617156982422e-01,-1.000000000000000000e+00,8.364695310592651367e-01,8.100403845310211182e-02
-1.714374423027038574e-01,-1.000000000000000000e+00,-3.008938431739807129e-01,1.395861059427261353e-01
8.381986618041992188e-02,-1.000000000000000000e+00,-7.525738477706909180e-01,2.279780656099319458e-01
-9.499319791793823242e-01,-1.000000000000000000e+00,-5.283600091934204102e-02,8.904491662979125977e-01
-3.145973086357116699e-01,-1.000000000000000000e+00,8.959223031997680664e-01,2.100482583045959473e-01
8.942106962203979492e-01,-1.000000000000000000e+00,1.803218126296997070e-01,3.365135490894317627e-01
-1.721357107162475586e-01,-1.000000000000000000e+00,-3.913826942443847656e-01,4.620631039142608643e-01
-1.562686562538146973e-01,-1.000000000000000000e+00,2.385656833648681641e-01,1.008484587073326111e-01
-9.118933081626892090e-01,-1.000000000000000000e+00,-5.877840518951416016e-01,5.740104317665100098e-01
-3.305749893188476562e-01,-1.000000000000000000e+00,6.624369621276855469e-01,2.116739451885223389e-01
3.933429718017578125e-03,-1.000000000000000000e+00,8.713762760162353516e-01,9.623134136199951172e-01
-3.941887021064758301e-01,-1.000000000000000000e+00,2.868853807449340820e-01,3.957975208759307861e-01
3.563487529754638672e-01,-1.000000000000000000e+00,6.338647603988647461e-01,4.693957269191741943e-01
-4.004886150360107422e-01,-1.000000000000000000e+00,4.897996187210083008e-01,2.467591315507888794e-01
2.087831497192382812e-01,-1.000000000000000000e+00,-9.144588112831115723e-01,4.052326083183288574e-01
5.653762817382812500e-02,-1.000000000000000000e+00,-3.833514451980590820e-01,7.152889966964721680e-01
-9.994727373123168945e-01,-1.000000000000000000e+00,-4.441351294517517090e-01,1.642073504626750946e-02
1.095759868621826172e-02,-1.000000000000000000e+00,-3.443879485130310059e-01,9.608663618564605713e-02
6.956810951232910156e-01,-1.000000000000000000e+00,6.632548570632934570e-01,3.577871918678283691e-01
-5.151224136352539062e-01,-1.000000000000000000e+00,-6.809475421905517578e-01,2.538090348243713379e-01
9.394767284393310547e-01,1.000000000000000000e+00,-3.537248969078063965e-01,4.051906466484069824e-01
-8.259124159812927246e-01,1.000000000000000000e+00,1.206946372985839844e-02,3.819532692432403564e-01
2.996373176574707031e-01,1.000000000000000000e+00,7.767847776412963867e-01,7.635809183120727539e-01
-4.311777353286743164e-01,1.000000000000000000e+00,4.397392272949218750e-02,1.116409245878458023e-02
-3.001816272735595703e-01,1.000000000000000000e+00,4.007742404937744141e-01,5.383452773094177246e-01
-5.768060684204101562e-03,1.000000000000000000e+00,8.969861268997192383e-01,8.671637773513793945e-01
2.545017004013061523e-01,1.000000000000000000e+00,5.557906627655029297e-02,8.713530302047729492e-01
-2.173774838447570801e-01,1.000000000000000000e+00,4.006266593933105469e-01,2.556183636188507080e-01
-4.405890107154846191e-01,1.000000000000000000e+00,1.336041688919067383e-01,7.819940447807312012e-01
5.377649068832397461e-01,1.000000000000000000e+00,-4.258155822753906250e-03,8.691943436861038208e-02
-7.490911483764648438e-01,1.000000000000000000e+00,4.631936550140380859e-02,8.789265155792236328e-02
7.257413864135742188e-01,1.000000000000000000e+00,-3.444734215736389160e-01,9.787946343421936035e-01
-7.394163608551025391e-01,1.000000000000000000e+00,-3.967256546020507812e-01,5.331467986106872559e-01
-3.745504021644592285e-01,1.000000000000000000e+00,4.309446811676025391e-01,4.986887276172637939e-01
-9.529157876968383789e-01,1.000000000000000000e+00,1.393537521362304688e-01,3.210037350654602051e-01
9.912567138671875000e-01,1.000000000000000000e+00,-5.220795869827270508e-01,9.025790691375732422e-01
7.582017183303833008e-01,1.000000000000000000e+00,8.683913946151733398e-01,4.519770443439483643e-01
9.740169048309326172e-01,1.000000000000000000e+00,3.652105331420898438e-01,4.382436275482177734e-01
7.371751070022583008e-01,1.000000000000000000e+00,-1.700299382209777832e-01,2.119705975055694580e-01
9.284256696701049805e-01,1.000000000000000000e+00,-3.112574815750122070e-01,8.243190646171569824e-01
-5.514830350875854492e-01,1.000000000000000000e+00,5.755788087844848633e-01,1.436727195978164673e-01
-6.410079002380371094e-01,1.000000000000000000e+00,9.828972816467285156e-01,8.316958546638488770e-01
7.089084386825561523e-01,1.000000000000000000e+00,-4.941961765289306641e-01,2.680882811546325684e-01
-1.831430196762084961e-01,1.000000000000000000e+00,-7.844336628913879395e-01,6.221837922930717468e-02
5.070034265518188477e-01,1.000000000000000000e+00,-6.023573875427246094e-01,3.770099282264709473e-01
-1.000000000000000000e+00,3.071486949920654297e-01,6.235003471374511719e-03,4.677043855190277100e-01
-1.000000000000000000e+00,-1.477215886116027832e-01,-6.388187408447265625e-03,6.079343557357788086e-01
-1.000000000000000000e+00,1.562012434005737305e-01,1.356863975524902344e-02,4.788941144943237305e-01
-1.000000000000000000e+00,-4.010882973670959473e-01,-4.795626997947692871e-01,9.419962167739868164e-01
-1.000000000000000000e+00,3.629474639892578125e-01,8.020621538162231445e-01,2.257207632064819336e-01
-1.000000000000000000e+00,-6.354281902313232422e-01,2.137565612792968750e-01,5.174840092658996582e-01
-1.000000000000000000e+00,-6.787113547325134277e-01,3.182200193405151367e-01,5.708413720130920410e-01
-1.000000000000000000e+00,-5.466628670692443848e-01,-4.769288897514343262e-01,5.452334284782409668e-01
-1.000000000000000000e+00,-3.188709616661071777e-01,-7.360479831695556641e-01,8.966705203056335449e-01
-1.000000000000000000e+00,7.795467376708984375e-01,9.116890430450439453e-01,4.691697955131530762e-01
-1.000000000000000000e+00,3.768033981323242188e-01,-9.766494035720825195e-01,8.967355489730834961e-01
-1.000000000000000000e+00,9.988657236099243164e-01,-8.901995420455932617e-01,1.289073675870895386e-01
-1.000000000000000000e+00,4.271199703216552734e-01,4.878146648406982422e-01,5.130827426910400391e-01
-1.000000000000000000e+00,9.517962932586669922e-01,-5.699335336685180664e-01,1.373575329780578613e-01
-1.000000000000000000e+00,4.516553878784179688e-01,-8.339161276817321777e-01,1.042589023709297180e-01
-1.000000000000000000e+00,-4.091426134109497070e-01,-3.927934765815734863e-01,6.352945566177368164e-01
-1.000000000000000000e+00,1.246339082717895508e-01,2.141799926757812500e-01,1.930727511644363403e-01
-1.000000000000000000e+00,4.722007513046264648e-01,-1.173087358474731445e-01,9.928640127182006836e-01
-1.000000000000000000e+00,-1.968753337860107422e-01,9.713460206985473633e-01,5.049390792846679688e-01
-1.000000000000000000e+00,2.977483272552490234e-01,-8.542948961257934570e-01,5.216049551963806152e-01
-1.000000000000000000e+00,-2.623186111450195312e-01,2.587832212448120117e-01,3.855890631675720215e-01
-1.000000000000000000e+00,6.134785413742065430e-01,3.958427906036376953e-02,5.384408831596374512e-01
-1.000000000000000000e+00,-7.930971384048461914e-01,1.241948604583740234e-01,6.376013159751892090e-01
-1.000000000000000000e+00,8.879680633544921875e-01,-8.263576030731201172e-02,7.453265190124511719e-01
-1.000000000000000000e+00,2.048015594482421875e-02,-3.619924187660217285e-01,6.577320694923400879e-01
1.000000000000000000e+00,5.104695558547973633e-01,6.794295310974121094e-01,3.458121418952941895e-01
1.000000000000000000e+00,-7.348626852035522461e-01,-5.129877328872680664e-01,8.538042902946472168e-01
1.000000000000000000e+00,-7.498117685317993164e-01,4.144016504287719727e-01,1.282058507204055786e-01
1.000000000000000000e+00,7.186264991760253906e-01,-3.449961543083190918e-01,1.543802022933959961e-01
1.000000000000000000e+00,2.597024440765380859e-01,9.820388555526733398e-01,2.886318564414978027e-01
1.000000000000000000e+00,-3.901970386505126953e-01,-2.228707075119018555e-02,5.234453678131103516e-01
1.000000000000000000e+00,-8.915853500366210938e-02,-7.320288419723510742e-01,7.561801075935363770e-01
1.000000000000000000e+00,-6.344481706619262695e-01,-7.252978086471557617e-01,5.538105964660644531e-01
1.000000000000000000e+00,-8.689473867416381836e-01,1.141450405120849609e-01,6.353704929351806641e-01
1.000000000000000000e+00,-7.475976943969726562e-01,3.786031007766723633e-01,6.020052433013916016e-01
1.000000000000000000e+00,5.475056171417236328e-02,-7.830722332000732422e-01,8.728457689285278320e-01
1.000000000000000000e+00,6.444715261459350586e-01,-9.913916587829589844e-01,6.762012243270874023e-01
1.000000000000000000e+00,-3.973168730735778809e-01,-1.554394364356994629e-01,6.267257928848266602e-01
1.000000000000000000e+00,6.070486307144165039e-01,-8.675162196159362793e-01,7.522158622741699219e-01
1.000000000000000000e+00,-6.950954198837280273e-01,6.610633134841918945e-01,5.568838119506835938e-01
1.000000000000000000e+00,-2.456507682800292969e-01,-2.495245933532714844e-01,3.503879904747009277e-01
1.000000000000000000e+00,-1.636499762535095215e-01,-6.605060100555419922e-01,5.009597539901733398e-02
1.000000000000000000e+00,3.979065418243408203e-01,-3.854913711547851562e-01,7.537258863449096680e-01
1.000000000000000000e+00,-9.520906209945678711e-01,-2.166281938552856445e-01,2.367766350507736206e-01
1.000000000000000000e+00,6.413705348968505859e-01,1.660423278808593750e-01,2.174034714698791504e-01
1.000000000000000000e+00,-5.884487032890319824e-01,-1.159616112709045410e-01,7.562635540962219238e-01
1.000000000000000000e+00,7.563668489456176758e-01,9.984842538833618164e-01,4.622797369956970215e-01
1.000000000000000000e+00,6.245452165603637695e-01,2.189147472381591797e-02,1.654792875051498413e-01
1.000000000000000000e+00,-2.097437381744384766e-01,8.396651744842529297e-01,5.022642016410827637e-01
1.000000000000000000e+00,-4.633729457855224609e-01,7.567946910858154297e-01,2.049703299999237061e-01
6.315695047378540039e-01,2.536565065383911133e-01,1.666593551635742188e-02,1.272236853837966919e-01
-6.580510139465332031e-01,-3.672052025794982910e-01,5.266638994216918945e-01,3.848121762275695801e-01
5.700486898422241211e-01,-8.861585259437561035e-01,-8.346023559570312500e-01,2.135853767395019531e-01
-5.889506340026855469e-01,4.740296602249145508e-01,-1.538549661636352539e-01,2.905755490064620972e-02
-7.617974877357482910e-01,-3.440973162651062012e-01,-8.199205398559570312e-01,7.485615611076354980e-01
3.507623672485351562e-01,5.895726680755615234e-01,2.576396465301513672e-01,8.584181070327758789e-01
-5.892050266265869141e-01,-4.185497760772705078e-03,7.241913080215454102e-01,6.957828402519226074e-01
-4.183075428009033203e-01,8.448178768157958984e-01,4.715343713760375977e-01,2.656158804893493652e-01
6.729011535644531250e-01,2.841669321060180664e-01,5.610904693603515625e-01,8.883635997772216797e-01
-7.204989194869995117e-01,-7.015979290008544922e-01,1.644592285156250000e-01,1.029947921633720398e-01
2.316814661026000977e-01,9.487320184707641602e-01,4.360638856887817383e-01,6.691891551017761230e-01
-5.649771094322204590e-01,7.774608135223388672e-01,-5.623135566711425781e-01,1.945847719907760620e-01
-9.072384238243103027e-01,-8.666505217552185059e-01,5.575972795486450195e-01,2.013031393289566040e-01
-4.930657744407653809e-01,4.273474216461181641e-02,8.542361259460449219e-01,8.891503214836120605e-01
5.273783206939697266e-02,-9.966503977775573730e-01,3.589767217636108398e-01,9.798883199691772461e-01
8.949278593063354492e-01,-4.658341407775878906e-03,-4.313485026359558105e-01,9.616262912750244141e-01
8.083330392837524414e-01,8.931574821472167969e-01,8.069092035293579102e-01,5.655081942677497864e-02
-4.398415684700012207e-01,-6.580070257186889648e-01,-5.612841844558715820e-01,2.053890228271484375e-01
-6.815670132637023926e-01,1.197052001953125000e-01,5.001223087310791016e-02,8.507186919450759888e-02
7.195447683334350586e-01,-9.653883576393127441e-01,-9.334813356399536133e-01,4.990208446979522705e-01
2.472553253173828125e-01,2.381920814514160156e-01,7.304480075836181641e-01,5.782132744789123535e-01
3.701772689819335938e-01,-6.378108263015747070e-02,-4.095447659492492676e-01,2.247668890049681067e-04
3.484649658203125000e-01,8.195086717605590820e-01,-7.868349552154541016e-03,2.240412831306457520e-01
-1.698873043060302734e-01,3.441975116729736328e-01,-9.590233564376831055e-01,6.338019967079162598e-01
9.037435054779052734e-02,9.963815212249755859e-01,-8.489896655082702637e-01,5.045622587203979492e-01
-2.201218605041503906e-01,-2.726884484291076660e-01,-3.257137537002563477e-02,1.491343379020690918e-01
-3.188972473144531250e-01,2.607440948486328125e-01,3.312057256698608398e-01,4.061941802501678467e-01
-2.450580000877380371e-01,-7.865394949913024902e-01,9.860229492187500000e-01,1.065358445048332214e-01
-5.848769545555114746e-01,6.410244703292846680e-01,3.889571428298950195e-01,7.490761280059814453e-01
9.379274845123291016e-01,-3.084478378295898438e-01,7.254314422607421875e-02,8.295106291770935059e-01
8.103067874908447266e-01,2.520709037780761719e-01,9.108343124389648438e-01,3.484779894351959229e-01
-7.508444190025329590e-01,3.533705472946166992e-01,-5.112397670745849609e-02,2.850974500179290771e-01
-6.679356694221496582e-01,-4.734192490577697754e-01,-1.901048421859741211e-01,8.845137953758239746e-01
8.704346418380737305e-01,4.918416738510131836e-01,5.022699832916259766e-01,3.540329337120056152e-01
9.301575422286987305e-01,9.522199630737304688e-03,9.128561019897460938e-01,4.664714932441711426e-01
5.535585880279541016e-01,-7.937341928482055664e-01,-8.999074697494506836e-01,7.474591135978698730e-01
-3.647661805152893066e-01,2.431125640869140625e-01,-7.927737832069396973e-01,5.045902729034423828e-01
-9.636892080307006836e-01,-6.183009147644042969e-01,9.946744441986083984e-01,3.183234333992004395e-01
-7.312403917312622070e-01,6.992909908294677734e-01,-2.765469551086425781e-01,2.780529260635375977e-01
-6.285238265991210938e-01,-8.074774742126464844e-01,-2.126807570457458496e-01,4.586584493517875671e-02
2.245209217071533203e-01,8.122332096099853516e-01,3.097106218338012695e-01,9.755285084247589111e-02
-6.923166513442993164e-01,6.541303396224975586e-01,-8.385505676269531250e-01,6.553140282630920410e-01
5.350819826126098633e-01,9.851053953170776367e-01,-9.203526377677917480e-01,1.641110330820083618e-01
2.627184391021728516e-01,-7.663014531135559082e-01,2.474919557571411133e-01,6.466037034988403320e-02
-8.041657805442810059e-01,-9.331053495407104492e-01,7.182288169860839844e-01,2.528794109821319580e-01
6.327848434448242188e-01,3.012976646423339844e-01,7.705378532409667969e-01,8.244280219078063965e-01
-4.969024658203125000e-01,-1.026202440261840820e-01,7.536213397979736328e-01,9.619302749633789062e-01
2.891854047775268555e-01,6.253535747528076172e-01,-2.289126515388488770e-01,7.787488698959350586e-01
-1.833548545837402344e-01,-4.692978858947753906e-01,1.016247272491455078e-02,8.552218675613403320e-01
5.084217786788940430e-01,-1.150262951850891113e-01,-1.016333103179931641e-01,9.826331138610839844e-01
-3.683727979660034180e-01,-6.674560308456420898e-01,-8.589009046554565430e-01,5.935223698616027832e-01
4.777181148529052734e-02,-3.379577398300170898e-02,1.646069288253784180e-01,6.488148868083953857e-02
-5.331342220306396484e-01,-9.768800735473632812e-01,3.961207866668701172e-01,6.017572879791259766e-01
-4.251185655593872070e-01,2.924603223800659180e-01,9.781969785690307617e-01,8.849263787269592285e-01
-3.950869441032409668e-01,-5.021910667419433594e-01,-1.311385631561279297e-02,7.177741825580596924e-02
-1.327818632125854492e-02,-5.451799631118774414e-01,-8.391382694244384766e-01,6.290603876113891602e-01
-3.372467160224914551e-01,-3.724390268325805664e-01,-1.455957889556884766e-01,3.057418465614318848e-01
-4.784474968910217285e-01,-7.966330051422119141e-01,8.817269802093505859e-01,8.988800048828125000e-01
6.747378110885620117e-01,2.322692871093750000e-01,2.525652647018432617e-01,2.862346172332763672e-01
2.358546257019042969e-01,-1.770679950714111328e-01,9.264806509017944336e-01,3.130126297473907471e-01
-7.293576002120971680e-02,-6.311640739440917969e-01,-6.606203317642211914e-01,5.272402763366699219e-01
2.675888538360595703e-01,3.031314611434936523e-01,3.250004053115844727e-01,9.452105760574340820e-01
-1.113443374633789062e-01,-4.808470010757446289e-01,7.273554801940917969e-02,5.051441118121147156e-02
-4.063038825988769531e-01,-7.388929128646850586e-01,-3.943224549293518066e-01,8.530423045158386230e-01
8.975390195846557617e-01,6.097739934921264648e-01,-5.745365619659423828e-01,2.023505605757236481e-02
8.777961730957031250e-01,6.769524812698364258e-01,-1.881325244903564453e-02,4.267750978469848633e-01
9.287366867065429688e-01,-6.587517857551574707e-01,9.829349517822265625e-01,2.041716501116752625e-02
-8.994468450546264648e-01,8.208693265914916992e-01,4.732887744903564453e-01,5.138690471649169922e-01
1.263581514358520508e-01,-3.509181737899780273e-01,-3.373212218284606934e-01,1.310612857341766357e-01
2.775961160659790039e-01,4.522727727890014648e-01,5.560283660888671875e-01,5.731257796287536621e-01
-1.393091678619384766e-02,-4.090040326118469238e-01,-3.953847289085388184e-01,8.961911201477050781e-01
4.079662561416625977e-01,1.967904567718505859e-01,-6.202523708343505859e-01,5.143744945526123047e-01
5.823795795440673828e-01,-2.808554768562316895e-01,3.088554143905639648e-01,3.524385690689086914e-01
-6.070359945297241211e-01,-2.035150527954101562e-01,1.745958328247070312e-01,3.769939243793487549e-01
6.037127971649169922e-01,8.462872505187988281e-01,-8.059885501861572266e-01,2.371113002300262451e-01
4.585820436477661133e-01,1.783281564712524414e-01,8.897981643676757812e-01,4.150414764881134033e-01
-1.736832261085510254e-01,8.323105573654174805e-01,3.726167678833007812e-01,2.908310592174530029e-01
-3.545415997505187988e-01,2.674657106399536133e-01,6.427111625671386719e-01,3.523915112018585205e-01
9.822705984115600586e-01,-9.640262722969055176e-01,3.802800178527832031e-02,6.983113884925842285e-01
5.496884584426879883e-01,9.566515684127807617e-01,-5.587660670280456543e-01,2.295361757278442383e-01
4.676094055175781250e-01,-5.323220491409301758e-01,-8.883680701255798340e-01,4.744217991828918457e-01
-6.379609107971191406e-01,-2.252554893493652344e-02,-7.206076979637145996e-01,8.303324878215789795e-02
6.347496509552001953e-01,3.323292732238769531e-01,-5.078535079956054688e-01,3.291362226009368896e-01
7.322186231613159180e-01,9.254252910614013672e-01,3.219306468963623047e-01,3.833255469799041748e-01
-9.921199679374694824e-01,-1.060321331024169922e-01,-2.124289870262145996e-01,5.038816332817077637e-01
-3.985762596130371094e-04,-9.273545742034912109e-01,2.996395826339721680e-01,1.753521561622619629e-01
2.067272663116455078e-01,2.017374038696289062e-01,4.801586866378784180e-01,2.370570600032806396e-01
-5.055591464042663574e-01,-8.113361001014709473e-01,9.939125776290893555e-01,7.082072496414184570e-01
-9.168215990066528320e-01,-5.187611579895019531e-01,-7.103780508041381836e-01,8.603883385658264160e-01
-3.827423453330993652e-01,6.650034189224243164e-01,-8.732087612152099609e-01,5.718495845794677734e-01
-6.576223373413085938e-01,-6.950747966766357422e-02,3.215620517730712891e-01,2.073400765657424927e-01
8.307449817657470703e-01,-6.031259894371032715e-01,-9.472292661666870117e-02,5.179172754287719727e-01
-5.589228868484497070e-02,-9.000269174575805664e-01,2.829788923263549805e-01,2.326886802911758423e-01
-9.955704212188720703e-02,8.576252460479736328e-01,-1.601630449295043945e-01,2.939107418060302734e-01
5.545074939727783203e-01,3.665480613708496094e-01,6.816467046737670898e-01,5.116432309150695801e-01
9.894633293151855469e-01,3.987244367599487305e-01,-6.628513336181640625e-01,4.679336845874786377e-01
-8.237564563751220703e-02,-1.561442017555236816e-01,-1.378713250160217285e-01,7.480551600456237793e-01
-4.504503607749938965e-01,-6.927603483200073242e-02,4.028538465499877930e-01,6.001907587051391602e-01
7.061979770660400391e-01,4.637171030044555664e-01,-8.341853618621826172e-01,9.033676385879516602e-01
2.498090267181396484e-02,-9.642050266265869141e-01,1.381574869155883789e-01,9.795334935188293457e-01
1.222403049468994141e-01,-1.626893877983093262e-01,-4.250252246856689453e-01,9.536052942276000977e-01
6.262058019638061523e-01,-4.267616868019104004e-01,2.860530614852905273e-01,4.337253272533416748e-01
5.316960811614990234e-02,-5.438798666000366211e-01,-8.714017868041992188e-01,1.575875431299209595e-01
9.640023708343505859e-01,-6.489419341087341309e-01,2.916097640991210938e-01,9.545273184776306152e-01
-7.980003356933593750e-01,8.595285415649414062e-01,-8.942884206771850586e-02,9.832126647233963013e-02
1.886765956878662109e-01,6.655243635177612305e-01,2.344297170639038086e-01,6.309020519256591797e-01
8.441849946975708008e-01,-7.029576301574707031e-01,-7.542892098426818848e-01,4.537126123905181885e-01
5.501461029052734375e-01,7.701156139373779297e-01,-3.113333582878112793e-01,2.871079146862030029e-01
7.610437870025634766e-01,-2.115809917449951172e-01,2.551237344741821289e-01,1.555808931589126587e-01
-9.740372300148010254e-01,-8.301680684089660645e-01,7.589048147201538086e-01,2.409236319363117218e-02
3.017507791519165039e-01,8.272560834884643555e-01,-8.006303906440734863e-01,5.669223070144653320e-01
-6.084699630737304688e-01,-6.453911066055297852e-01,-6.149081587791442871e-01,7.765396237373352051e-01
6.773076057434082031e-01,2.852841615676879883e-01,8.529005050659179688e-01,8.402376770973205566e-01
-3.438463807106018066e-01,7.693891525268554688e-01,-8.067114353179931641e-01,5.160598158836364746e-01
-1.025574803352355957e-01,9.673438072204589844e-01,-9.033027887344360352e-01,8.281877040863037109e-01
2.956721782684326172e-01,-1.505925059318542480e-01,-5.235344171524047852e-02,5.600202679634094238e-01
-3.522958159446716309e-01,-9.918115139007568359e-01,2.305158376693725586e-01,7.673878967761993408e-02
-3.380234837532043457e-01,3.325171470642089844e-01,-1.526802778244018555e-02,7.807648777961730957e-01
8.212343454360961914e-01,2.285602092742919922e-01,8.083326816558837891e-01,9.922689199447631836e-01
9.763112068176269531e-01,6.480119228363037109e-01,-1.954599022865295410e-01,1.472909599542617798e-01
-5.621364116668701172e-01,2.275382280349731445e-01,-1.077768206596374512e-01,3.393611907958984375e-01
-8.530495166778564453e-01,6.567091941833496094e-01,3.910005092620849609e-01,4.340178370475769043e-01
-6.182923913002014160e-01,2.762106657028198242e-01,-1.501135230064392090e-01,7.004775851964950562e-02
6.950786113739013672e-01,-9.377837181091308594e-01,4.579615592956542969e-01,9.221026301383972168e-01
9.898589849472045898e-01,8.675032854080200195e-01,-7.532281875610351562e-01,8.344274759292602539e-01
-1.077220439910888672e-01,4.517132043838500977e-01,1.063833236694335938e-01,5.574129223823547363e-01
8.898338079452514648e-01,-6.359225511550903320e-01,7.949684858322143555e-01,2.935809195041656494e-01
-2.551362514495849609e-01,8.078968524932861328e-02,9.537184238433837891e-01,9.708565473556518555e-01
2.838135957717895508e-01,9.260964393615722656e-02,4.826307296752929688e-01,9.158686548471450806e-02
-6.095241308212280273e-01,4.669530391693115234e-01,2.562141418457031250e-01,1.015590801835060120e-01
8.959054946899414062e-02,-8.756486177444458008e-01,1.223435401916503906e-01,2.216642349958419800e-01
6.916708946228027344e-01,-2.414883375167846680e-01,-1.122312545776367188e-01,4.319256842136383057e-01
9.692510366439819336e-01,1.173877716064453125e-02,-8.490729331970214844e-01,2.338758260011672974e-01
-4.199824333190917969e-01,-2.623231410980224609e-01,4.859026670455932617e-01,4.651606976985931396e-01
-3.955609798431396484e-01,-8.213567137718200684e-01,-1.627117991447448730e-01,9.495742619037628174e-02
-2.331974506378173828e-01,5.216959714889526367e-01,-2.610535621643066406e-01,6.722506284713745117e-01
-2.673614621162414551e-01,8.880871534347534180e-01,-9.829333424568176270e-01,9.788025617599487305e-01
2.391389608383178711e-01,-6.881363391876220703e-01,-4.994024634361267090e-01,7.641146183013916016e-01
-8.661500811576843262e-01,-3.149208426475524902e-01,8.625582456588745117e-01,2.204598188400268555e-01
8.297693729400634766e-02,-6.227046251296997070e-02,2.017514705657958984e-01,4.228718578815460205e-01
6.687312126159667969e-01,-6.524173617362976074e-01,2.388031482696533203e-01,5.671356320381164551e-01
2.970814704895019531e-02,-3.700544834136962891e-01,6.696090698242187500e-01,2.793008387088775635e-01
2.396589517593383789e-01,6.265304088592529297e-01,1.074686050415039062e-01,4.796035960316658020e-02
4.954957962036132812e-02,6.275430917739868164e-01,1.354000568389892578e-01,8.346992135047912598e-01
5.076792240142822266e-01,-6.634110808372497559e-01,9.642156362533569336e-01,3.039039969444274902e-01
-3.527136445045471191e-01,2.794597148895263672e-01,5.024964809417724609e-01,3.202443420886993408e-01
6.326023340225219727e-01,-6.930798292160034180e-02,-2.485105395317077637e-01,1.254071444272994995e-01
3.019355535507202148e-01,-2.732125520706176758e-01,7.369446754455566406e-02,7.963973879814147949e-01
-2.992606759071350098e-01,-1.670914292335510254e-01,8.203365802764892578e-01,6.291648745536804199e-01
-5.118175745010375977e-01,-9.318249821662902832e-01,-2.190769314765930176e-01,2.510395944118499756e-01
3.829545974731445312e-01,-8.543890714645385742e-01,9.137175083160400391e-01,2.864730060100555420e-01
-7.870953679084777832e-01,1.808429956436157227e-01,4.682527780532836914e-01,9.911318421363830566e-01
-5.931978225708007812e-01,4.859511852264404297e-01,5.817025899887084961e-01,1.120889633893966675e-01
2.504717111587524414e-01,-5.896611213684082031e-01,7.652649879455566406e-01,9.626564383506774902e-01
3.401250839233398438e-01,-6.037521362304687500e-02,-1.472995281219482422e-01,5.706379413604736328e-01
7.068067789077758789e-01,-7.564864158630371094e-01,4.586222171783447266e-01,5.208906531333923340e-01
7.520034313201904297e-01,-2.165883779525756836e-01,7.581489086151123047e-01,4.828152358531951904e-01
-1.374836564064025879e-01,7.854640483856201172e-01,-2.651106119155883789e-01,1.565498560667037964e-01
-8.828644752502441406e-01,-8.122032284736633301e-01,-6.950172185897827148e-01,4.141156971454620361e-01
4.402480125427246094e-01,4.458265304565429688e-01,-7.712835073471069336e-02,4.131891727447509766e-01
-9.803497791290283203e-02,4.362492561340332031e-01,3.231356143951416016e-01,4.322353899478912354e-01
-7.454990148544311523e-01,2.805590629577636719e-03,7.878564596176147461e-01,3.660288453102111816e-01
-2.024622559547424316e-01,-7.937556505203247070e-01,4.559040069580078125e-02,1.720626801252365112e-01
5.245804786682128906e-02,-7.170576453208923340e-01,-9.881117343902587891e-01,1.098196953535079956e-01
-5.671249628067016602e-01,2.141469717025756836e-01,2.287052869796752930e-01,1.420363187789916992e-01
6.453557014465332031e-01,7.241610288619995117e-01,8.402168750762939453e-02,1.361635625362396240e-01
3.181662559509277344e-01,9.032710790634155273e-01,-6.499769687652587891e-01,4.251455962657928467e-01
4.712049961090087891e-01,1.719005107879638672e-01,-3.779241442680358887e-01,8.741449713706970215e-01
-9.543558359146118164e-01,8.119617700576782227e-01,-7.690867185592651367e-01,2.856902182102203369e-01
9.370398521423339844e-02,-7.293215990066528320e-01,5.431543588638305664e-01,4.785811007022857666e-01
-4.224315285682678223e-01,7.890287637710571289e-01,-3.088184595108032227e-01,9.055470675230026245e-02
-2.305728197097778320e-01,2.585020065307617188e-01,-5.814702510833740234e-01,6.117151975631713867e-01
2.065418958663940430e-01,-3.773569464683532715e-01,-6.672186851501464844e-01,9.349603652954101562e-01
-3.528742194175720215e-01,-4.043569564819335938e-01,-5.359126329421997070e-01,3.268088400363922119e-01
-6.305012106895446777e-01,-3.741429448127746582e-01,7.382471561431884766e-01,7.385776638984680176e-01
-6.143695116043090820e-01,5.843971967697143555e-01,6.798923015594482422e-01,1.775959730148315430e-01
-4.397309422492980957e-01,9.022159576416015625e-01,3.158346414566040039e-01,2.050906419754028320e-01
-6.518594026565551758e-01,2.496039867401123047e-02,6.103458404541015625e-01,3.664483129978179932e-01
9.303736686706542969e-01,8.274843692779541016e-01,-4.146743416786193848e-01,6.585992574691772461e-01
-8.276407718658447266e-01,4.629076719284057617e-01,-5.097314119338989258e-01,8.171136379241943359e-01
-9.824603796005249023e-02,6.309572458267211914e-01,8.084506988525390625e-01,2.058452218770980835e-01
8.786606788635253906e-01,-7.366523742675781250e-01,-5.352157354354858398e-01,1.311259269714355469e-01
9.799569845199584961e-01,7.084504365921020508e-01,-8.952419757843017578e-01,6.086120605468750000e-01
5.740215778350830078e-01,-5.436578989028930664e-01,6.326323747634887695e-01,9.772174358367919922e-01
7.410913705825805664e-01,-5.528247356414794922e-02,-5.955749750137329102e-01,7.716866135597229004e-01
-2.478432655334472656e-01,1.795995235443115234e-01,2.635103464126586914e-01,9.857986867427825928e-02
-5.973048806190490723e-01,-1.896538138389587402e-01,8.040702342987060547e-01,5.903505682945251465e-01
-2.125571966171264648e-01,-7.284253239631652832e-01,-1.053717136383056641e-01,1.576369255781173706e-02
-8.903952240943908691e-01,1.127254962921142578e-02,2.624591588973999023e-01,6.119296550750732422e-01
-6.147032380104064941e-01,8.694982528686523438e-01,-6.642792224884033203e-01,1.404767334461212158e-01
-2.586226463317871094e-01,-8.704084753990173340e-01,-2.785893082618713379e-01,8.908603191375732422e-01
-6.334714293479919434e-01,-9.845907092094421387e-01,-8.641749024391174316e-01,6.098284125328063965e-01
5.206279754638671875e-01,-3.677661418914794922e-01,-4.423496723175048828e-01,2.409200370311737061e-01
5.987906455993652344e-01,-6.334414482116699219e-01,-2.146218419075012207e-01,4.573493301868438721e-01
-2.590803503990173340e-01,-8.135511875152587891e-01,-6.108194589614868164e-01,7.222958207130432129e-01
9.000383615493774414e-01,6.077408790588378906e-02,-4.685926437377929688e-01,2.942368090152740479e-01
5.997133255004882812e-02,2.822223901748657227e-01,-9.974334836006164551e-01,9.763739705085754395e-01
3.638064861297607422e-02,-5.236756801605224609e-01,8.045421838760375977e-01,7.478532195091247559e-02
5.986363887786865234e-01,5.717133283615112305e-01,-7.435978651046752930e-01,3.223674893379211426e-01
7.838311195373535156e-01,-4.426180720329284668e-01,-5.028373003005981445e-01,9.396418929100036621e-02
3.547679185867309570e-01,4.698833227157592773e-01,5.275254249572753906e-01,1.588228493928909302e-01
-6.957654953002929688e-01,-4.047201871871948242e-01,-3.471054434776306152e-01,3.624899312853813171e-02
2.368047237396240234e-01,-7.251498699188232422e-01,1.439332962036132812e-03,6.079035997390747070e-01
-6.456755399703979492e-01,-5.528728961944580078e-01,2.375739812850952148e-01,9.023078083992004395e-01
2.472273111343383789e-01,5.793873071670532227e-01,-9.914177060127258301e-01,7.046555876731872559e-01
2.858489751815795898e-01,4.065012931823730469e-01,4.309184551239013672e-01,7.234104871749877930e-01
9.600511789321899414e-01,-4.135750532150268555e-01,-3.462466597557067871e-01,2.420628368854522705e-01
-2.061503529548645020e-01,-4.475409984588623047e-01,1.847220659255981445e-01,3.853449523448944092e-01
-1.079312562942504883e-01,-8.384299874305725098e-01,1.893738508224487305e-01,1.946436613798141479e-01
-9.600905776023864746e-01,7.781789302825927734e-01,-2.210491895675659180e-02,4.459178447723388672e-01
6.434406042098999023e-01,-9.822212457656860352e-01,-2.306561470031738281e-01,2.646558880805969238e-01
-9.412068128585815430e-01,8.655067682266235352e-01,-2.764166593551635742e-01,2.894676029682159424e-01
-9.724259376525878906e-03,4.476611614227294922e-01,-8.244571685791015625e-01,3.331223130226135254e-01
2.559912204742431641e-01,7.944827079772949219e-01,-8.903046846389770508e-01,6.709964871406555176e-01
-4.004659056663513184e-01,-8.235456943511962891e-01,2.007117271423339844e-01,9.206640124320983887e-01
-7.358847856521606445e-01,-1.581795215606689453e-01,-1.284403800964355469e-01,5.173547267913818359e-01
4.186509847640991211e-01,-7.346187829971313477e-01,-6.637257337570190430e-01,6.379203796386718750e-01
1.180957555770874023e-01,5.793575048446655273e-01,8.736982345581054688e-01,2.052377164363861084e-01
3.235179185867309570e-01,-9.130760431289672852e-01,-3.495882153511047363e-01,2.207931876182556152e-01
-4.468729496002197266e-01,-2.484295964241027832e-01,-5.628979206085205078e-02,8.262296319007873535e-01
4.620136022567749023e-01,1.804683208465576172e-01,-4.144677519798278809e-01,6.837371587753295898e-01
1.232339143753051758e-01,-2.430506944656372070e-01,2.331553697586059570e-01,2.666482329368591309e-01
4.265383481979370117e-01,9.052312374114990234e-02,-3.681600093841552734e-02,8.499423265457153320e-01
2.550698518753051758e-01,5.644247531890869141e-01,2.214004993438720703e-01,6.270235180854797363e-01
-7.930486798286437988e-01,-7.161632776260375977e-01,3.162823915481567383e-01,6.251007914543151855e-01
-2.773286104202270508e-01,-2.064974904060363770e-01,-7.357885837554931641e-01,1.882664263248443604e-01
7.805871963500976562e-02,-6.177145242691040039e-01,4.151097536087036133e-01,3.704187273979187012e-01
7.840709686279296875e-01,3.478609323501586914e-01,-6.188961267471313477e-01,3.363762795925140381e-01
6.357082128524780273e-01,-6.436526775360107422e-01,1.953077316284179688e-01,2.052266150712966919e-01
-3.993713855743408203e-02,5.478477478027343750e-02,7.436275482177734375e-02,9.830428957939147949e-01
-3.685066699981689453e-01,4.874681234359741211e-01,-6.675131320953369141e-01,8.966467976570129395e-01
9.857532978057861328e-01,1.737221479415893555e-01,7.987799644470214844e-01,5.385172963142395020e-01
-9.777069091796875000e-03,-1.640391349792480469e-02,-4.507666826248168945e-01,6.123974323272705078e-01
4.529346227645874023e-01,4.363536834716796875e-02,7.901512384414672852e-01,2.435607910156250000e-01
9.923815727233886719e-01,-9.889703392982482910e-01,7.541289329528808594e-01,1.438836604356765747e-01
-6.292790770530700684e-01,1.606403589248657227e-01,-5.087451338768005371e-01,4.908432364463806152e-01
5.208128690719604492e-01,9.789144992828369141e-01,7.802408933639526367e-01,3.762706369161605835e-02
-1.244974136352539062e-01,1.440281867980957031e-01,-8.285706043243408203e-01,3.594565689563751221e-01
8.028506040573120117e-01,-9.555007219314575195e-01,9.825390577316284180e-01,4.742660522460937500e-01
8.697742223739624023e-01,-7.499708533287048340e-01,-1.298862099647521973e-01,5.908793210983276367e-01
-5.751622915267944336e-01,-2.591282129287719727e-01,3.194111585617065430e-01,6.316335201263427734e-01
-4.052042365074157715e-01,7.067704200744628906e-02,5.348871946334838867e-01,9.726334810256958008e-01
-4.574794769287109375e-01,-5.923014879226684570e-01,7.492380142211914062e-01,8.181241750717163086e-01
-6.333475112915039062e-01,5.551979541778564453e-01,5.563944578170776367e-01,2.539948523044586182e-01
6.387674808502197266e-02,-9.659044742584228516e-01,4.539238214492797852e-01,5.769140124320983887e-01
5.564588308334350586e-01,-8.924464583396911621e-01,6.184567213058471680e-01,4.074851572513580322e-01
7.017260789871215820e-01,6.362545490264892578e-02,-7.803755998611450195e-02,5.870398283004760742e-01
7.706202268600463867e-01,4.476562738418579102e-01,-5.118454098701477051e-01,2.934349179267883301e-01
-6.037824153900146484e-01,-3.281838297843933105e-01,6.765037775039672852e-01,8.717041015625000000e-01
1.581290960311889648e-01,7.316753864288330078e-01,-6.567596197128295898e-01,1.513033639639616013e-02
9.869327545166015625e-01,-1.030712723731994629e-01,6.754828691482543945e-01,5.139841437339782715e-01
-2.822542786598205566e-01,2.249717712402343750e-03,-6.902784109115600586e-01,9.630897045135498047e-01
6.267011165618896484e-01,6.589518785476684570e-01,3.892153501510620117e-01,1.391901671886444092e-01
-7.660350203514099121e-01,-8.656424283981323242e-02,-8.740621805191040039e-02,5.284674763679504395e-01
-5.434747934341430664e-01,-8.135893344879150391e-01,7.172546386718750000e-01,5.251537561416625977e-01
7.140917778015136719e-01,4.488801956176757812e-02,-3.023282289505004883e-01,4.791542589664459229e-01
-7.351088523864746094e-01,-1.805513501167297363e-01,-1.236623525619506836e-01,8.808315992355346680e-01
-6.009068489074707031e-01,7.073799371719360352e-01,-3.630391955375671387e-01,5.774700045585632324e-01
5.688208341598510742e-01,-8.391371369361877441e-01,8.060562610626220703e-01,1.165839508175849915e-01
2.858340740203857422e-01,7.250046730041503906e-02,9.865087270736694336e-01,5.204911530017852783e-02
-9.602666497230529785e-01,6.498175859451293945e-01,9.652491807937622070e-01,6.773260235786437988e-02
-7.555049657821655273e-02,2.703983783721923828e-01,-2.566343545913696289e-01,1.232176832854747772e-02
-9.661085009574890137e-01,5.443754196166992188e-01,-4.029563069343566895e-01,1.452767662703990936e-02
-1.339501738548278809e-01,3.267474174499511719e-01,1.790416240692138672e-01,1.101712957024574280e-01
-7.982601523399353027e-01,1.616903543472290039e-01,9.882402420043945312e-02,2.783467173576354980e-01
-3.707791566848754883e-01,-4.512518048286437988e-01,4.130375385284423828e-01,6.223797798156738281e-01
-9.898964762687683105e-01,6.955780982971191406e-01,-4.395931959152221680e-02,5.060675740242004395e-01
1.375991106033325195e-01,7.875931262969970703e-01,-4.762687683105468750e-01,1.137504652142524719e-01
3.560397624969482422e-01,-2.012466788291931152e-01,7.649803161621093750e-01,4.603259563446044922e-01
7.358454465866088867e-01,3.470040559768676758e-01,-9.301055073738098145e-01,7.172214388847351074e-01
3.106752634048461914e-01,-1.628780364990234375e-01,3.429075479507446289e-01,9.941759705543518066e-01
-4.403906464576721191e-01,-9.932552576065063477e-01,-3.610442876815795898e-01,3.083978593349456787e-01
-8.634411096572875977e-01,6.532618999481201172e-01,-1.421302556991577148e-01,3.078390359878540039e-01
-9.529455900192260742e-01,-8.659222126007080078e-01,-4.734109044075012207e-01,7.453430891036987305e-01
8.804925680160522461e-01,-7.741479873657226562e-01,1.814076900482177734e-01,7.919347286224365234e-01
-1.391959786415100098e-01,3.854302167892456055e-01,2.969731092453002930e-01,3.580464720726013184e-01
-8.342429995536804199e-01,-2.847349643707275391e-02,2.153877019882202148e-01,2.131415903568267822e-01
1.432298421859741211e-01,-8.284263014793395996e-01,-1.310842633247375488e-01,3.169502019882202148e-01
-5.958675146102905273e-01,5.928074121475219727e-01,6.469515562057495117e-01,8.457999229431152344e-01
-5.120974779129028320e-01,8.296335935592651367e-01,-9.082020521163940430e-01,4.397953152656555176e-01
5.347555875778198242e-01,8.540059328079223633e-01,9.132167100906372070e-01,3.226349055767059326e-01
6.024436950683593750e-01,-7.776049375534057617e-01,1.226562261581420898e-01,9.439485073089599609e-01
9.222042560577392578e-01,-9.175616502761840820e-02,-8.301040530204772949e-01,2.268716692924499512e-01
-2.716246247291564941e-01,4.944622516632080078e-02,8.020675182342529297e-02,6.132195591926574707e-01
-6.295095086097717285e-01,7.308905124664306641e-01,-5.762786865234375000e-01,5.410175025463104248e-02
8.675971031188964844e-01,4.903993606567382812e-01,5.917047262191772461e-01,3.004366457462310791e-01
5.130180120468139648e-01,4.071274995803833008e-01,7.490013837814331055e-01,3.791957795619964600e-01
2.846288681030273438e-01,9.509451389312744141e-01,-4.990575909614562988e-01,3.480163216590881348e-01
1.491518020629882812e-01,-4.341006875038146973e-01,-7.387086153030395508e-01,2.249638438224792480e-01
3.104484081268310547e-01,9.864649772644042969e-01,-8.998087048530578613e-01,4.241139292716979980e-01
-8.243636488914489746e-01,9.611248970031738281e-01,5.403419733047485352e-01,8.655201196670532227e-01
7.629896402359008789e-01,4.083838462829589844e-01,-9.348464608192443848e-01,7.514867782592773438e-01
-4.808922410011291504e-01,-2.334002256393432617e-01,8.454557657241821289e-01,2.559512853622436523e-01
1.109485626220703125e-01,7.828079462051391602e-01,-4.630817770957946777e-01,3.953782320022583008e-01
1.977944374084472656e-02,-3.473308086395263672e-01,9.762239456176757812e-01,3.558515012264251709e-01
7.650276422500610352e-01,8.843272924423217773e-01,7.893365621566772461e-01,7.168608903884887695e-01
1.460324525833129883e-01,-1.172822713851928711e-02,4.015339612960815430e-01,4.695247113704681396e-01
2.912697792053222656e-01,-8.704240322113037109e-01,-6.174986362457275391e-01,9.520480632781982422e-01
-5.230993032455444336e-01,5.507665872573852539e-01,7.792198657989501953e-02,3.477043509483337402e-01
3.050317764282226562e-01,-5.494579076766967773e-01,-9.768127799034118652e-01,4.361893236637115479e-01
3.046929836273193359e-01,1.533807516098022461e-01,-2.459211945533752441e-01,7.508668303489685059e-01
2.222479581832885742e-01,6.674131155014038086e-01,4.942631721496582031e-01,5.062870979309082031e-01
8.867578506469726562e-01,-4.647642374038696289e-01,-7.935602068901062012e-01,2.733947336673736572e-01
7.938839197158813477e-01,3.261122703552246094e-01,-6.767679452896118164e-01,4.881508350372314453e-01
-6.622145175933837891e-01,-5.665311217308044434e-01,6.985329389572143555e-01,2.821638286113739014e-01
-9.531742930412292480e-01,2.570769786834716797e-01,4.223961830139160156e-01,6.740897297859191895e-01
-8.797633647918701172e-01,6.650632619857788086e-01,4.720757007598876953e-01,4.135006368160247803e-01
3.434760570526123047e-01,-9.008119702339172363e-01,-4.501298666000366211e-01,3.792232573032379150e-01
-1.984657645225524902e-01,7.882014513015747070e-01,4.179878234863281250e-01,9.683029651641845703e-01
-6.351082921028137207e-01,-8.801761865615844727e-01,-6.015776395797729492e-01,2.872023284435272217e-01
-1.872468590736389160e-01,7.859030961990356445e-01,-6.199322342872619629e-01,8.964569866657257080e-02
8.293066024780273438e-01,8.707597255706787109e-01,6.057558059692382812e-01,3.601081073284149170e-01
7.787483930587768555e-01,-9.421964287757873535e-01,8.463246822357177734e-01,1.833121925592422485e-01
-6.177160143852233887e-01,-2.057882547378540039e-01,-3.753468394279479980e-01,7.147192358970642090e-01
5.900441408157348633e-01,-2.337761521339416504e-01,-9.316807389259338379e-01,8.911072462797164917e-02
9.043490886688232422e-01,7.432751655578613281e-01,6.627264022827148438e-01,5.950597524642944336e-01
-2.756546139717102051e-01,8.995820283889770508e-01,5.213857889175415039e-01,3.305991291999816895e-01
7.301188707351684570e-01,-2.953875660896301270e-01,8.818864822387695312e-02,6.854183673858642578e-01
1.154291629791259766e-01,-7.180721163749694824e-01,-6.155850291252136230e-01,2.436513081192970276e-03
7.954789400100708008e-01,3.664238452911376953e-01,9.972267150878906250e-01,4.031637012958526611e-01
5.500878095626831055e-01,-2.638495564460754395e-01,-4.303530454635620117e-01,3.904867917299270630e-02
6.464086771011352539e-01,6.861208677291870117e-01,-4.139156341552734375e-01,1.342682391405105591e-01
4.368216991424560547e-01,7.639628648757934570e-01,7.830235958099365234e-01,1.883054822683334351e-01
3.447811603546142578e-01,-7.511433362960815430e-01,4.171237945556640625e-01,8.769094347953796387e-01
8.510515689849853516e-01,-2.455008029937744141e-02,-5.983914136886596680e-01,7.214531302452087402e-01
4.240225553512573242e-01,7.195054292678833008e-01,6.810939311981201172e-01,5.404298305511474609e-01
-5.130937695503234863e-01,1.071323156356811523e-01,9.795659780502319336e-01,1.464260965585708618e-01
-5.945593714714050293e-01,-2.469924688339233398e-01,-4.630138278007507324e-01,5.156570076942443848e-01
8.480242490768432617e-01,6.550177335739135742e-01,-6.094943284988403320e-01,3.914574086666107178e-01
1.184729337692260742e-01,-6.080648303031921387e-01,-9.984973073005676270e-01,9.269213080406188965e-01
-1.497346758842468262e-01,8.463685512542724609e-01,-8.763900995254516602e-01,8.789505362510681152e-01
-2.005745768547058105e-01,-3.656003475189208984e-01,3.352967500686645508e-01,2.103839218616485596e-01
-4.732630252838134766e-01,-3.775453567504882812e-01,-9.832592606544494629e-01,5.113991498947143555e-01
6.506693363189697266e-01,5.374974012374877930e-01,-8.350901603698730469e-01,5.301552638411521912e-02
6.654303073883056641e-01,7.378535270690917969e-01,-1.888561248779296875e-01,1.085126027464866638e-01
-9.820774793624877930e-01,4.051749706268310547e-01,1.035485267639160156e-01,5.735783576965332031e-01
-1.848952174186706543e-01,7.408508062362670898e-01,5.589383840560913086e-01,9.455241262912750244e-02
3.281649351119995117e-01,3.310942649841308594e-01,9.202077388763427734e-01,1.419282555580139160e-01
3.472790718078613281e-01,-9.937977790832519531e-01,5.877834558486938477e-01,6.460480093955993652e-01
-8.353877067565917969e-01,8.834792375564575195e-01,5.093700885772705078e-01,8.593153953552246094e-01
1.942589282989501953e-01,-4.976493120193481445e-01,-9.831740856170654297e-01,4.414832890033721924e-01
9.554842710494995117e-01,-6.488379836082458496e-01,-4.672949314117431641e-01,2.473975066095590591e-03
5.111058950424194336e-01,4.913358688354492188e-01,-2.483751773834228516e-01,9.406758546829223633e-01
-4.607389569282531738e-01,4.364109039306640625e-02,6.964275836944580078e-01,6.794599890708923340e-01
-7.380099296569824219e-01,-3.130267858505249023e-01,1.893069744110107422e-01,4.934167861938476562e-01
-6.329959630966186523e-02,-6.619954109191894531e-02,-8.420267105102539062e-01,8.077517747879028320e-01
2.100501060485839844e-01,9.810098409652709961e-01,-9.453158974647521973e-01,6.485019922256469727e-01
1.973608732223510742e-01,3.191175460815429688e-01,-8.271415829658508301e-01,8.539893031120300293e-01
-4.549319148063659668e-01,-5.669649839401245117e-01,7.673982381820678711e-01,1.665237098932266235e-01
-8.910998106002807617e-01,-8.471602201461791992e-01,7.593398094177246094e-01,5.073947310447692871e-01
5.948613882064819336e-01,1.465981006622314453e-01,-5.140190720558166504e-01,8.972764611244201660e-01
3.909107446670532227e-01,9.899190664291381836e-01,8.097831010818481445e-01,7.109974622726440430e-01
-6.132363677024841309e-01,4.626134634017944336e-01,6.492565870285034180e-01,1.448039710521697998e-01
4.473907947540283203e-01,3.055493831634521484e-01,9.862891435623168945e-01,1.780763864517211914e-01
-5.436538457870483398e-01,-9.859239459037780762e-01,2.317680120468139648e-01,7.293967157602310181e-02
5.771572589874267578e-01,2.643163204193115234e-01,5.224181413650512695e-01,2.461419999599456787e-01
-6.800129413604736328e-01,-2.471036314964294434e-01,8.813098669052124023e-01,2.049347013235092163e-01
3.021234273910522461e-01,-1.931539177894592285e-01,8.814439773559570312e-01,6.353820562362670898e-01
-6.078131794929504395e-01,-5.581294298171997070e-01,4.146710634231567383e-01,4.884922206401824951e-01
-9.983462095260620117e-02,1.688309907913208008e-01,-5.150811672210693359e-01,2.777757048606872559e-01
4.967063665390014648e-01,5.711070299148559570e-01,4.481637477874755859e-02,9.594721347093582153e-02
-4.094181060791015625e-01,-5.731679797172546387e-01,7.444229125976562500e-01,2.002466768026351929e-01
-2.581670284271240234e-01,7.052344083786010742e-01,4.486799240112304688e-01,8.295967578887939453e-01
9.986077547073364258e-01,-1.815066933631896973e-01,-3.539410829544067383e-01,7.960063219070434570e-01
-8.669392466545104980e-01,-1.465635299682617188e-01,-4.328787326812744141e-02,1.592491567134857178e-01
2.435785531997680664e-01,5.059349536895751953e-02,6.037372350692749023e-01,5.551641583442687988e-01
-5.786250829696655273e-01,4.559059143066406250e-01,9.719079732894897461e-01,1.198044605553150177e-02
-4.558732509613037109e-01,-5.671989917755126953e-01,-2.858825325965881348e-01,9.706644415855407715e-01
-8.104364275932312012e-01,7.642878293991088867e-01,1.594629287719726562e-01,7.829453945159912109e-01
6.776058673858642578e-01,-2.028537392616271973e-01,2.437868118286132812e-01,6.905313730239868164e-01
6.788727045059204102e-01,6.409584283828735352e-01,-1.748266220092773438e-01,2.435844838619232178e-01
2.485353946685791016e-01,2.830996513366699219e-01,-9.005670547485351562e-01,7.175359129905700684e-01
-7.941887378692626953e-01,-4.703485369682312012e-01,-3.093565702438354492e-01,3.493976891040802002e-01
7.499861717224121094e-01,4.452924728393554688e-01,6.843738555908203125e-01,1.951246112585067749e-01
2.124586105346679688e-01,9.061645269393920898e-01,3.506143093109130859e-01,6.474512070417404175e-02
-8.869706988334655762e-01,-7.874583005905151367e-01,-4.090024828910827637e-01,2.165216803550720215e-01
-7.984167337417602539e-01,-8.214122056961059570e-02,-6.615769863128662109e-01,7.082459926605224609e-01
2.646005153656005859e-01,-1.087957620620727539e-01,-9.753239154815673828e-02,3.171008527278900146e-01
-4.583237171173095703e-01,3.822200298309326172e-01,-9.479415416717529297e-02,2.537448406219482422e-01
8.832128047943115234e-01,4.179370403289794922e-01,6.445409059524536133e-01,5.567068457603454590e-01
-1.017937064170837402e-01,8.441139459609985352e-01,-9.633183479309082031e-02,9.069107770919799805e-01
2.819885015487670898e-01,8.847026824951171875e-01,8.480131626129150391e-01,6.166138052940368652e-01
1.826143264770507812e-01,5.253858566284179688e-01,1.972273588180541992e-01,7.718254923820495605e-01
7.123930454254150391e-01,2.214788198471069336e-01,1.183761358261108398e-01,7.836067676544189453e-01
7.593235969543457031e-01,3.206453323364257812e-01,-1.010478734970092773e-01,9.315416812896728516e-01
4.344977140426635742e-01,1.113442182540893555e-01,-2.931832075119018555e-01,5.542437434196472168e-01
-8.035619854927062988e-01,-7.973005771636962891e-01,-8.453512191772460938e-02,8.421295881271362305e-01
-8.770028948783874512e-01,6.724658012390136719e-01,-3.791121244430541992e-01,2.366888821125030518e-01
-9.831070303916931152e-01,2.180557250976562500e-01,-7.583342194557189941e-01,5.774011611938476562e-01
-9.913276433944702148e-01,3.604156970977783203e-01,4.877425432205200195e-01,1.913262605667114258e-01
-5.215214490890502930e-01,-2.933161854743957520e-01,-6.656641364097595215e-01,8.464108705520629883e-01
-1.971768736839294434e-01,7.578189373016357422e-01,-2.476622462272644043e-01,1.925349682569503784e-01
8.664941787719726562e-02,8.116039037704467773e-01,4.564872980117797852e-01,9.633277654647827148e-01
5.787210464477539062e-01,-1.488198041915893555e-01,-8.241619467735290527e-01,5.364713072776794434e-01
-5.145968198776245117e-01,-9.574185013771057129e-01,-9.840050935745239258e-01,7.252163290977478027e-01
4.454934597015380859e-01,4.689116477966308594e-01,5.609233379364013672e-01,6.170295476913452148e-01
-2.788982987403869629e-01,4.400039911270141602e-01,-8.311063051223754883e-01,5.757513046264648438e-01
8.407702445983886719e-01,2.459465265274047852e-01,4.689658880233764648e-01,7.151607275009155273e-01
-2.303469181060791016e-02,-3.404099345207214355e-01,5.799475908279418945e-01,1.860665977001190186e-01
-4.613992571830749512e-01,-8.497748374938964844e-01,-9.766162037849426270e-01,7.873993366956710815e-02
7.829459905624389648e-01,1.331715583801269531e-01,-1.849659085273742676e-01,3.764868080615997314e-01
2.787173986434936523e-01,-3.937532901763916016e-01,-1.842305660247802734e-01,5.371051430702209473e-01
8.494195938110351562e-01,1.131350994110107422e-01,-2.396486401557922363e-01,1.827842183411121368e-02
-7.986394166946411133e-01,2.862836122512817383e-01,-9.624413251876831055e-01,5.506266951560974121e-01
5.375314950942993164e-01,-9.835582971572875977e-02,-6.709226965904235840e-01,4.620301723480224609e-02
5.796257257461547852e-01,-4.270511269569396973e-01,-7.829003334045410156e-01,9.322529286146163940e-02
-7.890933752059936523e-01,-8.805637359619140625e-01,-5.709078907966613770e-01,2.796229124069213867e-01
5.786534547805786133e-01,7.035934925079345703e-01,6.515806913375854492e-01,7.987056374549865723e-01
5.954537391662597656e-01,-5.815366506576538086e-01,-4.387600421905517578e-01,2.119527906179428101e-01
-5.536156892776489258e-01,-9.716557860374450684e-01,-6.502766013145446777e-01,7.687313556671142578e-01
-4.283761978149414062e-02,-9.782323837280273438e-01,5.606234073638916016e-02,1.667065322399139404e-01
-3.357060551643371582e-01,6.240398883819580078e-01,-5.447356700897216797e-01,1.829238235950469971e-01
2.784638404846191406e-01,2.758455276489257812e-01,-1.060581207275390625e-01,8.112397789955139160e-01
2.828552722930908203e-01,-7.188320159912109375e-02,-6.518776416778564453e-01,2.273866087198257446e-01
4.741933345794677734e-01,7.560975551605224609e-01,-8.640897870063781738e-01,2.434616088867187500e-01
-2.246772050857543945e-01,-7.078944444656372070e-01,-8.221930265426635742e-02,5.219630002975463867e-01
-9.688212275505065918e-01,6.763100624084472656e-02,-4.175680875778198242e-01,9.741793274879455566e-01
2.093456983566284180e-01,6.785886287689208984e-01,-6.470316648483276367e-01,2.446061968803405762e-01
-4.919010400772094727e-02,5.843417644500732422e-01,8.611718416213989258e-01,2.396589843556284904e-03
-5.042161941528320312e-01,-8.827798962593078613e-01,1.784944534301757812e-02,4.812377989292144775e-01
-7.749347090721130371e-01,-3.864862322807312012e-01,4.283417463302612305e-01,7.488185763359069824e-01
5.410472154617309570e-01,-5.036051273345947266e-01,-3.970915079116821289e-02,1.424475014209747314e-01
-5.620164871215820312e-01,-6.640571355819702148e-02,-9.714386463165283203e-01,2.347134798765182495e-01
-7.713973522186279297e-01,-3.758099079132080078e-01,-2.305890321731567383e-01,5.243789553642272949e-01
-7.558317184448242188e-01,7.180535793304443359e-02,8.071466684341430664e-01,7.591724395751953125e-01
-1.573652029037475586e-01,7.243508100509643555e-01,-6.313062310218811035e-01,7.022178769111633301e-01
-7.683931589126586914e-01,-6.714067459106445312e-01,6.194360256195068359e-01,4.866744577884674072e-02
-4.996404051780700684e-01,3.897752761840820312e-01,2.893047332763671875e-01,8.555334806442260742e-02
-6.717998981475830078e-01,1.941621303558349609e-02,-8.193750977516174316e-01,3.896671533584594727e-01
3.051418066024780273e-01,-3.843273520469665527e-01,2.700804471969604492e-01,4.176230728626251221e-01
2.726513147354125977e-01,-8.144543170928955078e-01,-5.330767631530761719e-01,9.908407926559448242e-01
7.023775577545166016e-02,-3.928819894790649414e-01,5.016599893569946289e-01,9.076307415962219238e-01
7.357436418533325195e-01,-8.623989224433898926e-01,-3.675936460494995117e-01,5.141378194093704224e-02
-9.610550403594970703e-01,8.128881454467773438e-02,-8.638575077056884766e-01,8.263106346130371094e-01
3.018510341644287109e-02,-2.007810473442077637e-01,8.210264444351196289e-01,2.516151666641235352e-01
-3.576443195343017578e-01,-3.740690946578979492e-01,2.774289846420288086e-01,6.499474048614501953e-01
-7.913129329681396484e-01,-9.184911847114562988e-01,-4.424367547035217285e-01,7.472836971282958984e-01
2.218083143234252930e-01,8.927996158599853516e-01,-9.342157840728759766e-02,5.640221238136291504e-01
-3.521187305450439453e-01,1.173547506332397461e-01,8.695904016494750977e-01,2.350012511014938354e-01
-4.935160875320434570e-01,-6.132426261901855469e-01,4.237594604492187500e-01,9.416378736495971680e-01
-9.744047522544860840e-01,3.134108781814575195e-01,8.099150657653808594e-01,3.509855568408966064e-01
2.158868312835693359e-02,-2.654067277908325195e-01,-8.956152200698852539e-02,4.249166548252105713e-01
-8.416565656661987305e-01,2.437998056411743164e-01,7.400164604187011719e-01,6.170386075973510742e-01
-9.425604939460754395e-01,-2.223647832870483398e-01,-2.432541847229003906e-01,8.664609789848327637e-01
2.809777259826660156e-01,-1.501179933547973633e-01,1.833817958831787109e-01,6.883864402770996094e-01
5.776757001876831055e-01,-9.797898530960083008e-01,1.596428155899047852e-01,2.837621271610260010e-01
-9.530188441276550293e-01,9.375514984130859375e-01,5.902426242828369141e-01,3.235508799552917480e-01
-5.076009035110473633e-02,9.157056808471679688e-01,-2.032922506332397461e-01,8.558585643768310547e-01
-6.538338661193847656e-01,3.843461275100708008e-01,9.015733003616333008e-01,6.121779084205627441e-01
4.542748928070068359e-01,2.893126010894775391e-02,8.447492122650146484e-02,6.911290287971496582e-01
-8.918584585189819336e-01,1.861048936843872070e-01,1.427383422851562500e-01,5.850067138671875000e-01
7.312483787536621094e-01,-9.116692543029785156e-01,7.478207349777221680e-01,4.068646430969238281e-01
4.859216213226318359e-01,9.572540521621704102e-01,3.668391704559326172e-02,8.247513175010681152e-01
9.989056587219238281e-01,-1.216372847557067871e-01,-6.432480812072753906e-01,6.410917043685913086e-01
8.066951036453247070e-01,9.373035430908203125e-01,-3.864169716835021973e-01,1.795257031917572021e-01
-8.100747466087341309e-01,-7.096344232559204102e-01,-6.249749660491943359e-01,1.682177037000656128e-01
-4.018559455871582031e-01,-8.630371093750000000e-01,-2.235196828842163086e-01,3.487288653850555420e-01
2.607932090759277344e-01,-1.296201348304748535e-01,8.238857984542846680e-01,7.936785817146301270e-01
7.137277126312255859e-01,-2.160478234291076660e-01,-1.523813009262084961e-01,4.141137301921844482e-01
8.515912294387817383e-01,4.625437259674072266e-01,8.321325778961181641e-01,4.406251013278961182e-01
8.645963668823242188e-01,-7.715752124786376953e-01,-4.163275361061096191e-01,4.696873128414154053e-01
-1.609040498733520508e-01,-7.002125978469848633e-01,-1.541374921798706055e-01,3.428761959075927734e-01
-9.259158372879028320e-01,-1.800477504730224609e-02,9.409482479095458984e-01,9.222525171935558319e-03
7.081996202468872070e-01,2.353163957595825195e-01,8.173751831054687500e-01,6.060011982917785645e-01
-3.650721311569213867e-01,6.570835113525390625e-01,7.587825059890747070e-01,4.117137193679809570e-01
8.614976406097412109e-01,-7.409641146659851074e-01,-4.247868061065673828e-02,9.650455117225646973e-01
-7.655984163284301758e-02,-7.559816837310791016e-01,9.222217798233032227e-01,6.096394658088684082e-01
-3.797454833984375000e-01,8.493809700012207031e-01,5.378481149673461914e-01,2.536543272435665131e-02
-7.249538898468017578e-01,8.017861843109130859e-01,-8.283016085624694824e-01,8.593730628490447998e-02
2.472397089004516602e-01,-8.956052064895629883e-01,9.900149106979370117e-01,7.176693677902221680e-01
-7.348128557205200195e-01,-2.976174354553222656e-01,-3.267166614532470703e-01,9.731705784797668457e-01
5.178060531616210938e-01,4.086045026779174805e-01,-5.411421060562133789e-01,6.110495924949645996e-01
-4.029434919357299805e-01,9.669362306594848633e-01,5.008044242858886719e-01,6.937774419784545898e-01
8.339750766754150391e-02,-9.477502107620239258e-01,-8.801636099815368652e-01,3.918859064579010010e-01
6.718420982360839844e-02,-6.547731161117553711e-01,-4.558500647544860840e-01,4.918772280216217041e-01
-8.956354856491088867e-02,5.563850402832031250e-01,7.607666254043579102e-01,1.575668454170227051e-01
8.950234651565551758e-01,9.556425809860229492e-01,-5.275602936744689941e-01,9.580064415931701660e-01
5.057098865509033203e-01,9.466207027435302734e-01,4.534995555877685547e-01,9.782590866088867188e-01
-2.155013084411621094e-01,8.748910427093505859e-01,-7.794797420501708984e-01,3.223985731601715088e-01
6.351882219314575195e-01,-1.627382636070251465e-01,-9.633280038833618164e-01,1.600192487239837646e-01
7.361667156219482422e-01,3.728951215744018555e-01,-5.800234079360961914e-01,4.159378707408905029e-01
-1.761955022811889648e-01,4.205864667892456055e-01,6.675955057144165039e-01,2.882016003131866455e-01
8.099570274353027344e-01,9.954135417938232422e-01,4.922572374343872070e-01,9.080567359924316406e-01
8.227348327636718750e-03,-3.931822776794433594e-01,-6.399487257003784180e-01,9.533752799034118652e-01
-1.398259401321411133e-01,-7.277045249938964844e-01,2.109392881393432617e-01,2.525169402360916138e-02
2.363209724426269531e-01,-7.916120290756225586e-01,-7.465263605117797852e-01,9.617871046066284180e-01
-5.082579851150512695e-01,-8.767536878585815430e-01,-8.442713022232055664e-01,8.461992740631103516e-01
-7.014253139495849609e-01,-1.651931405067443848e-01,5.191278457641601562e-02,2.254161834716796875e-01
7.736463546752929688e-01,5.086982250213623047e-01,2.243561744689941406e-01,1.865980327129364014e-01
8.311455249786376953e-01,6.020253896713256836e-01,4.925552606582641602e-01,1.857225000858306885e-01
-2.974731922149658203e-01,5.025974512100219727e-01,-1.188818812370300293e-01,7.026218175888061523e-01
8.156536817550659180e-01,-1.858820319175720215e-01,6.836992502212524414e-01,7.807670831680297852e-01
-6.666477918624877930e-01,6.073790788650512695e-01,8.169108629226684570e-01,7.895908951759338379e-01
-7.999222278594970703e-01,7.222819328308105469e-02,-9.411081671714782715e-01,4.004233479499816895e-01
3.387559652328491211e-01,-7.195946574211120605e-01,-8.174744844436645508e-01,4.700675010681152344e-01
-3.572775125503540039e-01,1.973714828491210938e-01,-5.532575845718383789e-01,6.212630271911621094e-01
7.521342039108276367e-01,7.791060209274291992e-01,-8.235743641853332520e-01,8.397113084793090820e-01
-6.657767295837402344e-01,-8.387501835823059082e-01,-9.308939576148986816e-01,5.999539494514465332e-01
8.849947452545166016e-01,6.587318181991577148e-01,-3.770489692687988281e-01,8.015441894531250000e-02
7.224292755126953125e-01,7.881742715835571289e-01,-3.721767663955688477e-01,6.795684099197387695e-01
-8.257557749748229980e-01,5.134851932525634766e-01,9.554907083511352539e-01,3.119144141674041748e-01
3.601732254028320312e-01,2.512383460998535156e-02,-8.342355489730834961e-01,8.040423393249511719e-01
-1.941063404083251953e-01,6.041201353073120117e-01,-7.242460250854492188e-01,6.041483953595161438e-03
7.755591869354248047e-01,4.147592782974243164e-01,-3.943741917610168457e-01,5.397906303405761719e-01
3.150216341018676758e-01,4.753242731094360352e-01,-1.795435547828674316e-01,1.846195608377456665e-01
7.975929975509643555e-01,1.343551874160766602e-01,-4.878707528114318848e-01,2.063958048820495605e-01
7.162605524063110352e-01,7.061606645584106445e-01,6.145626306533813477e-01,7.533665299415588379e-01
-2.542995810508728027e-01,-2.577670216560363770e-01,-8.157846927642822266e-01,3.377148509025573730e-01
1.469107866287231445e-01,2.194881439208984375e-02,7.559672594070434570e-01,2.653853595256805420e-01
6.359285116195678711e-01,-5.498656034469604492e-01,4.680984020233154297e-01,9.259127378463745117e-01
7.589745521545410156e-02,1.532236337661743164e-01,8.742858171463012695e-01,1.825129538774490356e-01
9.988043308258056641e-01,3.817803859710693359e-01,-8.350843787193298340e-01,6.618857383728027344e-01
8.813692331314086914e-01,-8.008891344070434570e-02,1.618732213973999023e-01,1.770834475755691528e-01
7.773318290710449219e-01,-9.633051156997680664e-01,-8.696955442428588867e-01,3.682064116001129150e-01
2.902907133102416992e-01,-1.777317523956298828e-01,5.374132394790649414e-01,1.162414103746414185e-01
5.918111801147460938e-01,1.835432052612304688e-01,9.117054939270019531e-02,3.485574722290039062e-01
-9.880801439285278320e-01,-5.948634743690490723e-01,2.862727642059326172e-02,7.227069735527038574e-01
9.495697021484375000e-01,8.493709564208984375e-01,1.435184478759765625e-01,7.800685167312622070e-01
-4.397837519645690918e-01,-3.160949349403381348e-01,-5.459232330322265625e-01,6.006507277488708496e-01
-3.032904863357543945e-01,-5.381518602371215820e-02,-3.467839956283569336e-02,5.484582185745239258e-01
-5.980922579765319824e-01,-8.833065032958984375e-01,-1.849018931388854980e-01,3.337312936782836914e-01
-2.336624264717102051e-01,7.780483961105346680e-01,-5.047057867050170898e-01,4.289302974939346313e-02
-3.815360069274902344e-01,-8.616527915000915527e-01,-9.367239475250244141e-02,2.941651344299316406e-01
-9.474063515663146973e-01,4.828989505767822266e-02,-9.492363333702087402e-01,1.882802397012710571e-01
2.426223754882812500e-01,-2.958034276962280273e-01,-6.235343217849731445e-02,1.956496834754943848e-01
-7.771567106246948242e-01,6.284742355346679688e-01,3.718538284301757812e-01,6.237307786941528320e-01
8.182711601257324219e-01,-5.990920066833496094e-01,-3.651920557022094727e-01,8.467111587524414062e-01
-5.994988679885864258e-01,-6.149169802665710449e-01,-5.818556547164916992e-01,5.988880395889282227e-01
-4.663781523704528809e-01,-3.829776644706726074e-01,-7.822105884552001953e-01,5.583239197731018066e-01
-1.504902243614196777e-01,-8.922860026359558105e-01,-8.398008346557617188e-01,4.333114922046661377e-01
9.462548494338989258e-01,2.451877593994140625e-01,4.932335615158081055e-01,3.204299211502075195e-01
2.981022596359252930e-01,-1.750025749206542969e-01,9.492024183273315430e-01,4.016030430793762207e-01
-5.549772977828979492e-01,-1.521697044372558594e-01,-6.667186021804809570e-01,1.255305260419845581e-01
8.943960666656494141e-01,-6.718002557754516602e-01,-7.625005841255187988e-01,4.991494417190551758e-01
7.549425363540649414e-01,8.770896196365356445e-01,-6.182855367660522461e-01,7.552114129066467285e-01
3.862854242324829102e-01,3.008692264556884766e-01,6.139024496078491211e-01,9.505398869514465332e-01
-2.628468275070190430e-01,-2.263152599334716797e-02,8.608758449554443359e-02,5.667377114295959473e-01
4.641416072845458984e-01,2.113449573516845703e-01,1.209199428558349609e-01,1.834497153759002686e-01
9.777871370315551758e-01,-6.133112907409667969e-01,8.305127620697021484e-01,9.100162982940673828e-01
1.629468202590942383e-01,5.183924436569213867e-01,1.369549036026000977e-01,1.811648160219192505e-01
6.868326663970947266e-01,-2.917394042015075684e-01,-4.277878403663635254e-01,4.307334721088409424e-01
-3.827301859855651855e-01,-8.887469768524169922e-02,5.743606090545654297e-01,4.445727467536926270e-01
-2.356597781181335449e-01,-4.803013801574707031e-02,-9.845602512359619141e-01,3.464427962899208069e-02
-2.601385116577148438e-03,-2.678409218788146973e-01,-5.943415164947509766e-01,7.562292218208312988e-01
-1.923018693923950195e-01,2.647701501846313477e-01,-4.550467133522033691e-01,5.331813097000122070e-01
8.268752098083496094e-01,6.796722412109375000e-01,8.142740726470947266e-01,2.967297732830047607e-01
4.769912958145141602e-01,6.997517347335815430e-01,6.144448518753051758e-01,3.626902103424072266e-01
-9.606794714927673340e-01,7.015135288238525391e-01,-1.112358570098876953e-01,8.698508143424987793e-01
-4.233870506286621094e-01,-8.721763491630554199e-01,-7.788607478141784668e-01,6.428954005241394043e-01
-8.339942693710327148e-01,-5.499703884124755859e-01,8.637528419494628906e-01,1.813929229974746704e-01
4.480381011962890625e-01,-4.803903698921203613e-01,4.555660486221313477e-01,1.671488583087921143e-01
1.031875610351562500e-02,-5.279273390769958496e-01,7.727698087692260742e-01,8.523374199867248535e-01
1.606062650680541992e-01,-4.352920651435852051e-01,-9.521801471710205078e-01,8.989164829254150391e-01
4.853785037994384766e-02,4.892556667327880859e-01,9.072718620300292969e-01,6.974706053733825684e-01
1.606054306030273438e-01,-4.210489392280578613e-01,9.721099138259887695e-01,3.017360270023345947e-01
9.129384756088256836e-01,-9.310570359230041504e-01,-9.940421581268310547e-02,2.882550656795501709e-01
6.437766551971435547e-02,1.577460765838623047e-02,4.198594093322753906e-01,7.083525061607360840e-01
-6.355343461036682129e-01,8.589341640472412109e-01,-4.023939371109008789e-02,9.391362220048904419e-02
-8.245655298233032227e-01,-6.064218282699584961e-01,-6.005344390869140625e-01,8.005813360214233398e-01
-4.379171133041381836e-01,1.456969976425170898e-01,3.773847818374633789e-01,5.950689315795898438e-01
6.700381040573120117e-01,-5.322804450988769531e-01,8.987629413604736328e-02,9.691187143325805664e-01
3.407205343246459961e-01,6.027508974075317383e-01,1.717435121536254883e-01,8.323705196380615234e-01
-3.264978528022766113e-01,-7.831937074661254883e-02,1.391960382461547852e-01,5.319017767906188965e-01
7.181982994079589844e-01,3.876709938049316406e-02,-6.196148395538330078e-01,5.501979589462280273e-01
2.639138698577880859e-02,-1.461350321769714355e-01,1.961386203765869141e-02,7.405952364206314087e-02
-2.235413193702697754e-01,-9.935509562492370605e-01,-8.556758761405944824e-01,1.759398132562637329e-01
6.360143423080444336e-01,-3.128265142440795898e-01,4.716062545776367188e-01,5.360675454139709473e-01
-8.925544619560241699e-01,2.458827495574951172e-01,-1.153969764709472656e-01,8.716886639595031738e-01
3.260501623153686523e-01,5.580644607543945312e-01,-2.755842804908752441e-01,3.582031428813934326e-01
-4.715163707733154297e-01,5.014584064483642578e-01,6.757397651672363281e-01,2.870961427688598633e-01
9.153490066528320312e-01,6.177568435668945312e-02,-7.572228908538818359e-01,3.052011132240295410e-01
7.797267436981201172e-01,1.510337591171264648e-01,4.650214910507202148e-01,2.724481821060180664e-01
-1.427674293518066406e-02,-6.355644464492797852e-01,-4.061746001243591309e-01,4.340620338916778564e-01
-7.269519567489624023e-02,-1.451052427291870117e-01,-7.017589807510375977e-01,5.748924612998962402e-01
7.601430416107177734e-01,6.782200336456298828e-01,5.928879976272583008e-01,1.833956390619277954e-01
-2.290897369384765625e-01,-5.796189904212951660e-01,8.444669246673583984e-01,6.927270293235778809e-01
-6.839075088500976562e-01,-9.035531282424926758e-01,-6.443738937377929688e-02,5.643099546432495117e-01
-6.920199990272521973e-01,-5.301495194435119629e-01,-8.766412734985351562e-01,2.656463682651519775e-01
-7.173942327499389648e-01,-4.147812724113464355e-01,-7.385320663452148438e-01,8.874786435626447201e-04
-3.704780340194702148e-02,1.352381706237792969e-02,6.697891950607299805e-01,8.595269918441772461e-01
3.756368160247802734e-02,-9.370893239974975586e-02,3.006242513656616211e-01,4.934711754322052002e-01
-4.088986515998840332e-01,7.724735736846923828e-01,-6.469078063964843750e-01,5.882384181022644043e-01
-8.658781647682189941e-01,-8.070614337921142578e-01,-4.405323266983032227e-01,5.215790867805480957e-01
5.202829837799072266e-02,2.229177951812744141e-02,-6.489406824111938477e-01,6.879446506500244141e-01
-7.568385004997253418e-01,9.527990818023681641e-01,3.488463163375854492e-01,2.922000288963317871e-01
-3.110272884368896484e-01,-1.819698810577392578e-01,-3.930146098136901855e-01,9.780734032392501831e-02
1.029692888259887695e-01,8.156683444976806641e-01,5.423911809921264648e-01,7.250953912734985352e-01
-5.271704196929931641e-01,9.799073934555053711e-01,8.696075677871704102e-01,6.752977520227432251e-02
-7.708328962326049805e-02,1.200871467590332031e-01,-3.364258408546447754e-01,4.444780349731445312e-01
2.493953704833984375e-01,9.690495729446411133e-01,3.810091018676757812e-01,7.120430469512939453e-02
-5.117567777633666992e-01,3.310197591781616211e-01,3.901841640472412109e-01,3.205558061599731445e-01
-8.021953105926513672e-01,5.276355743408203125e-01,7.872676849365234375e-02,8.110479712486267090e-01
7.901549339294433594e-01,7.282959222793579102e-01,-3.019931912422180176e-01,4.145900160074234009e-02
-6.887677311897277832e-01,7.628194093704223633e-01,-3.608143329620361328e-02,9.211352467536926270e-01
6.412364244461059570e-01,-5.116026401519775391e-01,5.623818635940551758e-01,2.733169794082641602e-01
-6.721926927566528320e-01,-8.609163761138916016e-01,-9.178013205528259277e-01,5.333726406097412109e-01
-8.310269713401794434e-01,-7.788158655166625977e-01,7.664465904235839844e-01,9.565533995628356934e-01
2.238301038742065430e-01,8.921142816543579102e-01,6.341075897216796875e-01,4.564184844493865967e-01
-1.793676614761352539e-01,7.625377178192138672e-01,2.697491645812988281e-01,3.900669813156127930e-01
5.386341810226440430e-01,-1.971155405044555664e-01,5.209611654281616211e-01,6.538117527961730957e-01
-6.029706001281738281e-01,2.383971214294433594e-02,-8.677353858947753906e-01,6.484766006469726562e-01
3.877224922180175781e-01,-4.105672836303710938e-01,-2.571628689765930176e-01,9.561055302619934082e-01
-6.997703909873962402e-01,-8.087612390518188477e-01,-2.822912335395812988e-01,9.526394605636596680e-01
5.601372718811035156e-01,2.796489000320434570e-01,9.307415485382080078e-01,8.191571384668350220e-02
2.939753532409667969e-01,5.869705677032470703e-01,5.573780536651611328e-01,8.607730865478515625e-01
1.531660556793212891e-02,6.916723251342773438e-01,-5.982704162597656250e-01,1.406111475080251694e-02
-3.870290517807006836e-01,8.126107454299926758e-01,3.025729656219482422e-01,8.701127767562866211e-01
-3.855669498443603516e-02,-7.151873111724853516e-01,3.639571666717529297e-01,2.328205853700637817e-01
6.723058223724365234e-01,-6.062936782836914062e-01,-4.755476713180541992e-01,7.915912270545959473e-01
-8.802846670150756836e-01,6.799573898315429688e-01,8.143708705902099609e-01,3.311597108840942383e-01
-9.179107546806335449e-01,3.852035999298095703e-01,-9.834408760070800781e-01,6.765623688697814941e-01
3.635134696960449219e-01,4.722719192504882812e-01,2.574459314346313477e-01,2.901647388935089111e-01
-6.899486780166625977e-01,8.596410751342773438e-01,6.355639696121215820e-01,7.320783734321594238e-01
-4.982474446296691895e-01,9.124132394790649414e-01,-7.356166839599609375e-02,4.934051930904388428e-01
-5.300054550170898438e-01,4.795757532119750977e-01,-8.916403651237487793e-01,9.711409211158752441e-01
-5.046147108078002930e-02,9.125976562500000000e-01,2.147853374481201172e-02,5.413700342178344727e-01
-7.165898084640502930e-01,-7.973182797431945801e-01,-2.250058650970458984e-01,8.959778547286987305e-01
-6.451038718223571777e-01,3.088566064834594727e-01,-8.116537332534790039e-01,1.121061891317367554e-01
2.504020929336547852e-01,1.072807312011718750e-01,-5.980986952781677246e-01,8.162531256675720215e-01
8.323570489883422852e-01,-9.277670979499816895e-01,-2.944361567497253418e-01,6.699619889259338379e-01
-2.682977914810180664e-01,1.129883527755737305e-01,-3.035234212875366211e-01,7.354574799537658691e-01
4.369297027587890625e-01,9.139320850372314453e-01,7.040014266967773438e-01,4.307439625263214111e-01
9.058567285537719727e-01,-7.971913814544677734e-01,-9.345491528511047363e-01,3.485127985477447510e-01
-9.393171072006225586e-01,8.395951986312866211e-01,1.631467342376708984e-01,3.675041198730468750e-01
2.506755590438842773e-01,9.009051322937011719e-01,-8.478851318359375000e-01,9.827575683593750000e-01
5.022231340408325195e-01,-8.424168825149536133e-02,2.462173700332641602e-01,5.342422127723693848e-01
-7.707819938659667969e-01,2.947380542755126953e-01,7.039606571197509766e-02,1.313833594322204590e-01
-4.610397815704345703e-01,-3.942365646362304688e-01,-9.050333499908447266e-01,4.784195721149444580e-01
-5.216944217681884766e-02,-3.793983459472656250e-01,7.863851785659790039e-01,6.366452574729919434e-01
5.744614601135253906e-01,-8.440998792648315430e-01,-4.799774289131164551e-01,6.536114811897277832e-01
5.519119501113891602e-01,8.801432847976684570e-01,-5.260094404220581055e-01,5.818679928779602051e-01
-6.014972925186157227e-01,-9.499496817588806152e-01,-9.708598852157592773e-01,1.588040888309478760e-01
-5.311962366104125977e-01,-5.546129941940307617e-01,9.998296499252319336e-01,9.635173678398132324e-01
-9.815400838851928711e-01,-3.285581469535827637e-01,-3.679080009460449219e-01,4.937886893749237061e-01
-9.989978075027465820e-01,-4.545626044273376465e-01,-2.282931804656982422e-01,7.439993023872375488e-01
-5.287493467330932617e-01,-4.489189386367797852e-02,-7.458682656288146973e-01,8.703316450119018555e-01
-3.436734080314636230e-01,1.417477130889892578e-01,-8.157074451446533203e-03,3.711437284946441650e-01
1.764709949493408203e-01,3.517119884490966797e-01,1.003032922744750977e-01,6.830664277076721191e-01
9.631758928298950195e-01,-3.517914414405822754e-01,-5.228228569030761719e-01,3.033848851919174194e-02
-6.585787534713745117e-01,9.956443309783935547e-01,5.077894926071166992e-01,8.196996897459030151e-02
3.279452323913574219e-01,-6.222911477088928223e-01,5.282065868377685547e-01,7.027913928031921387e-01
3.919942378997802734e-01,-8.444981575012207031e-01,-1.958162188529968262e-01,9.876687079668045044e-02
-6.130343079566955566e-01,-7.184656262397766113e-01,3.991662263870239258e-01,3.219003975391387939e-02
-3.542917370796203613e-01,-8.173249363899230957e-01,8.334239721298217773e-01,8.995088934898376465e-01
5.636612176895141602e-01,-2.733055353164672852e-01,2.906610965728759766e-01,7.636628150939941406e-01
5.578064918518066406e-02,-6.667497158050537109e-01,6.677345037460327148e-01,9.438347816467285156e-01
-3.535488843917846680e-01,2.983895540237426758e-01,3.434708118438720703e-01,1.415446102619171143e-01
-4.292482137680053711e-02,-4.760382771492004395e-01,9.803175926208496094e-01,3.624457418918609619e-01
8.476912975311279297e-02,-9.631306529045104980e-01,9.157911539077758789e-01,4.541152715682983398e-01
3.543682098388671875e-01,3.966770172119140625e-01,-5.990429520606994629e-01,2.646895349025726318e-01
-6.230800151824951172e-01,4.051415920257568359e-01,-8.018065690994262695e-01,5.282509922981262207e-01
3.518140316009521484e-01,-1.622110009193420410e-01,2.082027196884155273e-01,9.723931550979614258e-02
-3.785921931266784668e-01,-8.628094196319580078e-02,7.896982431411743164e-01,3.940094709396362305e-01
-3.845762014389038086e-01,-8.145087957382202148e-02,-7.457906007766723633e-01,7.575424313545227051e-01
-3.615725636482238770e-01,4.626619815826416016e-02,4.514697790145874023e-01,2.837221920490264893e-01
6.779700517654418945e-01,-9.695291519165039062e-01,-2.166321277618408203e-01,1.448134630918502808e-01
-1.399830579757690430e-01,-4.454421401023864746e-01,-7.852559685707092285e-01,8.582037687301635742e-01
-8.591579794883728027e-01,-4.383630752563476562e-01,-9.162184596061706543e-01,7.262390106916427612e-03
-2.351481318473815918e-01,9.406908750534057617e-01,-2.077092528343200684e-01,3.255923092365264893e-01
9.963309764862060547e-01,-5.569862127304077148e-01,3.365882635116577148e-01,6.004206538200378418e-01
-3.304153084754943848e-01,7.899291515350341797e-01,-8.631615638732910156e-01,5.140017867088317871e-01
-7.719296216964721680e-02,4.564795494079589844e-01,5.893154144287109375e-01,1.138206049799919128e-01
-2.690863609313964844e-02,6.082925796508789062e-01,-8.883691430091857910e-01,1.678512841463088989e-01
2.377210855484008789e-01,-9.601557254791259766e-02,-4.143517613410949707e-01,1.853819787502288818e-01
9.354709386825561523e-01,6.764388084411621094e-02,-5.991933345794677734e-01,1.102968901395797729e-01
-4.156792163848876953e-02,-5.736036300659179688e-01,-8.437379598617553711e-01,1.083756089210510254e-01
9.026478528976440430e-01,3.314884901046752930e-01,-5.005726814270019531e-01,4.875654578208923340e-01
4.466339349746704102e-01,-6.270712614059448242e-02,4.275023937225341797e-01,1.776888370513916016e-01
-4.217777848243713379e-01,6.124491691589355469e-01,-1.293752193450927734e-01,8.320248126983642578e-01
2.830166816711425781e-01,-7.898949980735778809e-01,-1.451247930526733398e-02,5.618408918380737305e-01
-7.258375883102416992e-01,3.884054422378540039e-01,8.422702550888061523e-01,1.015979126095771790e-01
6.599031686782836914e-01,-3.753589391708374023e-01,-9.229556322097778320e-01,6.728883385658264160e-01
6.301498413085937500e-01,-4.048239588737487793e-01,-7.928174734115600586e-02,4.618957340717315674e-01
-7.354604005813598633e-01,-1.785160899162292480e-01,3.787153959274291992e-01,6.298312544822692871e-01
-4.154062867164611816e-01,-6.373882293701171875e-03,-4.287223219871520996e-01,3.214782178401947021e-01
-2.663782835006713867e-01,5.021146535873413086e-01,7.671232223510742188e-01,1.538910418748855591e-01
5.032013654708862305e-01,3.852254152297973633e-01,-1.967527866363525391e-01,6.276027560234069824e-01
-4.640417695045471191e-01,-4.469277262687683105e-01,9.119684696197509766e-01,4.497924745082855225e-01
6.596969366073608398e-01,1.499888896942138672e-01,2.604304552078247070e-01,5.921337604522705078e-01
-8.855766057968139648e-02,7.179753780364990234e-01,-3.461242318153381348e-01,1.080517563968896866e-02
-3.080302476882934570e-01,-1.152345538139343262e-01,3.422186374664306641e-01,6.813613772392272949e-01
-3.298711776733398438e-02,2.118051052093505859e-01,-2.806946635246276855e-01,4.327425658702850342e-01
-1.828919053077697754e-01,-6.704102754592895508e-01,-2.704483270645141602e-01,5.671707987785339355e-01
9.017682075500488281e-01,9.531193971633911133e-01,-9.877938032150268555e-01,6.351124048233032227e-01
-4.224131703376770020e-01,-8.565403819084167480e-01,-6.073172092437744141e-01,9.712878465652465820e-01
8.674156665802001953e-01,7.099313735961914062e-01,-2.410391569137573242e-01,3.045613467693328857e-01
-3.014828562736511230e-01,-4.526656270027160645e-01,-1.815536022186279297e-01,2.679403722286224365e-01
8.516906499862670898e-01,5.967926979064941406e-02,-5.311048030853271484e-02,7.509599924087524414e-01
-8.673895597457885742e-01,3.491386175155639648e-01,-2.016649842262268066e-01,6.716361045837402344e-01
-8.394876122474670410e-01,-8.278417587280273438e-02,-8.254182338714599609e-01,4.234008118510246277e-02
-8.403447270393371582e-01,3.478416204452514648e-01,-7.395004034042358398e-01,7.315751314163208008e-01
-9.308817386627197266e-01,1.348839998245239258e-01,-2.531433105468750000e-02,9.333503246307373047e-01
-7.903017401695251465e-01,-3.141995072364807129e-01,-5.522594451904296875e-01,8.405926823616027832e-01
5.375549793243408203e-01,1.310656070709228516e-01,-5.463440418243408203e-01,1.740905344486236572e-01
-4.281364679336547852e-01,-6.490982770919799805e-01,-2.364063858985900879e-01,4.041402935981750488e-01
-9.613622426986694336e-01,-5.934822559356689453e-01,-7.208116054534912109e-01,9.984452128410339355e-01
-3.309742212295532227e-01,-4.971746206283569336e-01,-7.708654403686523438e-01,2.816257178783416748e-01
9.190531969070434570e-01,-6.793565154075622559e-01,-6.029998064041137695e-01,3.009380400180816650e-01
3.497328758239746094e-01,-6.102129220962524414e-01,3.253927230834960938e-01,4.215424954891204834e-01
-7.550480365753173828e-01,7.853050231933593750e-01,-2.449465990066528320e-01,1.119215190410614014e-01
