0.00000000e+00,9.38836906e+00,1.14178587e+01
1.00000000e+01,3.41662580e+00,4.07314014e+00
2.00000000e+01,2.46054369e+00,3.19375659e+00
3.00000000e+01,1.59258786e+00,2.44731903e+00
4.00000000e+01,1.20382233e+00,2.80856431e+00
5.00000000e+01,1.01798429e+00,1.59651679e+00
6.00000000e+01,9.18266099e-01,1.40764776e+00
7.00000000e+01,7.34266143e-01,1.01203598e+00
8.00000000e+01,6.10139158e-01,8.55945408e-01
9.00000000e+01,5.66677781e-01,7.95393715e-01
1.00000000e+02,5.49332827e-01,2.59023217e+00
1.10000000e+02,4.51159645e-01,1.14332822e+00
1.20000000e+02,3.83254617e-01,1.22268222e+00
1.30000000e+02,3.89127836e-01,7.45940953e-01
1.40000000e+02,3.12688985e-01,7.11375794e-01
1.50000000e+02,3.05456459e-01,5.41079964e-01
1.60000000e+02,2.77039161e-01,6.06659687e-01
1.70000000e+02,2.60112940e-01,5.50066018e-01
1.80000000e+02,2.40490633e-01,6.12725820e-01
1.90000000e+02,2.08663229e-01,3.84756017e-01
2.00000000e+02,1.99960701e-01,7.35874411e-01
2.10000000e+02,1.74120576e-01,4.01289126e-01
2.20000000e+02,1.82426380e-01,4.56167502e-01
2.30000000e+02,1.69258205e-01,3.50445034e-01
2.40000000e+02,1.35471114e-01,4.76281686e-01
2.50000000e+02,1.66800595e-01,4.44736035e-01
2.60000000e+02,1.46939457e-01,2.68495815e-01
2.70000000e+02,1.27954411e-01,3.59390369e-01
2.80000000e+02,1.09630493e-01,3.01725314e-01
2.90000000e+02,1.23316561e-01,2.37191003e-01
3.00000000e+02,1.03366586e-01,2.30243103e-01
3.10000000e+02,1.17960184e-01,3.12664813e-01
3.20000000e+02,1.27345695e-01,3.03986704e-01
3.30000000e+02,1.05540209e-01,3.63649630e-01
3.40000000e+02,1.07117916e-01,2.56723027e-01
3.50000000e+02,9.46128911e-02,2.28726574e-01
3.60000000e+02,1.06085714e-01,2.23879417e-01
3.70000000e+02,9.86211752e-02,3.34733197e-01
3.80000000e+02,9.53657927e-02,2.48879557e-01
3.90000000e+02,8.48226469e-02,2.21591881e-01
4.00000000e+02,9.38064838e-02,2.91794557e-01
4.10000000e+02,8.22178037e-02,3.53133219e-01
4.20000000e+02,9.23336125e-02,1.81592899e-01
4.30000000e+02,8.03351987e-02,2.79284912e-01
4.40000000e+02,7.46079215e-02,1.82601214e-01
4.50000000e+02,8.19904641e-02,2.81058037e-01
4.60000000e+02,7.88481419e-02,2.97141767e-01
4.70000000e+02,6.49959202e-02,1.73338077e-01
4.80000000e+02,6.82288778e-02,1.98941095e-01
4.90000000e+02,6.36368841e-02,2.14166055e-01
5.00000000e+02,6.10322256e-02,1.79939668e-01
5.10000000e+02,5.54357253e-02,2.84160332e-01
5.20000000e+02,6.85058814e-02,2.68826062e-01
5.30000000e+02,5.37231958e-02,1.61791364e-01
5.40000000e+02,6.33406679e-02,1.56109968e-01
5.50000000e+02,6.09550551e-02,2.22894084e-01
5.60000000e+02,6.10023523e-02,1.33090828e-01
5.70000000e+02,6.23927964e-02,2.60358088e-01
5.80000000e+02,4.77265267e-02,1.72488279e-01
5.90000000e+02,4.79641964e-02,1.97242605e-01
6.00000000e+02,4.54852281e-02,1.82536197e-01
6.10000000e+02,4.62320163e-02,1.36469261e-01
6.20000000e+02,7.85444226e-02,2.07696481e-01
6.30000000e+02,4.15673949e-02,1.11498571e-01
6.40000000e+02,4.85264149e-02,1.26525959e-01
6.50000000e+02,5.18447426e-02,1.31400100e-01
6.60000000e+02,4.49476779e-02,2.23944177e-01
6.70000000e+02,4.86769936e-02,1.72804488e-01
6.80000000e+02,4.21588100e-02,1.67780204e-01
6.90000000e+02,4.39799104e-02,1.72319438e-01
7.00000000e+02,4.16940624e-02,1.51946444e-01
7.10000000e+02,3.94396309e-02,1.49683989e-01
7.20000000e+02,4.41659888e-02,3.97092984e-01
7.30000000e+02,3.72703192e-02,2.03303809e-01
7.40000000e+02,4.29886167e-02,1.80694423e-01
7.50000000e+02,4.39674305e-02,9.36046442e-02
7.60000000e+02,3.59748320e-02,1.10619778e-01
7.70000000e+02,3.66318129e-02,1.26121245e-01
7.80000000e+02,3.25551908e-02,1.16045220e-01
7.90000000e+02,4.62094545e-02,1.49287647e-01
8.00000000e+02,3.22631242e-02,9.14623609e-02
8.10000000e+02,3.47500840e-02,1.57846021e-01
8.20000000e+02,4.45588665e-02,1.42361509e-01
8.30000000e+02,3.13849635e-02,1.10429207e-01
8.40000000e+02,2.75742997e-02,1.33362451e-01
8.50000000e+02,3.38313618e-02,1.02827308e-01
8.60000000e+02,3.28282748e-02,1.46833231e-01
8.70000000e+02,3.19330577e-02,1.11951220e-01
8.80000000e+02,3.40951128e-02,2.14747742e-01
8.90000000e+02,2.86643858e-02,1.15746086e-01
9.00000000e+02,2.94407567e-02,1.31852138e-01
9.10000000e+02,3.37312019e-02,1.43388441e-01
9.20000000e+02,2.81712193e-02,6.42697666e-02
9.30000000e+02,2.62010297e-02,9.17261923e-02
9.40000000e+02,2.81145651e-02,1.28815649e-01
9.50000000e+02,3.07908307e-02,1.50067291e-01
9.60000000e+02,3.22338832e-02,7.36448622e-02
9.70000000e+02,2.84802066e-02,1.04501294e-01
9.80000000e+02,2.57942920e-02,9.90286331e-02
9.90000000e+02,2.61652191e-02,1.12718787e-01
1.00000000e+03,1.96844565e-02,6.06786235e-02
1.01000000e+03,2.16022679e-02,7.54688827e-02
1.02000000e+03,3.05259060e-02,1.60801054e-01
1.03000000e+03,2.96964880e-02,1.00874301e-01
1.04000000e+03,1.92390967e-02,1.17483263e-01
1.05000000e+03,2.03594152e-02,1.63086413e-01
1.06000000e+03,2.31605715e-02,8.08209190e-02
1.07000000e+03,2.13920248e-02,1.54788157e-01
1.08000000e+03,3.30449252e-02,1.68644736e-01
1.09000000e+03,2.44811408e-02,1.36177630e-01
1.10000000e+03,3.11912402e-02,9.93854832e-02
1.11000000e+03,2.47389653e-02,1.24169022e-01
1.12000000e+03,2.30466374e-02,1.26340077e-01
1.13000000e+03,1.97690979e-02,1.35384356e-01
1.14000000e+03,2.17256914e-02,9.03515855e-02
1.15000000e+03,2.21194068e-02,8.55639700e-02
1.16000000e+03,1.64531894e-02,9.25612755e-02
1.17000000e+03,1.91351202e-02,1.47052193e-01
1.18000000e+03,1.54270222e-02,2.00680093e-01
1.19000000e+03,1.49875756e-02,8.90967690e-02
1.20000000e+03,1.81912472e-02,8.23921242e-02
1.21000000e+03,1.66150221e-02,1.01501371e-01
1.22000000e+03,1.40240278e-02,1.12251440e-01
1.23000000e+03,1.53795355e-02,1.10909366e-01
1.24000000e+03,1.41981805e-02,1.45903382e-01
1.25000000e+03,2.06433692e-02,1.18692529e-01
1.26000000e+03,1.90856155e-02,1.29107047e-01
1.27000000e+03,1.88245020e-02,1.04539502e-01
1.28000000e+03,1.48590109e-02,8.60137182e-02
1.29000000e+03,1.66143478e-02,6.61678539e-02
1.30000000e+03,1.50554816e-02,9.64139671e-02
1.31000000e+03,1.99586275e-02,1.04443287e-01
1.32000000e+03,1.87616012e-02,1.11387369e-01
1.33000000e+03,1.50594134e-02,7.79413580e-02
1.34000000e+03,1.42556891e-02,3.57263559e-02
1.35000000e+03,1.24107510e-02,9.94447196e-02
1.36000000e+03,1.27368051e-02,1.54551279e-01
1.37000000e+03,1.53098118e-02,5.32293621e-02
1.38000000e+03,1.21687705e-02,9.68099450e-02
1.39000000e+03,1.28668554e-02,1.08534628e-01
1.40000000e+03,1.60078410e-02,8.40940991e-02
1.41000000e+03,1.51361215e-02,1.25097647e-01
1.42000000e+03,1.40815289e-02,8.37294239e-02
1.43000000e+03,1.43240085e-02,6.31673139e-02
1.44000000e+03,1.29236096e-02,6.06955319e-02
1.45000000e+03,1.05516406e-02,6.40430704e-02
1.46000000e+03,1.07047810e-02,3.57453414e-02
1.47000000e+03,1.14428459e-02,1.23428642e-01
1.48000000e+03,9.63229986e-03,6.38556800e-02
1.49000000e+03,1.15705159e-02,6.61702405e-02
1.50000000e+03,1.05661232e-02,5.93374113e-02
1.51000000e+03,9.62612923e-03,8.18844028e-02
1.52000000e+03,8.80757289e-03,4.87175217e-02
1.53000000e+03,1.63443666e-02,9.06927094e-02
1.54000000e+03,1.06151654e-02,5.69450764e-02
1.55000000e+03,9.60832834e-03,7.39483149e-02
1.56000000e+03,1.27849622e-02,5.94614435e-02
1.57000000e+03,1.25743024e-02,7.54543464e-02
1.58000000e+03,1.08122024e-02,7.84466668e-02
1.59000000e+03,1.47325894e-02,8.83462813e-02
1.60000000e+03,9.95968739e-03,4.98298659e-02
1.61000000e+03,1.19745326e-02,6.96564479e-02
1.62000000e+03,8.76528560e-03,6.49008054e-02
1.63000000e+03,8.05255616e-03,5.57068041e-02
1.64000000e+03,8.29180423e-03,8.39390294e-02
1.65000000e+03,9.78901348e-03,3.04106444e-02
1.66000000e+03,1.00654337e-02,6.03181618e-02
1.67000000e+03,8.11898659e-03,7.51452969e-02
1.68000000e+03,6.83028440e-03,7.52833704e-02
1.69000000e+03,7.62615705e-03,8.61203147e-02
1.70000000e+03,7.26291997e-03,8.80396466e-02
1.71000000e+03,9.23613011e-03,4.24771077e-02
1.72000000e+03,1.01910597e-02,9.47925079e-02
1.73000000e+03,9.25631839e-03,5.31828660e-02
1.74000000e+03,1.25061921e-02,1.38728884e-01
1.75000000e+03,9.24273219e-03,7.60974033e-02
1.76000000e+03,8.20544345e-03,7.44466931e-02
1.77000000e+03,8.38694308e-03,5.82449125e-02
1.78000000e+03,9.40786145e-03,2.88464267e-02
1.79000000e+03,6.79036306e-03,7.06461021e-02
1.80000000e+03,7.60669680e-03,7.71788275e-02
1.81000000e+03,6.23584003e-03,4.26761752e-02
1.82000000e+03,1.57598835e-02,8.33003389e-02
1.83000000e+03,5.58385128e-03,6.99223035e-02
1.84000000e+03,1.22727167e-02,4.55450367e-02
1.85000000e+03,1.09981333e-02,3.78235258e-02
1.86000000e+03,6.32438663e-03,4.66317211e-02
1.87000000e+03,7.55965841e-03,3.05427493e-02
1.88000000e+03,8.87870105e-03,7.84984714e-02
1.89000000e+03,7.13943981e-03,9.19954231e-02
1.90000000e+03,1.52109668e-02,7.81648313e-02
1.91000000e+03,8.70435056e-03,4.82618340e-02
1.92000000e+03,7.06597127e-03,3.14676456e-02
1.93000000e+03,7.77751827e-03,3.27364641e-02
1.94000000e+03,7.81645445e-03,4.63091907e-02
1.95000000e+03,7.04033006e-03,8.87180102e-02
1.96000000e+03,1.16414953e-02,5.83613567e-02
1.97000000e+03,8.08401220e-03,9.63814287e-02
1.98000000e+03,6.85816468e-03,5.96142869e-02
1.99000000e+03,6.32031565e-03,5.74823912e-02
2.00000000e+03,7.99556161e-03,4.15297527e-02
2.01000000e+03,9.28453711e-03,5.07762414e-02
2.02000000e+03,8.20620421e-03,3.32754017e-02
2.03000000e+03,5.74639149e-03,4.21703059e-02
2.04000000e+03,9.76192928e-03,2.54584058e-02
2.05000000e+03,5.90809379e-03,4.89583104e-02
2.06000000e+03,5.25898823e-03,4.39617283e-02
2.07000000e+03,7.59921924e-03,1.96497753e-02
2.08000000e+03,9.20519143e-03,4.47428452e-02
2.09000000e+03,5.98774647e-03,3.21078466e-02
2.10000000e+03,6.84056155e-03,4.28216759e-02
2.11000000e+03,6.91295468e-03,9.12258880e-02
2.12000000e+03,7.77328218e-03,5.53237530e-02
2.13000000e+03,5.39491099e-03,6.74580843e-02
2.14000000e+03,7.27270986e-03,4.59762593e-02
2.15000000e+03,8.62969080e-03,6.18135458e-02
2.16000000e+03,9.45910002e-03,5.93951247e-02
2.17000000e+03,9.89631026e-03,4.69008349e-02
2.18000000e+03,1.01834283e-02,6.21372124e-02
2.19000000e+03,7.57647137e-03,4.32993012e-02
2.20000000e+03,5.43448961e-03,4.18845835e-02
2.21000000e+03,1.30625016e-02,5.00157984e-02
2.22000000e+03,6.95175046e-03,3.62843298e-02
2.23000000e+03,9.61373845e-03,4.97436989e-02
2.24000000e+03,4.28641689e-03,2.35608252e-02
2.25000000e+03,5.85140329e-03,2.67921679e-02
2.26000000e+03,7.97038127e-03,4.64228207e-02
2.27000000e+03,7.03897999e-03,4.45225326e-02
2.28000000e+03,1.17315020e-02,2.40814409e-02
2.29000000e+03,9.37321194e-03,3.42101841e-02
2.30000000e+03,5.89148523e-03,3.70491737e-02
2.31000000e+03,7.50764218e-03,3.01011413e-02
2.32000000e+03,6.85611463e-03,4.41497538e-02
2.33000000e+03,5.39212587e-03,4.55438910e-02
2.34000000e+03,4.84877703e-03,6.39352884e-02
2.35000000e+03,5.68445065e-03,3.19436669e-02
2.36000000e+03,4.71454089e-03,7.41249817e-02
2.37000000e+03,5.18571754e-03,8.32953769e-02
2.38000000e+03,9.15143163e-03,5.49506679e-02
2.39000000e+03,1.02945083e-02,5.02950829e-02
2.40000000e+03,4.84175503e-03,4.64807762e-02
2.41000000e+03,4.86513715e-03,3.10849624e-02
2.42000000e+03,4.92284750e-03,2.95159437e-02
2.43000000e+03,5.60722114e-03,4.65838258e-02
2.44000000e+03,5.99225350e-03,3.85031816e-02
2.45000000e+03,6.85454498e-03,6.06807002e-02
2.46000000e+03,5.35945337e-03,2.18705889e-02
2.47000000e+03,1.14816220e-02,2.70963311e-02
2.48000000e+03,5.24068769e-03,4.48800253e-02
2.49000000e+03,7.39626092e-03,3.30290026e-02
2.50000000e+03,5.13844876e-03,4.64604897e-02
2.51000000e+03,9.08217608e-03,3.29186411e-02
2.52000000e+03,1.18816250e-02,4.04172523e-02
2.53000000e+03,5.44293676e-03,5.81029523e-02
2.54000000e+03,4.42701213e-03,4.67794886e-02
2.55000000e+03,5.47924783e-03,5.11365452e-02
2.56000000e+03,6.23082841e-03,4.24175310e-02
2.57000000e+03,5.46637156e-03,4.88944284e-02
2.58000000e+03,4.12579357e-03,6.24629520e-02
2.59000000e+03,4.70631789e-03,5.52810135e-02
2.60000000e+03,7.71447294e-03,3.54000722e-02
2.61000000e+03,1.08049446e-02,2.74014261e-02
2.62000000e+03,6.06252599e-03,1.79449096e-02
2.63000000e+03,6.29541016e-03,4.22200552e-02
2.64000000e+03,7.30077829e-03,3.12294108e-02
2.65000000e+03,4.83427779e-03,1.85598041e-02
2.66000000e+03,6.19863384e-03,3.19660240e-02
2.67000000e+03,3.18570167e-03,3.67376967e-02
2.68000000e+03,5.98838259e-03,4.01322524e-02
2.69000000e+03,4.29487774e-03,3.95743595e-02
2.70000000e+03,3.86417820e-03,2.91338967e-02
2.71000000e+03,9.81980163e-03,2.67692988e-02
2.72000000e+03,5.31702625e-03,3.57689180e-02
2.73000000e+03,5.15795428e-03,2.94549742e-02
2.74000000e+03,4.11432987e-03,3.76340210e-02
2.75000000e+03,5.99647201e-03,4.90108411e-02
2.76000000e+03,5.39012658e-03,5.73739576e-02
2.77000000e+03,3.74092300e-03,5.47453910e-02
2.78000000e+03,4.18692856e-03,2.20422857e-02
2.79000000e+03,4.84105783e-03,2.17488486e-02
2.80000000e+03,3.87594523e-03,2.72807067e-02
2.81000000e+03,3.71161356e-03,2.52025503e-02
2.82000000e+03,3.54839960e-03,4.22245332e-02
2.83000000e+03,5.57316093e-03,4.19783261e-02
2.84000000e+03,7.27912957e-03,2.22375541e-02
2.85000000e+03,5.66331499e-03,3.46101379e-02
2.86000000e+03,6.22345676e-03,1.86961380e-02
2.87000000e+03,4.49912116e-03,6.24253005e-02
2.88000000e+03,3.82952989e-03,5.66771824e-02
2.89000000e+03,3.22934428e-03,2.61014702e-02
2.90000000e+03,3.54247759e-03,2.18045748e-02
2.91000000e+03,3.91877440e-03,4.69872488e-02
2.92000000e+03,4.40436172e-03,4.12354451e-02
2.93000000e+03,5.08715164e-03,4.30410990e-02
2.94000000e+03,3.39643675e-03,3.68030397e-02
2.95000000e+03,3.29946769e-03,2.27324807e-02
2.96000000e+03,3.30478097e-03,2.61053380e-02
2.97000000e+03,3.08184550e-03,3.00871244e-02
2.98000000e+03,4.25524836e-03,2.37995062e-02
2.99000000e+03,5.35157038e-03,4.82776688e-02
3.00000000e+03,3.61229216e-03,7.15268115e-02
3.01000000e+03,4.06763758e-03,3.59100788e-02
3.02000000e+03,3.19253262e-03,2.88820993e-02
3.03000000e+03,3.08900785e-03,1.62902310e-02
3.04000000e+03,3.44707270e-03,2.26309689e-02
3.05000000e+03,3.04890168e-03,1.93023790e-02
3.06000000e+03,3.29582322e-03,1.79919852e-02
3.07000000e+03,4.03428543e-03,2.09306987e-02
3.08000000e+03,6.22131476e-03,3.87224813e-02
3.09000000e+03,4.31672332e-03,2.92780507e-02
3.10000000e+03,4.21256144e-03,2.19403756e-02
3.11000000e+03,3.83104241e-03,2.28580771e-02
3.12000000e+03,2.92937041e-03,2.56742471e-02
3.13000000e+03,3.14854282e-03,1.50761993e-02
3.14000000e+03,2.80532604e-03,2.71795072e-02
3.15000000e+03,4.49588364e-03,2.06133011e-02
3.16000000e+03,7.98979824e-03,5.14121252e-02
3.17000000e+03,5.00348886e-03,4.91416110e-02
3.18000000e+03,3.68403617e-03,3.52105156e-02
3.19000000e+03,2.71952554e-03,1.18023563e-02
3.20000000e+03,4.20797248e-03,2.95510427e-02
3.21000000e+03,4.24098643e-03,3.28414504e-02
3.22000000e+03,3.61837198e-03,3.67262131e-02
3.23000000e+03,4.78283083e-03,3.49317138e-02
3.24000000e+03,7.25632798e-03,2.96112810e-02
3.25000000e+03,5.17239128e-03,1.84709367e-02
3.26000000e+03,4.47845455e-03,2.84156351e-02
3.27000000e+03,5.04192030e-03,2.21260345e-02
3.28000000e+03,2.97948877e-03,3.64582387e-02
3.29000000e+03,4.16288828e-03,1.98663500e-02
3.30000000e+03,2.90341440e-03,2.18442548e-02
3.31000000e+03,2.69474040e-03,1.97499190e-02
3.32000000e+03,3.73371392e-03,2.23897763e-02
3.33000000e+03,5.14839748e-03,3.22337653e-02
3.34000000e+03,3.07264314e-03,1.40931900e-02
3.35000000e+03,2.88605118e-03,3.01208681e-02
3.36000000e+03,3.33433521e-03,1.39323114e-02
3.37000000e+03,3.78556180e-03,4.62409544e-02
3.38000000e+03,5.26313287e-03,2.89980772e-02
3.39000000e+03,2.98383273e-03,2.31891352e-02
3.40000000e+03,4.40566981e-03,1.47439869e-02
3.41000000e+03,4.53085436e-03,3.28517133e-02
3.42000000e+03,4.25692010e-03,2.34216957e-02
3.43000000e+03,5.10373473e-03,1.52686464e-02
3.44000000e+03,3.25319394e-03,2.77010901e-02
3.45000000e+03,4.96047376e-03,2.56175695e-02
3.46000000e+03,3.48603645e-03,1.74810181e-02
3.47000000e+03,3.51777622e-03,2.08811336e-02
3.48000000e+03,3.75362713e-03,1.70538240e-02
3.49000000e+03,2.63104729e-03,3.70422273e-02
3.50000000e+03,3.00811931e-03,2.76216899e-02
3.51000000e+03,3.94125433e-03,3.54534425e-02
3.52000000e+03,3.80212897e-03,2.33914292e-02
3.53000000e+03,2.84896696e-03,2.44241298e-02
3.54000000e+03,2.74951910e-03,2.48647692e-02
3.55000000e+03,2.61571814e-03,1.29318245e-02
3.56000000e+03,1.98466404e-03,2.29063651e-02
3.57000000e+03,2.73858204e-03,2.33045235e-02
3.58000000e+03,3.58284354e-03,2.04068133e-02
3.59000000e+03,4.46256106e-03,1.43185177e-02
3.60000000e+03,2.97869217e-03,2.78756046e-02
3.61000000e+03,3.27995088e-03,2.75414404e-02
3.62000000e+03,2.94973141e-03,1.68830551e-02
3.63000000e+03,3.72697890e-03,1.35109331e-02
3.64000000e+03,2.68398750e-03,2.58215728e-02
3.65000000e+03,2.20715326e-03,1.56891985e-02
3.66000000e+03,2.61406532e-03,2.70598108e-02
3.67000000e+03,2.67225526e-03,1.94515549e-02
3.68000000e+03,2.81157909e-03,1.88261807e-02
3.69000000e+03,3.15826767e-03,1.88933551e-02
3.70000000e+03,4.80311268e-03,2.46842811e-02
3.71000000e+03,5.42476248e-03,2.38624264e-02
3.72000000e+03,3.67972229e-03,1.68521438e-02
3.73000000e+03,3.40353276e-03,1.71181347e-02
3.74000000e+03,4.30894613e-03,1.14084076e-02
3.75000000e+03,3.43215032e-03,1.23571608e-02
3.76000000e+03,3.50903119e-03,2.14382872e-02
3.77000000e+03,2.51539569e-03,1.46645152e-02
3.78000000e+03,7.19336121e-03,1.64584256e-02
3.79000000e+03,5.63714418e-03,2.18390006e-02
3.80000000e+03,2.80234970e-03,1.62592461e-02
3.81000000e+03,1.92169449e-03,1.15525953e-02
3.82000000e+03,2.75570128e-03,1.32982662e-02
3.83000000e+03,2.54086131e-03,9.28769121e-03
3.84000000e+03,4.70609570e-03,3.14237158e-02
3.85000000e+03,2.26254863e-03,2.22890330e-02
3.86000000e+03,2.36326010e-03,2.26954564e-02
3.87000000e+03,3.08600446e-03,2.38080760e-02
3.88000000e+03,2.17875349e-03,9.56967812e-03
3.89000000e+03,3.35954120e-03,2.03765481e-02
3.90000000e+03,2.62936651e-03,1.87211104e-02
3.91000000e+03,3.04967146e-03,2.06817690e-02
3.92000000e+03,4.11310988e-03,1.92656120e-02
3.93000000e+03,4.28061957e-03,1.64409337e-02
3.94000000e+03,2.76172996e-03,2.29648684e-02
3.95000000e+03,2.42052488e-03,9.78832949e-03
3.96000000e+03,2.45818649e-03,1.49646957e-02
3.97000000e+03,3.18010962e-03,1.90063720e-02
3.98000000e+03,2.86079886e-03,1.13939062e-02
3.99000000e+03,2.45616315e-03,1.95233422e-02
4.00000000e+03,5.80475231e-03,1.62169588e-02
4.01000000e+03,2.87420492e-03,2.91512162e-02
4.02000000e+03,2.90586057e-03,1.86475764e-02
4.03000000e+03,2.75426528e-03,1.60997193e-02
4.04000000e+03,2.11041908e-03,1.57152124e-02
4.05000000e+03,2.83597749e-03,3.16815627e-02
4.06000000e+03,2.97755243e-03,2.62708245e-02
4.07000000e+03,3.95151991e-03,2.11144315e-02
4.08000000e+03,4.87224889e-03,2.72356960e-02
4.09000000e+03,2.99970903e-03,1.26613325e-02
4.10000000e+03,3.22089568e-03,1.25296212e-02
4.11000000e+03,2.59393668e-03,1.75280707e-02
4.12000000e+03,2.78281752e-03,3.91834452e-02
4.13000000e+03,3.00173065e-03,2.29145657e-02
4.14000000e+03,2.08636533e-03,1.43616672e-02
4.15000000e+03,2.62200429e-03,1.48706521e-02
4.16000000e+03,4.08914912e-03,1.95997705e-02
4.17000000e+03,2.92739553e-03,1.46961571e-02
4.18000000e+03,3.39359783e-03,2.93290634e-02
4.19000000e+03,4.52561580e-03,1.61446432e-02
4.20000000e+03,2.30288451e-03,3.17672981e-02
4.21000000e+03,2.02059256e-03,1.38600771e-02
4.22000000e+03,2.17240407e-03,1.45444041e-02
4.23000000e+03,2.25615247e-03,1.04161507e-02
4.24000000e+03,3.05009828e-03,1.93670199e-02
4.25000000e+03,3.18355236e-03,2.69918734e-02
4.26000000e+03,2.12763551e-03,2.35305797e-02
4.27000000e+03,2.64580619e-03,2.88088178e-02
4.28000000e+03,2.50932746e-03,2.65626753e-02
4.29000000e+03,3.46466701e-03,2.21933011e-02
4.30000000e+03,2.00585322e-03,1.58015815e-02
4.31000000e+03,1.91224524e-03,1.29004781e-02
4.32000000e+03,2.46431916e-03,1.08755316e-02
4.33000000e+03,3.59920278e-03,1.85365093e-02
4.34000000e+03,2.68119816e-03,1.83871525e-02
4.35000000e+03,2.65218021e-03,6.67423116e-03
4.36000000e+03,2.33568511e-03,1.98499017e-02
4.37000000e+03,2.41307118e-03,1.66763398e-02
4.38000000e+03,2.71158689e-03,2.38381510e-02
4.39000000e+03,2.77544251e-03,1.70541554e-02
4.40000000e+03,1.89786479e-03,1.54916679e-02
4.41000000e+03,2.36679801e-03,7.47034908e-03
4.42000000e+03,2.22657691e-03,1.92636425e-02
4.43000000e+03,2.40796802e-03,2.04972261e-02
4.44000000e+03,1.81264173e-03,1.90529419e-02
4.45000000e+03,1.81873547e-03,7.21528505e-03
4.46000000e+03,2.43318540e-03,2.23450085e-02
4.47000000e+03,2.22875999e-03,2.05279785e-02
4.48000000e+03,1.94228315e-03,1.48592299e-02
4.49000000e+03,2.05680282e-03,2.09551429e-02
4.50000000e+03,3.17363319e-03,1.90216377e-02
4.51000000e+03,2.03600294e-03,2.47938347e-02
4.52000000e+03,1.66438401e-03,1.00094023e-02
4.53000000e+03,1.89132965e-03,1.62478649e-02
4.54000000e+03,2.82883211e-03,1.81273213e-02
4.55000000e+03,2.84284702e-03,2.33363210e-02
4.56000000e+03,2.68570175e-03,1.34483484e-02
4.57000000e+03,2.32835830e-03,1.25482289e-02
4.58000000e+03,2.24686654e-03,1.00633193e-02
4.59000000e+03,2.00649654e-03,1.16558485e-02
4.60000000e+03,1.69961454e-03,7.41889889e-03
4.61000000e+03,3.53198990e-03,2.29354370e-02
4.62000000e+03,1.76005995e-03,1.47371102e-02
4.63000000e+03,2.45097152e-03,8.02801069e-03
4.64000000e+03,1.69215459e-03,9.17451641e-03
4.65000000e+03,1.97899030e-03,1.48866772e-02
4.66000000e+03,2.18505249e-03,1.08101448e-02
4.67000000e+03,2.49821561e-03,1.41269464e-02
4.68000000e+03,4.51351008e-03,9.29069282e-03
4.69000000e+03,2.01579097e-03,1.82774271e-02
4.70000000e+03,1.96886463e-03,1.91156083e-02
4.71000000e+03,1.71892973e-03,2.83666247e-02
4.72000000e+03,1.91475453e-03,1.55399823e-02
4.73000000e+03,2.44935322e-03,1.44684923e-02
4.74000000e+03,2.55096933e-03,1.65120035e-02
4.75000000e+03,2.28969486e-03,1.66077981e-02
4.76000000e+03,1.78485185e-03,1.49839196e-02
4.77000000e+03,2.09829072e-03,2.48380763e-02
4.78000000e+03,2.48698257e-03,1.49978935e-02
4.79000000e+03,1.90929597e-03,1.51730979e-02
4.80000000e+03,1.54431025e-03,1.15233829e-02
4.81000000e+03,1.87293786e-03,6.57224967e-03
4.82000000e+03,1.72391510e-03,1.11781834e-02
4.83000000e+03,2.59277661e-03,2.04206464e-02
4.84000000e+03,1.91272388e-03,1.12933788e-02
4.85000000e+03,2.44605725e-03,1.18335422e-02
4.86000000e+03,1.83663574e-03,8.03931904e-03
4.87000000e+03,1.92194398e-03,1.20037665e-02
4.88000000e+03,2.40461979e-03,1.40443151e-02
4.89000000e+03,2.17172430e-03,2.22501305e-02
4.90000000e+03,1.89818798e-03,1.21849608e-02
4.91000000e+03,1.48780057e-03,1.49499842e-02
4.92000000e+03,2.42246180e-03,1.24777538e-02
4.93000000e+03,2.34922310e-03,2.55266218e-02
4.94000000e+03,2.45065324e-03,1.39838649e-02
4.95000000e+03,1.67967745e-03,1.13483167e-02
4.96000000e+03,3.35660745e-03,9.07959566e-03
4.97000000e+03,2.24830187e-03,1.06907086e-02
4.98000000e+03,2.22937728e-03,1.74586279e-02
4.99000000e+03,2.11066913e-03,8.27556559e-03
5.00000000e+03,1.63367164e-03,1.55340568e-02
5.01000000e+03,2.45853361e-03,1.57710503e-02
5.02000000e+03,1.89847402e-03,1.37703340e-02
5.03000000e+03,2.38958161e-03,1.83022482e-02
5.04000000e+03,1.99881743e-03,1.02016476e-02
5.05000000e+03,1.82187746e-03,1.53179270e-02
5.06000000e+03,1.74978434e-03,6.86756465e-03
5.07000000e+03,1.26281199e-03,9.55124202e-03
5.08000000e+03,1.50002613e-03,1.34996364e-02
5.09000000e+03,1.55141422e-03,6.47963042e-03
5.10000000e+03,1.73553421e-03,1.83570654e-02
5.11000000e+03,2.32329759e-03,2.03383040e-02
5.12000000e+03,2.02207163e-03,1.17026665e-02
5.13000000e+03,1.25401676e-03,1.46008961e-02
5.14000000e+03,2.14148688e-03,5.49922517e-03
5.15000000e+03,2.15072947e-03,9.50973395e-03
5.16000000e+03,1.56160435e-03,1.74043644e-02
5.17000000e+03,1.67293152e-03,1.81179380e-02
5.18000000e+03,1.98035461e-03,1.74136812e-02
5.19000000e+03,1.37973845e-03,1.29736502e-02
5.20000000e+03,2.99503757e-03,1.09144621e-02
5.21000000e+03,2.35233070e-03,1.91968439e-02
5.22000000e+03,1.69546674e-03,7.86883068e-03
5.23000000e+03,2.67433484e-03,9.30391322e-03
5.24000000e+03,1.26445377e-03,1.64795240e-02
5.25000000e+03,1.61645139e-03,1.02226009e-02
5.26000000e+03,1.28941225e-03,5.54856384e-03
5.27000000e+03,1.31510262e-03,8.15706515e-03
5.28000000e+03,1.56365634e-03,1.36993204e-02
5.29000000e+03,2.75343712e-03,1.36336008e-02
5.30000000e+03,1.61977715e-03,9.44935576e-03
5.31000000e+03,1.98123067e-03,7.30200313e-03
5.32000000e+03,1.56842790e-03,8.25539829e-03
5.33000000e+03,1.13030482e-03,1.63885499e-02
5.34000000e+03,2.19575880e-03,1.26544150e-02
5.35000000e+03,1.65826928e-03,9.05586475e-03
5.36000000e+03,1.60257919e-03,6.62152357e-03
5.37000000e+03,1.91028398e-03,8.60978065e-03
5.38000000e+03,1.28319544e-03,1.44498349e-02
5.39000000e+03,2.01800111e-03,1.45716010e-02
5.40000000e+03,1.75121272e-03,8.02052439e-03
5.41000000e+03,1.84500172e-03,1.39977062e-02
5.42000000e+03,1.84364513e-03,8.56047816e-03
5.43000000e+03,1.13946851e-03,1.18267578e-02
5.44000000e+03,1.29156814e-03,4.92052594e-03
5.45000000e+03,1.81447735e-03,2.44874411e-02
5.46000000e+03,1.69915875e-03,1.17024345e-02
5.47000000e+03,2.08629233e-03,8.30941478e-03
5.48000000e+03,1.13034924e-03,4.73699756e-03
5.49000000e+03,9.90735265e-04,1.08279656e-02
5.50000000e+03,1.03512881e-03,5.55616911e-03
5.51000000e+03,1.39331295e-03,9.41076539e-03
5.52000000e+03,1.46889861e-03,1.40779033e-02
5.53000000e+03,2.17422673e-03,1.10066024e-02
5.54000000e+03,1.17334116e-03,1.08634757e-02
5.55000000e+03,1.80414984e-03,6.71463284e-03
5.56000000e+03,1.43270588e-03,6.88106025e-03
5.57000000e+03,1.25202128e-03,9.33980693e-03
5.58000000e+03,1.37571353e-03,1.58375961e-02
5.59000000e+03,1.07186227e-03,9.35509175e-03
5.60000000e+03,1.71851426e-03,9.59872009e-03
5.61000000e+03,1.66864572e-03,6.96659605e-03
5.62000000e+03,2.35539026e-03,1.05827211e-02
5.63000000e+03,1.54920777e-03,1.22318364e-02
5.64000000e+03,1.28007009e-03,1.19091914e-02
5.65000000e+03,1.36317511e-03,5.96823262e-03
5.66000000e+03,1.20356962e-03,2.47686464e-02
5.67000000e+03,1.30621354e-03,1.39754808e-02
5.68000000e+03,1.47812137e-03,1.70955240e-02
5.69000000e+03,1.46959287e-03,1.03750721e-02
5.70000000e+03,1.24007332e-03,7.79183109e-03
5.71000000e+03,1.37079219e-03,8.97146617e-03
5.72000000e+03,1.39619254e-03,1.54123387e-02
5.73000000e+03,1.83570187e-03,8.29716066e-03
5.74000000e+03,1.44161068e-03,1.12020151e-02
5.75000000e+03,1.47730765e-03,5.62250776e-03
5.76000000e+03,1.25297049e-03,7.88518121e-03
5.77000000e+03,9.44459447e-04,9.43823747e-03
5.78000000e+03,1.19287566e-03,9.12288290e-03
5.79000000e+03,1.26153377e-03,1.01401109e-02
5.80000000e+03,1.68125687e-03,1.01529855e-02
5.81000000e+03,1.31887526e-03,8.55919473e-03
5.82000000e+03,1.30308658e-03,8.25170286e-03
5.83000000e+03,1.64924670e-03,1.40721840e-02
5.84000000e+03,1.60262673e-03,1.33586684e-02
5.85000000e+03,9.44346910e-04,1.07593982e-02
5.86000000e+03,1.12713769e-03,7.69092569e-03
5.87000000e+03,1.16222233e-03,5.19183246e-03
5.88000000e+03,1.54430208e-03,8.30670616e-03
5.89000000e+03,1.48397480e-03,1.67276121e-02
5.90000000e+03,1.61823069e-03,7.50721472e-03
5.91000000e+03,1.46866331e-03,1.24592922e-02
5.92000000e+03,1.12901963e-03,6.43764324e-03
5.93000000e+03,8.59044565e-04,1.28153442e-02
5.94000000e+03,9.89639921e-04,7.92649867e-03
5.95000000e+03,8.45483177e-04,1.21420702e-02
5.96000000e+03,1.00250380e-03,9.44742194e-03
5.97000000e+03,1.00330485e-03,1.60205873e-02
5.98000000e+03,1.21598427e-03,8.83054853e-03
5.99000000e+03,1.27993755e-03,6.12340863e-03
6.00000000e+03,1.32908123e-03,1.12419461e-02
6.01000000e+03,1.34853370e-03,7.56201838e-03
6.02000000e+03,1.41093902e-03,1.11979677e-02
6.03000000e+03,1.52685322e-03,1.11766816e-02
6.04000000e+03,1.54554735e-03,8.86238877e-03
6.05000000e+03,1.40710504e-03,8.43722936e-03
6.06000000e+03,1.16229550e-03,5.45371024e-03
6.07000000e+03,1.34007216e-03,4.66754648e-03
6.08000000e+03,1.28606226e-03,1.11521656e-02
6.09000000e+03,1.13372006e-03,9.27010868e-03
6.10000000e+03,1.66491812e-03,7.70341566e-03
6.11000000e+03,1.34080633e-03,9.07282463e-03
6.12000000e+03,1.55956762e-03,6.16672030e-03
6.13000000e+03,1.00170397e-03,8.79970360e-03
6.14000000e+03,9.52791044e-04,3.21596218e-03
6.15000000e+03,9.98170803e-04,3.48253536e-03
6.16000000e+03,9.44730855e-04,1.24855972e-02
6.17000000e+03,1.05922771e-03,1.40315269e-02
6.18000000e+03,1.22169059e-03,9.88561691e-03
6.19000000e+03,1.03081701e-03,6.15083107e-03
6.20000000e+03,9.11886415e-04,1.24149206e-02
6.21000000e+03,1.97909680e-03,5.74456902e-03
6.22000000e+03,1.37326565e-03,1.59564090e-02
6.23000000e+03,1.25381059e-03,1.15193499e-02
6.24000000e+03,1.24246365e-03,4.97440295e-03
6.25000000e+03,9.10129696e-04,1.18814307e-02
6.26000000e+03,8.47549079e-04,8.09359369e-03
6.27000000e+03,9.44166128e-04,1.14064438e-02
6.28000000e+03,9.60031306e-04,6.75549124e-03
6.29000000e+03,1.10031490e-03,6.26014752e-03
6.30000000e+03,1.17113903e-03,1.03213467e-02
6.31000000e+03,1.02845317e-03,1.26737774e-02
6.32000000e+03,8.79835803e-04,5.62240616e-03
6.33000000e+03,8.95632838e-04,1.18136936e-02
6.34000000e+03,8.22541981e-04,8.22946573e-03
6.35000000e+03,8.82591496e-04,5.80631000e-03
6.36000000e+03,1.59189491e-03,1.10520756e-02
6.37000000e+03,1.40910690e-03,1.58919219e-02
6.38000000e+03,1.29484773e-03,7.60693987e-03
6.39000000e+03,1.07719941e-03,7.01012312e-03
6.40000000e+03,9.96943116e-04,4.00927585e-03
6.41000000e+03,9.02272568e-04,1.42020749e-02
6.42000000e+03,8.27440675e-04,1.22919008e-02
6.43000000e+03,1.08103085e-03,7.02351051e-03
6.44000000e+03,2.01466449e-03,2.02818064e-02
6.45000000e+03,9.69577919e-04,1.01124540e-02
6.46000000e+03,8.46660769e-04,5.34542609e-03
6.47000000e+03,1.06730591e-03,4.72415698e-03
6.48000000e+03,8.98716055e-04,9.30583998e-03
6.49000000e+03,8.11416710e-04,1.13770325e-02
6.50000000e+03,8.29267079e-04,7.97413348e-03
6.51000000e+03,9.28268219e-04,4.90883792e-03
6.52000000e+03,1.30102815e-03,9.87239608e-03
6.53000000e+03,1.11181049e-03,4.70256073e-03
6.54000000e+03,1.08896302e-03,1.23360273e-02
6.55000000e+03,1.06953338e-03,4.60724260e-03
6.56000000e+03,9.63062623e-04,7.41605209e-03
6.57000000e+03,8.00418715e-04,1.06786251e-02
6.58000000e+03,7.28126928e-04,9.58865756e-03
6.59000000e+03,7.89473648e-04,3.52001433e-03
6.60000000e+03,1.48590545e-03,7.61620046e-03
6.61000000e+03,9.77245443e-04,7.74791890e-03
6.62000000e+03,1.01392664e-03,2.79349255e-03
6.63000000e+03,9.08795664e-04,7.07947191e-03
6.64000000e+03,9.19797996e-04,6.21489605e-03
6.65000000e+03,1.17422824e-03,3.46004927e-03
6.66000000e+03,9.02914911e-04,1.03939954e-02
6.67000000e+03,7.90530117e-04,8.91991147e-03
6.68000000e+03,9.84882314e-04,6.61555406e-03
6.69000000e+03,1.10497035e-03,8.54483011e-03
6.70000000e+03,7.82400992e-04,7.70458128e-03
6.71000000e+03,8.47674644e-04,5.73173411e-03
6.72000000e+03,8.65457721e-04,5.77164691e-03
6.73000000e+03,7.80355283e-04,9.04949498e-03
6.74000000e+03,7.40871586e-04,1.18761179e-02
6.75000000e+03,7.11843772e-04,8.74436285e-03
6.76000000e+03,7.04960570e-04,4.87520723e-03
6.77000000e+03,7.41531916e-04,4.34575349e-03
6.78000000e+03,7.01723911e-04,3.41964439e-03
6.79000000e+03,8.34185652e-04,8.43334428e-03
6.80000000e+03,1.08672519e-03,5.05676724e-03
6.81000000e+03,1.19973902e-03,8.22076855e-03
6.82000000e+03,8.68854771e-04,1.01854485e-02
6.83000000e+03,8.67528161e-04,4.16962986e-03
6.84000000e+03,8.61141514e-04,5.99977475e-03
6.85000000e+03,1.10453254e-03,1.06959572e-02
6.86000000e+03,7.33680674e-04,3.97201814e-03
6.87000000e+03,8.39714536e-04,6.35129019e-03
6.88000000e+03,1.01754369e-03,3.59345418e-03
6.89000000e+03,7.86129502e-04,1.13870910e-02
6.90000000e+03,7.45654972e-04,5.21337185e-03
6.91000000e+03,8.98546117e-04,8.76898642e-03
6.92000000e+03,9.04288467e-04,9.13504826e-03
6.93000000e+03,1.04793135e-03,7.94644481e-03
6.94000000e+03,7.65109187e-04,8.82622207e-03
6.95000000e+03,6.87824129e-04,3.04735763e-03
6.96000000e+03,6.83627084e-04,4.17974944e-03
6.97000000e+03,7.43717912e-04,7.56270123e-03
6.98000000e+03,7.29912121e-04,3.32818363e-03
6.99000000e+03,7.52925975e-04,1.26346805e-02
7.00000000e+03,7.37845374e-04,8.12059843e-03
7.01000000e+03,9.97231989e-04,1.06030196e-02
7.02000000e+03,1.11786169e-03,4.21681345e-03
7.03000000e+03,1.04331021e-03,7.20175953e-03
7.04000000e+03,1.05923236e-03,3.64168225e-03
7.05000000e+03,8.60312088e-04,5.69366369e-03
7.06000000e+03,6.85804476e-04,5.36407369e-03
7.07000000e+03,6.48564626e-04,4.34621175e-03
7.08000000e+03,7.17834504e-04,2.35318136e-03
7.09000000e+03,8.75619175e-04,4.02143723e-03
7.10000000e+03,8.28372438e-04,1.04844563e-02
7.11000000e+03,8.27215674e-04,1.49479087e-02
7.12000000e+03,1.13085316e-03,6.41440740e-03
7.13000000e+03,9.88768865e-04,3.45007700e-03
7.14000000e+03,8.48621115e-04,5.40633561e-03
7.15000000e+03,1.13894003e-03,6.93549142e-03
7.16000000e+03,8.31888836e-04,7.59182858e-03
7.17000000e+03,1.20828660e-03,5.52648185e-03
7.18000000e+03,1.01334040e-03,4.33680147e-03
7.19000000e+03,7.72870742e-04,5.16751871e-03
7.20000000e+03,7.14201309e-04,4.12765107e-03
7.21000000e+03,9.26748355e-04,7.34498577e-03
7.22000000e+03,8.17600921e-04,1.05124773e-02
7.23000000e+03,8.06731361e-04,9.20356509e-03
7.24000000e+03,1.01379443e-03,3.39152641e-03
7.25000000e+03,7.03666832e-04,4.65201402e-03
7.26000000e+03,6.29738846e-04,6.70797073e-03
7.27000000e+03,6.52185616e-04,5.01812402e-03
7.28000000e+03,6.66295789e-04,9.20300452e-03
7.29000000e+03,7.91805061e-04,5.88858090e-03
7.30000000e+03,8.46196694e-04,6.14826078e-03
7.31000000e+03,8.33817827e-04,5.55488264e-03
7.32000000e+03,7.52224845e-04,8.75145916e-03
7.33000000e+03,9.23359170e-04,3.41680917e-03
7.34000000e+03,8.18358109e-04,6.93338898e-03
7.35000000e+03,9.88092681e-04,6.04816613e-03
7.36000000e+03,6.50914048e-04,5.26141033e-03
7.37000000e+03,6.10327705e-04,4.69774392e-03
7.38000000e+03,6.19933300e-04,3.95557729e-03
7.39000000e+03,6.51481714e-04,1.11157858e-02
7.40000000e+03,6.17322799e-04,4.18406330e-03
7.41000000e+03,7.20261982e-04,9.97562580e-03
7.42000000e+03,8.25050716e-04,1.16269936e-02
7.43000000e+03,8.28055854e-04,8.46869523e-03
7.44000000e+03,9.08064299e-04,5.53709405e-03
7.45000000e+03,7.10068918e-04,7.43271386e-03
7.46000000e+03,5.96513320e-04,5.18269143e-03
7.47000000e+03,6.35279532e-04,3.04156343e-03
7.48000000e+03,6.68584125e-04,4.36354466e-03
7.49000000e+03,8.90183226e-04,1.10046985e-02
7.50000000e+03,8.39427994e-04,1.38830772e-02
7.51000000e+03,9.54950658e-04,6.69458006e-03
7.52000000e+03,8.66553157e-04,7.66182614e-03
7.53000000e+03,9.74825918e-04,4.70410674e-03
7.54000000e+03,7.30730550e-04,3.26772826e-03
7.55000000e+03,6.35866541e-04,6.05288510e-03
7.56000000e+03,6.19357841e-04,5.91304717e-03
7.57000000e+03,6.57473804e-04,3.09283746e-03
7.58000000e+03,7.31588239e-04,4.57962767e-03
7.59000000e+03,9.06748821e-04,9.60014548e-03
7.60000000e+03,7.58733695e-04,3.57828903e-03
7.61000000e+03,6.93591472e-04,5.24159033e-03
7.62000000e+03,7.02421257e-04,3.96918452e-03
7.63000000e+03,7.23100431e-04,3.11093119e-03
7.64000000e+03,7.79329544e-04,1.03191046e-02
7.65000000e+03,7.46316447e-04,7.12717954e-03
7.66000000e+03,7.17475534e-04,5.97921487e-03
7.67000000e+03,6.72636441e-04,2.81915893e-03
7.68000000e+03,6.10974887e-04,7.30275703e-03
7.69000000e+03,5.66818719e-04,4.42971458e-03
7.70000000e+03,6.41552484e-04,2.78550564e-03
7.71000000e+03,6.15449004e-04,3.09373068e-03
7.72000000e+03,6.55781958e-04,6.82747490e-03
7.73000000e+03,5.66174043e-04,8.56585840e-03
7.74000000e+03,5.87320486e-04,8.02335946e-03
7.75000000e+03,5.93965633e-04,3.65902764e-03
7.76000000e+03,6.57393477e-04,2.47973905e-03
7.77000000e+03,6.89541019e-04,7.83174787e-03
7.78000000e+03,7.48715218e-04,3.50059080e-03
7.79000000e+03,6.90046651e-04,6.92986957e-03
7.80000000e+03,7.19245054e-04,3.36142170e-03
7.81000000e+03,8.41825873e-04,4.21466916e-03
7.82000000e+03,7.07336058e-04,1.09657639e-02
7.83000000e+03,6.16522357e-04,6.45602519e-03
7.84000000e+03,6.44753214e-04,3.51892059e-03
7.85000000e+03,7.46068079e-04,1.75773114e-03
7.86000000e+03,5.86301569e-04,7.04548719e-03
7.87000000e+03,5.55154518e-04,2.45924365e-03
7.88000000e+03,5.65552411e-04,2.77157008e-03
7.89000000e+03,7.08006584e-04,8.95684211e-03
7.90000000e+03,7.53530472e-04,5.44238312e-03
7.91000000e+03,7.93522762e-04,1.06425711e-02
7.92000000e+03,7.11280594e-04,4.50460016e-03
7.93000000e+03,6.66996650e-04,1.02992062e-02
7.94000000e+03,5.82012268e-04,3.67393253e-03
7.95000000e+03,5.37990125e-04,3.04609444e-03
7.96000000e+03,5.40194356e-04,6.42895600e-03
7.97000000e+03,5.44879855e-04,4.34769694e-03
7.98000000e+03,5.36141619e-04,1.13002180e-02
7.99000000e+03,5.28115375e-04,5.48667149e-03
8.00000000e+03,5.32077504e-04,3.77678306e-03
8.01000000e+03,5.99834704e-04,2.21042486e-03
8.02000000e+03,7.40248219e-04,2.53485339e-03
8.03000000e+03,5.91989581e-04,6.00861385e-03
8.04000000e+03,5.57163243e-04,6.62236964e-03
8.05000000e+03,5.53811205e-04,4.22889750e-03
8.06000000e+03,5.51890073e-04,4.65227114e-03
8.07000000e+03,5.50731042e-04,1.00235341e-02
8.08000000e+03,5.56580864e-04,3.91475177e-03
8.09000000e+03,6.55881409e-04,6.17825739e-03
8.10000000e+03,5.87157232e-04,5.60825010e-03
8.11000000e+03,5.60999973e-04,2.34360728e-03
8.12000000e+03,5.35961068e-04,1.99512140e-03
8.13000000e+03,5.34473798e-04,4.62699307e-03
8.14000000e+03,5.47540531e-04,7.83673890e-03
8.15000000e+03,6.32236162e-04,8.04288270e-03
8.16000000e+03,5.83708137e-04,3.51594331e-03
8.17000000e+03,5.58311676e-04,3.22836961e-03
8.18000000e+03,5.42870301e-04,2.12901024e-03
8.19000000e+03,5.48095093e-04,1.82285875e-03
8.20000000e+03,9.19871367e-04,4.50333366e-03
8.21000000e+03,5.25228690e-04,1.21863413e-02
8.22000000e+03,9.16750261e-04,5.52398360e-03
8.23000000e+03,5.15451495e-04,2.56903949e-03
8.24000000e+03,6.45174096e-04,3.74571392e-03
8.25000000e+03,5.96673828e-04,2.37304359e-03
8.26000000e+03,6.13005594e-04,3.29913173e-03
8.27000000e+03,5.64332491e-04,3.44566773e-03
8.28000000e+03,5.35343606e-04,7.03546478e-03
8.29000000e+03,5.28677403e-04,6.58550032e-03
8.30000000e+03,5.34182473e-04,1.06574782e-02
8.31000000e+03,5.43559629e-04,4.23394692e-03
8.32000000e+03,5.88539899e-04,4.86842715e-03
8.33000000e+03,5.07044169e-04,3.37250928e-03
8.34000000e+03,5.13960156e-04,2.23852805e-03
8.35000000e+03,6.59720346e-04,2.41686140e-03
8.36000000e+03,5.68535856e-04,9.45215681e-03
8.37000000e+03,5.28100180e-04,5.01173957e-03
8.38000000e+03,5.14308758e-04,3.12778164e-03
8.39000000e+03,5.24062465e-04,4.43681138e-03
8.40000000e+03,6.91087887e-04,2.33487207e-03
8.41000000e+03,6.11158845e-04,3.21532082e-03
8.42000000e+03,4.95174027e-04,2.05930816e-03
8.43000000e+03,4.90740884e-04,3.02478141e-03
8.44000000e+03,4.90953254e-04,6.53798604e-03
8.45000000e+03,4.88005120e-04,2.71315908e-03
8.46000000e+03,4.86891031e-04,2.65035809e-03
8.47000000e+03,4.87393834e-04,4.46266957e-03
8.48000000e+03,4.80277395e-04,6.35700695e-03
8.49000000e+03,4.78982587e-04,9.98902466e-03
8.50000000e+03,4.92888015e-04,3.80546321e-03
8.51000000e+03,6.76106036e-04,3.24498463e-03
8.52000000e+03,6.18948428e-04,8.44647575e-03
8.53000000e+03,5.22875105e-04,3.22681782e-03
8.54000000e+03,5.45237999e-04,5.22911856e-03
8.55000000e+03,8.99888742e-04,5.54732283e-03
8.56000000e+03,5.27348686e-04,2.71225593e-03
8.57000000e+03,5.41393401e-04,1.83289740e-03
8.58000000e+03,4.90269847e-04,3.41294601e-03
8.59000000e+03,5.33516824e-04,1.67193365e-03
8.60000000e+03,5.15944135e-04,4.44026691e-03
8.61000000e+03,4.73022043e-04,3.02843436e-03
8.62000000e+03,4.77923579e-04,4.20983051e-03
8.63000000e+03,4.74715338e-04,2.31978234e-03
8.64000000e+03,4.72604976e-04,7.44585748e-03
8.65000000e+03,4.90280347e-04,4.70373878e-03
8.66000000e+03,5.40552621e-04,2.35166640e-03
8.67000000e+03,5.75051276e-04,8.14828259e-03
8.68000000e+03,4.62403208e-04,3.09131616e-03
8.69000000e+03,4.89855618e-04,2.26413685e-03
8.70000000e+03,5.39350816e-04,5.10440669e-03
8.71000000e+03,4.84189404e-04,3.09309518e-03
8.72000000e+03,6.20608091e-04,2.83862800e-03
8.73000000e+03,5.85249709e-04,2.68516358e-03
8.74000000e+03,6.21229730e-04,2.06354963e-03
8.75000000e+03,5.26990549e-04,8.94655651e-03
8.76000000e+03,4.98925005e-04,3.65232724e-03
8.77000000e+03,4.81391293e-04,5.14359881e-03
8.78000000e+03,4.63323435e-04,2.52290914e-03
8.79000000e+03,4.53801935e-04,4.09174588e-03
8.80000000e+03,4.81504092e-04,2.06925132e-03
8.81000000e+03,6.10423866e-04,2.25943042e-03
8.82000000e+03,5.98034203e-04,3.50527556e-03
8.83000000e+03,5.97791153e-04,1.83135043e-03
8.84000000e+03,5.86065198e-04,5.80301438e-03
8.85000000e+03,4.95591819e-04,4.71653612e-03
8.86000000e+03,4.68026607e-04,2.03330542e-03
8.87000000e+03,4.89804501e-04,4.65984146e-03
8.88000000e+03,4.46160848e-04,3.87312851e-03
8.89000000e+03,4.46248523e-04,1.47112249e-03
8.90000000e+03,4.50739099e-04,3.57626802e-03
8.91000000e+03,5.18428951e-04,3.77371021e-03
8.92000000e+03,5.77995739e-04,1.92874220e-03
8.93000000e+03,5.12392653e-04,5.08805690e-03
8.94000000e+03,4.71326970e-04,2.70368769e-03
8.95000000e+03,4.97744637e-04,5.91558286e-03
8.96000000e+03,5.62414603e-04,2.65464668e-03
8.97000000e+03,4.91763425e-04,4.80019097e-03
8.98000000e+03,4.65121575e-04,2.68991582e-03
8.99000000e+03,4.51850305e-04,1.79890422e-03
9.00000000e+03,4.81540617e-04,1.36635287e-03
9.01000000e+03,4.65098545e-04,4.52182153e-03
9.02000000e+03,5.89333842e-04,4.58295618e-03
9.03000000e+03,6.15204252e-04,6.02137778e-03
9.04000000e+03,6.19905310e-04,3.24243823e-03
9.05000000e+03,6.07689595e-04,1.11661646e-03
9.06000000e+03,4.76853740e-04,2.59459488e-03
9.07000000e+03,4.34371359e-04,3.10799550e-03
9.08000000e+03,4.33718262e-04,1.20238182e-03
9.09000000e+03,4.32243094e-04,4.48294009e-03
9.10000000e+03,4.27672450e-04,2.48558814e-03
9.11000000e+03,4.28214538e-04,2.85777763e-03
9.12000000e+03,4.31421498e-04,2.81461020e-03
9.13000000e+03,4.34306319e-04,3.53161230e-03
9.14000000e+03,4.88560163e-04,4.17406469e-03
9.15000000e+03,5.51557267e-04,4.75024885e-03
9.16000000e+03,5.56878735e-04,6.45997354e-03
9.17000000e+03,5.49428223e-04,2.12392436e-03
9.18000000e+03,5.39710494e-04,4.78184372e-03
9.19000000e+03,4.45240963e-04,1.89080948e-03
9.20000000e+03,4.39021296e-04,3.06534832e-03
9.21000000e+03,4.37383671e-04,4.88809359e-03
9.22000000e+03,4.54884077e-04,1.17558444e-03
9.23000000e+03,4.47424714e-04,2.16386213e-03
9.24000000e+03,4.57335087e-04,5.66730632e-03
9.25000000e+03,4.49473211e-04,3.03297330e-03
9.26000000e+03,4.49820938e-04,5.65973356e-03
9.27000000e+03,4.38845262e-04,7.26697892e-03
9.28000000e+03,4.22722002e-04,4.30517479e-03
9.29000000e+03,4.47784239e-04,1.57401822e-03
9.30000000e+03,5.22525912e-04,2.55067681e-03
9.31000000e+03,4.60281219e-04,6.89974677e-03
9.32000000e+03,4.43892324e-04,2.55219422e-03
9.33000000e+03,4.43544781e-04,1.35453203e-03
9.34000000e+03,4.70734974e-04,3.63089351e-03
9.35000000e+03,4.17290925e-04,5.42616325e-03
9.36000000e+03,4.15272065e-04,4.09502325e-03
9.37000000e+03,4.14362643e-04,1.97675426e-03
9.38000000e+03,4.13512011e-04,1.44598913e-03
9.39000000e+03,4.13239868e-04,3.99511058e-03
9.40000000e+03,4.12547384e-04,1.69510878e-03
9.41000000e+03,4.11333667e-04,1.10076886e-03
9.42000000e+03,4.12073636e-04,3.99881530e-03
9.43000000e+03,4.55195719e-04,2.24716380e-03
9.44000000e+03,4.09035876e-04,3.41636568e-03
9.45000000e+03,4.11149706e-04,6.08467390e-03
9.46000000e+03,4.53103190e-04,2.12979407e-03
9.47000000e+03,5.14408392e-04,4.08416599e-03
9.48000000e+03,4.64956203e-04,4.36810729e-03
9.49000000e+03,4.35569807e-04,3.70016582e-03
9.50000000e+03,4.35972259e-04,1.15253496e-03
9.51000000e+03,4.10151721e-04,3.68574695e-03
9.52000000e+03,4.06669871e-04,1.60782278e-03
9.53000000e+03,3.99865034e-04,3.71667292e-03
9.54000000e+03,4.00831135e-04,4.11904738e-03
9.55000000e+03,4.04269180e-04,3.12367793e-03
9.56000000e+03,4.24727978e-04,1.18679443e-03
9.57000000e+03,4.22421828e-04,6.05318473e-03
9.58000000e+03,4.20030898e-04,5.30294482e-03
9.59000000e+03,4.20931639e-04,2.48398231e-03
9.60000000e+03,4.29909316e-04,1.39465025e-03
9.61000000e+03,4.02149099e-04,1.02429902e-03
9.62000000e+03,3.96414116e-04,4.94694346e-03
9.63000000e+03,3.93722334e-04,4.26724834e-03
9.64000000e+03,3.91681851e-04,3.10611229e-03
9.65000000e+03,3.90570078e-04,1.29127896e-03
9.66000000e+03,3.89812054e-04,3.49289645e-03
9.67000000e+03,3.89010895e-04,2.24035446e-03
9.68000000e+03,3.88169703e-04,1.80502269e-03
9.69000000e+03,3.87843475e-04,1.45860646e-03
9.70000000e+03,4.02417967e-04,3.03251373e-03
9.71000000e+03,4.56058653e-04,2.56940297e-03
9.72000000e+03,5.81353550e-04,5.41223508e-03
9.73000000e+03,5.08696823e-04,1.98953432e-03
9.74000000e+03,5.42891205e-04,1.63483509e-03
9.75000000e+03,5.68827283e-04,2.86999427e-03
9.76000000e+03,3.92192713e-04,3.45291017e-03
9.77000000e+03,4.17310959e-04,2.28704042e-03
9.78000000e+03,3.93145567e-04,2.78045773e-03
9.79000000e+03,3.82292184e-04,2.00323076e-03
9.80000000e+03,3.81582682e-04,2.14576034e-03
9.81000000e+03,3.80972780e-04,8.18591594e-04
9.82000000e+03,3.80097868e-04,2.10828173e-03
9.83000000e+03,3.79371177e-04,2.62991761e-03
9.84000000e+03,3.80927337e-04,2.11310780e-03
9.85000000e+03,4.00290128e-04,2.61805690e-03
9.86000000e+03,3.91763371e-04,4.73386887e-03
9.87000000e+03,4.61501637e-04,3.49470977e-03
9.88000000e+03,5.04309886e-04,2.28630508e-03
9.89000000e+03,3.90982717e-04,8.76176899e-04
9.90000000e+03,4.42004908e-04,1.11640924e-03
9.91000000e+03,3.94989869e-04,3.73995478e-03
9.92000000e+03,3.84224037e-04,1.29028274e-03
9.93000000e+03,3.91467478e-04,5.43750767e-03
9.94000000e+03,3.81547865e-04,1.50048516e-03
9.95000000e+03,3.78266026e-04,3.50116806e-03
9.96000000e+03,3.77986451e-04,1.74706676e-03
9.97000000e+03,3.77542792e-04,2.80822892e-03
9.98000000e+03,3.71092132e-04,1.25494693e-03
9.99000000e+03,3.75297637e-04,6.47530194e-04
1.00000000e+04,3.74749679e-04,3.60510048e-03
1.00100000e+04,3.69275507e-04,1.74372398e-03
1.00200000e+04,3.70511767e-04,2.36176925e-03
1.00300000e+04,3.67535833e-04,2.69610655e-03
1.00400000e+04,3.69544654e-04,1.37920249e-03
1.00500000e+04,4.22343699e-04,2.87205775e-03
1.00600000e+04,4.86705725e-04,2.05033713e-03
1.00700000e+04,3.76683938e-04,1.54140452e-03
1.00800000e+04,4.34208099e-04,2.44473946e-03
1.00900000e+04,3.91291263e-04,1.34104439e-03
1.01000000e+04,3.70672389e-04,3.52528660e-03
1.01100000e+04,3.69506932e-04,2.06348159e-03
1.01200000e+04,3.69854550e-04,1.17672537e-03
1.01300000e+04,3.67045126e-04,2.39788412e-03
1.01400000e+04,3.61860381e-04,3.39043935e-03
1.01500000e+04,3.61295894e-04,3.81622637e-03
1.01600000e+04,3.72934333e-04,1.55728954e-03
1.01700000e+04,4.64522433e-04,1.17452578e-03
1.01800000e+04,3.89842300e-04,5.14085871e-03
1.01900000e+04,3.83045277e-04,1.50869523e-03
1.02000000e+04,3.75358395e-04,1.01605006e-03
1.02100000e+04,3.66676642e-04,3.03573413e-03
1.02200000e+04,3.69579633e-04,5.66460358e-03
1.02300000e+04,3.71565015e-04,2.45318528e-03
1.02400000e+04,3.57011888e-04,3.01690897e-03
1.02500000e+04,3.56530973e-04,1.35972805e-03
1.02600000e+04,3.68562882e-04,1.35695914e-03
1.02700000e+04,4.67082897e-04,1.02503162e-03
1.02800000e+04,4.03682146e-04,4.68588642e-03
1.02900000e+04,3.83761262e-04,2.69743074e-03
1.03000000e+04,3.72621054e-04,8.34858620e-04
1.03100000e+04,3.63328436e-04,1.15248048e-03
1.03200000e+04,3.57880708e-04,8.06776283e-04
1.03300000e+04,3.53480838e-04,3.08203486e-03
1.03400000e+04,3.51624572e-04,1.66586824e-03
1.03500000e+04,3.51056313e-04,1.55305120e-03
1.03600000e+04,3.50527953e-04,5.17299548e-03
1.03700000e+04,3.49694919e-04,1.88497494e-03
1.03800000e+04,3.48712583e-04,2.26527779e-03
1.03900000e+04,3.48097019e-04,1.32626334e-03
1.04000000e+04,3.49074666e-04,1.13408777e-03
1.04100000e+04,4.07253512e-04,1.91014327e-03
1.04200000e+04,3.90974428e-04,2.98067220e-03
1.04300000e+04,4.13937012e-04,2.13490530e-03
1.04400000e+04,4.35355119e-04,1.25492374e-03
1.04500000e+04,3.98878859e-04,2.44566481e-03
1.04600000e+04,3.97889326e-04,9.55421756e-04
1.04700000e+04,3.79813751e-04,7.73013864e-04
1.04800000e+04,3.45528129e-04,3.13299585e-03
1.04900000e+04,3.44061522e-04,2.23437227e-03
1.05000000e+04,3.43817883e-04,3.38033716e-03
1.05100000e+04,3.42560219e-04,8.83988778e-04
1.05200000e+04,3.41584082e-04,2.16493501e-03
1.05300000e+04,3.41483568e-04,1.68261406e-03
1.05400000e+04,3.56749822e-04,1.78913963e-03
1.05500000e+04,3.89337036e-04,3.84426591e-03
1.05600000e+04,3.68602117e-04,3.40176928e-03
1.05700000e+04,3.63191604e-04,1.95485616e-03
1.05800000e+04,3.57021065e-04,2.57093505e-03
1.05900000e+04,3.57019437e-04,8.57917614e-04
1.06000000e+04,3.58063447e-04,3.92143916e-03
1.06100000e+04,3.37945465e-04,5.39506101e-03
1.06200000e+04,3.38452975e-04,2.27708110e-03
1.06300000e+04,3.38207157e-04,2.10831297e-03
1.06400000e+04,3.37300888e-04,2.44804744e-03
1.06500000e+04,3.48096628e-04,2.24732464e-03
1.06600000e+04,4.43242203e-04,2.00255187e-03
1.06700000e+04,3.55948567e-04,3.59407399e-03
1.06800000e+04,3.53747702e-04,1.14457977e-03
1.06900000e+04,3.49201193e-04,7.86954432e-04
1.07000000e+04,3.56270421e-04,6.27323003e-04
1.07100000e+04,3.65989561e-04,5.55773044e-04
1.07200000e+04,3.49347725e-04,3.48310518e-03
1.07300000e+04,3.35174062e-04,1.89116216e-03
1.07400000e+04,3.31753052e-04,1.58088425e-03
1.07500000e+04,3.30812478e-04,3.69003987e-03
1.07600000e+04,3.30068568e-04,1.49503759e-03
1.07700000e+04,3.29545375e-04,8.24901897e-04
1.07800000e+04,3.28987226e-04,5.66484323e-04
1.07900000e+04,3.28455104e-04,4.84615906e-04
1.08000000e+04,3.27939380e-04,1.10099719e-03
1.08100000e+04,3.27472608e-04,1.68023591e-03
1.08200000e+04,3.27509922e-04,9.00463509e-04
1.08300000e+04,3.39337144e-04,2.90849645e-03
1.08400000e+04,3.66703875e-04,1.92882628e-03
1.08500000e+04,3.80191110e-04,2.32641405e-03
1.08600000e+04,4.14251668e-04,4.65250030e-03
1.08700000e+04,4.23792642e-04,2.70138659e-03
1.08800000e+04,3.62584145e-04,1.59194043e-03
1.08900000e+04,3.36260158e-04,1.36285488e-03
1.09000000e+04,3.28394046e-04,6.81435624e-04
1.09100000e+04,3.27330561e-04,2.79887262e-03
1.09200000e+04,3.24682669e-04,1.55874047e-03
1.09300000e+04,3.43859299e-04,1.12248669e-03
1.09400000e+04,4.13858239e-04,1.89987885e-03
1.09500000e+04,3.81394766e-04,2.22928869e-03
1.09600000e+04,3.36187417e-04,9.59320776e-04
1.09700000e+04,3.60055188e-04,3.33819665e-03
1.09800000e+04,3.55172222e-04,1.58625148e-03
1.09900000e+04,3.27050011e-04,2.79908531e-03
1.10000000e+04,3.29171380e-04,6.29493472e-04
1.10100000e+04,3.24346762e-04,7.64720287e-04
1.10200000e+04,3.18952925e-04,6.80440306e-04
1.10300000e+04,3.18059689e-04,1.75658223e-03
1.10400000e+04,3.20858249e-04,1.83174372e-03
1.10500000e+04,3.22527860e-04,3.14283375e-03
1.10600000e+04,3.28921858e-04,1.80611307e-03
1.10700000e+04,4.20384778e-04,6.99010274e-04
1.10800000e+04,4.24060383e-04,4.00469062e-03
1.10900000e+04,4.07593718e-04,3.54350278e-03
1.11000000e+04,3.56356299e-04,1.13948218e-03
1.11100000e+04,3.31436828e-04,1.47405043e-03
1.11200000e+04,3.37730562e-04,1.16455394e-03
1.11300000e+04,3.28381378e-04,2.37628706e-03
1.11400000e+04,3.18779172e-04,2.20755716e-03
1.11500000e+04,3.19216546e-04,1.50029377e-03
1.11600000e+04,3.18490993e-04,8.99307744e-04
1.11700000e+04,3.17572327e-04,1.35871532e-03
1.11800000e+04,3.16551350e-04,9.78220007e-04
1.11900000e+04,3.10993371e-04,2.05896339e-03
1.12000000e+04,3.12874474e-04,1.20709113e-03
1.12100000e+04,3.11651780e-04,3.11923022e-03
1.12200000e+04,3.09442732e-04,3.08889609e-03
1.12300000e+04,3.09301391e-04,1.69824116e-03
1.12400000e+04,3.08544621e-04,2.37969637e-03
1.12500000e+04,3.08109396e-04,9.11073043e-04
1.12600000e+04,3.07727350e-04,2.19503595e-03
1.12700000e+04,3.07633853e-04,8.20565161e-04
1.12800000e+04,3.11696387e-04,1.84702625e-03
1.12900000e+04,3.93198403e-04,9.20218521e-04
1.13000000e+04,3.89473495e-04,2.58292340e-03
1.13100000e+04,3.43987655e-04,1.15503849e-03
1.13200000e+04,3.17408356e-04,1.07815683e-03
1.13300000e+04,3.12520246e-04,3.56673514e-03
1.13400000e+04,3.11781345e-04,1.46239563e-03
1.13500000e+04,3.08990571e-04,1.52518292e-03
1.13600000e+04,3.16239084e-04,2.02133173e-03
1.13700000e+04,3.20263287e-04,3.28143218e-03
1.13800000e+04,3.54555163e-04,1.26718305e-03
1.13900000e+04,3.88398019e-04,6.40357792e-04
1.14000000e+04,3.58184647e-04,1.23936583e-03
1.14100000e+04,3.36418096e-04,1.57201989e-03
1.14200000e+04,3.23471933e-04,1.13191541e-03
1.14300000e+04,3.11379825e-04,1.99048750e-03
1.14400000e+04,3.06647231e-04,2.34595774e-03
1.14500000e+04,3.06344609e-04,1.94690235e-03
1.14600000e+04,3.05210986e-04,1.27155033e-03
1.14700000e+04,3.05518588e-04,5.67354906e-04
1.14800000e+04,3.06637405e-04,1.63317607e-03
1.14900000e+04,3.10207994e-04,4.77708047e-04
1.15000000e+04,3.11440208e-04,2.77579425e-03
1.15100000e+04,3.02194343e-04,9.97453231e-04
1.15200000e+04,2.97954062e-04,2.05843716e-03
1.15300000e+04,2.97789345e-04,4.38823278e-03
1.15400000e+04,3.00096957e-04,1.72438896e-03
1.15500000e+04,3.14038036e-04,1.08097816e-03
1.15600000e+04,3.06077021e-04,2.85122380e-03
1.15700000e+04,3.03003748e-04,1.13726114e-03
1.15800000e+04,3.01393688e-04,1.40338055e-03
1.15900000e+04,3.02759951e-04,2.03644211e-03
1.16000000e+04,2.94981157e-04,2.22753669e-03
1.16100000e+04,3.02782895e-04,2.93574816e-03
1.16200000e+04,3.00093567e-04,1.62146612e-03
1.16300000e+04,2.95855811e-04,1.13741261e-03
1.16400000e+04,2.93703266e-04,1.47308285e-03
1.16500000e+04,2.93021558e-04,7.66193349e-04
1.16600000e+04,2.98072142e-04,7.41114276e-04
1.16700000e+04,2.98761373e-04,2.79329545e-03
1.16800000e+04,2.99391726e-04,2.52379946e-03
1.16900000e+04,2.97607037e-04,1.07813872e-03
1.17000000e+04,2.96523998e-04,5.50806970e-04
1.17100000e+04,2.97504808e-04,3.51895683e-03
1.17200000e+04,2.90348851e-04,1.40941919e-03
1.17300000e+04,2.91476155e-04,1.14332428e-03
1.17400000e+04,2.91051025e-04,1.26450972e-03
1.17500000e+04,2.89554080e-04,2.14131345e-03
1.17600000e+04,2.89029005e-04,2.97169592e-03
1.17700000e+04,3.00068277e-04,1.32766476e-03
1.17800000e+04,3.04209758e-04,8.37686453e-04
1.17900000e+04,2.97607465e-04,1.03682229e-03
1.18000000e+04,2.92775465e-04,6.96304520e-04
1.18100000e+04,2.92896848e-04,1.38677467e-03
1.18200000e+04,3.11856928e-04,1.14692564e-03
1.18300000e+04,3.04616515e-04,1.28390675e-03
1.18400000e+04,2.91648603e-04,1.06969547e-03
1.18500000e+04,2.86616645e-04,6.16661688e-04
1.18600000e+04,2.85217680e-04,5.92090782e-04
1.18700000e+04,2.87195737e-04,3.13331756e-03
1.18800000e+04,3.02371076e-04,1.24222316e-03
1.18900000e+04,2.90647011e-04,1.23719596e-03
1.19000000e+04,2.88774127e-04,2.02270571e-03
1.19100000e+04,2.88251105e-04,7.38812047e-04
1.19200000e+04,2.87898351e-04,1.61483369e-03
1.19300000e+04,2.87479688e-04,4.50852618e-04
1.19400000e+04,2.87272644e-04,1.09455683e-03
1.19500000e+04,2.88793884e-04,8.53360969e-04
1.19600000e+04,3.20090121e-04,1.00703403e-03
1.19700000e+04,2.94025718e-04,4.06807040e-03
1.19800000e+04,3.33809150e-04,1.09482461e-03
1.19900000e+04,3.13646349e-04,2.23931800e-03
1.20000000e+04,2.81134284e-04,1.20963869e-03
1.20100000e+04,2.85353073e-04,5.52598540e-04
1.20200000e+04,2.80626038e-04,5.30657357e-04
1.20300000e+04,2.79290700e-04,1.10687474e-03
1.20400000e+04,2.82559886e-04,3.08714978e-03
1.20500000e+04,2.92382960e-04,1.26996331e-03
1.20600000e+04,2.91308015e-04,1.27308645e-03
1.20700000e+04,2.90926035e-04,1.55315501e-03
1.20800000e+04,2.90538361e-04,6.98186170e-04
1.20900000e+04,2.90137008e-04,1.54064086e-03
1.21000000e+04,2.89779788e-04,4.40013837e-04
1.21100000e+04,2.90497648e-04,2.13200141e-03
1.21200000e+04,3.36641999e-04,7.04211396e-04
1.21300000e+04,2.80782095e-04,2.39575473e-03
1.21400000e+04,2.80536737e-04,1.44449330e-03
1.21500000e+04,2.84404941e-04,7.91460639e-04
1.21600000e+04,2.85004673e-04,1.21846327e-03
1.21700000e+04,2.83182519e-04,1.21697273e-03
1.21800000e+04,2.92963958e-04,1.52682576e-03
1.21900000e+04,2.89584417e-04,6.81353762e-04
1.22000000e+04,2.89372971e-04,1.20683601e-03
1.22100000e+04,2.73517540e-04,8.63197223e-04
1.22200000e+04,2.85540274e-04,8.03899908e-04
1.22300000e+04,2.85180658e-04,8.08336586e-04
1.22400000e+04,2.84802376e-04,1.54738267e-03
1.22500000e+04,2.84412981e-04,1.55831858e-03
1.22600000e+04,2.84037802e-04,1.53913127e-03
1.22700000e+04,2.83833158e-04,7.49273466e-04
1.22800000e+04,2.89110887e-04,2.35491717e-03
1.22900000e+04,2.72622230e-04,1.04242702e-03
1.23000000e+04,2.69489448e-04,1.26892185e-03
1.23100000e+04,2.69156209e-04,3.93465043e-04
1.23200000e+04,2.71077381e-04,1.09205340e-03
1.23300000e+04,2.75402910e-04,1.94925835e-03
1.23400000e+04,2.79121296e-04,1.15565340e-03
1.23500000e+04,2.78893300e-04,2.54473970e-03
1.23600000e+04,2.77872112e-04,1.18266137e-03
1.23700000e+04,2.80202978e-04,1.15975688e-03
1.23800000e+04,2.79762338e-04,7.01544966e-04
1.23900000e+04,2.74513524e-04,4.20629969e-04
1.24000000e+04,2.68865419e-04,1.84579229e-03
1.24100000e+04,2.66598352e-04,9.75839692e-04
1.24200000e+04,2.68729973e-04,2.12442995e-03
1.24300000e+04,3.25144050e-04,3.13100513e-03
1.24400000e+04,3.57539880e-04,1.36271474e-03
1.24500000e+04,2.88601530e-04,1.86065219e-03
1.24600000e+04,2.83497671e-04,1.33786977e-03
1.24700000e+04,2.84435193e-04,5.22101778e-04
1.24800000e+04,2.80203434e-04,5.34818520e-04
1.24900000e+04,2.73287505e-04,1.25242119e-03
1.25000000e+04,2.66316252e-04,5.96210601e-04
1.25100000e+04,2.63396771e-04,1.74123562e-03
1.25200000e+04,2.62244212e-04,1.50549027e-03
1.25300000e+04,2.61846428e-04,1.17749897e-03
1.25400000e+04,2.61576986e-04,6.09402678e-04
1.25500000e+04,2.61194393e-04,1.03510090e-03
1.25600000e+04,2.60956187e-04,4.39321851e-04
1.25700000e+04,2.62672884e-04,5.22971399e-04
1.25800000e+04,2.65726048e-04,1.51881812e-03
1.25900000e+04,2.66452135e-04,1.05847736e-03
1.26000000e+04,2.72912868e-04,1.01226384e-03
1.26100000e+04,2.72287585e-04,8.22703123e-04
1.26200000e+04,2.67468728e-04,1.09848367e-03
1.26300000e+04,2.71458985e-04,1.66037362e-03
1.26400000e+04,2.71314246e-04,1.19717480e-03
1.26500000e+04,2.64768403e-04,1.11908284e-03
1.26600000e+04,2.79516904e-04,1.01422689e-03
1.26700000e+04,2.66526274e-04,1.45670963e-03
1.26800000e+04,2.65789328e-04,4.48365754e-04
1.26900000e+04,2.60685563e-04,9.45188305e-04
1.27000000e+04,2.57562600e-04,1.22359507e-03
1.27100000e+04,2.57594069e-04,1.29972286e-03
1.27200000e+04,2.67869866e-04,6.12379039e-04
1.27300000e+04,2.68636459e-04,4.71077561e-04
1.27400000e+04,2.68405947e-04,1.02936144e-03
1.27500000e+04,2.67757014e-04,8.53149862e-04
1.27600000e+04,2.67231520e-04,1.17913143e-03
1.27700000e+04,2.67502217e-04,1.20982913e-03
1.27800000e+04,2.76377274e-04,7.71922585e-04
1.27900000e+04,2.61688670e-04,7.01307208e-04
1.28000000e+04,2.57930789e-04,9.29031439e-04
1.28100000e+04,2.63092254e-04,2.08132191e-03
1.28200000e+04,2.90458024e-04,9.76386425e-04
1.28300000e+04,3.08476298e-04,8.55341015e-04
1.28400000e+04,2.55852359e-04,4.74527518e-04
1.28500000e+04,2.69090733e-04,5.87752787e-04
1.28600000e+04,2.65100949e-04,1.75996000e-03
1.28700000e+04,2.64770955e-04,1.81403706e-03
1.28800000e+04,2.52337728e-04,1.60312040e-03
1.28900000e+04,2.52745935e-04,6.22110914e-04
1.29000000e+04,2.52323842e-04,1.17396301e-03
1.29100000e+04,2.63753457e-04,1.23721778e-03
1.29200000e+04,2.99289131e-04,2.37971367e-03
1.29300000e+04,2.97890174e-04,1.82715225e-03
1.29400000e+04,2.73513600e-04,7.89681922e-04
1.29500000e+04,2.65974293e-04,4.80775285e-04
1.29600000e+04,2.66174657e-04,4.89720092e-04
1.29700000e+04,2.56464646e-04,3.92562752e-04
1.29800000e+04,2.52155687e-04,6.45493368e-04
1.29900000e+04,2.50031946e-04,1.92496937e-03
1.30000000e+04,2.48571117e-04,1.98035560e-03
1.30100000e+04,2.48446677e-04,1.08433538e-03
1.30200000e+04,2.62766242e-04,7.35961778e-04
1.30300000e+04,2.63294882e-04,2.98220993e-03
1.30400000e+04,2.61103658e-04,8.45416891e-04
1.30500000e+04,2.58584590e-04,4.46496739e-04
1.30600000e+04,2.58465197e-04,3.93303535e-04
1.30700000e+04,2.57639054e-04,3.58005336e-04
1.30800000e+04,2.54269300e-04,3.56018812e-04
1.30900000e+04,2.49917910e-04,3.54722499e-04
1.31000000e+04,2.46769396e-04,5.80096108e-04
1.31100000e+04,2.45801300e-04,9.57720495e-04
1.31200000e+04,2.49241926e-04,8.50714447e-04
1.31300000e+04,2.51798438e-04,5.41360661e-04
1.31400000e+04,2.56130317e-04,1.41937456e-03
1.31500000e+04,2.63604625e-04,1.21566378e-03
1.31600000e+04,2.66371688e-04,6.18757120e-04
1.31700000e+04,2.61907591e-04,6.64879264e-04
1.31800000e+04,2.49644751e-04,7.94649928e-04
1.31900000e+04,2.46155709e-04,9.23225456e-04
1.32000000e+04,2.52705742e-04,9.80927356e-04
1.32100000e+04,2.68102668e-04,1.96572996e-03
1.32200000e+04,2.50506708e-04,1.11126604e-03
1.32300000e+04,2.46828596e-04,5.38048869e-04
1.32400000e+04,2.46108952e-04,4.54820967e-04
1.32500000e+04,2.44365378e-04,1.50796658e-03
1.32600000e+04,2.46223304e-04,6.82357439e-04
1.32700000e+04,2.45245885e-04,4.48858747e-04
1.32800000e+04,2.40644089e-04,5.93683229e-04
1.32900000e+04,2.40325757e-04,6.67389104e-04
1.33000000e+04,2.39782030e-04,3.45491759e-04
1.33100000e+04,2.39536927e-04,8.65825337e-04
1.33200000e+04,2.39532199e-04,3.44625349e-04
1.33300000e+04,2.46246538e-04,3.50926668e-04
1.33400000e+04,2.48059424e-04,8.78499197e-04
1.33500000e+04,2.44582708e-04,1.04163176e-03
1.33600000e+04,2.44787133e-04,1.02991770e-03
1.33700000e+04,2.38049563e-04,4.51506612e-04
1.33800000e+04,2.52308633e-04,6.15073632e-04
1.33900000e+04,2.50119769e-04,5.94054160e-04
1.34000000e+04,2.42334634e-04,3.99474586e-04
1.34100000e+04,2.38491686e-04,1.14086163e-03
1.34200000e+04,2.37231267e-04,5.20118299e-04
1.34300000e+04,2.39274659e-04,5.81298091e-04
1.34400000e+04,2.42141557e-04,2.06849325e-03
1.34500000e+04,2.42004488e-04,1.45390875e-03
1.34600000e+04,2.47208015e-04,6.39921769e-04
1.34700000e+04,2.93194482e-04,4.77881153e-04
1.34800000e+04,2.38636643e-04,1.31467491e-03
1.34900000e+04,2.41350074e-04,6.41317070e-04
1.35000000e+04,2.40274563e-04,4.66382720e-04
1.35100000e+04,2.36720525e-04,7.62614542e-04
1.35200000e+04,2.34793422e-04,3.81902486e-04
1.35300000e+04,2.33978876e-04,3.36928155e-04
1.35400000e+04,2.33544342e-04,3.36367419e-04
1.35500000e+04,2.33279055e-04,3.35974812e-04
1.35600000e+04,2.34430269e-04,6.07420843e-04
1.35700000e+04,2.37923225e-04,6.37922889e-04
1.35800000e+04,2.37621873e-04,1.16120015e-03
1.35900000e+04,2.37348442e-04,8.96281628e-04
1.36000000e+04,2.34975929e-04,7.12962768e-04
1.36100000e+04,2.36889647e-04,3.68704192e-04
1.36200000e+04,2.38833449e-04,3.87596161e-04
1.36300000e+04,2.31605649e-04,8.63798872e-04
1.36400000e+04,2.31283495e-04,5.21376462e-04
1.36500000e+04,2.31148733e-04,5.16948439e-04
1.36600000e+04,2.30628817e-04,4.02488135e-04
1.36700000e+04,2.30301326e-04,3.31695903e-04
1.36800000e+04,2.31072110e-04,3.31291105e-04
1.36900000e+04,2.50386970e-04,7.84128892e-04
1.37000000e+04,2.83379283e-04,8.81371418e-04
1.37100000e+04,2.66003108e-04,5.18791996e-04
1.37200000e+04,2.42340653e-04,5.62464127e-04
1.37300000e+04,2.51012441e-04,1.22007937e-03
1.37400000e+04,2.34895611e-04,1.30508488e-03
1.37500000e+04,2.40519388e-04,5.85529802e-04
1.37600000e+04,2.34238792e-04,4.02911648e-04
1.37700000e+04,2.33259274e-04,4.24301195e-04
1.37800000e+04,2.34391721e-04,9.12900890e-04
1.37900000e+04,2.32608488e-04,4.61516447e-04
1.38000000e+04,2.43187135e-04,9.58339160e-04
1.38100000e+04,2.38355567e-04,8.75903565e-04
1.38200000e+04,2.42106118e-04,1.03573185e-03
1.38300000e+04,2.38877868e-04,5.07778659e-04
1.38400000e+04,2.37846562e-04,5.08185731e-04
1.38500000e+04,2.40700090e-04,3.32265337e-04
1.38600000e+04,2.40506158e-04,5.20353507e-04
1.38700000e+04,2.33049962e-04,1.11302372e-03
1.38800000e+04,2.30386034e-04,1.02080802e-03
1.38900000e+04,2.38775415e-04,5.87096783e-04
1.39000000e+04,2.37220865e-04,5.56921435e-04
1.39100000e+04,2.33562733e-04,3.47417312e-04
1.39200000e+04,2.36725838e-04,7.57816184e-04
1.39300000e+04,2.35026169e-04,7.00856197e-04
1.39400000e+04,2.34266146e-04,1.27453117e-03
1.39500000e+04,2.24952414e-04,7.92212417e-04
1.39600000e+04,2.34051895e-04,6.28446938e-04
1.39700000e+04,2.23922197e-04,4.17326832e-04
1.39800000e+04,2.32938600e-04,5.72716075e-04
1.39900000e+04,2.44256051e-04,5.32925858e-04
1.40000000e+04,2.29961129e-04,7.32322002e-04
1.40100000e+04,2.28708469e-04,6.02743652e-04
1.40200000e+04,2.24011023e-04,3.81154992e-04
1.40300000e+04,2.22824921e-04,1.25759415e-03
1.40400000e+04,2.24308031e-04,7.89069283e-04
1.40500000e+04,2.24617461e-04,4.76537280e-04
1.40600000e+04,2.24069951e-04,4.19629530e-04
1.40700000e+04,2.37056355e-04,3.56049126e-04
1.40800000e+04,2.74995240e-04,9.64190544e-04
1.40900000e+04,2.73488500e-04,4.09404437e-04
1.41000000e+04,2.71454906e-04,3.49184820e-04
1.41100000e+04,2.57604568e-04,3.40329011e-04
1.41200000e+04,2.38567780e-04,3.20505100e-04
1.41300000e+04,2.28046490e-04,5.94689662e-04
1.41400000e+04,2.28480357e-04,1.35211431e-03
1.41500000e+04,2.28549929e-04,3.97824939e-04
1.41600000e+04,2.28565941e-04,4.37670636e-04
1.41700000e+04,2.31981889e-04,3.85904849e-04
1.41800000e+04,2.46893591e-04,1.05882548e-03
1.41900000e+04,2.24775830e-04,1.01708828e-03
1.42000000e+04,2.20747119e-04,4.94155789e-04
1.42100000e+04,2.19658440e-04,6.44524143e-04
1.42200000e+04,2.18911665e-04,6.71922786e-04
1.42300000e+04,2.26919776e-04,1.18598211e-03
1.42400000e+04,2.30152309e-04,5.85159913e-04
1.42500000e+04,2.26158546e-04,4.53391693e-04
1.42600000e+04,2.21949382e-04,3.35699433e-04
1.42700000e+04,2.20526895e-04,3.97336738e-04
1.42800000e+04,2.16023988e-04,7.32070604e-04
1.42900000e+04,2.16153214e-04,4.95974846e-04
1.43000000e+04,2.15716292e-04,1.06820849e-03
1.43100000e+04,2.15326003e-04,1.07574729e-03
1.43200000e+04,2.15151130e-04,5.59598122e-04
1.43300000e+04,2.15529017e-04,6.32615453e-04
1.43400000e+04,2.24844043e-04,4.56423759e-04
1.43500000e+04,2.20174901e-04,7.21579205e-04
1.43600000e+04,2.20166088e-04,3.95092535e-04
1.43700000e+04,2.21729146e-04,4.11193951e-04
1.43800000e+04,2.24615740e-04,8.89544726e-04
1.43900000e+04,2.26533934e-04,4.09325395e-04
1.44000000e+04,2.19812572e-04,1.33937288e-03
1.44100000e+04,2.15053966e-04,1.23472704e-03
1.44200000e+04,2.13548569e-04,7.17463468e-04
1.44300000e+04,2.12937814e-04,7.55061521e-04
1.44400000e+04,2.12623179e-04,3.71227467e-04
1.44500000e+04,2.12799579e-04,3.38046848e-04
1.44600000e+04,2.17181858e-04,3.75604144e-04
1.44700000e+04,2.16883055e-04,5.65238575e-04
1.44800000e+04,2.16648049e-04,3.12855484e-04
1.44900000e+04,2.16435325e-04,4.91808180e-04
1.45000000e+04,2.16394898e-04,3.93008753e-04
1.45100000e+04,2.13342099e-04,3.61108239e-04
1.45200000e+04,2.10934627e-04,7.16411470e-04
1.45300000e+04,2.11166915e-04,7.74437760e-04
1.45400000e+04,2.10863453e-04,9.06350051e-04
1.45500000e+04,2.11604923e-04,4.27636001e-04
1.45600000e+04,2.30699668e-04,3.61340466e-04
1.45700000e+04,2.16250304e-04,1.21488701e-03
1.45800000e+04,2.15941576e-04,7.75932574e-04
1.45900000e+04,2.21063777e-04,7.08038428e-04
1.46000000e+04,2.20101751e-04,4.86467924e-04
1.46100000e+04,2.19676116e-04,3.96407739e-04
1.46200000e+04,2.11363884e-04,7.73393576e-04
1.46300000e+04,2.09128290e-04,8.70200438e-04
1.46400000e+04,2.08513661e-04,4.09225453e-04
1.46500000e+04,2.08205232e-04,3.60715880e-04
1.46600000e+04,2.07977941e-04,3.28688748e-04
1.46700000e+04,2.08154658e-04,5.68682459e-04
1.46800000e+04,2.12647300e-04,4.10934990e-04
1.46900000e+04,2.12274156e-04,6.16269419e-04
1.47000000e+04,2.13707466e-04,4.64550531e-04
1.47100000e+04,2.56885276e-04,5.45606410e-04
1.47200000e+04,2.11451155e-04,6.95974266e-04
1.47300000e+04,2.16313637e-04,7.97029585e-04
1.47400000e+04,2.07938338e-04,4.09414934e-04
1.47500000e+04,2.06533841e-04,9.91233668e-04
1.47600000e+04,2.06376265e-04,7.99379570e-04
1.47700000e+04,2.05882376e-04,3.84702480e-04
1.47800000e+04,2.05503903e-04,3.30569614e-04
1.47900000e+04,2.05290313e-04,3.16920075e-04
1.48000000e+04,2.05096469e-04,6.62102259e-04
1.48100000e+04,2.04940298e-04,3.74903932e-04
1.48200000e+04,2.05393223e-04,3.63687963e-04
1.48300000e+04,2.09423487e-04,5.21152870e-04
1.48400000e+04,2.09259016e-04,5.77364226e-04
1.48500000e+04,2.09702358e-04,3.28778398e-04
1.48600000e+04,2.13387370e-04,1.21650836e-03
1.48700000e+04,2.12866715e-04,6.33162745e-04
1.48800000e+04,2.12404653e-04,3.33205215e-04
1.48900000e+04,2.06868466e-04,5.32260612e-04
1.49000000e+04,2.04567672e-04,5.02810013e-04
1.49100000e+04,2.03805566e-04,1.11654883e-03
1.49200000e+04,2.05313140e-04,5.95867057e-04
1.49300000e+04,2.07454586e-04,7.24023652e-04
1.49400000e+04,2.07292972e-04,5.54728287e-04
1.49500000e+04,2.07076300e-04,4.24380883e-04
1.49600000e+04,2.06099781e-04,4.99688731e-04
1.49700000e+04,2.02673978e-04,3.71024224e-04
1.49800000e+04,2.01620726e-04,3.12130576e-04
1.49900000e+04,2.01691541e-04,3.21816331e-04
1.50000000e+04,2.01838373e-04,1.07236313e-03
1.50100000e+04,2.01558240e-04,6.92869817e-04
1.50200000e+04,2.02808883e-04,3.57672307e-04
1.50300000e+04,2.08977571e-04,5.12033914e-04
1.50400000e+04,2.08988517e-04,4.99294822e-04
1.50500000e+04,2.08352437e-04,5.82453922e-04
1.50600000e+04,2.05793678e-04,7.74641174e-04
1.50700000e+04,2.00225828e-04,5.88929979e-04
1.50800000e+04,2.00190816e-04,3.41661498e-04
1.50900000e+04,2.00067393e-04,3.21796169e-04
1.51000000e+04,1.99584867e-04,5.88901214e-04
1.51100000e+04,1.99202971e-04,3.48408341e-04
1.51200000e+04,1.98928637e-04,4.55585212e-04
1.51300000e+04,1.98721266e-04,3.12096006e-04
1.51400000e+04,1.98654287e-04,8.38558824e-04
1.51500000e+04,2.00896497e-04,4.46991435e-04
1.51600000e+04,2.46740587e-04,6.34015858e-04
1.51700000e+04,2.36907921e-04,6.18680586e-04
1.51800000e+04,2.06392260e-04,9.00195560e-04
1.51900000e+04,2.00965207e-04,9.13578306e-04
1.52000000e+04,2.05598000e-04,4.93565158e-04
1.52100000e+04,2.03268133e-04,3.15182859e-04
1.52200000e+04,2.02016882e-04,2.83168692e-04
1.52300000e+04,2.01975296e-04,8.05794680e-04
1.52400000e+04,2.04436359e-04,4.31437680e-04
1.52500000e+04,1.99020816e-04,6.93158259e-04
1.52600000e+04,2.04465426e-04,8.58534429e-04
1.52700000e+04,1.96718391e-04,4.68378765e-04
1.52800000e+04,1.97232956e-04,6.93645190e-04
1.52900000e+04,1.95774652e-04,3.88115750e-04
1.53000000e+04,1.95805044e-04,4.18111107e-04
1.53100000e+04,1.95914738e-04,8.03433146e-04
1.53200000e+04,1.97455461e-04,5.05509692e-04
1.53300000e+04,2.00064074e-04,4.06741181e-04
1.53400000e+04,1.99816426e-04,4.01514406e-04
1.53500000e+04,1.98738779e-04,3.61704071e-04
1.53600000e+04,1.99346143e-04,6.46596691e-04
1.53700000e+04,1.99162220e-04,3.55271199e-04
1.53800000e+04,1.98973053e-04,3.14554687e-04
1.53900000e+04,1.95884928e-04,3.79857656e-04
1.54000000e+04,1.93818638e-04,2.78614962e-04
1.54100000e+04,1.93838608e-04,2.78537826e-04
1.54200000e+04,1.93511458e-04,2.78472942e-04
1.54300000e+04,1.93877712e-04,7.94085356e-04
1.54400000e+04,2.02297475e-04,3.27194344e-04
1.54500000e+04,2.00960046e-04,5.72963270e-04
1.54600000e+04,2.00120233e-04,6.16973293e-04
1.54700000e+04,2.00445766e-04,4.05864888e-04
1.54800000e+04,1.94483337e-04,2.93132844e-04
1.54900000e+04,1.97338636e-04,6.13345141e-04
1.55000000e+04,1.93592194e-04,3.59852515e-04
1.55100000e+04,1.92019700e-04,5.55186982e-04
1.55200000e+04,1.92427174e-04,3.60055865e-04
1.55300000e+04,1.96308658e-04,3.14256080e-04
1.55400000e+04,1.96162618e-04,4.15030247e-04
1.55500000e+04,1.96750904e-04,2.74737384e-04
1.55600000e+04,1.97948084e-04,2.74695691e-04
1.55700000e+04,1.97360432e-04,7.40491095e-04
1.55800000e+04,1.95146174e-04,7.31035780e-04
1.55900000e+04,1.93337523e-04,5.93312054e-04
1.56000000e+04,1.95439778e-04,4.65475573e-04
1.56100000e+04,2.00989191e-04,3.11677271e-04
1.56200000e+04,1.97794810e-04,2.77573330e-04
1.56300000e+04,1.95097696e-04,2.73157388e-04
1.56400000e+04,1.94415682e-04,2.97272276e-04
1.56500000e+04,1.94211889e-04,5.23299774e-04
1.56600000e+04,1.91326649e-04,5.21431404e-04
1.56700000e+04,1.89198563e-04,4.24562499e-04
1.56800000e+04,1.88982464e-04,4.99137292e-04
1.56900000e+04,1.88863637e-04,3.21013398e-04
1.57000000e+04,1.88538565e-04,2.70969438e-04
1.57100000e+04,1.88470208e-04,5.38861306e-04
1.57200000e+04,1.89295112e-04,4.94771703e-04
1.57300000e+04,2.05839903e-04,3.43872009e-04
1.57400000e+04,1.92800032e-04,3.61967098e-04
1.57500000e+04,1.95481464e-04,3.74754780e-04
1.57600000e+04,1.94203465e-04,5.81697435e-04
1.57700000e+04,1.88880059e-04,4.91831228e-04
1.57800000e+04,1.88297238e-04,2.88085872e-04
1.57900000e+04,1.87812587e-04,2.71107094e-04
1.58000000e+04,1.90219364e-04,4.23046286e-04
1.58100000e+04,2.34015036e-04,3.17661339e-04
1.58200000e+04,2.03893390e-04,4.29956454e-04
1.58300000e+04,1.94892723e-04,2.70941364e-04
1.58400000e+04,1.97402877e-04,3.79487525e-04
1.58500000e+04,1.93850673e-04,3.66738934e-04
1.58600000e+04,1.87884888e-04,3.07855338e-04
1.58700000e+04,1.86052961e-04,6.55661979e-04
1.58800000e+04,1.87173468e-04,6.05027370e-04
1.58900000e+04,1.90126980e-04,3.70799236e-04
1.59000000e+04,1.89986908e-04,4.64418488e-04
1.59100000e+04,1.89795189e-04,2.68892500e-04
1.59200000e+04,1.89618429e-04,2.65714525e-04
1.59300000e+04,1.89527905e-04,4.40388590e-04
1.59400000e+04,1.88616299e-04,2.77453623e-04
1.59500000e+04,1.85709046e-04,3.74437871e-04
1.59600000e+04,1.84508660e-04,7.01249770e-04
1.59700000e+04,1.84057581e-04,2.83997548e-04
1.59800000e+04,1.83892316e-04,6.48133799e-04
1.59900000e+04,1.83746654e-04,4.59874696e-04
1.60000000e+04,1.83552315e-04,3.11703172e-04
1.60100000e+04,1.83441269e-04,2.75671673e-04
1.60200000e+04,1.84921281e-04,3.22310812e-04
1.60300000e+04,1.87929356e-04,4.94593944e-04
1.60400000e+04,1.87663709e-04,3.50311313e-04
1.60500000e+04,1.87513926e-04,2.62797175e-04
1.60600000e+04,1.87343257e-04,2.95736480e-04
1.60700000e+04,1.84196107e-04,2.62012254e-04
1.60800000e+04,1.83172793e-04,3.36101890e-04
1.60900000e+04,1.83182750e-04,5.37157573e-04
1.61000000e+04,1.82190844e-04,3.61477536e-04
1.61100000e+04,1.82956769e-04,5.92570337e-04
1.61200000e+04,2.24320618e-04,2.73691961e-04
1.61300000e+04,1.89926906e-04,5.36258747e-04
1.61400000e+04,1.99199003e-04,2.74860797e-04
1.61500000e+04,1.83307132e-04,2.60004277e-04
1.61600000e+04,1.87299323e-04,2.59333487e-04
1.61700000e+04,1.84749258e-04,2.64224775e-04
1.61800000e+04,1.80828524e-04,3.97554741e-04
1.61900000e+04,1.80652174e-04,4.71839847e-04
1.62000000e+04,1.80544142e-04,6.18367028e-04
1.62100000e+04,1.80319584e-04,3.73125251e-04
1.62200000e+04,1.80216171e-04,3.61299115e-04
1.62300000e+04,1.82290362e-04,2.63009892e-04
1.62400000e+04,1.84461421e-04,5.77083043e-04
1.62500000e+04,1.84395309e-04,3.22359405e-04
1.62600000e+04,1.86387944e-04,2.58001595e-04
1.62700000e+04,1.84853800e-04,4.34479667e-04
1.62800000e+04,1.85946342e-04,3.49862727e-04
1.62900000e+04,1.82204630e-04,4.60371304e-04
1.63000000e+04,1.79435460e-04,2.69927092e-04
1.63100000e+04,1.78766033e-04,2.55812778e-04
1.63200000e+04,1.78559340e-04,2.90195096e-04
1.63300000e+04,1.78400552e-04,4.00344408e-04
1.63400000e+04,1.78247252e-04,3.87287619e-04
1.63500000e+04,1.78093769e-04,4.09972321e-04
1.63600000e+04,1.77940066e-04,2.78042500e-04
1.63700000e+04,1.77783629e-04,4.49351917e-04
1.63800000e+04,1.77628792e-04,3.11402488e-04
1.63900000e+04,1.77473870e-04,5.03506782e-04
1.64000000e+04,1.77319996e-04,2.65145347e-04
1.64100000e+04,1.77165893e-04,3.85130841e-04
1.64200000e+04,1.77012314e-04,2.99001274e-04
1.64300000e+04,1.76875353e-04,3.29958595e-04
1.64400000e+04,1.77306722e-04,4.78839422e-04
1.64500000e+04,1.83041754e-04,2.94324134e-04
1.64600000e+04,1.81994085e-04,4.94097996e-04
1.64700000e+04,1.82128252e-04,2.52169257e-04
1.64800000e+04,1.81110240e-04,3.44588297e-04
1.64900000e+04,1.78643779e-04,4.63694425e-04
1.65000000e+04,1.78444787e-04,4.15602306e-04
1.65100000e+04,1.76906853e-04,2.71674735e-04
1.65200000e+04,1.75580000e-04,2.78892248e-04
1.65300000e+04,1.75578597e-04,4.91131419e-04
1.65400000e+04,1.75241400e-04,3.55770571e-04
1.65500000e+04,1.75098276e-04,5.22344752e-04
1.65600000e+04,1.74942636e-04,3.08262223e-04
1.65700000e+04,1.75010619e-04,3.69835489e-04
1.65800000e+04,1.81536684e-04,2.50145600e-04
1.65900000e+04,1.84034113e-04,3.91126933e-04
1.66000000e+04,1.79040089e-04,2.51840607e-04
1.66100000e+04,1.79275842e-04,3.17469776e-04
1.66200000e+04,1.78912961e-04,4.31023469e-04
1.66300000e+04,1.74069088e-04,4.14564845e-04
1.66400000e+04,1.75308211e-04,3.88476727e-04
1.66500000e+04,1.74445928e-04,3.15428591e-04
1.66600000e+04,1.73679751e-04,3.53240732e-04
1.66700000e+04,1.73368449e-04,3.04972928e-04
1.66800000e+04,1.73201925e-04,2.49673369e-04
1.66900000e+04,1.73151097e-04,2.47473778e-04
1.67000000e+04,1.75191160e-04,2.47157855e-04
1.67100000e+04,2.16277091e-04,3.70278703e-04
1.67200000e+04,2.01155117e-04,3.14611912e-04
1.67300000e+04,1.80502641e-04,4.06730589e-04
1.67400000e+04,1.80884536e-04,3.45609173e-04
1.67500000e+04,1.77128183e-04,3.50046947e-04
1.67600000e+04,1.73263842e-04,4.63621856e-04
1.67700000e+04,1.72118093e-04,2.87510211e-04
1.67800000e+04,1.72229660e-04,4.30578260e-04
1.67900000e+04,1.74554162e-04,2.98036715e-04
1.68000000e+04,1.76028040e-04,3.27650010e-04
1.68100000e+04,1.75892706e-04,3.13927127e-04
1.68200000e+04,1.75911579e-04,2.51983385e-04
1.68300000e+04,1.79942876e-04,2.80996570e-04
1.68400000e+04,1.72551304e-04,4.89073876e-04
1.68500000e+04,1.70957907e-04,2.89647347e-04
1.68600000e+04,1.70913351e-04,4.16622237e-04
1.68700000e+04,1.70759432e-04,3.23070848e-04
1.68800000e+04,1.70380898e-04,4.49025767e-04
1.68900000e+04,1.70264177e-04,3.01379767e-04
1.69000000e+04,1.70078648e-04,2.96879181e-04
1.69100000e+04,1.69946408e-04,2.83186466e-04
1.69200000e+04,1.69822063e-04,2.81367240e-04
1.69300000e+04,1.69834026e-04,2.47100284e-04
1.69400000e+04,1.72675550e-04,3.35178423e-04
1.69500000e+04,1.75937084e-04,4.11099528e-04
1.69600000e+04,1.83398656e-04,2.62748852e-04
1.69700000e+04,1.72946664e-04,2.41729331e-04
1.69800000e+04,1.79817474e-04,2.41338368e-04
1.69900000e+04,1.75215772e-04,2.71814224e-04
1.70000000e+04,1.70439741e-04,3.14827370e-04
1.70100000e+04,1.69452243e-04,4.43226951e-04
1.70200000e+04,1.73201272e-04,2.88663796e-04
1.70300000e+04,1.74972488e-04,2.40129204e-04
1.70400000e+04,1.74598095e-04,2.39894292e-04
1.70500000e+04,1.74751348e-04,4.40284763e-04
1.70600000e+04,1.76694428e-04,3.35829067e-04
1.70700000e+04,1.70208702e-04,2.75909031e-04
1.70800000e+04,1.67742769e-04,3.68779884e-04
1.70900000e+04,1.67629939e-04,3.10892818e-04
1.71000000e+04,1.67523250e-04,2.95787520e-04
1.71100000e+04,1.67194120e-04,2.58204183e-04
1.71200000e+04,1.67095844e-04,3.83993209e-04
1.71300000e+04,1.66963827e-04,2.44939329e-04
1.71400000e+04,1.67322471e-04,2.92868096e-04
1.71500000e+04,1.71112250e-04,2.89581907e-04
1.71600000e+04,1.70970002e-04,3.14003027e-04
1.71700000e+04,1.70832043e-04,2.99187579e-04
1.71800000e+04,1.70694130e-04,2.90624717e-04
1.71900000e+04,1.66774083e-04,3.40158354e-04
1.72000000e+04,1.66842946e-04,2.48065462e-04
1.72100000e+04,1.66541035e-04,3.66188378e-04
1.72200000e+04,1.66151133e-04,3.67173125e-04
1.72300000e+04,1.66964702e-04,3.44125947e-04
1.72400000e+04,1.78875749e-04,2.85467600e-04
1.72500000e+04,1.72531479e-04,4.04165352e-04
1.72600000e+04,1.69911473e-04,2.64995911e-04
1.72700000e+04,1.71644791e-04,2.50079211e-04
1.72800000e+04,1.67720828e-04,2.42184902e-04
1.72900000e+04,1.65399258e-04,2.80221630e-04
1.73000000e+04,1.64731613e-04,2.84301546e-04
1.73100000e+04,1.64788717e-04,2.85266575e-04
1.73200000e+04,1.67159469e-04,2.63293003e-04
1.73300000e+04,1.74843676e-04,2.34022258e-04
1.73400000e+04,1.77591031e-04,2.45795958e-04
1.73500000e+04,1.77983920e-04,3.63997196e-04
1.73600000e+04,1.67585372e-04,2.82419378e-04
1.73700000e+04,1.64581434e-04,2.56385270e-04
1.73800000e+04,1.63874591e-04,2.33128620e-04
1.73900000e+04,1.63590985e-04,2.36887310e-04
1.74000000e+04,1.63424745e-04,4.01893134e-04
1.74100000e+04,1.63281081e-04,3.44169033e-04
1.74200000e+04,1.63114597e-04,3.68321611e-04
1.74300000e+04,1.62956796e-04,2.59948988e-04
1.74400000e+04,1.62826328e-04,2.97299927e-04
1.74500000e+04,1.62700753e-04,2.66908275e-04
1.74600000e+04,1.62631080e-04,3.58387395e-04
1.74700000e+04,1.63805872e-04,2.89093918e-04
1.74800000e+04,1.77394766e-04,2.41087497e-04
1.74900000e+04,1.70589877e-04,3.62175244e-04
1.75000000e+04,1.66492479e-04,2.48121401e-04
1.75100000e+04,1.64459027e-04,2.69520706e-04
1.75200000e+04,1.66358590e-04,2.58278723e-04
1.75300000e+04,1.63577766e-04,2.35043028e-04
1.75400000e+04,1.61867883e-04,3.92283671e-04
1.75500000e+04,1.61434279e-04,2.68717478e-04
1.75600000e+04,1.61287015e-04,2.67673806e-04
1.75700000e+04,1.61183407e-04,3.74691341e-04
1.75800000e+04,1.61475512e-04,3.16332766e-04
1.75900000e+04,1.65769644e-04,2.32363096e-04
1.76000000e+04,1.65161940e-04,3.31167902e-04
1.76100000e+04,1.65071076e-04,2.82830550e-04
1.76200000e+04,1.64892165e-04,2.51951766e-04
1.76300000e+04,1.61577935e-04,2.30237636e-04
1.76400000e+04,1.60644886e-04,3.28329438e-04
1.76500000e+04,1.60739569e-04,2.35984347e-04
1.76600000e+04,1.60366703e-04,2.30502927e-04
1.76700000e+04,1.60080619e-04,3.33124061e-04
1.76800000e+04,1.60232284e-04,2.47654716e-04
1.76900000e+04,1.64981981e-04,2.46214016e-04
1.77000000e+04,1.64779450e-04,2.31371523e-04
1.77100000e+04,1.64634670e-04,3.04477551e-04
1.77200000e+04,1.61860977e-04,5.75263895e-04
1.77300000e+04,1.60282062e-04,2.81795047e-04
1.77400000e+04,1.59412945e-04,2.41802952e-04
1.77500000e+04,1.59009119e-04,3.68547117e-04
1.77600000e+04,1.58855561e-04,2.64868648e-04
1.77700000e+04,1.58767255e-04,2.64491620e-04
1.77800000e+04,1.59169408e-04,2.40247206e-04
1.77900000e+04,1.67441437e-04,2.27653261e-04
1.78000000e+04,1.69119090e-04,3.51875864e-04
1.78100000e+04,1.65024678e-04,3.38553973e-04
1.78200000e+04,1.63714191e-04,2.47664926e-04
1.78300000e+04,1.59657889e-04,2.35422474e-04
1.78400000e+04,1.58712917e-04,3.05670115e-04
1.78500000e+04,1.57978813e-04,2.42358586e-04
1.78600000e+04,1.57617947e-04,2.27052520e-04
1.78700000e+04,1.57474352e-04,2.36969167e-04
1.78800000e+04,1.57390518e-04,3.99574888e-04
1.78900000e+04,1.57765985e-04,4.03415501e-04
1.79000000e+04,1.62640334e-04,3.14881670e-04
1.79100000e+04,1.62008619e-04,2.75019263e-04
1.79200000e+04,1.61962827e-04,2.37756121e-04
1.79300000e+04,1.61753424e-04,3.71700422e-04
1.79400000e+04,1.60997100e-04,2.69196933e-04
1.79500000e+04,1.58317437e-04,3.11415726e-04
1.79600000e+04,1.56991201e-04,2.26672630e-04
1.79700000e+04,1.56453037e-04,2.34066261e-04
1.79800000e+04,1.56184575e-04,3.76231916e-04
1.79900000e+04,1.56031876e-04,2.36824887e-04
1.80000000e+04,1.56286083e-04,2.21379059e-04
1.80100000e+04,1.60032234e-04,2.22125946e-04
1.80200000e+04,1.59908703e-04,3.15938292e-04
1.80300000e+04,1.59805475e-04,2.47504615e-04
1.80400000e+04,1.60406560e-04,2.56070542e-04
1.80500000e+04,1.55425945e-04,2.27967579e-04
1.80600000e+04,1.56006903e-04,4.22834144e-04
1.80700000e+04,1.55804064e-04,2.98354451e-04
1.80800000e+04,1.55237095e-04,2.33703369e-04
1.80900000e+04,1.54916615e-04,2.20943320e-04
1.81000000e+04,1.54765314e-04,2.23052684e-04
1.81100000e+04,1.54917855e-04,3.44658714e-04
1.81200000e+04,1.58816742e-04,3.12932576e-04
1.81300000e+04,1.58698220e-04,2.32612358e-04
1.81400000e+04,1.55880214e-04,2.66290926e-04
1.81500000e+04,1.55138192e-04,2.21692290e-04
1.81600000e+04,1.54918987e-04,2.18827593e-04
1.81700000e+04,1.54568376e-04,2.87989385e-04
1.81800000e+04,1.54129558e-04,2.96402184e-04
1.81900000e+04,1.53716854e-04,2.72067640e-04
1.82000000e+04,1.53530135e-04,2.26750237e-04
1.82100000e+04,1.53484573e-04,2.20950187e-04
1.82200000e+04,1.54349205e-04,2.18540497e-04
1.82300000e+04,1.57610813e-04,2.17616555e-04
1.82400000e+04,1.57447332e-04,3.10562698e-04
1.82500000e+04,1.57326836e-04,2.55755443e-04
1.82600000e+04,1.55137864e-04,2.22448761e-04
1.82700000e+04,1.55882489e-04,2.27498738e-04
1.82800000e+04,1.53926175e-04,4.07440068e-04
1.82900000e+04,1.52782566e-04,2.66767336e-04
1.83000000e+04,1.52417308e-04,3.13924260e-04
1.83100000e+04,1.52264791e-04,2.27437993e-04
1.83200000e+04,1.52145511e-04,2.17401494e-04
1.83300000e+04,1.52029632e-04,2.30747782e-04
1.83400000e+04,1.51926453e-04,2.95400636e-04
1.83500000e+04,1.52057115e-04,3.10698195e-04
1.83600000e+04,1.55926805e-04,2.79575709e-04
1.83700000e+04,1.55797401e-04,2.87081472e-04
1.83800000e+04,1.55679511e-04,2.14653639e-04
1.83900000e+04,1.55564452e-04,2.14480770e-04
1.84000000e+04,1.52896166e-04,3.24157485e-04
1.84100000e+04,1.53144632e-04,2.33470899e-04
1.84200000e+04,1.51465337e-04,2.13961875e-04
1.84300000e+04,1.50934727e-04,2.13793139e-04
1.84400000e+04,1.50814405e-04,2.16251934e-04
1.84500000e+04,1.50699411e-04,2.47764911e-04
1.84600000e+04,1.50576589e-04,3.52799994e-04
1.84700000e+04,1.50457558e-04,2.26588056e-04
1.84800000e+04,1.50352769e-04,3.28101363e-04
1.84900000e+04,1.50450115e-04,2.52265438e-04
1.85000000e+04,1.55135184e-04,2.26544053e-04
1.85100000e+04,1.54762759e-04,2.38136886e-04
1.85200000e+04,1.54519227e-04,2.12634399e-04
1.85300000e+04,1.54351195e-04,2.51504115e-04
1.85400000e+04,1.50183969e-04,2.11991057e-04
1.85500000e+04,1.50329634e-04,2.11793090e-04
1.85600000e+04,1.49918476e-04,2.59974357e-04
1.85700000e+04,1.49508143e-04,2.96908176e-04
1.85800000e+04,1.49443524e-04,2.22301014e-04
1.85900000e+04,1.53845125e-04,2.32258857e-04
1.86000000e+04,1.55598716e-04,2.45472521e-04
1.86100000e+04,1.53148581e-04,2.10798165e-04
1.86200000e+04,1.53437802e-04,2.10885921e-04
1.86300000e+04,1.50915585e-04,2.24086898e-04
1.86400000e+04,1.50017289e-04,3.38298152e-04
1.86500000e+04,1.49143223e-04,3.12215464e-04
1.86600000e+04,1.48546839e-04,2.60333853e-04
1.86700000e+04,1.48304352e-04,2.11075319e-04
1.86800000e+04,1.48165189e-04,2.11630690e-04
1.86900000e+04,1.48053125e-04,2.09963226e-04
1.87000000e+04,1.48049152e-04,2.41353632e-04
1.87100000e+04,1.51177293e-04,2.27664379e-04
1.87200000e+04,1.51873218e-04,3.66561846e-04
1.87300000e+04,1.51957965e-04,2.63271160e-04
1.87400000e+04,1.56404573e-04,2.27469829e-04
1.87500000e+04,1.50068725e-04,2.52140396e-04
1.87600000e+04,1.47948850e-04,2.12917060e-04
1.87700000e+04,1.47444991e-04,2.38216378e-04
1.87800000e+04,1.47210235e-04,2.43725802e-04
1.87900000e+04,1.47056279e-04,2.07941942e-04
1.88000000e+04,1.46916269e-04,2.07754973e-04
1.88100000e+04,1.46789147e-04,2.26470573e-04
1.88200000e+04,1.46674606e-04,2.11259536e-04
1.88300000e+04,1.46564565e-04,3.03877704e-04
1.88400000e+04,1.46457543e-04,2.33427185e-04
1.88500000e+04,1.46351524e-04,2.20776285e-04
1.88600000e+04,1.46245692e-04,2.92493625e-04
1.88700000e+04,1.46148594e-04,2.22434272e-04
1.88800000e+04,1.46345321e-04,2.35435547e-04
1.88900000e+04,1.50213410e-04,2.28413320e-04
1.89000000e+04,1.50093632e-04,2.41553093e-04
1.89100000e+04,1.49797463e-04,2.11905636e-04
1.89200000e+04,1.49702287e-04,2.33302560e-04
1.89300000e+04,1.48604446e-04,2.18726778e-04
1.89400000e+04,1.45494333e-04,3.29148015e-04
1.89500000e+04,1.45845686e-04,2.11260729e-04
1.89600000e+04,1.45316072e-04,2.44460554e-04
1.89700000e+04,1.45098542e-04,2.07116612e-04
1.89800000e+04,1.45005554e-04,2.40107805e-04
1.89900000e+04,1.44899326e-04,2.34956507e-04
1.90000000e+04,1.44789587e-04,2.25332035e-04
1.90100000e+04,1.44682826e-04,2.42143086e-04
1.90200000e+04,1.44577842e-04,2.06527239e-04
1.90300000e+04,1.44473595e-04,2.04945748e-04
1.90400000e+04,1.44405320e-04,2.04074328e-04
1.90500000e+04,1.45581305e-04,2.12476550e-04
1.90600000e+04,1.48287173e-04,2.03613809e-04
1.90700000e+04,1.48125581e-04,2.03466468e-04
1.90800000e+04,1.48014103e-04,2.03773622e-04
1.90900000e+04,1.44905047e-04,2.28350909e-04
1.91000000e+04,1.45549815e-04,2.08886103e-04
1.91100000e+04,1.44259431e-04,2.65555811e-04
1.91200000e+04,1.43602866e-04,2.71268365e-04
1.91300000e+04,1.43608112e-04,2.38101387e-04
1.91400000e+04,1.43589517e-04,2.13638168e-04
1.91500000e+04,1.44942829e-04,3.24882658e-04
1.91600000e+04,1.47699712e-04,2.28715232e-04
1.91700000e+04,1.47102254e-04,2.22371079e-04
1.91800000e+04,1.47096023e-04,2.33386239e-04
1.91900000e+04,1.45355070e-04,2.03146710e-04
1.92000000e+04,1.43528086e-04,2.05069920e-04
1.92100000e+04,1.42715550e-04,2.03664612e-04
1.92200000e+04,1.42573074e-04,2.01461254e-04
1.92300000e+04,1.42498218e-04,2.00999137e-04
1.92400000e+04,1.42342396e-04,2.46046046e-04
1.92500000e+04,1.42251692e-04,2.12325438e-04
1.92600000e+04,1.42143335e-04,2.59485912e-04
1.92700000e+04,1.42039794e-04,2.11361175e-04
1.92800000e+04,1.41967808e-04,2.04101804e-04
1.92900000e+04,1.42885317e-04,2.01696507e-04
1.93000000e+04,1.45780309e-04,2.00330471e-04
1.93100000e+04,1.45672292e-04,2.02532008e-04
1.93200000e+04,1.45572015e-04,2.69271114e-04
1.93300000e+04,1.41823603e-04,2.50851962e-04
1.93400000e+04,1.43233298e-04,2.18218243e-04
1.93500000e+04,1.41316780e-04,2.06787820e-04
1.93600000e+04,1.41361540e-04,2.58590258e-04
1.93700000e+04,1.41075252e-04,2.69127358e-04
1.93800000e+04,1.40962607e-04,2.19254685e-04
1.93900000e+04,1.40883796e-04,2.16414678e-04
1.94000000e+04,1.41043176e-04,2.00032449e-04
1.94100000e+04,1.47725904e-04,1.99165304e-04
1.94200000e+04,1.44894687e-04,1.99570945e-04
1.94300000e+04,1.45239045e-04,2.26424546e-04
1.94400000e+04,1.43432147e-04,2.07971966e-04
1.94500000e+04,1.40374792e-04,2.07683566e-04
1.94600000e+04,1.40250134e-04,2.78027876e-04
1.94700000e+04,1.40204201e-04,2.43010063e-04
1.94800000e+04,1.40039401e-04,2.04677373e-04
1.94900000e+04,1.39907218e-04,1.98386580e-04
1.95000000e+04,1.39792855e-04,1.97171385e-04
1.95100000e+04,1.39690777e-04,1.97019030e-04
1.95200000e+04,1.39592775e-04,3.10128486e-04
1.95300000e+04,1.39515881e-04,2.12827589e-04
1.95400000e+04,1.39864251e-04,1.97517024e-04
1.95500000e+04,1.43103213e-04,2.47964003e-04
1.95600000e+04,1.43320235e-04,2.00384509e-04
1.95700000e+04,1.42948822e-04,2.14826394e-04
1.95800000e+04,1.40979442e-04,2.36040967e-04
1.95900000e+04,1.40647926e-04,2.11948646e-04
1.96000000e+04,1.39536926e-04,2.17772345e-04
1.96100000e+04,1.38889807e-04,2.10760846e-04
1.96200000e+04,1.38662235e-04,1.95690923e-04
1.96300000e+04,1.38610835e-04,1.95466081e-04
1.96400000e+04,1.39332979e-04,1.95392812e-04
1.96500000e+04,1.42056425e-04,1.95488482e-04
1.96600000e+04,1.41953252e-04,1.97694254e-04
1.96700000e+04,1.41853663e-04,2.17350207e-04
1.96800000e+04,1.39043716e-04,1.99970037e-04
1.96900000e+04,1.38198622e-04,2.00307545e-04
1.97000000e+04,1.37986402e-04,2.53228720e-04
1.97100000e+04,1.37849864e-04,2.04117244e-04
1.97200000e+04,1.37736425e-04,2.20145519e-04
1.97300000e+04,1.37624535e-04,2.64276555e-04
1.97400000e+04,1.37515812e-04,1.98365046e-04
1.97500000e+04,1.37417554e-04,1.96048531e-04
1.97600000e+04,1.37327683e-04,2.13725916e-04
1.97700000e+04,1.37273951e-04,2.08842468e-04
1.97800000e+04,1.37985050e-04,2.39556055e-04
1.97900000e+04,1.40945568e-04,2.02172756e-04
1.98000000e+04,1.40696708e-04,1.96802184e-04
1.98100000e+04,1.37991856e-04,2.23905893e-04
1.98200000e+04,1.38078168e-04,1.93000481e-04
1.98300000e+04,1.37666453e-04,1.92762013e-04
1.98400000e+04,1.37034127e-04,1.92663219e-04
1.98500000e+04,1.36653407e-04,1.92470822e-04
1.98600000e+04,1.36444981e-04,1.92308390e-04
1.98700000e+04,1.36323408e-04,2.07206368e-04
1.98800000e+04,1.36225453e-04,2.18970598e-04
1.98900000e+04,1.36263203e-04,1.92360297e-04
1.99000000e+04,1.39694975e-04,2.15792008e-04
1.99100000e+04,1.39609234e-04,2.21528148e-04
1.99200000e+04,1.39417569e-04,2.32496264e-04
1.99300000e+04,1.39333953e-04,2.05531956e-04
1.99400000e+04,1.36997956e-04,1.96721715e-04
1.99500000e+04,1.35619553e-04,1.91540177e-04
1.99600000e+04,1.35524673e-04,1.91267962e-04
1.99700000e+04,1.35437508e-04,1.90906849e-04
1.99800000e+04,1.35319812e-04,2.16824498e-04
1.99900000e+04,1.35210803e-04,1.90640390e-04
2.00000000e+04,1.35111723e-04,1.94339166e-04
2.00100000e+04,1.35023660e-04,2.23945993e-04
2.00200000e+04,1.35110560e-04,2.32801625e-04
2.00300000e+04,1.38727863e-04,2.03705047e-04
2.00400000e+04,1.38652245e-04,1.95368369e-04
2.00500000e+04,1.36596572e-04,2.29564354e-04
2.00600000e+04,1.38337694e-04,1.98697828e-04
2.00700000e+04,1.34824103e-04,1.89900358e-04
2.00800000e+04,1.35015130e-04,2.55440902e-04
2.00900000e+04,1.34454788e-04,2.06143128e-04
2.01000000e+04,1.34224058e-04,2.08967936e-04
2.01100000e+04,1.34159445e-04,1.96822967e-04
2.01200000e+04,1.34043493e-04,2.32268938e-04
2.01300000e+04,1.33945276e-04,2.12344861e-04
2.01400000e+04,1.33856382e-04,1.98887240e-04
2.01500000e+04,1.33766871e-04,2.14433519e-04
2.01600000e+04,1.33676676e-04,1.96079115e-04
2.01700000e+04,1.33588553e-04,1.90607031e-04
2.01800000e+04,1.33502382e-04,1.88851623e-04
2.01900000e+04,1.33469426e-04,2.35854036e-04
2.02000000e+04,1.34642370e-04,1.95935541e-04
2.02100000e+04,1.36876015e-04,2.34573688e-04
2.02200000e+04,1.35978799e-04,1.87751006e-04
2.02300000e+04,1.36415680e-04,1.87611769e-04
2.02400000e+04,1.34749140e-04,2.18527047e-04
2.02500000e+04,1.33393035e-04,1.87899632e-04
2.02600000e+04,1.33428885e-04,2.05542479e-04
2.02700000e+04,1.36548745e-04,1.97014284e-04
2.02800000e+04,1.36458396e-04,1.87684877e-04
2.02900000e+04,1.36421889e-04,1.98265121e-04
2.03000000e+04,1.35269734e-04,2.23791591e-04
2.03100000e+04,1.33214436e-04,1.90826520e-04
2.03200000e+04,1.32469033e-04,1.92851719e-04
2.03300000e+04,1.32198742e-04,1.86414196e-04
2.03400000e+04,1.32113866e-04,1.86278583e-04
2.03500000e+04,1.32029464e-04,1.86142116e-04
2.03600000e+04,1.31918435e-04,2.00135220e-04
2.03700000e+04,1.31832542e-04,1.87648434e-04
2.03800000e+04,1.31741937e-04,2.14321719e-04
2.03900000e+04,1.31655516e-04,2.48334081e-04
2.04000000e+04,1.31576750e-04,2.01106331e-04
2.04100000e+04,1.31671981e-04,1.85832088e-04
2.04200000e+04,1.34689798e-04,1.86443386e-04
2.04300000e+04,1.34537282e-04,1.87646171e-04
2.04400000e+04,1.33908931e-04,2.46509235e-04
2.04500000e+04,1.33790767e-04,2.04001892e-04
2.04600000e+04,1.32925722e-04,2.01649055e-04
2.04700000e+04,1.32093661e-04,1.84694044e-04
2.04800000e+04,1.32649284e-04,1.84568859e-04
2.04900000e+04,1.34891865e-04,1.89828012e-04
2.05000000e+04,1.34968106e-04,1.84322698e-04
2.05100000e+04,1.30807549e-04,2.10586443e-04
2.05200000e+04,1.31542071e-04,1.84081973e-04
2.05300000e+04,1.31052647e-04,1.83970216e-04
2.05400000e+04,1.31403680e-04,1.84173247e-04
2.05500000e+04,1.33671847e-04,2.01750102e-04
2.05600000e+04,1.33434080e-04,1.86544168e-04
2.05700000e+04,1.33421742e-04,1.91647292e-04
2.05800000e+04,1.31705805e-04,1.85262345e-04
2.05900000e+04,1.30185894e-04,1.83450720e-04
2.06000000e+04,1.29857046e-04,1.83520628e-04
2.06100000e+04,1.29860110e-04,1.83553328e-04
2.06200000e+04,1.29781488e-04,2.19462597e-04
2.06300000e+04,1.31138812e-04,1.98026585e-04
2.06400000e+04,1.32625132e-04,1.83880576e-04
2.06500000e+04,1.32598827e-04,2.00537454e-04
2.06600000e+04,1.32477845e-04,1.84178611e-04
2.06700000e+04,1.31605271e-04,1.84040506e-04
2.06800000e+04,1.29851422e-04,1.83211820e-04
2.06900000e+04,1.29230079e-04,2.16676159e-04
2.07000000e+04,1.29045261e-04,1.85585952e-04
2.07100000e+04,1.28981475e-04,1.94720981e-04
2.07200000e+04,1.29355887e-04,1.81739497e-04
2.07300000e+04,1.33280244e-04,1.81903801e-04
2.07400000e+04,1.32166469e-04,2.06107004e-04
2.07500000e+04,1.30512868e-04,1.84492364e-04
2.07600000e+04,1.29208958e-04,2.32896308e-04
2.07700000e+04,1.28688052e-04,1.98079480e-04
2.07800000e+04,1.28460123e-04,1.84357773e-04
2.07900000e+04,1.28322985e-04,1.81175947e-04
2.08000000e+04,1.28215341e-04,1.83877909e-04
2.08100000e+04,1.28119127e-04,1.91205750e-04
2.08200000e+04,1.28165070e-04,1.80650989e-04
2.08300000e+04,1.31712723e-04,1.80479891e-04
2.08400000e+04,1.31062425e-04,2.01962214e-04
2.08500000e+04,1.30831530e-04,1.86952508e-04
2.08600000e+04,1.28067833e-04,1.80107948e-04
2.08700000e+04,1.28101824e-04,1.79993786e-04
2.08800000e+04,1.28064933e-04,1.79917482e-04
2.08900000e+04,1.27625186e-04,1.81250866e-04
2.09000000e+04,1.27402970e-04,2.24822344e-04
2.09100000e+04,1.27294786e-04,1.96058177e-04
2.09200000e+04,1.27211638e-04,1.85301657e-04
2.09300000e+04,1.27130048e-04,2.02794888e-04
2.09400000e+04,1.27048136e-04,1.79839570e-04
2.09500000e+04,1.26966235e-04,1.79257746e-04
2.09600000e+04,1.26885251e-04,1.78995351e-04
2.09700000e+04,1.26807967e-04,2.06007955e-04
2.09800000e+04,1.26906669e-04,1.81348815e-04
2.09900000e+04,1.29576209e-04,2.06796984e-04
2.10000000e+04,1.29490117e-04,1.82439205e-04
2.10100000e+04,1.29405442e-04,1.80209636e-04
2.10200000e+04,1.29319045e-04,2.06234340e-04
2.10300000e+04,1.26403846e-04,1.83312241e-04
2.10400000e+04,1.26804127e-04,1.78655071e-04
2.10500000e+04,1.26184415e-04,1.79989268e-04
2.10600000e+04,1.26127787e-04,2.06717731e-04
2.10700000e+04,1.26028478e-04,1.88465858e-04
2.10800000e+04,1.25926515e-04,1.80110867e-04
2.10900000e+04,1.25847062e-04,1.80246382e-04
2.11000000e+04,1.25767536e-04,1.94492072e-04
2.11100000e+04,1.25695792e-04,1.79613423e-04
2.11200000e+04,1.25793736e-04,1.77278389e-04
2.11300000e+04,1.29155038e-04,1.83000378e-04
2.11400000e+04,1.28337901e-04,1.78078075e-04
2.11500000e+04,1.26562287e-04,1.87749457e-04
2.11600000e+04,1.25516890e-04,1.85994321e-04
2.11700000e+04,1.25626707e-04,1.80063338e-04
2.11800000e+04,1.25411643e-04,1.80629541e-04
2.11900000e+04,1.25146314e-04,1.76645415e-04
2.12000000e+04,1.25000823e-04,1.76283411e-04
2.12100000e+04,1.24907262e-04,1.76240220e-04
2.12200000e+04,1.24839615e-04,1.78830563e-04
2.12300000e+04,1.25011412e-04,1.81083623e-04
2.12400000e+04,1.28110208e-04,1.89753581e-04
2.12500000e+04,1.27814830e-04,1.76288672e-04
2.12600000e+04,1.27446036e-04,1.76803947e-04
2.12700000e+04,1.24864426e-04,2.18340377e-04
2.12800000e+04,1.24417002e-04,1.93214948e-04
2.12900000e+04,1.24360572e-04,1.82110159e-04
2.13000000e+04,1.24254307e-04,1.76436320e-04
2.13100000e+04,1.24144081e-04,1.78811199e-04
2.13200000e+04,1.24050695e-04,1.83406969e-04
2.13300000e+04,1.23967425e-04,1.78799274e-04
2.13400000e+04,1.23889083e-04,1.74760004e-04
2.13500000e+04,1.23810548e-04,1.74643130e-04
2.13600000e+04,1.23733284e-04,1.74536013e-04
2.13700000e+04,1.23654371e-04,1.85217593e-04
2.13800000e+04,1.23577850e-04,1.74434081e-04
2.13900000e+04,1.23557690e-04,1.77145248e-04
2.14000000e+04,1.25731774e-04,2.07478901e-04
2.14100000e+04,1.26081157e-04,1.84606504e-04
2.14200000e+04,1.25996962e-04,1.76850153e-04
2.14300000e+04,1.24903656e-04,1.74210751e-04
2.14400000e+04,1.23859044e-04,1.74675676e-04
2.14500000e+04,1.23277513e-04,1.73597878e-04
2.14600000e+04,1.23050287e-04,1.73476125e-04
2.14700000e+04,1.22907814e-04,1.73358269e-04
2.14800000e+04,1.22833354e-04,1.82690002e-04
2.14900000e+04,1.22737991e-04,1.73135792e-04
2.15000000e+04,1.22663126e-04,1.77726582e-04
2.15100000e+04,1.22586965e-04,1.79464316e-04
2.15200000e+04,1.22522946e-04,1.73892150e-04
2.15300000e+04,1.22667202e-04,1.74894578e-04
2.15400000e+04,1.25041183e-04,1.98332355e-04
2.15500000e+04,1.25029479e-04,1.79341657e-04
2.15600000e+04,1.23683130e-04,1.86614474e-04
2.15700000e+04,1.22215473e-04,1.73894157e-04
2.15800000e+04,1.22426021e-04,1.87219086e-04
2.15900000e+04,1.22248109e-04,1.74072674e-04
2.16000000e+04,1.22017912e-04,1.71979875e-04
2.16100000e+04,1.21876726e-04,1.72404803e-04
2.16200000e+04,1.21800408e-04,1.71757602e-04
2.16300000e+04,1.21939049e-04,1.71650705e-04
2.16400000e+04,1.24250021e-04,1.71543880e-04
2.16500000e+04,1.24158904e-04,1.71440733e-04
2.16600000e+04,1.24078591e-04,1.71402163e-04
2.16700000e+04,1.23403639e-04,1.77944992e-04
2.16800000e+04,1.23919928e-04,2.01348133e-04
2.16900000e+04,1.23840802e-04,1.79999408e-04
2.17000000e+04,1.21422877e-04,1.72601326e-04
2.17100000e+04,1.21631110e-04,1.75420342e-04
2.17200000e+04,1.21030267e-04,1.71057029e-04
2.17300000e+04,1.21065090e-04,1.76488581e-04
2.17400000e+04,1.21021342e-04,1.72413856e-04
2.17500000e+04,1.21133789e-04,1.75816565e-04
2.17600000e+04,1.22377012e-04,1.80476964e-04
2.17700000e+04,1.23232414e-04,1.74176575e-04
2.17800000e+04,1.21036523e-04,1.71243053e-04
2.17900000e+04,1.21845393e-04,1.70177223e-04
2.18000000e+04,1.20595688e-04,1.76813440e-04
2.18100000e+04,1.20486346e-04,1.69818780e-04
2.18200000e+04,1.20316950e-04,1.72275699e-04
2.18300000e+04,1.20247281e-04,1.83360935e-04
2.18400000e+04,1.20168610e-04,1.71849652e-04
2.18500000e+04,1.20198684e-04,1.69366336e-04
2.18600000e+04,1.21980947e-04,1.69263080e-04
2.18700000e+04,1.23368552e-04,1.69160165e-04
2.18800000e+04,1.22574666e-04,1.69068663e-04
2.18900000e+04,1.22333927e-04,1.69187317e-04
2.19000000e+04,1.20553850e-04,1.75090920e-04
2.19100000e+04,1.19886805e-04,1.78295410e-04
2.19200000e+04,1.19638052e-04,1.74425607e-04
2.19300000e+04,1.19596037e-04,1.72180869e-04
2.19400000e+04,1.20060454e-04,1.68971197e-04
2.19500000e+04,1.22052289e-04,1.80711045e-04
2.19600000e+04,1.21904895e-04,1.69962603e-04
2.19700000e+04,1.21746387e-04,1.76981837e-04
2.19800000e+04,1.19878421e-04,1.68190024e-04
2.19900000e+04,1.19106517e-04,1.69151179e-04
2.20000000e+04,1.19004091e-04,1.68308471e-04
2.20100000e+04,1.18963580e-04,1.67734995e-04
2.20200000e+04,1.18863117e-04,1.74765135e-04
2.20300000e+04,1.19354047e-04,1.68168280e-04
2.20400000e+04,1.21167351e-04,1.67447079e-04
2.20500000e+04,1.19897198e-04,1.67353870e-04
2.20600000e+04,1.19542422e-04,1.67308966e-04
2.20700000e+04,1.19053810e-04,1.67960085e-04
2.20800000e+04,1.18644024e-04,1.79179212e-04
2.20900000e+04,1.18422668e-04,1.69937512e-04
2.21000000e+04,1.18293899e-04,1.69324603e-04
2.21100000e+04,1.18202332e-04,1.67703848e-04
2.21200000e+04,1.18124397e-04,1.71318354e-04
2.21300000e+04,1.18079827e-04,1.66745043e-04
2.21400000e+04,1.18716805e-04,1.66588461e-04
2.21500000e+04,1.22191837e-04,1.66707507e-04
2.21600000e+04,1.20428535e-04,1.68705709e-04
2.21700000e+04,1.20380602e-04,1.74867512e-04
2.21800000e+04,1.18895581e-04,1.66467328e-04
2.21900000e+04,1.17842067e-04,1.66183232e-04
2.22000000e+04,1.17566929e-04,1.69401499e-04
2.22100000e+04,1.17485396e-04,1.79793255e-04
2.22200000e+04,1.17417618e-04,1.70877322e-04
2.22300000e+04,1.17350581e-04,1.65540338e-04
2.22400000e+04,1.17372558e-04,1.65452753e-04
2.22500000e+04,1.19614007e-04,1.65351104e-04
2.22600000e+04,1.19533631e-04,1.93157894e-04
2.22700000e+04,1.19167979e-04,1.69761599e-04
2.22800000e+04,1.17352085e-04,1.78742428e-04
2.22900000e+04,1.17580316e-04,1.66250895e-04
2.23000000e+04,1.17069502e-04,1.67008588e-04
2.23100000e+04,1.16809344e-04,1.70450701e-04
2.23200000e+04,1.16727786e-04,1.64902724e-04
2.23300000e+04,1.16659114e-04,1.64613866e-04
2.23400000e+04,1.16588294e-04,1.64468583e-04
2.23500000e+04,1.16517666e-04,1.64376786e-04
2.23600000e+04,1.16447651e-04,1.66651383e-04
2.23700000e+04,1.16378475e-04,1.67501996e-04
2.23800000e+04,1.16308498e-04,1.66536981e-04
2.23900000e+04,1.16239115e-04,1.73315909e-04
2.24000000e+04,1.16169871e-04,1.64425025e-04
2.24100000e+04,1.16100447e-04,1.63821996e-04
2.24200000e+04,1.16033767e-04,1.63796993e-04
2.24300000e+04,1.16104224e-04,1.63717958e-04
2.24400000e+04,1.19466366e-04,1.63564121e-04
2.24500000e+04,1.17303735e-04,1.63422342e-04
2.24600000e+04,1.19051887e-04,1.69554198e-04
2.24700000e+04,1.16034236e-04,1.63205882e-04
2.24800000e+04,1.15900277e-04,1.63110445e-04
2.24900000e+04,1.15737656e-04,1.63013722e-04
2.25000000e+04,1.15656965e-04,1.62916856e-04
2.25100000e+04,1.16214808e-04,1.64804882e-04
2.25200000e+04,1.18992525e-04,1.63001958e-04
2.25300000e+04,1.17123622e-04,1.70911996e-04
2.25400000e+04,1.16480099e-04,1.63463836e-04
2.25500000e+04,1.15217389e-04,1.64081410e-04
2.25600000e+04,1.15210460e-04,1.63245842e-04
2.25700000e+04,1.15062138e-04,1.62377075e-04
2.25800000e+04,1.15098881e-04,1.71852133e-04
2.25900000e+04,1.16957171e-04,1.62077898e-04
2.26000000e+04,1.17056862e-04,1.61979020e-04
2.26100000e+04,1.16984847e-04,1.61878075e-04
2.26200000e+04,1.15653705e-04,1.61805748e-04
2.26300000e+04,1.14953858e-04,1.62070515e-04
2.26400000e+04,1.14681943e-04,1.68674834e-04
2.26500000e+04,1.14523922e-04,1.63160062e-04
2.26600000e+04,1.14434116e-04,1.62120709e-04
2.26700000e+04,1.14352645e-04,1.61591778e-04
2.26800000e+04,1.14282796e-04,1.62723575e-04
2.26900000e+04,1.14234920e-04,1.61272092e-04
2.27000000e+04,1.14810457e-04,1.84272712e-04
2.27100000e+04,1.19154798e-04,1.67288542e-04
2.27200000e+04,1.16236230e-04,1.61721559e-04
2.27300000e+04,1.16552178e-04,1.61923637e-04
2.27400000e+04,1.14117227e-04,1.61288951e-04
2.27500000e+04,1.13859834e-04,1.60737918e-04
2.27600000e+04,1.13851251e-04,1.60470554e-04
2.27700000e+04,1.13731260e-04,1.60392118e-04
2.27800000e+04,1.13633793e-04,1.60289948e-04
2.27900000e+04,1.13558971e-04,1.62613856e-04
2.28000000e+04,1.13492707e-04,1.60093335e-04
2.28100000e+04,1.13433626e-04,1.60000644e-04
2.28200000e+04,1.13525195e-04,1.62338238e-04
2.28300000e+04,1.16826915e-04,1.59829436e-04
2.28400000e+04,1.16154898e-04,1.59912526e-04
2.28500000e+04,1.13777315e-04,1.62911992e-04
2.28600000e+04,1.13487909e-04,1.68237138e-04
2.28700000e+04,1.13253569e-04,1.62614385e-04
2.28800000e+04,1.13046309e-04,1.60558486e-04
2.28900000e+04,1.12935451e-04,1.60222812e-04
2.29000000e+04,1.12850201e-04,1.63297751e-04
2.29100000e+04,1.12782020e-04,1.61542032e-04
2.29200000e+04,1.12713047e-04,1.73209879e-04
2.29300000e+04,1.12647630e-04,1.59254749e-04
2.29400000e+04,1.12583572e-04,1.58822065e-04
2.29500000e+04,1.12518563e-04,1.58772507e-04
2.29600000e+04,1.12462349e-04,1.77025396e-04
2.29700000e+04,1.12562114e-04,1.62110274e-04
2.29800000e+04,1.14447721e-04,1.59692519e-04
2.29900000e+04,1.14018372e-04,1.62228703e-04
2.30000000e+04,1.12772495e-04,1.58357620e-04
2.30100000e+04,1.12629823e-04,1.58395989e-04
2.30200000e+04,1.12333430e-04,1.58508387e-04
2.30300000e+04,1.12086543e-04,1.63263761e-04
2.30400000e+04,1.11965452e-04,1.60402488e-04
2.30500000e+04,1.11901784e-04,1.58321023e-04
2.30600000e+04,1.12070738e-04,1.57748882e-04
2.30700000e+04,1.13812610e-04,1.57632629e-04
2.30800000e+04,1.13731694e-04,1.57534634e-04
2.30900000e+04,1.12796504e-04,1.57434467e-04
2.31000000e+04,1.11970917e-04,1.57337123e-04
2.31100000e+04,1.11662996e-04,1.57245088e-04
2.31200000e+04,1.11511565e-04,1.64582917e-04
2.31300000e+04,1.11406221e-04,1.57063339e-04
2.31400000e+04,1.11316385e-04,1.56972510e-04
2.31500000e+04,1.11240945e-04,1.56882602e-04
2.31600000e+04,1.11176846e-04,1.56807152e-04
2.31700000e+04,1.11112947e-04,1.57268290e-04
2.31800000e+04,1.11049078e-04,1.74920871e-04
2.31900000e+04,1.11014532e-04,1.63872216e-04
2.32000000e+04,1.12402343e-04,1.57346130e-04
2.32100000e+04,1.12863673e-04,1.57177795e-04
2.32200000e+04,1.11178222e-04,1.56505722e-04
2.32300000e+04,1.12048748e-04,1.56180452e-04
2.32400000e+04,1.10781518e-04,1.56134109e-04
2.32500000e+04,1.10760141e-04,1.55999098e-04
2.32600000e+04,1.10583928e-04,1.55915214e-04
2.32700000e+04,1.10493525e-04,1.55822097e-04
2.32800000e+04,1.10434547e-04,1.61002384e-04
2.32900000e+04,1.10363384e-04,1.55646034e-04
2.33000000e+04,1.10301665e-04,1.55558643e-04
2.33100000e+04,1.10239137e-04,1.55473252e-04
2.33200000e+04,1.10175674e-04,1.55435469e-04
2.33300000e+04,1.10113618e-04,1.56853994e-04
2.33400000e+04,1.10052544e-04,1.67809252e-04
2.33500000e+04,1.10022606e-04,1.58223229e-04
2.33600000e+04,1.12159944e-04,1.55240443e-04
2.33700000e+04,1.13980680e-04,1.55067160e-04
2.33800000e+04,1.10774866e-04,1.55018864e-04
2.33900000e+04,1.11225358e-04,1.54837741e-04
2.34000000e+04,1.10012783e-04,1.55569426e-04
2.34100000e+04,1.09715616e-04,1.54604900e-04
2.34200000e+04,1.09626446e-04,1.54515584e-04
2.34300000e+04,1.09513815e-04,1.54429938e-04
2.34400000e+04,1.09447212e-04,1.54344352e-04
2.34500000e+04,1.09384130e-04,1.54298771e-04
2.34600000e+04,1.09320249e-04,1.55501425e-04
2.34700000e+04,1.09258958e-04,1.65329350e-04
2.34800000e+04,1.09197968e-04,1.56798877e-04
2.34900000e+04,1.09137286e-04,1.54442783e-04
2.35000000e+04,1.09075579e-04,1.54164552e-04
2.35100000e+04,1.09015967e-04,1.53903311e-04
2.35200000e+04,1.09070216e-04,1.53699411e-04
2.35300000e+04,1.11835090e-04,1.53582101e-04
2.35400000e+04,1.11077188e-04,1.53490004e-04
2.35500000e+04,1.10131344e-04,1.53401235e-04
2.35600000e+04,1.08762933e-04,1.53316310e-04
2.35700000e+04,1.08842906e-04,1.53492342e-04
2.35800000e+04,1.08741606e-04,1.53222214e-04
2.35900000e+04,1.08587748e-04,1.57151084e-04
2.36000000e+04,1.08486746e-04,1.54595008e-04
2.36100000e+04,1.08428205e-04,1.54169248e-04
2.36200000e+04,1.08369773e-04,1.60157231e-04
2.36300000e+04,1.08309055e-04,1.52791136e-04
2.36400000e+04,1.08250875e-04,1.52747790e-04
2.36500000e+04,1.08191260e-04,1.52604070e-04
2.36600000e+04,1.08132667e-04,1.52477729e-04
2.36700000e+04,1.08073727e-04,1.52393637e-04
2.36800000e+04,1.08014441e-04,1.52311180e-04
2.36900000e+04,1.07955378e-04,1.52225006e-04
2.37000000e+04,1.07895732e-04,1.52140774e-04
2.37100000e+04,1.07836072e-04,1.52055539e-04
2.37200000e+04,1.07777743e-04,1.51971713e-04
2.37300000e+04,1.07718084e-04,1.51888130e-04
2.37400000e+04,1.07658291e-04,1.51808742e-04
2.37500000e+04,1.07597920e-04,1.64116945e-04
2.37600000e+04,1.07537684e-04,1.58693030e-04
2.37700000e+04,1.07479111e-04,1.52152720e-04
2.37800000e+04,1.07432418e-04,1.53621467e-04
2.37900000e+04,1.07832922e-04,1.51932648e-04
2.38000000e+04,1.09115766e-04,1.51357321e-04
2.38100000e+04,1.09804060e-04,1.51308084e-04
2.38200000e+04,1.07381157e-04,1.51168577e-04
2.38300000e+04,1.07520648e-04,1.51064284e-04
2.38400000e+04,1.07093128e-04,1.50977369e-04
2.38500000e+04,1.07044001e-04,1.50892223e-04
2.38600000e+04,1.06977099e-04,1.50810284e-04
2.38700000e+04,1.06973182e-04,1.50726766e-04
2.38800000e+04,1.07756842e-04,1.50643271e-04
2.38900000e+04,1.08516950e-04,1.50559937e-04
2.39000000e+04,1.07587714e-04,1.50476849e-04
2.39100000e+04,1.06771860e-04,1.50393394e-04
2.39200000e+04,1.06602748e-04,1.50315206e-04
2.39300000e+04,1.06560015e-04,1.50428717e-04
2.39400000e+04,1.06515880e-04,1.56725538e-04
2.39500000e+04,1.06437635e-04,1.52191264e-04
2.39600000e+04,1.06369103e-04,1.51298178e-04
2.39700000e+04,1.06313178e-04,1.49983312e-04
2.39800000e+04,1.06252479e-04,1.49900930e-04
2.39900000e+04,1.06199827e-04,1.49792621e-04
2.40000000e+04,1.06338080e-04,1.49663865e-04
2.40100000e+04,1.07761866e-04,1.49621254e-04
2.40200000e+04,1.07714684e-04,1.50644173e-04
2.40300000e+04,1.07183030e-04,1.58245135e-04
2.40400000e+04,1.05998223e-04,1.52132261e-04
2.40500000e+04,1.06015136e-04,1.50018140e-04
2.40600000e+04,1.05829960e-04,1.49299335e-04
2.40700000e+04,1.05745552e-04,1.49099725e-04
2.40800000e+04,1.05686106e-04,1.49005408e-04
2.40900000e+04,1.05627408e-04,1.48922582e-04
2.41000000e+04,1.05568881e-04,1.48843101e-04
2.41100000e+04,1.05511100e-04,1.48761855e-04
2.41200000e+04,1.05453677e-04,1.51631595e-04
2.41300000e+04,1.05416219e-04,1.48601908e-04
2.41400000e+04,1.06101619e-04,1.48559984e-04
2.41500000e+04,1.10111157e-04,1.49354972e-04
2.41600000e+04,1.07125531e-04,1.57331726e-04
2.41700000e+04,1.05196798e-04,1.51109699e-04
2.41800000e+04,1.05420414e-04,1.49110522e-04
2.41900000e+04,1.05183976e-04,1.48322389e-04
2.42000000e+04,1.05006327e-04,1.48078507e-04
2.42100000e+04,1.04955499e-04,1.47967461e-04
2.42200000e+04,1.04897552e-04,1.47880602e-04
2.42300000e+04,1.04837960e-04,1.47799129e-04
2.42400000e+04,1.04779032e-04,1.47718701e-04
2.42500000e+04,1.04723303e-04,1.47637097e-04
2.42600000e+04,1.04666929e-04,1.47556110e-04
2.42700000e+04,1.04610150e-04,1.47475823e-04
2.42800000e+04,1.04553756e-04,1.47394962e-04
2.42900000e+04,1.04498108e-04,1.47313858e-04
2.43000000e+04,1.04455251e-04,1.47232184e-04
2.43100000e+04,1.05264969e-04,1.47153238e-04
2.43200000e+04,1.05912161e-04,1.47260339e-04
2.43300000e+04,1.04623517e-04,1.60167602e-04
2.43400000e+04,1.05165189e-04,1.54097172e-04
2.43500000e+04,1.04191561e-04,1.46979724e-04
2.43600000e+04,1.04225047e-04,1.47255399e-04
2.43700000e+04,1.04056974e-04,1.46938093e-04
2.43800000e+04,1.04012214e-04,1.46739956e-04
2.43900000e+04,1.03946970e-04,1.46555509e-04
2.44000000e+04,1.03889593e-04,1.46448120e-04
2.44100000e+04,1.03834415e-04,1.46367826e-04
2.44200000e+04,1.03779355e-04,1.47773791e-04
2.44300000e+04,1.03724250e-04,1.46208416e-04
2.44400000e+04,1.03668036e-04,1.46130147e-04
2.44500000e+04,1.03612902e-04,1.46051101e-04
2.44600000e+04,1.03557274e-04,1.45972991e-04
2.44700000e+04,1.03501966e-04,1.45903911e-04
2.44800000e+04,1.03445778e-04,1.46094265e-04
2.44900000e+04,1.03396812e-04,1.52977544e-04
2.45000000e+04,1.03824777e-04,1.47614235e-04
2.45100000e+04,1.04792269e-04,1.46805144e-04
2.45200000e+04,1.04515243e-04,1.45661506e-04
2.45300000e+04,1.04337407e-04,1.45440827e-04
2.45400000e+04,1.03132880e-04,1.45392126e-04
2.45500000e+04,1.03229186e-04,1.51374298e-04
2.45600000e+04,1.03021449e-04,1.45202282e-04
2.45700000e+04,1.02973094e-04,1.45120121e-04
2.45800000e+04,1.02904695e-04,1.45045468e-04
2.45900000e+04,1.02853066e-04,1.45009330e-04
2.46000000e+04,1.02810563e-04,1.45631071e-04
2.46100000e+04,1.02975227e-04,1.47558022e-04
2.46200000e+04,1.04153797e-04,1.45681462e-04
2.46300000e+04,1.02677537e-04,1.44990405e-04
2.46400000e+04,1.02636853e-04,1.44698645e-04
2.46500000e+04,1.02589536e-04,1.44546026e-04
2.46600000e+04,1.02508727e-04,1.44439799e-04
2.46700000e+04,1.02433813e-04,1.44350003e-04
2.46800000e+04,1.02368195e-04,1.44271085e-04
2.46900000e+04,1.02312501e-04,1.44194605e-04
2.47000000e+04,1.02260370e-04,1.44117057e-04
2.47100000e+04,1.02206559e-04,1.44038851e-04
2.47200000e+04,1.02152721e-04,1.43963413e-04
2.47300000e+04,1.02098908e-04,1.43985981e-04
2.47400000e+04,1.02044663e-04,1.49136623e-04
2.47500000e+04,1.01990685e-04,1.45944252e-04
2.47600000e+04,1.01936776e-04,1.43855713e-04
2.47700000e+04,1.01882277e-04,1.43994896e-04
2.47800000e+04,1.01827909e-04,1.43605334e-04
2.47900000e+04,1.01773753e-04,1.43473962e-04
2.48000000e+04,1.01720502e-04,1.43377228e-04
2.48100000e+04,1.01701994e-04,1.43286851e-04
2.48200000e+04,1.03054316e-04,1.43209378e-04
2.48300000e+04,1.03383405e-04,1.43131208e-04
2.48400000e+04,1.01616201e-04,1.43057032e-04
2.48500000e+04,1.02183236e-04,1.42980846e-04
2.48600000e+04,1.01453870e-04,1.42905750e-04
2.48700000e+04,1.01389612e-04,1.42831454e-04
2.48800000e+04,1.01323423e-04,1.42772836e-04
2.48900000e+04,1.01241116e-04,1.43725121e-04
2.49000000e+04,1.01187393e-04,1.49843892e-04
2.49100000e+04,1.01136531e-04,1.42540574e-04
2.49200000e+04,1.01099841e-04,1.43442745e-04
2.49300000e+04,1.01325304e-04,1.42399020e-04
2.49400000e+04,1.02353954e-04,1.44446431e-04
2.49500000e+04,1.01435424e-04,1.42246517e-04
2.49600000e+04,1.01154887e-04,1.42170366e-04
2.49700000e+04,1.00965818e-04,1.42092978e-04
2.49800000e+04,1.00815945e-04,1.42013927e-04
2.49900000e+04,1.00727280e-04,1.41940624e-04
2.50000000e+04,1.00664756e-04,1.41867739e-04
2.50100000e+04,1.00605649e-04,1.41799920e-04
2.50200000e+04,1.00553450e-04,1.41815489e-04
2.50300000e+04,1.00501517e-04,1.43536399e-04
2.50400000e+04,1.00447221e-04,1.41604335e-04
2.50500000e+04,1.00396027e-04,1.41529740e-04
2.50600000e+04,1.00357532e-04,1.41518077e-04
2.50700000e+04,1.00780589e-04,1.41639738e-04
2.50800000e+04,1.01585989e-04,1.42550207e-04
2.50900000e+04,1.01480137e-04,1.41990513e-04
2.51000000e+04,1.00173891e-04,1.41403622e-04
2.51100000e+04,1.00281668e-04,1.41081942e-04
2.51200000e+04,1.00070771e-04,1.41047650e-04
2.51300000e+04,9.99798676e-05,1.40922638e-04
2.51400000e+04,9.99341732e-05,1.40846763e-04
2.51500000e+04,9.98780711e-05,1.40779920e-04
2.51600000e+04,9.98249930e-05,1.40723641e-04
2.51700000e+04,9.97900397e-05,1.41007430e-04
2.51800000e+04,1.00034983e-04,1.42101464e-04
2.51900000e+04,1.01025231e-04,1.41511868e-04
2.52000000e+04,1.00269164e-04,1.41039130e-04
2.52100000e+04,9.98384176e-05,1.40512179e-04
2.52200000e+04,9.96000463e-05,1.40271543e-04
2.52300000e+04,9.94931943e-05,1.40196383e-04
2.52400000e+04,9.94206739e-05,1.40129398e-04
2.52500000e+04,9.93601448e-05,1.40042043e-04
2.52600000e+04,9.93090871e-05,1.39973296e-04
2.52700000e+04,9.92592013e-05,1.39896818e-04
2.52800000e+04,9.92099767e-05,1.39824681e-04
2.52900000e+04,9.92281375e-05,1.39772083e-04
2.53000000e+04,1.00441588e-04,1.40107136e-04
2.53100000e+04,9.99904655e-05,1.44341909e-04
2.53200000e+04,9.91144352e-05,1.41460818e-04
2.53300000e+04,9.91836150e-05,1.40065397e-04
2.53400000e+04,9.90144244e-05,1.39466503e-04
2.53500000e+04,9.88800607e-05,1.39332976e-04
2.53600000e+04,9.88138941e-05,1.39252073e-04
2.53700000e+04,9.87546377e-05,1.39201351e-04
2.53800000e+04,9.87003359e-05,1.39358752e-04
2.53900000e+04,9.86489586e-05,1.41757332e-04
2.54000000e+04,9.85970978e-05,1.38961861e-04
2.54100000e+04,9.85492225e-05,1.38909593e-04
2.54200000e+04,9.85460356e-05,1.38849567e-04
2.54300000e+04,9.97026382e-05,1.38778243e-04
2.54400000e+04,9.95201785e-05,1.38695700e-04
2.54500000e+04,9.84723529e-05,1.38610090e-04
2.54600000e+04,9.83949039e-05,1.38531544e-04
2.54700000e+04,9.83300124e-05,1.39647925e-04
2.54800000e+04,9.82384176e-05,1.38543574e-04
2.54900000e+04,9.81600051e-05,1.41309497e-04
2.55000000e+04,9.80982618e-05,1.38508706e-04
2.55100000e+04,9.80465770e-05,1.38435715e-04
2.55200000e+04,9.79956549e-05,1.38257955e-04
2.55300000e+04,9.79453825e-05,1.38092711e-04
2.55400000e+04,9.78954358e-05,1.37985670e-04
2.55500000e+04,9.78497574e-05,1.37901590e-04
2.55600000e+04,9.80560203e-05,1.37824934e-04
2.55700000e+04,9.90130416e-05,1.37753669e-04
2.55800000e+04,9.87358271e-05,1.37683069e-04
2.55900000e+04,9.82062124e-05,1.37611478e-04
2.56000000e+04,9.76166029e-05,1.37540786e-04
2.56100000e+04,9.76426154e-05,1.37479368e-04
2.56200000e+04,9.75072608e-05,1.37744665e-04
2.56300000e+04,9.74627037e-05,1.43635093e-04
2.56400000e+04,9.74045138e-05,1.39312710e-04
2.56500000e+04,9.73577489e-05,1.37365321e-04
2.56600000e+04,9.73065744e-05,1.37182227e-04
2.56700000e+04,9.72585449e-05,1.37142423e-04
2.56800000e+04,9.72096441e-05,1.36999636e-04
2.56900000e+04,9.71600380e-05,1.36910848e-04
2.57000000e+04,9.71110053e-05,1.36841512e-04
2.57100000e+04,9.70621541e-05,1.36773215e-04
2.57200000e+04,9.70157907e-05,1.36706642e-04
2.57300000e+04,9.72159041e-05,1.36686109e-04
2.57400000e+04,9.80919672e-05,1.37889077e-04
2.57500000e+04,9.74693712e-05,1.37505651e-04
2.57600000e+04,9.77214563e-05,1.36566247e-04
2.57700000e+04,9.68468726e-05,1.36396543e-04
2.57800000e+04,9.67649516e-05,1.36343198e-04
2.57900000e+04,9.67174278e-05,1.36254152e-04
2.58000000e+04,9.66316775e-05,1.36166432e-04
2.58100000e+04,9.65868635e-05,1.36088082e-04
2.58200000e+04,9.65363943e-05,1.36014974e-04
2.58300000e+04,9.64887463e-05,1.35944525e-04
2.58400000e+04,9.64401679e-05,1.35875468e-04
2.58500000e+04,9.63938510e-05,1.35806862e-04
2.58600000e+04,9.63452940e-05,1.35736517e-04
2.58700000e+04,9.62979266e-05,1.35680964e-04
2.58800000e+04,9.62502650e-05,1.35841515e-04
2.58900000e+04,9.62010618e-05,1.38032954e-04
2.59000000e+04,9.61535461e-05,1.36047289e-04
2.59100000e+04,9.61052201e-05,1.35669182e-04
2.59200000e+04,9.60569778e-05,1.35433385e-04
2.59300000e+04,9.60133393e-05,1.35295846e-04
2.59400000e+04,9.61621954e-05,1.35201398e-04
2.59500000e+04,9.70247988e-05,1.35124786e-04
2.59600000e+04,9.69790194e-05,1.35054315e-04
2.59700000e+04,9.58949713e-05,1.35004273e-04
2.59800000e+04,9.59234590e-05,1.35235206e-04
2.59900000e+04,9.57412803e-05,1.37898149e-04
2.60000000e+04,9.56872050e-05,1.35419487e-04
2.60100000e+04,9.56385757e-05,1.34953503e-04
2.60200000e+04,9.55841879e-05,1.34734961e-04
2.60300000e+04,9.55363189e-05,1.34604328e-04
2.60400000e+04,9.54889815e-05,1.34513028e-04
2.60500000e+04,9.54420984e-05,1.34437517e-04
2.60600000e+04,9.53941062e-05,1.34374893e-04
2.60700000e+04,9.53472859e-05,1.34443541e-04
2.60800000e+04,9.52993751e-05,1.37665455e-04
2.60900000e+04,9.52551127e-05,1.35040347e-04
2.61000000e+04,9.53918116e-05,1.34692954e-04
2.61100000e+04,9.62266608e-05,1.34162456e-04
2.61200000e+04,9.62601725e-05,1.33968614e-04
2.61300000e+04,9.53044978e-05,1.33905306e-04
2.61400000e+04,9.51024872e-05,1.33840189e-04
2.61500000e+04,9.49882101e-05,1.33769930e-04
2.61600000e+04,9.49423220e-05,1.33700223e-04
2.61700000e+04,9.48822085e-05,1.33632194e-04
2.61800000e+04,9.48354027e-05,1.33566122e-04
2.61900000e+04,9.47869571e-05,1.33498773e-04
2.62000000e+04,9.47405297e-05,1.33445422e-04
2.62100000e+04,9.46930736e-05,1.33614778e-04
2.62200000e+04,9.46471855e-05,1.34698674e-04
2.62300000e+04,9.46010787e-05,1.33736554e-04
2.62400000e+04,9.45544898e-05,1.33327984e-04
2.62500000e+04,9.45094980e-05,1.33114540e-04
2.62600000e+04,9.45362540e-05,1.33050888e-04
2.62700000e+04,9.54463335e-05,1.32973297e-04
2.62800000e+04,9.45762149e-05,1.32899373e-04
2.62900000e+04,9.47692047e-05,1.32838265e-04
2.63000000e+04,9.44841572e-05,1.32867034e-04
2.63100000e+04,9.42511601e-05,1.34343121e-04
2.63200000e+04,9.41839462e-05,1.32835524e-04
2.63300000e+04,9.41421627e-05,1.32696205e-04
2.63400000e+04,9.40944205e-05,1.32573295e-04
2.63500000e+04,9.40471896e-05,1.32485855e-04
2.63600000e+04,9.40000286e-05,1.32475989e-04
2.63700000e+04,9.39531888e-05,1.33241226e-04
2.63800000e+04,9.39065189e-05,1.32849669e-04
2.63900000e+04,9.38602666e-05,1.32554134e-04
2.64000000e+04,9.38145618e-05,1.32248357e-04
2.64100000e+04,9.37686214e-05,1.32071054e-04
2.64200000e+04,9.37264622e-05,1.31979862e-04
2.64300000e+04,9.38009325e-05,1.31921037e-04
2.64400000e+04,9.46316945e-05,1.31852278e-04
2.64500000e+04,9.44538529e-05,1.31788018e-04
2.64600000e+04,9.45376710e-05,1.31786936e-04
2.64700000e+04,9.36222623e-05,1.33462187e-04
2.64800000e+04,9.34962341e-05,1.31623117e-04
2.64900000e+04,9.34366540e-05,1.31745894e-04
2.65000000e+04,9.33720016e-05,1.31646741e-04
2.65100000e+04,9.33141660e-05,1.31450896e-04
2.65200000e+04,9.32686780e-05,1.31342071e-04
2.65300000e+04,9.32201683e-05,1.31271322e-04
2.65400000e+04,9.31746649e-05,1.31207150e-04
2.65500000e+04,9.31295090e-05,1.31141410e-04
2.65600000e+04,9.30843362e-05,1.31077198e-04
2.65700000e+04,9.30379065e-05,1.31012336e-04
2.65800000e+04,9.29962803e-05,1.30948370e-04
2.65900000e+04,9.30322090e-05,1.30905441e-04
2.66000000e+04,9.38814796e-05,1.31696672e-04
2.66100000e+04,9.33172655e-05,1.31738585e-04
2.66200000e+04,9.33520218e-05,1.30706423e-04
2.66300000e+04,9.29890562e-05,1.30894365e-04
2.66400000e+04,9.27627575e-05,1.30640413e-04
2.66500000e+04,9.26998946e-05,1.30502130e-04
2.66600000e+04,9.26680414e-05,1.30448141e-04
2.66700000e+04,9.27353626e-05,1.30380698e-04
2.66800000e+04,9.33124411e-05,1.30313919e-04
2.66900000e+04,9.25904496e-05,1.30248593e-04
2.67000000e+04,9.26136504e-05,1.30184329e-04
2.67100000e+04,9.24337801e-05,1.30121734e-04
2.67200000e+04,9.23746893e-05,1.30057609e-04
2.67300000e+04,9.23290936e-05,1.29993765e-04
2.67400000e+04,9.22793342e-05,1.29930347e-04
2.67500000e+04,9.22315512e-05,1.29876386e-04
2.67600000e+04,9.21876840e-05,1.30191985e-04
2.67700000e+04,9.21422961e-05,1.31406257e-04
2.67800000e+04,9.20963371e-05,1.29869385e-04
2.67900000e+04,9.20520411e-05,1.29671585e-04
2.68000000e+04,9.20088146e-05,1.29630260e-04
2.68100000e+04,9.20230818e-05,1.29507229e-04
2.68200000e+04,9.34314426e-05,1.29426213e-04
2.68300000e+04,9.30255942e-05,1.29362953e-04
2.68400000e+04,9.22726076e-05,1.29300489e-04
2.68500000e+04,9.19520162e-05,1.29238457e-04
2.68600000e+04,9.18370456e-05,1.29179864e-04
2.68700000e+04,9.17019333e-05,1.29233929e-04
2.68800000e+04,9.16621334e-05,1.31232378e-04
2.68900000e+04,9.16145850e-05,1.29448834e-04
2.69000000e+04,9.15679680e-05,1.29203640e-04
2.69100000e+04,9.15236383e-05,1.28977495e-04
2.69200000e+04,9.14796133e-05,1.28837153e-04
2.69300000e+04,9.14351572e-05,1.28749929e-04
2.69400000e+04,9.13913200e-05,1.28679584e-04
2.69500000e+04,9.13476106e-05,1.28615832e-04
2.69600000e+04,9.13049475e-05,1.28554158e-04
2.69700000e+04,9.13026411e-05,1.28490141e-04
2.69800000e+04,9.21605520e-05,1.28428640e-04
2.69900000e+04,9.15151245e-05,1.28377974e-04
2.70000000e+04,9.16988215e-05,1.28792280e-04
2.70100000e+04,9.11325810e-05,1.30181046e-04
2.70200000e+04,9.10716140e-05,1.28252294e-04
2.70300000e+04,9.10252325e-05,1.28278498e-04
2.70400000e+04,9.09644746e-05,1.28153031e-04
2.70500000e+04,9.09598980e-05,1.27998687e-04
2.70600000e+04,9.13851763e-05,1.27943131e-04
2.70700000e+04,9.13910853e-05,1.27881241e-04
2.70800000e+04,9.10664285e-05,1.27816536e-04
2.70900000e+04,9.08435177e-05,1.27752858e-04
2.71000000e+04,9.07250642e-05,1.27691863e-04
2.71100000e+04,9.06590449e-05,1.27630449e-04
2.71200000e+04,9.06155215e-05,1.27570079e-04
2.71300000e+04,9.05749157e-05,1.27506915e-04
2.71400000e+04,9.05298248e-05,1.27445755e-04
2.71500000e+04,9.04859521e-05,1.27385088e-04
2.71600000e+04,9.04431599e-05,1.27328938e-04
2.71700000e+04,9.04000776e-05,1.27468090e-04
2.71800000e+04,9.03564687e-05,1.28027941e-04
2.71900000e+04,9.03136952e-05,1.28002204e-04
2.72000000e+04,9.02703905e-05,1.27312978e-04
2.72100000e+04,9.02284669e-05,1.27044879e-04
2.72200000e+04,9.02105248e-05,1.26983483e-04
2.72300000e+04,9.08879956e-05,1.26911965e-04
2.72400000e+04,9.03831892e-05,1.26839559e-04
2.72500000e+04,9.08112083e-05,1.26779808e-04
2.72600000e+04,9.01235121e-05,1.26716820e-04
2.72700000e+04,8.99888100e-05,1.26656577e-04
2.72800000e+04,8.99670645e-05,1.26596479e-04
2.72900000e+04,8.98895651e-05,1.26535194e-04
2.73000000e+04,8.98491789e-05,1.26474412e-04
2.73100000e+04,8.98036551e-05,1.26416335e-04
2.73200000e+04,8.97608616e-05,1.26424090e-04
2.73300000e+04,8.97184973e-05,1.27816047e-04
2.73400000e+04,8.96756933e-05,1.26883368e-04
2.73500000e+04,8.96333640e-05,1.26537170e-04
2.73600000e+04,8.95997141e-05,1.26324589e-04
2.73700000e+04,8.97839659e-05,1.26149406e-04
2.73800000e+04,9.03490795e-05,1.26024041e-04
2.73900000e+04,9.00129194e-05,1.25940096e-04
2.74000000e+04,8.95146914e-05,1.25879164e-04
2.74100000e+04,8.93947640e-05,1.25832594e-04
2.74200000e+04,8.93655169e-05,1.25929070e-04
2.74300000e+04,8.93683073e-05,1.26976376e-04
2.74400000e+04,8.95972385e-05,1.25833580e-04
2.74500000e+04,8.95822941e-05,1.25631194e-04
2.74600000e+04,8.92468242e-05,1.25540673e-04
2.74700000e+04,8.91402001e-05,1.25485140e-04
2.74800000e+04,8.91119753e-05,1.25477999e-04
2.74900000e+04,8.90485853e-05,1.25695751e-04
2.75000000e+04,8.90087113e-05,1.25665420e-04
2.75100000e+04,8.89669795e-05,1.25294509e-04
2.75200000e+04,8.89276248e-05,1.25187486e-04
2.75300000e+04,8.89005291e-05,1.25134949e-04
2.75400000e+04,8.90059200e-05,1.25058225e-04
2.75500000e+04,8.96235515e-05,1.24995566e-04
2.75600000e+04,8.88112004e-05,1.24940391e-04
2.75700000e+04,8.87176002e-05,1.24887787e-04
2.75800000e+04,8.86957082e-05,1.24871917e-04
2.75900000e+04,8.86477037e-05,1.25163455e-04
2.76000000e+04,8.85917557e-05,1.25153234e-04
2.76100000e+04,8.85550971e-05,1.24819086e-04
2.76200000e+04,8.85816967e-05,1.24596796e-04
2.76300000e+04,8.90218562e-05,1.24533048e-04
2.76400000e+04,8.84649708e-05,1.24477588e-04
2.76500000e+04,8.83858256e-05,1.24407937e-04
2.76600000e+04,8.83488397e-05,1.24355087e-04
2.76700000e+04,8.83069724e-05,1.24479890e-04
2.76800000e+04,8.82639956e-05,1.26816550e-04
2.76900000e+04,8.82458644e-05,1.24602987e-04
2.77000000e+04,8.85088816e-05,1.24157491e-04
2.77100000e+04,8.87094980e-05,1.24157090e-04
2.77200000e+04,8.83269140e-05,1.24006066e-04
2.77300000e+04,8.81246206e-05,1.23951450e-04
2.77400000e+04,8.80258958e-05,1.23892150e-04
2.77500000e+04,8.79699510e-05,1.23830783e-04
2.77600000e+04,8.79305385e-05,1.23772679e-04
2.77700000e+04,8.78932415e-05,1.23715704e-04
2.77800000e+04,8.80483035e-05,1.23657293e-04
2.77900000e+04,8.90059291e-05,1.23600633e-04
2.78000000e+04,8.80286675e-05,1.23542313e-04
2.78100000e+04,8.77718899e-05,1.23492088e-04
2.78200000e+04,8.77622847e-05,1.23744644e-04
2.78300000e+04,8.76485351e-05,1.24713934e-04
2.78400000e+04,8.76082863e-05,1.23462978e-04
2.78500000e+04,8.75687447e-05,1.23279748e-04
2.78600000e+04,8.75254796e-05,1.23256705e-04
2.78700000e+04,8.74841166e-05,1.23158447e-04
2.78800000e+04,8.74441271e-05,1.23085309e-04
2.78900000e+04,8.74030352e-05,1.23028050e-04
2.79000000e+04,8.73628082e-05,1.22970659e-04
2.79100000e+04,8.73221256e-05,1.22913973e-04
2.79200000e+04,8.72812493e-05,1.22856554e-04
2.79300000e+04,8.72416040e-05,1.22799056e-04
2.79400000e+04,8.72029800e-05,1.22742158e-04
2.79500000e+04,8.72712812e-05,1.22683372e-04
2.79600000e+04,8.78568662e-05,1.22628447e-04
2.79700000e+04,8.74275593e-05,1.22666091e-04
2.79800000e+04,8.70718450e-05,1.24230412e-04
2.79900000e+04,8.70350027e-05,1.22504349e-04
2.80000000e+04,8.69793448e-05,1.22579965e-04
2.80100000e+04,8.69304990e-05,1.22345968e-04
2.80200000e+04,8.69095916e-05,1.22313333e-04
2.80300000e+04,8.69862147e-05,1.22233961e-04
2.80400000e+04,8.71879715e-05,1.22180515e-04
2.80500000e+04,8.67635213e-05,1.22122635e-04
2.80600000e+04,8.67620956e-05,1.22066790e-04
2.80700000e+04,8.66895393e-05,1.22009054e-04
2.80800000e+04,8.66472747e-05,1.21954707e-04
2.80900000e+04,8.66019182e-05,1.21898265e-04
2.81000000e+04,8.65630486e-05,1.21841270e-04
2.81100000e+04,8.65246170e-05,1.21785173e-04
2.81200000e+04,8.64910298e-05,1.21744874e-04
2.81300000e+04,8.65161855e-05,1.22743540e-04
2.81400000e+04,8.69960659e-05,1.21890896e-04
2.81500000e+04,8.63836353e-05,1.21993090e-04
2.81600000e+04,8.64113431e-05,1.21525681e-04
2.81700000e+04,8.66600267e-05,1.21502917e-04
2.81800000e+04,8.63549840e-05,1.21401313e-04
2.81900000e+04,8.62903148e-05,1.21350316e-04
2.82000000e+04,8.61773033e-05,1.21289343e-04
2.82100000e+04,8.61365802e-05,1.21235175e-04
2.82200000e+04,8.60915729e-05,1.21179632e-04
2.82300000e+04,8.60499781e-05,1.21124256e-04
2.82400000e+04,8.60083669e-05,1.21071148e-04
2.82500000e+04,8.59691681e-05,1.21045620e-04
2.82600000e+04,8.59344295e-05,1.21823190e-04
2.82700000e+04,8.59520051e-05,1.20925380e-04
2.82800000e+04,8.62985953e-05,1.20966551e-04
2.82900000e+04,8.62853990e-05,1.20888576e-04
2.83000000e+04,8.58764988e-05,1.20767243e-04
2.83100000e+04,8.57709424e-05,1.20690698e-04
2.83200000e+04,8.57113723e-05,1.20634098e-04
2.83300000e+04,8.56572060e-05,1.20579753e-04
2.83400000e+04,8.56214597e-05,1.20526512e-04
2.83500000e+04,8.55810567e-05,1.20471443e-04
2.83600000e+04,8.55514340e-05,1.20416224e-04
2.83700000e+04,8.55905364e-05,1.20362155e-04
2.83800000e+04,8.59750862e-05,1.20306468e-04
2.83900000e+04,8.54269397e-05,1.20251653e-04
2.84000000e+04,8.54057321e-05,1.20196346e-04
2.84100000e+04,8.53724291e-05,1.20143231e-04
2.84200000e+04,8.53135930e-05,1.20086385e-04
2.84300000e+04,8.52672465e-05,1.20031796e-04
2.84400000e+04,8.52327462e-05,1.19976458e-04
2.84500000e+04,8.52792327e-05,1.19922934e-04
2.84600000e+04,8.58241197e-05,1.19905783e-04
2.84700000e+04,8.55984385e-05,1.20266180e-04
2.84800000e+04,8.51602545e-05,1.19944653e-04
2.84900000e+04,8.50369979e-05,1.19906364e-04
2.85000000e+04,8.50106517e-05,1.19845638e-04
2.85100000e+04,8.49678381e-05,1.19595261e-04
2.85200000e+04,8.49249013e-05,1.19573785e-04
2.85300000e+04,8.48845148e-05,1.19490726e-04
2.85400000e+04,8.48461877e-05,1.19439784e-04
2.85500000e+04,8.48083778e-05,1.19463081e-04
2.85600000e+04,8.47737633e-05,1.19929205e-04
2.85700000e+04,8.48139889e-05,1.19297033e-04
2.85800000e+04,8.51978962e-05,1.19228275e-04
2.85900000e+04,8.48139393e-05,1.19178798e-04
2.86000000e+04,8.46742159e-05,1.19119873e-04
2.86100000e+04,8.45991699e-05,1.19063347e-04
2.86200000e+04,8.45500608e-05,1.19072482e-04
2.86300000e+04,8.45257669e-05,1.19507931e-04
2.86400000e+04,8.47881633e-05,1.18928852e-04
2.86500000e+04,8.46272847e-05,1.18865149e-04
2.86600000e+04,8.44676442e-05,1.18803867e-04
2.86700000e+04,8.43769508e-05,1.18742605e-04
2.86800000e+04,8.43245703e-05,1.18680728e-04
2.86900000e+04,8.42832478e-05,1.18632073e-04
2.87000000e+04,8.42434774e-05,1.18655057e-04
2.87100000e+04,8.42042236e-05,1.18875720e-04
2.87200000e+04,8.41659498e-05,1.18508768e-04
2.87300000e+04,8.41284800e-05,1.18413842e-04
2.87400000e+04,8.40907146e-05,1.18360467e-04
2.87500000e+04,8.40525922e-05,1.18311491e-04
2.87600000e+04,8.40149728e-05,1.18259677e-04
2.87700000e+04,8.39771351e-05,1.18266395e-04
2.87800000e+04,8.39396967e-05,1.18587903e-04
2.87900000e+04,8.39184795e-05,1.18089123e-04
2.88000000e+04,8.44602569e-05,1.18075989e-04
2.88100000e+04,8.38380906e-05,1.18011428e-04
2.88200000e+04,8.39159040e-05,1.17931796e-04
2.88300000e+04,8.38284911e-05,1.17877333e-04
2.88400000e+04,8.37196849e-05,1.17826492e-04
2.88500000e+04,8.36785841e-05,1.17809292e-04
2.88600000e+04,8.36422603e-05,1.18608469e-04
2.88700000e+04,8.36041436e-05,1.17824614e-04
2.88800000e+04,8.35664537e-05,1.17763394e-04
2.88900000e+04,8.35308410e-05,1.17619027e-04
2.89000000e+04,8.35281321e-05,1.17516942e-04
2.89100000e+04,8.40712046e-05,1.17455847e-04
2.89200000e+04,8.34678126e-05,1.17402307e-04
2.89300000e+04,8.34191758e-05,1.17350694e-04
2.89400000e+04,8.33702704e-05,1.17297650e-04
2.89500000e+04,8.33189383e-05,1.17244686e-04
2.89600000e+04,8.32735047e-05,1.17192690e-04
2.89700000e+04,8.32343439e-05,1.17140870e-04
2.89800000e+04,8.31958766e-05,1.17087146e-04
2.89900000e+04,8.31581617e-05,1.17035992e-04
2.90000000e+04,8.31217124e-05,1.17024724e-04
2.90100000e+04,8.30971512e-05,1.18147793e-04
2.90200000e+04,8.34012631e-05,1.17502380e-04
2.90300000e+04,8.30282563e-05,1.16865365e-04
2.90400000e+04,8.30228403e-05,1.16829598e-04
2.90500000e+04,8.29728990e-05,1.16731907e-04
2.90600000e+04,8.29106568e-05,1.16680242e-04
2.90700000e+04,8.28658137e-05,1.16624569e-04
2.90800000e+04,8.28281150e-05,1.16572844e-04
2.90900000e+04,8.27920592e-05,1.16520561e-04
2.91000000e+04,8.27554982e-05,1.16470241e-04
2.91100000e+04,8.27181966e-05,1.16418813e-04
2.91200000e+04,8.26815030e-05,1.16367489e-04
2.91300000e+04,8.26464998e-05,1.16315483e-04
2.91400000e+04,8.26470791e-05,1.16263873e-04
2.91500000e+04,8.31164659e-05,1.16212957e-04
2.91600000e+04,8.27443723e-05,1.16160929e-04
2.91700000e+04,8.25561033e-05,1.16110433e-04
2.91800000e+04,8.24815868e-05,1.16168106e-04
2.91900000e+04,8.24505689e-05,1.17341929e-04
2.92000000e+04,8.24490905e-05,1.16014490e-04
2.92100000e+04,8.25496402e-05,1.16031308e-04
2.92200000e+04,8.23594567e-05,1.15894748e-04
2.92300000e+04,8.23161183e-05,1.15811761e-04
2.92400000e+04,8.22510392e-05,1.15762194e-04
2.92500000e+04,8.22176639e-05,1.15706925e-04
2.92600000e+04,8.21793906e-05,1.15659337e-04
2.92700000e+04,8.21424087e-05,1.15607102e-04
2.92800000e+04,8.21071915e-05,1.15557834e-04
2.92900000e+04,8.20821228e-05,1.15508437e-04
2.93000000e+04,8.21681185e-05,1.15461442e-04
2.93100000e+04,8.23328178e-05,1.15484960e-04
2.93200000e+04,8.20613209e-05,1.16216224e-04
2.93300000e+04,8.19472680e-05,1.15575511e-04
2.93400000e+04,8.19211662e-05,1.15350924e-04
2.93500000e+04,8.20843111e-05,1.15230196e-04
2.93600000e+04,8.18754643e-05,1.15162817e-04
2.93700000e+04,8.18447822e-05,1.15111155e-04
2.93800000e+04,8.17652704e-05,1.15060128e-04
2.93900000e+04,8.17119151e-05,1.15011428e-04
2.94000000e+04,8.16787137e-05,1.14961265e-04
2.94100000e+04,8.16406757e-05,1.14911421e-04
2.94200000e+04,8.16051465e-05,1.14862291e-04
2.94300000e+04,8.15701510e-05,1.14811656e-04
2.94400000e+04,8.15340766e-05,1.14761590e-04
2.94500000e+04,8.14978141e-05,1.14711016e-04
2.94600000e+04,8.14639438e-05,1.14660466e-04
2.94700000e+04,8.14704606e-05,1.14610116e-04
2.94800000e+04,8.18987282e-05,1.14560943e-04
2.94900000e+04,8.15146871e-05,1.14510795e-04
2.95000000e+04,8.13491527e-05,1.14460496e-04
2.95100000e+04,8.13087242e-05,1.14410119e-04
2.95200000e+04,8.13420725e-05,1.14378427e-04
2.95300000e+04,8.13983852e-05,1.14852158e-04
2.95400000e+04,8.12137787e-05,1.14457113e-04
2.95500000e+04,8.12117059e-05,1.14335180e-04
2.95600000e+04,8.11510197e-05,1.14165930e-04
2.95700000e+04,8.10908855e-05,1.14122017e-04
2.95800000e+04,8.10483170e-05,1.14065259e-04
2.95900000e+04,8.10186923e-05,1.14011735e-04
2.96000000e+04,8.10150905e-05,1.13964300e-04
2.96100000e+04,8.11150578e-05,1.13913444e-04
2.96200000e+04,8.09339426e-05,1.13864870e-04
2.96300000e+04,8.09064111e-05,1.13815280e-04
2.96400000e+04,8.08353016e-05,1.13765130e-04
2.96500000e+04,8.08109301e-05,1.13715339e-04
2.96600000e+04,8.07954864e-05,1.13665419e-04
2.96700000e+04,8.09286914e-05,1.13619897e-04
2.96800000e+04,8.07361632e-05,1.14118609e-04
2.96900000e+04,8.07080710e-05,1.13869073e-04
2.97000000e+04,8.06339729e-05,1.13537082e-04
2.97100000e+04,8.05899513e-05,1.13516681e-04
2.97200000e+04,8.05579116e-05,1.13397523e-04
2.97300000e+04,8.05212728e-05,1.13327335e-04
2.97400000e+04,8.04937631e-05,1.13281715e-04
2.97500000e+04,8.05524289e-05,1.13232533e-04
2.97600000e+04,8.07600106e-05,1.13185005e-04
2.97700000e+04,8.04942842e-05,1.13136596e-04
2.97800000e+04,8.03824767e-05,1.13088059e-04
2.97900000e+04,8.03216278e-05,1.13039781e-04
2.98000000e+04,8.02792638e-05,1.12992102e-04
2.98100000e+04,8.02443449e-05,1.12943703e-04
2.98200000e+04,8.02095849e-05,1.12895751e-04
2.98300000e+04,8.01743142e-05,1.12848360e-04
2.98400000e+04,8.01407011e-05,1.12798943e-04
2.98500000e+04,8.01048593e-05,1.12750604e-04
2.98600000e+04,8.00712353e-05,1.12705791e-04
2.98700000e+04,8.00556056e-05,1.12848022e-04
2.98800000e+04,8.05156801e-05,1.12804878e-04
2.98900000e+04,8.03969860e-05,1.12574036e-04
2.99000000e+04,7.99575587e-05,1.12575644e-04
2.99100000e+04,7.99316115e-05,1.12474606e-04
2.99200000e+04,7.98821952e-05,1.12418446e-04
2.99300000e+04,7.98336841e-05,1.12370986e-04
2.99400000e+04,7.98022568e-05,1.12322726e-04
2.99500000e+04,7.97656103e-05,1.12274802e-04
2.99600000e+04,7.97328214e-05,1.12226337e-04
2.99700000e+04,7.96989846e-05,1.12178448e-04
2.99800000e+04,7.96645675e-05,1.12131138e-04
2.99900000e+04,7.96309319e-05,1.12082191e-04
3.00000000e+04,7.95973369e-05,1.12034551e-04
3.00100000e+04,7.95635742e-05,1.11990311e-04
3.00200000e+04,7.95309893e-05,1.12205348e-04
3.00300000e+04,7.95273586e-05,1.11933489e-04
3.00400000e+04,7.99202724e-05,1.11950258e-04
3.00500000e+04,7.95222338e-05,1.11820908e-04
3.00600000e+04,7.94450752e-05,1.11767179e-04
3.00700000e+04,7.93850816e-05,1.11708390e-04
3.00800000e+04,7.93364161e-05,1.11660541e-04
3.00900000e+04,7.92973103e-05,1.11613802e-04
3.01000000e+04,7.92619578e-05,1.11568426e-04
3.01100000e+04,7.92282735e-05,1.11520246e-04
3.01200000e+04,7.91939167e-05,1.11473933e-04
3.01300000e+04,7.91643561e-05,1.11426428e-04
3.01400000e+04,7.92531951e-05,1.11379059e-04
3.01500000e+04,7.91242253e-05,1.11331476e-04
3.01600000e+04,7.90619627e-05,1.11285472e-04
3.01700000e+04,7.90362565e-05,1.11238387e-04
3.01800000e+04,7.90014528e-05,1.11191232e-04
3.01900000e+04,7.89629344e-05,1.11143831e-04
3.02000000e+04,7.89283811e-05,1.11095701e-04
3.02100000e+04,7.88933794e-05,1.11049624e-04
3.02200000e+04,7.88611990e-05,1.11015459e-04
3.02300000e+04,7.88280927e-05,1.11439794e-04
3.02400000e+04,7.87940960e-05,1.11015333e-04
3.02500000e+04,7.87607362e-05,1.10968746e-04
3.02600000e+04,7.87287458e-05,1.10826850e-04
3.02700000e+04,7.87121637e-05,1.10770877e-04
3.02800000e+04,7.89160410e-05,1.10724519e-04
3.02900000e+04,7.87337110e-05,1.10675863e-04
3.03000000e+04,7.86485975e-05,1.10628662e-04
3.03100000e+04,7.85723387e-05,1.10580956e-04
3.03200000e+04,7.85343950e-05,1.10534330e-04
3.03300000e+04,7.84993504e-05,1.10488677e-04
3.03400000e+04,7.84663093e-05,1.10443550e-04
3.03500000e+04,7.84381041e-05,1.10525551e-04
3.03600000e+04,7.84545985e-05,1.10623349e-04
3.03700000e+04,7.85573261e-05,1.10323754e-04
3.03800000e+04,7.83501407e-05,1.10325324e-04
3.03900000e+04,7.83001153e-05,1.10212055e-04
3.04000000e+04,7.82731972e-05,1.10173342e-04
3.04100000e+04,7.82352076e-05,1.10120917e-04
3.04200000e+04,7.82004352e-05,1.10074531e-04
3.04300000e+04,7.81682011e-05,1.10028865e-04
3.04400000e+04,7.81355093e-05,1.09983298e-04
3.04500000e+04,7.81021008e-05,1.09937492e-04
3.04600000e+04,7.80699359e-05,1.09891937e-04
3.04700000e+04,7.80710707e-05,1.09846114e-04
3.04800000e+04,7.84619842e-05,1.09799442e-04
3.04900000e+04,7.81731710e-05,1.09753990e-04
3.05000000e+04,7.79458753e-05,1.09707205e-04
3.05100000e+04,7.79319953e-05,1.09660307e-04
3.05200000e+04,7.78772842e-05,1.09613723e-04
3.05300000e+04,7.78442179e-05,1.09567664e-04
3.05400000e+04,7.78110627e-05,1.09522216e-04
3.05500000e+04,7.77776140e-05,1.09492986e-04
3.05600000e+04,7.77461089e-05,1.09717357e-04
3.05700000e+04,7.77142900e-05,1.09482085e-04
3.05800000e+04,7.76810773e-05,1.09395231e-04
3.05900000e+04,7.76489653e-05,1.09316238e-04
3.06000000e+04,7.76169579e-05,1.09256891e-04
3.06100000e+04,7.75838798e-05,1.09209204e-04
3.06200000e+04,7.75730475e-05,1.09168714e-04
3.06300000e+04,7.79673601e-05,1.09148048e-04
3.06400000e+04,7.76728245e-05,1.09154406e-04
3.06500000e+04,7.75058875e-05,1.09028743e-04
3.06600000e+04,7.74319801e-05,1.08981870e-04
3.06700000e+04,7.74048519e-05,1.08930726e-04
3.06800000e+04,7.73615361e-05,1.08880007e-04
3.06900000e+04,7.73325351e-05,1.08834624e-04
3.07000000e+04,7.72991359e-05,1.08789381e-04
3.07100000e+04,7.72679812e-05,1.08742896e-04
3.07200000e+04,7.72363546e-05,1.08700100e-04
3.07300000e+04,7.72046048e-05,1.08713663e-04
3.07400000e+04,7.71730026e-05,1.09000386e-04
3.07500000e+04,7.71413020e-05,1.08693736e-04
3.07600000e+04,7.71101527e-05,1.08582025e-04
3.07700000e+04,7.70843790e-05,1.08549488e-04
3.07800000e+04,7.72738019e-05,1.08432102e-04
3.07900000e+04,7.70781337e-05,1.08391033e-04
3.08000000e+04,7.70297986e-05,1.08341993e-04
3.08100000e+04,7.69561507e-05,1.08290918e-04
3.08200000e+04,7.69241572e-05,1.08245385e-04
3.08300000e+04,7.68922644e-05,1.08200772e-04
3.08400000e+04,7.68599652e-05,1.08158734e-04
3.08500000e+04,7.68288623e-05,1.08157802e-04
3.08600000e+04,7.67972476e-05,1.08325597e-04
3.08700000e+04,7.67656475e-05,1.08079725e-04
3.08800000e+04,7.67339341e-05,1.07988672e-04
3.08900000e+04,7.67031552e-05,1.07933315e-04
3.09000000e+04,7.66713338e-05,1.07886371e-04
3.09100000e+04,7.66399146e-05,1.07842834e-04
3.09200000e+04,7.66078454e-05,1.07797687e-04
3.09300000e+04,7.65765035e-05,1.07752215e-04
3.09400000e+04,7.65459488e-05,1.07707298e-04
3.09500000e+04,7.65525974e-05,1.07664333e-04
3.09600000e+04,7.68905511e-05,1.07701438e-04
3.09700000e+04,7.65224440e-05,1.07609540e-04
3.09800000e+04,7.64368144e-05,1.07544325e-04
3.09900000e+04,7.64077286e-05,1.07499332e-04
3.10000000e+04,7.63581911e-05,1.07444986e-04
3.10100000e+04,7.63299213e-05,1.07396423e-04
3.10200000e+04,7.62980985e-05,1.07351025e-04
3.10300000e+04,7.62650964e-05,1.07307347e-04
3.10400000e+04,7.62347927e-05,1.07263505e-04
3.10500000e+04,7.62037071e-05,1.07218908e-04
3.10600000e+04,7.61734104e-05,1.07174828e-04
3.10700000e+04,7.61417218e-05,1.07165897e-04
3.10800000e+04,7.61100091e-05,1.07609589e-04
3.10900000e+04,7.60792104e-05,1.07189633e-04
3.11000000e+04,7.60474543e-05,1.07002358e-04
3.11100000e+04,7.60169216e-05,1.06963299e-04
3.11200000e+04,7.59987354e-05,1.06918252e-04
3.11300000e+04,7.63429791e-05,1.06868737e-04
3.11400000e+04,7.60728974e-05,1.06824389e-04
3.11500000e+04,7.59359750e-05,1.06783336e-04
3.11600000e+04,7.58628792e-05,1.06788052e-04
3.11700000e+04,7.58383283e-05,1.06981282e-04
3.11800000e+04,7.58026981e-05,1.06742630e-04
3.11900000e+04,7.57709954e-05,1.06634566e-04
3.12000000e+04,7.57399600e-05,1.06570965e-04
3.12100000e+04,7.57093899e-05,1.06523117e-04
3.12200000e+04,7.56787799e-05,1.06478943e-04
3.12300000e+04,7.56480549e-05,1.06435983e-04
3.12400000e+04,7.56170039e-05,1.06392849e-04
3.12500000e+04,7.55862886e-05,1.06350185e-04
3.12600000e+04,7.55572378e-05,1.06306386e-04
3.12700000e+04,7.55821950e-05,1.06263079e-04
3.12800000e+04,7.55507747e-05,1.06218971e-04
3.12900000e+04,7.54655048e-05,1.06175271e-04
3.13000000e+04,7.54369144e-05,1.06132128e-04
3.13100000e+04,7.54080306e-05,1.06088106e-04
3.13200000e+04,7.53745685e-05,1.06048350e-04
3.13300000e+04,7.53420643e-05,1.06173640e-04
3.13400000e+04,7.53106672e-05,1.06013007e-04
3.13500000e+04,7.52813057e-05,1.05959996e-04
3.13600000e+04,7.52508679e-05,1.05875463e-04
3.13700000e+04,7.52210806e-05,1.05836507e-04
3.13800000e+04,7.52351289e-05,1.05788814e-04
3.13900000e+04,7.54163002e-05,1.05746064e-04
3.14000000e+04,7.51745072e-05,1.05702680e-04
3.14100000e+04,7.51271693e-05,1.05660384e-04
3.14200000e+04,7.50747993e-05,1.05617360e-04
3.14300000e+04,7.50421864e-05,1.05574052e-04
3.14400000e+04,7.50114557e-05,1.05536145e-04
3.14500000e+04,7.49802218e-05,1.05691789e-04
3.14600000e+04,7.49503304e-05,1.05464614e-04
3.14700000e+04,7.49208671e-05,1.05486814e-04
3.14800000e+04,7.48908942e-05,1.05371031e-04
3.14900000e+04,7.48609004e-05,1.05325720e-04
3.15000000e+04,7.48305413e-05,1.05282657e-04
3.15100000e+04,7.48003799e-05,1.05238048e-04
3.15200000e+04,7.47722547e-05,1.05195957e-04
3.15300000e+04,7.48206373e-05,1.05154349e-04
3.15400000e+04,7.47820359e-05,1.05114221e-04
3.15500000e+04,7.46864112e-05,1.05103145e-04
3.15600000e+04,7.46704695e-05,1.05289972e-04
3.15700000e+04,7.46297806e-05,1.05065227e-04
3.15800000e+04,7.45938394e-05,1.04975210e-04
3.15900000e+04,7.45635236e-05,1.04915458e-04
3.16000000e+04,7.45346558e-05,1.04866886e-04
3.16100000e+04,7.45051216e-05,1.04822342e-04
3.16200000e+04,7.44749043e-05,1.04780149e-04
3.16300000e+04,7.44447191e-05,1.04738994e-04
3.16400000e+04,7.44161571e-05,1.04697133e-04
3.16500000e+04,7.43859002e-05,1.04655765e-04
3.16600000e+04,7.43618655e-05,1.04613547e-04
3.16700000e+04,7.44687934e-05,1.04571742e-04
3.16800000e+04,7.43010874e-05,1.04528845e-04
3.16900000e+04,7.42807508e-05,1.04486896e-04
3.17000000e+04,7.42522016e-05,1.04446539e-04
3.17100000e+04,7.42146738e-05,1.04402737e-04
3.17200000e+04,7.41819929e-05,1.04361412e-04
3.17300000e+04,7.41514625e-05,1.04319505e-04
3.17400000e+04,7.41215561e-05,1.04277462e-04
3.17500000e+04,7.40925318e-05,1.04270963e-04
3.17600000e+04,7.40629341e-05,1.04495405e-04
3.17700000e+04,7.40335829e-05,1.04218089e-04
3.17800000e+04,7.40044700e-05,1.04113250e-04
3.17900000e+04,7.39743246e-05,1.04077174e-04
3.18000000e+04,7.39468662e-05,1.04029794e-04
3.18100000e+04,7.39540781e-05,1.03984927e-04
3.18200000e+04,7.39703898e-05,1.03944979e-04
3.18300000e+04,7.38648607e-05,1.03903764e-04
3.18400000e+04,7.38318154e-05,1.03862311e-04
3.18500000e+04,7.38031595e-05,1.03819970e-04
3.18600000e+04,7.37721559e-05,1.03778299e-04
3.18700000e+04,7.37413359e-05,1.03737016e-04
3.18800000e+04,7.37120092e-05,1.03695855e-04
3.18900000e+04,7.36830129e-05,1.03695052e-04
3.19000000e+04,7.36536354e-05,1.03899901e-04
3.19100000e+04,7.36243742e-05,1.03584569e-04
3.19200000e+04,7.35995338e-05,1.03557194e-04
3.19300000e+04,7.37163398e-05,1.03497242e-04
3.19400000e+04,7.35470951e-05,1.03452007e-04
3.19500000e+04,7.35413871e-05,1.03411453e-04
3.19600000e+04,7.34941450e-05,1.03369776e-04
3.19700000e+04,7.34524360e-05,1.03329193e-04
3.19800000e+04,7.34237233e-05,1.03288420e-04
3.19900000e+04,7.33948177e-05,1.03247331e-04
3.20000000e+04,7.33648437e-05,1.03207410e-04
3.20100000e+04,7.33367233e-05,1.03165761e-04
3.20200000e+04,7.33078566e-05,1.03125160e-04
3.20300000e+04,7.32791705e-05,1.03084647e-04
3.20400000e+04,7.32746050e-05,1.03104296e-04
3.20500000e+04,7.35092558e-05,1.03081011e-04
3.20600000e+04,7.32575636e-05,1.02973303e-04
3.20700000e+04,7.31656287e-05,1.02940000e-04
3.20800000e+04,7.31438734e-05,1.02885069e-04
3.20900000e+04,7.31113812e-05,1.02844933e-04
3.21000000e+04,7.30807767e-05,1.02802734e-04
3.21100000e+04,7.30516413e-05,1.02762593e-04
3.21200000e+04,7.30236250e-05,1.02722531e-04
3.21300000e+04,7.29950411e-05,1.02682688e-04
3.21400000e+04,7.29667727e-05,1.02642924e-04
3.21500000e+04,7.29388175e-05,1.02602370e-04
3.21600000e+04,7.29099590e-05,1.02562392e-04
3.21700000e+04,7.28821710e-05,1.02521276e-04
3.21800000e+04,7.28526445e-05,1.02481583e-04
3.21900000e+04,7.28241321e-05,1.02440982e-04
3.22000000e+04,7.27959107e-05,1.02402512e-04
3.22100000e+04,7.27665758e-05,1.02423388e-04
3.22200000e+04,7.27381328e-05,1.02382419e-04
3.22300000e+04,7.27088618e-05,1.02293034e-04
3.22400000e+04,7.26809649e-05,1.02252290e-04
3.22500000e+04,7.26628625e-05,1.02206262e-04
3.22600000e+04,7.27540139e-05,1.02161793e-04
3.22700000e+04,7.26462513e-05,1.02120810e-04
3.22800000e+04,7.25684786e-05,1.02081904e-04
3.22900000e+04,7.25449877e-05,1.02041723e-04
3.23000000e+04,7.25113789e-05,1.02000914e-04
3.23100000e+04,7.24822844e-05,1.01961419e-04
3.23200000e+04,7.24545548e-05,1.01921607e-04
3.23300000e+04,7.24253034e-05,1.01881885e-04
3.23400000e+04,7.23979522e-05,1.01840672e-04
3.23500000e+04,7.23707635e-05,1.01802315e-04
3.23600000e+04,7.23590649e-05,1.01868761e-04
3.23700000e+04,7.24269780e-05,1.01728273e-04
3.23800000e+04,7.23290650e-05,1.01741038e-04
3.23900000e+04,7.22721027e-05,1.01647137e-04
3.24000000e+04,7.22330471e-05,1.01610035e-04
3.24100000e+04,7.22029702e-05,1.01565548e-04
3.24200000e+04,7.21756105e-05,1.01525712e-04
3.24300000e+04,7.21494996e-05,1.01487082e-04
3.24400000e+04,7.21393060e-05,1.01447391e-04
3.24500000e+04,7.21868728e-05,1.01408929e-04
3.24600000e+04,7.20749554e-05,1.01368672e-04
3.24700000e+04,7.20360365e-05,1.01330288e-04
3.24800000e+04,7.20088867e-05,1.01290778e-04
3.24900000e+04,7.19824361e-05,1.01254267e-04
3.25000000e+04,7.19537663e-05,1.01275997e-04
3.25100000e+04,7.19251286e-05,1.01213730e-04
3.25200000e+04,7.18979570e-05,1.01140621e-04
3.25300000e+04,7.18698820e-05,1.01096691e-04
3.25400000e+04,7.18417509e-05,1.01057310e-04
3.25500000e+04,7.18146207e-05,1.01018185e-04
3.25600000e+04,7.17937605e-05,1.00979878e-04
3.25700000e+04,7.19484608e-05,1.00939835e-04
3.25800000e+04,7.17971300e-05,1.00900214e-04
3.25900000e+04,7.17293888e-05,1.00861592e-04
3.26000000e+04,7.16774912e-05,1.00822228e-04
3.26100000e+04,7.16500415e-05,1.00783924e-04
3.26200000e+04,7.16224265e-05,1.00745075e-04
3.26300000e+04,7.15946708e-05,1.00705936e-04
3.26400000e+04,7.15672923e-05,1.00679261e-04
3.26500000e+04,7.15399883e-05,1.00715668e-04
3.26600000e+04,7.15118606e-05,1.00612179e-04
3.26700000e+04,7.14848493e-05,1.00559253e-04
3.26800000e+04,7.14567018e-05,1.00512688e-04
3.26900000e+04,7.14318128e-05,1.00472472e-04
3.27000000e+04,7.15398755e-05,1.00432631e-04
3.27100000e+04,7.14202524e-05,1.00393644e-04
3.27200000e+04,7.13911186e-05,1.00355320e-04
3.27300000e+04,7.13237205e-05,1.00315856e-04
3.27400000e+04,7.13000916e-05,1.00278758e-04
3.27500000e+04,7.12685946e-05,1.00284168e-04
3.27600000e+04,7.12419112e-05,1.00270606e-04
3.27700000e+04,7.12137135e-05,1.00179106e-04
3.27800000e+04,7.11873822e-05,1.00123722e-04
3.27900000e+04,7.11612308e-05,1.00083946e-04
3.28000000e+04,7.11342971e-05,1.00043944e-04
3.28100000e+04,7.11070661e-05,1.00005871e-04
3.28200000e+04,7.10802854e-05,9.99695185e-05
3.28300000e+04,7.10532890e-05,9.99694303e-05
3.28400000e+04,7.10260028e-05,9.99705317e-05
3.28500000e+04,7.10023749e-05,9.98717519e-05
3.28600000e+04,7.10502666e-05,9.98163810e-05
3.28700000e+04,7.09565359e-05,9.97776974e-05
3.28800000e+04,7.09294716e-05,9.97394636e-05
3.28900000e+04,7.08969192e-05,9.97013617e-05
3.29000000e+04,7.08655175e-05,9.96636222e-05
3.29100000e+04,7.08375183e-05,9.96251756e-05
3.29200000e+04,7.08108141e-05,9.95865407e-05
3.29300000e+04,7.07852162e-05,9.95486607e-05
3.29400000e+04,7.07580577e-05,9.95105220e-05
3.29500000e+04,7.07311603e-05,9.94727147e-05
3.29600000e+04,7.07033753e-05,9.94345942e-05
3.29700000e+04,7.06769654e-05,9.93996973e-05
3.29800000e+04,7.06505082e-05,9.94109805e-05
3.29900000e+04,7.06351620e-05,9.93221083e-05
3.30000000e+04,7.07470444e-05,9.92812547e-05
3.30100000e+04,7.06171145e-05,9.92424038e-05
3.30200000e+04,7.05539260e-05,9.92050991e-05
3.30300000e+04,7.05170855e-05,9.91656416e-05
3.30400000e+04,7.04909464e-05,9.91285428e-05
3.30500000e+04,7.04644178e-05,9.90909766e-05
3.30600000e+04,7.04374938e-05,9.90818262e-05
3.30700000e+04,7.04111658e-05,9.91425159e-05
3.30800000e+04,7.03845665e-05,9.89924115e-05
3.30900000e+04,7.03582609e-05,9.89417554e-05
3.31000000e+04,7.03307676e-05,9.89077921e-05
3.31100000e+04,7.03042626e-05,9.88671368e-05
3.31200000e+04,7.02780098e-05,9.88287397e-05
3.31300000e+04,7.02689824e-05,9.87910907e-05
3.31400000e+04,7.03596079e-05,9.87533122e-05
3.31500000e+04,7.02330701e-05,9.87150065e-05
3.31600000e+04,7.01732856e-05,9.86783521e-05
3.31700000e+04,7.01454785e-05,9.86447071e-05
3.31800000e+04,7.01201366e-05,9.87749650e-05
3.31900000e+04,7.00932824e-05,9.86373093e-05
3.32000000e+04,7.00664887e-05,9.85473953e-05
3.32100000e+04,7.00400760e-05,9.84949002e-05
3.32200000e+04,7.00132937e-05,9.84590347e-05
3.32300000e+04,6.99872871e-05,9.84196986e-05
3.32400000e+04,6.99599670e-05,9.83831269e-05
3.32500000e+04,6.99352593e-05,9.83466462e-05
3.32600000e+04,6.99303757e-05,9.83103582e-05
3.32700000e+04,6.99152286e-05,9.82719389e-05
3.32800000e+04,6.98637052e-05,9.82363576e-05
3.32900000e+04,6.98292868e-05,9.81993844e-05
3.33000000e+04,6.98029062e-05,9.81620601e-05
3.33100000e+04,6.97765545e-05,9.81255698e-05
3.33200000e+04,6.97501794e-05,9.80874784e-05
3.33300000e+04,6.97240457e-05,9.80510640e-05
3.33400000e+04,6.96978577e-05,9.80161990e-05
3.33500000e+04,6.96717955e-05,9.80153113e-05
3.33600000e+04,6.96466684e-05,9.79461834e-05
3.33700000e+04,6.96547925e-05,9.79070264e-05
3.33800000e+04,6.96237778e-05,9.78696589e-05
3.33900000e+04,6.95696815e-05,9.78308567e-05
3.34000000e+04,6.95495580e-05,9.77937671e-05
3.34100000e+04,6.95186220e-05,9.77574000e-05
3.34200000e+04,6.94896887e-05,9.77204099e-05
3.34300000e+04,6.94638875e-05,9.76832403e-05
3.34400000e+04,6.94393307e-05,9.76460919e-05
3.34500000e+04,6.94131938e-05,9.76126075e-05
3.34600000e+04,6.93870329e-05,9.76469632e-05
3.34700000e+04,6.93606619e-05,9.75388898e-05
3.34800000e+04,6.93355589e-05,9.75116750e-05
3.34900000e+04,6.93096874e-05,9.74733343e-05
3.35000000e+04,6.92833296e-05,9.74308832e-05
3.35100000e+04,6.92652932e-05,9.73928240e-05
3.35200000e+04,6.94160074e-05,9.73573106e-05
3.35300000e+04,6.92480046e-05,9.73200285e-05
3.35400000e+04,6.91815887e-05,9.72834450e-05
3.35500000e+04,6.91623595e-05,9.72481748e-05
3.35600000e+04,6.91301948e-05,9.72116122e-05
3.35700000e+04,6.91049502e-05,9.71750856e-05
3.35800000e+04,6.90790484e-05,9.71387553e-05
3.35900000e+04,6.90538391e-05,9.71158051e-05
3.36000000e+04,6.90285735e-05,9.72285120e-05
3.36100000e+04,6.90026204e-05,9.70602805e-05
3.36200000e+04,6.89774186e-05,9.69964135e-05
3.36300000e+04,6.89519304e-05,9.69657813e-05
3.36400000e+04,6.89269061e-05,9.69253379e-05
3.36500000e+04,6.89053379e-05,9.68888885e-05
3.36600000e+04,6.89247727e-05,9.68533695e-05
3.36700000e+04,6.88565488e-05,9.68169911e-05
3.36800000e+04,6.88278101e-05,9.67820865e-05
3.36900000e+04,6.88012824e-05,9.67458723e-05
3.37000000e+04,6.87748764e-05,9.67113829e-05
3.37100000e+04,6.87484549e-05,9.66748798e-05
3.37200000e+04,6.87236893e-05,9.66386124e-05
3.37300000e+04,6.86983501e-05,9.66023013e-05
3.37400000e+04,6.86721980e-05,9.65673053e-05
3.37500000e+04,6.86470830e-05,9.65315839e-05
3.37600000e+04,6.86287490e-05,9.65134777e-05
3.37700000e+04,6.86435685e-05,9.65207487e-05
3.37800000e+04,6.85848895e-05,9.64278452e-05
3.37900000e+04,6.85506993e-05,9.63955199e-05
3.38000000e+04,6.85228747e-05,9.63552166e-05
3.38100000e+04,6.84961130e-05,9.63195948e-05
3.38200000e+04,6.84701863e-05,9.62833224e-05
3.38300000e+04,6.84453651e-05,9.62474114e-05
3.38400000e+04,6.84193792e-05,9.62134709e-05
3.38500000e+04,6.83958554e-05,9.61768574e-05
3.38600000e+04,6.84104250e-05,9.61421638e-05
3.38700000e+04,6.83484704e-05,9.61063829e-05
3.38800000e+04,6.83201158e-05,9.60714569e-05
3.38900000e+04,6.82977327e-05,9.60361954e-05
3.39000000e+04,6.82718494e-05,9.60000125e-05
3.39100000e+04,6.82454559e-05,9.59809872e-05
3.39200000e+04,6.82197517e-05,9.60348111e-05
3.39300000e+04,6.81949498e-05,9.58983787e-05
3.39400000e+04,6.81701820e-05,9.58702121e-05
3.39500000e+04,6.81451838e-05,9.58272026e-05
3.39600000e+04,6.81200631e-05,9.57905131e-05
3.39700000e+04,6.81062095e-05,9.57571060e-05
3.39800000e+04,6.81705731e-05,9.57207367e-05
3.39900000e+04,6.80612213e-05,9.56865447e-05
3.40000000e+04,6.80242690e-05,9.56522572e-05
3.40100000e+04,6.80001756e-05,9.56174213e-05
3.40200000e+04,6.79730308e-05,9.55818546e-05
3.40300000e+04,6.79479879e-05,9.55473142e-05
3.40400000e+04,6.79234656e-05,9.55135333e-05
3.40500000e+04,6.78986169e-05,9.55149085e-05
3.40600000e+04,6.78739682e-05,9.54501670e-05
3.40700000e+04,6.78495840e-05,9.54245752e-05
3.40800000e+04,6.78252306e-05,9.53804783e-05
3.40900000e+04,6.78005524e-05,9.53422618e-05
3.41000000e+04,6.77755684e-05,9.53071940e-05
3.41100000e+04,6.77507808e-05,9.52720957e-05
3.41200000e+04,6.77257888e-05,9.52391933e-05
3.41300000e+04,6.77015621e-05,9.52045129e-05
3.41400000e+04,6.76826567e-05,9.51705706e-05
3.41500000e+04,6.77058572e-05,9.51362485e-05
3.41600000e+04,6.76473760e-05,9.51023785e-05
3.41700000e+04,6.76085961e-05,9.50673120e-05
3.41800000e+04,6.75790582e-05,9.50340245e-05
3.41900000e+04,6.75544011e-05,9.49991304e-05
3.42000000e+04,6.75299016e-05,9.49639193e-05
3.42100000e+04,6.75055448e-05,9.49301584e-05
3.42200000e+04,6.74807204e-05,9.48956927e-05
3.42300000e+04,6.74559496e-05,9.48628485e-05
3.42400000e+04,6.74441649e-05,9.48730494e-05
3.42500000e+04,6.74788005e-05,9.47969897e-05
3.42600000e+04,6.73967133e-05,9.47628969e-05
3.42700000e+04,6.73596717e-05,9.47262447e-05
3.42800000e+04,6.73358938e-05,9.46906907e-05
3.42900000e+04,6.73121056e-05,9.46562836e-05
3.43000000e+04,6.72870497e-05,9.46217720e-05
3.43100000e+04,6.72625874e-05,9.45880538e-05
3.43200000e+04,6.72386880e-05,9.45538809e-05
3.43300000e+04,6.72144110e-05,9.45196534e-05
3.43400000e+04,6.71907451e-05,9.44851531e-05
3.43500000e+04,6.71663099e-05,9.44511598e-05
3.43600000e+04,6.71499351e-05,9.44169801e-05
3.43700000e+04,6.71903831e-05,9.43818445e-05
3.43800000e+04,6.71110943e-05,9.43491914e-05
3.43900000e+04,6.70717052e-05,9.43828445e-05
3.44000000e+04,6.70475756e-05,9.42939832e-05
3.44100000e+04,6.70236220e-05,9.42630963e-05
3.44200000e+04,6.69990363e-05,9.42148190e-05
3.44300000e+04,6.69751432e-05,9.41799422e-05
3.44400000e+04,6.69511708e-05,9.41459480e-05
3.44500000e+04,6.69275062e-05,9.41109693e-05
3.44600000e+04,6.69035817e-05,9.40780292e-05
3.44700000e+04,6.68793305e-05,9.40444615e-05
3.44800000e+04,6.68553057e-05,9.40112159e-05
3.44900000e+04,6.68317784e-05,9.39767010e-05
3.45000000e+04,6.68079631e-05,9.39426081e-05
3.45100000e+04,6.67837840e-05,9.39093538e-05
3.45200000e+04,6.67605789e-05,9.38754315e-05
3.45300000e+04,6.67424088e-05,9.38692319e-05
3.45400000e+04,6.67467802e-05,9.38128242e-05
3.45500000e+04,6.66974154e-05,9.38073235e-05
3.45600000e+04,6.66688718e-05,9.37475834e-05
3.45700000e+04,6.66476537e-05,9.37106342e-05
3.45800000e+04,6.66290994e-05,9.36791175e-05
3.45900000e+04,6.65931411e-05,9.36455140e-05
3.46000000e+04,6.65707557e-05,9.36120146e-05
3.46100000e+04,6.65461791e-05,9.35796133e-05
3.46200000e+04,6.65210371e-05,9.35470725e-05
3.46300000e+04,6.64969871e-05,9.35144913e-05
3.46400000e+04,6.64734616e-05,9.34820387e-05
3.46500000e+04,6.64500226e-05,9.34493828e-05
3.46600000e+04,6.64252834e-05,9.34163527e-05
3.46700000e+04,6.64039765e-05,9.33837305e-05
3.46800000e+04,6.64351658e-05,9.33505989e-05
3.46900000e+04,6.63752523e-05,9.33166930e-05
3.47000000e+04,6.63417900e-05,9.32836811e-05
3.47100000e+04,6.63095773e-05,9.32508983e-05
3.47200000e+04,6.62857724e-05,9.32182511e-05
3.47300000e+04,6.62613218e-05,9.31869617e-05
3.47400000e+04,6.62375974e-05,9.32176076e-05
3.47500000e+04,6.62139380e-05,9.31419036e-05
3.47600000e+04,6.61912622e-05,9.30953847e-05
3.47700000e+04,6.61679421e-05,9.30562510e-05
3.47800000e+04,6.61448128e-05,9.30218162e-05
3.47900000e+04,6.61267079e-05,9.29901444e-05
3.48000000e+04,6.61708707e-05,9.29566700e-05
3.48100000e+04,6.60982671e-05,9.29243670e-05
3.48200000e+04,6.60559335e-05,9.28908657e-05
3.48300000e+04,6.60292451e-05,9.28589684e-05
3.48400000e+04,6.60066767e-05,9.28263416e-05
3.48500000e+04,6.59829311e-05,9.27933465e-05
3.48600000e+04,6.59594259e-05,9.27604369e-05
3.48700000e+04,6.59360871e-05,9.27314227e-05
3.48800000e+04,6.59140999e-05,9.28076488e-05
3.48900000e+04,6.58898200e-05,9.26963803e-05
3.49000000e+04,6.58675306e-05,9.26322709e-05
3.49100000e+04,6.58439435e-05,9.26030721e-05
3.49200000e+04,6.58209062e-05,9.25676277e-05
3.49300000e+04,6.57995458e-05,9.25359786e-05
3.49400000e+04,6.58092770e-05,9.25031623e-05
3.49500000e+04,6.57567614e-05,9.24719307e-05
3.49600000e+04,6.57360524e-05,9.24392070e-05
3.49700000e+04,6.57085516e-05,9.24078136e-05
3.49800000e+04,6.56841014e-05,9.23754860e-05
3.49900000e+04,6.56605700e-05,9.23430557e-05
3.50000000e+04,6.56379041e-05,9.23111411e-05
3.50100000e+04,6.56145942e-05,9.22794602e-05
3.50200000e+04,6.55927295e-05,9.22470576e-05
3.50300000e+04,6.55700080e-05,9.22140812e-05
3.50400000e+04,6.55460854e-05,9.21825790e-05
3.50500000e+04,6.55242441e-05,9.21488017e-05
3.50600000e+04,6.55008778e-05,9.21172518e-05
3.50700000e+04,6.54779674e-05,9.20839457e-05
3.50800000e+04,6.54546805e-05,9.20520456e-05
3.50900000e+04,6.54321107e-05,9.20189582e-05
3.51000000e+04,6.54129947e-05,9.20141356e-05
3.51100000e+04,6.54531596e-05,9.19600457e-05
3.51200000e+04,6.53804295e-05,9.19480703e-05
3.51300000e+04,6.53424684e-05,9.18947831e-05
3.51400000e+04,6.53203645e-05,9.18605638e-05
3.51500000e+04,6.52960268e-05,9.18295677e-05
3.51600000e+04,6.52738220e-05,9.17978414e-05
3.51700000e+04,6.52508706e-05,9.17663301e-05
3.51800000e+04,6.52280830e-05,9.17346711e-05
3.51900000e+04,6.52055426e-05,9.17043999e-05
3.52000000e+04,6.51834885e-05,9.16716995e-05
3.52100000e+04,6.51604300e-05,9.16405484e-05
3.52200000e+04,6.51380410e-05,9.16088866e-05
3.52300000e+04,6.51157429e-05,9.15773358e-05
3.52400000e+04,6.51122180e-05,9.15457726e-05
3.52500000e+04,6.50724285e-05,9.15142650e-05
3.52600000e+04,6.50636673e-05,9.14815196e-05
3.52700000e+04,6.50277909e-05,9.14501361e-05
3.52800000e+04,6.50063448e-05,9.14182856e-05
3.52900000e+04,6.49821545e-05,9.13865042e-05
3.53000000e+04,6.49603696e-05,9.13544477e-05
3.53100000e+04,6.49384813e-05,9.13222652e-05
3.53200000e+04,6.49163244e-05,9.13051749e-05
3.53300000e+04,6.48939988e-05,9.12836690e-05
3.53400000e+04,6.48723533e-05,9.12438072e-05
3.53500000e+04,6.48503844e-05,9.11985976e-05
3.53600000e+04,6.48280977e-05,9.11686484e-05
3.53700000e+04,6.48057896e-05,9.11357674e-05
3.53800000e+04,6.47840257e-05,9.11048196e-05
3.53900000e+04,6.47611485e-05,9.10740846e-05
3.54000000e+04,6.47389606e-05,9.10420786e-05
3.54100000e+04,6.47160464e-05,9.10123836e-05
3.54200000e+04,6.46936005e-05,9.09806467e-05
3.54300000e+04,6.46733215e-05,9.09500950e-05
3.54400000e+04,6.47206916e-05,9.09188525e-05
3.54500000e+04,6.46575722e-05,9.08876559e-05
3.54600000e+04,6.46068022e-05,9.08567458e-05
3.54700000e+04,6.45869131e-05,9.08250236e-05
3.54800000e+04,6.45632099e-05,9.07942490e-05
3.54900000e+04,6.45414743e-05,9.07624913e-05
3.55000000e+04,6.45200971e-05,9.07317362e-05
3.55100000e+04,6.44981560e-05,9.07002368e-05
3.55200000e+04,6.44761492e-05,9.06696755e-05
3.55300000e+04,6.44546615e-05,9.07020180e-05
3.55400000e+04,6.44330346e-05,9.06368214e-05
3.55500000e+04,6.44108500e-05,9.05843531e-05
3.55600000e+04,6.43891917e-05,9.05475827e-05
3.55700000e+04,6.43667245e-05,9.05166962e-05
3.55800000e+04,6.43446460e-05,9.04873855e-05
3.55900000e+04,6.43235660e-05,9.04572112e-05
3.56000000e+04,6.43012092e-05,9.04276030e-05
3.56100000e+04,6.42790001e-05,9.03964979e-05
3.56200000e+04,6.42580917e-05,9.03662835e-05
3.56300000e+04,6.42542054e-05,9.03360242e-05
3.56400000e+04,6.42141133e-05,9.03052778e-05
3.56500000e+04,6.41924435e-05,9.02750025e-05
3.56600000e+04,6.41704476e-05,9.02448214e-05
3.56700000e+04,6.41489059e-05,9.02141637e-05
3.56800000e+04,6.41269069e-05,9.01838362e-05
3.56900000e+04,6.41051065e-05,9.01534795e-05
3.57000000e+04,6.40832686e-05,9.01226999e-05
3.57100000e+04,6.40621054e-05,9.00922792e-05
3.57200000e+04,6.40398941e-05,9.00611803e-05
3.57300000e+04,6.40173491e-05,9.00308228e-05
3.57400000e+04,6.39961295e-05,9.00213035e-05
3.57500000e+04,6.39744042e-05,8.99742095e-05
3.57600000e+04,6.39621617e-05,8.99520323e-05
3.57700000e+04,6.39465054e-05,8.99157494e-05
3.57800000e+04,6.39097825e-05,8.98830681e-05
3.57900000e+04,6.38915976e-05,8.98517505e-05
3.58000000e+04,6.38669192e-05,8.98229705e-05
3.58100000e+04,6.38457113e-05,8.97928185e-05
3.58200000e+04,6.38236472e-05,8.97638915e-05
3.58300000e+04,6.38024133e-05,8.97343984e-05
3.58400000e+04,6.37805185e-05,8.97054451e-05
3.58500000e+04,6.37600569e-05,8.96757838e-05
3.58600000e+04,6.37375174e-05,8.96459537e-05
3.58700000e+04,6.37162739e-05,8.96166316e-05
3.58800000e+04,6.36953521e-05,8.95861176e-05
3.58900000e+04,6.36736822e-05,8.95572566e-05
3.59000000e+04,6.36518789e-05,8.95269704e-05
3.59100000e+04,6.36308871e-05,8.94988621e-05
3.59200000e+04,6.36132174e-05,8.95088906e-05
3.59300000e+04,6.36297375e-05,8.94508621e-05
3.59400000e+04,6.35689248e-05,8.94154191e-05
3.59500000e+04,6.35483837e-05,8.93805750e-05
3.59600000e+04,6.35241024e-05,8.93501415e-05
3.59700000e+04,6.35034703e-05,8.93212382e-05
3.59800000e+04,6.34823521e-05,8.92914654e-05
3.59900000e+04,6.34609696e-05,8.92621329e-05
3.60000000e+04,6.34390203e-05,8.92332364e-05
3.60100000e+04,6.34184457e-05,8.92033586e-05
3.60200000e+04,6.33975990e-05,8.91742388e-05
3.60300000e+04,6.33764848e-05,8.91441696e-05
3.60400000e+04,6.33551504e-05,8.91155328e-05
3.60500000e+04,6.33342847e-05,8.90857718e-05
3.60600000e+04,6.33131410e-05,8.90552574e-05
3.60700000e+04,6.32915455e-05,8.90263846e-05
3.60800000e+04,6.32710548e-05,8.89962994e-05
3.60900000e+04,6.32535669e-05,8.89667340e-05
3.61000000e+04,6.32415472e-05,8.89364483e-05
3.61100000e+04,6.32109702e-05,8.89076578e-05
3.61200000e+04,6.31866453e-05,8.88769441e-05
3.61300000e+04,6.31654934e-05,8.88474815e-05
3.61400000e+04,6.31434953e-05,8.88173022e-05
3.61500000e+04,6.31222308e-05,8.87867418e-05
3.61600000e+04,6.31017192e-05,8.87592287e-05
3.61700000e+04,6.30800394e-05,8.87807264e-05
3.61800000e+04,6.30579409e-05,8.87165020e-05
3.61900000e+04,6.30377665e-05,8.86703292e-05
3.62000000e+04,6.30166585e-05,8.86408552e-05
3.62100000e+04,6.29958886e-05,8.86101548e-05
3.62200000e+04,6.30287259e-05,8.85808986e-05
3.62300000e+04,6.29699077e-05,8.85517334e-05
3.62400000e+04,6.29374317e-05,8.85218728e-05
3.62500000e+04,6.29134825e-05,8.84930791e-05
3.62600000e+04,6.28925709e-05,8.84628248e-05
3.62700000e+04,6.28717830e-05,8.84341152e-05
3.62800000e+04,6.28520147e-05,8.84048654e-05
3.62900000e+04,6.28315070e-05,8.84052811e-05
3.63000000e+04,6.28103685e-05,8.83612929e-05
3.63100000e+04,6.27899112e-05,8.83225439e-05
3.63200000e+04,6.27693069e-05,8.82917047e-05
3.63300000e+04,6.27495106e-05,8.82606023e-05
3.63400000e+04,6.27285035e-05,8.82323325e-05
3.63500000e+04,6.27073618e-05,8.82042364e-05
3.63600000e+04,6.26867206e-05,8.81749302e-05
3.63700000e+04,6.26731653e-05,8.81471551e-05
3.63800000e+04,6.26660842e-05,8.81176888e-05
3.63900000e+04,6.26264059e-05,8.80896769e-05
3.64000000e+04,6.26096967e-05,8.80602361e-05
3.64100000e+04,6.25861446e-05,8.80327939e-05
3.64200000e+04,6.25667665e-05,8.80039029e-05
3.64300000e+04,6.25459218e-05,8.79748668e-05
3.64400000e+04,6.25260973e-05,8.79463728e-05
3.64500000e+04,6.25058542e-05,8.79170825e-05
3.64600000e+04,6.24857530e-05,8.78870264e-05
3.64700000e+04,6.24653928e-05,8.78591368e-05
3.64800000e+04,6.24448755e-05,8.78304527e-05
3.64900000e+04,6.24245881e-05,8.78254241e-05
3.65000000e+04,6.24046359e-05,8.77807629e-05
3.65100000e+04,6.23844969e-05,8.77457614e-05
3.65200000e+04,6.23633803e-05,8.77157909e-05
3.65300000e+04,6.23436208e-05,8.76873942e-05
3.65400000e+04,6.23231674e-05,8.76586805e-05
3.65500000e+04,6.23143858e-05,8.76293848e-05
3.65600000e+04,6.22827206e-05,8.76015388e-05
3.65700000e+04,6.22623190e-05,8.75736332e-05
3.65800000e+04,6.22425684e-05,8.75444130e-05
3.65900000e+04,6.22222713e-05,8.75161841e-05
3.66000000e+04,6.22014468e-05,8.74876541e-05
3.66100000e+04,6.21812289e-05,8.74588777e-05
3.66200000e+04,6.21613835e-05,8.74296916e-05
3.66300000e+04,6.21412223e-05,8.74196157e-05
3.66400000e+04,6.21215036e-05,8.73751815e-05
3.66500000e+04,6.21002994e-05,8.73554109e-05
3.66600000e+04,6.20811077e-05,8.73180652e-05
3.66700000e+04,6.20598362e-05,8.72901192e-05
3.66800000e+04,6.20392620e-05,8.72626197e-05
3.66900000e+04,6.20301073e-05,8.72333912e-05
3.67000000e+04,6.20012493e-05,8.72062224e-05
3.67100000e+04,6.19802308e-05,8.71789766e-05
3.67200000e+04,6.19611249e-05,8.71509001e-05
3.67300000e+04,6.19393804e-05,8.71225661e-05
3.67400000e+04,6.19195685e-05,8.70948697e-05
3.67500000e+04,6.18998765e-05,8.70675985e-05
3.67600000e+04,6.18784939e-05,8.70384588e-05
3.67700000e+04,6.18589561e-05,8.70103336e-05
3.67800000e+04,6.18384936e-05,8.69828054e-05
3.67900000e+04,6.18192398e-05,8.69546493e-05
3.68000000e+04,6.17994181e-05,8.69265737e-05
3.68100000e+04,6.17806611e-05,8.68978605e-05
3.68200000e+04,6.17950909e-05,8.68750044e-05
3.68300000e+04,6.17529429e-05,8.68637117e-05
3.68400000e+04,6.17204246e-05,8.68145044e-05
3.68500000e+04,6.17015726e-05,8.67906142e-05
3.68600000e+04,6.16809264e-05,8.67601616e-05
3.68700000e+04,6.16616378e-05,8.67318054e-05
3.68800000e+04,6.16412981e-05,8.67048784e-05
3.68900000e+04,6.16222953e-05,8.66780529e-05
3.69000000e+04,6.16031666e-05,8.66497844e-05
3.69100000e+04,6.15831020e-05,8.66213386e-05
3.69200000e+04,6.15629740e-05,8.65947895e-05
3.69300000e+04,6.15432584e-05,8.65671796e-05
3.69400000e+04,6.15233234e-05,8.65393818e-05
3.69500000e+04,6.15034510e-05,8.65118163e-05
3.69600000e+04,6.14841106e-05,8.64830158e-05
3.69700000e+04,6.14644619e-05,8.64558933e-05
3.69800000e+04,6.14494345e-05,8.64277067e-05
3.69900000e+04,6.14300973e-05,8.64003041e-05
3.70000000e+04,6.14056557e-05,8.63724886e-05
3.70100000e+04,6.13855441e-05,8.63445925e-05
3.70200000e+04,6.13662446e-05,8.63160662e-05
3.70300000e+04,6.13468417e-05,8.62888623e-05
3.70400000e+04,6.13268980e-05,8.62603183e-05
3.70500000e+04,6.13075892e-05,8.62408779e-05
3.70600000e+04,6.12882907e-05,8.62058873e-05
3.70700000e+04,6.12680622e-05,8.61819376e-05
3.70800000e+04,6.12484569e-05,8.61528688e-05
3.70900000e+04,6.12291174e-05,8.61239009e-05
3.71000000e+04,6.12095728e-05,8.60964860e-05
3.71100000e+04,6.11898697e-05,8.60695477e-05
3.71200000e+04,6.11695768e-05,8.60417558e-05
3.71300000e+04,6.11516216e-05,8.60139862e-05
3.71400000e+04,6.11582625e-05,8.59880420e-05
3.71500000e+04,6.11203016e-05,8.59600514e-05
3.71600000e+04,6.10921447e-05,8.59323527e-05
3.71700000e+04,6.10733102e-05,8.59056181e-05
3.71800000e+04,6.10532682e-05,8.58776125e-05
3.71900000e+04,6.10342054e-05,8.58510384e-05
3.72000000e+04,6.10148393e-05,8.58322219e-05
3.72100000e+04,6.09957158e-05,8.57969903e-05
3.72200000e+04,6.09767751e-05,8.57793143e-05
3.72300000e+04,6.09566798e-05,8.57479604e-05
3.72400000e+04,6.09376186e-05,8.57182749e-05
3.72500000e+04,6.09178237e-05,8.56920965e-05
3.72600000e+04,6.08986488e-05,8.56658166e-05
3.72700000e+04,6.08795069e-05,8.56394422e-05
3.72800000e+04,6.08638511e-05,8.56135148e-05
3.72900000e+04,6.08546072e-05,8.55869930e-05
3.73000000e+04,6.08230901e-05,8.55610679e-05
3.73100000e+04,6.08043656e-05,8.55343451e-05
3.73200000e+04,6.07836535e-05,8.55083276e-05
3.73300000e+04,6.07650218e-05,8.54817308e-05
3.73400000e+04,6.07465977e-05,8.54550199e-05
3.73500000e+04,6.07269401e-05,8.54286614e-05
3.73600000e+04,6.07080178e-05,8.54018613e-05
3.73700000e+04,6.06887093e-05,8.53750112e-05
3.73800000e+04,6.06700273e-05,8.53494043e-05
3.73900000e+04,6.06512588e-05,8.53561955e-05
3.74000000e+04,6.06321601e-05,8.53124247e-05
3.74100000e+04,6.06132776e-05,8.52712733e-05
3.74200000e+04,6.05940893e-05,8.52464327e-05
3.74300000e+04,6.05750938e-05,8.52198787e-05
3.74400000e+04,6.05569398e-05,8.51942741e-05
3.74500000e+04,6.05408893e-05,8.51678956e-05
3.74600000e+04,6.05236305e-05,8.51421064e-05
3.74700000e+04,6.05004882e-05,8.51168325e-05
3.74800000e+04,6.04799700e-05,8.50903903e-05
3.74900000e+04,6.04612899e-05,8.50655242e-05
3.75000000e+04,6.04423428e-05,8.50393512e-05
3.75100000e+04,6.04227107e-05,8.50127635e-05
3.75200000e+04,6.04044444e-05,8.49876433e-05
3.75300000e+04,6.03850483e-05,8.49612807e-05
3.75400000e+04,6.03666165e-05,8.49356661e-05
3.75500000e+04,6.03477240e-05,8.49088506e-05
3.75600000e+04,6.03285112e-05,8.48831241e-05
3.75700000e+04,6.03094941e-05,8.48572167e-05
3.75800000e+04,6.02904463e-05,8.48297796e-05
3.75900000e+04,6.02714508e-05,8.48045156e-05
3.76000000e+04,6.02529542e-05,8.47783094e-05
3.76100000e+04,6.02348962e-05,8.47520982e-05
3.76200000e+04,6.02270434e-05,8.47256156e-05
3.76300000e+04,6.01986396e-05,8.46995090e-05
3.76400000e+04,6.01801219e-05,8.46737184e-05
3.76500000e+04,6.01583615e-05,8.46464786e-05
3.76600000e+04,6.01400147e-05,8.46191451e-05
3.76700000e+04,6.01214617e-05,8.45933137e-05
3.76800000e+04,6.01031497e-05,8.45688810e-05
3.76900000e+04,6.00842989e-05,8.45564859e-05
3.77000000e+04,6.00662411e-05,8.45181712e-05
3.77100000e+04,6.00475896e-05,8.44899619e-05
3.77200000e+04,6.00289372e-05,8.44619535e-05
3.77300000e+04,6.00104763e-05,8.44370702e-05
3.77400000e+04,5.99920816e-05,8.44106812e-05
3.77500000e+04,5.99728739e-05,8.43840435e-05
3.77600000e+04,5.99537721e-05,8.43586276e-05
3.77700000e+04,5.99356686e-05,8.43323915e-05
3.77800000e+04,5.99171074e-05,8.43062335e-05
3.77900000e+04,5.99001921e-05,8.42801269e-05
3.78000000e+04,5.99008820e-05,8.42541895e-05
3.78100000e+04,5.98609306e-05,8.42269001e-05
3.78200000e+04,5.98450376e-05,8.42013437e-05
3.78300000e+04,5.98248696e-05,8.41805145e-05
3.78400000e+04,5.98069639e-05,8.41558272e-05
3.78500000e+04,5.97884684e-05,8.41309889e-05
3.78600000e+04,5.97707904e-05,8.40983357e-05
3.78700000e+04,5.97519386e-05,8.40739649e-05
3.78800000e+04,5.97338874e-05,8.40484254e-05
3.78900000e+04,5.97163344e-05,8.40229109e-05
3.79000000e+04,5.96976029e-05,8.39974737e-05
3.79100000e+04,5.96798830e-05,8.39725290e-05
3.79200000e+04,5.96612751e-05,8.39463755e-05
3.79300000e+04,5.96431414e-05,8.39220111e-05
3.79400000e+04,5.96245857e-05,8.38965361e-05
3.79500000e+04,5.96056307e-05,8.38708615e-05
3.79600000e+04,5.95874349e-05,8.38449455e-05
3.79700000e+04,5.95715358e-05,8.38194060e-05
3.79800000e+04,5.95677363e-05,8.37943599e-05
3.79900000e+04,5.95337904e-05,8.37679740e-05
3.80000000e+04,5.95166255e-05,8.37439570e-05
3.80100000e+04,5.94968765e-05,8.37178609e-05
3.80200000e+04,5.94798894e-05,8.36920781e-05
3.80300000e+04,5.94612418e-05,8.36656568e-05
3.80400000e+04,5.94438645e-05,8.36410381e-05
3.80500000e+04,5.94262174e-05,8.36226445e-05
3.80600000e+04,5.94081093e-05,8.35926098e-05
3.80700000e+04,5.93903753e-05,8.35688393e-05
3.80800000e+04,5.93722591e-05,8.35428068e-05
3.80900000e+04,5.93539933e-05,8.35166297e-05
3.81000000e+04,5.93360685e-05,8.34912880e-05
3.81100000e+04,5.93185719e-05,8.34668290e-05
3.81200000e+04,5.93002185e-05,8.34421421e-05
3.81300000e+04,5.92823217e-05,8.34179068e-05
3.81400000e+04,5.92641143e-05,8.33928457e-05
3.81500000e+04,5.92459726e-05,8.33682952e-05
3.81600000e+04,5.92277399e-05,8.33440631e-05
3.81700000e+04,5.92097776e-05,8.33187496e-05
3.81800000e+04,5.91975772e-05,8.32942092e-05
3.81900000e+04,5.91741227e-05,8.32690894e-05
3.82000000e+04,5.91587336e-05,8.32449928e-05
3.82100000e+04,5.91390742e-05,8.32191663e-05
3.82200000e+04,5.91203400e-05,8.31949264e-05
3.82300000e+04,5.91029229e-05,8.31694615e-05
3.82400000e+04,5.90855873e-05,8.31444213e-05
3.82500000e+04,5.90677257e-05,8.31202428e-05
3.82600000e+04,5.90501541e-05,8.30951612e-05
3.82700000e+04,5.90325278e-05,8.30852359e-05
3.82800000e+04,5.90143363e-05,8.30517793e-05
3.82900000e+04,5.89965107e-05,8.30217009e-05
3.83000000e+04,5.89789840e-05,8.29983751e-05
3.83100000e+04,5.89612698e-05,8.29732080e-05
3.83200000e+04,5.89435172e-05,8.29489327e-05
3.83300000e+04,5.89260083e-05,8.29246637e-05
3.83400000e+04,5.89104770e-05,8.28997227e-05
3.83500000e+04,5.88984665e-05,8.28759603e-05
3.83600000e+04,5.88723963e-05,8.28529296e-05
3.83700000e+04,5.88569189e-05,8.28274324e-05
3.83800000e+04,5.88380317e-05,8.28022021e-05
3.83900000e+04,5.88209550e-05,8.27785861e-05
3.84000000e+04,5.88034786e-05,8.27547105e-05
3.84100000e+04,5.87855354e-05,8.27298722e-05
3.84200000e+04,5.87686986e-05,8.27052459e-05
3.84300000e+04,5.87516690e-05,8.26816722e-05
3.84400000e+04,5.87339312e-05,8.26557798e-05
3.84500000e+04,5.87164266e-05,8.26315968e-05
3.84600000e+04,5.86983001e-05,8.26071973e-05
3.84700000e+04,5.86815379e-05,8.25828738e-05
3.84800000e+04,5.86632807e-05,8.25574939e-05
3.84900000e+04,5.86464544e-05,8.25335592e-05
3.85000000e+04,5.86290573e-05,8.25080269e-05
3.85100000e+04,5.86109732e-05,8.24881758e-05
3.85200000e+04,5.85938990e-05,8.24611047e-05
3.85300000e+04,5.85753212e-05,8.24408721e-05
3.85400000e+04,5.85589080e-05,8.24126632e-05
3.85500000e+04,5.85423418e-05,8.23878236e-05
3.85600000e+04,5.85378218e-05,8.23639284e-05
3.85700000e+04,5.85082055e-05,8.23402929e-05
3.85800000e+04,5.84881689e-05,8.23162850e-05
3.85900000e+04,5.84720099e-05,8.22926540e-05
3.86000000e+04,5.84547581e-05,8.22679740e-05
3.86100000e+04,5.84378859e-05,8.22442935e-05
3.86200000e+04,5.84201230e-05,8.22206366e-05
3.86300000e+04,5.84026270e-05,8.21974431e-05
3.86400000e+04,5.83864335e-05,8.21731123e-05
3.86500000e+04,5.83685064e-05,8.21494987e-05
3.86600000e+04,5.83520157e-05,8.21257568e-05
3.86700000e+04,5.83340645e-05,8.21011695e-05
3.86800000e+04,5.83175215e-05,8.20775763e-05
3.86900000e+04,5.82999610e-05,8.20531227e-05
3.87000000e+04,5.82826899e-05,8.20502405e-05
3.87100000e+04,5.82654704e-05,8.20092300e-05
3.87200000e+04,5.82482080e-05,8.19829993e-05
3.87300000e+04,5.82306161e-05,8.19587581e-05
3.87400000e+04,5.82137097e-05,8.19355591e-05
3.87500000e+04,5.82014520e-05,8.19118445e-05
3.87600000e+04,5.81798547e-05,8.18885164e-05
3.87700000e+04,5.81635609e-05,8.18647441e-05
3.87800000e+04,5.81449351e-05,8.18420231e-05
3.87900000e+04,5.81275467e-05,8.18182630e-05
3.88000000e+04,5.81111399e-05,8.17950240e-05
3.88100000e+04,5.80938779e-05,8.17713985e-05
3.88200000e+04,5.80768294e-05,8.17470409e-05
3.88300000e+04,5.80598373e-05,8.17240816e-05
3.88400000e+04,5.80427891e-05,8.17004807e-05
3.88500000e+04,5.80256915e-05,8.16764359e-05
3.88600000e+04,5.80085468e-05,8.16535130e-05
3.88700000e+04,5.79913428e-05,8.16294128e-05
3.88800000e+04,5.79776695e-05,8.16054076e-05
3.88900000e+04,5.79582327e-05,8.15817666e-05
3.89000000e+04,5.79450427e-05,8.15579879e-05
3.89100000e+04,5.79247096e-05,8.15339999e-05
3.89200000e+04,5.79080961e-05,8.15112630e-05
3.89300000e+04,5.78912081e-05,8.14875143e-05
3.89400000e+04,5.78747934e-05,8.14623604e-05
3.89500000e+04,5.78582071e-05,8.14404411e-05
3.89600000e+04,5.78415422e-05,8.14271143e-05
3.89700000e+04,5.78255765e-05,8.13948673e-05
3.89800000e+04,5.78089882e-05,8.13690012e-05
3.89900000e+04,5.77920639e-05,8.13463366e-05
3.90000000e+04,5.77753383e-05,8.13233669e-05
3.90100000e+04,5.77590893e-05,8.12992785e-05
3.90200000e+04,5.77428327e-05,8.12762582e-05
3.90300000e+04,5.77259000e-05,8.12536014e-05
3.90400000e+04,5.77086021e-05,8.12301937e-05
3.90500000e+04,5.76921548e-05,8.12069943e-05
3.90600000e+04,5.76761572e-05,8.11837463e-05
3.90700000e+04,5.76587368e-05,8.11605528e-05
3.90800000e+04,5.76427731e-05,8.11369991e-05
3.90900000e+04,5.76397574e-05,8.11137161e-05
3.91000000e+04,5.76096613e-05,8.10905635e-05
3.91100000e+04,5.75942936e-05,8.10667111e-05
3.91200000e+04,5.75768734e-05,8.10426941e-05
3.91300000e+04,5.75606041e-05,8.10207862e-05
3.91400000e+04,5.75446024e-05,8.09988110e-05
3.91500000e+04,5.75278311e-05,8.09833882e-05
3.91600000e+04,5.75119927e-05,8.09534090e-05
3.91700000e+04,5.74958215e-05,8.09290809e-05
3.91800000e+04,5.74795054e-05,8.09060671e-05
3.91900000e+04,5.74632263e-05,8.08835603e-05
3.92000000e+04,5.74473927e-05,8.08608766e-05
3.92100000e+04,5.74301191e-05,8.08388163e-05
3.92200000e+04,5.74132412e-05,8.08156010e-05
3.92300000e+04,5.73975460e-05,8.07926494e-05
3.92400000e+04,5.73815526e-05,8.07706319e-05
3.92500000e+04,5.73653506e-05,8.07471038e-05
3.92600000e+04,5.73485629e-05,8.07246811e-05
3.92700000e+04,5.73318302e-05,8.07032566e-05
3.92800000e+04,5.73153891e-05,8.06796688e-05
3.92900000e+04,5.72989006e-05,8.06571547e-05
3.93000000e+04,5.72822530e-05,8.06402386e-05
3.93100000e+04,5.72657689e-05,8.06124895e-05
3.93200000e+04,5.72497265e-05,8.05919344e-05
3.93300000e+04,5.72348224e-05,8.05678587e-05
3.93400000e+04,5.72181689e-05,8.05463860e-05
3.93500000e+04,5.72004910e-05,8.05238915e-05
3.93600000e+04,5.71836429e-05,8.05020773e-05
3.93700000e+04,5.71673663e-05,8.04794795e-05
3.93800000e+04,5.71512146e-05,8.04567344e-05
3.93900000e+04,5.71348769e-05,8.04345527e-05
3.94000000e+04,5.71187895e-05,8.04124079e-05
3.94100000e+04,5.71023434e-05,8.03901271e-05
3.94200000e+04,5.70861703e-05,8.03682715e-05
3.94300000e+04,5.70693469e-05,8.03454977e-05
3.94400000e+04,5.70533384e-05,8.03237835e-05
3.94500000e+04,5.70368852e-05,8.03008470e-05
3.94600000e+04,5.70273558e-05,8.02786126e-05
3.94700000e+04,5.70069319e-05,8.02557192e-05
3.94800000e+04,5.69889764e-05,8.02340282e-05
3.94900000e+04,5.69728188e-05,8.02116447e-05
3.95000000e+04,5.69564643e-05,8.01885999e-05
3.95100000e+04,5.69403617e-05,8.01672500e-05
3.95200000e+04,5.69250349e-05,8.01438359e-05
3.95300000e+04,5.69094373e-05,8.01216906e-05
3.95400000e+04,5.68933638e-05,8.00983053e-05
3.95500000e+04,5.68777007e-05,8.00768548e-05
3.95600000e+04,5.68611149e-05,8.00544994e-05
3.95700000e+04,5.68448017e-05,8.00344742e-05
3.95800000e+04,5.68288162e-05,8.00092503e-05
3.95900000e+04,5.68131377e-05,7.99857557e-05
3.96000000e+04,5.67966372e-05,7.99637810e-05
3.96100000e+04,5.67814011e-05,7.99419945e-05
3.96200000e+04,5.67749121e-05,7.99190611e-05
3.96300000e+04,5.67537797e-05,7.98967044e-05
3.96400000e+04,5.67340198e-05,7.98743499e-05
3.96500000e+04,5.67185100e-05,7.98524757e-05
3.96600000e+04,5.67026304e-05,7.98298961e-05
3.96700000e+04,5.66873791e-05,7.98087599e-05
3.96800000e+04,5.66718977e-05,7.97949547e-05
3.96900000e+04,5.66564233e-05,7.97670887e-05
3.97000000e+04,5.66406170e-05,7.97408816e-05
3.97100000e+04,5.66254955e-05,7.97190969e-05
3.97200000e+04,5.66091076e-05,7.96978275e-05
3.97300000e+04,5.65937964e-05,7.96756085e-05
3.97400000e+04,5.65780024e-05,7.96541772e-05
3.97500000e+04,5.65623684e-05,7.96319787e-05
3.97600000e+04,5.65462321e-05,7.96108538e-05
3.97700000e+04,5.65316759e-05,7.95886240e-05
3.97800000e+04,5.65149091e-05,7.95669521e-05
3.97900000e+04,5.65000805e-05,7.95448836e-05
3.98000000e+04,5.64838563e-05,7.95231290e-05
3.98100000e+04,5.64683603e-05,7.95006954e-05
3.98200000e+04,5.64523177e-05,7.94788180e-05
3.98300000e+04,5.64404597e-05,7.94676371e-05
3.98400000e+04,5.64228424e-05,7.94395546e-05
