6.00010000e+04,1.11722316e+01,1.11602993e+01,1.19322692e-02
6.00110000e+04,5.63511231e+01,5.63193856e+01,3.17375586e-02
6.00210000e+04,7.81944391e+00,7.81646724e+00,2.97667560e-03
6.00310000e+04,8.15676532e+00,8.15447995e+00,2.28537636e-03
6.00410000e+04,3.21304818e+00,3.21230503e+00,7.43150609e-04
6.00510000e+04,2.34200092e+00,2.34139097e+00,6.09955400e-04
6.00610000e+04,1.91013656e+00,1.90972640e+00,4.10162798e-04
6.00710000e+04,1.84787188e+00,1.84752687e+00,3.45011797e-04
6.00810000e+04,1.79045554e+00,1.79012162e+00,3.33917371e-04
6.00910000e+04,1.72995342e+00,1.72961506e+00,3.38358885e-04
6.01010000e+04,1.70761212e+00,1.70728032e+00,3.31804962e-04
6.01110000e+04,1.69392123e+00,1.69360121e+00,3.20015282e-04
6.01210000e+04,1.67800430e+00,1.67769064e+00,3.13658969e-04
6.01310000e+04,1.66048927e+00,1.66017825e+00,3.11019802e-04
6.01410000e+04,1.64670460e+00,1.64639712e+00,3.07480748e-04
6.01510000e+04,1.63574727e+00,1.63544379e+00,3.03481769e-04
6.01610000e+04,1.62556290e+00,1.62526288e+00,3.00015934e-04
6.01710000e+04,1.61573386e+00,1.61543677e+00,2.97088107e-04
6.01810000e+04,1.60677146e+00,1.60647717e+00,2.94292110e-04
6.01910000e+04,1.59862068e+00,1.59832903e+00,2.91652455e-04
6.02010000e+04,1.59112889e+00,1.59083968e+00,2.89204779e-04
6.02110000e+04,1.58376752e+00,1.58348351e+00,2.84009234e-04
6.02210000e+04,1.57669182e+00,1.57641236e+00,2.79460935e-04
6.02310000e+04,1.57068964e+00,1.57041402e+00,2.75615246e-04
6.02410000e+04,1.56521946e+00,1.56494728e+00,2.72182300e-04
6.02510000e+04,1.56011273e+00,1.55984348e+00,2.69251157e-04
6.02610000e+04,1.55539952e+00,1.55513285e+00,2.66669627e-04
6.02710000e+04,1.55097783e+00,1.55071346e+00,2.64364904e-04
6.02810000e+04,1.54686821e+00,1.54660592e+00,2.62286019e-04
6.02910000e+04,1.54304126e+00,1.54278086e+00,2.60405055e-04
6.03010000e+04,1.53947591e+00,1.53921722e+00,2.58694286e-04
6.03020000e+04,8.70717623e+00,8.69593887e+00,1.12373587e-02
6.03120000e+04,4.08515394e+01,4.08314323e+01,2.01071706e-02
6.03220000e+04,1.19401229e+01,1.19347503e+01,5.37253633e-03
6.03320000e+04,7.11511184e+00,7.11284891e+00,2.26292957e-03
6.03420000e+04,2.67384767e+00,2.67280429e+00,1.04338506e-03
6.03520000e+04,1.72179244e+00,1.72122167e+00,5.70774178e-04
6.03620000e+04,1.59682739e+00,1.59646793e+00,3.59462253e-04
6.03720000e+04,1.43321150e+00,1.43291301e+00,2.98492724e-04
6.03820000e+04,1.34645073e+00,1.34617555e+00,2.75179386e-04
6.03920000e+04,1.31844228e+00,1.31818730e+00,2.54980805e-04
6.04020000e+04,1.30236819e+00,1.30212571e+00,2.42487180e-04
6.04120000e+04,1.29702781e+00,1.29679963e+00,2.28178173e-04
6.04220000e+04,1.29242789e+00,1.29221260e+00,2.15281178e-04
6.04320000e+04,1.28512558e+00,1.28492049e+00,2.05092379e-04
6.04420000e+04,1.27892434e+00,1.27872758e+00,1.96760787e-04
6.04520000e+04,1.27332064e+00,1.27313076e+00,1.89879308e-04
6.04620000e+04,1.26831529e+00,1.26813129e+00,1.84005313e-04
6.04720000e+04,1.26366224e+00,1.26348324e+00,1.78997852e-04
6.04820000e+04,1.25934027e+00,1.25916556e+00,1.74712968e-04
6.04920000e+04,1.25541820e+00,1.25524723e+00,1.70974034e-04
6.05020000e+04,1.25177285e+00,1.25160515e+00,1.67700207e-04
6.05120000e+04,1.25233909e+00,1.25217645e+00,1.62638833e-04
6.05220000e+04,1.25120807e+00,1.25105013e+00,1.57945897e-04
6.05320000e+04,1.24911075e+00,1.24895682e+00,1.53934624e-04
6.05420000e+04,1.24660497e+00,1.24645443e+00,1.50532797e-04
6.05520000e+04,1.24427678e+00,1.24412918e+00,1.47594542e-04
6.05620000e+04,1.24207355e+00,1.24192851e+00,1.45033596e-04
6.05720000e+04,1.24000421e+00,1.23986143e+00,1.42779547e-04
6.05820000e+04,1.23806992e+00,1.23792913e+00,1.40787020e-04
6.05920000e+04,1.23623274e+00,1.23609373e+00,1.39014325e-04
6.06020000e+04,1.23451365e+00,1.23437623e+00,1.37427208e-04
6.06030000e+04,8.28812742e+00,8.27709014e+00,1.10372862e-02
6.06130000e+04,5.32453410e+01,5.32191920e+01,2.61489778e-02
6.06230000e+04,8.12774223e+00,8.12468582e+00,3.05640970e-03
6.06330000e+04,7.59012849e+00,7.58749831e+00,2.63017959e-03
6.06430000e+04,2.43059560e+00,2.42984488e+00,7.50718726e-04
6.06530000e+04,1.46589846e+00,1.46545992e+00,4.38540183e-04
6.06630000e+04,1.18897797e+00,1.18872018e+00,2.57786533e-04
6.06730000e+04,1.14786966e+00,1.14766578e+00,2.03880327e-04
6.06830000e+04,1.05261792e+00,1.05244146e+00,1.76450923e-04
6.06930000e+04,1.03940500e+00,1.03923552e+00,1.69476150e-04
6.07030000e+04,1.03688039e+00,1.03672304e+00,1.57355637e-04
6.07130000e+04,1.03342868e+00,1.03327808e+00,1.50599187e-04
6.07230000e+04,1.02574677e+00,1.02560122e+00,1.45551683e-04
6.07330000e+04,1.02145082e+00,1.02130972e+00,1.41097643e-04
6.07430000e+04,1.01895225e+00,1.01881518e+00,1.37069149e-04
6.07530000e+04,1.01637846e+00,1.01624456e+00,1.33900023e-04
6.07630000e+04,1.01368978e+00,1.01355853e+00,1.31248679e-04
6.07730000e+04,1.01134625e+00,1.01121735e+00,1.28897423e-04
6.07830000e+04,1.00905772e+00,1.00893085e+00,1.26865056e-04
6.07930000e+04,1.00677854e+00,1.00665343e+00,1.25116060e-04
6.08030000e+04,1.00479823e+00,1.00467470e+00,1.23532545e-04
6.08130000e+04,1.00423056e+00,1.00410958e+00,1.20982273e-04
6.08230000e+04,1.00260245e+00,1.00248377e+00,1.18686252e-04
6.08330000e+04,1.00119907e+00,1.00108245e+00,1.16624286e-04
6.08430000e+04,9.99696673e-01,9.99581836e-01,1.14837682e-04
6.08530000e+04,9.98372062e-01,9.98258776e-01,1.13286779e-04
6.08630000e+04,9.97051929e-01,9.96939995e-01,1.11933743e-04
6.08730000e+04,9.95819153e-01,9.95708424e-01,1.10728673e-04
6.08830000e+04,9.94664707e-01,9.94555057e-01,1.09649411e-04
6.08930000e+04,9.93552620e-01,9.93443934e-01,1.08685491e-04
6.09030000e+04,9.92513684e-01,9.92405871e-01,1.07813419e-04
6.09040000e+04,7.47093278e+00,7.46031626e+00,1.06165230e-02
6.09140000e+04,3.98585755e+01,3.98392779e+01,1.92975435e-02
6.09240000e+04,1.15612876e+01,1.15558632e+01,5.42435029e-03
6.09340000e+04,6.28400180e+00,6.28184243e+00,2.15937043e-03
6.09440000e+04,2.11222438e+00,2.11131150e+00,9.12878570e-04
6.09540000e+04,1.25171569e+00,1.25128425e+00,4.31439605e-04
6.09640000e+04,1.09331185e+00,1.09306371e+00,2.48144193e-04
6.09740000e+04,9.54760995e-01,9.54553695e-01,2.07299863e-04
6.09840000e+04,8.66899588e-01,8.66717527e-01,1.82061528e-04
6.09940000e+04,8.50873999e-01,8.50704686e-01,1.69312810e-04
6.10040000e+04,8.39348420e-01,8.39187252e-01,1.61168547e-04
6.10140000e+04,8.35611552e-01,8.35458841e-01,1.52710458e-04
6.10240000e+04,8.31670506e-01,8.31525319e-01,1.45186590e-04
6.10340000e+04,8.25556859e-01,8.25417320e-01,1.39539024e-04
6.10440000e+04,8.21236790e-01,8.21102102e-01,1.34687669e-04
6.10540000e+04,8.17388892e-01,8.17258263e-01,1.30628518e-04
6.10640000e+04,8.13923681e-01,8.13796580e-01,1.27101834e-04
6.10740000e+04,8.10842874e-01,8.10718829e-01,1.24044894e-04
6.10840000e+04,8.08070869e-01,8.07949486e-01,1.21382765e-04
6.10940000e+04,8.05569917e-01,8.05450892e-01,1.19024526e-04
6.11040000e+04,8.03237959e-01,8.03121024e-01,1.16934851e-04
6.11140000e+04,8.03829277e-01,8.03715503e-01,1.13774152e-04
6.11240000e+04,8.03351394e-01,8.03240575e-01,1.10819710e-04
6.11340000e+04,8.02063748e-01,8.01955463e-01,1.08284772e-04
6.11440000e+04,8.00519969e-01,8.00413881e-01,1.06087914e-04
6.11540000e+04,7.99092153e-01,7.98987983e-01,1.04169736e-04
6.11640000e+04,7.97713736e-01,7.97611251e-01,1.02485252e-04
6.11740000e+04,7.96426063e-01,7.96325074e-01,1.00988436e-04
6.11840000e+04,7.95230650e-01,7.95131000e-01,9.96508805e-05
6.11940000e+04,7.94119381e-01,7.94020932e-01,9.84489966e-05
6.12040000e+04,7.93081681e-01,7.92984315e-01,9.73660288e-05
6.12050000e+04,7.32499944e+00,7.31472148e+00,1.02779595e-02
6.12150000e+04,5.17155238e+01,5.16909583e+01,2.45655204e-02
6.12250000e+04,8.08855979e+00,8.08548158e+00,3.07821974e-03
6.12350000e+04,6.97024504e+00,6.96763792e+00,2.60712368e-03
6.12450000e+04,1.98241444e+00,1.98173731e+00,6.77130978e-04
6.12550000e+04,1.16336805e+00,1.16299698e+00,3.71077551e-04
6.12650000e+04,8.31520867e-01,8.31322937e-01,1.97930463e-04
6.12750000e+04,7.69844924e-01,7.69694451e-01,1.50472955e-04
6.12850000e+04,6.89667245e-01,6.89540348e-01,1.26897252e-04
6.12950000e+04,6.77633927e-01,6.77515670e-01,1.18257081e-04
6.13050000e+04,6.74204054e-01,6.74094435e-01,1.09619614e-04
6.13150000e+04,6.69996415e-01,6.69891514e-01,1.04901339e-04
6.13250000e+04,6.65458207e-01,6.65357283e-01,1.00923959e-04
6.13350000e+04,6.62875143e-01,6.62777419e-01,9.77233913e-05
6.13450000e+04,6.61171902e-01,6.61076895e-01,9.50073053e-05
6.13550000e+04,6.59675587e-01,6.59582783e-01,9.28030087e-05
6.13650000e+04,6.58241199e-01,6.58150271e-01,9.09280298e-05
6.13750000e+04,6.56879667e-01,6.56790358e-01,8.93086082e-05
6.13850000e+04,6.55642342e-01,6.55554440e-01,8.79017675e-05
6.13950000e+04,6.54415995e-01,6.54329321e-01,8.66740909e-05
6.14050000e+04,6.53332648e-01,6.53247069e-01,8.55786711e-05
6.14150000e+04,6.53150688e-01,6.53066675e-01,8.40132328e-05
6.14250000e+04,6.52395678e-01,6.52313146e-01,8.25321071e-05
6.14350000e+04,6.51682719e-01,6.51601514e-01,8.12057349e-05
6.14450000e+04,6.50919574e-01,6.50839538e-01,8.00359773e-05
6.14550000e+04,6.50258897e-01,6.50179891e-01,7.90063647e-05
6.14650000e+04,6.49591109e-01,6.49513007e-01,7.81011867e-05
6.14750000e+04,6.48973849e-01,6.48896557e-01,7.72919938e-05
6.14850000e+04,6.48399233e-01,6.48322667e-01,7.65657722e-05
6.14950000e+04,6.47855755e-01,6.47779844e-01,7.59106433e-05
6.15050000e+04,6.47339432e-01,6.47264113e-01,7.53193946e-05
6.15060000e+04,6.78557214e+00,6.77568694e+00,9.88519354e-03
6.15160000e+04,3.90713448e+01,3.90527267e+01,1.86181441e-02
6.15260000e+04,1.09769619e+01,1.09716515e+01,5.31042309e-03
6.15360000e+04,5.77205345e+00,5.77003228e+00,2.02117000e-03
6.15460000e+04,1.89359857e+00,1.89273375e+00,8.64823701e-04
6.15560000e+04,1.01980926e+00,1.01944402e+00,3.65232937e-04
6.15660000e+04,8.47081515e-01,8.46873913e-01,2.07602091e-04
6.15760000e+04,7.11680771e-01,7.11512037e-01,1.68734476e-04
6.15860000e+04,6.32503782e-01,6.32358998e-01,1.44783215e-04
6.15960000e+04,6.17343902e-01,6.17209920e-01,1.33982266e-04
6.16060000e+04,6.07703485e-01,6.07576275e-01,1.27210800e-04
6.16160000e+04,6.03060477e-01,6.02939448e-01,1.21029191e-04
6.16260000e+04,5.99129099e-01,5.99013668e-01,1.15431042e-04
6.16360000e+04,5.94117828e-01,5.94006492e-01,1.11335325e-04
6.16460000e+04,5.90522238e-01,5.90414456e-01,1.07782713e-04
6.16560000e+04,5.87388657e-01,5.87283849e-01,1.04807652e-04
6.16660000e+04,5.84570353e-01,5.84468131e-01,1.02221670e-04
6.16760000e+04,5.82070659e-01,5.81970677e-01,9.99826674e-05
6.16860000e+04,5.79874325e-01,5.79776304e-01,9.80215403e-05
6.16960000e+04,5.77918864e-01,5.77822589e-01,9.62756006e-05
6.17060000e+04,5.76089820e-01,5.75995090e-01,9.47296702e-05
6.17160000e+04,5.76037029e-01,5.75944546e-01,9.24831191e-05
6.17260000e+04,5.75406997e-01,5.75316627e-01,9.03698658e-05
6.17360000e+04,5.74374432e-01,5.74285893e-01,8.85389397e-05
6.17460000e+04,5.73203816e-01,5.73116877e-01,8.69390524e-05
6.17560000e+04,5.72099542e-01,5.72014000e-01,8.55411245e-05
6.17660000e+04,5.71048806e-01,5.70964498e-01,8.43076214e-05
6.17760000e+04,5.70070146e-01,5.69986937e-01,8.32088213e-05
6.17860000e+04,5.69167458e-01,5.69085235e-01,8.22224044e-05
6.17960000e+04,5.68333289e-01,5.68251955e-01,8.13340041e-05
6.18060000e+04,5.67561682e-01,5.67481153e-01,8.05294737e-05
6.18070000e+04,6.75847296e+00,6.74892934e+00,9.54362076e-03
6.18170000e+04,5.04916285e+01,5.04683006e+01,2.33278887e-02
6.18270000e+04,8.07335395e+00,8.07030962e+00,3.04432751e-03
6.18370000e+04,6.64793846e+00,6.64540699e+00,2.53146625e-03
6.18470000e+04,1.67338523e+00,1.67275210e+00,6.33135182e-04
6.18570000e+04,1.02898787e+00,1.02864748e+00,3.40397531e-04
6.18670000e+04,6.54683829e-01,6.54512836e-01,1.70992919e-04
6.18770000e+04,5.86347505e-01,5.86216949e-01,1.30555986e-04
6.18870000e+04,5.13083856e-01,5.12975768e-01,1.08088027e-04
6.18970000e+04,4.98622684e-01,4.98523372e-01,9.93123377e-05
6.19070000e+04,4.95206990e-01,4.95114467e-01,9.25225610e-05
6.19170000e+04,4.91746621e-01,4.91657978e-01,8.86430628e-05
6.19270000e+04,4.87707933e-01,4.87622420e-01,8.55130682e-05
6.19370000e+04,4.85449122e-01,4.85366069e-01,8.30530782e-05
6.19470000e+04,4.84113704e-01,4.84032759e-01,8.09444576e-05
6.19570000e+04,4.82961770e-01,4.82882541e-01,7.92286794e-05
6.19670000e+04,4.81883626e-01,4.81805864e-01,7.77619632e-05
6.19770000e+04,4.80838700e-01,4.80762211e-01,7.64883802e-05
6.19870000e+04,4.79883281e-01,4.79807901e-01,7.53797676e-05
6.19970000e+04,4.78980455e-01,4.78906051e-01,7.44044696e-05
6.20070000e+04,4.78198204e-01,4.78124675e-01,7.35290821e-05
6.20170000e+04,4.77853289e-01,4.77780962e-01,7.23267789e-05
6.20270000e+04,4.77204211e-01,4.77133048e-01,7.11627311e-05
6.20370000e+04,4.76674156e-01,4.76604051e-01,7.01050946e-05
6.20470000e+04,4.76129687e-01,4.76060521e-01,6.91658702e-05
6.20570000e+04,4.75664187e-01,4.75595854e-01,6.83328161e-05
6.20670000e+04,4.75210504e-01,4.75142910e-01,6.75938430e-05
6.20770000e+04,4.74787955e-01,4.74721022e-01,6.69329308e-05
6.20870000e+04,4.74396721e-01,4.74330384e-01,6.63369187e-05
6.20970000e+04,4.74027153e-01,4.73961356e-01,6.57975402e-05
6.21070000e+04,4.73677866e-01,4.73612557e-01,6.53088262e-05
6.21080000e+04,6.33279520e+00,6.32361620e+00,9.17900783e-03
6.21180000e+04,3.82265220e+01,3.82086324e+01,1.78895999e-02
6.21280000e+04,1.06143180e+01,1.06090967e+01,5.22132092e-03
6.21380000e+04,5.45966420e+00,5.45777573e+00,1.88846694e-03
6.21480000e+04,1.77254408e+00,1.77170496e+00,8.39121034e-04
6.21580000e+04,8.95607775e-01,8.95281851e-01,3.25923677e-04
6.21680000e+04,7.18605778e-01,7.18417000e-01,1.88778033e-04
6.21780000e+04,5.82957637e-01,5.82808212e-01,1.49425875e-04
6.21880000e+04,5.09230436e-01,5.09103107e-01,1.27329039e-04
6.21980000e+04,4.94746377e-01,4.94628904e-01,1.17473783e-04
6.22080000e+04,4.86417954e-01,4.86306401e-01,1.11552943e-04
6.22180000e+04,4.81060475e-01,4.80953980e-01,1.06494093e-04
6.22280000e+04,4.77243681e-01,4.77141763e-01,1.01918245e-04
6.22380000e+04,4.73041468e-01,4.72942898e-01,9.85701584e-05
6.22480000e+04,4.69945920e-01,4.69850259e-01,9.56607571e-05
6.22580000e+04,4.67251592e-01,4.67158368e-01,9.32232168e-05
6.22680000e+04,4.64813183e-01,4.64722081e-01,9.11019664e-05
6.22780000e+04,4.62659110e-01,4.62569846e-01,8.92640151e-05
6.22880000e+04,4.60786100e-01,4.60698453e-01,8.76474745e-05
6.22980000e+04,4.59119936e-01,4.59033732e-01,8.62041446e-05
6.23080000e+04,4.57563903e-01,4.57478979e-01,8.49246557e-05
6.23180000e+04,4.57146588e-01,4.57063457e-01,8.31311596e-05
6.23280000e+04,4.56393530e-01,4.56312092e-01,8.14381933e-05
6.23380000e+04,4.55479487e-01,4.55399534e-01,7.99522648e-05
6.23480000e+04,4.54494844e-01,4.54416198e-01,7.86461118e-05
6.23580000e+04,4.53557580e-01,4.53480078e-01,7.75019240e-05
6.23680000e+04,4.52677122e-01,4.52600633e-01,7.64887038e-05
6.23780000e+04,4.51859580e-01,4.51783997e-01,7.55828871e-05
6.23880000e+04,4.51101588e-01,4.51026819e-01,7.47691971e-05
6.23980000e+04,4.50409819e-01,4.50335786e-01,7.40333396e-05
6.24080000e+04,4.49767331e-01,4.49693965e-01,7.33656776e-05
6.24090000e+04,6.35959919e+00,6.35074575e+00,8.85344028e-03
6.24190000e+04,4.91920443e+01,4.91698816e+01,2.21627069e-02
6.24290000e+04,8.04715396e+00,8.04414559e+00,3.00836607e-03
6.24390000e+04,6.48152577e+00,6.47909226e+00,2.43350795e-03
6.24490000e+04,1.48088314e+00,1.48027692e+00,6.06218461e-04
6.24590000e+04,9.70885933e-01,9.70559705e-01,3.26227800e-04
6.24690000e+04,5.50997849e-01,5.50842574e-01,1.55275499e-04
6.24790000e+04,4.89344036e-01,4.89223420e-01,1.20615592e-04
6.24890000e+04,4.17190706e-01,4.17091992e-01,9.87138527e-05
6.24990000e+04,3.99183755e-01,3.99093091e-01,9.06645812e-05
6.25090000e+04,3.96844834e-01,3.96760063e-01,8.47713703e-05
6.25190000e+04,3.94143801e-01,3.94062450e-01,8.13507053e-05
6.25290000e+04,3.90498846e-01,3.90420147e-01,7.86984379e-05
6.25390000e+04,3.88338461e-01,3.88261813e-01,7.66482272e-05
6.25490000e+04,3.87020587e-01,3.86945695e-01,7.48918876e-05
6.25590000e+04,3.86082205e-01,3.86008766e-01,7.34387558e-05
6.25690000e+04,3.85133315e-01,3.85061116e-01,7.21998788e-05
6.25790000e+04,3.84233184e-01,3.84162066e-01,7.11182818e-05
6.25890000e+04,3.83409757e-01,3.83339585e-01,7.01720123e-05
6.25990000e+04,3.82642183e-01,3.82572847e-01,6.93355784e-05
6.26090000e+04,3.81963978e-01,3.81895394e-01,6.85840966e-05
6.26190000e+04,3.81484525e-01,3.81416962e-01,6.75628874e-05
6.26290000e+04,3.80849072e-01,3.80782504e-01,6.65681786e-05
6.26390000e+04,3.80379632e-01,3.80313976e-01,6.56562145e-05
6.26490000e+04,3.79910737e-01,3.79845894e-01,6.48434058e-05
6.26590000e+04,3.79516581e-01,3.79452462e-01,6.41186137e-05
6.26690000e+04,3.79147684e-01,3.79084211e-01,6.34723657e-05
6.26790000e+04,3.78795638e-01,3.78732746e-01,6.28925525e-05
6.26890000e+04,3.78470408e-01,3.78408039e-01,6.23684664e-05
6.26990000e+04,3.78165227e-01,3.78103333e-01,6.18935407e-05
6.27090000e+04,3.77876576e-01,3.77815114e-01,6.14619356e-05
6.27100000e+04,5.99447645e+00,5.98596137e+00,8.51507649e-03
6.27200000e+04,3.73219835e+01,3.73048641e+01,1.71194055e-02
6.27300000e+04,1.04347189e+01,1.04295508e+01,5.16807888e-03
6.27400000e+04,5.20713155e+00,5.20538319e+00,1.74835540e-03
6.27500000e+04,1.70479900e+00,1.70397241e+00,8.26596592e-04
6.27600000e+04,8.16854849e-01,8.16557874e-01,2.96974979e-04
6.27700000e+04,6.44818567e-01,6.44640300e-01,1.78266589e-04
6.27800000e+04,5.05346879e-01,5.05209639e-01,1.37240198e-04
6.27900000e+04,4.35828848e-01,4.35711639e-01,1.17208834e-04
6.28000000e+04,4.22258700e-01,4.22150793e-01,1.07907288e-04
6.28100000e+04,4.14844838e-01,4.14742230e-01,1.02608517e-04
6.28200000e+04,4.09058343e-01,4.08960067e-01,9.82763044e-05
6.28300000e+04,4.05292485e-01,4.05198081e-01,9.44045714e-05
6.28400000e+04,4.01733351e-01,4.01641828e-01,9.15229285e-05
6.28500000e+04,3.98993614e-01,3.98904584e-01,8.90299035e-05
6.28600000e+04,3.96601035e-01,3.96514098e-01,8.69364897e-05
6.28700000e+04,3.94471709e-01,3.94386604e-01,8.51054975e-05
6.28800000e+04,3.92561239e-01,3.92477721e-01,8.35177009e-05
6.28900000e+04,3.90897810e-01,3.90815693e-01,8.21164058e-05
6.29000000e+04,3.89424469e-01,3.89343609e-01,8.08600369e-05
6.29100000e+04,3.88049982e-01,3.87970237e-01,7.97443655e-05
6.29200000e+04,3.87472530e-01,3.87394314e-01,7.82158632e-05
6.29300000e+04,3.86668826e-01,3.86592055e-01,7.67707912e-05
6.29400000e+04,3.85830402e-01,3.85754913e-01,7.54886547e-05
6.29500000e+04,3.84955994e-01,3.84881639e-01,7.43554260e-05
6.29600000e+04,3.84125768e-01,3.84052408e-01,7.33599534e-05
6.29700000e+04,3.83352711e-01,3.83280236e-01,7.24747400e-05
6.29800000e+04,3.82632904e-01,3.82561222e-01,7.16820482e-05
6.29900000e+04,3.81967908e-01,3.81896940e-01,7.09679068e-05
6.30000000e+04,3.81361109e-01,3.81290788e-01,7.03212609e-05
6.30100000e+04,3.80796738e-01,3.80727004e-01,6.97332987e-05
6.30110000e+04,6.04499093e+00,6.03678194e+00,8.20898535e-03
6.30210000e+04,4.77380944e+01,4.77170804e+01,2.10139918e-02
6.30310000e+04,8.01162118e+00,8.00864465e+00,2.97652826e-03
6.30410000e+04,6.36478503e+00,6.36245798e+00,2.32704919e-03
6.30510000e+04,1.37426191e+00,1.37367765e+00,5.84265779e-04
6.30610000e+04,9.38000690e-01,9.37681423e-01,3.19266980e-04
6.30710000e+04,4.84824916e-01,4.84680204e-01,1.44712065e-04
6.30810000e+04,4.33190385e-01,4.33075852e-01,1.14532125e-04
6.30910000e+04,3.58271371e-01,3.58178518e-01,9.28521547e-05
6.31010000e+04,3.38963763e-01,3.38878161e-01,8.56028517e-05
6.31110000e+04,3.37017418e-01,3.36937096e-01,8.03222830e-05
6.31210000e+04,3.34620256e-01,3.34543070e-01,7.71865575e-05
6.31310000e+04,3.31587935e-01,3.31513099e-01,7.48354656e-05
6.31410000e+04,3.29486428e-01,3.29413408e-01,7.30203221e-05
6.31510000e+04,3.28090480e-01,3.28018978e-01,7.15014175e-05
6.31610000e+04,3.27262554e-01,3.27192336e-01,7.02178791e-05
6.31710000e+04,3.26358112e-01,3.26288993e-01,6.91185649e-05
6.31810000e+04,3.25512417e-01,3.25444254e-01,6.81628530e-05
6.31910000e+04,3.24781610e-01,3.24714291e-01,6.73186843e-05
6.32010000e+04,3.24081863e-01,3.24015293e-01,6.65698793e-05
6.32110000e+04,3.23446999e-01,3.23381101e-01,6.58989646e-05
6.32210000e+04,3.22913750e-01,3.22848758e-01,6.49920679e-05
6.32310000e+04,3.22299082e-01,3.22234972e-01,6.41097691e-05
6.32410000e+04,3.21853550e-01,3.21790252e-01,6.32977513e-05
6.32510000e+04,3.21417605e-01,3.21355032e-01,6.25732071e-05
6.32610000e+04,3.21054185e-01,3.20992261e-01,6.19244832e-05
6.32710000e+04,3.20719130e-01,3.20657786e-01,6.13435628e-05
6.32810000e+04,3.20394904e-01,3.20334082e-01,6.08214521e-05
6.32910000e+04,3.20097618e-01,3.20037270e-01,6.03484106e-05
6.33010000e+04,3.19817037e-01,3.19757118e-01,5.99190183e-05
6.33110000e+04,3.19553203e-01,3.19493676e-01,5.95273364e-05
6.33120000e+04,5.71826523e+00,5.71037001e+00,7.89521808e-03
6.33220000e+04,3.64807896e+01,3.64644171e+01,1.63724975e-02
6.33320000e+04,1.03364997e+01,1.03313789e+01,5.12080284e-03
6.33420000e+04,5.01143186e+00,5.00981818e+00,1.61367941e-03
6.33520000e+04,1.65119641e+00,1.65038114e+00,8.15268364e-04
6.33620000e+04,7.65405319e-01,7.65131045e-01,2.74274327e-04
6.33720000e+04,5.98206497e-01,5.98035873e-01,1.70624312e-04
6.33820000e+04,4.53539235e-01,4.53411343e-01,1.27892371e-04
6.33920000e+04,3.87108868e-01,3.86998899e-01,1.09968749e-04
6.34020000e+04,3.74494275e-01,3.74393159e-01,1.01115516e-04
6.34120000e+04,3.67735915e-01,3.67639632e-01,9.62829483e-05
6.34220000e+04,3.61921623e-01,3.61829147e-01,9.24761455e-05
6.34320000e+04,3.58046779e-01,3.57957622e-01,8.91573784e-05
6.34420000e+04,3.55025758e-01,3.54939134e-01,8.66238936e-05
6.34520000e+04,3.52571316e-01,3.52486877e-01,8.44385209e-05
6.34620000e+04,3.50378873e-01,3.50296271e-01,8.26011933e-05
6.34720000e+04,3.48512619e-01,3.48431634e-01,8.09850671e-05
6.34820000e+04,3.46796581e-01,3.46716999e-01,7.95821996e-05
6.34920000e+04,3.45288539e-01,3.45210199e-01,7.83399132e-05
6.35020000e+04,3.43964338e-01,3.43887116e-01,7.72214899e-05
6.35120000e+04,3.42726406e-01,3.42650178e-01,7.62275229e-05
6.35220000e+04,3.42091177e-01,3.42016295e-01,7.48817148e-05
6.35320000e+04,3.41286798e-01,3.41213189e-01,7.36092879e-05
6.35420000e+04,3.40503884e-01,3.40431412e-01,7.24719983e-05
6.35520000e+04,3.39707666e-01,3.39636203e-01,7.14627333e-05
6.35620000e+04,3.38958196e-01,3.38887624e-01,7.05722872e-05
6.35720000e+04,3.38260888e-01,3.38191109e-01,6.97784720e-05
6.35820000e+04,3.37612303e-01,3.37543237e-01,6.90660637e-05
6.35920000e+04,3.37017048e-01,3.36948625e-01,6.84225991e-05
6.36020000e+04,3.36469231e-01,3.36401392e-01,6.78389469e-05
6.36120000e+04,3.35960862e-01,3.35893554e-01,6.73082982e-05
6.36130000e+04,5.77799069e+00,5.77038171e+00,7.60897955e-03
6.36230000e+04,4.62069529e+01,4.61870367e+01,1.99161488e-02
6.36330000e+04,7.95016368e+00,7.94721784e+00,2.94584120e-03
6.36430000e+04,6.25998045e+00,6.25776654e+00,2.21391157e-03
6.36530000e+04,1.31710989e+00,1.31654665e+00,5.63245672e-04
6.36630000e+04,8.94888576e-01,8.94576780e-01,3.11796423e-04
6.36730000e+04,4.43537794e-01,4.43400480e-01,1.37313493e-04
6.36830000e+04,3.94786083e-01,3.94676525e-01,1.09558395e-04
6.36930000e+04,3.18680712e-01,3.18592599e-01,8.81126092e-05
6.37030000e+04,2.99465325e-01,2.99383621e-01,8.17035513e-05
6.37130000e+04,2.97641654e-01,2.97564746e-01,7.69073377e-05
6.37230000e+04,2.95198924e-01,2.95124924e-01,7.40002580e-05
6.37330000e+04,2.92505021e-01,2.92433151e-01,7.18694878e-05
6.37430000e+04,2.90620008e-01,2.90549806e-01,7.02026185e-05
6.37530000e+04,2.89315934e-01,2.89247095e-01,6.88387330e-05
6.37630000e+04,2.88441065e-01,2.88373378e-01,6.76868606e-05
6.37730000e+04,2.87588509e-01,2.87521821e-01,6.66873962e-05
6.37830000e+04,2.86794198e-01,2.86728375e-01,6.58232532e-05
6.37930000e+04,2.86109538e-01,2.86044484e-01,6.50547024e-05
6.38030000e+04,2.85448376e-01,2.85384005e-01,6.43715760e-05
6.38130000e+04,2.84846301e-01,2.84782541e-01,6.37598354e-05
6.38230000e+04,2.84306670e-01,2.84243731e-01,6.29388811e-05
6.38330000e+04,2.83718378e-01,2.83656236e-01,6.21418422e-05
6.38430000e+04,2.83288652e-01,2.83227245e-01,6.14069861e-05
6.38530000e+04,2.82873932e-01,2.82813181e-01,6.07510232e-05
6.38630000e+04,2.82526896e-01,2.82466733e-01,6.01627731e-05
6.38730000e+04,2.82208860e-01,2.82149226e-01,5.96336611e-05
6.38830000e+04,2.81901022e-01,2.81841864e-01,5.91574318e-05
6.38930000e+04,2.81617173e-01,2.81558448e-01,5.87252557e-05
6.39030000e+04,2.81351597e-01,2.81293266e-01,5.83316420e-05
6.39130000e+04,2.81101928e-01,2.81043955e-01,5.79726528e-05
6.39140000e+04,7.46857670e+00,5.47035786e+00,1.99821884e+00
6.39240000e+04,3.61320103e+01,3.45010915e+01,1.63091889e+00
6.39340000e+04,1.23395612e+01,1.09037970e+01,1.43576421e+00
6.39440000e+04,8.45072617e+00,7.22422200e+00,1.22650416e+00
6.39540000e+04,4.24199079e+00,3.12414135e+00,1.11784944e+00
6.39640000e+04,3.21450405e+00,2.18116973e+00,1.03333431e+00
6.39740000e+04,3.08557607e+00,2.12066042e+00,9.64915655e-01
6.39840000e+04,2.86191952e+00,1.94461898e+00,9.17300537e-01
6.39940000e+04,2.65462868e+00,1.77190231e+00,8.82726368e-01
6.40040000e+04,2.63764445e+00,1.78276927e+00,8.54875181e-01
6.40140000e+04,2.61004692e+00,1.77663492e+00,8.33411998e-01
6.40240000e+04,2.58862510e+00,1.77483622e+00,8.13788883e-01
6.40340000e+04,2.56951564e+00,1.77281848e+00,7.96697163e-01
6.40440000e+04,2.54261029e+00,1.75960995e+00,7.83000334e-01
6.40540000e+04,2.52246071e+00,1.75037654e+00,7.72084180e-01
6.40640000e+04,2.49980274e+00,1.73642758e+00,7.63375160e-01
6.40740000e+04,2.47895702e+00,1.72268435e+00,7.56272669e-01
6.40840000e+04,2.46043814e+00,1.71006330e+00,7.50374844e-01
6.40940000e+04,2.44425542e+00,1.69885405e+00,7.45401370e-01
6.41040000e+04,2.42978714e+00,1.68862697e+00,7.41160166e-01
6.41140000e+04,2.41708391e+00,1.67958420e+00,7.37499709e-01
6.41240000e+04,2.44711788e+00,1.71418132e+00,7.32936560e-01
6.41340000e+04,2.42458364e+00,1.69540435e+00,7.29179285e-01
6.41440000e+04,2.43311152e+00,1.70760232e+00,7.25509203e-01
6.41540000e+04,2.42243359e+00,1.69991112e+00,7.22522465e-01
6.41640000e+04,2.42073891e+00,1.70086794e+00,7.19870970e-01
6.41740000e+04,2.41409994e+00,1.69647132e+00,7.17628624e-01
6.41840000e+04,2.40944789e+00,1.69379169e+00,7.15656196e-01
6.41940000e+04,2.40357606e+00,1.68963522e+00,7.13940846e-01
6.42040000e+04,2.39871582e+00,1.68629841e+00,7.12417412e-01
6.42140000e+04,2.39403664e+00,1.68297160e+00,7.11065034e-01
6.42150000e+04,6.95444059e+00,5.96459004e+00,9.89850556e-01
6.42250000e+04,4.66184121e+01,4.59500126e+01,6.68399516e-01
6.42350000e+04,9.48353142e+00,8.99638463e+00,4.87146783e-01
6.42450000e+04,7.42722825e+00,7.09481025e+00,3.32417997e-01
6.42550000e+04,2.60227534e+00,2.36913076e+00,2.33144583e-01
6.42650000e+04,2.32527077e+00,2.16214711e+00,1.63123661e-01
6.42750000e+04,1.82405831e+00,1.70796785e+00,1.16090460e-01
6.42850000e+04,1.60018109e+00,1.51535600e+00,8.48250863e-02
6.42950000e+04,1.48271201e+00,1.42006669e+00,6.26453202e-02
6.43050000e+04,1.44076241e+00,1.39377479e+00,4.69876206e-02
6.43150000e+04,1.41302145e+00,1.37701528e+00,3.60061664e-02
6.43250000e+04,1.38898578e+00,1.36172404e+00,2.72617367e-02
6.43350000e+04,1.36280403e+00,1.34225545e+00,2.05485764e-02
6.43450000e+04,1.34195686e+00,1.32620710e+00,1.57497593e-02
6.43550000e+04,1.32545165e+00,1.31306891e+00,1.23827407e-02
6.43650000e+04,1.30838034e+00,1.29837260e+00,1.00077406e-02
6.43750000e+04,1.29401568e+00,1.28571699e+00,8.29869367e-03
6.43850000e+04,1.28174093e+00,1.27470039e+00,7.04054338e-03
6.43950000e+04,1.27012787e+00,1.26403639e+00,6.09148266e-03
6.44050000e+04,1.25990044e+00,1.25454132e+00,5.35912469e-03
6.44150000e+04,1.25069089e+00,1.24590945e+00,4.78143801e-03
6.44250000e+04,1.25197642e+00,1.24785977e+00,4.11664759e-03
6.44350000e+04,1.24525184e+00,1.24168436e+00,3.56747274e-03
6.44450000e+04,1.23662681e+00,1.23350746e+00,3.11935714e-03
6.44550000e+04,1.23247445e+00,1.22971920e+00,2.75524764e-03
6.44650000e+04,1.22547742e+00,1.22300398e+00,2.47343933e-03
6.44750000e+04,1.22040702e+00,1.21816357e+00,2.24345616e-03
6.44850000e+04,1.21491771e+00,1.21286515e+00,2.05255591e-03
6.44950000e+04,1.20987716e+00,1.20798484e+00,1.89231748e-03
6.45050000e+04,1.20532016e+00,1.20356437e+00,1.75579141e-03
6.45150000e+04,1.20096465e+00,1.19932622e+00,1.63842730e-03
6.45160000e+04,5.37014122e+00,5.36234307e+00,7.79814632e-03
6.45260000e+04,3.35010018e+01,3.34846928e+01,1.63089884e-02
6.45360000e+04,1.09275596e+01,1.09222749e+01,5.28471649e-03
6.45460000e+04,5.01288671e+00,5.01131822e+00,1.56849180e-03
6.45560000e+04,1.70962685e+00,1.70872105e+00,9.05800746e-04
6.45660000e+04,8.05356896e-01,8.05051371e-01,3.05524356e-04
6.45760000e+04,6.60234527e-01,6.60019939e-01,2.14587848e-04
6.45860000e+04,5.20152424e-01,5.19990953e-01,1.61471518e-04
6.45960000e+04,4.39086423e-01,4.38943918e-01,1.42504641e-04
6.46060000e+04,4.26606402e-01,4.26474934e-01,1.31467875e-04
6.46160000e+04,4.26126301e-01,4.26002332e-01,1.23968433e-04
6.46260000e+04,4.23200016e-01,4.23082955e-01,1.17060710e-04
6.46360000e+04,4.18652584e-01,4.18541112e-01,1.11472974e-04
6.46460000e+04,4.16309851e-01,4.16202546e-01,1.07304657e-04
6.46560000e+04,4.14997645e-01,4.14893842e-01,1.03803430e-04
6.46660000e+04,4.13036469e-01,4.12935327e-01,1.01142012e-04
6.46760000e+04,4.11172308e-01,4.11073395e-01,9.89135775e-05
6.46860000e+04,4.09387410e-01,4.09290390e-01,9.70206892e-05
6.46960000e+04,4.07804128e-01,4.07708757e-01,9.53714147e-05
6.47060000e+04,4.06397945e-01,4.06304028e-01,9.39173072e-05
6.47160000e+04,4.05071816e-01,4.04979183e-01,9.26329311e-05
6.47260000e+04,4.06388149e-01,4.06297633e-01,9.05159224e-05
6.47360000e+04,4.06184467e-01,4.06095984e-01,8.84830582e-05
6.47460000e+04,4.04850465e-01,4.04763512e-01,8.69530409e-05
6.47560000e+04,4.04667542e-01,4.04582056e-01,8.54859890e-05
6.47660000e+04,4.04079556e-01,4.03995279e-01,8.42770892e-05
6.47760000e+04,4.03392495e-01,4.03309246e-01,8.32490010e-05
6.47860000e+04,4.02589476e-01,4.02507120e-01,8.23558244e-05
6.47960000e+04,4.02027557e-01,4.01946015e-01,8.15414380e-05
6.48060000e+04,4.01423926e-01,4.01343102e-01,8.08242706e-05
6.48160000e+04,4.00863126e-01,4.00782947e-01,8.01796727e-05
6.48170000e+04,5.34166237e+00,5.33513267e+00,6.52970331e-03
6.48270000e+04,4.10497015e+01,4.10323581e+01,1.73433743e-02
6.48370000e+04,8.97134536e+00,8.96791161e+00,3.43374666e-03
6.48470000e+04,6.04340819e+00,6.04142742e+00,1.98077515e-03
6.48570000e+04,1.32244982e+00,1.32187948e+00,5.70340028e-04
6.48670000e+04,7.62837045e-01,7.62529423e-01,3.07622615e-04
6.48770000e+04,4.53073975e-01,4.52933573e-01,1.40401748e-04
6.48870000e+04,3.77436379e-01,3.77327790e-01,1.08588779e-04
6.48970000e+04,2.90955192e-01,2.90865394e-01,8.97984796e-05
6.49070000e+04,2.69424359e-01,2.69339595e-01,8.47631652e-05
6.49170000e+04,2.72512521e-01,2.72432767e-01,7.97548037e-05
6.49270000e+04,2.70677003e-01,2.70600140e-01,7.68626383e-05
6.49370000e+04,2.67205723e-01,2.67130851e-01,7.48714634e-05
6.49470000e+04,2.64951974e-01,2.64878702e-01,7.32727322e-05
6.49570000e+04,2.63979401e-01,2.63907481e-01,7.19205316e-05
6.49670000e+04,2.63201813e-01,2.63131020e-01,7.07930099e-05
6.49770000e+04,2.62413554e-01,2.62343727e-01,6.98267055e-05
6.49870000e+04,2.61713688e-01,2.61644704e-01,6.89834432e-05
6.49970000e+04,2.61138455e-01,2.61070229e-01,6.82259239e-05
6.50070000e+04,2.60519311e-01,2.60451750e-01,6.75612374e-05
6.50170000e+04,2.59961880e-01,2.59894916e-01,6.69630606e-05
6.50270000e+04,2.59555328e-01,2.59489227e-01,6.61007603e-05
6.50370000e+04,2.59037566e-01,2.58972361e-01,6.52046865e-05
6.50470000e+04,2.58780871e-01,2.58716473e-01,6.43974324e-05
6.50570000e+04,2.58497125e-01,2.58433433e-01,6.36923798e-05
6.50670000e+04,2.58190514e-01,2.58127434e-01,6.30798826e-05
6.50770000e+04,2.57885716e-01,2.57823178e-01,6.25381809e-05
6.50870000e+04,2.57624727e-01,2.57562676e-01,6.20507837e-05
6.50970000e+04,2.57371899e-01,2.57310287e-01,6.16121962e-05
6.51070000e+04,2.57141404e-01,2.57080190e-01,6.12140089e-05
6.51170000e+04,2.56923517e-01,2.56862665e-01,6.08518885e-05
6.51180000e+04,6.75933040e+00,5.04934719e+00,1.70998321e+00
6.51280000e+04,3.56370500e+01,3.42714554e+01,1.36559466e+00
6.51380000e+04,1.21615492e+01,1.09563185e+01,1.20523065e+00
6.51480000e+04,7.10319153e+00,6.06906758e+00,1.03412396e+00
6.51580000e+04,4.29728749e+00,3.35310427e+00,9.44183217e-01
6.51680000e+04,2.84240063e+00,1.95248956e+00,8.89911068e-01
6.51780000e+04,2.62491651e+00,1.77752372e+00,8.47392788e-01
6.51880000e+04,2.54754471e+00,1.73049995e+00,8.17044763e-01
6.51980000e+04,2.40158720e+00,1.60442028e+00,7.97166922e-01
6.52080000e+04,2.31614854e+00,1.53370565e+00,7.82442894e-01
6.52180000e+04,2.30621034e+00,1.53573808e+00,7.70472259e-01
6.52280000e+04,2.31184896e+00,1.55279178e+00,7.59057185e-01
6.52380000e+04,2.28812219e+00,1.53867040e+00,7.49451785e-01
6.52480000e+04,2.27028858e+00,1.52862601e+00,7.41662564e-01
6.52580000e+04,2.26488093e+00,1.52947836e+00,7.35402571e-01
6.52680000e+04,2.24798834e+00,1.51746145e+00,7.30526885e-01
6.52780000e+04,2.23542645e+00,1.50888286e+00,7.26543586e-01
6.52880000e+04,2.22598691e+00,1.50276557e+00,7.23221334e-01
6.52980000e+04,2.21598425e+00,1.49553931e+00,7.20444941e-01
6.53080000e+04,2.20815734e+00,1.49008961e+00,7.18067726e-01
6.53180000e+04,2.20108783e+00,1.48506919e+00,7.16018633e-01
6.53280000e+04,2.22868457e+00,1.51542527e+00,7.13259295e-01
6.53380000e+04,2.21486455e+00,1.50376306e+00,7.11101493e-01
6.53480000e+04,2.22258631e+00,1.51362859e+00,7.08957719e-01
6.53580000e+04,2.21770626e+00,1.51047798e+00,7.07228282e-01
6.53680000e+04,2.21792044e+00,1.51221944e+00,7.05701008e-01
6.53780000e+04,2.21516700e+00,1.51075709e+00,7.04409911e-01
6.53880000e+04,2.21286895e+00,1.50958540e+00,7.03283550e-01
6.53980000e+04,2.21001827e+00,1.50771657e+00,7.02301698e-01
6.54080000e+04,2.20758857e+00,1.50615753e+00,7.01431041e-01
6.54180000e+04,2.20513469e+00,1.50447547e+00,7.00659223e-01
6.54190000e+04,6.40530210e+00,5.59850101e+00,8.06801097e-01
6.54290000e+04,4.16410659e+01,4.11319332e+01,5.09132737e-01
6.54390000e+04,9.50242860e+00,9.15924020e+00,3.43188397e-01
6.54490000e+04,6.84333092e+00,6.62100376e+00,2.22327160e-01
6.54590000e+04,2.37527431e+00,2.22923773e+00,1.46036579e-01
6.54690000e+04,2.05166423e+00,1.95512385e+00,9.65403821e-02
6.54790000e+04,1.65861091e+00,1.59274573e+00,6.58651734e-02
6.54890000e+04,1.43758125e+00,1.39114410e+00,4.64371447e-02
6.54990000e+04,1.30641594e+00,1.27288911e+00,3.35268285e-02
6.55090000e+04,1.28245032e+00,1.25764444e+00,2.48058741e-02
6.55190000e+04,1.26502933e+00,1.24609962e+00,1.89297077e-02
6.55290000e+04,1.25116652e+00,1.23687229e+00,1.42942236e-02
6.55390000e+04,1.23411905e+00,1.22321544e+00,1.09036067e-02
6.55490000e+04,1.21448267e+00,1.20590468e+00,8.57799265e-03
6.55590000e+04,1.20226792e+00,1.19526446e+00,7.00345779e-03
6.55690000e+04,1.19032981e+00,1.18443202e+00,5.89779129e-03
6.55790000e+04,1.17885691e+00,1.17377177e+00,5.08513715e-03
6.55890000e+04,1.16854431e+00,1.16407987e+00,4.46443729e-03
6.55990000e+04,1.15931610e+00,1.15534703e+00,3.96907363e-03
6.56090000e+04,1.15109486e+00,1.14753060e+00,3.56425852e-03
6.56190000e+04,1.14347374e+00,1.14024631e+00,3.22742376e-03
6.56290000e+04,1.14319952e+00,1.14041862e+00,2.78089648e-03
6.56390000e+04,1.13922132e+00,1.13679107e+00,2.43024391e-03
6.56490000e+04,1.13184683e+00,1.12972282e+00,2.12401401e-03
6.56590000e+04,1.12962960e+00,1.12776789e+00,1.86171741e-03
6.56690000e+04,1.12308122e+00,1.12142690e+00,1.65431108e-03
6.56790000e+04,1.11921947e+00,1.11773693e+00,1.48254365e-03
6.56890000e+04,1.11446718e+00,1.11312794e+00,1.33923453e-03
6.56990000e+04,1.11004168e+00,1.10882227e+00,1.21941216e-03
6.57090000e+04,1.10622659e+00,1.10510790e+00,1.11869044e-03
6.57190000e+04,1.10249811e+00,1.10146493e+00,1.03318281e-03
6.57200000e+04,4.97606022e+00,4.96957466e+00,6.48556097e-03
6.57300000e+04,3.43271493e+01,3.43119995e+01,1.51498810e-02
6.57400000e+04,1.20401643e+01,1.20351119e+01,5.05243924e-03
6.57500000e+04,4.75674485e+00,4.75541809e+00,1.32676578e-03
6.57600000e+04,1.97214755e+00,1.97124739e+00,9.00155964e-04
6.57700000e+04,9.26029346e-01,9.25725987e-01,3.03358934e-04
6.57800000e+04,7.24408758e-01,7.24182026e-01,2.26732598e-04
6.57900000e+04,5.09520588e-01,5.09350039e-01,1.70549309e-04
6.58000000e+04,4.33164628e-01,4.33010435e-01,1.54193296e-04
6.58100000e+04,4.30636478e-01,4.30497887e-01,1.38590911e-04
6.58200000e+04,4.17833069e-01,4.17701075e-01,1.31994666e-04
6.58300000e+04,4.10685726e-01,4.10560667e-01,1.25058238e-04
6.58400000e+04,4.05205362e-01,4.05086394e-01,1.18968107e-04
6.58500000e+04,4.02475640e-01,4.02360921e-01,1.14718812e-04
6.58600000e+04,3.99407793e-01,3.99296296e-01,1.11496979e-04
6.58700000e+04,3.96682381e-01,3.96573316e-01,1.09065515e-04
6.58800000e+04,3.94929498e-01,3.94822544e-01,1.06953598e-04
6.58900000e+04,3.93253463e-01,3.93148292e-01,1.05171135e-04
6.59000000e+04,3.91663061e-01,3.91559413e-01,1.03648504e-04
6.59100000e+04,3.90447541e-01,3.90345258e-01,1.02283089e-04
6.59200000e+04,3.89333218e-01,3.89232144e-01,1.01073415e-04
6.59300000e+04,3.91193733e-01,3.91094597e-01,9.91356280e-05
6.59400000e+04,3.90907346e-01,3.90810215e-01,9.71308386e-05
6.59500000e+04,3.89593691e-01,3.89498037e-01,9.56542978e-05
6.59600000e+04,3.89601689e-01,3.89507512e-01,9.41770201e-05
6.59700000e+04,3.89177990e-01,3.89085005e-01,9.29851537e-05
6.59800000e+04,3.88681834e-01,3.88589854e-01,9.19804944e-05
6.59900000e+04,3.87964278e-01,3.87873158e-01,9.11205878e-05
6.60000000e+04,3.87465880e-01,3.87375544e-01,9.03358658e-05
6.60100000e+04,3.86924937e-01,3.86835290e-01,8.96467382e-05
6.60200000e+04,3.86409626e-01,3.86320596e-01,8.90296627e-05
6.60210000e+04,4.95685823e+00,4.95123950e+00,5.61872908e-03
6.60310000e+04,3.74396853e+01,3.74240683e+01,1.56170615e-02
6.60410000e+04,1.02260572e+01,1.02225333e+01,3.52389765e-03
6.60510000e+04,5.03335187e+00,5.03172532e+00,1.62654419e-03
6.60610000e+04,1.47861833e+00,1.47802129e+00,5.97040080e-04
6.60710000e+04,7.56970913e-01,7.56693692e-01,2.77221172e-04
6.60810000e+04,4.66635591e-01,4.66498491e-01,1.37100465e-04
6.60910000e+04,3.24840846e-01,3.24731218e-01,1.09628365e-04
6.61010000e+04,2.65948460e-01,2.65856521e-01,9.19396898e-05
6.61110000e+04,2.58782328e-01,2.58696311e-01,8.60167745e-05
6.61210000e+04,2.58269678e-01,2.58188288e-01,8.13900668e-05
6.61310000e+04,2.56099776e-01,2.56020695e-01,7.90815951e-05
6.61410000e+04,2.53286871e-01,2.53209769e-01,7.71027367e-05
6.61510000e+04,2.51573696e-01,2.51498205e-01,7.54918237e-05
6.61610000e+04,2.50766309e-01,2.50692096e-01,7.42136788e-05
6.61710000e+04,2.49783974e-01,2.49710832e-01,7.31417952e-05
6.61810000e+04,2.48820282e-01,2.48748029e-01,7.22529791e-05
6.61910000e+04,2.48147325e-01,2.48075869e-01,7.14567262e-05
6.62010000e+04,2.47607078e-01,2.47536340e-01,7.07375506e-05
6.62110000e+04,2.47086975e-01,2.47016877e-01,7.00972270e-05
6.62210000e+04,2.46594334e-01,2.46524808e-01,6.95258785e-05
6.62310000e+04,2.45973159e-01,2.45904334e-01,6.88250934e-05
6.62410000e+04,2.45347366e-01,2.45279372e-01,6.79942539e-05
6.62510000e+04,2.45213568e-01,2.45146351e-01,6.72163387e-05
6.62610000e+04,2.45047041e-01,2.44980509e-01,6.65318090e-05
6.62710000e+04,2.44828260e-01,2.44762319e-01,6.59405915e-05
6.62810000e+04,2.44575455e-01,2.44510039e-01,6.54157784e-05
6.62910000e+04,2.44371722e-01,2.44306781e-01,6.49413788e-05
6.63010000e+04,2.44175302e-01,2.44110787e-01,6.45155188e-05
6.63110000e+04,2.43995252e-01,2.43931124e-01,6.41279590e-05
6.63210000e+04,2.43822018e-01,2.43758242e-01,6.37767339e-05
6.63220000e+04,4.69025826e+00,4.68484955e+00,5.40871037e-03
6.63320000e+04,3.36445628e+01,3.36307942e+01,1.37686105e-02
6.63420000e+04,1.15121824e+01,1.15071672e+01,5.01520913e-03
6.63520000e+04,4.13992774e+00,4.13884599e+00,1.08175346e-03
6.63620000e+04,1.62449996e+00,1.62370975e+00,7.90212254e-04
6.63720000e+04,6.22620865e-01,6.22400480e-01,2.20385778e-04
6.63820000e+04,5.11861270e-01,5.11708895e-01,1.52375378e-04
6.63920000e+04,3.62642541e-01,3.62538485e-01,1.04055567e-04
6.64020000e+04,2.97032508e-01,2.96939882e-01,9.26254646e-05
6.64120000e+04,2.85611200e-01,2.85525266e-01,8.59337617e-05
6.64220000e+04,2.78180333e-01,2.78098090e-01,8.22426144e-05
6.64320000e+04,2.72342421e-01,2.72262389e-01,8.00324534e-05
6.64420000e+04,2.68038182e-01,2.67959906e-01,7.82758752e-05
6.64520000e+04,2.66129484e-01,2.66052739e-01,7.67450566e-05
6.64620000e+04,2.64600706e-01,2.64525322e-01,7.53840455e-05
6.64720000e+04,2.63223892e-01,2.63149648e-01,7.42439397e-05
6.64820000e+04,2.62105791e-01,2.62032546e-01,7.32446674e-05
6.64920000e+04,2.60970178e-01,2.60897808e-01,7.23695690e-05
6.65020000e+04,2.59891861e-01,2.59820264e-01,7.15967877e-05
6.65120000e+04,2.58984738e-01,2.58913847e-01,7.08912832e-05
6.65220000e+04,2.58129089e-01,2.58058831e-01,7.02587587e-05
6.65320000e+04,2.57580694e-01,2.57511266e-01,6.94286917e-05
6.65420000e+04,2.56948400e-01,2.56879846e-01,6.85538526e-05
6.65520000e+04,2.56321019e-01,2.56253217e-01,6.78019885e-05
6.65620000e+04,2.55782685e-01,2.55715587e-01,6.70982637e-05
6.65720000e+04,2.55267585e-01,2.55201098e-01,6.64873775e-05
6.65820000e+04,2.54796561e-01,2.54730619e-01,6.59418773e-05
6.65920000e+04,2.54332510e-01,2.54267059e-01,6.54507337e-05
6.66020000e+04,2.53917507e-01,2.53852503e-01,6.50045212e-05
6.66120000e+04,2.53538296e-01,2.53473697e-01,6.45993740e-05
6.66220000e+04,2.53188327e-01,2.53124098e-01,6.42289127e-05
6.66230000e+04,4.74866446e+00,4.74345574e+00,5.20871809e-03
6.66330000e+04,3.61664992e+01,3.61520125e+01,1.44866729e-02
6.66430000e+04,8.86881837e+00,8.86558677e+00,3.23160231e-03
6.66530000e+04,5.16476355e+00,5.16309904e+00,1.66451329e-03
6.66630000e+04,1.24436466e+00,1.24384263e+00,5.22028143e-04
6.66730000e+04,6.72457282e-01,6.72197412e-01,2.59870258e-04
6.66830000e+04,3.98044015e-01,3.97924094e-01,1.19920618e-04
6.66930000e+04,2.92308251e-01,2.92214678e-01,9.35732525e-05
6.67030000e+04,2.34188428e-01,2.34112869e-01,7.55594695e-05
6.67130000e+04,2.21523642e-01,2.21451581e-01,7.20604364e-05
6.67230000e+04,2.19439022e-01,2.19371078e-01,6.79438604e-05
6.67330000e+04,2.16971717e-01,2.16905630e-01,6.60872135e-05
6.67430000e+04,2.13400573e-01,2.13335888e-01,6.46845432e-05
6.67530000e+04,2.12728831e-01,2.12665346e-01,6.34849059e-05
6.67630000e+04,2.12446617e-01,2.12384111e-01,6.25056060e-05
6.67730000e+04,2.11617223e-01,2.11555519e-01,6.17039472e-05
6.67830000e+04,2.10756914e-01,2.10695880e-01,6.10334539e-05
6.67930000e+04,2.10134666e-01,2.10074231e-01,6.04352381e-05
6.68030000e+04,2.09643778e-01,2.09583884e-01,5.98939980e-05
6.68130000e+04,2.09140924e-01,2.09081512e-01,5.94121443e-05
6.68230000e+04,2.08677538e-01,2.08618560e-01,5.89784092e-05
6.68330000e+04,2.08059170e-01,2.08000744e-01,5.84259022e-05
6.68430000e+04,2.07587783e-01,2.07529951e-01,5.78315635e-05
6.68530000e+04,2.07294638e-01,2.07237362e-01,5.72756638e-05
6.68630000e+04,2.07019058e-01,2.06962275e-01,5.67829661e-05
6.68730000e+04,2.06765549e-01,2.06709208e-01,5.63410110e-05
6.68830000e+04,2.06508991e-01,2.06453046e-01,5.59455719e-05
6.68930000e+04,2.06271888e-01,2.06216302e-01,5.55857737e-05
6.69030000e+04,2.06058072e-01,2.06002815e-01,5.52576146e-05
6.69130000e+04,2.05859386e-01,2.05804428e-01,5.49583991e-05
6.69230000e+04,2.05672978e-01,2.05618294e-01,5.46844902e-05
6.69240000e+04,4.51701365e+00,4.51200161e+00,5.01204265e-03
6.69340000e+04,3.35015472e+01,3.34884818e+01,1.30653713e-02
6.69440000e+04,1.09214127e+01,1.09164262e+01,4.98647230e-03
6.69540000e+04,3.73151894e+00,3.73057391e+00,9.45030328e-04
6.69640000e+04,1.60204453e+00,1.60132414e+00,7.20391719e-04
6.69740000e+04,6.22458160e-01,6.22252496e-01,2.05664398e-04
6.69840000e+04,4.74118711e-01,4.73981852e-01,1.36858927e-04
6.69940000e+04,3.14411356e-01,3.14317134e-01,9.42219281e-05
6.70040000e+04,2.58378029e-01,2.58295398e-01,8.26311554e-05
6.70140000e+04,2.54572250e-01,2.54495318e-01,7.69324755e-05
6.70240000e+04,2.47612075e-01,2.47538794e-01,7.32813282e-05
6.70340000e+04,2.43249465e-01,2.43178175e-01,7.12898411e-05
6.70440000e+04,2.40342648e-01,2.40273000e-01,6.96483567e-05
6.70540000e+04,2.38373506e-01,2.38305179e-01,6.83267540e-05
6.70640000e+04,2.36425347e-01,2.36358130e-01,6.72170376e-05
6.70740000e+04,2.35008836e-01,2.34942591e-01,6.62452697e-05
6.70840000e+04,2.34037487e-01,2.33972117e-01,6.53700405e-05
6.70940000e+04,2.33011968e-01,2.32947358e-01,6.46098687e-05
6.71040000e+04,2.32040126e-01,2.31976191e-01,6.39355698e-05
6.71140000e+04,2.31226157e-01,2.31162833e-01,6.33236154e-05
6.71240000e+04,2.30452477e-01,2.30389703e-01,6.27733474e-05
6.71340000e+04,2.29893819e-01,2.29831786e-01,6.20327341e-05
6.71440000e+04,2.29323096e-01,2.29261805e-01,6.12912228e-05
6.71540000e+04,2.28755796e-01,2.28695156e-01,6.06399770e-05
6.71640000e+04,2.28234401e-01,2.28174356e-01,6.00451867e-05
6.71740000e+04,2.27770067e-01,2.27710548e-01,5.95188545e-05
6.71840000e+04,2.27333441e-01,2.27274394e-01,5.90474844e-05
6.71940000e+04,2.26921887e-01,2.26863264e-01,5.86225756e-05
6.72040000e+04,2.26542978e-01,2.26484742e-01,5.82359192e-05
6.72140000e+04,2.26196422e-01,2.26138537e-01,5.78847821e-05
6.72240000e+04,2.25873918e-01,2.25816354e-01,5.75632382e-05
6.72250000e+04,4.57412493e+00,4.56929993e+00,4.82500003e-03
6.72350000e+04,3.54936117e+01,3.54797694e+01,1.38422663e-02
6.72450000e+04,8.67441025e+00,8.67129922e+00,3.11103397e-03
6.72550000e+04,4.88281842e+00,4.88126149e+00,1.55693372e-03
6.72650000e+04,1.20489304e+00,1.20439413e+00,4.98911225e-04
6.72750000e+04,6.25177040e-01,6.24927959e-01,2.49081226e-04
6.72850000e+04,3.80351393e-01,3.80238483e-01,1.12910091e-04
6.72950000e+04,2.70842551e-01,2.70757399e-01,8.51515986e-05
6.73050000e+04,2.16839610e-01,2.16768947e-01,7.06626321e-05
6.73150000e+04,2.04181605e-01,2.04115762e-01,6.58428376e-05
6.73250000e+04,2.03091743e-01,2.03029246e-01,6.24968713e-05
6.73350000e+04,2.00392350e-01,2.00331549e-01,6.08003938e-05
6.73450000e+04,1.97772304e-01,1.97712793e-01,5.95110177e-05
6.73550000e+04,1.96516265e-01,1.96457779e-01,5.84861195e-05
6.73650000e+04,1.96150710e-01,1.96093090e-01,5.76201301e-05
6.73750000e+04,1.95557433e-01,1.95500539e-01,5.68932144e-05
6.73850000e+04,1.94873222e-01,1.94816933e-01,5.62889032e-05
6.73950000e+04,1.94299372e-01,1.94243614e-01,5.57578737e-05
6.74050000e+04,1.93793836e-01,1.93738557e-01,5.52785295e-05
6.74150000e+04,1.93318573e-01,1.93263721e-01,5.48523305e-05
6.74250000e+04,1.92895215e-01,1.92840749e-01,5.44658663e-05
6.74350000e+04,1.92371660e-01,1.92317695e-01,5.39646403e-05
6.74450000e+04,1.91970965e-01,1.91917520e-01,5.34448529e-05
6.74550000e+04,1.91661440e-01,1.91608473e-01,5.29664709e-05
6.74650000e+04,1.91357553e-01,1.91305011e-01,5.25424230e-05
6.74750000e+04,1.91103853e-01,1.91051694e-01,5.21592738e-05
6.74850000e+04,1.90851719e-01,1.90799903e-01,5.18156009e-05
6.74950000e+04,1.90619240e-01,1.90567738e-01,5.15018124e-05
6.75050000e+04,1.90404739e-01,1.90353522e-01,5.12169452e-05
6.75150000e+04,1.90205406e-01,1.90154450e-01,5.09556032e-05
6.75250000e+04,1.90018319e-01,1.89967603e-01,5.07161332e-05
6.75260000e+04,4.35385798e+00,4.34921437e+00,4.64360415e-03
6.75360000e+04,3.28219668e+01,3.28095698e+01,1.23970455e-02
6.75460000e+04,1.08736730e+01,1.08687243e+01,4.94862138e-03
6.75560000e+04,3.44786629e+00,3.44702864e+00,8.37648714e-04
6.75660000e+04,1.63611416e+00,1.63541350e+00,7.00661912e-04
6.75760000e+04,5.80833031e-01,5.80645814e-01,1.87216057e-04
6.75860000e+04,4.47598761e-01,4.47469261e-01,1.29499982e-04
6.75960000e+04,2.88385625e-01,2.88297464e-01,8.81616958e-05
6.76060000e+04,2.43159617e-01,2.43082895e-01,7.67216310e-05
6.76160000e+04,2.39422183e-01,2.39351290e-01,7.08929718e-05
6.76260000e+04,2.31453772e-01,2.31385767e-01,6.80055316e-05
6.76360000e+04,2.25521743e-01,2.25455524e-01,6.62188995e-05
6.76460000e+04,2.23169394e-01,2.23104663e-01,6.47307260e-05
6.76560000e+04,2.21909806e-01,2.21846342e-01,6.34632327e-05
6.76660000e+04,2.20188935e-01,2.20126477e-01,6.24579319e-05
6.76760000e+04,2.18861987e-01,2.18800397e-01,6.15901736e-05
6.76860000e+04,2.18000938e-01,2.17940137e-01,6.08004811e-05
6.76960000e+04,2.17079207e-01,2.17019095e-01,6.01126091e-05
6.77060000e+04,2.16200004e-01,2.16140499e-01,5.95055513e-05
6.77160000e+04,2.15452615e-01,2.15393661e-01,5.89538990e-05
6.77260000e+04,2.14739871e-01,2.14681412e-01,5.84586103e-05
6.77360000e+04,2.14208375e-01,2.14150585e-01,5.77904259e-05
6.77460000e+04,2.13678937e-01,2.13621808e-01,5.71286710e-05
6.77560000e+04,2.13148458e-01,2.13091914e-01,5.65438669e-05
6.77660000e+04,2.12660017e-01,2.12604003e-01,5.60143402e-05
6.77760000e+04,2.12236365e-01,2.12180824e-01,5.55404126e-05
6.77860000e+04,2.11830361e-01,2.11775244e-01,5.51169387e-05
6.77960000e+04,2.11450802e-01,2.11396067e-01,5.47342853e-05
6.78060000e+04,2.11104361e-01,2.11049975e-01,5.43861609e-05
6.78160000e+04,2.10784425e-01,2.10730356e-01,5.40695525e-05
6.78260000e+04,2.10486422e-01,2.10432642e-01,5.37795718e-05
6.78270000e+04,4.40419821e+00,4.39972745e+00,4.47075633e-03
6.78370000e+04,3.36793446e+01,3.36662194e+01,1.31251386e-02
6.78470000e+04,8.86209480e+00,8.85894874e+00,3.14605599e-03
6.78570000e+04,4.51024200e+00,4.50880682e+00,1.43517314e-03
6.78670000e+04,1.22816911e+00,1.22766684e+00,5.02268413e-04
6.78770000e+04,5.70031839e-01,5.69803994e-01,2.27845319e-04
6.78870000e+04,3.77968863e-01,3.77857652e-01,1.11211483e-04
6.78970000e+04,2.54420889e-01,2.54342732e-01,7.81568393e-05
6.79070000e+04,2.04095649e-01,2.04028273e-01,6.73759649e-05
6.79170000e+04,1.92662428e-01,1.92600530e-01,6.18981306e-05
6.79270000e+04,1.92512698e-01,1.92453776e-01,5.89223700e-05
6.79370000e+04,1.89636484e-01,1.89579174e-01,5.73098594e-05
6.79470000e+04,1.86703873e-01,1.86647667e-01,5.62058121e-05
6.79570000e+04,1.85877381e-01,1.85822113e-01,5.52682036e-05
6.79670000e+04,1.85521170e-01,1.85466690e-01,5.44803549e-05
6.79770000e+04,1.84885412e-01,1.84831586e-01,5.38264555e-05
6.79870000e+04,1.84236738e-01,1.84183450e-01,5.32883399e-05
6.79970000e+04,1.83735067e-01,1.83682264e-01,5.28031841e-05
6.80070000e+04,1.83252681e-01,1.83200312e-01,5.23685919e-05
6.80170000e+04,1.82807021e-01,1.82755038e-01,5.19832210e-05
6.80270000e+04,1.82406803e-01,1.82355170e-01,5.16330466e-05
6.80370000e+04,1.81922803e-01,1.81871627e-01,5.11768092e-05
6.80470000e+04,1.81557931e-01,1.81507221e-01,5.07098086e-05
6.80570000e+04,1.81246219e-01,1.81195935e-01,5.02838304e-05
6.80670000e+04,1.80933009e-01,1.80883103e-01,4.99059291e-05
6.80770000e+04,1.80682631e-01,1.80633068e-01,4.95630481e-05
6.80870000e+04,1.80437225e-01,1.80387970e-01,4.92549653e-05
6.80970000e+04,1.80211516e-01,1.80162541e-01,4.89740487e-05
6.81070000e+04,1.79999806e-01,1.79951088e-01,4.87176997e-05
6.81170000e+04,1.79803040e-01,1.79754556e-01,4.84838576e-05
6.81270000e+04,1.79620239e-01,1.79571970e-01,4.82689597e-05
6.81280000e+04,4.19545267e+00,4.19114872e+00,4.30395206e-03
6.81380000e+04,3.21396801e+01,3.21279053e+01,1.17748729e-02
6.81480000e+04,1.10075443e+01,1.10026192e+01,4.92517307e-03
6.81580000e+04,3.18575895e+00,3.18501685e+00,7.42101194e-04
6.81680000e+04,1.65680070e+00,1.65611810e+00,6.82597351e-04
6.81780000e+04,5.43866329e-01,5.43693571e-01,1.72758424e-04
6.81880000e+04,4.36529305e-01,4.36405079e-01,1.24226130e-04
6.81980000e+04,2.66579052e-01,2.66495579e-01,8.34733333e-05
6.82080000e+04,2.31258565e-01,2.31186257e-01,7.23079349e-05
6.82180000e+04,2.27417516e-01,2.27350932e-01,6.65832687e-05
6.82280000e+04,2.18313053e-01,2.18248886e-01,6.41671319e-05
6.82380000e+04,2.11879788e-01,2.11817209e-01,6.25783921e-05
6.82480000e+04,2.10267744e-01,2.10206575e-01,6.11689883e-05
6.82580000e+04,2.09549117e-01,2.09489171e-01,5.99465960e-05
6.82680000e+04,2.07921405e-01,2.07862379e-01,5.90254579e-05
6.82780000e+04,2.06609559e-01,2.06551315e-01,5.82443228e-05
6.82880000e+04,2.05779588e-01,2.05722062e-01,5.75264785e-05
6.82980000e+04,2.04916049e-01,2.04859150e-01,5.68990373e-05
6.83080000e+04,2.04102874e-01,2.04046529e-01,5.63453138e-05
6.83180000e+04,2.03416248e-01,2.03360407e-01,5.58403748e-05
6.83280000e+04,2.02765261e-01,2.02709874e-01,5.53869083e-05
6.83380000e+04,2.02260091e-01,2.02205313e-01,5.47782897e-05
6.83480000e+04,2.01768432e-01,2.01714255e-01,5.41768862e-05
6.83580000e+04,2.01266774e-01,2.01213130e-01,5.36439397e-05
6.83680000e+04,2.00811668e-01,2.00758506e-01,5.31623614e-05
6.83780000e+04,2.00420096e-01,2.00367366e-01,5.27294508e-05
6.83880000e+04,2.00038055e-01,1.99985713e-01,5.23426536e-05
6.83980000e+04,1.99686072e-01,1.99634079e-01,5.19927404e-05
6.84080000e+04,1.99364866e-01,1.99313192e-01,5.16738597e-05
6.84180000e+04,1.99067808e-01,1.99016425e-01,5.13832509e-05
6.84280000e+04,1.98792960e-01,1.98741842e-01,5.11175514e-05
6.84290000e+04,4.23994933e+00,4.23580539e+00,4.14394228e-03
6.84390000e+04,3.18300169e+01,3.18176323e+01,1.23845891e-02
6.84490000e+04,9.13817838e+00,9.13496223e+00,3.21614938e-03
6.84590000e+04,4.12180302e+00,4.12048849e+00,1.31452883e-03
6.84690000e+04,1.23856612e+00,1.23805656e+00,5.09563353e-04
6.84790000e+04,5.40286111e-01,5.40075765e-01,2.10345616e-04
6.84890000e+04,3.71639121e-01,3.71530052e-01,1.09068779e-04
6.84990000e+04,2.42064096e-01,2.41990516e-01,7.35798627e-05
6.85090000e+04,1.94082090e-01,1.94017518e-01,6.45712687e-05
6.85190000e+04,1.84092149e-01,1.84033239e-01,5.89092250e-05
6.85290000e+04,1.84412857e-01,1.84356704e-01,5.61528344e-05
6.85390000e+04,1.80923282e-01,1.80868603e-01,5.46782931e-05
6.85490000e+04,1.78330131e-01,1.78276489e-01,5.36416049e-05
6.85590000e+04,1.77716650e-01,1.77663837e-01,5.28122306e-05
6.85690000e+04,1.77219911e-01,1.77167814e-01,5.20968241e-05
6.85790000e+04,1.76550530e-01,1.76499024e-01,5.15063612e-05
6.85890000e+04,1.76002732e-01,1.75951719e-01,5.10128302e-05
6.85990000e+04,1.75552473e-01,1.75501906e-01,5.05662688e-05
6.86090000e+04,1.75079586e-01,1.75029414e-01,5.01714655e-05
6.86190000e+04,1.74654388e-01,1.74604568e-01,4.98198994e-05
6.86290000e+04,1.74270077e-01,1.74220577e-01,4.94998381e-05
6.86390000e+04,1.73812104e-01,1.73763024e-01,4.90807281e-05
6.86490000e+04,1.73468214e-01,1.73419559e-01,4.86546014e-05
6.86590000e+04,1.73160327e-01,1.73112060e-01,4.82671410e-05
6.86690000e+04,1.72851585e-01,1.72803661e-01,4.79236069e-05
6.86790000e+04,1.72608619e-01,1.72561007e-01,4.76114345e-05
6.86890000e+04,1.72370680e-01,1.72323350e-01,4.73300072e-05
6.86990000e+04,1.72151774e-01,1.72104700e-01,4.70737458e-05
6.87090000e+04,1.71945916e-01,1.71899076e-01,4.68402200e-05
6.87190000e+04,1.71755727e-01,1.71709101e-01,4.66263062e-05
6.87290000e+04,1.71578737e-01,1.71532307e-01,4.64298922e-05
6.87300000e+04,4.04290295e+00,4.03891253e+00,3.99041677e-03
6.87400000e+04,3.14143807e+01,3.14032103e+01,1.11703712e-02
6.87500000e+04,1.12011274e+01,1.11962301e+01,4.89730771e-03
6.87600000e+04,2.93218824e+00,2.93152702e+00,6.61221462e-04
6.87700000e+04,1.65572677e+00,1.65506528e+00,6.61496171e-04
6.87800000e+04,5.21088096e-01,5.20926042e-01,1.62054065e-04
6.87900000e+04,4.25936863e-01,4.25817912e-01,1.18951881e-04
6.88000000e+04,2.48504275e-01,2.48424309e-01,7.99657728e-05
6.88100000e+04,2.19907218e-01,2.19838705e-01,6.85121969e-05
6.88200000e+04,2.17363052e-01,2.17299942e-01,6.31100689e-05
6.88300000e+04,2.07151872e-01,2.07090973e-01,6.08985962e-05
6.88400000e+04,2.00825701e-01,2.00766179e-01,5.95220285e-05
6.88500000e+04,1.99604830e-01,1.99546642e-01,5.81872727e-05
6.88600000e+04,1.99153591e-01,1.99096568e-01,5.70227605e-05
6.88700000e+04,1.97662333e-01,1.97606162e-01,5.61713800e-05
6.88800000e+04,1.96425042e-01,1.96369588e-01,5.54548722e-05
6.88900000e+04,1.95627040e-01,1.95572243e-01,5.47966705e-05
6.89000000e+04,1.94814851e-01,1.94760631e-01,5.42208902e-05
6.89100000e+04,1.94064245e-01,1.94010533e-01,5.37116286e-05
6.89200000e+04,1.93433943e-01,1.93380696e-01,5.32469096e-05
6.89300000e+04,1.92836665e-01,1.92783837e-01,5.28288005e-05
6.89400000e+04,1.92354858e-01,1.92302585e-01,5.22724511e-05
6.89500000e+04,1.91900940e-01,1.91849219e-01,5.17208175e-05
6.89600000e+04,1.91427155e-01,1.91375923e-01,5.12315558e-05
6.89700000e+04,1.91001173e-01,1.90950383e-01,5.07892832e-05
6.89800000e+04,1.90635217e-01,1.90584826e-01,5.03910719e-05
6.89900000e+04,1.90279291e-01,1.90229256e-01,5.00347446e-05
6.90000000e+04,1.89952877e-01,1.89903165e-01,4.97118088e-05
6.90100000e+04,1.89655295e-01,1.89605877e-01,4.94179688e-05
6.90200000e+04,1.89378633e-01,1.89329483e-01,4.91498767e-05
6.90300000e+04,1.89122158e-01,1.89073253e-01,4.89046054e-05
6.90310000e+04,4.08223153e+00,4.07838957e+00,3.84196143e-03
6.90410000e+04,3.02766597e+01,3.02649712e+01,1.16885132e-02
6.90510000e+04,9.36448696e+00,9.36122104e+00,3.26592363e-03
6.90610000e+04,3.80617023e+00,3.80496010e+00,1.21013103e-03
6.90710000e+04,1.22974991e+00,1.22924036e+00,5.09555928e-04
6.90810000e+04,5.20452536e-01,5.20256174e-01,1.96362753e-04
6.90910000e+04,3.65488971e-01,3.65382557e-01,1.06414212e-04
6.91010000e+04,2.31856836e-01,2.31787301e-01,6.95355146e-05
6.91110000e+04,1.85864862e-01,1.85802709e-01,6.21527787e-05
6.91210000e+04,1.76745201e-01,1.76688869e-01,5.63323148e-05
6.91310000e+04,1.77453434e-01,1.77399693e-01,5.37407717e-05
6.91410000e+04,1.73706340e-01,1.73653966e-01,5.23736410e-05
6.91510000e+04,1.71270531e-01,1.71219099e-01,5.14322971e-05
6.91610000e+04,1.70836840e-01,1.70786164e-01,5.06758205e-05
6.91710000e+04,1.70193620e-01,1.70143584e-01,5.00355673e-05
6.91810000e+04,1.69494436e-01,1.69444930e-01,4.95067506e-05
6.91910000e+04,1.69034422e-01,1.68985368e-01,4.90532732e-05
6.92010000e+04,1.68602666e-01,1.68554022e-01,4.86444053e-05
6.92110000e+04,1.68150776e-01,1.68102490e-01,4.82856882e-05
6.92210000e+04,1.67749052e-01,1.67701087e-01,4.79650569e-05
6.92310000e+04,1.67381550e-01,1.67333878e-01,4.76724293e-05
6.92410000e+04,1.66934425e-01,1.66887136e-01,4.72892474e-05
6.92510000e+04,1.66605208e-01,1.66558309e-01,4.68989785e-05
6.92610000e+04,1.66305916e-01,1.66259371e-01,4.65444447e-05
6.92710000e+04,1.66004024e-01,1.65957794e-01,4.62307456e-05
6.92810000e+04,1.65767216e-01,1.65721271e-01,4.59449847e-05
6.92910000e+04,1.65534626e-01,1.65488938e-01,4.56880303e-05
6.93010000e+04,1.65322447e-01,1.65276994e-01,4.54533179e-05
6.93110000e+04,1.65124100e-01,1.65078860e-01,4.52393991e-05
6.93210000e+04,1.64940286e-01,1.64895242e-01,4.50432931e-05
6.93310000e+04,1.64768463e-01,1.64723599e-01,4.48632079e-05
6.93320000e+04,3.89626855e+00,3.89256803e+00,3.70052056e-03
6.93420000e+04,3.06957774e+01,3.06851848e+01,1.05925953e-02
6.93520000e+04,1.14606527e+01,1.14557788e+01,4.87390525e-03
6.93620000e+04,2.68527757e+00,2.68468412e+00,5.93458001e-04
6.93720000e+04,1.63772436e+00,1.63708907e+00,6.35293154e-04
6.93820000e+04,5.12417918e-01,5.12262555e-01,1.55363195e-04
6.93920000e+04,4.11998149e-01,4.11885117e-01,1.13032264e-04
6.94020000e+04,2.34156871e-01,2.34079309e-01,7.75621570e-05
6.94120000e+04,2.08673243e-01,2.08608191e-01,6.50519368e-05
6.94220000e+04,2.08807181e-01,2.08747046e-01,6.01345014e-05
6.94320000e+04,1.97580465e-01,1.97522456e-01,5.80089779e-05
6.94420000e+04,1.91437290e-01,1.91380495e-01,5.67949338e-05
6.94520000e+04,1.90460145e-01,1.90404596e-01,5.55492676e-05
6.94620000e+04,1.90094492e-01,1.90040041e-01,5.44505758e-05
6.94720000e+04,1.88788966e-01,1.88735315e-01,5.36513567e-05
6.94820000e+04,1.87674658e-01,1.87621676e-01,5.29816082e-05
6.94920000e+04,1.86916862e-01,1.86864490e-01,5.23719694e-05
6.95020000e+04,1.86158283e-01,1.86106444e-01,5.18392170e-05
6.95120000e+04,1.85465361e-01,1.85413995e-01,5.13664263e-05
6.95220000e+04,1.84885715e-01,1.84834780e-01,5.09351101e-05
6.95320000e+04,1.84335953e-01,1.84285405e-01,5.05471333e-05
6.95420000e+04,1.83875581e-01,1.83825547e-01,5.00339878e-05
6.95520000e+04,1.83456731e-01,1.83407207e-01,4.95235089e-05
6.95620000e+04,1.83009389e-01,1.82960318e-01,4.90702079e-05
6.95720000e+04,1.82610875e-01,1.82562214e-01,4.86608221e-05
6.95820000e+04,1.82270685e-01,1.82222394e-01,4.82913152e-05
6.95920000e+04,1.81938532e-01,1.81890572e-01,4.79602347e-05
6.96020000e+04,1.81635669e-01,1.81588009e-01,4.76603212e-05
6.96120000e+04,1.81358606e-01,1.81311219e-01,4.73868854e-05
6.96220000e+04,1.81102031e-01,1.81054894e-01,4.71370512e-05
6.96320000e+04,1.80864184e-01,1.80817275e-01,4.69092905e-05
6.96330000e+04,3.93062751e+00,3.92706473e+00,3.56277646e-03
6.96430000e+04,2.89515544e+01,2.89405272e+01,1.10271596e-02
6.96530000e+04,9.55537339e+00,9.55206840e+00,3.30498954e-03
6.96630000e+04,3.54984857e+00,3.54873200e+00,1.11657218e-03
6.96730000e+04,1.21052903e+00,1.21002377e+00,5.05268361e-04
6.96830000e+04,5.06598970e-01,5.06415288e-01,1.83681517e-04
6.96930000e+04,3.59877708e-01,3.59774054e-01,1.03654326e-04
6.97030000e+04,2.22592743e-01,2.22526671e-01,6.60726586e-05
6.97130000e+04,1.79080230e-01,1.79020402e-01,5.98277091e-05
6.97230000e+04,1.70393156e-01,1.70339153e-01,5.40033037e-05
6.97330000e+04,1.71026551e-01,1.70974946e-01,5.16049358e-05
6.97430000e+04,1.67285877e-01,1.67235591e-01,5.02856901e-05
6.97530000e+04,1.65103180e-01,1.65053742e-01,4.94371622e-05
6.97630000e+04,1.64710133e-01,1.64661391e-01,4.87422368e-05
6.97730000e+04,1.63944289e-01,1.63896119e-01,4.81699044e-05
6.97830000e+04,1.63237719e-01,1.63190025e-01,4.76937888e-05
6.97930000e+04,1.62813638e-01,1.62766360e-01,4.72780195e-05
6.98030000e+04,1.62392935e-01,1.62346033e-01,4.69023025e-05
6.98130000e+04,1.61961079e-01,1.61914504e-01,4.65748857e-05
6.98230000e+04,1.61584445e-01,1.61538165e-01,4.62804067e-05
6.98330000e+04,1.61229435e-01,1.61183423e-01,4.60122088e-05
6.98430000e+04,1.60787671e-01,1.60742011e-01,4.56607515e-05
6.98530000e+04,1.60469661e-01,1.60424360e-01,4.53014708e-05
6.98630000e+04,1.60178519e-01,1.60133545e-01,4.49742539e-05
6.98730000e+04,1.59882640e-01,1.59837954e-01,4.46860070e-05
6.98830000e+04,1.59651105e-01,1.59606682e-01,4.44229122e-05
6.98930000e+04,1.59423853e-01,1.59379667e-01,4.41861388e-05
6.99030000e+04,1.59218295e-01,1.59174326e-01,4.39693998e-05
6.99130000e+04,1.59026056e-01,1.58982284e-01,4.37721504e-05
6.99230000e+04,1.58846435e-01,1.58802844e-01,4.35912020e-05
6.99330000e+04,1.58680220e-01,1.58636795e-01,4.34251913e-05
6.99340000e+04,3.75521218e+00,3.75177983e+00,3.43235274e-03
6.99440000e+04,2.99470964e+01,2.99370497e+01,1.00466574e-02
6.99540000e+04,1.17286146e+01,1.17237653e+01,4.84926202e-03
6.99640000e+04,2.45852201e+00,2.45798205e+00,5.39965987e-04
6.99740000e+04,1.60268825e+00,1.60208281e+00,6.05439092e-04
6.99840000e+04,5.16417246e-01,5.16265119e-01,1.52126902e-04
6.99940000e+04,3.94377611e-01,3.94271131e-01,1.06480228e-04
7.00040000e+04,2.23022146e-01,2.22946263e-01,7.58833649e-05
7.00140000e+04,1.98283577e-01,1.98221666e-01,6.19116208e-05
7.00240000e+04,2.00993829e-01,2.00936393e-01,5.74361098e-05
7.00340000e+04,1.89223610e-01,1.89168201e-01,5.54097366e-05
7.00440000e+04,1.83255482e-01,1.83201194e-01,5.42878698e-05
7.00540000e+04,1.82443298e-01,1.82390163e-01,5.31347397e-05
7.00640000e+04,1.82051695e-01,1.81999585e-01,5.21096369e-05
7.00740000e+04,1.80925105e-01,1.80873747e-01,5.13586017e-05
7.00840000e+04,1.79947972e-01,1.79897245e-01,5.07271616e-05
7.00940000e+04,1.79237803e-01,1.79187643e-01,5.01597547e-05
7.01040000e+04,1.78536814e-01,1.78487150e-01,4.96642500e-05
7.01140000e+04,1.77898896e-01,1.77849671e-01,4.92240962e-05
7.01240000e+04,1.77362169e-01,1.77313347e-01,4.88227021e-05
7.01340000e+04,1.76853756e-01,1.76805294e-01,4.84617301e-05
7.01440000e+04,1.76408474e-01,1.76360486e-01,4.79878613e-05
7.01540000e+04,1.76021255e-01,1.75973742e-01,4.75129209e-05
7.01640000e+04,1.75600654e-01,1.75553563e-01,4.70911474e-05
7.01740000e+04,1.75226067e-01,1.75179357e-01,4.67104127e-05
7.01840000e+04,1.74908124e-01,1.74861758e-01,4.63660931e-05
7.01940000e+04,1.74600360e-01,1.74554302e-01,4.60577187e-05
7.02040000e+04,1.74317403e-01,1.74271626e-01,4.57778773e-05
7.02140000e+04,1.74059373e-01,1.74013850e-01,4.55228917e-05
7.02240000e+04,1.73819687e-01,1.73774397e-01,4.52901971e-05
7.02340000e+04,1.73597203e-01,1.73552126e-01,4.50774005e-05
7.02350000e+04,3.78507331e+00,3.78176883e+00,3.30447994e-03
7.02450000e+04,2.78333877e+01,2.78229795e+01,1.04082842e-02
7.02550000e+04,9.69711505e+00,9.69379005e+00,3.32499774e-03
7.02650000e+04,3.34643872e+00,3.34540534e+00,1.03337756e-03
7.02750000e+04,1.18498623e+00,1.18448845e+00,4.97778246e-04
7.02850000e+04,4.93223627e-01,4.93051939e-01,1.71687258e-04
7.02950000e+04,3.55541729e-01,3.55441413e-01,1.00316575e-04
7.03050000e+04,2.14349983e-01,2.14286709e-01,6.32736110e-05
7.03150000e+04,1.72715877e-01,1.72658331e-01,5.75461109e-05
7.03250000e+04,1.64920194e-01,1.64868289e-01,5.19042667e-05
7.03350000e+04,1.65127686e-01,1.65078041e-01,4.96446596e-05
7.03450000e+04,1.61397985e-01,1.61349600e-01,4.83857714e-05
7.03550000e+04,1.59595170e-01,1.59547569e-01,4.76015697e-05
7.03650000e+04,1.59151042e-01,1.59104086e-01,4.69564482e-05
7.03750000e+04,1.58365144e-01,1.58318708e-01,4.64356267e-05
7.03850000e+04,1.57661746e-01,1.57615745e-01,4.60012983e-05
7.03950000e+04,1.57236146e-01,1.57190526e-01,4.56199623e-05
7.04050000e+04,1.56829507e-01,1.56784235e-01,4.52728273e-05
7.04150000e+04,1.56412803e-01,1.56367831e-01,4.49714637e-05
7.04250000e+04,1.56055273e-01,1.56010574e-01,4.46991497e-05
7.04350000e+04,1.55717118e-01,1.55672667e-01,4.44512771e-05
7.04450000e+04,1.55278622e-01,1.55234495e-01,4.41271802e-05
7.04550000e+04,1.54972212e-01,1.54928419e-01,4.37936892e-05
7.04650000e+04,1.54688461e-01,1.54644970e-01,4.34908200e-05
7.04750000e+04,1.54399457e-01,1.54356233e-01,4.32237723e-05
7.04850000e+04,1.54174929e-01,1.54131950e-01,4.29794926e-05
7.04950000e+04,1.53954748e-01,1.53911989e-01,4.27593483e-05
7.05050000e+04,1.53755710e-01,1.53713151e-01,4.25583276e-05
7.05150000e+04,1.53568686e-01,1.53526311e-01,4.23745885e-05
7.05250000e+04,1.53396051e-01,1.53353844e-01,4.22063635e-05
7.05350000e+04,1.53234303e-01,1.53192251e-01,4.20519361e-05
7.05360000e+04,3.61926812e+00,3.61608393e+00,3.18419257e-03
7.05460000e+04,2.91683598e+01,2.91588480e+01,9.51173084e-03
7.05560000e+04,1.19882271e+01,1.19834145e+01,4.81254013e-03
7.05660000e+04,2.26191967e+00,2.26141903e+00,5.00637591e-04
7.05760000e+04,1.54737140e+00,1.54679993e+00,5.71471585e-04
7.05860000e+04,5.32055855e-01,5.31904357e-01,1.51497460e-04
7.05960000e+04,3.73808593e-01,3.73708988e-01,9.96051117e-05
7.06060000e+04,2.13952551e-01,2.13878080e-01,7.44715027e-05
7.06160000e+04,1.89322087e-01,1.89262935e-01,5.91528515e-05
7.06260000e+04,1.93370930e-01,1.93316013e-01,5.49169591e-05
7.06360000e+04,1.81726228e-01,1.81673173e-01,5.30547788e-05
7.06460000e+04,1.75960231e-01,1.75908267e-01,5.19637424e-05
7.06560000e+04,1.75229832e-01,1.75178925e-01,5.09071660e-05
7.06660000e+04,1.74724028e-01,1.74674069e-01,4.99596813e-05
7.06760000e+04,1.73748508e-01,1.73699252e-01,4.92565993e-05
7.06860000e+04,1.72903367e-01,1.72854706e-01,4.86609680e-05
7.06960000e+04,1.72243159e-01,1.72195027e-01,4.81315143e-05
7.07060000e+04,1.71596143e-01,1.71548472e-01,4.76703685e-05
7.07160000e+04,1.71006202e-01,1.70958943e-01,4.72596812e-05
7.07260000e+04,1.70511429e-01,1.70464544e-01,4.68857242e-05
7.07360000e+04,1.70040455e-01,1.69993905e-01,4.65500479e-05
7.07460000e+04,1.69606525e-01,1.69560413e-01,4.61114376e-05
7.07560000e+04,1.69246588e-01,1.69200920e-01,4.56681035e-05
7.07660000e+04,1.68852833e-01,1.68807558e-01,4.52749289e-05
7.07760000e+04,1.68499992e-01,1.68455072e-01,4.49196378e-05
7.07860000e+04,1.68202511e-01,1.68157912e-01,4.45989526e-05
7.07960000e+04,1.67916465e-01,1.67872154e-01,4.43107952e-05
7.08060000e+04,1.67652243e-01,1.67608194e-01,4.40490945e-05
7.08160000e+04,1.67411173e-01,1.67367363e-01,4.38108082e-05
7.08260000e+04,1.67187244e-01,1.67143650e-01,4.35935788e-05
7.08360000e+04,1.66979191e-01,1.66935797e-01,4.33943704e-05
7.08370000e+04,3.64492831e+00,3.64186266e+00,3.06565707e-03
7.08470000e+04,2.68036878e+01,2.67938598e+01,9.82792784e-03
7.08570000e+04,9.82083808e+00,9.81750074e+00,3.33733408e-03
7.08670000e+04,3.16410509e+00,3.16315206e+00,9.53022784e-04
7.08770000e+04,1.16076877e+00,1.16027814e+00,4.90627378e-04
7.08870000e+04,4.78018434e-01,4.77858824e-01,1.59609222e-04
7.08970000e+04,3.52241745e-01,3.52144994e-01,9.67518030e-05
7.09070000e+04,2.06773582e-01,2.06712637e-01,6.09444129e-05
7.09170000e+04,1.66775535e-01,1.66720262e-01,5.52733380e-05
7.09270000e+04,1.60117336e-01,1.60067369e-01,4.99669921e-05
7.09370000e+04,1.59822194e-01,1.59774416e-01,4.77784592e-05
7.09470000e+04,1.55992423e-01,1.55945798e-01,4.66248059e-05
7.09570000e+04,1.54609017e-01,1.54563139e-01,4.58776308e-05
7.09670000e+04,1.54093108e-01,1.54047831e-01,4.52769441e-05
7.09770000e+04,1.53366641e-01,1.53321848e-01,4.47926017e-05
7.09870000e+04,1.52671882e-01,1.52627489e-01,4.43932121e-05
7.09970000e+04,1.52234117e-01,1.52190074e-01,4.40425451e-05
7.10070000e+04,1.51843473e-01,1.51799754e-01,4.37190175e-05
7.10170000e+04,1.51436410e-01,1.51392970e-01,4.34404561e-05
7.10270000e+04,1.51096462e-01,1.51053275e-01,4.31865833e-05
7.10370000e+04,1.50770043e-01,1.50727086e-01,4.29570414e-05
7.10470000e+04,1.50333174e-01,1.50290516e-01,4.26575693e-05
7.10570000e+04,1.50039249e-01,1.49996902e-01,4.23466700e-05
7.10670000e+04,1.49762671e-01,1.49720607e-01,4.20639826e-05
7.10770000e+04,1.49483117e-01,1.49441302e-01,4.18147321e-05
7.10870000e+04,1.49264720e-01,1.49223133e-01,4.15868509e-05
7.10970000e+04,1.49050805e-01,1.49009424e-01,4.13810747e-05
7.11070000e+04,1.48859543e-01,1.48818350e-01,4.11928859e-05
7.11170000e+04,1.48678693e-01,1.48637672e-01,4.10213153e-05
7.11270000e+04,1.48511643e-01,1.48470779e-01,4.08635581e-05
7.11370000e+04,1.48354988e-01,1.48314269e-01,4.07189945e-05
7.11380000e+04,3.48827542e+00,3.48532097e+00,2.95444791e-03
7.11480000e+04,2.83364079e+01,2.83274139e+01,8.99399643e-03
7.11580000e+04,1.22372258e+01,1.22324550e+01,4.77071455e-03
7.11680000e+04,2.09828234e+00,2.09780728e+00,4.75054800e-04
7.11780000e+04,1.47387702e+00,1.47334204e+00,5.34977436e-04
7.11880000e+04,5.57548424e-01,5.57395732e-01,1.52691688e-04
7.11980000e+04,3.52219990e-01,3.52127078e-01,9.29110109e-05
7.12080000e+04,2.05731747e-01,2.05658780e-01,7.29675985e-05
7.12180000e+04,1.82101783e-01,1.82045053e-01,5.67301983e-05
7.12280000e+04,1.85824158e-01,1.85771585e-01,5.25731757e-05
7.12380000e+04,1.74579700e-01,1.74528813e-01,5.08877120e-05
7.12480000e+04,1.69343620e-01,1.69293820e-01,4.98003503e-05
7.12580000e+04,1.68633364e-01,1.68584540e-01,4.88245437e-05
7.12680000e+04,1.67940157e-01,1.67892196e-01,4.79609933e-05
7.12780000e+04,1.67067842e-01,1.67020536e-01,4.73059547e-05
7.12880000e+04,1.66330818e-01,1.66284071e-01,4.67467780e-05
7.12980000e+04,1.65715796e-01,1.65669543e-01,4.62528278e-05
7.13080000e+04,1.65113804e-01,1.65067980e-01,4.58243951e-05
7.13180000e+04,1.64569149e-01,1.64523707e-01,4.54412700e-05
7.13280000e+04,1.64111797e-01,1.64066704e-01,4.50932626e-05
7.13380000e+04,1.63671684e-01,1.63626903e-01,4.47811881e-05
7.13480000e+04,1.63249458e-01,1.63205084e-01,4.43745056e-05
7.13580000e+04,1.62914369e-01,1.62870408e-01,4.39606451e-05
7.13680000e+04,1.62543232e-01,1.62499639e-01,4.35929968e-05
7.13780000e+04,1.62210445e-01,1.62167183e-01,4.32617461e-05
7.13880000e+04,1.61930754e-01,1.61887793e-01,4.29616791e-05
7.13980000e+04,1.61663640e-01,1.61620948e-01,4.26918808e-05
7.14080000e+04,1.61415505e-01,1.61373058e-01,4.24474198e-05
7.14180000e+04,1.61189198e-01,1.61146973e-01,4.22245223e-05
7.14280000e+04,1.60979278e-01,1.60937257e-01,4.20209809e-05
7.14380000e+04,1.60783409e-01,1.60741574e-01,4.18350288e-05
7.14390000e+04,3.51010661e+00,3.50726196e+00,2.84464872e-03
7.14490000e+04,2.58626497e+01,2.58533548e+01,9.29488070e-03
7.14590000e+04,9.89895783e+00,9.89561774e+00,3.34008366e-03
7.14690000e+04,3.00276450e+00,3.00188734e+00,8.77162057e-04
7.14790000e+04,1.14234438e+00,1.14186072e+00,4.83656084e-04
7.14890000e+04,4.62811541e-01,4.62663738e-01,1.47803503e-04
7.14990000e+04,3.48785472e-01,3.48692249e-01,9.32227696e-05
7.15090000e+04,2.00225480e-01,2.00166548e-01,5.89317058e-05
7.15190000e+04,1.61590029e-01,1.61536910e-01,5.31189426e-05
7.15290000e+04,1.55822058e-01,1.55773909e-01,4.81487692e-05
7.15390000e+04,1.55027813e-01,1.54981792e-01,4.60215492e-05
7.15490000e+04,1.51108905e-01,1.51063917e-01,4.49875879e-05
7.15590000e+04,1.50080743e-01,1.50036484e-01,4.42588890e-05
7.15690000e+04,1.49552371e-01,1.49508682e-01,4.36890318e-05
7.15790000e+04,1.48848032e-01,1.48804798e-01,4.32340904e-05
7.15890000e+04,1.48191319e-01,1.48148458e-01,4.28612584e-05
7.15990000e+04,1.47776799e-01,1.47734266e-01,4.25323939e-05
7.16090000e+04,1.47386245e-01,1.47344015e-01,4.22294513e-05
7.16190000e+04,1.46990579e-01,1.46948609e-01,4.19694644e-05
7.16290000e+04,1.46674591e-01,1.46632862e-01,4.17297267e-05
7.16390000e+04,1.46357898e-01,1.46316383e-01,4.15148914e-05
7.16490000e+04,1.45924402e-01,1.45883165e-01,4.12365795e-05
7.16590000e+04,1.45641993e-01,1.45601048e-01,4.09448960e-05
7.16690000e+04,1.45374952e-01,1.45334272e-01,4.06798834e-05
7.16790000e+04,1.45106005e-01,1.45065559e-01,4.04454984e-05
7.16890000e+04,1.44894486e-01,1.44854255e-01,4.02308852e-05
7.16990000e+04,1.44688808e-01,1.44648771e-01,4.00367723e-05
7.17090000e+04,1.44503246e-01,1.44463387e-01,3.98594028e-05
7.17190000e+04,1.44329574e-01,1.44289876e-01,3.96973240e-05
7.17290000e+04,1.44168569e-01,1.44129021e-01,3.95486796e-05
7.17390000e+04,1.44017813e-01,1.43978401e-01,3.94120628e-05
7.17400000e+04,3.36182256e+00,3.35908075e+00,2.74181305e-03
7.17500000e+04,2.75361257e+01,2.75276228e+01,8.50290083e-03
7.17600000e+04,1.24506790e+01,1.24459615e+01,4.71757037e-03
7.17700000e+04,1.96980066e+00,1.96933944e+00,4.61221982e-04
7.17800000e+04,1.39297286e+00,1.39247642e+00,4.96437652e-04
7.17900000e+04,5.86421243e-01,5.86266064e-01,1.55179196e-04
7.18000000e+04,3.31119904e-01,3.31033157e-01,8.67466618e-05
7.18100000e+04,1.97866447e-01,1.97795124e-01,7.13223114e-05
7.18200000e+04,1.76180692e-01,1.76126241e-01,5.44510051e-05
7.18300000e+04,1.78734500e-01,1.78684118e-01,5.03812391e-05
7.18400000e+04,1.67672361e-01,1.67623514e-01,4.88465923e-05
7.18500000e+04,1.63222238e-01,1.63174473e-01,4.77652985e-05
7.18600000e+04,1.62472919e-01,1.62426060e-01,4.68591750e-05
7.18700000e+04,1.61582795e-01,1.61536717e-01,4.60788042e-05
7.18800000e+04,1.60789156e-01,1.60743685e-01,4.54706468e-05
7.18900000e+04,1.60136505e-01,1.60091557e-01,4.49485289e-05
7.19000000e+04,1.59556437e-01,1.59511947e-01,4.44898760e-05
7.19100000e+04,1.58983526e-01,1.58939431e-01,4.40941506e-05
7.19200000e+04,1.58474708e-01,1.58430970e-01,4.37386048e-05
7.19300000e+04,1.58047610e-01,1.58004195e-01,4.34156783e-05
7.19400000e+04,1.57632766e-01,1.57589639e-01,4.31264758e-05
7.19500000e+04,1.57219529e-01,1.57176779e-01,4.27500724e-05
7.19600000e+04,1.56905683e-01,1.56863320e-01,4.23634669e-05
7.19700000e+04,1.56553697e-01,1.56511677e-01,4.20206895e-05
7.19800000e+04,1.56238066e-01,1.56196354e-01,4.17114146e-05
7.19900000e+04,1.55974720e-01,1.55933288e-01,4.14315437e-05
7.20000000e+04,1.55723003e-01,1.55681824e-01,4.11794883e-05
7.20100000e+04,1.55488698e-01,1.55447747e-01,4.09510688e-05
7.20200000e+04,1.55274453e-01,1.55233710e-01,4.07429418e-05
7.20300000e+04,1.55076967e-01,1.55036414e-01,4.05525945e-05
7.20400000e+04,1.54891895e-01,1.54851517e-01,4.03783356e-05
7.20410000e+04,3.38012734e+00,3.37748722e+00,2.64012381e-03
7.20510000e+04,2.49833348e+01,2.49745353e+01,8.79949838e-03
7.20610000e+04,9.97274716e+00,9.96940013e+00,3.34703555e-03
7.20710000e+04,2.85881043e+00,2.85800444e+00,8.05990020e-04
7.20810000e+04,1.13414480e+00,1.13366617e+00,4.78627764e-04
7.20910000e+04,4.47604376e-01,4.47468077e-01,1.36298994e-04
7.21010000e+04,3.45809018e-01,3.45718915e-01,9.01033317e-05
7.21110000e+04,1.94659424e-01,1.94602277e-01,5.71470288e-05
7.21210000e+04,1.57142522e-01,1.57091342e-01,5.11794884e-05
7.21310000e+04,1.52075977e-01,1.52029577e-01,4.63992210e-05
7.21410000e+04,1.50686408e-01,1.50641997e-01,4.44117060e-05
7.21510000e+04,1.46681321e-01,1.46637852e-01,4.34692329e-05
7.21610000e+04,1.45877797e-01,1.45835044e-01,4.27531041e-05
7.21710000e+04,1.45466176e-01,1.45423977e-01,4.21994074e-05
7.21810000e+04,1.44723961e-01,1.44682194e-01,4.17667998e-05
7.21910000e+04,1.44077721e-01,1.44036303e-01,4.14174319e-05
7.22010000e+04,1.43711937e-01,1.43670836e-01,4.11004661e-05
7.22110000e+04,1.43329575e-01,1.43288761e-01,4.08138041e-05
7.22210000e+04,1.42937812e-01,1.42897243e-01,4.05683142e-05
7.22310000e+04,1.42642263e-01,1.42601924e-01,4.03395715e-05
7.22410000e+04,1.42338427e-01,1.42298292e-01,4.01350571e-05
7.22510000e+04,1.41907642e-01,1.41867767e-01,3.98746242e-05
7.22610000e+04,1.41636332e-01,1.41596733e-01,3.95987976e-05
7.22710000e+04,1.41375436e-01,1.41336088e-01,3.93479436e-05
7.22810000e+04,1.41116807e-01,1.41077681e-01,3.91255289e-05
7.22910000e+04,1.40910052e-01,1.40871130e-01,3.89219086e-05
7.23010000e+04,1.40713555e-01,1.40674818e-01,3.87372160e-05
7.23110000e+04,1.40533103e-01,1.40494534e-01,3.85687453e-05
7.23210000e+04,1.40365413e-01,1.40326999e-01,3.84145495e-05
7.23310000e+04,1.40209540e-01,1.40171267e-01,3.82730572e-05
7.23410000e+04,1.40065359e-01,1.40027216e-01,3.81427139e-05
7.23420000e+04,3.23967128e+00,3.23712645e+00,2.54483077e-03
7.23520000e+04,2.66816537e+01,2.66736237e+01,8.03001320e-03
7.23620000e+04,1.26404593e+01,1.26358035e+01,4.65576861e-03
7.23720000e+04,1.87593216e+00,1.87547173e+00,4.60431020e-04
7.23820000e+04,1.30014791e+00,1.29969067e+00,4.57243807e-04
7.23920000e+04,6.17360012e-01,6.17202115e-01,1.57896606e-04
7.24020000e+04,3.11448005e-01,3.11366876e-01,8.11289104e-05
7.24120000e+04,1.90776905e-01,1.90707511e-01,6.93947960e-05
7.24220000e+04,1.71141624e-01,1.71089444e-01,5.21800577e-05
7.24320000e+04,1.72115853e-01,1.72067543e-01,4.83096134e-05
7.24420000e+04,1.61007656e-01,1.60960771e-01,4.68856322e-05
7.24520000e+04,1.57583166e-01,1.57537361e-01,4.58049361e-05
7.24620000e+04,1.56777174e-01,1.56732211e-01,4.49631155e-05
7.24720000e+04,1.55679800e-01,1.55635532e-01,4.42684573e-05
7.24820000e+04,1.54942648e-01,1.54898941e-01,4.37077164e-05
7.24920000e+04,1.54361688e-01,1.54318466e-01,4.32222326e-05
7.25020000e+04,1.53805338e-01,1.53762538e-01,4.27998137e-05
7.25120000e+04,1.53250363e-01,1.53207926e-01,4.24369380e-05
7.25220000e+04,1.52769987e-01,1.52727878e-01,4.21089968e-05
7.25320000e+04,1.52362890e-01,1.52321078e-01,4.18117185e-05
7.25420000e+04,1.51970841e-01,1.51929295e-01,4.15454041e-05
7.25520000e+04,1.51563897e-01,1.51522698e-01,4.11988736e-05
7.25620000e+04,1.51267425e-01,1.51226586e-01,4.08391091e-05
7.25720000e+04,1.50931284e-01,1.50890764e-01,4.05200651e-05
7.25820000e+04,1.50632859e-01,1.50592627e-01,4.02322462e-05
7.25920000e+04,1.50381215e-01,1.50341244e-01,3.99718048e-05
7.26020000e+04,1.50143410e-01,1.50103673e-01,3.97370764e-05
7.26120000e+04,1.49921129e-01,1.49881604e-01,3.95246501e-05
7.26220000e+04,1.49718727e-01,1.49679396e-01,3.93306125e-05
7.26320000e+04,1.49530182e-01,1.49491029e-01,3.91537720e-05
7.26420000e+04,1.49354324e-01,1.49315332e-01,3.89916093e-05
7.26430000e+04,3.25488915e+00,3.25243835e+00,2.45079997e-03
7.26530000e+04,2.42055850e+01,2.41972487e+01,8.33628634e-03
7.26630000e+04,1.00097935e+01,1.00064522e+01,3.34129865e-03
7.26730000e+04,2.73031768e+00,2.72957584e+00,7.41846542e-04
7.26830000e+04,1.13421251e+00,1.13373893e+00,4.73573944e-04
7.26930000e+04,4.36181856e-01,4.36056110e-01,1.25745789e-04
7.27030000e+04,3.40488242e-01,3.40401266e-01,8.69764881e-05
7.27130000e+04,1.88928974e-01,1.88873593e-01,5.53807836e-05
7.27230000e+04,1.53184083e-01,1.53134695e-01,4.93872508e-05
7.27330000e+04,1.48887111e-01,1.48842442e-01,4.46690276e-05
7.27430000e+04,1.46652890e-01,1.46610014e-01,4.28762264e-05
7.27530000e+04,1.42667371e-01,1.42625357e-01,4.20134792e-05
7.27630000e+04,1.41986631e-01,1.41945321e-01,4.13100762e-05
7.27730000e+04,1.41641085e-01,1.41600300e-01,4.07854764e-05
7.27830000e+04,1.40890942e-01,1.40850573e-01,4.03694896e-05
7.27930000e+04,1.40252770e-01,1.40212730e-01,4.00400628e-05
7.28030000e+04,1.39925812e-01,1.39886076e-01,3.97359015e-05
7.28130000e+04,1.39553238e-01,1.39513773e-01,3.94641718e-05
7.28230000e+04,1.39172726e-01,1.39133495e-01,3.92308952e-05
7.28330000e+04,1.38889555e-01,1.38850542e-01,3.90130422e-05
7.28430000e+04,1.38593110e-01,1.38554291e-01,3.88189567e-05
7.28530000e+04,1.38165554e-01,1.38126979e-01,3.85744968e-05
7.28630000e+04,1.37903464e-01,1.37865151e-01,3.83130529e-05
7.28730000e+04,1.37649130e-01,1.37611056e-01,3.80746166e-05
7.28830000e+04,1.37400866e-01,1.37363003e-01,3.78633342e-05
7.28930000e+04,1.37198361e-01,1.37160691e-01,3.76698067e-05
7.29030000e+04,1.37008179e-01,1.36970685e-01,3.74939109e-05
7.29130000e+04,1.36833770e-01,1.36796436e-01,3.73335114e-05
7.29230000e+04,1.36671612e-01,1.36634426e-01,3.71863775e-05
7.29330000e+04,1.36520916e-01,1.36483865e-01,3.70514320e-05
7.29430000e+04,1.36380670e-01,1.36343743e-01,3.69275850e-05
7.29440000e+04,3.12170362e+00,3.11934108e+00,2.36254334e-03
7.29540000e+04,2.58066870e+01,2.57991122e+01,7.57481199e-03
7.29640000e+04,1.27613063e+01,1.27567278e+01,4.57852814e-03
7.29740000e+04,1.81961684e+00,1.81914685e+00,4.69989437e-04
7.29840000e+04,1.20747533e+00,1.20705703e+00,4.18299923e-04
7.29940000e+04,6.43693786e-01,6.43533767e-01,1.60018263e-04
7.30040000e+04,2.93688638e-01,2.93612360e-01,7.62779912e-05
7.30140000e+04,1.84325224e-01,1.84257873e-01,6.73505583e-05
7.30240000e+04,1.66798901e-01,1.66748906e-01,4.99951713e-05
7.30340000e+04,1.65936924e-01,1.65890528e-01,4.63955230e-05
7.30440000e+04,1.54721098e-01,1.54676009e-01,4.50887494e-05
7.30540000e+04,1.52372496e-01,1.52328506e-01,4.39902357e-05
7.30640000e+04,1.51500638e-01,1.51457429e-01,4.32094085e-05
7.30740000e+04,1.50226634e-01,1.50184044e-01,4.25899865e-05
7.30840000e+04,1.49526312e-01,1.49484239e-01,4.20728738e-05
7.30940000e+04,1.49016958e-01,1.48975340e-01,4.16184224e-05
7.31040000e+04,1.48480484e-01,1.48439255e-01,4.12292734e-05
7.31140000e+04,1.47943894e-01,1.47902998e-01,4.08959191e-05
7.31240000e+04,1.47487093e-01,1.47446500e-01,4.05929680e-05
7.31340000e+04,1.47095788e-01,1.47055469e-01,4.03189638e-05
7.31440000e+04,1.46723723e-01,1.46683650e-01,4.00730272e-05
7.31540000e+04,1.46318032e-01,1.46278278e-01,3.97535384e-05
7.31640000e+04,1.46038575e-01,1.45999158e-01,3.94174887e-05
7.31740000e+04,1.45716609e-01,1.45677489e-01,3.91197880e-05
7.31840000e+04,1.45436102e-01,1.45397250e-01,3.88512645e-05
7.31940000e+04,1.45194984e-01,1.45156375e-01,3.86085242e-05
7.32040000e+04,1.44969911e-01,1.44931522e-01,3.83892450e-05
7.32140000e+04,1.44758688e-01,1.44720498e-01,3.81907694e-05
7.32240000e+04,1.44566261e-01,1.44528251e-01,3.80099903e-05
7.32340000e+04,1.44385314e-01,1.44347469e-01,3.78448561e-05
7.32440000e+04,1.44218482e-01,1.44180788e-01,3.76935434e-05
7.32450000e+04,3.13417553e+00,3.13190004e+00,2.27548503e-03
7.32550000e+04,2.35335970e+01,2.35256800e+01,7.91697679e-03
7.32650000e+04,1.00249003e+01,1.00215725e+01,3.32776016e-03
7.32750000e+04,2.61794474e+00,2.61726112e+00,6.83615539e-04
7.32850000e+04,1.14100844e+00,1.14054002e+00,4.68416541e-04
7.32950000e+04,4.27874944e-01,4.27758515e-01,1.16429290e-04
7.33050000e+04,3.33228466e-01,3.33144637e-01,8.38292442e-05
7.33150000e+04,1.82261901e-01,1.82208310e-01,5.35910102e-05
7.33250000e+04,1.49722807e-01,1.49675003e-01,4.78032796e-05
7.33350000e+04,1.46133465e-01,1.46090450e-01,4.30154381e-05
7.33450000e+04,1.42878674e-01,1.42837226e-01,4.14473060e-05
7.33550000e+04,1.38924298e-01,1.38883619e-01,4.06792249e-05
7.33650000e+04,1.38370217e-01,1.38330248e-01,3.99686959e-05
7.33750000e+04,1.37882698e-01,1.37843187e-01,3.95103462e-05
7.33850000e+04,1.37285262e-01,1.37246163e-01,3.90992575e-05
7.33950000e+04,1.36742536e-01,1.36703753e-01,3.87829273e-05
7.34050000e+04,1.36362316e-01,1.36323814e-01,3.85016611e-05
7.34150000e+04,1.35998360e-01,1.35960114e-01,3.82463254e-05
7.34250000e+04,1.35655523e-01,1.35617498e-01,3.80249137e-05
7.34350000e+04,1.35373614e-01,1.35335793e-01,3.78203843e-05
7.34450000e+04,1.35084873e-01,1.35047235e-01,3.76382354e-05
7.34550000e+04,1.34657487e-01,1.34620077e-01,3.74094729e-05
7.34650000e+04,1.34405501e-01,1.34368339e-01,3.71624960e-05
7.34750000e+04,1.34157349e-01,1.34120411e-01,3.69374360e-05
7.34850000e+04,1.33916378e-01,1.33879641e-01,3.67374925e-05
7.34950000e+04,1.33720522e-01,1.33683967e-01,3.65543697e-05
7.35050000e+04,1.33536603e-01,1.33500215e-01,3.63880997e-05
7.35150000e+04,1.33367804e-01,1.33331568e-01,3.62362168e-05
7.35250000e+04,1.33211043e-01,1.33174945e-01,3.60973079e-05
7.35350000e+04,1.33064994e-01,1.33029024e-01,3.59695813e-05
7.35450000e+04,1.32929078e-01,1.32893226e-01,3.58519184e-05
7.35460000e+04,3.00784401e+00,3.00565008e+00,2.19393469e-03
7.35560000e+04,2.49162900e+01,2.49091507e+01,7.13938132e-03
7.35660000e+04,1.28545627e+01,1.28500657e+01,4.49704846e-03
7.35760000e+04,1.79611680e+00,1.79562623e+00,4.90572307e-04
7.35860000e+04,1.11189410e+00,1.11151430e+00,3.79797779e-04
7.35960000e+04,6.67456367e-01,6.67294280e-01,1.62086861e-04
7.36060000e+04,2.77539016e-01,2.77466859e-01,7.21572002e-05
7.36160000e+04,1.78882912e-01,1.78817616e-01,6.52957836e-05
7.36260000e+04,1.63098146e-01,1.63050175e-01,4.79713141e-05
7.36360000e+04,1.59947174e-01,1.59902477e-01,4.46970874e-05
7.36460000e+04,1.48744743e-01,1.48701223e-01,4.35206982e-05
7.36560000e+04,1.47501558e-01,1.47459180e-01,4.23776339e-05
7.36660000e+04,1.46554127e-01,1.46512473e-01,4.16531660e-05
7.36760000e+04,1.45108209e-01,1.45067109e-01,4.10992574e-05
7.36860000e+04,1.44462206e-01,1.44421589e-01,4.06167917e-05
7.36960000e+04,1.44018196e-01,1.43978009e-01,4.01873429e-05
7.37060000e+04,1.43489273e-01,1.43449445e-01,3.98271445e-05
7.37160000e+04,1.42980660e-01,1.42941143e-01,3.95170749e-05
7.37260000e+04,1.42544095e-01,1.42504859e-01,3.92354276e-05
7.37360000e+04,1.42167412e-01,1.42128431e-01,3.89810755e-05
7.37460000e+04,1.41815853e-01,1.41777101e-01,3.87519314e-05
7.37560000e+04,1.41409850e-01,1.41371394e-01,3.84557184e-05
7.37660000e+04,1.41148182e-01,1.41110043e-01,3.81393022e-05
7.37760000e+04,1.40838583e-01,1.40800723e-01,3.78597712e-05
7.37860000e+04,1.40574288e-01,1.40536681e-01,3.76072836e-05
7.37960000e+04,1.40344591e-01,1.40307212e-01,3.73789594e-05
7.38060000e+04,1.40131467e-01,1.40094294e-01,3.71727089e-05
7.38160000e+04,1.39931254e-01,1.39894268e-01,3.69861856e-05
7.38260000e+04,1.39747591e-01,1.39710775e-01,3.68163568e-05
7.38360000e+04,1.39575931e-01,1.39539270e-01,3.66609862e-05
7.38460000e+04,1.39417048e-01,1.39380529e-01,3.65188185e-05
7.38470000e+04,3.01789521e+00,3.01578191e+00,2.11330308e-03
7.38570000e+04,2.29633384e+01,2.29558029e+01,7.53557359e-03
7.38670000e+04,1.00385698e+01,1.00352511e+01,3.31876082e-03
7.38770000e+04,2.51686335e+00,2.51623082e+00,6.32526749e-04
7.38870000e+04,1.15022159e+00,1.14975974e+00,4.61854528e-04
7.38970000e+04,4.22645474e-01,4.22536942e-01,1.08531633e-04
7.39070000e+04,3.24344990e-01,3.24264239e-01,8.07511232e-05
7.39170000e+04,1.75058905e-01,1.75006935e-01,5.19699774e-05
7.39270000e+04,1.46845117e-01,1.46798672e-01,4.64442102e-05
7.39370000e+04,1.43662145e-01,1.43620630e-01,4.15144288e-05
7.39470000e+04,1.39326395e-01,1.39286230e-01,4.01649793e-05
7.39570000e+04,1.35238620e-01,1.35199169e-01,3.94510275e-05
7.39670000e+04,1.35020761e-01,1.34982000e-01,3.87601771e-05
7.39770000e+04,1.34432974e-01,1.34394648e-01,3.83261380e-05
7.39870000e+04,1.33952106e-01,1.33914177e-01,3.79293346e-05
7.39970000e+04,1.33425679e-01,1.33388051e-01,3.76284443e-05
7.40070000e+04,1.33020694e-01,1.32983331e-01,3.73627182e-05
7.40170000e+04,1.32702471e-01,1.32665354e-01,3.71172354e-05
7.40270000e+04,1.32368791e-01,1.32331885e-01,3.69064532e-05
7.40370000e+04,1.32090750e-01,1.32054038e-01,3.67121358e-05
7.40470000e+04,1.31820960e-01,1.31784423e-01,3.65376096e-05
7.40570000e+04,1.31391675e-01,1.31355353e-01,3.63225562e-05
7.40670000e+04,1.31150437e-01,1.31114351e-01,3.60867983e-05
7.40770000e+04,1.30908788e-01,1.30872915e-01,3.58723870e-05
7.40870000e+04,1.30677299e-01,1.30641618e-01,3.56816934e-05
7.40970000e+04,1.30487959e-01,1.30452452e-01,3.55067594e-05
7.41070000e+04,1.30310761e-01,1.30275413e-01,3.53481256e-05
7.41170000e+04,1.30148837e-01,1.30113634e-01,3.52029963e-05
7.41270000e+04,1.29997438e-01,1.29962368e-01,3.50701585e-05
7.41370000e+04,1.29856396e-01,1.29821447e-01,3.49482326e-05
7.41470000e+04,1.29725603e-01,1.29690767e-01,3.48357645e-05
7.41480000e+04,2.89785630e+00,2.89581847e+00,2.03783214e-03
7.41580000e+04,2.40323383e+01,2.40256083e+01,6.73001110e-03
7.41680000e+04,1.28734899e+01,1.28690851e+01,4.40474229e-03
7.41780000e+04,1.79129069e+00,1.79077322e+00,5.17472591e-04
7.41880000e+04,1.02606776e+00,1.02572432e+00,3.43437082e-04
7.41980000e+04,6.82375737e-01,6.82212661e-01,1.63076422e-04
7.42080000e+04,2.62859386e-01,2.62790608e-01,6.87779743e-05
7.42180000e+04,1.73712916e-01,1.73649852e-01,6.30642099e-05
7.42280000e+04,1.60109264e-01,1.60063145e-01,4.61183834e-05
7.42380000e+04,1.54092443e-01,1.54049364e-01,4.30795509e-05
7.42480000e+04,1.43195727e-01,1.43153679e-01,4.20473560e-05
7.42580000e+04,1.42950533e-01,1.42909672e-01,4.08606277e-05
7.42680000e+04,1.41874885e-01,1.41834699e-01,4.01860218e-05
7.42780000e+04,1.40316439e-01,1.40276749e-01,3.96901708e-05
7.42880000e+04,1.39758284e-01,1.39719049e-01,3.92344632e-05
7.42980000e+04,1.39339515e-01,1.39300683e-01,3.88313944e-05
7.43080000e+04,1.38804214e-01,1.38765715e-01,3.84986409e-05
7.43180000e+04,1.38344935e-01,1.38306728e-01,3.82071302e-05
7.43280000e+04,1.37928078e-01,1.37890133e-01,3.79446168e-05
7.43380000e+04,1.37567670e-01,1.37529962e-01,3.77078756e-05
7.43480000e+04,1.37237387e-01,1.37199894e-01,3.74933740e-05
7.43580000e+04,1.36831186e-01,1.36793967e-01,3.72189678e-05
7.43680000e+04,1.36586909e-01,1.36549988e-01,3.69207067e-05
7.43780000e+04,1.36288211e-01,1.36251552e-01,3.66583252e-05
7.43880000e+04,1.36042022e-01,1.36005602e-01,3.64200463e-05
7.43980000e+04,1.35821939e-01,1.35785733e-01,3.62056005e-05
7.44080000e+04,1.35620621e-01,1.35584610e-01,3.60113037e-05
7.44180000e+04,1.35429379e-01,1.35393543e-01,3.58358359e-05
7.44280000e+04,1.35254206e-01,1.35218530e-01,3.56756236e-05
7.44380000e+04,1.35091151e-01,1.35055621e-01,3.55296674e-05
7.44480000e+04,1.34939341e-01,1.34903945e-01,3.53957807e-05
7.44490000e+04,2.90581092e+00,2.90384778e+00,1.96314290e-03
7.44590000e+04,2.24152368e+01,2.24080601e+01,7.17668011e-03
7.44690000e+04,1.00659134e+01,1.00626049e+01,3.30847181e-03
7.44790000e+04,2.40617350e+00,2.40558668e+00,5.86813778e-04
7.44890000e+04,1.15690357e+00,1.15644974e+00,4.53828404e-04
7.44990000e+04,4.20642381e-01,4.20540019e-01,1.02362065e-04
7.45090000e+04,3.15115995e-01,3.15038359e-01,7.76358805e-05
7.45190000e+04,1.67426818e-01,1.67376313e-01,5.05048191e-05
7.45290000e+04,1.44236478e-01,1.44191332e-01,4.51459587e-05
7.45390000e+04,1.41220425e-01,1.41180311e-01,4.01145863e-05
7.45490000e+04,1.35908417e-01,1.35869473e-01,3.89440035e-05
7.45590000e+04,1.31662067e-01,1.31623793e-01,3.82740049e-05
7.45690000e+04,1.31808153e-01,1.31770550e-01,3.76037211e-05
7.45790000e+04,1.31139580e-01,1.31102396e-01,3.71838894e-05
7.45890000e+04,1.30735389e-01,1.30698587e-01,3.68025575e-05
7.45990000e+04,1.30226832e-01,1.30190318e-01,3.65139477e-05
7.46090000e+04,1.29822426e-01,1.29786166e-01,3.62598771e-05
7.46190000e+04,1.29536233e-01,1.29500210e-01,3.60232649e-05
7.46290000e+04,1.29205787e-01,1.29169965e-01,3.58221280e-05
7.46390000e+04,1.28937819e-01,1.28902183e-01,3.56359964e-05
7.46490000e+04,1.28682528e-01,1.28647060e-01,3.54682990e-05
7.46590000e+04,1.28252138e-01,1.28216873e-01,3.52649436e-05
7.46690000e+04,1.28021969e-01,1.27986930e-01,3.50392310e-05
7.46790000e+04,1.27787386e-01,1.27752552e-01,3.48339311e-05
7.46890000e+04,1.27564059e-01,1.27529408e-01,3.46511356e-05
7.46990000e+04,1.27382823e-01,1.27348339e-01,3.44834249e-05
7.47090000e+04,1.27211457e-01,1.27177126e-01,3.43311288e-05
7.47190000e+04,1.27056350e-01,1.27022158e-01,3.41917251e-05
7.47290000e+04,1.26910852e-01,1.26876787e-01,3.40642115e-05
7.47390000e+04,1.26774416e-01,1.26740469e-01,3.39468484e-05
7.47490000e+04,1.26648482e-01,1.26614643e-01,3.38389224e-05
7.47500000e+04,2.79157790e+00,2.78968464e+00,1.89326543e-03
7.47600000e+04,2.30834351e+01,2.30771012e+01,6.33395050e-03
7.47700000e+04,1.28330039e+01,1.28287010e+01,4.30292613e-03
7.47800000e+04,1.81040998e+00,1.80985907e+00,5.50904986e-04
7.47900000e+04,9.46859305e-01,9.46548671e-01,3.10633429e-04
7.48000000e+04,6.89333627e-01,6.89171090e-01,1.62536858e-04
7.48100000e+04,2.50257916e-01,2.50191848e-01,6.60684856e-05
7.48200000e+04,1.69018525e-01,1.68957909e-01,6.06152038e-05
7.48300000e+04,1.57511521e-01,1.57467136e-01,4.43848938e-05
7.48400000e+04,1.48335907e-01,1.48294373e-01,4.15335742e-05
7.48500000e+04,1.37935570e-01,1.37894943e-01,4.06265330e-05
7.48600000e+04,1.38588247e-01,1.38548819e-01,3.94278536e-05
7.48700000e+04,1.37405227e-01,1.37366435e-01,3.87913846e-05
7.48800000e+04,1.35811993e-01,1.35773647e-01,3.83459393e-05
7.48900000e+04,1.35273795e-01,1.35235867e-01,3.79281215e-05
7.49000000e+04,1.34920627e-01,1.34883078e-01,3.75481059e-05
7.49100000e+04,1.34372274e-01,1.34335030e-01,3.72442646e-05
7.49200000e+04,1.33946551e-01,1.33909578e-01,3.69733577e-05
7.49300000e+04,1.33561328e-01,1.33524599e-01,3.67289619e-05
7.49400000e+04,1.33220889e-01,1.33184379e-01,3.65098383e-05
7.49500000e+04,1.32905966e-01,1.32869655e-01,3.63110577e-05
7.49600000e+04,1.32502814e-01,1.32466757e-01,3.60572623e-05
7.49700000e+04,1.32274245e-01,1.32238468e-01,3.57773450e-05
7.49800000e+04,1.31987166e-01,1.31951635e-01,3.55312576e-05
7.49900000e+04,1.31757203e-01,1.31721896e-01,3.53075108e-05
7.50000000e+04,1.31546615e-01,1.31511509e-01,3.51062071e-05
7.50100000e+04,1.31356333e-01,1.31321409e-01,3.49238195e-05
7.50200000e+04,1.31174476e-01,1.31139717e-01,3.47590214e-05
7.50300000e+04,1.31008333e-01,1.30973724e-01,3.46087540e-05
7.50400000e+04,1.30852525e-01,1.30818054e-01,3.44715103e-05
7.50500000e+04,1.30707630e-01,1.30673284e-01,3.43459027e-05
7.50510000e+04,2.79774769e+00,2.79592355e+00,1.82413726e-03
7.50610000e+04,2.19032251e+01,2.18963886e+01,6.83656714e-03
7.50710000e+04,1.00971475e+01,1.00938550e+01,3.29246869e-03
7.50810000e+04,2.29860986e+00,2.29806129e+00,5.48577744e-04
7.50910000e+04,1.15993318e+00,1.15948892e+00,4.44251389e-04
7.51010000e+04,4.23113886e-01,4.23015781e-01,9.81047041e-05
7.51110000e+04,3.04176320e-01,3.04101790e-01,7.45300997e-05
7.51210000e+04,1.59922931e-01,1.59873684e-01,4.92465559e-05
7.51310000e+04,1.41552426e-01,1.41508606e-01,4.38197689e-05
7.51410000e+04,1.38714916e-01,1.38676070e-01,3.88452600e-05
7.51510000e+04,1.32552072e-01,1.32514270e-01,3.78018176e-05
7.51610000e+04,1.28224781e-01,1.28187616e-01,3.71644523e-05
7.51710000e+04,1.28678302e-01,1.28641791e-01,3.65102004e-05
7.51810000e+04,1.27959279e-01,1.27923179e-01,3.60997249e-05
7.51910000e+04,1.27590563e-01,1.27554829e-01,3.57339050e-05
7.52010000e+04,1.27105952e-01,1.27070497e-01,3.54546631e-05
7.52110000e+04,1.26714998e-01,1.26679789e-01,3.52091589e-05
7.52210000e+04,1.26449734e-01,1.26414753e-01,3.49800715e-05
7.52310000e+04,1.26124551e-01,1.26089764e-01,3.47864976e-05
7.52410000e+04,1.25870191e-01,1.25835585e-01,3.46063208e-05
7.52510000e+04,1.25628000e-01,1.25593555e-01,3.44445806e-05
7.52610000e+04,1.25197969e-01,1.25163718e-01,3.42511517e-05
7.52710000e+04,1.24978633e-01,1.24944599e-01,3.40340366e-05
7.52810000e+04,1.24751657e-01,1.24717822e-01,3.38359669e-05
7.52910000e+04,1.24536248e-01,1.24502588e-01,3.36598012e-05
7.53010000e+04,1.24363471e-01,1.24329974e-01,3.34976498e-05
7.53110000e+04,1.24198747e-01,1.24165397e-01,3.33507371e-05
7.53210000e+04,1.24049869e-01,1.24016653e-01,3.32160675e-05
7.53310000e+04,1.23909173e-01,1.23876080e-01,3.30928601e-05
7.53410000e+04,1.23778804e-01,1.23745824e-01,3.29796605e-05
7.53510000e+04,1.23656835e-01,1.23623959e-01,3.28753525e-05
7.53520000e+04,2.68903136e+00,2.68727199e+00,1.75936416e-03
7.53620000e+04,2.21355101e+01,2.21295520e+01,5.95806379e-03
7.53720000e+04,1.27416960e+01,1.27375008e+01,4.19523719e-03
7.53820000e+04,1.84765101e+00,1.84706087e+00,5.90137968e-04
7.53920000e+04,8.76223315e-01,8.75943280e-01,2.80034905e-04
7.54020000e+04,6.90583267e-01,6.90422296e-01,1.60970536e-04
7.54120000e+04,2.39510564e-01,2.39446582e-01,6.39822670e-05
7.54220000e+04,1.64136560e-01,1.64078629e-01,5.79304084e-05
7.54320000e+04,1.55403976e-01,1.55361181e-01,4.27951907e-05
7.54420000e+04,1.42783857e-01,1.42743767e-01,4.00904097e-05
7.54520000e+04,1.32943349e-01,1.32904087e-01,3.92623304e-05
7.54620000e+04,1.34391684e-01,1.34353618e-01,3.80656893e-05
7.54720000e+04,1.33160869e-01,1.33123387e-01,3.74819291e-05
7.54820000e+04,1.31506839e-01,1.31469766e-01,3.70726574e-05
7.54920000e+04,1.31020431e-01,1.30983739e-01,3.66919497e-05
7.55020000e+04,1.30756570e-01,1.30720236e-01,3.63345261e-05
7.55120000e+04,1.30129800e-01,1.30093734e-01,3.60657160e-05
7.55220000e+04,1.29767155e-01,1.29731343e-01,3.58121012e-05
7.55320000e+04,1.29412249e-01,1.29376662e-01,3.55865514e-05
7.55420000e+04,1.29081855e-01,1.29046470e-01,3.53849737e-05
7.55520000e+04,1.28791109e-01,1.28755908e-01,3.52013581e-05
7.55620000e+04,1.28387842e-01,1.28352874e-01,3.49681890e-05
7.55720000e+04,1.28171993e-01,1.28137287e-01,3.47064670e-05
7.55820000e+04,1.27899589e-01,1.27865112e-01,3.44768681e-05
7.55920000e+04,1.27683647e-01,1.27649379e-01,3.42678201e-05
7.56020000e+04,1.27484687e-01,1.27450607e-01,3.40800311e-05
7.56120000e+04,1.27303786e-01,1.27269877e-01,3.39096624e-05
7.56220000e+04,1.27131951e-01,1.27098195e-01,3.37559553e-05
7.56320000e+04,1.26973472e-01,1.26939856e-01,3.36158588e-05
7.56420000e+04,1.26825617e-01,1.26792130e-01,3.34876461e-05
7.56520000e+04,1.26688001e-01,1.26654631e-01,3.33703769e-05
7.56530000e+04,2.69373696e+00,2.69204155e+00,1.69541150e-03
7.56630000e+04,2.14148187e+01,2.14082934e+01,6.52528484e-03
7.56730000e+04,1.01332581e+01,1.01299801e+01,3.27801694e-03
7.56830000e+04,2.18425510e+00,2.18374047e+00,5.14631563e-04
7.56930000e+04,1.15730394e+00,1.15687113e+00,4.32813871e-04
7.57030000e+04,4.32192975e-01,4.32096782e-01,9.61929809e-05
7.57130000e+04,2.91862176e-01,2.91790838e-01,7.13374944e-05
7.57230000e+04,1.52648469e-01,1.52600226e-01,4.82435092e-05
7.57330000e+04,1.38655373e-01,1.38612977e-01,4.23957445e-05
7.57430000e+04,1.36366219e-01,1.36328516e-01,3.77028263e-05
7.57530000e+04,1.29210781e-01,1.29174056e-01,3.67248974e-05
7.57630000e+04,1.24952500e-01,1.24916385e-01,3.61151790e-05
7.57730000e+04,1.25646599e-01,1.25611129e-01,3.54694797e-05
7.57830000e+04,1.24887674e-01,1.24852604e-01,3.50692926e-05
7.57930000e+04,1.24514529e-01,1.24479810e-01,3.47184456e-05
7.58030000e+04,1.24069463e-01,1.24035017e-01,3.44456877e-05
7.58130000e+04,1.23694810e-01,1.23660602e-01,3.42077202e-05
7.58230000e+04,1.23437474e-01,1.23403488e-01,3.39860007e-05
7.58330000e+04,1.23121815e-01,1.23088017e-01,3.37981326e-05
7.58430000e+04,1.22880319e-01,1.22846695e-01,3.36236700e-05
7.58530000e+04,1.22648191e-01,1.22614725e-01,3.34665085e-05
7.58630000e+04,1.22215957e-01,1.22182675e-01,3.32826400e-05
7.58730000e+04,1.22009601e-01,1.21976528e-01,3.30725821e-05
7.58830000e+04,1.21788371e-01,1.21755490e-01,3.28816804e-05
7.58930000e+04,1.21582846e-01,1.21550135e-01,3.27108286e-05
7.59030000e+04,1.21414399e-01,1.21381844e-01,3.25542152e-05
7.59130000e+04,1.21256354e-01,1.21223943e-01,3.24115642e-05
7.59230000e+04,1.21112239e-01,1.21079958e-01,3.22810704e-05
7.59330000e+04,1.20977511e-01,1.20945349e-01,3.21617307e-05
7.59430000e+04,1.20851609e-01,1.20819557e-01,3.20521724e-05
7.59530000e+04,1.20734197e-01,1.20702246e-01,3.19510995e-05
7.59540000e+04,2.59010432e+00,2.58846898e+00,1.63534550e-03
7.59640000e+04,2.11820603e+01,2.11764566e+01,5.60365749e-03
7.59740000e+04,1.25488970e+01,1.25448223e+01,4.07471068e-03
7.59840000e+04,1.89223541e+00,1.89160619e+00,6.29221600e-04
7.59940000e+04,8.24810418e-01,8.24555923e-01,2.54495031e-04
7.60040000e+04,6.84952667e-01,6.84794545e-01,1.58121458e-04
7.60140000e+04,2.29853137e-01,2.29790580e-01,6.25571156e-05
7.60240000e+04,1.59462685e-01,1.59407408e-01,5.52766356e-05
7.60340000e+04,1.53283146e-01,1.53241813e-01,4.13327798e-05
7.60440000e+04,1.37537793e-01,1.37499042e-01,3.87506634e-05
7.60540000e+04,1.28448288e-01,1.28410322e-01,3.79653765e-05
7.60640000e+04,1.30409546e-01,1.30372767e-01,3.67789989e-05
7.60740000e+04,1.29101988e-01,1.29065738e-01,3.62500674e-05
7.60840000e+04,1.27454183e-01,1.27418313e-01,3.58704667e-05
7.60940000e+04,1.27110173e-01,1.27074668e-01,3.55044990e-05
7.61040000e+04,1.26814306e-01,1.26779129e-01,3.51768732e-05
7.61140000e+04,1.26170771e-01,1.26135838e-01,3.49329143e-05
7.61240000e+04,1.25877186e-01,1.25842494e-01,3.46924330e-05
7.61340000e+04,1.25519019e-01,1.25484534e-01,3.44846964e-05
7.61440000e+04,1.25216288e-01,1.25181991e-01,3.42965274e-05
7.61540000e+04,1.24943592e-01,1.24909467e-01,3.41256559e-05
7.61640000e+04,1.24537409e-01,1.24503499e-01,3.39107184e-05
7.61740000e+04,1.24341517e-01,1.24307853e-01,3.36645156e-05
7.61840000e+04,1.24079233e-01,1.24045783e-01,3.34501321e-05
7.61940000e+04,1.23875652e-01,1.23842398e-01,3.32540235e-05
7.62040000e+04,1.23688617e-01,1.23655540e-01,3.30776514e-05
7.62140000e+04,1.23516165e-01,1.23483247e-01,3.29181614e-05
7.62240000e+04,1.23353651e-01,1.23320877e-01,3.27738802e-05
7.62340000e+04,1.23203134e-01,1.23170492e-01,3.26424750e-05
7.62440000e+04,1.23063060e-01,1.23030537e-01,3.25223165e-05
7.62540000e+04,1.22932205e-01,1.22899793e-01,3.24121779e-05
7.62550000e+04,2.59361002e+00,2.59203388e+00,1.57614204e-03
7.62650000e+04,2.09933937e+01,2.09871520e+01,6.24172335e-03
7.62750000e+04,1.01518062e+01,1.01485526e+01,3.25360567e-03
7.62850000e+04,2.07230298e+00,2.07181577e+00,4.87210418e-04
7.62950000e+04,1.15046796e+00,1.15004831e+00,4.19650793e-04
7.63050000e+04,4.44479887e-01,4.44383825e-01,9.60621972e-05
7.63150000e+04,2.78166017e-01,2.78097970e-01,6.80468424e-05
7.63250000e+04,1.45875424e-01,1.45828047e-01,4.73769741e-05
7.63350000e+04,1.35431581e-01,1.35390679e-01,4.09027356e-05
7.63450000e+04,1.34021515e-01,1.33984906e-01,3.66088511e-05
7.63550000e+04,1.25835305e-01,1.25799644e-01,3.56614687e-05
7.63650000e+04,1.21823703e-01,1.21788619e-01,3.50841477e-05
7.63750000e+04,1.22642366e-01,1.22607925e-01,3.44409631e-05
7.63850000e+04,1.21850596e-01,1.21816534e-01,3.40613699e-05
7.63950000e+04,1.21454832e-01,1.21421106e-01,3.37261472e-05
7.64050000e+04,1.21048465e-01,1.21015005e-01,3.34603752e-05
7.64150000e+04,1.20683939e-01,1.20650708e-01,3.32315752e-05
7.64250000e+04,1.20432690e-01,1.20399672e-01,3.30184260e-05
7.64350000e+04,1.20129975e-01,1.20097138e-01,3.28369350e-05
7.64450000e+04,1.19897848e-01,1.19865180e-01,3.26685915e-05
7.64550000e+04,1.19671984e-01,1.19639467e-01,3.25171560e-05
7.64650000e+04,1.19235954e-01,1.19203611e-01,3.23429874e-05
7.64750000e+04,1.19041926e-01,1.19009785e-01,3.21407400e-05
7.64850000e+04,1.18824824e-01,1.18792867e-01,3.19568681e-05
7.64950000e+04,1.18628207e-01,1.18596415e-01,3.17918755e-05
7.65050000e+04,1.18465003e-01,1.18433363e-01,3.16405878e-05
7.65150000e+04,1.18314201e-01,1.18282698e-01,3.15028047e-05
7.65250000e+04,1.18174013e-01,1.18142636e-01,3.13769386e-05
7.65350000e+04,1.18044425e-01,1.18013163e-01,3.12615646e-05
7.65450000e+04,1.17922623e-01,1.17891468e-01,3.11556341e-05
7.65550000e+04,1.17809067e-01,1.17778009e-01,3.10581532e-05
7.65560000e+04,2.49485345e+00,2.49333303e+00,1.52041196e-03
7.65660000e+04,2.02449584e+01,2.02396854e+01,5.27302626e-03
7.65760000e+04,1.23228757e+01,1.23189223e+01,3.95340435e-03
7.65860000e+04,1.93448642e+00,1.93381743e+00,6.68992859e-04
7.65960000e+04,7.82639533e-01,7.82407520e-01,2.32013067e-04
7.66060000e+04,6.74090097e-01,6.73935625e-01,1.54471927e-04
7.66160000e+04,2.22902429e-01,2.22840619e-01,6.18100256e-05
7.66260000e+04,1.54528185e-01,1.54475636e-01,5.25492659e-05
7.66360000e+04,1.51162000e-01,1.51122023e-01,3.99769576e-05
7.66460000e+04,1.32461003e-01,1.32423499e-01,3.75036106e-05
7.66560000e+04,1.24302587e-01,1.24265863e-01,3.67235656e-05
7.66660000e+04,1.26552931e-01,1.26517374e-01,3.55571429e-05
7.66760000e+04,1.25136349e-01,1.25101274e-01,3.50749311e-05
7.66860000e+04,1.23645035e-01,1.23610321e-01,3.47140129e-05
7.66960000e+04,1.23417989e-01,1.23383630e-01,3.43584432e-05
7.67060000e+04,1.23039221e-01,1.23005160e-01,3.40606320e-05
7.67160000e+04,1.22443765e-01,1.22409932e-01,3.38328351e-05
7.67260000e+04,1.22180811e-01,1.22147205e-01,3.36058470e-05
7.67360000e+04,1.21821797e-01,1.21788383e-01,3.34132792e-05
7.67460000e+04,1.21551017e-01,1.21517781e-01,3.32357725e-05
7.67560000e+04,1.21286327e-01,1.21253251e-01,3.30765588e-05
7.67660000e+04,1.20881661e-01,1.20848784e-01,3.28774334e-05
7.67760000e+04,1.20704995e-01,1.20672350e-01,3.26453021e-05
7.67860000e+04,1.20449710e-01,1.20417266e-01,3.24442817e-05
7.67960000e+04,1.20260724e-01,1.20228464e-01,3.22595284e-05
7.68060000e+04,1.20082939e-01,1.20050845e-01,3.20935534e-05
7.68160000e+04,1.19921119e-01,1.19889176e-01,3.19432586e-05
7.68260000e+04,1.19766142e-01,1.19734335e-01,3.18074994e-05
7.68360000e+04,1.19623586e-01,1.19591902e-01,3.16837311e-05
7.68460000e+04,1.19490960e-01,1.19459389e-01,3.15707415e-05
7.68560000e+04,1.19367064e-01,1.19335596e-01,3.14671127e-05
7.68570000e+04,2.49728227e+00,2.49581669e+00,1.46557849e-03
7.68670000e+04,2.05936135e+01,2.05876428e+01,5.97069617e-03
7.68770000e+04,1.01835927e+01,1.01803583e+01,3.23433514e-03
7.68870000e+04,1.96194557e+00,1.96148136e+00,4.64211283e-04
7.68970000e+04,1.13975888e+00,1.13935359e+00,4.05283138e-04
7.69070000e+04,4.62375625e-01,4.62277841e-01,9.77847091e-05
7.69170000e+04,2.63186968e-01,2.63122209e-01,6.47590720e-05
7.69270000e+04,1.39855594e-01,1.39808848e-01,4.67459624e-05
7.69370000e+04,1.32290552e-01,1.32251180e-01,3.93723842e-05
7.69470000e+04,1.31576923e-01,1.31541365e-01,3.55578814e-05
7.69570000e+04,1.22332174e-01,1.22297533e-01,3.46405256e-05
7.69670000e+04,1.18825825e-01,1.18791738e-01,3.40869621e-05
7.69770000e+04,1.19718232e-01,1.19684794e-01,3.34380336e-05
7.69870000e+04,1.18818620e-01,1.18785528e-01,3.30922292e-05
7.69970000e+04,1.18407001e-01,1.18374230e-01,3.27715681e-05
7.70070000e+04,1.18054203e-01,1.18021690e-01,3.25130683e-05
7.70170000e+04,1.17672471e-01,1.17640175e-01,3.22958766e-05
7.70270000e+04,1.17433003e-01,1.17400912e-01,3.20916431e-05
7.70370000e+04,1.17143041e-01,1.17111124e-01,3.19169367e-05
7.70470000e+04,1.16913235e-01,1.16881479e-01,3.17559477e-05
7.70570000e+04,1.16692167e-01,1.16660556e-01,3.16109011e-05
7.70670000e+04,1.16252914e-01,1.16221467e-01,3.14464170e-05
7.70770000e+04,1.16071187e-01,1.16039936e-01,3.12515661e-05
7.70870000e+04,1.15856793e-01,1.15825718e-01,3.10752063e-05
7.70970000e+04,1.15668292e-01,1.15637376e-01,3.09161944e-05
7.71070000e+04,1.15508190e-01,1.15477419e-01,3.07707590e-05
7.71170000e+04,1.15364578e-01,1.15333940e-01,3.06379493e-05
7.71270000e+04,1.15228093e-01,1.15197577e-01,3.05166754e-05
7.71370000e+04,1.15103104e-01,1.15072698e-01,3.04057901e-05
7.71470000e+04,1.14985290e-01,1.14954986e-01,3.03037619e-05
7.71570000e+04,1.14876627e-01,1.14846418e-01,3.02095716e-05
7.71580000e+04,2.40307332e+00,2.40165937e+00,1.41394635e-03
7.71680000e+04,1.92816224e+01,1.92766713e+01,4.95113232e-03
7.71780000e+04,1.20475130e+01,1.20436901e+01,3.82295419e-03
7.71880000e+04,1.98270687e+00,1.98199345e+00,7.13424671e-04
7.71980000e+04,7.56529197e-01,7.56315633e-01,2.13564844e-04
7.72080000e+04,6.58058057e-01,6.57908416e-01,1.49641314e-04
7.72180000e+04,2.17756167e-01,2.17694423e-01,6.17433460e-05
7.72280000e+04,1.50453618e-01,1.50403742e-01,4.98751438e-05
7.72380000e+04,1.49132245e-01,1.49093547e-01,3.86974655e-05
7.72480000e+04,1.27734168e-01,1.27697817e-01,3.63512839e-05
7.72580000e+04,1.20631425e-01,1.20595886e-01,3.55392351e-05
7.72680000e+04,1.22896321e-01,1.22861912e-01,3.44094103e-05
7.72780000e+04,1.21351111e-01,1.21317145e-01,3.39656184e-05
7.72880000e+04,1.20111817e-01,1.20078207e-01,3.36104269e-05
7.72980000e+04,1.19945882e-01,1.19912615e-01,3.32666938e-05
7.73080000e+04,1.19503875e-01,1.19470883e-01,3.29926116e-05
7.73180000e+04,1.18988347e-01,1.18955573e-01,3.27738855e-05
7.73280000e+04,1.18721992e-01,1.18689432e-01,3.25609511e-05
7.73380000e+04,1.18378204e-01,1.18345825e-01,3.23793157e-05
7.73480000e+04,1.18131250e-01,1.18099039e-01,3.22111875e-05
7.73580000e+04,1.17871290e-01,1.17839228e-01,3.20617663e-05
7.73680000e+04,1.17472851e-01,1.17440975e-01,3.18765652e-05
7.73780000e+04,1.17312136e-01,1.17280480e-01,3.16565567e-05
7.73880000e+04,1.17063464e-01,1.17031997e-01,3.14671375e-05
7.73980000e+04,1.16888818e-01,1.16857525e-01,3.12921029e-05
7.74080000e+04,1.16719844e-01,1.16688708e-01,3.11353204e-05
7.74180000e+04,1.16567693e-01,1.16536700e-01,3.09929983e-05
7.74280000e+04,1.16421144e-01,1.16390279e-01,3.08647530e-05
7.74380000e+04,1.16285420e-01,1.16254672e-01,3.07477907e-05
7.74480000e+04,1.16159504e-01,1.16128863e-01,3.06406416e-05
7.74580000e+04,1.16041541e-01,1.16010999e-01,3.05427251e-05
7.74590000e+04,2.40447711e+00,2.40311401e+00,1.36309946e-03
7.74690000e+04,2.02366811e+01,2.02309569e+01,5.72419923e-03
7.74790000e+04,1.02123166e+01,1.02091052e+01,3.21135014e-03
7.74890000e+04,1.86054358e+00,1.86009688e+00,4.46702295e-04
7.74990000e+04,1.11882808e+00,1.11843980e+00,3.88278257e-04
7.75090000e+04,4.80506386e-01,4.80405986e-01,1.00399792e-04
7.75190000e+04,2.48915475e-01,2.48853865e-01,6.16102955e-05
7.75290000e+04,1.35310408e-01,1.35264209e-01,4.61983110e-05
7.75390000e+04,1.29224605e-01,1.29186709e-01,3.78958471e-05
7.75490000e+04,1.28761622e-01,1.28727075e-01,3.45475467e-05
7.75590000e+04,1.18737798e-01,1.18704126e-01,3.36727670e-05
7.75690000e+04,1.15914016e-01,1.15880900e-01,3.31157542e-05
7.75790000e+04,1.16816838e-01,1.16784371e-01,3.24669310e-05
7.75890000e+04,1.15759227e-01,1.15727071e-01,3.21558561e-05
7.75990000e+04,1.15351953e-01,1.15320107e-01,3.18463998e-05
7.76090000e+04,1.15052039e-01,1.15020446e-01,3.15930590e-05
7.76190000e+04,1.14667229e-01,1.14635843e-01,3.13856182e-05
7.76290000e+04,1.14431342e-01,1.14400153e-01,3.11891220e-05
7.76390000e+04,1.14148084e-01,1.14117063e-01,3.10210122e-05
7.76490000e+04,1.13921015e-01,1.13890149e-01,3.08662526e-05
7.76590000e+04,1.13707000e-01,1.13676274e-01,3.07263807e-05
7.76690000e+04,1.13262694e-01,1.13232123e-01,3.05707642e-05
7.76790000e+04,1.13092688e-01,1.13062306e-01,3.03828850e-05
7.76890000e+04,1.12879616e-01,1.12849402e-01,3.02135348e-05
7.76990000e+04,1.12702126e-01,1.12672066e-01,3.00596531e-05
7.77090000e+04,1.12543646e-01,1.12513726e-01,2.99197170e-05
7.77190000e+04,1.12406270e-01,1.12376479e-01,2.97911418e-05
7.77290000e+04,1.12274658e-01,1.12244984e-01,2.96741747e-05
7.77390000e+04,1.12153332e-01,1.12123765e-01,2.95670919e-05
7.77490000e+04,1.12039829e-01,1.12010361e-01,2.94685083e-05
7.77590000e+04,1.11934609e-01,1.11905231e-01,2.93776916e-05
7.77600000e+04,2.31469904e+00,2.31338378e+00,1.31526106e-03
7.77700000e+04,1.83559295e+01,1.83512762e+01,4.65332790e-03
7.77800000e+04,1.17074858e+01,1.17037951e+01,3.69070310e-03
7.77900000e+04,2.01778070e+00,2.01702660e+00,7.54096812e-04
7.78000000e+04,7.42662494e-01,7.42463988e-01,1.98506211e-04
7.78100000e+04,6.39310887e-01,6.39166541e-01,1.44346298e-04
7.78200000e+04,2.13209894e-01,2.13147864e-01,6.20307035e-05
7.78300000e+04,1.46419280e-01,1.46371914e-01,4.73657971e-05
7.78400000e+04,1.46905799e-01,1.46868340e-01,3.74591525e-05
7.78500000e+04,1.23385504e-01,1.23350247e-01,3.52571699e-05
7.78600000e+04,1.17376686e-01,1.17342308e-01,3.43787430e-05
7.78700000e+04,1.19447800e-01,1.19414499e-01,3.33003628e-05
7.78800000e+04,1.17769467e-01,1.17736580e-01,3.28866791e-05
7.78900000e+04,1.16801077e-01,1.16768546e-01,3.25304534e-05
7.79000000e+04,1.16643866e-01,1.16611665e-01,3.22004273e-05
7.79100000e+04,1.16173706e-01,1.16141762e-01,3.19443709e-05
7.79200000e+04,1.15739485e-01,1.15707754e-01,3.17313034e-05
7.79300000e+04,1.15459413e-01,1.15427883e-01,3.15309728e-05
7.79400000e+04,1.15135839e-01,1.15104481e-01,3.13583908e-05
7.79500000e+04,1.14905664e-01,1.14874466e-01,3.11980487e-05
7.79600000e+04,1.14653351e-01,1.14622295e-01,3.10567124e-05
7.79700000e+04,1.14257889e-01,1.14227005e-01,3.08839126e-05
7.79800000e+04,1.14114064e-01,1.14083389e-01,3.06748846e-05
7.79900000e+04,1.13870936e-01,1.13840440e-01,3.04963083e-05
7.80000000e+04,1.13709416e-01,1.13679086e-01,3.03298953e-05
7.80100000e+04,1.13547986e-01,1.13517805e-01,3.01814403e-05
7.80200000e+04,1.13404350e-01,1.13374304e-01,3.00463470e-05
7.80300000e+04,1.13265400e-01,1.13235476e-01,2.99244604e-05
7.80400000e+04,1.13136017e-01,1.13106204e-01,2.98133409e-05
7.80500000e+04,1.13016969e-01,1.12987257e-01,2.97119278e-05
7.80600000e+04,1.12903927e-01,1.12874308e-01,2.96188972e-05
7.80610000e+04,2.31528383e+00,2.31401576e+00,1.26806495e-03
7.80710000e+04,1.98976633e+01,1.98921654e+01,5.49791783e-03
7.80810000e+04,1.02140860e+01,1.02109053e+01,3.18068784e-03
7.80910000e+04,1.77343776e+00,1.77300520e+00,4.32565386e-04
7.81010000e+04,1.08889986e+00,1.08852851e+00,3.71355541e-04
7.81110000e+04,4.97379696e-01,4.97276540e-01,1.03156383e-04
7.81210000e+04,2.36084850e-01,2.36026163e-01,5.86877297e-05
7.81310000e+04,1.32002886e-01,1.31957339e-01,4.55468320e-05
7.81410000e+04,1.26265399e-01,1.26228930e-01,3.64685346e-05
7.81510000e+04,1.25771361e-01,1.25737827e-01,3.35346022e-05
7.81610000e+04,1.15208499e-01,1.15175783e-01,3.27158183e-05
7.81710000e+04,1.13047474e-01,1.13015332e-01,3.21421023e-05
7.81810000e+04,1.13910556e-01,1.13879053e-01,3.15029630e-05
7.81910000e+04,1.12734324e-01,1.12703104e-01,3.12195747e-05
7.82010000e+04,1.12330360e-01,1.12299437e-01,3.09227987e-05
7.82110000e+04,1.12063974e-01,1.12033298e-01,3.06753656e-05
7.82210000e+04,1.11681413e-01,1.11650937e-01,3.04756049e-05
7.82310000e+04,1.11451825e-01,1.11421538e-01,3.02866422e-05
7.82410000e+04,1.11174901e-01,1.11144776e-01,3.01242508e-05
7.82510000e+04,1.10952683e-01,1.10922707e-01,2.99753977e-05
7.82610000e+04,1.10745564e-01,1.10715724e-01,2.98405241e-05
7.82710000e+04,1.10298951e-01,1.10269258e-01,2.96933834e-05
7.82810000e+04,1.10138257e-01,1.10108744e-01,2.95126441e-05
7.82910000e+04,1.09929052e-01,1.09899702e-01,2.93498659e-05
7.83010000e+04,1.09760601e-01,1.09731399e-01,2.92015895e-05
7.83110000e+04,1.09603967e-01,1.09574900e-01,2.90669738e-05
7.83210000e+04,1.09473552e-01,1.09444609e-01,2.89428264e-05
7.83310000e+04,1.09344384e-01,1.09315553e-01,2.88303226e-05
7.83410000e+04,1.09228222e-01,1.09199495e-01,2.87267994e-05
7.83510000e+04,1.09117361e-01,1.09088729e-01,2.86318795e-05
7.83610000e+04,1.09015659e-01,1.08987115e-01,2.85442804e-05
7.83620000e+04,2.22965854e+00,2.22843485e+00,1.22369635e-03
7.83720000e+04,1.74640425e+01,1.74596669e+01,4.37562655e-03
7.83820000e+04,1.13296897e+01,1.13261354e+01,3.55428716e-03
7.83920000e+04,2.03832102e+00,2.03752989e+00,7.91136578e-04
7.84020000e+04,7.36346860e-01,7.36160397e-01,1.86462361e-04
7.84120000e+04,6.17592262e-01,6.17453872e-01,1.38389907e-04
7.84220000e+04,2.09406806e-01,2.09344388e-01,6.24185486e-05
7.84320000e+04,1.42926514e-01,1.42881472e-01,4.50424753e-05
7.84420000e+04,1.44188839e-01,1.44152643e-01,3.61960227e-05
7.84520000e+04,1.19372696e-01,1.19338496e-01,3.42001417e-05
7.84620000e+04,1.14406446e-01,1.14373210e-01,3.32363005e-05
7.84720000e+04,1.16130027e-01,1.16097801e-01,3.22265253e-05
7.84820000e+04,1.14334109e-01,1.14302279e-01,3.18301394e-05
7.84920000e+04,1.13582742e-01,1.13551261e-01,3.14816389e-05
7.85020000e+04,1.13451043e-01,1.13419881e-01,3.11623046e-05
7.85120000e+04,1.12991953e-01,1.12961033e-01,3.09201654e-05
7.85220000e+04,1.12595183e-01,1.12564467e-01,3.07161228e-05
7.85320000e+04,1.12326342e-01,1.12295816e-01,3.05260824e-05
7.85420000e+04,1.12022558e-01,1.11992196e-01,3.03618803e-05
7.85520000e+04,1.11803095e-01,1.11772886e-01,3.02097491e-05
7.85620000e+04,1.11562018e-01,1.11531942e-01,3.00756616e-05
7.85720000e+04,1.11170016e-01,1.11140102e-01,2.99145113e-05
7.85820000e+04,1.11042457e-01,1.11012741e-01,2.97161720e-05
7.85920000e+04,1.10804423e-01,1.10774876e-01,2.95478726e-05
7.86020000e+04,1.10655617e-01,1.10626227e-01,2.93898330e-05
7.86120000e+04,1.10501339e-01,1.10472089e-01,2.92491498e-05
7.86220000e+04,1.10365624e-01,1.10336503e-01,2.91211367e-05
7.86320000e+04,1.10234030e-01,1.10205025e-01,2.90056377e-05
7.86420000e+04,1.10111367e-01,1.10082466e-01,2.89005368e-05
7.86520000e+04,1.09997822e-01,1.09969018e-01,2.88041575e-05
7.86620000e+04,1.09889850e-01,1.09861134e-01,2.87159778e-05
7.86630000e+04,2.22951082e+00,2.22833087e+00,1.17995270e-03
7.86730000e+04,1.95697210e+01,1.95644382e+01,5.28276833e-03
7.86830000e+04,1.02043319e+01,1.02011886e+01,3.14329132e-03
7.86930000e+04,1.69431489e+00,1.69389118e+00,4.23718251e-04
7.87030000e+04,1.05139412e+00,1.05104128e+00,3.52842655e-04
7.87130000e+04,5.12473678e-01,5.12367537e-01,1.06141435e-04
7.87230000e+04,2.25073130e-01,2.25017012e-01,5.61174242e-05
7.87330000e+04,1.28798373e-01,1.28753535e-01,4.48388121e-05
7.87430000e+04,1.23779703e-01,1.23744559e-01,3.51446780e-05
7.87530000e+04,1.22516713e-01,1.22484158e-01,3.25549708e-05
7.87630000e+04,1.11750057e-01,1.11718252e-01,3.18051614e-05
7.87730000e+04,1.10227345e-01,1.10196141e-01,3.12039999e-05
7.87830000e+04,1.11036669e-01,1.11006086e-01,3.05827949e-05
7.87930000e+04,1.09746568e-01,1.09716246e-01,3.03224324e-05
7.88030000e+04,1.09369313e-01,1.09339274e-01,3.00388163e-05
7.88130000e+04,1.09105340e-01,1.09075540e-01,2.97998006e-05
7.88230000e+04,1.08726176e-01,1.08696567e-01,2.96085038e-05
7.88330000e+04,1.08507873e-01,1.08478447e-01,2.94262380e-05
7.88430000e+04,1.08233535e-01,1.08204264e-01,2.92708428e-05
7.88530000e+04,1.08018174e-01,1.07989046e-01,2.91277815e-05
7.88630000e+04,1.07814729e-01,1.07785730e-01,2.89981955e-05
7.88730000e+04,1.07367442e-01,1.07338582e-01,2.88595002e-05
7.88830000e+04,1.07216696e-01,1.07188010e-01,2.86860171e-05
7.88930000e+04,1.07010407e-01,1.06981877e-01,2.85304262e-05
7.89030000e+04,1.06849598e-01,1.06821210e-01,2.83879707e-05
7.89130000e+04,1.06696355e-01,1.06668096e-01,2.82590158e-05
7.89230000e+04,1.06570311e-01,1.06542171e-01,2.81400572e-05
7.89330000e+04,1.06445160e-01,1.06417128e-01,2.80320594e-05
7.89430000e+04,1.06331956e-01,1.06304023e-01,2.79328566e-05
7.89530000e+04,1.06224576e-01,1.06196734e-01,2.78419950e-05
7.89630000e+04,1.06125547e-01,1.06097789e-01,2.77581441e-05
7.89640000e+04,2.14772263e+00,2.14658375e+00,1.13887030e-03
7.89740000e+04,1.66121947e+01,1.66080747e+01,4.12000832e-03
7.89840000e+04,1.09121940e+01,1.09087778e+01,3.41625607e-03
7.89940000e+04,2.05073233e+00,2.04990872e+00,8.23603703e-04
7.90040000e+04,7.35942289e-01,7.35764561e-01,1.77728886e-04
7.90140000e+04,5.93123563e-01,5.92991552e-01,1.32010832e-04
7.90240000e+04,2.06314499e-01,2.06251639e-01,6.28602564e-05
7.90340000e+04,1.40469430e-01,1.40426423e-01,4.30069299e-05
7.90440000e+04,1.40973345e-01,1.40938393e-01,3.49518720e-05
7.90540000e+04,1.15599027e-01,1.15565811e-01,3.32167829e-05
7.90640000e+04,1.11666441e-01,1.11634272e-01,3.21684809e-05
7.90740000e+04,1.12890936e-01,1.12859701e-01,3.12351519e-05
7.90840000e+04,1.11013477e-01,1.10982623e-01,3.08537775e-05
7.90940000e+04,1.10444298e-01,1.10413782e-01,3.05157796e-05
7.91040000e+04,1.10393416e-01,1.10363212e-01,3.02034119e-05
7.91140000e+04,1.09905035e-01,1.09875057e-01,2.99779747e-05
7.91240000e+04,1.09537471e-01,1.09507688e-01,2.97829462e-05
7.91340000e+04,1.09305256e-01,1.09275656e-01,2.95998489e-05
7.91440000e+04,1.09005376e-01,1.08975930e-01,2.94451653e-05
7.91540000e+04,1.08796971e-01,1.08767670e-01,2.93005291e-05
7.91640000e+04,1.08569217e-01,1.08540044e-01,2.91730435e-05
7.91740000e+04,1.08175849e-01,1.08146827e-01,2.90224377e-05
7.91840000e+04,1.08063558e-01,1.08034724e-01,2.88332666e-05
7.91940000e+04,1.07832002e-01,1.07803328e-01,2.86736460e-05
7.92040000e+04,1.07694025e-01,1.07665502e-01,2.85231381e-05
7.92140000e+04,1.07548120e-01,1.07519730e-01,2.83895720e-05
7.92240000e+04,1.07420250e-01,1.07391982e-01,2.82676342e-05
7.92340000e+04,1.07296001e-01,1.07267843e-01,2.81578786e-05
7.92440000e+04,1.07179888e-01,1.07151831e-01,2.80578801e-05
7.92540000e+04,1.07072558e-01,1.07044591e-01,2.79663216e-05
7.92640000e+04,1.06971007e-01,1.06943125e-01,2.78826365e-05
7.92650000e+04,2.14688626e+00,2.14578794e+00,1.09832706e-03
7.92750000e+04,1.92354946e+01,1.92304108e+01,5.08385022e-03
7.92850000e+04,1.01944186e+01,1.01913133e+01,3.10534661e-03
7.92950000e+04,1.62537098e+00,1.62495069e+00,4.20290198e-04
7.93050000e+04,1.00609780e+00,1.00576408e+00,3.33713712e-04
7.93150000e+04,5.24432751e-01,5.24323605e-01,1.09146171e-04
7.93250000e+04,2.15227865e-01,2.15173928e-01,5.39376177e-05
7.93350000e+04,1.26031538e-01,1.25987406e-01,4.41317838e-05
7.93450000e+04,1.21623079e-01,1.21589120e-01,3.39595704e-05
7.93550000e+04,1.18953648e-01,1.18921988e-01,3.16603791e-05
7.93650000e+04,1.08282254e-01,1.08251282e-01,3.09724155e-05
7.93750000e+04,1.07413760e-01,1.07383425e-01,3.03352969e-05
7.93850000e+04,1.08138202e-01,1.08108456e-01,2.97460368e-05
7.93950000e+04,1.06736676e-01,1.06707171e-01,2.95045395e-05
7.94050000e+04,1.06382534e-01,1.06353300e-01,2.92346140e-05
7.94150000e+04,1.06150325e-01,1.06121322e-01,2.90028133e-05
7.94250000e+04,1.05756434e-01,1.05727613e-01,2.88211085e-05
7.94350000e+04,1.05552059e-01,1.05523414e-01,2.86451984e-05
7.94450000e+04,1.05285555e-01,1.05257059e-01,2.84958403e-05
7.94550000e+04,1.05075523e-01,1.05047164e-01,2.83586891e-05
7.94650000e+04,1.04880509e-01,1.04852275e-01,2.82342911e-05
7.94750000e+04,1.04433791e-01,1.04405689e-01,2.81026539e-05
7.94850000e+04,1.04292671e-01,1.04264736e-01,2.79354371e-05
7.94950000e+04,1.04089246e-01,1.04061459e-01,2.77862890e-05
7.95050000e+04,1.03934586e-01,1.03906937e-01,2.76491147e-05
7.95150000e+04,1.03785825e-01,1.03758300e-01,2.75251639e-05
7.95250000e+04,1.03664251e-01,1.03636840e-01,2.74109979e-05
7.95350000e+04,1.03542711e-01,1.03515403e-01,2.73073115e-05
7.95450000e+04,1.03432736e-01,1.03405524e-01,2.72121746e-05
7.95550000e+04,1.03328870e-01,1.03301745e-01,2.71248118e-05
7.95650000e+04,1.03232442e-01,1.03205398e-01,2.70444457e-05
7.95660000e+04,2.06874400e+00,2.06768371e+00,1.06029085e-03
7.95760000e+04,1.57638562e+01,1.57599790e+01,3.87714267e-03
7.95860000e+04,1.04679527e+01,1.04646769e+01,3.27576927e-03
7.95960000e+04,2.05620672e+00,2.05535195e+00,8.54771385e-04
7.96060000e+04,7.42136085e-01,7.41964136e-01,1.71948850e-04
7.96160000e+04,5.67038759e-01,5.66913311e-01,1.25447587e-04
7.96260000e+04,2.02794938e-01,2.02731772e-01,6.31662152e-05
7.96360000e+04,1.39158126e-01,1.39116801e-01,4.13247943e-05
7.96460000e+04,1.37643045e-01,1.37609265e-01,3.37798368e-05
7.96560000e+04,1.12180266e-01,1.12147969e-01,3.22963260e-05
7.96660000e+04,1.09188904e-01,1.09157715e-01,3.11895575e-05
7.96760000e+04,1.09815476e-01,1.09785152e-01,3.03238490e-05
7.96860000e+04,1.07879869e-01,1.07849900e-01,2.99695316e-05
7.96960000e+04,1.07519801e-01,1.07490173e-01,2.96285647e-05
7.97060000e+04,1.07468118e-01,1.07438790e-01,2.93283241e-05
7.97160000e+04,1.06958726e-01,1.06929609e-01,2.91178162e-05
7.97260000e+04,1.06668557e-01,1.06639631e-01,2.89255416e-05
7.97360000e+04,1.06424658e-01,1.06395906e-01,2.87521693e-05
7.97460000e+04,1.06144146e-01,1.06115542e-01,2.86038594e-05
7.97560000e+04,1.05946318e-01,1.05917852e-01,2.84654012e-05
7.97660000e+04,1.05727060e-01,1.05698717e-01,2.83434973e-05
7.97760000e+04,1.05332866e-01,1.05304664e-01,2.82016140e-05
7.97860000e+04,1.05235511e-01,1.05207491e-01,2.80194791e-05
7.97960000e+04,1.05009362e-01,1.04981495e-01,2.78671320e-05
7.98060000e+04,1.04881392e-01,1.04853669e-01,2.77227062e-05
7.98160000e+04,1.04741406e-01,1.04713811e-01,2.75948060e-05
7.98260000e+04,1.04622355e-01,1.04594877e-01,2.74778003e-05
7.98360000e+04,1.04504528e-01,1.04477156e-01,2.73724816e-05
7.98460000e+04,1.04394098e-01,1.04366821e-01,2.72767396e-05
7.98560000e+04,1.04292300e-01,1.04265111e-01,2.71891040e-05
7.98660000e+04,1.04195867e-01,1.04168758e-01,2.71087220e-05
7.98670000e+04,2.06738715e+00,2.06636449e+00,1.02266495e-03
7.98770000e+04,1.89007948e+01,1.88959031e+01,4.89170897e-03
7.98870000e+04,1.01920090e+01,1.01889422e+01,3.06671786e-03
7.98970000e+04,1.57463134e+00,1.57421022e+00,4.21123835e-04
7.99070000e+04,9.52326617e-01,9.52012319e-01,3.14298500e-04
7.99170000e+04,5.34688385e-01,5.34576217e-01,1.12167963e-04
7.99270000e+04,2.05828052e-01,2.05776083e-01,5.19684345e-05
7.99370000e+04,1.23993404e-01,1.23950020e-01,4.33847196e-05
7.99470000e+04,1.20032047e-01,1.19999166e-01,3.28807395e-05
7.99570000e+04,1.15399302e-01,1.15368461e-01,3.08411359e-05
7.99670000e+04,1.04871148e-01,1.04840947e-01,3.02017246e-05
7.99770000e+04,1.04706614e-01,1.04677103e-01,2.95114225e-05
7.99870000e+04,1.05266610e-01,1.05237645e-01,2.89653643e-05
7.99970000e+04,1.03745195e-01,1.03716456e-01,2.87388921e-05
8.00070000e+04,1.03441039e-01,1.03412563e-01,2.84758687e-05
8.00170000e+04,1.03249579e-01,1.03221329e-01,2.82492433e-05
8.00270000e+04,1.02830748e-01,1.02802673e-01,2.80753928e-05
8.00370000e+04,1.02641208e-01,1.02613303e-01,2.79049767e-05
8.00470000e+04,1.02384655e-01,1.02356894e-01,2.77601525e-05
8.00570000e+04,1.02174507e-01,1.02146879e-01,2.76278022e-05
8.00670000e+04,1.01991975e-01,1.01964469e-01,2.75066348e-05
8.00770000e+04,1.01545268e-01,1.01517887e-01,2.73813666e-05
8.00870000e+04,1.01412165e-01,1.01384945e-01,2.72197979e-05
8.00970000e+04,1.01210951e-01,1.01183875e-01,2.70761327e-05
8.01070000e+04,1.01063122e-01,1.01036179e-01,2.69434727e-05
8.01170000e+04,1.00917195e-01,1.00890370e-01,2.68243796e-05
8.01270000e+04,1.00800330e-01,1.00773616e-01,2.67137127e-05
8.01370000e+04,1.00681494e-01,1.00654880e-01,2.66139086e-05
8.01470000e+04,1.00574489e-01,1.00547967e-01,2.65221833e-05
8.01570000e+04,1.00473841e-01,1.00447403e-01,2.64380482e-05
8.01670000e+04,1.00380802e-01,1.00354442e-01,2.63604021e-05
8.01680000e+04,1.99265066e+00,1.99166327e+00,9.87393648e-04
8.01780000e+04,1.49975979e+01,1.49939373e+01,3.66058645e-03
8.01880000e+04,1.00283603e+01,1.00252202e+01,3.14012061e-03
8.01980000e+04,2.04585049e+00,2.04497193e+00,8.78559347e-04
8.02080000e+04,7.47645179e-01,7.47477272e-01,1.67907212e-04
8.02180000e+04,5.41622518e-01,5.41502934e-01,1.19583587e-04
8.02280000e+04,1.98366649e-01,1.98303568e-01,6.30808013e-05
8.02380000e+04,1.37971188e-01,1.37931296e-01,3.98917453e-05
8.02480000e+04,1.34170995e-01,1.34138292e-01,3.27030017e-05
8.02580000e+04,1.08878271e-01,1.08846877e-01,3.13943468e-05
8.02680000e+04,1.06787141e-01,1.06756878e-01,3.02633527e-05
8.02780000e+04,1.06861091e-01,1.06831627e-01,2.94640072e-05
8.02880000e+04,1.04909086e-01,1.04879959e-01,2.91275584e-05
8.02980000e+04,1.04703492e-01,1.04674701e-01,2.87907296e-05
8.03080000e+04,1.04604035e-01,1.04575531e-01,2.85043867e-05
8.03180000e+04,1.04123013e-01,1.04094711e-01,2.83025142e-05
8.03280000e+04,1.03873844e-01,1.03845729e-01,2.81154576e-05
8.03380000e+04,1.03617518e-01,1.03589567e-01,2.79509517e-05
8.03480000e+04,1.03365536e-01,1.03337729e-01,2.78071207e-05
8.03580000e+04,1.03166272e-01,1.03138597e-01,2.76749565e-05
8.03680000e+04,1.02962134e-01,1.02934577e-01,2.75573932e-05
8.03780000e+04,1.02565135e-01,1.02537712e-01,2.74234234e-05
8.03880000e+04,1.02481822e-01,1.02454574e-01,2.72478381e-05
8.03980000e+04,1.02257108e-01,1.02230006e-01,2.71023690e-05
8.04080000e+04,1.02138599e-01,1.02111636e-01,2.69631814e-05
8.04180000e+04,1.02004838e-01,1.01977997e-01,2.68402084e-05
8.04280000e+04,1.01891690e-01,1.01864962e-01,2.67276509e-05
8.04380000e+04,1.01779979e-01,1.01753353e-01,2.66265054e-05
8.04480000e+04,1.01675561e-01,1.01649026e-01,2.65342635e-05
8.04580000e+04,1.01578674e-01,1.01552224e-01,2.64500801e-05
8.04680000e+04,1.01486420e-01,1.01460048e-01,2.63728914e-05
8.04690000e+04,1.99079858e+00,1.98984610e+00,9.52476356e-04
8.04790000e+04,1.85189761e+01,1.85142643e+01,4.71176748e-03
8.04890000e+04,1.01493461e+01,1.01463252e+01,3.02091670e-03
8.04990000e+04,1.53463760e+00,1.53421477e+00,4.22829284e-04
8.05090000e+04,8.97026252e-01,8.96729941e-01,2.96310863e-04
8.05190000e+04,5.38639376e-01,5.38525052e-01,1.14324179e-04
8.05290000e+04,1.97779185e-01,1.97728790e-01,5.03942132e-05
8.05390000e+04,1.22116456e-01,1.22073882e-01,4.25738355e-05
8.05490000e+04,1.18571762e-01,1.18539836e-01,3.19267575e-05
8.05590000e+04,1.11931524e-01,1.11901460e-01,3.00647188e-05
8.05690000e+04,1.01584919e-01,1.01555456e-01,2.94628581e-05
8.05790000e+04,1.02036075e-01,1.02007346e-01,2.87286035e-05
8.05890000e+04,1.02388462e-01,1.02360238e-01,2.82241428e-05
8.05990000e+04,1.00800962e-01,1.00772953e-01,2.80088551e-05
8.06090000e+04,1.00581401e-01,1.00553655e-01,2.77465097e-05
8.06190000e+04,1.00417185e-01,1.00389659e-01,2.75252647e-05
8.06290000e+04,9.99793537e-02,9.99519947e-02,2.73590526e-05
8.06390000e+04,9.98065511e-02,9.97793593e-02,2.71918445e-05
8.06490000e+04,9.95589626e-02,9.95319117e-02,2.70509074e-05
8.06590000e+04,9.93513372e-02,9.93244149e-02,2.69222713e-05
8.06690000e+04,9.91784476e-02,9.91516433e-02,2.68042637e-05
8.06790000e+04,9.87312080e-02,9.87045234e-02,2.66845327e-05
8.06890000e+04,9.86082115e-02,9.85816842e-02,2.65273619e-05
8.06990000e+04,9.84084985e-02,9.83821103e-02,2.63882443e-05
8.07090000e+04,9.82672952e-02,9.82410357e-02,2.62594989e-05
8.07190000e+04,9.81241741e-02,9.80980303e-02,2.61438130e-05
8.07290000e+04,9.80111818e-02,9.79851452e-02,2.60366844e-05
8.07390000e+04,9.78958342e-02,9.78698945e-02,2.59397360e-05
8.07490000e+04,9.77924701e-02,9.77666193e-02,2.58508068e-05
8.07590000e+04,9.76949263e-02,9.76691572e-02,2.57691425e-05
8.07690000e+04,9.76044704e-02,9.75787765e-02,2.56939367e-05
8.07700000e+04,1.91934458e+00,1.91842483e+00,9.19755517e-04
8.07800000e+04,1.42537606e+01,1.42503001e+01,3.46047108e-03
8.07900000e+04,9.56998610e+00,9.56697954e+00,3.00655829e-03
8.08000000e+04,2.02618053e+00,2.02528186e+00,8.98671350e-04
8.08100000e+04,7.57693634e-01,7.57527566e-01,1.66067822e-04
8.08200000e+04,5.15491480e-01,5.15377375e-01,1.14105327e-04
8.08300000e+04,1.92690422e-01,1.92627935e-01,6.24864109e-05
8.08400000e+04,1.37039799e-01,1.37001135e-01,3.86640908e-05
8.08500000e+04,1.30742165e-01,1.30710476e-01,3.16887016e-05
8.08600000e+04,1.05874487e-01,1.05844021e-01,3.04658003e-05
8.08700000e+04,1.04382761e-01,1.04353402e-01,2.93592897e-05
8.08800000e+04,1.04009877e-01,1.03981244e-01,2.86334161e-05
8.08900000e+04,1.02077038e-01,1.02048732e-01,2.83061054e-05
8.09000000e+04,1.01957999e-01,1.01930020e-01,2.79792260e-05
8.09100000e+04,1.01817359e-01,1.01789652e-01,2.77069672e-05
8.09200000e+04,1.01378068e-01,1.01350558e-01,2.75107463e-05
8.09300000e+04,1.01147205e-01,1.01119875e-01,2.73300432e-05
8.09400000e+04,1.00889315e-01,1.00862142e-01,2.71728429e-05
8.09500000e+04,1.00661039e-01,1.00634006e-01,2.70335500e-05
8.09600000e+04,1.00459985e-01,1.00433078e-01,2.69071051e-05
8.09700000e+04,1.00271594e-01,1.00244801e-01,2.67932586e-05
8.09800000e+04,9.98747179e-02,9.98480514e-02,2.66665051e-05
8.09900000e+04,9.98030392e-02,9.97765419e-02,2.64972519e-05
8.10000000e+04,9.95798777e-02,9.95535194e-02,2.63583174e-05
8.10100000e+04,9.94700293e-02,9.94438052e-02,2.62240492e-05
8.10200000e+04,9.93410846e-02,9.93149787e-02,2.61058333e-05
8.10300000e+04,9.92347525e-02,9.92087552e-02,2.59973206e-05
8.10400000e+04,9.91290340e-02,9.91031343e-02,2.58997015e-05
8.10500000e+04,9.90292106e-02,9.90033995e-02,2.58111073e-05
8.10600000e+04,9.89368221e-02,9.89110923e-02,2.57297838e-05
8.10700000e+04,9.88489663e-02,9.88233108e-02,2.56554874e-05
8.10710000e+04,2.51771928e+00,1.91616911e+00,6.01550170e-01
8.10810000e+04,1.92169928e+01,1.86512404e+01,5.65752413e-01
8.10910000e+04,1.18140222e+01,1.12812119e+01,5.32810397e-01
8.11010000e+04,2.44690894e+00,1.92104299e+00,5.25865947e-01
8.11110000e+04,1.88643909e+00,1.37354238e+00,5.12896710e-01
8.11210000e+04,1.39998462e+00,8.90949499e-01,5.09035118e-01
8.11310000e+04,1.12944218e+00,6.26080898e-01,5.03361278e-01
8.11410000e+04,1.01019039e+00,5.09117023e-01,5.01073368e-01
8.11510000e+04,1.03704766e+00,5.38486087e-01,4.98561569e-01
8.11610000e+04,1.00533638e+00,5.08130813e-01,4.97205564e-01
8.11710000e+04,1.00324694e+00,5.07357848e-01,4.95889092e-01
8.11810000e+04,1.01569652e+00,5.21046225e-01,4.94650296e-01
8.11910000e+04,1.00815797e+00,5.14438454e-01,4.93719517e-01
8.12010000e+04,1.01227188e+00,5.19481340e-01,4.92790541e-01
8.12110000e+04,1.00875656e+00,5.16666601e-01,4.92089954e-01
8.12210000e+04,1.00877692e+00,5.17329828e-01,4.91447091e-01
8.12310000e+04,1.00715039e+00,5.16251199e-01,4.90899193e-01
8.12410000e+04,1.00659073e+00,5.16183725e-01,4.90407006e-01
8.12510000e+04,1.00587975e+00,5.15910840e-01,4.89968907e-01
8.12610000e+04,1.00509809e+00,5.15521064e-01,4.89577023e-01
8.12710000e+04,1.00465907e+00,5.15438755e-01,4.89220315e-01
8.12810000e+04,1.01831680e+00,5.29619345e-01,4.88697453e-01
8.12910000e+04,1.01283532e+00,5.24472441e-01,4.88362883e-01
8.13010000e+04,1.01195267e+00,5.23953288e-01,4.87999386e-01
8.13110000e+04,1.01573961e+00,5.28119361e-01,4.87620246e-01
8.13210000e+04,1.01461144e+00,5.27285748e-01,4.87325697e-01
8.13310000e+04,1.01423710e+00,5.27185631e-01,4.87051468e-01
8.13410000e+04,1.01475172e+00,5.27958012e-01,4.86793713e-01
8.13510000e+04,1.01455190e+00,5.27986079e-01,4.86565823e-01
8.13610000e+04,1.01446831e+00,5.28111567e-01,4.86356741e-01
8.13710000e+04,1.01450994e+00,5.28345618e-01,4.86164320e-01
8.13720000e+04,1.98444286e+00,1.89919680e+00,8.52460594e-02
8.13820000e+04,1.40578684e+01,1.40052649e+01,5.26034698e-02
8.13920000e+04,9.14820606e+00,9.11208948e+00,3.61165820e-02
8.14020000e+04,2.43871869e+00,2.41572310e+00,2.29955977e-02
8.14120000e+04,9.48660777e-01,9.33779737e-01,1.48810402e-02
8.14220000e+04,7.36078352e-01,7.26500986e-01,9.57736527e-03
8.14320000e+04,3.97993199e-01,3.91271181e-01,6.72201771e-03
8.14420000e+04,3.62888878e-01,3.57966139e-01,4.92273936e-03
8.14520000e+04,3.70161300e-01,3.66341224e-01,3.82007607e-03
8.14620000e+04,3.27248882e-01,3.24086694e-01,3.16218834e-03
8.14720000e+04,3.30626691e-01,3.27924239e-01,2.70245192e-03
8.14820000e+04,3.35411562e-01,3.33103454e-01,2.30810795e-03
8.14920000e+04,3.27584810e-01,3.25578712e-01,2.00609874e-03
8.15020000e+04,3.27191973e-01,3.25427694e-01,1.76427856e-03
8.15120000e+04,3.25350695e-01,3.23775157e-01,1.57553838e-03
8.15220000e+04,3.23110568e-01,3.21685947e-01,1.42462083e-03
8.15320000e+04,3.22209160e-01,3.20909328e-01,1.29983238e-03
8.15420000e+04,3.20497724e-01,3.19301166e-01,1.19655752e-03
8.15520000e+04,3.19286740e-01,3.18177798e-01,1.10894186e-03
8.15620000e+04,3.18104514e-01,3.17070021e-01,1.03449305e-03
8.15720000e+04,3.17044636e-01,3.16074106e-01,9.70529470e-04
8.15820000e+04,3.20353719e-01,3.19464342e-01,8.89376907e-04
8.15920000e+04,3.16801177e-01,3.15980912e-01,8.20264588e-04
8.16020000e+04,3.18001094e-01,3.17243879e-01,7.57214812e-04
8.16120000e+04,3.16244164e-01,3.15540103e-01,7.04061529e-04
8.16220000e+04,3.16132540e-01,3.15474110e-01,6.58429696e-04
8.16320000e+04,3.15270794e-01,3.14650939e-01,6.19854628e-04
8.16420000e+04,3.14840419e-01,3.14253957e-01,5.86461410e-04
8.16520000e+04,3.14165676e-01,3.13607897e-01,5.57779177e-04
8.16620000e+04,3.13621329e-01,3.13088626e-01,5.32703897e-04
8.16720000e+04,3.13087969e-01,3.12577249e-01,5.10720202e-04
8.16730000e+04,1.87452219e+00,1.87330127e+00,1.22091327e-03
8.16830000e+04,2.18614716e+01,2.18568318e+01,4.63985611e-03
8.16930000e+04,1.24335143e+01,1.24304669e+01,3.04736870e-03
8.17030000e+04,1.82962415e+00,1.82909805e+00,5.26104959e-04
8.17130000e+04,8.31658081e-01,8.31374562e-01,2.83519274e-04
8.17230000e+04,6.01523587e-01,6.01355931e-01,1.67656504e-04
8.17330000e+04,2.33060027e-01,2.32975458e-01,8.45692820e-05
8.17430000e+04,1.87188017e-01,1.87121492e-01,6.65250601e-05
8.17530000e+04,1.82612374e-01,1.82559369e-01,5.30057772e-05
8.17630000e+04,1.73207910e-01,1.73158994e-01,4.89167275e-05
8.17730000e+04,1.64417863e-01,1.64371561e-01,4.63014723e-05
8.17830000e+04,1.63522972e-01,1.63479446e-01,4.35261165e-05
8.17930000e+04,1.61275636e-01,1.61234195e-01,4.14417626e-05
8.18030000e+04,1.59430197e-01,1.59390248e-01,3.99490010e-05
8.18130000e+04,1.59553351e-01,1.59514597e-01,3.87543819e-05
8.18230000e+04,1.59680791e-01,1.59642901e-01,3.78904576e-05
8.18330000e+04,1.59019531e-01,1.58982207e-01,3.73238584e-05
8.18430000e+04,1.58705923e-01,1.58669078e-01,3.68448607e-05
8.18530000e+04,1.58306960e-01,1.58270497e-01,3.64628666e-05
8.18630000e+04,1.58087476e-01,1.58051356e-01,3.61195576e-05
8.18730000e+04,1.57870859e-01,1.57835033e-01,3.58263153e-05
8.18830000e+04,1.57411653e-01,1.57376164e-01,3.54890506e-05
8.18930000e+04,1.57329915e-01,1.57294833e-01,3.50825567e-05
8.19030000e+04,1.57243670e-01,1.57208949e-01,3.47206289e-05
8.19130000e+04,1.56933111e-01,1.56898651e-01,3.44603762e-05
8.19230000e+04,1.56869792e-01,1.56835588e-01,3.42042654e-05
8.19330000e+04,1.56775819e-01,1.56741832e-01,3.39871675e-05
8.19430000e+04,1.56636313e-01,1.56602509e-01,3.38042129e-05
8.19530000e+04,1.56571471e-01,1.56537838e-01,3.36326351e-05
8.19630000e+04,1.56452214e-01,1.56418726e-01,3.34881364e-05
8.19730000e+04,1.56367953e-01,1.56334599e-01,3.33544293e-05
8.19740000e+04,1.78040507e+00,1.77960891e+00,7.96158050e-04
8.19840000e+04,1.28347140e+01,1.28316628e+01,3.05122918e-03
8.19940000e+04,8.87498748e+00,8.87233062e+00,2.65686515e-03
8.20040000e+04,2.19305309e+00,2.19205297e+00,1.00012454e-03
8.20140000e+04,8.16301937e-01,8.16133564e-01,1.68372795e-04
8.20240000e+04,4.68088143e-01,4.67985333e-01,1.02810057e-04
8.20340000e+04,1.83079801e-01,1.83016273e-01,6.35274719e-05
8.20440000e+04,1.49620353e-01,1.49581207e-01,3.91465016e-05
8.20540000e+04,1.41286556e-01,1.41253608e-01,3.29483140e-05
8.20640000e+04,1.16193145e-01,1.16161524e-01,3.16209605e-05
8.20740000e+04,1.16468248e-01,1.16437954e-01,3.02942907e-05
8.20840000e+04,1.15668100e-01,1.15638465e-01,2.96351920e-05
8.20940000e+04,1.13901665e-01,1.13872381e-01,2.92838024e-05
8.21040000e+04,1.14325268e-01,1.14296388e-01,2.88795381e-05
8.21140000e+04,1.14099972e-01,1.14071357e-01,2.86152267e-05
8.21240000e+04,1.13732431e-01,1.13704023e-01,2.84070930e-05
8.21340000e+04,1.13484731e-01,1.13456510e-01,2.82212700e-05
8.21440000e+04,1.13184086e-01,1.13156021e-01,2.80650633e-05
8.21540000e+04,1.12989294e-01,1.12961376e-01,2.79184008e-05
8.21640000e+04,1.12799786e-01,1.12771999e-01,2.77869534e-05
8.21740000e+04,1.12638834e-01,1.12611167e-01,2.76665147e-05
8.21840000e+04,1.12164896e-01,1.12137351e-01,2.75453871e-05
8.21940000e+04,1.12215328e-01,1.12187982e-01,2.73462564e-05
8.22040000e+04,1.12066919e-01,1.12039741e-01,2.71780248e-05
8.22140000e+04,1.11933811e-01,1.11906779e-01,2.70318727e-05
8.22240000e+04,1.11820846e-01,1.11793948e-01,2.68978136e-05
8.22340000e+04,1.11732401e-01,1.11705625e-01,2.67757107e-05
8.22440000e+04,1.11621717e-01,1.11595048e-01,2.66692368e-05
8.22540000e+04,1.11528206e-01,1.11501635e-01,2.65714193e-05
8.22640000e+04,1.11438428e-01,1.11411946e-01,2.64827240e-05
8.22740000e+04,1.11352920e-01,1.11326518e-01,2.64019063e-05
8.22750000e+04,1.76988458e+00,1.76911484e+00,7.69741481e-04
8.22850000e+04,1.58329210e+01,1.58289827e+01,3.93828632e-03
8.22950000e+04,9.88768786e+00,9.88479391e+00,2.89395783e-03
8.23050000e+04,1.55589686e+00,1.55541513e+00,4.81732235e-04
8.23150000e+04,7.31913714e-01,7.31684498e-01,2.29216165e-04
8.23250000e+04,5.29825306e-01,5.29708393e-01,1.16912565e-04
8.23350000e+04,1.78054311e-01,1.78007614e-01,4.66976429e-05
8.23450000e+04,1.20518447e-01,1.20478608e-01,3.98386522e-05
8.23550000e+04,1.18754993e-01,1.18724692e-01,3.03003650e-05
8.23650000e+04,1.06991767e-01,1.06963159e-01,2.86072374e-05
8.23750000e+04,9.79077298e-02,9.78797351e-02,2.79946573e-05
8.23850000e+04,9.90908017e-02,9.90635541e-02,2.72476027e-05
8.23950000e+04,9.87267793e-02,9.86999412e-02,2.68380649e-05
8.24050000e+04,9.72663486e-02,9.72397200e-02,2.66286227e-05
8.24150000e+04,9.72124335e-02,9.71860721e-02,2.63614118e-05
8.24250000e+04,9.70026130e-02,9.69764575e-02,2.61555744e-05
8.24350000e+04,9.65416815e-02,9.65156803e-02,2.60011217e-05
8.24450000e+04,9.63759732e-02,9.63501291e-02,2.58440143e-05
8.24550000e+04,9.61077476e-02,9.60820349e-02,2.57127466e-05
8.24650000e+04,9.59010134e-02,9.58754216e-02,2.55918434e-05
8.24750000e+04,9.57101714e-02,9.56846891e-02,2.54822652e-05
8.24850000e+04,9.51885003e-02,9.51631196e-02,2.53807140e-05
8.24950000e+04,9.50770342e-02,9.50518102e-02,2.52240462e-05
8.25050000e+04,9.49145203e-02,9.48894395e-02,2.50807344e-05
8.25150000e+04,9.47916702e-02,9.47667184e-02,2.49518352e-05
8.25250000e+04,9.46420557e-02,9.46172178e-02,2.48378554e-05
8.25350000e+04,9.45362837e-02,9.45115525e-02,2.47311677e-05
8.25450000e+04,9.44221621e-02,9.43975260e-02,2.46360694e-05
8.25550000e+04,9.43257438e-02,9.43011958e-02,2.45480011e-05
8.25650000e+04,9.42301417e-02,9.42056737e-02,2.44680061e-05
8.25750000e+04,9.41440921e-02,9.41196979e-02,2.43941814e-05
8.25760000e+04,1.70800281e+00,1.70725815e+00,7.44660133e-04
8.25860000e+04,1.19483666e+01,1.19453879e+01,2.97873919e-03
8.25960000e+04,8.16709099e+00,8.16442448e+00,2.66650696e-03
8.26060000e+04,1.90957786e+00,1.90864672e+00,9.31145550e-04
8.26160000e+04,7.48298815e-01,7.48135865e-01,1.62949528e-04
8.26260000e+04,4.52206976e-01,4.52102246e-01,1.04730216e-04
8.26360000e+04,1.78013159e-01,1.77954209e-01,5.89500399e-05
8.26460000e+04,1.32749290e-01,1.32713894e-01,3.53959588e-05
8.26560000e+04,1.21205263e-01,1.21175831e-01,2.94316665e-05
8.26660000e+04,9.87572252e-02,9.87291508e-02,2.80743765e-05
8.26760000e+04,9.76011245e-02,9.75740892e-02,2.70352895e-05
8.26860000e+04,9.69362277e-02,9.69097834e-02,2.64443261e-05
8.26960000e+04,9.52279484e-02,9.52018248e-02,2.61236259e-05
8.27060000e+04,9.50841449e-02,9.50583238e-02,2.58210993e-05
8.27160000e+04,9.47540104e-02,9.47284229e-02,2.55875087e-05
8.27260000e+04,9.43942722e-02,9.43688690e-02,2.54032242e-05
8.27360000e+04,9.41871548e-02,9.41619199e-02,2.52349263e-05
8.27460000e+04,9.39454824e-02,9.39203907e-02,2.50916562e-05
8.27560000e+04,9.37589424e-02,9.37339808e-02,2.49615680e-05
8.27660000e+04,9.35747058e-02,9.35498601e-02,2.48457095e-05
8.27760000e+04,9.34147800e-02,9.33900398e-02,2.47401441e-05
8.27860000e+04,9.30629775e-02,9.30383531e-02,2.46244417e-05
8.27960000e+04,9.30163430e-02,9.29918753e-02,2.44676753e-05
8.28060000e+04,9.28048323e-02,9.27804923e-02,2.43400084e-05
8.28160000e+04,9.27095746e-02,9.26853587e-02,2.42159624e-05
8.28260000e+04,9.25881482e-02,9.25640405e-02,2.41076753e-05
8.28360000e+04,9.24921263e-02,9.24681184e-02,2.40079164e-05
8.28460000e+04,9.23961384e-02,9.23722201e-02,2.39183174e-05
8.28560000e+04,9.23045676e-02,9.22807305e-02,2.38371534e-05
8.28660000e+04,9.22211066e-02,9.21973439e-02,2.37627772e-05
8.28760000e+04,9.21413993e-02,9.21177045e-02,2.36947397e-05
8.28770000e+04,1.70470678e+00,1.70398753e+00,7.19250591e-04
8.28870000e+04,1.62398468e+01,1.62359177e+01,3.92915684e-03
8.28970000e+04,1.00836852e+01,1.00807620e+01,2.92325189e-03
8.29070000e+04,1.68597851e+00,1.68548605e+00,4.92460216e-04
8.29170000e+04,6.68842875e-01,6.68624043e-01,2.18832031e-04
8.29270000e+04,5.15708946e-01,5.15589918e-01,1.19027224e-04
8.29370000e+04,1.65493765e-01,1.65447331e-01,4.64345770e-05
8.29470000e+04,1.13788471e-01,1.13750709e-01,3.77613105e-05
8.29570000e+04,1.13656467e-01,1.13627902e-01,2.85648492e-05
8.29670000e+04,9.83079030e-02,9.82806646e-02,2.72384605e-05
8.29770000e+04,9.11631578e-02,9.11366299e-02,2.65279248e-05
8.29870000e+04,9.28532321e-02,9.28275381e-02,2.56940160e-05
8.29970000e+04,9.17513117e-02,9.17259112e-02,2.54005459e-05
8.30070000e+04,9.04875946e-02,9.04624110e-02,2.51835933e-05
8.30170000e+04,9.04176269e-02,9.03926965e-02,2.49304303e-05
8.30270000e+04,9.01715814e-02,9.01468354e-02,2.47460319e-05
8.30370000e+04,8.97492038e-02,8.97246044e-02,2.45993998e-05
8.30470000e+04,8.95828061e-02,8.95583530e-02,2.44531267e-05
8.30570000e+04,8.93521399e-02,8.93278106e-02,2.43292465e-05
8.30670000e+04,8.91514477e-02,8.91272307e-02,2.42169352e-05
8.30770000e+04,8.89854116e-02,8.89612980e-02,2.41135745e-05
8.30870000e+04,8.85394567e-02,8.85154413e-02,2.40153728e-05
8.30970000e+04,8.84378640e-02,8.84139895e-02,2.38745565e-05
8.31070000e+04,8.82534391e-02,8.82296884e-02,2.37506675e-05
8.31170000e+04,8.81364968e-02,8.81128620e-02,2.36347452e-05
8.31270000e+04,8.80033048e-02,8.79797731e-02,2.35317111e-05
8.31370000e+04,8.79029171e-02,8.78794812e-02,2.34358715e-05
8.31470000e+04,8.77984855e-02,8.77751357e-02,2.33498069e-05
8.31570000e+04,8.77074717e-02,8.76842015e-02,2.32702407e-05
8.31670000e+04,8.76192881e-02,8.75960905e-02,2.31976109e-05
8.31770000e+04,8.75393197e-02,8.75161891e-02,2.31306094e-05
8.31780000e+04,1.64699836e+00,1.64630340e+00,6.94961060e-04
8.31880000e+04,1.17233779e+01,1.17204793e+01,2.89863700e-03
8.31980000e+04,7.87371799e+00,7.87111493e+00,2.60305919e-03
8.32080000e+04,1.87982551e+00,1.87891580e+00,9.09703365e-04
8.32180000e+04,7.31003124e-01,7.30840740e-01,1.62384341e-04
8.32280000e+04,4.27311328e-01,4.27205827e-01,1.05500955e-04
8.32380000e+04,1.69699240e-01,1.69641924e-01,5.73160172e-05
8.32480000e+04,1.27401734e-01,1.27367705e-01,3.40296185e-05
8.32580000e+04,1.16672111e-01,1.16643669e-01,2.84427517e-05
8.32680000e+04,9.57029968e-02,9.56760417e-02,2.69550668e-05
8.32780000e+04,9.38871867e-02,9.38612360e-02,2.59506836e-05
8.32880000e+04,9.31955408e-02,9.31701101e-02,2.54306983e-05
8.32980000e+04,9.14585600e-02,9.14334339e-02,2.51260953e-05
8.33080000e+04,9.12815377e-02,9.12566943e-02,2.48434331e-05
8.33180000e+04,9.10080526e-02,9.09834400e-02,2.46126357e-05
8.33280000e+04,9.06576624e-02,9.06332273e-02,2.44351152e-05
8.33380000e+04,9.04397236e-02,9.04154498e-02,2.42737880e-05
8.33480000e+04,9.02378383e-02,9.02137054e-02,2.41329532e-05
8.33580000e+04,9.00403650e-02,9.00163555e-02,2.40094557e-05
8.33680000e+04,8.98711939e-02,8.98472973e-02,2.38966616e-05
8.33780000e+04,8.97162808e-02,8.96924853e-02,2.37954595e-05
8.33880000e+04,8.93545443e-02,8.93308553e-02,2.36889656e-05
8.33980000e+04,8.93067838e-02,8.92832417e-02,2.35420921e-05
8.34080000e+04,8.90967372e-02,8.90733136e-02,2.34235555e-05
8.34180000e+04,8.90099836e-02,8.89866771e-02,2.33064794e-05
8.34280000e+04,8.88972703e-02,8.88740663e-02,2.32039876e-05
8.34380000e+04,8.88096469e-02,8.87865376e-02,2.31093743e-05
8.34480000e+04,8.87178585e-02,8.86948336e-02,2.30248937e-05
8.34580000e+04,8.86328534e-02,8.86099056e-02,2.29477455e-05
8.34680000e+04,8.85552395e-02,8.85323624e-02,2.28771390e-05
8.34780000e+04,8.84811741e-02,8.84583615e-02,2.28125845e-05
8.34790000e+04,1.64325337e+00,1.64258243e+00,6.70935536e-04
8.34890000e+04,1.59686995e+01,1.59648630e+01,3.83658706e-03
8.34990000e+04,9.95383140e+00,9.95096724e+00,2.86415528e-03
8.35090000e+04,1.70981444e+00,1.70931091e+00,5.03531858e-04
8.35190000e+04,6.21325355e-01,6.21117098e-01,2.08257010e-04
8.35290000e+04,4.97082925e-01,4.96965263e-01,1.17662123e-04
8.35390000e+04,1.53113879e-01,1.53068195e-01,4.56836614e-05
8.35490000e+04,1.12024332e-01,1.11987832e-01,3.64996175e-05
8.35590000e+04,1.12065866e-01,1.12038037e-01,2.78294327e-05
8.35690000e+04,9.41196541e-02,9.40931622e-02,2.64918210e-05
8.35790000e+04,8.80571377e-02,8.80313700e-02,2.57676675e-05
8.35890000e+04,9.00224604e-02,8.99975687e-02,2.48917143e-05
8.35990000e+04,8.86215749e-02,8.85969468e-02,2.46281267e-05
8.36090000e+04,8.74849895e-02,8.74605756e-02,2.44139017e-05
8.36190000e+04,8.75061344e-02,8.74819790e-02,2.41553623e-05
8.36290000e+04,8.71937163e-02,8.71697357e-02,2.39806472e-05
8.36390000e+04,8.68477675e-02,8.68239346e-02,2.38328863e-05
8.36490000e+04,8.67095034e-02,8.66858165e-02,2.36868951e-05
8.36590000e+04,8.64822884e-02,8.64587216e-02,2.35667594e-05
8.36690000e+04,8.63109797e-02,8.62875248e-02,2.34548911e-05
8.36790000e+04,8.61460764e-02,8.61227218e-02,2.33546620e-05
8.36890000e+04,8.57179257e-02,8.56946656e-02,2.32600768e-05
8.36990000e+04,8.56283845e-02,8.56052598e-02,2.31246190e-05
8.37090000e+04,8.54421036e-02,8.54190960e-02,2.30076401e-05
8.37190000e+04,8.53344702e-02,8.53115741e-02,2.28961698e-05
8.37290000e+04,8.52080585e-02,8.51852612e-02,2.27973327e-05
8.37390000e+04,8.51155052e-02,8.50928001e-02,2.27051049e-05
8.37490000e+04,8.50178820e-02,8.49952598e-02,2.26222557e-05
8.37590000e+04,8.49316047e-02,8.49090587e-02,2.25459633e-05
8.37690000e+04,8.48491132e-02,8.48266372e-02,2.24759822e-05
8.37790000e+04,8.47731492e-02,8.47507377e-02,2.24114718e-05
8.37800000e+04,1.58757663e+00,1.58692843e+00,6.48193724e-04
8.37900000e+04,1.12799383e+01,1.12771475e+01,2.79078855e-03
8.38000000e+04,7.49824063e+00,7.49573008e+00,2.51054672e-03
8.38100000e+04,1.83115031e+00,1.83025054e+00,8.99769389e-04
8.38200000e+04,7.20714006e-01,7.20551603e-01,1.62402355e-04
8.38300000e+04,4.08861418e-01,4.08755962e-01,1.05456752e-04
8.38400000e+04,1.65900860e-01,1.65844586e-01,5.62734677e-05
8.38500000e+04,1.24854381e-01,1.24821508e-01,3.28729529e-05
8.38600000e+04,1.13531026e-01,1.13503339e-01,2.76866914e-05
8.38700000e+04,9.35775340e-02,9.35513546e-02,2.61793856e-05
8.38800000e+04,9.13140026e-02,9.12888495e-02,2.51531276e-05
8.38900000e+04,9.06962346e-02,9.06715793e-02,2.46553208e-05
8.39000000e+04,8.89131148e-02,8.88887401e-02,2.43746957e-05
8.39100000e+04,8.87408944e-02,8.87167986e-02,2.40957320e-05
8.39200000e+04,8.85128199e-02,8.84889515e-02,2.38683084e-05
8.39300000e+04,8.81847586e-02,8.81610651e-02,2.36934339e-05
8.39400000e+04,8.79717042e-02,8.79481687e-02,2.35354362e-05
8.39500000e+04,8.77807060e-02,8.77573079e-02,2.33980711e-05
8.39600000e+04,8.75877980e-02,8.75645205e-02,2.32774827e-05
8.39700000e+04,8.74242442e-02,8.74010765e-02,2.31676503e-05
8.39800000e+04,8.72747763e-02,8.72517074e-02,2.30688600e-05
8.39900000e+04,8.69131007e-02,8.68901322e-02,2.29685201e-05
8.40000000e+04,8.68656599e-02,8.68428314e-02,2.28284757e-05
8.40100000e+04,8.66588523e-02,8.66361366e-02,2.27157053e-05
8.40200000e+04,8.65783959e-02,8.65557926e-02,2.26033326e-05
8.40300000e+04,8.64685730e-02,8.64460677e-02,2.25053391e-05
8.40400000e+04,8.63830616e-02,8.63606467e-02,2.24148415e-05
8.40500000e+04,8.62956798e-02,8.62733462e-02,2.23336346e-05
8.40600000e+04,8.62140049e-02,8.61917453e-02,2.22595738e-05
8.40700000e+04,8.61394236e-02,8.61172318e-02,2.21917429e-05
8.40800000e+04,8.60677671e-02,8.60456374e-02,2.21296063e-05
8.40810000e+04,1.58315345e+00,1.58252756e+00,6.25884232e-04
8.40910000e+04,1.54293492e+01,1.54256439e+01,3.70528495e-03
8.41010000e+04,9.78640284e+00,9.78360674e+00,2.79609382e-03
8.41110000e+04,1.72718699e+00,1.72666953e+00,5.17465604e-04
8.41210000e+04,5.78936213e-01,5.78737694e-01,1.98518988e-04
8.41310000e+04,4.83308728e-01,4.83191315e-01,1.17413065e-04
8.41410000e+04,1.46516586e-01,1.46470266e-01,4.63201768e-05
8.41510000e+04,1.09711645e-01,1.09675900e-01,3.57452406e-05
8.41610000e+04,1.10133785e-01,1.10106551e-01,2.72341864e-05
8.41710000e+04,9.02452418e-02,9.02194857e-02,2.57561437e-05
8.41810000e+04,8.55774309e-02,8.55523712e-02,2.50596801e-05
8.41910000e+04,8.77008367e-02,8.76766516e-02,2.41851593e-05
8.42010000e+04,8.59147085e-02,8.58907413e-02,2.39672697e-05
8.42110000e+04,8.50392744e-02,8.50155336e-02,2.37407586e-05
8.42210000e+04,8.51628677e-02,8.51393869e-02,2.34807232e-05
8.42310000e+04,8.47595553e-02,8.47362346e-02,2.33207760e-05
8.42410000e+04,8.45079592e-02,8.44847896e-02,2.31696352e-05
8.42510000e+04,8.43621100e-02,8.43390808e-02,2.30291285e-05
8.42610000e+04,8.41389300e-02,8.41160168e-02,2.29131467e-05
8.42710000e+04,8.39898526e-02,8.39670493e-02,2.28033381e-05
8.42810000e+04,8.38256501e-02,8.38029431e-02,2.27069318e-05
8.42910000e+04,8.34064258e-02,8.33838091e-02,2.26167392e-05
8.43010000e+04,8.33222712e-02,8.32997843e-02,2.24869074e-05
8.43110000e+04,8.31396912e-02,8.31173161e-02,2.23751200e-05
8.43210000e+04,8.30349556e-02,8.30126870e-02,2.22685338e-05
8.43310000e+04,8.29148136e-02,8.28926397e-02,2.21738914e-05
8.43410000e+04,8.28247616e-02,8.28026758e-02,2.20858074e-05
8.43510000e+04,8.27313718e-02,8.27093655e-02,2.20062891e-05
8.43610000e+04,8.26478583e-02,8.26259249e-02,2.19333882e-05
8.43710000e+04,8.25683421e-02,8.25464757e-02,2.18664196e-05
8.43810000e+04,8.24950704e-02,8.24732657e-02,2.18047913e-05
8.43820000e+04,2.14308933e+00,1.52916337e+00,6.13925958e-01
8.43920000e+04,1.15972707e+01,1.10281472e+01,5.69123517e-01
8.44020000e+04,7.40091553e+00,6.85083689e+00,5.50078631e-01
8.44120000e+04,2.61706619e+00,2.07774772e+00,5.39318469e-01
8.44220000e+04,1.62373171e+00,1.09018556e+00,5.33546153e-01
8.44320000e+04,1.40930999e+00,8.80383395e-01,5.28926597e-01
8.44420000e+04,1.09189842e+00,5.64593744e-01,5.27304674e-01
8.44520000e+04,1.14290469e+00,6.18131749e-01,5.24772939e-01
8.44620000e+04,1.08306257e+00,5.59101238e-01,5.23961332e-01
8.44720000e+04,1.08426488e+00,5.61396900e-01,5.22867980e-01
8.44820000e+04,1.06731376e+00,5.45005110e-01,5.22308647e-01
8.44920000e+04,1.08576202e+00,5.64272879e-01,5.21489142e-01
8.45020000e+04,1.07909190e+00,5.58130878e-01,5.20961024e-01
8.45120000e+04,1.08070936e+00,5.60248195e-01,5.20461164e-01
8.45220000e+04,1.07540978e+00,5.55315246e-01,5.20094536e-01
8.45320000e+04,1.07277151e+00,5.53008030e-01,5.19763475e-01
8.45420000e+04,1.06945006e+00,5.49965763e-01,5.19484293e-01
8.45520000e+04,1.06690256e+00,5.47668270e-01,5.19234290e-01
8.45620000e+04,1.06437821e+00,5.45364711e-01,5.19013494e-01
8.45720000e+04,1.06244232e+00,5.43630074e-01,5.18812246e-01
8.45820000e+04,1.06057234e+00,5.41940688e-01,5.18631653e-01
8.45920000e+04,1.07530414e+00,5.57009069e-01,5.18295068e-01
8.46020000e+04,1.07114723e+00,5.53024481e-01,5.18122749e-01
8.46120000e+04,1.07486496e+00,5.56976774e-01,5.17888181e-01
8.46220000e+04,1.07399155e+00,5.56280979e-01,5.17710571e-01
8.46320000e+04,1.07200462e+00,5.54445641e-01,5.17558983e-01
8.46420000e+04,1.07157170e+00,5.54161864e-01,5.17409834e-01
8.46520000e+04,1.07014120e+00,5.52859231e-01,5.17281972e-01
8.46620000e+04,1.06937049e+00,5.52210198e-01,5.17160292e-01
8.46720000e+04,1.06861197e+00,5.51562894e-01,5.17049071e-01
8.46820000e+04,1.06777480e+00,5.50826847e-01,5.16947952e-01
8.46830000e+04,1.61750654e+00,1.53763183e+00,7.98747109e-02
8.46930000e+04,1.60655896e+01,1.60187586e+01,4.68309793e-02
8.47030000e+04,9.75732236e+00,9.72627353e+00,3.10488292e-02
8.47130000e+04,1.82121618e+00,1.80102868e+00,2.01875013e-02
8.47230000e+04,7.89204193e-01,7.74113673e-01,1.50905204e-02
8.47330000e+04,6.44501948e-01,6.32768978e-01,1.17329691e-02
8.47430000e+04,2.91587986e-01,2.82211035e-01,9.37695085e-03
8.47530000e+04,2.72838582e-01,2.65270390e-01,7.56819193e-03
8.47630000e+04,2.75083239e-01,2.68865427e-01,6.21781191e-03
8.47730000e+04,2.53077346e-01,2.47897309e-01,5.18003782e-03
8.47830000e+04,2.53457482e-01,2.49085318e-01,4.37216425e-03
8.47930000e+04,2.53966421e-01,2.50308812e-01,3.65760865e-03
8.48030000e+04,2.50509744e-01,2.47462626e-01,3.04711802e-03
8.48130000e+04,2.50536941e-01,2.47960783e-01,2.57615779e-03
8.48230000e+04,2.49334722e-01,2.47112834e-01,2.22188852e-03
8.48330000e+04,2.48143976e-01,2.46190843e-01,1.95313327e-03
8.48430000e+04,2.47301254e-01,2.45553440e-01,1.74781421e-03
8.48530000e+04,2.46286231e-01,2.44698443e-01,1.58778757e-03
8.48630000e+04,2.45332001e-01,2.43871051e-01,1.46095082e-03
8.48730000e+04,2.44507890e-01,2.43149381e-01,1.35850897e-03
8.48830000e+04,2.43721816e-01,2.42447400e-01,1.27441607e-03
8.48930000e+04,2.45456643e-01,2.44280417e-01,1.17622586e-03
8.49030000e+04,2.44063754e-01,2.42976032e-01,1.08772183e-03
8.49130000e+04,2.44636491e-01,2.43623675e-01,1.01281627e-03
8.49230000e+04,2.43949725e-01,2.42999049e-01,9.50676226e-04
8.49330000e+04,2.43635098e-01,2.42736551e-01,8.98546710e-04
8.49430000e+04,2.43149918e-01,2.42294844e-01,8.55073673e-04
8.49530000e+04,2.42763442e-01,2.41945321e-01,8.18121348e-04
8.49630000e+04,2.42354958e-01,2.41568683e-01,7.86274980e-04
8.49730000e+04,2.41952317e-01,2.41193735e-01,7.58582253e-04
8.49830000e+04,2.41600648e-01,2.40866348e-01,7.34299665e-04
8.49840000e+04,1.50923288e+00,1.50806766e+00,1.16521689e-03
8.49940000e+04,1.27386906e+01,1.27356678e+01,3.02278495e-03
8.50040000e+04,7.05983348e+00,7.05732281e+00,2.51067383e-03
8.50140000e+04,1.82001297e+00,1.81895263e+00,1.06033841e-03
8.50240000e+04,8.51098314e-01,8.50833025e-01,2.65288830e-04
8.50340000e+04,4.67662223e-01,4.67459728e-01,2.02495642e-04
8.50440000e+04,2.39502203e-01,2.39364557e-01,1.37646638e-04
8.50540000e+04,2.15621756e-01,2.15530260e-01,9.14964972e-05
8.50640000e+04,2.12995734e-01,2.12918692e-01,7.70418658e-05
8.50740000e+04,1.82478252e-01,1.82407107e-01,7.11455935e-05
8.50840000e+04,1.80039751e-01,1.79974696e-01,6.50551035e-05
8.50940000e+04,1.83613163e-01,1.83554278e-01,5.88857280e-05
8.51040000e+04,1.80491316e-01,1.80436405e-01,5.49105352e-05
8.51140000e+04,1.78297853e-01,1.78245906e-01,5.19470777e-05
8.51240000e+04,1.76977694e-01,1.76928131e-01,4.95630110e-05
8.51340000e+04,1.76960613e-01,1.76913138e-01,4.74754182e-05
8.51440000e+04,1.76300529e-01,1.76254668e-01,4.58607517e-05
8.51540000e+04,1.75728097e-01,1.75683571e-01,4.45258869e-05
8.51640000e+04,1.75216698e-01,1.75173292e-01,4.34059111e-05
8.51740000e+04,1.74687010e-01,1.74644543e-01,4.24671357e-05
8.51840000e+04,1.74292499e-01,1.74250845e-01,4.16543722e-05
8.51940000e+04,1.75163304e-01,1.75122908e-01,4.03957993e-05
8.52040000e+04,1.75276596e-01,1.75237226e-01,3.93693829e-05
8.52140000e+04,1.75215498e-01,1.75176986e-01,3.85121111e-05
8.52240000e+04,1.74677202e-01,1.74639317e-01,3.78851179e-05
8.52340000e+04,1.74452674e-01,1.74415353e-01,3.73211878e-05
8.52440000e+04,1.74157803e-01,1.74120945e-01,3.68583353e-05
8.52540000e+04,1.73900268e-01,1.73863812e-01,3.64568270e-05
8.52640000e+04,1.73647118e-01,1.73611006e-01,3.61123119e-05
8.52740000e+04,1.73417409e-01,1.73381597e-01,3.58115367e-05
8.52840000e+04,1.73202005e-01,1.73166458e-01,3.55472836e-05
8.52850000e+04,3.16943791e+00,1.47671196e+00,1.69272594e+00
8.52950000e+04,1.73872527e+01,1.58385404e+01,1.54871234e+00
8.53050000e+04,1.23691045e+01,1.09057738e+01,1.46333062e+00
8.53150000e+04,4.02656294e+00,2.61877825e+00,1.40778469e+00
8.53250000e+04,2.49489638e+00,1.13266519e+00,1.36223120e+00
8.53350000e+04,2.06194397e+00,7.27410499e-01,1.33453347e+00
8.53450000e+04,1.75561268e+00,4.42712959e-01,1.31289972e+00
8.53550000e+04,1.64763572e+00,3.48485192e-01,1.29915053e+00
8.53650000e+04,1.67837637e+00,3.89727085e-01,1.28864928e+00
8.53750000e+04,1.64307793e+00,3.61671379e-01,1.28140655e+00
8.53850000e+04,1.64852503e+00,3.72699874e-01,1.27582515e+00
8.53950000e+04,1.65625590e+00,3.85286479e-01,1.27096942e+00
8.54050000e+04,1.65263423e+00,3.85713864e-01,1.26692036e+00
8.54150000e+04,1.65754520e+00,3.93946306e-01,1.26359890e+00
8.54250000e+04,1.65813393e+00,3.97154935e-01,1.26097899e+00
8.54350000e+04,1.66069956e+00,4.01879037e-01,1.25882053e+00
8.54450000e+04,1.66187968e+00,4.04832825e-01,1.25704685e+00
8.54550000e+04,1.66348670e+00,4.07944012e-01,1.25554269e+00
8.54650000e+04,1.66487292e+00,4.10619230e-01,1.25425369e+00
8.54750000e+04,1.66588870e+00,4.12751309e-01,1.25313739e+00
8.54850000e+04,1.66683104e+00,4.14673907e-01,1.25215713e+00
8.54950000e+04,1.67532649e+00,4.24337900e-01,1.25098859e+00
8.55050000e+04,1.67464687e+00,4.24723858e-01,1.24992301e+00
8.55150000e+04,1.67576645e+00,4.26837068e-01,1.24892938e+00
8.55250000e+04,1.67923809e+00,4.31222938e-01,1.24801515e+00
8.55350000e+04,1.68009725e+00,4.32869484e-01,1.24722777e+00
8.55450000e+04,1.68113935e+00,4.34616064e-01,1.24652329e+00
8.55550000e+04,1.68243983e+00,4.36551024e-01,1.24588881e+00
8.55650000e+04,1.68325505e+00,4.37932830e-01,1.24532222e+00
8.55750000e+04,1.68396458e+00,4.39154364e-01,1.24481022e+00
8.55850000e+04,1.68465232e+00,4.40307435e-01,1.24434488e+00
8.55860000e+04,2.11932481e+00,1.38581745e+00,7.33507364e-01
8.55960000e+04,1.03295872e+01,9.73865200e+00,5.90935215e-01
8.56060000e+04,7.11239969e+00,6.60448783e+00,5.07911865e-01
8.56160000e+04,2.43260857e+00,1.98317600e+00,4.49432576e-01
8.56260000e+04,1.64649220e+00,1.24309807e+00,4.03394129e-01
8.56360000e+04,1.09759392e+00,7.28333955e-01,3.69259964e-01
8.56460000e+04,8.82054438e-01,5.37304196e-01,3.44750242e-01
8.56560000e+04,8.53540993e-01,5.27215454e-01,3.26325540e-01
8.56660000e+04,8.08136995e-01,4.94944684e-01,3.13192311e-01
8.56760000e+04,8.02644534e-01,4.99331175e-01,3.03313359e-01
8.56860000e+04,7.81271456e-01,4.85219671e-01,2.96051785e-01
8.56960000e+04,7.95992879e-01,5.06113246e-01,2.89879633e-01
8.57060000e+04,7.80704176e-01,4.95643567e-01,2.85060609e-01
8.57160000e+04,7.85870455e-01,5.04643414e-01,2.81227041e-01
8.57260000e+04,7.83875368e-01,5.05525407e-01,2.78349960e-01
8.57360000e+04,7.82718994e-01,5.06587575e-01,2.76131419e-01
8.57460000e+04,7.82806368e-01,5.08415501e-01,2.74390868e-01
8.57560000e+04,7.81874785e-01,5.08861919e-01,2.73012867e-01
8.57660000e+04,7.82127398e-01,5.10236236e-01,2.71891161e-01
8.57760000e+04,7.81759405e-01,5.10785026e-01,2.70974379e-01
8.57860000e+04,7.81524163e-01,5.11312886e-01,2.70211277e-01
8.57960000e+04,7.90914199e-01,5.21577729e-01,2.69336470e-01
8.58060000e+04,7.87800185e-01,5.19196518e-01,2.68603667e-01
8.58160000e+04,7.85914828e-01,5.17954379e-01,2.67960450e-01
8.58260000e+04,7.89858165e-01,5.22481990e-01,2.67376175e-01
8.58360000e+04,7.89990835e-01,5.23074268e-01,2.66916567e-01
8.58460000e+04,7.89845357e-01,5.23312188e-01,2.66533170e-01
8.58560000e+04,7.90500244e-01,5.24299385e-01,2.66200859e-01
8.58660000e+04,7.90669345e-01,5.24750297e-01,2.65919047e-01
8.58760000e+04,7.90752003e-01,5.25076007e-01,2.65675996e-01
8.58860000e+04,7.90987634e-01,5.25524852e-01,2.65462782e-01
8.58870000e+04,1.48571426e+00,1.44222115e+00,4.34931092e-02
8.58970000e+04,1.76693364e+01,1.76479765e+01,2.13599347e-02
8.59070000e+04,1.02340225e+01,1.02215488e+01,1.24736496e-02
8.59170000e+04,2.17826020e+00,2.17135987e+00,6.90033342e-03
8.59270000e+04,9.03233111e-01,8.98789189e-01,4.44392254e-03
8.59370000e+04,6.90757014e-01,6.87244713e-01,3.51230099e-03
8.59470000e+04,3.29857104e-01,3.26992743e-01,2.86436021e-03
8.59570000e+04,3.05508098e-01,3.03067854e-01,2.44024326e-03
8.59670000e+04,3.05885787e-01,3.03755189e-01,2.13059787e-03
8.59770000e+04,2.91034681e-01,2.89169373e-01,1.86530776e-03
8.59870000e+04,2.89455387e-01,2.87815472e-01,1.63991467e-03
8.59970000e+04,2.91253309e-01,2.89855687e-01,1.39762157e-03
8.60070000e+04,2.89711717e-01,2.88534169e-01,1.17754784e-03
8.60170000e+04,2.87529643e-01,2.86540481e-01,9.89162400e-04
8.60270000e+04,2.87377596e-01,2.86541929e-01,8.35667338e-04
8.60370000e+04,2.85898302e-01,2.85184291e-01,7.14010763e-04
8.60470000e+04,2.85083910e-01,2.84467828e-01,6.16081399e-04
8.60570000e+04,2.84094679e-01,2.83557050e-01,5.37628152e-04
8.60670000e+04,2.83464773e-01,2.82990757e-01,4.74016366e-04
8.60770000e+04,2.82840424e-01,2.82418275e-01,4.22148836e-04
8.60870000e+04,2.82245512e-01,2.81865997e-01,3.79514921e-04
8.60970000e+04,2.82640035e-01,2.82311100e-01,3.28935018e-04
8.61070000e+04,2.81631829e-01,2.81345491e-01,2.86337614e-04
8.61170000e+04,2.82773435e-01,2.82523829e-01,2.49605189e-04
8.61270000e+04,2.81841929e-01,2.81621013e-01,2.20916315e-04
8.61370000e+04,2.81979138e-01,2.81780884e-01,1.98254113e-04
8.61470000e+04,2.81528703e-01,2.81348110e-01,1.80592613e-04
8.61570000e+04,2.81313937e-01,2.81147495e-01,1.66441870e-04
8.61670000e+04,2.80917180e-01,2.80762071e-01,1.55108995e-04
8.61770000e+04,2.80600597e-01,2.80454744e-01,1.45853014e-04
8.61870000e+04,2.80298571e-01,2.80160326e-01,1.38244775e-04
8.61880000e+04,1.37808690e+00,1.37754494e+00,5.41958394e-04
8.61980000e+04,1.25070871e+01,1.25044137e+01,2.67343780e-03
8.62080000e+04,6.66614588e+00,6.66398307e+00,2.16280652e-03
8.62180000e+04,1.70125472e+00,1.70028954e+00,9.65180428e-04
8.62280000e+04,8.11118870e-01,8.10936299e-01,1.82570909e-04
8.62380000e+04,4.62261758e-01,4.62139363e-01,1.22394824e-04
8.62480000e+04,2.05133962e-01,2.05060323e-01,7.36385948e-05
8.62580000e+04,1.80996770e-01,1.80953062e-01,4.37083273e-05
8.62680000e+04,1.87408645e-01,1.87372856e-01,3.57896125e-05
8.62780000e+04,1.55903400e-01,1.55867720e-01,3.56807113e-05
8.62880000e+04,1.56372887e-01,1.56339361e-01,3.35268162e-05
8.62980000e+04,1.55687460e-01,1.55654900e-01,3.25597217e-05
8.63080000e+04,1.52649033e-01,1.52617020e-01,3.20128390e-05
8.63180000e+04,1.54618152e-01,1.54587058e-01,3.10932263e-05
8.63280000e+04,1.53303760e-01,1.53273030e-01,3.07302580e-05
8.63380000e+04,1.53071585e-01,1.53041250e-01,3.03340160e-05
8.63480000e+04,1.53004423e-01,1.52974427e-01,2.99960829e-05
8.63580000e+04,1.52884082e-01,1.52854364e-01,2.97180142e-05
8.63680000e+04,1.52702291e-01,1.52672801e-01,2.94894897e-05
8.63780000e+04,1.52465610e-01,1.52436310e-01,2.92996947e-05
8.63880000e+04,1.52298702e-01,1.52269573e-01,2.91286662e-05
8.63980000e+04,1.52030883e-01,1.52001926e-01,2.89574841e-05
8.64080000e+04,1.52066309e-01,1.52037599e-01,2.87103871e-05
8.64180000e+04,1.52072298e-01,1.52043805e-01,2.84932067e-05
8.64280000e+04,1.51817317e-01,1.51788973e-01,2.83437950e-05
8.64380000e+04,1.51863836e-01,1.51835657e-01,2.81792749e-05
8.64480000e+04,1.51677856e-01,1.51649792e-01,2.80636740e-05
8.64580000e+04,1.51604846e-01,1.51576897e-01,2.79498883e-05
8.64680000e+04,1.51496281e-01,1.51468428e-01,2.78537023e-05
8.64780000e+04,1.51389814e-01,1.51362046e-01,2.77677728e-05
8.64880000e+04,1.51301602e-01,1.51273913e-01,2.76888544e-05
8.64890000e+04,1.35354318e+00,1.35307197e+00,4.71209051e-04
8.64990000e+04,1.29755799e+01,1.29724015e+01,3.17839168e-03
8.65090000e+04,9.72858547e+00,9.72588107e+00,2.70440199e-03
8.65190000e+04,2.31853055e+00,2.31790403e+00,6.26529087e-04
8.65290000e+04,7.13575237e-01,7.13403975e-01,1.71262850e-04
8.65390000e+04,4.56073829e-01,4.55958990e-01,1.14838845e-04
8.65490000e+04,1.59167635e-01,1.59113434e-01,5.42016534e-05
8.65590000e+04,1.19353998e-01,1.19320343e-01,3.36545579e-05
8.65690000e+04,1.17812338e-01,1.17784548e-01,2.77895136e-05
8.65790000e+04,9.69439691e-02,9.69179175e-02,2.60515484e-05
8.65890000e+04,9.73861860e-02,9.73616767e-02,2.45092453e-05
8.65990000e+04,9.64609290e-02,9.64369918e-02,2.39372266e-05
8.66090000e+04,9.47930501e-02,9.47693523e-02,2.36977905e-05
8.66190000e+04,9.48966662e-02,9.48733108e-02,2.33554656e-05
8.66290000e+04,9.39085330e-02,9.38853305e-02,2.32024748e-05
8.66390000e+04,9.36613710e-02,9.36383525e-02,2.30184952e-05
8.66490000e+04,9.33951812e-02,9.33723208e-02,2.28604112e-05
8.66590000e+04,9.32354538e-02,9.32127397e-02,2.27140696e-05
8.66690000e+04,9.31240255e-02,9.31014446e-02,2.25808558e-05
8.66790000e+04,9.29384644e-02,9.29159940e-02,2.24704000e-05
8.66890000e+04,9.27807695e-02,9.27583991e-02,2.23703773e-05
8.66990000e+04,9.21232419e-02,9.21009285e-02,2.23134753e-05
8.67090000e+04,9.22604735e-02,9.22383244e-02,2.21491825e-05
8.67190000e+04,9.21441615e-02,9.21221416e-02,2.20199373e-05
8.67290000e+04,9.20149333e-02,9.19930221e-02,2.19111973e-05
8.67390000e+04,9.19373715e-02,9.19155656e-02,2.18059292e-05
8.67490000e+04,9.18402295e-02,9.18185148e-02,2.17147107e-05
8.67590000e+04,9.17590480e-02,9.17374173e-02,2.16306662e-05
8.67690000e+04,9.16879286e-02,9.16663751e-02,2.15535698e-05
8.67790000e+04,9.16138088e-02,9.15923247e-02,2.14840304e-05
8.67890000e+04,9.15491367e-02,9.15277171e-02,2.14196574e-05
8.67900000e+04,1.30416826e+00,1.30370913e+00,4.59133135e-04
8.68000000e+04,8.29034778e+00,8.28793480e+00,2.41297994e-03
8.68100000e+04,5.67166656e+00,5.66957337e+00,2.09319213e-03
8.68200000e+04,1.54576175e+00,1.54491496e+00,8.46788609e-04
8.68300000e+04,7.15912660e-01,7.15736900e-01,1.75760092e-04
8.68400000e+04,3.46849172e-01,3.46737707e-01,1.11464943e-04
8.68500000e+04,1.48979145e-01,1.48925655e-01,5.34900051e-05
8.68600000e+04,1.17171702e-01,1.17142620e-01,2.90820403e-05
8.68700000e+04,1.05258802e-01,1.05233763e-01,2.50391015e-05
8.68800000e+04,8.52336965e-02,8.52100405e-02,2.36560141e-05
8.68900000e+04,8.31840430e-02,8.31615339e-02,2.25090877e-05
8.69000000e+04,8.27494324e-02,8.27274534e-02,2.19789996e-05
8.69100000e+04,8.08676664e-02,8.08458721e-02,2.17942408e-05
8.69200000e+04,8.10810284e-02,8.10595268e-02,2.15016518e-05
8.69300000e+04,8.06479517e-02,8.06266205e-02,2.13312432e-05
8.69400000e+04,8.04402797e-02,8.04191046e-02,2.11750883e-05
8.69500000e+04,8.02723317e-02,8.02512929e-02,2.10388951e-05
8.69600000e+04,8.00857870e-02,8.00648653e-02,2.09216875e-05
8.69700000e+04,7.99178662e-02,7.98970484e-02,2.08178400e-05
8.69800000e+04,7.97766078e-02,7.97558848e-02,2.07230327e-05
8.69900000e+04,7.96350864e-02,7.96144474e-02,2.06390385e-05
8.70000000e+04,7.92597155e-02,7.92391504e-02,2.05651008e-05
8.70100000e+04,7.92908412e-02,7.92704065e-02,2.04346389e-05
8.70200000e+04,7.90966206e-02,7.90762836e-02,2.03370132e-05
8.70300000e+04,7.90400024e-02,7.90197647e-02,2.02377223e-05
8.70400000e+04,7.89482012e-02,7.89280498e-02,2.01513511e-05
8.70500000e+04,7.88685946e-02,7.88485216e-02,2.00730018e-05
8.70600000e+04,7.87925655e-02,7.87725633e-02,2.00022474e-05
8.70700000e+04,7.87211033e-02,7.87011652e-02,1.99380908e-05
8.70800000e+04,7.86573781e-02,7.86374991e-02,1.98790265e-05
8.70900000e+04,7.85955337e-02,7.85757085e-02,1.98251962e-05
8.70910000e+04,1.30023290e+00,1.29978799e+00,4.44910955e-04
8.71010000e+04,1.18652564e+01,1.18620752e+01,3.18124315e-03
8.71110000e+04,8.81518470e+00,8.81255146e+00,2.63324533e-03
8.71210000e+04,1.85391140e+00,1.85333798e+00,5.73419833e-04
8.71310000e+04,5.08323418e-01,5.08156092e-01,1.67326018e-04
8.71410000e+04,4.06462159e-01,4.06344401e-01,1.17758582e-04
8.71510000e+04,1.35888455e-01,1.35835303e-01,5.31521711e-05
8.71610000e+04,9.18098320e-02,9.17799131e-02,2.99188982e-05
8.71710000e+04,9.85077161e-02,9.84832415e-02,2.44746300e-05
8.71810000e+04,7.73942029e-02,7.73709872e-02,2.32157046e-05
8.71910000e+04,7.76467145e-02,7.76249913e-02,2.17231998e-05
8.72010000e+04,7.77457100e-02,7.77245939e-02,2.11161443e-05
8.72110000e+04,7.52830676e-02,7.52620790e-02,2.09885646e-05
8.72210000e+04,7.59096148e-02,7.58889660e-02,2.06488163e-05
8.72310000e+04,7.53167977e-02,7.52963153e-02,2.04824061e-05
8.72410000e+04,7.50563789e-02,7.50360467e-02,2.03321781e-05
8.72510000e+04,7.49810484e-02,7.49608641e-02,2.01842664e-05
8.72610000e+04,7.46980593e-02,7.46779835e-02,2.00758476e-05
8.72710000e+04,7.46112069e-02,7.45912434e-02,1.99635458e-05
8.72810000e+04,7.44466544e-02,7.44267831e-02,1.98713353e-05
8.72910000e+04,7.43300795e-02,7.43102945e-02,1.97849905e-05
8.73010000e+04,7.39426411e-02,7.39229287e-02,1.97124885e-05
8.73110000e+04,7.38963715e-02,7.38767767e-02,1.95948199e-05
8.73210000e+04,7.37485027e-02,7.37290074e-02,1.94953844e-05
8.73310000e+04,7.36643856e-02,7.36449835e-02,1.94021390e-05
8.73410000e+04,7.35575060e-02,7.35381860e-02,1.93200734e-05
8.73510000e+04,7.34818833e-02,7.34626396e-02,1.92437479e-05
8.73610000e+04,7.34044242e-02,7.33852494e-02,1.91748915e-05
8.73710000e+04,7.33339580e-02,7.33148460e-02,1.91120526e-05
8.73810000e+04,7.32683645e-02,7.32493102e-02,1.90543018e-05
8.73910000e+04,7.32066180e-02,7.31876167e-02,1.90013413e-05
8.73920000e+04,1.25792925e+00,1.25749823e+00,4.31024090e-04
8.74020000e+04,8.34140300e+00,8.33898309e+00,2.41990743e-03
8.74120000e+04,5.60944110e+00,5.60735263e+00,2.08846935e-03
8.74220000e+04,1.50201415e+00,1.50122644e+00,7.87710942e-04
8.74320000e+04,6.62101163e-01,6.61927303e-01,1.73859870e-04
8.74420000e+04,3.17789449e-01,3.17672845e-01,1.16604080e-04
8.74520000e+04,1.44277582e-01,1.44226036e-01,5.15454586e-05
8.74620000e+04,1.09229901e-01,1.09202298e-01,2.76032325e-05
8.74720000e+04,9.66573557e-02,9.66336375e-02,2.37181542e-05
8.74820000e+04,7.94087567e-02,7.93865145e-02,2.22421342e-05
8.74920000e+04,7.69505880e-02,7.69294387e-02,2.11492506e-05
8.75020000e+04,7.63005759e-02,7.62799257e-02,2.06502204e-05
8.75120000e+04,7.44265195e-02,7.44060434e-02,2.04760993e-05
8.75220000e+04,7.46935742e-02,7.46733772e-02,2.01969692e-05
8.75320000e+04,7.43129496e-02,7.42929174e-02,2.00321900e-05
8.75420000e+04,7.41513430e-02,7.41314616e-02,1.98814371e-05
8.75520000e+04,7.39600635e-02,7.39403072e-02,1.97562638e-05
8.75620000e+04,7.37671029e-02,7.37474545e-02,1.96483633e-05
8.75720000e+04,7.36050675e-02,7.35855163e-02,1.95511902e-05
8.75820000e+04,7.34697652e-02,7.34503028e-02,1.94623863e-05
8.75920000e+04,7.33336028e-02,7.33142189e-02,1.93838907e-05
8.76020000e+04,7.30117972e-02,7.29924888e-02,1.93084218e-05
8.76120000e+04,7.29868625e-02,7.29676682e-02,1.91943226e-05
8.76220000e+04,7.28091975e-02,7.27900930e-02,1.91045000e-05
8.76320000e+04,7.27519479e-02,7.27329348e-02,1.90130866e-05
8.76420000e+04,7.26592985e-02,7.26403642e-02,1.89342531e-05
8.76520000e+04,7.25876753e-02,7.25688137e-02,1.88616051e-05
8.76620000e+04,7.25168975e-02,7.24981011e-02,1.87963898e-05
8.76720000e+04,7.24502196e-02,7.24314826e-02,1.87369919e-05
8.76820000e+04,7.23899600e-02,7.23712774e-02,1.86826187e-05
8.76920000e+04,7.23314504e-02,7.23128176e-02,1.86328618e-05
8.76930000e+04,1.25409139e+00,1.25367489e+00,4.16498565e-04
8.77030000e+04,1.17592296e+01,1.17560933e+01,3.13635194e-03
8.77130000e+04,8.70211981e+00,8.69953895e+00,2.58086400e-03
8.77230000e+04,1.91493098e+00,1.91435246e+00,5.78513935e-04
8.77330000e+04,5.24402168e-01,5.24233402e-01,1.68766597e-04
8.77430000e+04,3.93350277e-01,3.93233896e-01,1.16381289e-04
8.77530000e+04,1.32535715e-01,1.32482980e-01,5.27346844e-05
8.77630000e+04,8.92798448e-02,8.92510573e-02,2.87875109e-05
8.77730000e+04,9.29415831e-02,9.29181622e-02,2.34208694e-05
8.77830000e+04,7.40125088e-02,7.39902391e-02,2.22696552e-05
8.77930000e+04,7.45390282e-02,7.45182334e-02,2.07947403e-05
8.78030000e+04,7.43845298e-02,7.43643151e-02,2.02146657e-05
8.78130000e+04,7.20103158e-02,7.19902381e-02,2.00776662e-05
8.78230000e+04,7.26464304e-02,7.26266767e-02,1.97537286e-05
8.78330000e+04,7.20216482e-02,7.20020518e-02,1.95963797e-05
8.78430000e+04,7.17952014e-02,7.17757529e-02,1.94485359e-05
8.78530000e+04,7.17068515e-02,7.16875416e-02,1.93099352e-05
8.78630000e+04,7.14488539e-02,7.14296497e-02,1.92041932e-05
8.78730000e+04,7.13718613e-02,7.13527646e-02,1.90967071e-05
8.78830000e+04,7.12057149e-02,7.11867058e-02,1.90091628e-05
8.78930000e+04,7.11015531e-02,7.10826270e-02,1.89261531e-05
8.79030000e+04,7.07347635e-02,7.07159077e-02,1.88557755e-05
8.79130000e+04,7.06850997e-02,7.06663538e-02,1.87458112e-05
8.79230000e+04,7.05360286e-02,7.05173755e-02,1.86530627e-05
8.79330000e+04,7.04625888e-02,7.04440248e-02,1.85639786e-05
8.79430000e+04,7.03632766e-02,7.03447904e-02,1.84862231e-05
8.79530000e+04,7.02955640e-02,7.02771507e-02,1.84133118e-05
8.79630000e+04,7.02224745e-02,7.02041263e-02,1.83481650e-05
8.79730000e+04,7.01576170e-02,7.01393288e-02,1.82882354e-05
8.79830000e+04,7.00959358e-02,7.00777023e-02,1.82335225e-05
8.79930000e+04,7.00397768e-02,7.00215938e-02,1.81830776e-05
8.79940000e+04,1.21298786e+00,1.21258475e+00,4.03105102e-04
8.80040000e+04,8.21074246e+00,8.20834238e+00,2.40007519e-03
8.80140000e+04,5.46003579e+00,5.45797820e+00,2.05758832e-03
8.80240000e+04,1.47166803e+00,1.47091434e+00,7.53689762e-04
8.80340000e+04,6.27956282e-01,6.27783374e-01,1.72907732e-04
8.80440000e+04,2.99733117e-01,2.99614677e-01,1.18439578e-04
8.80540000e+04,1.38867974e-01,1.38817808e-01,5.01665400e-05
8.80640000e+04,1.04322348e-01,1.04295698e-01,2.66496653e-05
8.80740000e+04,9.26210592e-02,9.25979988e-02,2.30604347e-05
8.80840000e+04,7.65272325e-02,7.65057169e-02,2.15156603e-05
8.80940000e+04,7.42775021e-02,7.42570857e-02,2.04164238e-05
8.81040000e+04,7.36952812e-02,7.36753365e-02,1.99446344e-05
8.81140000e+04,7.18079639e-02,7.17881810e-02,1.97829053e-05
8.81240000e+04,7.20825037e-02,7.20629900e-02,1.95136861e-05
8.81340000e+04,7.16937187e-02,7.16743613e-02,1.93573323e-05
8.81440000e+04,7.15103500e-02,7.14911359e-02,1.92141428e-05
8.81540000e+04,7.13311033e-02,7.13120114e-02,1.90919656e-05
8.81640000e+04,7.11536450e-02,7.11346584e-02,1.89865924e-05
8.81740000e+04,7.09969980e-02,7.09781058e-02,1.88921878e-05
8.81840000e+04,7.08667259e-02,7.08479198e-02,1.88060777e-05
8.81940000e+04,7.07361729e-02,7.07174431e-02,1.87297742e-05
8.82040000e+04,7.04214957e-02,7.04028385e-02,1.86572444e-05
8.82140000e+04,7.03894996e-02,7.03709512e-02,1.85484051e-05
8.82240000e+04,7.02191344e-02,7.02006724e-02,1.84620635e-05
8.82340000e+04,7.01617398e-02,7.01433655e-02,1.83742944e-05
8.82440000e+04,7.00733787e-02,7.00550802e-02,1.82984904e-05
8.82540000e+04,7.00049332e-02,6.99867047e-02,1.82284840e-05
8.82640000e+04,6.99372414e-02,6.99190758e-02,1.81656580e-05
8.82740000e+04,6.98734961e-02,6.98553876e-02,1.81084288e-05
8.82840000e+04,6.98163854e-02,6.97983295e-02,1.80558586e-05
8.82940000e+04,6.97606503e-02,6.97426423e-02,1.80080274e-05
8.82950000e+04,1.20856437e+00,1.20817488e+00,3.89490441e-04
8.83050000e+04,1.12670994e+01,1.12640488e+01,3.05059376e-03
8.83150000e+04,8.39925179e+00,8.39673876e+00,2.51302863e-03
8.83250000e+04,1.91511078e+00,1.91453255e+00,5.78225791e-04
8.83350000e+04,5.31899822e-01,5.31730257e-01,1.69565019e-04
8.83450000e+04,3.74353946e-01,3.74238706e-01,1.15240896e-04
8.83550000e+04,1.31750593e-01,1.31697962e-01,5.26302093e-05
8.83650000e+04,8.91292706e-02,8.91011641e-02,2.81064391e-05
8.83750000e+04,8.86864534e-02,8.86636508e-02,2.28025764e-05
8.83850000e+04,7.15472321e-02,7.15255826e-02,2.16494683e-05
8.83950000e+04,7.25798983e-02,7.25597251e-02,2.01731273e-05
8.84050000e+04,7.20569530e-02,7.20373439e-02,1.96090856e-05
8.84150000e+04,6.98695511e-02,6.98500855e-02,1.94655414e-05
8.84250000e+04,7.05481920e-02,7.05290496e-02,1.91423228e-05
8.84350000e+04,6.98810716e-02,6.98620716e-02,1.90000598e-05
8.84450000e+04,6.97092001e-02,6.96903492e-02,1.88509464e-05
8.84550000e+04,6.96150253e-02,6.95963073e-02,1.87180311e-05
8.84650000e+04,6.93893254e-02,6.93707111e-02,1.86142716e-05
8.84750000e+04,6.93060950e-02,6.92875834e-02,1.85115517e-05
8.84850000e+04,6.91503147e-02,6.91318879e-02,1.84267840e-05
8.84950000e+04,6.90496762e-02,6.90313293e-02,1.83469089e-05
8.85050000e+04,6.86879171e-02,6.86696374e-02,1.82796917e-05
8.85150000e+04,6.86436941e-02,6.86255202e-02,1.81739112e-05
8.85250000e+04,6.84959980e-02,6.84779127e-02,1.80853136e-05
8.85350000e+04,6.84293420e-02,6.84113428e-02,1.79991709e-05
8.85450000e+04,6.83348416e-02,6.83169173e-02,1.79243120e-05
8.85550000e+04,6.82711504e-02,6.82532963e-02,1.78540722e-05
8.85650000e+04,6.82018410e-02,6.81840498e-02,1.77911955e-05
8.85750000e+04,6.81408862e-02,6.81231528e-02,1.77334786e-05
8.85850000e+04,6.80825673e-02,6.80648866e-02,1.76806781e-05
8.85950000e+04,6.80289908e-02,6.80113585e-02,1.76322445e-05
8.85960000e+04,2.26528336e+00,1.16840946e+00,1.09687389e+00
8.86060000e+04,8.92563127e+00,7.91625650e+00,1.00937477e+00
8.86160000e+04,6.24122895e+00,5.28957046e+00,9.51658495e-01
8.86260000e+04,2.60647278e+00,1.69415250e+00,9.12320279e-01
8.86360000e+04,1.89711528e+00,1.01419587e+00,8.82919410e-01
8.86460000e+04,1.42095844e+00,5.56129873e-01,8.64828568e-01
8.86560000e+04,1.27405756e+00,4.22248783e-01,8.51808776e-01
8.86660000e+04,1.19644325e+00,3.52856560e-01,8.43586690e-01
8.86760000e+04,1.19325417e+00,3.55651862e-01,8.37602311e-01
8.86860000e+04,1.17507156e+00,3.41546051e-01,8.33525504e-01
8.86960000e+04,1.17578208e+00,3.45263359e-01,8.30518717e-01
8.87060000e+04,1.17914637e+00,3.51181451e-01,8.27964916e-01
8.87160000e+04,1.17991279e+00,3.54078044e-01,8.25834746e-01
8.87260000e+04,1.18197437e+00,3.57814796e-01,8.24159571e-01
8.87360000e+04,1.18230326e+00,3.59464973e-01,8.22838284e-01
8.87460000e+04,1.18187023e+00,3.60093713e-01,8.21776514e-01
8.87560000e+04,1.18172479e+00,3.60831611e-01,8.20893174e-01
8.87660000e+04,1.18105631e+00,3.60906592e-01,8.20149717e-01
8.87760000e+04,1.18056675e+00,3.61058616e-01,8.19508135e-01
8.87860000e+04,1.17996703e+00,3.61017086e-01,8.18949947e-01
8.87960000e+04,1.17950772e+00,3.61051482e-01,8.18456236e-01
8.88060000e+04,1.18417176e+00,3.66305935e-01,8.17865829e-01
8.88160000e+04,1.18512704e+00,3.67819250e-01,8.17307786e-01
8.88260000e+04,1.18598104e+00,3.69186078e-01,8.16794958e-01
8.88360000e+04,1.18694180e+00,3.70610381e-01,8.16331420e-01
8.88460000e+04,1.18659594e+00,3.70667893e-01,8.15928045e-01
8.88560000e+04,1.18673515e+00,3.71176224e-01,8.15558924e-01
8.88660000e+04,1.18657925e+00,3.71352225e-01,8.15227026e-01
8.88760000e+04,1.18630950e+00,3.71383254e-01,8.14926248e-01
8.88860000e+04,1.18606743e+00,3.71416407e-01,8.14651019e-01
8.88960000e+04,1.18576775e+00,3.71368293e-01,8.14399459e-01
8.88970000e+04,1.41696837e+00,1.15287444e+00,2.64093930e-01
8.89070000e+04,1.08259499e+01,1.06508575e+01,1.75092402e-01
8.89170000e+04,8.02714667e+00,7.90192630e+00,1.25220363e-01
8.89270000e+04,1.92226104e+00,1.83949691e+00,8.27641282e-02
8.89370000e+04,6.06823150e-01,5.50796515e-01,5.60266347e-02
8.89470000e+04,4.74869177e-01,4.36425439e-01,3.84437386e-02
8.89570000e+04,2.44469233e-01,2.17834474e-01,2.66347591e-02
8.89670000e+04,1.94923272e-01,1.75834606e-01,1.90886658e-02
8.89770000e+04,1.90446537e-01,1.76276387e-01,1.41701503e-02
8.89870000e+04,1.70317858e-01,1.59440639e-01,1.08772193e-02
8.89970000e+04,1.68481945e-01,1.59847165e-01,8.63477969e-03
8.90070000e+04,1.65207244e-01,1.58443134e-01,6.76411029e-03
8.90170000e+04,1.61600412e-01,1.56324111e-01,5.27630138e-03
8.90270000e+04,1.61990906e-01,1.57778087e-01,4.21281854e-03
8.90370000e+04,1.59996216e-01,1.56533789e-01,3.46242774e-03
8.90470000e+04,1.58935269e-01,1.56015258e-01,2.92001033e-03
8.90570000e+04,1.58190258e-01,1.55674702e-01,2.51555556e-03
8.90670000e+04,1.57279948e-01,1.55075193e-01,2.20475474e-03
8.90770000e+04,1.56718629e-01,1.54758926e-01,1.95970298e-03
8.90870000e+04,1.56078324e-01,1.54315428e-01,1.76289656e-03
8.90970000e+04,1.55568738e-01,1.53966404e-01,1.60233360e-03
8.91070000e+04,1.55503182e-01,1.54094088e-01,1.40909412e-03
8.91170000e+04,1.55341836e-01,1.54124707e-01,1.21712899e-03
8.91270000e+04,1.55506620e-01,1.54447316e-01,1.05930427e-03
8.91370000e+04,1.55408760e-01,1.54472256e-01,9.36504247e-04
8.91470000e+04,1.55292460e-01,1.54451064e-01,8.41395830e-04
8.91570000e+04,1.55100130e-01,1.54332919e-01,7.67210417e-04
8.91670000e+04,1.54907634e-01,1.54199289e-01,7.08345150e-04
8.91770000e+04,1.54674838e-01,1.54013919e-01,6.60918025e-04
8.91870000e+04,1.54456051e-01,1.53833990e-01,6.22061247e-04
8.91970000e+04,1.54243292e-01,1.53653519e-01,5.89773186e-04
8.91980000e+04,1.13743078e+00,1.13660835e+00,8.22436108e-04
8.92080000e+04,9.97252166e+00,9.96996879e+00,2.55287754e-03
8.92180000e+04,5.63727431e+00,5.63524739e+00,2.02692585e-03
8.92280000e+04,1.57314074e+00,1.57234153e+00,7.99200472e-04
8.92380000e+04,6.46923712e-01,6.46709298e-01,2.14414102e-04
8.92480000e+04,3.45236659e-01,3.45078596e-01,1.58062997e-04
8.92580000e+04,1.66020344e-01,1.65933439e-01,8.69049163e-05
8.92680000e+04,1.33003343e-01,1.32943090e-01,6.02524189e-05
8.92780000e+04,1.33378334e-01,1.33328581e-01,4.97526235e-05
8.92880000e+04,1.21952523e-01,1.21907731e-01,4.47919503e-05
8.92980000e+04,1.17002254e-01,1.16959454e-01,4.28005254e-05
8.93080000e+04,1.18838641e-01,1.18798630e-01,4.00107706e-05
8.93180000e+04,1.17458177e-01,1.17419996e-01,3.81816068e-05
8.93280000e+04,1.16810752e-01,1.16773887e-01,3.68651078e-05
8.93380000e+04,1.16282301e-01,1.16246497e-01,3.58036027e-05
8.93480000e+04,1.15421351e-01,1.15386308e-01,3.50425826e-05
8.93580000e+04,1.15129990e-01,1.15095637e-01,3.43527088e-05
8.93680000e+04,1.14763198e-01,1.14729395e-01,3.38024901e-05
8.93780000e+04,1.14475898e-01,1.14442566e-01,3.33316353e-05
8.93880000e+04,1.14214202e-01,1.14181267e-01,3.29350351e-05
8.93980000e+04,1.13975963e-01,1.13943367e-01,3.25961577e-05
8.94080000e+04,1.13712349e-01,1.13680212e-01,3.21371711e-05
8.94180000e+04,1.14130221e-01,1.14098645e-01,3.15761906e-05
8.94280000e+04,1.13837184e-01,1.13805971e-01,3.12135385e-05
8.94380000e+04,1.13727782e-01,1.13696876e-01,3.09065686e-05
8.94480000e+04,1.13585500e-01,1.13554848e-01,3.06524505e-05
8.94580000e+04,1.13439556e-01,1.13409116e-01,3.04401873e-05
8.94680000e+04,1.13274307e-01,1.13244042e-01,3.02643907e-05
8.94780000e+04,1.13138231e-01,1.13108122e-01,3.01081024e-05
8.94880000e+04,1.13014732e-01,1.12984760e-01,2.99717660e-05
8.94980000e+04,1.12906117e-01,1.12876268e-01,2.98498489e-05
8.94990000e+04,2.57850406e+00,1.12180576e+00,1.45669830e+00
8.95090000e+04,1.22394270e+01,1.09303522e+01,1.30907480e+00
8.95190000e+04,9.32560318e+00,8.10587182e+00,1.21973135e+00
8.95290000e+04,3.77466368e+00,2.62406811e+00,1.15059557e+00
8.95390000e+04,1.86913319e+00,7.59065509e-01,1.11006768e+00
8.95490000e+04,1.58723447e+00,5.04143820e-01,1.08309065e+00
8.95590000e+04,1.41011964e+00,3.43584216e-01,1.06653542e+00
8.95690000e+04,1.34643037e+00,2.89747755e-01,1.05668262e+00
8.95790000e+04,1.35473097e+00,3.04552941e-01,1.05017802e+00
8.95890000e+04,1.34122346e+00,2.94899727e-01,1.04632373e+00
8.95990000e+04,1.34562441e+00,3.01902381e-01,1.04372203e+00
8.96090000e+04,1.35161886e+00,3.10186485e-01,1.04143238e+00
8.96190000e+04,1.35050793e+00,3.10824439e-01,1.03968349e+00
8.96290000e+04,1.35455866e+00,3.16244568e-01,1.03831409e+00
8.96390000e+04,1.35483236e+00,3.17566638e-01,1.03726572e+00
8.96490000e+04,1.35562699e+00,3.19204583e-01,1.03642241e+00
8.96590000e+04,1.35627538e+00,3.20569792e-01,1.03570559e+00
8.96690000e+04,1.35632346e+00,3.21233427e-01,1.03509003e+00
8.96790000e+04,1.35647511e+00,3.21930641e-01,1.03454447e+00
8.96890000e+04,1.35621268e+00,3.22154535e-01,1.03405814e+00
8.96990000e+04,1.35600705e+00,3.22388993e-01,1.03361806e+00
8.97090000e+04,1.36160594e+00,3.28604833e-01,1.03300111e+00
8.97190000e+04,1.36107842e+00,3.28629856e-01,1.03244857e+00
8.97290000e+04,1.36280137e+00,3.30906470e-01,1.03189490e+00
8.97390000e+04,1.36278748e+00,3.31382071e-01,1.03140541e+00
8.97490000e+04,1.36352660e+00,3.32579634e-01,1.03094697e+00
8.97590000e+04,1.36373231e+00,3.33197345e-01,1.03053497e+00
8.97690000e+04,1.36391279e+00,3.33756763e-01,1.03015603e+00
8.97790000e+04,1.36410709e+00,3.34299842e-01,1.02980725e+00
8.97890000e+04,1.36422481e+00,3.34738526e-01,1.02948628e+00
8.97990000e+04,1.36432869e+00,3.35138884e-01,1.02918980e+00
8.98000000e+04,2.15182012e+00,1.06912606e+00,1.08269406e+00
8.98100000e+04,9.50264650e+00,8.60376320e+00,8.98883301e-01
8.98200000e+04,6.01831341e+00,5.21751716e+00,8.00796257e-01
8.98300000e+04,2.16952962e+00,1.44513906e+00,7.24390558e-01
8.98400000e+04,1.42558623e+00,7.55312387e-01,6.70273846e-01
8.98500000e+04,1.13729623e+00,5.03526013e-01,6.33770220e-01
8.98600000e+04,1.01903638e+00,4.12037770e-01,6.06998607e-01
8.98700000e+04,9.59213955e-01,3.70629174e-01,5.88584781e-01
8.98800000e+04,9.45804987e-01,3.70089511e-01,5.75715476e-01
8.98900000e+04,9.40364069e-01,3.73860281e-01,5.66503788e-01
8.99000000e+04,9.31596852e-01,3.71558630e-01,5.60038222e-01
8.99100000e+04,9.34998510e-01,3.80240822e-01,5.54757688e-01
8.99200000e+04,9.29205476e-01,3.78540124e-01,5.50665352e-01
8.99300000e+04,9.32825342e-01,3.85219611e-01,5.47605731e-01
8.99400000e+04,9.32540769e-01,3.87139298e-01,5.45401471e-01
8.99500000e+04,9.33331539e-01,3.89572279e-01,5.43759261e-01
8.99600000e+04,9.33266946e-01,3.90752827e-01,5.42514119e-01
8.99700000e+04,9.33173338e-01,3.91635326e-01,5.41538012e-01
8.99800000e+04,9.33314467e-01,3.92563191e-01,5.40751276e-01
8.99900000e+04,9.33183268e-01,3.93077717e-01,5.40105551e-01
9.00000000e+04,9.33175438e-01,3.93612810e-01,5.39562628e-01
9.00100000e+04,9.38245458e-01,3.99328468e-01,5.38916990e-01
9.00200000e+04,9.36573702e-01,3.98228992e-01,5.38344709e-01
9.00300000e+04,9.36107058e-01,3.98269882e-01,5.37837176e-01
9.00400000e+04,9.38286522e-01,4.00902536e-01,5.37383986e-01
9.00500000e+04,9.38075124e-01,4.01057807e-01,5.37017316e-01
9.00600000e+04,9.38124142e-01,4.01425321e-01,5.36698821e-01
9.00700000e+04,9.38444535e-01,4.02026497e-01,5.36418039e-01
9.00800000e+04,9.38421692e-01,4.02247900e-01,5.36173791e-01
9.00900000e+04,9.38395184e-01,4.02438346e-01,5.35956839e-01
9.01000000e+04,9.38434468e-01,4.02672110e-01,5.35762358e-01
