0.00000000e+00,2.74464763e+01
1.00000000e+01,6.28162318e+00
2.00000000e+01,3.83322175e+00
3.00000000e+01,3.18429652e+00
4.00000000e+01,1.98004167e+00
5.00000000e+01,1.31944334e+00
6.00000000e+01,9.85969787e-01
7.00000000e+01,7.47254299e-01
8.00000000e+01,5.99912446e-01
9.00000000e+01,5.03714749e-01
1.00000000e+02,4.81945086e-01
1.10000000e+02,3.30972227e-01
1.20000000e+02,2.27454167e-01
1.30000000e+02,1.96586866e-01
1.40000000e+02,1.37956916e-01
1.50000000e+02,1.23189062e-01
1.60000000e+02,8.99950365e-02
1.70000000e+02,6.31844219e-02
1.80000000e+02,4.68430922e-02
1.90000000e+02,4.59531697e-02
2.00000000e+02,4.15324077e-02
2.10000000e+02,3.18636821e-02
2.20000000e+02,2.85007241e-02
2.30000000e+02,3.09928453e-02
2.40000000e+02,2.71260373e-02
2.50000000e+02,2.52029787e-02
2.60000000e+02,3.32690192e-02
2.70000000e+02,4.12467295e-02
2.80000000e+02,2.17237352e-02
2.90000000e+02,1.56918858e-02
3.00000000e+02,2.63531110e-02
3.10000000e+02,4.22944604e-02
3.20000000e+02,4.77473230e-02
3.30000000e+02,3.16447638e-02
3.40000000e+02,1.23100274e-02
3.50000000e+02,1.80141996e-02
3.60000000e+02,2.83687554e-02
3.70000000e+02,1.22317086e-02
3.80000000e+02,7.81843885e-03
3.90000000e+02,6.71098727e-03
4.00000000e+02,1.91139770e-02
4.10000000e+02,1.03810860e-02
4.20000000e+02,3.87623569e-02
4.30000000e+02,9.47946368e-03
4.40000000e+02,1.12442805e-02
4.50000000e+02,1.07307095e-02
4.60000000e+02,6.59725180e-03
4.70000000e+02,2.30323450e-02
4.80000000e+02,9.41563864e-03
4.90000000e+02,5.55533590e-03
5.00000000e+02,2.10260279e-02
5.10000000e+02,2.34661207e-02
5.20000000e+02,3.33405786e-02
5.30000000e+02,1.52286950e-02
5.40000000e+02,5.88423095e-03
5.50000000e+02,1.03490717e-02
5.60000000e+02,3.94990309e-03
5.70000000e+02,4.46599579e-03
5.80000000e+02,4.74856118e-03
5.90000000e+02,5.12647369e-03
6.00000000e+02,2.99065057e-02
6.10000000e+02,1.41166718e-02
6.20000000e+02,4.49086068e-03
6.30000000e+02,2.17654617e-02
6.40000000e+02,7.85403633e-03
6.50000000e+02,2.93844366e-03
6.60000000e+02,7.15291384e-03
6.70000000e+02,2.27853432e-02
6.80000000e+02,6.84383672e-03
6.90000000e+02,5.81580251e-03
7.00000000e+02,1.66387040e-02
7.10000000e+02,5.57998709e-03
7.20000000e+02,2.50767049e-02
7.30000000e+02,2.83557645e-02
7.40000000e+02,8.06362235e-03
7.50000000e+02,3.64677447e-03
7.60000000e+02,2.53357684e-03
7.70000000e+02,9.94988310e-03
7.80000000e+02,3.43602832e-03
7.90000000e+02,9.83354733e-03
8.00000000e+02,4.41770213e-03
8.10000000e+02,1.71832717e-02
8.20000000e+02,6.09669262e-03
8.30000000e+02,2.81827116e-03
8.40000000e+02,2.07637495e-03
8.50000000e+02,3.17954846e-03
8.60000000e+02,2.54634299e-02
8.70000000e+02,7.87354799e-03
8.80000000e+02,3.13372027e-03
8.90000000e+02,2.06334048e-03
9.00000000e+02,8.28074137e-03
9.10000000e+02,3.34078602e-03
9.20000000e+02,5.71939976e-03
9.30000000e+02,8.71444662e-03
9.40000000e+02,1.15475637e-02
9.50000000e+02,4.99464231e-03
9.60000000e+02,1.18497598e-02
9.70000000e+02,5.31007473e-03
9.80000000e+02,5.93152750e-03
9.90000000e+02,2.35214544e-03
1.00000000e+03,1.32575378e-03
1.01000000e+03,1.36019052e-03
1.02000000e+03,6.31917078e-03
1.03000000e+03,1.58239026e-02
1.04000000e+03,5.43393874e-03
1.05000000e+03,6.49715411e-03
1.06000000e+03,7.02557280e-03
1.07000000e+03,1.13164060e-02
1.08000000e+03,3.01522540e-03
1.09000000e+03,5.29758047e-03
1.10000000e+03,9.24992393e-03
1.11000000e+03,4.93804661e-03
1.12000000e+03,2.85908644e-03
1.13000000e+03,2.29693334e-03
1.14000000e+03,1.69864523e-03
1.15000000e+03,3.01336821e-03
1.16000000e+03,2.32763480e-03
1.17000000e+03,2.80749251e-03
1.18000000e+03,6.53028933e-03
1.19000000e+03,4.35517045e-03
1.20000000e+03,1.61114161e-03
1.21000000e+03,2.50258044e-03
1.22000000e+03,5.96554299e-03
1.23000000e+03,7.58519446e-03
1.24000000e+03,1.35740418e-02
1.25000000e+03,3.98218192e-03
1.26000000e+03,2.07794340e-03
1.27000000e+03,6.96539442e-03
1.28000000e+03,1.71698500e-03
1.29000000e+03,2.07538802e-03
1.30000000e+03,2.03674544e-03
1.31000000e+03,7.41993555e-03
1.32000000e+03,9.20130925e-03
1.33000000e+03,2.44657598e-03
1.34000000e+03,4.41486256e-03
1.35000000e+03,6.69514269e-03
1.36000000e+03,2.63466338e-03
1.37000000e+03,2.15398679e-03
1.38000000e+03,7.51128931e-03
1.39000000e+03,4.38033319e-03
1.40000000e+03,3.26095499e-03
1.41000000e+03,4.21670170e-03
1.42000000e+03,6.90032982e-03
1.43000000e+03,3.63571752e-03
1.44000000e+03,2.00339158e-03
1.45000000e+03,1.22037145e-03
1.46000000e+03,4.49288779e-03
1.47000000e+03,6.85878607e-03
1.48000000e+03,4.40423187e-03
1.49000000e+03,3.22296156e-03
1.50000000e+03,2.40906981e-03
1.51000000e+03,1.03105859e-02
1.52000000e+03,4.09596218e-03
1.53000000e+03,9.44809361e-03
1.54000000e+03,4.36060538e-03
1.55000000e+03,3.93318605e-03
1.56000000e+03,3.73598602e-03
1.57000000e+03,5.94229202e-03
1.58000000e+03,2.53582148e-03
1.59000000e+03,8.67261461e-03
1.60000000e+03,2.34187667e-03
1.61000000e+03,1.43655633e-03
1.62000000e+03,3.54598498e-03
1.63000000e+03,2.28734096e-03
1.64000000e+03,5.79780424e-03
1.65000000e+03,2.22531699e-03
1.66000000e+03,2.45059564e-03
1.67000000e+03,3.57504379e-03
1.68000000e+03,8.76685667e-03
1.69000000e+03,5.74449812e-03
1.70000000e+03,4.16897025e-03
1.71000000e+03,1.42102238e-03
1.72000000e+03,3.75442570e-03
1.73000000e+03,3.39012333e-03
1.74000000e+03,4.37384420e-03
1.75000000e+03,6.57744976e-03
1.76000000e+03,4.27643234e-03
1.77000000e+03,6.73611881e-03
1.78000000e+03,1.97865293e-03
1.79000000e+03,8.81354903e-04
1.80000000e+03,8.58311589e-04
1.81000000e+03,1.68434384e-03
1.82000000e+03,1.66272689e-03
1.83000000e+03,6.16861458e-03
1.84000000e+03,5.41790027e-03
1.85000000e+03,3.70598729e-03
1.86000000e+03,6.56795507e-03
1.87000000e+03,3.09595566e-03
1.88000000e+03,6.71865955e-03
1.89000000e+03,3.20883671e-03
1.90000000e+03,4.43483775e-03
1.91000000e+03,1.75799576e-03
1.92000000e+03,3.53968403e-03
1.93000000e+03,1.85997985e-03
1.94000000e+03,4.16020578e-03
1.95000000e+03,3.56286457e-03
1.96000000e+03,5.81445464e-03
1.97000000e+03,1.52807416e-03
1.98000000e+03,1.18144019e-03
1.99000000e+03,3.40052795e-03
2.00000000e+03,3.34509351e-03
2.01000000e+03,4.52684079e-03
2.02000000e+03,1.55706174e-03
2.03000000e+03,3.68801683e-03
2.04000000e+03,4.17985231e-03
2.05000000e+03,2.15479716e-03
2.06000000e+03,1.32931433e-03
2.07000000e+03,1.10706740e-03
2.08000000e+03,2.92423869e-03
2.09000000e+03,8.06503754e-03
2.10000000e+03,3.84094873e-03
2.11000000e+03,5.43989873e-03
2.12000000e+03,2.21470898e-03
2.13000000e+03,3.03916976e-03
2.14000000e+03,1.13013073e-03
2.15000000e+03,6.93882996e-04
2.16000000e+03,3.56193008e-03
2.17000000e+03,4.57431860e-03
2.18000000e+03,4.36501294e-03
2.19000000e+03,5.36793507e-03
2.20000000e+03,3.17110619e-03
2.21000000e+03,2.37824145e-03
2.22000000e+03,1.71446519e-03
2.23000000e+03,1.26573629e-03
2.24000000e+03,1.48685364e-03
2.25000000e+03,8.47742746e-03
2.26000000e+03,3.27614552e-03
2.27000000e+03,4.27790223e-03
2.28000000e+03,2.90917861e-03
2.29000000e+03,7.90541916e-04
2.30000000e+03,7.48144149e-04
2.31000000e+03,2.25560785e-03
2.32000000e+03,4.04990645e-03
2.33000000e+03,2.82935289e-03
2.34000000e+03,2.02517319e-03
2.35000000e+03,2.63134195e-03
2.36000000e+03,2.61391295e-03
2.37000000e+03,4.59358231e-03
2.38000000e+03,5.87615073e-03
2.39000000e+03,4.23260460e-03
2.40000000e+03,2.64090859e-03
2.41000000e+03,2.45375336e-03
2.42000000e+03,1.46960048e-03
2.43000000e+03,2.48039471e-03
2.44000000e+03,2.37484562e-03
2.45000000e+03,3.11028178e-03
2.46000000e+03,2.15840182e-03
2.47000000e+03,1.14656731e-03
2.48000000e+03,3.58575170e-03
2.49000000e+03,6.16224525e-03
2.50000000e+03,5.31967387e-03
2.51000000e+03,3.85272567e-03
2.52000000e+03,3.40282788e-03
2.53000000e+03,2.19314978e-03
2.54000000e+03,1.03888612e-03
2.55000000e+03,9.12289369e-04
2.56000000e+03,8.05009271e-04
2.57000000e+03,3.34210274e-03
2.58000000e+03,1.53416769e-03
2.59000000e+03,3.38539378e-03
2.60000000e+03,3.57697572e-03
2.61000000e+03,3.32868668e-03
2.62000000e+03,7.11428969e-03
2.63000000e+03,3.14382136e-03
2.64000000e+03,1.17756667e-03
2.65000000e+03,8.87400558e-04
2.66000000e+03,9.76654296e-04
2.67000000e+03,1.20472474e-03
2.68000000e+03,1.70722029e-03
2.69000000e+03,3.08892991e-03
2.70000000e+03,2.08439599e-03
2.71000000e+03,4.99463996e-03
2.72000000e+03,3.23882600e-03
2.73000000e+03,3.98018264e-03
2.74000000e+03,2.01042772e-03
2.75000000e+03,2.64528639e-03
2.76000000e+03,1.40683218e-03
2.77000000e+03,1.56415481e-03
2.78000000e+03,1.24078938e-03
2.79000000e+03,1.88650250e-03
2.80000000e+03,3.75687429e-03
2.81000000e+03,3.02284047e-03
2.82000000e+03,3.30879979e-03
2.83000000e+03,3.68293580e-03
2.84000000e+03,1.25144798e-03
2.85000000e+03,2.88485451e-03
2.86000000e+03,1.64341305e-03
2.87000000e+03,1.79559910e-03
2.88000000e+03,1.60424793e-03
2.89000000e+03,2.12037373e-03
2.90000000e+03,1.89367237e-03
2.91000000e+03,2.91073391e-03
2.92000000e+03,3.56689238e-03
2.93000000e+03,1.69735945e-03
2.94000000e+03,1.31257080e-03
2.95000000e+03,1.54024580e-03
2.96000000e+03,3.85491243e-03
2.97000000e+03,1.80810991e-03
2.98000000e+03,1.56335004e-03
2.99000000e+03,3.08144556e-03
3.00000000e+03,1.56514093e-03
3.01000000e+03,5.15410921e-03
3.02000000e+03,1.92991945e-03
3.03000000e+03,2.88149173e-03
3.04000000e+03,1.27122736e-03
3.05000000e+03,2.53355550e-03
3.06000000e+03,1.99751501e-03
3.07000000e+03,8.31402477e-04
3.08000000e+03,1.05471117e-03
3.09000000e+03,4.56816526e-04
3.10000000e+03,2.21773390e-03
3.11000000e+03,4.75021193e-03
3.12000000e+03,4.16422561e-03
3.13000000e+03,2.22436312e-03
3.14000000e+03,1.22960684e-03
3.15000000e+03,2.99978723e-03
3.16000000e+03,8.48920017e-04
3.17000000e+03,9.68112729e-04
3.18000000e+03,1.53932562e-03
3.19000000e+03,1.10575348e-03
3.20000000e+03,1.83468076e-03
3.21000000e+03,2.11750439e-03
3.22000000e+03,4.48585410e-03
3.23000000e+03,2.47940688e-03
3.24000000e+03,2.16140632e-03
3.25000000e+03,2.03103767e-03
3.26000000e+03,1.40227369e-03
3.27000000e+03,9.59491174e-04
3.28000000e+03,4.67992270e-03
3.29000000e+03,2.04967585e-03
3.30000000e+03,2.06755881e-03
3.31000000e+03,1.43840349e-03
3.32000000e+03,6.61627416e-04
3.33000000e+03,3.71582580e-04
3.34000000e+03,1.32551419e-03
3.35000000e+03,3.14266443e-03
3.36000000e+03,3.92035164e-03
3.37000000e+03,2.99177870e-03
3.38000000e+03,2.32910820e-03
3.39000000e+03,2.01159182e-03
3.40000000e+03,2.35159532e-03
3.41000000e+03,1.41222618e-03
3.42000000e+03,1.01963049e-03
3.43000000e+03,1.83698719e-03
3.44000000e+03,7.95601792e-04
3.45000000e+03,2.12694236e-03
3.46000000e+03,2.00114351e-03
3.47000000e+03,4.11525658e-03
3.48000000e+03,3.38968225e-03
3.49000000e+03,1.71067971e-03
3.50000000e+03,9.20631959e-04
3.51000000e+03,6.34822983e-04
3.52000000e+03,9.13085130e-04
3.53000000e+03,2.99383531e-03
3.54000000e+03,3.06681150e-03
3.55000000e+03,1.80926446e-03
3.56000000e+03,1.05714524e-03
3.57000000e+03,8.16621491e-04
3.58000000e+03,9.35838718e-04
3.59000000e+03,2.09761836e-03
3.60000000e+03,1.36903503e-03
3.61000000e+03,1.20288135e-03
3.62000000e+03,1.24183449e-03
3.63000000e+03,2.63938447e-03
3.64000000e+03,1.28212279e-03
3.65000000e+03,1.79714459e-03
3.66000000e+03,8.29542569e-04
3.67000000e+03,4.03797589e-03
3.68000000e+03,1.67552971e-03
3.69000000e+03,4.75437935e-03
3.70000000e+03,3.78240996e-03
3.71000000e+03,3.18018714e-03
3.72000000e+03,1.69882736e-03
3.73000000e+03,7.60639847e-04
3.74000000e+03,6.90471277e-04
3.75000000e+03,1.27592329e-03
3.76000000e+03,1.06353748e-03
3.77000000e+03,1.23772932e-03
3.78000000e+03,1.75702826e-03
3.79000000e+03,2.43511149e-03
3.80000000e+03,1.27893427e-03
3.81000000e+03,1.50073637e-03
3.82000000e+03,4.11898965e-04
3.83000000e+03,6.15729853e-04
3.84000000e+03,9.60911009e-04
3.85000000e+03,7.59152812e-04
3.86000000e+03,1.05498750e-03
3.87000000e+03,1.82824296e-03
3.88000000e+03,4.12160918e-03
3.89000000e+03,3.27020063e-03
3.90000000e+03,7.37437307e-04
3.91000000e+03,4.86192648e-04
3.92000000e+03,6.01876467e-04
3.93000000e+03,1.64894454e-03
3.94000000e+03,9.04669675e-04
3.95000000e+03,2.62757354e-03
3.96000000e+03,1.22032683e-03
3.97000000e+03,1.45343717e-03
3.98000000e+03,1.57094374e-03
3.99000000e+03,1.82766827e-03
4.00000000e+03,1.35886214e-03
4.01000000e+03,6.21061496e-04
4.02000000e+03,1.08363307e-03
4.03000000e+03,1.47675953e-03
4.04000000e+03,1.60628116e-03
4.05000000e+03,1.67941575e-03
4.06000000e+03,9.50262927e-04
4.07000000e+03,8.76293172e-04
4.08000000e+03,1.64079831e-03
4.09000000e+03,3.41179494e-03
4.10000000e+03,1.39041572e-03
4.11000000e+03,1.85570567e-03
4.12000000e+03,1.37636572e-03
4.13000000e+03,4.20661531e-04
4.14000000e+03,5.21641738e-04
4.15000000e+03,1.79661870e-03
4.16000000e+03,9.44506534e-04
4.17000000e+03,1.38084404e-03
4.18000000e+03,1.92800692e-03
4.19000000e+03,9.58017568e-04
4.20000000e+03,1.02607623e-03
4.21000000e+03,1.39171391e-03
4.22000000e+03,1.83213236e-03
4.23000000e+03,1.05666194e-03
4.24000000e+03,1.55395630e-03
4.25000000e+03,1.34663639e-03
4.26000000e+03,2.44925128e-03
4.27000000e+03,9.22849290e-04
4.28000000e+03,7.17077934e-04
4.29000000e+03,5.96519896e-04
4.30000000e+03,1.93407035e-03
4.31000000e+03,1.61229157e-03
4.32000000e+03,1.11637890e-03
4.33000000e+03,1.21798600e-03
4.34000000e+03,1.37297933e-03
4.35000000e+03,1.84607456e-03
4.36000000e+03,5.63128597e-04
4.37000000e+03,1.37673861e-03
4.38000000e+03,7.92699697e-04
4.39000000e+03,1.96995114e-03
4.40000000e+03,1.30338905e-03
4.41000000e+03,2.12419824e-03
4.42000000e+03,2.12718081e-03
4.43000000e+03,1.20284280e-03
4.44000000e+03,5.11499775e-04
4.45000000e+03,3.47910721e-04
4.46000000e+03,3.69410785e-04
4.47000000e+03,1.58197630e-03
4.48000000e+03,1.32548016e-03
4.49000000e+03,1.24444089e-03
4.50000000e+03,2.23842225e-03
4.51000000e+03,9.32161527e-04
4.52000000e+03,1.24183457e-03
4.53000000e+03,1.53581416e-03
4.54000000e+03,7.62297724e-04
4.55000000e+03,1.18203507e-03
4.56000000e+03,9.69857525e-04
4.57000000e+03,9.60092885e-04
4.58000000e+03,1.48332488e-03
4.59000000e+03,7.33244550e-04
4.60000000e+03,9.56904580e-04
4.61000000e+03,9.48846003e-04
4.62000000e+03,1.25829464e-03
4.63000000e+03,1.48763986e-03
4.64000000e+03,8.68873044e-04
4.65000000e+03,2.05110670e-03
4.66000000e+03,1.10780521e-03
4.67000000e+03,1.83262812e-03
4.68000000e+03,1.03553415e-03
4.69000000e+03,7.97882765e-04
4.70000000e+03,8.24453157e-04
4.71000000e+03,7.68506830e-04
4.72000000e+03,1.04576853e-03
4.73000000e+03,5.34037336e-04
4.74000000e+03,1.29608760e-03
4.75000000e+03,1.70540239e-03
4.76000000e+03,1.60344886e-03
4.77000000e+03,1.06684684e-03
4.78000000e+03,1.63210190e-03
4.79000000e+03,1.96780670e-03
4.80000000e+03,1.02580204e-03
4.81000000e+03,1.32937769e-03
4.82000000e+03,8.52396899e-04
4.83000000e+03,1.05142559e-03
4.84000000e+03,8.31336541e-04
4.85000000e+03,7.46980933e-04
4.86000000e+03,1.18522538e-03
4.87000000e+03,1.13611679e-03
4.88000000e+03,2.07532971e-03
4.89000000e+03,7.46822407e-04
4.90000000e+03,8.18944735e-04
4.91000000e+03,5.04758686e-04
4.92000000e+03,7.42412320e-04
4.93000000e+03,4.93950165e-04
4.94000000e+03,8.60263540e-04
4.95000000e+03,1.63929057e-03
4.96000000e+03,8.74733377e-04
4.97000000e+03,8.79426951e-04
4.98000000e+03,2.46868205e-03
4.99000000e+03,8.44556379e-04
5.00000000e+03,6.45095236e-04
5.01000000e+03,3.19229811e-04
5.02000000e+03,8.82501867e-04
5.03000000e+03,8.98326393e-04
5.04000000e+03,1.07303349e-03
5.05000000e+03,5.69727123e-04
5.06000000e+03,1.19095690e-03
5.07000000e+03,1.88263859e-03
5.08000000e+03,1.14058538e-03
5.09000000e+03,9.82998657e-04
5.10000000e+03,3.70451776e-04
5.11000000e+03,3.10409375e-04
5.12000000e+03,3.67024561e-04
5.13000000e+03,1.45075129e-03
5.14000000e+03,1.58466213e-03
5.15000000e+03,7.14711485e-04
5.16000000e+03,1.13759542e-03
5.17000000e+03,8.02503607e-04
5.18000000e+03,1.95640264e-03
5.19000000e+03,7.31953661e-04
5.20000000e+03,3.76525422e-04
5.21000000e+03,6.20437306e-04
5.22000000e+03,8.96322465e-04
5.23000000e+03,5.09636421e-04
5.24000000e+03,1.36746499e-03
5.25000000e+03,1.19326869e-03
5.26000000e+03,7.05447151e-04
5.27000000e+03,1.31662824e-03
5.28000000e+03,1.32796296e-03
5.29000000e+03,1.00212087e-03
5.30000000e+03,7.62432779e-04
5.31000000e+03,5.28662284e-04
5.32000000e+03,5.01827317e-04
5.33000000e+03,9.48271292e-04
5.34000000e+03,3.49932919e-04
5.35000000e+03,5.42631915e-04
5.36000000e+03,4.80463406e-04
5.37000000e+03,2.15349348e-03
5.38000000e+03,1.63952369e-03
5.39000000e+03,1.14445633e-03
5.40000000e+03,9.12270267e-04
5.41000000e+03,1.07053903e-03
5.42000000e+03,6.39621704e-04
5.43000000e+03,2.72377170e-04
5.44000000e+03,2.25253614e-04
5.45000000e+03,8.08236444e-04
5.46000000e+03,1.00148799e-03
5.47000000e+03,7.99079708e-04
5.48000000e+03,1.09650059e-03
5.49000000e+03,6.60359201e-04
5.50000000e+03,1.41950471e-03
5.51000000e+03,4.83870965e-04
5.52000000e+03,5.11016820e-04
5.53000000e+03,5.48963065e-04
5.54000000e+03,4.86833499e-04
5.55000000e+03,3.29563314e-04
5.56000000e+03,1.10396935e-03
5.57000000e+03,1.06906132e-03
5.58000000e+03,8.11310390e-04
5.59000000e+03,9.29288696e-04
5.60000000e+03,9.91474925e-04
5.61000000e+03,3.73660370e-04
5.62000000e+03,1.62518234e-03
5.63000000e+03,6.46142493e-04
5.64000000e+03,7.77004090e-04
5.65000000e+03,1.17544911e-03
5.66000000e+03,4.74525861e-04
5.67000000e+03,4.29992184e-04
5.68000000e+03,9.93810341e-04
5.69000000e+03,5.09586553e-04
5.70000000e+03,9.31680635e-04
5.71000000e+03,6.76996568e-04
5.72000000e+03,5.29154509e-04
5.73000000e+03,1.70462005e-03
5.74000000e+03,8.46795194e-04
5.75000000e+03,8.03712613e-04
5.76000000e+03,4.60303356e-04
5.77000000e+03,5.73451419e-04
5.78000000e+03,4.17263869e-04
5.79000000e+03,6.99302728e-04
5.80000000e+03,5.46114157e-04
5.81000000e+03,7.06394614e-04
5.82000000e+03,4.96398273e-04
5.83000000e+03,8.45208632e-04
5.84000000e+03,7.73954112e-04
5.85000000e+03,1.08714286e-03
5.86000000e+03,8.18297410e-04
5.87000000e+03,7.90192626e-04
5.88000000e+03,4.76826985e-04
5.89000000e+03,3.94079886e-04
5.90000000e+03,1.76909198e-04
5.91000000e+03,4.21053306e-04
5.92000000e+03,1.83662801e-03
5.93000000e+03,6.55309168e-04
5.94000000e+03,4.37723799e-04
5.95000000e+03,5.93328892e-04
5.96000000e+03,5.42149016e-04
5.97000000e+03,6.82578992e-04
5.98000000e+03,5.09663206e-04
5.99000000e+03,1.47549305e-03
6.00000000e+03,7.91816422e-04
6.01000000e+03,6.43246053e-04
6.02000000e+03,5.14930061e-04
6.03000000e+03,1.34697004e-03
6.04000000e+03,6.78365891e-04
6.05000000e+03,6.86279480e-04
6.06000000e+03,6.79095972e-04
6.07000000e+03,9.28005400e-04
6.08000000e+03,4.87212621e-04
6.09000000e+03,6.97247902e-04
6.10000000e+03,3.53855377e-04
6.11000000e+03,1.84092013e-04
6.12000000e+03,3.28198037e-04
6.13000000e+03,7.51917527e-04
6.14000000e+03,3.24196351e-04
6.15000000e+03,6.05650004e-04
6.16000000e+03,1.02821503e-03
6.17000000e+03,7.93086960e-04
6.18000000e+03,1.08970741e-03
6.19000000e+03,5.80948875e-04
6.20000000e+03,1.23840312e-03
6.21000000e+03,3.78565062e-04
6.22000000e+03,2.38015810e-04
6.23000000e+03,1.24741220e-04
6.24000000e+03,2.20187110e-04
6.25000000e+03,9.57064501e-04
6.26000000e+03,1.25167291e-03
6.27000000e+03,7.32814755e-04
6.28000000e+03,4.33960913e-04
6.29000000e+03,6.20080840e-04
6.30000000e+03,2.32420625e-04
6.31000000e+03,2.37182970e-04
6.32000000e+03,3.59216316e-04
6.33000000e+03,3.25747909e-04
6.34000000e+03,8.50265696e-04
6.35000000e+03,5.56284483e-04
6.36000000e+03,6.45608503e-04
6.37000000e+03,3.88133517e-04
6.38000000e+03,1.58986454e-03
6.39000000e+03,4.94231427e-04
6.40000000e+03,6.80217887e-04
6.41000000e+03,6.79516805e-04
6.42000000e+03,2.50294889e-04
6.43000000e+03,2.47482629e-04
6.44000000e+03,7.20434562e-04
6.45000000e+03,2.47327398e-04
6.46000000e+03,9.44769950e-04
6.47000000e+03,1.05018495e-03
6.48000000e+03,3.59359850e-04
6.49000000e+03,3.07792964e-04
6.50000000e+03,3.70866208e-04
6.51000000e+03,3.51736270e-04
6.52000000e+03,2.87166696e-04
6.53000000e+03,3.68108470e-04
6.54000000e+03,5.11028784e-04
6.55000000e+03,8.04879934e-04
6.56000000e+03,7.27872884e-04
6.57000000e+03,1.03670196e-03
6.58000000e+03,2.92843692e-04
6.59000000e+03,5.66840904e-04
6.60000000e+03,7.19427377e-04
6.61000000e+03,2.75297068e-04
6.62000000e+03,1.51249513e-04
6.63000000e+03,2.15037502e-04
6.64000000e+03,5.83552648e-04
6.65000000e+03,2.75652087e-04
6.66000000e+03,1.10817639e-03
6.67000000e+03,4.20023116e-04
6.68000000e+03,6.50578695e-04
6.69000000e+03,4.17591559e-04
6.70000000e+03,2.61798971e-04
6.71000000e+03,6.59918408e-04
6.72000000e+03,4.56271343e-04
6.73000000e+03,4.81519899e-04
6.74000000e+03,3.75885287e-04
6.75000000e+03,4.12153537e-04
6.76000000e+03,3.83997158e-04
6.77000000e+03,2.04269099e-04
6.78000000e+03,2.51164905e-04
6.79000000e+03,3.34054460e-04
6.80000000e+03,3.48898248e-04
6.81000000e+03,8.08557800e-04
6.82000000e+03,9.41728555e-04
6.83000000e+03,6.71523028e-04
6.84000000e+03,6.54860724e-04
6.85000000e+03,2.80322963e-04
6.86000000e+03,1.64295612e-04
6.87000000e+03,1.15692828e-04
6.88000000e+03,9.23716535e-05
6.89000000e+03,2.02129722e-04
6.90000000e+03,7.53227277e-04
6.91000000e+03,3.71996688e-04
6.92000000e+03,5.58710286e-04
6.93000000e+03,7.45530700e-04
6.94000000e+03,1.13694799e-03
6.95000000e+03,5.25009338e-04
6.96000000e+03,2.05491824e-04
6.97000000e+03,1.33053968e-04
6.98000000e+03,1.29710348e-04
6.99000000e+03,4.45664440e-04
7.00000000e+03,2.91073349e-04
7.01000000e+03,7.97123894e-04
7.02000000e+03,6.82924615e-04
7.03000000e+03,5.13229145e-04
7.04000000e+03,1.89768628e-04
7.05000000e+03,2.23527947e-04
7.06000000e+03,4.07539186e-04
7.07000000e+03,4.17795401e-04
7.08000000e+03,4.13765131e-04
7.09000000e+03,6.35827044e-04
7.10000000e+03,2.50344435e-04
7.11000000e+03,3.29181153e-04
7.12000000e+03,5.97568453e-04
7.13000000e+03,4.83037681e-04
7.14000000e+03,2.73944904e-04
7.15000000e+03,5.02744664e-04
7.16000000e+03,4.53946554e-04
7.17000000e+03,2.66129519e-04
7.18000000e+03,7.25047155e-04
7.19000000e+03,2.61303502e-04
7.20000000e+03,3.86082899e-04
7.21000000e+03,1.15864478e-03
7.22000000e+03,3.59509788e-04
7.23000000e+03,2.47982107e-04
7.24000000e+03,1.83093650e-04
7.25000000e+03,3.17423746e-04
7.26000000e+03,5.70208092e-04
7.27000000e+03,6.11598400e-04
7.28000000e+03,2.35752570e-04
7.29000000e+03,2.36148245e-04
7.30000000e+03,4.02353639e-04
7.31000000e+03,2.94966095e-04
7.32000000e+03,3.87882240e-04
7.33000000e+03,4.10196981e-04
7.34000000e+03,3.18778844e-04
7.35000000e+03,1.50002355e-04
7.36000000e+03,1.41932864e-04
7.37000000e+03,5.09147606e-04
7.38000000e+03,3.29460082e-04
7.39000000e+03,6.28713034e-04
7.40000000e+03,3.08365229e-04
7.41000000e+03,2.36170823e-04
7.42000000e+03,2.06613594e-04
7.43000000e+03,1.48923470e-04
7.44000000e+03,7.74211909e-04
7.45000000e+03,2.92398501e-04
7.46000000e+03,2.38370326e-04
7.47000000e+03,4.53672673e-04
7.48000000e+03,3.67754280e-04
7.49000000e+03,5.06510102e-04
7.50000000e+03,6.78127963e-04
7.51000000e+03,2.18225012e-04
7.52000000e+03,8.77680282e-05
7.53000000e+03,1.20828444e-04
7.54000000e+03,3.04857245e-04
7.55000000e+03,1.38546386e-04
7.56000000e+03,1.35238416e-04
7.57000000e+03,2.10322153e-04
7.58000000e+03,7.00128622e-04
7.59000000e+03,5.68497579e-04
7.60000000e+03,4.85359657e-04
7.61000000e+03,2.82433065e-04
7.62000000e+03,1.57532255e-04
7.63000000e+03,2.30280011e-04
7.64000000e+03,4.28274689e-04
7.65000000e+03,2.11699339e-04
7.66000000e+03,2.57064895e-04
7.67000000e+03,2.22851556e-04
7.68000000e+03,9.21479080e-04
7.69000000e+03,2.20332992e-04
7.70000000e+03,1.66263338e-04
7.71000000e+03,3.28682057e-04
7.72000000e+03,7.57231094e-04
7.73000000e+03,5.05169542e-04
7.74000000e+03,2.39082439e-04
7.75000000e+03,2.60892460e-04
7.76000000e+03,1.05571087e-04
7.77000000e+03,1.84883404e-04
7.78000000e+03,1.55087927e-04
7.79000000e+03,2.87807562e-04
7.80000000e+03,3.34178726e-04
7.81000000e+03,1.20998357e-04
7.82000000e+03,1.21375828e-04
7.83000000e+03,2.60264871e-04
7.84000000e+03,7.64759167e-04
7.85000000e+03,6.25765014e-04
7.86000000e+03,2.48340936e-04
7.87000000e+03,2.64376239e-04
7.88000000e+03,1.94581800e-04
7.89000000e+03,2.93390434e-04
7.90000000e+03,3.41888853e-04
7.91000000e+03,2.91076262e-04
7.92000000e+03,3.13901504e-04
7.93000000e+03,2.03877980e-04
7.94000000e+03,6.18711926e-04
7.95000000e+03,4.40604280e-04
7.96000000e+03,4.30035669e-04
7.97000000e+03,3.48149237e-04
7.98000000e+03,9.24583278e-05
7.99000000e+03,1.28458153e-04
8.00000000e+03,5.17367890e-04
8.01000000e+03,2.93740057e-04
8.02000000e+03,3.22349513e-04
8.03000000e+03,2.92504836e-04
8.04000000e+03,2.02551693e-04
8.05000000e+03,1.74082569e-04
8.06000000e+03,9.31111956e-05
8.07000000e+03,2.85983375e-04
8.08000000e+03,2.81358768e-04
8.09000000e+03,3.72880957e-04
8.10000000e+03,3.62320508e-04
8.11000000e+03,3.06152541e-04
8.12000000e+03,1.99186823e-04
8.13000000e+03,2.24564537e-04
8.14000000e+03,3.23841050e-04
8.15000000e+03,3.59554831e-04
8.16000000e+03,4.15978961e-04
8.17000000e+03,1.86177113e-04
8.18000000e+03,2.37401289e-04
8.19000000e+03,1.25097488e-04
8.20000000e+03,1.28262414e-04
8.21000000e+03,3.41862472e-04
8.22000000e+03,3.92192613e-04
8.23000000e+03,5.50934088e-04
8.24000000e+03,1.80980377e-04
8.25000000e+03,1.63349574e-04
8.26000000e+03,2.01479377e-04
8.27000000e+03,3.86499839e-04
8.28000000e+03,2.21122870e-04
8.29000000e+03,1.33938227e-04
8.30000000e+03,1.00120840e-04
8.31000000e+03,3.93674621e-04
8.32000000e+03,3.38642990e-04
8.33000000e+03,3.29601926e-04
8.34000000e+03,1.79189969e-04
8.35000000e+03,1.51708611e-04
8.36000000e+03,2.45863226e-04
8.37000000e+03,3.10473118e-04
8.38000000e+03,2.00222843e-04
8.39000000e+03,9.65799961e-05
8.40000000e+03,1.28688547e-04
8.41000000e+03,3.39424928e-04
8.42000000e+03,2.79591859e-04
8.43000000e+03,4.29655213e-04
8.44000000e+03,3.72328045e-04
8.45000000e+03,3.10818339e-04
8.46000000e+03,1.87750386e-04
8.47000000e+03,1.43486031e-04
8.48000000e+03,2.70239447e-04
8.49000000e+03,2.09208166e-04
8.50000000e+03,1.98424667e-04
8.51000000e+03,1.29646681e-04
8.52000000e+03,1.90422409e-04
8.53000000e+03,3.45015415e-04
8.54000000e+03,2.02187442e-04
8.55000000e+03,2.19764949e-04
8.56000000e+03,3.43805008e-04
8.57000000e+03,2.50707206e-04
8.58000000e+03,1.57432376e-04
8.59000000e+03,1.41432760e-04
8.60000000e+03,2.60789788e-04
8.61000000e+03,2.02916621e-04
8.62000000e+03,2.74501284e-04
8.63000000e+03,2.23812642e-04
8.64000000e+03,2.48597576e-04
8.65000000e+03,1.62448071e-04
8.66000000e+03,1.06970789e-04
8.67000000e+03,2.71565356e-04
8.68000000e+03,3.60771800e-04
8.69000000e+03,2.74025729e-04
8.70000000e+03,1.78665384e-04
8.71000000e+03,2.47491101e-04
8.72000000e+03,3.92792321e-04
8.73000000e+03,1.27463235e-04
8.74000000e+03,8.07430050e-05
8.75000000e+03,8.29652752e-05
8.76000000e+03,3.44591855e-04
8.77000000e+03,1.74369015e-04
8.78000000e+03,2.13774493e-04
8.79000000e+03,2.77170111e-04
8.80000000e+03,1.54542377e-04
8.81000000e+03,2.02580823e-04
8.82000000e+03,1.31435271e-04
8.83000000e+03,9.93646787e-05
8.84000000e+03,2.60959428e-04
8.85000000e+03,2.76148373e-04
8.86000000e+03,2.00909158e-04
8.87000000e+03,2.29426497e-04
8.88000000e+03,2.63401185e-04
8.89000000e+03,3.23208415e-04
8.90000000e+03,1.87368860e-04
8.91000000e+03,1.89465757e-04
8.92000000e+03,6.30450358e-05
8.93000000e+03,7.13261662e-05
8.94000000e+03,9.92420147e-05
8.95000000e+03,1.34262931e-04
8.96000000e+03,2.75685117e-04
8.97000000e+03,1.48283685e-04
8.98000000e+03,2.94862953e-04
8.99000000e+03,9.09563421e-05
9.00000000e+03,2.92899928e-04
9.01000000e+03,1.79139576e-04
9.02000000e+03,2.37141957e-04
9.03000000e+03,2.24599657e-04
9.04000000e+03,2.49413156e-04
9.05000000e+03,1.11033363e-04
9.06000000e+03,6.77727906e-05
9.07000000e+03,5.14864224e-05
9.08000000e+03,5.09622430e-05
9.09000000e+03,1.63632416e-04
9.10000000e+03,1.95161956e-04
9.11000000e+03,4.27265958e-04
9.12000000e+03,1.56313829e-04
9.13000000e+03,1.24324679e-04
9.14000000e+03,2.28738476e-04
9.15000000e+03,1.83526977e-04
9.16000000e+03,2.96309487e-04
9.17000000e+03,1.13495972e-04
9.18000000e+03,7.49832879e-05
9.19000000e+03,7.52388415e-05
9.20000000e+03,2.85275497e-04
9.21000000e+03,4.48022783e-04
9.22000000e+03,3.76629081e-04
9.23000000e+03,2.54978349e-04
9.24000000e+03,8.77420025e-05
9.25000000e+03,6.15710931e-05
9.26000000e+03,5.06762567e-05
9.27000000e+03,6.61995568e-05
9.28000000e+03,2.06426952e-04
9.29000000e+03,1.57883859e-04
9.30000000e+03,2.33567956e-04
9.31000000e+03,1.32082655e-04
9.32000000e+03,1.80226390e-04
9.33000000e+03,1.94052043e-04
9.34000000e+03,1.87042625e-04
9.35000000e+03,9.15671664e-05
9.36000000e+03,6.01025665e-05
9.37000000e+03,6.61250916e-05
9.38000000e+03,3.46883598e-04
9.39000000e+03,1.95610163e-04
9.40000000e+03,1.79041575e-04
9.41000000e+03,3.22305920e-04
9.42000000e+03,2.75807018e-04
9.43000000e+03,1.32604859e-04
9.44000000e+03,6.90187071e-05
9.45000000e+03,5.05459751e-05
9.46000000e+03,6.61268984e-05
9.47000000e+03,2.10199202e-04
9.48000000e+03,1.52932936e-04
9.49000000e+03,1.35375595e-04
9.50000000e+03,2.63037871e-04
9.51000000e+03,2.86740932e-04
9.52000000e+03,1.75921384e-04
9.53000000e+03,1.04472146e-04
9.54000000e+03,1.06355657e-04
9.55000000e+03,1.92695564e-04
9.56000000e+03,5.93305529e-05
9.57000000e+03,1.27232860e-04
9.58000000e+03,1.24772025e-04
9.59000000e+03,2.17668534e-04
9.60000000e+03,1.60488262e-04
9.61000000e+03,1.71508372e-04
9.62000000e+03,2.19519426e-04
9.63000000e+03,1.48809534e-04
9.64000000e+03,1.45575876e-04
9.65000000e+03,7.06583524e-05
9.66000000e+03,8.77497545e-05
9.67000000e+03,2.09206576e-04
9.68000000e+03,2.79972791e-04
9.69000000e+03,2.72760647e-04
9.70000000e+03,1.27195412e-04
9.71000000e+03,1.38397095e-04
9.72000000e+03,9.43470534e-05
9.73000000e+03,1.28931167e-04
9.74000000e+03,5.79672966e-05
9.75000000e+03,7.06431706e-05
9.76000000e+03,1.42761445e-04
9.77000000e+03,1.62588666e-04
9.78000000e+03,2.18421449e-04
9.79000000e+03,2.16881426e-04
9.80000000e+03,2.44976770e-04
9.81000000e+03,2.67827520e-04
9.82000000e+03,1.28039768e-04
9.83000000e+03,1.02175071e-04
9.84000000e+03,9.17320305e-05
9.85000000e+03,1.28243475e-04
9.86000000e+03,1.57336082e-04
9.87000000e+03,6.72283459e-05
9.88000000e+03,4.57786156e-05
9.89000000e+03,7.18940314e-05
9.90000000e+03,8.85702073e-05
9.91000000e+03,2.68890428e-04
9.92000000e+03,2.64342436e-04
9.93000000e+03,1.45872616e-04
9.94000000e+03,7.89900664e-05
9.95000000e+03,8.35251062e-05
9.96000000e+03,4.43388225e-05
9.97000000e+03,9.03250027e-05
9.98000000e+03,1.39614630e-04
9.99000000e+03,2.02101164e-04
1.00000000e+04,1.09870104e-04
1.00100000e+04,1.19702252e-04
1.00200000e+04,1.76823563e-04
1.00300000e+04,8.00815048e-05
1.00400000e+04,1.95327827e-04
1.00500000e+04,1.80235202e-04
1.00600000e+04,6.09046294e-05
1.00700000e+04,6.38470177e-05
1.00800000e+04,5.32420785e-05
1.00900000e+04,1.18848452e-04
1.01000000e+04,9.37520208e-05
1.01100000e+04,4.76709825e-05
1.01200000e+04,1.33404740e-04
1.01300000e+04,1.18571841e-04
1.01400000e+04,2.44155973e-04
1.01500000e+04,1.78723113e-04
1.01600000e+04,1.85488808e-04
1.01700000e+04,2.89152447e-04
1.01800000e+04,1.06160800e-04
1.01900000e+04,7.53411509e-05
1.02000000e+04,5.67176737e-05
1.02100000e+04,8.13066411e-05
1.02200000e+04,8.81583040e-05
1.02300000e+04,1.06981335e-04
1.02400000e+04,7.12753051e-05
1.02500000e+04,6.38551901e-05
1.02600000e+04,2.14035745e-04
1.02700000e+04,1.40014678e-04
1.02800000e+04,2.46175507e-04
1.02900000e+04,1.38770538e-04
1.03000000e+04,7.55415031e-05
1.03100000e+04,7.95908963e-05
1.03200000e+04,6.21853923e-05
1.03300000e+04,2.04346961e-04
1.03400000e+04,1.78485218e-04
1.03500000e+04,1.76360993e-04
1.03600000e+04,1.41316237e-04
1.03700000e+04,1.40437187e-04
1.03800000e+04,6.61938904e-05
1.03900000e+04,4.98063238e-05
1.04000000e+04,9.61631498e-05
1.04100000e+04,1.07024137e-04
1.04200000e+04,1.44195695e-04
1.04300000e+04,1.02221307e-04
1.04400000e+04,7.82006002e-05
1.04500000e+04,1.04818414e-04
1.04600000e+04,1.02526927e-04
1.04700000e+04,5.83273552e-05
1.04800000e+04,5.23349820e-05
1.04900000e+04,1.34555265e-04
1.05000000e+04,1.36897107e-04
1.05100000e+04,1.68099707e-04
1.05200000e+04,1.49012219e-04
1.05300000e+04,7.23466687e-05
1.05400000e+04,6.41930530e-05
1.05500000e+04,1.31346485e-04
1.05600000e+04,8.58897482e-05
1.05700000e+04,4.81248406e-05
1.05800000e+04,4.76797878e-05
1.05900000e+04,7.68295600e-05
1.06000000e+04,7.77667714e-05
1.06100000e+04,2.02276184e-04
1.06200000e+04,8.61021813e-05
1.06300000e+04,6.19487280e-05
1.06400000e+04,1.20811499e-04
1.06500000e+04,1.25348247e-04
1.06600000e+04,7.62058598e-05
1.06700000e+04,9.52517569e-05
1.06800000e+04,1.25496141e-04
1.06900000e+04,1.41773019e-04
1.07000000e+04,1.46728374e-04
1.07100000e+04,7.95227349e-05
1.07200000e+04,1.41807711e-04
1.07300000e+04,1.00812705e-04
1.07400000e+04,1.07289585e-04
1.07500000e+04,6.74821596e-05
1.07600000e+04,4.64658825e-05
1.07700000e+04,4.40815829e-05
1.07800000e+04,6.67220908e-05
1.07900000e+04,5.00451310e-05
1.08000000e+04,1.09632344e-04
1.08100000e+04,1.10124107e-04
1.08200000e+04,1.59086123e-04
1.08300000e+04,1.00795577e-04
1.08400000e+04,1.11428519e-04
1.08500000e+04,8.65425309e-05
1.08600000e+04,5.42307933e-05
1.08700000e+04,4.36971051e-05
1.08800000e+04,6.91448648e-05
1.08900000e+04,1.09386187e-04
1.09000000e+04,6.65753219e-05
1.09100000e+04,1.60302030e-04
1.09200000e+04,7.91242421e-05
1.09300000e+04,1.30288764e-04
1.09400000e+04,9.36351110e-05
1.09500000e+04,6.45776637e-05
1.09600000e+04,6.40050475e-05
1.09700000e+04,5.50104703e-05
1.09800000e+04,1.03695832e-04
1.09900000e+04,1.48818103e-04
1.10000000e+04,5.74144376e-05
1.10100000e+04,5.64357087e-05
1.10200000e+04,6.11521041e-05
1.10300000e+04,1.01806335e-04
1.10400000e+04,1.02384613e-04
1.10500000e+04,1.08534348e-04
1.10600000e+04,5.84392761e-05
1.10700000e+04,7.36877633e-05
1.10800000e+04,8.58165558e-05
1.10900000e+04,4.06829834e-05
1.11000000e+04,7.91275139e-05
1.11100000e+04,7.41774770e-05
1.11200000e+04,4.75224781e-05
1.11300000e+04,5.00878904e-05
1.11400000e+04,9.95203938e-05
1.11500000e+04,1.19224876e-04
1.11600000e+04,1.18488117e-04
1.11700000e+04,1.02377721e-04
1.11800000e+04,8.44409893e-05
1.11900000e+04,5.75532557e-05
1.12000000e+04,5.20523489e-05
1.12100000e+04,6.23413922e-05
1.12200000e+04,6.41419512e-05
1.12300000e+04,1.76382996e-04
1.12400000e+04,5.48351421e-05
1.12500000e+04,4.57402010e-05
1.12600000e+04,5.34017569e-05
1.12700000e+04,5.91813659e-05
1.12800000e+04,5.24958824e-05
1.12900000e+04,1.64308004e-04
1.13000000e+04,9.01714413e-05
1.13100000e+04,8.56759428e-05
1.13200000e+04,1.04298225e-04
1.13300000e+04,9.43118493e-05
1.13400000e+04,6.50392880e-05
1.13500000e+04,6.20455181e-05
1.13600000e+04,1.05260400e-04
1.13700000e+04,6.53495801e-05
1.13800000e+04,6.02956328e-05
1.13900000e+04,5.35282483e-05
1.14000000e+04,1.42672633e-04
1.14100000e+04,1.07229069e-04
1.14200000e+04,8.22269163e-05
1.14300000e+04,5.18572544e-05
1.14400000e+04,6.03188518e-05
1.14500000e+04,1.14495561e-04
1.14600000e+04,4.76222033e-05
1.14700000e+04,7.52771636e-05
1.14800000e+04,1.33603632e-04
1.14900000e+04,7.23972551e-05
1.15000000e+04,1.39329904e-04
1.15100000e+04,5.15052825e-05
1.15200000e+04,7.08111504e-05
1.15300000e+04,5.37720916e-05
1.15400000e+04,6.77453776e-05
1.15500000e+04,3.88675989e-05
1.15600000e+04,5.55039181e-05
1.15700000e+04,8.10101007e-05
1.15800000e+04,6.82958761e-05
1.15900000e+04,7.66454304e-05
1.16000000e+04,1.14316572e-04
1.16100000e+04,1.08344290e-04
1.16200000e+04,5.83593023e-05
1.16300000e+04,1.00969820e-04
1.16400000e+04,7.96562118e-05
1.16500000e+04,6.64371449e-05
1.16600000e+04,3.96224028e-05
1.16700000e+04,3.56986369e-05
1.16800000e+04,4.43332936e-05
1.16900000e+04,7.15142824e-05
1.17000000e+04,1.60050040e-04
1.17100000e+04,8.89421723e-05
1.17200000e+04,5.47205403e-05
1.17300000e+04,5.58130902e-05
1.17400000e+04,4.12693780e-05
1.17500000e+04,2.83270218e-05
1.17600000e+04,2.93274263e-05
1.17700000e+04,3.78718712e-05
1.17800000e+04,9.65651517e-05
1.17900000e+04,1.85940004e-04
1.18000000e+04,1.06063613e-04
1.18100000e+04,1.02367825e-04
1.18200000e+04,7.42939265e-05
1.18300000e+04,4.92524332e-05
1.18400000e+04,6.05523064e-05
1.18500000e+04,6.26473684e-05
1.18600000e+04,3.73756963e-05
1.18700000e+04,3.21514792e-05
1.18800000e+04,3.49917085e-05
1.18900000e+04,6.50285504e-05
1.19000000e+04,5.62820154e-05
1.19100000e+04,4.86381518e-05
1.19200000e+04,6.71226949e-05
1.19300000e+04,5.09160726e-05
1.19400000e+04,9.85417442e-05
1.19500000e+04,7.81119677e-05
1.19600000e+04,5.63878810e-05
1.19700000e+04,6.69419478e-05
1.19800000e+04,7.40470498e-05
1.19900000e+04,5.05228504e-05
1.20000000e+04,7.93391317e-05
1.20100000e+04,8.03596626e-05
1.20200000e+04,4.23265927e-05
1.20300000e+04,4.02275237e-05
1.20400000e+04,8.39257361e-05
1.20500000e+04,5.43759678e-05
1.20600000e+04,5.54790323e-05
1.20700000e+04,8.76364299e-05
1.20800000e+04,4.97945412e-05
1.20900000e+04,5.21857580e-05
1.21000000e+04,1.03552362e-04
1.21100000e+04,9.34430998e-05
1.21200000e+04,4.56166662e-05
1.21300000e+04,3.40077411e-05
1.21400000e+04,5.31588115e-05
1.21500000e+04,7.11898211e-05
1.21600000e+04,4.45370185e-05
1.21700000e+04,5.77810238e-05
1.21800000e+04,3.82142228e-05
1.21900000e+04,8.87308684e-05
1.22000000e+04,7.31644776e-05
1.22100000e+04,4.75060835e-05
1.22200000e+04,6.53866407e-05
1.22300000e+04,7.71072108e-05
1.22400000e+04,4.44876086e-05
1.22500000e+04,6.79074291e-05
1.22600000e+04,1.12581066e-04
1.22700000e+04,4.25749433e-05
1.22800000e+04,5.47411491e-05
1.22900000e+04,4.20490302e-05
1.23000000e+04,4.14612288e-05
1.23100000e+04,6.73270949e-05
1.23200000e+04,3.44364277e-05
1.23300000e+04,4.39886004e-05
1.23400000e+04,5.56278518e-05
1.23500000e+04,3.65179346e-05
1.23600000e+04,9.61190972e-05
1.23700000e+04,8.64600055e-05
1.23800000e+04,5.80180562e-05
1.23900000e+04,8.38972882e-05
1.24000000e+04,4.11256770e-05
1.24100000e+04,4.75483504e-05
1.24200000e+04,4.64393856e-05
1.24300000e+04,3.62362630e-05
1.24400000e+04,4.04033188e-05
1.24500000e+04,7.70091751e-05
1.24600000e+04,6.01663628e-05
1.24700000e+04,5.10543161e-05
1.24800000e+04,3.83242177e-05
1.24900000e+04,5.12390230e-05
1.25000000e+04,6.92646018e-05
1.25100000e+04,4.37308895e-05
1.25200000e+04,3.05738885e-05
1.25300000e+04,5.38672199e-05
1.25400000e+04,6.56136129e-05
1.25500000e+04,4.38289718e-05
1.25600000e+04,4.74459698e-05
1.25700000e+04,5.29198953e-05
1.25800000e+04,4.51989531e-05
1.25900000e+04,5.99250611e-05
1.26000000e+04,4.49793812e-05
1.26100000e+04,4.72558760e-05
1.26200000e+04,3.70729742e-05
1.26300000e+04,5.87364695e-05
1.26400000e+04,4.97720861e-05
1.26500000e+04,5.85901907e-05
1.26600000e+04,4.13445731e-05
1.26700000e+04,3.23489538e-05
1.26800000e+04,4.06690112e-05
1.26900000e+04,6.70861738e-05
1.27000000e+04,6.30621492e-05
1.27100000e+04,7.74374378e-05
1.27200000e+04,6.14079723e-05
1.27300000e+04,5.61093301e-05
1.27400000e+04,5.38890025e-05
1.27500000e+04,5.27020642e-05
1.27600000e+04,4.00789223e-05
1.27700000e+04,3.69175108e-05
1.27800000e+04,3.42181004e-05
1.27900000e+04,3.24271085e-05
1.28000000e+04,2.81271493e-05
1.28100000e+04,5.38887787e-05
1.28200000e+04,3.50110996e-05
1.28300000e+04,4.32928414e-05
1.28400000e+04,7.79186325e-05
1.28500000e+04,4.55228744e-05
1.28600000e+04,6.08871498e-05
1.28700000e+04,6.23029853e-05
1.28800000e+04,5.49280375e-05
1.28900000e+04,3.50718615e-05
1.29000000e+04,2.61968069e-05
1.29100000e+04,3.45727921e-05
1.29200000e+04,5.79160556e-05
1.29300000e+04,5.12623914e-05
1.29400000e+04,4.68931042e-05
1.29500000e+04,7.89505212e-05
1.29600000e+04,3.69079198e-05
1.29700000e+04,3.02169225e-05
1.29800000e+04,6.18357961e-05
1.29900000e+04,4.02082361e-05
1.30000000e+04,5.26482090e-05
1.30100000e+04,3.56486056e-05
1.30200000e+04,5.13065489e-05
1.30300000e+04,4.25658715e-05
1.30400000e+04,2.46964812e-05
1.30500000e+04,2.66637098e-05
1.30600000e+04,5.41322831e-05
1.30700000e+04,4.12763763e-05
1.30800000e+04,5.70997385e-05
1.30900000e+04,5.69917730e-05
1.31000000e+04,7.12473425e-05
1.31100000e+04,2.97015388e-05
1.31200000e+04,3.05923588e-05
1.31300000e+04,7.42684432e-05
1.31400000e+04,1.07556210e-04
1.31500000e+04,5.42251125e-05
1.31600000e+04,2.41597942e-05
1.31700000e+04,2.46334225e-05
1.31800000e+04,2.98135978e-05
1.31900000e+04,3.76741573e-05
1.32000000e+04,2.85554063e-05
1.32100000e+04,5.44511534e-05
1.32200000e+04,3.62170748e-05
1.32300000e+04,3.34775713e-05
1.32400000e+04,4.26625907e-05
1.32500000e+04,3.72371421e-05
1.32600000e+04,4.22709930e-05
1.32700000e+04,2.47465002e-05
1.32800000e+04,3.83948124e-05
1.32900000e+04,2.76383309e-05
1.33000000e+04,5.69311637e-05
1.33100000e+04,7.28469452e-05
1.33200000e+04,5.48299835e-05
1.33300000e+04,3.52886982e-05
1.33400000e+04,3.68124273e-05
1.33500000e+04,4.08270649e-05
1.33600000e+04,4.43339814e-05
1.33700000e+04,2.85199886e-05
1.33800000e+04,2.20833930e-05
1.33900000e+04,2.13831978e-05
1.34000000e+04,2.51477393e-05
1.34100000e+04,4.45092955e-05
1.34200000e+04,3.65843625e-05
1.34300000e+04,4.32056685e-05
1.34400000e+04,7.11665119e-05
1.34500000e+04,5.38756648e-05
1.34600000e+04,5.48514271e-05
1.34700000e+04,4.05576265e-05
1.34800000e+04,3.60936140e-05
1.34900000e+04,3.14568350e-05
1.35000000e+04,2.88697746e-05
1.35100000e+04,4.19570206e-05
1.35200000e+04,3.20687192e-05
1.35300000e+04,3.15334491e-05
1.35400000e+04,3.52224008e-05
1.35500000e+04,4.14851709e-05
1.35600000e+04,3.39721514e-05
1.35700000e+04,6.44468540e-05
1.35800000e+04,6.07144061e-05
1.35900000e+04,3.69287906e-05
1.36000000e+04,2.61003863e-05
1.36100000e+04,2.21111108e-05
1.36200000e+04,2.86458626e-05
1.36300000e+04,4.30725373e-05
1.36400000e+04,3.34480132e-05
1.36500000e+04,2.51608214e-05
1.36600000e+04,3.51086713e-05
1.36700000e+04,2.89382998e-05
1.36800000e+04,3.49448045e-05
1.36900000e+04,3.79794432e-05
1.37000000e+04,2.65525058e-05
1.37100000e+04,5.43007626e-05
1.37200000e+04,4.90728562e-05
1.37300000e+04,3.91135090e-05
1.37400000e+04,2.57173575e-05
1.37500000e+04,3.84633116e-05
1.37600000e+04,3.05027675e-05
1.37700000e+04,2.52096815e-05
1.37800000e+04,5.23209805e-05
1.37900000e+04,4.17576503e-05
1.38000000e+04,4.57842851e-05
1.38100000e+04,2.98836197e-05
1.38200000e+04,2.62076098e-05
1.38300000e+04,2.89203679e-05
1.38400000e+04,3.05234234e-05
1.38500000e+04,3.14601012e-05
1.38600000e+04,5.35348589e-05
1.38700000e+04,3.72747454e-05
1.38800000e+04,3.05208971e-05
1.38900000e+04,3.29882113e-05
1.39000000e+04,5.90965579e-05
1.39100000e+04,2.98464843e-05
1.39200000e+04,4.86510940e-05
1.39300000e+04,2.77688626e-05
1.39400000e+04,4.19821704e-05
1.39500000e+04,2.35819858e-05
1.39600000e+04,2.93332141e-05
1.39700000e+04,2.22868956e-05
1.39800000e+04,4.23131198e-05
1.39900000e+04,2.12299588e-05
1.40000000e+04,2.01547221e-05
1.40100000e+04,2.04488428e-05
1.40200000e+04,4.02357652e-05
1.40300000e+04,2.77176831e-05
1.40400000e+04,3.79280650e-05
1.40500000e+04,3.45920176e-05
1.40600000e+04,3.44920071e-05
1.40700000e+04,3.78246622e-05
1.40800000e+04,6.07530136e-05
1.40900000e+04,2.51552960e-05
1.41000000e+04,2.47561562e-05
1.41100000e+04,2.58910581e-05
1.41200000e+04,4.95786665e-05
1.41300000e+04,4.71919266e-05
1.41400000e+04,3.70570689e-05
1.41500000e+04,3.72131617e-05
1.41600000e+04,2.92693128e-05
1.41700000e+04,2.41030267e-05
1.41800000e+04,3.30831247e-05
1.41900000e+04,2.04459036e-05
1.42000000e+04,2.09656423e-05
1.42100000e+04,3.34495019e-05
1.42200000e+04,4.14720683e-05
1.42300000e+04,3.60962573e-05
1.42400000e+04,3.80157288e-05
1.42500000e+04,2.92153782e-05
1.42600000e+04,2.99595305e-05
1.42700000e+04,2.82697033e-05
1.42800000e+04,4.31815937e-05
1.42900000e+04,2.36178416e-05
1.43000000e+04,2.20244557e-05
1.43100000e+04,2.66923020e-05
1.43200000e+04,3.33279665e-05
1.43300000e+04,2.22519950e-05
1.43400000e+04,3.50719796e-05
1.43500000e+04,2.58348442e-05
1.43600000e+04,3.38356726e-05
1.43700000e+04,2.20923719e-05
1.43800000e+04,3.21460831e-05
1.43900000e+04,2.83888879e-05
1.44000000e+04,2.58512181e-05
1.44100000e+04,2.36434594e-05
1.44200000e+04,3.18274106e-05
1.44300000e+04,3.14228201e-05
1.44400000e+04,4.24597137e-05
1.44500000e+04,3.19373133e-05
1.44600000e+04,3.13722838e-05
1.44700000e+04,3.79483603e-05
1.44800000e+04,2.49334322e-05
1.44900000e+04,1.85289705e-05
1.45000000e+04,1.95652996e-05
1.45100000e+04,2.27210423e-05
1.45200000e+04,3.50415831e-05
1.45300000e+04,2.57118779e-05
1.45400000e+04,2.67132597e-05
1.45500000e+04,5.01816140e-05
1.45600000e+04,2.84514789e-05
1.45700000e+04,2.41364655e-05
1.45800000e+04,2.25217471e-05
1.45900000e+04,2.02550437e-05
1.46000000e+04,2.46223581e-05
1.46100000e+04,3.43607697e-05
1.46200000e+04,2.11969403e-05
1.46300000e+04,2.94197698e-05
1.46400000e+04,2.73849722e-05
1.46500000e+04,3.54948839e-05
1.46600000e+04,4.57354186e-05
1.46700000e+04,3.12776478e-05
1.46800000e+04,3.35945236e-05
1.46900000e+04,2.41966157e-05
1.47000000e+04,2.53335147e-05
1.47100000e+04,2.03160756e-05
1.47200000e+04,2.88453895e-05
1.47300000e+04,1.91268429e-05
1.47400000e+04,2.08379915e-05
1.47500000e+04,3.49461061e-05
1.47600000e+04,4.40018731e-05
1.47700000e+04,3.19559527e-05
1.47800000e+04,3.24203427e-05
1.47900000e+04,2.44227570e-05
1.48000000e+04,2.21965060e-05
1.48100000e+04,2.25909671e-05
1.48200000e+04,2.18527460e-05
1.48300000e+04,2.64404404e-05
1.48400000e+04,2.96037961e-05
1.48500000e+04,2.60696392e-05
1.48600000e+04,2.26583355e-05
1.48700000e+04,2.23805047e-05
1.48800000e+04,3.84573418e-05
1.48900000e+04,2.94457280e-05
1.49000000e+04,3.15396847e-05
1.49100000e+04,2.07333501e-05
1.49200000e+04,2.14842825e-05
1.49300000e+04,2.97585785e-05
1.49400000e+04,2.52366276e-05
1.49500000e+04,3.15200286e-05
1.49600000e+04,3.01211724e-05
1.49700000e+04,2.51581021e-05
1.49800000e+04,2.19679084e-05
1.49900000e+04,3.04027194e-05
1.50000000e+04,2.01272963e-05
1.50100000e+04,2.09648001e-05
1.50200000e+04,2.27206254e-05
1.50300000e+04,2.14618862e-05
1.50400000e+04,2.27401241e-05
1.50500000e+04,2.73302055e-05
1.50600000e+04,2.78910314e-05
1.50700000e+04,2.49786075e-05
1.50800000e+04,2.52523769e-05
1.50900000e+04,2.20961162e-05
1.51000000e+04,4.13924932e-05
1.51100000e+04,2.68884285e-05
1.51200000e+04,3.21088270e-05
1.51300000e+04,2.07359926e-05
1.51400000e+04,2.05804942e-05
1.51500000e+04,1.83252484e-05
1.51600000e+04,2.03866543e-05
1.51700000e+04,1.78370052e-05
1.51800000e+04,2.62128828e-05
1.51900000e+04,3.26781897e-05
1.52000000e+04,3.73818643e-05
1.52100000e+04,3.55032618e-05
1.52200000e+04,2.45768767e-05
1.52300000e+04,2.36425132e-05
1.52400000e+04,1.91673342e-05
1.52500000e+04,2.39368908e-05
1.52600000e+04,2.32060018e-05
1.52700000e+04,2.64981853e-05
1.52800000e+04,1.87590757e-05
1.52900000e+04,2.27187730e-05
1.53000000e+04,2.35691037e-05
1.53100000e+04,2.29344707e-05
1.53200000e+04,2.83970081e-05
1.53300000e+04,2.55000306e-05
1.53400000e+04,2.45407217e-05
1.53500000e+04,2.32207371e-05
1.53600000e+04,1.86851524e-05
1.53700000e+04,1.81107131e-05
1.53800000e+04,3.03478553e-05
1.53900000e+04,2.92700603e-05
1.54000000e+04,1.85434154e-05
1.54100000e+04,1.73376587e-05
1.54200000e+04,1.81295383e-05
1.54300000e+04,3.85803126e-05
1.54400000e+04,3.26160992e-05
1.54500000e+04,2.74064368e-05
1.54600000e+04,3.15176716e-05
1.54700000e+04,1.98195170e-05
1.54800000e+04,1.65333293e-05
1.54900000e+04,1.57848047e-05
1.55000000e+04,1.56390637e-05
1.55100000e+04,1.65378792e-05
1.55200000e+04,2.29782022e-05
1.55300000e+04,2.08621202e-05
1.55400000e+04,2.67135036e-05
1.55500000e+04,3.76251467e-05
1.55600000e+04,2.41061971e-05
1.55700000e+04,3.00288906e-05
1.55800000e+04,2.34825240e-05
1.55900000e+04,2.72799874e-05
1.56000000e+04,2.42620379e-05
1.56100000e+04,1.95631450e-05
1.56200000e+04,3.28037322e-05
1.56300000e+04,2.34936303e-05
1.56400000e+04,2.00968266e-05
1.56500000e+04,2.05075449e-05
1.56600000e+04,1.79142030e-05
1.56700000e+04,2.02994725e-05
1.56800000e+04,2.17343322e-05
1.56900000e+04,2.56398685e-05
1.57000000e+04,2.08903900e-05
1.57100000e+04,1.97122273e-05
1.57200000e+04,2.81625380e-05
1.57300000e+04,2.25358983e-05
1.57400000e+04,1.91397656e-05
1.57500000e+04,1.84725962e-05
1.57600000e+04,2.27812325e-05
1.57700000e+04,3.44295984e-05
1.57800000e+04,2.46565216e-05
1.57900000e+04,2.31562988e-05
1.58000000e+04,2.24474099e-05
1.58100000e+04,1.94179879e-05
1.58200000e+04,2.13035207e-05
1.58300000e+04,1.56826483e-05
1.58400000e+04,1.61059121e-05
1.58500000e+04,2.17147616e-05
1.58600000e+04,1.90764010e-05
1.58700000e+04,1.65122988e-05
1.58800000e+04,1.88637357e-05
1.58900000e+04,2.89569708e-05
1.59000000e+04,2.55907399e-05
1.59100000e+04,2.95873223e-05
1.59200000e+04,2.09746995e-05
1.59300000e+04,1.73220408e-05
1.59400000e+04,1.99671012e-05
1.59500000e+04,2.43008009e-05
1.59600000e+04,2.54139573e-05
1.59700000e+04,1.96382500e-05
1.59800000e+04,1.64737325e-05
1.59900000e+04,1.66924904e-05
1.60000000e+04,1.98896064e-05
1.60100000e+04,2.20283984e-05
1.60200000e+04,2.51557474e-05
1.60300000e+04,1.67364474e-05
1.60400000e+04,1.81258430e-05
1.60500000e+04,2.87439705e-05
1.60600000e+04,1.86824857e-05
1.60700000e+04,2.41062556e-05
1.60800000e+04,2.17531975e-05
1.60900000e+04,1.87275322e-05
1.61000000e+04,1.52306740e-05
1.61100000e+04,1.56834416e-05
1.61200000e+04,1.80923026e-05
1.61300000e+04,2.32026547e-05
1.61400000e+04,2.79971405e-05
1.61500000e+04,1.81856292e-05
1.61600000e+04,1.66827256e-05
1.61700000e+04,1.54784693e-05
1.61800000e+04,2.11960336e-05
1.61900000e+04,2.37720679e-05
1.62000000e+04,1.91559098e-05
1.62100000e+04,1.77161940e-05
1.62200000e+04,1.93527697e-05
1.62300000e+04,2.53706562e-05
1.62400000e+04,2.23976369e-05
1.62500000e+04,2.42841755e-05
1.62600000e+04,1.91761813e-05
1.62700000e+04,2.28025162e-05
1.62800000e+04,2.03191916e-05
1.62900000e+04,1.81557181e-05
1.63000000e+04,1.84537699e-05
1.63100000e+04,1.58665912e-05
1.63200000e+04,1.61400511e-05
1.63300000e+04,1.66667484e-05
1.63400000e+04,2.38098521e-05
1.63500000e+04,2.36558743e-05
1.63600000e+04,1.63938499e-05
1.63700000e+04,1.51574761e-05
1.63800000e+04,2.02390207e-05
1.63900000e+04,2.58593155e-05
1.64000000e+04,2.22558019e-05
1.64100000e+04,2.16073389e-05
1.64200000e+04,1.85497607e-05
1.64300000e+04,1.72593203e-05
1.64400000e+04,1.66078433e-05
1.64500000e+04,2.01510607e-05
1.64600000e+04,2.05729096e-05
1.64700000e+04,1.64737510e-05
1.64800000e+04,1.82976841e-05
1.64900000e+04,2.25256540e-05
1.65000000e+04,2.20493449e-05
1.65100000e+04,2.46626839e-05
1.65200000e+04,1.94483496e-05
1.65300000e+04,1.95385074e-05
1.65400000e+04,1.79962777e-05
1.65500000e+04,1.75190058e-05
1.65600000e+04,1.61263218e-05
1.65700000e+04,1.98488191e-05
1.65800000e+04,1.90638637e-05
1.65900000e+04,1.64608226e-05
1.66000000e+04,1.71793086e-05
1.66100000e+04,1.83372480e-05
1.66200000e+04,2.37316728e-05
1.66300000e+04,1.54713313e-05
1.66400000e+04,1.86150569e-05
1.66500000e+04,1.80633118e-05
1.66600000e+04,2.14393454e-05
1.66700000e+04,2.25814162e-05
1.66800000e+04,1.75987022e-05
1.66900000e+04,1.54356077e-05
1.67000000e+04,1.62870871e-05
1.67100000e+04,1.88075257e-05
1.67200000e+04,1.68556218e-05
1.67300000e+04,1.77418218e-05
1.67400000e+04,1.45816862e-05
1.67500000e+04,1.44109407e-05
1.67600000e+04,1.66890724e-05
1.67700000e+04,2.33169564e-05
1.67800000e+04,2.25816912e-05
1.67900000e+04,2.06670614e-05
1.68000000e+04,1.76352728e-05
1.68100000e+04,1.70344454e-05
1.68200000e+04,1.66233522e-05
1.68300000e+04,1.47875007e-05
1.68400000e+04,1.50253724e-05
1.68500000e+04,1.54883167e-05
1.68600000e+04,1.86570579e-05
1.68700000e+04,2.31484930e-05
1.68800000e+04,1.98712581e-05
1.68900000e+04,1.95368812e-05
1.69000000e+04,1.72768469e-05
1.69100000e+04,1.92382581e-05
1.69200000e+04,1.66978006e-05
1.69300000e+04,1.59491389e-05
1.69400000e+04,1.59320794e-05
1.69500000e+04,1.45553004e-05
1.69600000e+04,2.11012262e-05
1.69700000e+04,1.90072622e-05
1.69800000e+04,1.47582480e-05
1.69900000e+04,1.77888767e-05
1.70000000e+04,1.52361608e-05
1.70100000e+04,2.04277679e-05
1.70200000e+04,1.96286225e-05
1.70300000e+04,1.95256290e-05
1.70400000e+04,1.54498654e-05
1.70500000e+04,1.45539124e-05
1.70600000e+04,1.66392845e-05
1.70700000e+04,2.26525155e-05
1.70800000e+04,1.76058366e-05
1.70900000e+04,2.07552026e-05
1.71000000e+04,1.56855380e-05
1.71100000e+04,1.68178138e-05
1.71200000e+04,1.57455645e-05
1.71300000e+04,1.72929913e-05
1.71400000e+04,2.00202002e-05
1.71500000e+04,1.46815573e-05
1.71600000e+04,1.42270521e-05
1.71700000e+04,1.70976063e-05
1.71800000e+04,1.52537199e-05
1.71900000e+04,1.69492082e-05
1.72000000e+04,1.45531919e-05
1.72100000e+04,1.74104883e-05
1.72200000e+04,1.59113488e-05
1.72300000e+04,1.46155033e-05
1.72400000e+04,1.89257212e-05
1.72500000e+04,2.49010334e-05
1.72600000e+04,1.84965480e-05
1.72700000e+04,1.44158099e-05
1.72800000e+04,1.37061680e-05
1.72900000e+04,1.37122719e-05
1.73000000e+04,1.64514812e-05
1.73100000e+04,1.71250061e-05
1.73200000e+04,1.46873331e-05
1.73300000e+04,1.50029074e-05
1.73400000e+04,1.38383837e-05
1.73500000e+04,1.64991975e-05
1.73600000e+04,1.59937373e-05
1.73700000e+04,1.76164033e-05
1.73800000e+04,1.61296477e-05
1.73900000e+04,1.41095126e-05
1.74000000e+04,1.72768660e-05
1.74100000e+04,1.53484920e-05
1.74200000e+04,1.73849515e-05
1.74300000e+04,1.74693889e-05
1.74400000e+04,1.88549881e-05
1.74500000e+04,1.82502678e-05
1.74600000e+04,1.61941606e-05
1.74700000e+04,1.51770874e-05
1.74800000e+04,1.38086532e-05
1.74900000e+04,1.36365342e-05
1.75000000e+04,1.37472472e-05
1.75100000e+04,1.85094926e-05
1.75200000e+04,1.42451387e-05
1.75300000e+04,1.48209800e-05
1.75400000e+04,1.65378970e-05
1.75500000e+04,1.69152318e-05
1.75600000e+04,1.46634500e-05
1.75700000e+04,1.88171811e-05
1.75800000e+04,1.52696322e-05
1.75900000e+04,1.52297360e-05
1.76000000e+04,1.54854502e-05
1.76100000e+04,1.52854843e-05
1.76200000e+04,1.41314894e-05
1.76300000e+04,1.48018202e-05
1.76400000e+04,1.53463116e-05
1.76500000e+04,1.33583240e-05
1.76600000e+04,1.42934031e-05
1.76700000e+04,1.32763046e-05
1.76800000e+04,1.71451660e-05
1.76900000e+04,1.94574448e-05
1.77000000e+04,1.65234018e-05
1.77100000e+04,2.09882932e-05
1.77200000e+04,1.46313228e-05
1.77300000e+04,1.39860171e-05
1.77400000e+04,1.44877403e-05
1.77500000e+04,1.35585409e-05
1.77600000e+04,1.31289525e-05
1.77700000e+04,1.41389125e-05
1.77800000e+04,1.51152705e-05
1.77900000e+04,1.37286817e-05
1.78000000e+04,1.43805088e-05
1.78100000e+04,1.54707385e-05
1.78200000e+04,2.23190785e-05
1.78300000e+04,1.46795012e-05
1.78400000e+04,1.48582108e-05
1.78500000e+04,1.35271084e-05
1.78600000e+04,1.28619173e-05
1.78700000e+04,1.34215049e-05
1.78800000e+04,1.42945598e-05
1.78900000e+04,1.43302087e-05
1.79000000e+04,1.50701392e-05
1.79100000e+04,1.46296746e-05
1.79200000e+04,1.57361294e-05
1.79300000e+04,1.33551081e-05
1.79400000e+04,1.41773136e-05
1.79500000e+04,1.46657091e-05
1.79600000e+04,1.49376787e-05
1.79700000e+04,1.66106199e-05
1.79800000e+04,1.69198827e-05
1.79900000e+04,1.54125756e-05
1.80000000e+04,1.55984872e-05
1.80100000e+04,1.49108288e-05
1.80200000e+04,1.76063193e-05
1.80300000e+04,1.32290125e-05
1.80400000e+04,1.27626821e-05
1.80500000e+04,1.45069069e-05
1.80600000e+04,1.47699837e-05
1.80700000e+04,1.70630516e-05
1.80800000e+04,1.38415360e-05
1.80900000e+04,1.31555767e-05
1.81000000e+04,1.35768559e-05
1.81100000e+04,1.58367806e-05
1.81200000e+04,1.43153272e-05
1.81300000e+04,1.73257574e-05
1.81400000e+04,1.33837229e-05
1.81500000e+04,1.36521737e-05
1.81600000e+04,1.29062727e-05
1.81700000e+04,1.39473526e-05
1.81800000e+04,1.62675480e-05
1.81900000e+04,1.70142351e-05
1.82000000e+04,1.73847906e-05
1.82100000e+04,1.41966320e-05
1.82200000e+04,1.30439362e-05
1.82300000e+04,1.33464447e-05
1.82400000e+04,1.33555797e-05
1.82500000e+04,1.60712906e-05
1.82600000e+04,1.34924701e-05
1.82700000e+04,1.31442353e-05
1.82800000e+04,1.28562041e-05
1.82900000e+04,1.28100566e-05
1.83000000e+04,1.76262329e-05
1.83100000e+04,1.36624010e-05
1.83200000e+04,1.34334879e-05
1.83300000e+04,1.54069775e-05
1.83400000e+04,1.34073205e-05
1.83500000e+04,1.34589237e-05
1.83600000e+04,1.37813243e-05
1.83700000e+04,1.42579232e-05
1.83800000e+04,1.45145549e-05
1.83900000e+04,1.31981893e-05
1.84000000e+04,1.45032455e-05
1.84100000e+04,1.59085346e-05
1.84200000e+04,1.55574134e-05
1.84300000e+04,1.38983905e-05
1.84400000e+04,1.56726583e-05
1.84500000e+04,1.25726707e-05
1.84600000e+04,1.28670788e-05
1.84700000e+04,1.25047922e-05
1.84800000e+04,1.27185259e-05
1.84900000e+04,1.20396898e-05
1.85000000e+04,1.24925236e-05
1.85100000e+04,1.59981572e-05
1.85200000e+04,1.61819753e-05
1.85300000e+04,1.32046619e-05
1.85400000e+04,1.35635003e-05
1.85500000e+04,1.52135337e-05
1.85600000e+04,1.24324635e-05
1.85700000e+04,1.25461735e-05
1.85800000e+04,1.41695726e-05
1.85900000e+04,1.40539065e-05
1.86000000e+04,1.50824252e-05
1.86100000e+04,1.45778778e-05
1.86200000e+04,1.30596351e-05
1.86300000e+04,1.40181255e-05
1.86400000e+04,1.33768041e-05
1.86500000e+04,1.25956925e-05
1.86600000e+04,1.19878693e-05
1.86700000e+04,1.23820539e-05
1.86800000e+04,1.20135970e-05
1.86900000e+04,1.37294450e-05
1.87000000e+04,1.36309677e-05
1.87100000e+04,1.46910454e-05
1.87200000e+04,1.49693495e-05
1.87300000e+04,1.46653514e-05
1.87400000e+04,1.33960545e-05
1.87500000e+04,1.22456665e-05
1.87600000e+04,1.21870325e-05
1.87700000e+04,1.51669212e-05
1.87800000e+04,1.28621542e-05
1.87900000e+04,1.28498335e-05
1.88000000e+04,1.30975258e-05
1.88100000e+04,1.21400506e-05
1.88200000e+04,1.27938294e-05
1.88300000e+04,1.22963917e-05
1.88400000e+04,1.40644154e-05
1.88500000e+04,1.33333148e-05
1.88600000e+04,1.34673971e-05
1.88700000e+04,1.49171322e-05
1.88800000e+04,1.44238542e-05
1.88900000e+04,1.22634320e-05
1.89000000e+04,1.23436110e-05
1.89100000e+04,1.30399238e-05
1.89200000e+04,1.35439216e-05
1.89300000e+04,1.24398206e-05
1.89400000e+04,1.29180048e-05
1.89500000e+04,1.20581434e-05
1.89600000e+04,1.24084833e-05
1.89700000e+04,1.41820493e-05
1.89800000e+04,1.36400043e-05
1.89900000e+04,1.21516544e-05
1.90000000e+04,1.37057883e-05
1.90100000e+04,1.30975232e-05
1.90200000e+04,1.23536514e-05
1.90300000e+04,1.35220847e-05
1.90400000e+04,1.19255772e-05
1.90500000e+04,1.20820507e-05
1.90600000e+04,1.27316727e-05
1.90700000e+04,1.38701506e-05
1.90800000e+04,1.21316515e-05
1.90900000e+04,1.22857657e-05
1.91000000e+04,1.28940815e-05
1.91100000e+04,1.38276612e-05
1.91200000e+04,1.17335832e-05
1.91300000e+04,1.23825044e-05
1.91400000e+04,1.20557083e-05
1.91500000e+04,1.33485558e-05
1.91600000e+04,1.46661302e-05
1.91700000e+04,1.27826523e-05
1.91800000e+04,1.28594093e-05
1.91900000e+04,1.23321891e-05
1.92000000e+04,1.17097621e-05
1.92100000e+04,1.18803301e-05
1.92200000e+04,1.46287683e-05
1.92300000e+04,1.24851822e-05
1.92400000e+04,1.23570030e-05
1.92500000e+04,1.22633809e-05
1.92600000e+04,1.25053755e-05
1.92700000e+04,1.30700905e-05
1.92800000e+04,1.19370020e-05
1.92900000e+04,1.36985979e-05
1.93000000e+04,1.30473506e-05
1.93100000e+04,1.26989417e-05
1.93200000e+04,1.19968791e-05
1.93300000e+04,1.17354320e-05
1.93400000e+04,1.15511926e-05
1.93500000e+04,1.21406035e-05
1.93600000e+04,1.25206752e-05
1.93700000e+04,1.43264619e-05
1.93800000e+04,1.27442023e-05
1.93900000e+04,1.24890478e-05
1.94000000e+04,1.22783985e-05
1.94100000e+04,1.14915592e-05
1.94200000e+04,1.32550594e-05
1.94300000e+04,1.24141505e-05
1.94400000e+04,1.21995499e-05
1.94500000e+04,1.17528790e-05
1.94600000e+04,1.38208433e-05
1.94700000e+04,1.19402359e-05
1.94800000e+04,1.24080037e-05
1.94900000e+04,1.18004739e-05
1.95000000e+04,1.19664676e-05
1.95100000e+04,1.13419400e-05
1.95200000e+04,1.11355244e-05
1.95300000e+04,1.14954720e-05
1.95400000e+04,1.29166664e-05
1.95500000e+04,1.34822340e-05
1.95600000e+04,1.30053895e-05
1.95700000e+04,1.27689011e-05
1.95800000e+04,1.16219163e-05
1.95900000e+04,1.17776765e-05
1.96000000e+04,1.12081407e-05
1.96100000e+04,1.12055302e-05
1.96200000e+04,1.14370326e-05
1.96300000e+04,1.15240600e-05
1.96400000e+04,1.19721427e-05
1.96500000e+04,1.22357068e-05
1.96600000e+04,1.15048804e-05
1.96700000e+04,1.27981729e-05
1.96800000e+04,1.35832452e-05
1.96900000e+04,1.18970128e-05
1.97000000e+04,1.22924147e-05
1.97100000e+04,1.23530866e-05
1.97200000e+04,1.20845252e-05
1.97300000e+04,1.16075219e-05
1.97400000e+04,1.12468493e-05
1.97500000e+04,1.12418478e-05
1.97600000e+04,1.16212388e-05
1.97700000e+04,1.11722981e-05
1.97800000e+04,1.20513505e-05
1.97900000e+04,1.28657396e-05
1.98000000e+04,1.29178744e-05
1.98100000e+04,1.17476956e-05
1.98200000e+04,1.16789534e-05
1.98300000e+04,1.23954174e-05
1.98400000e+04,1.13312849e-05
1.98500000e+04,1.11357289e-05
1.98600000e+04,1.17759431e-05
1.98700000e+04,1.12502857e-05
1.98800000e+04,1.09567977e-05
1.98900000e+04,1.14687667e-05
1.99000000e+04,1.10246959e-05
1.99100000e+04,1.31389264e-05
1.99200000e+04,1.23906478e-05
1.99300000e+04,1.11385931e-05
1.99400000e+04,1.12596622e-05
1.99500000e+04,1.17361903e-05
1.99600000e+04,1.15140915e-05
1.99700000e+04,1.23200708e-05
1.99800000e+04,1.13222433e-05
1.99900000e+04,1.10013292e-05
2.00000000e+04,1.14798415e-05
2.00100000e+04,1.17551129e-05
2.00200000e+04,1.12944527e-05
2.00300000e+04,1.11615183e-05
2.00400000e+04,1.14890828e-05
2.00500000e+04,1.08449380e-05
2.00600000e+04,1.12881428e-05
2.00700000e+04,1.26484134e-05
2.00800000e+04,1.20333863e-05
2.00900000e+04,1.12531034e-05
2.01000000e+04,1.13615974e-05
2.01100000e+04,1.12261286e-05
2.01200000e+04,1.18990255e-05
2.01300000e+04,1.15713541e-05
2.01400000e+04,1.14020673e-05
2.01500000e+04,1.10416265e-05
2.01600000e+04,1.10096401e-05
2.01700000e+04,1.22317598e-05
2.01800000e+04,1.13641470e-05
2.01900000e+04,1.10632025e-05
2.02000000e+04,1.13833842e-05
2.02100000e+04,1.06722021e-05
2.02200000e+04,1.05767321e-05
2.02300000e+04,1.14914867e-05
2.02400000e+04,1.17886793e-05
2.02500000e+04,1.13668981e-05
2.02600000e+04,1.23573119e-05
2.02700000e+04,1.09573757e-05
2.02800000e+04,1.11157176e-05
2.02900000e+04,1.11647738e-05
2.03000000e+04,1.21615727e-05
2.03100000e+04,1.16677048e-05
2.03200000e+04,1.14432113e-05
2.03300000e+04,1.09450313e-05
2.03400000e+04,1.08785365e-05
2.03500000e+04,1.05498433e-05
2.03600000e+04,1.09278503e-05
2.03700000e+04,1.05570566e-05
2.03800000e+04,1.14214666e-05
2.03900000e+04,1.11926788e-05
2.04000000e+04,1.11369160e-05
2.04100000e+04,1.14006876e-05
2.04200000e+04,1.08378882e-05
2.04300000e+04,1.07844328e-05
2.04400000e+04,1.17099133e-05
2.04500000e+04,1.09244345e-05
2.04600000e+04,1.05375615e-05
2.04700000e+04,1.12883795e-05
2.04800000e+04,1.08599978e-05
2.04900000e+04,1.10477537e-05
2.05000000e+04,1.08451139e-05
2.05100000e+04,1.09016951e-05
2.05200000e+04,1.26359936e-05
2.05300000e+04,1.14091338e-05
2.05400000e+04,1.07099168e-05
2.05500000e+04,1.05641840e-05
2.05600000e+04,1.03996513e-05
2.05700000e+04,1.06606330e-05
2.05800000e+04,1.09732973e-05
2.05900000e+04,1.11652943e-05
2.06000000e+04,1.17567101e-05
2.06100000e+04,1.06579997e-05
2.06200000e+04,1.04417987e-05
2.06300000e+04,1.12199811e-05
2.06400000e+04,1.14658002e-05
2.06500000e+04,1.08051113e-05
2.06600000e+04,1.11160353e-05
2.06700000e+04,1.07358971e-05
2.06800000e+04,1.02730165e-05
2.06900000e+04,1.08246963e-05
2.07000000e+04,1.05814978e-05
2.07100000e+04,1.02291418e-05
2.07200000e+04,1.03536146e-05
2.07300000e+04,1.13515636e-05
2.07400000e+04,1.12173404e-05
2.07500000e+04,1.12912220e-05
2.07600000e+04,1.10804870e-05
2.07700000e+04,1.04652415e-05
2.07800000e+04,1.03184535e-05
2.07900000e+04,1.08751260e-05
2.08000000e+04,1.04280850e-05
2.08100000e+04,1.02166082e-05
2.08200000e+04,1.04402100e-05
2.08300000e+04,1.13136270e-05
2.08400000e+04,1.13717009e-05
2.08500000e+04,1.03648425e-05
2.08600000e+04,1.02013684e-05
2.08700000e+04,1.03509814e-05
2.08800000e+04,1.08719764e-05
2.08900000e+04,1.08722647e-05
2.09000000e+04,1.06610603e-05
2.09100000e+04,1.05885809e-05
2.09200000e+04,1.09305735e-05
2.09300000e+04,1.04954911e-05
2.09400000e+04,1.04853657e-05
2.09500000e+04,1.09063530e-05
2.09600000e+04,1.02882286e-05
2.09700000e+04,1.08115061e-05
2.09800000e+04,1.01524378e-05
2.09900000e+04,1.00655891e-05
2.10000000e+04,1.04124672e-05
2.10100000e+04,1.09387504e-05
2.10200000e+04,1.15666137e-05
2.10300000e+04,1.09909809e-05
2.10400000e+04,1.02880412e-05
2.10500000e+04,9.93184910e-06
2.10600000e+04,9.89102859e-06
2.10700000e+04,9.85214907e-06
2.10800000e+04,9.84984557e-06
2.10900000e+04,9.95106511e-06
2.11000000e+04,1.02593730e-05
2.11100000e+04,1.00066200e-05
2.11200000e+04,1.08773873e-05
2.11300000e+04,1.28403280e-05
2.11400000e+04,1.16617573e-05
2.11500000e+04,1.04143308e-05
2.11600000e+04,1.00164454e-05
2.11700000e+04,1.00679159e-05
2.11800000e+04,9.97252725e-06
2.11900000e+04,9.97386715e-06
2.12000000e+04,9.87070982e-06
2.12100000e+04,1.04745272e-05
2.12200000e+04,1.00350375e-05
2.12300000e+04,1.09615316e-05
2.12400000e+04,1.11120950e-05
2.12500000e+04,1.01339698e-05
2.12600000e+04,9.96941840e-06
2.12700000e+04,1.01253362e-05
2.12800000e+04,1.06093200e-05
2.12900000e+04,1.04067042e-05
2.13000000e+04,1.01218405e-05
2.13100000e+04,9.97589336e-06
2.13200000e+04,9.97033536e-06
2.13300000e+04,1.03732551e-05
2.13400000e+04,1.04454065e-05
2.13500000e+04,9.86530633e-06
2.13600000e+04,9.88208639e-06
2.13700000e+04,1.05050352e-05
2.13800000e+04,9.82460379e-06
2.13900000e+04,1.00122305e-05
2.14000000e+04,9.89033455e-06
2.14100000e+04,9.88203010e-06
2.14200000e+04,1.11623346e-05
2.14300000e+04,1.08068455e-05
2.14400000e+04,9.94926608e-06
2.14500000e+04,1.01937057e-05
2.14600000e+04,1.00474151e-05
2.14700000e+04,1.01573027e-05
2.14800000e+04,9.67303803e-06
2.14900000e+04,1.01623702e-05
2.15000000e+04,1.03970937e-05
2.15100000e+04,1.00131095e-05
2.15200000e+04,9.76480044e-06
2.15300000e+04,1.00075004e-05
2.15400000e+04,9.65923767e-06
2.15500000e+04,1.02090608e-05
2.15600000e+04,1.05288604e-05
2.15700000e+04,9.77607834e-06
2.15800000e+04,1.02637467e-05
2.15900000e+04,1.01127799e-05
2.16000000e+04,9.89302818e-06
2.16100000e+04,9.83717480e-06
2.16200000e+04,9.78899899e-06
2.16300000e+04,1.05774745e-05
2.16400000e+04,9.83188579e-06
2.16500000e+04,1.01780795e-05
2.16600000e+04,9.72899378e-06
2.16700000e+04,9.53789998e-06
2.16800000e+04,9.49059723e-06
2.16900000e+04,9.79557569e-06
2.17000000e+04,9.91394479e-06
2.17100000e+04,9.73610888e-06
2.17200000e+04,9.77131618e-06
2.17300000e+04,9.74310379e-06
2.17400000e+04,9.93291352e-06
2.17500000e+04,1.05628673e-05
2.17600000e+04,9.84833528e-06
2.17700000e+04,9.98635726e-06
2.17800000e+04,9.88028206e-06
2.17900000e+04,9.59939280e-06
2.18000000e+04,9.47281293e-06
2.18100000e+04,9.50206110e-06
2.18200000e+04,9.96582297e-06
2.18300000e+04,1.00519382e-05
2.18400000e+04,9.61844358e-06
2.18500000e+04,9.53851081e-06
2.18600000e+04,9.59254634e-06
2.18700000e+04,9.67128209e-06
2.18800000e+04,1.00191983e-05
2.18900000e+04,9.53016178e-06
2.19000000e+04,9.59669864e-06
2.19100000e+04,1.05177938e-05
2.19200000e+04,1.01136990e-05
2.19300000e+04,9.52386630e-06
2.19400000e+04,9.83722559e-06
2.19500000e+04,9.97739573e-06
2.19600000e+04,9.48072671e-06
2.19700000e+04,9.85147929e-06
2.19800000e+04,9.45839473e-06
2.19900000e+04,9.78229527e-06
2.20000000e+04,9.91273233e-06
2.20100000e+04,9.82329243e-06
2.20200000e+04,9.43727794e-06
2.20300000e+04,9.41242994e-06
2.20400000e+04,1.00948931e-05
2.20500000e+04,9.72795212e-06
2.20600000e+04,9.33594051e-06
2.20700000e+04,9.33932663e-06
2.20800000e+04,9.93158795e-06
2.20900000e+04,9.60655492e-06
2.21000000e+04,9.35025113e-06
2.21100000e+04,9.30193800e-06
2.21200000e+04,9.59636261e-06
2.21300000e+04,9.31448878e-06
2.21400000e+04,9.26259992e-06
2.21500000e+04,9.61098359e-06
2.21600000e+04,9.34098263e-06
2.21700000e+04,9.46533302e-06
2.21800000e+04,9.66820035e-06
2.21900000e+04,1.02746980e-05
2.22000000e+04,1.00025569e-05
2.22100000e+04,9.80607656e-06
2.22200000e+04,9.36511201e-06
2.22300000e+04,9.18396379e-06
2.22400000e+04,9.13882010e-06
2.22500000e+04,9.12790545e-06
2.22600000e+04,9.15814736e-06
2.22700000e+04,9.58130430e-06
2.22800000e+04,9.87302642e-06
2.22900000e+04,1.00516291e-05
2.23000000e+04,9.65735210e-06
2.23100000e+04,9.26816065e-06
2.23200000e+04,9.19177718e-06
2.23300000e+04,9.19792028e-06
2.23400000e+04,9.73285356e-06
2.23500000e+04,9.24125677e-06
2.23600000e+04,9.41343675e-06
2.23700000e+04,9.56436925e-06
2.23800000e+04,9.27405923e-06
2.23900000e+04,9.15909585e-06
2.24000000e+04,9.48663017e-06
2.24100000e+04,9.26165587e-06
2.24200000e+04,9.14086784e-06
2.24300000e+04,9.61225001e-06
2.24400000e+04,9.66773705e-06
2.24500000e+04,9.45142615e-06
2.24600000e+04,9.28364085e-06
2.24700000e+04,9.12295278e-06
2.24800000e+04,9.70721688e-06
2.24900000e+04,9.21244002e-06
2.25000000e+04,9.63107360e-06
2.25100000e+04,9.10109984e-06
2.25200000e+04,9.10463627e-06
2.25300000e+04,9.10774711e-06
2.25400000e+04,9.35103549e-06
2.25500000e+04,9.17002287e-06
2.25600000e+04,9.06584263e-06
2.25700000e+04,9.08899775e-06
2.25800000e+04,9.24818589e-06
2.25900000e+04,9.40539508e-06
2.26000000e+04,8.99974970e-06
2.26100000e+04,8.97203871e-06
2.26200000e+04,8.94430885e-06
2.26300000e+04,9.14649330e-06
2.26400000e+04,9.27988145e-06
2.26500000e+04,1.03997599e-05
2.26600000e+04,9.24056197e-06
2.26700000e+04,9.34398811e-06
2.26800000e+04,9.00834513e-06
2.26900000e+04,9.10195298e-06
2.27000000e+04,9.01701205e-06
2.27100000e+04,9.47765950e-06
2.27200000e+04,9.42008610e-06
2.27300000e+04,9.30823627e-06
2.27400000e+04,9.05813873e-06
2.27500000e+04,8.91371021e-06
2.27600000e+04,8.87000748e-06
2.27700000e+04,8.90011008e-06
2.27800000e+04,9.21251003e-06
2.27900000e+04,9.01627607e-06
2.28000000e+04,8.89575380e-06
2.28100000e+04,9.09482914e-06
2.28200000e+04,9.36354771e-06
2.28300000e+04,8.93451507e-06
2.28400000e+04,9.42511253e-06
2.28500000e+04,9.21334976e-06
2.28600000e+04,9.07732131e-06
2.28700000e+04,8.88965017e-06
2.28800000e+04,8.80569792e-06
2.28900000e+04,8.86450198e-06
2.29000000e+04,9.12217424e-06
2.29100000e+04,8.94887094e-06
2.29200000e+04,8.95089687e-06
2.29300000e+04,8.90942645e-06
2.29400000e+04,9.08417613e-06
2.29500000e+04,8.95591024e-06
2.29600000e+04,8.94514002e-06
2.29700000e+04,9.03516068e-06
2.29800000e+04,8.82127518e-06
2.29900000e+04,8.80444009e-06
2.30000000e+04,9.10876651e-06
2.30100000e+04,9.52048243e-06
2.30200000e+04,8.94141052e-06
2.30300000e+04,8.90094420e-06
2.30400000e+04,9.19840091e-06
2.30500000e+04,8.88435537e-06
2.30600000e+04,8.98558569e-06
2.30700000e+04,8.75981575e-06
2.30800000e+04,8.81394803e-06
2.30900000e+04,8.96167637e-06
2.31000000e+04,8.90290459e-06
2.31100000e+04,8.72451363e-06
2.31200000e+04,8.72352858e-06
2.31300000e+04,9.33197173e-06
2.31400000e+04,9.19432547e-06
2.31500000e+04,8.84990989e-06
2.31600000e+04,8.81907965e-06
2.31700000e+04,8.94398480e-06
2.31800000e+04,8.78082948e-06
2.31900000e+04,8.82823884e-06
2.32000000e+04,9.13852560e-06
2.32100000e+04,8.78360675e-06
2.32200000e+04,8.75055774e-06
2.32300000e+04,8.93194024e-06
2.32400000e+04,8.68993278e-06
2.32500000e+04,8.90722746e-06
2.32600000e+04,8.86619202e-06
2.32700000e+04,8.79484249e-06
2.32800000e+04,8.87249093e-06
2.32900000e+04,8.90407158e-06
2.33000000e+04,8.66137584e-06
2.33100000e+04,8.61451736e-06
2.33200000e+04,8.70433618e-06
2.33300000e+04,8.87224965e-06
2.33400000e+04,8.85486514e-06
2.33500000e+04,8.70592645e-06
2.33600000e+04,8.69855761e-06
2.33700000e+04,8.70547861e-06
2.33800000e+04,8.73136956e-06
2.33900000e+04,8.71012509e-06
2.34000000e+04,8.59505482e-06
2.34100000e+04,8.62973733e-06
2.34200000e+04,8.81863801e-06
2.34300000e+04,8.65103865e-06
2.34400000e+04,9.03076218e-06
2.34500000e+04,8.95529867e-06
2.34600000e+04,8.84412738e-06
2.34700000e+04,8.56734958e-06
2.34800000e+04,8.74051289e-06
2.34900000e+04,8.58904255e-06
2.35000000e+04,8.50277918e-06
2.35100000e+04,8.51285016e-06
2.35200000e+04,8.77733480e-06
2.35300000e+04,8.57374150e-06
2.35400000e+04,8.79918997e-06
2.35500000e+04,8.54698701e-06
2.35600000e+04,8.49189264e-06
2.35700000e+04,8.71675188e-06
2.35800000e+04,8.84909457e-06
2.35900000e+04,8.56836522e-06
2.36000000e+04,8.89666928e-06
2.36100000e+04,8.74254747e-06
2.36200000e+04,8.62579758e-06
2.36300000e+04,8.67647655e-06
2.36400000e+04,8.61486975e-06
2.36500000e+04,8.56463304e-06
2.36600000e+04,8.47898282e-06
2.36700000e+04,8.66271290e-06
2.36800000e+04,8.44671092e-06
2.36900000e+04,8.44568004e-06
2.37000000e+04,8.49629848e-06
2.37100000e+04,8.67869865e-06
2.37200000e+04,8.44521329e-06
2.37300000e+04,8.49026663e-06
2.37400000e+04,8.44640601e-06
2.37500000e+04,8.46075943e-06
2.37600000e+04,8.69992598e-06
2.37700000e+04,8.48870035e-06
2.37800000e+04,8.63236423e-06
2.37900000e+04,8.47713126e-06
2.38000000e+04,8.75226880e-06
2.38100000e+04,8.42361184e-06
2.38200000e+04,8.36809842e-06
2.38300000e+04,8.45029241e-06
2.38400000e+04,8.42374687e-06
2.38500000e+04,8.53185604e-06
2.38600000e+04,8.38477256e-06
2.38700000e+04,8.49754333e-06
2.38800000e+04,8.48754796e-06
2.38900000e+04,8.52828285e-06
2.39000000e+04,8.37099452e-06
2.39100000e+04,8.32259250e-06
2.39200000e+04,8.29843120e-06
2.39300000e+04,8.30066039e-06
2.39400000e+04,8.30105614e-06
2.39500000e+04,8.53158448e-06
2.39600000e+04,8.61510073e-06
2.39700000e+04,8.47821840e-06
2.39800000e+04,8.87302908e-06
2.39900000e+04,8.56434025e-06
2.40000000e+04,8.47998027e-06
2.40100000e+04,8.32938392e-06
2.40200000e+04,8.37611647e-06
2.40300000e+04,8.33914700e-06
2.40400000e+04,8.22681745e-06
2.40500000e+04,8.23002217e-06
2.40600000e+04,8.21883942e-06
2.40700000e+04,8.20864227e-06
2.40800000e+04,8.22679443e-06
2.40900000e+04,8.48639301e-06
2.41000000e+04,8.44702810e-06
2.41100000e+04,8.51195604e-06
2.41200000e+04,8.39163483e-06
2.41300000e+04,8.31307138e-06
2.41400000e+04,8.28763199e-06
2.41500000e+04,8.48196188e-06
2.41600000e+04,8.23141586e-06
2.41700000e+04,8.44455078e-06
2.41800000e+04,8.30980167e-06
2.41900000e+04,8.29663855e-06
2.42000000e+04,8.37490911e-06
2.42100000e+04,8.35796754e-06
2.42200000e+04,8.21058781e-06
2.42300000e+04,8.18309277e-06
2.42400000e+04,8.32221689e-06
2.42500000e+04,8.20892169e-06
2.42600000e+04,8.16510542e-06
2.42700000e+04,8.14085272e-06
2.42800000e+04,8.24988272e-06
2.42900000e+04,8.26576824e-06
2.43000000e+04,8.50081744e-06
2.43100000e+04,8.24410851e-06
2.43200000e+04,8.24383458e-06
2.43300000e+04,8.15605930e-06
2.43400000e+04,8.45831822e-06
2.43500000e+04,8.35204947e-06
2.43600000e+04,8.19290024e-06
2.43700000e+04,8.22692908e-06
2.43800000e+04,8.17576868e-06
2.43900000e+04,8.18633881e-06
2.44000000e+04,8.22854333e-06
2.44100000e+04,8.15526254e-06
2.44200000e+04,8.25852460e-06
2.44300000e+04,8.13476162e-06
2.44400000e+04,8.10464498e-06
2.44500000e+04,8.10720426e-06
2.44600000e+04,8.20099560e-06
2.44700000e+04,8.10259277e-06
2.44800000e+04,8.05711165e-06
2.44900000e+04,8.08861129e-06
2.45000000e+04,8.19299280e-06
2.45100000e+04,8.22991034e-06
2.45200000e+04,8.03225745e-06
2.45300000e+04,8.09604136e-06
2.45400000e+04,8.27885719e-06
2.45500000e+04,8.15820500e-06
2.45600000e+04,8.10342030e-06
2.45700000e+04,8.36671002e-06
2.45800000e+04,8.05985158e-06
2.45900000e+04,8.06930741e-06
2.46000000e+04,8.11352811e-06
2.46100000e+04,8.01388950e-06
2.46200000e+04,8.03756596e-06
2.46300000e+04,7.98763757e-06
2.46400000e+04,8.04946146e-06
2.46500000e+04,8.21903459e-06
2.46600000e+04,8.06367714e-06
2.46700000e+04,8.02543926e-06
2.46800000e+04,8.16335853e-06
2.46900000e+04,8.10147508e-06
2.47000000e+04,7.99768279e-06
2.47100000e+04,7.94558792e-06
2.47200000e+04,7.93664987e-06
2.47300000e+04,8.00719798e-06
2.47400000e+04,8.04886211e-06
2.47500000e+04,8.21886181e-06
2.47600000e+04,8.08378662e-06
2.47700000e+04,8.03679749e-06
2.47800000e+04,8.03365377e-06
2.47900000e+04,7.95765151e-06
2.48000000e+04,7.97228647e-06
2.48100000e+04,7.89581933e-06
2.48200000e+04,7.90619486e-06
2.48300000e+04,8.03166430e-06
2.48400000e+04,8.03197289e-06
2.48500000e+04,7.95048641e-06
2.48600000e+04,7.94857538e-06
2.48700000e+04,7.97805145e-06
2.48800000e+04,7.90898662e-06
2.48900000e+04,7.87841230e-06
2.49000000e+04,7.90361512e-06
2.49100000e+04,7.88592459e-06
2.49200000e+04,8.01959999e-06
2.49300000e+04,8.26816064e-06
2.49400000e+04,8.04838296e-06
2.49500000e+04,7.95699309e-06
2.49600000e+04,7.84771548e-06
2.49700000e+04,7.82980866e-06
2.49800000e+04,7.83114184e-06
2.49900000e+04,7.88255425e-06
2.50000000e+04,7.84272136e-06
2.50100000e+04,7.85850456e-06
2.50200000e+04,7.92557403e-06
2.50300000e+04,7.90986302e-06
2.50400000e+04,7.92626277e-06
2.50500000e+04,7.93385581e-06
2.50600000e+04,8.02869039e-06
2.50700000e+04,7.84154739e-06
2.50800000e+04,7.83292924e-06
2.50900000e+04,7.86843005e-06
2.51000000e+04,7.89817627e-06
2.51100000e+04,7.81198086e-06
2.51200000e+04,7.77192841e-06
2.51300000e+04,7.75773407e-06
2.51400000e+04,7.76302422e-06
2.51500000e+04,7.84094882e-06
2.51600000e+04,7.87658929e-06
2.51700000e+04,7.91330503e-06
2.51800000e+04,7.87777498e-06
2.51900000e+04,7.90536020e-06
2.52000000e+04,7.86674015e-06
2.52100000e+04,7.75366144e-06
2.52200000e+04,7.74029338e-06
2.52300000e+04,7.77272373e-06
2.52400000e+04,7.87704668e-06
2.52500000e+04,7.74548373e-06
2.52600000e+04,7.73315231e-06
2.52700000e+04,7.85175753e-06
2.52800000e+04,7.78079636e-06
2.52900000e+04,7.80583190e-06
2.53000000e+04,7.78834404e-06
2.53100000e+04,7.86921203e-06
2.53200000e+04,7.72921057e-06
2.53300000e+04,7.72086881e-06
2.53400000e+04,7.71099728e-06
2.53500000e+04,7.89343370e-06
2.53600000e+04,7.78378312e-06
2.53700000e+04,7.68643162e-06
2.53800000e+04,7.82996190e-06
2.53900000e+04,7.90698698e-06
2.54000000e+04,7.70279273e-06
2.54100000e+04,7.68011834e-06
2.54200000e+04,7.68850485e-06
2.54300000e+04,7.75946173e-06
2.54400000e+04,7.68235947e-06
2.54500000e+04,7.64337253e-06
2.54600000e+04,7.62610832e-06
2.54700000e+04,7.62558523e-06
2.54800000e+04,7.71101359e-06
2.54900000e+04,7.64606525e-06
2.55000000e+04,7.66511471e-06
2.55100000e+04,7.80111411e-06
2.55200000e+04,7.71169282e-06
2.55300000e+04,7.64380521e-06
2.55400000e+04,7.60982153e-06
2.55500000e+04,7.64131217e-06
2.55600000e+04,7.74810210e-06
2.55700000e+04,7.62245946e-06
2.55800000e+04,7.59289713e-06
2.55900000e+04,7.70605153e-06
2.56000000e+04,7.63548458e-06
2.56100000e+04,7.67455501e-06
2.56200000e+04,7.67303208e-06
2.56300000e+04,7.58505515e-06
2.56400000e+04,7.56306799e-06
2.56500000e+04,7.55556945e-06
2.56600000e+04,7.56976151e-06
2.56700000e+04,7.67098003e-06
2.56800000e+04,7.70253956e-06
2.56900000e+04,7.61816301e-06
2.57000000e+04,7.69668528e-06
2.57100000e+04,7.59099028e-06
2.57200000e+04,7.54937918e-06
2.57300000e+04,7.52795371e-06
2.57400000e+04,7.66639673e-06
2.57500000e+04,7.62306715e-06
2.57600000e+04,7.57359398e-06
2.57700000e+04,7.62085070e-06
2.57800000e+04,7.58271176e-06
2.57900000e+04,7.54276668e-06
2.58000000e+04,7.52968025e-06
2.58100000e+04,7.50378051e-06
2.58200000e+04,7.49199414e-06
2.58300000e+04,7.50225477e-06
2.58400000e+04,7.52676275e-06
2.58500000e+04,7.58397593e-06
2.58600000e+04,7.50129177e-06
2.58700000e+04,7.78157563e-06
2.58800000e+04,7.54935154e-06
2.58900000e+04,7.56216087e-06
2.59000000e+04,7.50133823e-06
2.59100000e+04,7.47101886e-06
2.59200000e+04,7.47234170e-06
2.59300000e+04,7.48329064e-06
2.59400000e+04,7.48890650e-06
2.59500000e+04,7.44818500e-06
2.59600000e+04,7.47822564e-06
2.59700000e+04,7.47098712e-06
2.59800000e+04,7.44611865e-06
2.59900000e+04,7.47197610e-06
2.60000000e+04,7.49092952e-06
2.60100000e+04,7.79895666e-06
2.60200000e+04,7.54339035e-06
2.60300000e+04,7.54785355e-06
2.60400000e+04,7.43166714e-06
2.60500000e+04,7.41685511e-06
2.60600000e+04,7.40013389e-06
2.60700000e+04,7.39635585e-06
2.60800000e+04,7.41859333e-06
2.60900000e+04,7.48814404e-06
2.61000000e+04,7.48930349e-06
2.61100000e+04,7.41964373e-06
2.61200000e+04,7.42859188e-06
2.61300000e+04,7.37989317e-06
2.61400000e+04,7.37500558e-06
2.61500000e+04,7.44294475e-06
2.61600000e+04,7.38174274e-06
2.61700000e+04,7.47039243e-06
2.61800000e+04,7.35722955e-06
2.61900000e+04,7.35646998e-06
2.62000000e+04,7.36561938e-06
2.62100000e+04,7.38246613e-06
2.62200000e+04,7.37221044e-06
2.62300000e+04,7.38757519e-06
2.62400000e+04,7.55199140e-06
2.62500000e+04,7.48847616e-06
2.62600000e+04,7.48734063e-06
2.62700000e+04,7.34351320e-06
2.62800000e+04,7.56266865e-06
2.62900000e+04,7.41082561e-06
2.63000000e+04,7.34835916e-06
2.63100000e+04,7.31080000e-06
2.63200000e+04,7.30625881e-06
2.63300000e+04,7.30134998e-06
2.63400000e+04,7.34021098e-06
2.63500000e+04,7.29300313e-06
2.63600000e+04,7.30610367e-06
2.63700000e+04,7.41964997e-06
2.63800000e+04,7.32870765e-06
2.63900000e+04,7.29502634e-06
2.64000000e+04,7.28842342e-06
2.64100000e+04,7.45957118e-06
2.64200000e+04,7.31500643e-06
2.64300000e+04,7.29915903e-06
2.64400000e+04,7.32654959e-06
2.64500000e+04,7.48447782e-06
2.64600000e+04,7.25810652e-06
2.64700000e+04,7.25970061e-06
2.64800000e+04,7.25257094e-06
2.64900000e+04,7.24800366e-06
2.65000000e+04,7.28736009e-06
2.65100000e+04,7.25050284e-06
2.65200000e+04,7.26370278e-06
2.65300000e+04,7.26585043e-06
2.65400000e+04,7.33363883e-06
2.65500000e+04,7.46053963e-06
2.65600000e+04,7.27281133e-06
2.65700000e+04,7.23376313e-06
2.65800000e+04,7.21837948e-06
2.65900000e+04,7.24845994e-06
2.66000000e+04,7.24963140e-06
2.66100000e+04,7.20904739e-06
2.66200000e+04,7.25392172e-06
2.66300000e+04,7.31306054e-06
2.66400000e+04,7.36881675e-06
2.66500000e+04,7.23515885e-06
2.66600000e+04,7.20634386e-06
2.66700000e+04,7.18432366e-06
2.66800000e+04,7.17846044e-06
2.66900000e+04,7.17317848e-06
2.67000000e+04,7.16943745e-06
2.67100000e+04,7.16595437e-06
2.67200000e+04,7.17842852e-06
2.67300000e+04,7.35304982e-06
2.67400000e+04,7.22351707e-06
2.67500000e+04,7.21121719e-06
2.67600000e+04,7.17588264e-06
2.67700000e+04,7.17104178e-06
2.67800000e+04,7.33058630e-06
2.67900000e+04,7.22792021e-06
2.68000000e+04,7.14609762e-06
2.68100000e+04,7.13890919e-06
2.68200000e+04,7.22421441e-06
2.68300000e+04,7.22746911e-06
2.68400000e+04,7.13602591e-06
2.68500000e+04,7.13036667e-06
2.68600000e+04,7.13915593e-06
2.68700000e+04,7.12980159e-06
2.68800000e+04,7.11496746e-06
2.68900000e+04,7.11223424e-06
2.69000000e+04,7.13458428e-06
2.69100000e+04,7.19133394e-06
2.69200000e+04,7.16372191e-06
2.69300000e+04,7.12024018e-06
2.69400000e+04,7.11979535e-06
2.69500000e+04,7.21269346e-06
2.69600000e+04,7.13941081e-06
2.69700000e+04,7.08141571e-06
2.69800000e+04,7.08040278e-06
2.69900000e+04,7.14425871e-06
2.70000000e+04,7.11053848e-06
2.70100000e+04,7.07853593e-06
2.70200000e+04,7.15322795e-06
2.70300000e+04,7.14521980e-06
2.70400000e+04,7.07441097e-06
2.70500000e+04,7.10277930e-06
2.70600000e+04,7.06232819e-06
2.70700000e+04,7.06679066e-06
2.70800000e+04,7.04608198e-06
2.70900000e+04,7.04132708e-06
2.71000000e+04,7.05011394e-06
2.71100000e+04,7.19324164e-06
2.71200000e+04,7.06042816e-06
2.71300000e+04,7.06380797e-06
2.71400000e+04,7.06517067e-06
2.71500000e+04,7.03722424e-06
2.71600000e+04,7.01780504e-06
2.71700000e+04,7.01433289e-06
2.71800000e+04,7.01117445e-06
2.71900000e+04,7.17193353e-06
2.72000000e+04,7.13214833e-06
2.72100000e+04,7.10625859e-06
2.72200000e+04,7.06372011e-06
2.72300000e+04,7.04114018e-06
2.72400000e+04,7.01078075e-06
2.72500000e+04,6.99863058e-06
2.72600000e+04,6.98949276e-06
2.72700000e+04,6.98249074e-06
2.72800000e+04,6.98472186e-06
2.72900000e+04,6.98668049e-06
2.73000000e+04,6.98403460e-06
2.73100000e+04,7.13971607e-06
2.73200000e+04,7.00239040e-06
2.73300000e+04,7.03989517e-06
2.73400000e+04,6.98990983e-06
2.73500000e+04,6.96702735e-06
2.73600000e+04,6.95838601e-06
2.73700000e+04,6.95358967e-06
2.73800000e+04,7.05310530e-06
2.73900000e+04,6.98881828e-06
2.74000000e+04,6.94799669e-06
2.74100000e+04,6.95304680e-06
2.74200000e+04,7.01218931e-06
2.74300000e+04,7.01712930e-06
2.74400000e+04,6.99371229e-06
2.74500000e+04,6.95640422e-06
2.74600000e+04,6.92609995e-06
2.74700000e+04,6.91942081e-06
2.74800000e+04,6.93828928e-06
2.74900000e+04,6.91710894e-06
2.75000000e+04,7.01446015e-06
2.75100000e+04,6.95794458e-06
2.75200000e+04,6.93661414e-06
2.75300000e+04,6.91313915e-06
2.75400000e+04,6.92532250e-06
2.75500000e+04,6.91372578e-06
2.75600000e+04,6.89531660e-06
2.75700000e+04,6.91426903e-06
2.75800000e+04,6.91247711e-06
2.75900000e+04,6.89107502e-06
2.76000000e+04,6.87710773e-06
2.76100000e+04,6.87600663e-06
2.76200000e+04,6.96678529e-06
2.76300000e+04,6.89328463e-06
2.76400000e+04,6.89888660e-06
2.76500000e+04,6.96397888e-06
2.76600000e+04,6.87518060e-06
2.76700000e+04,6.86431184e-06
2.76800000e+04,6.85272114e-06
2.76900000e+04,6.84723096e-06
2.77000000e+04,6.86314224e-06
2.77100000e+04,6.84227996e-06
2.77200000e+04,6.84970132e-06
2.77300000e+04,6.83476812e-06
2.77400000e+04,6.83582308e-06
2.77500000e+04,6.88272745e-06
2.77600000e+04,6.98212581e-06
2.77700000e+04,6.84548575e-06
2.77800000e+04,6.92556687e-06
2.77900000e+04,6.83785062e-06
2.78000000e+04,6.89735962e-06
2.78100000e+04,6.81895119e-06
2.78200000e+04,6.81364850e-06
2.78300000e+04,6.80307958e-06
2.78400000e+04,6.83859390e-06
2.78500000e+04,6.81971671e-06
2.78600000e+04,6.80193881e-06
2.78700000e+04,6.79828187e-06
2.78800000e+04,6.79383961e-06
2.78900000e+04,6.79332198e-06
2.79000000e+04,6.82285888e-06
2.79100000e+04,6.81778090e-06
2.79200000e+04,6.79585499e-06
2.79300000e+04,6.85850076e-06
2.79400000e+04,6.78255810e-06
2.79500000e+04,6.77531207e-06
2.79600000e+04,6.76630465e-06
2.79700000e+04,6.76128475e-06
2.79800000e+04,6.77133954e-06
2.79900000e+04,6.94970306e-06
2.80000000e+04,6.78760326e-06
2.80100000e+04,6.78208091e-06
2.80200000e+04,6.75613226e-06
2.80300000e+04,6.75624970e-06
2.80400000e+04,6.79668613e-06
2.80500000e+04,6.77893170e-06
2.80600000e+04,6.76155584e-06
2.80700000e+04,6.73793927e-06
2.80800000e+04,6.72832890e-06
2.80900000e+04,6.72437207e-06
2.81000000e+04,6.72299196e-06
2.81100000e+04,6.73348439e-06
2.81200000e+04,6.71542258e-06
2.81300000e+04,6.71425581e-06
2.81400000e+04,6.73589934e-06
2.81500000e+04,6.71005737e-06
2.81600000e+04,6.72013102e-06
2.81700000e+04,6.70733808e-06
2.81800000e+04,6.72242506e-06
2.81900000e+04,6.70733897e-06
2.82000000e+04,6.70431912e-06
2.82100000e+04,6.69206813e-06
2.82200000e+04,6.69484944e-06
2.82300000e+04,6.73796690e-06
2.82400000e+04,6.71429755e-06
2.82500000e+04,6.68860550e-06
2.82600000e+04,6.69834765e-06
2.82700000e+04,6.68637421e-06
2.82800000e+04,6.70984726e-06
2.82900000e+04,6.68940772e-06
2.83000000e+04,6.67383775e-06
2.83100000e+04,6.69197233e-06
2.83200000e+04,6.68984580e-06
2.83300000e+04,6.65495022e-06
2.83400000e+04,6.65100952e-06
2.83500000e+04,6.65718673e-06
2.83600000e+04,6.68787510e-06
2.83700000e+04,6.70636206e-06
2.83800000e+04,6.66284620e-06
2.83900000e+04,6.64223344e-06
2.84000000e+04,6.63691528e-06
2.84100000e+04,6.63121920e-06
2.84200000e+04,6.63802579e-06
2.84300000e+04,6.63553118e-06
2.84400000e+04,6.62582659e-06
2.84500000e+04,6.62266924e-06
2.84600000e+04,6.62657532e-06
2.84700000e+04,6.63872040e-06
2.84800000e+04,6.63266447e-06
2.84900000e+04,6.62252352e-06
2.85000000e+04,6.61316168e-06
2.85100000e+04,6.61165626e-06
2.85200000e+04,6.60019258e-06
2.85300000e+04,6.60243930e-06
2.85400000e+04,6.62705817e-06
2.85500000e+04,6.59981163e-06
2.85600000e+04,6.61538539e-06
2.85700000e+04,6.59418612e-06
2.85800000e+04,6.58714162e-06
2.85900000e+04,6.60986631e-06
2.86000000e+04,6.59949143e-06
2.86100000e+04,6.61689774e-06
2.86200000e+04,6.59868178e-06
2.86300000e+04,6.63211654e-06
2.86400000e+04,6.58596126e-06
2.86500000e+04,6.63755383e-06
2.86600000e+04,6.57894004e-06
2.86700000e+04,6.56645212e-06
2.86800000e+04,6.60874831e-06
2.86900000e+04,6.55387497e-06
2.87000000e+04,6.55602539e-06
2.87100000e+04,6.54525586e-06
2.87200000e+04,6.54231342e-06
2.87300000e+04,6.54447691e-06
2.87400000e+04,6.53446034e-06
2.87500000e+04,6.53388691e-06
2.87600000e+04,6.57774228e-06
2.87700000e+04,6.54420674e-06
2.87800000e+04,6.52433567e-06
2.87900000e+04,6.52103529e-06
2.88000000e+04,6.51667989e-06
2.88100000e+04,6.51398282e-06
2.88200000e+04,6.53015549e-06
2.88300000e+04,6.61618851e-06
2.88400000e+04,6.54629345e-06
2.88500000e+04,6.51645468e-06
2.88600000e+04,6.56344761e-06
2.88700000e+04,6.53868733e-06
2.88800000e+04,6.51653876e-06
2.88900000e+04,6.52510947e-06
2.89000000e+04,6.50065515e-06
2.89100000e+04,6.49235183e-06
2.89200000e+04,6.50001109e-06
2.89300000e+04,6.48158970e-06
2.89400000e+04,6.47888696e-06
2.89500000e+04,6.47512069e-06
2.89600000e+04,6.47369108e-06
2.89700000e+04,6.48499406e-06
2.89800000e+04,6.46943198e-06
2.89900000e+04,6.46435153e-06
2.90000000e+04,6.46379613e-06
2.90100000e+04,6.52286657e-06
2.90200000e+04,6.46066933e-06
2.90300000e+04,6.46479966e-06
2.90400000e+04,6.46279257e-06
2.90500000e+04,6.47619088e-06
2.90600000e+04,6.46139290e-06
2.90700000e+04,6.45224086e-06
2.90800000e+04,6.44226881e-06
2.90900000e+04,6.43634471e-06
2.91000000e+04,6.43488610e-06
2.91100000e+04,6.45090178e-06
2.91200000e+04,6.42832169e-06
2.91300000e+04,6.42645621e-06
2.91400000e+04,6.42309806e-06
2.91500000e+04,6.42358076e-06
2.91600000e+04,6.43285649e-06
2.91700000e+04,6.42924430e-06
2.91800000e+04,6.43045033e-06
2.91900000e+04,6.43137664e-06
2.92000000e+04,6.50345856e-06
2.92100000e+04,6.45401226e-06
2.92200000e+04,6.42693993e-06
2.92300000e+04,6.41663860e-06
2.92400000e+04,6.42178344e-06
2.92500000e+04,6.39750490e-06
2.92600000e+04,6.39358914e-06
2.92700000e+04,6.42863192e-06
2.92800000e+04,6.40303435e-06
2.92900000e+04,6.38452000e-06
2.93000000e+04,6.38131858e-06
2.93100000e+04,6.41174702e-06
2.93200000e+04,6.38710674e-06
2.93300000e+04,6.37540769e-06
2.93400000e+04,6.36966919e-06
2.93500000e+04,6.36582174e-06
2.93600000e+04,6.36320740e-06
2.93700000e+04,6.36162360e-06
2.93800000e+04,6.43908031e-06
2.93900000e+04,6.36948080e-06
2.94000000e+04,6.35854550e-06
2.94100000e+04,6.36959521e-06
2.94200000e+04,6.35033176e-06
2.94300000e+04,6.35400307e-06
2.94400000e+04,6.34549751e-06
2.94500000e+04,6.34738519e-06
2.94600000e+04,6.34019790e-06
2.94700000e+04,6.33645571e-06
2.94800000e+04,6.33390516e-06
2.94900000e+04,6.36604774e-06
2.95000000e+04,6.36663829e-06
2.95100000e+04,6.34177827e-06
2.95200000e+04,6.32985929e-06
2.95300000e+04,6.32216928e-06
2.95400000e+04,6.35009749e-06
2.95500000e+04,6.32999144e-06
2.95600000e+04,6.31563099e-06
2.95700000e+04,6.32707209e-06
2.95800000e+04,6.33054394e-06
2.95900000e+04,6.31823498e-06
2.96000000e+04,6.30349082e-06
2.96100000e+04,6.32926390e-06
2.96200000e+04,6.31009451e-06
2.96300000e+04,6.29681135e-06
2.96400000e+04,6.29122501e-06
2.96500000e+04,6.28717260e-06
2.96600000e+04,6.28440187e-06
2.96700000e+04,6.28849540e-06
2.96800000e+04,6.28087245e-06
2.96900000e+04,6.29631494e-06
2.97000000e+04,6.30069218e-06
2.97100000e+04,6.27532144e-06
2.97200000e+04,6.27057540e-06
2.97300000e+04,6.26680999e-06
2.97400000e+04,6.26402243e-06
2.97500000e+04,6.27052148e-06
2.97600000e+04,6.26288632e-06
2.97700000e+04,6.26871423e-06
2.97800000e+04,6.25837101e-06
2.97900000e+04,6.25128189e-06
2.98000000e+04,6.24885732e-06
2.98100000e+04,6.24693994e-06
2.98200000e+04,6.26980357e-06
2.98300000e+04,6.26615563e-06
2.98400000e+04,6.24449721e-06
2.98500000e+04,6.24995649e-06
2.98600000e+04,6.27624426e-06
2.98700000e+04,6.23916345e-06
2.98800000e+04,6.24351187e-06
2.98900000e+04,6.22951047e-06
2.99000000e+04,6.22376868e-06
2.99100000e+04,6.22144771e-06
2.99200000e+04,6.26295213e-06
2.99300000e+04,6.21741656e-06
2.99400000e+04,6.23241010e-06
2.99500000e+04,6.22314379e-06
2.99600000e+04,6.21100187e-06
2.99700000e+04,6.20647622e-06
2.99800000e+04,6.20273903e-06
2.99900000e+04,6.19973383e-06
3.00000000e+04,6.19705345e-06
3.00100000e+04,6.19443376e-06
3.00200000e+04,6.19184293e-06
3.00300000e+04,6.18934241e-06
3.00400000e+04,6.18782954e-06
3.00500000e+04,6.21848515e-06
3.00600000e+04,6.18683898e-06
3.00700000e+04,6.18285098e-06
3.00800000e+04,6.21464330e-06
3.00900000e+04,6.18445307e-06
3.01000000e+04,6.18022732e-06
3.01100000e+04,6.17632047e-06
3.01200000e+04,6.16877568e-06
3.01300000e+04,6.19766321e-06
3.01400000e+04,6.18466075e-06
3.01500000e+04,6.18259558e-06
3.01600000e+04,6.16964526e-06
3.01700000e+04,6.15807197e-06
3.01800000e+04,6.15366391e-06
3.01900000e+04,6.15028038e-06
3.02000000e+04,6.20899471e-06
3.02100000e+04,6.15349420e-06
3.02200000e+04,6.15739790e-06
3.02300000e+04,6.14920745e-06
3.02400000e+04,6.13849520e-06
3.02500000e+04,6.13450031e-06
3.02600000e+04,6.13184819e-06
3.02700000e+04,6.12930447e-06
3.02800000e+04,6.12698366e-06
3.02900000e+04,6.13535286e-06
3.03000000e+04,6.13718826e-06
3.03100000e+04,6.14175209e-06
3.03200000e+04,6.12800093e-06
3.03300000e+04,6.12027839e-06
3.03400000e+04,6.11425610e-06
3.03500000e+04,6.11311128e-06
3.03600000e+04,6.10772313e-06
3.03700000e+04,6.10530913e-06
3.03800000e+04,6.12585887e-06
3.03900000e+04,6.10982850e-06
3.04000000e+04,6.09949468e-06
3.04100000e+04,6.10815132e-06
3.04200000e+04,6.09912486e-06
3.04300000e+04,6.09998710e-06
3.04400000e+04,6.09140628e-06
3.04500000e+04,6.08572378e-06
3.04600000e+04,6.08293924e-06
3.04700000e+04,6.08038264e-06
3.04800000e+04,6.07800430e-06
3.04900000e+04,6.09148705e-06
3.05000000e+04,6.07714854e-06
3.05100000e+04,6.09239598e-06
3.05200000e+04,6.07136158e-06
3.05300000e+04,6.07389748e-06
3.05400000e+04,6.07204806e-06
3.05500000e+04,6.06319823e-06
3.05600000e+04,6.06413175e-06
3.05700000e+04,6.07841464e-06
3.05800000e+04,6.06186968e-06
3.05900000e+04,6.08627216e-06
3.06000000e+04,6.08910806e-06
3.06100000e+04,6.06185058e-06
3.06200000e+04,6.05426666e-06
3.06300000e+04,6.04547923e-06
3.06400000e+04,6.04175974e-06
3.06500000e+04,6.03716865e-06
3.06600000e+04,6.03459118e-06
3.06700000e+04,6.03859548e-06
3.06800000e+04,6.03000718e-06
3.06900000e+04,6.02955957e-06
3.07000000e+04,6.02724900e-06
3.07100000e+04,6.02491452e-06
3.07200000e+04,6.04704127e-06
3.07300000e+04,6.01930933e-06
3.07400000e+04,6.03833519e-06
3.07500000e+04,6.01797423e-06
3.07600000e+04,6.01275508e-06
3.07700000e+04,6.01569014e-06
3.07800000e+04,6.01394762e-06
3.07900000e+04,6.00595481e-06
3.08000000e+04,6.00595162e-06
3.08100000e+04,6.00590370e-06
3.08200000e+04,6.00987614e-06
3.08300000e+04,5.99808966e-06
3.08400000e+04,5.99202469e-06
3.08500000e+04,6.00303163e-06
3.08600000e+04,5.98946730e-06
3.08700000e+04,5.98451992e-06
3.08800000e+04,5.98269643e-06
3.08900000e+04,5.98033287e-06
3.09000000e+04,5.98476397e-06
3.09100000e+04,5.98152590e-06
3.09200000e+04,5.97522089e-06
3.09300000e+04,5.97224524e-06
3.09400000e+04,5.96860328e-06
3.09500000e+04,5.96837571e-06
3.09600000e+04,5.96562619e-06
3.09700000e+04,5.97374376e-06
3.09800000e+04,5.97356952e-06
3.09900000e+04,5.96117439e-06
3.10000000e+04,5.95528701e-06
3.10100000e+04,5.95465074e-06
3.10200000e+04,5.95551944e-06
3.10300000e+04,5.95639483e-06
3.10400000e+04,5.95025484e-06
3.10500000e+04,5.94306788e-06
3.10600000e+04,5.94065107e-06
3.10700000e+04,5.93961206e-06
3.10800000e+04,5.94373089e-06
3.10900000e+04,5.93921650e-06
3.11000000e+04,5.95713700e-06
3.11100000e+04,5.95141472e-06
3.11200000e+04,5.93202523e-06
3.11300000e+04,5.92640187e-06
3.11400000e+04,5.92200673e-06
3.11500000e+04,5.91943671e-06
3.11600000e+04,5.92816228e-06
3.11700000e+04,5.92828353e-06
3.11800000e+04,5.93964409e-06
3.11900000e+04,5.91887623e-06
3.12000000e+04,5.92409148e-06
3.12100000e+04,5.92031743e-06
3.12200000e+04,5.91485245e-06
3.12300000e+04,5.90271867e-06
3.12400000e+04,5.89990133e-06
3.12500000e+04,5.89683444e-06
3.12600000e+04,5.89454999e-06
3.12700000e+04,5.89218474e-06
3.12800000e+04,5.88991411e-06
3.12900000e+04,5.89016338e-06
3.13000000e+04,5.88756577e-06
3.13100000e+04,5.88472842e-06
3.13200000e+04,5.88115349e-06
3.13300000e+04,5.87889730e-06
3.13400000e+04,5.88507618e-06
3.13500000e+04,5.87753866e-06
3.13600000e+04,5.87343741e-06
3.13700000e+04,5.87019065e-06
3.13800000e+04,5.87328135e-06
3.13900000e+04,5.86814612e-06
3.14000000e+04,5.86321989e-06
3.14100000e+04,5.86509932e-06
3.14200000e+04,5.87010852e-06
3.14300000e+04,5.86099342e-06
3.14400000e+04,5.85538594e-06
3.14500000e+04,5.85381276e-06
3.14600000e+04,5.85053466e-06
3.14700000e+04,5.84776396e-06
3.14800000e+04,5.84629257e-06
3.14900000e+04,5.86180006e-06
3.15000000e+04,5.84984604e-06
3.15100000e+04,5.84207598e-06
3.15200000e+04,5.83750890e-06
3.15300000e+04,5.84449136e-06
3.15400000e+04,5.83610158e-06
3.15500000e+04,5.83065939e-06
3.15600000e+04,5.84080221e-06
3.15700000e+04,5.82681911e-06
3.15800000e+04,5.82412338e-06
3.15900000e+04,5.82543756e-06
3.16000000e+04,5.84012319e-06
3.16100000e+04,5.82308166e-06
3.16200000e+04,5.81441539e-06
3.16300000e+04,5.81264472e-06
3.16400000e+04,5.80953979e-06
3.16500000e+04,5.80716107e-06
3.16600000e+04,5.80580701e-06
3.16700000e+04,5.80540158e-06
3.16800000e+04,5.80130966e-06
3.16900000e+04,5.79857925e-06
3.17000000e+04,5.79636470e-06
3.17100000e+04,5.79405956e-06
3.17200000e+04,5.79180094e-06
3.17300000e+04,5.80353718e-06
3.17400000e+04,5.79715360e-06
3.17500000e+04,5.80458986e-06
3.17600000e+04,5.80493331e-06
3.17700000e+04,5.78884753e-06
3.17800000e+04,5.78078088e-06
3.17900000e+04,5.77697278e-06
3.18000000e+04,5.77470328e-06
3.18100000e+04,5.78037474e-06
3.18200000e+04,5.77350132e-06
3.18300000e+04,5.76856563e-06
3.18400000e+04,5.76595675e-06
3.18500000e+04,5.76615105e-06
3.18600000e+04,5.77333203e-06
3.18700000e+04,5.76711573e-06
3.18800000e+04,5.76021529e-06
3.18900000e+04,5.75582686e-06
3.19000000e+04,5.75337324e-06
3.19100000e+04,5.75666052e-06
3.19200000e+04,5.75063364e-06
3.19300000e+04,5.74733724e-06
3.19400000e+04,5.74433965e-06
3.19500000e+04,5.74405317e-06
3.19600000e+04,5.74383204e-06
3.19700000e+04,5.73860414e-06
3.19800000e+04,5.73663455e-06
3.19900000e+04,5.73355068e-06
3.20000000e+04,5.73117462e-06
3.20100000e+04,5.73716358e-06
3.20200000e+04,5.73132846e-06
3.20300000e+04,5.72524593e-06
3.20400000e+04,5.72669248e-06
3.20500000e+04,5.72269665e-06
3.20600000e+04,5.71880868e-06
3.20700000e+04,5.71764715e-06
3.20800000e+04,5.71624724e-06
3.20900000e+04,5.72346343e-06
3.21000000e+04,5.73386872e-06
3.21100000e+04,5.70988988e-06
3.21200000e+04,5.70582475e-06
3.21300000e+04,5.70319324e-06
3.21400000e+04,5.70104414e-06
3.21500000e+04,5.71340457e-06
3.21600000e+04,5.69940074e-06
3.21700000e+04,5.70645419e-06
3.21800000e+04,5.70093895e-06
3.21900000e+04,5.69244351e-06
3.22000000e+04,5.69056111e-06
3.22100000e+04,5.68685541e-06
3.22200000e+04,5.68627959e-06
3.22300000e+04,5.68237244e-06
3.22400000e+04,5.68172886e-06
3.22500000e+04,5.68248288e-06
3.22600000e+04,5.69335115e-06
3.22700000e+04,5.67442167e-06
3.22800000e+04,5.67344567e-06
3.22900000e+04,5.67753343e-06
3.23000000e+04,5.67872013e-06
3.23100000e+04,5.66583831e-06
3.23200000e+04,5.66426354e-06
3.23300000e+04,5.66166508e-06
3.23400000e+04,5.65907095e-06
3.23500000e+04,5.65800043e-06
3.23600000e+04,5.65713767e-06
3.23700000e+04,5.65759645e-06
3.23800000e+04,5.65772302e-06
3.23900000e+04,5.65028002e-06
3.24000000e+04,5.64717253e-06
3.24100000e+04,5.64490483e-06
3.24200000e+04,5.65242606e-06
3.24300000e+04,5.64707793e-06
3.24400000e+04,5.63968156e-06
3.24500000e+04,5.63723617e-06
3.24600000e+04,5.63432108e-06
3.24700000e+04,5.63236051e-06
3.24800000e+04,5.64440582e-06
3.24900000e+04,5.63227690e-06
3.25000000e+04,5.62642068e-06
3.25100000e+04,5.62657751e-06
3.25200000e+04,5.62356548e-06
3.25300000e+04,5.62521641e-06
3.25400000e+04,5.62055599e-06
3.25500000e+04,5.62458094e-06
3.25600000e+04,5.61891233e-06
3.25700000e+04,5.61681479e-06
3.25800000e+04,5.61252814e-06
3.25900000e+04,5.60828281e-06
3.26000000e+04,5.60607002e-06
3.26100000e+04,5.60400458e-06
3.26200000e+04,5.60194308e-06
3.26300000e+04,5.59988559e-06
3.26400000e+04,5.59786736e-06
3.26500000e+04,5.59583367e-06
3.26600000e+04,5.59383349e-06
3.26700000e+04,5.59186188e-06
3.26800000e+04,5.59721816e-06
3.26900000e+04,5.59290295e-06
3.27000000e+04,5.58683939e-06
3.27100000e+04,5.58439214e-06
3.27200000e+04,5.58655466e-06
3.27300000e+04,5.58307756e-06
3.27400000e+04,5.57812472e-06
3.27500000e+04,5.57604238e-06
3.27600000e+04,5.57379022e-06
3.27700000e+04,5.57163444e-06
3.27800000e+04,5.56963392e-06
3.27900000e+04,5.56796593e-06
3.28000000e+04,5.57949933e-06
3.28100000e+04,5.57236283e-06
3.28200000e+04,5.56478398e-06
3.28300000e+04,5.56379630e-06
3.28400000e+04,5.56270472e-06
3.28500000e+04,5.55675336e-06
3.28600000e+04,5.55477861e-06
3.28700000e+04,5.55477483e-06
3.28800000e+04,5.55429396e-06
3.28900000e+04,5.54890738e-06
3.29000000e+04,5.54640560e-06
3.29100000e+04,5.54574642e-06
3.29200000e+04,5.54274803e-06
3.29300000e+04,5.54218214e-06
3.29400000e+04,5.54239934e-06
3.29500000e+04,5.53703794e-06
3.29600000e+04,5.53443001e-06
3.29700000e+04,5.53212981e-06
3.29800000e+04,5.53012642e-06
3.29900000e+04,5.52810354e-06
3.30000000e+04,5.52745284e-06
3.30100000e+04,5.52612694e-06
3.30200000e+04,5.52235199e-06
3.30300000e+04,5.52027045e-06
3.30400000e+04,5.51872017e-06
3.30500000e+04,5.53536907e-06
3.30600000e+04,5.52897453e-06
3.30700000e+04,5.51446355e-06
3.30800000e+04,5.51120752e-06
3.30900000e+04,5.50886066e-06
3.31000000e+04,5.50677879e-06
3.31100000e+04,5.50697076e-06
3.31200000e+04,5.50618950e-06
3.31300000e+04,5.50106794e-06
3.31400000e+04,5.49944266e-06
3.31500000e+04,5.49716447e-06
3.31600000e+04,5.49493673e-06
3.31700000e+04,5.49301027e-06
3.31800000e+04,5.49118556e-06
3.31900000e+04,5.49187997e-06
3.32000000e+04,5.48766750e-06
3.32100000e+04,5.48536829e-06
3.32200000e+04,5.48556418e-06
3.32300000e+04,5.48420113e-06
3.32400000e+04,5.49358342e-06
3.32500000e+04,5.48037011e-06
3.32600000e+04,5.47769895e-06
3.32700000e+04,5.48245735e-06
3.32800000e+04,5.47277807e-06
3.32900000e+04,5.47041824e-06
3.33000000e+04,5.47133634e-06
3.33100000e+04,5.46686941e-06
3.33200000e+04,5.46412150e-06
3.33300000e+04,5.47012853e-06
3.33400000e+04,5.46731261e-06
3.33500000e+04,5.46067118e-06
3.33600000e+04,5.45671634e-06
3.33700000e+04,5.45480281e-06
3.33800000e+04,5.45838425e-06
3.33900000e+04,5.45494657e-06
3.34000000e+04,5.45016255e-06
3.34100000e+04,5.44734439e-06
3.34200000e+04,5.45702440e-06
3.34300000e+04,5.44597229e-06
3.34400000e+04,5.44424598e-06
3.34500000e+04,5.44121835e-06
3.34600000e+04,5.43776378e-06
3.34700000e+04,5.43681846e-06
3.34800000e+04,5.43398806e-06
3.34900000e+04,5.43521008e-06
3.35000000e+04,5.43154943e-06
3.35100000e+04,5.42842920e-06
3.35200000e+04,5.42646523e-06
3.35300000e+04,5.42437018e-06
3.35400000e+04,5.42248414e-06
3.35500000e+04,5.42080404e-06
3.35600000e+04,5.42758883e-06
3.35700000e+04,5.41721525e-06
3.35800000e+04,5.41551612e-06
3.35900000e+04,5.41336963e-06
3.36000000e+04,5.41168611e-06
3.36100000e+04,5.40938127e-06
3.36200000e+04,5.40750122e-06
3.36300000e+04,5.40563388e-06
3.36400000e+04,5.41311240e-06
3.36500000e+04,5.40884708e-06
3.36600000e+04,5.40333284e-06
3.36700000e+04,5.39922551e-06
3.36800000e+04,5.39734182e-06
3.36900000e+04,5.39474140e-06
3.37000000e+04,5.39281139e-06
3.37100000e+04,5.39073610e-06
3.37200000e+04,5.38958965e-06
3.37300000e+04,5.39538994e-06
3.37400000e+04,5.38545166e-06
3.37500000e+04,5.38362152e-06
3.37600000e+04,5.38163038e-06
3.37700000e+04,5.37962538e-06
3.37800000e+04,5.37786062e-06
3.37900000e+04,5.37637223e-06
3.38000000e+04,5.37638524e-06
3.38100000e+04,5.37275743e-06
3.38200000e+04,5.37394660e-06
3.38300000e+04,5.36943036e-06
3.38400000e+04,5.36694751e-06
3.38500000e+04,5.36508795e-06
3.38600000e+04,5.37323796e-06
3.38700000e+04,5.36665124e-06
3.38800000e+04,5.36162300e-06
3.38900000e+04,5.35830700e-06
3.39000000e+04,5.35559710e-06
3.39100000e+04,5.35358239e-06
3.39200000e+04,5.35162492e-06
3.39300000e+04,5.34983110e-06
3.39400000e+04,5.34795308e-06
3.39500000e+04,5.34656828e-06
3.39600000e+04,5.34695544e-06
3.39700000e+04,5.34387676e-06
3.39800000e+04,5.34084461e-06
3.39900000e+04,5.33902325e-06
3.40000000e+04,5.33789374e-06
3.40100000e+04,5.33647864e-06
3.40200000e+04,5.33989299e-06
3.40300000e+04,5.33234467e-06
3.40400000e+04,5.33012337e-06
3.40500000e+04,5.32853438e-06
3.40600000e+04,5.32856822e-06
3.40700000e+04,5.32509629e-06
3.40800000e+04,5.32248821e-06
3.40900000e+04,5.32088631e-06
3.41000000e+04,5.32173277e-06
3.41100000e+04,5.31708417e-06
3.41200000e+04,5.31966538e-06
3.41300000e+04,5.31589649e-06
3.41400000e+04,5.31248147e-06
3.41500000e+04,5.30980509e-06
3.41600000e+04,5.30790415e-06
3.41700000e+04,5.30606093e-06
3.41800000e+04,5.30422557e-06
3.41900000e+04,5.30292291e-06
3.42000000e+04,5.30234325e-06
3.42100000e+04,5.30385615e-06
3.42200000e+04,5.29936351e-06
3.42300000e+04,5.29634250e-06
3.42400000e+04,5.29406982e-06
3.42500000e+04,5.29185241e-06
3.42600000e+04,5.28998874e-06
3.42700000e+04,5.28814567e-06
3.42800000e+04,5.28638060e-06
3.42900000e+04,5.28797401e-06
3.43000000e+04,5.30195256e-06
3.43100000e+04,5.29398186e-06
3.43200000e+04,5.28220654e-06
3.43300000e+04,5.28635043e-06
3.43400000e+04,5.27700279e-06
3.43500000e+04,5.27483410e-06
3.43600000e+04,5.27269341e-06
3.43700000e+04,5.27068084e-06
3.43800000e+04,5.26899562e-06
3.43900000e+04,5.26727083e-06
3.44000000e+04,5.26705520e-06
3.44100000e+04,5.26454177e-06
3.44200000e+04,5.26223532e-06
3.44300000e+04,5.26051745e-06
3.44400000e+04,5.25865595e-06
3.44500000e+04,5.25689121e-06
3.44600000e+04,5.25711126e-06
3.44700000e+04,5.25962392e-06
3.44800000e+04,5.25386737e-06
3.44900000e+04,5.25087521e-06
3.45000000e+04,5.24844638e-06
3.45100000e+04,5.24667861e-06
3.45200000e+04,5.24492895e-06
3.45300000e+04,5.24318386e-06
3.45400000e+04,5.24145008e-06
3.45500000e+04,5.23975808e-06
3.45600000e+04,5.23802581e-06
3.45700000e+04,5.23632726e-06
3.45800000e+04,5.23459854e-06
3.45900000e+04,5.23286078e-06
3.46000000e+04,5.23112661e-06
3.46100000e+04,5.22942802e-06
3.46200000e+04,5.22771095e-06
3.46300000e+04,5.22619017e-06
3.46400000e+04,5.22602678e-06
3.46500000e+04,5.22312508e-06
3.46600000e+04,5.22111437e-06
3.46700000e+04,5.21910589e-06
3.46800000e+04,5.21880767e-06
3.46900000e+04,5.21644382e-06
3.47000000e+04,5.21403662e-06
3.47100000e+04,5.21218911e-06
3.47200000e+04,5.21851155e-06
3.47300000e+04,5.21026578e-06
3.47400000e+04,5.20688526e-06
3.47500000e+04,5.20692596e-06
3.47600000e+04,5.20692826e-06
3.47700000e+04,5.20475767e-06
3.47800000e+04,5.20176750e-06
3.47900000e+04,5.19865567e-06
3.48000000e+04,5.19676334e-06
3.48100000e+04,5.19496544e-06
3.48200000e+04,5.19441746e-06
3.48300000e+04,5.19246876e-06
3.48400000e+04,5.19112449e-06
3.48500000e+04,5.18819611e-06
3.48600000e+04,5.18638334e-06
3.48700000e+04,5.18680000e-06
3.48800000e+04,5.18335345e-06
3.48900000e+04,5.18204419e-06
3.49000000e+04,5.18031260e-06
3.49100000e+04,5.18003851e-06
3.49200000e+04,5.17654344e-06
3.49300000e+04,5.17485320e-06
3.49400000e+04,5.17438877e-06
3.49500000e+04,5.17221022e-06
3.49600000e+04,5.17072110e-06
3.49700000e+04,5.17366610e-06
3.49800000e+04,5.16733688e-06
3.49900000e+04,5.16459019e-06
3.50000000e+04,5.16291278e-06
3.50100000e+04,5.16106181e-06
3.50200000e+04,5.15942398e-06
3.50300000e+04,5.15773260e-06
3.50400000e+04,5.15606341e-06
3.50500000e+04,5.15438781e-06
3.50600000e+04,5.15274879e-06
3.50700000e+04,5.15103669e-06
3.50800000e+04,5.14945285e-06
3.50900000e+04,5.14848284e-06
3.51000000e+04,5.14627461e-06
3.51100000e+04,5.14439981e-06
3.51200000e+04,5.14269514e-06
3.51300000e+04,5.14771837e-06
3.51400000e+04,5.14717347e-06
3.51500000e+04,5.13903598e-06
3.51600000e+04,5.13747668e-06
3.51700000e+04,5.13549517e-06
3.51800000e+04,5.13307805e-06
3.51900000e+04,5.13108135e-06
3.52000000e+04,5.12938880e-06
3.52100000e+04,5.12769381e-06
3.52200000e+04,5.12604491e-06
3.52300000e+04,5.12820086e-06
3.52400000e+04,5.12338478e-06
3.52500000e+04,5.12642128e-06
3.52600000e+04,5.12088822e-06
3.52700000e+04,5.11913968e-06
3.52800000e+04,5.11717159e-06
3.52900000e+04,5.12529949e-06
3.53000000e+04,5.11434635e-06
3.53100000e+04,5.11213160e-06
3.53200000e+04,5.10996707e-06
3.53300000e+04,5.10826764e-06
3.53400000e+04,5.10663032e-06
3.53500000e+04,5.10500355e-06
3.53600000e+04,5.10342653e-06
3.53700000e+04,5.10180537e-06
3.53800000e+04,5.10027878e-06
3.53900000e+04,5.10313590e-06
3.54000000e+04,5.09783900e-06
3.54100000e+04,5.09558146e-06
3.54200000e+04,5.09396025e-06
3.54300000e+04,5.09226213e-06
3.54400000e+04,5.09066845e-06
3.54500000e+04,5.08908405e-06
3.54600000e+04,5.09003608e-06
3.54700000e+04,5.08601436e-06
3.54800000e+04,5.08433750e-06
3.54900000e+04,5.08266355e-06
3.55000000e+04,5.08557097e-06
3.55100000e+04,5.07980658e-06
3.55200000e+04,5.07819378e-06
3.55300000e+04,5.07624231e-06
3.55400000e+04,5.07466114e-06
3.55500000e+04,5.07317529e-06
3.55600000e+04,5.07184575e-06
3.55700000e+04,5.07054264e-06
3.55800000e+04,5.06885949e-06
3.55900000e+04,5.06699725e-06
3.56000000e+04,5.06512599e-06
3.56100000e+04,5.06446470e-06
3.56200000e+04,5.06635577e-06
3.56300000e+04,5.06025380e-06
3.56400000e+04,5.05910664e-06
3.56500000e+04,5.05958092e-06
3.56600000e+04,5.05613951e-06
3.56700000e+04,5.05414567e-06
3.56800000e+04,5.05233708e-06
3.56900000e+04,5.05073787e-06
3.57000000e+04,5.04924286e-06
3.57100000e+04,5.04806095e-06
3.57200000e+04,5.04637257e-06
3.57300000e+04,5.04628862e-06
3.57400000e+04,5.04355530e-06
3.57500000e+04,5.04162199e-06
3.57600000e+04,5.03974554e-06
3.57700000e+04,5.03816540e-06
3.57800000e+04,5.03937385e-06
3.57900000e+04,5.03550673e-06
3.58000000e+04,5.03389564e-06
3.58100000e+04,5.03199971e-06
3.58200000e+04,5.03031147e-06
3.58300000e+04,5.02872540e-06
3.58400000e+04,5.02716683e-06
3.58500000e+04,5.02775443e-06
3.58600000e+04,5.02442568e-06
3.58700000e+04,5.02339694e-06
3.58800000e+04,5.02221046e-06
3.58900000e+04,5.02052703e-06
3.59000000e+04,5.01842508e-06
3.59100000e+04,5.01649897e-06
3.59200000e+04,5.01522899e-06
3.59300000e+04,5.01340518e-06
3.59400000e+04,5.01405843e-06
3.59500000e+04,5.01177720e-06
3.59600000e+04,5.00927969e-06
3.59700000e+04,5.00736928e-06
3.59800000e+04,5.00690451e-06
3.59900000e+04,5.00485009e-06
3.60000000e+04,5.00276977e-06
3.60100000e+04,5.00107603e-06
3.60200000e+04,4.99951457e-06
3.60300000e+04,4.99800039e-06
3.60400000e+04,4.99649141e-06
3.60500000e+04,4.99495742e-06
3.60600000e+04,4.99341884e-06
3.60700000e+04,4.99189165e-06
3.60800000e+04,4.99049765e-06
3.60900000e+04,4.98932829e-06
3.61000000e+04,4.98784671e-06
3.61100000e+04,4.98599757e-06
3.61200000e+04,4.98447878e-06
3.61300000e+04,4.98346948e-06
3.61400000e+04,4.98187106e-06
3.61500000e+04,4.97990366e-06
3.61600000e+04,4.97826751e-06
3.61700000e+04,4.97672196e-06
3.61800000e+04,4.97516803e-06
3.61900000e+04,4.97366003e-06
3.62000000e+04,4.97272889e-06
3.62100000e+04,4.97079684e-06
3.62200000e+04,4.96933235e-06
3.62300000e+04,4.97105651e-06
3.62400000e+04,4.96614609e-06
3.62500000e+04,4.96456544e-06
3.62600000e+04,4.96298764e-06
3.62700000e+04,4.96443723e-06
3.62800000e+04,4.96005254e-06
3.62900000e+04,4.96071772e-06
3.63000000e+04,4.95771521e-06
3.63100000e+04,4.95562713e-06
3.63200000e+04,4.95399083e-06
3.63300000e+04,4.95242836e-06
3.63400000e+04,4.95089690e-06
3.63500000e+04,4.94936577e-06
3.63600000e+04,4.95184120e-06
3.63700000e+04,4.94783579e-06
3.63800000e+04,4.94550807e-06
3.63900000e+04,4.94348615e-06
3.64000000e+04,4.94191054e-06
3.64100000e+04,4.94318884e-06
3.64200000e+04,4.93999023e-06
3.64300000e+04,4.93755068e-06
3.64400000e+04,4.93591980e-06
3.64500000e+04,4.93444549e-06
3.64600000e+04,4.93298519e-06
3.64700000e+04,4.93145338e-06
3.64800000e+04,4.92995513e-06
3.64900000e+04,4.92846353e-06
3.65000000e+04,4.92699078e-06
3.65100000e+04,4.92553195e-06
3.65200000e+04,4.92411876e-06
3.65300000e+04,4.92256218e-06
3.65400000e+04,4.92098168e-06
3.65500000e+04,4.92336864e-06
3.65600000e+04,4.91808415e-06
3.65700000e+04,4.91652585e-06
3.65800000e+04,4.91502284e-06
3.65900000e+04,4.91394877e-06
3.66000000e+04,4.91240916e-06
3.66100000e+04,4.91051360e-06
3.66200000e+04,4.90899177e-06
3.66300000e+04,4.90753879e-06
3.66400000e+04,4.90601883e-06
3.66500000e+04,4.90451376e-06
3.66600000e+04,4.90310288e-06
3.66700000e+04,4.90310882e-06
3.66800000e+04,4.90105157e-06
3.66900000e+04,4.89887558e-06
3.67000000e+04,4.89710290e-06
3.67100000e+04,4.89556882e-06
3.67200000e+04,4.89687791e-06
3.67300000e+04,4.89335862e-06
3.67400000e+04,4.89134134e-06
3.67500000e+04,4.88995881e-06
3.67600000e+04,4.88857253e-06
3.67700000e+04,4.89014355e-06
3.67800000e+04,4.88599619e-06
3.67900000e+04,4.88452247e-06
3.68000000e+04,4.88275310e-06
3.68100000e+04,4.88101292e-06
3.68200000e+04,4.87947916e-06
3.68300000e+04,4.87796643e-06
3.68400000e+04,4.87679653e-06
3.68500000e+04,4.87591876e-06
3.68600000e+04,4.87380435e-06
3.68700000e+04,4.87458764e-06
3.68800000e+04,4.87168268e-06
3.68900000e+04,4.86987792e-06
3.69000000e+04,4.86810437e-06
3.69100000e+04,4.86657924e-06
3.69200000e+04,4.86510029e-06
3.69300000e+04,4.86364812e-06
3.69400000e+04,4.86220553e-06
3.69500000e+04,4.86079930e-06
3.69600000e+04,4.85936603e-06
3.69700000e+04,4.85830094e-06
3.69800000e+04,4.85674315e-06
3.69900000e+04,4.85790202e-06
3.70000000e+04,4.85401421e-06
3.70100000e+04,4.85234120e-06
3.70200000e+04,4.85085479e-06
3.70300000e+04,4.84943046e-06
3.70400000e+04,4.84797203e-06
3.70500000e+04,4.84653124e-06
3.70600000e+04,4.84511505e-06
3.70700000e+04,4.84369167e-06
3.70800000e+04,4.84221621e-06
3.70900000e+04,4.84120130e-06
3.71000000e+04,4.84093280e-06
3.71100000e+04,4.84281790e-06
3.71200000e+04,4.83792138e-06
3.71300000e+04,4.83520860e-06
3.71400000e+04,4.83376165e-06
3.71500000e+04,4.83240124e-06
3.71600000e+04,4.83128866e-06
3.71700000e+04,4.83006576e-06
3.71800000e+04,4.82849037e-06
3.71900000e+04,4.82689571e-06
3.72000000e+04,4.82537891e-06
3.72100000e+04,4.82393952e-06
3.72200000e+04,4.82368478e-06
3.72300000e+04,4.82149466e-06
3.72400000e+04,4.81995266e-06
3.72500000e+04,4.81844932e-06
3.72600000e+04,4.81698660e-06
3.72700000e+04,4.81561900e-06
3.72800000e+04,4.81423717e-06
3.72900000e+04,4.81279358e-06
3.73000000e+04,4.81139185e-06
3.73100000e+04,4.81000453e-06
3.73200000e+04,4.80859644e-06
3.73300000e+04,4.80719034e-06
3.73400000e+04,4.80580669e-06
3.73500000e+04,4.80436919e-06
3.73600000e+04,4.80297864e-06
3.73700000e+04,4.80188014e-06
3.73800000e+04,4.80140975e-06
3.73900000e+04,4.79900103e-06
3.74000000e+04,4.79743681e-06
3.74100000e+04,4.79606363e-06
3.74200000e+04,4.79495263e-06
3.74300000e+04,4.79444309e-06
3.74400000e+04,4.79190113e-06
3.74500000e+04,4.79144205e-06
3.74600000e+04,4.78933265e-06
3.74700000e+04,4.78787094e-06
3.74800000e+04,4.78682788e-06
3.74900000e+04,4.78554757e-06
3.75000000e+04,4.78386972e-06
3.75100000e+04,4.78235842e-06
3.75200000e+04,4.78095102e-06
3.75300000e+04,4.77956841e-06
3.75400000e+04,4.77821290e-06
3.75500000e+04,4.77686635e-06
3.75600000e+04,4.77550976e-06
3.75700000e+04,4.77561656e-06
3.75800000e+04,4.77309563e-06
3.75900000e+04,4.77282774e-06
3.76000000e+04,4.77030114e-06
3.76100000e+04,4.76879779e-06
3.76200000e+04,4.76739900e-06
3.76300000e+04,4.76600198e-06
3.76400000e+04,4.76462662e-06
3.76500000e+04,4.76325273e-06
3.76600000e+04,4.76191566e-06
3.76700000e+04,4.76058138e-06
3.76800000e+04,4.75938284e-06
3.76900000e+04,4.75830449e-06
3.77000000e+04,4.75649633e-06
3.77100000e+04,4.75518281e-06
3.77200000e+04,4.75382434e-06
3.77300000e+04,4.75246671e-06
3.77400000e+04,4.75121510e-06
3.77500000e+04,4.75077096e-06
3.77600000e+04,4.75012665e-06
3.77700000e+04,4.74891083e-06
3.77800000e+04,4.74608642e-06
3.77900000e+04,4.74846525e-06
3.78000000e+04,4.74396016e-06
3.78100000e+04,4.74205406e-06
3.78200000e+04,4.74059094e-06
3.78300000e+04,4.73929312e-06
3.78400000e+04,4.73792825e-06
3.78500000e+04,4.73664696e-06
3.78600000e+04,4.73532837e-06
3.78700000e+04,4.73402429e-06
3.78800000e+04,4.73270607e-06
3.78900000e+04,4.73143317e-06
3.79000000e+04,4.73009999e-06
3.79100000e+04,4.72881716e-06
3.79200000e+04,4.72750215e-06
3.79300000e+04,4.72619286e-06
3.79400000e+04,4.72509024e-06
3.79500000e+04,4.72373576e-06
3.79600000e+04,4.72225954e-06
3.79700000e+04,4.72093755e-06
3.79800000e+04,4.71962322e-06
3.79900000e+04,4.71830368e-06
3.80000000e+04,4.71727862e-06
3.80100000e+04,4.71671131e-06
3.80200000e+04,4.71461809e-06
3.80300000e+04,4.71310868e-06
3.80400000e+04,4.71174257e-06
3.80500000e+04,4.71044973e-06
3.80600000e+04,4.70910592e-06
3.80700000e+04,4.70780772e-06
3.80800000e+04,4.70651499e-06
3.80900000e+04,4.70540824e-06
3.81000000e+04,4.70428040e-06
3.81100000e+04,4.70286098e-06
3.81200000e+04,4.70141268e-06
3.81300000e+04,4.70001725e-06
3.81400000e+04,4.69865979e-06
3.81500000e+04,4.69738796e-06
3.81600000e+04,4.69602701e-06
3.81700000e+04,4.69480856e-06
3.81800000e+04,4.69389879e-06
3.81900000e+04,4.69239888e-06
3.82000000e+04,4.69081279e-06
3.82100000e+04,4.68952361e-06
3.82200000e+04,4.68832440e-06
3.82300000e+04,4.68740904e-06
3.82400000e+04,4.68574239e-06
3.82500000e+04,4.68435073e-06
3.82600000e+04,4.68300892e-06
3.82700000e+04,4.68308397e-06
3.82800000e+04,4.68183872e-06
3.82900000e+04,4.67941588e-06
3.83000000e+04,4.67803641e-06
3.83100000e+04,4.67668995e-06
3.83200000e+04,4.67537522e-06
3.83300000e+04,4.67407629e-06
3.83400000e+04,4.67272094e-06
3.83500000e+04,4.67144026e-06
3.83600000e+04,4.67017333e-06
3.83700000e+04,4.66888868e-06
3.83800000e+04,4.66760483e-06
3.83900000e+04,4.66632358e-06
3.84000000e+04,4.66539101e-06
3.84100000e+04,4.66444390e-06
3.84200000e+04,4.66288802e-06
3.84300000e+04,4.66127406e-06
3.84400000e+04,4.65999988e-06
3.84500000e+04,4.65872828e-06
3.84600000e+04,4.65744695e-06
3.84700000e+04,4.65614536e-06
3.84800000e+04,4.65505397e-06
3.84900000e+04,4.65447806e-06
3.85000000e+04,4.65255659e-06
3.85100000e+04,4.65116122e-06
3.85200000e+04,4.64985226e-06
3.85300000e+04,4.64868534e-06
3.85400000e+04,4.64778839e-06
3.85500000e+04,4.64646212e-06
3.85600000e+04,4.64642827e-06
3.85700000e+04,4.64400201e-06
3.85800000e+04,4.64232709e-06
3.85900000e+04,4.64116583e-06
3.86000000e+04,4.64137203e-06
3.86100000e+04,4.63889382e-06
3.86200000e+04,4.63759326e-06
3.86300000e+04,4.63624461e-06
3.86400000e+04,4.63498573e-06
3.86500000e+04,4.63374407e-06
3.86600000e+04,4.63248416e-06
3.86700000e+04,4.63122687e-06
3.86800000e+04,4.63000273e-06
3.86900000e+04,4.62881550e-06
3.87000000e+04,4.62756661e-06
3.87100000e+04,4.62632273e-06
3.87200000e+04,4.62511173e-06
3.87300000e+04,4.62425161e-06
3.87400000e+04,4.62320739e-06
3.87500000e+04,4.62308357e-06
3.87600000e+04,4.62023049e-06
3.87700000e+04,4.61900211e-06
3.87800000e+04,4.61771378e-06
3.87900000e+04,4.61652779e-06
3.88000000e+04,4.61532353e-06
3.88100000e+04,4.61405450e-06
3.88200000e+04,4.61283168e-06
3.88300000e+04,4.61165109e-06
3.88400000e+04,4.61041353e-06
3.88500000e+04,4.60919470e-06
3.88600000e+04,4.60821389e-06
3.88700000e+04,4.60690224e-06
3.88800000e+04,4.60551249e-06
3.88900000e+04,4.60433567e-06
3.89000000e+04,4.60308981e-06
3.89100000e+04,4.60182016e-06
3.89200000e+04,4.60061783e-06
3.89300000e+04,4.59938384e-06
3.89400000e+04,4.59816431e-06
3.89500000e+04,4.59692890e-06
3.89600000e+04,4.59568966e-06
3.89700000e+04,4.59447146e-06
3.89800000e+04,4.59321450e-06
3.89900000e+04,4.59198111e-06
3.90000000e+04,4.59075065e-06
3.90100000e+04,4.59024034e-06
3.90200000e+04,4.58843925e-06
3.90300000e+04,4.58738041e-06
3.90400000e+04,4.58592821e-06
3.90500000e+04,4.58464636e-06
3.90600000e+04,4.58339656e-06
3.90700000e+04,4.58249957e-06
3.90800000e+04,4.58118892e-06
3.90900000e+04,4.57974599e-06
3.91000000e+04,4.57850794e-06
3.91100000e+04,4.57725899e-06
3.91200000e+04,4.57608083e-06
3.91300000e+04,4.57484433e-06
3.91400000e+04,4.57361635e-06
3.91500000e+04,4.57239653e-06
3.91600000e+04,4.57118459e-06
3.91700000e+04,4.57049321e-06
3.91800000e+04,4.56902146e-06
3.91900000e+04,4.56808446e-06
3.92000000e+04,4.56643616e-06
3.92100000e+04,4.56539360e-06
3.92200000e+04,4.56402781e-06
3.92300000e+04,4.56279003e-06
3.92400000e+04,4.56154787e-06
3.92500000e+04,4.56058601e-06
3.92600000e+04,4.55919538e-06
3.92700000e+04,4.55799105e-06
3.92800000e+04,4.55674834e-06
3.92900000e+04,4.55556678e-06
3.93000000e+04,4.55489775e-06
3.93100000e+04,4.55332005e-06
3.93200000e+04,4.55207752e-06
3.93300000e+04,4.55084073e-06
3.93400000e+04,4.54964832e-06
3.93500000e+04,4.54841002e-06
3.93600000e+04,4.54721647e-06
3.93700000e+04,4.54604511e-06
3.93800000e+04,4.54483547e-06
3.93900000e+04,4.54542533e-06
3.94000000e+04,4.54264478e-06
3.94100000e+04,4.54129638e-06
3.94200000e+04,4.54015597e-06
3.94300000e+04,4.53901687e-06
3.94400000e+04,4.53800728e-06
3.94500000e+04,4.53668624e-06
3.94600000e+04,4.53542178e-06
3.94700000e+04,4.53423251e-06
3.94800000e+04,4.53308685e-06
3.94900000e+04,4.53214340e-06
3.95000000e+04,4.53079355e-06
3.95100000e+04,4.52957395e-06
3.95200000e+04,4.52838089e-06
3.95300000e+04,4.52720354e-06
3.95400000e+04,4.52603109e-06
3.95500000e+04,4.52488164e-06
3.95600000e+04,4.52522142e-06
3.95700000e+04,4.52305175e-06
3.95800000e+04,4.52158251e-06
3.95900000e+04,4.52030159e-06
3.96000000e+04,4.51912937e-06
3.96100000e+04,4.51792656e-06
3.96200000e+04,4.51678105e-06
3.96300000e+04,4.51561601e-06
3.96400000e+04,4.51445312e-06
3.96500000e+04,4.51330214e-06
3.96600000e+04,4.51216947e-06
3.96700000e+04,4.51115309e-06
3.96800000e+04,4.51002755e-06
3.96900000e+04,4.50872287e-06
3.97000000e+04,4.50756924e-06
3.97100000e+04,4.50637414e-06
3.97200000e+04,4.50518415e-06
3.97300000e+04,4.50404045e-06
3.97400000e+04,4.50287811e-06
3.97500000e+04,4.50188887e-06
3.97600000e+04,4.50064078e-06
3.97700000e+04,4.49958465e-06
3.97800000e+04,4.49842254e-06
3.97900000e+04,4.49817847e-06
3.98000000e+04,4.49628782e-06
3.98100000e+04,4.49586244e-06
3.98200000e+04,4.49390020e-06
3.98300000e+04,4.49276079e-06
3.98400000e+04,4.49161461e-06
3.98500000e+04,4.49051026e-06
3.98600000e+04,4.48934365e-06
3.98700000e+04,4.48826447e-06
3.98800000e+04,4.48714893e-06
3.98900000e+04,4.48603073e-06
3.99000000e+04,4.48493880e-06
3.99100000e+04,4.48381425e-06
3.99200000e+04,4.48329204e-06
3.99300000e+04,4.48176000e-06
3.99400000e+04,4.48059290e-06
3.99500000e+04,4.47954319e-06
3.99600000e+04,4.47835557e-06
3.99700000e+04,4.47718210e-06
3.99800000e+04,4.47607417e-06
3.99900000e+04,4.47496466e-06
4.00000000e+04,4.47387213e-06
4.00100000e+04,4.47279642e-06
4.00200000e+04,4.47242281e-06
4.00300000e+04,4.47077412e-06
4.00400000e+04,4.46957915e-06
4.00500000e+04,4.46843528e-06
4.00600000e+04,4.46731275e-06
4.00700000e+04,4.46623683e-06
4.00800000e+04,4.46511823e-06
4.00900000e+04,4.46406330e-06
4.01000000e+04,4.46296791e-06
4.01100000e+04,4.46210815e-06
4.01200000e+04,4.46080102e-06
4.01300000e+04,4.45969126e-06
4.01400000e+04,4.45858744e-06
4.01500000e+04,4.45851105e-06
4.01600000e+04,4.45644064e-06
4.01700000e+04,4.45542612e-06
4.01800000e+04,4.45427318e-06
4.01900000e+04,4.45317551e-06
4.02000000e+04,4.45207745e-06
4.02100000e+04,4.45098358e-06
4.02200000e+04,4.44992854e-06
4.02300000e+04,4.44881624e-06
4.02400000e+04,4.44774417e-06
4.02500000e+04,4.44665314e-06
4.02600000e+04,4.44556751e-06
4.02700000e+04,4.44468915e-06
4.02800000e+04,4.44345229e-06
4.02900000e+04,4.44236414e-06
4.03000000e+04,4.44155070e-06
4.03100000e+04,4.44020181e-06
4.03200000e+04,4.43905259e-06
4.03300000e+04,4.43795508e-06
4.03400000e+04,4.43688515e-06
4.03500000e+04,4.43576146e-06
4.03600000e+04,4.43469957e-06
4.03700000e+04,4.43360767e-06
4.03800000e+04,4.43252997e-06
4.03900000e+04,4.43143987e-06
4.04000000e+04,4.43031482e-06
4.04100000e+04,4.42925619e-06
4.04200000e+04,4.42853093e-06
4.04300000e+04,4.42722949e-06
4.04400000e+04,4.42607452e-06
4.04500000e+04,4.42492818e-06
4.04600000e+04,4.42384893e-06
4.04700000e+04,4.42277890e-06
4.04800000e+04,4.42167594e-06
4.04900000e+04,4.42062293e-06
4.05000000e+04,4.41947461e-06
4.05100000e+04,4.41842130e-06
4.05200000e+04,4.41731765e-06
4.05300000e+04,4.41623689e-06
4.05400000e+04,4.41518401e-06
4.05500000e+04,4.41441107e-06
4.05600000e+04,4.41304370e-06
4.05700000e+04,4.41201114e-06
4.05800000e+04,4.41192020e-06
4.05900000e+04,4.41040090e-06
4.06000000e+04,4.40899340e-06
4.06100000e+04,4.40777303e-06
4.06200000e+04,4.40692632e-06
4.06300000e+04,4.40683233e-06
4.06400000e+04,4.40477888e-06
4.06500000e+04,4.40363150e-06
4.06600000e+04,4.40256231e-06
4.06700000e+04,4.40145497e-06
4.06800000e+04,4.40040169e-06
4.06900000e+04,4.39938817e-06
4.07000000e+04,4.39837430e-06
4.07100000e+04,4.39734584e-06
4.07200000e+04,4.39632519e-06
4.07300000e+04,4.39530442e-06
4.07400000e+04,4.39427226e-06
4.07500000e+04,4.39323113e-06
4.07600000e+04,4.39219563e-06
4.07700000e+04,4.39121085e-06
4.07800000e+04,4.39012835e-06
4.07900000e+04,4.38910113e-06
4.08000000e+04,4.38810667e-06
4.08100000e+04,4.38703885e-06
4.08200000e+04,4.38598710e-06
4.08300000e+04,4.38496104e-06
4.08400000e+04,4.38393644e-06
4.08500000e+04,4.38288571e-06
4.08600000e+04,4.38189988e-06
4.08700000e+04,4.38091907e-06
4.08800000e+04,4.37984897e-06
4.08900000e+04,4.37918241e-06
4.09000000e+04,4.37789482e-06
4.09100000e+04,4.37682827e-06
4.09200000e+04,4.37574357e-06
4.09300000e+04,4.37466434e-06
4.09400000e+04,4.37370680e-06
4.09500000e+04,4.37266560e-06
4.09600000e+04,4.37162972e-06
4.09700000e+04,4.37062262e-06
4.09800000e+04,4.36959773e-06
4.09900000e+04,4.36859607e-06
4.10000000e+04,4.36756985e-06
4.10100000e+04,4.36655989e-06
4.10200000e+04,4.36554729e-06
4.10300000e+04,4.36452686e-06
4.10400000e+04,4.36369857e-06
4.10500000e+04,4.36268288e-06
4.10600000e+04,4.36177737e-06
4.10700000e+04,4.36055806e-06
4.10800000e+04,4.35946700e-06
4.10900000e+04,4.35845124e-06
4.11000000e+04,4.35743949e-06
4.11100000e+04,4.35643779e-06
4.11200000e+04,4.35538594e-06
4.11300000e+04,4.35439291e-06
4.11400000e+04,4.35337805e-06
4.11500000e+04,4.35237907e-06
4.11600000e+04,4.35137105e-06
4.11700000e+04,4.35036681e-06
4.11800000e+04,4.34936215e-06
4.11900000e+04,4.34832074e-06
4.12000000e+04,4.34729818e-06
4.12100000e+04,4.34646632e-06
4.12200000e+04,4.34532300e-06
4.12300000e+04,4.34428919e-06
4.12400000e+04,4.34328060e-06
4.12500000e+04,4.34264877e-06
4.12600000e+04,4.34137517e-06
4.12700000e+04,4.34026638e-06
4.12800000e+04,4.33922006e-06
4.12900000e+04,4.33821668e-06
4.13000000e+04,4.33726350e-06
4.13100000e+04,4.33622303e-06
4.13200000e+04,4.33518932e-06
4.13300000e+04,4.33420676e-06
4.13400000e+04,4.33317704e-06
4.13500000e+04,4.33219898e-06
4.13600000e+04,4.33119948e-06
4.13700000e+04,4.33017776e-06
4.13800000e+04,4.32917171e-06
4.13900000e+04,4.32816265e-06
4.14000000e+04,4.32711005e-06
4.14100000e+04,4.32612490e-06
4.14200000e+04,4.32534810e-06
4.14300000e+04,4.32425636e-06
4.14400000e+04,4.32317622e-06
4.14500000e+04,4.32209975e-06
4.14600000e+04,4.32108361e-06
4.14700000e+04,4.32010200e-06
4.14800000e+04,4.31910536e-06
4.14900000e+04,4.31813715e-06
4.15000000e+04,4.31713198e-06
4.15100000e+04,4.31613639e-06
4.15200000e+04,4.31511625e-06
4.15300000e+04,4.31413404e-06
4.15400000e+04,4.31311163e-06
4.15500000e+04,4.31211760e-06
4.15600000e+04,4.31180108e-06
4.15700000e+04,4.31028162e-06
4.15800000e+04,4.30939160e-06
4.15900000e+04,4.30825633e-06
4.16000000e+04,4.30736047e-06
4.16100000e+04,4.30622737e-06
4.16200000e+04,4.30524625e-06
4.16300000e+04,4.30428858e-06
4.16400000e+04,4.30329945e-06
4.16500000e+04,4.30269492e-06
4.16600000e+04,4.30144549e-06
4.16700000e+04,4.30038135e-06
4.16800000e+04,4.29946804e-06
4.16900000e+04,4.29850912e-06
4.17000000e+04,4.29754446e-06
4.17100000e+04,4.29654995e-06
4.17200000e+04,4.29561152e-06
4.17300000e+04,4.29465134e-06
4.17400000e+04,4.29368933e-06
4.17500000e+04,4.29273781e-06
4.17600000e+04,4.29173377e-06
4.17700000e+04,4.29077205e-06
4.17800000e+04,4.28981301e-06
4.17900000e+04,4.28886235e-06
4.18000000e+04,4.28787592e-06
4.18100000e+04,4.28693374e-06
4.18200000e+04,4.28605654e-06
4.18300000e+04,4.28499815e-06
4.18400000e+04,4.28403465e-06
4.18500000e+04,4.28318440e-06
4.18600000e+04,4.28243631e-06
4.18700000e+04,4.28137644e-06
4.18800000e+04,4.28029463e-06
4.18900000e+04,4.27931245e-06
4.19000000e+04,4.27837053e-06
4.19100000e+04,4.27742887e-06
4.19200000e+04,4.27649423e-06
4.19300000e+04,4.27576691e-06
4.19400000e+04,4.27475002e-06
4.19500000e+04,4.27371960e-06
4.19600000e+04,4.27289650e-06
4.19700000e+04,4.27192415e-06
4.19800000e+04,4.27098557e-06
4.19900000e+04,4.27000344e-06
4.20000000e+04,4.26910987e-06
4.20100000e+04,4.26844825e-06
4.20200000e+04,4.26734011e-06
4.20300000e+04,4.26637729e-06
4.20400000e+04,4.26548012e-06
4.20500000e+04,4.26453226e-06
4.20600000e+04,4.26369960e-06
4.20700000e+04,4.26280329e-06
4.20800000e+04,4.26182699e-06
4.20900000e+04,4.26093943e-06
4.21000000e+04,4.25998768e-06
4.21100000e+04,4.25912019e-06
4.21200000e+04,4.25820580e-06
4.21300000e+04,4.25729455e-06
4.21400000e+04,4.25639882e-06
4.21500000e+04,4.25552003e-06
4.21600000e+04,4.25458491e-06
4.21700000e+04,4.25366062e-06
4.21800000e+04,4.25277506e-06
4.21900000e+04,4.25186781e-06
4.22000000e+04,4.25093922e-06
4.22100000e+04,4.25004831e-06
4.22200000e+04,4.24912283e-06
4.22300000e+04,4.24819858e-06
4.22400000e+04,4.24729787e-06
4.22500000e+04,4.24636805e-06
4.22600000e+04,4.24545328e-06
4.22700000e+04,4.24456406e-06
4.22800000e+04,4.24361111e-06
4.22900000e+04,4.24272795e-06
4.23000000e+04,4.24182890e-06
4.23100000e+04,4.24088407e-06
4.23200000e+04,4.23994132e-06
4.23300000e+04,4.23902669e-06
4.23400000e+04,4.23810147e-06
4.23500000e+04,4.23719339e-06
4.23600000e+04,4.23627216e-06
4.23700000e+04,4.23539011e-06
4.23800000e+04,4.23441737e-06
4.23900000e+04,4.23349978e-06
4.24000000e+04,4.23254983e-06
4.24100000e+04,4.23166829e-06
4.24200000e+04,4.23107758e-06
4.24300000e+04,4.22988961e-06
4.24400000e+04,4.22890294e-06
4.24500000e+04,4.22796963e-06
4.24600000e+04,4.22706119e-06
4.24700000e+04,4.22620175e-06
4.24800000e+04,4.22556830e-06
4.24900000e+04,4.22436971e-06
4.25000000e+04,4.22364392e-06
4.25100000e+04,4.22262813e-06
4.25200000e+04,4.22169218e-06
4.25300000e+04,4.22076068e-06
4.25400000e+04,4.21997078e-06
4.25500000e+04,4.21904255e-06
4.25600000e+04,4.21815996e-06
4.25700000e+04,4.21727268e-06
4.25800000e+04,4.21638929e-06
4.25900000e+04,4.21551387e-06
4.26000000e+04,4.21462902e-06
4.26100000e+04,4.21387085e-06
4.26200000e+04,4.21301129e-06
4.26300000e+04,4.21208101e-06
4.26400000e+04,4.21117376e-06
4.26500000e+04,4.21027565e-06
4.26600000e+04,4.20941601e-06
4.26700000e+04,4.20857377e-06
4.26800000e+04,4.20766959e-06
4.26900000e+04,4.20681976e-06
4.27000000e+04,4.20593672e-06
4.27100000e+04,4.20506394e-06
4.27200000e+04,4.20418668e-06
4.27300000e+04,4.20332465e-06
4.27400000e+04,4.20252874e-06
4.27500000e+04,4.20162087e-06
4.27600000e+04,4.20073629e-06
4.27700000e+04,4.19987687e-06
4.27800000e+04,4.19896730e-06
4.27900000e+04,4.19811814e-06
4.28000000e+04,4.19722566e-06
4.28100000e+04,4.19637116e-06
4.28200000e+04,4.19552027e-06
4.28300000e+04,4.19460850e-06
4.28400000e+04,4.19377309e-06
4.28500000e+04,4.19286724e-06
4.28600000e+04,4.19200457e-06
4.28700000e+04,4.19114422e-06
4.28800000e+04,4.19023501e-06
4.28900000e+04,4.18935770e-06
4.29000000e+04,4.18849154e-06
4.29100000e+04,4.18762423e-06
4.29200000e+04,4.18700890e-06
4.29300000e+04,4.18593878e-06
4.29400000e+04,4.18504044e-06
4.29500000e+04,4.18433568e-06
4.29600000e+04,4.18337739e-06
4.29700000e+04,4.18245249e-06
4.29800000e+04,4.18159540e-06
4.29900000e+04,4.18072642e-06
4.30000000e+04,4.17989799e-06
4.30100000e+04,4.17906953e-06
4.30200000e+04,4.17819029e-06
4.30300000e+04,4.17731622e-06
4.30400000e+04,4.17647544e-06
4.30500000e+04,4.17561495e-06
4.30600000e+04,4.17509102e-06
4.30700000e+04,4.17394613e-06
4.30800000e+04,4.17309942e-06
4.30900000e+04,4.17225369e-06
4.31000000e+04,4.17139881e-06
4.31100000e+04,4.17055598e-06
4.31200000e+04,4.16969109e-06
4.31300000e+04,4.16885038e-06
4.31400000e+04,4.16801271e-06
4.31500000e+04,4.16718340e-06
4.31600000e+04,4.16642231e-06
4.31700000e+04,4.16550770e-06
4.31800000e+04,4.16470847e-06
4.31900000e+04,4.16383672e-06
4.32000000e+04,4.16315493e-06
4.32100000e+04,4.16228146e-06
4.32200000e+04,4.16143208e-06
4.32300000e+04,4.16055227e-06
4.32400000e+04,4.15977528e-06
4.32500000e+04,4.15895597e-06
4.32600000e+04,4.15813172e-06
4.32700000e+04,4.15732040e-06
4.32800000e+04,4.15650401e-06
4.32900000e+04,4.15568034e-06
4.33000000e+04,4.15487214e-06
4.33100000e+04,4.15404883e-06
4.33200000e+04,4.15323297e-06
4.33300000e+04,4.15242075e-06
4.33400000e+04,4.15173441e-06
4.33500000e+04,4.15085119e-06
4.33600000e+04,4.14998481e-06
4.33700000e+04,4.14919282e-06
4.33800000e+04,4.14844265e-06
4.33900000e+04,4.14761456e-06
4.34000000e+04,4.14677034e-06
4.34100000e+04,4.14599391e-06
4.34200000e+04,4.14514799e-06
4.34300000e+04,4.14435478e-06
4.34400000e+04,4.14359212e-06
4.34500000e+04,4.14281388e-06
4.34600000e+04,4.14198880e-06
4.34700000e+04,4.14120062e-06
4.34800000e+04,4.14039625e-06
4.34900000e+04,4.13959156e-06
4.35000000e+04,4.13877852e-06
4.35100000e+04,4.13797724e-06
4.35200000e+04,4.13719309e-06
4.35300000e+04,4.13638518e-06
4.35400000e+04,4.13558549e-06
4.35500000e+04,4.13479424e-06
4.35600000e+04,4.13397922e-06
4.35700000e+04,4.13319314e-06
4.35800000e+04,4.13235482e-06
4.35900000e+04,4.13158077e-06
4.36000000e+04,4.13078182e-06
4.36100000e+04,4.12996383e-06
4.36200000e+04,4.12931718e-06
4.36300000e+04,4.12833890e-06
4.36400000e+04,4.12756649e-06
4.36500000e+04,4.12676762e-06
4.36600000e+04,4.12594147e-06
4.36700000e+04,4.12516380e-06
4.36800000e+04,4.12435705e-06
4.36900000e+04,4.12356679e-06
4.37000000e+04,4.12275881e-06
4.37100000e+04,4.12195624e-06
4.37200000e+04,4.12113117e-06
4.37300000e+04,4.12036285e-06
4.37400000e+04,4.11955381e-06
4.37500000e+04,4.11876821e-06
4.37600000e+04,4.11794934e-06
4.37700000e+04,4.11713995e-06
4.37800000e+04,4.11634470e-06
4.37900000e+04,4.11553198e-06
4.38000000e+04,4.11473147e-06
4.38100000e+04,4.11393791e-06
4.38200000e+04,4.11313541e-06
4.38300000e+04,4.11231668e-06
4.38400000e+04,4.11150444e-06
4.38500000e+04,4.11093401e-06
4.38600000e+04,4.11000948e-06
4.38700000e+04,4.10916927e-06
4.38800000e+04,4.10832230e-06
4.38900000e+04,4.10754105e-06
4.39000000e+04,4.10680763e-06
4.39100000e+04,4.10600304e-06
4.39200000e+04,4.10518794e-06
4.39300000e+04,4.10439599e-06
4.39400000e+04,4.10363148e-06
4.39500000e+04,4.10286348e-06
4.39600000e+04,4.10215165e-06
4.39700000e+04,4.10132682e-06
4.39800000e+04,4.10053362e-06
4.39900000e+04,4.09977096e-06
4.40000000e+04,4.09899841e-06
4.40100000e+04,4.09824035e-06
4.40200000e+04,4.09746746e-06
4.40300000e+04,4.09670018e-06
4.40400000e+04,4.09590887e-06
4.40500000e+04,4.09515534e-06
4.40600000e+04,4.09438333e-06
4.40700000e+04,4.09360669e-06
4.40800000e+04,4.09284496e-06
4.40900000e+04,4.09206070e-06
4.41000000e+04,4.09129852e-06
4.41100000e+04,4.09071312e-06
4.41200000e+04,4.08977062e-06
4.41300000e+04,4.08899786e-06
4.41400000e+04,4.08823328e-06
4.41500000e+04,4.08748471e-06
4.41600000e+04,4.08671617e-06
4.41700000e+04,4.08594407e-06
4.41800000e+04,4.08519383e-06
4.41900000e+04,4.08445632e-06
4.42000000e+04,4.08366233e-06
4.42100000e+04,4.08291352e-06
4.42200000e+04,4.08216318e-06
4.42300000e+04,4.08139244e-06
4.42400000e+04,4.08066362e-06
4.42500000e+04,4.07985606e-06
4.42600000e+04,4.07929653e-06
4.42700000e+04,4.07843738e-06
4.42800000e+04,4.07760623e-06
4.42900000e+04,4.07687745e-06
4.43000000e+04,4.07614038e-06
4.43100000e+04,4.07534524e-06
4.43200000e+04,4.07462562e-06
4.43300000e+04,4.07385741e-06
4.43400000e+04,4.07311990e-06
4.43500000e+04,4.07236901e-06
4.43600000e+04,4.07161631e-06
4.43700000e+04,4.07088373e-06
4.43800000e+04,4.07012216e-06
4.43900000e+04,4.06937791e-06
4.44000000e+04,4.06861992e-06
4.44100000e+04,4.06788628e-06
4.44200000e+04,4.06711885e-06
4.44300000e+04,4.06641039e-06
4.44400000e+04,4.06565118e-06
4.44500000e+04,4.06500450e-06
4.44600000e+04,4.06418968e-06
4.44700000e+04,4.06342832e-06
4.44800000e+04,4.06268083e-06
4.44900000e+04,4.06206656e-06
4.45000000e+04,4.06137992e-06
4.45100000e+04,4.06053704e-06
4.45200000e+04,4.05979853e-06
4.45300000e+04,4.05910151e-06
4.45400000e+04,4.05839222e-06
4.45500000e+04,4.05770881e-06
4.45600000e+04,4.05696526e-06
4.45700000e+04,4.05627435e-06
4.45800000e+04,4.05556742e-06
4.45900000e+04,4.05484100e-06
4.46000000e+04,4.05414142e-06
4.46100000e+04,4.05342485e-06
4.46200000e+04,4.05270105e-06
4.46300000e+04,4.05203173e-06
4.46400000e+04,4.05135939e-06
4.46500000e+04,4.05062088e-06
4.46600000e+04,4.04991103e-06
4.46700000e+04,4.04920935e-06
4.46800000e+04,4.04849595e-06
4.46900000e+04,4.04780190e-06
4.47000000e+04,4.04708838e-06
4.47100000e+04,4.04640933e-06
4.47200000e+04,4.04571711e-06
4.47300000e+04,4.04501744e-06
4.47400000e+04,4.04430138e-06
4.47500000e+04,4.04360210e-06
4.47600000e+04,4.04288849e-06
4.47700000e+04,4.04218774e-06
4.47800000e+04,4.04149320e-06
4.47900000e+04,4.04081609e-06
4.48000000e+04,4.04008591e-06
4.48100000e+04,4.03940007e-06
4.48200000e+04,4.03871499e-06
4.48300000e+04,4.03799404e-06
4.48400000e+04,4.03730851e-06
4.48500000e+04,4.03659646e-06
4.48600000e+04,4.03593247e-06
4.48700000e+04,4.03521027e-06
4.48800000e+04,4.03455085e-06
4.48900000e+04,4.03383184e-06
4.49000000e+04,4.03312637e-06
4.49100000e+04,4.03242853e-06
4.49200000e+04,4.03174757e-06
4.49300000e+04,4.03105648e-06
4.49400000e+04,4.03034710e-06
4.49500000e+04,4.02967107e-06
4.49600000e+04,4.02895241e-06
4.49700000e+04,4.02825389e-06
4.49800000e+04,4.02756438e-06
4.49900000e+04,4.02688026e-06
4.50000000e+04,4.02623118e-06
4.50100000e+04,4.02558540e-06
4.50200000e+04,4.02481553e-06
4.50300000e+04,4.02409796e-06
4.50400000e+04,4.02340197e-06
4.50500000e+04,4.02273351e-06
4.50600000e+04,4.02206192e-06
4.50700000e+04,4.02137280e-06
4.50800000e+04,4.02070770e-06
4.50900000e+04,4.02000854e-06
4.51000000e+04,4.01931291e-06
4.51100000e+04,4.01862619e-06
4.51200000e+04,4.01792966e-06
4.51300000e+04,4.01723274e-06
4.51400000e+04,4.01656631e-06
4.51500000e+04,4.01586288e-06
4.51600000e+04,4.01514357e-06
4.51700000e+04,4.01452965e-06
4.51800000e+04,4.01383977e-06
4.51900000e+04,4.01314359e-06
4.52000000e+04,4.01244979e-06
4.52100000e+04,4.01173030e-06
4.52200000e+04,4.01114407e-06
4.52300000e+04,4.01041571e-06
4.52400000e+04,4.00972080e-06
4.52500000e+04,4.00903426e-06
4.52600000e+04,4.00837003e-06
4.52700000e+04,4.00770439e-06
4.52800000e+04,4.00699564e-06
4.52900000e+04,4.00632138e-06
4.53000000e+04,4.00562365e-06
4.53100000e+04,4.00494446e-06
4.53200000e+04,4.00429665e-06
4.53300000e+04,4.00359203e-06
4.53400000e+04,4.00291195e-06
4.53500000e+04,4.00234199e-06
4.53600000e+04,4.00158279e-06
4.53700000e+04,4.00086660e-06
4.53800000e+04,4.00020729e-06
4.53900000e+04,3.99954763e-06
4.54000000e+04,3.99889361e-06
4.54100000e+04,3.99820483e-06
4.54200000e+04,3.99755725e-06
4.54300000e+04,3.99687692e-06
4.54400000e+04,3.99619045e-06
4.54500000e+04,3.99553645e-06
4.54600000e+04,3.99486028e-06
4.54700000e+04,3.99420259e-06
4.54800000e+04,3.99351995e-06
4.54900000e+04,3.99284486e-06
4.55000000e+04,3.99218197e-06
4.55100000e+04,3.99152881e-06
4.55200000e+04,3.99082635e-06
4.55300000e+04,3.99016866e-06
4.55400000e+04,3.98950249e-06
4.55500000e+04,3.98885263e-06
4.55600000e+04,3.98815974e-06
4.55700000e+04,3.98749928e-06
4.55800000e+04,3.98681573e-06
4.55900000e+04,3.98616094e-06
4.56000000e+04,3.98548040e-06
4.56100000e+04,3.98481271e-06
4.56200000e+04,3.98413849e-06
4.56300000e+04,3.98349537e-06
4.56400000e+04,3.98280601e-06
4.56500000e+04,3.98212337e-06
4.56600000e+04,3.98148757e-06
4.56700000e+04,3.98079346e-06
4.56800000e+04,3.98012289e-06
4.56900000e+04,3.97944875e-06
4.57000000e+04,3.97879513e-06
4.57100000e+04,3.97811550e-06
4.57200000e+04,3.97746180e-06
4.57300000e+04,3.97680020e-06
4.57400000e+04,3.97612170e-06
4.57500000e+04,3.97547416e-06
4.57600000e+04,3.97479435e-06
4.57700000e+04,3.97415981e-06
4.57800000e+04,3.97346544e-06
4.57900000e+04,3.97282605e-06
4.58000000e+04,3.97225215e-06
4.58100000e+04,3.97156847e-06
4.58200000e+04,3.97088014e-06
4.58300000e+04,3.97022115e-06
4.58400000e+04,3.96961331e-06
4.58500000e+04,3.96896820e-06
4.58600000e+04,3.96831992e-06
4.58700000e+04,3.96767772e-06
4.58800000e+04,3.96704177e-06
4.58900000e+04,3.96638950e-06
4.59000000e+04,3.96578099e-06
4.59100000e+04,3.96514669e-06
4.59200000e+04,3.96451965e-06
4.59300000e+04,3.96387945e-06
4.59400000e+04,3.96324817e-06
4.59500000e+04,3.96267170e-06
4.59600000e+04,3.96204396e-06
4.59700000e+04,3.96140840e-06
4.59800000e+04,3.96079458e-06
4.59900000e+04,3.96015726e-06
4.60000000e+04,3.95955217e-06
4.60100000e+04,3.95895444e-06
4.60200000e+04,3.95832109e-06
4.60300000e+04,3.95769105e-06
4.60400000e+04,3.95709488e-06
4.60500000e+04,3.95648109e-06
4.60600000e+04,3.95586025e-06
4.60700000e+04,3.95524577e-06
4.60800000e+04,3.95461171e-06
4.60900000e+04,3.95406545e-06
4.61000000e+04,3.95342918e-06
4.61100000e+04,3.95281169e-06
4.61200000e+04,3.95229972e-06
4.61300000e+04,3.95160917e-06
4.61400000e+04,3.95099879e-06
4.61500000e+04,3.95042260e-06
4.61600000e+04,3.94978408e-06
4.61700000e+04,3.94919271e-06
4.61800000e+04,3.94861356e-06
4.61900000e+04,3.94803769e-06
4.62000000e+04,3.94739561e-06
4.62100000e+04,3.94679846e-06
4.62200000e+04,3.94619054e-06
4.62300000e+04,3.94561187e-06
4.62400000e+04,3.94500585e-06
4.62500000e+04,3.94440942e-06
4.62600000e+04,3.94380642e-06
4.62700000e+04,3.94323569e-06
4.62800000e+04,3.94262051e-06
4.62900000e+04,3.94202747e-06
4.63000000e+04,3.94140425e-06
4.63100000e+04,3.94083588e-06
4.63200000e+04,3.94022769e-06
4.63300000e+04,3.93962008e-06
4.63400000e+04,3.93904078e-06
4.63500000e+04,3.93842864e-06
4.63600000e+04,3.93781638e-06
4.63700000e+04,3.93722945e-06
4.63800000e+04,3.93664563e-06
4.63900000e+04,3.93603672e-06
4.64000000e+04,3.93545328e-06
4.64100000e+04,3.93487348e-06
4.64200000e+04,3.93427026e-06
4.64300000e+04,3.93368600e-06
4.64400000e+04,3.93307640e-06
4.64500000e+04,3.93246766e-06
4.64600000e+04,3.93186757e-06
4.64700000e+04,3.93126318e-06
4.64800000e+04,3.93067123e-06
4.64900000e+04,3.93011673e-06
4.65000000e+04,3.92950815e-06
4.65100000e+04,3.92891876e-06
4.65200000e+04,3.92830532e-06
4.65300000e+04,3.92772925e-06
4.65400000e+04,3.92712815e-06
4.65500000e+04,3.92655610e-06
4.65600000e+04,3.92595744e-06
4.65700000e+04,3.92537299e-06
4.65800000e+04,3.92478526e-06
4.65900000e+04,3.92421210e-06
4.66000000e+04,3.92361433e-06
4.66100000e+04,3.92303836e-06
4.66200000e+04,3.92242403e-06
4.66300000e+04,3.92186438e-06
4.66400000e+04,3.92125780e-06
4.66500000e+04,3.92068308e-06
4.66600000e+04,3.92012084e-06
4.66700000e+04,3.91954504e-06
4.66800000e+04,3.91896531e-06
4.66900000e+04,3.91837766e-06
4.67000000e+04,3.91778355e-06
4.67100000e+04,3.91722278e-06
4.67200000e+04,3.91661134e-06
4.67300000e+04,3.91606406e-06
4.67400000e+04,3.91547554e-06
4.67500000e+04,3.91489996e-06
4.67600000e+04,3.91432507e-06
4.67700000e+04,3.91375593e-06
4.67800000e+04,3.91315338e-06
4.67900000e+04,3.91257767e-06
4.68000000e+04,3.91199163e-06
4.68100000e+04,3.91144081e-06
4.68200000e+04,3.91086211e-06
4.68300000e+04,3.91028035e-06
4.68400000e+04,3.90969650e-06
4.68500000e+04,3.90912556e-06
4.68600000e+04,3.90857863e-06
4.68700000e+04,3.90801748e-06
4.68800000e+04,3.90742352e-06
4.68900000e+04,3.90684199e-06
4.69000000e+04,3.90626006e-06
4.69100000e+04,3.90571759e-06
4.69200000e+04,3.90517493e-06
4.69300000e+04,3.90458492e-06
4.69400000e+04,3.90403711e-06
4.69500000e+04,3.90347673e-06
4.69600000e+04,3.90291103e-06
4.69700000e+04,3.90236133e-06
4.69800000e+04,3.90179931e-06
4.69900000e+04,3.90122464e-06
4.70000000e+04,3.90068757e-06
4.70100000e+04,3.90014218e-06
4.70200000e+04,3.89957029e-06
4.70300000e+04,3.89899390e-06
4.70400000e+04,3.89845983e-06
4.70500000e+04,3.89791557e-06
4.70600000e+04,3.89733183e-06
4.70700000e+04,3.89680133e-06
4.70800000e+04,3.89622300e-06
4.70900000e+04,3.89568048e-06
4.71000000e+04,3.89513882e-06
4.71100000e+04,3.89459510e-06
4.71200000e+04,3.89402019e-06
4.71300000e+04,3.89346841e-06
4.71400000e+04,3.89291607e-06
4.71500000e+04,3.89237269e-06
4.71600000e+04,3.89182292e-06
4.71700000e+04,3.89127283e-06
4.71800000e+04,3.89072244e-06
4.71900000e+04,3.89016635e-06
4.72000000e+04,3.88961906e-06
4.72100000e+04,3.88909023e-06
4.72200000e+04,3.88852147e-06
4.72300000e+04,3.88796172e-06
4.72400000e+04,3.88742713e-06
4.72500000e+04,3.88686648e-06
4.72600000e+04,3.88633072e-06
4.72700000e+04,3.88579111e-06
4.72800000e+04,3.88521483e-06
4.72900000e+04,3.88471171e-06
4.73000000e+04,3.88415411e-06
4.73100000e+04,3.88359025e-06
4.73200000e+04,3.88304009e-06
4.73300000e+04,3.88249834e-06
4.73400000e+04,3.88196858e-06
4.73500000e+04,3.88141926e-06
4.73600000e+04,3.88089630e-06
4.73700000e+04,3.88032847e-06
4.73800000e+04,3.87978153e-06
4.73900000e+04,3.87924877e-06
4.74000000e+04,3.87872150e-06
4.74100000e+04,3.87817413e-06
4.74200000e+04,3.87762891e-06
4.74300000e+04,3.87708014e-06
4.74400000e+04,3.87654479e-06
4.74500000e+04,3.87600874e-06
4.74600000e+04,3.87545480e-06
4.74700000e+04,3.87490348e-06
4.74800000e+04,3.87437562e-06
4.74900000e+04,3.87385521e-06
4.75000000e+04,3.87329691e-06
4.75100000e+04,3.87278720e-06
4.75200000e+04,3.87223575e-06
4.75300000e+04,3.87170546e-06
4.75400000e+04,3.87119846e-06
4.75500000e+04,3.87066701e-06
4.75600000e+04,3.87012061e-06
4.75700000e+04,3.86960462e-06
4.75800000e+04,3.86908843e-06
4.75900000e+04,3.86855796e-06
4.76000000e+04,3.86805446e-06
4.76100000e+04,3.86750975e-06
4.76200000e+04,3.86695121e-06
4.76300000e+04,3.86648263e-06
4.76400000e+04,3.86592741e-06
4.76500000e+04,3.86541917e-06
4.76600000e+04,3.86487015e-06
4.76700000e+04,3.86437038e-06
4.76800000e+04,3.86385889e-06
4.76900000e+04,3.86333555e-06
4.77000000e+04,3.86281640e-06
4.77100000e+04,3.86229198e-06
4.77200000e+04,3.86176578e-06
4.77300000e+04,3.86124842e-06
4.77400000e+04,3.86072556e-06
4.77500000e+04,3.86019508e-06
4.77600000e+04,3.85967523e-06
4.77700000e+04,3.85914869e-06
4.77800000e+04,3.85869380e-06
4.77900000e+04,3.85814426e-06
4.78000000e+04,3.85762714e-06
4.78100000e+04,3.85707537e-06
4.78200000e+04,3.85658242e-06
4.78300000e+04,3.85610643e-06
4.78400000e+04,3.85559262e-06
4.78500000e+04,3.85508581e-06
4.78600000e+04,3.85459168e-06
4.78700000e+04,3.85407981e-06
4.78800000e+04,3.85355207e-06
4.78900000e+04,3.85306872e-06
4.79000000e+04,3.85252457e-06
4.79100000e+04,3.85202956e-06
4.79200000e+04,3.85155096e-06
4.79300000e+04,3.85104884e-06
4.79400000e+04,3.85052876e-06
4.79500000e+04,3.85002175e-06
4.79600000e+04,3.84955075e-06
4.79700000e+04,3.84901526e-06
4.79800000e+04,3.84854472e-06
4.79900000e+04,3.84803801e-06
4.80000000e+04,3.84757230e-06
4.80100000e+04,3.84703777e-06
4.80200000e+04,3.84654818e-06
4.80300000e+04,3.84605500e-06
4.80400000e+04,3.84556537e-06
4.80500000e+04,3.84507354e-06
4.80600000e+04,3.84456487e-06
4.80700000e+04,3.84406875e-06
4.80800000e+04,3.84359461e-06
4.80900000e+04,3.84306201e-06
4.81000000e+04,3.84258439e-06
4.81100000e+04,3.84210153e-06
4.81200000e+04,3.84159594e-06
4.81300000e+04,3.84112734e-06
4.81400000e+04,3.84061707e-06
4.81500000e+04,3.84010501e-06
4.81600000e+04,3.83964758e-06
4.81700000e+04,3.83915305e-06
4.81800000e+04,3.83868966e-06
4.81900000e+04,3.83822298e-06
4.82000000e+04,3.83769006e-06
4.82100000e+04,3.83722434e-06
4.82200000e+04,3.83672522e-06
4.82300000e+04,3.83622481e-06
4.82400000e+04,3.83575326e-06
4.82500000e+04,3.83527894e-06
4.82600000e+04,3.83480980e-06
4.82700000e+04,3.83430580e-06
4.82800000e+04,3.83384150e-06
4.82900000e+04,3.83334774e-06
4.83000000e+04,3.83288063e-06
4.83100000e+04,3.83240315e-06
4.83200000e+04,3.83192929e-06
4.83300000e+04,3.83143569e-06
4.83400000e+04,3.83096524e-06
4.83500000e+04,3.83047898e-06
4.83600000e+04,3.83002306e-06
4.83700000e+04,3.82954810e-06
4.83800000e+04,3.82907418e-06
4.83900000e+04,3.82861629e-06
4.84000000e+04,3.82810704e-06
4.84100000e+04,3.82764255e-06
4.84200000e+04,3.82717880e-06
4.84300000e+04,3.82671003e-06
4.84400000e+04,3.82621948e-06
4.84500000e+04,3.82573581e-06
4.84600000e+04,3.82529415e-06
4.84700000e+04,3.82483966e-06
4.84800000e+04,3.82433121e-06
4.84900000e+04,3.82389509e-06
4.85000000e+04,3.82344672e-06
4.85100000e+04,3.82295726e-06
4.85200000e+04,3.82249726e-06
4.85300000e+04,3.82205507e-06
4.85400000e+04,3.82153016e-06
4.85500000e+04,3.82107897e-06
4.85600000e+04,3.82063031e-06
4.85700000e+04,3.82017067e-06
4.85800000e+04,3.81970315e-06
4.85900000e+04,3.81925948e-06
4.86000000e+04,3.81878951e-06
4.86100000e+04,3.81835731e-06
4.86200000e+04,3.81787667e-06
4.86300000e+04,3.81741620e-06
4.86400000e+04,3.81700194e-06
4.86500000e+04,3.81653693e-06
4.86600000e+04,3.81606837e-06
4.86700000e+04,3.81559421e-06
4.86800000e+04,3.81517144e-06
4.86900000e+04,3.81471690e-06
4.87000000e+04,3.81428877e-06
4.87100000e+04,3.81382765e-06
4.87200000e+04,3.81340117e-06
4.87300000e+04,3.81294724e-06
4.87400000e+04,3.81250732e-06
4.87500000e+04,3.81209581e-06
4.87600000e+04,3.81163680e-06
4.87700000e+04,3.81116711e-06
4.87800000e+04,3.81072340e-06
4.87900000e+04,3.81029563e-06
4.88000000e+04,3.80985042e-06
4.88100000e+04,3.80943048e-06
4.88200000e+04,3.80897224e-06
4.88300000e+04,3.80852669e-06
4.88400000e+04,3.80808363e-06
4.88500000e+04,3.80767009e-06
4.88600000e+04,3.80719144e-06
4.88700000e+04,3.80678359e-06
4.88800000e+04,3.80635915e-06
4.88900000e+04,3.80593245e-06
4.89000000e+04,3.80547721e-06
4.89100000e+04,3.80506468e-06
4.89200000e+04,3.80460805e-06
4.89300000e+04,3.80419286e-06
4.89400000e+04,3.80377653e-06
4.89500000e+04,3.80333122e-06
4.89600000e+04,3.80289410e-06
4.89700000e+04,3.80248193e-06
4.89800000e+04,3.80207300e-06
4.89900000e+04,3.80161823e-06
4.90000000e+04,3.80122568e-06
4.90100000e+04,3.80080116e-06
4.90200000e+04,3.80036352e-06
4.90300000e+04,3.79991508e-06
4.90400000e+04,3.79949185e-06
4.90500000e+04,3.79907249e-06
4.90600000e+04,3.79866502e-06
4.90700000e+04,3.79824025e-06
4.90800000e+04,3.79781890e-06
4.90900000e+04,3.79739149e-06
4.91000000e+04,3.79698597e-06
4.91100000e+04,3.79655611e-06
4.91200000e+04,3.79613011e-06
4.91300000e+04,3.79573667e-06
4.91400000e+04,3.79531190e-06
4.91500000e+04,3.79489974e-06
4.91600000e+04,3.79444966e-06
4.91700000e+04,3.79403683e-06
4.91800000e+04,3.79363738e-06
4.91900000e+04,3.79323942e-06
4.92000000e+04,3.79280922e-06
4.92100000e+04,3.79240681e-06
4.92200000e+04,3.79198974e-06
4.92300000e+04,3.79160871e-06
4.92400000e+04,3.79118247e-06
4.92500000e+04,3.79075029e-06
4.92600000e+04,3.79032942e-06
4.92700000e+04,3.78992056e-06
4.92800000e+04,3.78953835e-06
4.92900000e+04,3.78911934e-06
4.93000000e+04,3.78871445e-06
4.93100000e+04,3.78830464e-06
4.93200000e+04,3.78790209e-06
4.93300000e+04,3.78748929e-06
4.93400000e+04,3.78711562e-06
4.93500000e+04,3.78669221e-06
4.93600000e+04,3.78630288e-06
4.93700000e+04,3.78590110e-06
4.93800000e+04,3.78549701e-06
4.93900000e+04,3.78508811e-06
4.94000000e+04,3.78467515e-06
4.94100000e+04,3.78428140e-06
4.94200000e+04,3.78389097e-06
4.94300000e+04,3.78349534e-06
4.94400000e+04,3.78307843e-06
4.94500000e+04,3.78269550e-06
4.94600000e+04,3.78228969e-06
4.94700000e+04,3.78189365e-06
4.94800000e+04,3.78148617e-06
4.94900000e+04,3.78109842e-06
4.95000000e+04,3.78070947e-06
4.95100000e+04,3.78030892e-06
4.95200000e+04,3.77990240e-06
4.95300000e+04,3.77952443e-06
4.95400000e+04,3.77912932e-06
4.95500000e+04,3.77874452e-06
4.95600000e+04,3.77834387e-06
4.95700000e+04,3.77794798e-06
4.95800000e+04,3.77755716e-06
4.95900000e+04,3.77717874e-06
4.96000000e+04,3.77678364e-06
4.96100000e+04,3.77639644e-06
4.96200000e+04,3.77604000e-06
4.96300000e+04,3.77561896e-06
4.96400000e+04,3.77524686e-06
4.96500000e+04,3.77486310e-06
4.96600000e+04,3.77445153e-06
4.96700000e+04,3.77406996e-06
4.96800000e+04,3.77368485e-06
4.96900000e+04,3.77329284e-06
4.97000000e+04,3.77291340e-06
4.97100000e+04,3.77254876e-06
4.97200000e+04,3.77214569e-06
4.97300000e+04,3.77176942e-06
4.97400000e+04,3.77138483e-06
4.97500000e+04,3.77101909e-06
4.97600000e+04,3.77066912e-06
4.97700000e+04,3.77024049e-06
4.97800000e+04,3.76987594e-06
4.97900000e+04,3.76947710e-06
4.98000000e+04,3.76912095e-06
4.98100000e+04,3.76873504e-06
4.98200000e+04,3.76839220e-06
4.98300000e+04,3.76799997e-06
4.98400000e+04,3.76761125e-06
4.98500000e+04,3.76723989e-06
4.98600000e+04,3.76684916e-06
4.98700000e+04,3.76648177e-06
4.98800000e+04,3.76613825e-06
4.98900000e+04,3.76574264e-06
4.99000000e+04,3.76537498e-06
4.99100000e+04,3.76501283e-06
4.99200000e+04,3.76463345e-06
4.99300000e+04,3.76425500e-06
4.99400000e+04,3.76392119e-06
4.99500000e+04,3.76354222e-06
4.99600000e+04,3.76316028e-06
4.99700000e+04,3.76279492e-06
4.99800000e+04,3.76243527e-06
4.99900000e+04,3.76207515e-06
5.00000000e+04,3.76171278e-06
5.00100000e+04,3.76131283e-06
5.00200000e+04,3.76097281e-06
5.00300000e+04,3.76060486e-06
5.00400000e+04,3.76023953e-06
5.00500000e+04,3.75988590e-06
5.00600000e+04,3.75953254e-06
5.00700000e+04,3.75916981e-06
5.00800000e+04,3.75880126e-06
5.00900000e+04,3.75841993e-06
5.01000000e+04,3.75807753e-06
5.01100000e+04,3.75772527e-06
5.01200000e+04,3.75734353e-06
5.01300000e+04,3.75701647e-06
5.01400000e+04,3.75662746e-06
5.01500000e+04,3.75628953e-06
5.01600000e+04,3.75595686e-06
5.01700000e+04,3.75556515e-06
5.01800000e+04,3.75520943e-06
5.01900000e+04,3.75486582e-06
5.02000000e+04,3.75450807e-06
5.02100000e+04,3.75414344e-06
5.02200000e+04,3.75381440e-06
5.02300000e+04,3.75344836e-06
5.02400000e+04,3.75309771e-06
5.02500000e+04,3.75276895e-06
5.02600000e+04,3.75240718e-06
5.02700000e+04,3.75206266e-06
5.02800000e+04,3.75170753e-06
5.02900000e+04,3.75138839e-06
5.03000000e+04,3.75101749e-06
5.03100000e+04,3.75070297e-06
5.03200000e+04,3.75029860e-06
5.03300000e+04,3.74995803e-06
5.03400000e+04,3.74959406e-06
5.03500000e+04,3.74929936e-06
5.03600000e+04,3.74895587e-06
5.03700000e+04,3.74858327e-06
5.03800000e+04,3.74824227e-06
5.03900000e+04,3.74790663e-06
5.04000000e+04,3.74759007e-06
5.04100000e+04,3.74723264e-06
5.04200000e+04,3.74688659e-06
5.04300000e+04,3.74655984e-06
5.04400000e+04,3.74619704e-06
5.04500000e+04,3.74588136e-06
5.04600000e+04,3.74552552e-06
5.04700000e+04,3.74519292e-06
5.04800000e+04,3.74487084e-06
5.04900000e+04,3.74453901e-06
5.05000000e+04,3.74416270e-06
5.05100000e+04,3.74385376e-06
5.05200000e+04,3.74353401e-06
5.05300000e+04,3.74320661e-06
5.05400000e+04,3.74284755e-06
5.05500000e+04,3.74255939e-06
5.05600000e+04,3.74219362e-06
5.05700000e+04,3.74183714e-06
5.05800000e+04,3.74153209e-06
5.05900000e+04,3.74121119e-06
5.06000000e+04,3.74086715e-06
5.06100000e+04,3.74054863e-06
5.06200000e+04,3.74022307e-06
5.06300000e+04,3.73992777e-06
5.06400000e+04,3.73957594e-06
5.06500000e+04,3.73924673e-06
5.06600000e+04,3.73893376e-06
5.06700000e+04,3.73859839e-06
5.06800000e+04,3.73825900e-06
5.06900000e+04,3.73797686e-06
5.07000000e+04,3.73764339e-06
5.07100000e+04,3.73733021e-06
5.07200000e+04,3.73700526e-06
5.07300000e+04,3.73670808e-06
5.07400000e+04,3.73636809e-06
5.07500000e+04,3.73603845e-06
5.07600000e+04,3.73573972e-06
5.07700000e+04,3.73541932e-06
5.07800000e+04,3.73509235e-06
5.07900000e+04,3.73476810e-06
5.08000000e+04,3.73445907e-06
5.08100000e+04,3.73414937e-06
5.08200000e+04,3.73386283e-06
5.08300000e+04,3.73353812e-06
5.08400000e+04,3.73325160e-06
5.08500000e+04,3.73289729e-06
5.08600000e+04,3.73261134e-06
5.08700000e+04,3.73229045e-06
5.08800000e+04,3.73198982e-06
5.08900000e+04,3.73166483e-06
5.09000000e+04,3.73135093e-06
5.09100000e+04,3.73106890e-06
5.09200000e+04,3.73073710e-06
5.09300000e+04,3.73044553e-06
5.09400000e+04,3.73014120e-06
5.09500000e+04,3.72983787e-06
5.09600000e+04,3.72954841e-06
5.09700000e+04,3.72920137e-06
5.09800000e+04,3.72891588e-06
5.09900000e+04,3.72863782e-06
5.10000000e+04,3.72828131e-06
5.10100000e+04,3.72802429e-06
5.10200000e+04,3.72772636e-06
5.10300000e+04,3.72742119e-06
5.10400000e+04,3.72713888e-06
5.10500000e+04,3.72685183e-06
5.10600000e+04,3.72653752e-06
5.10700000e+04,3.72625353e-06
5.10800000e+04,3.72594488e-06
5.10900000e+04,3.72563352e-06
5.11000000e+04,3.72531868e-06
5.11100000e+04,3.72507361e-06
5.11200000e+04,3.72476159e-06
5.11300000e+04,3.72446729e-06
5.11400000e+04,3.72422357e-06
5.11500000e+04,3.72387067e-06
5.11600000e+04,3.72360049e-06
5.11700000e+04,3.72330886e-06
5.11800000e+04,3.72301942e-06
5.11900000e+04,3.72272607e-06
5.12000000e+04,3.72244384e-06
5.12100000e+04,3.72214614e-06
5.12200000e+04,3.72184815e-06
5.12300000e+04,3.72157979e-06
5.12400000e+04,3.72128175e-06
5.12500000e+04,3.72100018e-06
5.12600000e+04,3.72073420e-06
5.12700000e+04,3.72042294e-06
5.12800000e+04,3.72016574e-06
5.12900000e+04,3.71987364e-06
5.13000000e+04,3.71958663e-06
5.13100000e+04,3.71928986e-06
5.13200000e+04,3.71901241e-06
5.13300000e+04,3.71875092e-06
5.13400000e+04,3.71844355e-06
5.13500000e+04,3.71817854e-06
5.13600000e+04,3.71786090e-06
5.13700000e+04,3.71761001e-06
5.13800000e+04,3.71733456e-06
5.13900000e+04,3.71704682e-06
5.14000000e+04,3.71678820e-06
5.14100000e+04,3.71649289e-06
5.14200000e+04,3.71621343e-06
5.14300000e+04,3.71593895e-06
5.14400000e+04,3.71567356e-06
5.14500000e+04,3.71538908e-06
5.14600000e+04,3.71510079e-06
5.14700000e+04,3.71483296e-06
5.14800000e+04,3.71457509e-06
5.14900000e+04,3.71428259e-06
5.15000000e+04,3.71400251e-06
5.15100000e+04,3.71372649e-06
5.15200000e+04,3.71345637e-06
5.15300000e+04,3.71317018e-06
5.15400000e+04,3.71291725e-06
5.15500000e+04,3.71265614e-06
5.15600000e+04,3.71238267e-06
5.15700000e+04,3.71208802e-06
5.15800000e+04,3.71184919e-06
5.15900000e+04,3.71156590e-06
5.16000000e+04,3.71132168e-06
5.16100000e+04,3.71104277e-06
5.16200000e+04,3.71077938e-06
5.16300000e+04,3.71049058e-06
5.16400000e+04,3.71025435e-06
5.16500000e+04,3.70996406e-06
5.16600000e+04,3.70970765e-06
5.16700000e+04,3.70944530e-06
5.16800000e+04,3.70917365e-06
5.16900000e+04,3.70888776e-06
5.17000000e+04,3.70865374e-06
5.17100000e+04,3.70838884e-06
5.17200000e+04,3.70811287e-06
5.17300000e+04,3.70786488e-06
5.17400000e+04,3.70760288e-06
5.17500000e+04,3.70737452e-06
5.17600000e+04,3.70709056e-06
5.17700000e+04,3.70683169e-06
5.17800000e+04,3.70657107e-06
5.17900000e+04,3.70632141e-06
5.18000000e+04,3.70606897e-06
5.18100000e+04,3.70577580e-06
5.18200000e+04,3.70555814e-06
5.18300000e+04,3.70531893e-06
5.18400000e+04,3.70503685e-06
5.18500000e+04,3.70478576e-06
5.18600000e+04,3.70452259e-06
5.18700000e+04,3.70430975e-06
5.18800000e+04,3.70402090e-06
5.18900000e+04,3.70376134e-06
5.19000000e+04,3.70349089e-06
5.19100000e+04,3.70325963e-06
5.19200000e+04,3.70301884e-06
5.19300000e+04,3.70276296e-06
5.19400000e+04,3.70252986e-06
5.19500000e+04,3.70228402e-06
5.19600000e+04,3.70204162e-06
5.19700000e+04,3.70178427e-06
5.19800000e+04,3.70154895e-06
5.19900000e+04,3.70130499e-06
5.20000000e+04,3.70106865e-06
5.20100000e+04,3.70079918e-06
5.20200000e+04,3.70054480e-06
5.20300000e+04,3.70032657e-06
5.20400000e+04,3.70008573e-06
5.20500000e+04,3.69982525e-06
5.20600000e+04,3.69962027e-06
5.20700000e+04,3.69934968e-06
5.20800000e+04,3.69911398e-06
5.20900000e+04,3.69885459e-06
5.21000000e+04,3.69862872e-06
5.21100000e+04,3.69838174e-06
5.21200000e+04,3.69816287e-06
5.21300000e+04,3.69792862e-06
5.21400000e+04,3.69771231e-06
5.21500000e+04,3.69745798e-06
5.21600000e+04,3.69720925e-06
5.21700000e+04,3.69698101e-06
5.21800000e+04,3.69674306e-06
5.21900000e+04,3.69650480e-06
5.22000000e+04,3.69627595e-06
5.22100000e+04,3.69606365e-06
5.22200000e+04,3.69580529e-06
5.22300000e+04,3.69557164e-06
5.22400000e+04,3.69533595e-06
5.22500000e+04,3.69510715e-06
5.22600000e+04,3.69488790e-06
5.22700000e+04,3.69468157e-06
5.22800000e+04,3.69442560e-06
5.22900000e+04,3.69421146e-06
5.23000000e+04,3.69397087e-06
5.23100000e+04,3.69374554e-06
5.23200000e+04,3.69350851e-06
5.23300000e+04,3.69329920e-06
5.23400000e+04,3.69305520e-06
5.23500000e+04,3.69283823e-06
5.23600000e+04,3.69259966e-06
5.23700000e+04,3.69240346e-06
5.23800000e+04,3.69217227e-06
5.23900000e+04,3.69193429e-06
5.24000000e+04,3.69171251e-06
5.24100000e+04,3.69148066e-06
5.24200000e+04,3.69124041e-06
5.24300000e+04,3.69102627e-06
5.24400000e+04,3.69083344e-06
5.24500000e+04,3.69060028e-06
5.24600000e+04,3.69036427e-06
5.24700000e+04,3.69016205e-06
5.24800000e+04,3.68994353e-06
5.24900000e+04,3.68971919e-06
5.25000000e+04,3.68948959e-06
5.25100000e+04,3.68929768e-06
5.25200000e+04,3.68905148e-06
5.25300000e+04,3.68885423e-06
5.25400000e+04,3.68862590e-06
5.25500000e+04,3.68841322e-06
5.25600000e+04,3.68819241e-06
5.25700000e+04,3.68798211e-06
5.25800000e+04,3.68776168e-06
5.25900000e+04,3.68754935e-06
5.26000000e+04,3.68733550e-06
5.26100000e+04,3.68711621e-06
5.26200000e+04,3.68691386e-06
5.26300000e+04,3.68670874e-06
5.26400000e+04,3.68650000e-06
5.26500000e+04,3.68631054e-06
5.26600000e+04,3.68606813e-06
5.26700000e+04,3.68586477e-06
5.26800000e+04,3.68563049e-06
5.26900000e+04,3.68545328e-06
5.27000000e+04,3.68524694e-06
5.27100000e+04,3.68501433e-06
5.27200000e+04,3.68482109e-06
5.27300000e+04,3.68460623e-06
5.27400000e+04,3.68441611e-06
5.27500000e+04,3.68420862e-06
5.27600000e+04,3.68398988e-06
5.27700000e+04,3.68377391e-06
5.27800000e+04,3.68356817e-06
5.27900000e+04,3.68335702e-06
5.28000000e+04,3.68316437e-06
5.28100000e+04,3.68295817e-06
5.28200000e+04,3.68277192e-06
5.28300000e+04,3.68254901e-06
5.28400000e+04,3.68233669e-06
5.28500000e+04,3.68214953e-06
5.28600000e+04,3.68194319e-06
5.28700000e+04,3.68176512e-06
5.28800000e+04,3.68155512e-06
5.28900000e+04,3.68138348e-06
5.29000000e+04,3.68115519e-06
5.29100000e+04,3.68097417e-06
5.29200000e+04,3.68078295e-06
5.29300000e+04,3.68058193e-06
5.29400000e+04,3.68039582e-06
5.29500000e+04,3.68017794e-06
5.29600000e+04,3.67999427e-06
5.29700000e+04,3.67980275e-06
5.29800000e+04,3.67961707e-06
5.29900000e+04,3.67942194e-06
5.30000000e+04,3.67921831e-06
5.30100000e+04,3.67904020e-06
5.30200000e+04,3.67884397e-06
5.30300000e+04,3.67864180e-06
5.30400000e+04,3.67844792e-06
5.30500000e+04,3.67827989e-06
5.30600000e+04,3.67807471e-06
5.30700000e+04,3.67787201e-06
5.30800000e+04,3.67770942e-06
5.30900000e+04,3.67750528e-06
5.31000000e+04,3.67733605e-06
5.31100000e+04,3.67714608e-06
5.31200000e+04,3.67695488e-06
5.31300000e+04,3.67678738e-06
5.31400000e+04,3.67658201e-06
5.31500000e+04,3.67641884e-06
5.31600000e+04,3.67623924e-06
5.31700000e+04,3.67606205e-06
5.31800000e+04,3.67585299e-06
5.31900000e+04,3.67569691e-06
5.32000000e+04,3.67552397e-06
5.32100000e+04,3.67534396e-06
5.32200000e+04,3.67516131e-06
5.32300000e+04,3.67499815e-06
5.32400000e+04,3.67480066e-06
5.32500000e+04,3.67462002e-06
5.32600000e+04,3.67447008e-06
5.32700000e+04,3.67428755e-06
5.32800000e+04,3.67412068e-06
5.32900000e+04,3.67392992e-06
5.33000000e+04,3.67372979e-06
5.33100000e+04,3.67359527e-06
5.33200000e+04,3.67342456e-06
5.33300000e+04,3.67325557e-06
5.33400000e+04,3.67309550e-06
5.33500000e+04,3.67291552e-06
5.33600000e+04,3.67274514e-06
5.33700000e+04,3.67258144e-06
5.33800000e+04,3.67241178e-06
5.33900000e+04,3.67227266e-06
5.34000000e+04,3.67206374e-06
5.34100000e+04,3.67192110e-06
5.34200000e+04,3.67176973e-06
5.34300000e+04,3.67161817e-06
5.34400000e+04,3.67144519e-06
5.34500000e+04,3.67130084e-06
5.34600000e+04,3.67111727e-06
5.34700000e+04,3.67097330e-06
5.34800000e+04,3.67081726e-06
5.34900000e+04,3.67065999e-06
5.35000000e+04,3.67047027e-06
5.35100000e+04,3.67031660e-06
5.35200000e+04,3.67016493e-06
5.35300000e+04,3.67005556e-06
5.35400000e+04,3.66989648e-06
5.35500000e+04,3.66973382e-06
5.35600000e+04,3.66959742e-06
5.35700000e+04,3.66942935e-06
5.35800000e+04,3.66928943e-06
5.35900000e+04,3.66915598e-06
5.36000000e+04,3.66898192e-06
5.36100000e+04,3.66883873e-06
5.36200000e+04,3.66868287e-06
5.36300000e+04,3.66854841e-06
5.36400000e+04,3.66841250e-06
5.36500000e+04,3.66823327e-06
5.36600000e+04,3.66812550e-06
5.36700000e+04,3.66796555e-06
5.36800000e+04,3.66779950e-06
5.36900000e+04,3.66769742e-06
5.37000000e+04,3.66757490e-06
5.37100000e+04,3.66741064e-06
5.37200000e+04,3.66729134e-06
5.37300000e+04,3.66714047e-06
5.37400000e+04,3.66700747e-06
5.37500000e+04,3.66685301e-06
5.37600000e+04,3.66675322e-06
5.37700000e+04,3.66662483e-06
5.37800000e+04,3.66647556e-06
5.37900000e+04,3.66636171e-06
5.38000000e+04,3.66619569e-06
5.38100000e+04,3.66608513e-06
5.38200000e+04,3.66598414e-06
5.38300000e+04,3.66583778e-06
5.38400000e+04,3.66570601e-06
5.38500000e+04,3.66558248e-06
5.38600000e+04,3.66545194e-06
5.38700000e+04,3.66534095e-06
5.38800000e+04,3.66518859e-06
5.38900000e+04,3.66507478e-06
5.39000000e+04,3.66494157e-06
5.39100000e+04,3.66482460e-06
5.39200000e+04,3.66470803e-06
5.39300000e+04,3.66457721e-06
5.39400000e+04,3.66448765e-06
5.39500000e+04,3.66436728e-06
5.39600000e+04,3.66425511e-06
5.39700000e+04,3.66412854e-06
5.39800000e+04,3.66399136e-06
5.39900000e+04,3.66391415e-06
5.40000000e+04,3.66378559e-06
5.40100000e+04,3.66365803e-06
5.40200000e+04,3.66355074e-06
5.40300000e+04,3.66343731e-06
5.40400000e+04,3.66333239e-06
5.40500000e+04,3.66320993e-06
5.40600000e+04,3.66308478e-06
5.40700000e+04,3.66299592e-06
5.40800000e+04,3.66285518e-06
5.40900000e+04,3.66273514e-06
5.41000000e+04,3.66262547e-06
5.41100000e+04,3.66252768e-06
5.41200000e+04,3.66244139e-06
5.41300000e+04,3.66232156e-06
5.41400000e+04,3.66217666e-06
5.41500000e+04,3.66209860e-06
5.41600000e+04,3.66199546e-06
5.41700000e+04,3.66188359e-06
5.41800000e+04,3.66176004e-06
5.41900000e+04,3.66166175e-06
5.42000000e+04,3.66156096e-06
5.42100000e+04,3.66145066e-06
5.42200000e+04,3.66133429e-06
5.42300000e+04,3.66122345e-06
5.42400000e+04,3.66113635e-06
5.42500000e+04,3.66102479e-06
5.42600000e+04,3.66091742e-06
5.42700000e+04,3.66080663e-06
5.42800000e+04,3.66069416e-06
5.42900000e+04,3.66056030e-06
5.43000000e+04,3.66045032e-06
5.43100000e+04,3.66040296e-06
5.43200000e+04,3.66028771e-06
5.43300000e+04,3.66017785e-06
5.43400000e+04,3.66006233e-06
5.43500000e+04,3.65995485e-06
5.43600000e+04,3.65987278e-06
5.43700000e+04,3.65973525e-06
5.43800000e+04,3.65966389e-06
5.43900000e+04,3.65958111e-06
5.44000000e+04,3.65944134e-06
5.44100000e+04,3.65935048e-06
5.44200000e+04,3.65922717e-06
5.44300000e+04,3.65915691e-06
5.44400000e+04,3.65904292e-06
5.44500000e+04,3.65896246e-06
5.44600000e+04,3.65883395e-06
5.44700000e+04,3.65873731e-06
5.44800000e+04,3.65863208e-06
5.44900000e+04,3.65856126e-06
5.45000000e+04,3.65843730e-06
5.45100000e+04,3.65832878e-06
5.45200000e+04,3.65824177e-06
5.45300000e+04,3.65814520e-06
5.45400000e+04,3.65805724e-06
5.45500000e+04,3.65791958e-06
5.45600000e+04,3.65782755e-06
5.45700000e+04,3.65772725e-06
5.45800000e+04,3.65762887e-06
5.45900000e+04,3.65753185e-06
5.46000000e+04,3.65743433e-06
5.46100000e+04,3.65735543e-06
5.46200000e+04,3.65724771e-06
5.46300000e+04,3.65714290e-06
5.46400000e+04,3.65704045e-06
5.46500000e+04,3.65696242e-06
5.46600000e+04,3.65683850e-06
5.46700000e+04,3.65671345e-06
5.46800000e+04,3.65663662e-06
5.46900000e+04,3.65655566e-06
5.47000000e+04,3.65645186e-06
5.47100000e+04,3.65635902e-06
5.47200000e+04,3.65624971e-06
5.47300000e+04,3.65616380e-06
5.47400000e+04,3.65609382e-06
5.47500000e+04,3.65597342e-06
5.47600000e+04,3.65586206e-06
5.47700000e+04,3.65577084e-06
5.47800000e+04,3.65569622e-06
5.47900000e+04,3.65560779e-06
5.48000000e+04,3.65547500e-06
5.48100000e+04,3.65537536e-06
5.48200000e+04,3.65529327e-06
5.48300000e+04,3.65519940e-06
5.48400000e+04,3.65508802e-06
5.48500000e+04,3.65504031e-06
5.48600000e+04,3.65494068e-06
5.48700000e+04,3.65483639e-06
5.48800000e+04,3.65472875e-06
5.48900000e+04,3.65466436e-06
5.49000000e+04,3.65455184e-06
5.49100000e+04,3.65444409e-06
5.49200000e+04,3.65436711e-06
5.49300000e+04,3.65427568e-06
5.49400000e+04,3.65416957e-06
5.49500000e+04,3.65409037e-06
5.49600000e+04,3.65398229e-06
5.49700000e+04,3.65391008e-06
5.49800000e+04,3.65381287e-06
5.49900000e+04,3.65373479e-06
5.50000000e+04,3.65365748e-06
5.50100000e+04,3.65354331e-06
5.50200000e+04,3.65347018e-06
5.50300000e+04,3.65335899e-06
5.50400000e+04,3.65329902e-06
5.50500000e+04,3.65320855e-06
5.50600000e+04,3.65310883e-06
5.50700000e+04,3.65302064e-06
5.50800000e+04,3.65294313e-06
5.50900000e+04,3.65285063e-06
5.51000000e+04,3.65276201e-06
5.51100000e+04,3.65264005e-06
5.51200000e+04,3.65256583e-06
5.51300000e+04,3.65250626e-06
5.51400000e+04,3.65241255e-06
5.51500000e+04,3.65230477e-06
5.51600000e+04,3.65222730e-06
5.51700000e+04,3.65213300e-06
5.51800000e+04,3.65203043e-06
5.51900000e+04,3.65194102e-06
5.52000000e+04,3.65187488e-06
5.52100000e+04,3.65181253e-06
5.52200000e+04,3.65168955e-06
5.52300000e+04,3.65163370e-06
5.52400000e+04,3.65152943e-06
5.52500000e+04,3.65144371e-06
5.52600000e+04,3.65138116e-06
5.52700000e+04,3.65129912e-06
5.52800000e+04,3.65120389e-06
5.52900000e+04,3.65111591e-06
5.53000000e+04,3.65103225e-06
5.53100000e+04,3.65096092e-06
5.53200000e+04,3.65088153e-06
5.53300000e+04,3.65079852e-06
5.53400000e+04,3.65070009e-06
5.53500000e+04,3.65060836e-06
5.53600000e+04,3.65052503e-06
5.53700000e+04,3.65045685e-06
5.53800000e+04,3.65036623e-06
5.53900000e+04,3.65030202e-06
5.54000000e+04,3.65020630e-06
5.54100000e+04,3.65013436e-06
5.54200000e+04,3.65004537e-06
5.54300000e+04,3.64994948e-06
5.54400000e+04,3.64987307e-06
5.54500000e+04,3.64980062e-06
5.54600000e+04,3.64972377e-06
5.54700000e+04,3.64964824e-06
5.54800000e+04,3.64956691e-06
5.54900000e+04,3.64947917e-06
5.55000000e+04,3.64939064e-06
5.55100000e+04,3.64932393e-06
5.55200000e+04,3.64925467e-06
5.55300000e+04,3.64915935e-06
5.55400000e+04,3.64909275e-06
5.55500000e+04,3.64898868e-06
5.55600000e+04,3.64892211e-06
5.55700000e+04,3.64883491e-06
5.55800000e+04,3.64875480e-06
5.55900000e+04,3.64867034e-06
5.56000000e+04,3.64862994e-06
5.56100000e+04,3.64852519e-06
5.56200000e+04,3.64845622e-06
5.56300000e+04,3.64838399e-06
5.56400000e+04,3.64828700e-06
5.56500000e+04,3.64821678e-06
5.56600000e+04,3.64813637e-06
5.56700000e+04,3.64808873e-06
5.56800000e+04,3.64798985e-06
5.56900000e+04,3.64792259e-06
5.57000000e+04,3.64782158e-06
5.57100000e+04,3.64776546e-06
5.57200000e+04,3.64766967e-06
5.57300000e+04,3.64761443e-06
5.57400000e+04,3.64756453e-06
5.57500000e+04,3.64746464e-06
5.57600000e+04,3.64740744e-06
5.57700000e+04,3.64732899e-06
5.57800000e+04,3.64723604e-06
5.57900000e+04,3.64715846e-06
5.58000000e+04,3.64708284e-06
5.58100000e+04,3.64702748e-06
5.58200000e+04,3.64696224e-06
5.58300000e+04,3.64687200e-06
5.58400000e+04,3.64680870e-06
5.58500000e+04,3.64674158e-06
5.58600000e+04,3.64667259e-06
5.58700000e+04,3.64659072e-06
5.58800000e+04,3.64652412e-06
5.58900000e+04,3.64643553e-06
5.59000000e+04,3.64636929e-06
5.59100000e+04,3.64630831e-06
5.59200000e+04,3.64625827e-06
5.59300000e+04,3.64617529e-06
5.59400000e+04,3.64611092e-06
5.59500000e+04,3.64601605e-06
5.59600000e+04,3.64593353e-06
5.59700000e+04,3.64588460e-06
5.59800000e+04,3.64580056e-06
5.59900000e+04,3.64574412e-06
5.60000000e+04,3.64570503e-06
5.60100000e+04,3.64558367e-06
5.60200000e+04,3.64552780e-06
5.60300000e+04,3.64545406e-06
5.60400000e+04,3.64538811e-06
5.60500000e+04,3.64530702e-06
5.60600000e+04,3.64526722e-06
5.60700000e+04,3.64520125e-06
5.60800000e+04,3.64511438e-06
5.60900000e+04,3.64507541e-06
5.61000000e+04,3.64500573e-06
5.61100000e+04,3.64492846e-06
5.61200000e+04,3.64485956e-06
5.61300000e+04,3.64479442e-06
5.61400000e+04,3.64474655e-06
5.61500000e+04,3.64466891e-06
5.61600000e+04,3.64462090e-06
5.61700000e+04,3.64454431e-06
5.61800000e+04,3.64446488e-06
5.61900000e+04,3.64443017e-06
5.62000000e+04,3.64435281e-06
5.62100000e+04,3.64429564e-06
5.62200000e+04,3.64421958e-06
5.62300000e+04,3.64416690e-06
5.62400000e+04,3.64412487e-06
5.62500000e+04,3.64405425e-06
5.62600000e+04,3.64396357e-06
5.62700000e+04,3.64391288e-06
5.62800000e+04,3.64386345e-06
5.62900000e+04,3.64379487e-06
5.63000000e+04,3.64374143e-06
5.63100000e+04,3.64367605e-06
5.63200000e+04,3.64361155e-06
5.63300000e+04,3.64355047e-06
5.63400000e+04,3.64348223e-06
5.63500000e+04,3.64342953e-06
5.63600000e+04,3.64338233e-06
5.63700000e+04,3.64333327e-06
5.63800000e+04,3.64325607e-06
5.63900000e+04,3.64319314e-06
5.64000000e+04,3.64317047e-06
5.64100000e+04,3.64312335e-06
5.64200000e+04,3.64306544e-06
5.64300000e+04,3.64299345e-06
5.64400000e+04,3.64293790e-06
5.64500000e+04,3.64288035e-06
5.64600000e+04,3.64280588e-06
5.64700000e+04,3.64275965e-06
5.64800000e+04,3.64270447e-06
5.64900000e+04,3.64263967e-06
5.65000000e+04,3.64257660e-06
5.65100000e+04,3.64253626e-06
5.65200000e+04,3.64251791e-06
5.65300000e+04,3.64244555e-06
5.65400000e+04,3.64240934e-06
5.65500000e+04,3.64234756e-06
5.65600000e+04,3.64229943e-06
5.65700000e+04,3.64224636e-06
5.65800000e+04,3.64218468e-06
5.65900000e+04,3.64215164e-06
5.66000000e+04,3.64209394e-06
5.66100000e+04,3.64206197e-06
5.66200000e+04,3.64199386e-06
5.66300000e+04,3.64194507e-06
5.66400000e+04,3.64190482e-06
5.66500000e+04,3.64183504e-06
5.66600000e+04,3.64177482e-06
5.66700000e+04,3.64175534e-06
5.66800000e+04,3.64171978e-06
5.66900000e+04,3.64167230e-06
5.67000000e+04,3.64164179e-06
5.67100000e+04,3.64158248e-06
5.67200000e+04,3.64153484e-06
5.67300000e+04,3.64148569e-06
5.67400000e+04,3.64145080e-06
5.67500000e+04,3.64141902e-06
5.67600000e+04,3.64135565e-06
5.67700000e+04,3.64132774e-06
5.67800000e+04,3.64127632e-06
5.67900000e+04,3.64126007e-06
5.68000000e+04,3.64121355e-06
5.68100000e+04,3.64115386e-06
5.68200000e+04,3.64113311e-06
5.68300000e+04,3.64105845e-06
5.68400000e+04,3.64104755e-06
5.68500000e+04,3.64101138e-06
5.68600000e+04,3.64096127e-06
5.68700000e+04,3.64091827e-06
5.68800000e+04,3.64088357e-06
5.68900000e+04,3.64084104e-06
5.69000000e+04,3.64079867e-06
5.69100000e+04,3.64077077e-06
5.69200000e+04,3.64074508e-06
5.69300000e+04,3.64071268e-06
5.69400000e+04,3.64066256e-06
5.69500000e+04,3.64064259e-06
5.69600000e+04,3.64060047e-06
5.69700000e+04,3.64056934e-06
5.69800000e+04,3.64052617e-06
5.69900000e+04,3.64048450e-06
5.70000000e+04,3.64045919e-06
5.70100000e+04,3.64039998e-06
5.70200000e+04,3.64036649e-06
5.70300000e+04,3.64034391e-06
5.70400000e+04,3.64031308e-06
5.70500000e+04,3.64027792e-06
5.70600000e+04,3.64025348e-06
5.70700000e+04,3.64021642e-06
5.70800000e+04,3.64020598e-06
5.70900000e+04,3.64015303e-06
5.71000000e+04,3.64013292e-06
5.71100000e+04,3.64010718e-06
5.71200000e+04,3.64005357e-06
5.71300000e+04,3.64000726e-06
5.71400000e+04,3.63999643e-06
5.71500000e+04,3.63998047e-06
5.71600000e+04,3.63994636e-06
5.71700000e+04,3.63991690e-06
5.71800000e+04,3.63989187e-06
5.71900000e+04,3.63985467e-06
5.72000000e+04,3.63982337e-06
5.72100000e+04,3.63977381e-06
5.72200000e+04,3.63975911e-06
5.72300000e+04,3.63970194e-06
5.72400000e+04,3.63969580e-06
5.72500000e+04,3.63964136e-06
5.72600000e+04,3.63961606e-06
5.72700000e+04,3.63959160e-06
5.72800000e+04,3.63957432e-06
5.72900000e+04,3.63953220e-06
5.73000000e+04,3.63950977e-06
5.73100000e+04,3.63948693e-06
5.73200000e+04,3.63945658e-06
5.73300000e+04,3.63941061e-06
5.73400000e+04,3.63938324e-06
5.73500000e+04,3.63936972e-06
5.73600000e+04,3.63931942e-06
5.73700000e+04,3.63930837e-06
5.73800000e+04,3.63927107e-06
5.73900000e+04,3.63923877e-06
5.74000000e+04,3.63920835e-06
5.74100000e+04,3.63916915e-06
5.74200000e+04,3.63914900e-06
5.74300000e+04,3.63912768e-06
5.74400000e+04,3.63909847e-06
5.74500000e+04,3.63906631e-06
5.74600000e+04,3.63903468e-06
5.74700000e+04,3.63900494e-06
5.74800000e+04,3.63898637e-06
5.74900000e+04,3.63894181e-06
5.75000000e+04,3.63891268e-06
5.75100000e+04,3.63890722e-06
5.75200000e+04,3.63889590e-06
5.75300000e+04,3.63884424e-06
5.75400000e+04,3.63883514e-06
5.75500000e+04,3.63877088e-06
5.75600000e+04,3.63874487e-06
5.75700000e+04,3.63872725e-06
5.75800000e+04,3.63870362e-06
5.75900000e+04,3.63866136e-06
5.76000000e+04,3.63863711e-06
5.76100000e+04,3.63862331e-06
5.76200000e+04,3.63856990e-06
5.76300000e+04,3.63855908e-06
5.76400000e+04,3.63853444e-06
5.76500000e+04,3.63849568e-06
5.76600000e+04,3.63845211e-06
5.76700000e+04,3.63842223e-06
5.76800000e+04,3.63841165e-06
5.76900000e+04,3.63837059e-06
5.77000000e+04,3.63836295e-06
5.77100000e+04,3.63832469e-06
5.77200000e+04,3.63830985e-06
5.77300000e+04,3.63826522e-06
5.77400000e+04,3.63823460e-06
5.77500000e+04,3.63821256e-06
5.77600000e+04,3.63818584e-06
5.77700000e+04,3.63813922e-06
5.77800000e+04,3.63813242e-06
5.77900000e+04,3.63810378e-06
5.78000000e+04,3.63808549e-06
5.78100000e+04,3.63804783e-06
5.78200000e+04,3.63803088e-06
5.78300000e+04,3.63800302e-06
5.78400000e+04,3.63797895e-06
5.78500000e+04,3.63792610e-06
5.78600000e+04,3.63790799e-06
5.78700000e+04,3.63788824e-06
5.78800000e+04,3.63785932e-06
5.78900000e+04,3.63781913e-06
5.79000000e+04,3.63779184e-06
5.79100000e+04,3.63777270e-06
5.79200000e+04,3.63774483e-06
5.79300000e+04,3.63772525e-06
5.79400000e+04,3.63770932e-06
5.79500000e+04,3.63769192e-06
5.79600000e+04,3.63766306e-06
5.79700000e+04,3.63762198e-06
5.79800000e+04,3.63760843e-06
5.79900000e+04,3.63758507e-06
5.80000000e+04,3.63752602e-06
5.80100000e+04,3.63753142e-06
5.80200000e+04,3.63750292e-06
5.80300000e+04,3.63747403e-06
5.80400000e+04,3.63745543e-06
5.80500000e+04,3.63742540e-06
5.80600000e+04,3.63739438e-06
5.80700000e+04,3.63735840e-06
5.80800000e+04,3.63736078e-06
5.80900000e+04,3.63732893e-06
5.81000000e+04,3.63730055e-06
5.81100000e+04,3.63726970e-06
5.81200000e+04,3.63725272e-06
5.81300000e+04,3.63721628e-06
5.81400000e+04,3.63719712e-06
5.81500000e+04,3.63715852e-06
5.81600000e+04,3.63715540e-06
5.81700000e+04,3.63709748e-06
5.81800000e+04,3.63708098e-06
5.81900000e+04,3.63707759e-06
5.82000000e+04,3.63704939e-06
5.82100000e+04,3.63701470e-06
5.82200000e+04,3.63700867e-06
5.82300000e+04,3.63698434e-06
5.82400000e+04,3.63693674e-06
5.82500000e+04,3.63692469e-06
5.82600000e+04,3.63688929e-06
5.82700000e+04,3.63687782e-06
5.82800000e+04,3.63684566e-06
5.82900000e+04,3.63685053e-06
5.83000000e+04,3.63681618e-06
5.83100000e+04,3.63678492e-06
5.83200000e+04,3.63674224e-06
5.83300000e+04,3.63672700e-06
5.83400000e+04,3.63673565e-06
5.83500000e+04,3.63669603e-06
5.83600000e+04,3.63665800e-06
5.83700000e+04,3.63665551e-06
5.83800000e+04,3.63662662e-06
5.83900000e+04,3.63658201e-06
5.84000000e+04,3.63657002e-06
5.84100000e+04,3.63653932e-06
5.84200000e+04,3.63652084e-06
5.84300000e+04,3.63648350e-06
5.84400000e+04,3.63646183e-06
5.84500000e+04,3.63645577e-06
5.84600000e+04,3.63644256e-06
5.84700000e+04,3.63640834e-06
5.84800000e+04,3.63637199e-06
5.84900000e+04,3.63636769e-06
5.85000000e+04,3.63634934e-06
5.85100000e+04,3.63632049e-06
5.85200000e+04,3.63628731e-06
5.85300000e+04,3.63624525e-06
5.85400000e+04,3.63623100e-06
5.85500000e+04,3.63623791e-06
5.85600000e+04,3.63619058e-06
5.85700000e+04,3.63616199e-06
5.85800000e+04,3.63615854e-06
5.85900000e+04,3.63614409e-06
5.86000000e+04,3.63611557e-06
5.86100000e+04,3.63611230e-06
5.86200000e+04,3.63604158e-06
5.86300000e+04,3.63605460e-06
5.86400000e+04,3.63602560e-06
5.86500000e+04,3.63599353e-06
5.86600000e+04,3.63598132e-06
5.86700000e+04,3.63596767e-06
5.86800000e+04,3.63595032e-06
5.86900000e+04,3.63592063e-06
5.87000000e+04,3.63589751e-06
5.87100000e+04,3.63588870e-06
5.87200000e+04,3.63583388e-06
5.87300000e+04,3.63584030e-06
5.87400000e+04,3.63578981e-06
5.87500000e+04,3.63579500e-06
5.87600000e+04,3.63576062e-06
5.87700000e+04,3.63575240e-06
5.87800000e+04,3.63571859e-06
5.87900000e+04,3.63570715e-06
5.88000000e+04,3.63568911e-06
5.88100000e+04,3.63567307e-06
5.88200000e+04,3.63563826e-06
5.88300000e+04,3.63562787e-06
5.88400000e+04,3.63560769e-06
5.88500000e+04,3.63557155e-06
5.88600000e+04,3.63555415e-06
5.88700000e+04,3.63554238e-06
5.88800000e+04,3.63552303e-06
5.88900000e+04,3.63548126e-06
5.89000000e+04,3.63546274e-06
5.89100000e+04,3.63544484e-06
5.89200000e+04,3.63543684e-06
5.89300000e+04,3.63542081e-06
5.89400000e+04,3.63539424e-06
5.89500000e+04,3.63538477e-06
5.89600000e+04,3.63535580e-06
5.89700000e+04,3.63532361e-06
5.89800000e+04,3.63532755e-06
5.89900000e+04,3.63530832e-06
5.90000000e+04,3.63531968e-06
5.90100000e+04,3.63530015e-06
5.90200000e+04,3.63526610e-06
5.90300000e+04,3.63524293e-06
5.90400000e+04,3.63521502e-06
5.90500000e+04,3.63518517e-06
5.90600000e+04,3.63517686e-06
5.90700000e+04,3.63515946e-06
5.90800000e+04,3.63513626e-06
5.90900000e+04,3.63513795e-06
5.91000000e+04,3.63510609e-06
5.91100000e+04,3.63507701e-06
5.91200000e+04,3.63506021e-06
5.91300000e+04,3.63503165e-06
5.91400000e+04,3.63501311e-06
5.91500000e+04,3.63499185e-06
5.91600000e+04,3.63499616e-06
5.91700000e+04,3.63498472e-06
5.91800000e+04,3.63494557e-06
5.91900000e+04,3.63493693e-06
5.92000000e+04,3.63491394e-06
5.92100000e+04,3.63489567e-06
5.92200000e+04,3.63486599e-06
5.92300000e+04,3.63486193e-06
5.92400000e+04,3.63484526e-06
5.92500000e+04,3.63482926e-06
5.92600000e+04,3.63480583e-06
5.92700000e+04,3.63479839e-06
5.92800000e+04,3.63478874e-06
5.92900000e+04,3.63475240e-06
5.93000000e+04,3.63474788e-06
5.93100000e+04,3.63473936e-06
5.93200000e+04,3.63471563e-06
5.93300000e+04,3.63468056e-06
5.93400000e+04,3.63468196e-06
5.93500000e+04,3.63465381e-06
5.93600000e+04,3.63463340e-06
5.93700000e+04,3.63459528e-06
5.93800000e+04,3.63457455e-06
5.93900000e+04,3.63457501e-06
5.94000000e+04,3.63455671e-06
5.94100000e+04,3.63453707e-06
5.94200000e+04,3.63454756e-06
5.94300000e+04,3.63452185e-06
5.94400000e+04,3.63451812e-06
5.94500000e+04,3.63450240e-06
5.94600000e+04,3.63447903e-06
5.94700000e+04,3.63444314e-06
5.94800000e+04,3.63446038e-06
5.94900000e+04,3.63444898e-06
5.95000000e+04,3.63443567e-06
5.95100000e+04,3.63440391e-06
5.95200000e+04,3.63439294e-06
5.95300000e+04,3.63436897e-06
5.95400000e+04,3.63436129e-06
5.95500000e+04,3.63433701e-06
5.95600000e+04,3.63435661e-06
5.95700000e+04,3.63434020e-06
5.95800000e+04,3.63430261e-06
5.95900000e+04,3.63428969e-06
5.96000000e+04,3.63425135e-06
5.96100000e+04,3.63425556e-06
5.96200000e+04,3.63421396e-06
5.96300000e+04,3.63421573e-06
5.96400000e+04,3.63421012e-06
5.96500000e+04,3.63420932e-06
5.96600000e+04,3.63419052e-06
5.96700000e+04,3.63415606e-06
5.96800000e+04,3.63414206e-06
5.96900000e+04,3.63414831e-06
5.97000000e+04,3.63413131e-06
5.97100000e+04,3.63413199e-06
5.97200000e+04,3.63411331e-06
5.97300000e+04,3.63410957e-06
5.97400000e+04,3.63410620e-06
5.97500000e+04,3.63410682e-06
5.97600000e+04,3.63408629e-06
5.97700000e+04,3.63408097e-06
5.97800000e+04,3.63404756e-06
5.97900000e+04,3.63403838e-06
5.98000000e+04,3.63403120e-06
5.98100000e+04,3.63402506e-06
5.98200000e+04,3.63400457e-06
5.98300000e+04,3.63401388e-06
5.98400000e+04,3.63400000e-06
5.98500000e+04,3.63397544e-06
5.98600000e+04,3.63399233e-06
5.98700000e+04,3.63397446e-06
5.98800000e+04,3.63394861e-06
5.98900000e+04,3.63394206e-06
5.99000000e+04,3.63393644e-06
5.99100000e+04,3.63391322e-06
5.99200000e+04,3.63390763e-06
5.99300000e+04,3.63388883e-06
5.99400000e+04,3.63388496e-06
5.99500000e+04,3.63387550e-06
5.99600000e+04,3.63386368e-06
5.99700000e+04,3.63385748e-06
5.99800000e+04,3.63385508e-06
5.99900000e+04,3.63385299e-06
6.00000000e+04,3.63382719e-06
