0.00000000e+00,9.38836906e+00,1.14178587e+01
1.00000000e+01,4.82729866e+00,6.06220726e+00
2.00000000e+01,4.49645854e+00,5.62014749e+00
3.00000000e+01,3.59698100e+00,4.54649332e+00
4.00000000e+01,3.06828059e+00,4.41213223e+00
5.00000000e+01,2.53736244e+00,3.98957870e+00
6.00000000e+01,2.21448833e+00,3.63745454e+00
7.00000000e+01,1.97382327e+00,3.44738682e+00
8.00000000e+01,1.75049172e+00,3.20437370e+00
9.00000000e+01,1.56287642e+00,2.95507601e+00
1.00000000e+02,1.39656824e+00,2.78109697e+00
1.10000000e+02,1.24275675e+00,2.53382927e+00
1.20000000e+02,1.11142389e+00,2.31593495e+00
1.30000000e+02,1.00928715e+00,2.21626750e+00
1.40000000e+02,9.22124604e-01,2.10320800e+00
1.50000000e+02,8.56843041e-01,1.98962288e+00
1.60000000e+02,8.04427498e-01,1.90851834e+00
1.70000000e+02,7.61050316e-01,1.81097716e+00
1.80000000e+02,7.23051335e-01,1.74026325e+00
1.90000000e+02,6.93301163e-01,1.65787489e+00
2.00000000e+02,6.60825530e-01,1.59280876e+00
2.10000000e+02,6.33095437e-01,1.52454588e+00
2.20000000e+02,6.11288793e-01,1.45905063e+00
2.30000000e+02,5.92254016e-01,1.42249315e+00
2.40000000e+02,5.65874503e-01,1.36321685e+00
2.50000000e+02,5.41633356e-01,1.31649320e+00
2.60000000e+02,5.18547849e-01,1.27052675e+00
2.70000000e+02,4.97585712e-01,1.22596692e+00
2.80000000e+02,4.77112074e-01,1.18931708e+00
2.90000000e+02,4.60525907e-01,1.16469412e+00
3.00000000e+02,4.39551861e-01,1.12883116e+00
3.10000000e+02,4.50887746e-01,1.09280128e+00
3.20000000e+02,4.06878291e-01,1.06967198e+00
3.30000000e+02,3.86635442e-01,1.04357651e+00
3.40000000e+02,3.69098454e-01,1.01752307e+00
3.50000000e+02,3.53269011e-01,9.95938786e-01
3.60000000e+02,3.38341517e-01,9.73979408e-01
3.70000000e+02,3.23558860e-01,9.76879427e-01
3.80000000e+02,3.09314474e-01,9.75747345e-01
3.90000000e+02,2.95643068e-01,9.27938438e-01
4.00000000e+02,2.83205741e-01,9.12034419e-01
4.10000000e+02,2.90457102e-01,9.00211481e-01
4.20000000e+02,2.75310565e-01,8.83580142e-01
4.30000000e+02,2.46704326e-01,8.71675780e-01
4.40000000e+02,2.33510324e-01,8.58358553e-01
4.50000000e+02,2.23740477e-01,8.45877646e-01
4.60000000e+02,2.13009516e-01,8.34251374e-01
4.70000000e+02,2.03734706e-01,8.22422393e-01
4.80000000e+02,1.94806085e-01,8.11062655e-01
4.90000000e+02,1.86571724e-01,7.99859283e-01
5.00000000e+02,1.98684198e-01,7.88836409e-01
5.10000000e+02,1.81203110e-01,7.78497447e-01
5.20000000e+02,1.62009147e-01,7.67560426e-01
5.30000000e+02,1.54752264e-01,7.56746849e-01
5.40000000e+02,1.46512566e-01,7.66030650e-01
5.50000000e+02,1.39374093e-01,7.60914978e-01
5.60000000e+02,1.33165473e-01,7.30241871e-01
5.70000000e+02,1.27413776e-01,7.25043497e-01
5.80000000e+02,1.22071601e-01,7.14240169e-01
5.90000000e+02,1.17168185e-01,7.05527973e-01
6.00000000e+02,1.12532083e-01,6.96940835e-01
6.10000000e+02,1.08220628e-01,6.87030055e-01
6.20000000e+02,1.04331644e-01,6.78226418e-01
6.30000000e+02,1.24025804e-01,6.69261013e-01
6.40000000e+02,1.00540772e-01,6.60542454e-01
6.50000000e+02,9.52306001e-02,6.51768720e-01
6.60000000e+02,9.23510343e-02,6.43145156e-01
6.70000000e+02,8.85439403e-02,6.34603258e-01
6.80000000e+02,8.60805928e-02,6.26118161e-01
6.90000000e+02,8.34787835e-02,6.17717463e-01
7.00000000e+02,8.21752679e-02,6.09376589e-01
7.10000000e+02,1.15718252e-01,6.01127015e-01
7.20000000e+02,8.44184684e-02,5.92742346e-01
7.30000000e+02,7.77690241e-02,5.84442363e-01
7.40000000e+02,7.44299206e-02,6.03319606e-01
7.50000000e+02,7.22038754e-02,5.90454470e-01
7.60000000e+02,7.03501069e-02,5.63610511e-01
7.70000000e+02,6.87194831e-02,5.60264295e-01
7.80000000e+02,6.70953391e-02,5.50927947e-01
7.90000000e+02,6.55179417e-02,5.43616985e-01
8.00000000e+02,6.39916789e-02,5.36760741e-01
8.10000000e+02,6.25142030e-02,5.29137028e-01
8.20000000e+02,6.11142827e-02,5.22058665e-01
8.30000000e+02,5.97654482e-02,5.15097093e-01
8.40000000e+02,5.84589364e-02,5.08097212e-01
8.50000000e+02,5.71962113e-02,5.01247948e-01
8.60000000e+02,5.59757762e-02,4.94423254e-01
8.70000000e+02,5.47954219e-02,4.87675481e-01
8.80000000e+02,5.51407000e-02,4.80976433e-01
8.90000000e+02,5.62655332e-02,4.74331412e-01
9.00000000e+02,5.82613290e-02,4.67732132e-01
9.10000000e+02,7.44749178e-02,4.60862455e-01
9.20000000e+02,6.23812652e-02,4.54249339e-01
9.30000000e+02,6.10805833e-02,4.47638404e-01
9.40000000e+02,5.34130560e-02,4.41087676e-01
9.50000000e+02,4.95783355e-02,4.34992570e-01
9.60000000e+02,4.83306015e-02,4.42306466e-01
9.70000000e+02,4.76538659e-02,4.39071769e-01
9.80000000e+02,4.68082137e-02,4.19408383e-01
9.90000000e+02,4.59934577e-02,4.16016899e-01
1.00000000e+03,4.52497170e-02,4.09146312e-01
1.01000000e+03,4.44690399e-02,4.01969674e-01
1.02000000e+03,4.37535419e-02,3.96073798e-01
1.03000000e+03,4.30579824e-02,3.90045418e-01
1.04000000e+03,4.23854597e-02,3.84225712e-01
1.05000000e+03,4.17263798e-02,3.78615793e-01
1.06000000e+03,4.10832370e-02,3.73027128e-01
1.07000000e+03,4.04542285e-02,3.67564628e-01
1.08000000e+03,3.98392003e-02,3.62150913e-01
1.09000000e+03,3.92372272e-02,3.56810621e-01
1.10000000e+03,3.86483828e-02,3.51539276e-01
1.11000000e+03,3.80298802e-02,3.45896281e-01
1.12000000e+03,3.74586718e-02,3.40696473e-01
1.13000000e+03,3.69036977e-02,3.35462465e-01
1.14000000e+03,3.63684793e-02,3.30329826e-01
1.15000000e+03,3.58450181e-02,3.25261329e-01
1.16000000e+03,3.53340597e-02,3.20259156e-01
1.17000000e+03,3.48344474e-02,3.15320994e-01
1.18000000e+03,3.43454630e-02,3.10445092e-01
1.19000000e+03,3.38666477e-02,3.05633714e-01
1.20000000e+03,3.33979437e-02,3.00883432e-01
1.21000000e+03,3.29065816e-02,2.95767580e-01
1.22000000e+03,3.24485982e-02,2.91123306e-01
1.23000000e+03,3.20429567e-02,2.86798727e-01
1.24000000e+03,3.52622347e-02,2.99227290e-01
1.25000000e+03,3.28061229e-02,2.85058828e-01
1.26000000e+03,3.22860916e-02,2.77889427e-01
1.27000000e+03,3.18695244e-02,2.73461728e-01
1.28000000e+03,3.04550495e-02,2.68240660e-01
1.29000000e+03,2.96820254e-02,2.64369285e-01
1.30000000e+03,2.93820676e-02,2.60498024e-01
1.31000000e+03,2.89753768e-02,2.56162727e-01
1.32000000e+03,2.86761520e-02,2.52544500e-01
1.33000000e+03,3.12034396e-02,2.48802949e-01
1.34000000e+03,2.80139549e-02,2.45189041e-01
1.35000000e+03,2.90790568e-02,2.41646158e-01
1.36000000e+03,2.79311154e-02,2.38162766e-01
1.37000000e+03,2.69531979e-02,2.34740390e-01
1.38000000e+03,2.66906442e-02,2.31372244e-01
1.39000000e+03,2.63801939e-02,2.28065736e-01
1.40000000e+03,2.60351578e-02,2.24809161e-01
1.41000000e+03,2.57112573e-02,2.21295452e-01
1.42000000e+03,2.54084781e-02,2.18144091e-01
1.43000000e+03,2.51218308e-02,2.14965552e-01
1.44000000e+03,2.48648034e-02,2.11870826e-01
1.45000000e+03,2.68389898e-02,2.08838676e-01
1.46000000e+03,2.51165793e-02,2.05861057e-01
1.47000000e+03,2.90674879e-02,2.02942764e-01
1.48000000e+03,2.53406868e-02,2.00088772e-01
1.49000000e+03,2.36827503e-02,2.01250107e-01
1.50000000e+03,2.34113737e-02,2.21293665e-01
1.51000000e+03,3.26371814e-02,1.95977978e-01
1.52000000e+03,3.23292002e-02,1.89772173e-01
1.53000000e+03,3.20291991e-02,1.83288116e-01
1.54000000e+03,2.76604151e-02,1.79284833e-01
1.55000000e+03,2.35080176e-02,1.75549152e-01
1.56000000e+03,2.28319004e-02,1.72368590e-01
1.57000000e+03,2.23916029e-02,1.69172508e-01
1.58000000e+03,2.20533431e-02,1.66247581e-01
1.59000000e+03,2.18037732e-02,1.63433155e-01
1.60000000e+03,2.16019207e-02,1.60681531e-01
1.61000000e+03,2.14010918e-02,1.57895674e-01
1.62000000e+03,2.12142756e-02,1.55310096e-01
1.63000000e+03,2.10380870e-02,1.52768895e-01
1.64000000e+03,2.08667876e-02,1.50323196e-01
1.65000000e+03,2.06982103e-02,1.47949222e-01
1.66000000e+03,2.05323132e-02,1.45645721e-01
1.67000000e+03,2.03685741e-02,1.43407271e-01
1.68000000e+03,2.02067962e-02,1.41230485e-01
1.69000000e+03,2.00470187e-02,1.39113367e-01
1.70000000e+03,1.98890768e-02,1.37052738e-01
1.71000000e+03,1.97188900e-02,1.34961446e-01
1.72000000e+03,1.95552366e-02,1.32994580e-01
1.73000000e+03,1.94000956e-02,1.31056863e-01
1.74000000e+03,1.92488336e-02,1.29180679e-01
1.75000000e+03,1.90998104e-02,1.27350640e-01
1.76000000e+03,1.89528621e-02,1.25586871e-01
1.77000000e+03,1.88076877e-02,1.32127712e-01
1.78000000e+03,1.86642479e-02,1.36186942e-01
1.79000000e+03,1.85224535e-02,1.22828246e-01
1.80000000e+03,1.83822804e-02,1.20821556e-01
1.81000000e+03,1.82322851e-02,1.18293365e-01
1.82000000e+03,1.80875275e-02,1.16791922e-01
1.83000000e+03,1.79501476e-02,1.15014406e-01
1.84000000e+03,1.78156720e-02,1.13607988e-01
1.85000000e+03,1.76834373e-02,1.12148726e-01
1.86000000e+03,1.75527612e-02,1.10767853e-01
1.87000000e+03,1.74236706e-02,1.09413499e-01
1.88000000e+03,1.72960064e-02,1.08088377e-01
1.89000000e+03,1.71697977e-02,1.06792765e-01
1.90000000e+03,1.70449532e-02,1.05525681e-01
1.91000000e+03,1.69124657e-02,1.04280976e-01
1.92000000e+03,1.67840405e-02,1.03063094e-01
1.93000000e+03,1.66620756e-02,1.01865926e-01
1.94000000e+03,1.65422603e-02,1.00689774e-01
1.95000000e+03,1.64244272e-02,9.95352578e-02
1.96000000e+03,1.63082549e-02,9.84013365e-02
1.97000000e+03,1.62245365e-02,9.72869348e-02
1.98000000e+03,1.99797141e-02,9.61923079e-02
1.99000000e+03,1.84267987e-02,9.51159352e-02
2.00000000e+03,1.69653231e-02,9.40576061e-02
2.01000000e+03,2.18017059e-02,9.30360334e-02
2.02000000e+03,2.16484508e-02,9.20176228e-02
2.03000000e+03,2.14999272e-02,9.10150037e-02
2.04000000e+03,1.68305863e-02,9.00248708e-02
2.05000000e+03,1.64736482e-02,8.91396358e-02
2.06000000e+03,1.61829280e-02,1.12506549e-01
2.07000000e+03,1.55642866e-02,9.18618098e-02
2.08000000e+03,1.54643175e-02,8.87310891e-02
2.09000000e+03,1.53666880e-02,8.70081835e-02
2.10000000e+03,1.52674071e-02,8.55689865e-02
2.11000000e+03,1.51628999e-02,8.43246496e-02
2.12000000e+03,1.50645193e-02,8.34255805e-02
2.13000000e+03,1.49684318e-02,8.26118402e-02
2.14000000e+03,1.48765738e-02,8.18182863e-02
2.15000000e+03,1.47863470e-02,8.10407816e-02
2.16000000e+03,1.46975814e-02,8.02734205e-02
2.17000000e+03,1.46092514e-02,7.95224244e-02
2.18000000e+03,1.45213526e-02,7.87836223e-02
2.19000000e+03,1.44339485e-02,7.80552820e-02
2.20000000e+03,1.43470714e-02,7.73373515e-02
2.21000000e+03,1.42460551e-02,7.66705482e-02
2.22000000e+03,1.41503075e-02,7.59828947e-02
2.23000000e+03,1.40613564e-02,7.53085684e-02
2.24000000e+03,1.39746394e-02,7.46364227e-02
2.25000000e+03,1.38890893e-02,7.39738162e-02
2.26000000e+03,1.38046895e-02,7.33190195e-02
2.27000000e+03,1.37211913e-02,7.26726935e-02
2.28000000e+03,1.36383520e-02,7.20345743e-02
2.29000000e+03,1.35563304e-02,7.14043228e-02
2.30000000e+03,1.34749676e-02,7.07817452e-02
2.31000000e+03,1.33822805e-02,7.02121538e-02
2.32000000e+03,1.32941183e-02,6.96166308e-02
2.33000000e+03,1.32119357e-02,6.90328624e-02
2.34000000e+03,1.31314937e-02,6.84500285e-02
2.35000000e+03,1.30523106e-02,6.78746252e-02
2.36000000e+03,1.29741694e-02,6.73055997e-02
2.37000000e+03,1.28969397e-02,6.67436178e-02
2.38000000e+03,1.28203862e-02,6.61882709e-02
2.39000000e+03,1.27446146e-02,6.56393353e-02
2.40000000e+03,1.26694825e-02,6.50989537e-02
2.41000000e+03,1.25853466e-02,1.36163438e-01
2.42000000e+03,1.25049504e-02,8.57239475e-02
2.43000000e+03,1.24297074e-02,6.35432226e-02
2.44000000e+03,1.23557889e-02,6.30329027e-02
2.45000000e+03,1.22830725e-02,6.25343952e-02
2.46000000e+03,1.22112750e-02,6.25092399e-02
2.47000000e+03,1.21402815e-02,7.26264168e-02
2.48000000e+03,1.20699311e-02,6.19193400e-02
2.49000000e+03,1.20003203e-02,6.22136303e-02
2.50000000e+03,1.19327296e-02,6.04105322e-02
2.51000000e+03,1.18888714e-02,5.99638127e-02
2.52000000e+03,1.27727504e-02,5.94577343e-02
2.53000000e+03,1.59052740e-02,5.90008866e-02
2.54000000e+03,1.23851619e-02,5.85668132e-02
2.55000000e+03,1.16916343e-02,5.81440867e-02
2.56000000e+03,1.17977842e-02,5.77230011e-02
2.57000000e+03,1.15635822e-02,5.73107409e-02
2.58000000e+03,1.14259227e-02,5.69024926e-02
2.59000000e+03,1.13469396e-02,5.64995026e-02
2.60000000e+03,1.12843454e-02,5.61009987e-02
2.61000000e+03,1.12491328e-02,5.57549227e-02
2.62000000e+03,1.51897940e-02,5.53774228e-02
2.63000000e+03,1.51150237e-02,5.50086067e-02
2.64000000e+03,1.43453197e-02,5.46387180e-02
2.65000000e+03,1.21607332e-02,5.42726463e-02
2.66000000e+03,1.13322863e-02,5.39096131e-02
2.67000000e+03,1.10199236e-02,5.35506305e-02
2.68000000e+03,1.08809782e-02,5.31947116e-02
2.69000000e+03,1.07890993e-02,5.28420783e-02
2.70000000e+03,1.07220045e-02,5.24928711e-02
2.71000000e+03,1.06644452e-02,1.34865291e-01
2.72000000e+03,1.06091780e-02,5.45748472e-02
2.73000000e+03,1.05564979e-02,5.15404606e-02
2.74000000e+03,1.05042654e-02,5.12154263e-02
2.75000000e+03,1.04527737e-02,5.08932075e-02
2.76000000e+03,1.04016687e-02,5.05746720e-02
2.77000000e+03,1.03509274e-02,5.04407830e-02
2.78000000e+03,1.03005548e-02,6.64065529e-02
2.79000000e+03,1.02506195e-02,5.32711166e-02
2.80000000e+03,1.02026306e-02,5.11840024e-02
2.81000000e+03,1.01515538e-02,1.19965406e-01
2.82000000e+03,1.00993885e-02,8.01700106e-02
2.83000000e+03,1.00506412e-02,4.79366494e-02
2.84000000e+03,1.00021765e-02,4.74399864e-02
2.85000000e+03,9.95425307e-03,4.69846685e-02
2.86000000e+03,9.90807699e-03,4.65614224e-02
2.87000000e+03,9.98236815e-03,4.61524203e-02
2.88000000e+03,1.34500085e-02,4.57567162e-02
2.89000000e+03,1.33811370e-02,4.53706552e-02
2.90000000e+03,1.02937836e-02,4.49917984e-02
2.91000000e+03,1.32571918e-02,7.23309802e-02
2.92000000e+03,1.31968536e-02,1.37211070e-01
2.93000000e+03,1.31372611e-02,4.39555944e-02
2.94000000e+03,1.30784155e-02,4.36171046e-02
2.95000000e+03,1.30198525e-02,4.32832998e-02
2.96000000e+03,1.07077941e-02,4.29546920e-02
2.97000000e+03,1.04347827e-02,4.26305201e-02
2.98000000e+03,1.02231806e-02,4.23107277e-02
2.99000000e+03,9.93924128e-03,4.19951895e-02
3.00000000e+03,9.89915017e-03,4.16838069e-02
3.01000000e+03,9.83158435e-03,4.14080561e-02
3.02000000e+03,9.78522154e-03,4.11159602e-02
3.03000000e+03,9.74860453e-03,4.08303367e-02
3.04000000e+03,9.71356803e-03,4.05479189e-02
3.05000000e+03,9.68011889e-03,4.02922630e-02
3.06000000e+03,9.64864006e-03,4.20961352e-02
3.07000000e+03,9.61758036e-03,4.02384155e-02
3.08000000e+03,9.58741597e-03,4.18554230e-02
3.09000000e+03,9.55771835e-03,3.95014588e-02
3.10000000e+03,9.52841877e-03,3.91937556e-02
3.11000000e+03,9.49466931e-03,6.26895878e-02
3.12000000e+03,9.46218084e-03,3.95013954e-02
3.13000000e+03,9.43158988e-03,3.83089156e-02
3.14000000e+03,9.40231835e-03,3.80717191e-02
3.15000000e+03,9.37326760e-03,3.78363638e-02
3.16000000e+03,9.34463355e-03,3.76057246e-02
3.17000000e+03,9.31633770e-03,3.73787528e-02
3.18000000e+03,9.28826584e-03,3.71539263e-02
3.19000000e+03,9.26037175e-03,3.69311287e-02
3.20000000e+03,9.23263372e-03,3.67105920e-02
3.21000000e+03,9.20097454e-03,3.65227860e-02
3.22000000e+03,9.17031584e-03,3.63157837e-02
3.23000000e+03,9.14127928e-03,3.61133717e-02
3.24000000e+03,9.11337846e-03,3.59113194e-02
3.25000000e+03,9.08558663e-03,3.57103898e-02
3.26000000e+03,9.05824234e-03,3.55113227e-02
3.27000000e+03,9.03110015e-03,3.53136120e-02
3.28000000e+03,9.00420701e-03,3.51171949e-02
3.29000000e+03,8.97744251e-03,3.49223046e-02
3.30000000e+03,8.95083587e-03,3.47288497e-02
3.31000000e+03,8.92096831e-03,3.45669314e-02
3.32000000e+03,8.89189557e-03,4.94522934e-02
3.33000000e+03,8.86426376e-03,3.42076648e-02
3.34000000e+03,8.83756015e-03,3.40295775e-02
3.35000000e+03,8.81098777e-03,3.38522066e-02
3.36000000e+03,8.78477468e-03,3.36763117e-02
3.37000000e+03,8.75879740e-03,3.35018926e-02
3.38000000e+03,8.73297440e-03,3.33454354e-02
3.39000000e+03,8.70730418e-03,3.46291000e-02
3.40000000e+03,8.68173587e-03,3.36935719e-02
3.41000000e+03,8.65363279e-03,2.17379738e-01
3.42000000e+03,8.62607779e-03,1.19658048e-01
3.43000000e+03,8.59980904e-03,4.03452769e-02
3.44000000e+03,8.57428314e-03,3.28799617e-02
3.45000000e+03,8.54885388e-03,3.24459140e-02
3.46000000e+03,8.52379212e-03,3.20365581e-02
3.47000000e+03,8.49889380e-03,3.18062242e-02
3.48000000e+03,8.47416978e-03,3.15624794e-02
3.49000000e+03,8.44953621e-03,3.13857166e-02
3.50000000e+03,8.42504529e-03,3.11998103e-02
3.51000000e+03,8.39859252e-03,3.10408056e-02
3.52000000e+03,8.37250351e-03,3.08737332e-02
3.53000000e+03,8.34750215e-03,3.07101405e-02
3.54000000e+03,8.32313228e-03,3.05481415e-02
3.55000000e+03,8.29884039e-03,3.03874972e-02
3.56000000e+03,8.27488255e-03,3.02280992e-02
3.57000000e+03,8.25103947e-03,3.00698702e-02
3.58000000e+03,8.22736479e-03,2.99129299e-02
3.59000000e+03,8.20379019e-03,2.97570104e-02
3.60000000e+03,8.18034158e-03,2.96023109e-02
3.61000000e+03,8.15545391e-03,2.94660340e-02
3.62000000e+03,8.13075341e-03,2.93189208e-02
3.63000000e+03,8.10700328e-03,2.91760034e-02
3.64000000e+03,8.08373319e-03,2.90339443e-02
3.65000000e+03,8.06053430e-03,2.88919540e-02
3.66000000e+03,8.03762650e-03,2.87512703e-02
3.67000000e+03,8.01485877e-03,2.86112243e-02
3.68000000e+03,7.99220211e-03,2.84719919e-02
3.69000000e+03,7.96963004e-03,2.83335916e-02
3.70000000e+03,7.94715682e-03,2.81960296e-02
3.71000000e+03,7.92378567e-03,2.80770446e-02
3.72000000e+03,7.90038002e-03,2.79461341e-02
3.73000000e+03,7.87782839e-03,2.78190282e-02
3.74000000e+03,7.85558815e-03,2.76922372e-02
3.75000000e+03,7.83346604e-03,2.75654619e-02
3.76000000e+03,7.81160478e-03,2.74395694e-02
3.77000000e+03,7.78982221e-03,2.73142584e-02
3.78000000e+03,7.76815848e-03,2.71894322e-02
3.79000000e+03,7.74656830e-03,2.70652522e-02
3.80000000e+03,7.72507407e-03,2.69416723e-02
3.81000000e+03,7.70308149e-03,2.68369876e-02
3.82000000e+03,7.68092992e-03,2.67197033e-02
3.83000000e+03,7.65949927e-03,2.66072354e-02
3.84000000e+03,7.63826736e-03,2.65279995e-02
3.85000000e+03,7.61715029e-03,2.86045243e-02
3.86000000e+03,7.59625385e-03,2.66332921e-02
3.87000000e+03,7.57543959e-03,2.78413135e-02
3.88000000e+03,7.55472273e-03,2.61711145e-02
3.89000000e+03,7.53407388e-03,2.61241716e-02
3.90000000e+03,7.51350015e-03,2.58852748e-02
3.91000000e+03,7.49282539e-03,2.57783687e-02
3.92000000e+03,7.47184985e-03,2.56677062e-02
3.93000000e+03,7.45147216e-03,2.55676310e-02
3.94000000e+03,7.43120987e-03,2.54665166e-02
3.95000000e+03,7.41105939e-03,2.53657653e-02
3.96000000e+03,7.39108898e-03,2.52659932e-02
3.97000000e+03,7.37121074e-03,2.51671058e-02
3.98000000e+03,7.35140569e-03,2.50687224e-02
3.99000000e+03,7.33164593e-03,2.49709738e-02
4.00000000e+03,7.31195808e-03,2.48736850e-02
4.01000000e+03,7.29249706e-03,2.47950062e-02
4.02000000e+03,7.27262151e-03,2.47033479e-02
4.03000000e+03,7.25325190e-03,2.46140608e-02
4.04000000e+03,7.23390050e-03,2.45246566e-02
4.05000000e+03,7.21465402e-03,2.44349140e-02
4.06000000e+03,7.19559750e-03,2.43456642e-02
4.07000000e+03,7.17658513e-03,2.42566510e-02
4.08000000e+03,7.15763454e-03,2.41678178e-02
4.09000000e+03,7.13873285e-03,2.40791558e-02
4.10000000e+03,7.11989343e-03,2.39909368e-02
4.11000000e+03,7.10156593e-03,2.39211562e-02
4.12000000e+03,7.08272154e-03,2.38379878e-02
4.13000000e+03,7.06429093e-03,2.37569901e-02
4.14000000e+03,7.04581401e-03,2.36755075e-02
4.15000000e+03,7.02744815e-03,2.35936943e-02
4.16000000e+03,7.00922437e-03,2.35122856e-02
4.17000000e+03,6.99104019e-03,2.34310707e-02
4.18000000e+03,6.97291910e-03,2.33497436e-02
4.19000000e+03,6.95485195e-03,2.32687123e-02
4.20000000e+03,6.93680905e-03,2.31878389e-02
4.21000000e+03,6.91954239e-03,2.92647752e-02
4.22000000e+03,6.90166782e-03,2.30496088e-02
4.23000000e+03,6.88412305e-03,2.29756468e-02
4.24000000e+03,6.86646393e-03,2.29010283e-02
4.25000000e+03,6.84893086e-03,2.28260327e-02
4.26000000e+03,6.83151814e-03,2.27513633e-02
4.27000000e+03,6.81411989e-03,2.26767494e-02
4.28000000e+03,6.79677715e-03,2.26020809e-02
4.29000000e+03,6.77946954e-03,2.25275916e-02
4.30000000e+03,6.76220666e-03,2.24532994e-02
4.31000000e+03,6.74593337e-03,2.23984013e-02
4.32000000e+03,6.72895265e-03,2.23421865e-02
4.33000000e+03,6.71224532e-03,2.29947482e-02
4.34000000e+03,6.69537124e-03,2.50700391e-02
4.35000000e+03,6.67863306e-03,2.27546799e-02
4.36000000e+03,6.66195866e-03,2.24640459e-02
4.37000000e+03,6.64531605e-03,2.21328662e-02
4.38000000e+03,6.62872729e-03,2.20280777e-02
4.39000000e+03,6.61215658e-03,2.19090888e-02
4.40000000e+03,6.59560917e-03,2.18311686e-02
4.41000000e+03,6.58026306e-03,7.54770160e-02
4.42000000e+03,6.56413638e-03,2.17017748e-02
4.43000000e+03,6.54821158e-03,2.16379389e-02
4.44000000e+03,6.53207648e-03,2.15746514e-02
4.45000000e+03,6.51605483e-03,2.15119007e-02
4.46000000e+03,6.50011971e-03,2.14490212e-02
4.47000000e+03,6.48418807e-03,2.13863141e-02
4.48000000e+03,6.46830321e-03,2.13238575e-02
4.49000000e+03,6.45242640e-03,2.12614397e-02
4.50000000e+03,6.43657662e-03,2.11992168e-02
4.51000000e+03,6.42207524e-03,4.16990737e-02
4.52000000e+03,6.40676527e-03,2.10972248e-02
4.53000000e+03,6.39157421e-03,2.10409964e-02
4.54000000e+03,6.37613468e-03,2.09839343e-02
4.55000000e+03,6.36083771e-03,2.09265011e-02
4.56000000e+03,6.34556590e-03,2.08691794e-02
4.57000000e+03,6.33031169e-03,2.08118961e-02
4.58000000e+03,6.31508704e-03,2.07544732e-02
4.59000000e+03,6.29986674e-03,2.06970608e-02
4.60000000e+03,6.28468345e-03,2.06397343e-02
4.61000000e+03,6.27096325e-03,2.06001715e-02
4.62000000e+03,6.25641712e-03,2.05472938e-02
4.63000000e+03,6.24206981e-03,2.04955980e-02
4.64000000e+03,6.23516945e-03,2.04429194e-02
4.65000000e+03,7.04737564e-03,2.03898880e-02
4.66000000e+03,6.27939584e-03,2.03370995e-02
4.67000000e+03,6.89366157e-03,2.02884715e-02
4.68000000e+03,6.33599728e-03,2.04566527e-02
4.69000000e+03,6.16372871e-03,2.21525783e-02
4.70000000e+03,6.17739311e-03,2.01711811e-02
4.71000000e+03,6.13065972e-03,2.48756524e-02
4.72000000e+03,6.11567346e-03,2.29936488e-02
4.73000000e+03,6.10106645e-03,2.07469679e-02
4.74000000e+03,6.08587338e-03,2.00415223e-02
4.75000000e+03,6.07107888e-03,2.00320022e-02
4.76000000e+03,6.05659865e-03,1.98825497e-02
4.77000000e+03,6.04238402e-03,1.98040878e-02
4.78000000e+03,6.02822055e-03,1.97422158e-02
4.79000000e+03,6.01411540e-03,1.96824100e-02
4.80000000e+03,6.00007558e-03,1.96297469e-02
4.81000000e+03,5.98733248e-03,2.02696038e-02
4.82000000e+03,5.97393313e-03,1.95388465e-02
4.83000000e+03,5.96059034e-03,1.94889741e-02
4.84000000e+03,5.94702024e-03,1.94389142e-02
4.85000000e+03,5.93354135e-03,1.93890416e-02
4.86000000e+03,5.92012104e-03,1.93394669e-02
4.87000000e+03,5.90666092e-03,1.92898368e-02
4.88000000e+03,5.89327798e-03,1.92399594e-02
4.89000000e+03,5.87985320e-03,1.91901679e-02
4.90000000e+03,5.86647583e-03,1.91403661e-02
4.91000000e+03,5.85446811e-03,1.91061502e-02
4.92000000e+03,5.84174669e-03,2.29370200e-02
4.93000000e+03,5.82902416e-03,1.90149311e-02
4.94000000e+03,5.81604318e-03,1.89692067e-02
4.95000000e+03,5.80314010e-03,1.89230824e-02
4.96000000e+03,5.79028405e-03,1.88770396e-02
4.97000000e+03,5.77741099e-03,1.88309731e-02
4.98000000e+03,5.76455011e-03,1.87846864e-02
4.99000000e+03,5.75167246e-03,1.87383736e-02
5.00000000e+03,5.73882162e-03,1.86920700e-02
5.01000000e+03,5.72746529e-03,1.86613282e-02
5.02000000e+03,5.71533586e-03,1.86185425e-02
5.03000000e+03,5.70316598e-03,1.85768278e-02
5.04000000e+03,5.69072677e-03,1.85343068e-02
5.05000000e+03,5.67834452e-03,1.84914862e-02
5.06000000e+03,5.66599613e-03,1.84496000e-02
5.07000000e+03,5.65361089e-03,1.84325764e-02
5.08000000e+03,5.64125940e-03,2.03134461e-02
5.09000000e+03,5.62889905e-03,1.92914560e-02
5.10000000e+03,5.61653452e-03,1.88979905e-02
5.11000000e+03,5.60577047e-03,1.83267275e-02
5.12000000e+03,5.59420127e-03,1.82633246e-02
5.13000000e+03,5.58254365e-03,1.81222503e-02
5.14000000e+03,5.57114751e-03,1.80930453e-02
5.15000000e+03,5.57891364e-03,1.80297347e-02
5.16000000e+03,6.16750587e-03,1.79751827e-02
5.17000000e+03,5.54239008e-03,1.79251174e-02
5.18000000e+03,5.74435302e-03,1.78772250e-02
5.19000000e+03,5.66093009e-03,1.78300613e-02
5.20000000e+03,5.50862974e-03,1.77832113e-02
5.21000000e+03,5.49486350e-03,1.77499381e-02
5.22000000e+03,5.48164066e-03,1.77066776e-02
5.23000000e+03,5.46915967e-03,1.76643415e-02
5.24000000e+03,5.45719612e-03,1.76216368e-02
5.25000000e+03,5.44523444e-03,1.75788307e-02
5.26000000e+03,5.43354493e-03,1.75361134e-02
5.27000000e+03,5.42207553e-03,1.74934842e-02
5.28000000e+03,5.41065621e-03,1.74507588e-02
5.29000000e+03,5.39923011e-03,1.74080881e-02
5.30000000e+03,5.38779060e-03,1.73654970e-02
5.31000000e+03,5.37791601e-03,9.68036915e-02
5.32000000e+03,5.36732205e-03,2.96027601e-02
5.33000000e+03,5.35658553e-03,2.78436644e-02
5.34000000e+03,5.34559090e-03,1.97276608e-02
5.35000000e+03,5.33465124e-03,1.71816430e-02
5.36000000e+03,5.32372493e-03,1.71480724e-02
5.37000000e+03,5.31278455e-03,1.73574737e-02
5.38000000e+03,5.30182145e-03,1.84554466e-02
5.39000000e+03,5.29085755e-03,1.70542543e-02
5.40000000e+03,5.27991538e-03,1.71262600e-02
5.41000000e+03,5.27053547e-03,3.71034989e-02
5.42000000e+03,5.26041493e-03,6.98023918e-02
5.43000000e+03,5.25011693e-03,4.58581983e-02
5.44000000e+03,5.23955873e-03,2.65866702e-02
5.45000000e+03,5.22903696e-03,2.09553186e-02
5.46000000e+03,5.21850502e-03,1.80367601e-02
5.47000000e+03,5.20796906e-03,1.76551407e-02
5.48000000e+03,5.19740563e-03,1.74307915e-02
5.49000000e+03,5.18685764e-03,1.72445465e-02
5.50000000e+03,5.17629838e-03,1.71157015e-02
5.51000000e+03,5.16735720e-03,1.70339035e-02
5.52000000e+03,5.15768048e-03,1.69789624e-02
5.53000000e+03,5.14970141e-03,1.69285789e-02
5.54000000e+03,5.27147087e-03,1.68869742e-02
5.55000000e+03,5.50809482e-03,1.68501497e-02
5.56000000e+03,5.34396295e-03,1.68153039e-02
5.57000000e+03,5.34376672e-03,1.67824318e-02
5.58000000e+03,5.13470027e-03,1.67512494e-02
5.59000000e+03,5.11760486e-03,1.67212978e-02
5.60000000e+03,5.08744754e-03,1.66922547e-02
5.61000000e+03,5.07139544e-03,1.66710616e-02
5.62000000e+03,5.06045360e-03,1.66478528e-02
5.63000000e+03,5.05017248e-03,1.66227954e-02
5.64000000e+03,5.04025733e-03,1.65987313e-02
5.65000000e+03,5.03036584e-03,1.65749083e-02
5.66000000e+03,5.02050142e-03,1.65511691e-02
5.67000000e+03,5.01067273e-03,1.65277358e-02
5.68000000e+03,5.00090386e-03,1.65045717e-02
5.69000000e+03,4.99113477e-03,1.64815796e-02
5.70000000e+03,4.98141208e-03,1.64587485e-02
5.71000000e+03,4.97328390e-03,1.64434494e-02
5.72000000e+03,4.96447081e-03,1.64251310e-02
5.73000000e+03,4.95544507e-03,1.64044545e-02
5.74000000e+03,4.94616628e-03,1.63844645e-02
5.75000000e+03,4.93691585e-03,1.63643164e-02
5.76000000e+03,4.92767827e-03,1.63440576e-02
5.77000000e+03,4.91840255e-03,1.63238032e-02
5.78000000e+03,4.90913378e-03,1.63036400e-02
5.79000000e+03,4.89986139e-03,1.62834835e-02
5.80000000e+03,4.89058978e-03,1.62633487e-02
5.81000000e+03,4.88306711e-03,1.62508898e-02
5.82000000e+03,4.87575765e-03,1.62350550e-02
5.83000000e+03,4.89321029e-03,1.62166384e-02
5.84000000e+03,5.13759180e-03,1.61988366e-02
5.85000000e+03,5.03593504e-03,1.61807674e-02
5.86000000e+03,4.97315468e-03,1.61624574e-02
5.87000000e+03,4.85752123e-03,1.61441192e-02
5.88000000e+03,4.82568481e-03,1.61258345e-02
5.89000000e+03,4.81650652e-03,1.61074644e-02
5.90000000e+03,4.80696372e-03,1.60891024e-02
5.91000000e+03,4.79691863e-03,1.60786052e-02
5.92000000e+03,4.78791092e-03,1.60645201e-02
5.93000000e+03,4.77829696e-03,1.60476843e-02
5.94000000e+03,4.76919589e-03,1.60314097e-02
5.95000000e+03,4.76023347e-03,1.60148552e-02
5.96000000e+03,4.75126352e-03,1.59980015e-02
5.97000000e+03,4.74235170e-03,1.59810989e-02
5.98000000e+03,4.73442599e-03,1.59641945e-02
5.99000000e+03,4.75252524e-03,1.59472091e-02
6.00000000e+03,4.93401483e-03,1.59301606e-02
6.01000000e+03,4.92358721e-03,1.98987069e-02
6.02000000e+03,4.93240553e-03,1.59085375e-02
6.03000000e+03,4.98802999e-03,1.58930178e-02
6.04000000e+03,4.75221744e-03,1.58779790e-02
6.05000000e+03,4.64010807e-03,1.58626208e-02
6.06000000e+03,4.61841266e-03,1.58469441e-02
6.07000000e+03,4.59991054e-03,1.58312126e-02
6.08000000e+03,4.58573148e-03,1.58154625e-02
6.09000000e+03,4.57165531e-03,1.57995735e-02
6.10000000e+03,4.55775270e-03,1.57836462e-02
6.11000000e+03,4.54414359e-03,1.57760726e-02
6.12000000e+03,4.53096257e-03,1.67271617e-02
6.13000000e+03,4.51835152e-03,1.57501190e-02
6.14000000e+03,4.50573773e-03,1.57361216e-02
6.15000000e+03,4.49334364e-03,1.57218170e-02
6.16000000e+03,4.48102233e-03,1.57071433e-02
6.17000000e+03,4.46879664e-03,1.56923910e-02
6.18000000e+03,4.45663140e-03,1.56776167e-02
6.19000000e+03,4.44453653e-03,1.56627389e-02
6.20000000e+03,4.43247216e-03,1.56477626e-02
6.21000000e+03,4.42009138e-03,1.56413816e-02
6.22000000e+03,4.40795795e-03,1.56309290e-02
6.23000000e+03,4.39622762e-03,1.56174505e-02
6.24000000e+03,4.38443066e-03,1.56043373e-02
6.25000000e+03,4.37284529e-03,1.55909536e-02
6.26000000e+03,4.36131946e-03,1.55772066e-02
6.27000000e+03,4.34984143e-03,1.55633152e-02
6.28000000e+03,4.33839137e-03,1.55494006e-02
6.29000000e+03,4.32698269e-03,1.55353778e-02
6.30000000e+03,4.31563783e-03,1.55212861e-02
6.31000000e+03,4.30431410e-03,1.55159602e-02
6.32000000e+03,4.30899736e-03,1.55064455e-02
6.33000000e+03,4.60835309e-03,1.54938354e-02
6.34000000e+03,4.59966113e-03,1.54815835e-02
6.35000000e+03,4.33413710e-03,1.54689805e-02
6.36000000e+03,4.37426905e-03,1.54560688e-02
6.37000000e+03,4.27616619e-03,1.54429978e-02
6.38000000e+03,4.23263195e-03,1.54298617e-02
6.39000000e+03,4.22791984e-03,1.54166374e-02
6.40000000e+03,4.21026874e-03,1.54033312e-02
6.41000000e+03,4.20059368e-03,1.53989393e-02
6.42000000e+03,4.18977076e-03,1.53902907e-02
6.43000000e+03,4.17977044e-03,1.53784960e-02
6.44000000e+03,4.16955461e-03,1.53669987e-02
6.45000000e+03,4.15953401e-03,1.53551380e-02
6.46000000e+03,4.14958701e-03,1.53429367e-02
6.47000000e+03,4.13962399e-03,1.53306165e-02
6.48000000e+03,4.12969570e-03,1.53182208e-02
6.49000000e+03,4.11977738e-03,1.53056975e-02
6.50000000e+03,4.10989140e-03,1.52930966e-02
6.51000000e+03,4.10005341e-03,1.52896103e-02
6.52000000e+03,4.09026490e-03,1.52817508e-02
6.53000000e+03,4.08063112e-03,1.52707126e-02
6.54000000e+03,4.07090027e-03,1.52598997e-02
6.55000000e+03,4.06130520e-03,1.52487298e-02
6.56000000e+03,4.05173760e-03,1.52372292e-02
6.57000000e+03,4.04225745e-03,1.52255769e-02
6.58000000e+03,4.03566467e-03,1.52138427e-02
6.59000000e+03,4.18223921e-03,1.52019884e-02
6.60000000e+03,4.38889996e-03,1.51900453e-02
6.61000000e+03,4.05933033e-03,1.51873681e-02
6.62000000e+03,4.08911979e-03,1.51802325e-02
6.63000000e+03,4.05394786e-03,1.51698900e-02
6.64000000e+03,3.97817564e-03,1.51597133e-02
6.65000000e+03,3.96889282e-03,1.51492179e-02
6.66000000e+03,3.95962242e-03,1.51383471e-02
6.67000000e+03,3.94800935e-03,1.51273133e-02
6.68000000e+03,3.93846301e-03,1.51162139e-02
6.69000000e+03,3.92949905e-03,1.51049657e-02
6.70000000e+03,3.92051868e-03,1.50936561e-02
6.71000000e+03,3.91157544e-03,1.50917065e-02
6.72000000e+03,3.90269579e-03,1.50852746e-02
6.73000000e+03,3.89399785e-03,1.50755566e-02
6.74000000e+03,3.88521347e-03,1.50660239e-02
6.75000000e+03,3.87657797e-03,1.50560922e-02
6.76000000e+03,3.86795513e-03,1.50458298e-02
6.77000000e+03,3.85935732e-03,1.50353785e-02
6.78000000e+03,3.85077980e-03,1.50248346e-02
6.79000000e+03,3.84221459e-03,1.50141769e-02
6.80000000e+03,3.83367763e-03,1.50034260e-02
6.81000000e+03,3.82527438e-03,2.68679877e-02
6.82000000e+03,3.81689303e-03,1.49964080e-02
6.83000000e+03,3.80857692e-03,1.49873164e-02
6.84000000e+03,3.80020973e-03,1.49783090e-02
6.85000000e+03,3.79193583e-03,1.49689521e-02
6.86000000e+03,3.78370277e-03,1.49592424e-02
6.87000000e+03,3.77545936e-03,1.49493264e-02
6.88000000e+03,3.76723927e-03,1.49393490e-02
6.89000000e+03,3.75902987e-03,1.49292250e-02
6.90000000e+03,3.75084032e-03,1.49189998e-02
6.91000000e+03,3.74290770e-03,1.49184143e-02
6.92000000e+03,3.73505978e-03,1.49132487e-02
6.93000000e+03,3.73097411e-03,1.49047000e-02
6.94000000e+03,3.88003275e-03,1.48962160e-02
6.95000000e+03,4.12880574e-03,1.48873916e-02
6.96000000e+03,3.76741384e-03,1.48782127e-02
6.97000000e+03,3.73102661e-03,1.48687976e-02
6.98000000e+03,3.73125075e-03,1.48593206e-02
6.99000000e+03,3.68541697e-03,1.48496986e-02
7.00000000e+03,3.67341761e-03,1.48399964e-02
7.01000000e+03,3.66727019e-03,1.48400020e-02
7.02000000e+03,3.65915827e-03,1.48353970e-02
7.03000000e+03,3.65131737e-03,1.48273723e-02
7.04000000e+03,3.64369347e-03,1.48194193e-02
7.05000000e+03,3.63627597e-03,1.48110719e-02
7.06000000e+03,3.62886337e-03,1.48023663e-02
7.07000000e+03,3.62146783e-03,1.47934329e-02
7.08000000e+03,3.61408286e-03,1.47844219e-02
7.09000000e+03,3.60668989e-03,1.47753049e-02
7.10000000e+03,3.59929897e-03,1.47660607e-02
7.11000000e+03,3.59227754e-03,3.99003572e-02
7.12000000e+03,3.58515684e-03,1.56008825e-02
7.13000000e+03,3.57802005e-03,1.47550710e-02
7.14000000e+03,3.57078891e-03,1.47475453e-02
7.15000000e+03,3.56365935e-03,1.47396401e-02
7.16000000e+03,3.55649762e-03,1.47314032e-02
7.17000000e+03,3.54936844e-03,1.47229435e-02
7.18000000e+03,3.54224466e-03,1.47143388e-02
7.19000000e+03,3.53575672e-03,1.47056749e-02
7.20000000e+03,3.56027663e-03,1.46968773e-02
7.21000000e+03,3.93763831e-03,3.87927882e-02
7.22000000e+03,3.92886120e-03,2.96281463e-02
7.23000000e+03,3.92122027e-03,1.46874664e-02
7.24000000e+03,3.91368628e-03,1.46803771e-02
7.25000000e+03,3.90632660e-03,1.46728998e-02
7.26000000e+03,3.64346527e-03,1.46651104e-02
7.27000000e+03,3.55351102e-03,1.46570341e-02
7.28000000e+03,3.52282300e-03,1.46488836e-02
7.29000000e+03,3.51822493e-03,1.46406208e-02
7.30000000e+03,3.51219315e-03,1.46322614e-02
7.31000000e+03,3.50787240e-03,1.46339005e-02
7.32000000e+03,3.50378328e-03,1.46308176e-02
7.33000000e+03,3.49974932e-03,1.46242530e-02
7.34000000e+03,3.49612672e-03,1.46175727e-02
7.35000000e+03,3.49246465e-03,1.46105122e-02
7.36000000e+03,3.48889519e-03,1.46031117e-02
7.37000000e+03,3.48536397e-03,1.45954740e-02
7.38000000e+03,3.48188081e-03,1.45877055e-02
7.39000000e+03,3.47839570e-03,1.45798448e-02
7.40000000e+03,3.47495469e-03,1.45718652e-02
7.41000000e+03,3.47145466e-03,1.45739855e-02
7.42000000e+03,3.46805952e-03,1.45713627e-02
7.43000000e+03,3.46461643e-03,1.45652172e-02
7.44000000e+03,3.46123338e-03,1.45589466e-02
7.45000000e+03,3.45781937e-03,1.45522859e-02
7.46000000e+03,3.45439960e-03,1.45452666e-02
7.47000000e+03,3.45101084e-03,1.45379743e-02
7.48000000e+03,3.44762253e-03,1.45306023e-02
7.49000000e+03,3.44423489e-03,1.45231197e-02
7.50000000e+03,3.44084476e-03,1.45154853e-02
7.51000000e+03,3.43744738e-03,1.45180700e-02
7.52000000e+03,3.43411549e-03,1.45158324e-02
7.53000000e+03,3.43074000e-03,1.45101232e-02
7.54000000e+03,3.42738541e-03,1.45042452e-02
7.55000000e+03,3.42400785e-03,1.44979085e-02
7.56000000e+03,3.42061382e-03,1.44912705e-02
7.57000000e+03,3.41723929e-03,1.44843280e-02
7.58000000e+03,3.41387704e-03,1.44773219e-02
7.59000000e+03,3.41050264e-03,1.44701796e-02
7.60000000e+03,3.40713326e-03,1.44629221e-02
7.61000000e+03,3.40381031e-03,1.44659193e-02
7.62000000e+03,3.40052019e-03,1.44640507e-02
7.63000000e+03,3.39718082e-03,1.44587184e-02
7.64000000e+03,3.39385764e-03,1.44532205e-02
7.65000000e+03,3.39050206e-03,1.44472239e-02
7.66000000e+03,3.38714336e-03,1.44409045e-02
7.67000000e+03,3.38378786e-03,1.44342980e-02
7.68000000e+03,3.38045050e-03,1.44276489e-02
7.69000000e+03,3.37709412e-03,1.44208371e-02
7.70000000e+03,3.37374472e-03,1.44138930e-02
7.71000000e+03,3.37050877e-03,1.44172914e-02
7.72000000e+03,3.36729155e-03,1.44158007e-02
7.73000000e+03,3.36399191e-03,1.44108889e-02
7.74000000e+03,3.36070490e-03,1.44056571e-02
7.75000000e+03,3.35736794e-03,1.44000200e-02
7.76000000e+03,3.35403198e-03,1.43940364e-02
7.77000000e+03,3.35073537e-03,1.43877410e-02
7.78000000e+03,3.34742455e-03,1.43814195e-02
7.79000000e+03,3.34409607e-03,1.43749265e-02
7.80000000e+03,3.34077515e-03,1.43683029e-02
7.81000000e+03,3.33762162e-03,1.43720166e-02
7.82000000e+03,3.33446710e-03,1.43708969e-02
7.83000000e+03,3.33121655e-03,1.43663491e-02
7.84000000e+03,3.32797800e-03,1.43614161e-02
7.85000000e+03,3.32468792e-03,1.43560702e-02
7.86000000e+03,3.32140457e-03,1.43504163e-02
7.87000000e+03,3.31813372e-03,1.43444191e-02
7.88000000e+03,3.31485020e-03,1.43383757e-02
7.89000000e+03,3.31157246e-03,1.43322075e-02
7.90000000e+03,3.30829623e-03,1.43259692e-02
7.91000000e+03,3.30522277e-03,1.43301053e-02
7.92000000e+03,3.30213760e-03,1.43365104e-02
7.93000000e+03,3.29894888e-03,1.47330244e-02
7.94000000e+03,3.29576220e-03,1.44054624e-02
7.95000000e+03,3.29251186e-03,1.46781823e-02
7.96000000e+03,3.28927004e-03,1.43362266e-02
7.97000000e+03,3.28603984e-03,1.43463463e-02
7.98000000e+03,3.28281341e-03,1.43124139e-02
7.99000000e+03,3.27957540e-03,1.43122257e-02
8.00000000e+03,3.27632723e-03,1.42964568e-02
8.01000000e+03,3.27336092e-03,1.42998156e-02
8.02000000e+03,3.27033221e-03,1.43008360e-02
8.03000000e+03,3.26720160e-03,1.42955741e-02
8.04000000e+03,3.26406925e-03,1.42918495e-02
8.05000000e+03,3.26087227e-03,1.42866554e-02
8.06000000e+03,3.25768489e-03,1.42818563e-02
8.07000000e+03,3.25449592e-03,1.42764185e-02
8.08000000e+03,3.25131200e-03,1.42711694e-02
8.09000000e+03,3.24812270e-03,1.42656740e-02
8.10000000e+03,3.24493097e-03,1.42600858e-02
8.11000000e+03,3.24203561e-03,1.42646279e-02
8.12000000e+03,3.23907679e-03,1.42647652e-02
8.13000000e+03,3.23601396e-03,1.42614449e-02
8.14000000e+03,3.23293165e-03,1.42576368e-02
8.15000000e+03,3.22977822e-03,1.42535843e-02
8.16000000e+03,3.22663468e-03,1.42512098e-02
8.17000000e+03,3.22350974e-03,1.43162566e-02
8.18000000e+03,3.22036237e-03,1.56680052e-02
8.19000000e+03,3.21722127e-03,1.43981887e-02
8.20000000e+03,3.21407594e-03,1.43505393e-02
8.21000000e+03,3.21125615e-03,1.41926062e-02
8.22000000e+03,3.20837421e-03,1.41511374e-02
8.23000000e+03,3.20538147e-03,1.41339056e-02
8.24000000e+03,3.20235173e-03,1.41094937e-02
8.25000000e+03,3.19924878e-03,1.40917522e-02
8.26000000e+03,3.19616136e-03,1.40779847e-02
8.27000000e+03,3.19308002e-03,1.40651884e-02
8.28000000e+03,3.18999165e-03,1.40523799e-02
8.29000000e+03,3.18689143e-03,1.40400948e-02
8.30000000e+03,3.18378223e-03,1.40280796e-02
8.31000000e+03,3.18106766e-03,1.40269524e-02
8.32000000e+03,3.17824107e-03,1.40207418e-02
8.33000000e+03,3.17530052e-03,1.40116091e-02
8.34000000e+03,3.17231817e-03,1.40024572e-02
8.35000000e+03,3.16928939e-03,1.39930250e-02
8.36000000e+03,3.16623088e-03,1.39833653e-02
8.37000000e+03,3.16321384e-03,1.39735897e-02
8.38000000e+03,3.16016778e-03,1.39638488e-02
8.39000000e+03,3.15711934e-03,1.39540883e-02
8.40000000e+03,3.15405287e-03,1.39442631e-02
8.41000000e+03,3.15142082e-03,1.39450399e-02
8.42000000e+03,3.14866297e-03,1.39405522e-02
8.43000000e+03,3.14577942e-03,1.39330578e-02
8.44000000e+03,3.14285321e-03,1.39253795e-02
8.45000000e+03,3.13987345e-03,1.39173550e-02
8.46000000e+03,3.13687633e-03,1.39090258e-02
8.47000000e+03,3.13388788e-03,1.39004906e-02
8.48000000e+03,3.13089241e-03,1.38919623e-02
8.49000000e+03,3.12789722e-03,1.38833149e-02
8.50000000e+03,3.12488610e-03,1.38746021e-02
8.51000000e+03,3.12231738e-03,1.46025030e-02
8.52000000e+03,3.11964031e-03,1.38728225e-02
8.53000000e+03,3.11680607e-03,1.38662641e-02
8.54000000e+03,3.11392987e-03,1.38594599e-02
8.55000000e+03,3.11099413e-03,1.38523212e-02
8.56000000e+03,3.10805292e-03,1.38448173e-02
8.57000000e+03,3.10511954e-03,1.38370752e-02
8.58000000e+03,3.10217073e-03,1.38293775e-02
8.59000000e+03,3.09922342e-03,1.38214969e-02
8.60000000e+03,3.09626685e-03,1.38135004e-02
8.61000000e+03,3.09376836e-03,1.38155444e-02
8.62000000e+03,3.09114911e-03,1.38125449e-02
8.63000000e+03,3.08837325e-03,1.38069709e-02
8.64000000e+03,3.08554945e-03,1.38864204e-02
8.65000000e+03,3.08267480e-03,1.44083295e-02
8.66000000e+03,3.07978295e-03,1.38384645e-02
8.67000000e+03,3.07688864e-03,1.38843627e-02
8.68000000e+03,3.07399408e-03,1.37899722e-02
8.69000000e+03,3.07109470e-03,1.37774118e-02
8.70000000e+03,3.06816877e-03,1.37743166e-02
8.71000000e+03,3.06575584e-03,2.12022924e-02
8.72000000e+03,3.06318768e-03,1.37569861e-02
8.73000000e+03,3.06046905e-03,1.37503959e-02
8.74000000e+03,3.05770562e-03,1.37435470e-02
8.75000000e+03,3.05486935e-03,1.37366835e-02
8.76000000e+03,3.05203060e-03,1.37298715e-02
8.77000000e+03,3.04919322e-03,1.37226745e-02
8.78000000e+03,3.04633728e-03,1.37154011e-02
8.79000000e+03,3.04348075e-03,1.37080179e-02
8.80000000e+03,3.04060908e-03,1.37005644e-02
8.81000000e+03,3.03825791e-03,1.56151445e-02
8.82000000e+03,3.03573666e-03,1.37011462e-02
8.83000000e+03,3.03309888e-03,1.36958568e-02
8.84000000e+03,3.03036458e-03,1.36902331e-02
8.85000000e+03,3.02758226e-03,1.36842544e-02
8.86000000e+03,3.02479561e-03,1.36779802e-02
8.87000000e+03,3.02200397e-03,1.36713872e-02
8.88000000e+03,3.01918588e-03,1.36648005e-02
8.89000000e+03,3.01638402e-03,1.36581203e-02
8.90000000e+03,3.01355373e-03,1.36512877e-02
8.91000000e+03,3.01127041e-03,1.69989692e-02
8.92000000e+03,3.00880857e-03,1.36528804e-02
8.93000000e+03,3.00621049e-03,1.36481499e-02
8.94000000e+03,3.00353514e-03,1.36429800e-02
8.95000000e+03,3.00078718e-03,1.36375084e-02
8.96000000e+03,2.99805040e-03,1.36316792e-02
8.97000000e+03,2.99530032e-03,1.36255794e-02
8.98000000e+03,2.99254017e-03,1.36194870e-02
8.99000000e+03,2.98977374e-03,1.36132197e-02
9.00000000e+03,2.98698586e-03,1.36068355e-02
9.01000000e+03,2.98476577e-03,1.36104600e-02
9.02000000e+03,2.98236076e-03,1.36093516e-02
9.03000000e+03,2.97981792e-03,1.36050920e-02
9.04000000e+03,2.97718607e-03,1.36003483e-02
9.05000000e+03,2.97448460e-03,1.35952941e-02
9.06000000e+03,2.97179278e-03,1.35898778e-02
9.07000000e+03,2.96908172e-03,1.35841329e-02
9.08000000e+03,2.96636827e-03,1.35783971e-02
9.09000000e+03,2.96364883e-03,1.35723095e-02
9.10000000e+03,2.96090843e-03,1.35669933e-02
9.11000000e+03,2.95873572e-03,2.58805270e-02
9.12000000e+03,2.95637907e-03,1.35616057e-02
9.13000000e+03,2.95388768e-03,1.35564193e-02
9.14000000e+03,2.95129904e-03,1.35505783e-02
9.15000000e+03,2.94864523e-03,1.35449680e-02
9.16000000e+03,2.94600747e-03,1.35391241e-02
9.17000000e+03,2.94333896e-03,1.35329952e-02
9.18000000e+03,2.94066658e-03,1.35268316e-02
9.19000000e+03,2.93797776e-03,1.35205981e-02
9.20000000e+03,2.93527923e-03,1.35142712e-02
9.21000000e+03,2.93316451e-03,1.35181382e-02
9.22000000e+03,2.93086676e-03,1.35171973e-02
9.23000000e+03,2.92841758e-03,1.35130483e-02
9.24000000e+03,2.92587352e-03,1.35083710e-02
9.25000000e+03,2.92326039e-03,1.35034267e-02
9.26000000e+03,2.92065614e-03,1.34981184e-02
9.27000000e+03,2.91804502e-03,1.34924695e-02
9.28000000e+03,2.91540761e-03,1.34869022e-02
9.29000000e+03,2.91276635e-03,1.34811246e-02
9.30000000e+03,2.91010358e-03,1.34752432e-02
9.31000000e+03,2.90804327e-03,1.34791515e-02
9.32000000e+03,2.90578781e-03,1.34782963e-02
9.33000000e+03,2.90338933e-03,1.34825922e-02
9.34000000e+03,2.90088105e-03,1.40322566e-02
9.35000000e+03,2.89831597e-03,1.38392631e-02
9.36000000e+03,2.89575152e-03,1.35015590e-02
9.37000000e+03,2.89317519e-03,1.34951618e-02
9.38000000e+03,2.89057856e-03,1.34663544e-02
9.39000000e+03,2.88796961e-03,1.34623870e-02
9.40000000e+03,2.88535295e-03,1.34467001e-02
9.41000000e+03,2.88333499e-03,1.34479312e-02
9.42000000e+03,2.88113404e-03,1.34458210e-02
9.43000000e+03,2.87877145e-03,1.34405087e-02
9.44000000e+03,2.87630176e-03,1.34353402e-02
9.45000000e+03,2.87378411e-03,1.34306179e-02
9.46000000e+03,2.87126263e-03,1.34259285e-02
9.47000000e+03,2.86871384e-03,1.34209567e-02
9.48000000e+03,2.86617134e-03,1.34158784e-02
9.49000000e+03,2.86359058e-03,1.34106759e-02
9.50000000e+03,2.86101438e-03,1.34052982e-02
9.51000000e+03,2.85904498e-03,1.34097331e-02
9.52000000e+03,2.85688906e-03,1.34099095e-02
9.53000000e+03,2.85456770e-03,1.34068042e-02
9.54000000e+03,2.85213338e-03,1.34030792e-02
9.55000000e+03,2.84964438e-03,1.33990771e-02
9.56000000e+03,2.84716924e-03,1.33947483e-02
9.57000000e+03,2.84465624e-03,1.33901306e-02
9.58000000e+03,2.84215153e-03,1.33855072e-02
9.59000000e+03,2.83959747e-03,1.33807234e-02
9.60000000e+03,2.83705879e-03,1.33758281e-02
9.61000000e+03,2.83513678e-03,1.33806700e-02
9.62000000e+03,2.83302414e-03,1.33813095e-02
9.63000000e+03,2.83074781e-03,1.33786525e-02
9.64000000e+03,2.82834280e-03,1.33752871e-02
9.65000000e+03,2.82590778e-03,1.33716462e-02
9.66000000e+03,2.82344755e-03,1.33677577e-02
9.67000000e+03,2.82093821e-03,1.33634582e-02
9.68000000e+03,2.81968060e-03,1.33591763e-02
9.69000000e+03,2.90902263e-03,1.33547738e-02
9.70000000e+03,2.81462367e-03,1.33502048e-02
9.71000000e+03,2.81174865e-03,1.33553123e-02
9.72000000e+03,2.80886213e-03,1.33562491e-02
9.73000000e+03,2.80610221e-03,1.33539178e-02
9.74000000e+03,2.80351497e-03,1.33509720e-02
9.75000000e+03,2.80105138e-03,1.33477340e-02
9.76000000e+03,2.79854725e-03,1.33446650e-02
9.77000000e+03,2.79604978e-03,1.33490411e-02
9.78000000e+03,2.79358288e-03,1.35946944e-02
9.79000000e+03,2.79113473e-03,1.34079926e-02
9.80000000e+03,2.78868097e-03,1.34566245e-02
9.81000000e+03,2.78684373e-03,1.34407972e-02
9.82000000e+03,2.78480781e-03,1.31948840e-02
9.83000000e+03,2.78261528e-03,1.31267628e-02
9.84000000e+03,2.78033664e-03,1.30928579e-02
9.85000000e+03,2.77799529e-03,1.30628109e-02
9.86000000e+03,2.77566592e-03,1.30486570e-02
9.87000000e+03,2.77328370e-03,1.30277920e-02
9.88000000e+03,2.77092963e-03,1.30091842e-02
9.89000000e+03,2.76855427e-03,1.29932224e-02
9.90000000e+03,2.76616327e-03,1.29755946e-02
9.91000000e+03,2.76439821e-03,1.29691629e-02
9.92000000e+03,2.76243391e-03,1.29564962e-02
9.93000000e+03,2.76031445e-03,1.29432137e-02
9.94000000e+03,2.75808338e-03,1.29291739e-02
9.95000000e+03,2.75580274e-03,1.29154779e-02
9.96000000e+03,2.75351275e-03,1.29013872e-02
9.97000000e+03,2.75120149e-03,1.28876019e-02
9.98000000e+03,2.74889671e-03,1.28738133e-02
9.99000000e+03,2.74655269e-03,1.28599499e-02
1.00000000e+04,2.74421288e-03,1.28462412e-02
1.00100000e+04,2.74249398e-03,1.28425315e-02
1.00200000e+04,2.74058717e-03,1.28344156e-02
1.00300000e+04,2.73850935e-03,1.28362059e-02
1.00400000e+04,2.73633844e-03,1.29954947e-02
1.00500000e+04,2.73415020e-03,1.28091748e-02
1.00600000e+04,2.73275868e-03,1.27947360e-02
1.00700000e+04,2.75827194e-03,1.27835335e-02
1.00800000e+04,2.80535704e-03,1.27601102e-02
1.00900000e+04,2.74935144e-03,1.27552048e-02
1.01000000e+04,2.72820352e-03,1.27410120e-02
1.01100000e+04,2.72048196e-03,1.27408605e-02
1.01200000e+04,2.71510266e-03,1.28090413e-02
1.01300000e+04,2.71121547e-03,1.27198560e-02
1.01400000e+04,2.70813402e-03,1.27528060e-02
1.01500000e+04,2.70534499e-03,1.26996054e-02
1.01600000e+04,2.70250095e-03,1.26830513e-02
1.01700000e+04,2.69974076e-03,1.26844790e-02
1.01800000e+04,2.69696992e-03,1.26660777e-02
1.01900000e+04,2.69424561e-03,1.26555389e-02
1.02000000e+04,2.69153326e-03,1.26469115e-02
1.02100000e+04,2.68947438e-03,1.26451989e-02
1.02200000e+04,2.68725377e-03,1.26390186e-02
1.02300000e+04,2.68490109e-03,1.26302253e-02
1.02400000e+04,2.68244090e-03,1.26216345e-02
1.02500000e+04,2.67994398e-03,1.26126751e-02
1.02600000e+04,2.67746907e-03,1.26033055e-02
1.02700000e+04,2.67497786e-03,1.25940056e-02
1.02800000e+04,2.67249140e-03,1.25849308e-02
1.02900000e+04,2.66999166e-03,1.25785085e-02
1.03000000e+04,2.66747950e-03,1.26316295e-02
1.03100000e+04,2.66561670e-03,1.25284682e-02
1.03200000e+04,2.66355083e-03,1.24811978e-02
1.03300000e+04,2.66133441e-03,1.24834312e-02
1.03400000e+04,2.65900576e-03,1.24508299e-02
1.03500000e+04,2.65663546e-03,1.24332831e-02
1.03600000e+04,2.65426284e-03,1.24191221e-02
1.03700000e+04,2.65187373e-03,1.23997531e-02
1.03800000e+04,2.64947594e-03,1.23825816e-02
1.03900000e+04,2.64706913e-03,1.23676702e-02
1.04000000e+04,2.64464561e-03,1.24301755e-02
1.04100000e+04,2.64285421e-03,1.75184027e-02
1.04200000e+04,2.64087832e-03,1.51858758e-02
1.04300000e+04,2.63880166e-03,1.26618655e-02
1.04400000e+04,2.63792991e-03,1.25296766e-02
1.04500000e+04,2.73553001e-03,1.22527274e-02
1.04600000e+04,2.65003271e-03,1.22622223e-02
1.04700000e+04,2.63632697e-03,1.21916953e-02
1.04800000e+04,2.63623441e-03,1.21822753e-02
1.04900000e+04,2.62670897e-03,1.21521933e-02
1.05000000e+04,2.62475193e-03,1.21433858e-02
1.05100000e+04,2.62016691e-03,1.21299450e-02
1.05200000e+04,2.61586755e-03,1.21193869e-02
1.05300000e+04,2.61183722e-03,1.21038755e-02
1.05400000e+04,2.60794231e-03,1.20909668e-02
1.05500000e+04,2.60404967e-03,1.20767885e-02
1.05600000e+04,2.60015092e-03,1.20631114e-02
1.05700000e+04,2.59626419e-03,1.20492320e-02
1.05800000e+04,2.59237505e-03,1.20355437e-02
1.05900000e+04,2.58848914e-03,1.20218450e-02
1.06000000e+04,2.58460428e-03,1.20081278e-02
1.06100000e+04,2.58090607e-03,1.20002940e-02
1.06200000e+04,2.57705626e-03,1.19901575e-02
1.06300000e+04,2.57321851e-03,1.19779916e-02
1.06400000e+04,2.56939501e-03,1.19660837e-02
1.06500000e+04,2.56559138e-03,1.19540849e-02
1.06600000e+04,2.56178058e-03,1.19420224e-02
1.06700000e+04,2.55801213e-03,1.19299282e-02
1.06800000e+04,2.55518187e-03,1.19178419e-02
1.06900000e+04,2.57142753e-03,1.19057635e-02
1.07000000e+04,2.56895465e-03,1.18936552e-02
1.07100000e+04,2.56707806e-03,1.18874127e-02
1.07200000e+04,2.56503810e-03,1.18787448e-02
1.07300000e+04,2.56283528e-03,1.18679943e-02
1.07400000e+04,2.56052188e-03,1.18574446e-02
1.07500000e+04,2.54697422e-03,1.18467872e-02
1.07600000e+04,2.54995140e-03,1.18360366e-02
1.07700000e+04,2.53733466e-03,1.18252148e-02
1.07800000e+04,2.53167535e-03,1.18143895e-02
1.07900000e+04,2.52821905e-03,1.18035196e-02
1.08000000e+04,2.52418313e-03,1.17926377e-02
1.08100000e+04,2.52146215e-03,1.17876752e-02
1.08200000e+04,2.51867996e-03,1.17801642e-02
1.08300000e+04,2.51636523e-03,1.17705635e-02
1.08400000e+04,2.51407526e-03,1.17610548e-02
1.08500000e+04,2.51178232e-03,1.17514730e-02
1.08600000e+04,2.50953435e-03,1.17417288e-02
1.08700000e+04,2.50730458e-03,1.17319685e-02
1.08800000e+04,2.50507241e-03,1.17221369e-02
1.08900000e+04,2.50283486e-03,1.17122782e-02
1.09000000e+04,2.50060466e-03,1.17023697e-02
1.09100000e+04,2.49813706e-03,1.16984654e-02
1.09200000e+04,2.49576398e-03,1.16918842e-02
1.09300000e+04,2.49344041e-03,1.16832380e-02
1.09400000e+04,2.49109869e-03,1.16746298e-02
1.09500000e+04,2.48880011e-03,1.16659246e-02
1.09600000e+04,2.48651458e-03,1.16570767e-02
1.09700000e+04,2.48424028e-03,1.16481295e-02
1.09800000e+04,2.48197396e-03,1.16391715e-02
1.09900000e+04,2.47971269e-03,1.16301558e-02
1.10000000e+04,2.47747045e-03,1.16210695e-02
1.10100000e+04,2.47502729e-03,1.16180687e-02
1.10200000e+04,2.47265810e-03,1.16123492e-02
1.10300000e+04,2.47033131e-03,1.16044485e-02
1.10400000e+04,2.46801433e-03,1.15966274e-02
1.10500000e+04,2.46571324e-03,1.15886645e-02
1.10600000e+04,2.46344644e-03,1.15805632e-02
1.10700000e+04,2.46118544e-03,1.15723386e-02
1.10800000e+04,2.45893416e-03,1.15641056e-02
1.10900000e+04,2.45669244e-03,1.15558183e-02
1.11000000e+04,2.45445973e-03,1.15474727e-02
1.11100000e+04,2.45207410e-03,1.15452716e-02
1.11200000e+04,2.44973820e-03,1.15402486e-02
1.11300000e+04,2.44745525e-03,1.15330840e-02
1.11400000e+04,2.44515398e-03,1.15259054e-02
1.11500000e+04,2.44289385e-03,1.15186020e-02
1.11600000e+04,2.44065826e-03,1.15111446e-02
1.11700000e+04,2.43843134e-03,1.15035565e-02
1.11800000e+04,2.43620769e-03,1.14959638e-02
1.11900000e+04,2.43399730e-03,1.14883089e-02
1.12000000e+04,2.43178744e-03,1.14805872e-02
1.12100000e+04,2.42946825e-03,1.14791134e-02
1.12200000e+04,2.42717921e-03,1.14747206e-02
1.12300000e+04,2.42492974e-03,1.14681866e-02
1.12400000e+04,2.42267924e-03,1.14615775e-02
1.12500000e+04,2.42045805e-03,1.14548623e-02
1.12600000e+04,2.41825567e-03,1.14479969e-02
1.12700000e+04,2.41605424e-03,1.14409649e-02
1.12800000e+04,2.41387117e-03,1.14339627e-02
1.12900000e+04,2.41169573e-03,1.14268600e-02
1.13000000e+04,2.40951899e-03,1.14196972e-02
1.13100000e+04,2.40725665e-03,1.14188215e-02
1.13200000e+04,2.40501663e-03,1.14150175e-02
1.13300000e+04,2.40280686e-03,1.14090104e-02
1.13400000e+04,2.40041917e-03,1.14029381e-02
1.13500000e+04,2.39794506e-03,1.13967748e-02
1.13600000e+04,2.39545100e-03,1.13903931e-02
1.13700000e+04,2.39294514e-03,1.13838685e-02
1.13800000e+04,2.39044945e-03,1.13773588e-02
1.13900000e+04,2.38794982e-03,1.13707666e-02
1.14000000e+04,2.38544325e-03,1.13640696e-02
1.14100000e+04,2.38341748e-03,1.13633633e-02
1.14200000e+04,2.38127239e-03,1.13594129e-02
1.14300000e+04,2.37897945e-03,1.13534702e-02
1.14400000e+04,2.37659663e-03,1.14224811e-02
1.14500000e+04,2.37420710e-03,1.13539511e-02
1.14600000e+04,2.37182634e-03,1.13513968e-02
1.14700000e+04,2.36943648e-03,1.13548445e-02
1.14800000e+04,2.36703369e-03,1.13256351e-02
1.14900000e+04,2.36462290e-03,1.13202515e-02
1.15000000e+04,2.36221111e-03,1.13169628e-02
1.15100000e+04,2.36028194e-03,1.43884916e-02
1.15200000e+04,2.35825413e-03,1.86865864e-02
1.15300000e+04,2.35634914e-03,1.13040265e-02
1.15400000e+04,2.35769977e-03,1.12984630e-02
1.15500000e+04,2.35559125e-03,1.12930179e-02
1.15600000e+04,2.35350181e-03,1.12875155e-02
1.15700000e+04,2.35142087e-03,1.12818633e-02
1.15800000e+04,2.34498458e-03,1.12761863e-02
1.15900000e+04,2.34393884e-03,1.12704256e-02
1.16000000e+04,2.34162893e-03,1.12646259e-02
1.16100000e+04,2.34312288e-03,1.12650005e-02
1.16200000e+04,2.34101665e-03,1.12627002e-02
1.16300000e+04,2.33894691e-03,1.12580898e-02
1.16400000e+04,2.33685993e-03,1.12532955e-02
1.16500000e+04,2.33479704e-03,1.12483747e-02
1.16600000e+04,2.33048105e-03,1.12433466e-02
1.16700000e+04,2.32690893e-03,1.12380999e-02
1.16800000e+04,2.32289763e-03,1.12328922e-02
1.16900000e+04,2.32021620e-03,1.12275362e-02
1.17000000e+04,2.31803410e-03,1.12221604e-02
1.17100000e+04,2.31607730e-03,1.12229879e-02
1.17200000e+04,2.31412160e-03,1.12210627e-02
1.17300000e+04,2.31201945e-03,1.12169040e-02
1.17400000e+04,2.30987477e-03,1.12124940e-02
1.17500000e+04,2.30775348e-03,1.12079795e-02
1.17600000e+04,2.30565176e-03,1.12032888e-02
1.17700000e+04,2.30355693e-03,1.11984461e-02
1.17800000e+04,2.30145737e-03,1.11935690e-02
1.17900000e+04,2.29935221e-03,1.11886360e-02
1.18000000e+04,2.29725224e-03,1.11836364e-02
1.18100000e+04,2.29558819e-03,1.11850215e-02
1.18200000e+04,2.29381645e-03,1.11845130e-02
1.18300000e+04,2.29191456e-03,1.12035299e-02
1.18400000e+04,2.28991245e-03,1.14777700e-02
1.18500000e+04,2.28789666e-03,1.11825139e-02
1.18600000e+04,2.28588737e-03,1.11840826e-02
1.18700000e+04,2.28388323e-03,1.11655579e-02
1.18800000e+04,2.28185508e-03,1.11621360e-02
1.18900000e+04,2.27982426e-03,1.11603456e-02
1.19000000e+04,2.27778365e-03,1.11520586e-02
1.19100000e+04,2.27619118e-03,1.11518312e-02
1.19200000e+04,2.27448776e-03,1.11498671e-02
1.19300000e+04,2.27263702e-03,1.11462426e-02
1.19400000e+04,2.27069617e-03,1.11423309e-02
1.19500000e+04,2.26874028e-03,1.11384051e-02
1.19600000e+04,2.26678835e-03,1.11344530e-02
1.19700000e+04,2.26482471e-03,1.11303203e-02
1.19800000e+04,2.26284857e-03,1.11261611e-02
1.19900000e+04,2.26085953e-03,1.11219638e-02
1.20000000e+04,2.25886755e-03,1.11176806e-02
1.20100000e+04,2.25733864e-03,1.11194301e-02
1.20200000e+04,2.25568414e-03,1.11187974e-02
1.20300000e+04,2.25394397e-03,1.11158385e-02
1.20400000e+04,2.25272266e-03,1.11125577e-02
1.20500000e+04,2.25561189e-03,1.11090709e-02
1.20600000e+04,2.25370679e-03,1.11054998e-02
1.20700000e+04,2.25181547e-03,1.11017125e-02
1.20800000e+04,2.24755179e-03,1.10979353e-02
1.20900000e+04,2.24374080e-03,1.10940678e-02
1.21000000e+04,2.24123529e-03,1.10901039e-02
1.21100000e+04,2.23869805e-03,1.10921844e-02
1.21200000e+04,2.23641119e-03,1.10918559e-02
1.21300000e+04,2.23446808e-03,1.10892565e-02
1.21400000e+04,2.23250226e-03,1.10862993e-02
1.21500000e+04,2.23053470e-03,1.10830797e-02
1.21600000e+04,2.22855415e-03,1.10798213e-02
1.21700000e+04,2.22660196e-03,1.10763122e-02
1.21800000e+04,2.22463879e-03,1.10728022e-02
1.21900000e+04,2.22269316e-03,1.10692018e-02
1.22000000e+04,2.22074475e-03,1.10655374e-02
1.22100000e+04,2.21925907e-03,1.10679349e-02
1.22200000e+04,2.21766326e-03,1.10678411e-02
1.22300000e+04,2.21590697e-03,1.10651401e-02
1.22400000e+04,2.21408076e-03,1.10661325e-02
1.22500000e+04,2.21223365e-03,1.12886995e-02
1.22600000e+04,2.21039117e-03,1.11399919e-02
1.22700000e+04,2.20853882e-03,1.10758448e-02
1.22800000e+04,2.20668120e-03,1.10569342e-02
1.22900000e+04,2.20480013e-03,1.10494791e-02
1.23000000e+04,2.20293000e-03,1.10460179e-02
1.23100000e+04,2.20151455e-03,1.10465868e-02
1.23200000e+04,2.19999410e-03,1.10446084e-02
1.23300000e+04,2.19832545e-03,1.10408395e-02
1.23400000e+04,2.19683174e-03,1.10385722e-02
1.23500000e+04,2.20028309e-03,1.10355580e-02
1.23600000e+04,2.19848665e-03,1.10323092e-02
1.23700000e+04,2.19668783e-03,1.10293108e-02
1.23800000e+04,2.19141254e-03,1.10261977e-02
1.23900000e+04,2.19083550e-03,1.10229487e-02
1.24000000e+04,2.18729302e-03,1.10196684e-02
1.24100000e+04,2.18962792e-03,1.10221198e-02
1.24200000e+04,2.18786539e-03,1.10227328e-02
1.24300000e+04,2.18611573e-03,1.10209219e-02
1.24400000e+04,2.18433751e-03,1.10186854e-02
1.24500000e+04,2.18257724e-03,1.10161603e-02
1.24600000e+04,2.18081474e-03,1.10136563e-02
1.24700000e+04,2.17905909e-03,1.10109087e-02
1.24800000e+04,2.17730185e-03,1.10081131e-02
1.24900000e+04,2.17553718e-03,1.10052623e-02
1.25000000e+04,2.17377233e-03,1.10023286e-02
1.25100000e+04,2.17214786e-03,1.10051868e-02
1.25200000e+04,2.17041163e-03,1.10060823e-02
1.25300000e+04,2.16870018e-03,1.10046613e-02
1.25400000e+04,2.16696141e-03,1.10027438e-02
1.25500000e+04,2.16523078e-03,1.10005354e-02
1.25600000e+04,2.16350018e-03,1.09982967e-02
1.25700000e+04,2.16177315e-03,1.09958233e-02
1.25800000e+04,2.16005489e-03,1.09932863e-02
1.25900000e+04,2.15832658e-03,1.09906848e-02
1.26000000e+04,2.15660208e-03,1.09880470e-02
1.26100000e+04,2.15499938e-03,1.09911507e-02
1.26200000e+04,2.15331756e-03,1.09922960e-02
1.26300000e+04,2.15163108e-03,1.09912029e-02
1.26400000e+04,2.14993215e-03,1.09895194e-02
1.26500000e+04,2.14824342e-03,1.09875525e-02
1.26600000e+04,2.14655065e-03,1.09855502e-02
1.26700000e+04,2.14484247e-03,1.09833015e-02
1.26800000e+04,2.14315043e-03,1.09809985e-02
1.26900000e+04,2.14145632e-03,1.09786682e-02
1.27000000e+04,2.13976621e-03,1.09761905e-02
1.27100000e+04,2.13820885e-03,1.09795591e-02
1.27200000e+04,2.13656294e-03,1.09809086e-02
1.27300000e+04,2.13491952e-03,1.09800785e-02
1.27400000e+04,2.13325453e-03,1.09785921e-02
1.27500000e+04,2.13158600e-03,1.09768286e-02
1.27600000e+04,2.12992651e-03,1.09750407e-02
1.27700000e+04,2.12826112e-03,1.09729889e-02
1.27800000e+04,2.12659750e-03,1.09708878e-02
1.27900000e+04,2.12493385e-03,1.09685106e-02
1.28000000e+04,2.12327461e-03,1.09653918e-02
1.28100000e+04,2.12176289e-03,1.09665302e-02
1.28200000e+04,2.12015131e-03,1.09667422e-02
1.28300000e+04,2.11852967e-03,1.09651927e-02
1.28400000e+04,2.11690475e-03,1.09629508e-02
1.28500000e+04,2.11527007e-03,1.09607987e-02
1.28600000e+04,2.11363863e-03,1.09588361e-02
1.28700000e+04,2.11201362e-03,1.09567009e-02
1.28800000e+04,2.11038007e-03,1.09544130e-02
1.28900000e+04,2.10875175e-03,1.09520414e-02
1.29000000e+04,2.10711362e-03,1.09496835e-02
1.29100000e+04,2.10564836e-03,1.09530969e-02
1.29200000e+04,2.10406585e-03,1.09546790e-02
1.29300000e+04,2.10248692e-03,1.09539917e-02
1.29400000e+04,2.10088524e-03,1.09526199e-02
1.29500000e+04,2.09929029e-03,1.09509831e-02
1.29600000e+04,2.09769102e-03,1.09492934e-02
1.29700000e+04,2.09609092e-03,1.09473611e-02
1.29800000e+04,2.09449609e-03,1.09453510e-02
1.29900000e+04,2.09289212e-03,1.09433120e-02
1.30000000e+04,2.09128192e-03,1.09411823e-02
1.30100000e+04,2.08985215e-03,1.09445712e-02
1.30200000e+04,2.08830248e-03,1.09455301e-02
1.30300000e+04,2.08676301e-03,1.09554562e-02
1.30400000e+04,2.08519171e-03,1.09758994e-02
1.30500000e+04,2.08362903e-03,1.09677085e-02
1.30600000e+04,2.08206161e-03,1.09483822e-02
1.30700000e+04,2.08048948e-03,1.09527130e-02
1.30800000e+04,2.07891742e-03,1.09439208e-02
1.30900000e+04,2.07734527e-03,1.09380967e-02
1.31000000e+04,2.07577379e-03,1.09355887e-02
1.31100000e+04,2.07438236e-03,1.09371141e-02
1.31200000e+04,2.07286688e-03,1.09376527e-02
1.31300000e+04,2.07134844e-03,1.09364038e-02
1.31400000e+04,2.06981465e-03,1.09347717e-02
1.31500000e+04,2.06827615e-03,1.09331012e-02
1.31600000e+04,2.06674705e-03,1.09315671e-02
1.31700000e+04,2.06520552e-03,1.09298556e-02
1.31800000e+04,2.06366727e-03,1.09280782e-02
1.31900000e+04,2.06212280e-03,1.09261932e-02
1.32000000e+04,2.06057449e-03,1.09242936e-02
1.32100000e+04,2.05921663e-03,1.09279360e-02
1.32200000e+04,2.05773238e-03,1.09300249e-02
1.32300000e+04,2.05625820e-03,1.09299060e-02
1.32400000e+04,2.05474741e-03,1.09290968e-02
1.32500000e+04,2.05323930e-03,1.09279162e-02
1.32600000e+04,2.05173518e-03,1.09266734e-02
1.32700000e+04,2.05021969e-03,1.09252143e-02
1.32800000e+04,2.04870762e-03,1.09236999e-02
1.32900000e+04,2.04719486e-03,1.09220918e-02
1.33000000e+04,2.04568130e-03,1.09204532e-02
1.33100000e+04,2.04435775e-03,1.09243584e-02
1.33200000e+04,2.04291236e-03,1.09266967e-02
1.33300000e+04,2.04145386e-03,1.09268356e-02
1.33400000e+04,2.03997573e-03,1.09262171e-02
1.33500000e+04,2.03850823e-03,1.09252932e-02
1.33600000e+04,2.03702299e-03,1.09242928e-02
1.33700000e+04,2.03553484e-03,1.09230350e-02
1.33800000e+04,2.03405908e-03,1.09217358e-02
1.33900000e+04,2.03256918e-03,1.09203435e-02
1.34000000e+04,2.03107749e-03,1.09189031e-02
1.34100000e+04,2.02979206e-03,1.09229129e-02
1.34200000e+04,2.02837245e-03,1.09254703e-02
1.34300000e+04,2.02695004e-03,1.09258432e-02
1.34400000e+04,2.02550540e-03,1.09254055e-02
1.34500000e+04,2.02405970e-03,1.09246392e-02
1.34600000e+04,2.02286926e-03,1.09236879e-02
1.34700000e+04,2.03041365e-03,1.09221655e-02
1.34800000e+04,2.08151121e-03,1.09202914e-02
1.34900000e+04,2.03591766e-03,1.09735913e-02
1.35000000e+04,2.01848399e-03,1.09625642e-02
1.35100000e+04,2.01526308e-03,1.08999685e-02
1.35200000e+04,2.01319616e-03,1.08622712e-02
1.35300000e+04,2.01138441e-03,1.08472115e-02
1.35400000e+04,2.00972442e-03,1.08388668e-02
1.35500000e+04,2.00811154e-03,1.08317710e-02
1.35600000e+04,2.00651129e-03,1.08252930e-02
1.35700000e+04,2.00494433e-03,1.08200891e-02
1.35800000e+04,2.00338105e-03,1.08147878e-02
1.35900000e+04,2.00181270e-03,1.08095553e-02
1.36000000e+04,2.00025450e-03,1.08043851e-02
1.36100000e+04,1.99889057e-03,1.08050020e-02
1.36200000e+04,1.99741133e-03,1.08039194e-02
1.36300000e+04,1.99593021e-03,1.08008108e-02
1.36400000e+04,1.99443088e-03,1.07971338e-02
1.36500000e+04,1.99293511e-03,1.07933965e-02
1.36600000e+04,1.99144063e-03,1.07895693e-02
1.36700000e+04,1.98994509e-03,1.07855756e-02
1.36800000e+04,1.98844594e-03,1.07816507e-02
1.36900000e+04,1.98694139e-03,1.07776650e-02
1.37000000e+04,1.98543855e-03,1.07736531e-02
1.37100000e+04,1.98413341e-03,1.07755013e-02
1.37200000e+04,1.98270453e-03,1.07754218e-02
1.37300000e+04,1.98127812e-03,1.07732647e-02
1.37400000e+04,1.97982209e-03,1.07703692e-02
1.37500000e+04,1.97836816e-03,1.07673691e-02
1.37600000e+04,1.97691561e-03,1.07646794e-02
1.37700000e+04,1.97545609e-03,1.07739459e-02
1.37800000e+04,1.97399007e-03,1.07591562e-02
1.37900000e+04,1.97252999e-03,1.07547169e-02
1.38000000e+04,1.97106430e-03,1.07527325e-02
1.38100000e+04,1.96980443e-03,1.08431528e-02
1.38200000e+04,1.96842009e-03,1.07640492e-02
1.38300000e+04,1.96702185e-03,1.09623570e-02
1.38400000e+04,1.96561692e-03,1.08358987e-02
1.38500000e+04,1.96419022e-03,1.07819233e-02
1.38600000e+04,1.96277762e-03,1.07437280e-02
1.38700000e+04,1.96134421e-03,1.07304716e-02
1.38800000e+04,1.95991391e-03,1.07246996e-02
1.38900000e+04,1.95848382e-03,1.07185277e-02
1.39000000e+04,1.95705624e-03,1.07134936e-02
1.39100000e+04,1.95584382e-03,1.07138475e-02
1.39200000e+04,1.95456878e-03,1.07139942e-02
1.39300000e+04,1.95620736e-03,1.07122412e-02
1.39400000e+04,2.03973828e-03,1.07099886e-02
1.39500000e+04,1.97936427e-03,1.07073892e-02
1.39600000e+04,1.95173267e-03,1.07048227e-02
1.39700000e+04,1.95096176e-03,1.07022295e-02
1.39800000e+04,1.94736201e-03,1.06995078e-02
1.39900000e+04,1.94532510e-03,1.06967918e-02
1.40000000e+04,1.94385057e-03,1.06939981e-02
1.40100000e+04,1.94241804e-03,1.06958137e-02
1.40200000e+04,1.94104705e-03,1.06967302e-02
1.40300000e+04,1.93969323e-03,1.06954662e-02
1.40400000e+04,1.93835994e-03,1.06937174e-02
1.40500000e+04,1.93703160e-03,1.06916462e-02
1.40600000e+04,1.93570094e-03,1.06895697e-02
1.40700000e+04,1.93437518e-03,1.06873187e-02
1.40800000e+04,1.93304213e-03,1.06849485e-02
1.40900000e+04,1.93170874e-03,1.06825861e-02
1.41000000e+04,1.93037290e-03,1.06802022e-02
1.41100000e+04,1.92924416e-03,1.06823973e-02
1.41200000e+04,1.92800226e-03,1.06836252e-02
1.41300000e+04,1.92673507e-03,1.06827028e-02
1.41400000e+04,1.92546008e-03,1.06813387e-02
1.41500000e+04,1.92417525e-03,1.06795722e-02
1.41600000e+04,1.92289038e-03,1.06777795e-02
1.41700000e+04,1.92159475e-03,1.06758655e-02
1.41800000e+04,1.92030705e-03,1.06738216e-02
1.41900000e+04,1.91900272e-03,1.06717526e-02
1.42000000e+04,1.91770704e-03,1.06696579e-02
1.42100000e+04,1.91661985e-03,1.06721745e-02
1.42200000e+04,1.91540785e-03,1.06736722e-02
1.42300000e+04,1.91417638e-03,1.06730951e-02
1.42400000e+04,1.91292645e-03,1.06720124e-02
1.42500000e+04,1.91167094e-03,1.06705437e-02
1.42600000e+04,1.91041124e-03,1.06690102e-02
1.42700000e+04,1.90915153e-03,1.06673285e-02
1.42800000e+04,1.90788588e-03,1.06655580e-02
1.42900000e+04,1.90661585e-03,1.06637764e-02
1.43000000e+04,1.90533949e-03,1.06619075e-02
1.43100000e+04,1.90429558e-03,1.06647115e-02
1.43200000e+04,1.90310376e-03,1.06663794e-02
1.43300000e+04,1.90189735e-03,1.06661082e-02
1.43400000e+04,1.90068130e-03,1.06652444e-02
1.43500000e+04,1.89944966e-03,1.06639918e-02
1.43600000e+04,1.89821447e-03,1.06627153e-02
1.43700000e+04,1.89698399e-03,1.06612806e-02
1.43800000e+04,1.89574197e-03,1.06597511e-02
1.43900000e+04,1.89449209e-03,1.06581612e-02
1.44000000e+04,1.89325222e-03,1.06565309e-02
1.44100000e+04,1.89222955e-03,1.06595253e-02
1.44200000e+04,1.89108004e-03,1.06614283e-02
1.44300000e+04,1.88995049e-03,1.06613896e-02
1.44400000e+04,1.88971774e-03,1.06607678e-02
1.44500000e+04,1.92096738e-03,1.06597132e-02
1.44600000e+04,1.88971135e-03,1.06586580e-02
1.44700000e+04,1.89514402e-03,1.06574232e-02
1.44800000e+04,1.88594890e-03,1.06560877e-02
1.44900000e+04,1.88285200e-03,1.06547116e-02
1.45000000e+04,1.88215923e-03,1.06532811e-02
1.45100000e+04,1.88021765e-03,1.06564671e-02
1.45200000e+04,1.87870135e-03,1.06586254e-02
1.45300000e+04,1.87730087e-03,1.06588566e-02
1.45400000e+04,1.87600047e-03,1.06583722e-02
1.45500000e+04,1.87471350e-03,1.06575725e-02
1.45600000e+04,1.87344434e-03,1.06566856e-02
1.45700000e+04,1.87217992e-03,1.06556206e-02
1.45800000e+04,1.87091454e-03,1.06544929e-02
1.45900000e+04,1.86966197e-03,1.06532861e-02
1.46000000e+04,1.86839710e-03,1.06520137e-02
1.46100000e+04,1.86735600e-03,1.06554088e-02
1.46200000e+04,1.86620194e-03,1.06576977e-02
1.46300000e+04,1.86502503e-03,1.06581548e-02
1.46400000e+04,1.86383358e-03,1.06578912e-02
1.46500000e+04,1.86262785e-03,1.06572298e-02
1.46600000e+04,1.86143434e-03,1.06565160e-02
1.46700000e+04,1.86022925e-03,1.06556111e-02
1.46800000e+04,1.85902032e-03,1.06546571e-02
1.46900000e+04,1.85780440e-03,1.06536278e-02
1.47000000e+04,1.85659590e-03,1.06525163e-02
1.47100000e+04,1.85559867e-03,1.06561514e-02
1.47200000e+04,1.85448738e-03,1.06586975e-02
1.47300000e+04,1.85334582e-03,1.06592991e-02
1.47400000e+04,1.85218402e-03,1.06591923e-02
1.47500000e+04,1.85102084e-03,1.06587261e-02
1.47600000e+04,1.84986339e-03,1.06581297e-02
1.47700000e+04,1.84868286e-03,1.06572428e-02
1.47800000e+04,1.84750350e-03,1.06558187e-02
1.47900000e+04,1.84633562e-03,1.06540021e-02
1.48000000e+04,1.84514896e-03,1.06759942e-02
1.48100000e+04,1.84418190e-03,1.06450702e-02
1.48200000e+04,1.84309809e-03,1.06351741e-02
1.48300000e+04,1.84199490e-03,1.06327155e-02
1.48400000e+04,1.84086365e-03,1.06285359e-02
1.48500000e+04,1.83972569e-03,1.06244218e-02
1.48600000e+04,1.83858301e-03,1.06206026e-02
1.48700000e+04,1.83743525e-03,1.06173740e-02
1.48800000e+04,1.83628730e-03,1.06146251e-02
1.48900000e+04,1.83512917e-03,1.06120095e-02
1.49000000e+04,1.83411398e-03,1.06095490e-02
1.49100000e+04,1.83261955e-03,1.06117922e-02
1.49200000e+04,1.83116803e-03,1.06130791e-02
1.49300000e+04,1.82990658e-03,1.06125866e-02
1.49400000e+04,1.82862103e-03,1.06114123e-02
1.49500000e+04,1.82739940e-03,1.06098970e-02
1.49600000e+04,1.82614070e-03,1.06083688e-02
1.49700000e+04,1.82491857e-03,1.06066963e-02
1.49800000e+04,1.82368166e-03,1.06049578e-02
1.49900000e+04,1.82245099e-03,1.06032122e-02
1.50000000e+04,1.82122059e-03,1.06014275e-02
1.50100000e+04,1.82021047e-03,1.06044389e-02
1.50200000e+04,1.81908278e-03,1.06063993e-02
1.50300000e+04,1.81793511e-03,1.06064940e-02
1.50400000e+04,1.81677299e-03,1.06058888e-02
1.50500000e+04,1.81563223e-03,1.06048877e-02
1.50600000e+04,1.81482730e-03,1.06038077e-02
1.50700000e+04,1.82193536e-03,1.06025575e-02
1.50800000e+04,1.82912469e-03,1.06012568e-02
1.50900000e+04,1.81379136e-03,1.05999176e-02
1.51000000e+04,1.80989909e-03,1.05985011e-02
1.51100000e+04,1.80917936e-03,1.06018934e-02
1.51200000e+04,1.80762796e-03,1.06043031e-02
1.51300000e+04,1.80625564e-03,1.06048483e-02
1.51400000e+04,1.80512614e-03,1.06047284e-02
1.51500000e+04,1.80397982e-03,1.06045620e-02
1.51600000e+04,1.80284497e-03,1.06065946e-02
1.51700000e+04,1.80169385e-03,1.06287824e-02
1.51800000e+04,1.80054063e-03,1.06058059e-02
1.51900000e+04,1.79939645e-03,1.06012376e-02
1.52000000e+04,1.79825689e-03,1.05997303e-02
1.52100000e+04,1.79732245e-03,1.06014543e-02
1.52200000e+04,1.79627286e-03,1.06024693e-02
1.52300000e+04,1.79520472e-03,1.06022604e-02
1.52400000e+04,1.79411463e-03,1.06014374e-02
1.52500000e+04,1.79302045e-03,1.06004735e-02
1.52600000e+04,1.79191739e-03,1.05995410e-02
1.52700000e+04,1.79082013e-03,1.05986125e-02
1.52800000e+04,1.78971174e-03,1.05976231e-02
1.52900000e+04,1.78859600e-03,1.05965525e-02
1.53000000e+04,1.78748311e-03,1.05954198e-02
1.53100000e+04,1.78659484e-03,1.05989344e-02
1.53200000e+04,1.78557362e-03,1.06015134e-02
1.53300000e+04,1.78454091e-03,1.06022740e-02
1.53400000e+04,1.78347939e-03,1.06022935e-02
1.53500000e+04,1.78240716e-03,1.06019075e-02
1.53600000e+04,1.78134412e-03,1.06014213e-02
1.53700000e+04,1.78024920e-03,1.06007657e-02
1.53800000e+04,1.77917298e-03,1.06000636e-02
1.53900000e+04,1.77808765e-03,1.05992342e-02
1.54000000e+04,1.77716430e-03,1.05983952e-02
1.54100000e+04,1.77555348e-03,1.06020723e-02
1.54200000e+04,1.77399705e-03,1.06047821e-02
1.54300000e+04,1.77267109e-03,1.06054531e-02
1.54400000e+04,1.77141155e-03,1.06045492e-02
1.54500000e+04,1.77018121e-03,1.06103225e-02
1.54600000e+04,1.76915957e-03,1.06083676e-02
1.54700000e+04,1.77264369e-03,1.06056686e-02
1.54800000e+04,1.78183048e-03,1.06104024e-02
1.54900000e+04,1.76975048e-03,1.06033570e-02
1.55000000e+04,1.76575280e-03,1.06058382e-02
1.55100000e+04,1.76198708e-03,1.06055326e-02
1.55200000e+04,1.75983260e-03,1.06051021e-02
1.55300000e+04,1.75815385e-03,1.06046554e-02
1.55400000e+04,1.75664396e-03,1.06040816e-02
1.55500000e+04,1.75511016e-03,1.06035248e-02
1.55600000e+04,1.75362147e-03,1.06029419e-02
1.55700000e+04,1.75216043e-03,1.06022165e-02
1.55800000e+04,1.75071814e-03,1.06014314e-02
1.55900000e+04,1.74926863e-03,1.06005626e-02
1.56000000e+04,1.74783736e-03,1.05996555e-02
1.56100000e+04,1.74660827e-03,1.06031463e-02
1.56200000e+04,1.74532876e-03,1.06058986e-02
1.56300000e+04,1.74445186e-03,1.06069133e-02
1.56400000e+04,1.74796628e-03,1.06071965e-02
1.56500000e+04,1.74176659e-03,1.06070123e-02
1.56600000e+04,1.74079274e-03,1.06067339e-02
1.56700000e+04,1.73904760e-03,1.06062958e-02
1.56800000e+04,1.73746422e-03,1.06058015e-02
1.56900000e+04,1.73595924e-03,1.06051820e-02
1.57000000e+04,1.73462326e-03,1.06045285e-02
1.57100000e+04,1.73346771e-03,1.06082335e-02
1.57200000e+04,1.73220778e-03,1.06111854e-02
1.57300000e+04,1.73092938e-03,1.06123739e-02
1.57400000e+04,1.72965828e-03,1.06128770e-02
1.57500000e+04,1.72838013e-03,1.06128961e-02
1.57600000e+04,1.72709636e-03,1.06127962e-02
1.57700000e+04,1.72581553e-03,1.06125794e-02
1.57800000e+04,1.72470347e-03,1.06122106e-02
1.57900000e+04,1.72832425e-03,1.06118377e-02
1.58000000e+04,1.73465425e-03,1.06113310e-02
1.58100000e+04,1.78628485e-03,1.06148390e-02
1.58200000e+04,1.74223203e-03,1.06174848e-02
1.58300000e+04,1.72854336e-03,1.06178027e-02
1.58400000e+04,1.71244979e-03,1.06214146e-02
1.58500000e+04,1.71186700e-03,1.06200491e-02
1.58600000e+04,1.70871735e-03,1.06214582e-02
1.58700000e+04,1.70667567e-03,1.06244831e-02
1.58800000e+04,1.70496677e-03,1.06188989e-02
1.58900000e+04,1.70320494e-03,1.06214167e-02
1.59000000e+04,1.70154668e-03,1.06187928e-02
1.59100000e+04,1.69998749e-03,1.06206654e-02
1.59200000e+04,1.69840680e-03,1.06218076e-02
1.59300000e+04,1.69684169e-03,1.06221583e-02
1.59400000e+04,1.69527437e-03,1.06222252e-02
1.59500000e+04,1.69372825e-03,1.06220804e-02
1.59600000e+04,1.69218648e-03,1.06218353e-02
1.59700000e+04,1.69065773e-03,1.06215213e-02
1.59800000e+04,1.68912675e-03,1.06211151e-02
1.59900000e+04,1.68760626e-03,1.06206478e-02
1.60000000e+04,1.68608801e-03,1.06201293e-02
1.60100000e+04,1.68468927e-03,1.06238864e-02
1.60200000e+04,1.68323783e-03,1.06269610e-02
1.60300000e+04,1.68179374e-03,1.06284257e-02
1.60400000e+04,1.68034102e-03,1.06291027e-02
1.60500000e+04,1.67890811e-03,1.06292741e-02
1.60600000e+04,1.67746731e-03,1.06294011e-02
1.60700000e+04,1.67603278e-03,1.06293763e-02
1.60800000e+04,1.67460206e-03,1.06291685e-02
1.60900000e+04,1.67316784e-03,1.06289194e-02
1.61000000e+04,1.67174229e-03,1.06286521e-02
1.61100000e+04,1.67043131e-03,1.06324359e-02
1.61200000e+04,1.66907045e-03,1.06352307e-02
1.61300000e+04,1.66770898e-03,1.06347966e-02
1.61400000e+04,1.66633788e-03,1.06336903e-02
1.61500000e+04,1.66497136e-03,1.06444230e-02
1.61600000e+04,1.66360283e-03,1.06377442e-02
1.61700000e+04,1.66223782e-03,1.06397359e-02
1.61800000e+04,1.66087833e-03,1.06391949e-02
1.61900000e+04,1.65951704e-03,1.06389891e-02
1.62000000e+04,1.65814742e-03,1.06392486e-02
1.62100000e+04,1.65691362e-03,1.06414655e-02
1.62200000e+04,1.65562109e-03,1.06431492e-02
1.62300000e+04,1.65431944e-03,1.06440368e-02
1.62400000e+04,1.65301815e-03,1.06442417e-02
1.62500000e+04,1.65178705e-03,1.06445271e-02
1.62600000e+04,1.65354254e-03,1.06446434e-02
1.62700000e+04,1.66980903e-03,1.06445359e-02
1.62800000e+04,1.64888584e-03,1.06443922e-02
1.62900000e+04,1.64778887e-03,1.06441346e-02
1.63000000e+04,1.64619577e-03,1.06438290e-02
1.63100000e+04,1.64425370e-03,1.06494868e-02
1.63200000e+04,1.64277199e-03,1.07170739e-02
1.63300000e+04,1.64144127e-03,1.06835303e-02
1.63400000e+04,1.64016088e-03,1.06680837e-02
1.63500000e+04,1.63889502e-03,1.06655242e-02
1.63600000e+04,1.63763437e-03,1.06715522e-02
1.63700000e+04,1.63637385e-03,1.06651860e-02
1.63800000e+04,1.63511484e-03,1.06608840e-02
1.63900000e+04,1.63385244e-03,1.06587936e-02
1.64000000e+04,1.63259344e-03,1.06588629e-02
1.64100000e+04,1.63146069e-03,1.06611763e-02
1.64200000e+04,1.63026814e-03,1.06627826e-02
1.64300000e+04,1.62905738e-03,1.06634075e-02
1.64400000e+04,1.62784756e-03,1.06636919e-02
1.64500000e+04,1.62663879e-03,1.06639892e-02
1.64600000e+04,1.62542828e-03,1.06642667e-02
1.64700000e+04,1.62421408e-03,1.06644546e-02
1.64800000e+04,1.62300799e-03,1.06645551e-02
1.64900000e+04,1.62179093e-03,1.06646152e-02
1.65000000e+04,1.62057424e-03,1.06646296e-02
1.65100000e+04,1.61948886e-03,1.06679372e-02
1.65200000e+04,1.61834853e-03,1.06711129e-02
1.65300000e+04,1.61719112e-03,1.06730283e-02
1.65400000e+04,1.61601839e-03,1.06743482e-02
1.65500000e+04,1.61485406e-03,1.06751508e-02
1.65600000e+04,1.61368022e-03,1.06757650e-02
1.65700000e+04,1.61251408e-03,1.06762566e-02
1.65800000e+04,1.61134054e-03,1.06766666e-02
1.65900000e+04,1.61015896e-03,1.06769730e-02
1.66000000e+04,1.60898679e-03,1.06772543e-02
1.66100000e+04,1.60794728e-03,1.06807538e-02
1.66200000e+04,1.60684574e-03,1.06841462e-02
1.66300000e+04,1.60572835e-03,1.06862883e-02
1.66400000e+04,1.60460073e-03,1.06877575e-02
1.66500000e+04,1.60347217e-03,1.06887344e-02
1.66600000e+04,1.60234229e-03,1.06895233e-02
1.66700000e+04,1.60120198e-03,1.06901928e-02
1.66800000e+04,1.60006979e-03,1.06907441e-02
1.66900000e+04,1.59893040e-03,1.06912447e-02
1.67000000e+04,1.59778645e-03,1.06916526e-02
1.67100000e+04,1.59678101e-03,1.06953048e-02
1.67200000e+04,1.59595705e-03,1.06988357e-02
1.67300000e+04,1.59997963e-03,1.07011192e-02
1.67400000e+04,1.59571888e-03,1.07027138e-02
1.67500000e+04,1.59358433e-03,1.07038640e-02
1.67600000e+04,1.59171848e-03,1.07047907e-02
1.67700000e+04,1.59050592e-03,1.07055793e-02
1.67800000e+04,1.58931271e-03,1.07062560e-02
1.67900000e+04,1.58824695e-03,1.07068832e-02
1.68000000e+04,1.58710774e-03,1.07074067e-02
1.68100000e+04,1.58612315e-03,1.07112425e-02
1.68200000e+04,1.58508105e-03,1.07149387e-02
1.68300000e+04,1.58405029e-03,1.07173902e-02
1.68400000e+04,1.58300715e-03,1.07191393e-02
1.68500000e+04,1.58196632e-03,1.07203889e-02
1.68600000e+04,1.58091886e-03,1.07214617e-02
1.68700000e+04,1.57987176e-03,1.07223458e-02
1.68800000e+04,1.57881851e-03,1.07231827e-02
1.68900000e+04,1.57776720e-03,1.07239412e-02
1.69000000e+04,1.57671396e-03,1.07246079e-02
1.69100000e+04,1.57581874e-03,1.07285044e-02
1.69200000e+04,1.57484007e-03,1.07323061e-02
1.69300000e+04,1.57384491e-03,1.07348938e-02
1.69400000e+04,1.57283917e-03,1.07367595e-02
1.69500000e+04,1.57182803e-03,1.07381250e-02
1.69600000e+04,1.57081835e-03,1.07392954e-02
1.69700000e+04,1.56988535e-03,1.07403416e-02
1.69800000e+04,1.57080852e-03,1.07412967e-02
1.69900000e+04,1.57568563e-03,1.07421190e-02
1.70000000e+04,1.56908910e-03,1.07428833e-02
1.70100000e+04,1.60817316e-03,1.07468696e-02
1.70200000e+04,1.57690258e-03,1.07507295e-02
1.70300000e+04,1.57015719e-03,1.07533542e-02
1.70400000e+04,1.56361796e-03,1.07553148e-02
1.70500000e+04,1.56132267e-03,1.07567697e-02
1.70600000e+04,1.56019101e-03,1.07580462e-02
1.70700000e+04,1.55912940e-03,1.07591403e-02
1.70800000e+04,1.55803182e-03,1.07601639e-02
1.70900000e+04,1.55698330e-03,1.07611348e-02
1.71000000e+04,1.55588667e-03,1.07619606e-02
1.71100000e+04,1.55492302e-03,1.07661527e-02
1.71200000e+04,1.55389668e-03,1.07702963e-02
1.71300000e+04,1.55286259e-03,1.07734157e-02
1.71400000e+04,1.55182690e-03,1.07788539e-02
1.71500000e+04,1.55078598e-03,1.08071263e-02
1.71600000e+04,1.54973653e-03,1.07774589e-02
1.71700000e+04,1.54869845e-03,1.07804804e-02
1.71800000e+04,1.54764953e-03,1.07845066e-02
1.71900000e+04,1.54659797e-03,1.07810018e-02
1.72000000e+04,1.54555193e-03,1.07826628e-02
1.72100000e+04,1.54459449e-03,1.07855840e-02
1.72200000e+04,1.54360254e-03,1.07880744e-02
1.72300000e+04,1.54258965e-03,1.07897752e-02
1.72400000e+04,1.54157576e-03,1.07910989e-02
1.72500000e+04,1.54056372e-03,1.07922210e-02
1.72600000e+04,1.53954106e-03,1.07932829e-02
1.72700000e+04,1.53851901e-03,1.07942421e-02
1.72800000e+04,1.53749809e-03,1.07951429e-02
1.72900000e+04,1.53647547e-03,1.07959116e-02
1.73000000e+04,1.53544680e-03,1.07966888e-02
1.73100000e+04,1.53453151e-03,1.08006726e-02
1.73200000e+04,1.53356518e-03,1.08046098e-02
1.73300000e+04,1.53258755e-03,1.08073084e-02
1.73400000e+04,1.53160378e-03,1.08094060e-02
1.73500000e+04,1.53061176e-03,1.08109575e-02
1.73600000e+04,1.52961586e-03,1.08122877e-02
1.73700000e+04,1.52862845e-03,1.08134469e-02
1.73800000e+04,1.52763633e-03,1.08145720e-02
1.73900000e+04,1.52663944e-03,1.08155645e-02
1.74000000e+04,1.52563697e-03,1.08165208e-02
1.74100000e+04,1.52476108e-03,1.08206766e-02
1.74200000e+04,1.52421010e-03,1.08248001e-02
1.74300000e+04,1.52915052e-03,1.08278948e-02
1.74400000e+04,1.52198532e-03,1.08319879e-02
1.74500000e+04,1.52097332e-03,1.08546444e-02
1.74600000e+04,1.52003130e-03,1.08318946e-02
1.74700000e+04,1.51909607e-03,1.08437971e-02
1.74800000e+04,1.51813422e-03,1.08362298e-02
1.74900000e+04,1.51722611e-03,1.08359437e-02
1.75000000e+04,1.51623805e-03,1.08392154e-02
1.75100000e+04,1.51540055e-03,1.08390067e-02
1.75200000e+04,1.51448635e-03,1.08389240e-02
1.75300000e+04,1.51358242e-03,1.08393769e-02
1.75400000e+04,1.51265665e-03,1.08399116e-02
1.75500000e+04,1.51174650e-03,1.08405403e-02
1.75600000e+04,1.51082596e-03,1.08411899e-02
1.75700000e+04,1.50990267e-03,1.08417668e-02
1.75800000e+04,1.50898202e-03,1.08422858e-02
1.75900000e+04,1.50805137e-03,1.08427701e-02
1.76000000e+04,1.50713404e-03,1.08432213e-02
1.76100000e+04,1.50633037e-03,1.08468443e-02
1.76200000e+04,1.50547859e-03,1.08504987e-02
1.76300000e+04,1.50459346e-03,1.08529882e-02
1.76400000e+04,1.50370356e-03,1.08548216e-02
1.76500000e+04,1.50282144e-03,1.08561739e-02
1.76600000e+04,1.50206600e-03,1.08573270e-02
1.76700000e+04,1.50507576e-03,1.08583014e-02
1.76800000e+04,1.50079907e-03,1.08591940e-02
1.76900000e+04,1.49938726e-03,1.08599932e-02
1.77000000e+04,1.49842790e-03,1.08607810e-02
1.77100000e+04,1.49770554e-03,1.08645770e-02
1.77200000e+04,1.49687167e-03,1.08683732e-02
1.77300000e+04,1.49596557e-03,1.08710159e-02
1.77400000e+04,1.49511766e-03,1.08729947e-02
1.77500000e+04,1.49428554e-03,1.08744833e-02
1.77600000e+04,1.49342512e-03,1.08758033e-02
1.77700000e+04,1.49258486e-03,1.08769397e-02
1.77800000e+04,1.49172846e-03,1.08779975e-02
1.77900000e+04,1.49087030e-03,1.08789420e-02
1.78000000e+04,1.49001676e-03,1.08798913e-02
1.78100000e+04,1.48929924e-03,1.08839182e-02
1.78200000e+04,1.48851269e-03,1.08880533e-02
1.78300000e+04,1.48770330e-03,1.08911307e-02
1.78400000e+04,1.48688880e-03,1.08950695e-02
1.78500000e+04,1.48606664e-03,1.09167565e-02
1.78600000e+04,1.48523917e-03,1.08951472e-02
1.78700000e+04,1.48441547e-03,1.09056341e-02
1.78800000e+04,1.48359118e-03,1.09006461e-02
1.78900000e+04,1.48277320e-03,1.08990312e-02
1.79000000e+04,1.48196464e-03,1.09017505e-02
1.79100000e+04,1.48117604e-03,1.08974812e-02
1.79200000e+04,1.48035860e-03,1.08919257e-02
1.79300000e+04,1.47955922e-03,1.08884902e-02
1.79400000e+04,1.47874097e-03,1.08867958e-02
1.79500000e+04,1.47793536e-03,1.08858494e-02
1.79600000e+04,1.47713959e-03,1.08852180e-02
1.79700000e+04,1.47700498e-03,1.08847090e-02
1.79800000e+04,1.48243795e-03,1.08843085e-02
1.79900000e+04,1.47681847e-03,1.08839504e-02
1.80000000e+04,1.47450278e-03,1.08836407e-02
1.80100000e+04,1.47323793e-03,1.08865153e-02
1.80200000e+04,1.47287928e-03,1.08894357e-02
1.80300000e+04,1.47118736e-03,1.08912995e-02
1.80400000e+04,1.46976208e-03,1.08924448e-02
1.80500000e+04,1.46860669e-03,1.08933213e-02
1.80600000e+04,1.46761984e-03,1.08951589e-02
1.80700000e+04,1.46665475e-03,1.09056559e-02
1.80800000e+04,1.46567024e-03,1.09001575e-02
1.80900000e+04,1.46470265e-03,1.08932991e-02
1.81000000e+04,1.46377848e-03,1.08975603e-02
1.81100000e+04,1.46289539e-03,1.08825928e-02
1.81200000e+04,1.46192979e-03,1.08682107e-02
1.81300000e+04,1.46100042e-03,1.08604485e-02
1.81400000e+04,1.46014864e-03,1.08546552e-02
1.81500000e+04,1.45996105e-03,1.08508096e-02
1.81600000e+04,1.46087186e-03,1.08480240e-02
1.81700000e+04,1.45767791e-03,1.08453377e-02
1.81800000e+04,1.45642954e-03,1.08430211e-02
1.81900000e+04,1.45543571e-03,1.08408571e-02
1.82000000e+04,1.45451742e-03,1.08388368e-02
1.82100000e+04,1.45428079e-03,1.08403454e-02
1.82200000e+04,1.46208397e-03,1.08418649e-02
1.82300000e+04,1.45491382e-03,1.08421568e-02
1.82400000e+04,1.45240371e-03,1.08417749e-02
1.82500000e+04,1.45173943e-03,1.08410159e-02
1.82600000e+04,1.45079080e-03,1.08401453e-02
1.82700000e+04,1.44927956e-03,1.08391647e-02
1.82800000e+04,1.44836805e-03,1.08381551e-02
1.82900000e+04,1.44753940e-03,1.08371393e-02
1.83000000e+04,1.44677268e-03,1.08360939e-02
1.83100000e+04,1.44613371e-03,1.08383727e-02
1.83200000e+04,1.44541473e-03,1.08404769e-02
1.83300000e+04,1.44469272e-03,1.08410427e-02
1.83400000e+04,1.44396803e-03,1.08393220e-02
1.83500000e+04,1.44323807e-03,1.08374858e-02
1.83600000e+04,1.44250597e-03,1.08414528e-02
1.83700000e+04,1.44176751e-03,1.08404115e-02
1.83800000e+04,1.44102541e-03,1.08392243e-02
1.83900000e+04,1.44028056e-03,1.08416713e-02
1.84000000e+04,1.43953683e-03,1.08404268e-02
1.84100000e+04,1.43892476e-03,1.08383241e-02
1.84200000e+04,1.43824840e-03,1.08357588e-02
1.84300000e+04,1.43756373e-03,1.08339936e-02
1.84400000e+04,1.43685215e-03,1.08329031e-02
1.84500000e+04,1.43614674e-03,1.08319712e-02
1.84600000e+04,1.43544057e-03,1.08310418e-02
1.84700000e+04,1.43471884e-03,1.08300164e-02
1.84800000e+04,1.43399368e-03,1.08290277e-02
1.84900000e+04,1.43328508e-03,1.08280362e-02
1.85000000e+04,1.43255560e-03,1.08270468e-02
1.85100000e+04,1.43196667e-03,1.08292284e-02
1.85200000e+04,1.43132752e-03,1.08313697e-02
1.85300000e+04,1.43064917e-03,1.08323259e-02
1.85400000e+04,1.42996811e-03,1.08325522e-02
1.85500000e+04,1.42928645e-03,1.08323174e-02
1.85600000e+04,1.42859633e-03,1.08319591e-02
1.85700000e+04,1.42790489e-03,1.08314771e-02
1.85800000e+04,1.42720377e-03,1.08309254e-02
1.85900000e+04,1.42650586e-03,1.08300613e-02
1.86000000e+04,1.42580148e-03,1.08302380e-02
1.86100000e+04,1.42524418e-03,1.10407140e-02
1.86200000e+04,1.42462060e-03,1.07261641e-02
1.86300000e+04,1.42397189e-03,1.07272602e-02
1.86400000e+04,1.42330837e-03,1.06881553e-02
1.86500000e+04,1.42265222e-03,1.06591630e-02
1.86600000e+04,1.42197933e-03,1.06483847e-02
1.86700000e+04,1.42130788e-03,1.06371336e-02
1.86800000e+04,1.42063293e-03,1.06267143e-02
1.86900000e+04,1.41994790e-03,1.06181189e-02
1.87000000e+04,1.41927227e-03,1.06121627e-02
1.87100000e+04,1.41873806e-03,1.06072802e-02
1.87200000e+04,1.41813213e-03,1.06036379e-02
1.87300000e+04,1.41750338e-03,1.05995359e-02
1.87400000e+04,1.41686541e-03,1.05953900e-02
1.87500000e+04,1.41621823e-03,1.05911702e-02
1.87600000e+04,1.41557732e-03,1.05869628e-02
1.87700000e+04,1.41491840e-03,1.05828927e-02
1.87800000e+04,1.41426474e-03,1.05789365e-02
1.87900000e+04,1.41360305e-03,1.05750469e-02
1.88000000e+04,1.41293706e-03,1.05712749e-02
1.88100000e+04,1.41243096e-03,1.05701371e-02
1.88200000e+04,1.41184903e-03,1.05697386e-02
1.88300000e+04,1.41123712e-03,1.05681569e-02
1.88400000e+04,1.41062315e-03,1.05660619e-02
1.88500000e+04,1.40999363e-03,1.05637056e-02
1.88600000e+04,1.40936643e-03,1.05611385e-02
1.88700000e+04,1.40873699e-03,1.05585104e-02
1.88800000e+04,1.40809453e-03,1.05558588e-02
1.88900000e+04,1.40747234e-03,1.05531821e-02
1.89000000e+04,1.40685912e-03,1.05505150e-02
1.89100000e+04,1.41013854e-03,1.05502928e-02
1.89200000e+04,1.40950470e-03,1.05506737e-02
1.89300000e+04,1.40570326e-03,1.05499253e-02
1.89400000e+04,1.40520629e-03,1.05485715e-02
1.89500000e+04,1.40427317e-03,1.05469825e-02
1.89600000e+04,1.40340854e-03,1.05451028e-02
1.89700000e+04,1.40273392e-03,1.05431555e-02
1.89800000e+04,1.40212030e-03,1.05411745e-02
1.89900000e+04,1.40150861e-03,1.05391252e-02
1.90000000e+04,1.40090128e-03,1.05370235e-02
1.90100000e+04,1.40044171e-03,1.05373001e-02
1.90200000e+04,1.39990878e-03,1.05381396e-02
1.90300000e+04,1.39934943e-03,1.05378763e-02
1.90400000e+04,1.39878017e-03,1.05370098e-02
1.90500000e+04,1.39820077e-03,1.05358579e-02
1.90600000e+04,1.39761662e-03,1.05344800e-02
1.90700000e+04,1.39702712e-03,1.05329844e-02
1.90800000e+04,1.39643655e-03,1.05314036e-02
1.90900000e+04,1.39584300e-03,1.05297901e-02
1.91000000e+04,1.39525292e-03,1.05281291e-02
1.91100000e+04,1.39480641e-03,1.05287482e-02
1.91200000e+04,1.39429236e-03,1.05298786e-02
1.91300000e+04,1.39375144e-03,1.05299234e-02
1.91400000e+04,1.39319247e-03,1.05294294e-02
1.91500000e+04,1.39263393e-03,1.05286194e-02
1.91600000e+04,1.39206280e-03,1.05275651e-02
1.91700000e+04,1.39148863e-03,1.05264206e-02
1.91800000e+04,1.39091094e-03,1.05251862e-02
1.91900000e+04,1.39034374e-03,1.05238734e-02
1.92000000e+04,1.38975593e-03,1.05225353e-02
1.92100000e+04,1.38933170e-03,1.05234557e-02
1.92200000e+04,1.38883507e-03,1.05248172e-02
1.92300000e+04,1.38830686e-03,1.05251856e-02
1.92400000e+04,1.38777032e-03,1.05249470e-02
1.92500000e+04,1.38722426e-03,1.05244221e-02
1.92600000e+04,1.38667167e-03,1.05236614e-02
1.92700000e+04,1.38611639e-03,1.05227797e-02
1.92800000e+04,1.38555763e-03,1.05218475e-02
1.92900000e+04,1.38499367e-03,1.05207940e-02
1.93000000e+04,1.38442890e-03,1.05197327e-02
1.93100000e+04,1.38402187e-03,1.05209014e-02
1.93200000e+04,1.38354258e-03,1.05224380e-02
1.93300000e+04,1.38305858e-03,1.05230198e-02
1.93400000e+04,1.38304450e-03,1.05230114e-02
1.93500000e+04,1.38880887e-03,1.05227418e-02
1.93600000e+04,1.38302758e-03,1.05221916e-02
1.93700000e+04,1.38115520e-03,1.05215621e-02
1.93800000e+04,1.38050981e-03,1.05208488e-02
1.93900000e+04,1.37992814e-03,1.05200584e-02
1.94000000e+04,1.37941722e-03,1.05191902e-02
1.94100000e+04,1.37892764e-03,1.05205497e-02
1.94200000e+04,1.37843184e-03,1.05222963e-02
1.94300000e+04,1.37792946e-03,1.05230724e-02
1.94400000e+04,1.37742947e-03,1.05232765e-02
1.94500000e+04,1.37692238e-03,1.05232177e-02
1.94600000e+04,1.37641599e-03,1.05228939e-02
1.94700000e+04,1.37591114e-03,1.05224538e-02
1.94800000e+04,1.37539218e-03,1.05219219e-02
1.94900000e+04,1.37487852e-03,1.05213589e-02
1.95000000e+04,1.37436065e-03,1.05207246e-02
1.95100000e+04,1.37400856e-03,1.05222536e-02
1.95200000e+04,1.37357524e-03,1.05241364e-02
1.95300000e+04,1.37310738e-03,1.05250769e-02
1.95400000e+04,1.37263969e-03,1.05254958e-02
1.95500000e+04,1.37215871e-03,1.05256116e-02
1.95600000e+04,1.37166611e-03,1.05255076e-02
1.95700000e+04,1.37118021e-03,1.05252293e-02
1.95800000e+04,1.37067585e-03,1.05249131e-02
1.95900000e+04,1.37017860e-03,1.05244924e-02
1.96000000e+04,1.36968085e-03,1.05240409e-02
1.96100000e+04,1.36934100e-03,1.05257424e-02
1.96200000e+04,1.36893016e-03,1.05277963e-02
1.96300000e+04,1.36848057e-03,1.05288590e-02
1.96400000e+04,1.36801631e-03,1.05294775e-02
1.96500000e+04,1.36754365e-03,1.05297428e-02
1.96600000e+04,1.36709778e-03,1.05297946e-02
1.96700000e+04,1.36717389e-03,1.05297151e-02
1.96800000e+04,1.36717074e-03,1.05295175e-02
1.96900000e+04,1.36615773e-03,1.05292858e-02
1.97000000e+04,1.36526441e-03,1.05289933e-02
1.97100000e+04,1.36448765e-03,1.05308538e-02
1.97200000e+04,1.36381091e-03,1.05329890e-02
1.97300000e+04,1.36369354e-03,1.05342567e-02
1.97400000e+04,1.36293146e-03,1.05349967e-02
1.97500000e+04,1.36207391e-03,1.05354179e-02
1.97600000e+04,1.36138952e-03,1.05355959e-02
1.97700000e+04,1.36080151e-03,1.05356656e-02
1.97800000e+04,1.36020456e-03,1.05356373e-02
1.97900000e+04,1.35963654e-03,1.05355440e-02
1.98000000e+04,1.35905766e-03,1.05353987e-02
1.98100000e+04,1.35859214e-03,1.05374069e-02
1.98200000e+04,1.35807240e-03,1.05396997e-02
1.98300000e+04,1.35754071e-03,1.05410724e-02
1.98400000e+04,1.35700077e-03,1.05419605e-02
1.98500000e+04,1.35646223e-03,1.05425540e-02
1.98600000e+04,1.35591353e-03,1.05428446e-02
1.98700000e+04,1.35538722e-03,1.05430474e-02
1.98800000e+04,1.35565274e-03,1.05431648e-02
1.98900000e+04,1.35464760e-03,1.05432194e-02
1.99000000e+04,1.35384377e-03,1.05431758e-02
1.99100000e+04,1.35316770e-03,1.05453516e-02
1.99200000e+04,1.35259158e-03,1.05477496e-02
1.99300000e+04,1.35206889e-03,1.05492455e-02
1.99400000e+04,1.35149240e-03,1.05502803e-02
1.99500000e+04,1.35094223e-03,1.05509748e-02
1.99600000e+04,1.35038533e-03,1.05514110e-02
1.99700000e+04,1.34983853e-03,1.05517712e-02
1.99800000e+04,1.34927803e-03,1.05520092e-02
1.99900000e+04,1.34871769e-03,1.05521931e-02
2.00000000e+04,1.34816228e-03,1.05523071e-02
2.00100000e+04,1.34776529e-03,1.05545645e-02
2.00200000e+04,1.34730294e-03,1.05570574e-02
2.00300000e+04,1.34679770e-03,1.05586827e-02
2.00400000e+04,1.34628074e-03,1.05598387e-02
2.00500000e+04,1.34576646e-03,1.05606495e-02
2.00600000e+04,1.34524238e-03,1.05612320e-02
2.00700000e+04,1.34470855e-03,1.05616549e-02
2.00800000e+04,1.34418968e-03,1.05620300e-02
2.00900000e+04,1.34370780e-03,1.05623275e-02
2.01000000e+04,1.34392766e-03,1.05625610e-02
2.01100000e+04,1.41409455e-03,1.05649704e-02
2.01200000e+04,1.38912985e-03,1.05675835e-02
2.01300000e+04,1.35319711e-03,1.05693791e-02
2.01400000e+04,1.34602862e-03,1.05706333e-02
2.01500000e+04,1.34222057e-03,1.05715709e-02
2.01600000e+04,1.34089600e-03,1.05722936e-02
2.01700000e+04,1.34014300e-03,1.05728735e-02
2.01800000e+04,1.33978572e-03,1.05733133e-02
2.01900000e+04,1.33946784e-03,1.05737483e-02
2.02000000e+04,1.33917981e-03,1.05740966e-02
2.02100000e+04,1.33897183e-03,1.05765814e-02
2.02200000e+04,1.33874573e-03,1.05792751e-02
2.02300000e+04,1.33851426e-03,1.05811424e-02
2.02400000e+04,1.33826357e-03,1.05825254e-02
2.02500000e+04,1.33801105e-03,1.05835525e-02
2.02600000e+04,1.33776534e-03,1.05843528e-02
2.02700000e+04,1.33750756e-03,1.05850105e-02
2.02800000e+04,1.33725291e-03,1.05855928e-02
2.02900000e+04,1.33699782e-03,1.05860985e-02
2.03000000e+04,1.33674194e-03,1.05865546e-02
2.03100000e+04,1.33656137e-03,1.05891259e-02
2.03200000e+04,1.33636757e-03,1.05918499e-02
2.03300000e+04,1.33614302e-03,1.05938140e-02
2.03400000e+04,1.33592083e-03,1.05952534e-02
2.03500000e+04,1.33568179e-03,1.05964036e-02
2.03600000e+04,1.33544481e-03,1.05972632e-02
2.03700000e+04,1.33520566e-03,1.05980013e-02
2.03800000e+04,1.33496597e-03,1.05986713e-02
2.03900000e+04,1.33472483e-03,1.05992668e-02
2.04000000e+04,1.33448043e-03,1.05998068e-02
2.04100000e+04,1.33431546e-03,1.06025053e-02
2.04200000e+04,1.33412540e-03,1.06053741e-02
2.04300000e+04,1.33392395e-03,1.06074587e-02
2.04400000e+04,1.33370681e-03,1.06090145e-02
2.04500000e+04,1.33348383e-03,1.06102548e-02
2.04600000e+04,1.33325456e-03,1.06112261e-02
2.04700000e+04,1.33303511e-03,1.06120812e-02
2.04800000e+04,1.33279733e-03,1.06128334e-02
2.04900000e+04,1.33257202e-03,1.06135488e-02
2.05000000e+04,1.33233482e-03,1.06141824e-02
2.05100000e+04,1.33218398e-03,1.06170006e-02
2.05200000e+04,1.33200837e-03,1.06199612e-02
2.05300000e+04,1.33181638e-03,1.06221227e-02
2.05400000e+04,1.33160193e-03,1.06238172e-02
2.05500000e+04,1.33139457e-03,1.06251181e-02
2.05600000e+04,1.33117342e-03,1.06262062e-02
2.05700000e+04,1.33095204e-03,1.06271539e-02
2.05800000e+04,1.33073579e-03,1.06280121e-02
2.05900000e+04,1.33050840e-03,1.06288252e-02
2.06000000e+04,1.33028900e-03,1.06295411e-02
2.06100000e+04,1.33013953e-03,1.06324553e-02
2.06200000e+04,1.32998037e-03,1.06354474e-02
2.06300000e+04,1.32979245e-03,1.06372987e-02
2.06400000e+04,1.32959251e-03,1.06369395e-02
2.06500000e+04,1.32939178e-03,1.06486329e-02
2.06600000e+04,1.32917992e-03,1.06421295e-02
2.06700000e+04,1.32897018e-03,1.06420358e-02
2.06800000e+04,1.32875389e-03,1.06433946e-02
2.06900000e+04,1.32854499e-03,1.06449998e-02
2.07000000e+04,1.32832597e-03,1.06461318e-02
2.07100000e+04,1.32819547e-03,1.06469235e-02
2.07200000e+04,1.32804374e-03,1.06478209e-02
2.07300000e+04,1.32785872e-03,1.06487350e-02
2.07400000e+04,1.32767138e-03,1.06494907e-02
2.07500000e+04,1.32747013e-03,1.06501686e-02
2.07600000e+04,1.32727138e-03,1.06507389e-02
2.07700000e+04,1.32706585e-03,1.06512883e-02
2.07800000e+04,1.32685962e-03,1.06518213e-02
2.07900000e+04,1.32665646e-03,1.06523413e-02
2.08000000e+04,1.32645058e-03,1.06527959e-02
2.08100000e+04,1.32632394e-03,1.06553462e-02
2.08200000e+04,1.32617962e-03,1.06580928e-02
2.08300000e+04,1.32599883e-03,1.06601573e-02
2.08400000e+04,1.32582591e-03,1.06617722e-02
2.08500000e+04,1.32563587e-03,1.06630092e-02
2.08600000e+04,1.32543914e-03,1.06640352e-02
2.08700000e+04,1.32524634e-03,1.06649666e-02
2.08800000e+04,1.32504653e-03,1.06657669e-02
2.08900000e+04,1.32484423e-03,1.06665226e-02
2.09000000e+04,1.32464534e-03,1.06672190e-02
2.09100000e+04,1.32452376e-03,1.06699533e-02
2.09200000e+04,1.32438909e-03,1.06728089e-02
2.09300000e+04,1.32423265e-03,1.06750198e-02
2.09400000e+04,1.32405543e-03,1.06767371e-02
2.09500000e+04,1.32387114e-03,1.06781235e-02
2.09600000e+04,1.32368640e-03,1.06792984e-02
2.09700000e+04,1.32349162e-03,1.06803171e-02
2.09800000e+04,1.32330364e-03,1.06812599e-02
2.09900000e+04,1.32310751e-03,1.06821309e-02
2.10000000e+04,1.32291227e-03,1.06829481e-02
2.10100000e+04,1.32280438e-03,1.06858173e-02
2.10200000e+04,1.32267424e-03,1.06888859e-02
2.10300000e+04,1.32251854e-03,1.06912811e-02
2.10400000e+04,1.32234974e-03,1.06931373e-02
2.10500000e+04,1.32217349e-03,1.06946277e-02
2.10600000e+04,1.32199299e-03,1.06959600e-02
2.10700000e+04,1.32180968e-03,1.06970506e-02
2.10800000e+04,1.32162722e-03,1.06981651e-02
2.10900000e+04,1.32143902e-03,1.06990956e-02
2.11000000e+04,1.32125298e-03,1.07000393e-02
2.11100000e+04,1.32115234e-03,1.07029033e-02
2.11200000e+04,1.32102573e-03,1.07058523e-02
2.11300000e+04,1.32088308e-03,1.07082109e-02
2.11400000e+04,1.32071535e-03,1.07100733e-02
2.11500000e+04,1.32054365e-03,1.07116749e-02
2.11600000e+04,1.32037041e-03,1.07133389e-02
2.11700000e+04,1.32019417e-03,1.07178306e-02
2.11800000e+04,1.32001347e-03,1.07182505e-02
2.11900000e+04,1.31983047e-03,1.07182726e-02
2.12000000e+04,1.31965402e-03,1.07158838e-02
2.12100000e+04,1.31955518e-03,1.07180585e-02
2.12200000e+04,1.31943873e-03,1.07188377e-02
2.12300000e+04,1.31929977e-03,1.07187287e-02
2.12400000e+04,1.31914434e-03,1.07187666e-02
2.12500000e+04,1.31898340e-03,1.07192205e-02
2.12600000e+04,1.31881093e-03,1.07198500e-02
2.12700000e+04,1.31864210e-03,1.07204334e-02
2.12800000e+04,1.31846401e-03,1.07209191e-02
2.12900000e+04,1.31829017e-03,1.07214148e-02
2.13000000e+04,1.31811387e-03,1.07219002e-02
2.13100000e+04,1.31802261e-03,1.07243309e-02
2.13200000e+04,1.31791802e-03,1.07269467e-02
2.13300000e+04,1.31777634e-03,1.07289536e-02
2.13400000e+04,1.31763019e-03,1.07305202e-02
2.13500000e+04,1.31747265e-03,1.07317932e-02
2.13600000e+04,1.31731002e-03,1.07328729e-02
2.13700000e+04,1.31714944e-03,1.07337864e-02
2.13800000e+04,1.31697724e-03,1.07346759e-02
2.13900000e+04,1.31680825e-03,1.07354940e-02
2.14000000e+04,1.31663251e-03,1.07362485e-02
2.14100000e+04,1.31655332e-03,1.07390097e-02
2.14200000e+04,1.31645789e-03,1.07419637e-02
2.14300000e+04,1.31631926e-03,1.07442938e-02
2.14400000e+04,1.31617385e-03,1.07461230e-02
2.14500000e+04,1.31602200e-03,1.07475852e-02
2.14600000e+04,1.31586788e-03,1.07488703e-02
2.14700000e+04,1.31570621e-03,1.07499874e-02
2.14800000e+04,1.31553887e-03,1.07510167e-02
2.14900000e+04,1.31537911e-03,1.07520119e-02
2.15000000e+04,1.31521210e-03,1.07528762e-02
2.15100000e+04,1.31513162e-03,1.07556749e-02
2.15200000e+04,1.31503769e-03,1.07586090e-02
2.15300000e+04,1.31491902e-03,1.07609460e-02
2.15400000e+04,1.31477618e-03,1.07628240e-02
2.15500000e+04,1.31463193e-03,1.07643614e-02
2.15600000e+04,1.31447574e-03,1.07656868e-02
2.15700000e+04,1.31432632e-03,1.07668991e-02
2.15800000e+04,1.31416776e-03,1.07680008e-02
2.15900000e+04,1.31400507e-03,1.07690245e-02
2.16000000e+04,1.31384782e-03,1.07700421e-02
2.16100000e+04,1.31377281e-03,1.07731232e-02
2.16200000e+04,1.31368839e-03,1.07763346e-02
2.16300000e+04,1.31356701e-03,1.07788724e-02
2.16400000e+04,1.31343249e-03,1.07809654e-02
2.16500000e+04,1.31328769e-03,1.07826205e-02
2.16600000e+04,1.31314149e-03,1.07840646e-02
2.16700000e+04,1.31299094e-03,1.07849284e-02
2.16800000e+04,1.31283835e-03,1.07836402e-02
2.16900000e+04,1.31268021e-03,1.07910664e-02
2.17000000e+04,1.31252333e-03,1.07871629e-02
2.17100000e+04,1.31246666e-03,1.07888964e-02
2.17200000e+04,1.31238240e-03,1.07881006e-02
2.17300000e+04,1.31226805e-03,1.07863475e-02
2.17400000e+04,1.31213715e-03,1.07855535e-02
2.17500000e+04,1.31200294e-03,1.07855958e-02
2.17600000e+04,1.31185483e-03,1.07858533e-02
2.17700000e+04,1.31171527e-03,1.07859873e-02
2.17800000e+04,1.31155803e-03,1.07861717e-02
2.17900000e+04,1.31141007e-03,1.07864067e-02
2.18000000e+04,1.31125977e-03,1.07867076e-02
2.18100000e+04,1.31120399e-03,1.07890287e-02
2.18200000e+04,1.31112187e-03,1.07915713e-02
2.18300000e+04,1.31101319e-03,1.07935340e-02
2.18400000e+04,1.31088914e-03,1.07950228e-02
2.18500000e+04,1.31075481e-03,1.07962161e-02
2.18600000e+04,1.31061476e-03,1.07972263e-02
2.18700000e+04,1.31047381e-03,1.07980865e-02
2.18800000e+04,1.31032974e-03,1.07988804e-02
2.18900000e+04,1.31018583e-03,1.07996410e-02
2.19000000e+04,1.31003804e-03,1.08003293e-02
2.19100000e+04,1.30998356e-03,1.08030759e-02
2.19200000e+04,1.30991331e-03,1.08060481e-02
2.19300000e+04,1.30979931e-03,1.08083191e-02
2.19400000e+04,1.30968434e-03,1.08101738e-02
2.19500000e+04,1.30955869e-03,1.08116263e-02
2.19600000e+04,1.30942161e-03,1.08128712e-02
2.19700000e+04,1.30928693e-03,1.08139949e-02
2.19800000e+04,1.30914542e-03,1.08150295e-02
2.19900000e+04,1.30900614e-03,1.08159951e-02
2.20000000e+04,1.30885721e-03,1.08168853e-02
2.20100000e+04,1.30881462e-03,1.08197808e-02
2.20200000e+04,1.30874705e-03,1.08229321e-02
2.20300000e+04,1.30864753e-03,1.08254344e-02
2.20400000e+04,1.30852529e-03,1.08274472e-02
2.20500000e+04,1.30840706e-03,1.08290466e-02
2.20600000e+04,1.30827366e-03,1.08304785e-02
2.20700000e+04,1.30814313e-03,1.08317669e-02
2.20800000e+04,1.30800645e-03,1.08328774e-02
2.20900000e+04,1.30786496e-03,1.08340041e-02
2.21000000e+04,1.30772062e-03,1.08350111e-02
2.21100000e+04,1.30768864e-03,1.08380777e-02
2.21200000e+04,1.30762175e-03,1.08412965e-02
2.21300000e+04,1.30752018e-03,1.08438438e-02
2.21400000e+04,1.30741075e-03,1.08459544e-02
2.21500000e+04,1.30729276e-03,1.08476413e-02
2.21600000e+04,1.30716723e-03,1.08488829e-02
2.21700000e+04,1.30703043e-03,1.08475835e-02
2.21800000e+04,1.30690326e-03,1.08564092e-02
2.21900000e+04,1.30676657e-03,1.08524766e-02
2.22000000e+04,1.30663157e-03,1.08529777e-02
2.22100000e+04,1.30659577e-03,1.08559572e-02
2.22200000e+04,1.30653369e-03,1.08552200e-02
2.22300000e+04,1.30643981e-03,1.08552092e-02
2.22400000e+04,1.30633549e-03,1.08560392e-02
2.22500000e+04,1.30622018e-03,1.08565450e-02
2.22600000e+04,1.30609531e-03,1.08569697e-02
2.22700000e+04,1.30596716e-03,1.08576732e-02
2.22800000e+04,1.30584230e-03,1.08582738e-02
2.22900000e+04,1.30570928e-03,1.08588769e-02
2.23000000e+04,1.30557801e-03,1.08594687e-02
2.23100000e+04,1.30554924e-03,1.08619940e-02
2.23200000e+04,1.30549793e-03,1.08647879e-02
2.23300000e+04,1.30540339e-03,1.08669622e-02
2.23400000e+04,1.30529951e-03,1.08687542e-02
2.23500000e+04,1.30518468e-03,1.08702126e-02
2.23600000e+04,1.30506396e-03,1.08714641e-02
2.23700000e+04,1.30493963e-03,1.08725424e-02
2.23800000e+04,1.30481726e-03,1.08735773e-02
2.23900000e+04,1.30469641e-03,1.08745289e-02
2.24000000e+04,1.30456304e-03,1.08754171e-02
2.24100000e+04,1.30453498e-03,1.08782277e-02
2.24200000e+04,1.30448563e-03,1.08812300e-02
2.24300000e+04,1.30439852e-03,1.08836185e-02
2.24400000e+04,1.30429852e-03,1.08855936e-02
2.24500000e+04,1.30418435e-03,1.08872205e-02
2.24600000e+04,1.30406803e-03,1.08886326e-02
2.24700000e+04,1.30395188e-03,1.08899133e-02
2.24800000e+04,1.30383248e-03,1.08910643e-02
2.24900000e+04,1.30370360e-03,1.08921932e-02
2.25000000e+04,1.30358335e-03,1.08932083e-02
2.25100000e+04,1.30355743e-03,1.08961337e-02
2.25200000e+04,1.30351626e-03,1.08992630e-02
2.25300000e+04,1.30343269e-03,1.09018047e-02
2.25400000e+04,1.30333344e-03,1.09039353e-02
2.25500000e+04,1.30322771e-03,1.09056356e-02
2.25600000e+04,1.30311276e-03,1.09071844e-02
2.25700000e+04,1.30300028e-03,1.09085515e-02
2.25800000e+04,1.30287826e-03,1.09098233e-02
2.25900000e+04,1.30275630e-03,1.09110737e-02
2.26000000e+04,1.30263381e-03,1.09122292e-02
2.26100000e+04,1.30261535e-03,1.09152937e-02
2.26200000e+04,1.30257338e-03,1.09186489e-02
2.26300000e+04,1.30248890e-03,1.09213563e-02
2.26400000e+04,1.30240129e-03,1.09236273e-02
2.26500000e+04,1.30229704e-03,1.09255165e-02
2.26600000e+04,1.30218533e-03,1.09271881e-02
2.26700000e+04,1.30206816e-03,1.09286696e-02
2.26800000e+04,1.30195463e-03,1.09300792e-02
2.26900000e+04,1.30183674e-03,1.09314077e-02
2.27000000e+04,1.30171173e-03,1.09326939e-02
2.27100000e+04,1.30170049e-03,1.09357745e-02
2.27200000e+04,1.30165416e-03,1.09390399e-02
2.27300000e+04,1.30158554e-03,1.09416130e-02
2.27400000e+04,1.30149304e-03,1.09420980e-02
2.27500000e+04,1.30139949e-03,1.09465723e-02
2.27600000e+04,1.30128957e-03,1.09470885e-02
2.27700000e+04,1.30117646e-03,1.09493283e-02
2.27800000e+04,1.30105618e-03,1.09510741e-02
2.27900000e+04,1.30094766e-03,1.09523190e-02
2.28000000e+04,1.30083024e-03,1.09533712e-02
2.28100000e+04,1.30081372e-03,1.09539056e-02
2.28200000e+04,1.30077632e-03,1.09546289e-02
2.28300000e+04,1.30070278e-03,1.09554135e-02
2.28400000e+04,1.30061943e-03,1.09560204e-02
2.28500000e+04,1.30052053e-03,1.09568357e-02
2.28600000e+04,1.30041633e-03,1.09576377e-02
2.28700000e+04,1.30030608e-03,1.09583801e-02
2.28800000e+04,1.30019557e-03,1.09591503e-02
2.28900000e+04,1.30008098e-03,1.09599617e-02
2.29000000e+04,1.29996565e-03,1.09607179e-02
2.29100000e+04,1.29995530e-03,1.09632254e-02
2.29200000e+04,1.29991999e-03,1.09659999e-02
2.29300000e+04,1.29985009e-03,1.09682595e-02
2.29400000e+04,1.29976336e-03,1.09701624e-02
2.29500000e+04,1.29966823e-03,1.09717018e-02
2.29600000e+04,1.29956646e-03,1.09730770e-02
2.29700000e+04,1.29945829e-03,1.09743210e-02
2.29800000e+04,1.29935890e-03,1.09754840e-02
2.29900000e+04,1.29924240e-03,1.09765777e-02
2.30000000e+04,1.29913220e-03,1.09776133e-02
2.30100000e+04,1.29912492e-03,1.09804191e-02
2.30200000e+04,1.29909710e-03,1.09834246e-02
2.30300000e+04,1.29902151e-03,1.09859284e-02
2.30400000e+04,1.29894303e-03,1.09880173e-02
2.30500000e+04,1.29885280e-03,1.09897531e-02
2.30600000e+04,1.29875406e-03,1.09912911e-02
2.30700000e+04,1.29864544e-03,1.09926920e-02
2.30800000e+04,1.29854429e-03,1.09940181e-02
2.30900000e+04,1.29843281e-03,1.09952569e-02
2.31000000e+04,1.29832114e-03,1.09964270e-02
2.31100000e+04,1.29831341e-03,1.09993289e-02
2.31200000e+04,1.29828423e-03,1.10025074e-02
2.31300000e+04,1.29822092e-03,1.10051431e-02
2.31400000e+04,1.29814222e-03,1.10073259e-02
2.31500000e+04,1.29804821e-03,1.10091995e-02
2.31600000e+04,1.29794791e-03,1.10108827e-02
2.31700000e+04,1.29785497e-03,1.10124080e-02
2.31800000e+04,1.29774869e-03,1.10138139e-02
2.31900000e+04,1.29764000e-03,1.10151365e-02
2.32000000e+04,1.29752993e-03,1.10164382e-02
2.32100000e+04,1.29753137e-03,1.10194814e-02
2.32200000e+04,1.29750357e-03,1.10227996e-02
2.32300000e+04,1.29743880e-03,1.10255145e-02
2.32400000e+04,1.29736189e-03,1.10278076e-02
2.32500000e+04,1.29726847e-03,1.10298166e-02
2.32600000e+04,1.29717270e-03,1.10315739e-02
2.32700000e+04,1.29707681e-03,1.10332094e-02
2.32800000e+04,1.29697510e-03,1.10346761e-02
2.32900000e+04,1.29687284e-03,1.10361949e-02
2.33000000e+04,1.29677033e-03,1.10374836e-02
2.33100000e+04,1.29676456e-03,1.10406484e-02
2.33200000e+04,1.29673982e-03,1.10445455e-02
2.33300000e+04,1.29667605e-03,1.10562164e-02
2.33400000e+04,1.29659534e-03,1.10478952e-02
2.33500000e+04,1.29651054e-03,1.10497176e-02
2.33600000e+04,1.29642034e-03,1.10517241e-02
2.33700000e+04,1.29632283e-03,1.10535141e-02
2.33800000e+04,1.29622632e-03,1.10552102e-02
2.33900000e+04,1.29611797e-03,1.10568229e-02
2.34000000e+04,1.29601496e-03,1.10583214e-02
2.34100000e+04,1.29602014e-03,1.10602045e-02
2.34200000e+04,1.29598955e-03,1.10615278e-02
2.34300000e+04,1.29593192e-03,1.10626863e-02
2.34400000e+04,1.29585661e-03,1.10638144e-02
2.34500000e+04,1.29576961e-03,1.10649646e-02
2.34600000e+04,1.29567540e-03,1.10660765e-02
2.34700000e+04,1.29557933e-03,1.10671369e-02
2.34800000e+04,1.29548264e-03,1.10681843e-02
2.34900000e+04,1.29538656e-03,1.10692263e-02
2.35000000e+04,1.29527520e-03,1.10702228e-02
2.35100000e+04,1.29528901e-03,1.10728755e-02
2.35200000e+04,1.29525986e-03,1.10758162e-02
2.35300000e+04,1.29519935e-03,1.10782846e-02
2.35400000e+04,1.29512760e-03,1.10803664e-02
2.35500000e+04,1.29504530e-03,1.10821351e-02
2.35600000e+04,1.29495569e-03,1.10837177e-02
2.35700000e+04,1.29485673e-03,1.10851347e-02
2.35800000e+04,1.29475946e-03,1.10865113e-02
2.35900000e+04,1.29466153e-03,1.10878350e-02
2.36000000e+04,1.29456077e-03,1.10890563e-02
2.36100000e+04,1.29457078e-03,1.10918355e-02
2.36200000e+04,1.29453963e-03,1.10948255e-02
2.36300000e+04,1.29448602e-03,1.10973414e-02
2.36400000e+04,1.29441439e-03,1.10994958e-02
2.36500000e+04,1.29433292e-03,1.11013464e-02
2.36600000e+04,1.29426272e-03,1.11029918e-02
2.36700000e+04,1.29428647e-03,1.11045617e-02
2.36800000e+04,1.29445754e-03,1.11059982e-02
2.36900000e+04,1.29400785e-03,1.11074145e-02
2.37000000e+04,1.29391544e-03,1.11087188e-02
2.37100000e+04,1.29322370e-03,1.11116278e-02
2.37200000e+04,1.29274374e-03,1.11146969e-02
2.37300000e+04,1.29240013e-03,1.11173196e-02
2.37400000e+04,1.29214894e-03,1.11196298e-02
2.37500000e+04,1.29190410e-03,1.11215729e-02
2.37600000e+04,1.29168365e-03,1.11232769e-02
2.37700000e+04,1.29147252e-03,1.11248531e-02
2.37800000e+04,1.29126189e-03,1.11265285e-02
2.37900000e+04,1.29106518e-03,1.11280093e-02
2.38000000e+04,1.29086176e-03,1.11295169e-02
2.38100000e+04,1.29079871e-03,1.11318170e-02
2.38200000e+04,1.29069074e-03,1.11344344e-02
2.38300000e+04,1.29055944e-03,1.11367126e-02
2.38400000e+04,1.29041213e-03,1.11386776e-02
2.38500000e+04,1.29028073e-03,1.11404237e-02
2.38600000e+04,1.29032732e-03,1.11420236e-02
2.38700000e+04,1.29007472e-03,1.11435610e-02
2.38800000e+04,1.28980188e-03,1.11450443e-02
2.38900000e+04,1.28966580e-03,1.11467611e-02
2.39000000e+04,1.28948653e-03,1.11490225e-02
2.39100000e+04,1.28943504e-03,1.11467673e-02
2.39200000e+04,1.28934054e-03,1.11455422e-02
2.39300000e+04,1.28922976e-03,1.11452967e-02
2.39400000e+04,1.28910496e-03,1.11445980e-02
2.39500000e+04,1.28897096e-03,1.11445449e-02
2.39600000e+04,1.28883387e-03,1.11449576e-02
2.39700000e+04,1.28869705e-03,1.11452307e-02
2.39800000e+04,1.28854721e-03,1.11456692e-02
2.39900000e+04,1.28840600e-03,1.11461003e-02
2.40000000e+04,1.28825845e-03,1.11465954e-02
2.40100000e+04,1.28823174e-03,1.11486737e-02
2.40200000e+04,1.28816998e-03,1.11512065e-02
2.40300000e+04,1.28807121e-03,1.11531847e-02
2.40400000e+04,1.28796574e-03,1.11548240e-02
2.40500000e+04,1.28784957e-03,1.11562328e-02
2.40600000e+04,1.28782738e-03,1.11572829e-02
2.40700000e+04,1.28815269e-03,1.11583815e-02
2.40800000e+04,1.28746838e-03,1.11594507e-02
2.40900000e+04,1.28732465e-03,1.11603741e-02
2.41000000e+04,1.28724372e-03,1.11613253e-02
2.41100000e+04,1.28666692e-03,1.11637870e-02
2.41200000e+04,1.28624267e-03,1.11664582e-02
2.41300000e+04,1.28596026e-03,1.11691350e-02
2.41400000e+04,1.28569389e-03,1.11715311e-02
2.41500000e+04,1.28546551e-03,1.11698590e-02
2.41600000e+04,1.28524180e-03,1.11731750e-02
2.41700000e+04,1.28502391e-03,1.11740238e-02
2.41800000e+04,1.28479469e-03,1.11757703e-02
2.41900000e+04,1.28458898e-03,1.11761446e-02
2.42000000e+04,1.28437917e-03,1.11770836e-02
2.42100000e+04,1.28429991e-03,1.11784994e-02
2.42200000e+04,1.28418937e-03,1.11797195e-02
2.42300000e+04,1.28404605e-03,1.11809316e-02
2.42400000e+04,1.28388462e-03,1.11818856e-02
2.42500000e+04,1.28371884e-03,1.11827772e-02
2.42600000e+04,1.28354758e-03,1.11836922e-02
2.42700000e+04,1.28336971e-03,1.11845094e-02
2.42800000e+04,1.28319911e-03,1.11852965e-02
2.42900000e+04,1.28301613e-03,1.11860704e-02
2.43000000e+04,1.28284329e-03,1.11868360e-02
2.43100000e+04,1.28272988e-03,1.11891750e-02
2.43200000e+04,1.28259885e-03,1.11918899e-02
2.43300000e+04,1.28245247e-03,1.11940848e-02
2.43400000e+04,1.28228903e-03,1.11958675e-02
2.43500000e+04,1.28213203e-03,1.11973259e-02
2.43600000e+04,1.28219362e-03,1.11986311e-02
2.43700000e+04,1.28192469e-03,1.11997508e-02
2.43800000e+04,1.28163610e-03,1.12008846e-02
2.43900000e+04,1.28150035e-03,1.12018795e-02
2.44000000e+04,1.28129265e-03,1.12028253e-02
2.44100000e+04,1.28112403e-03,1.12046886e-02
2.44200000e+04,1.28093147e-03,1.12045441e-02
2.44300000e+04,1.28076722e-03,1.12095147e-02
2.44400000e+04,1.28058489e-03,1.12134096e-02
2.44500000e+04,1.28040959e-03,1.12104772e-02
2.44600000e+04,1.28023615e-03,1.12147374e-02
2.44700000e+04,1.28005848e-03,1.12151009e-02
2.44800000e+04,1.27986877e-03,1.12154981e-02
2.44900000e+04,1.27969890e-03,1.12169716e-02
2.45000000e+04,1.27951617e-03,1.12173212e-02
2.45100000e+04,1.27945357e-03,1.12196469e-02
2.45200000e+04,1.27936328e-03,1.12219461e-02
2.45300000e+04,1.27923474e-03,1.12237979e-02
2.45400000e+04,1.27909203e-03,1.12255401e-02
2.45500000e+04,1.27893565e-03,1.12269380e-02
2.45600000e+04,1.27878455e-03,1.12282663e-02
2.45700000e+04,1.27862946e-03,1.12294467e-02
2.45800000e+04,1.27850984e-03,1.12305933e-02
2.45900000e+04,1.27839011e-03,1.12316520e-02
2.46000000e+04,1.27823811e-03,1.12326518e-02
2.46100000e+04,1.27732111e-03,1.12350093e-02
2.46200000e+04,1.27672792e-03,1.12376291e-02
2.46300000e+04,1.27627964e-03,1.12398758e-02
2.46400000e+04,1.27593833e-03,1.12417916e-02
2.46500000e+04,1.27560363e-03,1.12434339e-02
2.46600000e+04,1.27529407e-03,1.12448576e-02
2.46700000e+04,1.27498396e-03,1.12462153e-02
2.46800000e+04,1.27469024e-03,1.12474349e-02
2.46900000e+04,1.27440539e-03,1.12486313e-02
2.47000000e+04,1.27412193e-03,1.12497057e-02
2.47100000e+04,1.27397101e-03,1.12521151e-02
2.47200000e+04,1.27378365e-03,1.12547398e-02
2.47300000e+04,1.27357183e-03,1.12561395e-02
2.47400000e+04,1.27336963e-03,1.12558129e-02
2.47500000e+04,1.27335746e-03,1.12594672e-02
2.47600000e+04,1.27289263e-03,1.12625120e-02
2.47700000e+04,1.27264013e-03,1.12642951e-02
2.47800000e+04,1.27241584e-03,1.12653920e-02
2.47900000e+04,1.27218829e-03,1.12662701e-02
2.48000000e+04,1.27195230e-03,1.12672354e-02
2.48100000e+04,1.27184616e-03,1.12691256e-02
2.48200000e+04,1.27170414e-03,1.12710601e-02
2.48300000e+04,1.27152813e-03,1.12728052e-02
2.48400000e+04,1.27133528e-03,1.12743452e-02
2.48500000e+04,1.27113397e-03,1.12756842e-02
2.48600000e+04,1.27092792e-03,1.12770000e-02
2.48700000e+04,1.27071981e-03,1.12782023e-02
2.48800000e+04,1.27051652e-03,1.12793676e-02
2.48900000e+04,1.27030078e-03,1.12804399e-02
2.49000000e+04,1.27008921e-03,1.12814867e-02
2.49100000e+04,1.27000311e-03,1.12839273e-02
2.49200000e+04,1.26987758e-03,1.12866780e-02
2.49300000e+04,1.26972131e-03,1.12890227e-02
2.49400000e+04,1.26954588e-03,1.12910442e-02
2.49500000e+04,1.26943882e-03,1.12927701e-02
2.49600000e+04,1.26950721e-03,1.12943482e-02
2.49700000e+04,1.26900517e-03,1.12957209e-02
2.49800000e+04,1.26883768e-03,1.12970517e-02
2.49900000e+04,1.26857637e-03,1.12983688e-02
2.50000000e+04,1.26840945e-03,1.12995968e-02
2.50100000e+04,1.26819696e-03,1.13020919e-02
2.50200000e+04,1.26801887e-03,1.13047739e-02
2.50300000e+04,1.26782177e-03,1.13071377e-02
2.50400000e+04,1.26763143e-03,1.13091345e-02
2.50500000e+04,1.26743113e-03,1.13109054e-02
2.50600000e+04,1.26722530e-03,1.13125057e-02
2.50700000e+04,1.26702665e-03,1.13139874e-02
2.50800000e+04,1.26682751e-03,1.13153619e-02
2.50900000e+04,1.26662694e-03,1.13167006e-02
2.51000000e+04,1.26641748e-03,1.13179543e-02
2.51100000e+04,1.26633681e-03,1.13204859e-02
2.51200000e+04,1.26621209e-03,1.13230444e-02
2.51300000e+04,1.26606334e-03,1.13232395e-02
2.51400000e+04,1.26589737e-03,1.13322450e-02
2.51500000e+04,1.26576451e-03,1.13318755e-02
2.51600000e+04,1.26581816e-03,1.13325484e-02
2.51700000e+04,1.26534218e-03,1.13331659e-02
2.51800000e+04,1.26517252e-03,1.13339849e-02
2.51900000e+04,1.26497041e-03,1.13349275e-02
2.52000000e+04,1.26478442e-03,1.13359765e-02
2.52100000e+04,1.26472325e-03,1.13374474e-02
2.52200000e+04,1.26462082e-03,1.13386538e-02
2.52300000e+04,1.26449086e-03,1.13396379e-02
2.52400000e+04,1.26432645e-03,1.13407079e-02
2.52500000e+04,1.26417028e-03,1.13417807e-02
2.52600000e+04,1.26399452e-03,1.13427574e-02
2.52700000e+04,1.26383243e-03,1.13437237e-02
2.52800000e+04,1.26365817e-03,1.13446621e-02
2.52900000e+04,1.26348162e-03,1.13456199e-02
2.53000000e+04,1.26330089e-03,1.13465169e-02
2.53100000e+04,1.26325061e-03,1.13486985e-02
2.53200000e+04,1.26316097e-03,1.13511094e-02
2.53300000e+04,1.26303091e-03,1.13532381e-02
2.53400000e+04,1.26287846e-03,1.13550395e-02
2.53500000e+04,1.26274917e-03,1.13566309e-02
2.53600000e+04,1.26265521e-03,1.13580805e-02
2.53700000e+04,1.26250801e-03,1.13593785e-02
2.53800000e+04,1.26225768e-03,1.13606240e-02
2.53900000e+04,1.26211151e-03,1.13618432e-02
2.54000000e+04,1.26192284e-03,1.13629505e-02
2.54100000e+04,1.26184484e-03,1.13653076e-02
2.54200000e+04,1.26172389e-03,1.13678878e-02
2.54300000e+04,1.26158863e-03,1.13701582e-02
2.54400000e+04,1.26144721e-03,1.13721354e-02
2.54500000e+04,1.26129602e-03,1.13737883e-02
2.54600000e+04,1.26113828e-03,1.13753612e-02
2.54700000e+04,1.26097919e-03,1.13768037e-02
2.54800000e+04,1.26081416e-03,1.13781462e-02
2.54900000e+04,1.26065078e-03,1.13794525e-02
2.55000000e+04,1.26048725e-03,1.13806772e-02
2.55100000e+04,1.26044277e-03,1.13831932e-02
2.55200000e+04,1.26036420e-03,1.13859188e-02
2.55300000e+04,1.26025125e-03,1.13883417e-02
2.55400000e+04,1.26011901e-03,1.13904359e-02
2.55500000e+04,1.25997572e-03,1.13922694e-02
2.55600000e+04,1.25982958e-03,1.13939384e-02
2.55700000e+04,1.25967100e-03,1.13954447e-02
2.55800000e+04,1.25961024e-03,1.13969023e-02
2.55900000e+04,1.25939311e-03,1.13982911e-02
2.56000000e+04,1.25922540e-03,1.13996190e-02
2.56100000e+04,1.25910551e-03,1.14021160e-02
2.56200000e+04,1.25895781e-03,1.14047753e-02
2.56300000e+04,1.25882256e-03,1.14071386e-02
2.56400000e+04,1.25866711e-03,1.14092633e-02
2.56500000e+04,1.25851192e-03,1.14110378e-02
2.56600000e+04,1.25835538e-03,1.14127163e-02
2.56700000e+04,1.25820052e-03,1.14142724e-02
2.56800000e+04,1.25804220e-03,1.14157541e-02
2.56900000e+04,1.25787642e-03,1.14171609e-02
2.57000000e+04,1.25771635e-03,1.14185111e-02
2.57100000e+04,1.25767857e-03,1.14212740e-02
2.57200000e+04,1.25759841e-03,1.14245280e-02
2.57300000e+04,1.25749332e-03,1.14313693e-02
2.57400000e+04,1.25736460e-03,1.14269451e-02
2.57500000e+04,1.25722705e-03,1.14300945e-02
2.57600000e+04,1.25709155e-03,1.14323727e-02
2.57700000e+04,1.25695920e-03,1.14336005e-02
2.57800000e+04,1.25695439e-03,1.14350815e-02
2.57900000e+04,1.25671075e-03,1.14367794e-02
2.58000000e+04,1.25653751e-03,1.14381376e-02
2.58100000e+04,1.26194810e-03,1.14392607e-02
2.58200000e+04,1.25824297e-03,1.14404811e-02
2.58300000e+04,1.25667634e-03,1.14417548e-02
2.58400000e+04,1.25604224e-03,1.14428419e-02
2.58500000e+04,1.25574031e-03,1.14439464e-02
2.58600000e+04,1.25554618e-03,1.14450244e-02
2.58700000e+04,1.25543674e-03,1.14461324e-02
2.58800000e+04,1.25533806e-03,1.14471492e-02
2.58900000e+04,1.25521004e-03,1.14481796e-02
2.59000000e+04,1.25510393e-03,1.14491378e-02
2.59100000e+04,1.25505797e-03,1.14512042e-02
2.59200000e+04,1.25500526e-03,1.14535142e-02
2.59300000e+04,1.25493238e-03,1.14555701e-02
2.59400000e+04,1.25485363e-03,1.14573815e-02
2.59500000e+04,1.25477172e-03,1.14589401e-02
2.59600000e+04,1.25468140e-03,1.14604035e-02
2.59700000e+04,1.25459463e-03,1.14617556e-02
2.59800000e+04,1.25450163e-03,1.14630485e-02
2.59900000e+04,1.25441791e-03,1.14642603e-02
2.60000000e+04,1.25432712e-03,1.14654482e-02
2.60100000e+04,1.25431343e-03,1.14677949e-02
2.60200000e+04,1.25429196e-03,1.14703695e-02
2.60300000e+04,1.25423982e-03,1.14726579e-02
2.60400000e+04,1.25418167e-03,1.14747000e-02
2.60500000e+04,1.25411494e-03,1.14764158e-02
2.60600000e+04,1.25404737e-03,1.14780347e-02
2.60700000e+04,1.25397280e-03,1.14795379e-02
2.60800000e+04,1.25389697e-03,1.14809388e-02
2.60900000e+04,1.25381837e-03,1.14822730e-02
2.61000000e+04,1.25374008e-03,1.14835943e-02
2.61100000e+04,1.25373773e-03,1.14860909e-02
2.61200000e+04,1.25372348e-03,1.14888920e-02
2.61300000e+04,1.25368690e-03,1.14913005e-02
2.61400000e+04,1.25363248e-03,1.14935268e-02
2.61500000e+04,1.25357617e-03,1.14954183e-02
2.61600000e+04,1.25351293e-03,1.14971704e-02
2.61700000e+04,1.25345362e-03,1.14987806e-02
2.61800000e+04,1.25338462e-03,1.15003040e-02
2.61900000e+04,1.25331419e-03,1.15017350e-02
2.62000000e+04,1.25324447e-03,1.15031509e-02
2.62100000e+04,1.25324768e-03,1.15055298e-02
2.62200000e+04,1.25323885e-03,1.15080362e-02
2.62300000e+04,1.25321190e-03,1.15103255e-02
2.62400000e+04,1.25316896e-03,1.15124153e-02
2.62500000e+04,1.25311297e-03,1.15142061e-02
2.62600000e+04,1.25305883e-03,1.15158681e-02
2.62700000e+04,1.25299858e-03,1.15174691e-02
2.62800000e+04,1.25293594e-03,1.15190088e-02
2.62900000e+04,1.25287488e-03,1.15204361e-02
2.63000000e+04,1.25280573e-03,1.15218685e-02
2.63100000e+04,1.25281625e-03,1.15242473e-02
2.63200000e+04,1.25281062e-03,1.15267636e-02
2.63300000e+04,1.25279000e-03,1.15291558e-02
2.63400000e+04,1.25274590e-03,1.15325454e-02
2.63500000e+04,1.25270163e-03,1.15318451e-02
2.63600000e+04,1.25265091e-03,1.15348100e-02
2.63700000e+04,1.25259966e-03,1.15359794e-02
2.63800000e+04,1.25253633e-03,1.15370979e-02
2.63900000e+04,1.25247690e-03,1.15382154e-02
2.64000000e+04,1.25241818e-03,1.15393408e-02
2.64100000e+04,1.25243064e-03,1.15395560e-02
2.64200000e+04,1.25243278e-03,1.15388867e-02
2.64300000e+04,1.25241818e-03,1.15386382e-02
2.64400000e+04,1.25237908e-03,1.15386216e-02
2.64500000e+04,1.25234097e-03,1.15387735e-02
2.64600000e+04,1.25229152e-03,1.15391195e-02
2.64700000e+04,1.25224354e-03,1.15395701e-02
2.64800000e+04,1.25218229e-03,1.15400342e-02
2.64900000e+04,1.25212858e-03,1.15405750e-02
2.65000000e+04,1.25207402e-03,1.15411332e-02
2.65100000e+04,1.25209007e-03,1.15427860e-02
2.65200000e+04,1.25210230e-03,1.15448073e-02
2.65300000e+04,1.25208330e-03,1.15465502e-02
2.65400000e+04,1.25204735e-03,1.15480692e-02
2.65500000e+04,1.25201181e-03,1.15494032e-02
2.65600000e+04,1.25196966e-03,1.15505547e-02
2.65700000e+04,1.25192136e-03,1.15516632e-02
2.65800000e+04,1.25186560e-03,1.15527299e-02
2.65900000e+04,1.25181750e-03,1.15536992e-02
2.66000000e+04,1.25176441e-03,1.15546910e-02
2.66100000e+04,1.25178593e-03,1.15567407e-02
2.66200000e+04,1.25180097e-03,1.15590760e-02
2.66300000e+04,1.25177843e-03,1.15611442e-02
2.66400000e+04,1.25175156e-03,1.15629193e-02
2.66500000e+04,1.25171782e-03,1.15645271e-02
2.66600000e+04,1.25168131e-03,1.15658896e-02
2.66700000e+04,1.25164078e-03,1.15672308e-02
2.66800000e+04,1.25159237e-03,1.15684985e-02
2.66900000e+04,1.25153876e-03,1.15696892e-02
2.67000000e+04,1.25148944e-03,1.15708255e-02
2.67100000e+04,1.25151524e-03,1.15730027e-02
2.67200000e+04,1.25152600e-03,1.15755135e-02
2.67300000e+04,1.25151733e-03,1.15777501e-02
2.67400000e+04,1.25149316e-03,1.15797364e-02
2.67500000e+04,1.25146025e-03,1.15813913e-02
2.67600000e+04,1.25142712e-03,1.15829252e-02
2.67700000e+04,1.25138000e-03,1.15843600e-02
2.67800000e+04,1.25133544e-03,1.15856642e-02
2.67900000e+04,1.25128642e-03,1.15869524e-02
2.68000000e+04,1.25124021e-03,1.15881962e-02
2.68100000e+04,1.25126933e-03,1.15904961e-02
2.68200000e+04,1.25128620e-03,1.15928979e-02
2.68300000e+04,1.25128003e-03,1.15949159e-02
2.68400000e+04,1.25125311e-03,1.15962200e-02
2.68500000e+04,1.25122763e-03,1.15978202e-02
2.68600000e+04,1.25118677e-03,1.15994359e-02
2.68700000e+04,1.25115244e-03,1.16021814e-02
2.68800000e+04,1.25111298e-03,1.16030643e-02
2.68900000e+04,1.25106278e-03,1.16045664e-02
2.69000000e+04,1.25102164e-03,1.16056877e-02
2.69100000e+04,1.25104976e-03,1.16078931e-02
2.69200000e+04,1.25107074e-03,1.16101996e-02
2.69300000e+04,1.25106516e-03,1.16122652e-02
2.69400000e+04,1.25104201e-03,1.16141625e-02
2.69500000e+04,1.25102232e-03,1.16157874e-02
2.69600000e+04,1.25098292e-03,1.16172788e-02
2.69700000e+04,1.25094565e-03,1.16186973e-02
2.69800000e+04,1.25090719e-03,1.16201301e-02
2.69900000e+04,1.25086490e-03,1.16214290e-02
2.70000000e+04,1.25082445e-03,1.16227292e-02
2.70100000e+04,1.25085414e-03,1.16250273e-02
2.70200000e+04,1.25087664e-03,1.16274894e-02
2.70300000e+04,1.25087238e-03,1.16313736e-02
2.70400000e+04,1.25084778e-03,1.16279162e-02
2.70500000e+04,1.25082180e-03,1.16333455e-02
2.70600000e+04,1.25080060e-03,1.16351745e-02
2.70700000e+04,1.25076350e-03,1.16365631e-02
2.70800000e+04,1.25072947e-03,1.16373266e-02
2.70900000e+04,1.25069051e-03,1.16384089e-02
2.71000000e+04,1.25063950e-03,1.16394859e-02
2.71100000e+04,1.25067760e-03,1.16409727e-02
2.71200000e+04,1.25070274e-03,1.16420660e-02
2.71300000e+04,1.25069293e-03,1.16433376e-02
2.71400000e+04,1.25067776e-03,1.16444303e-02
2.71500000e+04,1.25065926e-03,1.16455003e-02
2.71600000e+04,1.25063094e-03,1.16465467e-02
2.71700000e+04,1.25059545e-03,1.16475896e-02
2.71800000e+04,1.25055851e-03,1.16485686e-02
2.71900000e+04,1.25052458e-03,1.16495191e-02
2.72000000e+04,1.25047627e-03,1.16504643e-02
2.72100000e+04,1.25052323e-03,1.16522733e-02
2.72200000e+04,1.25054521e-03,1.16542108e-02
2.72300000e+04,1.25054435e-03,1.16560366e-02
2.72400000e+04,1.25052692e-03,1.16576069e-02
2.72500000e+04,1.25050885e-03,1.16590574e-02
2.72600000e+04,1.25047957e-03,1.16603990e-02
2.72700000e+04,1.25044642e-03,1.16616361e-02
2.72800000e+04,1.25041183e-03,1.16627900e-02
2.72900000e+04,1.25037053e-03,1.16639496e-02
2.73000000e+04,1.25033846e-03,1.16650377e-02
2.73100000e+04,1.25037380e-03,1.16669431e-02
2.73200000e+04,1.25040621e-03,1.16689810e-02
2.73300000e+04,1.25040034e-03,1.16709218e-02
2.73400000e+04,1.25038667e-03,1.16725863e-02
2.73500000e+04,1.25036823e-03,1.16741463e-02
2.73600000e+04,1.25034163e-03,1.16755317e-02
2.73700000e+04,1.25031341e-03,1.16768576e-02
2.73800000e+04,1.25028128e-03,1.16781221e-02
2.73900000e+04,1.25024808e-03,1.16793129e-02
2.74000000e+04,1.25021094e-03,1.16804805e-02
2.74100000e+04,1.25024893e-03,1.16824832e-02
2.74200000e+04,1.25027814e-03,1.16847102e-02
2.74300000e+04,1.25027533e-03,1.16866845e-02
2.74400000e+04,1.25026654e-03,1.16884975e-02
2.74500000e+04,1.25024556e-03,1.16901342e-02
2.74600000e+04,1.25021775e-03,1.16915955e-02
2.74700000e+04,1.25019438e-03,1.16929909e-02
2.74800000e+04,1.25015972e-03,1.16943283e-02
2.74900000e+04,1.25012992e-03,1.16955912e-02
2.75000000e+04,1.25009430e-03,1.16968373e-02
2.75100000e+04,1.25013046e-03,1.16990401e-02
2.75200000e+04,1.25015734e-03,1.17014693e-02
2.75300000e+04,1.25015935e-03,1.17036788e-02
2.75400000e+04,1.25015295e-03,1.17057303e-02
2.75500000e+04,1.25012870e-03,1.17074838e-02
2.75600000e+04,1.25010593e-03,1.17091593e-02
2.75700000e+04,1.25007992e-03,1.17106203e-02
2.75800000e+04,1.25005257e-03,1.17120797e-02
2.75900000e+04,1.25002194e-03,1.17134612e-02
2.76000000e+04,1.24998649e-03,1.17148234e-02
2.76100000e+04,1.25003043e-03,1.17170720e-02
2.76200000e+04,1.25006240e-03,1.17194393e-02
2.76300000e+04,1.25006188e-03,1.17216789e-02
2.76400000e+04,1.25005150e-03,1.17236362e-02
2.76500000e+04,1.25003152e-03,1.17253833e-02
2.76600000e+04,1.25000285e-03,1.17270435e-02
2.76700000e+04,1.24998195e-03,1.17285625e-02
2.76800000e+04,1.24995223e-03,1.17299852e-02
2.76900000e+04,1.24992407e-03,1.17312204e-02
2.77000000e+04,1.24989288e-03,1.17294074e-02
2.77100000e+04,1.24993005e-03,1.17229343e-02
2.77200000e+04,1.24995307e-03,1.17041028e-02
2.77300000e+04,1.24995743e-03,1.16937730e-02
2.77400000e+04,1.24995346e-03,1.16823519e-02
2.77500000e+04,1.24993594e-03,1.16758807e-02
2.77600000e+04,1.24991621e-03,1.16692399e-02
2.77700000e+04,1.24989191e-03,1.16644823e-02
2.77800000e+04,1.24985689e-03,1.16603239e-02
2.77900000e+04,1.24982850e-03,1.16566321e-02
2.78000000e+04,1.24979763e-03,1.16534563e-02
2.78100000e+04,1.24983845e-03,1.16517453e-02
2.78200000e+04,1.24987144e-03,1.16506086e-02
2.78300000e+04,1.24986870e-03,1.16494443e-02
2.78400000e+04,1.24986600e-03,1.16482315e-02
2.78500000e+04,1.24984910e-03,1.16469858e-02
2.78600000e+04,1.24982367e-03,1.16457147e-02
2.78700000e+04,1.24980519e-03,1.16444601e-02
2.78800000e+04,1.24977308e-03,1.16432778e-02
2.78900000e+04,1.24974382e-03,1.16421306e-02
2.79000000e+04,1.24971237e-03,1.16410056e-02
2.79100000e+04,1.24975616e-03,1.16413092e-02
2.79200000e+04,1.24978683e-03,1.16420412e-02
2.79300000e+04,1.24978551e-03,1.16424674e-02
2.79400000e+04,1.24977741e-03,1.16426824e-02
2.79500000e+04,1.24976458e-03,1.16426742e-02
2.79600000e+04,1.24974713e-03,1.16425661e-02
2.79700000e+04,1.24971605e-03,1.16423383e-02
2.79800000e+04,1.24969109e-03,1.16420297e-02
2.79900000e+04,1.24966107e-03,1.16417425e-02
2.80000000e+04,1.24963081e-03,1.16414168e-02
2.80100000e+04,1.24967603e-03,1.16423664e-02
2.80200000e+04,1.24970300e-03,1.16436975e-02
2.80300000e+04,1.24970385e-03,1.16446797e-02
2.80400000e+04,1.24969209e-03,1.16454317e-02
2.80500000e+04,1.24968576e-03,1.16459217e-02
2.80600000e+04,1.24966133e-03,1.16462822e-02
2.80700000e+04,1.24963560e-03,1.16464958e-02
2.80800000e+04,1.24961005e-03,1.16466316e-02
2.80900000e+04,1.24958076e-03,1.16467829e-02
2.81000000e+04,1.24955828e-03,1.16468122e-02
2.81100000e+04,1.24959287e-03,1.16481435e-02
2.81200000e+04,1.24962331e-03,1.16497971e-02
2.81300000e+04,1.24962506e-03,1.16510900e-02
2.81400000e+04,1.24961957e-03,1.16521529e-02
2.81500000e+04,1.24960545e-03,1.16529597e-02
2.81600000e+04,1.24958253e-03,1.16536099e-02
2.81700000e+04,1.24956140e-03,1.16541485e-02
2.81800000e+04,1.24953774e-03,1.16545668e-02
2.81900000e+04,1.24951003e-03,1.16548824e-02
2.82000000e+04,1.24947540e-03,1.16552221e-02
2.82100000e+04,1.24952343e-03,1.16568221e-02
2.82200000e+04,1.24954982e-03,1.16587317e-02
2.82300000e+04,1.24954687e-03,1.16603016e-02
2.82400000e+04,1.24954410e-03,1.16615800e-02
2.82500000e+04,1.24953136e-03,1.16625836e-02
2.82600000e+04,1.24950510e-03,1.16634286e-02
2.82700000e+04,1.24948335e-03,1.16641492e-02
2.82800000e+04,1.24945920e-03,1.16648078e-02
2.82900000e+04,1.24943422e-03,1.16654033e-02
2.83000000e+04,1.24940463e-03,1.16659217e-02
2.83100000e+04,1.24944951e-03,1.16677067e-02
2.83200000e+04,1.24947845e-03,1.16698972e-02
2.83300000e+04,1.24948315e-03,1.16717728e-02
2.83400000e+04,1.24947490e-03,1.16730616e-02
2.83500000e+04,1.24946117e-03,1.16740025e-02
2.83600000e+04,1.24944053e-03,1.16751101e-02
2.83700000e+04,1.24941351e-03,1.16760599e-02
2.83800000e+04,1.24939372e-03,1.16768199e-02
2.83900000e+04,1.24936452e-03,1.16775011e-02
2.84000000e+04,1.24933349e-03,1.16782369e-02
2.84100000e+04,1.24938050e-03,1.16798743e-02
2.84200000e+04,1.24941527e-03,1.16816835e-02
2.84300000e+04,1.24941094e-03,1.16831894e-02
2.84400000e+04,1.24940794e-03,1.16844943e-02
2.84500000e+04,1.24939083e-03,1.16854504e-02
2.84600000e+04,1.24937061e-03,1.16864530e-02
2.84700000e+04,1.24935199e-03,1.16873841e-02
2.84800000e+04,1.24932588e-03,1.16882511e-02
2.84900000e+04,1.24930081e-03,1.16888737e-02
2.85000000e+04,1.24927153e-03,1.16893763e-02
2.85100000e+04,1.24931582e-03,1.16912087e-02
2.85200000e+04,1.24933946e-03,1.16935215e-02
2.85300000e+04,1.24934221e-03,1.16978758e-02
2.85400000e+04,1.24933053e-03,1.16985649e-02
2.85500000e+04,1.24931610e-03,1.16987551e-02
2.85600000e+04,1.24929707e-03,1.16991824e-02
2.85700000e+04,1.24927481e-03,1.16999723e-02
2.85800000e+04,1.24924394e-03,1.17009401e-02
2.85900000e+04,1.24921587e-03,1.17017053e-02
2.86000000e+04,1.24918775e-03,1.17024561e-02
2.86100000e+04,1.24919397e-03,1.17038134e-02
2.86200000e+04,1.24922362e-03,1.17051588e-02
2.86300000e+04,1.24922780e-03,1.17063400e-02
2.86400000e+04,1.24915328e-03,1.17073987e-02
2.86500000e+04,1.24912565e-03,1.17083594e-02
2.86600000e+04,1.24910327e-03,1.17092578e-02
2.86700000e+04,1.24907948e-03,1.17100348e-02
2.86800000e+04,1.24904233e-03,1.17107770e-02
2.86900000e+04,1.24902289e-03,1.17115007e-02
2.87000000e+04,1.24897699e-03,1.17122136e-02
2.87100000e+04,1.24901136e-03,1.17139846e-02
2.87200000e+04,1.24902916e-03,1.17160774e-02
2.87300000e+04,1.24903005e-03,1.17178699e-02
2.87400000e+04,1.24901673e-03,1.17194291e-02
2.87500000e+04,1.24899260e-03,1.17207820e-02
2.87600000e+04,1.24896754e-03,1.17219912e-02
2.87700000e+04,1.24894616e-03,1.17230963e-02
2.87800000e+04,1.24891552e-03,1.17240814e-02
2.87900000e+04,1.24887993e-03,1.17250233e-02
2.88000000e+04,1.24885219e-03,1.17259132e-02
2.88100000e+04,1.24888369e-03,1.17278860e-02
2.88200000e+04,1.24891054e-03,1.17300982e-02
2.88300000e+04,1.24891621e-03,1.17320781e-02
2.88400000e+04,1.24890338e-03,1.17337885e-02
2.88500000e+04,1.24888069e-03,1.17352756e-02
2.88600000e+04,1.24885529e-03,1.17366590e-02
2.88700000e+04,1.24883730e-03,1.17378294e-02
2.88800000e+04,1.24880547e-03,1.17389816e-02
2.88900000e+04,1.24877732e-03,1.17400777e-02
2.89000000e+04,1.24874795e-03,1.17410567e-02
2.89100000e+04,1.24877070e-03,1.17430992e-02
2.89200000e+04,1.24879783e-03,1.17454258e-02
2.89300000e+04,1.24879520e-03,1.17474657e-02
2.89400000e+04,1.24873704e-03,1.17492460e-02
2.89500000e+04,1.24869169e-03,1.17508725e-02
2.89600000e+04,1.24865406e-03,1.17522808e-02
2.89700000e+04,1.24862025e-03,1.17535201e-02
2.89800000e+04,1.24858576e-03,1.17548083e-02
2.89900000e+04,1.24854408e-03,1.17558950e-02
2.90000000e+04,1.24851504e-03,1.17570310e-02
2.90100000e+04,1.24854370e-03,1.17590029e-02
2.90200000e+04,1.24856591e-03,1.17611606e-02
2.90300000e+04,1.24855867e-03,1.17632411e-02
2.90400000e+04,1.24854377e-03,1.17650484e-02
2.90500000e+04,1.24852615e-03,1.17665475e-02
2.90600000e+04,1.24850256e-03,1.17679233e-02
2.90700000e+04,1.24847543e-03,1.17692083e-02
2.90800000e+04,1.24844976e-03,1.17712547e-02
2.90900000e+04,1.24842395e-03,1.17692751e-02
2.91000000e+04,1.24838384e-03,1.17722023e-02
2.91100000e+04,1.24841934e-03,1.17692801e-02
2.91200000e+04,1.24843734e-03,1.17624330e-02
2.91300000e+04,1.24843907e-03,1.17562993e-02
2.91400000e+04,1.24842461e-03,1.17527093e-02
2.91500000e+04,1.24840363e-03,1.17496918e-02
2.91600000e+04,1.24837618e-03,1.17473908e-02
2.91700000e+04,1.24835970e-03,1.17457497e-02
2.91800000e+04,1.24832749e-03,1.17442914e-02
2.91900000e+04,1.24830041e-03,1.17430940e-02
2.92000000e+04,1.24826588e-03,1.17420613e-02
2.92100000e+04,1.24830684e-03,1.17422132e-02
2.92200000e+04,1.24833843e-03,1.17426806e-02
2.92300000e+04,1.24833455e-03,1.17431050e-02
2.92400000e+04,1.24832676e-03,1.17433545e-02
2.92500000e+04,1.24830729e-03,1.17435425e-02
2.92600000e+04,1.24828523e-03,1.17436112e-02
2.92700000e+04,1.24825977e-03,1.17436286e-02
2.92800000e+04,1.24823022e-03,1.17436491e-02
2.92900000e+04,1.24820878e-03,1.17436578e-02
2.93000000e+04,1.24817605e-03,1.17436208e-02
2.93100000e+04,1.24820942e-03,1.17446657e-02
2.93200000e+04,1.24822610e-03,1.17460213e-02
2.93300000e+04,1.24822519e-03,1.17471607e-02
2.93400000e+04,1.24821423e-03,1.17481005e-02
2.93500000e+04,1.24819360e-03,1.17488443e-02
2.93600000e+04,1.24817598e-03,1.17493963e-02
2.93700000e+04,1.24814492e-03,1.17499031e-02
2.93800000e+04,1.24811976e-03,1.17503475e-02
2.93900000e+04,1.24809151e-03,1.17507828e-02
2.94000000e+04,1.24805975e-03,1.17511377e-02
2.94100000e+04,1.24807922e-03,1.17524836e-02
2.94200000e+04,1.24822337e-03,1.17542036e-02
2.94300000e+04,1.24807629e-03,1.17556791e-02
2.94400000e+04,1.24801934e-03,1.17568659e-02
2.94500000e+04,1.24799173e-03,1.17578756e-02
2.94600000e+04,1.24796173e-03,1.17587366e-02
2.94700000e+04,1.24793261e-03,1.17594325e-02
2.94800000e+04,1.24789974e-03,1.17601322e-02
2.94900000e+04,1.24786938e-03,1.17607200e-02
2.95000000e+04,1.24783614e-03,1.17613240e-02
2.95100000e+04,1.24786300e-03,1.17628396e-02
2.95200000e+04,1.24788161e-03,1.17646613e-02
2.95300000e+04,1.24787605e-03,1.17662342e-02
2.95400000e+04,1.24785997e-03,1.17674814e-02
2.95500000e+04,1.24784689e-03,1.17686621e-02
2.95600000e+04,1.24782270e-03,1.17696591e-02
2.95700000e+04,1.24779377e-03,1.17705111e-02
2.95800000e+04,1.24776260e-03,1.17712915e-02
2.95900000e+04,1.24773469e-03,1.17720338e-02
2.96000000e+04,1.24770049e-03,1.17728180e-02
2.96100000e+04,1.24773888e-03,1.17743820e-02
2.96200000e+04,1.24776057e-03,1.17762258e-02
2.96300000e+04,1.24776128e-03,1.17779738e-02
2.96400000e+04,1.24774520e-03,1.17793951e-02
2.96500000e+04,1.24773263e-03,1.17805613e-02
2.96600000e+04,1.24770878e-03,1.17815897e-02
2.96700000e+04,1.24768159e-03,1.17824986e-02
2.96800000e+04,1.24765919e-03,1.17831874e-02
2.96900000e+04,1.24762888e-03,1.17840027e-02
2.97000000e+04,1.24759946e-03,1.17852017e-02
2.97100000e+04,1.24762934e-03,1.17868153e-02
2.97200000e+04,1.24765130e-03,1.17885546e-02
2.97300000e+04,1.24764349e-03,1.17903937e-02
2.97400000e+04,1.24762607e-03,1.17918911e-02
2.97500000e+04,1.24760474e-03,1.17931210e-02
2.97600000e+04,1.24758778e-03,1.17941854e-02
2.97700000e+04,1.24755900e-03,1.17952808e-02
2.97800000e+04,1.24753154e-03,1.17963379e-02
2.97900000e+04,1.24750433e-03,1.17973239e-02
2.98000000e+04,1.24746843e-03,1.17981815e-02
2.98100000e+04,1.24750952e-03,1.17990096e-02
2.98200000e+04,1.24753277e-03,1.18005060e-02
2.98300000e+04,1.24752962e-03,1.18014024e-02
2.98400000e+04,1.24752794e-03,1.18025706e-02
2.98500000e+04,1.24750597e-03,1.18034018e-02
2.98600000e+04,1.24748847e-03,1.18042633e-02
2.98700000e+04,1.24746269e-03,1.18050418e-02
2.98800000e+04,1.24743787e-03,1.18057973e-02
2.98900000e+04,1.24743352e-03,1.18065773e-02
2.99000000e+04,1.24748730e-03,1.18071847e-02
2.99100000e+04,1.24489099e-03,1.18087781e-02
2.99200000e+04,1.24318454e-03,1.18106258e-02
2.99300000e+04,1.24210404e-03,1.18120547e-02
2.99400000e+04,1.24128001e-03,1.18110713e-02
2.99500000e+04,1.24065382e-03,1.18130723e-02
2.99600000e+04,1.24012026e-03,1.18164797e-02
2.99700000e+04,1.23963651e-03,1.18165518e-02
2.99800000e+04,1.23918696e-03,1.18173945e-02
2.99900000e+04,1.23878541e-03,1.18181308e-02
3.00000000e+04,1.23840037e-03,1.18189188e-02
3.00100000e+04,1.23814241e-03,1.18196974e-02
3.00200000e+04,1.23790114e-03,1.18206484e-02
3.00300000e+04,1.23762901e-03,1.18214762e-02
3.00400000e+04,1.23736818e-03,1.18222369e-02
3.00500000e+04,1.23709893e-03,1.18229249e-02
3.00600000e+04,1.23684508e-03,1.18236043e-02
3.00700000e+04,1.23659039e-03,1.18242534e-02
3.00800000e+04,1.23635030e-03,1.18248678e-02
3.00900000e+04,1.23611765e-03,1.18254333e-02
3.01000000e+04,1.23587896e-03,1.18260423e-02
3.01100000e+04,1.23574538e-03,1.18274175e-02
3.01200000e+04,1.23561089e-03,1.18290559e-02
3.01300000e+04,1.23544508e-03,1.18304975e-02
3.01400000e+04,1.23526939e-03,1.18318004e-02
3.01500000e+04,1.23509061e-03,1.18329414e-02
3.01600000e+04,1.23490674e-03,1.18339746e-02
3.01700000e+04,1.23472748e-03,1.18348702e-02
3.01800000e+04,1.23454611e-03,1.18357264e-02
3.01900000e+04,1.23436910e-03,1.18365555e-02
3.02000000e+04,1.23418770e-03,1.18373004e-02
3.02100000e+04,1.23410937e-03,1.18388170e-02
3.02200000e+04,1.23401389e-03,1.18404683e-02
3.02300000e+04,1.23389202e-03,1.18420224e-02
3.02400000e+04,1.23375875e-03,1.18433751e-02
3.02500000e+04,1.23361832e-03,1.18445661e-02
3.02600000e+04,1.23347196e-03,1.18456324e-02
3.02700000e+04,1.23332790e-03,1.18466311e-02
3.02800000e+04,1.23318012e-03,1.18476043e-02
3.02900000e+04,1.23302968e-03,1.18484827e-02
3.03000000e+04,1.23288138e-03,1.18493281e-02
3.03100000e+04,1.23283048e-03,1.18509616e-02
3.03200000e+04,1.23276765e-03,1.18528373e-02
3.03300000e+04,1.23267410e-03,1.18545837e-02
3.03400000e+04,1.23256409e-03,1.18560667e-02
3.03500000e+04,1.23244859e-03,1.18574250e-02
3.03600000e+04,1.23232635e-03,1.18586293e-02
3.03700000e+04,1.23220359e-03,1.18597401e-02
3.03800000e+04,1.23207457e-03,1.18607826e-02
3.03900000e+04,1.23194556e-03,1.18617987e-02
3.04000000e+04,1.23182483e-03,1.18627299e-02
3.04100000e+04,1.23178359e-03,1.18644461e-02
3.04200000e+04,1.23174142e-03,1.18663382e-02
3.04300000e+04,1.23166226e-03,1.18680514e-02
3.04400000e+04,1.23157104e-03,1.18696259e-02
3.04500000e+04,1.23147502e-03,1.18709631e-02
3.04600000e+04,1.23136953e-03,1.18722003e-02
3.04700000e+04,1.23125642e-03,1.18733961e-02
3.04800000e+04,1.23114757e-03,1.18744697e-02
3.04900000e+04,1.23103845e-03,1.18755362e-02
3.05000000e+04,1.23092311e-03,1.18765092e-02
3.05100000e+04,1.23090442e-03,1.18782823e-02
3.05200000e+04,1.23087412e-03,1.18802348e-02
3.05300000e+04,1.23080754e-03,1.18820703e-02
3.05400000e+04,1.23073371e-03,1.18836853e-02
3.05500000e+04,1.23064045e-03,1.18851171e-02
3.05600000e+04,1.23055067e-03,1.18864621e-02
3.05700000e+04,1.23045573e-03,1.18876627e-02
3.05800000e+04,1.23035731e-03,1.18888107e-02
3.05900000e+04,1.23025534e-03,1.18899273e-02
3.06000000e+04,1.23015369e-03,1.18910162e-02
3.06100000e+04,1.23014646e-03,1.18928017e-02
3.06200000e+04,1.23013114e-03,1.18948174e-02
3.06300000e+04,1.23006560e-03,1.18966302e-02
3.06400000e+04,1.23000146e-03,1.18982971e-02
3.06500000e+04,1.22992002e-03,1.18997886e-02
3.06600000e+04,1.22983570e-03,1.19011655e-02
3.06700000e+04,1.22974886e-03,1.19023961e-02
3.06800000e+04,1.22966219e-03,1.19035799e-02
3.06900000e+04,1.22956561e-03,1.19047678e-02
3.07000000e+04,1.22947965e-03,1.19058559e-02
3.07100000e+04,1.22943507e-03,1.19075917e-02
3.07200000e+04,1.22938157e-03,1.19094790e-02
3.07300000e+04,1.22931776e-03,1.19112091e-02
3.07400000e+04,1.22925854e-03,1.19128403e-02
3.07500000e+04,1.22916370e-03,1.19142054e-02
3.07600000e+04,1.22908769e-03,1.19155625e-02
3.07700000e+04,1.22899987e-03,1.19167894e-02
3.07800000e+04,1.22891626e-03,1.19179398e-02
3.07900000e+04,1.22883030e-03,1.19191021e-02
3.08000000e+04,1.22873979e-03,1.19202465e-02
3.08100000e+04,1.22874178e-03,1.19219470e-02
3.08200000e+04,1.22873254e-03,1.19240120e-02
3.08300000e+04,1.22868445e-03,1.19256784e-02
3.08400000e+04,1.22863455e-03,1.19273691e-02
3.08500000e+04,1.22857140e-03,1.19288580e-02
3.08600000e+04,1.22849731e-03,1.19301197e-02
3.08700000e+04,1.22842562e-03,1.19314656e-02
3.08800000e+04,1.22834977e-03,1.19326778e-02
3.08900000e+04,1.22827653e-03,1.19337955e-02
3.09000000e+04,1.22819377e-03,1.19349372e-02
3.09100000e+04,1.22820349e-03,1.19368034e-02
3.09200000e+04,1.22820013e-03,1.19388432e-02
3.09300000e+04,1.22816591e-03,1.19406365e-02
3.09400000e+04,1.22811431e-03,1.19423333e-02
3.09500000e+04,1.22805936e-03,1.19439115e-02
3.09600000e+04,1.22799730e-03,1.19455804e-02
3.09700000e+04,1.22793388e-03,1.19468982e-02
3.09800000e+04,1.22786193e-03,1.19480603e-02
3.09900000e+04,1.22779459e-03,1.19492629e-02
3.10000000e+04,1.22771879e-03,1.19506549e-02
3.10100000e+04,1.22773307e-03,1.19508695e-02
3.10200000e+04,1.22773511e-03,1.19509110e-02
3.10300000e+04,1.22769918e-03,1.19511633e-02
3.10400000e+04,1.22766418e-03,1.19514643e-02
3.10500000e+04,1.22763606e-03,1.19517982e-02
3.10600000e+04,1.22756697e-03,1.19522468e-02
3.10700000e+04,1.22750346e-03,1.19527507e-02
3.10800000e+04,1.22743901e-03,1.19533126e-02
3.10900000e+04,1.22737955e-03,1.19539874e-02
3.11000000e+04,1.22731701e-03,1.19544575e-02
3.11100000e+04,1.22733865e-03,1.19555246e-02
3.11200000e+04,1.22734323e-03,1.19571285e-02
3.11300000e+04,1.22731684e-03,1.19585006e-02
3.11400000e+04,1.22728298e-03,1.19596192e-02
3.11500000e+04,1.22723314e-03,1.19607320e-02
3.11600000e+04,1.22718910e-03,1.19617258e-02
3.11700000e+04,1.22712881e-03,1.19625650e-02
3.11800000e+04,1.22708023e-03,1.19634328e-02
3.11900000e+04,1.22702056e-03,1.19641907e-02
3.12000000e+04,1.22695656e-03,1.19649885e-02
3.12100000e+04,1.22698870e-03,1.19670583e-02
3.12200000e+04,1.22700004e-03,1.19692258e-02
3.12300000e+04,1.22697630e-03,1.19679355e-02
3.12400000e+04,1.22694889e-03,1.19693192e-02
3.12500000e+04,1.22690837e-03,1.19709340e-02
3.12600000e+04,1.22686303e-03,1.19720953e-02
3.12700000e+04,1.22681417e-03,1.19728975e-02
3.12800000e+04,1.22676284e-03,1.19736687e-02
3.12900000e+04,1.22671023e-03,1.19744057e-02
3.13000000e+04,1.22664902e-03,1.19752162e-02
3.13100000e+04,1.22668331e-03,1.19764023e-02
3.13200000e+04,1.22670614e-03,1.19777670e-02
3.13300000e+04,1.22668108e-03,1.19790242e-02
3.13400000e+04,1.22666550e-03,1.19801857e-02
3.13500000e+04,1.22662798e-03,1.19812393e-02
3.13600000e+04,1.22658376e-03,1.19822179e-02
3.13700000e+04,1.22654116e-03,1.19831488e-02
3.13800000e+04,1.22649174e-03,1.19840156e-02
3.13900000e+04,1.22644736e-03,1.19848601e-02
3.14000000e+04,1.22639448e-03,1.19856787e-02
3.14100000e+04,1.22643221e-03,1.19870071e-02
3.14200000e+04,1.22646400e-03,1.19885144e-02
3.14300000e+04,1.22651975e-03,1.19899218e-02
3.14400000e+04,1.22643218e-03,1.19912002e-02
3.14500000e+04,1.22639366e-03,1.19923892e-02
3.14600000e+04,1.22635744e-03,1.19934794e-02
3.14700000e+04,1.22631785e-03,1.19945034e-02
3.14800000e+04,1.22628172e-03,1.19954590e-02
3.14900000e+04,1.22623447e-03,1.19963968e-02
3.15000000e+04,1.22618605e-03,1.19972942e-02
3.15100000e+04,1.22622372e-03,1.19987115e-02
3.15200000e+04,1.22624375e-03,1.20003282e-02
3.15300000e+04,1.22622973e-03,1.20018282e-02
3.15400000e+04,1.22621564e-03,1.20031898e-02
3.15500000e+04,1.22618619e-03,1.20044154e-02
3.15600000e+04,1.22614931e-03,1.20055908e-02
3.15700000e+04,1.22611945e-03,1.20066895e-02
3.15800000e+04,1.22607506e-03,1.20077056e-02
3.15900000e+04,1.22604042e-03,1.20086735e-02
3.16000000e+04,1.22599202e-03,1.20096753e-02
3.16100000e+04,1.22603800e-03,1.20111781e-02
3.16200000e+04,1.22606441e-03,1.20129378e-02
3.16300000e+04,1.22606084e-03,1.20145647e-02
3.16400000e+04,1.22604597e-03,1.20160369e-02
3.16500000e+04,1.22602012e-03,1.20173989e-02
3.16600000e+04,1.22598320e-03,1.20186656e-02
3.16700000e+04,1.22595612e-03,1.20198257e-02
3.16800000e+04,1.22592697e-03,1.20209552e-02
3.16900000e+04,1.22588291e-03,1.20220386e-02
3.17000000e+04,1.22584961e-03,1.20230652e-02
3.17100000e+04,1.22589011e-03,1.20245950e-02
3.17200000e+04,1.22591999e-03,1.20263507e-02
3.17300000e+04,1.22592072e-03,1.20279242e-02
3.17400000e+04,1.22590502e-03,1.20294239e-02
3.17500000e+04,1.22588808e-03,1.20308161e-02
3.17600000e+04,1.22585693e-03,1.20320401e-02
3.17700000e+04,1.22583034e-03,1.20332922e-02
3.17800000e+04,1.22579517e-03,1.20344079e-02
3.17900000e+04,1.22576008e-03,1.20355153e-02
3.18000000e+04,1.22572295e-03,1.20365950e-02
3.18100000e+04,1.22573845e-03,1.20381629e-02
3.18200000e+04,1.22574374e-03,1.20399289e-02
3.18300000e+04,1.22572805e-03,1.20415560e-02
3.18400000e+04,1.22570553e-03,1.20430759e-02
3.18500000e+04,1.22568382e-03,1.20444841e-02
3.18600000e+04,1.22564582e-03,1.20458038e-02
3.18700000e+04,1.22561500e-03,1.20470463e-02
3.18800000e+04,1.22557542e-03,1.20482183e-02
3.18900000e+04,1.22554462e-03,1.20493498e-02
3.19000000e+04,1.22550898e-03,1.20504819e-02
3.19100000e+04,1.22553415e-03,1.20521338e-02
3.19200000e+04,1.22549127e-03,1.20540110e-02
3.19300000e+04,1.22546971e-03,1.20558267e-02
3.19400000e+04,1.22544488e-03,1.20573999e-02
3.19500000e+04,1.22541041e-03,1.20589071e-02
3.19600000e+04,1.22537658e-03,1.20603003e-02
3.19700000e+04,1.22534321e-03,1.20616091e-02
3.19800000e+04,1.22530017e-03,1.20628273e-02
3.19900000e+04,1.22526763e-03,1.20640414e-02
3.20000000e+04,1.22522986e-03,1.20651935e-02
3.20100000e+04,1.22526371e-03,1.20668640e-02
3.20200000e+04,1.22528573e-03,1.20687648e-02
3.20300000e+04,1.22528320e-03,1.20704992e-02
3.20400000e+04,1.22526758e-03,1.20720981e-02
3.20500000e+04,1.22524798e-03,1.20736023e-02
3.20600000e+04,1.22522363e-03,1.20749925e-02
3.20700000e+04,1.22519442e-03,1.20762948e-02
3.20800000e+04,1.22516250e-03,1.20775912e-02
3.20900000e+04,1.22512806e-03,1.20788306e-02
3.21000000e+04,1.22509389e-03,1.20799926e-02
3.21100000e+04,1.22513961e-03,1.20816901e-02
3.21200000e+04,1.22517279e-03,1.20835604e-02
3.21300000e+04,1.22517705e-03,1.20853488e-02
3.21400000e+04,1.22516872e-03,1.20869729e-02
3.21500000e+04,1.22515199e-03,1.20885166e-02
3.21600000e+04,1.22513514e-03,1.20899290e-02
3.21700000e+04,1.22510670e-03,1.20912978e-02
3.21800000e+04,1.22508386e-03,1.20925945e-02
3.21900000e+04,1.22505907e-03,1.20938156e-02
3.22000000e+04,1.22501935e-03,1.20949905e-02
3.22100000e+04,1.22507219e-03,1.20967358e-02
3.22200000e+04,1.22510497e-03,1.20985805e-02
3.22300000e+04,1.22510926e-03,1.21002793e-02
3.22400000e+04,1.22510386e-03,1.21019604e-02
3.22500000e+04,1.22509196e-03,1.21033910e-02
3.22600000e+04,1.22507070e-03,1.21047912e-02
3.22700000e+04,1.22505070e-03,1.21061373e-02
3.22800000e+04,1.22504219e-03,1.21074465e-02
3.22900000e+04,1.22501319e-03,1.21087202e-02
3.23000000e+04,1.22498274e-03,1.21099251e-02
3.23100000e+04,1.22502525e-03,1.21115930e-02
3.23200000e+04,1.22507188e-03,1.21134574e-02
3.23300000e+04,1.22507557e-03,1.21152046e-02
3.23400000e+04,1.22507805e-03,1.21168229e-02
3.23500000e+04,1.22506679e-03,1.21183072e-02
3.23600000e+04,1.22505375e-03,1.21196657e-02
3.23700000e+04,1.22503499e-03,1.21210861e-02
3.23800000e+04,1.22501885e-03,1.21223812e-02
3.23900000e+04,1.22499304e-03,1.21236552e-02
3.24000000e+04,1.22497063e-03,1.21247936e-02
3.24100000e+04,1.22502296e-03,1.21265209e-02
3.24200000e+04,1.22506378e-03,1.21283570e-02
3.24300000e+04,1.22507204e-03,1.21300569e-02
3.24400000e+04,1.22507387e-03,1.21317430e-02
3.24500000e+04,1.22506553e-03,1.21332585e-02
3.24600000e+04,1.22505212e-03,1.21346608e-02
3.24700000e+04,1.22504290e-03,1.21359415e-02
3.24800000e+04,1.22501958e-03,1.21372247e-02
3.24900000e+04,1.22500363e-03,1.21384133e-02
3.25000000e+04,1.22497914e-03,1.21395901e-02
3.25100000e+04,1.22502745e-03,1.21411078e-02
3.25200000e+04,1.22505710e-03,1.21421604e-02
3.25300000e+04,1.22506288e-03,1.21434818e-02
3.25400000e+04,1.22506575e-03,1.21445878e-02
3.25500000e+04,1.22505595e-03,1.21457649e-02
3.25600000e+04,1.22504243e-03,1.21468728e-02
3.25700000e+04,1.22503007e-03,1.21479691e-02
3.25800000e+04,1.22502480e-03,1.21489399e-02
3.25900000e+04,1.22500104e-03,1.21499727e-02
3.26000000e+04,1.22498211e-03,1.21510434e-02
3.26100000e+04,1.22508813e-03,1.21525622e-02
3.26200000e+04,1.22460344e-03,1.21543190e-02
3.26300000e+04,1.22449058e-03,1.21559974e-02
3.26400000e+04,1.22441132e-03,1.21575525e-02
3.26500000e+04,1.22433413e-03,1.21590886e-02
3.26600000e+04,1.22425908e-03,1.21603625e-02
3.26700000e+04,1.22419635e-03,1.21601811e-02
3.26800000e+04,1.22412835e-03,1.21612743e-02
3.26900000e+04,1.22406917e-03,1.21643290e-02
3.27000000e+04,1.22401123e-03,1.21648431e-02
3.27100000e+04,1.22401112e-03,1.21652908e-02
3.27200000e+04,1.22401260e-03,1.21662534e-02
3.27300000e+04,1.22399420e-03,1.21672373e-02
3.27400000e+04,1.22396128e-03,1.21681800e-02
3.27500000e+04,1.22393186e-03,1.21690820e-02
3.27600000e+04,1.22390437e-03,1.21698916e-02
3.27700000e+04,1.22386671e-03,1.21706463e-02
3.27800000e+04,1.22382920e-03,1.21714406e-02
3.27900000e+04,1.22379396e-03,1.21722076e-02
3.28000000e+04,1.22375229e-03,1.21729756e-02
3.28100000e+04,1.22377712e-03,1.21740960e-02
3.28200000e+04,1.22380069e-03,1.21753411e-02
3.28300000e+04,1.22379376e-03,1.21765574e-02
3.28400000e+04,1.22378729e-03,1.21776489e-02
3.28500000e+04,1.22377048e-03,1.21786877e-02
3.28600000e+04,1.22374865e-03,1.21796693e-02
3.28700000e+04,1.22372866e-03,1.21806425e-02
3.28800000e+04,1.22370128e-03,1.21815200e-02
3.28900000e+04,1.22366988e-03,1.21824100e-02
3.29000000e+04,1.22364238e-03,1.21832832e-02
3.29100000e+04,1.22366989e-03,1.21845693e-02
3.29200000e+04,1.22370324e-03,1.21859482e-02
3.29300000e+04,1.22370408e-03,1.21872656e-02
3.29400000e+04,1.22369636e-03,1.21885032e-02
3.29500000e+04,1.22369148e-03,1.21896572e-02
3.29600000e+04,1.22367337e-03,1.21907589e-02
3.29700000e+04,1.22365576e-03,1.21918280e-02
3.29800000e+04,1.22363276e-03,1.21927692e-02
3.29900000e+04,1.22361366e-03,1.21937569e-02
3.30000000e+04,1.22359247e-03,1.21947061e-02
3.30100000e+04,1.22362871e-03,1.21959946e-02
3.30200000e+04,1.22365765e-03,1.21974518e-02
3.30300000e+04,1.22366613e-03,1.21988786e-02
3.30400000e+04,1.22366755e-03,1.22001272e-02
3.30500000e+04,1.22366181e-03,1.22013214e-02
3.30600000e+04,1.22364466e-03,1.22024679e-02
3.30700000e+04,1.22363439e-03,1.22035789e-02
3.30800000e+04,1.22361837e-03,1.22046103e-02
3.30900000e+04,1.22360502e-03,1.22056086e-02
3.31000000e+04,1.22358704e-03,1.22066362e-02
3.31100000e+04,1.22361834e-03,1.22080635e-02
3.31200000e+04,1.22365783e-03,1.22096215e-02
3.31300000e+04,1.22366705e-03,1.22111288e-02
3.31400000e+04,1.22367212e-03,1.22125530e-02
3.31500000e+04,1.22366929e-03,1.22138436e-02
3.31600000e+04,1.22366272e-03,1.22150610e-02
3.31700000e+04,1.22364741e-03,1.22162393e-02
3.31800000e+04,1.22363435e-03,1.22173549e-02
3.31900000e+04,1.22362276e-03,1.22184250e-02
3.32000000e+04,1.22360168e-03,1.22194972e-02
3.32100000e+04,1.22364013e-03,1.22209242e-02
3.32200000e+04,1.22368315e-03,1.22225137e-02
3.32300000e+04,1.22369278e-03,1.22239987e-02
3.32400000e+04,1.22370315e-03,1.22253973e-02
3.32500000e+04,1.22370080e-03,1.22267307e-02
3.32600000e+04,1.22369343e-03,1.22279530e-02
3.32700000e+04,1.22368609e-03,1.22291331e-02
3.32800000e+04,1.22367243e-03,1.22302869e-02
3.32900000e+04,1.22366017e-03,1.22314125e-02
3.33000000e+04,1.22365419e-03,1.22324849e-02
3.33100000e+04,1.22368966e-03,1.22339645e-02
3.33200000e+04,1.22373944e-03,1.22355532e-02
3.33300000e+04,1.22375289e-03,1.22370474e-02
3.33400000e+04,1.22376316e-03,1.22384449e-02
3.33500000e+04,1.22376555e-03,1.22397694e-02
3.33600000e+04,1.22376289e-03,1.22410244e-02
3.33700000e+04,1.22376184e-03,1.22422196e-02
3.33800000e+04,1.22374771e-03,1.22433963e-02
3.33900000e+04,1.22373801e-03,1.22445470e-02
3.34000000e+04,1.22372982e-03,1.22456026e-02
3.34100000e+04,1.22377212e-03,1.22470734e-02
3.34200000e+04,1.22381504e-03,1.22486655e-02
3.34300000e+04,1.22383009e-03,1.22501714e-02
3.34400000e+04,1.22383653e-03,1.22516417e-02
3.34500000e+04,1.22383787e-03,1.22529302e-02
3.34600000e+04,1.22383771e-03,1.22541947e-02
3.34700000e+04,1.22383082e-03,1.22554152e-02
3.34800000e+04,1.22382170e-03,1.22565682e-02
3.34900000e+04,1.22381288e-03,1.22576886e-02
3.35000000e+04,1.22380310e-03,1.22587881e-02
3.35100000e+04,1.22384235e-03,1.22602436e-02
3.35200000e+04,1.22388481e-03,1.22617512e-02
3.35300000e+04,1.22389871e-03,1.22631338e-02
3.35400000e+04,1.22390989e-03,1.22645625e-02
3.35500000e+04,1.22391177e-03,1.22658093e-02
3.35600000e+04,1.22391024e-03,1.22670480e-02
3.35700000e+04,1.22391034e-03,1.22682135e-02
3.35800000e+04,1.22389932e-03,1.22693506e-02
3.35900000e+04,1.22389513e-03,1.22704512e-02
3.36000000e+04,1.22388165e-03,1.22715004e-02
3.36100000e+04,1.22392488e-03,1.22729144e-02
3.36200000e+04,1.22396746e-03,1.22743563e-02
3.36300000e+04,1.22398592e-03,1.22757517e-02
3.36400000e+04,1.22398689e-03,1.22771143e-02
3.36500000e+04,1.22399689e-03,1.22783609e-02
3.36600000e+04,1.22398846e-03,1.22795424e-02
3.36700000e+04,1.22398775e-03,1.22806883e-02
3.36800000e+04,1.22398230e-03,1.22818175e-02
3.36900000e+04,1.22397485e-03,1.22829182e-02
3.37000000e+04,1.22396452e-03,1.22839501e-02
3.37100000e+04,1.22400991e-03,1.22853701e-02
3.37200000e+04,1.22404941e-03,1.22868873e-02
3.37300000e+04,1.22407137e-03,1.22883342e-02
3.37400000e+04,1.22408574e-03,1.22897159e-02
3.37500000e+04,1.22408434e-03,1.22909618e-02
3.37600000e+04,1.22408794e-03,1.22921758e-02
3.37700000e+04,1.22408378e-03,1.22934044e-02
3.37800000e+04,1.22407937e-03,1.22945099e-02
3.37900000e+04,1.22407414e-03,1.22956215e-02
3.38000000e+04,1.22406513e-03,1.22967042e-02
3.38100000e+04,1.22411865e-03,1.22981864e-02
3.38200000e+04,1.22415886e-03,1.22998707e-02
3.38300000e+04,1.22418107e-03,1.23013857e-02
3.38400000e+04,1.22418923e-03,1.23028912e-02
3.38500000e+04,1.22419441e-03,1.23042145e-02
3.38600000e+04,1.22419978e-03,1.23055553e-02
3.38700000e+04,1.22419065e-03,1.23067884e-02
3.38800000e+04,1.22419449e-03,1.23079771e-02
3.38900000e+04,1.22418538e-03,1.23091142e-02
3.39000000e+04,1.22417909e-03,1.23102488e-02
3.39100000e+04,1.22422134e-03,1.23117159e-02
3.39200000e+04,1.22426553e-03,1.23132239e-02
3.39300000e+04,1.22427906e-03,1.23146449e-02
3.39400000e+04,1.22429181e-03,1.23160411e-02
3.39500000e+04,1.22429615e-03,1.23173665e-02
3.39600000e+04,1.22429705e-03,1.23185914e-02
3.39700000e+04,1.22429139e-03,1.23197655e-02
3.39800000e+04,1.22429596e-03,1.23209588e-02
3.39900000e+04,1.22429051e-03,1.23219828e-02
3.40000000e+04,1.22428155e-03,1.23231470e-02
3.40100000e+04,1.22432492e-03,1.23245552e-02
3.40200000e+04,1.22436678e-03,1.23259535e-02
3.40300000e+04,1.22437364e-03,1.23273658e-02
3.40400000e+04,1.22438584e-03,1.23295349e-02
3.40500000e+04,1.22438979e-03,1.23300984e-02
3.40600000e+04,1.22439136e-03,1.23301866e-02
3.40700000e+04,1.22439362e-03,1.23311282e-02
3.40800000e+04,1.22438678e-03,1.23321837e-02
3.40900000e+04,1.22438142e-03,1.23331434e-02
3.41000000e+04,1.22437279e-03,1.23338010e-02
3.41100000e+04,1.22441896e-03,1.23347710e-02
3.41200000e+04,1.22446143e-03,1.23359889e-02
3.41300000e+04,1.22447706e-03,1.23371398e-02
3.41400000e+04,1.22448945e-03,1.23381691e-02
3.41500000e+04,1.22448989e-03,1.23391895e-02
3.41600000e+04,1.22448950e-03,1.23401754e-02
3.41700000e+04,1.22449013e-03,1.23411069e-02
3.41800000e+04,1.22448700e-03,1.23420443e-02
3.41900000e+04,1.22448656e-03,1.23428939e-02
3.42000000e+04,1.22447872e-03,1.23437641e-02
3.42100000e+04,1.22451418e-03,1.23449009e-02
3.42200000e+04,1.22454602e-03,1.23460852e-02
3.42300000e+04,1.22455403e-03,1.23472663e-02
3.42400000e+04,1.22456124e-03,1.23483403e-02
3.42500000e+04,1.22456266e-03,1.23493752e-02
3.42600000e+04,1.22456377e-03,1.23503911e-02
3.42700000e+04,1.22456050e-03,1.23513384e-02
3.42800000e+04,1.22455244e-03,1.23523051e-02
3.42900000e+04,1.22454432e-03,1.23532047e-02
3.43000000e+04,1.22454332e-03,1.23541127e-02
3.43100000e+04,1.22449553e-03,1.23552508e-02
3.43200000e+04,1.22442524e-03,1.23565202e-02
3.43300000e+04,1.22438583e-03,1.23577061e-02
3.43400000e+04,1.22435065e-03,1.23588327e-02
3.43500000e+04,1.22432052e-03,1.23599076e-02
3.43600000e+04,1.22428721e-03,1.23609497e-02
3.43700000e+04,1.22426096e-03,1.23619509e-02
3.43800000e+04,1.22422876e-03,1.23629097e-02
3.43900000e+04,1.22420245e-03,1.23638577e-02
3.44000000e+04,1.22417932e-03,1.23647591e-02
3.44100000e+04,1.22420502e-03,1.23659284e-02
3.44200000e+04,1.22423355e-03,1.23671264e-02
3.44300000e+04,1.22423536e-03,1.23683021e-02
3.44400000e+04,1.22423736e-03,1.23694223e-02
3.44500000e+04,1.22422665e-03,1.23704828e-02
3.44600000e+04,1.22422004e-03,1.23715283e-02
3.44700000e+04,1.22420181e-03,1.23724935e-02
3.44800000e+04,1.22418904e-03,1.23734652e-02
3.44900000e+04,1.22417584e-03,1.23743880e-02
3.45000000e+04,1.22415827e-03,1.23752924e-02
3.45100000e+04,1.22418990e-03,1.23764232e-02
3.45200000e+04,1.22421519e-03,1.23776176e-02
3.45300000e+04,1.22422225e-03,1.23787373e-02
3.45400000e+04,1.22422228e-03,1.23798226e-02
3.45500000e+04,1.22421840e-03,1.23808616e-02
3.45600000e+04,1.22420916e-03,1.23818835e-02
3.45700000e+04,1.22419815e-03,1.23828353e-02
3.45800000e+04,1.22418730e-03,1.23837711e-02
3.45900000e+04,1.22416861e-03,1.23846973e-02
3.46000000e+04,1.22416015e-03,1.23856022e-02
3.46100000e+04,1.22420286e-03,1.23867824e-02
3.46200000e+04,1.22423633e-03,1.23880366e-02
3.46300000e+04,1.22424679e-03,1.23892981e-02
3.46400000e+04,1.22425504e-03,1.23904422e-02
3.46500000e+04,1.22425444e-03,1.23915805e-02
3.46600000e+04,1.22424982e-03,1.23926234e-02
3.46700000e+04,1.22424764e-03,1.23936447e-02
3.46800000e+04,1.22422839e-03,1.23946123e-02
3.46900000e+04,1.22422106e-03,1.23955705e-02
3.47000000e+04,1.22421518e-03,1.23965116e-02
3.47100000e+04,1.22425064e-03,1.23977383e-02
3.47200000e+04,1.22428307e-03,1.23990168e-02
3.47300000e+04,1.22429542e-03,1.24001939e-02
3.47400000e+04,1.22429517e-03,1.24014000e-02
3.47500000e+04,1.22430397e-03,1.24025066e-02
3.47600000e+04,1.22429661e-03,1.24035590e-02
3.47700000e+04,1.22429449e-03,1.24045836e-02
3.47800000e+04,1.22427832e-03,1.24055808e-02
3.47900000e+04,1.22426769e-03,1.24065228e-02
3.48000000e+04,1.22425580e-03,1.24075172e-02
3.48100000e+04,1.22425668e-03,1.24087303e-02
3.48200000e+04,1.22426261e-03,1.24100157e-02
3.48300000e+04,1.22425501e-03,1.24113369e-02
3.48400000e+04,1.22424224e-03,1.24125217e-02
3.48500000e+04,1.22423627e-03,1.24137047e-02
3.48600000e+04,1.22422398e-03,1.24147829e-02
3.48700000e+04,1.22420988e-03,1.24158695e-02
3.48800000e+04,1.22419938e-03,1.24168596e-02
3.48900000e+04,1.22418350e-03,1.24178638e-02
3.49000000e+04,1.22416513e-03,1.24188186e-02
3.49100000e+04,1.22420781e-03,1.24199948e-02
3.49200000e+04,1.22423869e-03,1.24211347e-02
3.49300000e+04,1.22425173e-03,1.24222855e-02
3.49400000e+04,1.22425780e-03,1.24233461e-02
3.49500000e+04,1.22425224e-03,1.24243611e-02
3.49600000e+04,1.22424817e-03,1.24253752e-02
3.49700000e+04,1.22424422e-03,1.24263512e-02
3.49800000e+04,1.22423155e-03,1.24272881e-02
3.49900000e+04,1.22422448e-03,1.24282135e-02
3.50000000e+04,1.22421524e-03,1.24291386e-02
3.50100000e+04,1.22425346e-03,1.24303289e-02
3.50200000e+04,1.22429004e-03,1.24316154e-02
3.50300000e+04,1.22430196e-03,1.24328078e-02
3.50400000e+04,1.22430560e-03,1.24339571e-02
3.50500000e+04,1.22430610e-03,1.24351021e-02
3.50600000e+04,1.22430125e-03,1.24361616e-02
3.50700000e+04,1.22429814e-03,1.24371519e-02
3.50800000e+04,1.22429342e-03,1.24381323e-02
3.50900000e+04,1.22429080e-03,1.24391315e-02
3.51000000e+04,1.22427884e-03,1.24400670e-02
3.51100000e+04,1.22424649e-03,1.24412901e-02
3.51200000e+04,1.22413073e-03,1.24426151e-02
3.51300000e+04,1.22406134e-03,1.24439128e-02
3.51400000e+04,1.22401925e-03,1.24450747e-02
3.51500000e+04,1.22397897e-03,1.24462460e-02
3.51600000e+04,1.22393608e-03,1.24473372e-02
3.51700000e+04,1.22391120e-03,1.24483985e-02
3.51800000e+04,1.22387085e-03,1.24494493e-02
3.51900000e+04,1.22383909e-03,1.24504004e-02
3.52000000e+04,1.22381139e-03,1.24513385e-02
3.52100000e+04,1.22381912e-03,1.24525892e-02
3.52200000e+04,1.22383505e-03,1.24539465e-02
3.52300000e+04,1.22382789e-03,1.24551648e-02
3.52400000e+04,1.22381151e-03,1.24563329e-02
3.52500000e+04,1.22379950e-03,1.24574936e-02
3.52600000e+04,1.22378333e-03,1.24585884e-02
3.52700000e+04,1.22376506e-03,1.24596389e-02
3.52800000e+04,1.22374200e-03,1.24606389e-02
3.52900000e+04,1.22371737e-03,1.24616213e-02
3.53000000e+04,1.22369869e-03,1.24625942e-02
3.53100000e+04,1.22372419e-03,1.24638351e-02
3.53200000e+04,1.22374652e-03,1.24651724e-02
3.53300000e+04,1.22375484e-03,1.24664192e-02
3.53400000e+04,1.22374805e-03,1.24676457e-02
3.53500000e+04,1.22373516e-03,1.24688030e-02
3.53600000e+04,1.22372762e-03,1.24699256e-02
3.53700000e+04,1.22371925e-03,1.24709584e-02
3.53800000e+04,1.22369600e-03,1.24719811e-02
3.53900000e+04,1.22368503e-03,1.24729592e-02
3.54000000e+04,1.22366709e-03,1.24739392e-02
3.54100000e+04,1.22370498e-03,1.24751566e-02
3.54200000e+04,1.22374200e-03,1.24764414e-02
3.54300000e+04,1.22375158e-03,1.24776447e-02
3.54400000e+04,1.22375426e-03,1.24787896e-02
3.54500000e+04,1.22375418e-03,1.24798729e-02
3.54600000e+04,1.22374791e-03,1.24809897e-02
3.54700000e+04,1.22374071e-03,1.24820080e-02
3.54800000e+04,1.22373212e-03,1.24829750e-02
3.54900000e+04,1.22372132e-03,1.24839706e-02
3.55000000e+04,1.22370967e-03,1.24848712e-02
3.55100000e+04,1.22375006e-03,1.24861561e-02
3.55200000e+04,1.22378010e-03,1.24874659e-02
3.55300000e+04,1.22379225e-03,1.24887649e-02
3.55400000e+04,1.22379543e-03,1.24899941e-02
3.55500000e+04,1.22379900e-03,1.24911326e-02
3.55600000e+04,1.22379378e-03,1.24922294e-02
3.55700000e+04,1.22379008e-03,1.24932804e-02
3.55800000e+04,1.22378160e-03,1.24943280e-02
3.55900000e+04,1.22377074e-03,1.24953402e-02
3.56000000e+04,1.22376315e-03,1.24962918e-02
3.56100000e+04,1.22380380e-03,1.24974457e-02
3.56200000e+04,1.22384024e-03,1.24986766e-02
3.56300000e+04,1.22385171e-03,1.24998174e-02
3.56400000e+04,1.22385814e-03,1.25009087e-02
3.56500000e+04,1.22387112e-03,1.25020206e-02
3.56600000e+04,1.22386439e-03,1.25029878e-02
3.56700000e+04,1.22386144e-03,1.25040265e-02
3.56800000e+04,1.22385613e-03,1.25049846e-02
3.56900000e+04,1.22384642e-03,1.25058761e-02
3.57000000e+04,1.22383627e-03,1.25068372e-02
3.57100000e+04,1.22387329e-03,1.25079941e-02
3.57200000e+04,1.22391079e-03,1.25092666e-02
3.57300000e+04,1.22392002e-03,1.25104521e-02
3.57400000e+04,1.22392279e-03,1.25115401e-02
3.57500000e+04,1.22392528e-03,1.25126102e-02
3.57600000e+04,1.22392049e-03,1.25135977e-02
3.57700000e+04,1.22392407e-03,1.25146203e-02
3.57800000e+04,1.22391520e-03,1.25155906e-02
3.57900000e+04,1.22390330e-03,1.25165637e-02
3.58000000e+04,1.22390072e-03,1.25175015e-02
3.58100000e+04,1.22391975e-03,1.25185730e-02
3.58200000e+04,1.22393414e-03,1.25196524e-02
3.58300000e+04,1.22393313e-03,1.25207458e-02
3.58400000e+04,1.22393073e-03,1.25217334e-02
3.58500000e+04,1.22392190e-03,1.25226931e-02
3.58600000e+04,1.22391087e-03,1.25236867e-02
3.58700000e+04,1.22390703e-03,1.25245678e-02
3.58800000e+04,1.22389921e-03,1.25263633e-02
3.58900000e+04,1.22388240e-03,1.25257077e-02
3.59000000e+04,1.22386973e-03,1.25265979e-02
3.59100000e+04,1.22389521e-03,1.25269606e-02
3.59200000e+04,1.22392067e-03,1.25264646e-02
3.59300000e+04,1.22392407e-03,1.25259316e-02
3.59400000e+04,1.22392031e-03,1.25256185e-02
3.59500000e+04,1.22391763e-03,1.25253484e-02
3.59600000e+04,1.22391432e-03,1.25251944e-02
3.59700000e+04,1.22390058e-03,1.25250726e-02
3.59800000e+04,1.22389994e-03,1.25250466e-02
3.59900000e+04,1.22388487e-03,1.25250170e-02
3.60000000e+04,1.22387411e-03,1.25250538e-02
3.60100000e+04,1.22382724e-03,1.25253379e-02
3.60200000e+04,1.22376627e-03,1.25256958e-02
3.60300000e+04,1.22373273e-03,1.25260634e-02
3.60400000e+04,1.22369389e-03,1.25264293e-02
3.60500000e+04,1.22366696e-03,1.25267753e-02
3.60600000e+04,1.22363672e-03,1.25270757e-02
3.60700000e+04,1.22360786e-03,1.25273833e-02
3.60800000e+04,1.22358470e-03,1.25277417e-02
3.60900000e+04,1.22355664e-03,1.25280799e-02
3.61000000e+04,1.22353225e-03,1.25283819e-02
3.61100000e+04,1.22354974e-03,1.25289091e-02
3.61200000e+04,1.22356181e-03,1.25295616e-02
3.61300000e+04,1.22355622e-03,1.25301858e-02
3.61400000e+04,1.22355159e-03,1.25307828e-02
3.61500000e+04,1.22354243e-03,1.25313281e-02
3.61600000e+04,1.22352400e-03,1.25318401e-02
3.61700000e+04,1.22350859e-03,1.25323571e-02
3.61800000e+04,1.22349646e-03,1.25328561e-02
3.61900000e+04,1.22347909e-03,1.25333146e-02
3.62000000e+04,1.22345932e-03,1.25337775e-02
3.62100000e+04,1.22349410e-03,1.25344297e-02
3.62200000e+04,1.22352223e-03,1.25351732e-02
3.62300000e+04,1.22352863e-03,1.25358998e-02
3.62400000e+04,1.22352714e-03,1.25365862e-02
3.62500000e+04,1.22352487e-03,1.25372183e-02
3.62600000e+04,1.22351584e-03,1.25378430e-02
3.62700000e+04,1.22350718e-03,1.25384203e-02
3.62800000e+04,1.22349936e-03,1.25389877e-02
3.62900000e+04,1.22348390e-03,1.25395328e-02
3.63000000e+04,1.22347400e-03,1.25400795e-02
3.63100000e+04,1.22345169e-03,1.25407797e-02
3.63200000e+04,1.22341966e-03,1.25415466e-02
3.63300000e+04,1.22340072e-03,1.25422679e-02
3.63400000e+04,1.22338238e-03,1.25429433e-02
3.63500000e+04,1.22336071e-03,1.25436275e-02
3.63600000e+04,1.22334008e-03,1.25442460e-02
3.63700000e+04,1.22331359e-03,1.25448880e-02
3.63800000e+04,1.22329979e-03,1.25454675e-02
3.63900000e+04,1.22327596e-03,1.25460164e-02
3.64000000e+04,1.22325526e-03,1.25465843e-02
3.64100000e+04,1.22326015e-03,1.25473614e-02
3.64200000e+04,1.22327296e-03,1.25481603e-02
3.64300000e+04,1.22326524e-03,1.25488978e-02
3.64400000e+04,1.22324591e-03,1.25496258e-02
3.64500000e+04,1.22323174e-03,1.25503494e-02
3.64600000e+04,1.22321853e-03,1.25510225e-02
3.64700000e+04,1.22319791e-03,1.25516449e-02
3.64800000e+04,1.22318177e-03,1.25522672e-02
3.64900000e+04,1.22316925e-03,1.25528650e-02
3.65000000e+04,1.22314538e-03,1.25534627e-02
3.65100000e+04,1.22317160e-03,1.25542102e-02
3.65200000e+04,1.22319704e-03,1.25549773e-02
3.65300000e+04,1.22319565e-03,1.25556971e-02
3.65400000e+04,1.22319837e-03,1.25564462e-02
3.65500000e+04,1.22319296e-03,1.25571123e-02
3.65600000e+04,1.22318244e-03,1.25577563e-02
3.65700000e+04,1.22317226e-03,1.25584083e-02
3.65800000e+04,1.22315743e-03,1.25590278e-02
3.65900000e+04,1.22314709e-03,1.25596334e-02
3.66000000e+04,1.22312651e-03,1.25602306e-02
3.66100000e+04,1.22311118e-03,1.25609710e-02
3.66200000e+04,1.22307548e-03,1.25617798e-02
3.66300000e+04,1.22305020e-03,1.25625384e-02
3.66400000e+04,1.22302762e-03,1.25632679e-02
3.66500000e+04,1.22300431e-03,1.25639495e-02
3.66600000e+04,1.22298017e-03,1.25646271e-02
3.66700000e+04,1.22296278e-03,1.25652860e-02
3.66800000e+04,1.22293908e-03,1.25659167e-02
3.66900000e+04,1.22291338e-03,1.25665179e-02
3.67000000e+04,1.22289487e-03,1.25671254e-02
3.67100000e+04,1.22289580e-03,1.25678799e-02
3.67200000e+04,1.22290392e-03,1.25687201e-02
3.67300000e+04,1.22289462e-03,1.25694828e-02
3.67400000e+04,1.22288546e-03,1.25702411e-02
3.67500000e+04,1.22286521e-03,1.25710039e-02
3.67600000e+04,1.22285794e-03,1.25716908e-02
3.67700000e+04,1.22283509e-03,1.25723786e-02
3.67800000e+04,1.22281468e-03,1.25729972e-02
3.67900000e+04,1.22280506e-03,1.25736367e-02
3.68000000e+04,1.22278062e-03,1.25742396e-02
3.68100000e+04,1.22280104e-03,1.25750272e-02
3.68200000e+04,1.22282736e-03,1.25758450e-02
3.68300000e+04,1.22282485e-03,1.25766442e-02
3.68400000e+04,1.22282301e-03,1.25774324e-02
3.68500000e+04,1.22281289e-03,1.25780901e-02
3.68600000e+04,1.22280961e-03,1.25788089e-02
3.68700000e+04,1.22279435e-03,1.25795059e-02
3.68800000e+04,1.22277903e-03,1.25801336e-02
3.68900000e+04,1.22277009e-03,1.25807568e-02
3.69000000e+04,1.22275430e-03,1.25814109e-02
3.69100000e+04,1.22278217e-03,1.25822053e-02
3.69200000e+04,1.22280381e-03,1.25831299e-02
3.69300000e+04,1.22280163e-03,1.25840158e-02
3.69400000e+04,1.22280087e-03,1.25848329e-02
3.69500000e+04,1.22279052e-03,1.25856391e-02
3.69600000e+04,1.22278264e-03,1.25863979e-02
3.69700000e+04,1.22277365e-03,1.25871373e-02
3.69800000e+04,1.22276049e-03,1.25878032e-02
3.69900000e+04,1.22274574e-03,1.25884719e-02
3.70000000e+04,1.22273570e-03,1.25891455e-02
3.70100000e+04,1.22271168e-03,1.25900282e-02
3.70200000e+04,1.22268580e-03,1.25910101e-02
3.70300000e+04,1.22266285e-03,1.25919459e-02
3.70400000e+04,1.22264106e-03,1.25928741e-02
3.70500000e+04,1.22262004e-03,1.25936996e-02
3.70600000e+04,1.22260168e-03,1.25945181e-02
3.70700000e+04,1.22258312e-03,1.25952728e-02
3.70800000e+04,1.22255607e-03,1.25959978e-02
3.70900000e+04,1.22254188e-03,1.25966975e-02
3.71000000e+04,1.22252597e-03,1.25974049e-02
3.71100000e+04,1.22249646e-03,1.25982958e-02
3.71200000e+04,1.22246088e-03,1.25992262e-02
3.71300000e+04,1.22242173e-03,1.26001415e-02
3.71400000e+04,1.22238831e-03,1.26010273e-02
3.71500000e+04,1.22236511e-03,1.26018308e-02
3.71600000e+04,1.22233816e-03,1.26026208e-02
3.71700000e+04,1.22231747e-03,1.26033840e-02
3.71800000e+04,1.22228566e-03,1.26041023e-02
3.71900000e+04,1.22226171e-03,1.26048383e-02
3.72000000e+04,1.22223460e-03,1.26055117e-02
3.72100000e+04,1.22224593e-03,1.26062785e-02
3.72200000e+04,1.22225361e-03,1.26070284e-02
3.72300000e+04,1.22224648e-03,1.26077335e-02
3.72400000e+04,1.22223453e-03,1.26084290e-02
3.72500000e+04,1.22222380e-03,1.26091427e-02
3.72600000e+04,1.22221124e-03,1.26098190e-02
3.72700000e+04,1.22219333e-03,1.26104475e-02
3.72800000e+04,1.22216951e-03,1.26111141e-02
3.72900000e+04,1.22215148e-03,1.26117144e-02
3.73000000e+04,1.22213594e-03,1.26123612e-02
3.73100000e+04,1.22215795e-03,1.26131042e-02
3.73200000e+04,1.22218418e-03,1.26139657e-02
3.73300000e+04,1.22218212e-03,1.26148022e-02
3.73400000e+04,1.22217847e-03,1.26155314e-02
3.73500000e+04,1.22216969e-03,1.26162637e-02
3.73600000e+04,1.22215846e-03,1.26169975e-02
3.73700000e+04,1.22214687e-03,1.26176825e-02
3.73800000e+04,1.22213569e-03,1.26183477e-02
3.73900000e+04,1.22212621e-03,1.26190245e-02
3.74000000e+04,1.22211030e-03,1.26196262e-02
3.74100000e+04,1.22209736e-03,1.26204338e-02
3.74200000e+04,1.22208572e-03,1.26213113e-02
3.74300000e+04,1.22206617e-03,1.26221306e-02
3.74400000e+04,1.22204482e-03,1.26229111e-02
3.74500000e+04,1.22202634e-03,1.26236686e-02
3.74600000e+04,1.22201153e-03,1.26244368e-02
3.74700000e+04,1.22199184e-03,1.26251077e-02
3.74800000e+04,1.22196850e-03,1.26258152e-02
3.74900000e+04,1.22195148e-03,1.26264778e-02
3.75000000e+04,1.22193282e-03,1.26271301e-02
3.75100000e+04,1.22195358e-03,1.26279537e-02
3.75200000e+04,1.22196525e-03,1.26288883e-02
3.75300000e+04,1.22196875e-03,1.26297253e-02
3.75400000e+04,1.22195851e-03,1.26305328e-02
3.75500000e+04,1.22195730e-03,1.26313212e-02
3.75600000e+04,1.22194036e-03,1.26320633e-02
3.75700000e+04,1.22192927e-03,1.26328390e-02
3.75800000e+04,1.22191335e-03,1.26335340e-02
3.75900000e+04,1.22190144e-03,1.26342049e-02
3.76000000e+04,1.22188532e-03,1.26348783e-02
3.76100000e+04,1.22189185e-03,1.26357275e-02
3.76200000e+04,1.22188797e-03,1.26366138e-02
3.76300000e+04,1.22188272e-03,1.26375731e-02
3.76400000e+04,1.22187112e-03,1.26383965e-02
3.76500000e+04,1.22185510e-03,1.26391617e-02
3.76600000e+04,1.22184500e-03,1.26399281e-02
3.76700000e+04,1.22182956e-03,1.26406839e-02
3.76800000e+04,1.22181236e-03,1.26413745e-02
3.76900000e+04,1.22179196e-03,1.26420776e-02
3.77000000e+04,1.22177679e-03,1.26427519e-02
3.77100000e+04,1.22177940e-03,1.26435258e-02
3.77200000e+04,1.22179011e-03,1.26443558e-02
3.77300000e+04,1.22178013e-03,1.26451082e-02
3.77400000e+04,1.22176612e-03,1.26458107e-02
3.77500000e+04,1.22175588e-03,1.26465121e-02
3.77600000e+04,1.22174015e-03,1.26472527e-02
3.77700000e+04,1.22172618e-03,1.26479277e-02
3.77800000e+04,1.22171276e-03,1.26485537e-02
3.77900000e+04,1.22169812e-03,1.26492051e-02
3.78000000e+04,1.22167595e-03,1.26498364e-02
3.78100000e+04,1.22166763e-03,1.26505424e-02
3.78200000e+04,1.22166707e-03,1.26512242e-02
3.78300000e+04,1.22165286e-03,1.26519015e-02
3.78400000e+04,1.22163546e-03,1.26524846e-02
3.78500000e+04,1.22161665e-03,1.26531255e-02
3.78600000e+04,1.22160005e-03,1.26537122e-02
3.78700000e+04,1.22158342e-03,1.26543167e-02
3.78800000e+04,1.22157302e-03,1.26548636e-02
3.78900000e+04,1.22154732e-03,1.26554620e-02
3.79000000e+04,1.22153091e-03,1.26560226e-02
3.79100000e+04,1.22150530e-03,1.26567922e-02
3.79200000e+04,1.22147736e-03,1.26575893e-02
3.79300000e+04,1.22145424e-03,1.26583434e-02
3.79400000e+04,1.22141456e-03,1.26590445e-02
3.79500000e+04,1.22139072e-03,1.26597491e-02
3.79600000e+04,1.22136807e-03,1.26604372e-02
3.79700000e+04,1.22133625e-03,1.26611209e-02
3.79800000e+04,1.22131024e-03,1.26617471e-02
3.79900000e+04,1.22128697e-03,1.26623477e-02
3.80000000e+04,1.22126330e-03,1.26629632e-02
3.80100000e+04,1.22127965e-03,1.26639444e-02
3.80200000e+04,1.22129973e-03,1.26639915e-02
3.80300000e+04,1.22129535e-03,1.26653087e-02
3.80400000e+04,1.22128229e-03,1.26658879e-02
3.80500000e+04,1.22128016e-03,1.26666912e-02
3.80600000e+04,1.22125896e-03,1.26671788e-02
3.80700000e+04,1.22124912e-03,1.26677253e-02
3.80800000e+04,1.22123665e-03,1.26682141e-02
3.80900000e+04,1.22121828e-03,1.26687121e-02
3.81000000e+04,1.22120186e-03,1.26692187e-02
3.81100000e+04,1.22122838e-03,1.26697996e-02
3.81200000e+04,1.22125507e-03,1.26704107e-02
3.81300000e+04,1.22126172e-03,1.26710491e-02
3.81400000e+04,1.22125822e-03,1.26716489e-02
3.81500000e+04,1.22125675e-03,1.26722070e-02
3.81600000e+04,1.22124844e-03,1.26727703e-02
3.81700000e+04,1.22123777e-03,1.26732988e-02
3.81800000e+04,1.22122926e-03,1.26738208e-02
3.81900000e+04,1.22121673e-03,1.26743148e-02
3.82000000e+04,1.22120276e-03,1.26748119e-02
3.82100000e+04,1.22122811e-03,1.26754337e-02
3.82200000e+04,1.22126266e-03,1.26760875e-02
3.82300000e+04,1.22126774e-03,1.26767250e-02
3.82400000e+04,1.22127303e-03,1.26773190e-02
3.82500000e+04,1.22127589e-03,1.26779067e-02
3.82600000e+04,1.22126675e-03,1.26784784e-02
3.82700000e+04,1.22125822e-03,1.26790314e-02
3.82800000e+04,1.22125046e-03,1.26795484e-02
3.82900000e+04,1.22123763e-03,1.26800497e-02
3.83000000e+04,1.22123375e-03,1.26805774e-02
3.83100000e+04,1.22125200e-03,1.26811911e-02
3.83200000e+04,1.22128625e-03,1.26818436e-02
3.83300000e+04,1.22129974e-03,1.26824678e-02
3.83400000e+04,1.22130423e-03,1.26831037e-02
3.83500000e+04,1.22130068e-03,1.26837082e-02
3.83600000e+04,1.22130014e-03,1.26843202e-02
3.83700000e+04,1.22128951e-03,1.26848517e-02
3.83800000e+04,1.22128371e-03,1.26854056e-02
3.83900000e+04,1.22127863e-03,1.26859178e-02
3.84000000e+04,1.22126850e-03,1.26864602e-02
3.84100000e+04,1.22130063e-03,1.26870956e-02
3.84200000e+04,1.22132461e-03,1.26877999e-02
3.84300000e+04,1.22133195e-03,1.26884341e-02
3.84400000e+04,1.22133256e-03,1.26891006e-02
3.84500000e+04,1.22134018e-03,1.26897073e-02
3.84600000e+04,1.22133245e-03,1.26902950e-02
3.84700000e+04,1.22132544e-03,1.26908818e-02
3.84800000e+04,1.22132515e-03,1.26914189e-02
3.84900000e+04,1.22131526e-03,1.26919810e-02
3.85000000e+04,1.22130869e-03,1.26925278e-02
3.85100000e+04,1.22133556e-03,1.26931757e-02
3.85200000e+04,1.22135618e-03,1.26938078e-02
3.85300000e+04,1.22136247e-03,1.26944573e-02
3.85400000e+04,1.22136757e-03,1.26951025e-02
3.85500000e+04,1.22136058e-03,1.26956928e-02
3.85600000e+04,1.22135958e-03,1.26962823e-02
3.85700000e+04,1.22135872e-03,1.26968368e-02
3.85800000e+04,1.22134821e-03,1.26973636e-02
3.85900000e+04,1.22133965e-03,1.26979090e-02
3.86000000e+04,1.22134063e-03,1.26984401e-02
3.86100000e+04,1.22133400e-03,1.26990896e-02
3.86200000e+04,1.22133845e-03,1.26997336e-02
3.86300000e+04,1.22133304e-03,1.27003310e-02
3.86400000e+04,1.22132468e-03,1.27009114e-02
3.86500000e+04,1.22131730e-03,1.27015263e-02
3.86600000e+04,1.22130468e-03,1.27020833e-02
3.86700000e+04,1.22129594e-03,1.27025934e-02
3.86800000e+04,1.22128907e-03,1.27031419e-02
3.86900000e+04,1.22127422e-03,1.27036580e-02
3.87000000e+04,1.22126161e-03,1.27041739e-02
3.87100000e+04,1.22128489e-03,1.27048320e-02
3.87200000e+04,1.22129959e-03,1.27055686e-02
3.87300000e+04,1.22130786e-03,1.27062926e-02
3.87400000e+04,1.22130636e-03,1.27069224e-02
3.87500000e+04,1.22130058e-03,1.27075727e-02
3.87600000e+04,1.22129559e-03,1.27082214e-02
3.87700000e+04,1.22128995e-03,1.27087871e-02
3.87800000e+04,1.22128064e-03,1.27093772e-02
3.87900000e+04,1.22127178e-03,1.27099649e-02
3.88000000e+04,1.22126030e-03,1.27105000e-02
3.88100000e+04,1.22127570e-03,1.27111908e-02
3.88200000e+04,1.22129389e-03,1.27118496e-02
3.88300000e+04,1.22130375e-03,1.27125276e-02
3.88400000e+04,1.22129668e-03,1.27131913e-02
3.88500000e+04,1.22129116e-03,1.27138082e-02
3.88600000e+04,1.22128636e-03,1.27144163e-02
3.88700000e+04,1.22128300e-03,1.27149878e-02
3.88800000e+04,1.22127119e-03,1.27155453e-02
3.88900000e+04,1.22126657e-03,1.27161201e-02
3.89000000e+04,1.22125943e-03,1.27166463e-02
3.89100000e+04,1.22126885e-03,1.27173286e-02
3.89200000e+04,1.22128038e-03,1.27180589e-02
3.89300000e+04,1.22127777e-03,1.27187347e-02
3.89400000e+04,1.22127632e-03,1.27194175e-02
3.89500000e+04,1.22127447e-03,1.27200476e-02
3.89600000e+04,1.22126383e-03,1.27206700e-02
3.89700000e+04,1.22125872e-03,1.27212638e-02
3.89800000e+04,1.22124974e-03,1.27218123e-02
3.89900000e+04,1.22123268e-03,1.27223860e-02
3.90000000e+04,1.22123184e-03,1.27229647e-02
3.90100000e+04,1.22125617e-03,1.27236626e-02
3.90200000e+04,1.22128121e-03,1.27244518e-02
3.90300000e+04,1.22129718e-03,1.27252225e-02
3.90400000e+04,1.22129572e-03,1.27259688e-02
3.90500000e+04,1.22129239e-03,1.27266831e-02
3.90600000e+04,1.22129905e-03,1.27273214e-02
3.90700000e+04,1.22128861e-03,1.27279638e-02
3.90800000e+04,1.22128428e-03,1.27285785e-02
3.90900000e+04,1.22127779e-03,1.27291877e-02
3.91000000e+04,1.22127261e-03,1.27297745e-02
3.91100000e+04,1.22127704e-03,1.27304797e-02
3.91200000e+04,1.22128858e-03,1.27312369e-02
3.91300000e+04,1.22128872e-03,1.27320055e-02
3.91400000e+04,1.22127946e-03,1.27327079e-02
3.91500000e+04,1.22128012e-03,1.27333897e-02
3.91600000e+04,1.22126817e-03,1.27340113e-02
3.91700000e+04,1.22126502e-03,1.27346674e-02
3.91800000e+04,1.22125806e-03,1.27352935e-02
3.91900000e+04,1.22124865e-03,1.27358771e-02
3.92000000e+04,1.22123306e-03,1.27364749e-02
3.92100000e+04,1.22125639e-03,1.27371621e-02
3.92200000e+04,1.22128441e-03,1.27379260e-02
3.92300000e+04,1.22128894e-03,1.27386627e-02
3.92400000e+04,1.22129203e-03,1.27393423e-02
3.92500000e+04,1.22128840e-03,1.27399882e-02
3.92600000e+04,1.22128573e-03,1.27406508e-02
3.92700000e+04,1.22128251e-03,1.27412685e-02
3.92800000e+04,1.22127777e-03,1.27418577e-02
3.92900000e+04,1.22127627e-03,1.27424681e-02
3.93000000e+04,1.22126257e-03,1.27430258e-02
3.93100000e+04,1.22129616e-03,1.27437468e-02
3.93200000e+04,1.22132981e-03,1.27444498e-02
3.93300000e+04,1.22134654e-03,1.27451905e-02
3.93400000e+04,1.22135441e-03,1.27458963e-02
3.93500000e+04,1.22135687e-03,1.27465749e-02
3.93600000e+04,1.22136299e-03,1.27472109e-02
3.93700000e+04,1.22136153e-03,1.27478568e-02
3.93800000e+04,1.22136037e-03,1.27484555e-02
3.93900000e+04,1.22135836e-03,1.27490384e-02
3.94000000e+04,1.22135316e-03,1.27496207e-02
3.94100000e+04,1.22137874e-03,1.27502530e-02
3.94200000e+04,1.22141195e-03,1.27509191e-02
3.94300000e+04,1.22142964e-03,1.27515875e-02
3.94400000e+04,1.22144195e-03,1.27521898e-02
3.94500000e+04,1.22144636e-03,1.27527650e-02
3.94600000e+04,1.22144903e-03,1.27533638e-02
3.94700000e+04,1.22144984e-03,1.27538832e-02
3.94800000e+04,1.22144646e-03,1.27544541e-02
3.94900000e+04,1.22144919e-03,1.27550408e-02
3.95000000e+04,1.22144689e-03,1.27555208e-02
3.95100000e+04,1.22146565e-03,1.27561562e-02
3.95200000e+04,1.22150070e-03,1.27568100e-02
3.95300000e+04,1.22152264e-03,1.27573800e-02
3.95400000e+04,1.22152395e-03,1.27580129e-02
3.95500000e+04,1.22153111e-03,1.27585708e-02
3.95600000e+04,1.22152869e-03,1.27591185e-02
3.95700000e+04,1.22153323e-03,1.27596557e-02
3.95800000e+04,1.22153437e-03,1.27602003e-02
3.95900000e+04,1.22153183e-03,1.27607368e-02
3.96000000e+04,1.22152850e-03,1.27612482e-02
3.96100000e+04,1.22154651e-03,1.27618061e-02
3.96200000e+04,1.22155377e-03,1.27623406e-02
3.96300000e+04,1.22156522e-03,1.27628609e-02
3.96400000e+04,1.22156697e-03,1.27633526e-02
3.96500000e+04,1.22156397e-03,1.27638634e-02
3.96600000e+04,1.22156196e-03,1.27643764e-02
3.96700000e+04,1.22156468e-03,1.27648059e-02
3.96800000e+04,1.22155800e-03,1.27653280e-02
3.96900000e+04,1.22154968e-03,1.27657985e-02
3.97000000e+04,1.22154232e-03,1.27662592e-02
3.97100000e+04,1.22156282e-03,1.27668298e-02
3.97200000e+04,1.22157286e-03,1.27674056e-02
3.97300000e+04,1.22157497e-03,1.27679976e-02
3.97400000e+04,1.22157702e-03,1.27685725e-02
3.97500000e+04,1.22157369e-03,1.27690890e-02
3.97600000e+04,1.22157132e-03,1.27696144e-02
3.97700000e+04,1.22156800e-03,1.27701737e-02
3.97800000e+04,1.22156587e-03,1.27706184e-02
3.97900000e+04,1.22156118e-03,1.27711220e-02
3.98000000e+04,1.22155397e-03,1.27716164e-02
3.98100000e+04,1.22157471e-03,1.27721944e-02
3.98200000e+04,1.22159599e-03,1.27727437e-02
3.98300000e+04,1.22161384e-03,1.27733257e-02
3.98400000e+04,1.22161852e-03,1.27738910e-02
3.98500000e+04,1.22161421e-03,1.27743998e-02
3.98600000e+04,1.22161706e-03,1.27749629e-02
3.98700000e+04,1.22161507e-03,1.27754591e-02
3.98800000e+04,1.22160886e-03,1.27759622e-02
3.98900000e+04,1.22160075e-03,1.27764466e-02
3.99000000e+04,1.22159858e-03,1.27769328e-02
3.99100000e+04,1.22162561e-03,1.27775044e-02
3.99200000e+04,1.22165521e-03,1.27781456e-02
3.99300000e+04,1.22167242e-03,1.27787372e-02
3.99400000e+04,1.22167373e-03,1.27793243e-02
3.99500000e+04,1.22167812e-03,1.27798683e-02
3.99600000e+04,1.22167963e-03,1.27804423e-02
3.99700000e+04,1.22167903e-03,1.27809198e-02
3.99800000e+04,1.22167955e-03,1.27814543e-02
3.99900000e+04,1.22168386e-03,1.27819352e-02
4.00000000e+04,1.22167471e-03,1.27824327e-02
4.00100000e+04,1.22168874e-03,1.27830693e-02
4.00200000e+04,1.22169767e-03,1.27836217e-02
4.00300000e+04,1.22171099e-03,1.27841852e-02
4.00400000e+04,1.22170858e-03,1.27847596e-02
4.00500000e+04,1.22170538e-03,1.27852793e-02
4.00600000e+04,1.22170619e-03,1.27858055e-02
4.00700000e+04,1.22169978e-03,1.27863071e-02
4.00800000e+04,1.22169928e-03,1.27868141e-02
4.00900000e+04,1.22169482e-03,1.27872669e-02
4.01000000e+04,1.22168595e-03,1.27877877e-02
4.01100000e+04,1.22170050e-03,1.27882853e-02
4.01200000e+04,1.22171357e-03,1.27888696e-02
4.01300000e+04,1.22172118e-03,1.27893881e-02
4.01400000e+04,1.22172358e-03,1.27899146e-02
4.01500000e+04,1.22172818e-03,1.27904359e-02
4.01600000e+04,1.22171913e-03,1.27909093e-02
4.01700000e+04,1.22171582e-03,1.27914361e-02
4.01800000e+04,1.22171165e-03,1.27918895e-02
4.01900000e+04,1.22170839e-03,1.27923940e-02
4.02000000e+04,1.22170290e-03,1.27928531e-02
4.02100000e+04,1.22171181e-03,1.27934313e-02
4.02200000e+04,1.22171977e-03,1.27940585e-02
4.02300000e+04,1.22171878e-03,1.27947459e-02
