-3.548950552940368652e-01,-1.954662799835205078e-01,2.718460559844970703e-01,0.000000000000000000e+00
5.794606208801269531e-01,8.629916906356811523e-01,-9.070754051208496094e-03,0.000000000000000000e+00
7.705913782119750977e-01,3.535385131835937500e-01,-6.569505929946899414e-01,0.000000000000000000e+00
8.134162425994873047e-01,4.799594879150390625e-01,9.231716394424438477e-01,0.000000000000000000e+00
9.140635728836059570e-01,2.966245412826538086e-01,-8.486608862876892090e-01,0.000000000000000000e+00
-5.514228940010070801e-01,1.247214078903198242e-01,3.303818702697753906e-01,0.000000000000000000e+00
1.637434959411621094e-01,2.709950208663940430e-01,6.835994720458984375e-01,0.000000000000000000e+00
5.534545183181762695e-01,-2.439076900482177734e-01,-3.251903057098388672e-01,0.000000000000000000e+00
-2.160382270812988281e-02,6.308317184448242188e-03,-4.703281521797180176e-01,0.000000000000000000e+00
-6.586254835128784180e-01,7.461793422698974609e-01,-9.393600821495056152e-01,0.000000000000000000e+00
-4.744598269462585449e-01,7.216817140579223633e-01,3.363915681838989258e-01,0.000000000000000000e+00
9.338656663894653320e-01,-1.532651185989379883e-01,-8.640813827514648438e-01,0.000000000000000000e+00
3.241443634033203125e-01,-1.728098988533020020e-01,-5.281165838241577148e-01,0.000000000000000000e+00
7.795155048370361328e-01,6.216347217559814453e-01,8.554052114486694336e-01,0.000000000000000000e+00
-3.648199439048767090e-01,-8.909252882003784180e-01,8.651250600814819336e-01,0.000000000000000000e+00
-9.928631782531738281e-01,-1.800826787948608398e-01,-7.669714093208312988e-01,0.000000000000000000e+00
9.118484258651733398e-01,8.092257976531982422e-01,-5.772423744201660156e-01,0.000000000000000000e+00
-1.371873617172241211e-01,-8.325145244598388672e-01,1.858372688293457031e-01,0.000000000000000000e+00
6.455891132354736328e-01,3.685808181762695312e-01,-3.452098369598388672e-01,0.000000000000000000e+00
9.513736963272094727e-01,-1.901245117187500000e-01,-2.169132232666015625e-03,0.000000000000000000e+00
-6.410390138626098633e-02,4.135128259658813477e-01,9.646068811416625977e-01,0.000000000000000000e+00
-3.743666410446166992e-01,-2.523165345191955566e-01,-8.608358502388000488e-01,0.000000000000000000e+00
1.490998268127441406e-02,-4.342985749244689941e-01,8.782373666763305664e-01,0.000000000000000000e+00
-2.596241235733032227e-01,1.878910064697265625e-01,5.557792186737060547e-01,0.000000000000000000e+00
3.136851787567138672e-01,4.644483327865600586e-01,7.992790937423706055e-01,0.000000000000000000e+00
2.578004598617553711e-01,2.425129413604736328e-01,-1.641143560409545898e-01,0.000000000000000000e+00
9.275894165039062500e-01,-8.842687606811523438e-01,2.894663810729980469e-02,0.000000000000000000e+00
-5.277391076087951660e-01,3.289345502853393555e-01,7.992635965347290039e-01,0.000000000000000000e+00
2.812126874923706055e-01,9.505003690719604492e-01,-5.416262149810791016e-01,0.000000000000000000e+00
8.593405485153198242e-01,8.802115917205810547e-02,1.692309379577636719e-01,0.000000000000000000e+00
9.736920595169067383e-01,4.265356063842773438e-02,5.040856599807739258e-01,0.000000000000000000e+00
-8.036925792694091797e-01,-5.150868892669677734e-01,-2.140656709671020508e-01,0.000000000000000000e+00
1.269289255142211914e-01,5.154126882553100586e-01,-8.906578421592712402e-01,0.000000000000000000e+00
-5.570391416549682617e-01,-7.401822805404663086e-01,-1.128015518188476562e-01,0.000000000000000000e+00
1.094866991043090820e-01,7.081031799316406250e-04,1.119604110717773438e-01,0.000000000000000000e+00
-4.055732488632202148e-02,-8.993963003158569336e-01,3.210663795471191406e-02,0.000000000000000000e+00
5.182678699493408203e-01,8.508406877517700195e-01,-3.601622581481933594e-01,0.000000000000000000e+00
6.144175529479980469e-01,7.747893333435058594e-01,-9.250189065933227539e-01,0.000000000000000000e+00
-6.337903738021850586e-01,3.862358331680297852e-01,-7.886759042739868164e-01,0.000000000000000000e+00
-4.967891573905944824e-01,-7.217012643814086914e-01,-3.605307936668395996e-01,0.000000000000000000e+00
9.999506473541259766e-01,-8.704031705856323242e-01,-2.746803760528564453e-01,0.000000000000000000e+00
1.675032377243041992e-01,3.765166997909545898e-01,-9.098628759384155273e-01,0.000000000000000000e+00
-1.213431358337402344e-02,-6.933790445327758789e-01,-2.962478995323181152e-01,0.000000000000000000e+00
5.084904432296752930e-01,2.342760562896728516e-01,5.500423908233642578e-01,0.000000000000000000e+00
5.776733160018920898e-01,4.901236295700073242e-01,5.885090827941894531e-01,0.000000000000000000e+00
8.871318101882934570e-01,3.673911094665527344e-03,2.538518905639648438e-01,0.000000000000000000e+00
1.504099369049072266e-01,-7.495017051696777344e-01,-1.095081567764282227e-01,0.000000000000000000e+00
5.083760023117065430e-01,-7.999214529991149902e-01,8.112385272979736328e-01,0.000000000000000000e+00
-2.525890469551086426e-01,-5.230820178985595703e-01,-8.789194822311401367e-01,0.000000000000000000e+00
9.280987977981567383e-01,4.418392181396484375e-01,-2.557812333106994629e-01,0.000000000000000000e+00
3.744564056396484375e-01,-2.457221150398254395e-01,-7.225367426872253418e-01,0.000000000000000000e+00
8.582329750061035156e-01,7.290707826614379883e-01,-8.729433417320251465e-01,0.000000000000000000e+00
-9.547250270843505859e-01,2.361768484115600586e-01,1.332788467407226562e-01,0.000000000000000000e+00
-8.873778581619262695e-01,-1.919683814048767090e-01,-8.384814262390136719e-01,0.000000000000000000e+00
-3.300240635871887207e-01,-7.504658699035644531e-01,-7.246264219284057617e-01,0.000000000000000000e+00
-9.850932955741882324e-01,7.635945081710815430e-01,-4.122791886329650879e-01,0.000000000000000000e+00
-2.864274978637695312e-01,1.455239057540893555e-01,2.672252655029296875e-01,0.000000000000000000e+00
7.571011781692504883e-01,1.014769077301025391e-02,-7.792652845382690430e-01,0.000000000000000000e+00
-9.752389788627624512e-01,7.903661727905273438e-01,-7.610189914703369141e-01,0.000000000000000000e+00
5.498315095901489258e-01,-7.407665252685546875e-03,-2.268952727317810059e-01,0.000000000000000000e+00
3.677651882171630859e-01,-5.588454604148864746e-01,-8.668936491012573242e-01,0.000000000000000000e+00
-7.488800287246704102e-01,-2.326363325119018555e-01,6.621236801147460938e-01,0.000000000000000000e+00
5.782727003097534180e-01,9.693282842636108398e-01,4.472815990447998047e-01,0.000000000000000000e+00
6.498694419860839844e-03,3.498735427856445312e-01,-6.306873559951782227e-01,0.000000000000000000e+00
-1.181082725524902344e-01,-3.026008009910583496e-01,9.947009086608886719e-01,0.000000000000000000e+00
-6.654255986213684082e-01,7.036534547805786133e-01,-2.294647097587585449e-01,0.000000000000000000e+00
-2.034702897071838379e-01,8.784666061401367188e-01,6.551694869995117188e-01,0.000000000000000000e+00
-1.619342565536499023e-01,1.346906423568725586e-01,3.435561656951904297e-01,0.000000000000000000e+00
8.851647377014160156e-01,-5.342188477516174316e-01,3.949933052062988281e-01,0.000000000000000000e+00
-6.988875865936279297e-01,-6.016522645950317383e-01,-5.023227930068969727e-01,0.000000000000000000e+00
4.862339496612548828e-01,-7.428919076919555664e-01,4.551538228988647461e-01,0.000000000000000000e+00
-1.039847135543823242e-01,6.183460950851440430e-01,-4.423091411590576172e-01,0.000000000000000000e+00
5.199532508850097656e-01,-4.968431591987609863e-01,7.750436067581176758e-01,0.000000000000000000e+00
-3.668293952941894531e-01,2.843623161315917969e-01,-1.645169258117675781e-01,0.000000000000000000e+00
4.794907569885253906e-02,-9.162323474884033203e-01,-9.210906028747558594e-01,0.000000000000000000e+00
3.588205575942993164e-01,-5.485638976097106934e-01,-3.082326054573059082e-01,0.000000000000000000e+00
4.700468778610229492e-01,-4.636007547378540039e-01,-4.799231886863708496e-01,0.000000000000000000e+00
-7.156080007553100586e-01,-8.964539766311645508e-01,-4.706927537918090820e-01,0.000000000000000000e+00
1.410496234893798828e-01,6.427438259124755859e-01,-6.554920077323913574e-01,0.000000000000000000e+00
-9.101166129112243652e-01,-2.499710321426391602e-01,-9.366284608840942383e-01,0.000000000000000000e+00
5.436807870864868164e-01,-1.520521640777587891e-01,1.824328899383544922e-01,0.000000000000000000e+00
-2.752786278724670410e-01,2.226413488388061523e-01,5.860891342163085938e-01,0.000000000000000000e+00
8.014082908630371094e-01,7.411725521087646484e-01,-8.190088272094726562e-01,0.000000000000000000e+00
4.077628850936889648e-01,2.411531209945678711e-01,4.849319458007812500e-01,0.000000000000000000e+00
-8.481532335281372070e-01,-8.799679279327392578e-01,-5.547915697097778320e-01,0.000000000000000000e+00
-3.632773160934448242e-01,-9.853246212005615234e-01,7.617725133895874023e-01,0.000000000000000000e+00
3.306525945663452148e-01,5.883668661117553711e-01,-8.197464346885681152e-01,0.000000000000000000e+00
-3.018352389335632324e-01,-2.793502807617187500e-02,-5.076941251754760742e-01,0.000000000000000000e+00
6.201229095458984375e-01,-5.074561834335327148e-01,-4.575728178024291992e-01,0.000000000000000000e+00
9.923638105392456055e-01,-4.999657869338989258e-01,-9.882724285125732422e-02,0.000000000000000000e+00
7.145749330520629883e-01,-6.641541719436645508e-01,-2.278470993041992188e-02,0.000000000000000000e+00
-7.194548845291137695e-01,-2.897636890411376953e-01,-1.326501369476318359e-03,0.000000000000000000e+00
9.532943964004516602e-01,-7.085725069046020508e-01,-7.457814216613769531e-01,0.000000000000000000e+00
5.944850444793701172e-01,3.478113412857055664e-01,5.053973197937011719e-02,0.000000000000000000e+00
-2.202275395393371582e-01,1.188200712203979492e-01,9.510343074798583984e-01,0.000000000000000000e+00
-6.566452383995056152e-01,5.170726776123046875e-02,-9.552046060562133789e-01,0.000000000000000000e+00
-1.946673393249511719e-01,-2.340118885040283203e-01,8.078446388244628906e-01,0.000000000000000000e+00
8.463822603225708008e-01,-5.428889393806457520e-01,-2.199816703796386719e-02,0.000000000000000000e+00
-8.399656414985656738e-01,1.342914104461669922e-01,-3.202518224716186523e-01,0.000000000000000000e+00
-9.623372554779052734e-02,2.597031593322753906e-01,5.278429985046386719e-01,0.000000000000000000e+00
-7.991603016853332520e-01,-6.034754514694213867e-01,6.860359907150268555e-01,0.000000000000000000e+00
6.949299573898315430e-01,9.208639860153198242e-01,-4.225792884826660156e-01,0.000000000000000000e+00
-7.117966413497924805e-01,1.693378686904907227e-01,-8.902627229690551758e-02,0.000000000000000000e+00
1.556514501571655273e-01,3.806304931640625000e-02,5.885353088378906250e-01,0.000000000000000000e+00
1.091474294662475586e-01,8.688644170761108398e-01,-3.262537717819213867e-02,0.000000000000000000e+00
-4.183597564697265625e-01,-1.502008438110351562e-01,-1.640149950981140137e-01,0.000000000000000000e+00
-3.027486801147460938e-01,-5.028412938117980957e-01,-9.488583803176879883e-01,0.000000000000000000e+00
2.493199110031127930e-01,-5.413066148757934570e-01,4.456545114517211914e-01,0.000000000000000000e+00
9.847160577774047852e-01,-7.226331830024719238e-01,6.977074146270751953e-01,0.000000000000000000e+00
-4.910045266151428223e-01,-4.723130464553833008e-01,3.940488100051879883e-01,0.000000000000000000e+00
-3.819931149482727051e-01,-2.651244997978210449e-01,-7.826495170593261719e-02,0.000000000000000000e+00
-7.925108075141906738e-01,-4.847389459609985352e-02,-4.424244761466979980e-01,0.000000000000000000e+00
-9.492319822311401367e-01,1.827456951141357422e-01,-7.905431985855102539e-01,0.000000000000000000e+00
4.112870693206787109e-01,7.770597934722900391e-01,-2.030786275863647461e-01,0.000000000000000000e+00
6.471486091613769531e-01,-2.086631655693054199e-01,-9.683148264884948730e-01,0.000000000000000000e+00
9.591889381408691406e-01,-8.789854049682617188e-01,1.674270629882812500e-02,0.000000000000000000e+00
7.942901849746704102e-01,7.910206317901611328e-01,9.915888309478759766e-01,0.000000000000000000e+00
-5.362229943275451660e-01,1.595844030380249023e-01,2.090841531753540039e-01,0.000000000000000000e+00
3.753093481063842773e-01,5.178055763244628906e-01,-9.801807999610900879e-01,0.000000000000000000e+00
5.853018760681152344e-01,8.132879734039306641e-01,-1.123136878013610840e-01,0.000000000000000000e+00
7.959399223327636719e-01,6.883790493011474609e-01,4.083669185638427734e-01,0.000000000000000000e+00
-8.582559227943420410e-01,1.706411838531494141e-01,3.787425756454467773e-01,0.000000000000000000e+00
-6.581050157546997070e-02,5.749917030334472656e-01,-9.438861012458801270e-01,0.000000000000000000e+00
8.707001209259033203e-01,8.785580396652221680e-01,-2.325826287269592285e-01,0.000000000000000000e+00
8.312456607818603516e-01,3.443672657012939453e-01,4.755645990371704102e-01,0.000000000000000000e+00
5.313382148742675781e-01,-9.140257239341735840e-01,-3.093212842941284180e-02,0.000000000000000000e+00
3.514176607131958008e-01,9.694917201995849609e-01,-7.881637811660766602e-01,0.000000000000000000e+00
1.386140584945678711e-01,6.410367488861083984e-01,-8.769318461418151855e-01,0.000000000000000000e+00
-5.675266981124877930e-01,-1.214563846588134766e-01,5.056610107421875000e-01,0.000000000000000000e+00
-7.770937085151672363e-01,5.514000654220581055e-01,-6.282106637954711914e-01,0.000000000000000000e+00
-5.580685138702392578e-01,-3.512893915176391602e-01,8.534381389617919922e-01,0.000000000000000000e+00
4.110680818557739258e-01,2.447299957275390625e-01,6.666669845581054688e-01,0.000000000000000000e+00
-1.733418107032775879e-01,-4.712371826171875000e-01,7.000913619995117188e-01,0.000000000000000000e+00
-6.849417090415954590e-01,5.779213905334472656e-01,-3.271781802177429199e-01,0.000000000000000000e+00
1.021662950515747070e-01,3.840830326080322266e-01,-7.383720874786376953e-01,0.000000000000000000e+00
6.021236181259155273e-01,6.373454332351684570e-01,7.777180671691894531e-01,0.000000000000000000e+00
-9.524248838424682617e-01,9.055856466293334961e-01,-5.947893857955932617e-01,0.000000000000000000e+00
5.616450309753417969e-02,9.963033199310302734e-01,-3.986984491348266602e-02,0.000000000000000000e+00
5.667768716812133789e-01,9.679100513458251953e-01,2.399470806121826172e-01,0.000000000000000000e+00
7.681025266647338867e-01,1.492043733596801758e-01,-7.505943775177001953e-01,0.000000000000000000e+00
6.071768999099731445e-01,-1.223797202110290527e-01,-6.541787385940551758e-01,0.000000000000000000e+00
5.081105232238769531e-01,3.870910406112670898e-01,-4.197905063629150391e-01,0.000000000000000000e+00
5.170714855194091797e-02,2.974344491958618164e-01,9.040192365646362305e-01,0.000000000000000000e+00
9.992799758911132812e-01,4.335610866546630859e-01,-4.459815621376037598e-01,0.000000000000000000e+00
9.683554172515869141e-01,7.908483743667602539e-01,7.225997447967529297e-01,0.000000000000000000e+00
-1.717759370803833008e-01,8.793296813964843750e-01,8.633881807327270508e-01,0.000000000000000000e+00
-5.326682329177856445e-01,9.831562042236328125e-01,-9.419100284576416016e-01,0.000000000000000000e+00
4.716539382934570312e-02,8.555257320404052734e-01,9.926712512969970703e-02,0.000000000000000000e+00
-5.907106399536132812e-01,6.121788024902343750e-01,1.900887489318847656e-01,0.000000000000000000e+00
9.041386842727661133e-01,-7.743685841560363770e-01,8.240128755569458008e-01,0.000000000000000000e+00
-9.017108678817749023e-01,-5.466345548629760742e-01,-1.000000000000000000e+00,5.114650726318359375e-01
-9.508657455444335938e-02,-6.928271055221557617e-01,-1.000000000000000000e+00,7.411847114562988281e-01
2.524971961975097656e-02,5.471290349960327148e-01,-1.000000000000000000e+00,9.481824636459350586e-01
3.486087322235107422e-01,-4.528999328613281250e-03,-1.000000000000000000e+00,7.474178671836853027e-01
-5.915892720222473145e-01,7.179328203201293945e-01,-1.000000000000000000e+00,3.252514004707336426e-01
9.864065647125244141e-01,-6.134626865386962891e-01,-1.000000000000000000e+00,5.472545623779296875e-01
5.511001348495483398e-01,-8.067874312400817871e-01,-1.000000000000000000e+00,4.132534563541412354e-01
6.648992300033569336e-01,-2.953025698661804199e-01,-1.000000000000000000e+00,8.639362454414367676e-01
9.983354806900024414e-01,9.812194108963012695e-01,-1.000000000000000000e+00,2.410910725593566895e-01
-9.181813597679138184e-01,-1.182806491851806641e-01,-1.000000000000000000e+00,5.775463581085205078e-01
2.119226455688476562e-01,5.008518695831298828e-01,-1.000000000000000000e+00,6.669853925704956055e-01
9.501473903656005859e-01,6.571184396743774414e-01,-1.000000000000000000e+00,2.037287456914782524e-03
8.343846797943115234e-01,-7.034924030303955078e-01,-1.000000000000000000e+00,5.376674532890319824e-01
-6.118959188461303711e-02,-8.595973253250122070e-02,-1.000000000000000000e+00,3.799456357955932617e-01
-7.959712147712707520e-01,-1.341565251350402832e-01,-1.000000000000000000e+00,1.605592519044876099e-01
1.815695762634277344e-01,4.828522205352783203e-01,-1.000000000000000000e+00,1.083666086196899414e-01
8.950743675231933594e-01,-5.044536590576171875e-01,-1.000000000000000000e+00,3.434638977050781250e-01
4.062988758087158203e-01,2.596580982208251953e-02,-1.000000000000000000e+00,2.537966705858707428e-02
4.900454282760620117e-01,-6.607511639595031738e-01,-1.000000000000000000e+00,6.767978072166442871e-01
4.082729816436767578e-01,7.699108123779296875e-01,-1.000000000000000000e+00,5.227200388908386230e-01
-9.673199653625488281e-01,6.605491638183593750e-01,-1.000000000000000000e+00,2.684760987758636475e-01
7.095751762390136719e-01,6.242408752441406250e-01,-1.000000000000000000e+00,1.587147563695907593e-01
-7.111489772796630859e-03,-4.861656427383422852e-01,-1.000000000000000000e+00,3.831497430801391602e-01
2.807139158248901367e-01,5.117119550704956055e-01,-1.000000000000000000e+00,1.173296123743057251e-01
-5.268949270248413086e-01,-6.873381137847900391e-01,-1.000000000000000000e+00,2.794229611754417419e-02
-4.561296105384826660e-01,6.775426864624023438e-01,1.000000000000000000e+00,7.759769558906555176e-01
1.328859329223632812e-01,8.759928941726684570e-01,1.000000000000000000e+00,5.544319748878479004e-01
-2.354008555412292480e-01,8.330416679382324219e-01,1.000000000000000000e+00,5.319385528564453125e-01
4.126732349395751953e-01,-2.077001333236694336e-01,1.000000000000000000e+00,5.014696717262268066e-01
-3.247359395027160645e-01,8.635540008544921875e-01,1.000000000000000000e+00,5.317272543907165527e-01
8.894479274749755859e-02,-9.377901554107666016e-01,1.000000000000000000e+00,2.922187931835651398e-02
-9.975957870483398438e-01,4.893103837966918945e-01,1.000000000000000000e+00,1.943032024428248405e-03
-3.685232400894165039e-01,2.989009618759155273e-01,1.000000000000000000e+00,9.816819429397583008e-01
4.389727115631103516e-01,-1.718649864196777344e-01,1.000000000000000000e+00,4.333080723881721497e-03
9.635883569717407227e-01,-7.020537853240966797e-01,1.000000000000000000e+00,2.853826582431793213e-01
-9.661843776702880859e-01,-8.062365651130676270e-01,1.000000000000000000e+00,7.656118273735046387e-01
-7.051634788513183594e-02,9.414767026901245117e-01,1.000000000000000000e+00,8.571057766675949097e-02
-4.795347452163696289e-01,5.506671667098999023e-01,1.000000000000000000e+00,8.291080594062805176e-01
-1.100412607192993164e-01,2.204421758651733398e-01,1.000000000000000000e+00,3.029877841472625732e-01
3.856596946716308594e-01,1.832151412963867188e-02,1.000000000000000000e+00,3.090883791446685791e-01
7.654387950897216797e-01,-5.911982059478759766e-01,1.000000000000000000e+00,6.712372899055480957e-01
-9.177312254905700684e-01,3.145997524261474609e-01,1.000000000000000000e+00,9.109272360801696777e-01
2.633776664733886719e-01,-7.875365614891052246e-01,1.000000000000000000e+00,5.097284317016601562e-01
2.259398698806762695e-01,-5.802780389785766602e-02,1.000000000000000000e+00,4.169201254844665527e-01
-3.850114345550537109e-01,-4.326825737953186035e-01,1.000000000000000000e+00,6.322801709175109863e-01
-4.484495520591735840e-01,2.852811813354492188e-01,1.000000000000000000e+00,6.514913439750671387e-01
1.775709390640258789e-01,6.546243429183959961e-01,1.000000000000000000e+00,3.893429040908813477e-01
-1.918272972106933594e-01,-1.526656746864318848e-01,1.000000000000000000e+00,7.925280928611755371e-01
8.438450098037719727e-01,-3.207890391349792480e-01,1.000000000000000000e+00,1.204933077096939087e-01
-7.721016407012939453e-01,5.105079412460327148e-01,1.000000000000000000e+00,6.590721011161804199e-02
9.919567108154296875e-01,-1.000000000000000000e+00,1.241413354873657227e-01,5.004910230636596680e-01
-2.119386792182922363e-01,-1.000000000000000000e+00,-3.370886445045471191e-01,2.387057244777679443e-01
5.480464696884155273e-01,-1.000000000000000000e+00,3.913011550903320312e-01,8.672049045562744141e-01
9.899231195449829102e-01,-1.000000000000000000e+00,4.563516378402709961e-01,8.768175840377807617e-01
-4.631739258766174316e-01,-1.000000000000000000e+00,-5.560045242309570312e-01,9.373942613601684570e-01
-1.395836472511291504e-01,-1.000000000000000000e+00,-2.362497448921203613e-01,1.770173013210296631e-01
-6.103754043579101562e-01,-1.000000000000000000e+00,-1.076719760894775391e-01,8.133047819137573242e-01
3.909789323806762695e-01,-1.000000000000000000e+00,-8.780252933502197266e-02,7.912093997001647949e-01
-5.072055459022521973e-01,-1.000000000000000000e+00,-1.089739799499511719e-02,9.766318798065185547e-01
1.757545471191406250e-01,-1.000000000000000000e+00,3.503715991973876953e-02,3.632944822311401367e-01
-1.984969377517700195e-01,-1.000000000000000000e+00,-2.561759948730468750e-01,7.611621022224426270e-01
-4.064861536026000977e-01,-1.000000000000000000e+00,-4.667811989784240723e-01,9.656141996383666992e-01
-6.524506211280822754e-01,-1.000000000000000000e+00,-6.769570112228393555e-01,4.367480576038360596e-01
-1.700128912925720215e-01,-1.000000000000000000e+00,8.211296796798706055e-01,8.991710543632507324e-01
7.278647422790527344e-01,-1.000000000000000000e+00,9.203128814697265625e-01,2.236160039901733398e-01
9.790933132171630859e-02,-1.000000000000000000e+00,-3.761140704154968262e-01,3.398040235042572021e-01
-9.446524381637573242e-01,-1.000000000000000000e+00,-1.991242170333862305e-01,1.369241774082183838e-01
-7.498484253883361816e-01,-1.000000000000000000e+00,4.794850349426269531e-01,6.832675933837890625e-01
-6.131221055984497070e-01,-1.000000000000000000e+00,7.763372659683227539e-01,8.315757513046264648e-01
-3.133535385131835938e-01,-1.000000000000000000e+00,9.702737331390380859e-01,2.301928028464317322e-02
5.047956705093383789e-01,-1.000000000000000000e+00,-6.350949406623840332e-01,8.201815485954284668e-01
1.317641735076904297e-01,-1.000000000000000000e+00,4.392772912979125977e-01,5.640506744384765625e-01
6.723748445510864258e-01,-1.000000000000000000e+00,-1.517763733863830566e-01,1.218234375119209290e-01
-7.629812955856323242e-01,-1.000000000000000000e+00,4.149643182754516602e-01,4.900135397911071777e-01
-3.605211973190307617e-01,-1.000000000000000000e+00,8.522987365722656250e-02,5.749633312225341797e-01
2.046895027160644531e-01,1.000000000000000000e+00,5.241428613662719727e-01,7.724122609943151474e-03
3.702735900878906250e-02,1.000000000000000000e+00,2.886729240417480469e-01,1.244666427373886108e-01
6.216125488281250000e-01,1.000000000000000000e+00,4.470213651657104492e-01,5.804222226142883301e-01
-5.332811474800109863e-01,1.000000000000000000e+00,8.556604385375976562e-03,6.992799639701843262e-01
7.806184291839599609e-01,1.000000000000000000e+00,-3.121056556701660156e-01,4.286634325981140137e-01
-5.981783270835876465e-01,1.000000000000000000e+00,-6.301084756851196289e-01,9.846993684768676758e-01
7.917066812515258789e-01,1.000000000000000000e+00,-1.737677454948425293e-01,3.844455182552337646e-01
1.508816480636596680e-01,1.000000000000000000e+00,-8.109991550445556641e-01,1.423715949058532715e-01
7.974944114685058594e-01,1.000000000000000000e+00,6.922535896301269531e-01,6.063951253890991211e-01
8.557105064392089844e-01,1.000000000000000000e+00,7.449485063552856445e-01,7.570928335189819336e-02
7.352998256683349609e-01,1.000000000000000000e+00,5.117681026458740234e-01,4.960967302322387695e-01
-5.648454427719116211e-01,1.000000000000000000e+00,-2.024137973785400391e-02,8.057110905647277832e-01
6.567507982254028320e-01,1.000000000000000000e+00,4.535723924636840820e-01,8.364522457122802734e-01
3.694016933441162109e-01,1.000000000000000000e+00,2.744195461273193359e-01,5.022763013839721680e-01
8.266296386718750000e-01,1.000000000000000000e+00,-4.184617996215820312e-01,2.320798784494400024e-01
-6.095896959304809570e-01,1.000000000000000000e+00,1.003736257553100586e-01,1.888695508241653442e-01
8.603184223175048828e-01,1.000000000000000000e+00,7.459133863449096680e-01,3.613530397415161133e-01
-2.298036813735961914e-01,1.000000000000000000e+00,2.669923305511474609e-01,6.134384870529174805e-01
-7.866169810295104980e-01,1.000000000000000000e+00,9.391902685165405273e-01,8.786482810974121094e-01
-3.301841020584106445e-02,1.000000000000000000e+00,6.106476783752441406e-01,4.649471640586853027e-01
1.897642612457275391e-01,1.000000000000000000e+00,7.231552600860595703e-01,6.139489412307739258e-01
7.621741294860839844e-02,1.000000000000000000e+00,-5.151998996734619141e-01,5.459835529327392578e-01
3.282665014266967773e-01,1.000000000000000000e+00,-7.782264947891235352e-01,6.025615707039833069e-02
8.176476955413818359e-01,1.000000000000000000e+00,-8.685569167137145996e-01,2.604719996452331543e-01
-2.264339923858642578e-01,1.000000000000000000e+00,1.781541109085083008e-01,1.233500018715858459e-01
-1.000000000000000000e+00,5.191994905471801758e-01,2.330058813095092773e-01,8.399017453193664551e-01
-1.000000000000000000e+00,-6.156066656112670898e-01,8.051179647445678711e-01,1.330054365098476410e-02
-1.000000000000000000e+00,7.192730903625488281e-02,6.094822883605957031e-01,2.176450788974761963e-01
-1.000000000000000000e+00,7.595556974411010742e-01,-2.656227350234985352e-01,7.037819623947143555e-01
-1.000000000000000000e+00,8.336728811264038086e-01,-2.222416400909423828e-01,9.506114721298217773e-01
-1.000000000000000000e+00,-6.090006828308105469e-01,1.542321443557739258e-01,7.392114400863647461e-01
-1.000000000000000000e+00,-3.402535915374755859e-01,-9.359145760536193848e-01,3.814460635185241699e-01
-1.000000000000000000e+00,9.596953392028808594e-01,-2.373701930046081543e-01,6.203365921974182129e-01
-1.000000000000000000e+00,6.942907571792602539e-01,-2.322773337364196777e-01,1.573746502399444580e-01
-1.000000000000000000e+00,-5.106235742568969727e-01,9.415941238403320312e-01,5.880571603775024414e-01
-1.000000000000000000e+00,9.424229860305786133e-01,3.154687881469726562e-01,9.078693389892578125e-01
-1.000000000000000000e+00,3.227620124816894531e-01,-1.685363054275512695e-02,8.212946057319641113e-01
-1.000000000000000000e+00,9.264850616455078125e-02,3.191503286361694336e-01,5.841092392802238464e-02
-1.000000000000000000e+00,8.628823757171630859e-01,-3.965823054313659668e-01,1.001674309372901917e-01
-1.000000000000000000e+00,2.138106822967529297e-01,-5.957043766975402832e-01,1.300299912691116333e-01
-1.000000000000000000e+00,-4.734939336776733398e-02,-9.328377246856689453e-01,6.401796936988830566e-01
-1.000000000000000000e+00,1.828403472900390625e-01,1.610105037689208984e-01,5.518493652343750000e-01
-1.000000000000000000e+00,-7.819823026657104492e-01,4.205870628356933594e-01,4.052142798900604248e-01
-1.000000000000000000e+00,6.505440473556518555e-01,-1.144480705261230469e-01,3.785802423954010010e-01
-1.000000000000000000e+00,-7.433015108108520508e-02,-8.475646972656250000e-01,6.028236076235771179e-02
-1.000000000000000000e+00,9.023357629776000977e-01,6.656240224838256836e-01,7.251612544059753418e-01
-1.000000000000000000e+00,8.912078142166137695e-01,7.177751064300537109e-01,4.677647352218627930e-01
-1.000000000000000000e+00,-9.431436657905578613e-01,-9.305220246315002441e-01,3.672254383563995361e-01
-1.000000000000000000e+00,-6.245534420013427734e-01,-8.851325511932373047e-02,8.104237318038940430e-01
-1.000000000000000000e+00,7.956100702285766602e-01,-5.357279777526855469e-01,1.190068051218986511e-01
1.000000000000000000e+00,-9.639430046081542969e-01,6.254320144653320312e-01,6.746432781219482422e-01
1.000000000000000000e+00,-9.302188158035278320e-01,1.652847528457641602e-01,2.157594412565231323e-01
1.000000000000000000e+00,9.159978628158569336e-01,8.325089216232299805e-01,4.311031401157379150e-01
1.000000000000000000e+00,-4.729360938072204590e-01,6.477098464965820312e-01,8.605370521545410156e-01
1.000000000000000000e+00,-4.403952360153198242e-01,-4.442592263221740723e-01,3.401411771774291992e-01
1.000000000000000000e+00,3.177354335784912109e-01,-7.185372114181518555e-01,5.976198315620422363e-01
1.000000000000000000e+00,5.440342426300048828e-02,-5.216165781021118164e-01,4.452256560325622559e-01
1.000000000000000000e+00,-2.965134382247924805e-02,3.990634679794311523e-01,4.737547039985656738e-01
1.000000000000000000e+00,-7.794597148895263672e-01,-5.981339216232299805e-01,5.585604906082153320e-01
1.000000000000000000e+00,-7.259234189987182617e-01,9.492033720016479492e-01,4.706641733646392822e-01
1.000000000000000000e+00,-9.337939023971557617e-01,-9.115854501724243164e-01,8.159030675888061523e-01
1.000000000000000000e+00,-9.039897322654724121e-01,-2.417891025543212891e-01,4.606260359287261963e-01
1.000000000000000000e+00,4.492571353912353516e-01,4.370245933532714844e-01,5.096547603607177734e-01
1.000000000000000000e+00,-1.793533563613891602e-01,-5.535154342651367188e-01,5.612040758132934570e-01
1.000000000000000000e+00,9.125944375991821289e-01,-9.616377353668212891e-01,6.700606942176818848e-01
1.000000000000000000e+00,8.045029640197753906e-01,8.121900558471679688e-01,8.227855563163757324e-01
1.000000000000000000e+00,-5.939394235610961914e-01,7.564866542816162109e-01,9.635726213455200195e-01
1.000000000000000000e+00,1.824914216995239258e-01,-5.414071083068847656e-01,9.801091253757476807e-02
1.000000000000000000e+00,5.695430040359497070e-01,6.384897232055664062e-01,3.091470897197723389e-01
1.000000000000000000e+00,9.089636802673339844e-02,7.478529214859008789e-01,8.463255167007446289e-01
1.000000000000000000e+00,1.732020378112792969e-01,6.509256362915039062e-01,8.308528661727905273e-01
1.000000000000000000e+00,7.575869560241699219e-03,-8.718606233596801758e-01,9.964159131050109863e-01
1.000000000000000000e+00,-4.550787806510925293e-01,-5.600292086601257324e-01,8.893111348152160645e-01
1.000000000000000000e+00,-3.582417964935302734e-01,-4.802007675170898438e-01,6.963737607002258301e-01
1.000000000000000000e+00,-4.347196221351623535e-01,-6.879564523696899414e-01,1.486456841230392456e-01
7.745487689971923828e-01,2.597302198410034180e-01,8.758558034896850586e-01,8.365036249160766602e-01
-7.821092605590820312e-01,-2.487025856971740723e-01,3.936300277709960938e-01,8.882016539573669434e-01
3.511930704116821289e-01,-3.704070448875427246e-01,1.600295305252075195e-01,9.245649725198745728e-02
1.526660919189453125e-01,7.560861110687255859e-02,-2.140469551086425781e-01,6.357098817825317383e-01
-6.358630657196044922e-01,7.898147106170654297e-01,2.244323492050170898e-01,3.276977539062500000e-01
2.005267143249511719e-01,-7.153761982917785645e-01,-6.909924745559692383e-01,7.329118251800537109e-01
-6.513668298721313477e-01,-4.952175021171569824e-01,4.024877548217773438e-01,8.118878006935119629e-01
-8.878027200698852539e-01,5.492709875106811523e-01,6.036531925201416016e-01,5.875874683260917664e-02
-3.275449872016906738e-01,1.656402349472045898e-01,8.234589099884033203e-01,4.255025982856750488e-01
-1.305787563323974609e-01,6.667299270629882812e-01,-7.988008260726928711e-01,7.954131364822387695e-01
-6.920774579048156738e-01,-1.034584641456604004e-01,-9.493725895881652832e-01,8.637586832046508789e-01
1.279771327972412109e-02,1.631288528442382812e-01,4.947339296340942383e-01,4.729640185832977295e-01
-2.081818580627441406e-01,3.496204614639282227e-01,-5.285198688507080078e-01,6.550744175910949707e-01
6.400028467178344727e-01,-2.095562219619750977e-01,8.400285243988037109e-01,6.477543115615844727e-01
-6.359796524047851562e-01,5.647699832916259766e-01,6.847834587097167969e-02,2.520874440670013428e-01
6.913158893585205078e-01,-7.069792151451110840e-01,-3.441596031188964844e-02,4.912120997905731201e-01
-5.311363935470581055e-02,3.788707256317138672e-01,-5.429533123970031738e-01,3.312011361122131348e-01
6.147229671478271484e-01,7.690957784652709961e-01,9.730513095855712891e-01,3.358492394909262657e-03
3.334373235702514648e-01,3.440068960189819336e-01,-8.009765744209289551e-01,4.746111929416656494e-01
1.438205242156982422e-01,-7.731144428253173828e-01,-8.514339923858642578e-01,8.338930010795593262e-01
1.260391473770141602e-01,-4.439556598663330078e-01,-9.756653904914855957e-01,4.486208260059356689e-01
8.224358558654785156e-01,-7.074174880981445312e-01,-7.847067117691040039e-01,3.980150222778320312e-01
-6.835556030273437500e-02,8.020573854446411133e-01,-3.533948659896850586e-01,4.745958372950553894e-02
-7.193982005119323730e-01,-8.263140320777893066e-01,-4.430564641952514648e-01,9.260969758033752441e-01
7.876868247985839844e-01,-8.355413675308227539e-01,-5.358608961105346680e-01,6.948645114898681641e-01
-3.028696775436401367e-02,7.853796482086181641e-01,3.540939092636108398e-01,7.880137562751770020e-01
5.317337512969970703e-01,3.730510473251342773e-01,8.192205429077148438e-02,6.064216494560241699e-01
9.639132022857666016e-01,-3.277683258056640625e-02,7.447206974029541016e-01,6.743796467781066895e-01
-5.808760523796081543e-01,7.442814111709594727e-01,7.535139322280883789e-01,1.673272848129272461e-01
6.091042757034301758e-01,-5.189790725708007812e-01,-7.604807615280151367e-01,3.441504836082458496e-01
-1.157181859016418457e-01,-9.364386796951293945e-01,9.250879287719726562e-03,2.826231718063354492e-01
8.397428989410400391e-01,-8.831634521484375000e-01,5.483711957931518555e-01,4.497922956943511963e-02
-3.816688060760498047e-01,1.728258132934570312e-01,-5.782552957534790039e-01,4.131380319595336914e-01
-2.445755600929260254e-01,4.424676895141601562e-01,-7.769925594329833984e-01,8.120779395103454590e-01
-8.703516721725463867e-01,-6.224333047866821289e-01,1.124236583709716797e-01,1.404960006475448608e-01
-6.543445587158203125e-01,5.869851112365722656e-01,3.079580068588256836e-01,8.075382113456726074e-01
5.390609502792358398e-01,-2.615872025489807129e-01,-3.616256713867187500e-01,3.694101274013519287e-01
-7.862799763679504395e-01,8.762943744659423828e-02,-9.011579155921936035e-01,8.801555633544921875e-01
4.062715768814086914e-01,-1.106081604957580566e-01,-8.726714253425598145e-01,4.045927226543426514e-01
6.009716987609863281e-01,4.490774869918823242e-01,-9.247971177101135254e-01,5.289056301116943359e-01
-9.140635728836059570e-01,7.920342683792114258e-01,7.301031351089477539e-01,9.826679825782775879e-01
-8.723585605621337891e-01,3.267327547073364258e-01,-5.743995904922485352e-01,5.289235115051269531e-01
9.465274810791015625e-01,2.411253452301025391e-01,-2.499621510505676270e-01,9.426407217979431152e-01
-1.506880521774291992e-01,2.557493448257446289e-01,-4.725861549377441406e-01,8.513370156288146973e-01
-2.476520538330078125e-01,5.120682716369628906e-01,3.107621669769287109e-01,5.895997881889343262e-01
3.065316677093505859e-01,-8.779134154319763184e-01,6.864918470382690430e-01,8.796988129615783691e-01
-4.985538125038146973e-01,-2.809830307960510254e-01,6.944745779037475586e-01,9.513682126998901367e-01
7.881890535354614258e-01,9.376202821731567383e-01,-1.048443317413330078e-01,1.367272585630416870e-01
6.149239540100097656e-01,5.386102199554443359e-02,-8.823951482772827148e-01,6.324000954627990723e-01
-9.134134650230407715e-01,5.780193805694580078e-01,-3.038074970245361328e-01,9.554935097694396973e-01
-1.928083300590515137e-01,4.291200637817382812e-02,-3.755964636802673340e-01,9.650975465774536133e-01
1.455467939376831055e-01,-6.621472835540771484e-01,9.760459661483764648e-01,1.585345566272735596e-01
6.610281467437744141e-01,-7.484713792800903320e-01,3.461447954177856445e-01,1.653670519590377808e-01
-5.816334486007690430e-02,1.711980104446411133e-01,8.241976499557495117e-01,3.674228489398956299e-01
9.373546838760375977e-01,5.398453474044799805e-01,-3.876051306724548340e-01,5.499218106269836426e-01
-2.738418579101562500e-01,6.467635631561279297e-01,7.934727668762207031e-01,7.075555324554443359e-01
5.336014032363891602e-01,9.416114091873168945e-01,2.816736698150634766e-02,1.743327230215072632e-01
-7.963508963584899902e-01,-5.024064779281616211e-01,7.181092500686645508e-01,9.618057608604431152e-01
-6.656442880630493164e-01,3.955123424530029297e-01,1.613591909408569336e-01,2.715575993061065674e-01
4.230433702468872070e-01,5.584597587585449219e-02,6.804767847061157227e-01,1.898984611034393311e-02
9.614777565002441406e-01,-3.728067874908447266e-01,-8.802976012229919434e-01,8.222324848175048828e-01
-1.230143904685974121e-01,6.412129402160644531e-01,9.120011329650878906e-01,6.935335993766784668e-01
-9.962624311447143555e-01,4.213223457336425781e-01,9.565702676773071289e-01,6.560900807380676270e-01
5.568374395370483398e-01,-5.851263999938964844e-01,-8.957427740097045898e-02,2.411466538906097412e-01
1.391996145248413086e-01,3.386570215225219727e-01,-8.138744831085205078e-01,6.002663373947143555e-01
4.103304147720336914e-01,-2.609356641769409180e-01,6.825453042984008789e-01,8.976072669029235840e-01
-2.371559739112854004e-01,-4.194558858871459961e-01,9.822120666503906250e-01,7.631677389144897461e-01
-1.464008688926696777e-01,-4.913014173507690430e-01,9.232869148254394531e-01,7.869173288345336914e-01
-4.184783697128295898e-01,-7.929217815399169922e-01,7.222400903701782227e-01,8.071677088737487793e-01
9.255356788635253906e-01,4.523992538452148438e-01,-1.521113514900207520e-01,6.093755960464477539e-01
5.976221561431884766e-01,8.537161350250244141e-01,1.660469770431518555e-01,9.465106129646301270e-01
1.673953533172607422e-01,-5.801510810852050781e-02,7.711902856826782227e-01,9.547183513641357422e-01
9.390670061111450195e-01,-4.389422535896301270e-01,-7.615549564361572266e-01,9.727146029472351074e-01
7.539701461791992188e-02,-5.350286960601806641e-01,-1.951236128807067871e-01,2.774102687835693359e-01
4.247581958770751953e-01,3.565177917480468750e-01,6.046910285949707031e-01,6.305018067359924316e-01
-6.106970906257629395e-01,8.265533447265625000e-01,2.226473093032836914e-01,1.539589464664459229e-01
9.545762538909912109e-01,-6.491302251815795898e-01,4.301762580871582031e-01,1.482074111700057983e-01
-3.726317882537841797e-01,8.744785785675048828e-01,3.466331958770751953e-02,1.682038903236389160e-01
8.932856321334838867e-01,7.004829645156860352e-01,-2.618764042854309082e-01,1.253509819507598877e-01
1.198699474334716797e-01,6.389583349227905273e-01,-7.095277309417724609e-02,1.865172982215881348e-01
5.762592554092407227e-01,5.566647052764892578e-01,-1.825197339057922363e-01,6.821938753128051758e-01
-7.805377840995788574e-01,-9.316903352737426758e-01,3.520287275314331055e-01,2.078172415494918823e-01
-6.222515106201171875e-01,-4.794219732284545898e-01,3.369767665863037109e-01,6.821785867214202881e-02
2.478362321853637695e-01,-7.453818917274475098e-01,9.741196632385253906e-01,2.869901247322559357e-02
3.456482887268066406e-01,-9.856784939765930176e-01,7.449145317077636719e-01,4.051689505577087402e-01
-4.559646844863891602e-01,1.864199638366699219e-01,9.219397306442260742e-01,2.922700941562652588e-01
-9.518898129463195801e-01,8.111070394515991211e-01,7.181289196014404297e-01,6.567288041114807129e-01
4.155535697937011719e-01,2.100676298141479492e-01,6.878223419189453125e-01,4.655814766883850098e-01
-7.486760616302490234e-01,9.056423902511596680e-01,-9.672098159790039062e-01,1.000434085726737976e-01
4.344081878662109375e-02,-7.614263892173767090e-01,-4.730776548385620117e-01,1.186238676309585571e-01
-8.296746015548706055e-02,9.589620828628540039e-01,1.092088222503662109e-01,4.707625806331634521e-01
-8.205500245094299316e-01,-1.537818908691406250e-01,6.023700237274169922e-01,4.514863342046737671e-02
2.510745525360107422e-01,-1.099748611450195312e-01,4.474697113037109375e-01,2.735201716423034668e-01
2.835892438888549805e-01,-2.279956936836242676e-01,-1.765508651733398438e-01,5.131108760833740234e-01
9.248797893524169922e-01,8.604423999786376953e-01,1.411271095275878906e-01,6.820679306983947754e-01
-5.582687854766845703e-01,-5.960547924041748047e-01,2.806831598281860352e-01,1.441572755575180054e-01
-1.062017083168029785e-01,1.884511709213256836e-01,-3.922805190086364746e-01,7.088812589645385742e-01
-5.810496807098388672e-01,-6.157373189926147461e-01,-5.416346788406372070e-01,9.027444124221801758e-01
-6.821931600570678711e-01,7.362627983093261719e-01,1.853872537612915039e-01,4.193566143512725830e-01
9.797141551971435547e-01,-1.412166357040405273e-01,-8.116306066513061523e-01,4.476360380649566650e-01
-5.475645065307617188e-01,-4.996142387390136719e-01,9.616630077362060547e-01,1.009430885314941406e-01
-4.301214814186096191e-01,2.636604309082031250e-01,-6.646583080291748047e-01,2.262178808450698853e-01
5.205388069152832031e-01,7.416374683380126953e-01,-9.834054112434387207e-01,7.059298753738403320e-01
6.526112556457519531e-03,3.738529682159423828e-01,-1.117656230926513672e-01,1.664919778704643250e-02
5.805634260177612305e-01,-3.780564069747924805e-01,6.586263179779052734e-01,7.645961046218872070e-01
-8.912175893783569336e-02,-2.068280577659606934e-01,2.031365633010864258e-01,9.834709167480468750e-01
1.979491710662841797e-01,3.209774494171142578e-01,-6.662172079086303711e-01,2.690091431140899658e-01
-9.534103870391845703e-01,-4.184835553169250488e-01,2.600213289260864258e-01,2.819769382476806641e-01
-5.830415487289428711e-01,-7.850666046142578125e-01,-8.141917586326599121e-01,1.600629240274429321e-01
8.225454092025756836e-01,-4.249890446662902832e-01,3.764992952346801758e-01,9.162956476211547852e-01
4.377388954162597656e-01,-4.047859907150268555e-01,-7.064178586006164551e-01,1.172875165939331055e-01
2.269121408462524414e-01,7.670794725418090820e-01,-1.859838962554931641e-01,8.003405928611755371e-01
7.616673707962036133e-01,9.628782272338867188e-01,-3.853101730346679688e-01,9.741199016571044922e-01
-8.553880453109741211e-01,-5.232824683189392090e-01,-5.371587872505187988e-01,2.447932511568069458e-01
-8.991771936416625977e-01,-5.344983339309692383e-01,-1.251851916313171387e-01,3.863925635814666748e-01
-9.654263854026794434e-01,-1.911666393280029297e-01,-5.541815757751464844e-01,3.504134416580200195e-01
-1.659396886825561523e-01,5.224195718765258789e-01,4.377777576446533203e-01,4.093366116285324097e-02
-7.478065490722656250e-01,1.588412523269653320e-01,-3.541046977043151855e-01,2.153095155954360962e-01
-3.775426745414733887e-01,-6.767892837524414062e-02,7.163391113281250000e-01,9.911252558231353760e-02
-8.100790977478027344e-01,-1.730497479438781738e-01,6.947765350341796875e-01,5.784018039703369141e-01
-6.153130531311035156e-01,-7.262490987777709961e-01,-1.477281451225280762e-01,6.165703386068344116e-02
-8.235305547714233398e-02,-9.816008806228637695e-02,-3.289355039596557617e-01,3.513043820858001709e-01
-4.909172058105468750e-01,-6.223146915435791016e-01,-3.932851552963256836e-02,3.440287336707115173e-02
5.841510295867919922e-01,5.967426300048828125e-02,5.700608491897583008e-01,8.346260190010070801e-01
7.209559679031372070e-01,-8.658844232559204102e-01,-6.546820998191833496e-01,4.018222689628601074e-01
7.762846946716308594e-01,8.457901477813720703e-01,1.374219655990600586e-01,9.114341139793395996e-01
-6.696497201919555664e-01,-7.890176177024841309e-01,4.828152656555175781e-01,4.403989762067794800e-02
-8.111352920532226562e-01,-3.769086003303527832e-01,1.274466514587402344e-02,8.260086774826049805e-01
-4.341802000999450684e-01,-1.594761610031127930e-01,-7.238091230392456055e-01,1.480059474706649780e-01
-2.897433638572692871e-01,6.639021635055541992e-01,4.637200832366943359e-01,5.499596595764160156e-01
1.106879711151123047e-01,2.382937669754028320e-01,-2.749257683753967285e-01,2.514955997467041016e-01
-4.985796213150024414e-01,8.090277910232543945e-01,2.084748744964599609e-01,6.523478627204895020e-01
7.192571163177490234e-01,-2.481642961502075195e-01,-2.729194760322570801e-01,1.022416576743125916e-01
6.164137125015258789e-01,-2.268879413604736328e-01,3.057742118835449219e-01,4.994395971298217773e-01
1.000117063522338867e-01,-6.261509656906127930e-02,6.732403039932250977e-01,4.683189094066619873e-01
-4.203870892524719238e-01,9.882791042327880859e-01,-9.285841584205627441e-01,4.729520380496978760e-01
9.184401035308837891e-01,-1.815178990364074707e-01,-9.128798246383666992e-01,6.615336537361145020e-01
-3.661316633224487305e-01,-9.078937768936157227e-01,-8.620859384536743164e-01,7.499585747718811035e-01
-8.363958001136779785e-01,-1.452631354331970215e-01,5.068838596343994141e-02,3.528098464012145996e-01
-1.299940943717956543e-01,-1.299083828926086426e-01,7.082068920135498047e-01,2.032620161771774292e-01
-2.765677571296691895e-01,9.380143880844116211e-01,-7.196539044380187988e-01,5.854772925376892090e-01
3.658311367034912109e-01,6.747496128082275391e-02,-4.842883348464965820e-01,9.894691109657287598e-01
-2.084802985191345215e-01,-3.087967038154602051e-01,-7.587082982063293457e-01,4.996851682662963867e-01
4.283872842788696289e-01,-3.563748002052307129e-01,5.800547599792480469e-01,4.278266131877899170e-01
2.260727882385253906e-01,-9.991556406021118164e-01,1.502507925033569336e-01,7.334923148155212402e-01
-8.010517358779907227e-01,-3.689754009246826172e-02,6.553201675415039062e-01,4.131850600242614746e-01
-9.584748148918151855e-01,-1.167906522750854492e-01,-5.931806564331054688e-01,1.176378205418586731e-01
8.839344978332519531e-01,8.891925811767578125e-01,-2.249015569686889648e-01,1.730582565069198608e-01
-1.063096523284912109e-02,8.241453170776367188e-01,-4.618762731552124023e-01,8.103750646114349365e-02
-5.437315702438354492e-01,-9.236874580383300781e-01,7.177989482879638672e-01,9.409126639366149902e-01
-9.854679703712463379e-01,-2.709996700286865234e-02,-3.808197379112243652e-01,6.196114420890808105e-01
-8.668380975723266602e-01,-1.491419672966003418e-01,-2.796598672866821289e-01,7.983058094978332520e-01
-8.729937672615051270e-01,-6.064874529838562012e-01,-8.169667124748229980e-01,7.961264848709106445e-01
9.251074790954589844e-01,8.652979135513305664e-01,4.906567335128784180e-01,7.343712449073791504e-02
8.720835447311401367e-01,8.876104354858398438e-01,5.297025442123413086e-01,1.914273053407669067e-01
8.727942705154418945e-01,-4.015725255012512207e-01,8.817926645278930664e-01,9.299851655960083008e-01
9.950903654098510742e-01,-1.567775607109069824e-01,-5.514513254165649414e-01,5.971711277961730957e-01
-9.806053638458251953e-01,-3.442038297653198242e-01,1.451036930084228516e-01,1.772716343402862549e-01
-3.914628028869628906e-01,1.354495286941528320e-01,-4.476405978202819824e-01,3.210541978478431702e-02
-3.767704963684082031e-01,-8.068589568138122559e-01,6.628370285034179688e-02,9.547021239995956421e-02
-1.075757145881652832e-01,2.288912534713745117e-01,-2.069595456123352051e-01,8.293082565069198608e-02
-9.946241974830627441e-01,-8.991684913635253906e-01,8.522967100143432617e-01,8.199553489685058594e-01
1.030939817428588867e-01,2.835320234298706055e-01,6.785384416580200195e-01,7.608142495155334473e-01
-1.119133234024047852e-01,8.608769178390502930e-01,3.665777444839477539e-01,5.203064084053039551e-01
-7.674999237060546875e-01,1.724013090133666992e-01,2.378685474395751953e-01,6.309106349945068359e-01
-5.795613527297973633e-01,-6.179767847061157227e-01,9.492065906524658203e-01,1.761681288480758667e-01
8.481053113937377930e-01,1.286700963973999023e-01,1.524202823638916016e-01,7.452293634414672852e-01
9.749258756637573242e-01,1.682320833206176758e-01,4.908733367919921875e-01,3.470844030380249023e-01
-6.824105978012084961e-01,-9.515916705131530762e-01,8.719294071197509766e-01,4.457632303237915039e-01
-4.435055851936340332e-01,-8.620318174362182617e-01,7.675076723098754883e-01,6.816843748092651367e-01
-2.367932796478271484e-01,-4.229185581207275391e-01,-6.724889278411865234e-01,5.001192912459373474e-02
-2.760949134826660156e-01,-6.225289106369018555e-01,-2.655558586120605469e-01,1.981245726346969604e-01
6.649411916732788086e-01,9.828437566757202148e-01,2.163457870483398438e-01,6.955584883689880371e-01
2.747442722320556641e-01,9.360041618347167969e-01,3.772822618484497070e-01,3.468535244464874268e-01
-2.233651876449584961e-01,-9.556399583816528320e-01,-7.980397939682006836e-01,5.968270301818847656e-01
-3.360626101493835449e-01,-6.092856526374816895e-01,-4.812637567520141602e-01,2.851651906967163086e-01
-4.968240261077880859e-01,8.093409538269042969e-01,8.347035646438598633e-01,1.590585410594940186e-01
1.523410081863403320e-01,6.673177480697631836e-01,9.918965101242065430e-01,8.755808472633361816e-01
5.292026996612548828e-01,1.504503488540649414e-01,6.056265830993652344e-01,9.676048159599304199e-01
7.577906847000122070e-01,-2.361712455749511719e-01,-2.647399902343750000e-01,4.404787719249725342e-01
-9.239482879638671875e-02,-4.505201578140258789e-01,6.764945983886718750e-01,4.135170876979827881e-01
-6.519195437431335449e-01,-2.023835778236389160e-01,-1.152949333190917969e-01,4.662028253078460693e-01
1.488837003707885742e-01,-1.571604609489440918e-01,9.337835311889648438e-01,2.553766667842864990e-01
4.597395658493041992e-01,-1.995064616203308105e-01,8.871408700942993164e-01,4.463081955909729004e-01
8.904709815979003906e-01,7.054840326309204102e-01,2.349463701248168945e-01,7.336271405220031738e-01
-2.080533504486083984e-01,6.509377956390380859e-01,-4.814086556434631348e-01,4.348700046539306641e-01
-4.038928747177124023e-01,7.649363279342651367e-01,2.686619758605957031e-03,9.969006776809692383e-01
-4.208557009696960449e-01,-2.575084567070007324e-01,-6.575711965560913086e-01,5.674654245376586914e-01
2.469760179519653320e-01,-6.181311607360839844e-02,-5.444745421409606934e-01,1.631741374731063843e-01
-4.026103019714355469e-01,3.641277551651000977e-01,2.006571292877197266e-01,6.877660155296325684e-01
-3.338891267776489258e-01,5.208579301834106445e-01,5.656980276107788086e-01,7.592564076185226440e-02
-1.676118373870849609e-01,9.982593059539794922e-01,8.896608352661132812e-01,3.119657039642333984e-01
7.864212989807128906e-02,-8.934086561203002930e-02,2.070075273513793945e-01,5.918459296226501465e-01
-4.100171327590942383e-01,5.656776428222656250e-01,-9.274215102195739746e-01,5.750021934509277344e-01
-5.322874188423156738e-01,-4.145288467407226562e-02,-1.579765677452087402e-01,7.649523615837097168e-01
-7.844905257225036621e-01,-7.556283473968505859e-01,-6.245588660240173340e-01,2.415413707494735718e-01
-4.775369167327880859e-02,-1.899063587188720703e-01,-3.412228822708129883e-02,1.014261916279792786e-01
2.913188934326171875e-02,-1.185775399208068848e-01,5.780395269393920898e-01,6.100448369979858398e-01
-3.834486603736877441e-01,-8.399421572685241699e-01,-6.322399377822875977e-01,5.349374413490295410e-01
6.694993972778320312e-01,1.802924871444702148e-01,2.807904481887817383e-01,2.841060757637023926e-01
-4.248706102371215820e-01,-6.118494272232055664e-02,-4.809321761131286621e-01,8.130832314491271973e-01
3.933074474334716797e-01,-5.171456336975097656e-01,-5.050009489059448242e-01,9.591958522796630859e-01
1.953470706939697266e-01,5.430732965469360352e-01,2.186441421508789062e-02,9.023715853691101074e-01
-9.218006134033203125e-01,3.267390727996826172e-01,-1.973450779914855957e-01,6.132426857948303223e-01
-1.353054046630859375e-01,-6.984784603118896484e-01,7.581433057785034180e-01,9.646883010864257812e-01
-5.709578990936279297e-01,-9.890175461769104004e-01,2.303371429443359375e-01,7.739976048469543457e-01
6.765044927597045898e-01,-7.267934083938598633e-02,-3.047487735748291016e-01,5.146721750497817993e-02
4.067196846008300781e-01,-6.642900705337524414e-01,-3.980687260627746582e-01,1.895121783018112183e-01
1.357429027557373047e-01,4.502787590026855469e-01,-4.263388514518737793e-01,4.637014865875244141e-01
4.619933366775512695e-01,6.286851167678833008e-01,-2.898859381675720215e-01,5.117169022560119629e-01
5.775443315505981445e-01,-4.954745769500732422e-01,2.231526374816894531e-01,1.207524016499519348e-01
6.143400669097900391e-01,1.163371801376342773e-01,3.273954391479492188e-01,4.124909639358520508e-01
7.481341361999511719e-01,4.303486347198486328e-01,8.052467107772827148e-01,4.493359625339508057e-01
9.500827789306640625e-01,3.656808137893676758e-01,-5.568193197250366211e-01,9.075000286102294922e-01
7.300047874450683594e-01,6.038844585418701172e-02,8.960715532302856445e-01,4.638724029064178467e-01
7.605775594711303711e-01,9.087138175964355469e-01,2.458432912826538086e-01,6.566621363162994385e-02
-6.514054536819458008e-01,-2.748793363571166992e-02,2.137727737426757812e-01,2.794604301452636719e-01
5.066168308258056641e-01,-9.847987294197082520e-01,9.587260484695434570e-01,9.740328043699264526e-02
-4.520295262336730957e-01,-3.497663140296936035e-01,2.632818222045898438e-01,7.536538243293762207e-01
-6.635785698890686035e-01,-5.973029136657714844e-01,-5.174900293350219727e-01,1.368754506111145020e-01
3.655141592025756836e-01,-7.101941108703613281e-01,-3.594894409179687500e-01,2.023688852787017822e-01
6.453964710235595703e-01,9.401479959487915039e-01,7.828998565673828125e-02,1.929325461387634277e-01
-6.148185133934020996e-01,2.453851699829101562e-01,-1.071960330009460449e-01,7.274366617202758789e-01
-4.009429216384887695e-01,-1.366076469421386719e-01,5.347706079483032227e-01,1.648683473467826843e-02
-2.430208325386047363e-01,-7.874141931533813477e-01,2.046108245849609375e-03,8.316616415977478027e-01
-3.180041313171386719e-01,3.614202737808227539e-01,4.699299335479736328e-01,9.045631885528564453e-01
2.295292615890502930e-01,6.658315658569335938e-01,6.329491138458251953e-01,1.281980574131011963e-01
-4.272472858428955078e-01,-4.530523419380187988e-01,1.309781074523925781e-01,7.921213656663894653e-02
-3.757615089416503906e-01,-8.855342864990234375e-01,6.200134754180908203e-01,8.407920598983764648e-01
-8.258548974990844727e-01,-4.896357655525207520e-01,4.688521623611450195e-01,8.757414221763610840e-01
-7.348536252975463867e-01,1.073654890060424805e-01,7.173000574111938477e-01,2.198697179555892944e-01
-9.622182250022888184e-01,-9.715279936790466309e-01,3.751703500747680664e-01,2.077105492353439331e-01
-7.122427821159362793e-01,8.539745807647705078e-01,8.069647550582885742e-01,6.619005203247070312e-01
8.632696866989135742e-01,-5.936717987060546875e-01,2.158422470092773438e-01,2.439733445644378662e-01
7.380825281143188477e-01,7.486236095428466797e-02,-5.892349481582641602e-01,4.026705026626586914e-01
1.478419303894042969e-01,-7.428119182586669922e-01,4.262121915817260742e-01,8.408071994781494141e-01
6.731789112091064453e-01,-7.091572284698486328e-01,9.136537313461303711e-01,2.174791246652603149e-01
7.042821645736694336e-01,-5.530240535736083984e-01,-8.796803951263427734e-01,6.899421215057373047e-01
-1.070356369018554688e-02,3.808875083923339844e-01,8.605337142944335938e-02,6.906630992889404297e-01
-3.493148088455200195e-01,-4.758328199386596680e-01,-4.909135103225708008e-01,7.237733006477355957e-01
-7.404010295867919922e-01,-8.514107465744018555e-01,8.272905349731445312e-01,1.374688595533370972e-01
-8.223916888236999512e-01,6.833308935165405273e-01,-5.705082416534423828e-01,4.471448361873626709e-01
5.550686120986938477e-01,7.572162151336669922e-02,-6.064487099647521973e-01,4.023945033550262451e-01
-3.040691614151000977e-01,-3.123775124549865723e-01,1.257679462432861328e-01,6.416632533073425293e-01
-8.021706938743591309e-01,7.688002586364746094e-01,2.778298854827880859e-01,4.931187629699707031e-01
2.999060153961181641e-01,5.455968379974365234e-01,8.121769428253173828e-01,1.573917120695114136e-01
1.030421257019042969e-02,4.973924160003662109e-02,-5.041217803955078125e-01,6.826122403144836426e-01
9.344495534896850586e-01,-8.519321084022521973e-01,4.761155843734741211e-01,2.710866928100585938e-01
4.411616325378417969e-01,2.111840248107910156e-01,-6.527143716812133789e-02,8.598681688308715820e-01
-8.738113045692443848e-01,2.443038225173950195e-01,9.005352258682250977e-01,6.480509042739868164e-01
4.575406312942504883e-01,-8.122168183326721191e-01,9.714999198913574219e-01,4.069617688655853271e-01
-1.211333274841308594e-01,-7.173880338668823242e-01,2.561105489730834961e-01,9.578698128461837769e-02
-3.843833804130554199e-01,-5.392683744430541992e-01,3.882160186767578125e-01,9.512296319007873535e-01
8.979331254959106445e-01,-3.958737254142761230e-01,7.034376859664916992e-01,2.583788335323333740e-01
1.452453136444091797e-01,9.472590684890747070e-01,-7.805358171463012695e-01,3.301618993282318115e-01
-2.871794104576110840e-01,-7.931419610977172852e-01,-3.026700019836425781e-01,7.526735663414001465e-01
-5.960218906402587891e-01,-4.744807481765747070e-01,-4.075326919555664062e-01,2.711544930934906006e-01
-7.861429452896118164e-02,7.496793270111083984e-01,-5.546848773956298828e-01,9.718240499496459961e-01
2.347691059112548828e-01,-8.155024051666259766e-02,-8.361340165138244629e-01,1.070846840739250183e-01
-4.101542830467224121e-01,-8.123328685760498047e-01,-1.152040362358093262e-01,7.655510306358337402e-01
-4.270853400230407715e-01,9.638893604278564453e-01,5.101938247680664062e-01,8.891993761062622070e-02
3.427444696426391602e-01,-6.836652755737304688e-03,-1.160035133361816406e-01,9.009345173835754395e-01
-7.801823616027832031e-01,-7.907708287239074707e-01,3.551104068756103516e-01,4.638212323188781738e-01
-4.217605590820312500e-01,-4.333215355873107910e-01,5.918705463409423828e-01,2.738628685474395752e-01
-2.559770941734313965e-01,-6.924442052841186523e-01,-1.234765052795410156e-01,7.905700802803039551e-01
-4.187259078025817871e-01,8.799316883087158203e-01,-4.037047624588012695e-01,6.127503514289855957e-01
3.273059129714965820e-01,-6.021625995635986328e-01,6.698025465011596680e-01,8.284224271774291992e-01
1.723582744598388672e-01,-6.872170567512512207e-01,6.163415908813476562e-01,4.507032632827758789e-01
-8.198712468147277832e-01,5.693926811218261719e-01,8.835396766662597656e-01,2.460948377847671509e-01
7.088919878005981445e-01,2.401911020278930664e-01,-9.127400517463684082e-01,1.929985731840133667e-01
-6.972615718841552734e-01,-3.353115320205688477e-01,-4.892916083335876465e-01,9.701690077781677246e-01
4.615910053253173828e-01,-1.583257317543029785e-01,2.734396457672119141e-01,1.397234350442886353e-01
-8.438800573348999023e-01,3.359869718551635742e-01,4.358623027801513672e-01,2.743117213249206543e-01
-5.993711948394775391e-02,8.752701282501220703e-01,-7.160992622375488281e-01,6.395834088325500488e-01
-8.966105580329895020e-01,-8.210831880569458008e-01,3.733537197113037109e-01,4.168881475925445557e-01
-7.104098796844482422e-03,-8.596105575561523438e-01,-6.759487986564636230e-01,8.942215442657470703e-01
-4.757607579231262207e-01,9.440034627914428711e-01,-9.597779512405395508e-01,7.027469873428344727e-01
-2.559183239936828613e-01,4.894353151321411133e-01,2.851959466934204102e-01,3.247001469135284424e-01
3.886333703994750977e-01,-6.279880404472351074e-01,-5.041670799255371094e-01,2.839756309986114502e-01
-6.853977441787719727e-01,-7.688266634941101074e-01,4.481366872787475586e-01,1.728811115026473999e-01
-5.773819684982299805e-01,-6.968476772308349609e-01,2.544128894805908203e-02,6.037418246269226074e-01
6.575870513916015625e-02,-5.879467725753784180e-02,4.504898786544799805e-01,7.758474349975585938e-01
-7.146054506301879883e-02,9.082723855972290039e-01,-4.227508902549743652e-01,9.195445179939270020e-01
-7.926850318908691406e-01,-4.132875204086303711e-01,-4.305868744850158691e-01,9.718701839447021484e-01
9.252930879592895508e-01,8.872145414352416992e-01,-3.052414059638977051e-01,2.409205436706542969e-01
-8.539690971374511719e-01,2.525584697723388672e-01,7.771372795104980469e-01,9.606640338897705078e-01
1.895501613616943359e-01,-4.247775673866271973e-01,4.766424894332885742e-01,4.353013634681701660e-01
-8.400496244430541992e-01,7.640811204910278320e-01,2.244272232055664062e-01,4.098378419876098633e-01
3.775941133499145508e-01,-7.270730733871459961e-01,-8.746296763420104980e-01,5.597260594367980957e-01
-2.450127601623535156e-01,-8.090895414352416992e-01,-3.460714221000671387e-01,4.735036939382553101e-02
-3.681934475898742676e-01,8.321388959884643555e-01,4.476332664489746094e-01,3.646392822265625000e-01
1.658477783203125000e-01,6.018316745758056641e-02,-3.143575191497802734e-01,9.642778635025024414e-01
7.413313388824462891e-01,-7.119042277336120605e-01,2.747415304183959961e-01,6.276065111160278320e-01
2.681732177734375000e-03,-1.184633374214172363e-01,8.315306901931762695e-01,5.553903579711914062e-01
-2.148631811141967773e-01,1.231253147125244141e-02,-4.606620073318481445e-01,5.772920846939086914e-01
-5.026147365570068359e-01,6.577669382095336914e-01,3.786681890487670898e-01,5.315338969230651855e-01
8.119623661041259766e-01,6.412829160690307617e-01,4.254493713378906250e-01,4.794636368751525879e-01
-3.581486344337463379e-01,-5.830479860305786133e-01,-3.002446293830871582e-01,5.167827010154724121e-01
-5.386712551116943359e-01,-2.733336091041564941e-01,1.132638454437255859e-01,1.413740217685699463e-01
4.647952318191528320e-01,-9.019792079925537109e-02,-4.612695574760437012e-01,2.736420631408691406e-01
-4.847982525825500488e-01,1.232447624206542969e-01,9.276843070983886719e-01,3.786157071590423584e-01
-5.224196314811706543e-01,6.660557985305786133e-01,4.246484041213989258e-01,4.095276594161987305e-01
-3.747819662094116211e-01,-1.167603135108947754e-01,3.843485116958618164e-01,4.326574504375457764e-02
9.997483491897583008e-01,-7.042481899261474609e-01,6.590291261672973633e-01,8.986500501632690430e-01
8.764158487319946289e-01,-8.387765884399414062e-01,-8.157753944396972656e-02,8.732206821441650391e-01
3.715579509735107422e-01,7.590231895446777344e-01,-2.549182772636413574e-01,7.658195495605468750e-01
4.269480705261230469e-03,-3.831853270530700684e-01,-8.751474022865295410e-01,9.580559730529785156e-01
-3.344011306762695312e-02,6.388336420059204102e-01,7.613872289657592773e-01,4.356778264045715332e-01
-3.851830959320068359e-03,1.190519332885742188e-02,6.205512285232543945e-01,6.321252137422561646e-02
3.204641342163085938e-01,-2.979625463485717773e-01,9.006385803222656250e-01,9.254251122474670410e-01
7.636106014251708984e-01,9.187102317810058594e-02,8.612751960754394531e-03,4.753637611865997314e-01
6.882797479629516602e-01,4.701520204544067383e-01,-5.327342152595520020e-01,6.560798287391662598e-01
-6.550468206405639648e-01,5.893776416778564453e-01,8.678630590438842773e-01,3.968350291252136230e-01
-3.515116572380065918e-01,4.506880044937133789e-01,9.176771640777587891e-01,3.719269037246704102e-01
-4.624087810516357422e-01,-7.612862586975097656e-01,5.408242940902709961e-01,7.735116872936487198e-03
-6.564723253250122070e-01,3.885596990585327148e-01,7.788532972335815430e-01,6.159723997116088867e-01
6.307457685470581055e-01,3.594385385513305664e-01,-5.068079233169555664e-01,6.505578756332397461e-01
5.686252117156982422e-01,-2.566236853599548340e-01,6.013001203536987305e-01,6.731721758842468262e-01
1.611077785491943359e-01,-8.716856837272644043e-01,3.029191493988037109e-01,7.021706700325012207e-01
8.404200077056884766e-01,-3.546459674835205078e-01,2.665600776672363281e-01,3.148860633373260498e-01
3.124418258666992188e-01,-5.400386452674865723e-01,-5.332498550415039062e-01,9.990841150283813477e-01
5.518898963928222656e-01,1.455583572387695312e-01,-3.836286067962646484e-02,6.732664704322814941e-01
-9.338708519935607910e-01,7.930678129196166992e-01,1.233955621719360352e-01,2.095504850149154663e-01
1.466864347457885742e-01,6.521415710449218750e-02,-5.929752588272094727e-01,6.689704060554504395e-01
1.068943738937377930e-01,2.475142478942871094e-02,9.286043643951416016e-01,3.981077075004577637e-01
9.388098716735839844e-01,-7.479006052017211914e-01,-5.962252616882324219e-01,8.546653985977172852e-01
-5.048968791961669922e-01,-4.065032005310058594e-01,-6.942175626754760742e-01,6.208799481391906738e-01
-9.170633554458618164e-01,8.408232927322387695e-01,-1.957233548164367676e-01,3.582798540592193604e-01
9.925140142440795898e-01,6.190073490142822266e-02,8.764743804931640625e-01,6.489666104316711426e-01
5.147821903228759766e-01,-1.314847469329833984e-01,-8.999445438385009766e-01,4.752897918224334717e-01
4.035942554473876953e-01,-3.064755201339721680e-01,3.452031612396240234e-01,5.253984332084655762e-01
1.822172403335571289e-01,6.957823038101196289e-01,-4.055596590042114258e-01,9.030309915542602539e-01
4.469197988510131836e-01,-2.061696648597717285e-01,5.957298278808593750e-01,9.912414550781250000e-01
-8.907239437103271484e-01,1.308450698852539062e-01,3.114372491836547852e-01,1.321254018694162369e-02
-2.029091119766235352e-02,-1.427786946296691895e-01,4.403921365737915039e-01,6.049680709838867188e-01
-8.713425397872924805e-01,5.759384632110595703e-01,-8.788093328475952148e-01,6.510286927223205566e-01
1.555401086807250977e-01,-4.735524058341979980e-01,7.657278776168823242e-01,2.845711410045623779e-01
-6.297174692153930664e-01,-2.751431465148925781e-01,-3.531441092491149902e-01,9.820515513420104980e-01
5.369116067886352539e-01,-3.927278518676757812e-01,-9.737691283226013184e-01,5.836325883865356445e-01
3.349745273590087891e-01,-7.173929810523986816e-01,9.831728935241699219e-01,9.212428331375122070e-01
1.312206983566284180e-01,-8.944568634033203125e-01,-4.685080647468566895e-01,2.479300647974014282e-01
-8.225418329238891602e-01,-7.229889631271362305e-01,7.450295686721801758e-01,5.663725733757019043e-01
5.944780111312866211e-01,-2.626095414161682129e-01,1.895416975021362305e-01,5.396226048469543457e-01
-9.331122636795043945e-01,7.500349283218383789e-01,7.404190301895141602e-01,8.698705434799194336e-01
6.231013536453247070e-01,5.202158689498901367e-01,-3.984653949737548828e-01,2.467671930789947510e-01
-4.542005062103271484e-02,9.518678188323974609e-01,5.786784887313842773e-01,4.994910061359405518e-01
-9.630646109580993652e-01,1.630394458770751953e-01,1.320559978485107422e-01,9.054726362228393555e-01
2.105836868286132812e-01,1.771068572998046875e-02,5.903303623199462891e-02,4.626982510089874268e-01
7.292405366897583008e-01,2.263443470001220703e-01,3.489817380905151367e-01,9.524962306022644043e-01
7.009022235870361328e-01,9.654523134231567383e-01,-3.736649751663208008e-01,2.341844141483306885e-01
-4.647883176803588867e-01,-5.332594513893127441e-01,1.372648477554321289e-01,7.503829598426818848e-01
-2.731798887252807617e-01,-9.038837552070617676e-01,-9.648920893669128418e-01,1.830988377332687378e-01
4.907449483871459961e-01,-5.679035186767578125e-01,-7.451107501983642578e-01,5.473188757896423340e-01
5.344249010086059570e-01,-4.042304754257202148e-01,1.215922832489013672e-02,6.495867967605590820e-01
2.567281723022460938e-01,-6.585747003555297852e-02,7.174450159072875977e-01,6.641044020652770996e-01
-2.517365217208862305e-01,-1.413888335227966309e-01,9.345058202743530273e-01,6.127681136131286621e-01
-7.316124439239501953e-02,1.977413892745971680e-01,1.774644851684570312e-02,6.092718839645385742e-01
-6.098679900169372559e-01,-9.812486767768859863e-01,-3.577251434326171875e-01,7.605996131896972656e-01
8.642461299896240234e-01,7.424446344375610352e-01,-3.528223633766174316e-01,3.617697358131408691e-01
5.970655679702758789e-01,-9.746158123016357422e-02,6.210806369781494141e-01,4.250287115573883057e-01
-2.968767881393432617e-01,-6.313830614089965820e-02,-6.679015159606933594e-01,3.303868174552917480e-01
3.067986965179443359e-01,5.001926422119140625e-02,3.361821174621582031e-01,9.189807772636413574e-01
8.765096664428710938e-01,-2.046682238578796387e-01,-6.245175004005432129e-01,3.624725341796875000e-01
3.981578350067138672e-01,-9.112198948860168457e-01,-3.778001666069030762e-01,7.922991514205932617e-01
-2.190059423446655273e-01,-6.265034675598144531e-01,4.392985105514526367e-01,6.214261651039123535e-01
-4.565855860710144043e-01,1.000813245773315430e-01,7.351351976394653320e-01,8.959367275238037109e-01
5.069878101348876953e-01,-8.947514891624450684e-01,-1.385809779167175293e-01,1.670258194208145142e-01
7.377308607101440430e-01,-6.919759511947631836e-02,-4.009131193161010742e-01,7.214808464050292969e-01
-5.216067433357238770e-01,-8.656054735183715820e-02,-8.100112080574035645e-01,5.245490074157714844e-01
7.171717882156372070e-01,5.181237459182739258e-01,4.221248626708984375e-02,9.532880783081054688e-01
1.632920503616333008e-01,-5.235358476638793945e-01,3.555643558502197266e-01,3.127776980400085449e-01
-8.799633383750915527e-01,6.665199995040893555e-01,-1.815322637557983398e-01,6.463040709495544434e-01
-9.822954535484313965e-01,-1.116582155227661133e-01,-5.844769477844238281e-01,6.699544787406921387e-01
-4.551711678504943848e-01,7.420393228530883789e-01,-9.897654056549072266e-01,9.122483730316162109e-01
5.154334306716918945e-01,3.836032152175903320e-01,1.537269353866577148e-01,4.635883569717407227e-01
-3.215340971946716309e-01,3.186500072479248047e-02,-3.091417551040649414e-01,5.474965572357177734e-01
-1.178300380706787109e-01,1.354637145996093750e-01,-1.718962788581848145e-01,4.656404256820678711e-01
-7.576096057891845703e-02,-3.308360576629638672e-01,-3.259789943695068359e-01,3.959313035011291504e-01
-3.746908307075500488e-01,-8.633503317832946777e-01,-4.109306335449218750e-01,7.211712002754211426e-01
-9.461522102355957031e-03,8.834823369979858398e-01,7.104194164276123047e-02,2.572377920150756836e-01
-3.259110450744628906e-01,-5.456955432891845703e-01,6.114684343338012695e-01,6.187489032745361328e-01
9.293850660324096680e-01,7.979412078857421875e-01,-5.912120938301086426e-01,6.762841343879699707e-02
-9.751343727111816406e-02,-4.686286449432373047e-01,8.059458732604980469e-01,5.646935701370239258e-01
9.026597738265991211e-01,-1.270520687103271484e-01,7.180726528167724609e-02,9.734355211257934570e-01
6.626809835433959961e-01,9.286808967590332031e-02,-3.209027647972106934e-01,9.582705050706863403e-02
7.007265090942382812e-01,-2.408862113952636719e-01,8.593201637268066406e-03,1.307464111596345901e-02
-5.328418016433715820e-01,-2.684950828552246094e-03,4.705936908721923828e-01,8.616482019424438477e-01
-8.045313954353332520e-01,2.796293497085571289e-01,1.943494081497192383e-01,9.164845943450927734e-01
4.566087722778320312e-01,-9.795862436294555664e-01,7.798861265182495117e-01,1.636565774679183960e-01
6.130825281143188477e-01,-7.987063527107238770e-01,-3.058338165283203125e-01,6.452519297599792480e-01
-3.903837800025939941e-01,4.201674461364746094e-01,2.347205877304077148e-01,2.925047874450683594e-01
9.186834096908569336e-01,-6.402899622917175293e-01,6.238770484924316406e-01,5.336956381797790527e-01
5.736316442489624023e-01,2.274926900863647461e-01,8.440517187118530273e-01,2.042065858840942383e-01
2.296442985534667969e-01,-9.702574610710144043e-01,6.433750391006469727e-01,2.685927450656890869e-01
-7.619030475616455078e-01,6.073746681213378906e-01,-1.318931579589843750e-01,8.121107816696166992e-01
-5.712819695472717285e-01,-1.307942867279052734e-01,7.909971475601196289e-01,7.047054767608642578e-01
-4.043642282485961914e-01,-5.900008678436279297e-01,5.104457139968872070e-01,1.684278547763824463e-01
5.458556413650512695e-01,-2.996214032173156738e-01,8.402551412582397461e-01,4.411801993846893311e-01
-4.350155591964721680e-02,3.102122545242309570e-01,-8.169264793395996094e-01,8.126790821552276611e-02
-3.026187419891357422e-01,4.294443130493164062e-02,3.190577030181884766e-01,8.687955141067504883e-01
-2.798959612846374512e-01,4.497884511947631836e-01,5.897605419158935547e-02,4.179076552391052246e-01
2.100493907928466797e-01,1.744067668914794922e-01,-2.630305886268615723e-01,1.183663532137870789e-01
-1.341688632965087891e-01,5.513846874237060547e-01,1.896802186965942383e-01,3.819973766803741455e-01
3.323236703872680664e-01,9.953811168670654297e-01,1.489686965942382812e-02,3.422848284244537354e-01
3.736593723297119141e-01,9.150203466415405273e-01,-6.223317384719848633e-01,6.510003209114074707e-01
9.949985742568969727e-01,-8.319203853607177734e-01,2.427648305892944336e-01,5.542846918106079102e-01
7.352446317672729492e-01,3.674731254577636719e-01,-9.649362564086914062e-01,2.887704409658908844e-03
2.013065814971923828e-01,-1.229749917984008789e-01,7.967530488967895508e-01,8.933405876159667969e-01
-7.562397718429565430e-01,9.469245672225952148e-01,6.345601081848144531e-01,9.751690030097961426e-01
-8.446615338325500488e-01,-6.150696873664855957e-01,2.469338178634643555e-01,7.721452713012695312e-01
-9.210332632064819336e-01,-7.737491726875305176e-01,6.151899099349975586e-01,9.612087607383728027e-01
7.507129907608032227e-01,2.542155981063842773e-01,-7.493493556976318359e-01,5.088821053504943848e-01
-1.234220862388610840e-01,-9.417195320129394531e-01,1.497054100036621094e-01,6.434746086597442627e-02
1.135661602020263672e-01,-7.948654890060424805e-02,-9.906748533248901367e-01,5.942352414131164551e-01
9.582896232604980469e-01,-8.625977635383605957e-01,-2.811212539672851562e-01,4.473986029624938965e-01
9.854418039321899414e-01,5.092589855194091797e-01,3.859357833862304688e-01,7.252039313316345215e-01
-7.435513734817504883e-01,-3.212212324142456055e-01,1.895920038223266602e-01,4.594070315361022949e-01
-3.696656227111816406e-02,5.598717927932739258e-01,-7.212270498275756836e-01,7.396901845932006836e-01
6.044312715530395508e-01,1.959309577941894531e-01,-2.958494424819946289e-02,4.722350239753723145e-01
-6.170253157615661621e-01,1.099613904953002930e-01,-3.777274489402770996e-01,8.546488285064697266e-01
8.401775360107421875e-01,-4.558074474334716797e-01,-9.902016520500183105e-01,6.836692690849304199e-01
3.745406866073608398e-01,-2.300631999969482422e-01,-7.417472004890441895e-01,3.836717903614044189e-01
8.581690788269042969e-01,-5.099841356277465820e-01,9.739384651184082031e-01,5.541809201240539551e-01
-7.044565677642822266e-01,-5.173739790916442871e-01,5.827436447143554688e-01,3.422671258449554443e-01
9.237194061279296875e-02,7.372406721115112305e-01,8.338654041290283203e-02,2.829595506191253662e-01
-2.747896909713745117e-01,-4.063921570777893066e-01,-4.111277461051940918e-01,3.395762741565704346e-01
7.858140468597412109e-01,-6.999320387840270996e-01,-2.879793643951416016e-01,5.601478219032287598e-01
-3.608046174049377441e-01,-6.690518856048583984e-01,9.471019506454467773e-01,3.685828149318695068e-01
-4.037519693374633789e-01,9.997552633285522461e-01,-3.212499618530273438e-02,3.437091410160064697e-01
-2.261697649955749512e-01,3.788716793060302734e-01,9.712002277374267578e-01,9.928571432828903198e-02
2.767053842544555664e-01,-7.426351308822631836e-02,2.513159513473510742e-01,6.761467456817626953e-01
-1.440854668617248535e-01,-9.729895591735839844e-01,-6.715213060379028320e-01,7.739108204841613770e-01
1.690188646316528320e-01,6.470643281936645508e-01,-3.738393783569335938e-01,2.608105074614286423e-03
3.436530828475952148e-01,-1.501134037971496582e-01,-5.791621804237365723e-01,6.972416639328002930e-01
4.397292137145996094e-01,-6.640299558639526367e-01,-1.136501431465148926e-01,6.883649230003356934e-01
6.875774860382080078e-01,3.975310325622558594e-01,-2.994317412376403809e-01,8.490264415740966797e-01
8.649694919586181641e-02,6.409155130386352539e-01,-2.655050158500671387e-01,6.848490834236145020e-01
-9.170544147491455078e-01,1.322686672210693359e-01,6.647014617919921875e-01,1.278119068592786789e-02
8.489527702331542969e-01,9.493613243103027344e-02,7.290410995483398438e-01,8.055882453918457031e-01
6.226142644882202148e-01,-4.608411192893981934e-01,-8.893528580665588379e-01,4.944152757525444031e-02
6.816368103027343750e-01,-7.767568230628967285e-01,-6.917006969451904297e-01,9.234071373939514160e-01
7.361189126968383789e-01,-1.843109130859375000e-01,1.654652357101440430e-01,8.327329754829406738e-01
8.329200744628906250e-01,-7.392159700393676758e-01,5.797765254974365234e-01,1.704953610897064209e-01
9.121594429016113281e-01,8.070443868637084961e-01,7.506158351898193359e-01,8.301802873611450195e-01
3.778225183486938477e-01,-9.476609826087951660e-01,3.551318645477294922e-01,2.127698808908462524e-01
8.846632242202758789e-01,-8.013736009597778320e-01,-9.900885820388793945e-02,3.141024410724639893e-01
7.097692489624023438e-01,-2.955816984176635742e-01,7.107481956481933594e-01,7.325416207313537598e-01
1.371620893478393555e-01,6.777293682098388672e-01,-7.070273160934448242e-01,4.351449012756347656e-01
-3.669614791870117188e-01,9.189018011093139648e-01,-7.794155478477478027e-01,5.712507963180541992e-01
5.289152860641479492e-01,-9.144149422645568848e-01,-3.918341398239135742e-01,1.566396951675415039e-01
-5.119143724441528320e-01,-8.016282916069030762e-01,9.365870952606201172e-01,1.056397929787635803e-01
-5.651799440383911133e-01,-7.896714210510253906e-01,-8.833169341087341309e-01,2.172153443098068237e-01
-3.576937317848205566e-01,-5.608575344085693359e-01,9.894901514053344727e-01,7.454937100410461426e-01
-7.607732415199279785e-01,9.887057542800903320e-01,6.662369966506958008e-01,9.663121104240417480e-01
3.075907230377197266e-01,-8.053587079048156738e-01,-2.192940115928649902e-01,4.886825680732727051e-01
6.005187034606933594e-01,8.280509710311889648e-01,6.972367763519287109e-01,2.928231842815876007e-02
7.997021675109863281e-01,-9.748816490173339844e-03,-1.808781623840332031e-01,7.966794967651367188e-01
-7.814315557479858398e-01,1.713478565216064453e-02,-5.210170745849609375e-01,7.548661231994628906e-01
-6.197708845138549805e-02,2.297656536102294922e-01,-5.346968173980712891e-01,9.534508585929870605e-01
7.559462785720825195e-01,-7.811557054519653320e-01,1.460200548171997070e-01,7.411966919898986816e-01
-5.850325226783752441e-01,-4.136745929718017578e-01,1.715856790542602539e-01,8.088875561952590942e-02
-9.558827280998229980e-01,-9.555030465126037598e-01,4.329018592834472656e-01,4.395905435085296631e-01
-8.306322097778320312e-01,-3.881582617759704590e-01,3.171329498291015625e-01,4.855277240276336670e-01
-8.756577372550964355e-01,9.390285015106201172e-01,5.828232765197753906e-01,3.693281859159469604e-02
-2.273831367492675781e-01,9.050785303115844727e-01,-3.865207433700561523e-01,3.633031249046325684e-01
-5.297189950942993164e-01,-3.462992310523986816e-01,1.836102008819580078e-01,6.976275444030761719e-01
2.838444709777832031e-02,4.366492033004760742e-01,-4.284048080444335938e-02,7.474110722541809082e-01
2.947316169738769531e-01,-4.680407643318176270e-01,-9.986767172813415527e-01,8.030983805656433105e-01
-6.098294258117675781e-02,-6.553785800933837891e-01,-2.327328324317932129e-01,3.979169577360153198e-02
5.935379266738891602e-01,-1.314717531204223633e-01,8.704254627227783203e-01,6.158440113067626953e-01
5.467159748077392578e-01,-4.659367799758911133e-01,-6.171708703041076660e-01,6.122603416442871094e-01
1.889383792877197266e-02,-8.310184478759765625e-01,3.182928562164306641e-01,1.917358487844467163e-01
2.887648344039916992e-01,-9.648742079734802246e-01,-3.306007385253906250e-01,6.263543963432312012e-01
-4.853328466415405273e-01,4.267231225967407227e-01,-3.290649652481079102e-01,1.212253943085670471e-01
7.881958484649658203e-01,1.355512142181396484e-01,-9.806829690933227539e-02,9.817901998758316040e-02
-9.957642555236816406e-01,5.893251895904541016e-01,-5.566203594207763672e-01,9.980933368206024170e-02
9.018981456756591797e-01,-1.553297042846679688e-04,6.217645406723022461e-01,4.511611163616180420e-01
-6.839709281921386719e-01,-8.696241378784179688e-01,-6.273013949394226074e-01,2.264118641614913940e-01
-6.530514955520629883e-01,9.172625541687011719e-01,-6.761527061462402344e-01,1.467285007238388062e-01
-4.618006348609924316e-01,6.101167201995849609e-01,-4.788656234741210938e-01,7.806642055511474609e-01
8.449655771255493164e-01,7.403609752655029297e-01,-3.686797618865966797e-01,1.109855100512504578e-01
-1.340025663375854492e-02,-8.198568820953369141e-01,-6.159025430679321289e-01,5.741571187973022461e-01
2.302254438400268555e-01,-4.966317415237426758e-01,8.560234308242797852e-01,8.580992817878723145e-01
8.224821090698242188e-01,-7.637782096862792969e-01,6.268094778060913086e-01,2.905098795890808105e-01
-7.981407642364501953e-01,-5.302315950393676758e-01,-6.695539355278015137e-01,9.949564933776855469e-01
3.324389457702636719e-01,-5.614934563636779785e-01,-5.934388637542724609e-01,5.242205262184143066e-01
9.032373428344726562e-01,8.146276473999023438e-01,5.734736919403076172e-01,4.272244870662689209e-01
-3.284884095191955566e-01,5.802059173583984375e-02,-3.624845147132873535e-01,4.720419645309448242e-01
7.551647424697875977e-01,1.268862485885620117e-01,6.289613246917724609e-01,1.900277882814407349e-01
-8.691555261611938477e-01,-6.822785139083862305e-01,8.452280759811401367e-01,4.313764274120330811e-01
-5.352075695991516113e-01,1.738822460174560547e-01,9.738516807556152344e-01,8.343572020530700684e-01
-6.256395578384399414e-01,3.623452186584472656e-01,-3.878591060638427734e-01,6.631728410720825195e-01
-6.555541753768920898e-01,-7.951356768608093262e-01,1.149487495422363281e-01,1.460841484367847443e-02
8.765459060668945312e-02,6.018155813217163086e-01,-8.794553875923156738e-01,3.955703079700469971e-01
9.677546024322509766e-01,5.793484449386596680e-01,3.652037382125854492e-01,9.609896540641784668e-01
2.959376573562622070e-01,-5.428271293640136719e-01,5.724710226058959961e-01,6.609532237052917480e-01
-9.459690451622009277e-01,-5.545872449874877930e-01,6.328299045562744141e-01,5.208027362823486328e-01
5.269798040390014648e-01,-3.712667226791381836e-01,-6.276358366012573242e-01,3.684995770454406738e-01
-4.136779308319091797e-01,-7.223830223083496094e-01,2.050724029541015625e-01,9.731339812278747559e-01
-8.905022740364074707e-01,-8.522824048995971680e-01,5.366762876510620117e-01,3.562727570533752441e-01
-2.458620667457580566e-01,2.062147855758666992e-01,-8.633312582969665527e-01,2.260420322418212891e-01
-5.672261714935302734e-01,8.090492486953735352e-01,3.926852941513061523e-01,2.118191719055175781e-01
6.549044847488403320e-01,3.816239833831787109e-01,9.011673927307128906e-02,7.784657925367355347e-02
5.405747890472412109e-01,-2.911460995674133301e-01,-6.368198990821838379e-01,8.791220188140869141e-01
-4.078875184059143066e-01,9.542044401168823242e-01,7.242103815078735352e-01,6.742328405380249023e-01
9.152566194534301758e-01,8.502448797225952148e-01,6.808336973190307617e-01,9.623810648918151855e-01
-1.146726012229919434e-01,9.588698148727416992e-01,-6.797536611557006836e-01,4.513903558254241943e-01
2.014746665954589844e-01,2.411121129989624023e-01,1.128758192062377930e-01,7.188513278961181641e-01
-8.622774481773376465e-01,6.210103034973144531e-01,5.723668336868286133e-01,1.852535009384155273e-01
9.658179283142089844e-01,-5.105134248733520508e-01,4.972062110900878906e-01,7.935957312583923340e-01
-4.663088321685791016e-01,9.715741872787475586e-01,-1.162797808647155762e-01,7.654331326484680176e-01
9.037173986434936523e-01,-1.364874839782714844e-01,-2.144377827644348145e-01,8.830971121788024902e-01
-5.062308311462402344e-01,3.696732521057128906e-01,-5.834020376205444336e-01,1.944992840290069580e-01
9.159512519836425781e-01,8.658299446105957031e-01,-6.488283872604370117e-01,3.879566490650177002e-01
5.436706542968750000e-01,-9.660757184028625488e-01,3.486495018005371094e-01,5.589315295219421387e-01
-1.582611203193664551e-01,8.815233707427978516e-01,-1.459955573081970215e-01,2.861104905605316162e-01
-3.630132675170898438e-01,-5.021854639053344727e-01,7.420611381530761719e-01,3.140868544578552246e-01
7.063294649124145508e-01,4.250798225402832031e-01,-7.477222681045532227e-01,8.735902905464172363e-01
-4.761952757835388184e-01,-7.857647538185119629e-01,-4.106279015541076660e-01,6.429759263992309570e-01
7.581216096878051758e-01,-4.637850522994995117e-01,-7.490818500518798828e-01,1.510399878025054932e-01
7.113246917724609375e-01,-7.779954671859741211e-01,-6.238096952438354492e-01,3.833655118942260742e-01
-1.658895015716552734e-01,2.302968502044677734e-02,-4.411044120788574219e-01,5.201443433761596680e-01
-8.959725499153137207e-01,4.294410943984985352e-01,5.963819026947021484e-01,9.511854499578475952e-03
7.278345823287963867e-01,-8.114492893218994141e-02,-1.823956370353698730e-01,9.851151704788208008e-02
1.273469924926757812e-01,2.948641777038574219e-03,6.196806430816650391e-01,9.339651465415954590e-01
7.037895917892456055e-01,-4.397245049476623535e-01,1.467075347900390625e-01,2.327395826578140259e-01
8.670165538787841797e-01,-1.941017508506774902e-01,2.625715732574462891e-02,4.756684303283691406e-01
4.039152860641479492e-01,6.777292490005493164e-01,-9.707365632057189941e-01,9.320768713951110840e-01
8.827083110809326172e-01,-2.460988759994506836e-01,-9.105276465415954590e-01,3.929691612720489502e-01
6.886875629425048828e-01,7.378238439559936523e-01,-3.909407854080200195e-01,8.189291357994079590e-01
-3.029463887214660645e-01,9.449957609176635742e-01,5.498169660568237305e-01,5.089374184608459473e-01
-4.363855719566345215e-01,9.789462089538574219e-01,-9.455983042716979980e-01,6.275436282157897949e-02
3.730820417404174805e-01,3.947545289993286133e-01,-4.380991458892822266e-01,7.432352006435394287e-02
-1.437247991561889648e-01,-3.210119009017944336e-01,1.848624944686889648e-01,3.026988804340362549e-01
-5.851640701293945312e-01,-1.400465965270996094e-01,-2.142471671104431152e-01,8.424880504608154297e-01
6.870574951171875000e-01,6.177996397018432617e-01,8.423314094543457031e-01,7.924407720565795898e-01
-8.042885661125183105e-01,-2.536193728446960449e-01,-8.973255157470703125e-01,4.783359169960021973e-01
-8.387925624847412109e-01,5.151942968368530273e-01,3.165031671524047852e-01,1.770749986171722412e-01
-4.480332732200622559e-01,8.691982030868530273e-01,8.437478542327880859e-02,4.294263720512390137e-01
-4.655599594116210938e-03,-8.742535114288330078e-02,7.066705226898193359e-01,7.832869887351989746e-01
-8.395680785179138184e-01,-2.700643539428710938e-01,-4.331020116806030273e-01,3.646279573440551758e-01
-3.759877085685729980e-01,3.775287866592407227e-01,-1.408873200416564941e-01,2.013756781816482544e-01
-2.274882793426513672e-01,-3.971179723739624023e-01,9.486515522003173828e-01,3.517830371856689453e-01
6.865497827529907227e-01,-3.033462166786193848e-01,4.922738075256347656e-01,4.870891273021697998e-01
3.051154613494873047e-01,8.947044610977172852e-01,-6.453051567077636719e-01,5.807405114173889160e-01
9.209322929382324219e-02,-1.883563995361328125e-01,1.822161674499511719e-02,6.739391088485717773e-01
-6.397879123687744141e-02,4.529237747192382812e-02,-4.865609407424926758e-01,4.351048171520233154e-01
-9.477071166038513184e-01,-9.341722130775451660e-01,3.646978139877319336e-01,6.921582221984863281e-01
6.728247404098510742e-01,-9.485222101211547852e-01,6.586560010910034180e-01,1.070464961230754852e-03
-7.610443830490112305e-01,3.241419792175292969e-01,-9.263478517532348633e-01,3.136788606643676758e-01
-7.393348217010498047e-01,-4.279624819755554199e-01,8.891106843948364258e-01,6.828366518020629883e-01
4.785490036010742188e-02,8.596781492233276367e-01,-8.460038900375366211e-01,6.514846086502075195e-01
-5.472925901412963867e-01,-6.888039112091064453e-01,4.094600677490234375e-02,4.025246798992156982e-01
4.088966846466064453e-01,3.115088939666748047e-01,-3.939168453216552734e-01,8.209288716316223145e-01
4.588468074798583984e-01,9.158523082733154297e-01,-8.152454495429992676e-01,9.665720164775848389e-03
-7.794682979583740234e-01,5.142407417297363281e-01,-9.432678222656250000e-01,5.431879311800003052e-02
3.597869873046875000e-01,6.774879693984985352e-01,6.367111206054687500e-01,5.007182359695434570e-01
-2.471867799758911133e-01,-7.149566411972045898e-01,6.466550827026367188e-01,2.231493294239044189e-01
1.230245828628540039e-01,-5.966272354125976562e-01,-8.029517531394958496e-01,3.447035849094390869e-01
-3.918071985244750977e-01,-1.668680310249328613e-01,1.894454956054687500e-01,8.282779455184936523e-01
6.029665470123291016e-02,5.359512567520141602e-01,-6.975413560867309570e-01,8.204532265663146973e-01
-8.843373060226440430e-01,-4.891442060470581055e-01,-9.045462012290954590e-01,8.243515491485595703e-01
-2.404058575630187988e-01,-8.057780861854553223e-01,8.093221187591552734e-01,6.706130504608154297e-01
6.937994956970214844e-01,-3.796889185905456543e-01,-2.877532839775085449e-01,9.810528159141540527e-01
-2.070453166961669922e-01,-1.892158985137939453e-01,-3.151128292083740234e-01,4.915760755538940430e-01
8.980352878570556641e-01,-2.207178473472595215e-01,-3.121936321258544922e-02,3.350972235202789307e-01
-2.395603656768798828e-01,-9.834533929824829102e-01,-3.998785018920898438e-01,1.846769005060195923e-01
1.550937891006469727e-01,-6.912540793418884277e-01,5.636422634124755859e-01,7.369747757911682129e-01
-9.032678604125976562e-01,2.685778141021728516e-01,-8.007318377494812012e-01,7.292278856039047241e-02
5.288667678833007812e-01,6.863566637039184570e-01,9.319901466369628906e-01,5.758287385106086731e-02
-6.818022131919860840e-01,6.605628728866577148e-01,-7.379733324050903320e-01,9.997559189796447754e-01
-1.786207556724548340e-01,-8.211922049522399902e-01,1.025569438934326172e-01,2.133565843105316162e-01
-4.080456495285034180e-01,5.580377578735351562e-02,1.191961765289306641e-01,3.639180958271026611e-01
-7.178664207458496094e-03,9.234007596969604492e-01,-5.445579886436462402e-01,6.079600453376770020e-01
5.642269849777221680e-01,7.357701063156127930e-01,-1.762639880180358887e-01,3.836148977279663086e-01
1.773891448974609375e-01,-7.258772850036621094e-03,2.356595993041992188e-01,1.865296214818954468e-01
-1.041887998580932617e-01,2.817585468292236328e-01,-9.128218293190002441e-01,5.437932610511779785e-01
-5.530859827995300293e-01,9.963833093643188477e-01,8.847055435180664062e-01,1.486737728118896484e-01
-5.577186346054077148e-01,-2.054244875907897949e-01,8.259763717651367188e-01,2.999351322650909424e-01
-7.998526096343994141e-03,-4.861977100372314453e-01,4.813233613967895508e-01,3.993826210498809814e-01
4.068020582199096680e-01,2.732204198837280273e-01,1.674786806106567383e-01,4.201958179473876953e-01
4.201127290725708008e-01,1.282104253768920898e-01,-2.941319942474365234e-01,4.413301050662994385e-01
3.599257469177246094e-01,1.249195337295532227e-01,-6.302413940429687500e-01,8.155311942100524902e-01
2.704464197158813477e-01,5.345771312713623047e-01,7.937178611755371094e-01,1.392331812530755997e-02
6.543548107147216797e-01,-3.977280259132385254e-01,-5.608690977096557617e-01,5.255501866340637207e-01
-6.159377694129943848e-01,6.412093639373779297e-01,3.007090091705322266e-01,8.962237238883972168e-01
4.286093711853027344e-01,3.806483745574951172e-01,-2.385835647583007812e-01,9.297867417335510254e-01
1.481759548187255859e-02,-4.386074542999267578e-01,3.743648529052734375e-02,1.110950391739606857e-02
5.831557512283325195e-01,-9.058328270912170410e-01,2.200912237167358398e-01,9.080700278282165527e-01
-6.242846846580505371e-01,6.636623144149780273e-01,-4.747212529182434082e-01,3.966518118977546692e-02
4.612625837326049805e-01,7.857409715652465820e-01,-7.113645076751708984e-01,5.276371911168098450e-02
8.598569631576538086e-01,4.437711238861083984e-01,2.203122377395629883e-01,9.332422614097595215e-01
5.985324382781982422e-01,2.668731212615966797e-01,-2.171473503112792969e-01,7.916997075080871582e-01
9.532488584518432617e-01,5.386619567871093750e-01,-2.231811881065368652e-01,3.378548920154571533e-01
-9.641837477684020996e-01,-7.074788808822631836e-01,9.831136465072631836e-01,5.206926465034484863e-01
-9.109402298927307129e-01,2.248228788375854492e-01,7.169419527053833008e-01,6.198527216911315918e-01
-5.323803424835205078e-01,7.700796127319335938e-01,-1.961438655853271484e-01,3.327525258064270020e-01
-6.999731063842773438e-02,7.539596557617187500e-01,7.589195966720581055e-01,7.053917050361633301e-01
-9.626725912094116211e-01,8.649935722351074219e-01,-8.448800444602966309e-01,6.487616300582885742e-01
9.840631484985351562e-02,-7.745480537414550781e-01,3.779447078704833984e-02,3.487349748611450195e-01
-5.601227283477783203e-01,3.430867195129394531e-02,5.144166946411132812e-02,5.112252235412597656e-01
4.711449146270751953e-02,4.259935617446899414e-01,5.955927371978759766e-01,2.290516495704650879e-01
4.076849222183227539e-01,-3.886410593986511230e-01,9.647879600524902344e-01,7.695771455764770508e-01
-1.229881644248962402e-01,-7.282227873802185059e-01,-3.504359722137451172e-01,4.171894490718841553e-02
1.246566772460937500e-01,3.129266500473022461e-01,5.426653623580932617e-01,4.384153783321380615e-01
8.721041679382324219e-02,-9.598724246025085449e-01,-5.054426193237304688e-02,1.371027082204818726e-01
-6.998420357704162598e-01,-9.121795296669006348e-01,7.669824361801147461e-01,3.341286480426788330e-01
-5.244494676589965820e-01,1.729400157928466797e-01,9.985696077346801758e-01,3.271659612655639648e-01
-6.507418155670166016e-01,-5.462098121643066406e-01,-5.694819688796997070e-01,1.885707527399063110e-01
8.169509172439575195e-01,-4.963803291320800781e-01,2.110106945037841797e-01,8.224636316299438477e-01
-8.526154160499572754e-01,-2.131760716438293457e-01,8.626857995986938477e-01,7.335913926362991333e-02
8.564244508743286133e-01,4.989686012268066406e-01,-8.574604988098144531e-01,8.773303031921386719e-01
-9.491816163063049316e-01,-8.349424600601196289e-02,6.678618192672729492e-01,3.417244255542755127e-01
-3.428769111633300781e-01,5.560894012451171875e-01,-7.971013784408569336e-01,9.301309585571289062e-01
-8.401418924331665039e-01,-7.402667403221130371e-01,2.213578224182128906e-01,8.329924941062927246e-01
1.061944961547851562e-01,-5.128153562545776367e-01,-9.994893074035644531e-01,2.703664898872375488e-01
-2.958641052246093750e-01,6.819682121276855469e-01,-4.339144825935363770e-01,1.282668113708496094e-01
-9.590095281600952148e-01,4.625034332275390625e-01,5.843079090118408203e-02,3.633879423141479492e-01
5.937316417694091797e-01,5.830395221710205078e-02,-2.015866637229919434e-01,4.589833915233612061e-01
5.242978334426879883e-01,7.603142261505126953e-01,4.992460012435913086e-01,4.449211657047271729e-01
-7.302657365798950195e-01,-6.203948259353637695e-01,-4.156884551048278809e-01,4.541895985603332520e-01
3.502725362777709961e-01,-6.692206859588623047e-02,1.878659725189208984e-01,9.592291116714477539e-01
4.712661504745483398e-01,7.107434272766113281e-01,9.740451574325561523e-01,3.528133928775787354e-01
3.815174102783203125e-01,-1.496106386184692383e-01,-2.762737870216369629e-01,4.768804311752319336e-01
-8.350106477737426758e-01,-1.779894232749938965e-01,-4.855930805206298828e-03,1.273940354585647583e-01
9.953504800796508789e-01,3.995130062103271484e-01,-2.283105850219726562e-01,9.229971170425415039e-01
6.054689884185791016e-01,5.626089572906494141e-01,8.697575330734252930e-01,2.609860338270664215e-02
5.721976757049560547e-01,-8.353428840637207031e-01,5.621795654296875000e-01,4.921400547027587891e-01
3.457784652709960938e-02,3.510401248931884766e-01,-5.639680624008178711e-01,9.830651283264160156e-01
-2.441549301147460938e-01,1.072931289672851562e-02,-5.370236635208129883e-01,9.875159859657287598e-01
3.993185758590698242e-01,-5.875416994094848633e-01,1.628816127777099609e-01,3.503876551985740662e-02
8.480978012084960938e-01,-6.335052251815795898e-01,2.698481082916259766e-02,5.782088637351989746e-01
4.815139770507812500e-01,1.623439788818359375e-02,5.062497854232788086e-01,4.815866947174072266e-01
6.491669416427612305e-01,-8.445276021957397461e-01,9.332358837127685547e-01,3.090870976448059082e-01
4.194109439849853516e-01,5.479476451873779297e-01,9.464869499206542969e-01,2.560860812664031982e-01
6.049510240554809570e-01,-1.119077801704406738e-01,-3.256413340568542480e-01,8.280851840972900391e-01
-8.784017562866210938e-01,-1.217676997184753418e-01,8.283812999725341797e-01,5.782879590988159180e-01
-1.356296539306640625e-01,-3.235450387001037598e-01,8.639039993286132812e-01,8.631712794303894043e-01
2.944010496139526367e-01,6.344999074935913086e-01,-8.291319012641906738e-01,6.526650786399841309e-01
5.274024009704589844e-01,-8.327199220657348633e-01,9.849418401718139648e-01,6.867183446884155273e-01
3.399823904037475586e-01,2.366888523101806641e-02,3.384019136428833008e-01,8.574818968772888184e-01
3.705438375473022461e-01,-7.557255029678344727e-01,3.948949575424194336e-01,9.627168774604797363e-01
8.466047048568725586e-01,8.145247697830200195e-01,-1.766920089721679688e-01,5.853496789932250977e-01
5.007276535034179688e-01,-1.470409035682678223e-01,-6.933209896087646484e-01,9.824767708778381348e-01
4.765676259994506836e-01,9.743630886077880859e-02,-2.048361897468566895e-01,8.620589375495910645e-01
4.677125215530395508e-01,7.252260446548461914e-01,-3.334493637084960938e-01,8.549470901489257812e-01
4.186815023422241211e-01,5.710482597351074219e-02,-6.342871189117431641e-01,8.755975365638732910e-01
-5.024002790451049805e-01,-5.776245594024658203e-01,-6.121281385421752930e-01,6.625250577926635742e-01
8.499555587768554688e-01,7.962282896041870117e-01,4.433636665344238281e-01,4.968652129173278809e-01
1.777384281158447266e-01,2.768769264221191406e-01,-4.103798866271972656e-01,6.405202299356460571e-02
8.558862209320068359e-01,5.308774709701538086e-01,8.019802570343017578e-01,6.658075451850891113e-01
7.729289531707763672e-01,5.258595943450927734e-01,-4.583157300949096680e-01,2.654266953468322754e-01
5.512306690216064453e-01,-4.788574576377868652e-01,4.766614437103271484e-01,1.101640090346336365e-01
-5.870555043220520020e-01,5.932688713073730469e-02,8.227779865264892578e-01,1.632553897798061371e-02
2.267575263977050781e-01,2.202910184860229492e-01,8.090691566467285156e-01,8.622910976409912109e-01
6.100255250930786133e-01,4.505976438522338867e-01,-7.045599222183227539e-01,7.566055655479431152e-01
1.722229719161987305e-01,-3.340570926666259766e-01,-1.884217858314514160e-01,8.897985219955444336e-01
-1.193492412567138672e-01,-3.792602419853210449e-01,5.522330999374389648e-01,5.950608849525451660e-01
-7.869946956634521484e-01,-4.419195652008056641e-01,9.276623725891113281e-01,1.102003455162048340e-01
8.416771888732910156e-02,1.580214500427246094e-01,-4.711255431175231934e-01,5.952405929565429688e-02
4.844268560409545898e-01,-3.057011365890502930e-01,8.405461311340332031e-01,6.607551574707031250e-01
-7.145117521286010742e-01,6.028891801834106445e-01,4.898345470428466797e-01,3.170641362667083740e-01
-8.813565969467163086e-02,-9.308028817176818848e-01,5.770134925842285156e-01,6.663374304771423340e-01
9.056538343429565430e-01,-3.513361215591430664e-01,-1.258619427680969238e-01,7.870317250490188599e-02
-3.142831325531005859e-01,9.250007867813110352e-01,-2.664539813995361328e-01,4.874919354915618896e-01
-1.650136113166809082e-01,1.807287931442260742e-01,5.382716655731201172e-01,1.630222648382186890e-01
-7.154028415679931641e-01,1.938501596450805664e-01,-9.882124662399291992e-01,7.380417585372924805e-01
-4.781783819198608398e-01,-9.113987684249877930e-01,7.219514846801757812e-01,6.161215528845787048e-02
5.545240640640258789e-01,6.794261932373046875e-02,7.941621541976928711e-01,7.408441901206970215e-01
-3.059327602386474609e-01,-4.772766828536987305e-01,9.616069793701171875e-01,9.384550452232360840e-01
-1.379097104072570801e-01,-5.426495075225830078e-01,-9.774113893508911133e-01,9.939892292022705078e-01
1.635107994079589844e-01,4.766352176666259766e-01,1.766316890716552734e-01,7.429351210594177246e-01
-3.127582669258117676e-01,-2.341920137405395508e-02,-9.907055497169494629e-01,9.771504998207092285e-01
-4.165250062942504883e-01,9.364528656005859375e-01,-3.094738721847534180e-02,8.052377104759216309e-01
2.078042030334472656e-01,-9.973533749580383301e-01,4.261714220046997070e-01,6.100726723670959473e-01
6.753126382827758789e-01,-6.740266084671020508e-01,3.193246126174926758e-01,8.246194124221801758e-01
-5.160111188888549805e-02,2.438613176345825195e-01,-1.889491081237792969e-01,4.233471751213073730e-01
-6.887511014938354492e-01,7.387584447860717773e-01,4.380787611007690430e-01,9.861795902252197266e-01
4.942564964294433594e-01,-5.833415985107421875e-01,-8.845465779304504395e-01,8.617990016937255859e-01
-8.502703905105590820e-02,-8.541966676712036133e-01,8.394879102706909180e-01,7.181918025016784668e-01
-9.431403875350952148e-01,-5.883579254150390625e-01,7.228052616119384766e-02,5.606312751770019531e-01
-8.739341497421264648e-01,-9.969705343246459961e-02,-7.580860853195190430e-01,6.261206865310668945e-01
-8.363362550735473633e-01,6.585410833358764648e-01,5.807607173919677734e-01,6.875003576278686523e-01
5.824261903762817383e-01,9.722462892532348633e-01,6.363047361373901367e-01,5.134772658348083496e-01
7.075850963592529297e-01,3.912073373794555664e-01,-3.276283144950866699e-01,6.305500864982604980e-01
-4.682601094245910645e-01,8.232403993606567383e-01,3.408721685409545898e-01,2.708719670772552490e-01
9.802469015121459961e-01,6.154375076293945312e-01,-5.230620503425598145e-01,8.290095925331115723e-01
-8.901621699333190918e-01,-9.809538125991821289e-01,-1.371337771415710449e-01,1.892064511775970459e-01
-4.337884783744812012e-01,-1.396088004112243652e-01,8.629993200302124023e-01,1.805311590433120728e-01
-2.556123137474060059e-01,-9.639656543731689453e-02,-2.690826654434204102e-01,4.231508672237396240e-01
-9.992762207984924316e-01,3.811473846435546875e-01,8.758287429809570312e-01,1.320491135120391846e-01
-5.384963750839233398e-01,-7.904695272445678711e-01,-7.322509288787841797e-01,6.100591421127319336e-01
7.679893970489501953e-01,-7.973954081535339355e-01,2.351856231689453125e-02,1.657870113849639893e-01
-4.665595293045043945e-01,9.576929807662963867e-01,-8.922432065010070801e-01,5.100195407867431641e-01
-7.727682590484619141e-01,-1.244485378265380859e-03,-4.370995759963989258e-01,3.072366714477539062e-01
-4.368851184844970703e-01,-5.565158128738403320e-01,1.567701101303100586e-01,4.705441296100616455e-01
9.045307636260986328e-01,6.708526611328125000e-02,-2.819148302078247070e-01,8.145166188478469849e-02
2.924776077270507812e-02,6.345309019088745117e-01,3.563356399536132812e-02,3.099470138549804688e-01
-3.441108465194702148e-01,5.260987281799316406e-01,1.145503520965576172e-01,2.356738001108169556e-01
-4.039806723594665527e-01,8.071696758270263672e-02,-6.838839054107666016e-01,1.653809547424316406e-01
