0.00000000e+00,2.75923810e+01
1.00000000e+01,1.09091820e+01
2.00000000e+01,5.77748386e+00
3.00000000e+01,4.32148004e+00
4.00000000e+01,3.82655650e+00
5.00000000e+01,3.51542438e+00
6.00000000e+01,3.33987562e+00
7.00000000e+01,3.10939070e+00
8.00000000e+01,2.86643212e+00
9.00000000e+01,2.62214786e+00
1.00000000e+02,2.31870407e+00
1.10000000e+02,2.02685379e+00
1.20000000e+02,1.87511885e+00
1.30000000e+02,1.74608403e+00
1.40000000e+02,1.50474368e+00
1.50000000e+02,1.21862572e+00
1.60000000e+02,1.01098511e+00
1.70000000e+02,8.82989823e-01
1.80000000e+02,7.21872388e-01
1.90000000e+02,5.42777432e-01
2.00000000e+02,3.59265695e-01
2.10000000e+02,2.67259078e-01
2.20000000e+02,2.11210777e-01
2.30000000e+02,1.66450387e-01
2.40000000e+02,1.34109214e-01
2.50000000e+02,1.06672488e-01
2.60000000e+02,8.55383830e-02
2.70000000e+02,6.97093790e-02
2.80000000e+02,5.66363896e-02
2.90000000e+02,4.70090269e-02
3.00000000e+02,3.93367376e-02
3.10000000e+02,3.53185656e-02
3.20000000e+02,2.94467375e-02
3.30000000e+02,2.49804826e-02
3.40000000e+02,2.19472319e-02
3.50000000e+02,1.92608611e-02
3.60000000e+02,1.69752279e-02
3.70000000e+02,1.60784513e-02
3.80000000e+02,1.52267207e-02
3.90000000e+02,1.29518083e-02
4.00000000e+02,1.28492682e-02
4.10000000e+02,1.25430853e-02
4.20000000e+02,1.18698645e-02
4.30000000e+02,1.03189323e-02
4.40000000e+02,1.09684060e-02
4.50000000e+02,8.58783462e-03
4.60000000e+02,8.20620390e-03
4.70000000e+02,8.66574331e-03
4.80000000e+02,7.30599984e-03
4.90000000e+02,7.03442750e-03
5.00000000e+02,6.75007246e-03
5.10000000e+02,6.42309936e-03
5.20000000e+02,7.28458167e-03
5.30000000e+02,6.47605250e-03
5.40000000e+02,9.17536871e-03
5.50000000e+02,7.04639225e-03
5.60000000e+02,5.59554081e-03
5.70000000e+02,8.57469779e-03
5.80000000e+02,5.33571871e-03
5.90000000e+02,6.12190164e-03
6.00000000e+02,6.42589837e-03
6.10000000e+02,7.19090751e-03
6.20000000e+02,4.81294681e-03
6.30000000e+02,4.42967521e-03
6.40000000e+02,1.16360407e-02
6.50000000e+02,9.78753428e-03
6.60000000e+02,5.47194619e-03
6.70000000e+02,4.39651097e-03
6.80000000e+02,3.80896734e-03
6.90000000e+02,3.67362619e-03
7.00000000e+02,3.57356374e-03
7.10000000e+02,3.46928995e-03
7.20000000e+02,3.37936833e-03
7.30000000e+02,3.29565824e-03
7.40000000e+02,3.21678802e-03
7.50000000e+02,3.29631569e-03
7.60000000e+02,3.12856884e-03
7.70000000e+02,4.12012980e-03
7.80000000e+02,3.14719569e-03
7.90000000e+02,2.88268458e-03
8.00000000e+02,3.51816529e-03
8.10000000e+02,1.14279450e-02
8.20000000e+02,1.33915974e-02
8.30000000e+02,3.61971298e-03
8.40000000e+02,5.58071713e-03
8.50000000e+02,4.34781872e-03
8.60000000e+02,3.04571539e-03
8.70000000e+02,3.07813978e-03
8.80000000e+02,2.57310051e-03
8.90000000e+02,2.65128475e-03
9.00000000e+02,2.46790245e-03
9.10000000e+02,2.34548605e-03
9.20000000e+02,2.35706730e-03
9.30000000e+02,9.61124785e-03
9.40000000e+02,2.68841050e-03
9.50000000e+02,2.72956858e-03
9.60000000e+02,6.89439709e-03
9.70000000e+02,2.54349829e-03
9.80000000e+02,2.54141007e-03
9.90000000e+02,2.04567924e-03
1.00000000e+03,2.05407831e-03
1.01000000e+03,1.97325497e-03
1.02000000e+03,1.94183839e-03
1.03000000e+03,1.90548913e-03
1.04000000e+03,1.87668653e-03
1.05000000e+03,1.84737860e-03
1.06000000e+03,1.82958771e-03
1.07000000e+03,4.31578425e-03
1.08000000e+03,3.60932691e-03
1.09000000e+03,2.37072057e-03
1.10000000e+03,1.87032540e-03
1.11000000e+03,2.91742243e-03
1.12000000e+03,4.92196236e-03
1.13000000e+03,6.80569498e-03
1.14000000e+03,5.31712147e-03
1.15000000e+03,3.45313457e-03
1.16000000e+03,2.36697799e-03
1.17000000e+03,6.98313339e-03
1.18000000e+03,4.35516037e-03
1.19000000e+03,5.16730131e-03
1.20000000e+03,2.21967211e-03
1.21000000e+03,1.96978099e-03
1.22000000e+03,2.29737156e-03
1.23000000e+03,1.70460034e-03
1.24000000e+03,1.49751526e-03
1.25000000e+03,1.54842699e-03
1.26000000e+03,1.48775801e-03
1.27000000e+03,2.18203983e-03
1.28000000e+03,1.93384669e-03
1.29000000e+03,1.60873866e-03
1.30000000e+03,7.23831484e-03
1.31000000e+03,1.92164178e-03
1.32000000e+03,1.57433727e-03
1.33000000e+03,1.55501531e-03
1.34000000e+03,1.61546388e-03
1.35000000e+03,1.36393394e-03
1.36000000e+03,1.27491480e-03
1.37000000e+03,1.26468783e-03
1.38000000e+03,1.24954232e-03
1.39000000e+03,1.25177286e-03
1.40000000e+03,2.19368828e-03
1.41000000e+03,1.28901441e-03
1.42000000e+03,1.65846490e-03
1.43000000e+03,1.18801028e-03
1.44000000e+03,1.22453039e-03
1.45000000e+03,2.49176986e-03
1.46000000e+03,7.19188013e-03
1.47000000e+03,5.32490604e-03
1.48000000e+03,4.90363860e-03
1.49000000e+03,2.34169438e-03
1.50000000e+03,1.49166586e-03
1.51000000e+03,4.75526851e-03
1.52000000e+03,5.56364210e-03
1.53000000e+03,2.00217364e-03
1.54000000e+03,1.57300569e-03
1.55000000e+03,1.35148793e-03
1.56000000e+03,1.14637439e-02
1.57000000e+03,3.78149681e-03
1.58000000e+03,1.95890522e-03
1.59000000e+03,1.45813257e-03
1.60000000e+03,1.47004502e-03
1.61000000e+03,2.75945332e-03
1.62000000e+03,1.99061683e-03
1.63000000e+03,7.30758740e-03
1.64000000e+03,1.62927484e-03
1.65000000e+03,1.24815590e-03
1.66000000e+03,1.01810633e-03
1.67000000e+03,9.58400706e-04
1.68000000e+03,9.40459128e-04
1.69000000e+03,9.30761568e-04
1.70000000e+03,9.32222613e-04
1.71000000e+03,1.10883549e-03
1.72000000e+03,2.27952874e-03
1.73000000e+03,1.35004476e-03
1.74000000e+03,1.52960034e-03
1.75000000e+03,1.54227292e-03
1.76000000e+03,1.56065363e-03
1.77000000e+03,1.05982264e-03
1.78000000e+03,9.97302600e-04
1.79000000e+03,8.60539452e-04
1.80000000e+03,1.08011453e-03
1.81000000e+03,1.04688933e-02
1.82000000e+03,1.93021268e-03
1.83000000e+03,1.28496855e-03
1.84000000e+03,1.62145431e-03
1.85000000e+03,1.17375922e-03
1.86000000e+03,5.14157762e-03
1.87000000e+03,2.15545597e-03
1.88000000e+03,4.19591332e-03
1.89000000e+03,2.75818986e-03
1.90000000e+03,2.95650223e-03
1.91000000e+03,3.03656513e-03
1.92000000e+03,1.21540598e-03
1.93000000e+03,1.13778020e-03
1.94000000e+03,2.44307759e-03
1.95000000e+03,1.88444838e-03
1.96000000e+03,1.00238269e-03
1.97000000e+03,8.01553669e-04
1.98000000e+03,1.68587253e-03
1.99000000e+03,3.74991985e-03
2.00000000e+03,1.53871504e-03
2.01000000e+03,2.54114695e-03
2.02000000e+03,1.26958633e-03
2.03000000e+03,8.47960440e-04
2.04000000e+03,7.16870768e-04
2.05000000e+03,6.95636756e-04
2.06000000e+03,6.87580180e-04
2.07000000e+03,7.10327387e-04
2.08000000e+03,3.64040707e-03
2.09000000e+03,2.03430557e-03
2.10000000e+03,1.32070528e-03
2.11000000e+03,1.04400757e-03
2.12000000e+03,2.13305886e-03
2.13000000e+03,2.18237531e-03
2.14000000e+03,5.66455530e-03
2.15000000e+03,2.59020754e-03
2.16000000e+03,1.22388184e-03
2.17000000e+03,7.43183827e-04
2.18000000e+03,2.38067945e-03
2.19000000e+03,3.75846222e-03
2.20000000e+03,1.48282128e-03
2.21000000e+03,7.35548515e-04
2.22000000e+03,7.20412911e-04
2.23000000e+03,7.47546452e-04
2.24000000e+03,4.26741387e-03
2.25000000e+03,3.20598948e-03
2.26000000e+03,2.96821368e-03
2.27000000e+03,3.86265197e-03
2.28000000e+03,1.15207884e-03
2.29000000e+03,8.72002340e-04
2.30000000e+03,1.61870771e-03
2.31000000e+03,7.76608806e-04
2.32000000e+03,9.84914368e-04
2.33000000e+03,2.54671352e-03
2.34000000e+03,6.29010203e-04
2.35000000e+03,8.05223751e-04
2.36000000e+03,5.79219986e-04
2.37000000e+03,5.80158513e-04
2.38000000e+03,6.93247362e-04
2.39000000e+03,5.54645201e-04
2.40000000e+03,6.69731189e-04
2.41000000e+03,1.50738481e-03
2.42000000e+03,2.19282993e-03
2.43000000e+03,9.88767597e-04
2.44000000e+03,1.93947917e-03
2.45000000e+03,1.05295163e-03
2.46000000e+03,1.03331215e-02
2.47000000e+03,1.35309611e-03
2.48000000e+03,7.59977983e-04
2.49000000e+03,3.58161918e-03
2.50000000e+03,7.08573220e-04
2.51000000e+03,8.58799339e-04
2.52000000e+03,2.77352933e-03
2.53000000e+03,1.96078418e-03
2.54000000e+03,1.08893568e-03
2.55000000e+03,3.10841355e-03
2.56000000e+03,1.19634760e-03
2.57000000e+03,6.24504080e-04
2.58000000e+03,6.82411847e-03
2.59000000e+03,2.84743667e-03
2.60000000e+03,9.80222434e-04
2.61000000e+03,3.91812597e-03
2.62000000e+03,7.72215924e-04
2.63000000e+03,8.55163359e-04
2.64000000e+03,7.59338330e-04
2.65000000e+03,2.25146642e-03
2.66000000e+03,5.31826834e-04
2.67000000e+03,6.58127990e-04
2.68000000e+03,4.82725832e-04
2.69000000e+03,4.67787584e-04
2.70000000e+03,4.55250248e-04
2.71000000e+03,4.50866691e-04
2.72000000e+03,5.69796782e-04
2.73000000e+03,3.16614318e-03
2.74000000e+03,1.18377448e-03
2.75000000e+03,7.98320314e-04
2.76000000e+03,2.67161403e-03
2.77000000e+03,7.15263383e-04
2.78000000e+03,5.54993622e-04
2.79000000e+03,5.68726937e-04
2.80000000e+03,1.73882062e-03
2.81000000e+03,6.82378294e-04
2.82000000e+03,7.11284310e-04
2.83000000e+03,6.64504804e-03
2.84000000e+03,3.13838472e-03
2.85000000e+03,8.88265582e-04
2.86000000e+03,3.05044811e-03
2.87000000e+03,2.10572965e-03
2.88000000e+03,6.69899321e-04
2.89000000e+03,2.21797836e-03
2.90000000e+03,9.77392494e-04
2.91000000e+03,3.03575730e-03
2.92000000e+03,5.12419652e-04
2.93000000e+03,1.43173725e-03
2.94000000e+03,7.22375825e-04
2.95000000e+03,1.23733131e-03
2.96000000e+03,7.73698093e-04
2.97000000e+03,1.37955621e-03
2.98000000e+03,2.61523467e-03
2.99000000e+03,1.36619239e-03
3.00000000e+03,1.18344840e-03
3.01000000e+03,4.71793499e-04
3.02000000e+03,6.58520432e-04
3.03000000e+03,1.10907587e-03
3.04000000e+03,5.88455520e-04
3.05000000e+03,4.21686367e-04
3.06000000e+03,3.73908849e-04
3.07000000e+03,3.64698526e-04
3.08000000e+03,3.65426567e-04
3.09000000e+03,3.61893311e-04
3.10000000e+03,3.63787973e-04
3.11000000e+03,7.99497309e-04
3.12000000e+03,6.75945223e-04
3.13000000e+03,2.77615831e-03
3.14000000e+03,1.99918613e-03
3.15000000e+03,1.76580838e-03
3.16000000e+03,8.47883484e-04
3.17000000e+03,2.33343432e-03
3.18000000e+03,1.07840418e-03
3.19000000e+03,1.13093919e-03
3.20000000e+03,1.42742969e-03
3.21000000e+03,2.08772002e-03
3.22000000e+03,1.56466965e-03
3.23000000e+03,8.15049394e-04
3.24000000e+03,8.01997199e-04
3.25000000e+03,6.54225781e-04
3.26000000e+03,1.30755770e-03
3.27000000e+03,7.74208332e-04
3.28000000e+03,3.38802120e-04
3.29000000e+03,3.90600293e-04
3.30000000e+03,3.55615033e-04
3.31000000e+03,6.05723914e-04
3.32000000e+03,3.96059577e-04
3.33000000e+03,3.85557345e-04
3.34000000e+03,3.35024838e-04
3.35000000e+03,5.16870269e-04
3.36000000e+03,1.28601089e-03
3.37000000e+03,1.95386288e-03
3.38000000e+03,9.14677866e-04
3.39000000e+03,6.01823920e-04
3.40000000e+03,4.96715195e-04
3.41000000e+03,1.50975455e-03
3.42000000e+03,4.09562938e-03
3.43000000e+03,3.95537992e-03
3.44000000e+03,2.13521419e-03
3.45000000e+03,7.49469163e-04
3.46000000e+03,5.68982027e-04
3.47000000e+03,4.17569026e-04
3.48000000e+03,3.23720186e-04
3.49000000e+03,3.12942063e-04
3.50000000e+03,2.97203908e-04
3.51000000e+03,2.97199406e-04
3.52000000e+03,2.93851468e-04
3.53000000e+03,3.34041201e-04
3.54000000e+03,2.23619675e-03
3.55000000e+03,1.25258273e-03
3.56000000e+03,4.07386055e-04
3.57000000e+03,1.53522535e-03
3.58000000e+03,8.09396551e-04
3.59000000e+03,1.85469622e-03
3.60000000e+03,1.06790690e-03
3.61000000e+03,4.55387032e-03
3.62000000e+03,8.74745460e-04
3.63000000e+03,2.09821152e-03
3.64000000e+03,9.00288502e-04
3.65000000e+03,5.76265873e-04
3.66000000e+03,3.73024943e-04
3.67000000e+03,2.91905575e-04
3.68000000e+03,2.83831686e-04
3.69000000e+03,2.81489075e-04
3.70000000e+03,6.73598268e-04
3.71000000e+03,5.64191036e-04
3.72000000e+03,5.83553542e-04
3.73000000e+03,1.00449141e-03
3.74000000e+03,7.17667488e-04
3.75000000e+03,3.56441598e-04
3.76000000e+03,3.67660301e-04
3.77000000e+03,3.82982973e-04
3.78000000e+03,1.43152849e-03
3.79000000e+03,6.74801478e-04
3.80000000e+03,3.68957724e-04
3.81000000e+03,2.64140229e-04
3.82000000e+03,2.85207218e-04
3.83000000e+03,1.70443110e-03
3.84000000e+03,1.06220185e-03
3.85000000e+03,1.44395866e-03
3.86000000e+03,6.98466369e-03
3.87000000e+03,3.41401575e-03
3.88000000e+03,7.91366315e-04
3.89000000e+03,5.21674219e-04
3.90000000e+03,3.28325179e-04
3.91000000e+03,2.97816737e-04
3.92000000e+03,1.00577241e-03
3.93000000e+03,1.86264344e-03
3.94000000e+03,1.25194571e-03
3.95000000e+03,2.91486864e-04
3.96000000e+03,3.55909976e-04
3.97000000e+03,2.46588511e-04
3.98000000e+03,2.53456517e-04
3.99000000e+03,2.46074650e-04
4.00000000e+03,5.36219120e-04
4.01000000e+03,7.62854159e-04
4.02000000e+03,2.74119547e-04
4.03000000e+03,3.50390021e-04
4.04000000e+03,4.60916313e-04
4.05000000e+03,2.32942842e-03
4.06000000e+03,9.05579311e-04
4.07000000e+03,3.72290111e-04
4.08000000e+03,6.52561026e-04
4.09000000e+03,5.32891123e-04
4.10000000e+03,2.72034099e-04
4.11000000e+03,2.45547733e-04
4.12000000e+03,2.37616604e-04
4.13000000e+03,2.38286555e-04
4.14000000e+03,7.92576258e-04
4.15000000e+03,4.81084992e-04
4.16000000e+03,8.67290623e-04
4.17000000e+03,1.88078235e-03
4.18000000e+03,7.93277354e-04
4.19000000e+03,5.29243216e-04
4.20000000e+03,1.45068140e-03
4.21000000e+03,4.02770207e-04
4.22000000e+03,3.49009669e-04
4.23000000e+03,3.96143939e-04
4.24000000e+03,1.01287840e-03
4.25000000e+03,1.15867840e-03
4.26000000e+03,2.81241373e-03
4.27000000e+03,1.47635543e-03
4.28000000e+03,8.19113795e-04
4.29000000e+03,6.32581622e-04
4.30000000e+03,7.07827647e-04
4.31000000e+03,3.07587022e-04
4.32000000e+03,2.45964094e-04
4.33000000e+03,2.53324608e-04
4.34000000e+03,1.05118630e-03
4.35000000e+03,7.53594475e-04
4.36000000e+03,8.22951633e-04
4.37000000e+03,5.25831966e-04
4.38000000e+03,4.37006153e-04
4.39000000e+03,1.60017030e-03
4.40000000e+03,5.10585809e-04
4.41000000e+03,4.66814202e-04
4.42000000e+03,2.70553228e-04
4.43000000e+03,2.14201247e-04
4.44000000e+03,2.11777135e-04
4.45000000e+03,2.03026883e-04
4.46000000e+03,1.98790199e-04
4.47000000e+03,1.97713875e-04
4.48000000e+03,2.07864713e-04
4.49000000e+03,1.18820422e-03
4.50000000e+03,7.05156225e-04
4.51000000e+03,3.27454866e-04
4.52000000e+03,1.46555389e-03
4.53000000e+03,2.05875225e-03
4.54000000e+03,1.21424139e-03
4.55000000e+03,6.75075619e-04
4.56000000e+03,1.55987413e-03
4.57000000e+03,5.73764249e-04
4.58000000e+03,8.74204178e-04
4.59000000e+03,2.97726792e-04
4.60000000e+03,2.15667895e-04
4.61000000e+03,6.24782864e-04
4.62000000e+03,2.25432610e-04
4.63000000e+03,7.26257664e-04
4.64000000e+03,7.36352338e-04
4.65000000e+03,5.30476401e-04
4.66000000e+03,2.37834744e-03
4.67000000e+03,2.33648951e-04
4.68000000e+03,2.82811376e-04
4.69000000e+03,2.58025657e-04
4.70000000e+03,2.10888990e-04
4.71000000e+03,2.36583766e-04
4.72000000e+03,1.12142068e-03
4.73000000e+03,4.57676797e-04
4.74000000e+03,3.75345911e-04
4.75000000e+03,5.89053906e-04
4.76000000e+03,1.91519666e-04
4.77000000e+03,1.84201732e-04
4.78000000e+03,2.78950062e-04
4.79000000e+03,3.13871521e-04
4.80000000e+03,1.24621834e-03
4.81000000e+03,4.39878982e-04
4.82000000e+03,5.29810245e-04
4.83000000e+03,4.79804568e-04
4.84000000e+03,1.60133480e-03
4.85000000e+03,6.91191885e-04
4.86000000e+03,2.00182046e-04
4.87000000e+03,2.31400378e-04
4.88000000e+03,3.69190925e-04
4.89000000e+03,2.18267678e-03
4.90000000e+03,6.99441928e-04
4.91000000e+03,4.65095477e-04
4.92000000e+03,3.14182448e-04
4.93000000e+03,2.16669114e-04
4.94000000e+03,6.66869422e-04
4.95000000e+03,1.36909246e-03
4.96000000e+03,4.29622579e-04
4.97000000e+03,2.79557181e-04
4.98000000e+03,2.21186300e-04
4.99000000e+03,1.77568044e-04
5.00000000e+03,1.67188352e-04
5.01000000e+03,1.65711125e-04
5.02000000e+03,1.63182923e-04
5.03000000e+03,1.63441001e-04
5.04000000e+03,2.13793721e-04
5.05000000e+03,1.53516916e-03
5.06000000e+03,1.78984309e-03
5.07000000e+03,4.65751439e-04
5.08000000e+03,4.41015742e-04
5.09000000e+03,6.23450754e-04
5.10000000e+03,2.07242961e-04
5.11000000e+03,3.38069902e-04
5.12000000e+03,8.89899518e-04
5.13000000e+03,1.24533282e-03
5.14000000e+03,9.42396011e-04
5.15000000e+03,2.75930925e-04
5.16000000e+03,2.86290419e-04
5.17000000e+03,4.04812145e-04
5.18000000e+03,1.36832121e-03
5.19000000e+03,6.69440772e-04
5.20000000e+03,3.23816388e-04
5.21000000e+03,9.24691454e-04
5.22000000e+03,6.04716571e-04
5.23000000e+03,2.99118085e-04
5.24000000e+03,2.46484962e-04
5.25000000e+03,1.67154372e-04
5.26000000e+03,1.58819920e-04
5.27000000e+03,1.53356031e-04
5.28000000e+03,1.99565449e-04
5.29000000e+03,6.50038084e-04
5.30000000e+03,1.06422578e-03
5.31000000e+03,8.94963734e-04
5.32000000e+03,4.02166555e-04
5.33000000e+03,2.03039471e-04
5.34000000e+03,2.33294643e-04
5.35000000e+03,2.73322271e-04
5.36000000e+03,7.74505903e-04
5.37000000e+03,3.01531110e-04
5.38000000e+03,1.49536697e-03
5.39000000e+03,2.25851223e-04
5.40000000e+03,6.53394328e-04
5.41000000e+03,9.51005731e-04
5.42000000e+03,5.72766194e-04
5.43000000e+03,3.58997024e-04
5.44000000e+03,5.40294001e-04
5.45000000e+03,2.83799947e-04
5.46000000e+03,2.47964672e-04
5.47000000e+03,7.05233814e-04
5.48000000e+03,2.95047973e-04
5.49000000e+03,1.47814471e-04
5.50000000e+03,1.45434700e-04
5.51000000e+03,1.48601112e-04
5.52000000e+03,2.30062328e-04
5.53000000e+03,1.14786447e-03
5.54000000e+03,5.19689647e-04
5.55000000e+03,4.78175264e-04
5.56000000e+03,3.76958045e-04
5.57000000e+03,9.59399933e-04
5.58000000e+03,3.31184220e-04
5.59000000e+03,1.71680791e-04
5.60000000e+03,1.50101815e-04
5.61000000e+03,1.45743961e-04
5.62000000e+03,1.38235203e-04
5.63000000e+03,1.38688751e-04
5.64000000e+03,3.88065671e-04
5.65000000e+03,9.94607463e-04
5.66000000e+03,2.80966819e-04
5.67000000e+03,2.51109668e-04
5.68000000e+03,1.26241428e-03
5.69000000e+03,7.24674000e-04
5.70000000e+03,1.94190705e-04
5.71000000e+03,7.91085796e-04
5.72000000e+03,6.61346850e-04
5.73000000e+03,3.23212464e-04
5.74000000e+03,2.60897642e-04
5.75000000e+03,5.03803893e-04
5.76000000e+03,5.20205541e-04
5.77000000e+03,2.68789956e-04
5.78000000e+03,1.74854807e-04
5.79000000e+03,1.42431192e-04
5.80000000e+03,1.34364895e-04
5.81000000e+03,1.69851175e-04
5.82000000e+03,1.06547730e-03
5.83000000e+03,4.23309246e-04
5.84000000e+03,2.13499362e-04
5.85000000e+03,2.81690510e-04
5.86000000e+03,3.44836797e-04
5.87000000e+03,7.87364751e-04
5.88000000e+03,2.38172564e-04
5.89000000e+03,1.94281635e-04
5.90000000e+03,1.65548938e-04
5.91000000e+03,4.94574694e-04
5.92000000e+03,2.62164158e-04
5.93000000e+03,9.34491225e-04
5.94000000e+03,3.62247605e-04
5.95000000e+03,6.60796762e-04
5.96000000e+03,3.34633189e-04
5.97000000e+03,5.23102407e-04
5.98000000e+03,2.89527124e-04
5.99000000e+03,2.65160724e-04
6.00000000e+03,1.97439860e-04
6.01000000e+03,4.08495470e-04
6.02000000e+03,1.29772428e-04
6.03000000e+03,1.37369404e-04
6.04000000e+03,5.13767357e-04
6.05000000e+03,6.47772479e-04
6.06000000e+03,2.81559937e-04
6.07000000e+03,3.26157572e-04
6.08000000e+03,4.32833370e-04
6.09000000e+03,1.90076065e-04
6.10000000e+03,1.50579698e-04
6.11000000e+03,7.65095149e-04
6.12000000e+03,3.66226760e-04
6.13000000e+03,1.28435747e-04
6.14000000e+03,1.39345008e-04
6.15000000e+03,1.64178292e-04
6.16000000e+03,2.62827035e-04
6.17000000e+03,1.19151314e-03
6.18000000e+03,2.36373690e-04
6.19000000e+03,3.61343710e-04
6.20000000e+03,2.26473508e-04
6.21000000e+03,7.87682906e-04
6.22000000e+03,1.36480023e-03
6.23000000e+03,2.04968523e-04
6.24000000e+03,4.81330307e-04
6.25000000e+03,1.05310414e-03
6.26000000e+03,3.01500283e-04
6.27000000e+03,1.38826048e-04
6.28000000e+03,1.49125836e-04
6.29000000e+03,1.25123410e-04
6.30000000e+03,1.97184289e-04
6.31000000e+03,2.98082928e-04
6.32000000e+03,1.73730410e-04
6.33000000e+03,1.27801208e-04
6.34000000e+03,1.14083211e-04
6.35000000e+03,1.10253663e-04
6.36000000e+03,1.09459637e-04
6.37000000e+03,1.36665820e-04
6.38000000e+03,7.18940973e-04
6.39000000e+03,3.34057391e-04
6.40000000e+03,2.88194313e-04
6.41000000e+03,2.26893036e-04
6.42000000e+03,1.56700742e-04
6.43000000e+03,1.79616769e-04
6.44000000e+03,6.72339573e-04
6.45000000e+03,4.57785209e-04
6.46000000e+03,3.28616121e-04
6.47000000e+03,1.89042888e-04
6.48000000e+03,3.79603122e-04
6.49000000e+03,1.33312954e-04
6.50000000e+03,3.03820215e-04
6.51000000e+03,1.40076129e-04
6.52000000e+03,2.03679500e-04
6.53000000e+03,4.91505850e-04
6.54000000e+03,1.09914965e-04
6.55000000e+03,1.76963860e-04
6.56000000e+03,2.90403493e-04
6.57000000e+03,3.95664821e-04
6.58000000e+03,1.87761962e-04
6.59000000e+03,1.50813126e-04
6.60000000e+03,3.20576787e-04
6.61000000e+03,4.99030683e-04
6.62000000e+03,2.44673771e-04
6.63000000e+03,1.93947108e-04
6.64000000e+03,3.34586762e-04
6.65000000e+03,5.49842310e-04
6.66000000e+03,3.69295112e-04
6.67000000e+03,4.35626446e-04
6.68000000e+03,1.18604452e-04
6.69000000e+03,1.23225081e-04
6.70000000e+03,1.24135148e-04
6.71000000e+03,1.94845602e-04
6.72000000e+03,5.21905832e-04
6.73000000e+03,5.76914949e-04
6.74000000e+03,3.58168342e-04
6.75000000e+03,2.30577505e-04
6.76000000e+03,5.25090278e-04
6.77000000e+03,1.80696699e-04
6.78000000e+03,1.63722034e-04
6.79000000e+03,1.06242307e-04
6.80000000e+03,9.72097229e-05
6.81000000e+03,9.69049972e-05
6.82000000e+03,9.79174984e-05
6.83000000e+03,1.79812681e-04
6.84000000e+03,2.37506821e-04
6.85000000e+03,1.79821733e-04
6.86000000e+03,7.10277269e-04
6.87000000e+03,4.46983782e-04
6.88000000e+03,1.62239736e-04
6.89000000e+03,1.17077389e-04
6.90000000e+03,1.33580711e-04
6.91000000e+03,5.02082100e-04
6.92000000e+03,2.57668934e-04
6.93000000e+03,1.23991826e-03
6.94000000e+03,8.42488154e-04
6.95000000e+03,3.86494271e-04
6.96000000e+03,1.75647929e-04
6.97000000e+03,1.08728182e-04
6.98000000e+03,1.05260980e-04
6.99000000e+03,9.53081084e-05
7.00000000e+03,1.59590874e-04
7.01000000e+03,2.61266146e-04
7.02000000e+03,1.13061270e-04
7.03000000e+03,1.25566499e-04
7.04000000e+03,1.21861119e-04
7.05000000e+03,4.39109146e-04
7.06000000e+03,2.03565123e-04
7.07000000e+03,3.75441418e-04
7.08000000e+03,4.47303835e-04
7.09000000e+03,2.53905392e-04
7.10000000e+03,1.62032829e-04
7.11000000e+03,9.93332413e-05
7.12000000e+03,1.99492372e-04
7.13000000e+03,1.66268943e-04
7.14000000e+03,6.74834421e-04
7.15000000e+03,1.09673456e-04
7.16000000e+03,2.48967219e-04
7.17000000e+03,1.56406702e-04
7.18000000e+03,1.18186385e-04
7.19000000e+03,1.05678120e-04
7.20000000e+03,9.11864751e-05
7.21000000e+03,9.44787511e-05
7.22000000e+03,1.13636510e-04
7.23000000e+03,4.47352509e-04
7.24000000e+03,2.21268278e-04
7.25000000e+03,3.04312555e-04
7.26000000e+03,1.41132131e-04
7.27000000e+03,6.59658248e-04
7.28000000e+03,6.65868931e-04
7.29000000e+03,2.71578050e-04
7.30000000e+03,2.44286205e-04
7.31000000e+03,1.07725943e-04
7.32000000e+03,1.47434595e-04
7.33000000e+03,3.91224069e-04
7.34000000e+03,2.09363889e-04
7.35000000e+03,2.63968504e-04
7.36000000e+03,9.99591199e-05
7.37000000e+03,2.62466409e-04
7.38000000e+03,1.02084334e-04
7.39000000e+03,1.82554911e-04
7.40000000e+03,1.22820378e-04
7.41000000e+03,1.94191867e-04
7.42000000e+03,2.28376265e-04
7.43000000e+03,1.43401183e-04
7.44000000e+03,1.00331227e-04
7.45000000e+03,8.89688251e-05
7.46000000e+03,8.35275753e-05
7.47000000e+03,8.34776862e-05
7.48000000e+03,1.68064659e-04
7.49000000e+03,1.71551394e-04
7.50000000e+03,3.70751430e-04
7.51000000e+03,2.55396948e-04
7.52000000e+03,3.72864253e-04
7.53000000e+03,1.68847734e-04
7.54000000e+03,1.08545931e-04
7.55000000e+03,1.17791651e-04
7.56000000e+03,1.36234505e-04
7.57000000e+03,5.04315353e-04
7.58000000e+03,2.44517879e-04
7.59000000e+03,1.70654450e-04
7.60000000e+03,6.43304033e-04
7.61000000e+03,2.47879778e-04
7.62000000e+03,2.04818700e-04
7.63000000e+03,9.14825557e-05
7.64000000e+03,8.68128366e-05
7.65000000e+03,9.46863053e-05
7.66000000e+03,2.32377273e-04
7.67000000e+03,2.47328635e-04
7.68000000e+03,9.54557147e-05
7.69000000e+03,8.16895038e-05
7.70000000e+03,7.85900344e-05
7.71000000e+03,8.00355310e-05
7.72000000e+03,1.78071377e-04
7.73000000e+03,9.08978499e-05
7.74000000e+03,2.77443887e-04
7.75000000e+03,1.38170888e-04
7.76000000e+03,1.00287501e-04
7.77000000e+03,8.74416731e-05
7.78000000e+03,7.72687324e-05
7.79000000e+03,8.02022411e-05
7.80000000e+03,2.52481298e-04
7.81000000e+03,2.41459799e-04
7.82000000e+03,3.05148788e-04
7.83000000e+03,5.49282550e-04
7.84000000e+03,2.18554656e-04
7.85000000e+03,1.76655301e-04
7.86000000e+03,3.64540114e-04
7.87000000e+03,2.84743370e-04
7.88000000e+03,2.68603323e-04
7.89000000e+03,1.10018464e-04
7.90000000e+03,7.96831537e-05
7.91000000e+03,7.59549230e-05
7.92000000e+03,7.51176034e-05
7.93000000e+03,7.38509898e-05
7.94000000e+03,7.38466728e-05
7.95000000e+03,9.18302822e-05
7.96000000e+03,2.34332483e-04
7.97000000e+03,1.11758444e-04
7.98000000e+03,1.92324389e-04
7.99000000e+03,9.22365564e-05
8.00000000e+03,8.04334839e-05
8.01000000e+03,7.33401353e-05
8.02000000e+03,8.84517737e-05
8.03000000e+03,2.45093350e-04
8.04000000e+03,1.60635310e-04
8.05000000e+03,1.26060711e-04
8.06000000e+03,3.27938355e-04
8.07000000e+03,1.47449878e-04
8.08000000e+03,3.14701501e-04
8.09000000e+03,2.50631402e-04
8.10000000e+03,1.78153765e-04
8.11000000e+03,3.24049993e-04
8.12000000e+03,2.48819825e-04
8.13000000e+03,4.60255680e-04
8.14000000e+03,2.96617859e-04
8.15000000e+03,2.00593933e-04
8.16000000e+03,1.00093695e-04
8.17000000e+03,7.99382243e-05
8.18000000e+03,7.01888618e-05
8.19000000e+03,6.98409543e-05
8.20000000e+03,6.88287576e-05
8.21000000e+03,6.88678670e-05
8.22000000e+03,8.87132456e-05
8.23000000e+03,2.78577170e-04
8.24000000e+03,1.33213896e-04
8.25000000e+03,7.94020289e-05
8.26000000e+03,1.35116118e-04
8.27000000e+03,1.26085877e-04
8.28000000e+03,1.08066490e-04
8.29000000e+03,2.73671966e-04
8.30000000e+03,2.39768167e-04
8.31000000e+03,3.16347108e-04
8.32000000e+03,1.25265470e-04
8.33000000e+03,1.48096217e-04
8.34000000e+03,3.53584134e-04
8.35000000e+03,1.45150047e-04
8.36000000e+03,2.17361648e-04
8.37000000e+03,1.80885071e-04
8.38000000e+03,1.05514961e-04
8.39000000e+03,7.08280941e-05
8.40000000e+03,7.77372599e-05
8.41000000e+03,3.75623266e-04
8.42000000e+03,1.51918730e-04
8.43000000e+03,9.61908674e-05
8.44000000e+03,2.49075876e-04
8.45000000e+03,2.07492984e-04
8.46000000e+03,2.66291495e-04
8.47000000e+03,1.34190521e-04
8.48000000e+03,2.15551903e-04
8.49000000e+03,1.62323324e-04
8.50000000e+03,1.73734388e-04
8.51000000e+03,7.21481485e-05
8.52000000e+03,7.26802707e-05
8.53000000e+03,6.74112824e-05
8.54000000e+03,6.96372912e-05
8.55000000e+03,3.10848441e-04
8.56000000e+03,4.00667551e-04
8.57000000e+03,1.37404523e-04
8.58000000e+03,8.41115426e-05
8.59000000e+03,7.08255340e-05
8.60000000e+03,1.16475895e-04
8.61000000e+03,9.76334929e-05
8.62000000e+03,6.46288716e-05
8.63000000e+03,1.92308665e-04
8.64000000e+03,1.16108964e-04
8.65000000e+03,1.16697740e-04
8.66000000e+03,2.49306040e-04
8.67000000e+03,2.33678966e-04
8.68000000e+03,1.11376557e-04
8.69000000e+03,2.25695870e-04
8.70000000e+03,1.17092676e-04
8.71000000e+03,1.39974066e-04
8.72000000e+03,7.43643925e-05
8.73000000e+03,6.76864642e-05
8.74000000e+03,7.19681010e-05
8.75000000e+03,8.36597945e-05
8.76000000e+03,1.43112099e-04
8.77000000e+03,2.79403323e-04
8.78000000e+03,1.37481516e-04
8.79000000e+03,1.05365492e-04
8.80000000e+03,8.58171654e-05
8.81000000e+03,2.32575718e-04
8.82000000e+03,1.10006754e-04
8.83000000e+03,6.67484999e-05
8.84000000e+03,1.24233935e-04
8.85000000e+03,2.36316036e-04
8.86000000e+03,1.32878406e-04
8.87000000e+03,7.60215564e-05
8.88000000e+03,6.17745939e-05
8.89000000e+03,6.34685873e-05
8.90000000e+03,1.30029495e-04
8.91000000e+03,8.18732847e-05
8.92000000e+03,2.23954608e-04
8.93000000e+03,1.11950617e-04
8.94000000e+03,1.18857783e-04
8.95000000e+03,8.13230954e-05
8.96000000e+03,7.04857728e-05
8.97000000e+03,8.81214393e-05
8.98000000e+03,9.67512176e-05
8.99000000e+03,2.10910404e-04
9.00000000e+03,1.17832774e-04
9.01000000e+03,7.22499924e-05
9.02000000e+03,6.59361452e-05
9.03000000e+03,6.10590061e-05
9.04000000e+03,9.68245996e-05
9.05000000e+03,1.84029524e-04
9.06000000e+03,9.74300244e-05
9.07000000e+03,1.70089309e-04
9.08000000e+03,9.42239571e-05
9.09000000e+03,2.08650228e-04
9.10000000e+03,9.24470371e-05
9.11000000e+03,6.89562044e-05
9.12000000e+03,5.73608912e-05
9.13000000e+03,7.11177694e-05
9.14000000e+03,1.93129236e-04
9.15000000e+03,1.70999422e-04
9.16000000e+03,1.69656924e-04
9.17000000e+03,9.79229920e-05
9.18000000e+03,7.39001115e-05
9.19000000e+03,9.59839995e-05
9.20000000e+03,2.73668848e-04
9.21000000e+03,1.28475087e-04
9.22000000e+03,9.46506254e-05
9.23000000e+03,1.42861555e-04
9.24000000e+03,1.24812815e-04
9.25000000e+03,7.14927687e-05
9.26000000e+03,6.91413902e-05
9.27000000e+03,6.29418194e-05
9.28000000e+03,7.13731300e-05
9.29000000e+03,5.64370466e-05
9.30000000e+03,5.80728096e-05
9.31000000e+03,8.46297844e-05
9.32000000e+03,1.69270380e-04
9.33000000e+03,9.36036617e-05
9.34000000e+03,7.79114002e-05
9.35000000e+03,1.93048802e-04
9.36000000e+03,1.18091261e-04
9.37000000e+03,1.02219991e-04
9.38000000e+03,7.41967014e-05
9.39000000e+03,1.11812684e-04
9.40000000e+03,2.78357477e-04
9.41000000e+03,1.74067834e-04
9.42000000e+03,1.21232591e-04
9.43000000e+03,1.22083077e-04
9.44000000e+03,1.83803322e-04
9.45000000e+03,1.25372417e-04
9.46000000e+03,7.93306290e-05
9.47000000e+03,6.07966916e-05
9.48000000e+03,5.52362571e-05
9.49000000e+03,5.33703581e-05
9.50000000e+03,5.25165068e-05
9.51000000e+03,5.21724757e-05
9.52000000e+03,5.19613349e-05
9.53000000e+03,5.23288645e-05
9.54000000e+03,7.56391898e-05
9.55000000e+03,6.02867232e-05
9.56000000e+03,1.11452620e-04
9.57000000e+03,9.55532573e-05
9.58000000e+03,1.33794514e-04
9.59000000e+03,6.99510242e-05
9.60000000e+03,1.00800738e-04
9.61000000e+03,6.27171576e-05
9.62000000e+03,5.51264767e-05
9.63000000e+03,8.26486596e-05
9.64000000e+03,1.37743893e-04
9.65000000e+03,3.70427020e-04
9.66000000e+03,3.31844797e-04
9.67000000e+03,1.89771275e-04
9.68000000e+03,1.56366241e-04
9.69000000e+03,9.25772049e-05
9.70000000e+03,5.75127822e-05
9.71000000e+03,5.59517945e-05
9.72000000e+03,5.38816722e-05
9.73000000e+03,5.16415052e-05
9.74000000e+03,5.03190502e-05
9.75000000e+03,4.98454420e-05
9.76000000e+03,5.22468480e-05
9.77000000e+03,6.55162493e-05
9.78000000e+03,6.51294070e-05
9.79000000e+03,1.32731225e-04
9.80000000e+03,7.75719715e-05
9.81000000e+03,5.51710551e-05
9.82000000e+03,8.98451997e-05
9.83000000e+03,4.96426209e-05
9.84000000e+03,7.85944392e-05
9.85000000e+03,9.17026886e-05
9.86000000e+03,5.33825833e-05
9.87000000e+03,5.26180539e-05
9.88000000e+03,9.14996394e-05
9.89000000e+03,5.30244216e-05
9.90000000e+03,1.05195431e-04
9.91000000e+03,2.31538781e-04
9.92000000e+03,1.08545390e-04
9.93000000e+03,1.31275015e-04
9.94000000e+03,1.06320112e-04
9.95000000e+03,7.38199367e-05
9.96000000e+03,1.64479704e-04
9.97000000e+03,8.56349530e-05
9.98000000e+03,8.12578454e-05
9.99000000e+03,5.72374708e-05
1.00000000e+04,5.17261504e-05
1.00100000e+04,5.75088198e-05
1.00200000e+04,1.12463960e-04
1.00300000e+04,6.45623805e-05
1.00400000e+04,7.77863890e-05
1.00500000e+04,6.43916438e-05
1.00600000e+04,1.30477647e-04
1.00700000e+04,7.27722650e-05
1.00800000e+04,6.61794716e-05
1.00900000e+04,2.14923392e-04
1.01000000e+04,9.37630401e-05
1.01100000e+04,6.21959764e-05
1.01200000e+04,1.20222997e-04
1.01300000e+04,9.50843267e-05
1.01400000e+04,8.35552426e-05
1.01500000e+04,7.98000186e-05
1.01600000e+04,5.95253381e-05
1.01700000e+04,4.99799874e-05
1.01800000e+04,4.81269765e-05
1.01900000e+04,5.62060418e-05
1.02000000e+04,1.69573394e-04
1.02100000e+04,9.19104676e-05
1.02200000e+04,1.17534696e-04
1.02300000e+04,5.90825936e-05
1.02400000e+04,5.27462960e-05
1.02500000e+04,1.67472183e-04
1.02600000e+04,5.17716189e-05
1.02700000e+04,6.20754810e-05
1.02800000e+04,6.65571994e-05
1.02900000e+04,7.41976546e-05
1.03000000e+04,9.51678699e-05
1.03100000e+04,5.26821830e-05
1.03200000e+04,9.66286730e-05
1.03300000e+04,5.11269436e-05
1.03400000e+04,6.67487888e-05
1.03500000e+04,1.12957027e-04
1.03600000e+04,5.79728269e-05
1.03700000e+04,5.96896361e-05
1.03800000e+04,5.12634283e-05
1.03900000e+04,5.77873975e-05
1.04000000e+04,4.52383398e-05
1.04100000e+04,4.94135262e-05
1.04200000e+04,9.52776472e-05
1.04300000e+04,1.62733760e-04
1.04400000e+04,8.24499266e-05
1.04500000e+04,5.72101798e-05
1.04600000e+04,1.86087432e-04
1.04700000e+04,6.71022498e-05
1.04800000e+04,7.34125360e-05
1.04900000e+04,1.91003976e-04
1.05000000e+04,5.95403695e-05
1.05100000e+04,5.50562012e-05
1.05200000e+04,4.39020692e-05
1.05300000e+04,4.51273469e-05
1.05400000e+04,4.31938127e-05
1.05500000e+04,4.35015956e-05
1.05600000e+04,4.85346402e-05
1.05700000e+04,8.83156998e-05
1.05800000e+04,4.34336490e-05
1.05900000e+04,4.51564511e-05
1.06000000e+04,4.80024550e-05
1.06100000e+04,1.25326051e-04
1.06200000e+04,1.57832142e-04
1.06300000e+04,8.87004326e-05
1.06400000e+04,8.73303590e-05
1.06500000e+04,4.81244746e-05
1.06600000e+04,4.56833625e-05
1.06700000e+04,1.11123135e-04
1.06800000e+04,1.33693149e-04
1.06900000e+04,7.02038429e-05
1.07000000e+04,4.40620763e-05
1.07100000e+04,6.37629949e-05
1.07200000e+04,5.60623231e-05
1.07300000e+04,1.24734469e-04
1.07400000e+04,6.99944260e-05
1.07500000e+04,4.96531394e-05
1.07600000e+04,4.38007085e-05
1.07700000e+04,4.50595731e-05
1.07800000e+04,7.17793164e-05
1.07900000e+04,6.33130534e-05
1.08000000e+04,6.28454137e-05
1.08100000e+04,5.14760236e-05
1.08200000e+04,5.24116087e-05
1.08300000e+04,4.84178647e-05
1.08400000e+04,4.92913209e-05
1.08500000e+04,1.91302502e-04
1.08600000e+04,1.14579962e-04
1.08700000e+04,4.86011983e-05
1.08800000e+04,7.53621281e-05
1.08900000e+04,5.91145099e-05
1.09000000e+04,5.78615727e-05
1.09100000e+04,5.27131893e-05
1.09200000e+04,5.99894978e-05
1.09300000e+04,5.57205340e-05
1.09400000e+04,6.97389175e-05
1.09500000e+04,5.32856545e-05
1.09600000e+04,1.24752617e-04
1.09700000e+04,1.16060201e-04
1.09800000e+04,5.47933558e-05
1.09900000e+04,6.60582726e-05
1.10000000e+04,1.58595431e-04
1.10100000e+04,7.34433492e-05
1.10200000e+04,4.65474752e-05
1.10300000e+04,4.42682674e-05
1.10400000e+04,4.07913800e-05
1.10500000e+04,4.01809903e-05
1.10600000e+04,3.98086425e-05
1.10700000e+04,4.04176123e-05
1.10800000e+04,5.22078623e-05
1.10900000e+04,1.46320615e-04
1.11000000e+04,7.40440281e-05
1.11100000e+04,7.92560694e-05
1.11200000e+04,6.80656885e-05
1.11300000e+04,8.38581089e-05
1.11400000e+04,5.06547194e-05
1.11500000e+04,6.20906120e-05
1.11600000e+04,1.09484849e-04
1.11700000e+04,8.89567406e-05
1.11800000e+04,4.19812029e-05
1.11900000e+04,5.63390289e-05
1.12000000e+04,5.04332164e-05
1.12100000e+04,6.39802061e-05
1.12200000e+04,5.59207858e-05
1.12300000e+04,6.93685863e-05
1.12400000e+04,6.13782166e-05
1.12500000e+04,8.11263302e-05
1.12600000e+04,4.91203848e-05
1.12700000e+04,4.91617296e-05
1.12800000e+04,7.03436452e-05
1.12900000e+04,4.83234229e-05
1.13000000e+04,4.25343069e-05
1.13100000e+04,7.38983391e-05
1.13200000e+04,5.08829962e-05
1.13300000e+04,9.29770849e-05
1.13400000e+04,5.76562926e-05
1.13500000e+04,4.09467033e-05
1.13600000e+04,3.99779293e-05
1.13700000e+04,8.65822546e-05
1.13800000e+04,6.02406288e-05
1.13900000e+04,5.36792955e-05
1.14000000e+04,3.92906809e-05
1.14100000e+04,4.19782366e-05
1.14200000e+04,6.48129759e-05
1.14300000e+04,5.20289294e-05
1.14400000e+04,6.47428612e-05
1.14500000e+04,7.25939179e-05
1.14600000e+04,7.25712842e-05
1.14700000e+04,4.33060405e-05
1.14800000e+04,3.78550281e-05
1.14900000e+04,3.90056634e-05
1.15000000e+04,5.18861031e-05
1.15100000e+04,4.07651053e-05
1.15200000e+04,4.15547201e-05
1.15300000e+04,5.31210843e-05
1.15400000e+04,5.05886889e-05
1.15500000e+04,4.71993268e-05
1.15600000e+04,1.09003198e-04
1.15700000e+04,5.20977977e-05
1.15800000e+04,9.05299936e-05
1.15900000e+04,5.63238711e-05
1.16000000e+04,3.85749855e-05
1.16100000e+04,5.83645641e-05
1.16200000e+04,9.16770667e-05
1.16300000e+04,7.42906424e-05
1.16400000e+04,4.49886335e-05
1.16500000e+04,3.84480742e-05
1.16600000e+04,6.86360510e-05
1.16700000e+04,4.51488076e-05
1.16800000e+04,5.96812825e-05
1.16900000e+04,3.91934528e-05
1.17000000e+04,5.25787543e-05
1.17100000e+04,4.17642237e-05
1.17200000e+04,4.43168432e-05
1.17300000e+04,7.62337474e-05
1.17400000e+04,5.90057982e-05
1.17500000e+04,4.68556946e-05
1.17600000e+04,1.03646044e-04
1.17700000e+04,4.03741255e-05
1.17800000e+04,4.05364196e-05
1.17900000e+04,3.60007274e-05
1.18000000e+04,3.58680051e-05
1.18100000e+04,3.52850312e-05
1.18200000e+04,3.53887972e-05
1.18300000e+04,3.96505585e-05
1.18400000e+04,1.19600373e-04
1.18500000e+04,9.44070887e-05
1.18600000e+04,3.79591311e-05
1.18700000e+04,6.04933247e-05
1.18800000e+04,4.96432709e-05
1.18900000e+04,7.64294163e-05
1.19000000e+04,8.48211927e-05
1.19100000e+04,4.72242371e-05
1.19200000e+04,5.22340489e-05
1.19300000e+04,3.78914364e-05
1.19400000e+04,4.08028124e-05
1.19500000e+04,3.68593276e-05
1.19600000e+04,4.15276745e-05
1.19700000e+04,5.55169311e-05
1.19800000e+04,3.84805143e-05
1.19900000e+04,3.75013498e-05
1.20000000e+04,3.54417153e-05
1.20100000e+04,4.77692266e-05
1.20200000e+04,8.35869810e-05
1.20300000e+04,4.33930443e-05
1.20400000e+04,3.92385261e-05
1.20500000e+04,3.80840288e-05
1.20600000e+04,4.16964882e-05
1.20700000e+04,5.21721338e-05
1.20800000e+04,5.00256563e-05
1.20900000e+04,4.21354938e-05
1.21000000e+04,3.62180577e-05
1.21100000e+04,3.69341283e-05
1.21200000e+04,4.49423291e-05
1.21300000e+04,4.98523703e-05
1.21400000e+04,8.87042508e-05
1.21500000e+04,6.23997835e-05
1.21600000e+04,4.26780963e-05
1.21700000e+04,8.00326978e-05
1.21800000e+04,4.41214509e-05
1.21900000e+04,3.79472905e-05
1.22000000e+04,5.08391558e-05
1.22100000e+04,3.80127356e-05
1.22200000e+04,3.73815667e-05
1.22300000e+04,5.45956144e-05
1.22400000e+04,3.59629775e-05
1.22500000e+04,4.79348775e-05
1.22600000e+04,4.40388701e-05
1.22700000e+04,3.75060715e-05
1.22800000e+04,3.53309714e-05
1.22900000e+04,4.23442053e-05
1.23000000e+04,4.37578294e-05
1.23100000e+04,7.55637389e-05
1.23200000e+04,4.96766892e-05
1.23300000e+04,6.63388264e-05
1.23400000e+04,5.00154513e-05
1.23500000e+04,3.95211308e-05
1.23600000e+04,3.63038620e-05
1.23700000e+04,6.72223339e-05
1.23800000e+04,4.89967471e-05
1.23900000e+04,4.45088423e-05
1.24000000e+04,5.06987789e-05
1.24100000e+04,3.71220450e-05
1.24200000e+04,3.81973906e-05
1.24300000e+04,5.41692709e-05
1.24400000e+04,3.97076125e-05
1.24500000e+04,4.81831867e-05
1.24600000e+04,3.65407036e-05
1.24700000e+04,3.47721722e-05
1.24800000e+04,5.06068886e-05
1.24900000e+04,4.27935019e-05
1.25000000e+04,6.90601300e-05
1.25100000e+04,3.99661464e-05
1.25200000e+04,3.32762315e-05
1.25300000e+04,3.38439511e-05
1.25400000e+04,3.27956300e-05
1.25500000e+04,3.20213971e-05
1.25600000e+04,3.45915581e-05
1.25700000e+04,6.03701206e-05
1.25800000e+04,6.15723255e-05
1.25900000e+04,4.99176556e-05
1.26000000e+04,6.44755581e-05
1.26100000e+04,6.09694436e-05
1.26200000e+04,3.82346205e-05
1.26300000e+04,4.73413255e-05
1.26400000e+04,3.38511928e-05
1.26500000e+04,3.56853368e-05
1.26600000e+04,5.70342732e-05
1.26700000e+04,5.36764094e-05
1.26800000e+04,3.48918028e-05
1.26900000e+04,3.91575003e-05
1.27000000e+04,3.52939019e-05
1.27100000e+04,3.22755877e-05
1.27200000e+04,3.10972765e-05
1.27300000e+04,3.23832669e-05
1.27400000e+04,3.53523216e-05
1.27500000e+04,3.09084428e-05
1.27600000e+04,3.35608086e-05
1.27700000e+04,5.38835556e-05
1.27800000e+04,3.79145131e-05
1.27900000e+04,3.25251879e-05
1.28000000e+04,3.92244578e-05
1.28100000e+04,5.10069039e-05
1.28200000e+04,4.42168856e-05
1.28300000e+04,4.02395457e-05
1.28400000e+04,3.40316369e-05
1.28500000e+04,3.90869516e-05
1.28600000e+04,3.81429957e-05
1.28700000e+04,3.68107752e-05
1.28800000e+04,3.55913613e-05
1.28900000e+04,8.64838702e-05
1.29000000e+04,5.79541623e-05
1.29100000e+04,3.55205956e-05
1.29200000e+04,3.37819170e-05
1.29300000e+04,3.13002119e-05
1.29400000e+04,3.04430323e-05
1.29500000e+04,3.19145501e-05
1.29600000e+04,6.59982308e-05
1.29700000e+04,3.17054320e-05
1.29800000e+04,3.64569033e-05
1.29900000e+04,3.03193787e-05
1.30000000e+04,3.41851652e-05
1.30100000e+04,4.90931827e-05
1.30200000e+04,3.29505785e-05
1.30300000e+04,6.21340951e-05
1.30400000e+04,4.20032779e-05
1.30500000e+04,3.44227125e-05
1.30600000e+04,4.96953748e-05
1.30700000e+04,3.55583485e-05
1.30800000e+04,3.10582098e-05
1.30900000e+04,2.95950603e-05
1.31000000e+04,2.92943131e-05
1.31100000e+04,2.94692367e-05
1.31200000e+04,4.01647172e-05
1.31300000e+04,5.09574307e-05
1.31400000e+04,5.94953812e-05
1.31500000e+04,5.60522795e-05
1.31600000e+04,3.61246021e-05
1.31700000e+04,3.31823496e-05
1.31800000e+04,3.93146769e-05
1.31900000e+04,2.91309416e-05
1.32000000e+04,2.93149357e-05
1.32100000e+04,2.99885802e-05
1.32200000e+04,3.73643369e-05
1.32300000e+04,2.96138563e-05
1.32400000e+04,2.97896778e-05
1.32500000e+04,3.43641646e-05
1.32600000e+04,3.60676414e-05
1.32700000e+04,3.68800116e-05
1.32800000e+04,3.45343325e-05
1.32900000e+04,4.23593223e-05
1.33000000e+04,6.22079321e-05
1.33100000e+04,3.66924146e-05
1.33200000e+04,2.90488007e-05
1.33300000e+04,2.96121784e-05
1.33400000e+04,2.83957668e-05
1.33500000e+04,2.87652970e-05
1.33600000e+04,3.60428772e-05
1.33700000e+04,7.53509279e-05
1.33800000e+04,5.91984109e-05
1.33900000e+04,4.27011939e-05
1.34000000e+04,3.35315090e-05
1.34100000e+04,3.87546304e-05
1.34200000e+04,3.60023874e-05
1.34300000e+04,2.94502692e-05
1.34400000e+04,3.03601063e-05
1.34500000e+04,2.95616918e-05
1.34600000e+04,4.58365618e-05
1.34700000e+04,3.36207019e-05
1.34800000e+04,2.95422989e-05
1.34900000e+04,2.82831172e-05
1.35000000e+04,3.00897824e-05
1.35100000e+04,3.51447439e-05
1.35200000e+04,3.20961559e-05
1.35300000e+04,3.18462492e-05
1.35400000e+04,2.93136360e-05
1.35500000e+04,3.31567646e-05
1.35600000e+04,5.11501938e-05
1.35700000e+04,3.45934937e-05
1.35800000e+04,3.49236266e-05
1.35900000e+04,3.26614039e-05
1.36000000e+04,7.12732495e-05
1.36100000e+04,4.01548271e-05
1.36200000e+04,4.74425042e-05
1.36300000e+04,3.89109350e-05
1.36400000e+04,4.01697729e-05
1.36500000e+04,2.91444236e-05
1.36600000e+04,3.74389523e-05
1.36700000e+04,3.13250490e-05
1.36800000e+04,3.48124867e-05
1.36900000e+04,3.05889537e-05
1.37000000e+04,2.85333793e-05
1.37100000e+04,3.43624858e-05
1.37200000e+04,4.51452899e-05
1.37300000e+04,3.45772496e-05
1.37400000e+04,2.91450284e-05
1.37500000e+04,2.91132588e-05
1.37600000e+04,2.74796666e-05
1.37700000e+04,3.09382005e-05
1.37800000e+04,2.76781768e-05
1.37900000e+04,2.68150523e-05
1.38000000e+04,2.69410130e-05
1.38100000e+04,3.07534942e-05
1.38200000e+04,3.82889543e-05
1.38300000e+04,3.29675884e-05
1.38400000e+04,2.78207074e-05
1.38500000e+04,2.87161738e-05
1.38600000e+04,4.48866137e-05
1.38700000e+04,3.68346421e-05
1.38800000e+04,3.67064107e-05
1.38900000e+04,4.97684859e-05
1.39000000e+04,4.94339124e-05
1.39100000e+04,3.94388079e-05
1.39200000e+04,4.17078999e-05
1.39300000e+04,3.13751895e-05
1.39400000e+04,2.81362768e-05
1.39500000e+04,2.79365066e-05
1.39600000e+04,3.25821315e-05
1.39700000e+04,2.63035609e-05
1.39800000e+04,2.63928558e-05
1.39900000e+04,2.64471834e-05
1.40000000e+04,2.64585466e-05
1.40100000e+04,3.63008315e-05
1.40200000e+04,3.55800982e-05
1.40300000e+04,4.83587809e-05
1.40400000e+04,3.01215898e-05
1.40500000e+04,2.66620618e-05
1.40600000e+04,2.72915551e-05
1.40700000e+04,4.37838972e-05
1.40800000e+04,3.10691394e-05
1.40900000e+04,3.87026124e-05
1.41000000e+04,4.10692897e-05
1.41100000e+04,2.98347901e-05
1.41200000e+04,2.78062610e-05
1.41300000e+04,3.25140797e-05
1.41400000e+04,2.79307084e-05
1.41500000e+04,2.92257980e-05
1.41600000e+04,3.38102412e-05
1.41700000e+04,4.52407557e-05
1.41800000e+04,2.85364399e-05
1.41900000e+04,2.71088436e-05
1.42000000e+04,2.58751116e-05
1.42100000e+04,3.28784607e-05
1.42200000e+04,3.66511691e-05
1.42300000e+04,2.87138338e-05
1.42400000e+04,2.65685544e-05
1.42500000e+04,2.58670633e-05
1.42600000e+04,2.55901574e-05
1.42700000e+04,2.68416062e-05
1.42800000e+04,4.73952682e-05
1.42900000e+04,3.04286109e-05
1.43000000e+04,2.85924620e-05
1.43100000e+04,3.31549202e-05
1.43200000e+04,2.97309778e-05
1.43300000e+04,5.48848634e-05
1.43400000e+04,4.07984433e-05
1.43500000e+04,2.97250675e-05
1.43600000e+04,2.64946328e-05
1.43700000e+04,2.55722979e-05
1.43800000e+04,2.58539563e-05
1.43900000e+04,2.61026534e-05
1.44000000e+04,2.50750481e-05
1.44100000e+04,2.48307299e-05
1.44200000e+04,2.49014848e-05
1.44300000e+04,2.49884879e-05
1.44400000e+04,2.54246465e-05
1.44500000e+04,2.68465543e-05
1.44600000e+04,2.68654941e-05
1.44700000e+04,3.50148630e-05
1.44800000e+04,3.08043337e-05
1.44900000e+04,3.02598450e-05
1.45000000e+04,2.89002649e-05
1.45100000e+04,3.20162192e-05
1.45200000e+04,3.67508084e-05
1.45300000e+04,3.50011270e-05
1.45400000e+04,4.11660326e-05
1.45500000e+04,2.94651978e-05
1.45600000e+04,2.60144765e-05
1.45700000e+04,2.82590132e-05
1.45800000e+04,2.85914821e-05
1.45900000e+04,2.73799232e-05
1.46000000e+04,2.48427956e-05
1.46100000e+04,2.55894882e-05
1.46200000e+04,2.69204262e-05
1.46300000e+04,2.50678290e-05
1.46400000e+04,2.48480480e-05
1.46500000e+04,2.41734164e-05
1.46600000e+04,2.41830754e-05
1.46700000e+04,2.56545787e-05
1.46800000e+04,3.50528609e-05
1.46900000e+04,2.79681462e-05
1.47000000e+04,2.55880608e-05
1.47100000e+04,3.08379396e-05
1.47200000e+04,4.60988322e-05
1.47300000e+04,3.13880986e-05
1.47400000e+04,3.24741762e-05
1.47500000e+04,3.68928033e-05
1.47600000e+04,4.21543882e-05
1.47700000e+04,2.96638112e-05
1.47800000e+04,3.77368914e-05
1.47900000e+04,2.95537693e-05
1.48000000e+04,2.42612023e-05
1.48100000e+04,2.39776963e-05
1.48200000e+04,2.39738965e-05
1.48300000e+04,2.60175356e-05
1.48400000e+04,2.42862259e-05
1.48500000e+04,2.37714801e-05
1.48600000e+04,2.65947279e-05
1.48700000e+04,2.99399079e-05
1.48800000e+04,2.42428956e-05
1.48900000e+04,2.37624899e-05
1.49000000e+04,2.53972993e-05
1.49100000e+04,4.15603186e-05
1.49200000e+04,3.31779821e-05
1.49300000e+04,3.26399457e-05
1.49400000e+04,2.59181395e-05
1.49500000e+04,3.73438615e-05
1.49600000e+04,3.05855543e-05
1.49700000e+04,2.61562618e-05
1.49800000e+04,2.76878690e-05
1.49900000e+04,2.38011228e-05
1.50000000e+04,2.34606792e-05
1.50100000e+04,2.34492286e-05
1.50200000e+04,2.51088639e-05
1.50300000e+04,3.55421548e-05
1.50400000e+04,3.08582278e-05
1.50500000e+04,2.57953752e-05
1.50600000e+04,2.77605460e-05
1.50700000e+04,3.59507688e-05
1.50800000e+04,2.46214433e-05
1.50900000e+04,2.31587839e-05
1.51000000e+04,2.34659398e-05
1.51100000e+04,2.30299548e-05
1.51200000e+04,2.35040124e-05
1.51300000e+04,3.13094015e-05
1.51400000e+04,2.91982628e-05
1.51500000e+04,2.38621361e-05
1.51600000e+04,2.44254843e-05
1.51700000e+04,3.36100087e-05
1.51800000e+04,2.36173783e-05
1.51900000e+04,2.39009479e-05
1.52000000e+04,3.03547521e-05
1.52100000e+04,3.56436975e-05
1.52200000e+04,2.72303691e-05
1.52300000e+04,2.38527480e-05
1.52400000e+04,2.28840469e-05
1.52500000e+04,2.33200757e-05
1.52600000e+04,2.72351503e-05
1.52700000e+04,2.34091560e-05
1.52800000e+04,2.32760240e-05
1.52900000e+04,2.32367300e-05
1.53000000e+04,3.49879864e-05
1.53100000e+04,2.92055323e-05
1.53200000e+04,2.57443756e-05
1.53300000e+04,2.34623588e-05
1.53400000e+04,2.29326568e-05
1.53500000e+04,2.73097757e-05
1.53600000e+04,2.39182506e-05
1.53700000e+04,2.77125449e-05
1.53800000e+04,2.34915525e-05
1.53900000e+04,2.53597503e-05
1.54000000e+04,2.71813754e-05
1.54100000e+04,2.81434639e-05
1.54200000e+04,3.04452940e-05
1.54300000e+04,2.42561958e-05
1.54400000e+04,2.58078257e-05
1.54500000e+04,3.26392558e-05
1.54600000e+04,2.61558653e-05
1.54700000e+04,3.14895882e-05
1.54800000e+04,2.35867192e-05
1.54900000e+04,2.27918545e-05
1.55000000e+04,2.19522292e-05
1.55100000e+04,2.20204908e-05
1.55200000e+04,2.19587663e-05
1.55300000e+04,2.32544789e-05
1.55400000e+04,3.14748625e-05
1.55500000e+04,3.28444722e-05
1.55600000e+04,2.62649891e-05
1.55700000e+04,2.97064299e-05
1.55800000e+04,2.55141144e-05
1.55900000e+04,2.33613276e-05
1.56000000e+04,2.21419695e-05
1.56100000e+04,2.20879844e-05
1.56200000e+04,2.22323212e-05
1.56300000e+04,2.19959313e-05
1.56400000e+04,2.16302714e-05
1.56500000e+04,2.15794976e-05
1.56600000e+04,2.16453619e-05
1.56700000e+04,2.40061792e-05
1.56800000e+04,2.53276755e-05
1.56900000e+04,2.34708363e-05
1.57000000e+04,2.34422831e-05
1.57100000e+04,2.63978357e-05
1.57200000e+04,2.58879747e-05
1.57300000e+04,2.89197039e-05
1.57400000e+04,2.28731880e-05
1.57500000e+04,2.26438843e-05
1.57600000e+04,2.83098013e-05
1.57700000e+04,2.18357919e-05
1.57800000e+04,2.28640489e-05
1.57900000e+04,2.53534994e-05
1.58000000e+04,2.53027238e-05
1.58100000e+04,2.51719920e-05
1.58200000e+04,2.40231283e-05
1.58300000e+04,2.78366513e-05
1.58400000e+04,2.42936053e-05
1.58500000e+04,2.20374444e-05
1.58600000e+04,2.15153791e-05
1.58700000e+04,2.41293886e-05
1.58800000e+04,2.11561167e-05
1.58900000e+04,2.11054019e-05
1.59000000e+04,2.17948003e-05
1.59100000e+04,3.49737915e-05
1.59200000e+04,2.45139011e-05
1.59300000e+04,2.18427797e-05
1.59400000e+04,2.22180033e-05
1.59500000e+04,2.42818010e-05
1.59600000e+04,2.19968098e-05
1.59700000e+04,2.16491157e-05
1.59800000e+04,2.72705481e-05
1.59900000e+04,2.64597419e-05
1.60000000e+04,2.70066465e-05
1.60100000e+04,2.65611544e-05
1.60200000e+04,2.21814332e-05
1.60300000e+04,2.21476469e-05
1.60400000e+04,2.07660505e-05
1.60500000e+04,2.08315281e-05
1.60600000e+04,2.07436504e-05
1.60700000e+04,2.28636947e-05
1.60800000e+04,2.25059266e-05
1.60900000e+04,2.48211387e-05
1.61000000e+04,2.28823025e-05
1.61100000e+04,2.42924444e-05
1.61200000e+04,2.28983257e-05
1.61300000e+04,2.12927790e-05
1.61400000e+04,2.47606582e-05
1.61500000e+04,2.15137911e-05
1.61600000e+04,2.05444458e-05
1.61700000e+04,2.05710914e-05
1.61800000e+04,2.42051592e-05
1.61900000e+04,2.14965072e-05
1.62000000e+04,2.26639854e-05
1.62100000e+04,2.70412210e-05
1.62200000e+04,2.40362195e-05
1.62300000e+04,2.29156596e-05
1.62400000e+04,2.28593032e-05
1.62500000e+04,2.36067327e-05
1.62600000e+04,2.07955251e-05
1.62700000e+04,2.04464781e-05
1.62800000e+04,2.10396631e-05
1.62900000e+04,2.14961728e-05
1.63000000e+04,2.10830053e-05
1.63100000e+04,2.30127625e-05
1.63200000e+04,2.51479110e-05
1.63300000e+04,2.14754795e-05
1.63400000e+04,2.09832420e-05
1.63500000e+04,2.05223881e-05
1.63600000e+04,2.10413505e-05
1.63700000e+04,2.28235271e-05
1.63800000e+04,2.08157332e-05
1.63900000e+04,2.04558500e-05
1.64000000e+04,2.43526030e-05
1.64100000e+04,2.09978852e-05
1.64200000e+04,2.70718230e-05
1.64300000e+04,2.68878720e-05
1.64400000e+04,2.17796628e-05
1.64500000e+04,2.06389757e-05
1.64600000e+04,2.04271402e-05
1.64700000e+04,2.09574343e-05
1.64800000e+04,2.15733020e-05
1.64900000e+04,2.18874222e-05
1.65000000e+04,2.02050518e-05
1.65100000e+04,1.98172973e-05
1.65200000e+04,1.98550171e-05
1.65300000e+04,2.01118976e-05
1.65400000e+04,2.33628998e-05
1.65500000e+04,2.11370561e-05
1.65600000e+04,2.20825659e-05
1.65700000e+04,2.08435066e-05
1.65800000e+04,2.99291946e-05
1.65900000e+04,3.22982392e-05
1.66000000e+04,2.58141785e-05
1.66100000e+04,2.17304502e-05
1.66200000e+04,2.42592230e-05
1.66300000e+04,2.05266988e-05
1.66400000e+04,2.04717108e-05
1.66500000e+04,2.35555610e-05
1.66600000e+04,2.07548342e-05
1.66700000e+04,2.00753049e-05
1.66800000e+04,1.94730030e-05
1.66900000e+04,1.94283875e-05
1.67000000e+04,1.94375445e-05
1.67100000e+04,2.02550463e-05
1.67200000e+04,2.08057862e-05
1.67300000e+04,1.93944825e-05
1.67400000e+04,1.95805264e-05
1.67500000e+04,2.26766411e-05
1.67600000e+04,2.30485765e-05
1.67700000e+04,2.40145172e-05
1.67800000e+04,2.10916478e-05
1.67900000e+04,2.04353128e-05
1.68000000e+04,2.41212499e-05
1.68100000e+04,2.11398307e-05
1.68200000e+04,1.98260575e-05
1.68300000e+04,2.27332905e-05
1.68400000e+04,2.02618552e-05
1.68500000e+04,2.03063932e-05
1.68600000e+04,1.96468980e-05
1.68700000e+04,1.91893463e-05
1.68800000e+04,1.93680504e-05
1.68900000e+04,2.01076192e-05
1.69000000e+04,2.51186003e-05
1.69100000e+04,2.41921146e-05
1.69200000e+04,2.05823540e-05
1.69300000e+04,1.96544658e-05
1.69400000e+04,1.91765592e-05
1.69500000e+04,2.07738511e-05
1.69600000e+04,1.94633527e-05
1.69700000e+04,2.03540841e-05
1.69800000e+04,2.40519049e-05
1.69900000e+04,2.03255517e-05
1.70000000e+04,1.90534678e-05
1.70100000e+04,1.92316395e-05
1.70200000e+04,2.18819303e-05
1.70300000e+04,2.63260522e-05
1.70400000e+04,2.34445309e-05
1.70500000e+04,1.97380759e-05
1.70600000e+04,1.93038558e-05
1.70700000e+04,1.89125319e-05
1.70800000e+04,1.90985980e-05
1.70900000e+04,2.04533715e-05
1.71000000e+04,1.90786372e-05
1.71100000e+04,1.89959452e-05
1.71200000e+04,1.88013281e-05
1.71300000e+04,1.94208278e-05
1.71400000e+04,1.94868266e-05
1.71500000e+04,1.98095386e-05
1.71600000e+04,2.29201601e-05
1.71700000e+04,1.92429509e-05
1.71800000e+04,1.97910487e-05
1.71900000e+04,1.90050104e-05
1.72000000e+04,2.20473631e-05
1.72100000e+04,2.20144659e-05
1.72200000e+04,2.11795171e-05
1.72300000e+04,2.18895187e-05
1.72400000e+04,1.95403951e-05
1.72500000e+04,1.95744817e-05
1.72600000e+04,1.86371637e-05
1.72700000e+04,1.85436372e-05
1.72800000e+04,1.84311919e-05
1.72900000e+04,1.84218241e-05
1.73000000e+04,1.90620015e-05
1.73100000e+04,1.98753541e-05
1.73200000e+04,1.87285744e-05
1.73300000e+04,1.85817594e-05
1.73400000e+04,1.84726456e-05
1.73500000e+04,2.19870321e-05
1.73600000e+04,2.04480515e-05
1.73700000e+04,1.90492795e-05
1.73800000e+04,1.97714650e-05
1.73900000e+04,1.87832322e-05
1.74000000e+04,1.83423877e-05
1.74100000e+04,1.87181203e-05
1.74200000e+04,1.93886372e-05
1.74300000e+04,2.01899498e-05
1.74400000e+04,1.95085311e-05
1.74500000e+04,1.92688250e-05
1.74600000e+04,2.31257758e-05
1.74700000e+04,2.30940492e-05
1.74800000e+04,1.83008701e-05
1.74900000e+04,1.85707880e-05
1.75000000e+04,1.81355256e-05
1.75100000e+04,1.79981600e-05
1.75200000e+04,1.79768278e-05
1.75300000e+04,1.79404423e-05
1.75400000e+04,1.81244133e-05
1.75500000e+04,2.14614849e-05
1.75600000e+04,1.91913900e-05
1.75700000e+04,1.91684961e-05
1.75800000e+04,2.11736877e-05
1.75900000e+04,2.54381304e-05
1.76000000e+04,1.90769124e-05
1.76100000e+04,1.85269983e-05
1.76200000e+04,1.79586815e-05
1.76300000e+04,1.79221135e-05
1.76400000e+04,1.78082080e-05
1.76500000e+04,1.77535340e-05
1.76600000e+04,1.77406729e-05
1.76700000e+04,1.80092909e-05
1.76800000e+04,1.77136944e-05
1.76900000e+04,1.77204466e-05
1.77000000e+04,1.76922577e-05
1.77100000e+04,1.76658070e-05
1.77200000e+04,1.79788090e-05
1.77300000e+04,2.02247831e-05
1.77400000e+04,1.82322490e-05
1.77500000e+04,1.92142218e-05
1.77600000e+04,1.92029350e-05
1.77700000e+04,1.96734382e-05
1.77800000e+04,1.80894681e-05
1.77900000e+04,1.78835781e-05
1.78000000e+04,1.80913333e-05
1.78100000e+04,1.82270635e-05
1.78200000e+04,1.87450343e-05
1.78300000e+04,1.76905040e-05
1.78400000e+04,1.89604825e-05
1.78500000e+04,2.06379862e-05
1.78600000e+04,2.05703537e-05
1.78700000e+04,1.81651949e-05
1.78800000e+04,1.82561078e-05
1.78900000e+04,1.75861432e-05
1.79000000e+04,1.92218918e-05
1.79100000e+04,1.76627014e-05
1.79200000e+04,1.76860102e-05
1.79300000e+04,1.74079860e-05
1.79400000e+04,1.76602203e-05
1.79500000e+04,1.91427972e-05
1.79600000e+04,1.95773985e-05
1.79700000e+04,2.06702228e-05
1.79800000e+04,1.80288094e-05
1.79900000e+04,1.82760285e-05
1.80000000e+04,1.83465048e-05
1.80100000e+04,1.74341808e-05
1.80200000e+04,1.72381878e-05
1.80300000e+04,1.71947769e-05
1.80400000e+04,1.71446298e-05
1.80500000e+04,1.71242280e-05
1.80600000e+04,1.71111060e-05
1.80700000e+04,1.71849337e-05
1.80800000e+04,1.72691444e-05
1.80900000e+04,1.71839866e-05
1.81000000e+04,1.84811550e-05
1.81100000e+04,2.39059319e-05
1.81200000e+04,1.92644862e-05
1.81300000e+04,1.96938023e-05
1.81400000e+04,1.79840972e-05
1.81500000e+04,1.82755946e-05
1.81600000e+04,1.92266629e-05
1.81700000e+04,1.83828988e-05
1.81800000e+04,1.78477354e-05
1.81900000e+04,1.70955148e-05
1.82000000e+04,1.70270341e-05
1.82100000e+04,1.73217896e-05
1.82200000e+04,1.75549932e-05
1.82300000e+04,1.85165302e-05
1.82400000e+04,1.72013628e-05
1.82500000e+04,1.69422422e-05
1.82600000e+04,1.68622295e-05
1.82700000e+04,1.68356136e-05
1.82800000e+04,1.72729946e-05
1.82900000e+04,1.95434516e-05
1.83000000e+04,1.74987961e-05
1.83100000e+04,1.73571378e-05
1.83200000e+04,1.69187394e-05
1.83300000e+04,1.68517112e-05
1.83400000e+04,1.84418442e-05
1.83500000e+04,1.74730888e-05
1.83600000e+04,1.95639224e-05
1.83700000e+04,1.87370319e-05
1.83800000e+04,1.68028346e-05
1.83900000e+04,1.69715529e-05
1.84000000e+04,1.69150106e-05
1.84100000e+04,1.82398735e-05
1.84200000e+04,1.70662677e-05
1.84300000e+04,1.68908109e-05
1.84400000e+04,1.96180128e-05
1.84500000e+04,1.96367385e-05
1.84600000e+04,1.73380246e-05
1.84700000e+04,1.74338083e-05
1.84800000e+04,1.65933407e-05
1.84900000e+04,1.65792046e-05
1.85000000e+04,1.65353654e-05
1.85100000e+04,1.64805043e-05
1.85200000e+04,1.64492231e-05
1.85300000e+04,1.64857244e-05
1.85400000e+04,1.77901562e-05
1.85500000e+04,1.68065013e-05
1.85600000e+04,1.85188668e-05
1.85700000e+04,1.70433140e-05
1.85800000e+04,1.78169260e-05
1.85900000e+04,1.70692851e-05
1.86000000e+04,1.68679730e-05
1.86100000e+04,1.69143337e-05
1.86200000e+04,1.81492458e-05
1.86300000e+04,1.67123053e-05
1.86400000e+04,1.67302064e-05
1.86500000e+04,1.92969492e-05
1.86600000e+04,1.86221546e-05
1.86700000e+04,1.66199109e-05
1.86800000e+04,1.74662992e-05
1.86900000e+04,1.75928564e-05
1.87000000e+04,1.66405911e-05
1.87100000e+04,1.64991145e-05
1.87200000e+04,1.62502029e-05
1.87300000e+04,1.67242669e-05
1.87400000e+04,1.66173690e-05
1.87500000e+04,1.69475760e-05
1.87600000e+04,1.62304111e-05
1.87700000e+04,1.61559701e-05
1.87800000e+04,1.61526062e-05
1.87900000e+04,1.63382191e-05
1.88000000e+04,1.62937469e-05
1.88100000e+04,1.86308685e-05
1.88200000e+04,1.70958587e-05
1.88300000e+04,1.85202410e-05
1.88400000e+04,1.75889982e-05
1.88500000e+04,1.61928482e-05
1.88600000e+04,1.65110873e-05
1.88700000e+04,1.73362872e-05
1.88800000e+04,1.62867608e-05
1.88900000e+04,1.83569556e-05
1.89000000e+04,1.70164657e-05
1.89100000e+04,1.60483328e-05
1.89200000e+04,1.60337200e-05
1.89300000e+04,1.71183343e-05
1.89400000e+04,1.80137648e-05
1.89500000e+04,1.67103225e-05
1.89600000e+04,1.61938921e-05
1.89700000e+04,1.64466058e-05
1.89800000e+04,1.68790930e-05
1.89900000e+04,1.72347238e-05
1.90000000e+04,1.69766054e-05
1.90100000e+04,1.61765830e-05
1.90200000e+04,1.59345492e-05
1.90300000e+04,1.58188951e-05
1.90400000e+04,1.57759063e-05
1.90500000e+04,1.57534237e-05
1.90600000e+04,1.57642939e-05
1.90700000e+04,1.62020830e-05
1.90800000e+04,1.70309299e-05
1.90900000e+04,1.57618046e-05
1.91000000e+04,1.57197140e-05
1.91100000e+04,1.59158647e-05
1.91200000e+04,1.79226418e-05
1.91300000e+04,1.67428395e-05
1.91400000e+04,1.66664526e-05
1.91500000e+04,1.58970878e-05
1.91600000e+04,1.66825617e-05
1.91700000e+04,1.64634020e-05
1.91800000e+04,1.57647685e-05
1.91900000e+04,1.56229457e-05
1.92000000e+04,1.56914705e-05
1.92100000e+04,1.79095818e-05
1.92200000e+04,1.71606435e-05
1.92300000e+04,1.58923205e-05
1.92400000e+04,1.69877881e-05
1.92500000e+04,1.67961028e-05
1.92600000e+04,1.57045140e-05
1.92700000e+04,1.56486472e-05
1.92800000e+04,1.56443592e-05
1.92900000e+04,1.62623878e-05
1.93000000e+04,1.56311951e-05
1.93100000e+04,1.55733380e-05
1.93200000e+04,1.66399573e-05
1.93300000e+04,1.58048222e-05
1.93400000e+04,1.55103573e-05
1.93500000e+04,1.56561557e-05
1.93600000e+04,1.74550451e-05
1.93700000e+04,1.57830709e-05
1.93800000e+04,1.55588831e-05
1.93900000e+04,1.68295114e-05
1.94000000e+04,1.56542379e-05
1.94100000e+04,1.54495103e-05
1.94200000e+04,1.67902943e-05
1.94300000e+04,1.61168653e-05
1.94400000e+04,1.57858646e-05
1.94500000e+04,1.54642601e-05
1.94600000e+04,1.59893112e-05
1.94700000e+04,1.68543976e-05
1.94800000e+04,1.72963325e-05
1.94900000e+04,1.56506527e-05
1.95000000e+04,1.53346631e-05
1.95100000e+04,1.52136306e-05
1.95200000e+04,1.52045345e-05
1.95300000e+04,1.53292934e-05
1.95400000e+04,1.62019653e-05
1.95500000e+04,1.55586412e-05
1.95600000e+04,1.65138971e-05
1.95700000e+04,1.65329541e-05
1.95800000e+04,1.54912810e-05
1.95900000e+04,1.52071859e-05
1.96000000e+04,1.53491910e-05
1.96100000e+04,1.51756193e-05
1.96200000e+04,1.54141368e-05
1.96300000e+04,1.51957938e-05
1.96400000e+04,1.52590674e-05
1.96500000e+04,1.50517846e-05
1.96600000e+04,1.50205979e-05
1.96700000e+04,1.50098851e-05
1.96800000e+04,1.50024450e-05
1.96900000e+04,1.50640354e-05
1.97000000e+04,1.54358016e-05
1.97100000e+04,1.52550784e-05
1.97200000e+04,1.52051679e-05
1.97300000e+04,1.65491886e-05
1.97400000e+04,1.54062659e-05
1.97500000e+04,1.58716052e-05
1.97600000e+04,1.64956582e-05
1.97700000e+04,1.51718909e-05
1.97800000e+04,1.57872845e-05
1.97900000e+04,1.51358046e-05
1.98000000e+04,1.49254942e-05
1.98100000e+04,1.48870737e-05
1.98200000e+04,1.51146961e-05
1.98300000e+04,1.62828851e-05
1.98400000e+04,1.55284412e-05
1.98500000e+04,1.53068856e-05
1.98600000e+04,1.50369008e-05
1.98700000e+04,1.53268664e-05
1.98800000e+04,1.51967718e-05
1.98900000e+04,1.49062324e-05
1.99000000e+04,1.48565271e-05
1.99100000e+04,1.47861370e-05
1.99200000e+04,1.47506701e-05
1.99300000e+04,1.47714521e-05
1.99400000e+04,1.50127446e-05
1.99500000e+04,1.47184512e-05
1.99600000e+04,1.52087288e-05
1.99700000e+04,1.57784001e-05
1.99800000e+04,1.59767841e-05
1.99900000e+04,1.50382753e-05
2.00000000e+04,1.47380196e-05
2.00100000e+04,1.50655613e-05
2.00200000e+04,1.46966898e-05
2.00300000e+04,1.46022020e-05
2.00400000e+04,1.45945458e-05
2.00500000e+04,1.46434031e-05
2.00600000e+04,1.65961685e-05
2.00700000e+04,1.59926406e-05
2.00800000e+04,1.50569005e-05
2.00900000e+04,1.47396183e-05
2.01000000e+04,1.58119400e-05
2.01100000e+04,1.50708643e-05
2.01200000e+04,1.47780064e-05
2.01300000e+04,1.47862287e-05
2.01400000e+04,1.45661405e-05
2.01500000e+04,1.46196624e-05
2.01600000e+04,1.46886098e-05
2.01700000e+04,1.45115489e-05
2.01800000e+04,1.44577624e-05
2.01900000e+04,1.44308537e-05
2.02000000e+04,1.44195349e-05
2.02100000e+04,1.44152070e-05
2.02200000e+04,1.44615531e-05
2.02300000e+04,1.47999913e-05
2.02400000e+04,1.53539440e-05
2.02500000e+04,1.49791299e-05
2.02600000e+04,1.47440570e-05
2.02700000e+04,1.45936761e-05
2.02800000e+04,1.49402804e-05
2.02900000e+04,1.46018549e-05
2.03000000e+04,1.43951440e-05
2.03100000e+04,1.49086661e-05
2.03200000e+04,1.45300996e-05
2.03300000e+04,1.45880096e-05
2.03400000e+04,1.46090719e-05
2.03500000e+04,1.47544927e-05
2.03600000e+04,1.44494548e-05
2.03700000e+04,1.44184110e-05
2.03800000e+04,1.47514651e-05
2.03900000e+04,1.45604943e-05
2.04000000e+04,1.46314303e-05
2.04100000e+04,1.42921214e-05
2.04200000e+04,1.42237272e-05
2.04300000e+04,1.42297490e-05
2.04400000e+04,1.47663986e-05
2.04500000e+04,1.53912494e-05
2.04600000e+04,1.63013752e-05
2.04700000e+04,1.49356731e-05
2.04800000e+04,1.45402940e-05
2.04900000e+04,1.43962424e-05
2.05000000e+04,1.44095013e-05
2.05100000e+04,1.42324396e-05
2.05200000e+04,1.43167840e-05
2.05300000e+04,1.40962971e-05
2.05400000e+04,1.41032949e-05
2.05500000e+04,1.40991370e-05
2.05600000e+04,1.46371393e-05
2.05700000e+04,1.45005204e-05
2.05800000e+04,1.41185454e-05
2.05900000e+04,1.40608920e-05
2.06000000e+04,1.40716100e-05
2.06100000e+04,1.45194062e-05
2.06200000e+04,1.40997774e-05
2.06300000e+04,1.40153584e-05
2.06400000e+04,1.40005319e-05
2.06500000e+04,1.46602194e-05
2.06600000e+04,1.46386816e-05
2.06700000e+04,1.40894203e-05
2.06800000e+04,1.45736874e-05
2.06900000e+04,1.44420988e-05
2.07000000e+04,1.40320879e-05
2.07100000e+04,1.42720899e-05
2.07200000e+04,1.41806583e-05
2.07300000e+04,1.48342425e-05
2.07400000e+04,1.45027416e-05
2.07500000e+04,1.41246656e-05
2.07600000e+04,1.39146068e-05
2.07700000e+04,1.38556540e-05
2.07800000e+04,1.38363422e-05
2.07900000e+04,1.38422391e-05
2.08000000e+04,1.47545225e-05
2.08100000e+04,1.47585417e-05
2.08200000e+04,1.38407432e-05
2.08300000e+04,1.39163532e-05
2.08400000e+04,1.42522701e-05
2.08500000e+04,1.38746132e-05
2.08600000e+04,1.41937584e-05
2.08700000e+04,1.38231015e-05
2.08800000e+04,1.40035986e-05
2.08900000e+04,1.38732418e-05
2.09000000e+04,1.37560635e-05
2.09100000e+04,1.37196704e-05
2.09200000e+04,1.41864548e-05
2.09300000e+04,1.43949683e-05
2.09400000e+04,1.40533969e-05
2.09500000e+04,1.37483900e-05
2.09600000e+04,1.40246560e-05
2.09700000e+04,1.37116936e-05
2.09800000e+04,1.37903811e-05
2.09900000e+04,1.37503142e-05
2.10000000e+04,1.37988932e-05
2.10100000e+04,1.36663953e-05
2.10200000e+04,1.36225340e-05
2.10300000e+04,1.39058519e-05
2.10400000e+04,1.36811537e-05
2.10500000e+04,1.37631308e-05
2.10600000e+04,1.44470229e-05
2.10700000e+04,1.37512035e-05
2.10800000e+04,1.35806528e-05
2.10900000e+04,1.35674704e-05
2.11000000e+04,1.35366700e-05
2.11100000e+04,1.35475077e-05
2.11200000e+04,1.38692189e-05
2.11300000e+04,1.35583355e-05
2.11400000e+04,1.37181577e-05
2.11500000e+04,1.37088531e-05
2.11600000e+04,1.42996381e-05
2.11700000e+04,1.36362390e-05
2.11800000e+04,1.37042529e-05
2.11900000e+04,1.37081797e-05
2.12000000e+04,1.34586416e-05
2.12100000e+04,1.38076048e-05
2.12200000e+04,1.37684454e-05
2.12300000e+04,1.35866824e-05
2.12400000e+04,1.34320159e-05
2.12500000e+04,1.34408532e-05
2.12600000e+04,1.38414432e-05
2.12700000e+04,1.34615437e-05
2.12800000e+04,1.34506661e-05
2.12900000e+04,1.43480215e-05
2.13000000e+04,1.38283619e-05
2.13100000e+04,1.36167315e-05
2.13200000e+04,1.37116208e-05
2.13300000e+04,1.33474369e-05
2.13400000e+04,1.33202390e-05
2.13500000e+04,1.33028765e-05
2.13600000e+04,1.32864312e-05
2.13700000e+04,1.33180497e-05
2.13800000e+04,1.32721231e-05
2.13900000e+04,1.32786435e-05
2.14000000e+04,1.32532153e-05
2.14100000e+04,1.32476328e-05
2.14200000e+04,1.35527750e-05
2.14300000e+04,1.34211237e-05
2.14400000e+04,1.38737658e-05
2.14500000e+04,1.39629807e-05
2.14600000e+04,1.33819386e-05
2.14700000e+04,1.37568783e-05
2.14800000e+04,1.33680755e-05
2.14900000e+04,1.32963976e-05
2.15000000e+04,1.35468952e-05
2.15100000e+04,1.35776150e-05
2.15200000e+04,1.33504287e-05
2.15300000e+04,1.32365216e-05
2.15400000e+04,1.32566198e-05
2.15500000e+04,1.33418167e-05
2.15600000e+04,1.31939478e-05
2.15700000e+04,1.31564252e-05
2.15800000e+04,1.31574623e-05
2.15900000e+04,1.31341919e-05
2.16000000e+04,1.30756175e-05
2.16100000e+04,1.30954750e-05
2.16200000e+04,1.36852286e-05
2.16300000e+04,1.32240174e-05
2.16400000e+04,1.32229888e-05
2.16500000e+04,1.30709729e-05
2.16600000e+04,1.31061985e-05
2.16700000e+04,1.35002557e-05
2.16800000e+04,1.30966330e-05
2.16900000e+04,1.30452648e-05
2.17000000e+04,1.36109029e-05
2.17100000e+04,1.36806321e-05
2.17200000e+04,1.31830153e-05
2.17300000e+04,1.30274148e-05
2.17400000e+04,1.32403737e-05
2.17500000e+04,1.29828111e-05
2.17600000e+04,1.30764264e-05
2.17700000e+04,1.33804237e-05
2.17800000e+04,1.30234187e-05
2.17900000e+04,1.29740300e-05
2.18000000e+04,1.31286365e-05
2.18100000e+04,1.29620523e-05
2.18200000e+04,1.29624541e-05
2.18300000e+04,1.30577185e-05
2.18400000e+04,1.29222099e-05
2.18500000e+04,1.33524542e-05
2.18600000e+04,1.31215313e-05
2.18700000e+04,1.28660501e-05
2.18800000e+04,1.28737144e-05
2.18900000e+04,1.28799233e-05
2.19000000e+04,1.32678409e-05
2.19100000e+04,1.30556377e-05
2.19200000e+04,1.35882075e-05
2.19300000e+04,1.33211888e-05
2.19400000e+04,1.30409520e-05
2.19500000e+04,1.29003030e-05
2.19600000e+04,1.27934300e-05
2.19700000e+04,1.28208934e-05
2.19800000e+04,1.30591694e-05
2.19900000e+04,1.28480950e-05
2.20000000e+04,1.29478678e-05
2.20100000e+04,1.27750753e-05
2.20200000e+04,1.28375912e-05
2.20300000e+04,1.28811267e-05
2.20400000e+04,1.28183729e-05
2.20500000e+04,1.27871258e-05
2.20600000e+04,1.27286475e-05
2.20700000e+04,1.26894272e-05
2.20800000e+04,1.26744634e-05
2.20900000e+04,1.26659179e-05
2.21000000e+04,1.26572725e-05
2.21100000e+04,1.26518704e-05
2.21200000e+04,1.27279912e-05
2.21300000e+04,1.27300901e-05
2.21400000e+04,1.26562078e-05
2.21500000e+04,1.26327401e-05
2.21600000e+04,1.26617847e-05
2.21700000e+04,1.32489928e-05
2.21800000e+04,1.27938101e-05
2.21900000e+04,1.29700770e-05
2.22000000e+04,1.30774488e-05
2.22100000e+04,1.26372486e-05
2.22200000e+04,1.26762758e-05
2.22300000e+04,1.30222674e-05
2.22400000e+04,1.29590881e-05
2.22500000e+04,1.28033686e-05
2.22600000e+04,1.27263155e-05
2.22700000e+04,1.25902243e-05
2.22800000e+04,1.25692904e-05
2.22900000e+04,1.26154391e-05
2.23000000e+04,1.25816369e-05
2.23100000e+04,1.27809172e-05
2.23200000e+04,1.25688949e-05
2.23300000e+04,1.25080577e-05
2.23400000e+04,1.24789322e-05
2.23500000e+04,1.24769170e-05
2.23600000e+04,1.26893025e-05
2.23700000e+04,1.25170129e-05
2.23800000e+04,1.25532524e-05
2.23900000e+04,1.24791937e-05
2.24000000e+04,1.24514707e-05
2.24100000e+04,1.24880034e-05
2.24200000e+04,1.24937315e-05
2.24300000e+04,1.25284013e-05
2.24400000e+04,1.27045750e-05
2.24500000e+04,1.25210844e-05
2.24600000e+04,1.23990380e-05
2.24700000e+04,1.23689582e-05
2.24800000e+04,1.23667711e-05
2.24900000e+04,1.27477667e-05
2.25000000e+04,1.32915457e-05
2.25100000e+04,1.27954038e-05
2.25200000e+04,1.26121757e-05
2.25300000e+04,1.23828869e-05
2.25400000e+04,1.23791025e-05
2.25500000e+04,1.23261127e-05
2.25600000e+04,1.23890694e-05
2.25700000e+04,1.23402224e-05
2.25800000e+04,1.24563929e-05
2.25900000e+04,1.23106375e-05
2.26000000e+04,1.23978732e-05
2.26100000e+04,1.22876397e-05
2.26200000e+04,1.23151708e-05
2.26300000e+04,1.23995118e-05
2.26400000e+04,1.22706033e-05
2.26500000e+04,1.24142714e-05
2.26600000e+04,1.22639132e-05
2.26700000e+04,1.22321913e-05
2.26800000e+04,1.22450841e-05
2.26900000e+04,1.23804664e-05
2.27000000e+04,1.22423385e-05
2.27100000e+04,1.22163945e-05
2.27200000e+04,1.23666366e-05
2.27300000e+04,1.26056747e-05
2.27400000e+04,1.24042382e-05
2.27500000e+04,1.22372644e-05
2.27600000e+04,1.22004873e-05
2.27700000e+04,1.24379717e-05
2.27800000e+04,1.23881979e-05
2.27900000e+04,1.23356684e-05
2.28000000e+04,1.22012144e-05
2.28100000e+04,1.21651658e-05
2.28200000e+04,1.21210919e-05
2.28300000e+04,1.21035829e-05
2.28400000e+04,1.21707156e-05
2.28500000e+04,1.22118737e-05
2.28600000e+04,1.21099055e-05
2.28700000e+04,1.22217656e-05
2.28800000e+04,1.20894916e-05
2.28900000e+04,1.20825844e-05
2.29000000e+04,1.20548769e-05
2.29100000e+04,1.20554278e-05
2.29200000e+04,1.21394403e-05
2.29300000e+04,1.21441711e-05
2.29400000e+04,1.20734895e-05
2.29500000e+04,1.21240005e-05
2.29600000e+04,1.20879952e-05
2.29700000e+04,1.22610283e-05
2.29800000e+04,1.24877575e-05
2.29900000e+04,1.20469131e-05
2.30000000e+04,1.20307522e-05
2.30100000e+04,1.19804031e-05
2.30200000e+04,1.20113443e-05
2.30300000e+04,1.23408363e-05
2.30400000e+04,1.20870501e-05
2.30500000e+04,1.19928464e-05
2.30600000e+04,1.19590114e-05
2.30700000e+04,1.19583104e-05
2.30800000e+04,1.19185070e-05
2.30900000e+04,1.19136497e-05
2.31000000e+04,1.19877906e-05
2.31100000e+04,1.20615952e-05
2.31200000e+04,1.19726514e-05
2.31300000e+04,1.19788056e-05
2.31400000e+04,1.19267685e-05
2.31500000e+04,1.19083830e-05
2.31600000e+04,1.21635344e-05
2.31700000e+04,1.20451157e-05
2.31800000e+04,1.19162495e-05
2.31900000e+04,1.23377668e-05
2.32000000e+04,1.19747925e-05
2.32100000e+04,1.18583158e-05
2.32200000e+04,1.18273863e-05
2.32300000e+04,1.19028400e-05
2.32400000e+04,1.18084320e-05
2.32500000e+04,1.17975726e-05
2.32600000e+04,1.17922956e-05
2.32700000e+04,1.21019745e-05
2.32800000e+04,1.19692503e-05
2.32900000e+04,1.18506177e-05
2.33000000e+04,1.18483819e-05
2.33100000e+04,1.17619526e-05
2.33200000e+04,1.17629766e-05
2.33300000e+04,1.17970215e-05
2.33400000e+04,1.17425639e-05
2.33500000e+04,1.17671148e-05
2.33600000e+04,1.18360717e-05
2.33700000e+04,1.18231182e-05
2.33800000e+04,1.17664443e-05
2.33900000e+04,1.20365774e-05
2.34000000e+04,1.18077510e-05
2.34100000e+04,1.17321542e-05
2.34200000e+04,1.18967727e-05
2.34300000e+04,1.17452303e-05
2.34400000e+04,1.16981511e-05
2.34500000e+04,1.18249794e-05
2.34600000e+04,1.17057673e-05
2.34700000e+04,1.16644053e-05
2.34800000e+04,1.16443613e-05
2.34900000e+04,1.16708602e-05
2.35000000e+04,1.16370058e-05
2.35100000e+04,1.16514764e-05
2.35200000e+04,1.17289598e-05
2.35300000e+04,1.16648461e-05
2.35400000e+04,1.16931934e-05
2.35500000e+04,1.16336962e-05
2.35600000e+04,1.16056246e-05
2.35700000e+04,1.15830568e-05
2.35800000e+04,1.20169048e-05
2.35900000e+04,1.16741968e-05
2.36000000e+04,1.16634376e-05
2.36100000e+04,1.15694347e-05
2.36200000e+04,1.16440723e-05
2.36300000e+04,1.16063209e-05
2.36400000e+04,1.15739116e-05
2.36500000e+04,1.15449381e-05
2.36600000e+04,1.16332977e-05
2.36700000e+04,1.16852500e-05
2.36800000e+04,1.15413738e-05
2.36900000e+04,1.15076435e-05
2.37000000e+04,1.18971858e-05
2.37100000e+04,1.16575734e-05
2.37200000e+04,1.17043939e-05
2.37300000e+04,1.17670670e-05
2.37400000e+04,1.14883055e-05
2.37500000e+04,1.14961859e-05
2.37600000e+04,1.16819805e-05
2.37700000e+04,1.15045894e-05
2.37800000e+04,1.14401509e-05
2.37900000e+04,1.14400419e-05
2.38000000e+04,1.14255902e-05
2.38100000e+04,1.14212082e-05
2.38200000e+04,1.14641721e-05
2.38300000e+04,1.14529330e-05
2.38400000e+04,1.14029192e-05
2.38500000e+04,1.14235315e-05
2.38600000e+04,1.14015844e-05
2.38700000e+04,1.14459097e-05
2.38800000e+04,1.14650256e-05
2.38900000e+04,1.16758068e-05
2.39000000e+04,1.14638687e-05
2.39100000e+04,1.13969522e-05
2.39200000e+04,1.13543511e-05
2.39300000e+04,1.13454673e-05
2.39400000e+04,1.13369784e-05
2.39500000e+04,1.13361639e-05
2.39600000e+04,1.15780182e-05
2.39700000e+04,1.13610955e-05
2.39800000e+04,1.13326633e-05
2.39900000e+04,1.13040966e-05
2.40000000e+04,1.13002099e-05
2.40100000e+04,1.12926953e-05
2.40200000e+04,1.13159767e-05
2.40300000e+04,1.14546242e-05
2.40400000e+04,1.13011974e-05
2.40500000e+04,1.13581439e-05
2.40600000e+04,1.13010766e-05
2.40700000e+04,1.17860270e-05
2.40800000e+04,1.14742295e-05
2.40900000e+04,1.12965849e-05
2.41000000e+04,1.12848289e-05
2.41100000e+04,1.12393706e-05
2.41200000e+04,1.12606912e-05
2.41300000e+04,1.12305326e-05
2.41400000e+04,1.12989658e-05
2.41500000e+04,1.12107112e-05
2.41600000e+04,1.12004423e-05
2.41700000e+04,1.11915656e-05
2.41800000e+04,1.11853431e-05
2.41900000e+04,1.12020507e-05
2.42000000e+04,1.12815306e-05
2.42100000e+04,1.11820318e-05
2.42200000e+04,1.11771193e-05
2.42300000e+04,1.13824168e-05
2.42400000e+04,1.12099074e-05
2.42500000e+04,1.11595043e-05
2.42600000e+04,1.11404283e-05
2.42700000e+04,1.11870166e-05
2.42800000e+04,1.12032010e-05
2.42900000e+04,1.12338747e-05
2.43000000e+04,1.11720195e-05
2.43100000e+04,1.11262499e-05
2.43200000e+04,1.11492110e-05
2.43300000e+04,1.11320148e-05
2.43400000e+04,1.11293000e-05
2.43500000e+04,1.11564237e-05
2.43600000e+04,1.10870231e-05
2.43700000e+04,1.11717768e-05
2.43800000e+04,1.10873737e-05
2.43900000e+04,1.11178273e-05
2.44000000e+04,1.10753723e-05
2.44100000e+04,1.10804770e-05
2.44200000e+04,1.10422379e-05
2.44300000e+04,1.10374047e-05
2.44400000e+04,1.10366946e-05
2.44500000e+04,1.11651630e-05
2.44600000e+04,1.10802987e-05
2.44700000e+04,1.10278422e-05
2.44800000e+04,1.10043546e-05
2.44900000e+04,1.09979082e-05
2.45000000e+04,1.09906159e-05
2.45100000e+04,1.09899691e-05
2.45200000e+04,1.12370958e-05
2.45300000e+04,1.10030779e-05
2.45400000e+04,1.14824488e-05
2.45500000e+04,1.11529283e-05
2.45600000e+04,1.13918975e-05
2.45700000e+04,1.09805377e-05
2.45800000e+04,1.09669206e-05
2.45900000e+04,1.10665661e-05
2.46000000e+04,1.09724194e-05
2.46100000e+04,1.09331798e-05
2.46200000e+04,1.09219695e-05
2.46300000e+04,1.09337977e-05
2.46400000e+04,1.09095454e-05
2.46500000e+04,1.09108228e-05
2.46600000e+04,1.09492345e-05
2.46700000e+04,1.09097351e-05
2.46800000e+04,1.08938297e-05
2.46900000e+04,1.08918794e-05
2.47000000e+04,1.09831446e-05
2.47100000e+04,1.09194376e-05
2.47200000e+04,1.09261577e-05
2.47300000e+04,1.08826023e-05
2.47400000e+04,1.08658718e-05
2.47500000e+04,1.09606361e-05
2.47600000e+04,1.08684708e-05
2.47700000e+04,1.08331098e-05
2.47800000e+04,1.08294981e-05
2.47900000e+04,1.08229397e-05
2.48000000e+04,1.08212944e-05
2.48100000e+04,1.08186578e-05
2.48200000e+04,1.08079203e-05
2.48300000e+04,1.08181602e-05
2.48400000e+04,1.09126228e-05
2.48500000e+04,1.09635226e-05
2.48600000e+04,1.08864607e-05
2.48700000e+04,1.08180523e-05
2.48800000e+04,1.08010860e-05
2.48900000e+04,1.07728775e-05
2.49000000e+04,1.07604341e-05
2.49100000e+04,1.07572647e-05
2.49200000e+04,1.07837164e-05
2.49300000e+04,1.07439464e-05
2.49400000e+04,1.08638692e-05
2.49500000e+04,1.08518950e-05
2.49600000e+04,1.07392005e-05
2.49700000e+04,1.07643384e-05
2.49800000e+04,1.07436805e-05
2.49900000e+04,1.07304277e-05
2.50000000e+04,1.07298004e-05
2.50100000e+04,1.07071908e-05
2.50200000e+04,1.07172586e-05
2.50300000e+04,1.06869099e-05
2.50400000e+04,1.06824440e-05
2.50500000e+04,1.07710928e-05
2.50600000e+04,1.07335547e-05
2.50700000e+04,1.06702164e-05
2.50800000e+04,1.08812695e-05
2.50900000e+04,1.07251931e-05
2.51000000e+04,1.06561949e-05
2.51100000e+04,1.06881501e-05
2.51200000e+04,1.06804906e-05
2.51300000e+04,1.07506251e-05
2.51400000e+04,1.06869311e-05
2.51500000e+04,1.06440855e-05
2.51600000e+04,1.06153839e-05
2.51700000e+04,1.06128505e-05
2.51800000e+04,1.06068545e-05
2.51900000e+04,1.07384016e-05
2.52000000e+04,1.06548390e-05
2.52100000e+04,1.06031119e-05
2.52200000e+04,1.06563824e-05
2.52300000e+04,1.05853690e-05
2.52400000e+04,1.05744333e-05
2.52500000e+04,1.06084658e-05
2.52600000e+04,1.06075527e-05
2.52700000e+04,1.05547367e-05
2.52800000e+04,1.05482833e-05
2.52900000e+04,1.05426042e-05
2.53000000e+04,1.05442687e-05
2.53100000e+04,1.06882665e-05
2.53200000e+04,1.06591873e-05
2.53300000e+04,1.05508039e-05
2.53400000e+04,1.05190729e-05
2.53500000e+04,1.05126907e-05
2.53600000e+04,1.05059994e-05
2.53700000e+04,1.04990148e-05
2.53800000e+04,1.04931711e-05
2.53900000e+04,1.04879590e-05
2.54000000e+04,1.04877145e-05
2.54100000e+04,1.05416017e-05
2.54200000e+04,1.05057138e-05
2.54300000e+04,1.04865697e-05
2.54400000e+04,1.04666768e-05
2.54500000e+04,1.05770363e-05
2.54600000e+04,1.07300707e-05
2.54700000e+04,1.05230263e-05
2.54800000e+04,1.04668347e-05
2.54900000e+04,1.05196546e-05
2.55000000e+04,1.04368983e-05
2.55100000e+04,1.04774483e-05
2.55200000e+04,1.04360827e-05
2.55300000e+04,1.04214298e-05
2.55400000e+04,1.04305056e-05
2.55500000e+04,1.04067462e-05
2.55600000e+04,1.04012865e-05
2.55700000e+04,1.03937000e-05
2.55800000e+04,1.03966905e-05
2.55900000e+04,1.04104362e-05
2.56000000e+04,1.03797215e-05
2.56100000e+04,1.03718928e-05
2.56200000e+04,1.03700166e-05
2.56300000e+04,1.04006032e-05
2.56400000e+04,1.04338097e-05
2.56500000e+04,1.03666320e-05
2.56600000e+04,1.03595609e-05
2.56700000e+04,1.03452865e-05
2.56800000e+04,1.03373625e-05
2.56900000e+04,1.03312564e-05
2.57000000e+04,1.03249072e-05
2.57100000e+04,1.03200944e-05
2.57200000e+04,1.03246258e-05
2.57300000e+04,1.03761116e-05
2.57400000e+04,1.03727652e-05
2.57500000e+04,1.03576342e-05
2.57600000e+04,1.03105888e-05
2.57700000e+04,1.03179516e-05
2.57800000e+04,1.03087722e-05
2.57900000e+04,1.03062697e-05
2.58000000e+04,1.03521754e-05
2.58100000e+04,1.03265271e-05
2.58200000e+04,1.02861477e-05
2.58300000e+04,1.03422090e-05
2.58400000e+04,1.02696065e-05
2.58500000e+04,1.02597064e-05
2.58600000e+04,1.02453405e-05
2.58700000e+04,1.02385542e-05
2.58800000e+04,1.02331781e-05
2.58900000e+04,1.02277761e-05
2.59000000e+04,1.02226378e-05
2.59100000e+04,1.02175293e-05
2.59200000e+04,1.02126025e-05
2.59300000e+04,1.02191875e-05
2.59400000e+04,1.02989266e-05
2.59500000e+04,1.03570822e-05
2.59600000e+04,1.02598839e-05
2.59700000e+04,1.02679458e-05
2.59800000e+04,1.02709247e-05
2.59900000e+04,1.02358399e-05
2.60000000e+04,1.01816515e-05
2.60100000e+04,1.01701223e-05
2.60200000e+04,1.01653387e-05
2.60300000e+04,1.01752956e-05
2.60400000e+04,1.01546249e-05
2.60500000e+04,1.01715991e-05
2.60600000e+04,1.01478351e-05
2.60700000e+04,1.01398350e-05
2.60800000e+04,1.01728636e-05
2.60900000e+04,1.01588888e-05
2.61000000e+04,1.01316986e-05
2.61100000e+04,1.01288060e-05
2.61200000e+04,1.01348829e-05
2.61300000e+04,1.01164541e-05
2.61400000e+04,1.01067883e-05
2.61500000e+04,1.01002930e-05
2.61600000e+04,1.00955754e-05
2.61700000e+04,1.00935348e-05
2.61800000e+04,1.01279499e-05
2.61900000e+04,1.00944340e-05
2.62000000e+04,1.00821613e-05
2.62100000e+04,1.00948632e-05
2.62200000e+04,1.00662259e-05
2.62300000e+04,1.00619868e-05
2.62400000e+04,1.00569936e-05
2.62500000e+04,1.00515986e-05
2.62600000e+04,1.00501161e-05
2.62700000e+04,1.01012012e-05
2.62800000e+04,1.01041815e-05
2.62900000e+04,1.00929648e-05
2.63000000e+04,1.00431712e-05
2.63100000e+04,1.00314568e-05
2.63200000e+04,1.00291754e-05
2.63300000e+04,1.00699895e-05
2.63400000e+04,1.00175882e-05
2.63500000e+04,1.00064818e-05
2.63600000e+04,1.00005972e-05
2.63700000e+04,9.99646012e-06
2.63800000e+04,1.00262814e-05
2.63900000e+04,1.00220318e-05
2.64000000e+04,1.00178826e-05
2.64100000e+04,9.98280133e-06
2.64200000e+04,1.00186616e-05
2.64300000e+04,1.00121859e-05
2.64400000e+04,9.98091396e-06
2.64500000e+04,1.00102170e-05
2.64600000e+04,9.98462508e-06
2.64700000e+04,9.95466437e-06
2.64800000e+04,9.95087102e-06
2.64900000e+04,1.00549602e-05
2.65000000e+04,9.95796995e-06
2.65100000e+04,9.93867188e-06
2.65200000e+04,9.92743346e-06
2.65300000e+04,9.92417842e-06
2.65400000e+04,9.94403174e-06
2.65500000e+04,9.91645705e-06
2.65600000e+04,9.91131342e-06
2.65700000e+04,9.95922215e-06
2.65800000e+04,9.90350619e-06
2.65900000e+04,9.91248208e-06
2.66000000e+04,9.88821552e-06
2.66100000e+04,9.87997014e-06
2.66200000e+04,9.87636791e-06
2.66300000e+04,9.92981942e-06
2.66400000e+04,9.91253709e-06
2.66500000e+04,9.87518173e-06
2.66600000e+04,9.86303803e-06
2.66700000e+04,9.85257564e-06
2.66800000e+04,9.86109831e-06
2.66900000e+04,9.85391286e-06
2.67000000e+04,9.86125670e-06
2.67100000e+04,9.83344921e-06
2.67200000e+04,9.83048100e-06
2.67300000e+04,9.83332258e-06
2.67400000e+04,9.86150343e-06
2.67500000e+04,9.81743268e-06
2.67600000e+04,9.81190300e-06
2.67700000e+04,9.88283041e-06
2.67800000e+04,9.84190677e-06
2.67900000e+04,9.81454706e-06
2.68000000e+04,9.94280813e-06
2.68100000e+04,9.79570287e-06
2.68200000e+04,9.78608728e-06
2.68300000e+04,9.77995314e-06
2.68400000e+04,9.77454062e-06
2.68500000e+04,9.76931535e-06
2.68600000e+04,9.76445035e-06
2.68700000e+04,9.76013375e-06
2.68800000e+04,9.76148406e-06
2.68900000e+04,9.75105882e-06
2.69000000e+04,9.74670338e-06
2.69100000e+04,9.75182487e-06
2.69200000e+04,9.78933256e-06
2.69300000e+04,9.74769834e-06
2.69400000e+04,9.75755997e-06
2.69500000e+04,9.73441477e-06
2.69600000e+04,9.72842507e-06
2.69700000e+04,9.72154932e-06
2.69800000e+04,9.90599358e-06
2.69900000e+04,9.74222643e-06
2.70000000e+04,9.76253090e-06
2.70100000e+04,9.70657626e-06
2.70200000e+04,9.69977228e-06
2.70300000e+04,9.69131051e-06
2.70400000e+04,9.68430131e-06
2.70500000e+04,9.69483327e-06
2.70600000e+04,9.68310794e-06
2.70700000e+04,9.67869347e-06
2.70800000e+04,9.67053421e-06
2.70900000e+04,9.66334831e-06
2.71000000e+04,9.65767572e-06
2.71100000e+04,9.65323657e-06
2.71200000e+04,9.64844918e-06
2.71300000e+04,9.64444115e-06
2.71400000e+04,9.64692376e-06
2.71500000e+04,9.66141789e-06
2.71600000e+04,9.64131577e-06
2.71700000e+04,9.64127601e-06
2.71800000e+04,9.63515322e-06
2.71900000e+04,9.63874930e-06
2.72000000e+04,9.61992737e-06
2.72100000e+04,9.60977192e-06
2.72200000e+04,9.60494774e-06
2.72300000e+04,9.60219084e-06
2.72400000e+04,9.62286770e-06
2.72500000e+04,9.67459087e-06
2.72600000e+04,9.60847956e-06
2.72700000e+04,9.59515473e-06
2.72800000e+04,9.60127155e-06
2.72900000e+04,9.57704710e-06
2.73000000e+04,9.57154226e-06
2.73100000e+04,9.58458394e-06
2.73200000e+04,9.57646665e-06
2.73300000e+04,9.56256613e-06
2.73400000e+04,9.56153887e-06
2.73500000e+04,9.55524660e-06
2.73600000e+04,9.55043642e-06
2.73700000e+04,9.56249321e-06
2.73800000e+04,9.55434465e-06
2.73900000e+04,9.53629851e-06
2.74000000e+04,9.52926079e-06
2.74100000e+04,9.52581912e-06
2.74200000e+04,9.53175287e-06
2.74300000e+04,9.53703616e-06
2.74400000e+04,9.52487150e-06
2.74500000e+04,9.51127891e-06
2.74600000e+04,9.50626354e-06
2.74700000e+04,9.50128657e-06
2.74800000e+04,9.53873381e-06
2.74900000e+04,9.51498434e-06
2.75000000e+04,9.50562892e-06
2.75100000e+04,9.49109905e-06
2.75200000e+04,9.48059148e-06
2.75300000e+04,9.47590806e-06
2.75400000e+04,9.47722849e-06
2.75500000e+04,9.46412155e-06
2.75600000e+04,9.46027719e-06
2.75700000e+04,9.45526962e-06
2.75800000e+04,9.45097627e-06
2.75900000e+04,9.44668488e-06
2.76000000e+04,9.44383772e-06
2.76100000e+04,9.47132376e-06
2.76200000e+04,9.45021199e-06
2.76300000e+04,9.43506144e-06
2.76400000e+04,9.45782658e-06
2.76500000e+04,9.43886387e-06
2.76600000e+04,9.43031858e-06
2.76700000e+04,9.41793722e-06
2.76800000e+04,9.42428716e-06
2.76900000e+04,9.42768089e-06
2.77000000e+04,9.43387165e-06
2.77100000e+04,9.41781793e-06
2.77200000e+04,9.39490678e-06
2.77300000e+04,9.38959342e-06
2.77400000e+04,9.38760199e-06
2.77500000e+04,9.38093503e-06
2.77600000e+04,9.37804146e-06
2.77700000e+04,9.38136465e-06
2.77800000e+04,9.38489069e-06
2.77900000e+04,9.37943748e-06
2.78000000e+04,9.36556290e-06
2.78100000e+04,9.35787527e-06
2.78200000e+04,9.35259575e-06
2.78300000e+04,9.34854584e-06
2.78400000e+04,9.37199444e-06
2.78500000e+04,9.36582756e-06
2.78600000e+04,9.33744609e-06
2.78700000e+04,9.33513439e-06
2.78800000e+04,9.32835016e-06
2.78900000e+04,9.32348512e-06
2.79000000e+04,9.32090845e-06
2.79100000e+04,9.34090067e-06
2.79200000e+04,9.32744419e-06
2.79300000e+04,9.31722793e-06
2.79400000e+04,9.32060777e-06
2.79500000e+04,9.30317167e-06
2.79600000e+04,9.29730980e-06
2.79700000e+04,9.29522304e-06
2.79800000e+04,9.34045648e-06
2.79900000e+04,9.29981766e-06
2.80000000e+04,9.29339412e-06
2.80100000e+04,9.27923783e-06
2.80200000e+04,9.27193152e-06
2.80300000e+04,9.30786042e-06
2.80400000e+04,9.28167690e-06
2.80500000e+04,9.26531350e-06
2.80600000e+04,9.25718579e-06
2.80700000e+04,9.26153788e-06
2.80800000e+04,9.25495738e-06
2.80900000e+04,9.24325624e-06
2.81000000e+04,9.23981567e-06
2.81100000e+04,9.23631625e-06
2.81200000e+04,9.32001023e-06
2.81300000e+04,9.23660630e-06
2.81400000e+04,9.22869535e-06
2.81500000e+04,9.22477253e-06
2.81600000e+04,9.23254233e-06
2.81700000e+04,9.21786615e-06
2.81800000e+04,9.22174760e-06
2.81900000e+04,9.22637091e-06
2.82000000e+04,9.21877112e-06
2.82100000e+04,9.20546374e-06
2.82200000e+04,9.19866387e-06
2.82300000e+04,9.19054305e-06
2.82400000e+04,9.18537534e-06
2.82500000e+04,9.18266250e-06
2.82600000e+04,9.17964869e-06
2.82700000e+04,9.18564239e-06
2.82800000e+04,9.18454606e-06
2.82900000e+04,9.17931662e-06
2.83000000e+04,9.18707253e-06
2.83100000e+04,9.16325711e-06
2.83200000e+04,9.15544341e-06
2.83300000e+04,9.15039561e-06
2.83400000e+04,9.14622542e-06
2.83500000e+04,9.14229317e-06
2.83600000e+04,9.13829480e-06
2.83700000e+04,9.13446922e-06
2.83800000e+04,9.13057587e-06
2.83900000e+04,9.12672500e-06
2.84000000e+04,9.12323837e-06
2.84100000e+04,9.13537589e-06
2.84200000e+04,9.12599700e-06
2.84300000e+04,9.15506328e-06
2.84400000e+04,9.13226567e-06
2.84500000e+04,9.12355087e-06
2.84600000e+04,9.10978681e-06
2.84700000e+04,9.10334677e-06
2.84800000e+04,9.09537393e-06
2.84900000e+04,9.10890092e-06
2.85000000e+04,9.11661755e-06
2.85100000e+04,9.10237773e-06
2.85200000e+04,9.08478448e-06
2.85300000e+04,9.07581598e-06
2.85400000e+04,9.07150307e-06
2.85500000e+04,9.06668504e-06
2.85600000e+04,9.06257394e-06
2.85700000e+04,9.05879564e-06
2.85800000e+04,9.05499305e-06
2.85900000e+04,9.05128975e-06
2.86000000e+04,9.04759723e-06
2.86100000e+04,9.04573424e-06
2.86200000e+04,9.05144038e-06
2.86300000e+04,9.04003265e-06
2.86400000e+04,9.03335130e-06
2.86500000e+04,9.02915816e-06
2.86600000e+04,9.02532420e-06
2.86700000e+04,9.02262782e-06
2.86800000e+04,9.01860233e-06
2.86900000e+04,9.04081303e-06
2.87000000e+04,9.03475846e-06
2.87100000e+04,9.01840235e-06
2.87200000e+04,9.01053734e-06
2.87300000e+04,9.00263177e-06
2.87400000e+04,9.00058996e-06
2.87500000e+04,9.00327740e-06
2.87600000e+04,8.98994347e-06
2.87700000e+04,8.98505938e-06
2.87800000e+04,8.98377035e-06
2.87900000e+04,8.98827256e-06
2.88000000e+04,8.97646655e-06
2.88100000e+04,8.97050918e-06
2.88200000e+04,8.97027427e-06
2.88300000e+04,8.96383117e-06
2.88400000e+04,8.95974423e-06
2.88500000e+04,8.95629419e-06
2.88600000e+04,8.95686281e-06
2.88700000e+04,8.97459796e-06
2.88800000e+04,8.96526959e-06
2.88900000e+04,8.94776458e-06
2.89000000e+04,8.94155421e-06
2.89100000e+04,8.95034864e-06
2.89200000e+04,8.97147568e-06
2.89300000e+04,8.93118585e-06
2.89400000e+04,8.98864032e-06
2.89500000e+04,8.95637293e-06
2.89600000e+04,8.92948605e-06
2.89700000e+04,8.91624618e-06
2.89800000e+04,8.91110196e-06
2.89900000e+04,8.91143546e-06
2.90000000e+04,8.91648819e-06
2.90100000e+04,8.91911233e-06
2.90200000e+04,8.90681873e-06
2.90300000e+04,8.89034083e-06
2.90400000e+04,8.88721265e-06
2.90500000e+04,8.88912343e-06
2.90600000e+04,8.87989257e-06
2.90700000e+04,8.88456607e-06
2.90800000e+04,8.87523290e-06
2.90900000e+04,8.86986496e-06
2.91000000e+04,8.86543982e-06
2.91100000e+04,8.86181357e-06
2.91200000e+04,8.85898032e-06
2.91300000e+04,8.85838809e-06
2.91400000e+04,8.85719757e-06
2.91500000e+04,8.84949480e-06
2.91600000e+04,8.84985203e-06
2.91700000e+04,8.84203799e-06
2.91800000e+04,8.83921442e-06
2.91900000e+04,8.83738780e-06
2.92000000e+04,8.83439247e-06
2.92100000e+04,8.82713964e-06
2.92200000e+04,8.82396073e-06
2.92300000e+04,8.82862863e-06
2.92400000e+04,8.81715868e-06
2.92500000e+04,8.81253488e-06
2.92600000e+04,8.81306592e-06
2.92700000e+04,8.81419440e-06
2.92800000e+04,8.80362840e-06
2.92900000e+04,8.79907226e-06
2.93000000e+04,8.79740127e-06
2.93100000e+04,8.79241906e-06
2.93200000e+04,8.80989231e-06
2.93300000e+04,8.79247315e-06
2.93400000e+04,8.78264240e-06
2.93500000e+04,8.78008241e-06
2.93600000e+04,8.78003709e-06
2.93700000e+04,8.77395011e-06
2.93800000e+04,8.77216444e-06
2.93900000e+04,8.76544608e-06
2.94000000e+04,8.76781488e-06
2.94100000e+04,8.75830378e-06
2.94200000e+04,8.75390707e-06
2.94300000e+04,8.75063844e-06
2.94400000e+04,8.75855708e-06
2.94500000e+04,8.74643042e-06
2.94600000e+04,8.74326690e-06
2.94700000e+04,8.74551862e-06
2.94800000e+04,8.74104652e-06
2.94900000e+04,8.73471280e-06
2.95000000e+04,8.76279182e-06
2.95100000e+04,8.72536887e-06
2.95200000e+04,8.71941546e-06
2.95300000e+04,8.71705302e-06
2.95400000e+04,8.71388528e-06
2.95500000e+04,8.70895435e-06
2.95600000e+04,8.71061519e-06
2.95700000e+04,8.70449206e-06
2.95800000e+04,8.70365606e-06
2.95900000e+04,8.69763671e-06
2.96000000e+04,8.69450947e-06
2.96100000e+04,8.71297594e-06
2.96200000e+04,8.69232121e-06
2.96300000e+04,8.68764326e-06
2.96400000e+04,8.68508394e-06
2.96500000e+04,8.68064014e-06
2.96600000e+04,8.67276845e-06
2.96700000e+04,8.66914468e-06
2.96800000e+04,8.68557622e-06
2.96900000e+04,8.67337926e-06
2.97000000e+04,8.66267229e-06
2.97100000e+04,8.65633784e-06
2.97200000e+04,8.65226075e-06
2.97300000e+04,8.64942900e-06
2.97400000e+04,8.66312844e-06
2.97500000e+04,8.66026701e-06
2.97600000e+04,8.65068411e-06
2.97700000e+04,8.64556521e-06
2.97800000e+04,8.63462404e-06
2.97900000e+04,8.63614346e-06
2.98000000e+04,8.62860157e-06
2.98100000e+04,8.62311928e-06
2.98200000e+04,8.61944187e-06
2.98300000e+04,8.61664635e-06
2.98400000e+04,8.61866524e-06
2.98500000e+04,8.60999384e-06
2.98600000e+04,8.60642946e-06
2.98700000e+04,8.60313782e-06
2.98800000e+04,8.59984456e-06
2.98900000e+04,8.59657978e-06
2.99000000e+04,8.59331016e-06
2.99100000e+04,8.59004203e-06
2.99200000e+04,8.58688246e-06
2.99300000e+04,8.58533571e-06
2.99400000e+04,8.58776426e-06
2.99500000e+04,8.58359874e-06
2.99600000e+04,8.58414459e-06
2.99700000e+04,8.57200213e-06
2.99800000e+04,8.57430298e-06
2.99900000e+04,8.56488091e-06
3.00000000e+04,8.56191849e-06
3.00100000e+04,8.55810984e-06
3.00200000e+04,8.55546041e-06
3.00300000e+04,8.56078346e-06
3.00400000e+04,8.56437765e-06
3.00500000e+04,8.54939997e-06
3.00600000e+04,8.54813782e-06
3.00700000e+04,8.53926774e-06
3.00800000e+04,8.53552169e-06
3.00900000e+04,8.53205212e-06
3.01000000e+04,8.53248009e-06
3.01100000e+04,8.53161898e-06
3.01200000e+04,8.52445902e-06
3.01300000e+04,8.52137264e-06
3.01400000e+04,8.52969551e-06
3.01500000e+04,8.51437472e-06
3.01600000e+04,8.51052874e-06
3.01700000e+04,8.50699601e-06
3.01800000e+04,8.50349729e-06
3.01900000e+04,8.49995728e-06
3.02000000e+04,8.49661303e-06
3.02100000e+04,8.49350005e-06
3.02200000e+04,8.49153584e-06
3.02300000e+04,8.49190794e-06
3.02400000e+04,8.48896146e-06
3.02500000e+04,8.48549429e-06
3.02600000e+04,8.48270483e-06
3.02700000e+04,8.50162230e-06
3.02800000e+04,8.47475761e-06
3.02900000e+04,8.47096257e-06
3.03000000e+04,8.46584061e-06
3.03100000e+04,8.46209617e-06
3.03200000e+04,8.45882535e-06
3.03300000e+04,8.45571958e-06
3.03400000e+04,8.45256616e-06
3.03500000e+04,8.44951445e-06
3.03600000e+04,8.45179345e-06
3.03700000e+04,8.44395552e-06
3.03800000e+04,8.45691262e-06
3.03900000e+04,8.44227524e-06
3.04000000e+04,8.46960755e-06
3.04100000e+04,8.43620196e-06
3.04200000e+04,8.43208765e-06
3.04300000e+04,8.42489866e-06
3.04400000e+04,8.43717163e-06
3.04500000e+04,8.42450296e-06
3.04600000e+04,8.41772612e-06
3.04700000e+04,8.41304666e-06
3.04800000e+04,8.41072592e-06
3.04900000e+04,8.41584425e-06
3.05000000e+04,8.41690136e-06
3.05100000e+04,8.40383648e-06
3.05200000e+04,8.40014089e-06
3.05300000e+04,8.41173257e-06
3.05400000e+04,8.39323916e-06
3.05500000e+04,8.39027430e-06
3.05600000e+04,8.38891581e-06
3.05700000e+04,8.38243328e-06
3.05800000e+04,8.37928943e-06
3.05900000e+04,8.37626703e-06
3.06000000e+04,8.37615476e-06
3.06100000e+04,8.37587871e-06
3.06200000e+04,8.37417510e-06
3.06300000e+04,8.36599892e-06
3.06400000e+04,8.36365538e-06
3.06500000e+04,8.35875330e-06
3.06600000e+04,8.35568787e-06
3.06700000e+04,8.35231421e-06
3.06800000e+04,8.34916468e-06
3.06900000e+04,8.34621079e-06
3.07000000e+04,8.34316847e-06
3.07100000e+04,8.34013568e-06
3.07200000e+04,8.33717281e-06
3.07300000e+04,8.33580481e-06
3.07400000e+04,8.33375286e-06
3.07500000e+04,8.33066825e-06
3.07600000e+04,8.32913846e-06
3.07700000e+04,8.32458560e-06
3.07800000e+04,8.32411781e-06
3.07900000e+04,8.31715263e-06
3.08000000e+04,8.31384854e-06
3.08100000e+04,8.31078323e-06
3.08200000e+04,8.31658790e-06
3.08300000e+04,8.30867083e-06
3.08400000e+04,8.32400069e-06
3.08500000e+04,8.30778174e-06
3.08600000e+04,8.29685777e-06
3.08700000e+04,8.29378020e-06
3.08800000e+04,8.29012409e-06
3.08900000e+04,8.28800008e-06
3.09000000e+04,8.28456555e-06
3.09100000e+04,8.28137320e-06
3.09200000e+04,8.27990785e-06
3.09300000e+04,8.27562980e-06
3.09400000e+04,8.27210388e-06
3.09500000e+04,8.26945441e-06
3.09600000e+04,8.26659371e-06
3.09700000e+04,8.26358135e-06
3.09800000e+04,8.26271129e-06
3.09900000e+04,8.25837561e-06
3.10000000e+04,8.25816060e-06
3.10100000e+04,8.25231717e-06
3.10200000e+04,8.25071572e-06
3.10300000e+04,8.25358119e-06
3.10400000e+04,8.25758895e-06
3.10500000e+04,8.24829162e-06
3.10600000e+04,8.24085114e-06
3.10700000e+04,8.23658835e-06
3.10800000e+04,8.23265793e-06
3.10900000e+04,8.23051085e-06
3.11000000e+04,8.22621318e-06
3.11100000e+04,8.22333778e-06
3.11200000e+04,8.22039980e-06
3.11300000e+04,8.21772866e-06
3.11400000e+04,8.21543205e-06
3.11500000e+04,8.21263523e-06
3.11600000e+04,8.21005628e-06
3.11700000e+04,8.22186993e-06
3.11800000e+04,8.20442623e-06
3.11900000e+04,8.20509559e-06
3.12000000e+04,8.20128815e-06
3.12100000e+04,8.19636278e-06
3.12200000e+04,8.19445993e-06
3.12300000e+04,8.18991146e-06
3.12400000e+04,8.18846612e-06
3.12500000e+04,8.18483893e-06
3.12600000e+04,8.18113997e-06
3.12700000e+04,8.17825767e-06
3.12800000e+04,8.17539232e-06
3.12900000e+04,8.17255984e-06
3.13000000e+04,8.17133126e-06
3.13100000e+04,8.16760325e-06
3.13200000e+04,8.16412968e-06
3.13300000e+04,8.16144650e-06
3.13400000e+04,8.15873296e-06
3.13500000e+04,8.15584029e-06
3.13600000e+04,8.15300587e-06
3.13700000e+04,8.15030603e-06
3.13800000e+04,8.14946963e-06
3.13900000e+04,8.14531036e-06
3.14000000e+04,8.14545622e-06
3.14100000e+04,8.13989459e-06
3.14200000e+04,8.13716588e-06
3.14300000e+04,8.13404648e-06
3.14400000e+04,8.13088513e-06
3.14500000e+04,8.12790386e-06
3.14600000e+04,8.12520777e-06
3.14700000e+04,8.12264685e-06
3.14800000e+04,8.13345161e-06
3.14900000e+04,8.11766030e-06
3.15000000e+04,8.11651745e-06
3.15100000e+04,8.11250526e-06
3.15200000e+04,8.10907162e-06
3.15300000e+04,8.11365426e-06
3.15400000e+04,8.10591551e-06
3.15500000e+04,8.10054040e-06
3.15600000e+04,8.09780422e-06
3.15700000e+04,8.09481813e-06
3.15800000e+04,8.09202888e-06
3.15900000e+04,8.08926570e-06
3.16000000e+04,8.08658069e-06
3.16100000e+04,8.08478093e-06
3.16200000e+04,8.08201178e-06
3.16300000e+04,8.08072384e-06
3.16400000e+04,8.09270505e-06
3.16500000e+04,8.07616557e-06
3.16600000e+04,8.07183794e-06
3.16700000e+04,8.06796346e-06
3.16800000e+04,8.06481511e-06
3.16900000e+04,8.06224683e-06
3.17000000e+04,8.06287829e-06
3.17100000e+04,8.05773135e-06
3.17200000e+04,8.05432192e-06
3.17300000e+04,8.05235647e-06
3.17400000e+04,8.05640843e-06
3.17500000e+04,8.04677794e-06
3.17600000e+04,8.04393451e-06
3.17700000e+04,8.04075986e-06
3.17800000e+04,8.03846738e-06
3.17900000e+04,8.03981551e-06
3.18000000e+04,8.03420660e-06
3.18100000e+04,8.03054276e-06
3.18200000e+04,8.02836640e-06
3.18300000e+04,8.02513454e-06
3.18400000e+04,8.02215831e-06
3.18500000e+04,8.01942966e-06
3.18600000e+04,8.01698957e-06
3.18700000e+04,8.01567899e-06
3.18800000e+04,8.01143241e-06
3.18900000e+04,8.00886575e-06
3.19000000e+04,8.00620732e-06
3.19100000e+04,8.00361164e-06
3.19200000e+04,8.00159281e-06
3.19300000e+04,8.00119331e-06
3.19400000e+04,8.00981940e-06
3.19500000e+04,7.99606060e-06
3.19600000e+04,7.99158924e-06
3.19700000e+04,7.98787856e-06
3.19800000e+04,7.98506396e-06
3.19900000e+04,7.98247034e-06
3.20000000e+04,7.98582843e-06
3.20100000e+04,7.98752230e-06
3.20200000e+04,7.97987040e-06
3.20300000e+04,7.97256510e-06
3.20400000e+04,7.97235734e-06
3.20500000e+04,7.96837044e-06
3.20600000e+04,7.96659760e-06
3.20700000e+04,7.96212913e-06
3.20800000e+04,7.95924220e-06
3.20900000e+04,7.96687847e-06
3.21000000e+04,7.95451969e-06
3.21100000e+04,7.95171541e-06
3.21200000e+04,7.94999039e-06
3.21300000e+04,7.94716065e-06
3.21400000e+04,7.94393000e-06
3.21500000e+04,7.95481851e-06
3.21600000e+04,7.94153189e-06
3.21700000e+04,7.93748954e-06
3.21800000e+04,7.93417642e-06
3.21900000e+04,7.93163595e-06
3.22000000e+04,7.92886590e-06
3.22100000e+04,7.92610304e-06
3.22200000e+04,7.92353391e-06
3.22300000e+04,7.92100702e-06
3.22400000e+04,7.91849582e-06
3.22500000e+04,7.91594663e-06
3.22600000e+04,7.91334185e-06
3.22700000e+04,7.91093485e-06
3.22800000e+04,7.91676487e-06
3.22900000e+04,7.91289102e-06
3.23000000e+04,7.90473524e-06
3.23100000e+04,7.90110779e-06
3.23200000e+04,7.89839625e-06
3.23300000e+04,7.89928925e-06
3.23400000e+04,7.89402447e-06
3.23500000e+04,7.89124902e-06
3.23600000e+04,7.88832513e-06
3.23700000e+04,7.88578858e-06
3.23800000e+04,7.88322675e-06
3.23900000e+04,7.88085209e-06
3.24000000e+04,7.87951363e-06
3.24100000e+04,7.87578410e-06
3.24200000e+04,7.87326330e-06
3.24300000e+04,7.87077944e-06
3.24400000e+04,7.86822253e-06
3.24500000e+04,7.86577804e-06
3.24600000e+04,7.86562305e-06
3.24700000e+04,7.86178404e-06
3.24800000e+04,7.86778583e-06
3.24900000e+04,7.85641261e-06
3.25000000e+04,7.85354786e-06
3.25100000e+04,7.85088912e-06
3.25200000e+04,7.84827589e-06
3.25300000e+04,7.84577254e-06
3.25400000e+04,7.84340479e-06
3.25500000e+04,7.84220353e-06
3.25600000e+04,7.84041996e-06
3.25700000e+04,7.83837796e-06
3.25800000e+04,7.83375945e-06
3.25900000e+04,7.83101820e-06
3.26000000e+04,7.82852628e-06
3.26100000e+04,7.82598620e-06
3.26200000e+04,7.82367708e-06
3.26300000e+04,7.82101603e-06
3.26400000e+04,7.81865306e-06
3.26500000e+04,7.81677546e-06
3.26600000e+04,7.81477684e-06
3.26700000e+04,7.81499427e-06
3.26800000e+04,7.81177674e-06
3.26900000e+04,7.80664384e-06
3.27000000e+04,7.80396363e-06
3.27100000e+04,7.80137203e-06
3.27200000e+04,7.79897445e-06
3.27300000e+04,7.79672253e-06
3.27400000e+04,7.79499316e-06
3.27500000e+04,7.79833005e-06
3.27600000e+04,7.78964957e-06
3.27700000e+04,7.78705399e-06
3.27800000e+04,7.78454274e-06
3.27900000e+04,7.78256397e-06
3.28000000e+04,7.77992753e-06
3.28100000e+04,7.78559108e-06
3.28200000e+04,7.77584677e-06
3.28300000e+04,7.77294423e-06
3.28400000e+04,7.77170515e-06
3.28500000e+04,7.76789050e-06
3.28600000e+04,7.76960278e-06
3.28700000e+04,7.77387101e-06
3.28800000e+04,7.76214521e-06
3.28900000e+04,7.76171497e-06
3.29000000e+04,7.75601546e-06
3.29100000e+04,7.75410575e-06
3.29200000e+04,7.75086236e-06
3.29300000e+04,7.74862099e-06
3.29400000e+04,7.74615448e-06
3.29500000e+04,7.74380955e-06
3.29600000e+04,7.74147239e-06
3.29700000e+04,7.73910828e-06
3.29800000e+04,7.73676100e-06
3.29900000e+04,7.73500505e-06
3.30000000e+04,7.73266098e-06
3.30100000e+04,7.73047708e-06
3.30200000e+04,7.72760936e-06
3.30300000e+04,7.72512263e-06
3.30400000e+04,7.72272849e-06
3.30500000e+04,7.72042113e-06
3.30600000e+04,7.71807217e-06
3.30700000e+04,7.71635214e-06
3.30800000e+04,7.71915467e-06
3.30900000e+04,7.71772611e-06
3.31000000e+04,7.71086501e-06
3.31100000e+04,7.70721108e-06
3.31200000e+04,7.70441874e-06
3.31300000e+04,7.70200371e-06
3.31400000e+04,7.69965322e-06
3.31500000e+04,7.69736343e-06
3.31600000e+04,7.69510021e-06
3.31700000e+04,7.69289284e-06
3.31800000e+04,7.69053571e-06
3.31900000e+04,7.69229298e-06
3.32000000e+04,7.68808879e-06
3.32100000e+04,7.68477926e-06
3.32200000e+04,7.68172486e-06
3.32300000e+04,7.67921208e-06
3.32400000e+04,7.67681508e-06
3.32500000e+04,7.67452623e-06
3.32600000e+04,7.67357762e-06
3.32700000e+04,7.67048117e-06
3.32800000e+04,7.66804201e-06
3.32900000e+04,7.66558348e-06
3.33000000e+04,7.66314628e-06
3.33100000e+04,7.66088572e-06
3.33200000e+04,7.65861782e-06
3.33300000e+04,7.65628042e-06
3.33400000e+04,7.65403747e-06
3.33500000e+04,7.65241649e-06
3.33600000e+04,7.65166890e-06
3.33700000e+04,7.64817144e-06
3.33800000e+04,7.64721719e-06
3.33900000e+04,7.64335256e-06
3.34000000e+04,7.64058947e-06
3.34100000e+04,7.63820198e-06
3.34200000e+04,7.63586561e-06
3.34300000e+04,7.63362019e-06
3.34400000e+04,7.63133851e-06
3.34500000e+04,7.62909715e-06
3.34600000e+04,7.62677201e-06
3.34700000e+04,7.62453629e-06
3.34800000e+04,7.62222022e-06
3.34900000e+04,7.61997140e-06
3.35000000e+04,7.61772260e-06
3.35100000e+04,7.61687816e-06
3.35200000e+04,7.61988027e-06
3.35300000e+04,7.61523692e-06
3.35400000e+04,7.60975573e-06
3.35500000e+04,7.60652050e-06
3.35600000e+04,7.60465205e-06
3.35700000e+04,7.60226326e-06
3.35800000e+04,7.60045121e-06
3.35900000e+04,7.59849625e-06
3.36000000e+04,7.59562613e-06
3.36100000e+04,7.59308915e-06
3.36200000e+04,7.59088282e-06
3.36300000e+04,7.58934828e-06
3.36400000e+04,7.58656956e-06
3.36500000e+04,7.58421210e-06
3.36600000e+04,7.58202850e-06
3.36700000e+04,7.57971500e-06
3.36800000e+04,7.58691373e-06
3.36900000e+04,7.57860249e-06
3.37000000e+04,7.57486530e-06
3.37100000e+04,7.57144810e-06
3.37200000e+04,7.56911675e-06
3.37300000e+04,7.56803202e-06
3.37400000e+04,7.56456333e-06
3.37500000e+04,7.57171906e-06
3.37600000e+04,7.56108694e-06
3.37700000e+04,7.56006027e-06
3.37800000e+04,7.56023541e-06
3.37900000e+04,7.55485667e-06
3.38000000e+04,7.55787230e-06
3.38100000e+04,7.55110534e-06
3.38200000e+04,7.54851454e-06
3.38300000e+04,7.54562939e-06
3.38400000e+04,7.54339929e-06
3.38500000e+04,7.54122916e-06
3.38600000e+04,7.53916054e-06
3.38700000e+04,7.53708965e-06
3.38800000e+04,7.53496636e-06
3.38900000e+04,7.53364425e-06
3.39000000e+04,7.53083037e-06
3.39100000e+04,7.52907797e-06
3.39200000e+04,7.52669301e-06
3.39300000e+04,7.52471589e-06
3.39400000e+04,7.52491965e-06
3.39500000e+04,7.52044111e-06
3.39600000e+04,7.51853834e-06
3.39700000e+04,7.51629300e-06
3.39800000e+04,7.51416034e-06
3.39900000e+04,7.51210105e-06
3.40000000e+04,7.51000027e-06
3.40100000e+04,7.50790380e-06
3.40200000e+04,7.50587656e-06
3.40300000e+04,7.50395243e-06
3.40400000e+04,7.50456531e-06
3.40500000e+04,7.50001484e-06
3.40600000e+04,7.49782409e-06
3.40700000e+04,7.49543512e-06
3.40800000e+04,7.49341842e-06
3.40900000e+04,7.49128176e-06
3.41000000e+04,7.48914186e-06
3.41100000e+04,7.48711574e-06
3.41200000e+04,7.48499695e-06
3.41300000e+04,7.48289207e-06
3.41400000e+04,7.48078385e-06
3.41500000e+04,7.47867898e-06
3.41600000e+04,7.47662936e-06
3.41700000e+04,7.47453951e-06
3.41800000e+04,7.47279549e-06
3.41900000e+04,7.47283102e-06
3.42000000e+04,7.46871621e-06
3.42100000e+04,7.46647905e-06
3.42200000e+04,7.46418770e-06
3.42300000e+04,7.46217473e-06
3.42400000e+04,7.45991683e-06
3.42500000e+04,7.45780166e-06
3.42600000e+04,7.45570124e-06
3.42700000e+04,7.45359768e-06
3.42800000e+04,7.45240934e-06
3.42900000e+04,7.44949369e-06
3.43000000e+04,7.44740190e-06
3.43100000e+04,7.44530515e-06
3.43200000e+04,7.44319468e-06
3.43300000e+04,7.44114607e-06
3.43400000e+04,7.44087319e-06
3.43500000e+04,7.43788266e-06
3.43600000e+04,7.43757636e-06
3.43700000e+04,7.43419109e-06
3.43800000e+04,7.43305507e-06
3.43900000e+04,7.42972210e-06
3.44000000e+04,7.42691391e-06
3.44100000e+04,7.42472887e-06
3.44200000e+04,7.42264534e-06
3.44300000e+04,7.42060070e-06
3.44400000e+04,7.41855329e-06
3.44500000e+04,7.41659749e-06
3.44600000e+04,7.41628589e-06
3.44700000e+04,7.41361441e-06
3.44800000e+04,7.41071904e-06
3.44900000e+04,7.40896593e-06
3.45000000e+04,7.40728726e-06
3.45100000e+04,7.40706686e-06
3.45200000e+04,7.40311129e-06
3.45300000e+04,7.40045323e-06
3.45400000e+04,7.39848852e-06
3.45500000e+04,7.39645785e-06
3.45600000e+04,7.39446797e-06
3.45700000e+04,7.39251073e-06
3.45800000e+04,7.39046492e-06
3.45900000e+04,7.38917046e-06
3.46000000e+04,7.38671859e-06
3.46100000e+04,7.38452777e-06
3.46200000e+04,7.38427697e-06
3.46300000e+04,7.38262237e-06
3.46400000e+04,7.37891060e-06
3.46500000e+04,7.37819872e-06
3.46600000e+04,7.37757161e-06
3.46700000e+04,7.37306951e-06
3.46800000e+04,7.37097010e-06
3.46900000e+04,7.36890879e-06
3.47000000e+04,7.36695605e-06
3.47100000e+04,7.36499954e-06
3.47200000e+04,7.36331409e-06
3.47300000e+04,7.36114468e-06
3.47400000e+04,7.35916898e-06
3.47500000e+04,7.35720260e-06
3.47600000e+04,7.35528185e-06
3.47700000e+04,7.35345729e-06
3.47800000e+04,7.35136229e-06
3.47900000e+04,7.34945332e-06
3.48000000e+04,7.34750564e-06
3.48100000e+04,7.34553349e-06
3.48200000e+04,7.34357082e-06
3.48300000e+04,7.34212207e-06
3.48400000e+04,7.33986224e-06
3.48500000e+04,7.33834778e-06
3.48600000e+04,7.33597615e-06
3.48700000e+04,7.33429471e-06
3.48800000e+04,7.33287172e-06
3.48900000e+04,7.33017697e-06
3.49000000e+04,7.32825252e-06
3.49100000e+04,7.32733576e-06
3.49200000e+04,7.32432923e-06
3.49300000e+04,7.32392533e-06
3.49400000e+04,7.32072127e-06
3.49500000e+04,7.31959281e-06
3.49600000e+04,7.31698375e-06
3.49700000e+04,7.31495778e-06
3.49800000e+04,7.31307827e-06
3.49900000e+04,7.31107818e-06
3.50000000e+04,7.30917364e-06
3.50100000e+04,7.30720924e-06
3.50200000e+04,7.30533967e-06
3.50300000e+04,7.30343746e-06
3.50400000e+04,7.30154673e-06
3.50500000e+04,7.29964659e-06
3.50600000e+04,7.29773147e-06
3.50700000e+04,7.29584202e-06
3.50800000e+04,7.29395839e-06
3.50900000e+04,7.29206636e-06
3.51000000e+04,7.29102623e-06
3.51100000e+04,7.28851591e-06
3.51200000e+04,7.28642582e-06
3.51300000e+04,7.28451324e-06
3.51400000e+04,7.28324559e-06
3.51500000e+04,7.28250812e-06
3.51600000e+04,7.27945974e-06
3.51700000e+04,7.27701317e-06
3.51800000e+04,7.27501239e-06
3.51900000e+04,7.27445315e-06
3.52000000e+04,7.27200317e-06
3.52100000e+04,7.26962878e-06
3.52200000e+04,7.26776140e-06
3.52300000e+04,7.26742301e-06
3.52400000e+04,7.26410678e-06
3.52500000e+04,7.26201262e-06
3.52600000e+04,7.26006081e-06
3.52700000e+04,7.25816689e-06
3.52800000e+04,7.25637124e-06
3.52900000e+04,7.25636808e-06
3.53000000e+04,7.25263184e-06
3.53100000e+04,7.25084874e-06
3.53200000e+04,7.24897492e-06
3.53300000e+04,7.24707967e-06
3.53400000e+04,7.24520405e-06
3.53500000e+04,7.24336066e-06
3.53600000e+04,7.24150501e-06
3.53700000e+04,7.24064203e-06
3.53800000e+04,7.24194465e-06
3.53900000e+04,7.23754239e-06
3.54000000e+04,7.23453860e-06
3.54100000e+04,7.23259848e-06
3.54200000e+04,7.23071042e-06
3.54300000e+04,7.22887602e-06
3.54400000e+04,7.22705531e-06
3.54500000e+04,7.22549850e-06
3.54600000e+04,7.22350381e-06
3.54700000e+04,7.22207525e-06
3.54800000e+04,7.22218372e-06
3.54900000e+04,7.21850998e-06
3.55000000e+04,7.21663774e-06
3.55100000e+04,7.21465048e-06
3.55200000e+04,7.21288412e-06
3.55300000e+04,7.21106805e-06
3.55400000e+04,7.20926433e-06
3.55500000e+04,7.20749218e-06
3.55600000e+04,7.20573916e-06
3.55700000e+04,7.20393834e-06
3.55800000e+04,7.20245921e-06
3.55900000e+04,7.20047553e-06
3.56000000e+04,7.19860497e-06
3.56100000e+04,7.19684293e-06
3.56200000e+04,7.19508334e-06
3.56300000e+04,7.19331815e-06
3.56400000e+04,7.19149204e-06
3.56500000e+04,7.18974370e-06
3.56600000e+04,7.18794246e-06
3.56700000e+04,7.18613868e-06
3.56800000e+04,7.18473924e-06
3.56900000e+04,7.18273876e-06
3.57000000e+04,7.18111768e-06
3.57100000e+04,7.17926623e-06
3.57200000e+04,7.17824720e-06
3.57300000e+04,7.17698270e-06
3.57400000e+04,7.17400648e-06
3.57500000e+04,7.17203906e-06
3.57600000e+04,7.17029646e-06
3.57700000e+04,7.16852369e-06
3.57800000e+04,7.16680575e-06
3.57900000e+04,7.16503806e-06
3.58000000e+04,7.16332764e-06
3.58100000e+04,7.16158455e-06
3.58200000e+04,7.15996889e-06
3.58300000e+04,7.15895786e-06
3.58400000e+04,7.15661138e-06
3.58500000e+04,7.15460446e-06
3.58600000e+04,7.15288577e-06
3.58700000e+04,7.15113105e-06
3.58800000e+04,7.14934846e-06
3.58900000e+04,7.14768244e-06
3.59000000e+04,7.14594264e-06
3.59100000e+04,7.14418197e-06
3.59200000e+04,7.14243540e-06
3.59300000e+04,7.14341242e-06
3.59400000e+04,7.13977196e-06
3.59500000e+04,7.13827873e-06
3.59600000e+04,7.13586265e-06
3.59700000e+04,7.13396265e-06
3.59800000e+04,7.13221013e-06
3.59900000e+04,7.13047683e-06
3.60000000e+04,7.12976426e-06
3.60100000e+04,7.12728667e-06
3.60200000e+04,7.12542017e-06
3.60300000e+04,7.12369901e-06
3.60400000e+04,7.12287912e-06
3.60500000e+04,7.12079928e-06
3.60600000e+04,7.11882461e-06
3.60700000e+04,7.11699074e-06
3.60800000e+04,7.11824433e-06
3.60900000e+04,7.11446609e-06
3.61000000e+04,7.11197379e-06
3.61100000e+04,7.11034671e-06
3.61200000e+04,7.10853199e-06
3.61300000e+04,7.10689552e-06
3.61400000e+04,7.10517839e-06
3.61500000e+04,7.10349944e-06
3.61600000e+04,7.10180100e-06
3.61700000e+04,7.10016570e-06
3.61800000e+04,7.09849818e-06
3.61900000e+04,7.09680784e-06
3.62000000e+04,7.09514110e-06
3.62100000e+04,7.09425414e-06
3.62200000e+04,7.09207318e-06
3.62300000e+04,7.09018009e-06
3.62400000e+04,7.08846621e-06
3.62500000e+04,7.08677392e-06
3.62600000e+04,7.08510975e-06
3.62700000e+04,7.08338763e-06
3.62800000e+04,7.08200667e-06
3.62900000e+04,7.08008560e-06
3.63000000e+04,7.07843575e-06
3.63100000e+04,7.07696409e-06
3.63200000e+04,7.07508102e-06
3.63300000e+04,7.07401665e-06
3.63400000e+04,7.07197138e-06
3.63500000e+04,7.07026107e-06
3.63600000e+04,7.06845492e-06
3.63700000e+04,7.06715638e-06
3.63800000e+04,7.06528671e-06
3.63900000e+04,7.06361478e-06
3.64000000e+04,7.06181788e-06
3.64100000e+04,7.06033305e-06
3.64200000e+04,7.05876548e-06
3.64300000e+04,7.05702764e-06
3.64400000e+04,7.05529184e-06
3.64500000e+04,7.05403490e-06
3.64600000e+04,7.05207502e-06
3.64700000e+04,7.05044140e-06
3.64800000e+04,7.04877667e-06
3.64900000e+04,7.04713819e-06
3.65000000e+04,7.04551438e-06
3.65100000e+04,7.04386548e-06
3.65200000e+04,7.04223814e-06
3.65300000e+04,7.04069469e-06
3.65400000e+04,7.03921493e-06
3.65500000e+04,7.03735153e-06
3.65600000e+04,7.03575751e-06
3.65700000e+04,7.03409744e-06
3.65800000e+04,7.03248484e-06
3.65900000e+04,7.03087843e-06
3.66000000e+04,7.02947660e-06
3.66100000e+04,7.02897782e-06
3.66200000e+04,7.02640287e-06
3.66300000e+04,7.02459310e-06
3.66400000e+04,7.02535899e-06
3.66500000e+04,7.02197834e-06
3.66600000e+04,7.01962731e-06
3.66700000e+04,7.01872261e-06
3.66800000e+04,7.01706891e-06
3.66900000e+04,7.01506776e-06
3.67000000e+04,7.01342663e-06
3.67100000e+04,7.01269000e-06
3.67200000e+04,7.01029282e-06
3.67300000e+04,7.00860874e-06
3.67400000e+04,7.00712687e-06
3.67500000e+04,7.00594779e-06
3.67600000e+04,7.00475352e-06
3.67700000e+04,7.00451014e-06
3.67800000e+04,7.00158124e-06
3.67900000e+04,6.99942312e-06
3.68000000e+04,6.99788263e-06
3.68100000e+04,6.99633283e-06
3.68200000e+04,6.99480890e-06
3.68300000e+04,6.99332782e-06
3.68400000e+04,6.99182464e-06
3.68500000e+04,6.99027854e-06
3.68600000e+04,6.98876602e-06
3.68700000e+04,6.98818284e-06
3.68800000e+04,6.98585814e-06
3.68900000e+04,6.98432852e-06
3.69000000e+04,6.98275471e-06
3.69100000e+04,6.98122490e-06
3.69200000e+04,6.97969810e-06
3.69300000e+04,6.97821642e-06
3.69400000e+04,6.97669287e-06
3.69500000e+04,6.97519678e-06
3.69600000e+04,6.97365903e-06
3.69700000e+04,6.97213172e-06
3.69800000e+04,6.97063719e-06
3.69900000e+04,6.96907916e-06
3.70000000e+04,6.96755224e-06
3.70100000e+04,6.96607528e-06
3.70200000e+04,6.96458495e-06
3.70300000e+04,6.96302311e-06
3.70400000e+04,6.96150751e-06
3.70500000e+04,6.95995486e-06
3.70600000e+04,6.95845348e-06
3.70700000e+04,6.95692148e-06
3.70800000e+04,6.95555466e-06
3.70900000e+04,6.95501743e-06
3.71000000e+04,6.95240037e-06
3.71100000e+04,6.95113521e-06
3.71200000e+04,6.94945175e-06
3.71300000e+04,6.94806766e-06
3.71400000e+04,6.94653570e-06
3.71500000e+04,6.94488236e-06
3.71600000e+04,6.94334185e-06
3.71700000e+04,6.94189224e-06
3.71800000e+04,6.94036484e-06
3.71900000e+04,6.93887282e-06
3.72000000e+04,6.93797177e-06
3.72100000e+04,6.93604662e-06
3.72200000e+04,6.93445400e-06
3.72300000e+04,6.93289070e-06
3.72400000e+04,6.93139781e-06
3.72500000e+04,6.92992264e-06
3.72600000e+04,6.92846659e-06
3.72700000e+04,6.92703080e-06
3.72800000e+04,6.92551105e-06
3.72900000e+04,6.92398588e-06
3.73000000e+04,6.92252439e-06
3.73100000e+04,6.92136992e-06
3.73200000e+04,6.91958704e-06
3.73300000e+04,6.91822918e-06
3.73400000e+04,6.91658466e-06
3.73500000e+04,6.91508795e-06
3.73600000e+04,6.91376304e-06
3.73700000e+04,6.91230513e-06
3.73800000e+04,6.91076876e-06
3.73900000e+04,6.90924398e-06
3.74000000e+04,6.90778877e-06
3.74100000e+04,6.90629454e-06
3.74200000e+04,6.90486862e-06
3.74300000e+04,6.90338092e-06
3.74400000e+04,6.90191018e-06
3.74500000e+04,6.90064443e-06
3.74600000e+04,6.89914565e-06
3.74700000e+04,6.89754510e-06
3.74800000e+04,6.89614786e-06
3.74900000e+04,6.89463930e-06
3.75000000e+04,6.89319088e-06
3.75100000e+04,6.89219377e-06
3.75200000e+04,6.89040838e-06
3.75300000e+04,6.88906895e-06
3.75400000e+04,6.88779463e-06
3.75500000e+04,6.88633524e-06
3.75600000e+04,6.88455006e-06
3.75700000e+04,6.88310977e-06
3.75800000e+04,6.88181551e-06
3.75900000e+04,6.88029126e-06
3.76000000e+04,6.87884999e-06
3.76100000e+04,6.87741805e-06
3.76200000e+04,6.87600928e-06
3.76300000e+04,6.87457875e-06
3.76400000e+04,6.87313530e-06
3.76500000e+04,6.87170341e-06
3.76600000e+04,6.87030519e-06
3.76700000e+04,6.86883909e-06
3.76800000e+04,6.86744780e-06
3.76900000e+04,6.86605940e-06
3.77000000e+04,6.86457690e-06
3.77100000e+04,6.86318652e-06
3.77200000e+04,6.86225849e-06
3.77300000e+04,6.86045904e-06
3.77400000e+04,6.85903580e-06
3.77500000e+04,6.85800456e-06
3.77600000e+04,6.85610245e-06
3.77700000e+04,6.85489187e-06
3.77800000e+04,6.85367234e-06
3.77900000e+04,6.85196056e-06
3.78000000e+04,6.85054693e-06
3.78100000e+04,6.84912219e-06
3.78200000e+04,6.84765776e-06
3.78300000e+04,6.84627856e-06
3.78400000e+04,6.84489050e-06
3.78500000e+04,6.84357838e-06
3.78600000e+04,6.84222395e-06
3.78700000e+04,6.84112901e-06
3.78800000e+04,6.83947243e-06
3.78900000e+04,6.83799781e-06
3.79000000e+04,6.83655066e-06
3.79100000e+04,6.83532455e-06
3.79200000e+04,6.83391945e-06
3.79300000e+04,6.83243298e-06
3.79400000e+04,6.83120164e-06
3.79500000e+04,6.82981334e-06
3.79600000e+04,6.82831189e-06
3.79700000e+04,6.82692325e-06
3.79800000e+04,6.82559327e-06
3.79900000e+04,6.82422107e-06
3.80000000e+04,6.82296455e-06
3.80100000e+04,6.82149941e-06
3.80200000e+04,6.82015827e-06
3.80300000e+04,6.81876826e-06
3.80400000e+04,6.81738863e-06
3.80500000e+04,6.81601816e-06
3.80600000e+04,6.81465187e-06
3.80700000e+04,6.81326123e-06
3.80800000e+04,6.81193305e-06
3.80900000e+04,6.81054799e-06
3.81000000e+04,6.80918932e-06
3.81100000e+04,6.80781079e-06
3.81200000e+04,6.80647885e-06
3.81300000e+04,6.80508744e-06
3.81400000e+04,6.80371997e-06
3.81500000e+04,6.80231537e-06
3.81600000e+04,6.80099037e-06
3.81700000e+04,6.79956984e-06
3.81800000e+04,6.79829267e-06
3.81900000e+04,6.79686940e-06
3.82000000e+04,6.79548787e-06
3.82100000e+04,6.79490463e-06
3.82200000e+04,6.79347891e-06
3.82300000e+04,6.79150911e-06
3.82400000e+04,6.79015857e-06
3.82500000e+04,6.78896766e-06
3.82600000e+04,6.78763955e-06
3.82700000e+04,6.78613587e-06
3.82800000e+04,6.78580986e-06
3.82900000e+04,6.78359497e-06
3.83000000e+04,6.78319737e-06
3.83100000e+04,6.78122469e-06
3.83200000e+04,6.78002414e-06
3.83300000e+04,6.77833240e-06
3.83400000e+04,6.77694384e-06
3.83500000e+04,6.77556936e-06
3.83600000e+04,6.77433269e-06
3.83700000e+04,6.77326266e-06
3.83800000e+04,6.77207299e-06
3.83900000e+04,6.77071732e-06
3.84000000e+04,6.76925301e-06
3.84100000e+04,6.76802549e-06
3.84200000e+04,6.76668250e-06
3.84300000e+04,6.76541733e-06
3.84400000e+04,6.76413404e-06
3.84500000e+04,6.76288864e-06
3.84600000e+04,6.76158959e-06
3.84700000e+04,6.76031034e-06
3.84800000e+04,6.75908300e-06
3.84900000e+04,6.75780883e-06
3.85000000e+04,6.75651373e-06
3.85100000e+04,6.75522932e-06
3.85200000e+04,6.75398338e-06
3.85300000e+04,6.75269643e-06
3.85400000e+04,6.75142516e-06
3.85500000e+04,6.75014152e-06
3.85600000e+04,6.74884888e-06
3.85700000e+04,6.74760372e-06
3.85800000e+04,6.74630416e-06
3.85900000e+04,6.74503942e-06
3.86000000e+04,6.74374977e-06
3.86100000e+04,6.74250419e-06
3.86200000e+04,6.74119361e-06
3.86300000e+04,6.73991453e-06
3.86400000e+04,6.73861948e-06
3.86500000e+04,6.73732758e-06
3.86600000e+04,6.73605284e-06
3.86700000e+04,6.73480267e-06
3.86800000e+04,6.73353473e-06
3.86900000e+04,6.73220634e-06
3.87000000e+04,6.73094710e-06
3.87100000e+04,6.72966505e-06
3.87200000e+04,6.72834531e-06
3.87300000e+04,6.72708922e-06
3.87400000e+04,6.72586891e-06
3.87500000e+04,6.72458743e-06
3.87600000e+04,6.72324716e-06
3.87700000e+04,6.72205979e-06
3.87800000e+04,6.72081668e-06
3.87900000e+04,6.71948616e-06
3.88000000e+04,6.71818971e-06
3.88100000e+04,6.71703777e-06
3.88200000e+04,6.71747190e-06
3.88300000e+04,6.71450182e-06
3.88400000e+04,6.71340137e-06
3.88500000e+04,6.71206817e-06
3.88600000e+04,6.71078760e-06
3.88700000e+04,6.70951578e-06
3.88800000e+04,6.70826609e-06
3.88900000e+04,6.70708920e-06
3.89000000e+04,6.70589429e-06
3.89100000e+04,6.70467754e-06
3.89200000e+04,6.70341759e-06
3.89300000e+04,6.70221403e-06
3.89400000e+04,6.70101754e-06
3.89500000e+04,6.69980056e-06
3.89600000e+04,6.69861882e-06
3.89700000e+04,6.69735464e-06
3.89800000e+04,6.69614934e-06
3.89900000e+04,6.69497448e-06
3.90000000e+04,6.69372527e-06
3.90100000e+04,6.69252164e-06
3.90200000e+04,6.69155509e-06
3.90300000e+04,6.69017149e-06
3.90400000e+04,6.68891760e-06
3.90500000e+04,6.68769092e-06
3.90600000e+04,6.68664077e-06
3.90700000e+04,6.68532002e-06
3.90800000e+04,6.68403931e-06
3.90900000e+04,6.68286224e-06
3.91000000e+04,6.68168349e-06
3.91100000e+04,6.68041175e-06
3.91200000e+04,6.67925879e-06
3.91300000e+04,6.67827649e-06
3.91400000e+04,6.67694336e-06
3.91500000e+04,6.67588852e-06
3.91600000e+04,6.67457554e-06
3.91700000e+04,6.67333480e-06
3.91800000e+04,6.67215909e-06
3.91900000e+04,6.67094994e-06
3.92000000e+04,6.66981292e-06
3.92100000e+04,6.66861084e-06
3.92200000e+04,6.66743107e-06
3.92300000e+04,6.66629680e-06
3.92400000e+04,6.66514869e-06
3.92500000e+04,6.66397106e-06
3.92600000e+04,6.66277678e-06
3.92700000e+04,6.66163968e-06
3.92800000e+04,6.66042298e-06
3.92900000e+04,6.65927073e-06
3.93000000e+04,6.65812536e-06
3.93100000e+04,6.65712852e-06
3.93200000e+04,6.65577029e-06
3.93300000e+04,6.65469330e-06
3.93400000e+04,6.65365715e-06
3.93500000e+04,6.65236700e-06
3.93600000e+04,6.65116920e-06
3.93700000e+04,6.64999925e-06
3.93800000e+04,6.64876947e-06
3.93900000e+04,6.64763894e-06
3.94000000e+04,6.64649098e-06
3.94100000e+04,6.64530574e-06
3.94200000e+04,6.64417406e-06
3.94300000e+04,6.64313481e-06
3.94400000e+04,6.64190237e-06
3.94500000e+04,6.64072292e-06
3.94600000e+04,6.63956738e-06
3.94700000e+04,6.63839656e-06
3.94800000e+04,6.63726237e-06
3.94900000e+04,6.63609084e-06
3.95000000e+04,6.63494355e-06
3.95100000e+04,6.63380045e-06
3.95200000e+04,6.63265108e-06
3.95300000e+04,6.63198600e-06
3.95400000e+04,6.63073507e-06
3.95500000e+04,6.62937765e-06
3.95600000e+04,6.62814256e-06
3.95700000e+04,6.62702652e-06
3.95800000e+04,6.62581611e-06
3.95900000e+04,6.62470009e-06
3.96000000e+04,6.62356006e-06
3.96100000e+04,6.62245081e-06
3.96200000e+04,6.62133323e-06
3.96300000e+04,6.62019498e-06
3.96400000e+04,6.61908590e-06
3.96500000e+04,6.61796280e-06
3.96600000e+04,6.61683391e-06
3.96700000e+04,6.61570946e-06
3.96800000e+04,6.61465661e-06
3.96900000e+04,6.61348514e-06
3.97000000e+04,6.61233921e-06
3.97100000e+04,6.61117911e-06
3.97200000e+04,6.61008906e-06
3.97300000e+04,6.60903435e-06
3.97400000e+04,6.60814389e-06
3.97500000e+04,6.60681496e-06
3.97600000e+04,6.60603250e-06
3.97700000e+04,6.60469585e-06
3.97800000e+04,6.60351436e-06
3.97900000e+04,6.60238510e-06
3.98000000e+04,6.60122878e-06
3.98100000e+04,6.60017206e-06
3.98200000e+04,6.59910693e-06
3.98300000e+04,6.59795970e-06
3.98400000e+04,6.59691816e-06
3.98500000e+04,6.59582196e-06
3.98600000e+04,6.59472670e-06
3.98700000e+04,6.59366449e-06
3.98800000e+04,6.59257179e-06
3.98900000e+04,6.59148134e-06
3.99000000e+04,6.59041327e-06
3.99100000e+04,6.58936619e-06
3.99200000e+04,6.58848859e-06
3.99300000e+04,6.58717346e-06
3.99400000e+04,6.58602935e-06
3.99500000e+04,6.58498999e-06
3.99600000e+04,6.58405977e-06
3.99700000e+04,6.58289141e-06
3.99800000e+04,6.58176064e-06
3.99900000e+04,6.58071353e-06
4.00000000e+04,6.57962665e-06
4.00100000e+04,6.57856983e-06
4.00200000e+04,6.57748569e-06
4.00300000e+04,6.57642834e-06
4.00400000e+04,6.57538504e-06
4.00500000e+04,6.57431874e-06
4.00600000e+04,6.57333182e-06
4.00700000e+04,6.57220404e-06
4.00800000e+04,6.57115197e-06
4.00900000e+04,6.57003703e-06
4.01000000e+04,6.56907345e-06
4.01100000e+04,6.56798057e-06
4.01200000e+04,6.56689192e-06
4.01300000e+04,6.56586456e-06
4.01400000e+04,6.56480305e-06
4.01500000e+04,6.56368631e-06
4.01600000e+04,6.56270830e-06
4.01700000e+04,6.56180162e-06
4.01800000e+04,6.56062167e-06
4.01900000e+04,6.55953503e-06
4.02000000e+04,6.55849975e-06
4.02100000e+04,6.55743526e-06
4.02200000e+04,6.55642226e-06
4.02300000e+04,6.55533927e-06
4.02400000e+04,6.55431194e-06
4.02500000e+04,6.55330625e-06
4.02600000e+04,6.55223422e-06
4.02700000e+04,6.55133252e-06
4.02800000e+04,6.55019343e-06
4.02900000e+04,6.54914256e-06
4.03000000e+04,6.54809555e-06
4.03100000e+04,6.54708318e-06
4.03200000e+04,6.54601059e-06
4.03300000e+04,6.54496844e-06
4.03400000e+04,6.54388567e-06
4.03500000e+04,6.54294280e-06
4.03600000e+04,6.54192648e-06
4.03700000e+04,6.54085843e-06
4.03800000e+04,6.53980172e-06
4.03900000e+04,6.53878178e-06
4.04000000e+04,6.53775870e-06
4.04100000e+04,6.53668917e-06
4.04200000e+04,6.53570897e-06
4.04300000e+04,6.53465141e-06
4.04400000e+04,6.53361972e-06
4.04500000e+04,6.53259584e-06
4.04600000e+04,6.53156676e-06
4.04700000e+04,6.53056933e-06
4.04800000e+04,6.52947401e-06
4.04900000e+04,6.52850518e-06
4.05000000e+04,6.52748021e-06
4.05100000e+04,6.52653835e-06
4.05200000e+04,6.52547373e-06
4.05300000e+04,6.52438282e-06
4.05400000e+04,6.52371664e-06
4.05500000e+04,6.52240647e-06
4.05600000e+04,6.52135351e-06
4.05700000e+04,6.52035186e-06
4.05800000e+04,6.51935307e-06
4.05900000e+04,6.51829246e-06
4.06000000e+04,6.51726583e-06
4.06100000e+04,6.51628997e-06
4.06200000e+04,6.51530374e-06
4.06300000e+04,6.51426653e-06
4.06400000e+04,6.51325970e-06
4.06500000e+04,6.51225518e-06
4.06600000e+04,6.51131230e-06
4.06700000e+04,6.51035093e-06
4.06800000e+04,6.50932589e-06
4.06900000e+04,6.50831851e-06
4.07000000e+04,6.50730105e-06
4.07100000e+04,6.50628253e-06
4.07200000e+04,6.50532364e-06
4.07300000e+04,6.50459268e-06
4.07400000e+04,6.50347927e-06
4.07500000e+04,6.50235901e-06
4.07600000e+04,6.50142590e-06
4.07700000e+04,6.50040632e-06
4.07800000e+04,6.49941653e-06
4.07900000e+04,6.49846119e-06
4.08000000e+04,6.49750817e-06
4.08100000e+04,6.49652525e-06
4.08200000e+04,6.49557906e-06
4.08300000e+04,6.49463378e-06
4.08400000e+04,6.49363540e-06
4.08500000e+04,6.49266617e-06
4.08600000e+04,6.49206515e-06
4.08700000e+04,6.49086999e-06
4.08800000e+04,6.48982589e-06
4.08900000e+04,6.48885558e-06
4.09000000e+04,6.48787203e-06
4.09100000e+04,6.48692355e-06
4.09200000e+04,6.48596117e-06
4.09300000e+04,6.48501354e-06
4.09400000e+04,6.48405552e-06
4.09500000e+04,6.48311925e-06
4.09600000e+04,6.48216576e-06
4.09700000e+04,6.48124398e-06
4.09800000e+04,6.48024821e-06
4.09900000e+04,6.47931035e-06
4.10000000e+04,6.47834271e-06
4.10100000e+04,6.47762983e-06
4.10200000e+04,6.47649657e-06
4.10300000e+04,6.47554047e-06
4.10400000e+04,6.47456822e-06
4.10500000e+04,6.47363825e-06
4.10600000e+04,6.47274203e-06
4.10700000e+04,6.47182431e-06
4.10800000e+04,6.47085514e-06
4.10900000e+04,6.47055343e-06
4.11000000e+04,6.46898768e-06
4.11100000e+04,6.46812151e-06
4.11200000e+04,6.46713411e-06
4.11300000e+04,6.46623443e-06
4.11400000e+04,6.46535225e-06
4.11500000e+04,6.46440658e-06
4.11600000e+04,6.46347482e-06
4.11700000e+04,6.46257782e-06
4.11800000e+04,6.46167389e-06
4.11900000e+04,6.46076485e-06
4.12000000e+04,6.45984869e-06
4.12100000e+04,6.45898946e-06
4.12200000e+04,6.45804552e-06
4.12300000e+04,6.45711968e-06
4.12400000e+04,6.45620384e-06
4.12500000e+04,6.45532962e-06
4.12600000e+04,6.45438892e-06
4.12700000e+04,6.45348103e-06
4.12800000e+04,6.45255362e-06
4.12900000e+04,6.45173083e-06
4.13000000e+04,6.45082655e-06
4.13100000e+04,6.44986272e-06
4.13200000e+04,6.44899016e-06
4.13300000e+04,6.44812014e-06
4.13400000e+04,6.44720051e-06
4.13500000e+04,6.44627396e-06
4.13600000e+04,6.44537072e-06
4.13700000e+04,6.44446414e-06
4.13800000e+04,6.44358313e-06
4.13900000e+04,6.44268425e-06
4.14000000e+04,6.44179534e-06
4.14100000e+04,6.44086710e-06
4.14200000e+04,6.43994690e-06
4.14300000e+04,6.43906482e-06
4.14400000e+04,6.43818980e-06
4.14500000e+04,6.43728605e-06
4.14600000e+04,6.43638126e-06
4.14700000e+04,6.43546370e-06
4.14800000e+04,6.43457315e-06
4.14900000e+04,6.43366747e-06
4.15000000e+04,6.43279909e-06
4.15100000e+04,6.43187478e-06
4.15200000e+04,6.43096257e-06
4.15300000e+04,6.43009437e-06
4.15400000e+04,6.42917409e-06
4.15500000e+04,6.42848795e-06
4.15600000e+04,6.42746780e-06
4.15700000e+04,6.42652663e-06
4.15800000e+04,6.42565985e-06
4.15900000e+04,6.42474485e-06
4.16000000e+04,6.42390201e-06
4.16100000e+04,6.42298058e-06
4.16200000e+04,6.42207573e-06
4.16300000e+04,6.42121252e-06
4.16400000e+04,6.42034407e-06
4.16500000e+04,6.41947832e-06
4.16600000e+04,6.41863441e-06
4.16700000e+04,6.41774556e-06
4.16800000e+04,6.41683844e-06
4.16900000e+04,6.41596461e-06
4.17000000e+04,6.41514420e-06
4.17100000e+04,6.41431292e-06
4.17200000e+04,6.41337674e-06
4.17300000e+04,6.41252307e-06
4.17400000e+04,6.41169530e-06
4.17500000e+04,6.41078582e-06
4.17600000e+04,6.40994679e-06
4.17700000e+04,6.40904690e-06
4.17800000e+04,6.40821395e-06
4.17900000e+04,6.40734037e-06
4.18000000e+04,6.40649285e-06
4.18100000e+04,6.40559800e-06
4.18200000e+04,6.40477074e-06
4.18300000e+04,6.40400614e-06
4.18400000e+04,6.40305748e-06
4.18500000e+04,6.40219416e-06
4.18600000e+04,6.40133185e-06
4.18700000e+04,6.40050847e-06
4.18800000e+04,6.39960251e-06
4.18900000e+04,6.39878773e-06
4.19000000e+04,6.39793330e-06
4.19100000e+04,6.39710240e-06
4.19200000e+04,6.39623402e-06
4.19300000e+04,6.39540823e-06
4.19400000e+04,6.39455718e-06
4.19500000e+04,6.39372419e-06
4.19600000e+04,6.39287527e-06
4.19700000e+04,6.39203277e-06
4.19800000e+04,6.39114895e-06
4.19900000e+04,6.39032144e-06
4.20000000e+04,6.38948815e-06
4.20100000e+04,6.38865255e-06
4.20200000e+04,6.38783205e-06
4.20300000e+04,6.38704665e-06
4.20400000e+04,6.38622280e-06
4.20500000e+04,6.38531894e-06
4.20600000e+04,6.38449128e-06
4.20700000e+04,6.38365527e-06
4.20800000e+04,6.38278551e-06
4.20900000e+04,6.38196337e-06
4.21000000e+04,6.38113538e-06
4.21100000e+04,6.38032016e-06
4.21200000e+04,6.37948005e-06
4.21300000e+04,6.37860288e-06
4.21400000e+04,6.37783014e-06
4.21500000e+04,6.37699326e-06
4.21600000e+04,6.37613926e-06
4.21700000e+04,6.37530924e-06
4.21800000e+04,6.37450331e-06
4.21900000e+04,6.37367474e-06
4.22000000e+04,6.37282058e-06
4.22100000e+04,6.37205542e-06
4.22200000e+04,6.37117757e-06
4.22300000e+04,6.37034790e-06
4.22400000e+04,6.36954102e-06
4.22500000e+04,6.36868860e-06
4.22600000e+04,6.36789165e-06
4.22700000e+04,6.36708609e-06
4.22800000e+04,6.36632601e-06
4.22900000e+04,6.36545551e-06
4.23000000e+04,6.36464578e-06
4.23100000e+04,6.36384051e-06
4.23200000e+04,6.36305794e-06
4.23300000e+04,6.36223509e-06
4.23400000e+04,6.36139248e-06
4.23500000e+04,6.36054931e-06
4.23600000e+04,6.35973469e-06
4.23700000e+04,6.35893926e-06
4.23800000e+04,6.35816170e-06
4.23900000e+04,6.35746680e-06
4.24000000e+04,6.35664971e-06
4.24100000e+04,6.35576916e-06
4.24200000e+04,6.35496517e-06
4.24300000e+04,6.35416602e-06
4.24400000e+04,6.35334997e-06
4.24500000e+04,6.35255295e-06
4.24600000e+04,6.35178836e-06
4.24700000e+04,6.35102149e-06
4.24800000e+04,6.35033954e-06
4.24900000e+04,6.34947043e-06
4.25000000e+04,6.34862698e-06
4.25100000e+04,6.34784391e-06
4.25200000e+04,6.34710475e-06
4.25300000e+04,6.34629644e-06
4.25400000e+04,6.34555093e-06
4.25500000e+04,6.34479897e-06
4.25600000e+04,6.34402406e-06
4.25700000e+04,6.34323071e-06
4.25800000e+04,6.34249178e-06
4.25900000e+04,6.34168607e-06
4.26000000e+04,6.34091268e-06
4.26100000e+04,6.34016804e-06
4.26200000e+04,6.33940053e-06
4.26300000e+04,6.33862509e-06
4.26400000e+04,6.33785242e-06
4.26500000e+04,6.33712349e-06
4.26600000e+04,6.33635331e-06
4.26700000e+04,6.33555806e-06
4.26800000e+04,6.33483990e-06
4.26900000e+04,6.33406676e-06
4.27000000e+04,6.33339960e-06
4.27100000e+04,6.33262443e-06
4.27200000e+04,6.33182035e-06
4.27300000e+04,6.33103834e-06
4.27400000e+04,6.33027196e-06
4.27500000e+04,6.32953146e-06
4.27600000e+04,6.32877511e-06
4.27700000e+04,6.32803890e-06
4.27800000e+04,6.32727348e-06
4.27900000e+04,6.32652830e-06
4.28000000e+04,6.32575448e-06
4.28100000e+04,6.32503357e-06
4.28200000e+04,6.32425833e-06
4.28300000e+04,6.32348840e-06
4.28400000e+04,6.32276699e-06
4.28500000e+04,6.32207011e-06
4.28600000e+04,6.32123669e-06
4.28700000e+04,6.32051892e-06
4.28800000e+04,6.31979634e-06
4.28900000e+04,6.31907035e-06
4.29000000e+04,6.31835186e-06
4.29100000e+04,6.31760097e-06
4.29200000e+04,6.31681665e-06
4.29300000e+04,6.31608473e-06
4.29400000e+04,6.31532821e-06
4.29500000e+04,6.31456979e-06
4.29600000e+04,6.31383062e-06
4.29700000e+04,6.31312426e-06
4.29800000e+04,6.31239228e-06
4.29900000e+04,6.31160298e-06
4.30000000e+04,6.31092702e-06
4.30100000e+04,6.31015025e-06
4.30200000e+04,6.30945851e-06
4.30300000e+04,6.30871574e-06
4.30400000e+04,6.30797262e-06
4.30500000e+04,6.30727352e-06
4.30600000e+04,6.30655259e-06
4.30700000e+04,6.30582103e-06
4.30800000e+04,6.30509408e-06
4.30900000e+04,6.30437266e-06
4.31000000e+04,6.30367329e-06
4.31100000e+04,6.30295111e-06
4.31200000e+04,6.30221355e-06
4.31300000e+04,6.30149343e-06
4.31400000e+04,6.30077949e-06
4.31500000e+04,6.30009082e-06
4.31600000e+04,6.29933810e-06
4.31700000e+04,6.29861651e-06
4.31800000e+04,6.29790631e-06
4.31900000e+04,6.29719267e-06
4.32000000e+04,6.29650675e-06
4.32100000e+04,6.29581720e-06
4.32200000e+04,6.29505634e-06
4.32300000e+04,6.29437125e-06
4.32400000e+04,6.29367330e-06
4.32500000e+04,6.29292633e-06
4.32600000e+04,6.29226470e-06
4.32700000e+04,6.29154557e-06
4.32800000e+04,6.29080360e-06
4.32900000e+04,6.29013832e-06
4.33000000e+04,6.28942839e-06
4.33100000e+04,6.28872972e-06
4.33200000e+04,6.28803966e-06
4.33300000e+04,6.28734806e-06
4.33400000e+04,6.28667356e-06
4.33500000e+04,6.28592726e-06
4.33600000e+04,6.28525859e-06
4.33700000e+04,6.28457610e-06
4.33800000e+04,6.28378852e-06
4.33900000e+04,6.28317447e-06
4.34000000e+04,6.28246828e-06
4.34100000e+04,6.28174125e-06
4.34200000e+04,6.28112220e-06
4.34300000e+04,6.28037552e-06
4.34400000e+04,6.27967367e-06
4.34500000e+04,6.27900047e-06
4.34600000e+04,6.27831208e-06
4.34700000e+04,6.27761569e-06
4.34800000e+04,6.27694986e-06
4.34900000e+04,6.27622626e-06
4.35000000e+04,6.27556410e-06
4.35100000e+04,6.27484779e-06
4.35200000e+04,6.27416388e-06
4.35300000e+04,6.27345732e-06
4.35400000e+04,6.27278047e-06
4.35500000e+04,6.27214738e-06
4.35600000e+04,6.27145423e-06
4.35700000e+04,6.27077102e-06
4.35800000e+04,6.27005114e-06
4.35900000e+04,6.26934545e-06
4.36000000e+04,6.26869919e-06
4.36100000e+04,6.26801080e-06
4.36200000e+04,6.26737092e-06
4.36300000e+04,6.26667365e-06
4.36400000e+04,6.26597396e-06
4.36500000e+04,6.26530480e-06
4.36600000e+04,6.26466073e-06
4.36700000e+04,6.26394338e-06
4.36800000e+04,6.26331343e-06
4.36900000e+04,6.26259117e-06
4.37000000e+04,6.26192695e-06
4.37100000e+04,6.26125821e-06
4.37200000e+04,6.26054193e-06
4.37300000e+04,6.25990383e-06
4.37400000e+04,6.25924529e-06
4.37500000e+04,6.25857271e-06
4.37600000e+04,6.25791092e-06
4.37700000e+04,6.25727491e-06
4.37800000e+04,6.25665555e-06
4.37900000e+04,6.25597014e-06
4.38000000e+04,6.25530495e-06
4.38100000e+04,6.25467198e-06
4.38200000e+04,6.25398513e-06
4.38300000e+04,6.25332775e-06
4.38400000e+04,6.25269933e-06
4.38500000e+04,6.25203944e-06
4.38600000e+04,6.25137713e-06
4.38700000e+04,6.25073385e-06
4.38800000e+04,6.25008977e-06
4.38900000e+04,6.24942759e-06
4.39000000e+04,6.24878503e-06
4.39100000e+04,6.24813901e-06
4.39200000e+04,6.24745548e-06
4.39300000e+04,6.24686783e-06
4.39400000e+04,6.24622082e-06
4.39500000e+04,6.24559043e-06
4.39600000e+04,6.24492084e-06
4.39700000e+04,6.24426469e-06
4.39800000e+04,6.24361778e-06
4.39900000e+04,6.24301598e-06
4.40000000e+04,6.24236129e-06
4.40100000e+04,6.24171310e-06
4.40200000e+04,6.24107516e-06
4.40300000e+04,6.24052754e-06
4.40400000e+04,6.23983083e-06
4.40500000e+04,6.23920410e-06
4.40600000e+04,6.23855472e-06
4.40700000e+04,6.23790085e-06
4.40800000e+04,6.23729265e-06
4.40900000e+04,6.23666331e-06
4.41000000e+04,6.23605321e-06
4.41100000e+04,6.23541362e-06
4.41200000e+04,6.23477112e-06
4.41300000e+04,6.23414363e-06
4.41400000e+04,6.23349971e-06
4.41500000e+04,6.23284716e-06
4.41600000e+04,6.23226932e-06
4.41700000e+04,6.23161220e-06
4.41800000e+04,6.23100040e-06
4.41900000e+04,6.23037678e-06
4.42000000e+04,6.22972042e-06
4.42100000e+04,6.22919234e-06
4.42200000e+04,6.22854457e-06
4.42300000e+04,6.22787996e-06
4.42400000e+04,6.22730308e-06
4.42500000e+04,6.22664827e-06
4.42600000e+04,6.22602360e-06
4.42700000e+04,6.22542264e-06
4.42800000e+04,6.22483170e-06
4.42900000e+04,6.22423079e-06
4.43000000e+04,6.22357247e-06
4.43100000e+04,6.22300121e-06
4.43200000e+04,6.22235789e-06
4.43300000e+04,6.22174302e-06
4.43400000e+04,6.22118671e-06
4.43500000e+04,6.22055595e-06
4.43600000e+04,6.21998595e-06
4.43700000e+04,6.21931044e-06
4.43800000e+04,6.21871753e-06
4.43900000e+04,6.21816620e-06
4.44000000e+04,6.21749047e-06
4.44100000e+04,6.21693656e-06
4.44200000e+04,6.21633814e-06
4.44300000e+04,6.21574629e-06
4.44400000e+04,6.21517383e-06
4.44500000e+04,6.21456313e-06
4.44600000e+04,6.21398850e-06
4.44700000e+04,6.21340378e-06
4.44800000e+04,6.21279677e-06
4.44900000e+04,6.21216982e-06
4.45000000e+04,6.21158249e-06
4.45100000e+04,6.21100691e-06
4.45200000e+04,6.21039302e-06
4.45300000e+04,6.20977843e-06
4.45400000e+04,6.20923267e-06
4.45500000e+04,6.20861265e-06
4.45600000e+04,6.20805471e-06
4.45700000e+04,6.20743784e-06
4.45800000e+04,6.20688014e-06
4.45900000e+04,6.20625511e-06
4.46000000e+04,6.20567255e-06
4.46100000e+04,6.20508743e-06
4.46200000e+04,6.20450762e-06
4.46300000e+04,6.20390717e-06
4.46400000e+04,6.20333747e-06
4.46500000e+04,6.20274576e-06
4.46600000e+04,6.20218528e-06
4.46700000e+04,6.20158807e-06
4.46800000e+04,6.20097847e-06
4.46900000e+04,6.20042024e-06
4.47000000e+04,6.19995942e-06
4.47100000e+04,6.19923940e-06
4.47200000e+04,6.19869512e-06
4.47300000e+04,6.19806750e-06
4.47400000e+04,6.19753075e-06
4.47500000e+04,6.19692368e-06
4.47600000e+04,6.19635408e-06
4.47700000e+04,6.19581435e-06
4.47800000e+04,6.19522744e-06
4.47900000e+04,6.19465530e-06
4.48000000e+04,6.19406343e-06
4.48100000e+04,6.19352361e-06
4.48200000e+04,6.19290763e-06
4.48300000e+04,6.19235456e-06
4.48400000e+04,6.19179078e-06
4.48500000e+04,6.19120923e-06
4.48600000e+04,6.19061913e-06
4.48700000e+04,6.19005904e-06
4.48800000e+04,6.18952750e-06
4.48900000e+04,6.18893240e-06
4.49000000e+04,6.18836600e-06
4.49100000e+04,6.18780901e-06
4.49200000e+04,6.18725515e-06
4.49300000e+04,6.18669889e-06
4.49400000e+04,6.18610491e-06
4.49500000e+04,6.18552471e-06
4.49600000e+04,6.18501252e-06
4.49700000e+04,6.18442610e-06
4.49800000e+04,6.18385017e-06
4.49900000e+04,6.18329837e-06
4.50000000e+04,6.18274728e-06
4.50100000e+04,6.18218968e-06
4.50200000e+04,6.18158230e-06
4.50300000e+04,6.18106986e-06
4.50400000e+04,6.18056234e-06
4.50500000e+04,6.17996439e-06
4.50600000e+04,6.17940698e-06
4.50700000e+04,6.17883557e-06
4.50800000e+04,6.17827875e-06
4.50900000e+04,6.17773911e-06
4.51000000e+04,6.17718428e-06
4.51100000e+04,6.17665508e-06
4.51200000e+04,6.17611153e-06
4.51300000e+04,6.17558177e-06
4.51400000e+04,6.17497140e-06
4.51500000e+04,6.17445178e-06
4.51600000e+04,6.17393925e-06
4.51700000e+04,6.17335595e-06
4.51800000e+04,6.17285331e-06
4.51900000e+04,6.17226301e-06
4.52000000e+04,6.17169923e-06
4.52100000e+04,6.17116949e-06
4.52200000e+04,6.17062896e-06
4.52300000e+04,6.17010054e-06
4.52400000e+04,6.16957395e-06
4.52500000e+04,6.16899446e-06
4.52600000e+04,6.16848965e-06
4.52700000e+04,6.16795089e-06
4.52800000e+04,6.16739046e-06
4.52900000e+04,6.16683618e-06
4.53000000e+04,6.16633199e-06
4.53100000e+04,6.16576196e-06
4.53200000e+04,6.16522173e-06
4.53300000e+04,6.16471952e-06
4.53400000e+04,6.16418059e-06
4.53500000e+04,6.16364834e-06
4.53600000e+04,6.16309456e-06
4.53700000e+04,6.16258868e-06
4.53800000e+04,6.16204473e-06
4.53900000e+04,6.16146824e-06
4.54000000e+04,6.16095136e-06
4.54100000e+04,6.16045172e-06
4.54200000e+04,6.15988855e-06
4.54300000e+04,6.15937578e-06
4.54400000e+04,6.15884476e-06
4.54500000e+04,6.15827295e-06
4.54600000e+04,6.15777392e-06
4.54700000e+04,6.15726439e-06
4.54800000e+04,6.15667165e-06
4.54900000e+04,6.15619390e-06
4.55000000e+04,6.15567518e-06
4.55100000e+04,6.15515456e-06
4.55200000e+04,6.15456350e-06
4.55300000e+04,6.15405362e-06
4.55400000e+04,6.15357636e-06
4.55500000e+04,6.15303714e-06
4.55600000e+04,6.15249589e-06
4.55700000e+04,6.15201942e-06
4.55800000e+04,6.15148510e-06
4.55900000e+04,6.15094721e-06
4.56000000e+04,6.15046514e-06
4.56100000e+04,6.14993063e-06
4.56200000e+04,6.14943223e-06
4.56300000e+04,6.14893499e-06
4.56400000e+04,6.14844067e-06
4.56500000e+04,6.14791901e-06
4.56600000e+04,6.14738309e-06
4.56700000e+04,6.14685935e-06
4.56800000e+04,6.14635978e-06
4.56900000e+04,6.14586635e-06
4.57000000e+04,6.14536555e-06
4.57100000e+04,6.14484722e-06
4.57200000e+04,6.14436510e-06
4.57300000e+04,6.14384343e-06
4.57400000e+04,6.14331715e-06
4.57500000e+04,6.14280742e-06
4.57600000e+04,6.14232515e-06
4.57700000e+04,6.14186897e-06
4.57800000e+04,6.14135593e-06
4.57900000e+04,6.14084028e-06
4.58000000e+04,6.14034603e-06
4.58100000e+04,6.13986333e-06
4.58200000e+04,6.13940473e-06
4.58300000e+04,6.13889273e-06
4.58400000e+04,6.13838734e-06
4.58500000e+04,6.13794141e-06
4.58600000e+04,6.13741726e-06
4.58700000e+04,6.13692293e-06
4.58800000e+04,6.13643502e-06
4.58900000e+04,6.13597438e-06
4.59000000e+04,6.13548236e-06
4.59100000e+04,6.13498800e-06
4.59200000e+04,6.13449110e-06
4.59300000e+04,6.13402492e-06
4.59400000e+04,6.13352835e-06
4.59500000e+04,6.13303013e-06
4.59600000e+04,6.13256533e-06
4.59700000e+04,6.13205129e-06
4.59800000e+04,6.13160455e-06
4.59900000e+04,6.13112513e-06
4.60000000e+04,6.13066272e-06
4.60100000e+04,6.13016277e-06
4.60200000e+04,6.12970149e-06
4.60300000e+04,6.12921463e-06
4.60400000e+04,6.12872422e-06
4.60500000e+04,6.12824863e-06
4.60600000e+04,6.12779681e-06
4.60700000e+04,6.12731848e-06
4.60800000e+04,6.12678965e-06
4.60900000e+04,6.12636798e-06
4.61000000e+04,6.12589878e-06
4.61100000e+04,6.12540994e-06
4.61200000e+04,6.12496098e-06
4.61300000e+04,6.12447962e-06
4.61400000e+04,6.12401091e-06
4.61500000e+04,6.12354195e-06
4.61600000e+04,6.12308318e-06
4.61700000e+04,6.12261138e-06
4.61800000e+04,6.12213259e-06
4.61900000e+04,6.12168822e-06
4.62000000e+04,6.12121812e-06
4.62100000e+04,6.12072400e-06
4.62200000e+04,6.12031186e-06
4.62300000e+04,6.11983484e-06
4.62400000e+04,6.11937731e-06
4.62500000e+04,6.11891771e-06
4.62600000e+04,6.11844213e-06
4.62700000e+04,6.11800997e-06
4.62800000e+04,6.11754623e-06
4.62900000e+04,6.11712441e-06
4.63000000e+04,6.11662605e-06
4.63100000e+04,6.11617814e-06
4.63200000e+04,6.11571589e-06
4.63300000e+04,6.11527377e-06
4.63400000e+04,6.11481087e-06
4.63500000e+04,6.11436341e-06
4.63600000e+04,6.11391376e-06
4.63700000e+04,6.11347507e-06
4.63800000e+04,6.11299591e-06
4.63900000e+04,6.11253085e-06
4.64000000e+04,6.11209900e-06
4.64100000e+04,6.11164716e-06
4.64200000e+04,6.11122609e-06
4.64300000e+04,6.11076813e-06
4.64400000e+04,6.11032344e-06
4.64500000e+04,6.10988804e-06
4.64600000e+04,6.10944041e-06
4.64700000e+04,6.10900074e-06
4.64800000e+04,6.10851600e-06
4.64900000e+04,6.10808629e-06
4.65000000e+04,6.10761239e-06
4.65100000e+04,6.10722147e-06
4.65200000e+04,6.10678171e-06
4.65300000e+04,6.10631664e-06
4.65400000e+04,6.10587619e-06
4.65500000e+04,6.10547861e-06
4.65600000e+04,6.10500682e-06
4.65700000e+04,6.10457376e-06
4.65800000e+04,6.10414187e-06
4.65900000e+04,6.10368902e-06
4.66000000e+04,6.10327635e-06
4.66100000e+04,6.10285245e-06
4.66200000e+04,6.10240116e-06
4.66300000e+04,6.10194730e-06
4.66400000e+04,6.10154784e-06
4.66500000e+04,6.10107668e-06
4.66600000e+04,6.10066619e-06
4.66700000e+04,6.10023846e-06
4.66800000e+04,6.09980038e-06
4.66900000e+04,6.09936837e-06
4.67000000e+04,6.09894131e-06
4.67100000e+04,6.09851202e-06
4.67200000e+04,6.09807117e-06
4.67300000e+04,6.09765904e-06
4.67400000e+04,6.09723638e-06
4.67500000e+04,6.09683597e-06
4.67600000e+04,6.09637128e-06
4.67700000e+04,6.09597045e-06
4.67800000e+04,6.09553999e-06
4.67900000e+04,6.09513231e-06
4.68000000e+04,6.09467701e-06
4.68100000e+04,6.09423282e-06
4.68200000e+04,6.09383958e-06
4.68300000e+04,6.09342594e-06
4.68400000e+04,6.09296422e-06
4.68500000e+04,6.09258619e-06
4.68600000e+04,6.09215832e-06
4.68700000e+04,6.09174588e-06
4.68800000e+04,6.09132246e-06
4.68900000e+04,6.09087982e-06
4.69000000e+04,6.09047918e-06
4.69100000e+04,6.09005438e-06
4.69200000e+04,6.08967656e-06
4.69300000e+04,6.08926395e-06
4.69400000e+04,6.08881701e-06
4.69500000e+04,6.08840874e-06
4.69600000e+04,6.08798796e-06
4.69700000e+04,6.08758022e-06
4.69800000e+04,6.08715049e-06
4.69900000e+04,6.08676699e-06
4.70000000e+04,6.08634909e-06
4.70100000e+04,6.08588313e-06
4.70200000e+04,6.08549224e-06
4.70300000e+04,6.08512564e-06
4.70400000e+04,6.08468806e-06
4.70500000e+04,6.08427068e-06
4.70600000e+04,6.08389279e-06
4.70700000e+04,6.08347544e-06
4.70800000e+04,6.08307033e-06
4.70900000e+04,6.08266085e-06
4.71000000e+04,6.08227503e-06
4.71100000e+04,6.08187163e-06
4.71200000e+04,6.08141843e-06
4.71300000e+04,6.08105231e-06
4.71400000e+04,6.08062568e-06
4.71500000e+04,6.08026358e-06
4.71600000e+04,6.07984156e-06
4.71700000e+04,6.07945759e-06
4.71800000e+04,6.07908059e-06
4.71900000e+04,6.07864644e-06
4.72000000e+04,6.07822429e-06
4.72100000e+04,6.07785241e-06
4.72200000e+04,6.07748559e-06
4.72300000e+04,6.07706580e-06
4.72400000e+04,6.07667993e-06
4.72500000e+04,6.07627074e-06
4.72600000e+04,6.07588273e-06
4.72700000e+04,6.07549385e-06
4.72800000e+04,6.07508542e-06
4.72900000e+04,6.07468995e-06
4.73000000e+04,6.07431175e-06
4.73100000e+04,6.07394137e-06
4.73200000e+04,6.07357122e-06
4.73300000e+04,6.07315162e-06
4.73400000e+04,6.07274405e-06
4.73500000e+04,6.07235655e-06
4.73600000e+04,6.07193443e-06
4.73700000e+04,6.07161327e-06
4.73800000e+04,6.07121614e-06
4.73900000e+04,6.07081679e-06
4.74000000e+04,6.07047634e-06
4.74100000e+04,6.06999498e-06
4.74200000e+04,6.06969352e-06
4.74300000e+04,6.06928754e-06
4.74400000e+04,6.06891394e-06
4.74500000e+04,6.06852291e-06
4.74600000e+04,6.06813365e-06
4.74700000e+04,6.06772823e-06
4.74800000e+04,6.06732206e-06
4.74900000e+04,6.06696382e-06
4.75000000e+04,6.06662406e-06
4.75100000e+04,6.06624037e-06
4.75200000e+04,6.06586123e-06
4.75300000e+04,6.06551405e-06
4.75400000e+04,6.06506950e-06
4.75500000e+04,6.06473502e-06
4.75600000e+04,6.06435227e-06
4.75700000e+04,6.06397403e-06
4.75800000e+04,6.06359283e-06
4.75900000e+04,6.06321052e-06
4.76000000e+04,6.06287473e-06
4.76100000e+04,6.06246316e-06
4.76200000e+04,6.06207015e-06
4.76300000e+04,6.06171534e-06
4.76400000e+04,6.06136126e-06
4.76500000e+04,6.06098872e-06
4.76600000e+04,6.06061111e-06
4.76700000e+04,6.06024543e-06
4.76800000e+04,6.05987456e-06
4.76900000e+04,6.05949847e-06
4.77000000e+04,6.05909610e-06
4.77100000e+04,6.05878712e-06
4.77200000e+04,6.05840473e-06
4.77300000e+04,6.05802699e-06
4.77400000e+04,6.05766157e-06
4.77500000e+04,6.05729506e-06
4.77600000e+04,6.05692954e-06
4.77700000e+04,6.05657826e-06
4.77800000e+04,6.05620659e-06
4.77900000e+04,6.05583196e-06
4.78000000e+04,6.05548312e-06
4.78100000e+04,6.05512755e-06
4.78200000e+04,6.05473419e-06
4.78300000e+04,6.05435781e-06
4.78400000e+04,6.05402836e-06
4.78500000e+04,6.05364900e-06
4.78600000e+04,6.05327015e-06
4.78700000e+04,6.05291964e-06
4.78800000e+04,6.05257747e-06
4.78900000e+04,6.05225850e-06
4.79000000e+04,6.05184613e-06
4.79100000e+04,6.05151531e-06
4.79200000e+04,6.05114607e-06
4.79300000e+04,6.05082145e-06
4.79400000e+04,6.05045288e-06
4.79500000e+04,6.05007142e-06
4.79600000e+04,6.04972906e-06
4.79700000e+04,6.04938600e-06
4.79800000e+04,6.04904161e-06
4.79900000e+04,6.04867292e-06
4.80000000e+04,6.04831029e-06
4.80100000e+04,6.04796520e-06
4.80200000e+04,6.04760455e-06
4.80300000e+04,6.04726657e-06
4.80400000e+04,6.04687343e-06
4.80500000e+04,6.04655490e-06
4.80600000e+04,6.04622346e-06
4.80700000e+04,6.04588288e-06
4.80800000e+04,6.04549560e-06
4.80900000e+04,6.04518800e-06
4.81000000e+04,6.04484662e-06
4.81100000e+04,6.04449349e-06
4.81200000e+04,6.04415854e-06
4.81300000e+04,6.04381516e-06
4.81400000e+04,6.04348942e-06
4.81500000e+04,6.04311407e-06
4.81600000e+04,6.04279151e-06
4.81700000e+04,6.04244900e-06
4.81800000e+04,6.04209170e-06
4.81900000e+04,6.04176257e-06
4.82000000e+04,6.04141250e-06
4.82100000e+04,6.04108898e-06
4.82200000e+04,6.04075354e-06
4.82300000e+04,6.04041394e-06
4.82400000e+04,6.04006770e-06
4.82500000e+04,6.03971520e-06
4.82600000e+04,6.03940047e-06
4.82700000e+04,6.03907283e-06
4.82800000e+04,6.03874951e-06
4.82900000e+04,6.03838765e-06
4.83000000e+04,6.03808610e-06
4.83100000e+04,6.03775439e-06
4.83200000e+04,6.03738469e-06
4.83300000e+04,6.03708349e-06
4.83400000e+04,6.03674455e-06
4.83500000e+04,6.03644935e-06
4.83600000e+04,6.03611131e-06
4.83700000e+04,6.03577789e-06
4.83800000e+04,6.03543199e-06
4.83900000e+04,6.03512183e-06
4.84000000e+04,6.03481829e-06
4.84100000e+04,6.03449167e-06
4.84200000e+04,6.03417444e-06
4.84300000e+04,6.03378935e-06
4.84400000e+04,6.03349158e-06
4.84500000e+04,6.03313110e-06
4.84600000e+04,6.03284694e-06
4.84700000e+04,6.03248033e-06
4.84800000e+04,6.03219854e-06
4.84900000e+04,6.03186201e-06
4.85000000e+04,6.03155461e-06
4.85100000e+04,6.03127801e-06
4.85200000e+04,6.03088419e-06
4.85300000e+04,6.03059637e-06
4.85400000e+04,6.03030234e-06
4.85500000e+04,6.02994787e-06
4.85600000e+04,6.02963406e-06
4.85700000e+04,6.02936022e-06
4.85800000e+04,6.02899205e-06
4.85900000e+04,6.02868306e-06
4.86000000e+04,6.02837394e-06
4.86100000e+04,6.02805810e-06
4.86200000e+04,6.02777574e-06
4.86300000e+04,6.02749198e-06
4.86400000e+04,6.02714916e-06
4.86500000e+04,6.02680259e-06
4.86600000e+04,6.02650539e-06
4.86700000e+04,6.02617408e-06
4.86800000e+04,6.02592412e-06
4.86900000e+04,6.02557722e-06
4.87000000e+04,6.02528179e-06
4.87100000e+04,6.02499493e-06
4.87200000e+04,6.02467131e-06
4.87300000e+04,6.02434384e-06
4.87400000e+04,6.02406304e-06
4.87500000e+04,6.02377667e-06
4.87600000e+04,6.02348289e-06
4.87700000e+04,6.02316858e-06
4.87800000e+04,6.02287149e-06
4.87900000e+04,6.02255914e-06
4.88000000e+04,6.02227543e-06
4.88100000e+04,6.02197722e-06
4.88200000e+04,6.02167526e-06
4.88300000e+04,6.02135222e-06
4.88400000e+04,6.02107158e-06
4.88500000e+04,6.02073571e-06
4.88600000e+04,6.02046341e-06
4.88700000e+04,6.02018018e-06
4.88800000e+04,6.01987174e-06
4.88900000e+04,6.01958950e-06
4.89000000e+04,6.01926869e-06
4.89100000e+04,6.01898099e-06
4.89200000e+04,6.01868515e-06
4.89300000e+04,6.01839405e-06
4.89400000e+04,6.01808875e-06
4.89500000e+04,6.01779158e-06
4.89600000e+04,6.01756672e-06
4.89700000e+04,6.01723997e-06
4.89800000e+04,6.01698750e-06
4.89900000e+04,6.01668812e-06
4.90000000e+04,6.01638062e-06
4.90100000e+04,6.01607007e-06
4.90200000e+04,6.01581422e-06
4.90300000e+04,6.01551955e-06
4.90400000e+04,6.01523761e-06
4.90500000e+04,6.01496006e-06
4.90600000e+04,6.01466436e-06
4.90700000e+04,6.01438755e-06
4.90800000e+04,6.01407964e-06
4.90900000e+04,6.01383512e-06
4.91000000e+04,6.01354141e-06
4.91100000e+04,6.01324640e-06
4.91200000e+04,6.01298991e-06
4.91300000e+04,6.01270409e-06
4.91400000e+04,6.01240138e-06
4.91500000e+04,6.01212536e-06
4.91600000e+04,6.01183554e-06
4.91700000e+04,6.01156058e-06
4.91800000e+04,6.01134222e-06
4.91900000e+04,6.01101034e-06
4.92000000e+04,6.01074936e-06
4.92100000e+04,6.01043701e-06
4.92200000e+04,6.01021482e-06
4.92300000e+04,6.00991392e-06
4.92400000e+04,6.00966418e-06
4.92500000e+04,6.00940419e-06
4.92600000e+04,6.00910835e-06
4.92700000e+04,6.00878866e-06
4.92800000e+04,6.00856230e-06
4.92900000e+04,6.00827870e-06
4.93000000e+04,6.00797054e-06
4.93100000e+04,6.00771968e-06
4.93200000e+04,6.00747641e-06
4.93300000e+04,6.00722529e-06
4.93400000e+04,6.00693182e-06
4.93500000e+04,6.00666973e-06
4.93600000e+04,6.00637999e-06
4.93700000e+04,6.00616691e-06
4.93800000e+04,6.00588268e-06
4.93900000e+04,6.00559030e-06
4.94000000e+04,6.00535137e-06
4.94100000e+04,6.00509807e-06
4.94200000e+04,6.00480014e-06
4.94300000e+04,6.00456794e-06
4.94400000e+04,6.00428207e-06
4.94500000e+04,6.00402010e-06
4.94600000e+04,6.00376505e-06
4.94700000e+04,6.00352166e-06
4.94800000e+04,6.00321426e-06
4.94900000e+04,6.00298390e-06
4.95000000e+04,6.00272243e-06
4.95100000e+04,6.00250027e-06
4.95200000e+04,6.00221011e-06
4.95300000e+04,6.00196985e-06
4.95400000e+04,6.00171649e-06
4.95500000e+04,6.00143714e-06
4.95600000e+04,6.00120298e-06
4.95700000e+04,6.00091029e-06
4.95800000e+04,6.00068991e-06
4.95900000e+04,6.00044897e-06
4.96000000e+04,6.00014394e-06
4.96100000e+04,5.99990366e-06
4.96200000e+04,5.99966284e-06
4.96300000e+04,5.99937749e-06
4.96400000e+04,5.99913035e-06
4.96500000e+04,5.99886058e-06
4.96600000e+04,5.99863288e-06
4.96700000e+04,5.99838059e-06
4.96800000e+04,5.99814533e-06
4.96900000e+04,5.99786712e-06
4.97000000e+04,5.99768017e-06
4.97100000e+04,5.99740062e-06
4.97200000e+04,5.99712706e-06
4.97300000e+04,5.99690549e-06
4.97400000e+04,5.99666229e-06
4.97500000e+04,5.99639132e-06
4.97600000e+04,5.99617405e-06
4.97700000e+04,5.99592300e-06
4.97800000e+04,5.99568676e-06
4.97900000e+04,5.99542569e-06
4.98000000e+04,5.99518698e-06
4.98100000e+04,5.99490679e-06
4.98200000e+04,5.99468640e-06
4.98300000e+04,5.99442540e-06
4.98400000e+04,5.99419772e-06
4.98500000e+04,5.99397181e-06
4.98600000e+04,5.99373165e-06
4.98700000e+04,5.99346203e-06
4.98800000e+04,5.99323003e-06
4.98900000e+04,5.99299386e-06
4.99000000e+04,5.99276405e-06
4.99100000e+04,5.99247878e-06
4.99200000e+04,5.99228516e-06
4.99300000e+04,5.99202998e-06
4.99400000e+04,5.99176226e-06
4.99500000e+04,5.99155061e-06
4.99600000e+04,5.99133678e-06
4.99700000e+04,5.99110982e-06
4.99800000e+04,5.99083787e-06
4.99900000e+04,5.99059067e-06
5.00000000e+04,5.99032690e-06
5.00100000e+04,5.99012474e-06
5.00200000e+04,5.98993000e-06
5.00300000e+04,5.98967556e-06
5.00400000e+04,5.98942800e-06
5.00500000e+04,5.98920437e-06
5.00600000e+04,5.98895733e-06
5.00700000e+04,5.98873686e-06
5.00800000e+04,5.98849553e-06
5.00900000e+04,5.98829691e-06
5.01000000e+04,5.98801632e-06
5.01100000e+04,5.98781332e-06
5.01200000e+04,5.98762979e-06
5.01300000e+04,5.98738040e-06
5.01400000e+04,5.98712444e-06
5.01500000e+04,5.98690048e-06
5.01600000e+04,5.98666692e-06
5.01700000e+04,5.98642914e-06
5.01800000e+04,5.98622519e-06
5.01900000e+04,5.98601140e-06
5.02000000e+04,5.98576328e-06
5.02100000e+04,5.98552615e-06
5.02200000e+04,5.98533192e-06
5.02300000e+04,5.98503902e-06
5.02400000e+04,5.98489099e-06
5.02500000e+04,5.98465672e-06
5.02600000e+04,5.98440926e-06
5.02700000e+04,5.98416465e-06
5.02800000e+04,5.98395642e-06
5.02900000e+04,5.98374864e-06
5.03000000e+04,5.98351829e-06
5.03100000e+04,5.98331565e-06
5.03200000e+04,5.98311009e-06
5.03300000e+04,5.98289073e-06
5.03400000e+04,5.98266501e-06
5.03500000e+04,5.98241317e-06
5.03600000e+04,5.98219095e-06
5.03700000e+04,5.98199943e-06
5.03800000e+04,5.98176721e-06
5.03900000e+04,5.98156642e-06
5.04000000e+04,5.98133741e-06
5.04100000e+04,5.98111714e-06
5.04200000e+04,5.98090425e-06
5.04300000e+04,5.98071506e-06
5.04400000e+04,5.98045316e-06
5.04500000e+04,5.98021076e-06
5.04600000e+04,5.98007602e-06
5.04700000e+04,5.97985604e-06
5.04800000e+04,5.97961836e-06
5.04900000e+04,5.97941000e-06
5.05000000e+04,5.97920886e-06
5.05100000e+04,5.97900417e-06
5.05200000e+04,5.97873969e-06
5.05300000e+04,5.97857245e-06
5.05400000e+04,5.97836650e-06
5.05500000e+04,5.97813472e-06
5.05600000e+04,5.97795056e-06
5.05700000e+04,5.97774402e-06
5.05800000e+04,5.97751841e-06
5.05900000e+04,5.97733233e-06
5.06000000e+04,5.97716610e-06
5.06100000e+04,5.97690454e-06
5.06200000e+04,5.97670972e-06
5.06300000e+04,5.97651093e-06
5.06400000e+04,5.97631164e-06
5.06500000e+04,5.97609584e-06
5.06600000e+04,5.97586137e-06
5.06700000e+04,5.97572048e-06
5.06800000e+04,5.97551207e-06
5.06900000e+04,5.97528240e-06
5.07000000e+04,5.97508926e-06
5.07100000e+04,5.97490689e-06
5.07200000e+04,5.97467556e-06
5.07300000e+04,5.97451311e-06
5.07400000e+04,5.97428761e-06
5.07500000e+04,5.97406340e-06
5.07600000e+04,5.97391133e-06
5.07700000e+04,5.97368400e-06
5.07800000e+04,5.97348569e-06
5.07900000e+04,5.97328777e-06
5.08000000e+04,5.97312631e-06
5.08100000e+04,5.97294173e-06
5.08200000e+04,5.97273716e-06
5.08300000e+04,5.97256499e-06
5.08400000e+04,5.97236178e-06
5.08500000e+04,5.97216082e-06
5.08600000e+04,5.97197571e-06
5.08700000e+04,5.97174067e-06
5.08800000e+04,5.97156952e-06
5.08900000e+04,5.97139718e-06
5.09000000e+04,5.97123292e-06
5.09100000e+04,5.97101964e-06
5.09200000e+04,5.97080491e-06
5.09300000e+04,5.97063058e-06
5.09400000e+04,5.97044188e-06
5.09500000e+04,5.97029718e-06
5.09600000e+04,5.97009575e-06
5.09700000e+04,5.96989919e-06
5.09800000e+04,5.96970223e-06
5.09900000e+04,5.96952455e-06
5.10000000e+04,5.96932377e-06
5.10100000e+04,5.96910521e-06
5.10200000e+04,5.96895053e-06
5.10300000e+04,5.96881210e-06
5.10400000e+04,5.96860076e-06
5.10500000e+04,5.96846205e-06
5.10600000e+04,5.96825800e-06
5.10700000e+04,5.96808527e-06
5.10800000e+04,5.96788161e-06
5.10900000e+04,5.96770456e-06
5.11000000e+04,5.96750892e-06
5.11100000e+04,5.96733377e-06
5.11200000e+04,5.96717336e-06
5.11300000e+04,5.96702934e-06
5.11400000e+04,5.96684328e-06
5.11500000e+04,5.96666215e-06
5.11600000e+04,5.96648542e-06
5.11700000e+04,5.96631922e-06
5.11800000e+04,5.96615262e-06
5.11900000e+04,5.96593590e-06
5.12000000e+04,5.96580129e-06
5.12100000e+04,5.96561765e-06
5.12200000e+04,5.96548545e-06
5.12300000e+04,5.96526762e-06
5.12400000e+04,5.96510172e-06
5.12500000e+04,5.96496076e-06
5.12600000e+04,5.96475963e-06
5.12700000e+04,5.96459853e-06
5.12800000e+04,5.96448374e-06
5.12900000e+04,5.96428399e-06
5.13000000e+04,5.96411699e-06
5.13100000e+04,5.96389055e-06
5.13200000e+04,5.96376073e-06
5.13300000e+04,5.96361521e-06
5.13400000e+04,5.96343400e-06
5.13500000e+04,5.96327941e-06
5.13600000e+04,5.96311274e-06
5.13700000e+04,5.96296140e-06
5.13800000e+04,5.96279864e-06
5.13900000e+04,5.96263469e-06
5.14000000e+04,5.96242591e-06
5.14100000e+04,5.96228710e-06
5.14200000e+04,5.96208150e-06
5.14300000e+04,5.96198782e-06
5.14400000e+04,5.96178053e-06
5.14500000e+04,5.96163205e-06
5.14600000e+04,5.96146791e-06
5.14700000e+04,5.96134441e-06
5.14800000e+04,5.96114816e-06
5.14900000e+04,5.96101109e-06
5.15000000e+04,5.96086711e-06
5.15100000e+04,5.96067937e-06
5.15200000e+04,5.96052731e-06
5.15300000e+04,5.96035150e-06
5.15400000e+04,5.96017901e-06
5.15500000e+04,5.96003472e-06
5.15600000e+04,5.95988366e-06
5.15700000e+04,5.95972932e-06
5.15800000e+04,5.95956935e-06
5.15900000e+04,5.95940397e-06
5.16000000e+04,5.95923053e-06
5.16100000e+04,5.95905936e-06
5.16200000e+04,5.95892234e-06
5.16300000e+04,5.95877988e-06
5.16400000e+04,5.95859680e-06
5.16500000e+04,5.95845758e-06
5.16600000e+04,5.95830199e-06
5.16700000e+04,5.95818171e-06
5.16800000e+04,5.95797051e-06
5.16900000e+04,5.95783181e-06
5.17000000e+04,5.95770607e-06
5.17100000e+04,5.95754459e-06
5.17200000e+04,5.95740172e-06
5.17300000e+04,5.95723110e-06
5.17400000e+04,5.95706246e-06
5.17500000e+04,5.95696768e-06
5.17600000e+04,5.95677896e-06
5.17700000e+04,5.95664901e-06
5.17800000e+04,5.95648322e-06
5.17900000e+04,5.95636711e-06
5.18000000e+04,5.95620321e-06
5.18100000e+04,5.95601752e-06
5.18200000e+04,5.95587029e-06
5.18300000e+04,5.95574021e-06
5.18400000e+04,5.95557534e-06
5.18500000e+04,5.95543944e-06
5.18600000e+04,5.95527906e-06
5.18700000e+04,5.95514736e-06
5.18800000e+04,5.95498691e-06
5.18900000e+04,5.95485825e-06
5.19000000e+04,5.95473649e-06
5.19100000e+04,5.95454697e-06
5.19200000e+04,5.95443401e-06
5.19300000e+04,5.95424628e-06
5.19400000e+04,5.95411067e-06
5.19500000e+04,5.95397235e-06
5.19600000e+04,5.95383916e-06
5.19700000e+04,5.95368334e-06
5.19800000e+04,5.95354769e-06
5.19900000e+04,5.95339992e-06
5.20000000e+04,5.95324766e-06
5.20100000e+04,5.95312007e-06
5.20200000e+04,5.95298686e-06
5.20300000e+04,5.95285549e-06
5.20400000e+04,5.95269944e-06
5.20500000e+04,5.95256275e-06
5.20600000e+04,5.95245722e-06
5.20700000e+04,5.95232252e-06
5.20800000e+04,5.95218294e-06
5.20900000e+04,5.95201409e-06
5.21000000e+04,5.95185501e-06
5.21100000e+04,5.95178013e-06
5.21200000e+04,5.95158347e-06
5.21300000e+04,5.95145533e-06
5.21400000e+04,5.95132492e-06
5.21500000e+04,5.95119219e-06
5.21600000e+04,5.95103782e-06
5.21700000e+04,5.95089990e-06
5.21800000e+04,5.95078765e-06
5.21900000e+04,5.95066695e-06
5.22000000e+04,5.95050298e-06
5.22100000e+04,5.95037862e-06
5.22200000e+04,5.95020518e-06
5.22300000e+04,5.95009330e-06
5.22400000e+04,5.94998560e-06
5.22500000e+04,5.94982292e-06
5.22600000e+04,5.94971094e-06
5.22700000e+04,5.94958854e-06
5.22800000e+04,5.94943154e-06
5.22900000e+04,5.94930137e-06
5.23000000e+04,5.94916617e-06
5.23100000e+04,5.94903887e-06
5.23200000e+04,5.94894888e-06
5.23300000e+04,5.94879029e-06
5.23400000e+04,5.94869167e-06
5.23500000e+04,5.94851997e-06
5.23600000e+04,5.94840166e-06
5.23700000e+04,5.94829445e-06
5.23800000e+04,5.94813922e-06
5.23900000e+04,5.94800391e-06
5.24000000e+04,5.94786470e-06
5.24100000e+04,5.94775494e-06
5.24200000e+04,5.94763128e-06
5.24300000e+04,5.94750714e-06
5.24400000e+04,5.94737666e-06
5.24500000e+04,5.94729019e-06
5.24600000e+04,5.94716298e-06
5.24700000e+04,5.94700693e-06
5.24800000e+04,5.94692618e-06
5.24900000e+04,5.94676127e-06
5.25000000e+04,5.94663063e-06
5.25100000e+04,5.94653908e-06
5.25200000e+04,5.94639662e-06
5.25300000e+04,5.94626235e-06
5.25400000e+04,5.94612582e-06
5.25500000e+04,5.94598111e-06
5.25600000e+04,5.94586920e-06
5.25700000e+04,5.94575646e-06
5.25800000e+04,5.94567452e-06
5.25900000e+04,5.94553477e-06
5.26000000e+04,5.94541766e-06
5.26100000e+04,5.94531131e-06
5.26200000e+04,5.94520574e-06
5.26300000e+04,5.94504696e-06
5.26400000e+04,5.94490759e-06
5.26500000e+04,5.94478279e-06
5.26600000e+04,5.94467397e-06
5.26700000e+04,5.94456677e-06
5.26800000e+04,5.94444131e-06
5.26900000e+04,5.94435764e-06
5.27000000e+04,5.94422330e-06
5.27100000e+04,5.94411960e-06
5.27200000e+04,5.94401248e-06
5.27300000e+04,5.94386623e-06
5.27400000e+04,5.94381571e-06
5.27500000e+04,5.94365628e-06
5.27600000e+04,5.94351476e-06
5.27700000e+04,5.94341475e-06
5.27800000e+04,5.94330735e-06
5.27900000e+04,5.94320155e-06
5.28000000e+04,5.94303020e-06
5.28100000e+04,5.94294653e-06
5.28200000e+04,5.94285068e-06
5.28300000e+04,5.94270952e-06
5.28400000e+04,5.94259701e-06
5.28500000e+04,5.94251849e-06
5.28600000e+04,5.94238749e-06
5.28700000e+04,5.94229789e-06
5.28800000e+04,5.94219769e-06
5.28900000e+04,5.94206073e-06
5.29000000e+04,5.94198215e-06
5.29100000e+04,5.94184904e-06
5.29200000e+04,5.94176373e-06
5.29300000e+04,5.94160576e-06
5.29400000e+04,5.94150507e-06
5.29500000e+04,5.94142887e-06
5.29600000e+04,5.94132571e-06
5.29700000e+04,5.94119933e-06
5.29800000e+04,5.94107693e-06
5.29900000e+04,5.94098052e-06
5.30000000e+04,5.94087564e-06
5.30100000e+04,5.94076774e-06
5.30200000e+04,5.94065666e-06
5.30300000e+04,5.94054687e-06
5.30400000e+04,5.94045040e-06
5.30500000e+04,5.94036029e-06
5.30600000e+04,5.94024218e-06
5.30700000e+04,5.94014422e-06
5.30800000e+04,5.94004286e-06
5.30900000e+04,5.93993323e-06
5.31000000e+04,5.93984260e-06
5.31100000e+04,5.93974060e-06
5.31200000e+04,5.93962367e-06
5.31300000e+04,5.93951544e-06
5.31400000e+04,5.93942457e-06
5.31500000e+04,5.93934353e-06
5.31600000e+04,5.93921799e-06
5.31700000e+04,5.93910889e-06
5.31800000e+04,5.93899032e-06
5.31900000e+04,5.93896613e-06
5.32000000e+04,5.93883908e-06
5.32100000e+04,5.93876778e-06
5.32200000e+04,5.93866852e-06
5.32300000e+04,5.93854913e-06
5.32400000e+04,5.93846259e-06
5.32500000e+04,5.93836196e-06
5.32600000e+04,5.93826016e-06
5.32700000e+04,5.93815535e-06
5.32800000e+04,5.93802272e-06
5.32900000e+04,5.93797334e-06
5.33000000e+04,5.93786837e-06
5.33100000e+04,5.93777154e-06
5.33200000e+04,5.93767257e-06
5.33300000e+04,5.93756421e-06
5.33400000e+04,5.93747247e-06
5.33500000e+04,5.93741510e-06
5.33600000e+04,5.93730495e-06
5.33700000e+04,5.93724752e-06
5.33800000e+04,5.93712714e-06
5.33900000e+04,5.93702760e-06
5.34000000e+04,5.93693969e-06
5.34100000e+04,5.93687990e-06
5.34200000e+04,5.93681701e-06
5.34300000e+04,5.93670332e-06
5.34400000e+04,5.93657319e-06
5.34500000e+04,5.93649113e-06
5.34600000e+04,5.93643916e-06
5.34700000e+04,5.93634178e-06
5.34800000e+04,5.93629929e-06
5.34900000e+04,5.93613710e-06
5.35000000e+04,5.93606118e-06
5.35100000e+04,5.93600136e-06
5.35200000e+04,5.93589571e-06
5.35300000e+04,5.93581420e-06
5.35400000e+04,5.93572215e-06
5.35500000e+04,5.93561315e-06
5.35600000e+04,5.93552455e-06
5.35700000e+04,5.93544256e-06
5.35800000e+04,5.93540483e-06
5.35900000e+04,5.93531771e-06
5.36000000e+04,5.93521991e-06
5.36100000e+04,5.93513232e-06
5.36200000e+04,5.93504832e-06
5.36300000e+04,5.93500361e-06
5.36400000e+04,5.93487538e-06
5.36500000e+04,5.93480798e-06
5.36600000e+04,5.93476180e-06
5.36700000e+04,5.93466605e-06
5.36800000e+04,5.93458579e-06
5.36900000e+04,5.93452932e-06
5.37000000e+04,5.93441257e-06
5.37100000e+04,5.93435905e-06
5.37200000e+04,5.93432854e-06
5.37300000e+04,5.93423972e-06
5.37400000e+04,5.93412494e-06
5.37500000e+04,5.93406529e-06
5.37600000e+04,5.93398410e-06
5.37700000e+04,5.93393062e-06
5.37800000e+04,5.93385228e-06
5.37900000e+04,5.93372751e-06
5.38000000e+04,5.93369954e-06
5.38100000e+04,5.93364725e-06
5.38200000e+04,5.93354328e-06
5.38300000e+04,5.93345250e-06
5.38400000e+04,5.93337243e-06
5.38500000e+04,5.93329686e-06
5.38600000e+04,5.93326345e-06
5.38700000e+04,5.93318631e-06
5.38800000e+04,5.93312347e-06
5.38900000e+04,5.93302422e-06
5.39000000e+04,5.93295327e-06
5.39100000e+04,5.93288299e-06
5.39200000e+04,5.93285022e-06
5.39300000e+04,5.93275012e-06
5.39400000e+04,5.93270314e-06
5.39500000e+04,5.93265398e-06
5.39600000e+04,5.93258276e-06
5.39700000e+04,5.93250556e-06
5.39800000e+04,5.93244552e-06
5.39900000e+04,5.93237210e-06
5.40000000e+04,5.93231003e-06
5.40100000e+04,5.93224514e-06
5.40200000e+04,5.93215395e-06
5.40300000e+04,5.93208895e-06
5.40400000e+04,5.93198690e-06
5.40500000e+04,5.93196037e-06
5.40600000e+04,5.93191023e-06
5.40700000e+04,5.93184269e-06
5.40800000e+04,5.93179877e-06
5.40900000e+04,5.93170817e-06
5.41000000e+04,5.93166048e-06
5.41100000e+04,5.93161903e-06
5.41200000e+04,5.93156902e-06
5.41300000e+04,5.93146624e-06
5.41400000e+04,5.93143274e-06
5.41500000e+04,5.93132446e-06
5.41600000e+04,5.93128476e-06
5.41700000e+04,5.93123193e-06
5.41800000e+04,5.93116758e-06
5.41900000e+04,5.93107886e-06
5.42000000e+04,5.93105430e-06
5.42100000e+04,5.93098240e-06
5.42200000e+04,5.93094560e-06
5.42300000e+04,5.93089506e-06
5.42400000e+04,5.93082199e-06
5.42500000e+04,5.93075708e-06
5.42600000e+04,5.93069826e-06
5.42700000e+04,5.93059031e-06
5.42800000e+04,5.93058625e-06
5.42900000e+04,5.93053940e-06
5.43000000e+04,5.93050581e-06
5.43100000e+04,5.93042455e-06
5.43200000e+04,5.93033899e-06
5.43300000e+04,5.93030710e-06
5.43400000e+04,5.93020225e-06
5.43500000e+04,5.93016140e-06
5.43600000e+04,5.93014848e-06
5.43700000e+04,5.93008751e-06
5.43800000e+04,5.93001706e-06
5.43900000e+04,5.92996259e-06
5.44000000e+04,5.92991941e-06
5.44100000e+04,5.92985313e-06
5.44200000e+04,5.92983199e-06
5.44300000e+04,5.92974594e-06
5.44400000e+04,5.92967653e-06
5.44500000e+04,5.92956623e-06
5.44600000e+04,5.92952152e-06
5.44700000e+04,5.92949226e-06
5.44800000e+04,5.92942335e-06
5.44900000e+04,5.92940438e-06
5.45000000e+04,5.92934882e-06
5.45100000e+04,5.92931061e-06
5.45200000e+04,5.92926491e-06
5.45300000e+04,5.92919929e-06
5.45400000e+04,5.92915626e-06
5.45500000e+04,5.92908223e-06
5.45600000e+04,5.92903174e-06
5.45700000e+04,5.92898204e-06
5.45800000e+04,5.92894033e-06
5.45900000e+04,5.92890062e-06
5.46000000e+04,5.92882485e-06
5.46100000e+04,5.92878236e-06
5.46200000e+04,5.92870805e-06
5.46300000e+04,5.92867432e-06
5.46400000e+04,5.92860870e-06
5.46500000e+04,5.92851994e-06
5.46600000e+04,5.92846151e-06
5.46700000e+04,5.92842277e-06
5.46800000e+04,5.92836279e-06
5.46900000e+04,5.92832252e-06
5.47000000e+04,5.92828611e-06
5.47100000e+04,5.92825045e-06
5.47200000e+04,5.92816958e-06
5.47300000e+04,5.92815448e-06
5.47400000e+04,5.92809586e-06
5.47500000e+04,5.92804142e-06
5.47600000e+04,5.92797801e-06
5.47700000e+04,5.92790612e-06
5.47800000e+04,5.92788547e-06
5.47900000e+04,5.92781338e-06
5.48000000e+04,5.92773200e-06
5.48100000e+04,5.92773930e-06
5.48200000e+04,5.92765056e-06
5.48300000e+04,5.92762532e-06
5.48400000e+04,5.92753724e-06
5.48500000e+04,5.92751619e-06
5.48600000e+04,5.92746694e-06
5.48700000e+04,5.92741397e-06
5.48800000e+04,5.92738457e-06
5.48900000e+04,5.92734444e-06
5.49000000e+04,5.92725765e-06
5.49100000e+04,5.92721316e-06
5.49200000e+04,5.92717020e-06
5.49300000e+04,5.92711208e-06
5.49400000e+04,5.92712792e-06
5.49500000e+04,5.92700846e-06
5.49600000e+04,5.92697795e-06
5.49700000e+04,5.92693923e-06
5.49800000e+04,5.92691752e-06
5.49900000e+04,5.92680512e-06
5.50000000e+04,5.92678599e-06
5.50100000e+04,5.92675976e-06
5.50200000e+04,5.92670662e-06
5.50300000e+04,5.92662016e-06
5.50400000e+04,5.92657544e-06
5.50500000e+04,5.92654821e-06
5.50600000e+04,5.92650375e-06
5.50700000e+04,5.92645179e-06
5.50800000e+04,5.92644446e-06
5.50900000e+04,5.92639540e-06
5.51000000e+04,5.92634797e-06
5.51100000e+04,5.92625732e-06
5.51200000e+04,5.92619509e-06
5.51300000e+04,5.92617612e-06
5.51400000e+04,5.92613504e-06
5.51500000e+04,5.92606512e-06
5.51600000e+04,5.92598048e-06
5.51700000e+04,5.92598259e-06
5.51800000e+04,5.92592275e-06
5.51900000e+04,5.92588364e-06
5.52000000e+04,5.92581637e-06
5.52100000e+04,5.92576908e-06
5.52200000e+04,5.92577706e-06
5.52300000e+04,5.92571854e-06
5.52400000e+04,5.92567950e-06
5.52500000e+04,5.92563680e-06
5.52600000e+04,5.92558061e-06
5.52700000e+04,5.92551522e-06
5.52800000e+04,5.92544819e-06
5.52900000e+04,5.92544365e-06
5.53000000e+04,5.92541847e-06
5.53100000e+04,5.92539536e-06
5.53200000e+04,5.92534679e-06
5.53300000e+04,5.92528475e-06
5.53400000e+04,5.92522960e-06
5.53500000e+04,5.92519242e-06
5.53600000e+04,5.92513532e-06
5.53700000e+04,5.92512016e-06
5.53800000e+04,5.92505882e-06
5.53900000e+04,5.92502237e-06
5.54000000e+04,5.92494807e-06
5.54100000e+04,5.92491166e-06
5.54200000e+04,5.92490494e-06
5.54300000e+04,5.92484880e-06
5.54400000e+04,5.92482228e-06
5.54500000e+04,5.92474542e-06
5.54600000e+04,5.92473572e-06
5.54700000e+04,5.92466223e-06
5.54800000e+04,5.92464925e-06
5.54900000e+04,5.92460617e-06
5.55000000e+04,5.92453972e-06
5.55100000e+04,5.92452647e-06
5.55200000e+04,5.92450381e-06
5.55300000e+04,5.92447509e-06
5.55400000e+04,5.92437872e-06
5.55500000e+04,5.92434734e-06
5.55600000e+04,5.92429915e-06
5.55700000e+04,5.92421781e-06
5.55800000e+04,5.92419453e-06
5.55900000e+04,5.92420409e-06
5.56000000e+04,5.92414625e-06
5.56100000e+04,5.92409861e-06
5.56200000e+04,5.92404781e-06
5.56300000e+04,5.92403180e-06
5.56400000e+04,5.92398974e-06
5.56500000e+04,5.92393147e-06
5.56600000e+04,5.92387013e-06
5.56700000e+04,5.92384770e-06
5.56800000e+04,5.92382480e-06
5.56900000e+04,5.92379699e-06
5.57000000e+04,5.92377793e-06
5.57100000e+04,5.92374435e-06
5.57200000e+04,5.92368746e-06
5.57300000e+04,5.92369391e-06
5.57400000e+04,5.92360639e-06
5.57500000e+04,5.92356692e-06
5.57600000e+04,5.92354643e-06
5.57700000e+04,5.92349023e-06
5.57800000e+04,5.92345533e-06
5.57900000e+04,5.92339206e-06
5.58000000e+04,5.92336758e-06
5.58100000e+04,5.92335031e-06
5.58200000e+04,5.92327425e-06
5.58300000e+04,5.92325761e-06
5.58400000e+04,5.92321464e-06
5.58500000e+04,5.92319162e-06
5.58600000e+04,5.92316649e-06
5.58700000e+04,5.92313323e-06
5.58800000e+04,5.92307825e-06
5.58900000e+04,5.92305921e-06
5.59000000e+04,5.92300584e-06
5.59100000e+04,5.92294800e-06
5.59200000e+04,5.92296925e-06
5.59300000e+04,5.92293246e-06
5.59400000e+04,5.92288662e-06
5.59500000e+04,5.92285114e-06
5.59600000e+04,5.92281581e-06
5.59700000e+04,5.92275454e-06
5.59800000e+04,5.92271081e-06
5.59900000e+04,5.92267098e-06
5.60000000e+04,5.92266020e-06
5.60100000e+04,5.92260633e-06
5.60200000e+04,5.92255851e-06
5.60300000e+04,5.92253900e-06
5.60400000e+04,5.92247566e-06
5.60500000e+04,5.92245734e-06
5.60600000e+04,5.92242313e-06
5.60700000e+04,5.92235128e-06
5.60800000e+04,5.92236348e-06
5.60900000e+04,5.92232367e-06
5.61000000e+04,5.92227282e-06
5.61100000e+04,5.92228133e-06
5.61200000e+04,5.92224093e-06
5.61300000e+04,5.92222470e-06
5.61400000e+04,5.92219713e-06
5.61500000e+04,5.92212949e-06
5.61600000e+04,5.92210396e-06
5.61700000e+04,5.92209356e-06
5.61800000e+04,5.92203151e-06
5.61900000e+04,5.92201171e-06
5.62000000e+04,5.92199297e-06
5.62100000e+04,5.92195977e-06
5.62200000e+04,5.92194010e-06
5.62300000e+04,5.92190069e-06
5.62400000e+04,5.92186954e-06
5.62500000e+04,5.92183192e-06
5.62600000e+04,5.92182589e-06
5.62700000e+04,5.92175975e-06
5.62800000e+04,5.92176540e-06
5.62900000e+04,5.92174921e-06
5.63000000e+04,5.92172482e-06
5.63100000e+04,5.92167272e-06
5.63200000e+04,5.92163637e-06
5.63300000e+04,5.92159244e-06
5.63400000e+04,5.92156990e-06
5.63500000e+04,5.92152460e-06
5.63600000e+04,5.92150112e-06
5.63700000e+04,5.92147222e-06
5.63800000e+04,5.92144690e-06
5.63900000e+04,5.92145018e-06
5.64000000e+04,5.92138556e-06
5.64100000e+04,5.92137095e-06
5.64200000e+04,5.92134957e-06
5.64300000e+04,5.92132164e-06
5.64400000e+04,5.92128640e-06
5.64500000e+04,5.92124492e-06
5.64600000e+04,5.92121353e-06
5.64700000e+04,5.92119258e-06
5.64800000e+04,5.92117405e-06
5.64900000e+04,5.92113261e-06
5.65000000e+04,5.92113380e-06
5.65100000e+04,5.92110982e-06
5.65200000e+04,5.92108441e-06
5.65300000e+04,5.92103137e-06
5.65400000e+04,5.92101964e-06
5.65500000e+04,5.92097568e-06
5.65600000e+04,5.92096390e-06
5.65700000e+04,5.92092798e-06
5.65800000e+04,5.92094384e-06
5.65900000e+04,5.92091858e-06
5.66000000e+04,5.92087767e-06
5.66100000e+04,5.92086690e-06
5.66200000e+04,5.92082083e-06
5.66300000e+04,5.92076245e-06
5.66400000e+04,5.92077612e-06
5.66500000e+04,5.92078368e-06
5.66600000e+04,5.92075566e-06
5.66700000e+04,5.92069170e-06
5.66800000e+04,5.92066920e-06
5.66900000e+04,5.92066039e-06
5.67000000e+04,5.92067333e-06
5.67100000e+04,5.92063181e-06
5.67200000e+04,5.92058576e-06
5.67300000e+04,5.92058300e-06
5.67400000e+04,5.92060144e-06
5.67500000e+04,5.92052588e-06
5.67600000e+04,5.92052710e-06
5.67700000e+04,5.92046263e-06
5.67800000e+04,5.92048019e-06
5.67900000e+04,5.92040819e-06
5.68000000e+04,5.92040882e-06
5.68100000e+04,5.92035428e-06
5.68200000e+04,5.92035314e-06
5.68300000e+04,5.92033626e-06
5.68400000e+04,5.92033643e-06
5.68500000e+04,5.92030086e-06
5.68600000e+04,5.92028894e-06
5.68700000e+04,5.92028817e-06
5.68800000e+04,5.92024907e-06
5.68900000e+04,5.92020793e-06
5.69000000e+04,5.92022538e-06
5.69100000e+04,5.92020447e-06
5.69200000e+04,5.92017458e-06
5.69300000e+04,5.92013500e-06
5.69400000e+04,5.92012138e-06
5.69500000e+04,5.92010059e-06
5.69600000e+04,5.92007630e-06
5.69700000e+04,5.92004623e-06
5.69800000e+04,5.92006060e-06
5.69900000e+04,5.92004652e-06
5.70000000e+04,5.92004086e-06
5.70100000e+04,5.92000077e-06
5.70200000e+04,5.91994848e-06
5.70300000e+04,5.91999590e-06
5.70400000e+04,5.91996142e-06
5.70500000e+04,5.91993539e-06
5.70600000e+04,5.91991246e-06
5.70700000e+04,5.91987696e-06
5.70800000e+04,5.91986069e-06
5.70900000e+04,5.91982978e-06
5.71000000e+04,5.91981550e-06
5.71100000e+04,5.91980898e-06
5.71200000e+04,5.91978697e-06
5.71300000e+04,5.91978691e-06
5.71400000e+04,5.91973748e-06
5.71500000e+04,5.91973599e-06
5.71600000e+04,5.91970453e-06
5.71700000e+04,5.91967391e-06
5.71800000e+04,5.91969252e-06
5.71900000e+04,5.91968887e-06
5.72000000e+04,5.91966813e-06
5.72100000e+04,5.91967357e-06
5.72200000e+04,5.91962989e-06
5.72300000e+04,5.91961623e-06
5.72400000e+04,5.91960270e-06
5.72500000e+04,5.91956323e-06
5.72600000e+04,5.91954359e-06
5.72700000e+04,5.91953350e-06
5.72800000e+04,5.91953664e-06
5.72900000e+04,5.91951825e-06
5.73000000e+04,5.91949735e-06
5.73100000e+04,5.91949741e-06
5.73200000e+04,5.91945617e-06
5.73300000e+04,5.91944418e-06
5.73400000e+04,5.91942926e-06
5.73500000e+04,5.91938239e-06
5.73600000e+04,5.91936203e-06
5.73700000e+04,5.91936277e-06
5.73800000e+04,5.91934987e-06
5.73900000e+04,5.91932768e-06
5.74000000e+04,5.91931154e-06
5.74100000e+04,5.91932231e-06
5.74200000e+04,5.91931138e-06
5.74300000e+04,5.91929329e-06
5.74400000e+04,5.91929411e-06
5.74500000e+04,5.91924079e-06
5.74600000e+04,5.91919974e-06
5.74700000e+04,5.91921207e-06
5.74800000e+04,5.91920930e-06
5.74900000e+04,5.91919957e-06
5.75000000e+04,5.91915207e-06
5.75100000e+04,5.91913453e-06
5.75200000e+04,5.91914850e-06
5.75300000e+04,5.91918430e-06
5.75400000e+04,5.91915192e-06
5.75500000e+04,5.91913505e-06
5.75600000e+04,5.91911813e-06
5.75700000e+04,5.91907630e-06
5.75800000e+04,5.91907413e-06
5.75900000e+04,5.91904952e-06
5.76000000e+04,5.91901328e-06
5.76100000e+04,5.91899177e-06
5.76200000e+04,5.91899828e-06
5.76300000e+04,5.91898475e-06
5.76400000e+04,5.91896388e-06
5.76500000e+04,5.91896300e-06
5.76600000e+04,5.91892742e-06
5.76700000e+04,5.91895956e-06
5.76800000e+04,5.91892959e-06
5.76900000e+04,5.91889892e-06
5.77000000e+04,5.91890676e-06
5.77100000e+04,5.91887265e-06
5.77200000e+04,5.91886963e-06
5.77300000e+04,5.91883463e-06
5.77400000e+04,5.91882585e-06
5.77500000e+04,5.91883230e-06
5.77600000e+04,5.91880867e-06
5.77700000e+04,5.91878291e-06
5.77800000e+04,5.91878082e-06
5.77900000e+04,5.91877881e-06
5.78000000e+04,5.91878513e-06
5.78100000e+04,5.91876307e-06
5.78200000e+04,5.91870987e-06
5.78300000e+04,5.91868970e-06
5.78400000e+04,5.91866820e-06
5.78500000e+04,5.91868461e-06
5.78600000e+04,5.91865870e-06
5.78700000e+04,5.91866774e-06
5.78800000e+04,5.91866971e-06
5.78900000e+04,5.91865732e-06
5.79000000e+04,5.91861022e-06
5.79100000e+04,5.91856332e-06
5.79200000e+04,5.91856974e-06
5.79300000e+04,5.91855126e-06
5.79400000e+04,5.91851243e-06
5.79500000e+04,5.91850140e-06
5.79600000e+04,5.91854642e-06
5.79700000e+04,5.91852446e-06
5.79800000e+04,5.91851209e-06
5.79900000e+04,5.91847977e-06
5.80000000e+04,5.91844595e-06
5.80100000e+04,5.91845477e-06
5.80200000e+04,5.91844531e-06
5.80300000e+04,5.91846022e-06
5.80400000e+04,5.91842913e-06
5.80500000e+04,5.91842970e-06
5.80600000e+04,5.91843144e-06
5.80700000e+04,5.91843232e-06
5.80800000e+04,5.91839147e-06
5.80900000e+04,5.91835044e-06
5.81000000e+04,5.91835215e-06
5.81100000e+04,5.91833483e-06
5.81200000e+04,5.91832550e-06
5.81300000e+04,5.91831778e-06
5.81400000e+04,5.91829116e-06
5.81500000e+04,5.91826392e-06
5.81600000e+04,5.91826394e-06
5.81700000e+04,5.91823459e-06
5.81800000e+04,5.91824263e-06
5.81900000e+04,5.91821280e-06
5.82000000e+04,5.91819193e-06
5.82100000e+04,5.91818481e-06
5.82200000e+04,5.91815274e-06
5.82300000e+04,5.91819089e-06
5.82400000e+04,5.91816858e-06
5.82500000e+04,5.91816020e-06
5.82600000e+04,5.91815499e-06
5.82700000e+04,5.91812332e-06
5.82800000e+04,5.91811871e-06
5.82900000e+04,5.91809300e-06
5.83000000e+04,5.91805639e-06
5.83100000e+04,5.91809421e-06
5.83200000e+04,5.91805808e-06
5.83300000e+04,5.91803420e-06
5.83400000e+04,5.91805438e-06
5.83500000e+04,5.91802913e-06
5.83600000e+04,5.91801312e-06
5.83700000e+04,5.91799171e-06
5.83800000e+04,5.91796661e-06
5.83900000e+04,5.91793900e-06
5.84000000e+04,5.91795550e-06
5.84100000e+04,5.91792778e-06
5.84200000e+04,5.91794066e-06
5.84300000e+04,5.91791706e-06
5.84400000e+04,5.91794592e-06
5.84500000e+04,5.91791358e-06
5.84600000e+04,5.91791033e-06
5.84700000e+04,5.91789145e-06
5.84800000e+04,5.91787756e-06
5.84900000e+04,5.91785237e-06
5.85000000e+04,5.91783129e-06
5.85100000e+04,5.91778865e-06
5.85200000e+04,5.91778403e-06
5.85300000e+04,5.91780494e-06
5.85400000e+04,5.91777826e-06
5.85500000e+04,5.91778176e-06
5.85600000e+04,5.91773621e-06
5.85700000e+04,5.91776484e-06
5.85800000e+04,5.91773972e-06
5.85900000e+04,5.91775508e-06
5.86000000e+04,5.91771559e-06
5.86100000e+04,5.91773463e-06
5.86200000e+04,5.91769816e-06
5.86300000e+04,5.91768199e-06
5.86400000e+04,5.91770273e-06
5.86500000e+04,5.91767987e-06
5.86600000e+04,5.91767620e-06
5.86700000e+04,5.91766227e-06
5.86800000e+04,5.91762915e-06
5.86900000e+04,5.91761600e-06
5.87000000e+04,5.91764088e-06
5.87100000e+04,5.91764844e-06
5.87200000e+04,5.91763598e-06
5.87300000e+04,5.91759761e-06
5.87400000e+04,5.91759614e-06
5.87500000e+04,5.91756917e-06
5.87600000e+04,5.91752971e-06
5.87700000e+04,5.91753861e-06
5.87800000e+04,5.91753060e-06
5.87900000e+04,5.91753095e-06
5.88000000e+04,5.91748230e-06
5.88100000e+04,5.91750359e-06
5.88200000e+04,5.91748162e-06
5.88300000e+04,5.91745871e-06
5.88400000e+04,5.91746755e-06
5.88500000e+04,5.91744005e-06
5.88600000e+04,5.91742568e-06
5.88700000e+04,5.91743414e-06
5.88800000e+04,5.91742045e-06
5.88900000e+04,5.91740838e-06
5.89000000e+04,5.91738295e-06
5.89100000e+04,5.91740223e-06
5.89200000e+04,5.91739702e-06
5.89300000e+04,5.91739638e-06
5.89400000e+04,5.91735251e-06
5.89500000e+04,5.91733927e-06
5.89600000e+04,5.91728043e-06
5.89700000e+04,5.91733537e-06
5.89800000e+04,5.91731720e-06
5.89900000e+04,5.91733274e-06
5.90000000e+04,5.91732645e-06
5.90100000e+04,5.91728416e-06
5.90200000e+04,5.91728371e-06
5.90300000e+04,5.91728785e-06
5.90400000e+04,5.91729125e-06
5.90500000e+04,5.91727369e-06
5.90600000e+04,5.91725050e-06
5.90700000e+04,5.91722977e-06
5.90800000e+04,5.91721645e-06
5.90900000e+04,5.91726446e-06
5.91000000e+04,5.91725077e-06
5.91100000e+04,5.91725067e-06
5.91200000e+04,5.91722173e-06
5.91300000e+04,5.91722849e-06
5.91400000e+04,5.91725457e-06
5.91500000e+04,5.91724471e-06
5.91600000e+04,5.91716397e-06
5.91700000e+04,5.91718185e-06
5.91800000e+04,5.91715492e-06
5.91900000e+04,5.91717562e-06
5.92000000e+04,5.91716401e-06
5.92100000e+04,5.91715209e-06
5.92200000e+04,5.91713306e-06
5.92300000e+04,5.91713518e-06
5.92400000e+04,5.91712176e-06
5.92500000e+04,5.91713356e-06
5.92600000e+04,5.91711548e-06
5.92700000e+04,5.91708213e-06
5.92800000e+04,5.91708039e-06
5.92900000e+04,5.91707673e-06
5.93000000e+04,5.91704689e-06
5.93100000e+04,5.91703238e-06
5.93200000e+04,5.91704908e-06
5.93300000e+04,5.91702068e-06
5.93400000e+04,5.91704130e-06
5.93500000e+04,5.91701569e-06
5.93600000e+04,5.91701104e-06
5.93700000e+04,5.91699399e-06
5.93800000e+04,5.91701030e-06
5.93900000e+04,5.91698621e-06
5.94000000e+04,5.91697939e-06
5.94100000e+04,5.91694935e-06
5.94200000e+04,5.91695457e-06
5.94300000e+04,5.91694196e-06
5.94400000e+04,5.91693316e-06
5.94500000e+04,5.91691993e-06
5.94600000e+04,5.91691753e-06
5.94700000e+04,5.91694049e-06
5.94800000e+04,5.91691364e-06
5.94900000e+04,5.91691838e-06
5.95000000e+04,5.91690045e-06
5.95100000e+04,5.91690532e-06
5.95200000e+04,5.91687478e-06
5.95300000e+04,5.91689217e-06
5.95400000e+04,5.91687349e-06
5.95500000e+04,5.91689342e-06
5.95600000e+04,5.91685360e-06
5.95700000e+04,5.91685279e-06
5.95800000e+04,5.91684493e-06
5.95900000e+04,5.91685190e-06
5.96000000e+04,5.91683921e-06
5.96100000e+04,5.91681200e-06
5.96200000e+04,5.91680917e-06
5.96300000e+04,5.91677925e-06
5.96400000e+04,5.91679701e-06
5.96500000e+04,5.91677660e-06
5.96600000e+04,5.91677568e-06
5.96700000e+04,5.91678309e-06
5.96800000e+04,5.91676026e-06
5.96900000e+04,5.91675265e-06
5.97000000e+04,5.91675846e-06
5.97100000e+04,5.91676406e-06
5.97200000e+04,5.91675333e-06
5.97300000e+04,5.91677292e-06
5.97400000e+04,5.91675543e-06
5.97500000e+04,5.91674381e-06
5.97600000e+04,5.91675400e-06
5.97700000e+04,5.91674963e-06
5.97800000e+04,5.91671664e-06
5.97900000e+04,5.91672639e-06
5.98000000e+04,5.91671475e-06
5.98100000e+04,5.91670442e-06
5.98200000e+04,5.91670743e-06
5.98300000e+04,5.91670490e-06
5.98400000e+04,5.91669968e-06
5.98500000e+04,5.91666998e-06
5.98600000e+04,5.91669088e-06
5.98700000e+04,5.91664628e-06
5.98800000e+04,5.91664466e-06
5.98900000e+04,5.91665757e-06
5.99000000e+04,5.91667410e-06
5.99100000e+04,5.91665613e-06
5.99200000e+04,5.91661951e-06
5.99300000e+04,5.91661755e-06
5.99400000e+04,5.91662714e-06
5.99500000e+04,5.91661935e-06
5.99600000e+04,5.91661146e-06
5.99700000e+04,5.91661798e-06
5.99800000e+04,5.91662995e-06
5.99900000e+04,5.91663157e-06
6.00000000e+04,5.91661958e-06
