-1.455531120300292969e-01,2.284841537475585938e-01,5.265616178512573242e-01,0.000000000000000000e+00
2.278267145156860352e-01,-1.409351825714111328e-02,7.627174854278564453e-01,0.000000000000000000e+00
-8.931965827941894531e-01,3.634905815124511719e-02,-4.553450942039489746e-01,0.000000000000000000e+00
-6.023358106613159180e-01,-4.944457411766052246e-01,6.162860393524169922e-01,0.000000000000000000e+00
1.267745494842529297e-01,-1.657893061637878418e-01,3.334748744964599609e-01,0.000000000000000000e+00
1.052639484405517578e-01,-6.484361886978149414e-01,5.131148099899291992e-01,0.000000000000000000e+00
4.881820678710937500e-01,-6.567903757095336914e-01,-2.839382886886596680e-01,0.000000000000000000e+00
8.892815113067626953e-01,6.695160865783691406e-01,4.165514707565307617e-01,0.000000000000000000e+00
-5.376280546188354492e-01,2.277376651763916016e-01,-4.782911539077758789e-01,0.000000000000000000e+00
-1.228499412536621094e-02,-4.387683272361755371e-01,-9.652165770530700684e-01,0.000000000000000000e+00
1.877102851867675781e-01,-3.221005201339721680e-02,8.984593152999877930e-01,0.000000000000000000e+00
-5.971890687942504883e-01,5.169367790222167969e-01,-9.773488640785217285e-01,0.000000000000000000e+00
-5.184324979782104492e-01,1.860134601593017578e-01,4.296153783798217773e-01,0.000000000000000000e+00
-8.717247247695922852e-01,-6.752761602401733398e-01,8.355107307434082031e-01,0.000000000000000000e+00
-1.308486461639404297e-01,-8.628228902816772461e-01,3.956260681152343750e-01,0.000000000000000000e+00
8.135542869567871094e-01,-3.205014467239379883e-01,2.264106273651123047e-02,0.000000000000000000e+00
-1.370421648025512695e-01,7.317715883255004883e-01,1.034144163131713867e-01,0.000000000000000000e+00
3.781849145889282227e-01,1.937665939331054688e-01,-7.027701139450073242e-01,0.000000000000000000e+00
-8.447121381759643555e-01,2.123141288757324219e-01,5.846881866455078125e-02,0.000000000000000000e+00
6.846475601196289062e-01,2.704846858978271484e-01,-2.880504131317138672e-01,0.000000000000000000e+00
1.427519321441650391e-02,-7.434307336807250977e-01,6.892880201339721680e-01,0.000000000000000000e+00
-9.333688616752624512e-01,1.605292558670043945e-01,5.437737703323364258e-01,0.000000000000000000e+00
-5.522879362106323242e-01,-8.464868664741516113e-01,-3.617259263992309570e-01,0.000000000000000000e+00
2.939105033874511719e-03,-6.562113761901855469e-02,-8.421115875244140625e-01,0.000000000000000000e+00
-6.834369897842407227e-02,6.799366474151611328e-01,-2.466534376144409180e-01,0.000000000000000000e+00
8.764523267745971680e-01,-1.848860383033752441e-01,-2.390692234039306641e-01,0.000000000000000000e+00
1.687963008880615234e-01,-3.771030306816101074e-01,-9.598199129104614258e-01,0.000000000000000000e+00
4.669772386550903320e-01,-5.909642577171325684e-01,7.072502374649047852e-01,0.000000000000000000e+00
-2.857125997543334961e-01,7.005836963653564453e-01,-1.283927559852600098e-01,0.000000000000000000e+00
-5.425359606742858887e-01,-1.220729351043701172e-01,-7.841999530792236328e-01,0.000000000000000000e+00
2.492010593414306641e-01,-1.280174255371093750e-01,-3.205945491790771484e-01,0.000000000000000000e+00
-3.007931709289550781e-01,6.376368999481201172e-01,5.047392845153808594e-02,0.000000000000000000e+00
9.934207201004028320e-01,-3.929740190505981445e-02,9.349772930145263672e-01,0.000000000000000000e+00
3.049129247665405273e-01,-6.725924015045166016e-01,-8.073524236679077148e-01,0.000000000000000000e+00
7.046765089035034180e-01,1.559363603591918945e-01,6.294956207275390625e-01,0.000000000000000000e+00
7.392024993896484375e-02,-6.068247556686401367e-01,-2.072094082832336426e-01,0.000000000000000000e+00
2.773883342742919922e-01,-1.494923233985900879e-01,1.192800998687744141e-01,0.000000000000000000e+00
6.904559135437011719e-01,-4.597622156143188477e-02,2.962458133697509766e-01,0.000000000000000000e+00
-9.324859976768493652e-01,9.766749143600463867e-01,4.056038856506347656e-01,0.000000000000000000e+00
-3.082028031349182129e-01,6.941609382629394531e-01,4.800318479537963867e-01,0.000000000000000000e+00
-9.299218654632568359e-02,3.213572502136230469e-02,6.300886869430541992e-01,0.000000000000000000e+00
-8.449594974517822266e-01,8.502542972564697266e-02,-9.372853040695190430e-01,0.000000000000000000e+00
-9.774626493453979492e-01,-3.452736139297485352e-01,9.853265285491943359e-01,0.000000000000000000e+00
2.054162025451660156e-01,-2.253569960594177246e-01,-6.175814867019653320e-01,0.000000000000000000e+00
-2.102432250976562500e-01,-9.062680602073669434e-01,7.137202024459838867e-01,0.000000000000000000e+00
-3.741841316223144531e-01,7.567509412765502930e-01,-5.556755065917968750e-01,0.000000000000000000e+00
3.735506534576416016e-01,8.918964862823486328e-01,9.095480442047119141e-01,0.000000000000000000e+00
-4.351644515991210938e-01,-8.369859457015991211e-01,-3.355777263641357422e-01,0.000000000000000000e+00
-9.601318240165710449e-01,-1.689171195030212402e-01,8.611261844635009766e-01,0.000000000000000000e+00
2.975336313247680664e-01,-4.238718748092651367e-01,7.473253011703491211e-01,0.000000000000000000e+00
-8.768773078918457031e-02,-8.115004897117614746e-01,-4.300510883331298828e-01,0.000000000000000000e+00
1.792846918106079102e-01,5.985764265060424805e-01,8.650482892990112305e-01,0.000000000000000000e+00
-3.756327033042907715e-01,1.886314153671264648e-01,-2.178836464881896973e-01,0.000000000000000000e+00
-6.101089715957641602e-01,9.519530534744262695e-01,-8.991740345954895020e-01,0.000000000000000000e+00
-7.470849156379699707e-01,-2.380273342132568359e-01,4.868462085723876953e-01,0.000000000000000000e+00
-7.879324555397033691e-01,9.324347972869873047e-01,4.843482971191406250e-01,0.000000000000000000e+00
-5.932748317718505859e-03,4.691842794418334961e-01,1.631695032119750977e-01,0.000000000000000000e+00
-9.879441261291503906e-01,-2.790520787239074707e-01,5.519750118255615234e-01,0.000000000000000000e+00
3.950984477996826172e-01,3.120543956756591797e-01,-8.547222018241882324e-01,0.000000000000000000e+00
-4.181123375892639160e-01,-7.220771908760070801e-01,9.093506336212158203e-01,0.000000000000000000e+00
-2.146081328392028809e-01,-8.358831405639648438e-01,-7.784355878829956055e-01,0.000000000000000000e+00
8.648644685745239258e-01,9.473363161087036133e-01,-9.592789411544799805e-01,0.000000000000000000e+00
-2.884110212326049805e-01,-4.946472048759460449e-01,-8.821163177490234375e-01,0.000000000000000000e+00
1.650923490524291992e-01,-4.552865028381347656e-02,2.014787197113037109e-01,0.000000000000000000e+00
6.952940225601196289e-01,-8.998568654060363770e-01,4.093978404998779297e-01,0.000000000000000000e+00
8.223854303359985352e-01,6.171454191207885742e-01,-6.083468198776245117e-01,0.000000000000000000e+00
-4.682123064994812012e-01,-7.513049840927124023e-01,-7.319327592849731445e-01,0.000000000000000000e+00
5.241423845291137695e-01,9.181365966796875000e-01,5.196563005447387695e-01,0.000000000000000000e+00
-9.583383202552795410e-01,2.088786363601684570e-01,-2.719591259956359863e-01,0.000000000000000000e+00
-3.447628021240234375e-02,8.193390369415283203e-01,8.120051622390747070e-01,0.000000000000000000e+00
6.243164539337158203e-01,2.227649688720703125e-01,7.530266046524047852e-01,0.000000000000000000e+00
-6.416851282119750977e-02,4.298837184906005859e-01,2.551069259643554688e-01,0.000000000000000000e+00
7.268785238265991211e-01,-6.010716557502746582e-01,6.348837614059448242e-01,0.000000000000000000e+00
-1.603135466575622559e-01,5.817887783050537109e-01,-6.401418447494506836e-01,0.000000000000000000e+00
-8.155863285064697266e-01,9.711865186691284180e-01,1.032346487045288086e-01,0.000000000000000000e+00
-5.528485774993896484e-02,2.970263957977294922e-01,7.805321216583251953e-01,0.000000000000000000e+00
9.122006893157958984e-01,7.644662857055664062e-01,-4.331092834472656250e-01,0.000000000000000000e+00
-6.926023960113525391e-02,8.240749835968017578e-01,7.164090871810913086e-01,0.000000000000000000e+00
-9.175318479537963867e-01,4.383313655853271484e-01,-3.837659358978271484e-01,0.000000000000000000e+00
-6.848880052566528320e-01,-6.095796227455139160e-01,9.151356220245361328e-01,0.000000000000000000e+00
9.280747175216674805e-01,-2.319632768630981445e-01,-3.594307899475097656e-01,0.000000000000000000e+00
-4.308891296386718750e-02,-1.695120930671691895e-01,8.166646957397460938e-02,0.000000000000000000e+00
4.182575941085815430e-01,-3.528549671173095703e-01,-2.327276468276977539e-01,0.000000000000000000e+00
9.801315069198608398e-01,3.177245855331420898e-01,5.715682506561279297e-01,0.000000000000000000e+00
-8.108758330345153809e-01,5.000805854797363281e-02,7.179310321807861328e-01,0.000000000000000000e+00
-7.792544364929199219e-02,-6.619583368301391602e-01,-7.073889970779418945e-01,0.000000000000000000e+00
-9.600672125816345215e-01,-1.555720567703247070e-01,-5.156623125076293945e-01,0.000000000000000000e+00
6.039959192276000977e-01,1.886198520660400391e-01,-2.758219242095947266e-01,0.000000000000000000e+00
-4.472599029541015625e-01,-6.802367568016052246e-01,8.381682634353637695e-01,0.000000000000000000e+00
2.176418304443359375e-01,9.812588691711425781e-01,-1.398407816886901855e-01,0.000000000000000000e+00
5.341798067092895508e-01,8.728445768356323242e-01,3.437377214431762695e-01,0.000000000000000000e+00
-4.903444051742553711e-01,-7.851290106773376465e-01,-4.170745015144348145e-01,0.000000000000000000e+00
6.257953643798828125e-01,4.073166847229003906e-02,2.400207519531250000e-02,0.000000000000000000e+00
3.598520755767822266e-01,9.438891410827636719e-01,-3.695908188819885254e-01,0.000000000000000000e+00
4.033604860305786133e-01,2.503786087036132812e-01,3.249149322509765625e-01,0.000000000000000000e+00
9.918099641799926758e-01,-5.625039339065551758e-01,-1.275397539138793945e-01,0.000000000000000000e+00
-5.182293057441711426e-01,5.493140220642089844e-02,5.832374095916748047e-02,0.000000000000000000e+00
7.908861637115478516e-01,-2.204635739326477051e-01,8.130073547363281250e-03,0.000000000000000000e+00
-7.378648519515991211e-01,-5.620890855789184570e-01,-2.909978628158569336e-01,0.000000000000000000e+00
-6.677742600440979004e-01,6.019275188446044922e-01,-4.416995048522949219e-01,0.000000000000000000e+00
4.042123556137084961e-01,-4.962563514709472656e-03,-5.420852303504943848e-01,0.000000000000000000e+00
-7.334963083267211914e-01,7.843953371047973633e-01,9.652639627456665039e-01,0.000000000000000000e+00
5.085225105285644531e-01,4.779160022735595703e-01,3.920435905456542969e-01,0.000000000000000000e+00
-2.219251990318298340e-01,-9.668061137199401855e-01,1.436392068862915039e-01,0.000000000000000000e+00
1.264375448226928711e-01,-7.392842769622802734e-01,-7.210661768913269043e-01,0.000000000000000000e+00
-9.818226099014282227e-02,-8.570585250854492188e-01,-8.979892730712890625e-01,0.000000000000000000e+00
-3.182181715965270996e-01,7.275547981262207031e-01,-3.330008983612060547e-01,0.000000000000000000e+00
-3.596399426460266113e-01,7.763907909393310547e-01,-4.093136787414550781e-01,0.000000000000000000e+00
2.643405199050903320e-01,-2.473149895668029785e-01,2.240340709686279297e-01,0.000000000000000000e+00
-7.224678993225097656e-04,-4.188774824142456055e-01,-2.698652744293212891e-01,0.000000000000000000e+00
-4.858691692352294922e-01,7.789289951324462891e-01,-8.688735961914062500e-02,0.000000000000000000e+00
3.110238313674926758e-01,-8.501286506652832031e-01,6.039361953735351562e-01,0.000000000000000000e+00
8.942199945449829102e-01,-3.549993634223937988e-01,-6.148877739906311035e-01,0.000000000000000000e+00
-2.010442018508911133e-01,3.730955123901367188e-01,-4.513894915580749512e-01,0.000000000000000000e+00
4.383314847946166992e-01,-1.639713644981384277e-01,2.354552745819091797e-01,0.000000000000000000e+00
4.120168685913085938e-01,5.705877542495727539e-01,-8.424757122993469238e-01,0.000000000000000000e+00
7.372865676879882812e-01,6.172711849212646484e-01,-5.490747690200805664e-01,0.000000000000000000e+00
4.331220388412475586e-01,9.591248035430908203e-01,3.359075784683227539e-01,0.000000000000000000e+00
1.468831300735473633e-01,2.309727668762207031e-02,-3.722831010818481445e-01,0.000000000000000000e+00
4.290975332260131836e-01,7.348318099975585938e-01,1.032775640487670898e-01,0.000000000000000000e+00
-9.474316835403442383e-01,-1.884653568267822266e-01,-5.368286371231079102e-02,0.000000000000000000e+00
-9.693127870559692383e-02,4.168852567672729492e-01,8.376435041427612305e-01,0.000000000000000000e+00
9.919215440750122070e-01,7.484636306762695312e-01,1.913912296295166016e-01,0.000000000000000000e+00
1.144218444824218750e-01,3.065494298934936523e-01,3.524541854858398438e-02,0.000000000000000000e+00
-9.335373044013977051e-01,5.781846046447753906e-01,6.794571876525878906e-02,0.000000000000000000e+00
2.262710332870483398e-01,-3.071015477180480957e-01,2.902727127075195312e-01,0.000000000000000000e+00
4.657949209213256836e-01,7.307555675506591797e-01,-5.689834356307983398e-01,0.000000000000000000e+00
-5.383582711219787598e-01,-2.125385403633117676e-01,-9.927480816841125488e-01,0.000000000000000000e+00
-8.998553156852722168e-01,6.489173173904418945e-01,-5.497267246246337891e-01,0.000000000000000000e+00
9.029425382614135742e-01,6.073197126388549805e-01,2.715934514999389648e-01,0.000000000000000000e+00
-9.316744804382324219e-01,-1.551550626754760742e-02,-8.232231140136718750e-01,0.000000000000000000e+00
8.477616310119628906e-02,-6.550930142402648926e-01,-3.583931922912597656e-01,0.000000000000000000e+00
9.237937927246093750e-01,-9.249371886253356934e-01,-9.558869600296020508e-01,0.000000000000000000e+00
2.089350223541259766e-01,3.204058408737182617e-01,-7.281130552291870117e-01,0.000000000000000000e+00
1.469254493713378906e-02,7.685124874114990234e-01,-9.470797777175903320e-01,0.000000000000000000e+00
-7.326461076736450195e-01,9.032630920410156250e-02,5.345224142074584961e-01,0.000000000000000000e+00
5.310122966766357422e-01,9.718958139419555664e-01,5.573248863220214844e-01,0.000000000000000000e+00
-1.501291394233703613e-01,7.894831895828247070e-01,-1.157181262969970703e-01,0.000000000000000000e+00
-3.880037069320678711e-01,9.707688093185424805e-01,-4.587690234184265137e-01,0.000000000000000000e+00
-2.943468689918518066e-01,-5.544453859329223633e-01,-5.766341090202331543e-01,0.000000000000000000e+00
-3.089239001274108887e-01,3.625866174697875977e-01,-6.907655000686645508e-01,0.000000000000000000e+00
-6.991263628005981445e-01,-5.006130933761596680e-01,-5.870545506477355957e-01,0.000000000000000000e+00
3.553111553192138672e-01,2.402330636978149414e-01,-1.279720664024353027e-01,0.000000000000000000e+00
9.542254209518432617e-01,-3.148885369300842285e-01,1.916934251785278320e-01,0.000000000000000000e+00
-1.642195582389831543e-01,1.269201040267944336e-01,-5.704146623611450195e-01,0.000000000000000000e+00
5.847978591918945312e-02,-5.821655988693237305e-01,5.496462583541870117e-01,0.000000000000000000e+00
-4.394279718399047852e-01,9.866117238998413086e-01,5.037374496459960938e-01,0.000000000000000000e+00
-2.702069282531738281e-01,-6.514879465103149414e-01,-2.771478295326232910e-01,0.000000000000000000e+00
3.221688270568847656e-01,1.808553934097290039e-01,7.997418642044067383e-01,0.000000000000000000e+00
1.767085790634155273e-01,7.331370115280151367e-01,9.411128759384155273e-01,0.000000000000000000e+00
5.814137458801269531e-01,-4.598357677459716797e-01,-1.000000000000000000e+00,8.624893426895141602e-02
1.725075244903564453e-01,-3.998117446899414062e-01,-1.000000000000000000e+00,5.409948229789733887e-01
9.310873746871948242e-01,2.235251665115356445e-01,-1.000000000000000000e+00,4.789531826972961426e-01
-9.626471400260925293e-01,-3.413033485412597656e-01,-1.000000000000000000e+00,6.900614500045776367e-01
-2.357171773910522461e-01,4.258166551589965820e-01,-1.000000000000000000e+00,2.265705168247222900e-01
1.586060523986816406e-01,-1.469475030899047852e-02,-1.000000000000000000e+00,3.093540072441101074e-01
5.848394632339477539e-01,3.888213634490966797e-02,-1.000000000000000000e+00,7.305474281311035156e-01
3.696409463882446289e-01,7.354365587234497070e-01,-1.000000000000000000e+00,2.326919734477996826e-01
-7.337301969528198242e-01,7.706916332244873047e-01,-1.000000000000000000e+00,1.704216599464416504e-01
7.489048242568969727e-01,2.640522718429565430e-01,-1.000000000000000000e+00,5.520907044410705566e-01
-2.488898038864135742e-01,-8.020181655883789062e-01,-1.000000000000000000e+00,2.767232358455657959e-01
-7.546771764755249023e-01,-6.632954478263854980e-01,-1.000000000000000000e+00,2.488181889057159424e-01
7.320724725723266602e-01,-9.075488448143005371e-01,-1.000000000000000000e+00,7.104052901268005371e-01
-9.558840394020080566e-01,-4.834164381027221680e-01,-1.000000000000000000e+00,8.538360595703125000e-01
-6.944033503532409668e-01,-2.017613649368286133e-01,-1.000000000000000000e+00,9.590681195259094238e-01
7.219818830490112305e-01,-9.964290857315063477e-01,-1.000000000000000000e+00,9.744038581848144531e-01
-2.742178440093994141e-01,-1.754300594329833984e-01,-1.000000000000000000e+00,9.954205751419067383e-01
-8.719826936721801758e-01,8.478134870529174805e-01,-1.000000000000000000e+00,6.252967119216918945e-01
9.883488416671752930e-01,-5.195255279541015625e-01,-1.000000000000000000e+00,3.158472180366516113e-01
7.517108917236328125e-01,-2.341776490211486816e-01,-1.000000000000000000e+00,8.740279078483581543e-01
-5.678194761276245117e-02,1.457237005233764648e-01,-1.000000000000000000e+00,4.190317392349243164e-01
6.867074966430664062e-01,4.992122650146484375e-01,-1.000000000000000000e+00,6.117425560951232910e-01
-6.838731765747070312e-01,3.368222713470458984e-01,-1.000000000000000000e+00,4.583761692047119141e-01
5.044271945953369141e-01,-8.028427362442016602e-01,-1.000000000000000000e+00,7.173846960067749023e-01
6.676732301712036133e-01,-9.780644774436950684e-01,-1.000000000000000000e+00,7.453204989433288574e-01
-8.845715522766113281e-01,8.616590499877929688e-02,1.000000000000000000e+00,2.023248523473739624e-01
5.438858270645141602e-01,-8.439579010009765625e-01,1.000000000000000000e+00,2.409230321645736694e-01
-2.011146545410156250e-01,-8.708090186119079590e-01,1.000000000000000000e+00,7.578104138374328613e-01
6.956943273544311523e-01,-8.002547025680541992e-01,1.000000000000000000e+00,8.297771215438842773e-01
9.556881189346313477e-01,2.385798692703247070e-01,1.000000000000000000e+00,3.986571431159973145e-01
-9.953119754791259766e-01,5.518102645874023438e-01,1.000000000000000000e+00,9.550309777259826660e-01
7.304123640060424805e-01,3.333936929702758789e-01,1.000000000000000000e+00,3.905606567859649658e-01
3.845500946044921875e-02,4.469752311706542969e-03,1.000000000000000000e+00,1.364163458347320557e-01
-4.839146733283996582e-01,5.800228118896484375e-01,1.000000000000000000e+00,2.465911209583282471e-01
4.527136087417602539e-01,4.061506986618041992e-01,1.000000000000000000e+00,4.147543609142303467e-01
-9.025478959083557129e-01,9.926410913467407227e-01,1.000000000000000000e+00,3.714648187160491943e-01
2.762989997863769531e-01,-5.955784916877746582e-01,1.000000000000000000e+00,4.373598396778106689e-01
-7.638509273529052734e-01,-3.584723472595214844e-01,1.000000000000000000e+00,5.377252697944641113e-01
-6.513988971710205078e-02,4.789326190948486328e-01,1.000000000000000000e+00,9.926035404205322266e-01
4.627058506011962891e-01,-7.527030110359191895e-01,1.000000000000000000e+00,2.463560700416564941e-01
3.270347118377685547e-01,-9.048325419425964355e-01,1.000000000000000000e+00,5.416250228881835938e-01
-2.047656774520874023e-01,7.110911607742309570e-01,1.000000000000000000e+00,9.527615308761596680e-01
7.973074913024902344e-02,7.545619010925292969e-01,1.000000000000000000e+00,4.054033756256103516e-01
-9.901397824287414551e-01,7.530913352966308594e-01,1.000000000000000000e+00,7.005811333656311035e-01
6.145453453063964844e-01,-4.985716938972473145e-01,1.000000000000000000e+00,2.803942263126373291e-01
-8.953809738159179688e-04,-6.264686584472656250e-01,1.000000000000000000e+00,2.133819460868835449e-01
-9.162215590476989746e-01,5.917612314224243164e-01,1.000000000000000000e+00,3.760882839560508728e-02
-3.544710874557495117e-01,-2.790177464485168457e-01,1.000000000000000000e+00,9.778752923011779785e-01
-6.028870940208435059e-01,6.486282348632812500e-01,1.000000000000000000e+00,4.846228361129760742e-01
-1.553173065185546875e-01,1.516269445419311523e-01,1.000000000000000000e+00,9.635738134384155273e-01
5.483151674270629883e-01,-1.000000000000000000e+00,-2.606342434883117676e-01,4.087732732295989990e-01
5.711708068847656250e-01,-1.000000000000000000e+00,-2.907618284225463867e-01,2.093751728534698486e-02
4.388970136642456055e-01,-1.000000000000000000e+00,-1.051391959190368652e-01,1.738911420106887817e-01
1.415621042251586914e-01,-1.000000000000000000e+00,-3.920770287513732910e-01,2.468913644552230835e-01
2.896877527236938477e-01,-1.000000000000000000e+00,-3.709707260131835938e-01,9.752594679594039917e-02
8.172365427017211914e-01,-1.000000000000000000e+00,4.269140958786010742e-01,6.699922680854797363e-01
-2.239987850189208984e-01,-1.000000000000000000e+00,6.009018421173095703e-01,6.261638402938842773e-01
2.668740749359130859e-01,-1.000000000000000000e+00,-4.615414142608642578e-02,6.743735671043395996e-01
-8.550286889076232910e-01,-1.000000000000000000e+00,-4.944791793823242188e-01,4.143408536911010742e-01
-6.465176343917846680e-01,-1.000000000000000000e+00,-7.711492776870727539e-01,8.459182381629943848e-01
8.693292140960693359e-01,-1.000000000000000000e+00,7.120692729949951172e-01,5.507109761238098145e-01
3.887741565704345703e-01,-1.000000000000000000e+00,-2.003809213638305664e-01,9.892007112503051758e-01
7.868386507034301758e-01,-1.000000000000000000e+00,7.594739198684692383e-01,3.130154311656951904e-01
8.342765569686889648e-01,-1.000000000000000000e+00,-1.197159290313720703e-01,9.683575034141540527e-01
-3.714223504066467285e-01,-1.000000000000000000e+00,-3.309527039527893066e-01,6.905178427696228027e-01
-3.460360169410705566e-01,-1.000000000000000000e+00,6.698238849639892578e-01,9.846913814544677734e-01
2.705651521682739258e-01,-1.000000000000000000e+00,-2.037947773933410645e-01,9.249637126922607422e-01
9.211122989654541016e-02,-1.000000000000000000e+00,5.409688949584960938e-01,5.154983401298522949e-01
7.985097169876098633e-01,-1.000000000000000000e+00,-7.259415984153747559e-01,4.449954926967620850e-01
-5.809938907623291016e-01,-1.000000000000000000e+00,-2.540183067321777344e-02,3.133380319923162460e-03
-2.408408522605895996e-01,-1.000000000000000000e+00,9.575846195220947266e-01,4.495913684368133545e-01
6.731469631195068359e-01,-1.000000000000000000e+00,-8.848031163215637207e-01,8.866361975669860840e-01
8.343909978866577148e-01,-1.000000000000000000e+00,2.083648443222045898e-01,9.456509351730346680e-01
-5.819880962371826172e-01,-1.000000000000000000e+00,-2.535290718078613281e-01,2.773981988430023193e-01
1.441237926483154297e-01,-1.000000000000000000e+00,7.866029739379882812e-01,6.243588924407958984e-01
5.510253906250000000e-01,1.000000000000000000e+00,7.458595037460327148e-01,2.431204617023468018e-01
6.229052543640136719e-01,1.000000000000000000e+00,3.067171573638916016e-02,6.925948262214660645e-01
-9.754718542098999023e-01,1.000000000000000000e+00,1.234434843063354492e-01,9.045084565877914429e-02
-9.635225534439086914e-01,1.000000000000000000e+00,-1.625697612762451172e-01,4.928037822246551514e-01
7.282829284667968750e-01,1.000000000000000000e+00,-3.765043616294860840e-01,3.434869945049285889e-01
6.086179018020629883e-01,1.000000000000000000e+00,8.231770992279052734e-02,5.742605030536651611e-02
9.603003263473510742e-01,1.000000000000000000e+00,-7.769558429718017578e-01,4.210854172706604004e-01
-4.471650123596191406e-01,1.000000000000000000e+00,5.919086933135986328e-01,4.207991659641265869e-01
-6.236822605133056641e-01,1.000000000000000000e+00,2.713576555252075195e-01,4.881045818328857422e-01
-6.536242365837097168e-01,1.000000000000000000e+00,-2.207647562026977539e-01,2.606026232242584229e-01
9.341495037078857422e-01,1.000000000000000000e+00,1.317825317382812500e-01,8.413559794425964355e-01
-9.484612941741943359e-02,1.000000000000000000e+00,-5.684208869934082031e-01,5.687725543975830078e-01
-5.669097900390625000e-01,1.000000000000000000e+00,2.573078870773315430e-01,5.728716850280761719e-01
7.502552270889282227e-01,1.000000000000000000e+00,-5.746598243713378906e-01,6.255379319190979004e-01
1.136202812194824219e-01,1.000000000000000000e+00,7.972233295440673828e-01,4.598116874694824219e-02
5.413632392883300781e-01,1.000000000000000000e+00,-7.904433012008666992e-01,7.691121697425842285e-01
-2.122671604156494141e-01,1.000000000000000000e+00,6.668372154235839844e-01,6.408429741859436035e-01
1.848173141479492188e-01,1.000000000000000000e+00,-6.428509950637817383e-01,9.711337685585021973e-01
5.009590387344360352e-01,1.000000000000000000e+00,5.365474224090576172e-01,1.518186479806900024e-01
-5.220057964324951172e-01,1.000000000000000000e+00,7.292410135269165039e-01,6.532491445541381836e-01
-9.498504400253295898e-01,1.000000000000000000e+00,-2.647084593772888184e-01,9.443209171295166016e-01
5.604146718978881836e-01,1.000000000000000000e+00,5.689620971679687500e-03,2.897547185420989990e-01
2.800997495651245117e-01,1.000000000000000000e+00,8.291487693786621094e-01,3.518862128257751465e-01
8.954606056213378906e-01,1.000000000000000000e+00,-4.545581936836242676e-01,6.873135566711425781e-01
1.436276435852050781e-01,1.000000000000000000e+00,9.347186088562011719e-01,6.714161634445190430e-01
-1.000000000000000000e+00,2.471940517425537109e-01,4.691958427429199219e-03,9.389452338218688965e-01
-1.000000000000000000e+00,4.066442251205444336e-01,-8.743708729743957520e-01,9.301291704177856445e-01
-1.000000000000000000e+00,-7.779109477996826172e-01,4.713159799575805664e-01,5.409270524978637695e-02
-1.000000000000000000e+00,5.674102306365966797e-01,7.794997692108154297e-01,3.179750442504882812e-01
-1.000000000000000000e+00,-9.187051653861999512e-01,6.208417415618896484e-01,5.773773789405822754e-01
-1.000000000000000000e+00,3.803204298019409180e-01,3.901857137680053711e-01,2.681018412113189697e-01
-1.000000000000000000e+00,5.579385757446289062e-01,1.297676563262939453e-02,6.742339134216308594e-01
-1.000000000000000000e+00,9.114172458648681641e-01,8.183360099792480469e-01,8.819540143013000488e-01
-1.000000000000000000e+00,9.840143918991088867e-01,5.546611547470092773e-01,6.672441363334655762e-01
-1.000000000000000000e+00,9.569237232208251953e-01,6.367132663726806641e-01,7.136602997779846191e-01
-1.000000000000000000e+00,-4.562195539474487305e-01,5.765342712402343750e-01,7.053715586662292480e-01
-1.000000000000000000e+00,1.331156492233276367e-01,-9.467967748641967773e-01,3.204437494277954102e-01
-1.000000000000000000e+00,7.721132040023803711e-01,9.550819396972656250e-01,3.550979793071746826e-01
-1.000000000000000000e+00,-1.216573715209960938e-01,-9.718657135963439941e-01,5.277081951498985291e-02
-1.000000000000000000e+00,1.826570034027099609e-01,-1.091120243072509766e-01,4.231830313801765442e-02
-1.000000000000000000e+00,-2.834512591361999512e-01,7.266465425491333008e-01,6.382129788398742676e-01
-1.000000000000000000e+00,-5.023548603057861328e-01,9.679003953933715820e-01,4.556320905685424805e-01
-1.000000000000000000e+00,-9.088938236236572266e-01,-4.809207916259765625e-01,7.347783446311950684e-01
-1.000000000000000000e+00,-6.496641039848327637e-01,6.562550067901611328e-01,8.895286321640014648e-01
-1.000000000000000000e+00,2.111871242523193359e-01,4.100004434585571289e-01,2.329682558774948120e-01
-1.000000000000000000e+00,-5.008482933044433594e-02,-6.481291055679321289e-01,4.958375692367553711e-01
-1.000000000000000000e+00,-3.674057722091674805e-01,-4.555435776710510254e-01,6.404717564582824707e-01
-1.000000000000000000e+00,-1.809161305427551270e-01,4.264745712280273438e-01,8.242921829223632812e-01
-1.000000000000000000e+00,-8.066898584365844727e-02,-4.989984035491943359e-01,9.696011543273925781e-01
-1.000000000000000000e+00,2.911322116851806641e-01,4.683554172515869141e-02,3.243447840213775635e-01
1.000000000000000000e+00,2.524352073669433594e-02,-4.603860378265380859e-01,1.275011897087097168e-01
1.000000000000000000e+00,-2.783259749412536621e-01,-3.919525146484375000e-01,9.216485619544982910e-01
1.000000000000000000e+00,7.185295820236206055e-01,9.641007184982299805e-01,4.393230676651000977e-01
1.000000000000000000e+00,-1.466042995452880859e-01,3.783330917358398438e-01,9.026772379875183105e-01
1.000000000000000000e+00,-6.675026416778564453e-01,-1.841928362846374512e-01,8.934456110000610352e-01
1.000000000000000000e+00,-8.382909297943115234e-01,-8.599141240119934082e-01,7.826036214828491211e-01
1.000000000000000000e+00,6.811194419860839844e-01,9.725476503372192383e-01,7.068974375724792480e-01
1.000000000000000000e+00,-8.848413228988647461e-01,-3.389545679092407227e-01,3.099184930324554443e-01
1.000000000000000000e+00,3.372849225997924805e-01,-4.475796222686767578e-02,3.305057808756828308e-02
1.000000000000000000e+00,9.912710189819335938e-01,3.771185874938964844e-01,3.359141945838928223e-01
1.000000000000000000e+00,-2.249963879585266113e-01,4.405179023742675781e-01,6.844673752784729004e-01
1.000000000000000000e+00,5.484126806259155273e-01,4.439328908920288086e-01,6.627805233001708984e-01
1.000000000000000000e+00,-7.861326932907104492e-01,9.627438783645629883e-01,3.125097453594207764e-01
1.000000000000000000e+00,-6.231141090393066406e-02,2.335869073867797852e-01,9.824390411376953125e-01
1.000000000000000000e+00,-1.362015008926391602e-01,-1.369730234146118164e-01,4.902054071426391602e-01
1.000000000000000000e+00,-5.323809385299682617e-02,2.945787906646728516e-01,6.819119453430175781e-01
1.000000000000000000e+00,-9.103345870971679688e-02,4.500582218170166016e-01,8.405095338821411133e-01
1.000000000000000000e+00,-3.813151121139526367e-01,7.330229282379150391e-01,7.535958886146545410e-01
1.000000000000000000e+00,-8.082600235939025879e-01,6.697020530700683594e-01,4.193269908428192139e-01
1.000000000000000000e+00,-5.998247861862182617e-01,-3.203575015068054199e-01,7.017136812210083008e-01
1.000000000000000000e+00,6.571804285049438477e-01,-7.969895601272583008e-01,7.240051776170730591e-02
1.000000000000000000e+00,-1.289736032485961914e-01,4.059107303619384766e-01,7.809382081031799316e-01
1.000000000000000000e+00,-8.248561620712280273e-01,7.379232645034790039e-01,4.615603387355804443e-01
1.000000000000000000e+00,5.338475704193115234e-01,-7.469868659973144531e-02,4.433731436729431152e-01
1.000000000000000000e+00,1.849846839904785156e-01,2.192627191543579102e-01,6.426851153373718262e-01
6.737769842147827148e-01,9.020432233810424805e-01,-4.389922022819519043e-01,2.094253897666931152e-01
-9.584527015686035156e-01,-9.456165432929992676e-01,-8.103756308555603027e-01,9.469387531280517578e-01
-7.291952371597290039e-01,-3.596625328063964844e-01,-5.763606429100036621e-01,1.453889459371566772e-01
9.518518447875976562e-01,-3.054292798042297363e-01,-1.218180656433105469e-01,5.245653539896011353e-02
3.509597778320312500e-01,-2.035347223281860352e-01,8.060957193374633789e-01,8.896638154983520508e-01
7.419681549072265625e-02,5.327192544937133789e-01,1.338658332824707031e-01,6.557534933090209961e-01
7.781486511230468750e-01,5.498412847518920898e-01,7.100884914398193359e-01,8.269203305244445801e-01
-5.722873210906982422e-01,-4.108787775039672852e-01,9.090615510940551758e-01,7.486096024513244629e-01
6.760716438293457031e-01,-4.909186363220214844e-01,-2.096515893936157227e-02,1.863578557968139648e-01
-1.275678873062133789e-01,-6.380847692489624023e-01,1.523133516311645508e-01,3.733758926391601562e-01
-6.272448301315307617e-01,8.783470392227172852e-01,-2.305296063423156738e-01,3.514205813407897949e-01
7.334936857223510742e-01,-6.543904542922973633e-01,7.595721483230590820e-01,6.839101910591125488e-01
-9.320432543754577637e-01,1.432549953460693359e-01,8.966422080993652344e-02,3.317539095878601074e-01
-9.593526721000671387e-01,1.411708593368530273e-01,-8.696049451828002930e-01,2.358339279890060425e-01
-7.893939018249511719e-01,-1.494779586791992188e-01,7.540416717529296875e-01,9.364849925041198730e-01
-5.129080414772033691e-01,-5.888633728027343750e-01,7.515422105789184570e-01,7.986859083175659180e-01
-3.809185624122619629e-01,-5.202645063400268555e-01,2.075911760330200195e-01,1.741315126419067383e-01
9.093942642211914062e-01,-1.660460233688354492e-01,-3.938031792640686035e-01,4.689654409885406494e-01
-5.344781875610351562e-01,-8.793228864669799805e-01,-5.178904533386230469e-02,4.615284800529479980e-01
-2.830922007560729980e-01,-6.855871677398681641e-01,-7.175961136817932129e-01,5.853183940052986145e-02
7.466223239898681641e-01,4.429328441619873047e-01,-4.531401991844177246e-01,5.818349719047546387e-01
8.803845643997192383e-01,-5.430133938789367676e-01,-4.531258940696716309e-01,2.845572233200073242e-01
5.456335544586181641e-01,4.271274805068969727e-01,8.546782732009887695e-01,9.929865598678588867e-01
-5.952279567718505859e-01,-1.555593609809875488e-01,-4.137456417083740234e-01,6.245515346527099609e-01
-3.759199380874633789e-01,-7.573657035827636719e-01,-5.670264959335327148e-01,3.791652619838714600e-01
6.545271873474121094e-01,4.647548198699951172e-01,7.885718345642089844e-02,6.789238657802343369e-03
-7.655071020126342773e-01,4.095250368118286133e-01,-1.755203008651733398e-01,8.481432199478149414e-01
-6.390024423599243164e-01,8.762381076812744141e-01,-7.373489141464233398e-01,6.834504604339599609e-01
-9.127405881881713867e-01,1.594471931457519531e-01,8.570255041122436523e-01,5.504907965660095215e-01
-4.772979617118835449e-01,8.349785804748535156e-01,-9.087721109390258789e-01,6.147801876068115234e-01
4.637261629104614258e-01,3.034051656723022461e-01,1.093641519546508789e-01,2.595561444759368896e-01
-6.033445000648498535e-01,4.676693677902221680e-01,2.465568780899047852e-01,1.841638833284378052e-01
4.249972105026245117e-01,-8.752281069755554199e-01,5.234382152557373047e-01,6.135752201080322266e-01
-8.618038296699523926e-01,7.426142692565917969e-01,-4.808281660079956055e-01,2.931024432182312012e-01
5.053209066390991211e-01,-6.787098646163940430e-01,8.546562194824218750e-01,1.905019432306289673e-01
-2.175399661064147949e-01,3.017669916152954102e-01,5.076473951339721680e-01,8.777770400047302246e-01
-1.660122275352478027e-01,4.433593750000000000e-01,4.234575033187866211e-01,5.587162971496582031e-01
-6.188130974769592285e-01,-1.147606968879699707e-01,9.372552633285522461e-01,8.211640715599060059e-01
4.517434835433959961e-01,-5.743232965469360352e-01,-1.567925810813903809e-01,1.038927286863327026e-01
4.996298551559448242e-01,4.194830656051635742e-01,-4.797081947326660156e-01,4.674756526947021484e-01
1.415395736694335938e-02,-9.717643857002258301e-01,-5.488822460174560547e-01,6.345865130424499512e-01
7.569209337234497070e-01,-3.138896226882934570e-01,-7.627195119857788086e-02,4.915404599159955978e-03
1.109054088592529297e-01,-3.285147547721862793e-01,-5.032155513763427734e-01,8.004247546195983887e-01
-1.008863449096679688e-01,1.628844738006591797e-01,3.584077358245849609e-01,7.320932149887084961e-01
8.764501810073852539e-01,4.085036516189575195e-01,6.330542564392089844e-01,2.892940342426300049e-01
-6.534243822097778320e-01,3.036127090454101562e-01,-2.228792309761047363e-01,1.414247304201126099e-01
5.525237321853637695e-01,-2.303337454795837402e-01,2.994114160537719727e-01,4.911358356475830078e-01
8.674956560134887695e-01,2.227414846420288086e-01,-8.229894042015075684e-01,4.609290659427642822e-01
-6.397974491119384766e-01,2.124444246292114258e-01,-1.244396567344665527e-01,2.623984813690185547e-01
8.295761346817016602e-01,4.201145172119140625e-01,7.376507520675659180e-01,4.159474074840545654e-01
-1.516701579093933105e-01,-2.995067238807678223e-01,-1.149185895919799805e-01,3.616562187671661377e-01
-5.591338872909545898e-02,-9.149879217147827148e-02,-7.190912961959838867e-01,8.848425745964050293e-01
2.661530971527099609e-01,-9.184150695800781250e-01,-3.067733645439147949e-01,8.487727642059326172e-01
6.575684547424316406e-01,9.913052320480346680e-01,-4.823378920555114746e-01,1.672137528657913208e-01
-8.433153033256530762e-01,2.111315727233886719e-01,5.021976232528686523e-01,9.062863588333129883e-01
8.612222671508789062e-01,6.941815614700317383e-01,5.524039268493652344e-02,2.104834914207458496e-01
9.296318292617797852e-01,8.463252782821655273e-01,3.609120845794677734e-02,7.741216421127319336e-01
3.714131116867065430e-01,-6.848084330558776855e-01,6.234788894653320312e-02,4.402318596839904785e-01
4.734083414077758789e-01,4.700577259063720703e-01,-8.445969820022583008e-01,8.442003130912780762e-01
-3.829468488693237305e-01,-6.106324195861816406e-01,-4.342138767242431641e-01,6.834300160408020020e-01
-6.994647383689880371e-01,-9.654809236526489258e-01,9.861128330230712891e-01,1.537954509258270264e-01
5.339126586914062500e-01,-4.498481750488281250e-03,9.415144920349121094e-01,6.087978482246398926e-01
-6.522718667984008789e-01,-8.180177211761474609e-01,-9.227186441421508789e-01,3.459055125713348389e-01
1.096785068511962891e-02,7.850081920623779297e-01,6.263023614883422852e-01,1.079623848199844360e-01
-8.387824296951293945e-01,1.335420608520507812e-01,7.777992486953735352e-01,7.720817327499389648e-01
8.601452112197875977e-01,9.455311298370361328e-01,4.134378433227539062e-01,8.270267248153686523e-01
-2.537849545478820801e-01,7.824697494506835938e-01,-3.227386474609375000e-01,2.888663113117218018e-01
-6.077488660812377930e-01,-4.928896427154541016e-01,-4.756583571434020996e-01,2.415107786655426025e-01
8.368848562240600586e-01,-5.722762942314147949e-01,-8.259912729263305664e-01,2.811888754367828369e-01
-2.307911515235900879e-01,8.485965728759765625e-01,-1.084347963333129883e-01,6.101560592651367188e-01
-9.192975759506225586e-01,-6.849897503852844238e-01,2.103077173233032227e-01,6.721180081367492676e-01
7.512297630310058594e-01,-2.975647449493408203e-01,6.514756679534912109e-01,4.224682226777076721e-02
1.819109916687011719e-01,-6.147158741950988770e-01,-6.552064418792724609e-01,7.335758805274963379e-01
8.975694179534912109e-01,-5.734595060348510742e-01,1.378108263015747070e-01,3.011817336082458496e-01
-7.960142493247985840e-01,7.392592430114746094e-01,9.109936952590942383e-01,4.066040813922882080e-01
1.653236150741577148e-01,-9.527330994606018066e-01,3.836596012115478516e-02,9.781658053398132324e-01
7.773923873901367188e-02,-7.232062220573425293e-01,7.395852804183959961e-01,4.839114248752593994e-01
3.863979578018188477e-01,7.740696668624877930e-01,2.519582509994506836e-01,5.062904953956604004e-01
2.791769504547119141e-01,4.954560995101928711e-01,5.535115003585815430e-01,7.403443455696105957e-01
4.637908935546875000e-02,-4.003086686134338379e-01,9.832810163497924805e-01,3.631956577301025391e-01
5.829136371612548828e-01,-4.851659536361694336e-01,4.802143573760986328e-01,2.146790474653244019e-01
2.832198143005371094e-01,1.705399751663208008e-01,7.154679298400878906e-01,1.869894117116928101e-01
4.487564563751220703e-01,6.855674982070922852e-01,-3.709701895713806152e-01,2.305354923009872437e-03
-7.694910168647766113e-01,5.012884140014648438e-01,-2.829115390777587891e-01,3.060156404972076416e-01
-4.558230638504028320e-01,-6.589660048484802246e-01,-6.561975479125976562e-01,8.420674130320549011e-03
-8.872910141944885254e-01,-7.450555562973022461e-01,3.495348691940307617e-01,3.626030385494232178e-01
2.220988273620605469e-03,-9.727718830108642578e-01,-4.038661718368530273e-02,1.226591970771551132e-02
7.597786188125610352e-01,-2.140483260154724121e-01,-8.155060410499572754e-01,5.361359715461730957e-01
-6.602966785430908203e-01,8.477759361267089844e-02,9.802750349044799805e-01,6.108437180519104004e-01
5.119639635086059570e-01,8.782690763473510742e-01,-5.645788908004760742e-01,4.174039661884307861e-01
-1.363698244094848633e-01,-3.664656281471252441e-01,-3.732549548149108887e-01,7.701530456542968750e-01
9.188067913055419922e-01,-7.330735921859741211e-01,8.851115703582763672e-01,6.588125824928283691e-01
-8.092251420021057129e-01,-6.449899673461914062e-01,-7.972929477691650391e-01,1.289102341979742050e-02
2.833231687545776367e-01,3.614869117736816406e-01,-2.459521889686584473e-01,7.317938208580017090e-01
9.198439121246337891e-02,-4.188466072082519531e-02,-7.959728240966796875e-01,6.384769082069396973e-01
4.322328567504882812e-01,-5.258105397224426270e-01,-7.985120415687561035e-01,2.880945205688476562e-01
8.002123832702636719e-01,8.552508354187011719e-01,2.251943349838256836e-01,1.505727916955947876e-01
7.823240756988525391e-02,5.171006917953491211e-01,7.542530298233032227e-01,7.833794355392456055e-01
-7.151311635971069336e-01,-2.129366397857666016e-01,-1.226454973220825195e-01,2.098415940999984741e-01
2.545390129089355469e-01,-9.396672844886779785e-01,-2.138251662254333496e-01,4.289550483226776123e-01
-1.736669540405273438e-01,-7.030798196792602539e-01,-5.443682670593261719e-01,2.783628702163696289e-01
7.482081651687622070e-01,5.510171651840209961e-01,-3.654934763908386230e-01,9.055806398391723633e-01
1.625769138336181641e-01,-9.354141950607299805e-01,7.278144359588623047e-02,8.271325826644897461e-01
-6.587764620780944824e-01,7.014117240905761719e-01,3.484765291213989258e-01,2.254607528448104858e-01
1.107723712921142578e-01,9.512089490890502930e-01,8.616145849227905273e-01,4.681215435266494751e-02
3.838086128234863281e-02,9.175250530242919922e-01,6.560963392257690430e-01,4.995353519916534424e-01
4.770599603652954102e-01,9.197934865951538086e-01,1.895648241043090820e-01,6.734737157821655273e-01
-3.083755970001220703e-01,-5.482948422431945801e-01,-6.878944039344787598e-01,3.949249386787414551e-01
-3.435990214347839355e-01,-1.102337837219238281e-01,5.461168289184570312e-02,2.266258746385574341e-01
9.103456735610961914e-01,4.371304512023925781e-01,-8.800953626632690430e-02,6.787084937095642090e-01
-8.384383916854858398e-01,4.178558588027954102e-01,-7.921710610389709473e-01,9.055088758468627930e-01
-9.287643432617187500e-02,-8.302730917930603027e-01,9.195473194122314453e-01,8.927388787269592285e-01
-9.287414550781250000e-01,-3.234633207321166992e-01,-1.037517786026000977e-01,4.058019518852233887e-01
1.363966464996337891e-01,8.856439590454101562e-02,8.872569799423217773e-01,2.408811897039413452e-01
2.711703777313232422e-01,2.118141651153564453e-01,7.704941034317016602e-01,4.021700322628021240e-01
-8.691231608390808105e-01,9.190697669982910156e-01,6.300959587097167969e-01,1.787594854831695557e-01
4.021453857421875000e-02,-6.797599792480468750e-01,-2.501043081283569336e-01,7.090734839439392090e-01
4.415583610534667969e-01,7.713913917541503906e-03,-8.377144336700439453e-01,9.438316524028778076e-02
-7.765793800354003906e-02,-2.349108457565307617e-02,8.921262025833129883e-01,4.845656156539916992e-01
-8.067719936370849609e-01,7.405760288238525391e-01,-1.425500512123107910e-01,7.366037368774414062e-01
2.250545024871826172e-01,-7.296396493911743164e-01,6.305634975433349609e-02,8.468447327613830566e-01
2.802472114562988281e-01,-3.284159302711486816e-01,-6.652621030807495117e-01,3.944600820541381836e-01
8.585635423660278320e-01,4.077868461608886719e-01,6.321628093719482422e-01,5.897251963615417480e-01
4.245868921279907227e-01,6.415580511093139648e-01,8.867557048797607422e-01,2.511191666126251221e-01
-5.368632078170776367e-01,-4.687209725379943848e-01,9.900772571563720703e-01,5.732963085174560547e-01
8.712918758392333984e-01,-2.021324038505554199e-01,4.463529586791992188e-01,1.088280230760574341e-01
6.829713582992553711e-01,7.304905652999877930e-01,-1.831203699111938477e-01,7.271392345428466797e-01
-3.946751356124877930e-02,9.288904666900634766e-01,8.581523895263671875e-01,4.408587217330932617e-01
6.308509111404418945e-01,-7.828474044799804688e-03,1.707192659378051758e-01,1.343748718500137329e-01
-9.088655114173889160e-01,9.663196802139282227e-01,-1.725828051567077637e-01,1.209530159831047058e-01
9.500977993011474609e-01,-2.819319963455200195e-01,6.201220750808715820e-01,7.046890258789062500e-01
4.094723463058471680e-01,-6.030467152595520020e-01,9.996196031570434570e-01,1.763969808816909790e-01
-2.655376791954040527e-01,-6.059399843215942383e-01,-7.474875450134277344e-02,9.919871091842651367e-01
3.332034349441528320e-01,-3.213977813720703125e-01,3.551363945007324219e-01,5.369208455085754395e-01
-6.551687121391296387e-01,1.626627445220947266e-01,-5.394989252090454102e-01,5.435070991516113281e-01
1.987501382827758789e-01,7.495152950286865234e-02,6.621336936950683594e-02,2.977162003517150879e-01
-4.531485438346862793e-01,4.611452817916870117e-01,-1.981897950172424316e-01,6.017956733703613281e-01
-4.024393558502197266e-01,-1.039165258407592773e-01,1.034185886383056641e-01,6.777576804161071777e-01
-4.110633134841918945e-01,5.237934589385986328e-01,-2.115195989608764648e-01,7.360139489173889160e-01
-8.226352334022521973e-01,7.656918764114379883e-01,-7.859718799591064453e-02,5.547502040863037109e-01
6.844657659530639648e-01,-5.756254196166992188e-01,-6.471268534660339355e-01,6.804562211036682129e-01
-3.933405876159667969e-01,-2.052581906318664551e-01,-9.563362598419189453e-02,7.316762208938598633e-02
-6.650145053863525391e-01,-4.801863431930541992e-01,5.929887294769287109e-01,8.934896588325500488e-01
7.338423728942871094e-01,-3.078811168670654297e-01,9.439920186996459961e-01,4.178069829940795898e-01
1.450799703598022461e-01,4.000008106231689453e-02,2.374447584152221680e-01,6.119516491889953613e-01
7.580195665359497070e-01,-4.151078462600708008e-01,5.708881616592407227e-01,8.140729069709777832e-01
1.715265512466430664e-01,8.041380643844604492e-01,5.366091728210449219e-01,3.494432866573333740e-01
4.338579177856445312e-01,-3.163550496101379395e-01,-8.804455995559692383e-01,8.050131797790527344e-01
-2.281464934349060059e-01,1.084355115890502930e-01,5.567700862884521484e-01,5.434958934783935547e-01
-5.460977554321289062e-04,-3.828721642494201660e-01,4.513094425201416016e-01,3.973677754402160645e-01
3.593181371688842773e-01,-1.761048436164855957e-01,1.699224710464477539e-01,4.760735929012298584e-01
-2.311863899230957031e-01,7.175614833831787109e-01,3.850119113922119141e-01,7.185444235801696777e-01
-5.176176428794860840e-01,8.758138418197631836e-01,-1.860344409942626953e-02,4.901355803012847900e-01
4.661142826080322266e-01,-9.568350315093994141e-01,6.982411146163940430e-01,9.740031361579895020e-01
5.397832393646240234e-02,7.955435514450073242e-01,-4.354059696197509766e-03,8.734321594238281250e-01
1.796656847000122070e-01,7.835094928741455078e-01,-1.778755187988281250e-01,1.439297348260879517e-01
6.818271875381469727e-01,-2.699749469757080078e-01,-7.999545335769653320e-01,3.329699635505676270e-01
7.216373682022094727e-01,-9.627892374992370605e-01,9.126390218734741211e-01,4.304434061050415039e-01
-3.657877445220947266e-02,-7.541154026985168457e-01,9.614559412002563477e-01,8.358553647994995117e-01
-5.840098857879638672e-01,-2.798652648925781250e-01,1.265056133270263672e-01,6.741802692413330078e-01
1.388133764266967773e-01,-8.110941052436828613e-01,-8.548097014427185059e-01,3.483568727970123291e-01
-3.487470149993896484e-01,7.269833087921142578e-01,-7.412797212600708008e-01,6.037433743476867676e-01
9.799337387084960938e-01,-4.168214201927185059e-01,-1.451718807220458984e-02,6.056565046310424805e-01
1.286342144012451172e-01,9.114069938659667969e-01,-8.220213651657104492e-01,5.722876638174057007e-02
4.949470758438110352e-01,2.542916536331176758e-01,-8.001981377601623535e-01,9.913060665130615234e-01
2.426722049713134766e-01,-1.201199889183044434e-01,3.372189998626708984e-01,5.311849117279052734e-01
-2.010518312454223633e-01,3.169478178024291992e-01,-9.392012953758239746e-01,7.778422236442565918e-01
-5.922913551330566406e-01,-5.488256812095642090e-01,-8.914951682090759277e-01,7.354015707969665527e-01
-8.370120525360107422e-01,8.264675140380859375e-01,-2.920808196067810059e-01,4.719497561454772949e-01
4.475108385086059570e-01,9.437125921249389648e-01,8.776987791061401367e-01,2.368552535772323608e-01
4.321410655975341797e-01,3.058605194091796875e-01,4.713528156280517578e-01,2.764443159103393555e-01
3.498127460479736328e-01,4.500024318695068359e-01,2.308678627014160156e-02,5.747142434120178223e-01
-7.433527708053588867e-01,-7.192754149436950684e-01,9.357515573501586914e-01,3.871975839138031006e-01
-2.454734444618225098e-01,1.664936542510986328e-02,-6.677643656730651855e-01,1.659256964921951294e-01
9.592440128326416016e-01,1.737377643585205078e-01,-7.833601832389831543e-01,1.407578885555267334e-01
-2.436206936836242676e-01,-9.770615100860595703e-01,4.691526889801025391e-01,1.102204695343971252e-01
-9.674907922744750977e-01,9.069334268569946289e-01,5.596934556961059570e-01,8.795860409736633301e-01
-8.306941986083984375e-01,3.286309242248535156e-01,-6.907478570938110352e-01,6.091078519821166992e-01
-2.783469557762145996e-01,-9.603601694107055664e-01,-2.332121729850769043e-01,6.117296814918518066e-01
-7.697572112083435059e-01,9.103827476501464844e-01,7.508947849273681641e-01,2.581498920917510986e-01
-2.642033100128173828e-01,6.776734590530395508e-01,2.484986782073974609e-01,8.181958794593811035e-01
1.402153968811035156e-01,5.481179952621459961e-01,7.253487110137939453e-01,2.054503858089447021e-01
-7.888222336769104004e-01,8.621947765350341797e-01,7.252339124679565430e-01,5.838177800178527832e-01
7.892203330993652344e-02,-1.069366931915283203e-01,-9.516661763191223145e-01,7.317591905593872070e-01
-7.865333557128906250e-01,9.834661483764648438e-01,4.532014131546020508e-01,3.279716670513153076e-01
-5.162578821182250977e-02,-5.054932832717895508e-02,-7.601629495620727539e-01,1.935732215642929077e-01
-3.408246040344238281e-01,7.121683359146118164e-01,7.797694206237792969e-01,2.723811864852905273e-01
5.344811677932739258e-01,-1.268905997276306152e-01,6.460313796997070312e-01,7.519193887710571289e-01
-1.110695004463195801e-01,-9.527701139450073242e-01,-7.916562557220458984e-01,6.506488919258117676e-01
-5.990618467330932617e-01,-6.858066320419311523e-01,-4.862810969352722168e-01,1.012277901172637939e-01
3.249613046646118164e-01,-9.017455577850341797e-02,-6.854053139686584473e-01,9.173353910446166992e-01
5.014324188232421875e-01,8.494633436203002930e-01,-3.047025799751281738e-01,8.373712301254272461e-01
-4.416483044624328613e-01,-5.194183588027954102e-01,8.191705942153930664e-01,5.108896493911743164e-01
-1.400108337402343750e-01,-5.493450164794921875e-01,5.441784858703613281e-02,7.314845919609069824e-01
-8.850473165512084961e-02,8.028697967529296875e-02,-3.460006117820739746e-01,7.347990274429321289e-01
5.843520164489746094e-01,5.778992176055908203e-02,3.520865440368652344e-01,7.508998513221740723e-01
-4.540914893150329590e-01,1.584520339965820312e-01,6.360957622528076172e-01,4.290287792682647705e-01
-9.700846672058105469e-02,-9.862129092216491699e-01,3.612873554229736328e-01,2.965401113033294678e-01
-3.990529179573059082e-01,7.596626281738281250e-01,1.000324487686157227e-01,2.294812351465225220e-01
-1.640829443931579590e-01,-6.446859836578369141e-01,-6.450166702270507812e-01,3.828371465206146240e-01
-1.540313959121704102e-01,-2.805179357528686523e-01,-6.280460357666015625e-01,6.057514548301696777e-01
2.870953083038330078e-02,-7.580012083053588867e-01,-6.448061466217041016e-01,5.620018839836120605e-01
4.196637868881225586e-01,-5.622748136520385742e-01,5.940650701522827148e-01,6.436694264411926270e-01
5.489810705184936523e-01,-7.596063613891601562e-02,3.815433979034423828e-01,4.858835637569427490e-01
-1.603419184684753418e-01,-6.684160232543945312e-01,7.667506933212280273e-01,9.456040859222412109e-01
-6.280878186225891113e-01,-6.715309619903564453e-02,1.740177869796752930e-01,2.803962528705596924e-01
-2.371771335601806641e-01,-7.521830797195434570e-01,3.147338628768920898e-01,1.655525714159011841e-01
-7.984822988510131836e-01,6.824562549591064453e-01,-1.835509538650512695e-01,2.527001500129699707e-01
2.784385681152343750e-01,6.789449453353881836e-01,-1.277118325233459473e-01,6.044359803199768066e-01
8.040589094161987305e-01,9.773010015487670898e-01,2.198041677474975586e-01,6.169115900993347168e-01
7.589781284332275391e-02,8.658515214920043945e-01,5.334639549255371094e-02,4.583185315132141113e-01
-3.647123575210571289e-01,6.890625953674316406e-01,9.178639650344848633e-01,6.548354625701904297e-01
-8.486728668212890625e-01,8.406177759170532227e-01,-7.199591398239135742e-01,1.355892866849899292e-01
-8.400139808654785156e-01,-6.883531808853149414e-01,4.004859924316406250e-01,6.852297186851501465e-01
1.116436719894409180e-01,-1.738079190254211426e-01,-2.429216504096984863e-01,7.830501794815063477e-01
-5.611563920974731445e-01,-1.839239597320556641e-01,-8.661442995071411133e-01,6.296218633651733398e-01
-8.815664052963256836e-02,-7.532173991203308105e-01,-1.965267062187194824e-01,9.750474095344543457e-01
6.988768577575683594e-01,6.313550472259521484e-02,-7.266806364059448242e-01,7.066568732261657715e-01
9.129513502120971680e-01,8.412182331085205078e-02,-3.951932191848754883e-01,2.609919607639312744e-01
6.132794618606567383e-01,-5.949513316154479980e-01,7.412579059600830078e-01,2.975130081176757812e-01
2.550518512725830078e-01,1.176462173461914062e-01,5.665183067321777344e-03,9.317761063575744629e-01
5.077333450317382812e-01,-1.354101300239562988e-01,6.683003902435302734e-02,1.459305286407470703e-01
9.202007055282592773e-01,-3.157865405082702637e-01,-1.935177445411682129e-01,1.685773432254791260e-01
-9.624522924423217773e-02,7.441347837448120117e-01,1.067157983779907227e-01,1.743831634521484375e-01
-6.573143005371093750e-01,-5.611625313758850098e-01,2.442528009414672852e-01,5.919833183288574219e-01
7.999606132507324219e-01,-8.291019201278686523e-01,4.153827428817749023e-01,4.240719377994537354e-01
5.150313377380371094e-01,3.798587322235107422e-01,-7.281112670898437500e-01,9.639501571655273438e-01
3.337746858596801758e-01,-7.571530938148498535e-01,-2.312802672386169434e-01,3.037142455577850342e-01
-2.634598016738891602e-01,2.698919773101806641e-01,-1.286189556121826172e-01,1.555767026729881763e-03
-7.652615904808044434e-01,9.520800113677978516e-01,1.617130041122436523e-01,5.926311016082763672e-01
4.577109813690185547e-01,-5.277395248413085938e-02,7.475575208663940430e-01,1.488291919231414795e-01
7.006444931030273438e-01,-9.869060516357421875e-01,-1.596698760986328125e-01,1.372004449367523193e-01
-8.234978914260864258e-01,-7.002586126327514648e-01,-3.361264467239379883e-01,8.017680048942565918e-01
2.855843305587768555e-01,-9.283685684204101562e-02,-1.184350252151489258e-02,2.713488638401031494e-01
9.954642057418823242e-01,7.625944614410400391e-01,-3.822165727615356445e-02,1.106198430061340332e-01
-4.476881027221679688e-02,9.424883127212524414e-01,-3.834146261215209961e-02,1.204600334167480469e-01
4.182938337326049805e-01,6.970517635345458984e-01,1.406812667846679688e-02,8.464512825012207031e-01
-1.746312975883483887e-01,1.115449666976928711e-01,3.648371696472167969e-01,4.721387922763824463e-01
-6.200648546218872070e-01,-2.954608201980590820e-02,3.447440862655639648e-01,1.773622483015060425e-01
9.957113265991210938e-01,4.180560111999511719e-01,2.005560398101806641e-01,6.338680982589721680e-01
-9.965168237686157227e-01,1.347311735153198242e-01,-8.927450776100158691e-01,4.160064756870269775e-01
-3.374315500259399414e-01,-4.357497096061706543e-01,-3.694913983345031738e-01,3.338084518909454346e-01
-9.465456008911132812e-03,9.397494792938232422e-01,-5.934536457061767578e-01,6.954824328422546387e-01
-8.571957349777221680e-01,-8.810479640960693359e-01,9.795371294021606445e-01,5.361505746841430664e-01
8.401674032211303711e-01,-3.298680186271667480e-01,-8.332775831222534180e-01,1.349781155586242676e-01
-4.835213422775268555e-01,7.225354909896850586e-01,3.995001316070556641e-01,4.158090949058532715e-01
-4.248266816139221191e-01,2.446875572204589844e-01,-6.512308120727539062e-01,3.323735296726226807e-01
8.689322471618652344e-01,-6.933071613311767578e-01,3.656792640686035156e-01,8.233700990676879883e-01
-8.586307764053344727e-01,-2.349770069122314453e-01,9.275676012039184570e-01,3.311142921447753906e-01
-3.080300688743591309e-01,-7.177633047103881836e-02,-1.685431599617004395e-01,4.580422937870025635e-01
-1.741964221000671387e-01,4.486563205718994141e-01,5.070822238922119141e-01,7.841994166374206543e-01
2.855093479156494141e-01,3.776994943618774414e-01,9.782615900039672852e-01,4.896494746208190918e-01
-1.557847857475280762e-01,3.170613050460815430e-01,-6.592664122581481934e-01,1.920502185821533203e-01
-7.477165460586547852e-01,-8.555541634559631348e-01,4.830629825592041016e-01,1.630366779863834381e-03
-4.564560651779174805e-01,-1.264937520027160645e-01,-9.402893781661987305e-01,3.562845885753631592e-01
-7.305134534835815430e-01,7.747664451599121094e-01,8.982111215591430664e-01,3.337492346763610840e-01
3.723993301391601562e-01,5.369949340820312500e-02,-8.543561100959777832e-01,3.427220582962036133e-01
-9.909420013427734375e-01,4.048562049865722656e-02,-7.567234039306640625e-01,3.273535966873168945e-01
7.531396150588989258e-01,7.921265363693237305e-01,9.307471513748168945e-01,9.419518113136291504e-01
7.005745172500610352e-01,-4.733564853668212891e-01,-8.765010237693786621e-01,1.770669966936111450e-01
7.555710077285766602e-01,3.423578739166259766e-01,2.935353517532348633e-01,5.525588393211364746e-01
9.333012104034423828e-01,5.577135086059570312e-02,-5.895515680313110352e-01,9.968184828758239746e-01
8.824543952941894531e-01,-4.471220374107360840e-01,2.363449335098266602e-01,3.588981693610548973e-03
-2.859150171279907227e-01,5.033303499221801758e-01,-7.450397014617919922e-01,1.618521064519882202e-01
7.115041017532348633e-01,2.886097431182861328e-01,-8.573558330535888672e-01,5.701884627342224121e-01
-6.774169206619262695e-01,-2.738439440727233887e-01,-8.498061895370483398e-01,9.571292996406555176e-01
9.492918252944946289e-01,9.757723808288574219e-01,-3.030761480331420898e-01,5.401914119720458984e-01
6.582883596420288086e-01,4.083214998245239258e-01,-6.790544986724853516e-01,2.911654710769653320e-01
-2.971977591514587402e-01,-7.747970819473266602e-01,-3.113926053047180176e-01,6.384507417678833008e-01
6.701521873474121094e-01,-3.296629190444946289e-01,-5.925523042678833008e-01,9.596325755119323730e-01
-4.848898053169250488e-01,8.526461124420166016e-01,-8.838220238685607910e-01,9.307014346122741699e-01
-3.867828249931335449e-01,4.065084457397460938e-01,-4.783439636230468750e-02,6.350111365318298340e-01
-1.276540756225585938e-01,-5.412281751632690430e-01,8.536553382873535156e-01,4.787635505199432373e-01
1.970380544662475586e-01,9.973106384277343750e-01,-8.494786024093627930e-01,6.328066587448120117e-01
1.259649991989135742e-01,9.939960241317749023e-01,2.299786806106567383e-01,2.092785984277725220e-01
2.711673974990844727e-01,-6.838941574096679688e-01,8.152983188629150391e-01,4.562669396400451660e-01
1.584653854370117188e-01,1.725853681564331055e-01,7.435787916183471680e-01,6.414430141448974609e-01
5.028795003890991211e-01,2.027903795242309570e-01,5.300760269165039062e-03,2.501456737518310547e-01
3.404645919799804688e-01,6.746981143951416016e-01,4.185411930084228516e-01,6.823206543922424316e-01
-1.315340399742126465e-01,-3.200911283493041992e-01,-5.349820852279663086e-01,9.641502499580383301e-01
-6.733163595199584961e-01,9.242237806320190430e-01,1.440827846527099609e-01,4.987785816192626953e-01
7.097961902618408203e-01,3.159233331680297852e-01,4.357975721359252930e-01,4.984140396118164062e-01
-9.417691826820373535e-01,-7.612823247909545898e-01,4.879825115203857422e-01,5.624922737479209900e-02
-5.257527232170104980e-01,6.983155012130737305e-01,-8.496389985084533691e-01,8.209009766578674316e-01
-2.002252936363220215e-01,9.693313837051391602e-01,-9.947540760040283203e-01,2.712984010577201843e-02
-8.490096330642700195e-01,-1.673257350921630859e-01,-8.119781017303466797e-01,7.536497116088867188e-01
-2.589684724807739258e-01,5.554438829421997070e-01,-9.536883831024169922e-01,1.773987859487533569e-01
-1.405502557754516602e-01,-4.499591588973999023e-01,-5.237204432487487793e-01,6.922778487205505371e-01
8.664190769195556641e-01,8.748849630355834961e-01,9.624440670013427734e-01,5.404775738716125488e-01
-1.569086909294128418e-01,7.040231227874755859e-01,-1.156032085418701172e-02,4.244176149368286133e-01
-7.189791202545166016e-01,6.993629932403564453e-01,-6.519905328750610352e-01,8.058115243911743164e-01
5.123426914215087891e-01,-5.586271286010742188e-01,4.181274175643920898e-01,2.326177358627319336e-01
7.021343708038330078e-01,8.636071681976318359e-01,-6.081801652908325195e-01,3.085120916366577148e-01
-3.095127344131469727e-01,4.940832853317260742e-01,-1.259738206863403320e-01,5.763065069913864136e-02
-4.953961968421936035e-01,-5.348544120788574219e-01,9.759188890457153320e-01,6.204299926757812500e-01
6.947069168090820312e-01,-9.254157543182373047e-03,-3.402603268623352051e-01,7.415253520011901855e-01
-9.768053889274597168e-01,1.004177331924438477e-01,6.886421442031860352e-01,9.215524792671203613e-01
9.280860424041748047e-01,9.285421371459960938e-01,-5.147895216941833496e-01,2.561101913452148438e-01
-3.745715618133544922e-01,-9.695094823837280273e-02,3.492788076400756836e-01,8.368570804595947266e-01
2.394686937332153320e-01,3.127720355987548828e-01,-7.528976798057556152e-01,4.468319416046142578e-01
5.021824836730957031e-01,-1.783066987991333008e-01,6.782610416412353516e-01,8.104662299156188965e-01
6.848112344741821289e-01,-5.454465746879577637e-01,-1.319593191146850586e-01,7.185247540473937988e-01
-4.874413609504699707e-01,-4.134868383407592773e-01,6.951692104339599609e-01,1.085777208209037781e-01
-2.667041420936584473e-01,3.034480810165405273e-01,-9.599566459655761719e-03,8.846389055252075195e-01
4.400967359542846680e-01,6.575977802276611328e-02,9.270267486572265625e-01,2.795330882072448730e-01
7.349925041198730469e-01,6.369144916534423828e-01,3.824121952056884766e-01,9.132737517356872559e-01
2.530955076217651367e-01,3.144840002059936523e-01,6.318219900131225586e-01,9.176445603370666504e-01
-2.693253159523010254e-01,-6.945509910583496094e-01,-4.654525518417358398e-01,9.343090653419494629e-01
-6.663294434547424316e-01,6.665643453598022461e-01,-9.689027070999145508e-02,1.830185651779174805e-01
3.738901615142822266e-01,1.081206798553466797e-01,-5.772966146469116211e-01,2.511278092861175537e-01
9.546852111816406250e-02,-3.440096378326416016e-01,7.320148944854736328e-01,4.153164103627204895e-02
4.249323606491088867e-01,5.852234363555908203e-02,5.753620862960815430e-01,7.881882190704345703e-01
8.520966768264770508e-01,6.027545928955078125e-01,6.503154039382934570e-01,3.722087144851684570e-01
4.174858331680297852e-01,3.175688982009887695e-01,2.303737401962280273e-01,8.122130036354064941e-01
-1.097065210342407227e-02,8.830854892730712891e-01,7.670278549194335938e-01,3.895655572414398193e-01
-4.566333293914794922e-01,-8.671686649322509766e-01,6.907688379287719727e-01,6.051604747772216797e-01
-3.628599047660827637e-01,7.955794334411621094e-01,5.541312694549560547e-01,7.558819651603698730e-02
5.136984586715698242e-01,1.721242666244506836e-01,1.272463798522949219e-01,3.262269794940948486e-01
9.794350862503051758e-01,-5.495212078094482422e-01,-3.626757860183715820e-01,9.717674255371093750e-01
-8.207755088806152344e-01,8.536155223846435547e-01,1.322934627532958984e-01,3.423949778079986572e-01
-3.101352453231811523e-01,-4.016315340995788574e-01,-9.569808840751647949e-01,9.370037913322448730e-01
-7.582939267158508301e-01,9.399380683898925781e-01,9.554513692855834961e-01,8.661000728607177734e-01
-3.071886897087097168e-01,7.412621974945068359e-01,7.485827207565307617e-01,1.900214701890945435e-01
-8.098009824752807617e-01,6.486649513244628906e-01,6.040856838226318359e-01,9.101205319166183472e-02
2.231174707412719727e-01,1.723412275314331055e-01,-9.720736742019653320e-02,5.658417344093322754e-01
8.022764921188354492e-01,-5.382682085037231445e-01,-2.572695612907409668e-01,4.207553714513778687e-02
7.606651782989501953e-01,4.847654104232788086e-01,2.738845348358154297e-01,2.901765108108520508e-01
9.440504312515258789e-01,4.104056358337402344e-01,-1.667140722274780273e-01,1.492733657360076904e-01
5.309996604919433594e-01,-1.949316859245300293e-01,-5.453373193740844727e-01,9.852363467216491699e-01
-5.954289436340332031e-01,1.893911361694335938e-01,-4.718876481056213379e-01,2.232361137866973877e-01
9.961057901382446289e-01,9.959950447082519531e-01,7.729022502899169922e-01,9.847611188888549805e-01
-7.427355647087097168e-01,-7.321240901947021484e-01,6.950819492340087891e-02,2.551418542861938477e-01
-5.755560398101806641e-01,9.940925836563110352e-01,1.443454027175903320e-01,7.274542450904846191e-01
-5.010116696357727051e-01,-9.566262960433959961e-01,8.874454498291015625e-01,7.518509030342102051e-01
6.828531026840209961e-01,5.601029396057128906e-01,-6.478408575057983398e-01,9.387000799179077148e-01
3.736213445663452148e-01,5.845450162887573242e-01,5.290868282318115234e-01,9.436742067337036133e-01
-4.442787766456604004e-01,1.648330688476562500e-01,-6.995950937271118164e-01,8.804258108139038086e-01
2.565979957580566406e-02,9.026575088500976562e-02,-7.834321260452270508e-01,2.909663617610931396e-01
7.675627470016479492e-01,-2.489616870880126953e-01,-3.299843668937683105e-01,3.057878613471984863e-01
-6.318820714950561523e-01,-8.407095670700073242e-01,-3.336421251296997070e-01,5.203703045845031738e-02
6.350148916244506836e-01,9.270251989364624023e-01,1.592674255371093750e-01,9.070313572883605957e-01
-8.165180683135986328e-01,8.967801332473754883e-01,-7.708529829978942871e-01,5.673097372055053711e-01
7.029491662979125977e-01,-3.216296434402465820e-01,5.244784355163574219e-01,7.023015022277832031e-01
-8.060003519058227539e-01,-1.339858770370483398e-01,-5.329853892326354980e-01,6.742752790451049805e-01
-4.686733484268188477e-01,7.216204404830932617e-01,3.298389911651611328e-01,4.837459027767181396e-01
-6.532438397407531738e-01,4.501084089279174805e-01,5.530365705490112305e-01,6.311008930206298828e-01
-9.078671336174011230e-01,5.567164421081542969e-01,-4.608159661293029785e-01,4.809841513633728027e-01
5.643539428710937500e-01,1.542376279830932617e-01,-2.642236948013305664e-01,3.711330890655517578e-01
6.512265205383300781e-01,3.835173845291137695e-01,-7.780256271362304688e-01,1.246826946735382080e-01
6.318588256835937500e-01,8.823183774948120117e-01,2.622358798980712891e-01,7.947152256965637207e-01
-9.278243184089660645e-01,2.655917406082153320e-01,-4.441735744476318359e-01,3.676840960979461670e-01
-3.653090596199035645e-01,2.549741268157958984e-01,-9.199709296226501465e-01,1.592799127101898193e-01
3.070888519287109375e-01,7.830922603607177734e-01,-6.944245100021362305e-01,6.290808320045471191e-01
-2.513372898101806641e-01,7.871962785720825195e-01,-1.384975910186767578e-01,8.916158676147460938e-01
9.908254146575927734e-01,-8.947883248329162598e-01,6.148239374160766602e-01,6.797438263893127441e-01
-6.643855571746826172e-01,7.102937698364257812e-01,5.693578720092773438e-02,2.421138137578964233e-01
-3.262182474136352539e-01,-2.293851375579833984e-01,9.383647441864013672e-01,4.948773384094238281e-01
-9.499317407608032227e-02,-9.152666926383972168e-01,-2.489826679229736328e-01,6.546458601951599121e-01
-8.116266727447509766e-01,5.082355737686157227e-01,8.173370361328125000e-02,3.367310166358947754e-01
3.786796331405639648e-01,1.054770946502685547e-01,5.883917808532714844e-01,5.785631537437438965e-01
1.671043634414672852e-01,-4.095895886421203613e-01,6.645036935806274414e-01,1.413741987198591232e-02
5.382155179977416992e-01,1.279789209365844727e-01,7.592194080352783203e-01,9.676322340965270996e-01
8.571083545684814453e-01,-1.273858547210693359e-02,4.695175886154174805e-01,7.033678889274597168e-01
-5.067439079284667969e-01,8.710891008377075195e-01,1.287155151367187500e-01,8.825672268867492676e-01
-3.342475891113281250e-01,-6.618802547454833984e-01,-3.088104724884033203e-02,3.969596624374389648e-01
5.757946968078613281e-01,-9.815938472747802734e-01,-7.340790033340454102e-01,7.016710638999938965e-01
-5.631715059280395508e-02,-1.699085831642150879e-01,8.187794685363769531e-01,6.218845248222351074e-01
5.647480487823486328e-02,7.698297500610351562e-03,6.690887212753295898e-01,2.410047650337219238e-01
-9.239631891250610352e-02,-9.860980510711669922e-01,8.079179525375366211e-01,4.305555522441864014e-01
5.679495334625244141e-01,-3.362363576889038086e-02,-9.957778453826904297e-02,9.681431651115417480e-01
1.958378553390502930e-01,-3.846669793128967285e-01,2.433117628097534180e-01,3.701899349689483643e-01
7.977046966552734375e-01,6.427305936813354492e-01,7.793811559677124023e-01,4.084258973598480225e-01
-2.816956639289855957e-01,-1.330422163009643555e-01,5.971882343292236328e-01,8.859449625015258789e-01
-7.494778633117675781e-01,-1.694582700729370117e-01,-2.677397727966308594e-01,5.917813181877136230e-01
9.635102748870849609e-01,-6.261246204376220703e-01,9.133650064468383789e-01,3.134696744382381439e-03
9.588479995727539062e-01,6.531910896301269531e-01,-8.798038959503173828e-01,5.373596679419279099e-03
-5.980031490325927734e-01,-2.913761734962463379e-01,-2.831019759178161621e-01,3.402392268180847168e-01
-7.655592560768127441e-01,8.593436479568481445e-01,-1.424342989921569824e-01,8.909081220626831055e-01
-9.414647221565246582e-01,-1.962768435478210449e-01,1.674835681915283203e-01,5.798211097717285156e-01
-3.824484348297119141e-01,7.503049373626708984e-01,-2.305406928062438965e-01,7.461474537849426270e-01
-4.436363577842712402e-01,5.608839988708496094e-01,-7.785460948944091797e-01,9.503214359283447266e-01
5.109688043594360352e-01,-5.144089460372924805e-02,2.949440479278564453e-01,6.258476376533508301e-01
-7.977361083030700684e-01,-7.384093403816223145e-01,-3.152175545692443848e-01,9.842935800552368164e-01
1.610385179519653320e-01,-4.993805289268493652e-01,-7.886482477188110352e-01,4.885817170143127441e-01
-9.254637360572814941e-01,7.510949373245239258e-01,-8.292550444602966309e-01,7.186201810836791992e-01
3.350055217742919922e-01,-8.329857587814331055e-01,-7.660831809043884277e-01,9.746985435485839844e-01
1.276711225509643555e-01,6.966745853424072266e-01,2.195992469787597656e-01,4.219661355018615723e-01
-6.293501257896423340e-01,-6.490211486816406250e-01,7.625573873519897461e-01,9.468690752983093262e-01
-9.756473898887634277e-01,1.126643419265747070e-01,9.088104963302612305e-01,9.204001724720001221e-02
2.790766954421997070e-01,9.999949932098388672e-01,4.145098924636840820e-01,2.368713021278381348e-01
-1.935759782791137695e-01,-8.237731456756591797e-01,-7.769588828086853027e-01,4.301875233650207520e-01
4.298210144042968750e-02,9.639284610748291016e-01,8.260190486907958984e-02,9.962295889854431152e-01
3.261684179306030273e-01,3.136106729507446289e-01,8.502185344696044922e-02,2.393639832735061646e-01
-4.077829718589782715e-01,3.792701959609985352e-01,2.426719665527343750e-01,5.158949494361877441e-01
-4.761112332344055176e-01,4.847704172134399414e-01,9.913513660430908203e-01,3.149883747100830078e-01
8.022857904434204102e-01,9.043509960174560547e-01,5.568969249725341797e-01,3.288026452064514160e-01
-1.673936247825622559e-01,8.370077610015869141e-02,-1.383126974105834961e-01,5.049764513969421387e-01
-1.603340506553649902e-01,9.569823741912841797e-02,1.300200223922729492e-01,8.892415165901184082e-01
8.539116382598876953e-02,-6.343297958374023438e-01,2.108880281448364258e-01,8.276662826538085938e-01
-6.914596557617187500e-01,3.144618272781372070e-01,5.599826574325561523e-01,1.211328804492950439e-01
-1.948333382606506348e-01,3.587522506713867188e-01,7.426450252532958984e-01,1.135884448885917664e-01
9.432311058044433594e-01,2.936203479766845703e-01,-6.648310422897338867e-01,1.099459920078516006e-02
7.146791219711303711e-01,6.647992134094238281e-02,-5.816145539283752441e-01,9.616008400917053223e-01
1.017619371414184570e-01,-9.563270807266235352e-01,-5.505581498146057129e-01,8.170046210289001465e-01
-5.728479027748107910e-01,-6.866882443428039551e-01,-9.364191293716430664e-01,3.949908912181854248e-01
-6.272773742675781250e-01,2.134360074996948242e-01,7.476892471313476562e-01,6.602443456649780273e-01
7.595887184143066406e-01,5.961066484451293945e-01,8.502950668334960938e-01,9.206642210483551025e-02
-8.959959149360656738e-01,-8.535191416740417480e-01,-5.391952991485595703e-01,6.042742729187011719e-01
6.103940010070800781e-01,2.596532106399536133e-01,2.513015270233154297e-01,8.613401055335998535e-01
-7.443936467170715332e-01,9.771474599838256836e-01,-8.221619129180908203e-01,4.528231918811798096e-02
4.828679561614990234e-01,-6.885652542114257812e-01,-2.470071315765380859e-01,6.763257831335067749e-02
-6.938296556472778320e-02,-4.562723040580749512e-01,-4.414903521537780762e-01,1.211056932806968689e-01
-1.474166512489318848e-01,1.880387067794799805e-01,6.409955024719238281e-01,5.111562609672546387e-01
-9.910908341407775879e-01,-9.094892740249633789e-01,2.099075317382812500e-01,1.229013502597808838e-01
9.847377538681030273e-01,-8.027296066284179688e-01,-4.976179003715515137e-01,7.888665199279785156e-01
-3.900845050811767578e-01,8.309366703033447266e-01,9.036248922348022461e-01,2.515120506286621094e-01
-1.768973469734191895e-01,2.847855091094970703e-01,-4.844486713409423828e-01,7.246473431587219238e-01
-1.890352964401245117e-01,2.934596538543701172e-01,-6.497621536254882812e-01,6.414097547531127930e-01
9.152655601501464844e-01,6.496733427047729492e-01,4.854730367660522461e-01,6.409249454736709595e-02
6.120496988296508789e-01,8.627632856369018555e-01,8.360353708267211914e-01,2.862754650413990021e-02
-6.523388028144836426e-01,3.429085016250610352e-01,4.810496568679809570e-01,2.415740489959716797e-01
8.731648921966552734e-01,-7.718765735626220703e-02,9.852628707885742188e-01,1.676455438137054443e-01
-1.013113260269165039e-01,1.338394880294799805e-01,-9.654169678688049316e-01,7.147714495658874512e-01
4.735869169235229492e-01,-5.682429075241088867e-01,-7.887184619903564453e-03,8.880738615989685059e-01
-7.021722197532653809e-01,-6.810057163238525391e-01,8.111078739166259766e-01,3.976960480213165283e-01
4.902136325836181641e-01,3.146371841430664062e-01,-9.828964471817016602e-01,4.542953670024871826e-01
7.412694692611694336e-01,-2.047737836837768555e-01,-3.172056078910827637e-01,3.524179104715585709e-03
-8.328257203102111816e-01,9.367718696594238281e-01,6.987898349761962891e-01,3.243303596973419189e-01
-1.164015531539916992e-01,3.951464891433715820e-01,-6.358846426010131836e-01,7.444528341293334961e-01
-1.035299897193908691e-01,2.581000328063964844e-02,-8.111771941184997559e-01,9.762886762619018555e-01
-8.086093068122863770e-01,-2.815625071525573730e-01,-4.695567488670349121e-01,5.721577405929565430e-01
-9.051989316940307617e-01,1.648516654968261719e-01,-1.793345808982849121e-01,3.209814727306365967e-01
-4.608213901519775391e-03,7.210180759429931641e-01,6.176124811172485352e-01,2.557776272296905518e-01
-3.570204377174377441e-01,9.671131372451782227e-01,5.928177833557128906e-01,3.104923069477081299e-01
-2.988605499267578125e-01,-9.121447801589965820e-01,5.879616737365722656e-02,5.669258236885070801e-01
4.304873943328857422e-02,-2.656773328781127930e-01,-4.080978035926818848e-01,3.979964256286621094e-01
-6.194540858268737793e-01,-2.436296343803405762e-01,9.637594223022460938e-01,3.261124193668365479e-01
9.283783435821533203e-01,-5.138045549392700195e-02,-4.631731510162353516e-01,9.033618569374084473e-01
8.035993576049804688e-01,5.575076341629028320e-01,-7.712106704711914062e-01,3.080041110515594482e-01
1.028869152069091797e-01,9.901293516159057617e-01,-5.048928856849670410e-01,7.316915988922119141e-01
4.938567876815795898e-01,2.022283077239990234e-01,-7.058079242706298828e-01,1.927006840705871582e-01
-7.867180705070495605e-01,-1.454856991767883301e-01,4.505448341369628906e-01,4.240002930164337158e-01
-9.538701176643371582e-01,-7.392182350158691406e-01,6.419491767883300781e-02,2.270420044660568237e-01
-4.086542129516601562e-02,3.196772336959838867e-01,-5.651712417602539062e-01,7.363840341567993164e-01
7.153941392898559570e-01,1.410952806472778320e-01,5.731121301651000977e-01,7.293028831481933594e-01
-1.462267637252807617e-01,6.777925491333007812e-01,-9.834497570991516113e-01,7.775053977966308594e-01
-8.357896804809570312e-01,7.335970401763916016e-01,-6.736546158790588379e-01,1.095802634954452515e-01
-1.617538928985595703e-02,-8.096389174461364746e-01,8.726963996887207031e-01,7.588733434677124023e-01
2.342067956924438477e-01,3.081723451614379883e-01,-7.859754562377929688e-01,4.611350893974304199e-01
-9.346203804016113281e-01,7.391736507415771484e-01,3.517426252365112305e-01,3.279035687446594238e-01
-8.428055644035339355e-01,3.998173475265502930e-01,1.994011402130126953e-01,9.177346825599670410e-01
4.287521839141845703e-01,8.449114561080932617e-01,8.490853309631347656e-01,6.898056864738464355e-01
-3.850022554397583008e-01,-7.223807573318481445e-01,7.016189098358154297e-01,1.113608628511428833e-01
9.176094532012939453e-01,4.604778289794921875e-01,-6.953035593032836914e-01,7.225619554519653320e-01
6.343945264816284180e-01,6.736748218536376953e-01,6.534361839294433594e-01,2.578011155128479004e-01
-3.242067694664001465e-01,-7.285047769546508789e-01,2.299559116363525391e-02,3.334938287734985352e-01
4.692937135696411133e-01,1.369180679321289062e-01,2.257086038589477539e-01,8.931109309196472168e-01
6.416695117950439453e-01,-7.746159434318542480e-01,-1.264995336532592773e-02,7.883790135383605957e-01
2.995880842208862305e-01,2.384456396102905273e-01,-1.897456049919128418e-01,5.240474343299865723e-01
1.781001091003417969e-01,2.729598283767700195e-01,-6.993900537490844727e-01,5.951234102249145508e-01
-6.126195192337036133e-01,2.620333433151245117e-01,-9.517730474472045898e-01,7.416920065879821777e-01
3.330073356628417969e-01,-3.910790085792541504e-01,6.690013408660888672e-02,9.854632616043090820e-01
-4.312854409217834473e-01,-3.358454704284667969e-01,-2.126917243003845215e-01,7.127393484115600586e-01
-9.232670068740844727e-01,3.564137220382690430e-01,8.781734704971313477e-01,7.753226757049560547e-01
7.133617401123046875e-01,-9.542703628540039062e-04,-8.756680488586425781e-01,8.078668713569641113e-01
7.557039260864257812e-01,5.415201187133789062e-03,-5.078018903732299805e-01,7.171024084091186523e-01
2.310606241226196289e-01,8.160843849182128906e-01,-1.604719758033752441e-01,4.168801307678222656e-01
-6.697019338607788086e-01,-5.691205263137817383e-01,-5.901068449020385742e-01,6.442677378654479980e-01
-6.916251182556152344e-01,5.068267583847045898e-01,-4.707391858100891113e-01,8.074737787246704102e-01
-1.038882732391357422e-01,-6.022284030914306641e-01,-9.907118678092956543e-01,5.238530635833740234e-01
7.472568750381469727e-01,2.129845619201660156e-01,3.594578504562377930e-01,5.400640368461608887e-01
6.127679347991943359e-01,-1.653957366943359375e-01,3.958615064620971680e-01,2.681702673435211182e-01
9.342275857925415039e-01,-9.123312830924987793e-01,3.772366046905517578e-01,1.250613927841186523e-01
-4.137052893638610840e-01,3.005768060684204102e-01,5.367082357406616211e-01,4.147141873836517334e-01
-7.678148746490478516e-01,5.700869560241699219e-01,7.389247417449951172e-02,7.711541056632995605e-01
1.561505794525146484e-01,-8.412450551986694336e-02,9.937328100204467773e-01,8.577678203582763672e-01
3.580045700073242188e-02,-6.026473045349121094e-01,-4.162149429321289062e-01,6.620275974273681641e-02
-5.639981031417846680e-01,-1.733569502830505371e-01,-5.537821054458618164e-01,6.188098192214965820e-01
-8.351266980171203613e-01,-1.702334880828857422e-01,-2.214559316635131836e-01,6.948739886283874512e-01
-3.897840380668640137e-01,-7.202361822128295898e-01,5.550980567932128906e-03,7.037008404731750488e-01
-2.676127552986145020e-01,2.625234127044677734e-01,-9.002792239189147949e-01,6.803162395954132080e-02
9.456138610839843750e-01,-4.622141122817993164e-01,-4.349088072776794434e-01,1.755103915929794312e-01
-6.900078654289245605e-01,3.152455091476440430e-01,-4.794852733612060547e-01,7.774968743324279785e-01
-9.499615430831909180e-02,6.875751018524169922e-01,-3.139176964759826660e-01,2.362187802791595459e-01
3.156472444534301758e-01,3.705255985260009766e-01,5.765738487243652344e-01,7.420625686645507812e-01
-9.592590332031250000e-01,-4.203997254371643066e-01,8.085306882858276367e-01,3.356857895851135254e-01
-5.005743503570556641e-01,6.643823385238647461e-01,8.936041593551635742e-01,7.675487995147705078e-01
-7.633367776870727539e-01,3.040779829025268555e-01,7.491009235382080078e-01,4.099629074335098267e-02
1.979237794876098633e-01,3.757022619247436523e-01,-9.649733304977416992e-01,5.903727412223815918e-01
1.373380422592163086e-01,1.309436559677124023e-01,-1.421464681625366211e-01,7.980510592460632324e-02
2.462036609649658203e-01,-6.808091402053833008e-01,6.057510375976562500e-01,4.545532763004302979e-01
2.468854188919067383e-01,-6.428804397583007812e-01,-5.676770210266113281e-01,8.359978199005126953e-01
7.288885116577148438e-02,6.082222461700439453e-01,7.455160617828369141e-01,2.412800043821334839e-01
1.743590831756591797e-01,5.972334146499633789e-01,3.704234361648559570e-01,5.640571117401123047e-01
2.550868988037109375e-01,9.159330129623413086e-01,8.221507072448730469e-01,1.359668076038360596e-01
-1.268196105957031250e-02,7.585091590881347656e-01,3.473939895629882812e-01,5.297765731811523438e-01
3.613632917404174805e-01,-6.073760390281677246e-01,1.353722810745239258e-01,9.187110066413879395e-01
1.170794963836669922e-01,-2.440974116325378418e-01,-1.531810164451599121e-01,1.263056546449661255e-01
2.546976804733276367e-01,6.139039993286132812e-02,-1.291552782058715820e-01,3.896979093551635742e-01
-7.681385278701782227e-01,2.386814355850219727e-01,-1.493769884109497070e-01,6.035491824150085449e-01
-6.774213314056396484e-01,6.163210868835449219e-01,3.425996303558349609e-01,5.081347376108169556e-02
-9.865692853927612305e-01,-2.719050645828247070e-01,8.630871772766113281e-02,8.584993481636047363e-01
-3.719297051429748535e-01,-2.240778803825378418e-01,-6.375013589859008789e-01,6.638657450675964355e-01
-4.109433889389038086e-01,-2.916768789291381836e-01,-5.595535039901733398e-01,5.407298207283020020e-01
9.809306859970092773e-01,-7.551615834236145020e-01,-7.816189527511596680e-01,7.643603086471557617e-01
-8.067573308944702148e-01,8.572124242782592773e-01,-5.740839242935180664e-01,2.229360491037368774e-01
6.795885562896728516e-01,-2.356940507888793945e-01,-4.717692732810974121e-01,9.041893482208251953e-01
5.270268917083740234e-01,3.595652580261230469e-01,-9.835823178291320801e-01,5.116227865219116211e-01
2.058584690093994141e-01,6.485297679901123047e-01,6.247183084487915039e-01,7.565158605575561523e-01
3.636891841888427734e-01,-4.879180788993835449e-01,-5.738046169281005859e-01,6.968955397605895996e-01
5.519887208938598633e-01,4.431093931198120117e-01,-3.498442769050598145e-01,4.113956391811370850e-01
9.463964700698852539e-01,-1.615975499153137207e-01,-4.383127689361572266e-01,6.848152279853820801e-01
6.542543172836303711e-01,2.644407749176025391e-02,-7.667686939239501953e-01,7.072874307632446289e-01
-7.000253200531005859e-01,-7.380986213684082031e-01,7.024637460708618164e-01,8.573420643806457520e-01
-8.339079618453979492e-01,2.441718578338623047e-01,-1.052286624908447266e-01,2.395275682210922241e-01
-7.266279458999633789e-01,1.020290851593017578e-01,6.758230924606323242e-01,6.515752524137496948e-02
7.026197910308837891e-01,-8.733003735542297363e-01,3.346002101898193359e-02,6.369671225547790527e-01
-3.442592024803161621e-01,-9.642933011054992676e-01,8.608001470565795898e-01,9.785163998603820801e-01
-4.589847326278686523e-01,-2.839493155479431152e-01,-7.543087601661682129e-01,6.063621640205383301e-01
-2.859513759613037109e-01,-7.773990631103515625e-01,3.640897274017333984e-01,2.875775098800659180e-01
1.127556562423706055e-01,-1.490985155105590820e-01,2.281354665756225586e-01,7.894459366798400879e-02
-6.996943354606628418e-01,-3.403332829475402832e-01,6.924108266830444336e-01,1.026828400790691376e-02
3.818411827087402344e-01,5.767703056335449219e-01,-9.129993915557861328e-01,6.034093499183654785e-01
1.022381782531738281e-01,-7.448319792747497559e-01,-8.834037780761718750e-01,2.870626747608184814e-01
2.496422529220581055e-01,-5.050022006034851074e-01,6.087226867675781250e-01,9.366697072982788086e-01
2.520517110824584961e-01,6.262404918670654297e-01,-9.867724180221557617e-01,8.837037682533264160e-01
3.407686948776245117e-01,9.493197202682495117e-01,-1.133340597152709961e-02,2.293079346418380737e-01
-4.266702532768249512e-01,4.555919170379638672e-01,-3.994231820106506348e-01,9.612463712692260742e-01
-9.730819463729858398e-01,5.662832260131835938e-01,8.126107454299926758e-01,1.911014877259731293e-02
-9.736357331275939941e-01,-3.680186867713928223e-01,3.632527589797973633e-01,3.597954660654067993e-02
-9.925335645675659180e-02,-2.953971028327941895e-01,-3.024687767028808594e-01,5.739960074424743652e-01
-3.661413192749023438e-01,-6.003332734107971191e-01,9.272289276123046875e-02,2.868673503398895264e-01
-9.873920679092407227e-01,-4.492011666297912598e-01,-8.995162248611450195e-01,2.384592145681381226e-01
-2.607619762420654297e-01,-4.905223250389099121e-01,9.104815721511840820e-01,9.040198326110839844e-01
-8.357254862785339355e-01,2.863101959228515625e-01,-2.704250216484069824e-01,7.131862640380859375e-01
6.917116641998291016e-01,8.935253620147705078e-01,-7.712987661361694336e-01,7.975605130195617676e-02
7.706165313720703125e-02,3.486503362655639648e-01,-8.437234163284301758e-02,3.105027675628662109e-01
-3.364014625549316406e-02,-4.588003158569335938e-01,-7.109844684600830078e-01,1.990847103297710419e-02
-6.882141232490539551e-01,8.157229423522949219e-02,-1.218618750572204590e-01,2.660585939884185791e-02
7.539948225021362305e-01,5.825319290161132812e-01,-8.422465324401855469e-01,6.503605842590332031e-01
-9.478565454483032227e-01,6.667375564575195312e-02,9.106206893920898438e-02,9.395173192024230957e-01
-9.343737363815307617e-01,4.690333604812622070e-01,6.964485645294189453e-01,3.227005898952484131e-01
-3.551568984985351562e-01,-7.012517452239990234e-01,5.474553108215332031e-01,7.230927944183349609e-01
9.824558496475219727e-01,-7.818061113357543945e-02,-1.536494493484497070e-01,2.437987774610519409e-01
-3.916588425636291504e-01,9.638205766677856445e-01,5.280995368957519531e-02,2.152840048074722290e-01
9.470496177673339844e-01,7.804428339004516602e-01,8.016777038574218750e-01,3.156209290027618408e-01
8.521189689636230469e-01,7.141481637954711914e-01,-5.908600091934204102e-01,7.212345600128173828e-01
3.962116241455078125e-01,3.214496374130249023e-01,1.271928548812866211e-01,9.722755551338195801e-01
-4.003823399543762207e-01,-2.654885649681091309e-01,3.177213668823242188e-02,8.735244274139404297e-01
-6.153574585914611816e-01,1.871778964996337891e-01,3.373112678527832031e-01,7.369660735130310059e-01
-3.100697994232177734e-01,4.654363393783569336e-01,9.104473590850830078e-01,4.972842335700988770e-01
4.268935918807983398e-01,8.317865133285522461e-01,1.552985906600952148e-01,6.121851205825805664e-01
4.640181064605712891e-01,-6.927123069763183594e-01,-2.240802049636840820e-01,2.663362324237823486e-01
2.746077775955200195e-01,5.814570188522338867e-01,9.905081987380981445e-01,9.296781420707702637e-01
-6.424362659454345703e-01,-7.718521356582641602e-02,-6.147414445877075195e-01,9.720326662063598633e-01
9.122843742370605469e-01,-4.024689197540283203e-01,-7.539955973625183105e-01,6.925945878028869629e-01
-6.140364408493041992e-01,-9.071391224861145020e-01,3.555110692977905273e-01,7.151781022548675537e-02
-5.101257562637329102e-01,9.283410310745239258e-01,-4.758237004280090332e-01,9.106984138488769531e-01
-8.286672234535217285e-01,-5.893790721893310547e-01,-6.575952172279357910e-01,4.488493781536817551e-03
6.852877140045166016e-02,-7.037101984024047852e-01,-9.726315736770629883e-02,7.590092420578002930e-01
8.513813018798828125e-01,-6.078782081604003906e-01,-9.755645394325256348e-01,3.637014627456665039e-01
7.302407026290893555e-01,7.689601182937622070e-01,-9.698635935783386230e-01,3.839829238131642342e-03
-9.096295237541198730e-01,6.964966058731079102e-01,-3.066576123237609863e-01,7.271056771278381348e-01
-9.379580020904541016e-01,-3.544467687606811523e-01,4.334672689437866211e-01,8.382837176322937012e-01
8.749965429306030273e-01,-4.744241833686828613e-01,3.637341260910034180e-01,6.259069442749023438e-01
6.502562761306762695e-01,-4.034289717674255371e-01,-5.486035346984863281e-02,3.469856977462768555e-01
-9.175671339035034180e-01,-2.877874374389648438e-01,-5.267463922500610352e-01,1.360853612422943115e-01
-3.218730688095092773e-01,8.874803781509399414e-01,7.718793153762817383e-01,8.213724195957183838e-02
-5.893662571907043457e-01,9.644914865493774414e-01,6.328952312469482422e-02,8.687573075294494629e-01
9.732784032821655273e-01,-3.659580349922180176e-01,-2.100151777267456055e-01,6.430399417877197266e-01
-3.745199441909790039e-01,-3.273546099662780762e-01,6.455844640731811523e-01,3.498404845595359802e-02
-9.801057577133178711e-01,7.661056518554687500e-02,-7.656635642051696777e-01,5.594891905784606934e-01
1.010860204696655273e-01,5.868365764617919922e-01,2.739814519882202148e-01,9.029481410980224609e-01
-5.197075605392456055e-01,6.285172700881958008e-01,-7.875768542289733887e-01,9.782056212425231934e-01
8.950245380401611328e-01,9.539504051208496094e-01,9.078614711761474609e-01,6.352260708808898926e-01
-7.372199296951293945e-01,-9.632012844085693359e-01,4.587862491607666016e-01,1.576484292745590210e-01
-8.675786256790161133e-01,-4.081317186355590820e-01,-9.925588965415954590e-01,1.496254354715347290e-01
3.783146142959594727e-01,2.759327888488769531e-01,-7.245759963989257812e-01,7.298982739448547363e-01
-9.232786297798156738e-01,5.844101905822753906e-01,-7.782765626907348633e-01,6.938153505325317383e-01
6.066273450851440430e-01,-4.366933107376098633e-01,-1.630991697311401367e-02,4.834570884704589844e-01
7.014937400817871094e-01,-3.249607682228088379e-01,-1.987244486808776855e-01,8.736850619316101074e-01
-6.944260001182556152e-01,-6.231409907341003418e-01,7.330673933029174805e-01,5.487027168273925781e-01
-9.926174283027648926e-01,-7.996670007705688477e-01,-9.324042797088623047e-01,3.582084476947784424e-01
6.931076049804687500e-01,5.850493907928466797e-01,-5.866256952285766602e-01,5.565035343170166016e-01
-7.505746483802795410e-01,-2.670934796333312988e-01,-9.182257056236267090e-01,7.313695549964904785e-01
5.899357795715332031e-02,-2.013906240463256836e-01,2.356657981872558594e-01,7.158058881759643555e-01
1.022696495056152344e-03,2.438199520111083984e-01,-5.107784271240234375e-01,1.801102906465530396e-01
-4.819456934928894043e-01,-2.871754169464111328e-01,3.045077323913574219e-01,4.225069284439086914e-01
2.951014041900634766e-01,2.775188684463500977e-01,5.293564796447753906e-01,8.564766049385070801e-01
-4.651933312416076660e-01,-6.467236280441284180e-01,-2.295632362365722656e-01,4.493548870086669922e-01
-5.665143728256225586e-01,-1.340827345848083496e-01,4.174381494522094727e-01,2.153564840555191040e-01
-1.662600040435791016e-01,-5.310858488082885742e-01,-1.910417079925537109e-01,8.523933887481689453e-01
2.437568902969360352e-01,3.752529621124267578e-02,9.142172336578369141e-01,7.112536430358886719e-01
3.677370548248291016e-01,5.743031501770019531e-01,-9.863310456275939941e-01,1.050421129912137985e-02
-1.219779849052429199e-01,-8.337301015853881836e-02,-6.017557382583618164e-01,6.806258559226989746e-01
2.319273948669433594e-01,-4.916706085205078125e-01,6.095224618911743164e-01,5.901002883911132812e-01
2.077445983886718750e-01,4.468058347702026367e-01,2.833555936813354492e-01,4.020744860172271729e-01
6.139060258865356445e-01,8.898510932922363281e-01,6.994905471801757812e-01,3.732726871967315674e-01
4.919688701629638672e-01,3.252054452896118164e-01,-2.842252850532531738e-01,1.613121926784515381e-01
-2.008286714553833008e-01,-1.958796381950378418e-01,-2.211445569992065430e-01,5.983282327651977539e-01
8.776890039443969727e-01,-1.574932932853698730e-01,-2.523442506790161133e-01,1.302228868007659912e-01
3.045773506164550781e-02,-4.773318767547607422e-01,-6.287481784820556641e-01,8.520485162734985352e-01
-5.650020241737365723e-01,1.966500282287597656e-02,2.540177106857299805e-01,3.662702739238739014e-01
1.936572790145874023e-01,-3.812467455863952637e-01,5.151784420013427734e-02,6.792418360710144043e-01
-2.838933467864990234e-02,8.159441947937011719e-01,9.410845041275024414e-01,6.138594746589660645e-01
-4.758484959602355957e-01,-4.557406902313232422e-01,-6.022956371307373047e-01,7.571392655372619629e-01
-7.993009090423583984e-01,-8.361731767654418945e-01,1.690868139266967773e-01,9.385192990303039551e-01
2.985825538635253906e-01,2.434983253479003906e-01,1.808241605758666992e-01,2.362258881330490112e-01
1.470488309860229492e-01,6.131885051727294922e-01,3.889234066009521484e-01,3.632213473320007324e-01
-8.719598054885864258e-01,-4.956814646720886230e-01,-3.062623143196105957e-01,6.820895671844482422e-01
-9.993278980255126953e-02,7.604311704635620117e-01,-3.730136752128601074e-01,9.757316112518310547e-01
4.433126449584960938e-01,-2.394543290138244629e-01,-4.693022966384887695e-01,5.493826866149902344e-01
-1.809610128402709961e-01,-5.334742665290832520e-01,3.383489847183227539e-01,4.469226002693176270e-01
-1.153616905212402344e-01,9.471398591995239258e-01,-9.290031790733337402e-01,8.830815553665161133e-01
8.972594738006591797e-01,1.912927627563476562e-01,-1.153331995010375977e-01,8.980471491813659668e-01
9.525759220123291016e-01,-2.936286926269531250e-01,1.329352855682373047e-01,5.599884390830993652e-01
1.872849464416503906e-01,-5.148657560348510742e-01,2.653591632843017578e-01,5.695834159851074219e-01
-8.940720558166503906e-01,4.959419965744018555e-01,-3.610193729400634766e-02,2.869264185428619385e-01
-3.058417439460754395e-01,-7.793371081352233887e-01,4.482202529907226562e-01,7.214885354042053223e-01
-1.505327820777893066e-01,-3.902109265327453613e-01,8.873564004898071289e-01,6.622254252433776855e-01
6.736215353012084961e-01,-8.272895216941833496e-01,-9.058797359466552734e-01,8.129020929336547852e-01
-5.709972381591796875e-01,-9.065095782279968262e-01,-7.686967849731445312e-01,9.023249149322509766e-01
9.916231632232666016e-01,9.965884685516357422e-02,8.540642261505126953e-02,2.028273493051528931e-01
-7.714979648590087891e-01,7.751129865646362305e-01,-9.852946996688842773e-01,7.801529765129089355e-01
7.299444675445556641e-01,7.078354358673095703e-01,-5.868202447891235352e-02,6.317502856254577637e-01
-2.212327718734741211e-02,7.735081911087036133e-01,4.925750494003295898e-01,8.350481390953063965e-01
3.909909725189208984e-01,8.602340221405029297e-01,-7.724449634552001953e-01,9.315195083618164062e-01
4.830331802368164062e-01,5.253205299377441406e-01,-9.608427882194519043e-01,9.122639298439025879e-01
6.336488723754882812e-01,7.614703178405761719e-01,4.515893459320068359e-01,7.916598021984100342e-02
-3.062196373939514160e-01,-1.385928392410278320e-01,-8.352186679840087891e-01,2.226404398679733276e-01
8.914861679077148438e-01,-7.224917411804199219e-01,-2.985895276069641113e-01,1.671442091464996338e-01
-3.380545973777770996e-01,-3.848397731781005859e-01,4.955462217330932617e-01,1.427043229341506958e-01
7.216784954071044922e-01,-9.620159864425659180e-02,4.412381649017333984e-01,3.878840506076812744e-01
3.957133293151855469e-01,-1.475223898887634277e-01,-6.527519226074218750e-01,2.240384817123413086e-01
4.324090480804443359e-02,-4.078409075736999512e-01,6.975337266921997070e-01,1.929237842559814453e-01
9.878675937652587891e-01,3.665592670440673828e-01,-8.436987400054931641e-01,7.412698268890380859e-01
-5.685827136039733887e-01,-3.636433482170104980e-01,-4.022457599639892578e-01,8.257517814636230469e-01
-5.610007047653198242e-01,-1.124687790870666504e-01,-9.684552550315856934e-01,3.947508633136749268e-01
3.365235328674316406e-01,8.316867351531982422e-01,-4.044212102890014648e-01,4.741051793098449707e-01
-3.758537173271179199e-01,4.943745136260986328e-01,2.120363712310791016e-02,3.116033375263214111e-01
6.709424257278442383e-01,5.244240760803222656e-01,4.767068624496459961e-01,2.665712833404541016e-01
-2.211024761199951172e-01,-6.963226795196533203e-01,-9.545949697494506836e-01,2.068695127964019775e-01
6.813100576400756836e-01,4.487755298614501953e-01,-7.836922407150268555e-01,5.585387945175170898e-01
-4.516493082046508789e-01,-4.045486450195312500e-02,-7.669191360473632812e-01,1.949447393417358398e-01
-9.435721635818481445e-01,-2.063443064689636230e-01,-3.197228312492370605e-01,7.584682106971740723e-01
-2.855183482170104980e-01,7.169706821441650391e-01,2.062457799911499023e-01,8.735634684562683105e-01
-3.712471723556518555e-01,6.026415824890136719e-01,-5.706615447998046875e-01,9.045786261558532715e-01
7.987095117568969727e-01,1.870501041412353516e-01,8.385019302368164062e-01,8.896765708923339844e-01
6.133294105529785156e-02,2.539980411529541016e-02,7.508777379989624023e-01,8.359510302543640137e-01
-2.026812434196472168e-01,-5.507386326789855957e-01,-8.013746142387390137e-01,6.283295750617980957e-01
-4.013764262199401855e-01,9.578493833541870117e-01,-8.307952880859375000e-01,8.599876165390014648e-01
-3.740954399108886719e-02,9.625266790390014648e-01,-3.051429986953735352e-01,4.918634518980979919e-02
2.262389659881591797e-01,1.754415035247802734e-02,-7.370042800903320312e-01,8.824325203895568848e-01
-6.285597085952758789e-01,-7.506804466247558594e-01,-7.905675768852233887e-01,9.504900574684143066e-01
2.267467975616455078e-02,-8.709260821342468262e-01,8.486250638961791992e-01,7.583993077278137207e-01
-6.425411701202392578e-01,5.487786531448364258e-01,-2.651973366737365723e-01,8.506103157997131348e-01
9.568073749542236328e-01,-7.184498310089111328e-01,-5.230346918106079102e-01,3.265104591846466064e-01
-2.459758520126342773e-01,1.760340929031372070e-01,-2.170517444610595703e-01,4.797414541244506836e-01
-9.711518883705139160e-01,2.027462720870971680e-01,2.321159839630126953e-02,3.204553127288818359e-01
9.658167362213134766e-01,6.878153085708618164e-01,-3.556219339370727539e-01,1.741828173398971558e-01
-2.943070530891418457e-01,5.892047882080078125e-01,3.113276958465576172e-01,1.430683434009552002e-01
-6.896930932998657227e-01,-8.176341056823730469e-01,1.318877935409545898e-01,2.581761181354522705e-01
-7.432571649551391602e-01,1.596169471740722656e-01,7.332615852355957031e-01,1.062956303358078003e-01
-9.550616741180419922e-01,9.939508438110351562e-01,8.859099149703979492e-01,4.185930192470550537e-01
5.840706825256347656e-02,7.738605737686157227e-01,9.479269981384277344e-01,8.015735745429992676e-01
3.456505537033081055e-01,-7.877761125564575195e-01,-4.156800508499145508e-01,6.939091086387634277e-01
9.424005746841430664e-01,-7.625233530998229980e-01,-4.495842456817626953e-01,4.260344207286834717e-01
9.831588268280029297e-01,-2.509981393814086914e-01,-1.732031106948852539e-01,6.864898800849914551e-01
-2.974413037300109863e-01,6.943346261978149414e-01,2.669583559036254883e-01,3.468545675277709961e-01
3.835171461105346680e-01,-1.548099517822265625e-01,-1.691669225692749023e-02,3.396669328212738037e-01
-3.783837556838989258e-01,9.418070316314697266e-01,9.939973354339599609e-01,1.933842450380325317e-01
3.602919578552246094e-01,-7.603361010551452637e-01,-5.944593548774719238e-01,9.426922202110290527e-01
-1.947920918464660645e-01,-9.960274696350097656e-01,-3.102548122406005859e-01,9.258643388748168945e-01
-7.390321493148803711e-01,-9.892106056213378906e-01,8.031437397003173828e-01,4.140733480453491211e-01
-4.891168475151062012e-01,-9.205156564712524414e-02,-5.375719070434570312e-02,6.362411379814147949e-01
5.041683912277221680e-01,-9.523268342018127441e-01,-8.553113341331481934e-01,6.219493150711059570e-01
3.472357988357543945e-01,5.318713188171386719e-01,6.314923763275146484e-01,2.003220617771148682e-01
4.225516319274902344e-01,-1.222193241119384766e-01,8.437929153442382812e-01,5.302309989929199219e-01
6.197401285171508789e-01,-5.284439325332641602e-01,8.534383773803710938e-02,9.209637045860290527e-01
6.148555278778076172e-01,-8.044036626815795898e-01,7.875210046768188477e-01,7.473535090684890747e-02
-5.402576327323913574e-01,4.043685197830200195e-01,9.044394493103027344e-01,9.310042858123779297e-01
-2.571682333946228027e-01,2.999172210693359375e-01,3.727543354034423828e-02,8.930809497833251953e-01
-7.509157061576843262e-01,1.357817649841308594e-01,8.110377788543701172e-01,5.467690229415893555e-01
1.347222328186035156e-01,4.571735858917236328e-02,6.736469268798828125e-01,5.759305134415626526e-02
9.215545654296875000e-01,4.817360639572143555e-01,-1.276379823684692383e-01,6.193056106567382812e-01
9.980818033218383789e-01,-8.368901014328002930e-01,-4.007546305656433105e-01,5.128154158592224121e-01
-6.135243177413940430e-01,-2.090543508529663086e-01,5.058914422988891602e-01,8.438643217086791992e-01
6.765902042388916016e-02,3.283202648162841797e-01,2.728497982025146484e-02,2.103461772203445435e-01
-3.928681612014770508e-01,6.755187511444091797e-01,8.196041584014892578e-01,2.103910408914089203e-02
-1.769900321960449219e-02,-5.496222972869873047e-01,2.338348627090454102e-01,3.562337756156921387e-01
-8.225908875465393066e-01,-1.739069819450378418e-01,-5.525171756744384766e-01,4.768655002117156982e-01
3.502169847488403320e-01,-5.664846897125244141e-01,1.312297582626342773e-01,7.658067941665649414e-01
-9.772118330001831055e-01,9.720865488052368164e-01,-2.453929781913757324e-01,8.513210415840148926e-01
7.002903223037719727e-01,-4.210767149925231934e-01,-7.669478654861450195e-01,4.347957372665405273e-01
-4.866334795951843262e-01,7.180980443954467773e-01,-1.634292602539062500e-01,1.330892890691757202e-01
7.755396366119384766e-01,6.884477138519287109e-01,5.291540622711181641e-01,5.233848094940185547e-01
4.844827651977539062e-01,-5.646508932113647461e-01,-5.837807059288024902e-01,8.418419957160949707e-01
-5.988654494285583496e-01,-4.215583801269531250e-01,9.787681102752685547e-01,9.607663154602050781e-01
-6.572521924972534180e-01,-3.660427331924438477e-01,8.995338678359985352e-01,7.773759961128234863e-02
-6.702840328216552734e-03,1.612277030944824219e-01,-4.285677075386047363e-01,8.896127939224243164e-01
