0.00000000e+00,9.94125777e+00,2.12630860e-07,3.58645298e+00,6.35480458e+00
1.00000000e+01,8.90652037e+00,2.31071706e-07,3.24184529e+00,5.66467485e+00
2.00000000e+01,7.53701384e+00,6.62668741e-06,3.05415608e+00,4.48285114e+00
3.00000000e+01,7.45743072e+00,5.52893723e-07,2.99068269e+00,4.46674749e+00
4.00000000e+01,7.41969299e+00,1.29714360e-07,2.99576781e+00,4.42392505e+00
5.00000000e+01,7.40478202e+00,5.45773266e-08,2.99766911e+00,4.40711285e+00
6.00000000e+01,7.39270012e+00,5.61810623e-08,3.00364889e+00,4.38905118e+00
7.00000000e+01,7.39886509e+00,6.05193588e-07,2.98974602e+00,4.40911847e+00
8.00000000e+01,7.39436797e+00,3.86325081e-07,2.99069428e+00,4.40367330e+00
9.00000000e+01,7.40629762e+00,1.16540650e-06,2.99114153e+00,4.41515492e+00
1.00000000e+02,7.39560054e+00,9.33440457e-08,2.99813358e+00,4.39746686e+00
1.10000000e+02,7.39162593e+00,7.99438812e-08,2.99458882e+00,4.39703703e+00
1.20000000e+02,7.39021412e+00,9.88924136e-08,2.98929447e+00,4.40091956e+00
1.30000000e+02,7.39422547e+00,1.20106219e-07,2.98989307e+00,4.40433228e+00
1.40000000e+02,7.39410601e+00,1.80207325e-06,2.98365304e+00,4.41045117e+00
1.50000000e+02,7.41206630e+00,1.64300832e-05,2.98417629e+00,4.42787358e+00
1.60000000e+02,7.41472575e+00,6.08310256e-07,2.98759838e+00,4.42712675e+00
1.70000000e+02,7.39878209e+00,1.37908626e-07,2.99503959e+00,4.40374236e+00
1.80000000e+02,7.38787992e+00,5.63241073e-08,2.99572933e+00,4.39215053e+00
1.90000000e+02,7.40446209e+00,2.31766390e-07,2.98760161e+00,4.41686025e+00
2.00000000e+02,7.38257345e+00,1.92328932e-06,2.99138063e+00,4.39119090e+00
2.10000000e+02,7.39085093e+00,1.55652144e-07,2.99379309e+00,4.39705768e+00
2.20000000e+02,7.38139177e+00,1.03261324e-06,2.98924139e+00,4.39214934e+00
2.30000000e+02,7.40757612e+00,2.36776240e-07,2.98847811e+00,4.41909778e+00
2.40000000e+02,7.41069157e+00,5.28689541e-07,2.98309299e+00,4.42759805e+00
2.50000000e+02,7.42847734e+00,8.01953170e-07,2.99298487e+00,4.43549167e+00
2.60000000e+02,7.40111969e+00,1.11243705e-07,2.99793065e+00,4.40318893e+00
2.70000000e+02,7.39520404e+00,1.45430170e-06,2.99921786e+00,4.39598472e+00
2.80000000e+02,7.40335143e+00,1.49590592e-06,2.99249755e+00,4.41085238e+00
2.90000000e+02,7.40244817e+00,4.00402215e-07,2.99162211e+00,4.41082566e+00
3.00000000e+02,7.38480259e+00,1.14436348e-07,2.99830784e+00,4.38649464e+00
3.10000000e+02,7.39878416e+00,3.73170126e-07,2.99023387e+00,4.40854992e+00
3.20000000e+02,7.40543661e+00,1.24240782e-07,2.98969962e+00,4.41573687e+00
3.30000000e+02,7.39834942e+00,1.62877718e-06,2.99055219e+00,4.40779560e+00
3.40000000e+02,7.40051094e+00,3.57834682e-07,2.99097073e+00,4.40953985e+00
3.50000000e+02,7.40387981e+00,9.46728637e-07,2.99298401e+00,4.41089486e+00
3.60000000e+02,7.40983594e+00,1.15660362e-07,2.99688351e+00,4.41295232e+00
3.70000000e+02,7.39306418e+00,7.09299159e-08,2.99120415e+00,4.40185996e+00
3.80000000e+02,7.40467128e+00,5.85714061e-07,2.99472215e+00,4.40994854e+00
3.90000000e+02,7.42618192e+00,1.83138006e-07,2.99337825e+00,4.43280349e+00
4.00000000e+02,7.40534250e+00,7.18164287e-08,2.99132566e+00,4.41401677e+00
4.10000000e+02,7.38920267e+00,4.14086611e-08,2.99517118e+00,4.39403144e+00
4.20000000e+02,7.38066513e+00,5.79793751e-08,2.99130147e+00,4.38936361e+00
4.30000000e+02,7.45734426e+00,1.41087793e-06,2.99351023e+00,4.46383262e+00
4.40000000e+02,7.47035415e+00,1.11745584e-07,2.98682634e+00,4.48352770e+00
4.50000000e+02,7.40139154e+00,1.07226985e-07,2.98403592e+00,4.41735551e+00
4.60000000e+02,7.38689508e+00,1.45145626e-05,3.00116085e+00,4.38571972e+00
4.70000000e+02,7.40150296e+00,1.20779514e-06,2.98875025e+00,4.41275151e+00
4.80000000e+02,7.43095597e+00,3.15130962e-07,2.97981521e+00,4.45114044e+00
4.90000000e+02,7.41330579e+00,1.57679062e-07,2.98856167e+00,4.42474396e+00
5.00000000e+02,7.39256040e+00,1.90427860e-07,2.99952713e+00,4.39303309e+00
5.10000000e+02,7.39931141e+00,9.59850404e-08,2.99204444e+00,4.40726688e+00
5.20000000e+02,7.38688138e+00,7.89077548e-08,2.98926931e+00,4.39761199e+00
5.30000000e+02,7.37479609e+00,6.18067566e-07,2.98487775e+00,4.38991772e+00
5.40000000e+02,7.43412035e+00,4.78017424e-06,2.98410977e+00,4.45000581e+00
5.50000000e+02,7.50137590e+00,1.33886158e-07,2.99473945e+00,4.50663631e+00
5.60000000e+02,7.48894635e+00,8.53739643e-08,2.99981547e+00,4.48913080e+00
5.70000000e+02,7.45937420e+00,5.12943180e-08,2.99182003e+00,4.46755413e+00
5.80000000e+02,7.42731257e+00,8.47788071e-08,2.99150606e+00,4.43580642e+00
5.90000000e+02,7.40616148e+00,5.03747723e-08,2.99643351e+00,4.40972792e+00
6.00000000e+02,7.39951479e+00,3.62505742e-08,3.00003731e+00,4.39947745e+00
6.10000000e+02,7.39768388e+00,3.49460011e-08,2.99901927e+00,4.39866458e+00
6.20000000e+02,7.39682133e+00,3.62066148e-08,2.99638470e+00,4.40043659e+00
6.30000000e+02,7.39523570e+00,3.99717041e-08,2.99428097e+00,4.40095469e+00
6.40000000e+02,7.39174640e+00,4.44055269e-08,2.99253098e+00,4.39921538e+00
6.50000000e+02,7.39082229e+00,1.96173711e-05,2.98861689e+00,4.40218579e+00
6.60000000e+02,7.45143277e+00,3.84159277e-08,2.98817990e+00,4.46325283e+00
6.70000000e+02,7.42712377e+00,1.49938972e-07,2.98983279e+00,4.43729082e+00
6.80000000e+02,7.40074496e+00,3.94477744e-07,2.99408365e+00,4.40666091e+00
6.90000000e+02,7.43785688e+00,4.81038321e-08,2.99530828e+00,4.44254855e+00
7.00000000e+02,7.42835605e+00,3.09228506e-08,2.99009580e+00,4.43826022e+00
7.10000000e+02,7.40480984e+00,3.90491495e-08,2.98782140e+00,4.41698840e+00
7.20000000e+02,7.39206042e+00,3.53104067e-08,2.99139310e+00,4.40066729e+00
7.30000000e+02,7.38555192e+00,5.47394860e-08,2.99028680e+00,4.39526507e+00
7.40000000e+02,7.39244775e+00,7.40890395e-06,2.98722696e+00,4.40521338e+00
7.50000000e+02,7.40809844e+00,1.79651857e-07,2.98514303e+00,4.42295523e+00
7.60000000e+02,7.39419211e+00,1.98538444e-07,2.98267987e+00,4.41151204e+00
7.70000000e+02,7.43149310e+00,1.71786453e-06,2.98516179e+00,4.44632959e+00
7.80000000e+02,7.47391471e+00,1.28167819e-07,2.99491621e+00,4.47899837e+00
7.90000000e+02,7.45042008e+00,7.69101934e-08,2.98926211e+00,4.46115789e+00
8.00000000e+02,7.45784642e+00,1.09868729e-07,2.98728042e+00,4.47056589e+00
8.10000000e+02,7.43692903e+00,1.87620647e-07,2.99291111e+00,4.44401773e+00
8.20000000e+02,7.41175627e+00,7.76710690e-08,2.98885978e+00,4.42289641e+00
8.30000000e+02,7.40925329e+00,2.39409533e-08,2.98661461e+00,4.42263865e+00
8.40000000e+02,7.40959095e+00,2.61848720e-08,2.98558853e+00,4.42400240e+00
8.50000000e+02,7.40633759e+00,1.44234295e-06,2.98684915e+00,4.41948700e+00
8.60000000e+02,7.40840748e+00,3.95449013e-08,2.98723052e+00,4.42117692e+00
8.70000000e+02,7.40233299e+00,2.64583473e-08,2.98911694e+00,4.41321602e+00
8.80000000e+02,7.39988970e+00,2.71283970e-08,2.98849056e+00,4.41139911e+00
8.90000000e+02,7.39664122e+00,1.01342364e-06,2.98431680e+00,4.41232340e+00
9.00000000e+02,7.42494079e+00,5.50632354e-08,2.98256989e+00,4.44237084e+00
9.10000000e+02,7.40981606e+00,2.58885071e-07,2.98163610e+00,4.42817971e+00
9.20000000e+02,7.43700187e+00,1.72313838e-07,2.98841035e+00,4.44859134e+00
9.30000000e+02,7.42414750e+00,5.31775716e-08,2.98726308e+00,4.43688437e+00
9.40000000e+02,7.40442299e+00,4.73021751e-08,2.98451019e+00,4.41991276e+00
9.50000000e+02,7.39932519e+00,9.09111033e-07,2.98322120e+00,4.41610308e+00
9.60000000e+02,7.41061950e+00,3.36727178e-07,2.97850299e+00,4.43211617e+00
9.70000000e+02,7.42796561e+00,1.94662704e-07,2.97741423e+00,4.45055119e+00
9.80000000e+02,7.45677105e+00,4.48006891e-07,2.97885973e+00,4.47791088e+00
9.90000000e+02,7.44455841e+00,2.86658629e-08,2.98129567e+00,4.46326271e+00
1.00000000e+03,7.42306060e+00,3.24251467e-08,2.98617160e+00,4.43688897e+00
1.01000000e+03,7.41079299e+00,3.97039714e-08,2.98873947e+00,4.42205348e+00
1.02000000e+03,7.42090219e+00,1.65954138e-07,2.98705283e+00,4.43384919e+00
1.03000000e+03,7.42553770e+00,2.59106536e-08,2.98547328e+00,4.44006439e+00
1.04000000e+03,7.42002984e+00,2.66076118e-08,2.98520966e+00,4.43482015e+00
1.05000000e+03,7.41453096e+00,1.41935245e-08,2.98655313e+00,4.42797782e+00
1.06000000e+03,7.41146580e+00,1.40317691e-08,2.98751760e+00,4.42394818e+00
1.07000000e+03,7.40976220e+00,1.67479863e-08,2.98724917e+00,4.42251301e+00
1.08000000e+03,7.40824410e+00,1.72563230e-08,2.98606560e+00,4.42217848e+00
1.09000000e+03,7.40591080e+00,1.88770096e-08,2.98450022e+00,4.42141056e+00
1.10000000e+03,7.40174858e+00,2.65828846e-08,2.98244053e+00,4.41930803e+00
1.11000000e+03,7.39692590e+00,1.33304462e-05,2.98103433e+00,4.41587824e+00
1.12000000e+03,7.43453426e+00,1.47830594e-08,2.98669286e+00,4.44784138e+00
1.13000000e+03,7.42788332e+00,4.53424226e-07,2.98438086e+00,4.44350201e+00
1.14000000e+03,7.42781247e+00,5.11815776e-08,2.98149255e+00,4.44631987e+00
1.15000000e+03,7.42035468e+00,1.81555416e-08,2.98272288e+00,4.43763177e+00
1.16000000e+03,7.41408935e+00,1.84286111e-08,2.98418297e+00,4.42990636e+00
1.17000000e+03,7.41089942e+00,1.76096319e-08,2.98529202e+00,4.42560738e+00
1.18000000e+03,7.40916119e+00,2.01273579e-08,2.98573664e+00,4.42342453e+00
1.19000000e+03,7.40704314e+00,2.73771968e-08,2.98528194e+00,4.42176117e+00
1.20000000e+03,7.40399018e+00,3.96095539e-08,2.98395978e+00,4.42003037e+00
1.21000000e+03,7.39958456e+00,6.64432068e-08,2.98183402e+00,4.41775047e+00
1.22000000e+03,7.39257777e+00,1.35052975e-07,2.97834520e+00,4.41423243e+00
1.23000000e+03,7.47782899e+00,3.99335121e-07,2.98218848e+00,4.49564011e+00
1.24000000e+03,7.50595755e+00,5.47004346e-08,2.98593262e+00,4.52002487e+00
1.25000000e+03,7.47749868e+00,4.31785327e-08,2.98278322e+00,4.49471542e+00
1.26000000e+03,7.44386095e+00,4.01155646e-08,2.98185767e+00,4.46200324e+00
1.27000000e+03,7.42126547e+00,8.96503560e-08,2.98370962e+00,4.43755575e+00
1.28000000e+03,7.41068093e+00,9.12363314e-08,2.98602117e+00,4.42465967e+00
1.29000000e+03,7.40694167e+00,3.24810816e-08,2.98643853e+00,4.42050310e+00
1.30000000e+03,7.40482450e+00,1.95183583e-08,2.98471757e+00,4.42010691e+00
1.31000000e+03,7.40731972e+00,4.80156352e-07,2.98260602e+00,4.42471322e+00
1.32000000e+03,7.41748570e+00,4.07228590e-08,2.98170166e+00,4.43578399e+00
1.33000000e+03,7.41016073e+00,4.31069220e-08,2.98202103e+00,4.42813965e+00
1.34000000e+03,7.40478592e+00,4.04040287e-08,2.98460858e+00,4.42017730e+00
1.35000000e+03,7.40228587e+00,3.59640770e-08,2.98450707e+00,4.41777877e+00
1.36000000e+03,7.39966046e+00,3.63522850e-08,2.98176669e+00,4.41789373e+00
1.37000000e+03,7.39579630e+00,3.72447272e-08,2.97900805e+00,4.41678821e+00
1.38000000e+03,7.38863861e+00,1.38545358e-06,2.97651017e+00,4.41212705e+00
1.39000000e+03,7.40184984e+00,5.89218992e-07,2.97415043e+00,4.42769881e+00
1.40000000e+03,7.46191513e+00,5.40001214e-07,2.98211750e+00,4.47979709e+00
1.41000000e+03,7.46552758e+00,4.65229387e-08,2.98344601e+00,4.48208152e+00
1.42000000e+03,7.44196606e+00,4.05607496e-08,2.98018899e+00,4.46177703e+00
1.43000000e+03,7.42032330e+00,4.84884682e-08,2.97843344e+00,4.44188981e+00
1.44000000e+03,7.40620761e+00,3.75487051e-08,2.97728322e+00,4.42892435e+00
1.45000000e+03,7.39110724e+00,3.72145299e-05,2.97263996e+00,4.41843007e+00
1.46000000e+03,7.42959329e+00,8.05925624e-08,2.98062099e+00,4.44897221e+00
1.47000000e+03,7.42707324e+00,2.74745538e-08,2.97963640e+00,4.44743681e+00
1.48000000e+03,7.41964641e+00,2.53690113e-08,2.97853917e+00,4.44110721e+00
1.49000000e+03,7.41218752e+00,2.39702242e-08,2.97755462e+00,4.43463287e+00
1.50000000e+03,7.41031703e+00,9.38372007e-06,2.97595928e+00,4.43434837e+00
1.51000000e+03,7.42183163e+00,4.93509624e-08,2.97834008e+00,4.44349149e+00
1.52000000e+03,7.41545070e+00,6.63143831e-08,2.98153223e+00,4.43391840e+00
1.53000000e+03,7.41469381e+00,1.46272606e-05,2.97666097e+00,4.43801821e+00
1.54000000e+03,7.41276262e+00,2.73716825e-07,2.98485731e+00,4.42790504e+00
1.55000000e+03,7.41464183e+00,1.16871494e-07,2.97656026e+00,4.43808144e+00
1.56000000e+03,7.40166438e+00,1.03788700e-06,2.97359915e+00,4.42806419e+00
1.57000000e+03,7.41875892e+00,2.39451795e-07,2.98178571e+00,4.43697296e+00
1.58000000e+03,7.40857659e+00,1.15598598e-07,2.97851058e+00,4.43006589e+00
1.59000000e+03,7.41886222e+00,1.73816952e-06,2.97732564e+00,4.44153484e+00
1.60000000e+03,7.42715034e+00,2.25497306e-07,2.97797278e+00,4.44917734e+00
1.61000000e+03,7.42437086e+00,1.21156170e-07,2.97727244e+00,4.44709829e+00
1.62000000e+03,7.41613481e+00,6.59409770e-08,2.97656173e+00,4.43957301e+00
1.63000000e+03,7.41589546e+00,1.69322476e-05,2.97127853e+00,4.44460000e+00
1.64000000e+03,7.45384568e+00,2.42885043e-07,2.97471339e+00,4.47913204e+00
1.65000000e+03,7.44848732e+00,2.56547264e-07,2.97054439e+00,4.47794267e+00
1.66000000e+03,7.44651424e+00,7.33733319e-07,2.97787372e+00,4.46863979e+00
1.67000000e+03,7.43857011e+00,1.85404533e-07,2.97828259e+00,4.46028733e+00
1.68000000e+03,7.42958413e+00,4.65207919e-08,2.97968032e+00,4.44990376e+00
1.69000000e+03,7.42066821e+00,6.45129265e-08,2.97952520e+00,4.44114295e+00
1.70000000e+03,7.41611198e+00,9.52657449e-08,2.97853774e+00,4.43757414e+00
1.71000000e+03,7.41189316e+00,1.15355914e-07,2.97848347e+00,4.43340957e+00
1.72000000e+03,7.40676108e+00,6.20987296e-08,2.97761797e+00,4.42914305e+00
1.73000000e+03,7.39594801e+00,3.24944839e-06,2.97389987e+00,4.42204489e+00
1.74000000e+03,7.45500108e+00,9.27844828e-07,2.97418416e+00,4.48081599e+00
1.75000000e+03,7.44725871e+00,9.56518462e-08,2.97523108e+00,4.47202753e+00
1.76000000e+03,7.42377014e+00,4.29290719e-07,2.97987137e+00,4.44389834e+00
1.77000000e+03,7.41576554e+00,4.08743447e-07,2.98302295e+00,4.43274218e+00
1.78000000e+03,7.41616669e+00,8.86004069e-08,2.98041945e+00,4.43574715e+00
1.79000000e+03,7.41516231e+00,6.52734718e-08,2.97975681e+00,4.43540543e+00
1.80000000e+03,7.41286834e+00,9.67136186e-08,2.97988253e+00,4.43298571e+00
1.81000000e+03,7.41408612e+00,1.93290078e-07,2.97827129e+00,4.43581463e+00
1.82000000e+03,7.42339059e+00,1.02331857e-07,2.97599586e+00,4.44739462e+00
1.83000000e+03,7.42058970e+00,8.74695333e-08,2.97615294e+00,4.44443667e+00
1.84000000e+03,7.41538164e+00,8.69178090e-08,2.97682535e+00,4.43855621e+00
1.85000000e+03,7.41072094e+00,8.34604418e-08,2.97733709e+00,4.43338377e+00
1.86000000e+03,7.40629832e+00,7.34765453e-08,2.97672322e+00,4.42957503e+00
1.87000000e+03,7.39990532e+00,1.50556139e-06,2.97445084e+00,4.42545297e+00
1.88000000e+03,7.43426780e+00,1.30952424e-07,2.98096259e+00,4.45330508e+00
1.89000000e+03,7.43587295e+00,1.08122065e-07,2.98109594e+00,4.45477691e+00
1.90000000e+03,7.42957981e+00,4.33598811e-08,2.98071484e+00,4.44886492e+00
1.91000000e+03,7.42368775e+00,4.27634089e-08,2.98033972e+00,4.44334799e+00
1.92000000e+03,7.41935490e+00,4.33623477e-08,2.97993453e+00,4.43942033e+00
1.93000000e+03,7.41564726e+00,5.06319922e-08,2.97918328e+00,4.43646393e+00
1.94000000e+03,7.41155294e+00,7.27572266e-08,2.97766822e+00,4.43388464e+00
1.95000000e+03,7.40484932e+00,1.41153133e-07,2.97481419e+00,4.43003498e+00
1.96000000e+03,7.39328042e+00,1.24834906e-04,2.96722126e+00,4.42593433e+00
1.97000000e+03,7.44658804e+00,8.13196253e-08,2.99050363e+00,4.45608432e+00
1.98000000e+03,7.43851530e+00,2.58443095e-07,2.98656014e+00,4.45195490e+00
1.99000000e+03,7.42637205e+00,7.12959976e-08,2.98095665e+00,4.44541533e+00
2.00000000e+03,7.41723250e+00,4.60658550e-08,2.97818183e+00,4.43905063e+00
2.01000000e+03,7.41055163e+00,1.12965198e-07,2.97637628e+00,4.43417524e+00
2.02000000e+03,7.40438527e+00,1.23399916e-07,2.97402780e+00,4.43035735e+00
2.03000000e+03,7.39506336e+00,4.55278341e-06,2.97000154e+00,4.42505727e+00
2.04000000e+03,7.42102240e+00,3.76809692e-07,2.98460473e+00,4.43641729e+00
2.05000000e+03,7.42123363e+00,1.47812896e-07,2.98641982e+00,4.43481367e+00
2.06000000e+03,7.42115063e+00,6.78048584e-08,2.98594197e+00,4.43520859e+00
2.07000000e+03,7.42108257e+00,4.34124844e-08,2.98481041e+00,4.43627212e+00
2.08000000e+03,7.42112484e+00,3.92812298e-08,2.98368098e+00,4.43744383e+00
2.09000000e+03,7.42114219e+00,3.62941643e-08,2.98273837e+00,4.43840379e+00
2.10000000e+03,7.42099270e+00,3.43377778e-08,2.98198227e+00,4.43901039e+00
2.11000000e+03,7.42065302e+00,3.28254233e-08,2.98136601e+00,4.43928698e+00
2.12000000e+03,7.42101445e+00,3.72721460e-08,2.98045878e+00,4.44055563e+00
2.13000000e+03,7.42331062e+00,3.49585836e-08,2.97900549e+00,4.44430510e+00
2.14000000e+03,7.42207420e+00,3.79230590e-08,2.97891004e+00,4.44316412e+00
2.15000000e+03,7.41983090e+00,4.35045392e-08,2.97941755e+00,4.44041331e+00
2.16000000e+03,7.41777742e+00,5.33812301e-08,2.97952535e+00,4.43825202e+00
2.17000000e+03,7.41547984e+00,7.10172033e-08,2.97887363e+00,4.43660613e+00
2.18000000e+03,7.41224126e+00,1.04256391e-07,2.97742620e+00,4.43481495e+00
2.19000000e+03,7.40667833e+00,1.72400739e-07,2.97492606e+00,4.43175210e+00
2.20000000e+03,7.40836477e+00,8.00345404e-06,2.97473866e+00,4.43361810e+00
2.21000000e+03,7.42837308e+00,2.12484405e-07,2.97819361e+00,4.45017926e+00
2.22000000e+03,7.41958946e+00,9.63022552e-08,2.98014810e+00,4.43944126e+00
2.23000000e+03,7.41755069e+00,2.03369189e-07,2.97999958e+00,4.43755090e+00
2.24000000e+03,7.41679221e+00,3.39898433e-07,2.97860250e+00,4.43818936e+00
2.25000000e+03,7.41418527e+00,3.86554821e-07,2.97731359e+00,4.43687129e+00
2.26000000e+03,7.40748362e+00,1.55764412e-07,2.97437791e+00,4.43310555e+00
2.27000000e+03,7.37633112e+00,7.36430275e-07,2.96004590e+00,4.41628448e+00
2.28000000e+03,7.46477309e+00,3.18760122e-06,2.97582636e+00,4.48894354e+00
2.29000000e+03,7.47648824e+00,2.63513317e-06,2.97695064e+00,4.49953496e+00
2.30000000e+03,7.47001366e+00,1.99525266e-06,2.97604929e+00,4.49396238e+00
2.31000000e+03,7.45084991e+00,9.90108358e-07,2.97774366e+00,4.47310526e+00
2.32000000e+03,7.43763029e+00,2.11784989e-07,2.98008978e+00,4.45754030e+00
2.33000000e+03,7.43179424e+00,1.13935094e-07,2.97946422e+00,4.45232991e+00
2.34000000e+03,7.43055205e+00,3.43582882e-07,2.97776549e+00,4.45278621e+00
2.35000000e+03,7.43023645e+00,4.16709219e-07,2.97695038e+00,4.45328565e+00
2.36000000e+03,7.42950483e+00,3.95507531e-07,2.97675222e+00,4.45275222e+00
2.37000000e+03,7.42873003e+00,3.39544625e-07,2.97654813e+00,4.45218157e+00
2.38000000e+03,7.42798710e+00,2.85127274e-07,2.97616705e+00,4.45181977e+00
2.39000000e+03,7.42704912e+00,2.49524977e-07,2.97570781e+00,4.45134106e+00
2.40000000e+03,7.42580163e+00,2.33092102e-07,2.97517351e+00,4.45062789e+00
2.41000000e+03,7.42424654e+00,2.23462863e-07,2.97451966e+00,4.44972665e+00
2.42000000e+03,7.42225707e+00,2.16696864e-07,2.97364810e+00,4.44860876e+00
2.43000000e+03,7.41944655e+00,2.35439681e-07,2.97240289e+00,4.44704342e+00
2.44000000e+03,7.41515443e+00,3.11002874e-07,2.97043667e+00,4.44471744e+00
2.45000000e+03,7.40802179e+00,5.58355704e-07,2.96695333e+00,4.44106790e+00
2.46000000e+03,7.39619313e+00,1.46023587e-06,2.96030181e+00,4.43588986e+00
2.47000000e+03,7.38409124e+00,2.36297036e-06,2.95073649e+00,4.43335239e+00
2.48000000e+03,7.42791264e+00,5.49509172e-05,2.96185284e+00,4.46600485e+00
2.49000000e+03,7.45147227e+00,4.25991581e-06,2.97011766e+00,4.48135035e+00
2.50000000e+03,7.44549621e+00,4.31799390e-06,2.97011099e+00,4.47538090e+00
2.51000000e+03,7.44360927e+00,1.63946924e-06,2.97125923e+00,4.47234840e+00
2.52000000e+03,7.44637681e+00,4.39429984e-07,2.96945529e+00,4.47692108e+00
2.53000000e+03,7.44439899e+00,2.74300841e-07,2.97003031e+00,4.47436841e+00
2.54000000e+03,7.43912760e+00,2.97701050e-07,2.97088000e+00,4.46824731e+00
2.55000000e+03,7.43436224e+00,3.00955833e-07,2.97131918e+00,4.46304276e+00
2.56000000e+03,7.43085542e+00,3.00191806e-07,2.97142389e+00,4.45943123e+00
2.57000000e+03,7.42811022e+00,3.02125928e-07,2.97136965e+00,4.45674027e+00
2.58000000e+03,7.42560163e+00,3.16710864e-07,2.97118250e+00,4.45441881e+00
2.59000000e+03,7.42307808e+00,3.29071373e-07,2.97080299e+00,4.45227476e+00
2.60000000e+03,7.42038323e+00,3.16623098e-07,2.97016123e+00,4.45022168e+00
2.61000000e+03,7.41740216e+00,2.75123613e-07,2.96923264e+00,4.44816924e+00
2.62000000e+03,7.41387156e+00,2.32206461e-07,2.96795241e+00,4.44591892e+00
2.63000000e+03,7.40939123e+00,2.20383329e-07,2.96616803e+00,4.44322298e+00
2.64000000e+03,7.40342004e+00,2.92487784e-07,2.96362997e+00,4.43978978e+00
2.65000000e+03,7.40752746e+00,2.64905742e-06,2.96459734e+00,4.44292747e+00
2.66000000e+03,7.40134678e+00,2.48883325e-07,2.96167561e+00,4.43967092e+00
2.67000000e+03,7.38961241e+00,8.29351289e-07,2.95514755e+00,4.43446404e+00
2.68000000e+03,7.40037455e+00,1.71753418e-04,2.95503897e+00,4.44516382e+00
2.69000000e+03,7.50832271e+00,2.76578974e-06,2.97606906e+00,4.53225088e+00
2.70000000e+03,7.51227733e+00,3.84372577e-07,2.97724909e+00,4.53502785e+00
2.71000000e+03,7.50445739e+00,1.47330405e-07,2.97624915e+00,4.52820809e+00
2.72000000e+03,7.49283524e+00,1.25506164e-07,2.97471401e+00,4.51812110e+00
2.73000000e+03,7.48234412e+00,9.75461633e-08,2.97354371e+00,4.50880032e+00
2.74000000e+03,7.47249967e+00,1.03184786e-07,2.97258880e+00,4.49991077e+00
2.75000000e+03,7.46321625e+00,1.33961420e-07,2.97181360e+00,4.49140252e+00
2.76000000e+03,7.45505435e+00,1.41941274e-07,2.97132728e+00,4.48372693e+00
2.77000000e+03,7.44773979e+00,1.44103178e-07,2.97112406e+00,4.47661558e+00
2.78000000e+03,7.44136021e+00,1.42797722e-07,2.97121188e+00,4.47014818e+00
2.79000000e+03,7.43613287e+00,1.22125153e-07,2.97152162e+00,4.46461112e+00
2.80000000e+03,7.43202069e+00,1.11170667e-07,2.97189357e+00,4.46012701e+00
2.81000000e+03,7.42909208e+00,9.97361691e-08,2.97213816e+00,4.45695382e+00
2.82000000e+03,7.42849828e+00,1.02422319e-07,2.97145422e+00,4.45704396e+00
2.83000000e+03,7.42918030e+00,9.37402143e-08,2.97081116e+00,4.45836905e+00
2.84000000e+03,7.42807526e+00,8.84061161e-08,2.97088556e+00,4.45718962e+00
2.85000000e+03,7.42655999e+00,8.35012666e-08,2.97128956e+00,4.45527035e+00
2.86000000e+03,7.42512572e+00,7.93423512e-08,2.97172007e+00,4.45340557e+00
2.87000000e+03,7.42406551e+00,7.62711351e-08,2.97161424e+00,4.45245119e+00
2.88000000e+03,7.42305082e+00,7.43348345e-08,2.97126730e+00,4.45178344e+00
2.89000000e+03,7.42204332e+00,7.33064392e-08,2.97072236e+00,4.45132089e+00
2.90000000e+03,7.42093138e+00,7.29114309e-08,2.97014731e+00,4.45078400e+00
2.91000000e+03,7.41971870e+00,7.25779933e-08,2.96959097e+00,4.45012765e+00
2.92000000e+03,7.41840999e+00,7.22649087e-08,2.96900944e+00,4.44940047e+00
2.93000000e+03,7.41696101e+00,7.20195875e-08,2.96837749e+00,4.44858345e+00
2.94000000e+03,7.41534170e+00,7.19560733e-08,2.96765907e+00,4.44768256e+00
2.95000000e+03,7.41350574e+00,7.22614562e-08,2.96682945e+00,4.44667622e+00
2.96000000e+03,7.41139011e+00,7.32251462e-08,2.96586238e+00,4.44552766e+00
2.97000000e+03,7.40891020e+00,7.53894063e-08,2.96471633e+00,4.44419379e+00
2.98000000e+03,7.40598675e+00,8.23213221e-08,2.96330766e+00,4.44267901e+00
2.99000000e+03,7.41065379e+00,1.76672260e-07,2.96141412e+00,4.44923949e+00
3.00000000e+03,7.41014595e+00,1.26022861e-07,2.95974590e+00,4.45039992e+00
3.01000000e+03,7.40463174e+00,1.44282503e-07,2.95734171e+00,4.44728988e+00
3.02000000e+03,7.40195086e+00,1.57904557e-05,2.95400388e+00,4.44793119e+00
3.03000000e+03,7.45830607e+00,9.24311616e-07,2.97147077e+00,4.48683437e+00
3.04000000e+03,7.46307704e+00,1.09055416e-07,2.97294468e+00,4.49013225e+00
3.05000000e+03,7.45964237e+00,5.28754712e-08,2.97295485e+00,4.48668747e+00
3.06000000e+03,7.45353010e+00,4.15228650e-08,2.97263607e+00,4.48089399e+00
3.07000000e+03,7.44754703e+00,5.51765638e-08,2.97240177e+00,4.47514521e+00
3.08000000e+03,7.44268388e+00,7.05677391e-08,2.97226126e+00,4.47042255e+00
3.09000000e+03,7.43902060e+00,7.42207957e-08,2.97207254e+00,4.46694798e+00
3.10000000e+03,7.43608757e+00,7.70284516e-08,2.97177978e+00,4.46430771e+00
3.11000000e+03,7.43370023e+00,8.11803450e-08,2.97139974e+00,4.46230041e+00
3.12000000e+03,7.43270582e+00,2.46504103e-07,2.97125808e+00,4.46144749e+00
3.13000000e+03,7.43586185e+00,8.76777312e-08,2.97151517e+00,4.46434660e+00
3.14000000e+03,7.43596364e+00,8.37315435e-08,2.97134756e+00,4.46461599e+00
3.15000000e+03,7.43484789e+00,8.21753135e-08,2.97114639e+00,4.46370142e+00
3.16000000e+03,7.43318951e+00,8.44763665e-08,2.97096701e+00,4.46222242e+00
3.17000000e+03,7.43135339e+00,8.52109613e-08,2.97077646e+00,4.46057684e+00
3.18000000e+03,7.42945081e+00,8.94271131e-08,2.97050471e+00,4.45894601e+00
3.19000000e+03,7.42743326e+00,9.58631041e-08,2.97014244e+00,4.45729072e+00
3.20000000e+03,7.42530033e+00,1.05378221e-07,2.96965123e+00,4.45564899e+00
3.21000000e+03,7.42308066e+00,1.18654945e-07,2.96902902e+00,4.45405153e+00
3.22000000e+03,7.42071347e+00,1.37456012e-07,2.96825346e+00,4.45245987e+00
3.23000000e+03,7.41808498e+00,1.64797544e-07,2.96727080e+00,4.45081402e+00
3.24000000e+03,7.41507879e+00,2.06099977e-07,2.96601939e+00,4.44905920e+00
3.25000000e+03,7.41155674e+00,2.71002938e-07,2.96440775e+00,4.44714872e+00
3.26000000e+03,7.40726820e+00,3.81504838e-07,2.96229845e+00,4.44496937e+00
3.27000000e+03,7.40160400e+00,6.01651148e-07,2.95943937e+00,4.44216403e+00
3.28000000e+03,7.39297869e+00,1.14514857e-06,2.95528221e+00,4.43769534e+00
3.29000000e+03,7.41183923e+00,1.53195126e-05,2.96174830e+00,4.45007561e+00
3.30000000e+03,7.45067143e+00,1.96189873e-06,2.96741990e+00,4.48324957e+00
3.31000000e+03,7.45472716e+00,5.03161588e-07,2.96851501e+00,4.48621165e+00
3.32000000e+03,7.45242281e+00,1.74233091e-07,2.96841287e+00,4.48400977e+00
3.33000000e+03,7.44887191e+00,9.38705716e-08,2.96812882e+00,4.48074299e+00
3.34000000e+03,7.44515919e+00,7.10771193e-08,2.96785505e+00,4.47730407e+00
3.35000000e+03,7.44160853e+00,7.25326646e-08,2.96762267e+00,4.47398579e+00
3.36000000e+03,7.43833018e+00,8.92792065e-08,2.96741995e+00,4.47091014e+00
3.37000000e+03,7.43533851e+00,1.08751784e-07,2.96722155e+00,4.46811686e+00
3.38000000e+03,7.43259449e+00,1.21396073e-07,2.96699895e+00,4.46559541e+00
3.39000000e+03,7.43003265e+00,1.24804640e-07,2.96672497e+00,4.46330756e+00
3.40000000e+03,7.42757388e+00,1.21374110e-07,2.96637351e+00,4.46120025e+00
3.41000000e+03,7.42522913e+00,1.14831167e-07,2.96593793e+00,4.45929109e+00
3.42000000e+03,7.42291313e+00,1.07854983e-07,2.96540024e+00,4.45751278e+00
3.43000000e+03,7.42048877e+00,1.01808627e-07,2.96472579e+00,4.45576288e+00
3.44000000e+03,7.41784330e+00,9.73316323e-08,2.96387711e+00,4.45396609e+00
3.45000000e+03,7.41687499e+00,9.97168065e-06,2.96398910e+00,4.45287591e+00
3.46000000e+03,7.45390250e+00,2.57935627e-07,2.97024761e+00,4.48365463e+00
3.47000000e+03,7.45343512e+00,1.14305773e-07,2.97057334e+00,4.48286167e+00
3.48000000e+03,7.45118848e+00,9.92063777e-08,2.97033771e+00,4.48085067e+00
3.49000000e+03,7.44883535e+00,8.35993754e-08,2.97001165e+00,4.47882361e+00
3.50000000e+03,7.44643929e+00,7.49667149e-08,2.96966385e+00,4.47677536e+00
3.51000000e+03,7.44414653e+00,7.09546657e-08,2.96932873e+00,4.47481773e+00
3.52000000e+03,7.44199343e+00,6.86268152e-08,2.96901121e+00,4.47298216e+00
3.53000000e+03,7.43994986e+00,6.71778457e-08,2.96870144e+00,4.47124835e+00
3.54000000e+03,7.43799744e+00,6.63454303e-08,2.96838925e+00,4.46960812e+00
3.55000000e+03,7.43611419e+00,6.59349356e-08,2.96806226e+00,4.46805186e+00
3.56000000e+03,7.43427212e+00,6.58149064e-08,2.96770514e+00,4.46656691e+00
3.57000000e+03,7.43243451e+00,6.59352669e-08,2.96729886e+00,4.46513559e+00
3.58000000e+03,7.43055329e+00,6.63199447e-08,2.96681744e+00,4.46373578e+00
3.59000000e+03,7.42856244e+00,6.70718810e-08,2.96622350e+00,4.46233888e+00
3.60000000e+03,7.42635387e+00,6.84393390e-08,2.96546186e+00,4.46089195e+00
3.61000000e+03,7.44103263e+00,1.79980627e-07,2.96756440e+00,4.47346804e+00
3.62000000e+03,7.45424489e+00,7.68541906e-08,2.96748493e+00,4.48675989e+00
3.63000000e+03,7.45525443e+00,6.82522963e-08,2.96701990e+00,4.48823446e+00
3.64000000e+03,7.45144683e+00,6.58672414e-08,2.96669022e+00,4.48475654e+00
3.65000000e+03,7.44680835e+00,6.49862529e-08,2.96658472e+00,4.48022356e+00
3.66000000e+03,7.44262397e+00,6.53582110e-08,2.96670088e+00,4.47592303e+00
3.67000000e+03,7.43928844e+00,6.95434260e-08,2.96693611e+00,4.47235227e+00
3.68000000e+03,7.43853006e+00,6.91990949e-08,2.96620985e+00,4.47232014e+00
3.69000000e+03,7.43766964e+00,6.72847336e-08,2.96586163e+00,4.47180794e+00
3.70000000e+03,7.43598445e+00,6.78587753e-08,2.96619683e+00,4.46978755e+00
3.71000000e+03,7.43433042e+00,6.86846261e-08,2.96659932e+00,4.46773103e+00
3.72000000e+03,7.43287377e+00,6.96571460e-08,2.96692519e+00,4.46594851e+00
3.73000000e+03,7.43155339e+00,7.08849293e-08,2.96716759e+00,4.46438572e+00
3.74000000e+03,7.43036649e+00,7.23681084e-08,2.96727328e+00,4.46309314e+00
3.75000000e+03,7.42925006e+00,7.41652470e-08,2.96727322e+00,4.46197677e+00
3.76000000e+03,7.42817294e+00,7.63343857e-08,2.96718186e+00,4.46099100e+00
3.77000000e+03,7.42709928e+00,7.89436747e-08,2.96702739e+00,4.46007181e+00
3.78000000e+03,7.42601251e+00,8.20621011e-08,2.96681353e+00,4.45919890e+00
3.79000000e+03,7.42489046e+00,8.57808831e-08,2.96654743e+00,4.45834295e+00
3.80000000e+03,7.42371232e+00,9.02079340e-08,2.96622890e+00,4.45748333e+00
3.81000000e+03,7.42250839e+00,9.51142319e-08,2.96586879e+00,4.45663950e+00
3.82000000e+03,7.42126008e+00,1.00614061e-07,2.96546444e+00,4.45579554e+00
3.83000000e+03,7.41991616e+00,1.06934719e-07,2.96500072e+00,4.45491533e+00
3.84000000e+03,7.41843842e+00,1.14221436e-07,2.96446353e+00,4.45397478e+00
3.85000000e+03,7.41678790e+00,1.22575209e-07,2.96383546e+00,4.45295231e+00
3.86000000e+03,7.41491488e+00,1.32000451e-07,2.96309491e+00,4.45181984e+00
3.87000000e+03,7.41275401e+00,1.42392169e-07,2.96221163e+00,4.45054224e+00
3.88000000e+03,7.41021581e+00,1.53431398e-07,2.96114390e+00,4.44907175e+00
3.89000000e+03,7.40717432e+00,1.64572878e-07,2.95983197e+00,4.44734218e+00
3.90000000e+03,7.40344782e+00,1.75356487e-07,2.95818947e+00,4.44525818e+00
3.91000000e+03,7.39897574e+00,1.86112107e-07,2.95618673e+00,4.44278883e+00
3.92000000e+03,7.39351420e+00,2.04797603e-07,2.95371371e+00,4.43980029e+00
3.93000000e+03,7.38665593e+00,2.57838668e-07,2.95058289e+00,4.43607279e+00
3.94000000e+03,7.37809802e+00,3.94551949e-07,2.94665390e+00,4.43144373e+00
3.95000000e+03,7.36775750e+00,6.22217630e-07,2.94184334e+00,4.42591354e+00
3.96000000e+03,7.35546789e+00,8.49279586e-07,2.93585079e+00,4.41961625e+00
3.97000000e+03,7.34048510e+00,1.13705308e-06,2.92815709e+00,4.41232688e+00
3.98000000e+03,7.32978930e+00,3.38109166e-04,2.92377540e+00,4.40567579e+00
3.99000000e+03,7.43010768e+00,5.82117013e-07,2.97113572e+00,4.45897138e+00
4.00000000e+03,7.43388205e+00,4.37748829e-07,2.97255965e+00,4.46132196e+00
4.01000000e+03,7.43499766e+00,3.52855172e-07,2.97239308e+00,4.46260422e+00
4.02000000e+03,7.43509425e+00,2.62033689e-07,2.97231707e+00,4.46277692e+00
4.03000000e+03,7.43531142e+00,2.06481915e-07,2.97204264e+00,4.46326858e+00
4.04000000e+03,7.43520584e+00,1.72722038e-07,2.97189252e+00,4.46331315e+00
4.05000000e+03,7.43504108e+00,1.49325386e-07,2.97170839e+00,4.46333253e+00
4.06000000e+03,7.43476104e+00,1.32683394e-07,2.97156079e+00,4.46320012e+00
4.07000000e+03,7.43450046e+00,1.20949976e-07,2.97137986e+00,4.46312048e+00
4.08000000e+03,7.43421888e+00,1.12268880e-07,2.97120185e+00,4.46301692e+00
4.09000000e+03,7.43393447e+00,1.05218135e-07,2.97101633e+00,4.46291803e+00
4.10000000e+03,7.43363884e+00,9.90432971e-08,2.97083149e+00,4.46280725e+00
4.11000000e+03,7.43334794e+00,9.35951048e-08,2.97065377e+00,4.46269408e+00
4.12000000e+03,7.43306354e+00,8.87677304e-08,2.97048083e+00,4.46258262e+00
4.13000000e+03,7.43278229e+00,8.52235794e-08,2.97029848e+00,4.46248373e+00
4.14000000e+03,7.43264609e+00,8.07670940e-08,2.97014321e+00,4.46250280e+00
4.15000000e+03,7.43245811e+00,7.69554843e-08,2.96999086e+00,4.46246718e+00
4.16000000e+03,7.43220378e+00,7.36986309e-08,2.96982207e+00,4.46238164e+00
4.17000000e+03,7.43190277e+00,7.07302287e-08,2.96965387e+00,4.46224883e+00
4.18000000e+03,7.43157406e+00,6.80255104e-08,2.96948132e+00,4.46209267e+00
4.19000000e+03,7.43122541e+00,6.55609881e-08,2.96930478e+00,4.46192056e+00
4.20000000e+03,7.43086014e+00,6.33152259e-08,2.96912199e+00,4.46173809e+00
4.21000000e+03,7.43049531e+00,6.12832629e-08,2.96893724e+00,4.46155801e+00
4.22000000e+03,7.43012818e+00,5.94396626e-08,2.96875131e+00,4.46137681e+00
4.23000000e+03,7.42974856e+00,5.77577106e-08,2.96856101e+00,4.46118749e+00
4.24000000e+03,7.42935307e+00,5.62239546e-08,2.96836249e+00,4.46099052e+00
4.25000000e+03,7.42893875e+00,5.48298873e-08,2.96815531e+00,4.46078339e+00
4.26000000e+03,7.42850332e+00,5.35626086e-08,2.96793781e+00,4.46056546e+00
4.27000000e+03,7.42805400e+00,5.17447231e-08,2.96771038e+00,4.46034356e+00
4.28000000e+03,7.42857909e+00,5.50311424e-08,2.96755067e+00,4.46102836e+00
4.29000000e+03,7.42899802e+00,5.21361305e-08,2.96737027e+00,4.46162770e+00
4.30000000e+03,7.42886880e+00,4.57749998e-08,2.96714448e+00,4.46172428e+00
4.31000000e+03,7.42833791e+00,4.46093915e-08,2.96691150e+00,4.46142637e+00
4.32000000e+03,7.42766386e+00,4.47461173e-08,2.96667114e+00,4.46099267e+00
4.33000000e+03,7.42694518e+00,4.49850391e-08,2.96640962e+00,4.46053551e+00
4.34000000e+03,7.42619681e+00,4.52503229e-08,2.96612174e+00,4.46007502e+00
4.35000000e+03,7.42541474e+00,4.56247250e-08,2.96580318e+00,4.45961151e+00
4.36000000e+03,7.42459339e+00,4.60374329e-08,2.96544871e+00,4.45914464e+00
4.37000000e+03,7.42372119e+00,4.64113358e-08,2.96505284e+00,4.45866830e+00
4.38000000e+03,7.42278657e+00,4.66351902e-08,2.96460801e+00,4.45817852e+00
4.39000000e+03,7.42176856e+00,4.67616622e-08,2.96410593e+00,4.45766258e+00
4.40000000e+03,7.42064242e+00,4.68519985e-08,2.96353525e+00,4.45710713e+00
4.41000000e+03,7.41943134e+00,4.67888302e-08,2.96290799e+00,4.45652330e+00
4.42000000e+03,7.41811317e+00,4.67474228e-08,2.96220473e+00,4.45590839e+00
4.43000000e+03,7.41716197e+00,4.82166593e-08,2.96141399e+00,4.45574793e+00
4.44000000e+03,7.41615076e+00,1.40745430e-07,2.96033900e+00,4.45581162e+00
4.45000000e+03,7.43618163e+00,3.51357591e-07,2.96289297e+00,4.47328831e+00
4.46000000e+03,7.44161633e+00,5.25735686e-08,2.96352184e+00,4.47809443e+00
4.47000000e+03,7.44139223e+00,6.02906444e-08,2.96366457e+00,4.47772759e+00
4.48000000e+03,7.43967940e+00,4.79653271e-08,2.96367568e+00,4.47600367e+00
4.49000000e+03,7.43744621e+00,4.51446264e-08,2.96371298e+00,4.47373319e+00
4.50000000e+03,7.43546723e+00,4.52798978e-08,2.96378345e+00,4.47168373e+00
4.51000000e+03,7.43363645e+00,4.43720668e-08,2.96388147e+00,4.46975493e+00
4.52000000e+03,7.43212306e+00,4.39667651e-08,2.96395618e+00,4.46816683e+00
4.53000000e+03,7.43083848e+00,4.37504327e-08,2.96398540e+00,4.46685303e+00
4.54000000e+03,7.42971450e+00,4.35051679e-08,2.96396722e+00,4.46574724e+00
4.55000000e+03,7.42870962e+00,4.33479221e-08,2.96389298e+00,4.46481659e+00
4.56000000e+03,7.42775514e+00,4.32907125e-08,2.96376994e+00,4.46398516e+00
4.57000000e+03,7.42683258e+00,4.32700511e-08,2.96359298e+00,4.46323955e+00
4.58000000e+03,7.42590792e+00,4.32824483e-08,2.96336328e+00,4.46254460e+00
4.59000000e+03,7.42495320e+00,4.33218688e-08,2.96307819e+00,4.46187496e+00
4.60000000e+03,7.42394225e+00,4.33739954e-08,2.96273311e+00,4.46120909e+00
4.61000000e+03,7.42284757e+00,4.32559207e-08,2.96233336e+00,4.46051416e+00
4.62000000e+03,7.42562155e+00,1.26887350e-07,2.96258795e+00,4.46303347e+00
4.63000000e+03,7.43552658e+00,5.92287713e-08,2.96432986e+00,4.47119666e+00
4.64000000e+03,7.43535375e+00,4.05551498e-08,2.96489210e+00,4.47046161e+00
4.65000000e+03,7.43440231e+00,4.10892691e-08,2.96492015e+00,4.46948212e+00
4.66000000e+03,7.43337412e+00,4.04512880e-08,2.96483037e+00,4.46854371e+00
4.67000000e+03,7.43237030e+00,3.88324324e-08,2.96473234e+00,4.46763792e+00
4.68000000e+03,7.43139073e+00,3.82540955e-08,2.96464921e+00,4.46674148e+00
4.69000000e+03,7.43044595e+00,3.81391765e-08,2.96457907e+00,4.46586684e+00
4.70000000e+03,7.42955977e+00,3.80873289e-08,2.96451317e+00,4.46504656e+00
4.71000000e+03,7.42877895e+00,3.79529150e-08,2.96444426e+00,4.46433465e+00
4.72000000e+03,7.42809593e+00,3.77406801e-08,2.96436737e+00,4.46372852e+00
4.73000000e+03,7.42747881e+00,3.75323201e-08,2.96428028e+00,4.46319849e+00
4.74000000e+03,7.42690535e+00,3.73737933e-08,2.96418257e+00,4.46272274e+00
4.75000000e+03,7.42636094e+00,3.72775403e-08,2.96407497e+00,4.46228594e+00
4.76000000e+03,7.42583557e+00,3.72321819e-08,2.96395796e+00,4.46187757e+00
4.77000000e+03,7.42532300e+00,3.72225776e-08,2.96383187e+00,4.46149110e+00
4.78000000e+03,7.42481843e+00,3.72372076e-08,2.96369683e+00,4.46112156e+00
4.79000000e+03,7.42431852e+00,3.72697684e-08,2.96355300e+00,4.46076548e+00
4.80000000e+03,7.42381920e+00,3.73180422e-08,2.96340033e+00,4.46041883e+00
4.81000000e+03,7.42333651e+00,3.72595174e-08,2.96324340e+00,4.46009307e+00
4.82000000e+03,7.42286461e+00,3.71382195e-08,2.96308342e+00,4.45978116e+00
4.83000000e+03,7.42239123e+00,3.70505812e-08,2.96291732e+00,4.45947387e+00
4.84000000e+03,7.42191029e+00,3.70280809e-08,2.96274423e+00,4.45916603e+00
4.85000000e+03,7.42141981e+00,3.70663596e-08,2.96256291e+00,4.45885687e+00
4.86000000e+03,7.42093441e+00,3.72217249e-08,2.96235004e+00,4.45858433e+00
4.87000000e+03,7.42070908e+00,3.74104233e-08,2.96206400e+00,4.45864503e+00
4.88000000e+03,7.42052553e+00,3.74661362e-08,2.96171811e+00,4.45880738e+00
4.89000000e+03,7.42013594e+00,3.76060365e-08,2.96145339e+00,4.45868251e+00
4.90000000e+03,7.41957985e+00,3.77820619e-08,2.96129632e+00,4.45828350e+00
4.91000000e+03,7.41900740e+00,3.78668177e-08,2.96111643e+00,4.45789093e+00
4.92000000e+03,7.41840289e+00,3.78962895e-08,2.96095316e+00,4.45744969e+00
4.93000000e+03,7.41779379e+00,3.79622108e-08,2.96076164e+00,4.45703212e+00
4.94000000e+03,7.41716217e+00,3.80979003e-08,2.96056254e+00,4.45659959e+00
4.95000000e+03,7.41651463e+00,3.82991399e-08,2.96034303e+00,4.45617156e+00
4.96000000e+03,7.41584642e+00,3.85537511e-08,2.96010754e+00,4.45573884e+00
4.97000000e+03,7.41515656e+00,3.88508828e-08,2.95985405e+00,4.45530246e+00
4.98000000e+03,7.41444256e+00,3.91836279e-08,2.95958348e+00,4.45485904e+00
4.99000000e+03,7.41370163e+00,3.95684396e-08,2.95929499e+00,4.45440661e+00
5.00000000e+03,7.41364508e+00,3.32243199e-08,2.95906859e+00,4.45457646e+00
5.01000000e+03,7.41557329e+00,2.23299469e-08,2.95900665e+00,4.45656662e+00
5.02000000e+03,7.41598101e+00,7.15826159e-08,2.95891501e+00,4.45706593e+00
5.03000000e+03,7.41745149e+00,2.97638810e-08,2.95932842e+00,4.45812304e+00
5.04000000e+03,7.41783136e+00,2.81047919e-08,2.95948434e+00,4.45834699e+00
5.05000000e+03,7.41788185e+00,1.99973227e-08,2.95921134e+00,4.45867050e+00
5.06000000e+03,7.41735315e+00,2.01675835e-08,2.95898088e+00,4.45837225e+00
5.07000000e+03,7.41653815e+00,2.06902317e-08,2.95871871e+00,4.45781941e+00
5.08000000e+03,7.41558524e+00,2.10874532e-08,2.95848098e+00,4.45710424e+00
5.09000000e+03,7.41456753e+00,2.20522271e-08,2.95821775e+00,4.45634975e+00
5.10000000e+03,7.41353673e+00,2.30806460e-08,2.95792447e+00,4.45561223e+00
5.11000000e+03,7.41245893e+00,2.39361540e-08,2.95760246e+00,4.45485644e+00
5.12000000e+03,7.41134099e+00,2.46757446e-08,2.95723425e+00,4.45410672e+00
5.13000000e+03,7.41018389e+00,2.53493079e-08,2.95683393e+00,4.45334994e+00
5.14000000e+03,7.40898605e+00,2.59716474e-08,2.95640264e+00,4.45258338e+00
5.15000000e+03,7.40774297e+00,2.65427909e-08,2.95593814e+00,4.45180480e+00
5.16000000e+03,7.40644713e+00,2.70618169e-08,2.95543922e+00,4.45100789e+00
5.17000000e+03,7.40510561e+00,2.80260562e-08,2.95490687e+00,4.45019871e+00
5.18000000e+03,7.40402246e+00,2.89243725e-08,2.95441825e+00,4.44960418e+00
5.19000000e+03,7.40298729e+00,2.87898490e-08,2.95380538e+00,4.44918188e+00
5.20000000e+03,7.40157226e+00,2.88200007e-08,2.95319968e+00,4.44837255e+00
5.21000000e+03,7.39957627e+00,4.02731988e-07,2.95250350e+00,4.44707237e+00
5.22000000e+03,7.41072388e+00,1.70921939e-07,2.95608599e+00,4.45463772e+00
5.23000000e+03,7.41964690e+00,9.55823349e-08,2.95955542e+00,4.46009139e+00
5.24000000e+03,7.42333883e+00,3.20689208e-08,2.96112390e+00,4.46221490e+00
5.25000000e+03,7.42445027e+00,3.48507753e-08,2.96158299e+00,4.46286725e+00
5.26000000e+03,7.42417861e+00,2.95037129e-08,2.96164927e+00,4.46252931e+00
5.27000000e+03,7.42365103e+00,3.01621151e-08,2.96152410e+00,4.46212690e+00
5.28000000e+03,7.42304232e+00,2.90968354e-08,2.96131591e+00,4.46172638e+00
5.29000000e+03,7.42233142e+00,3.17096308e-08,2.96104835e+00,4.46128304e+00
5.30000000e+03,7.42272682e+00,4.06008085e-08,2.96042673e+00,4.46230005e+00
5.31000000e+03,7.42802090e+00,2.69893983e-07,2.96257769e+00,4.46544294e+00
5.32000000e+03,7.42831856e+00,4.95197620e-08,2.96154728e+00,4.46677123e+00
5.33000000e+03,7.42888340e+00,3.33078317e-08,2.96056401e+00,4.46831936e+00
5.34000000e+03,7.42726226e+00,3.15572457e-08,2.96083996e+00,4.46642227e+00
5.35000000e+03,7.42555030e+00,3.19721948e-08,2.96128658e+00,4.46426369e+00
5.36000000e+03,7.42436503e+00,3.16702687e-08,2.96144112e+00,4.46292387e+00
5.37000000e+03,7.42349185e+00,3.13820423e-08,2.96128941e+00,4.46220241e+00
5.38000000e+03,7.42279163e+00,3.21324880e-08,2.96092497e+00,4.46186663e+00
5.39000000e+03,7.42241588e+00,3.21436987e-08,2.96044459e+00,4.46197126e+00
5.40000000e+03,7.42184167e+00,3.24747014e-08,2.96003674e+00,4.46180489e+00
5.41000000e+03,7.42106016e+00,3.27968150e-08,2.95968186e+00,4.46137826e+00
5.42000000e+03,7.42014460e+00,3.30861477e-08,2.95933598e+00,4.46080859e+00
5.43000000e+03,7.41912945e+00,3.34088047e-08,2.95899405e+00,4.46013536e+00
5.44000000e+03,7.41804786e+00,3.37812640e-08,2.95861408e+00,4.45943375e+00
5.45000000e+03,7.41689328e+00,3.41950657e-08,2.95820186e+00,4.45869138e+00
5.46000000e+03,7.41566951e+00,3.46370469e-08,2.95774071e+00,4.45792876e+00
5.47000000e+03,7.41436167e+00,3.51008300e-08,2.95723255e+00,4.45712909e+00
5.48000000e+03,7.41295999e+00,3.55851329e-08,2.95666842e+00,4.45629153e+00
5.49000000e+03,7.41144763e+00,3.60918102e-08,2.95604547e+00,4.45540212e+00
5.50000000e+03,7.40980926e+00,3.66231976e-08,2.95535421e+00,4.45445502e+00
5.51000000e+03,7.40803186e+00,2.27350445e-07,2.95459598e+00,4.45343566e+00
5.52000000e+03,7.42537492e+00,1.46474743e-07,2.96259446e+00,4.46278031e+00
5.53000000e+03,7.43133082e+00,5.57980137e-08,2.96435906e+00,4.46697171e+00
5.54000000e+03,7.43225107e+00,4.42850991e-08,2.96462078e+00,4.46763024e+00
5.55000000e+03,7.43224102e+00,4.25341420e-08,2.96469733e+00,4.46754365e+00
5.56000000e+03,7.43185313e+00,4.03045685e-08,2.96469736e+00,4.46715573e+00
5.57000000e+03,7.43130438e+00,4.01682263e-08,2.96467224e+00,4.46663210e+00
5.58000000e+03,7.43085861e+00,4.06823709e-08,2.96461065e+00,4.46624792e+00
5.59000000e+03,7.43047258e+00,4.09508029e-08,2.96452331e+00,4.46594923e+00
5.60000000e+03,7.43003678e+00,4.15657035e-08,2.96443877e+00,4.46559796e+00
5.61000000e+03,7.42959024e+00,4.21271313e-08,2.96436046e+00,4.46522974e+00
5.62000000e+03,7.42916879e+00,4.26559603e-08,2.96427873e+00,4.46489002e+00
5.63000000e+03,7.42875843e+00,4.32189583e-08,2.96419109e+00,4.46456730e+00
5.64000000e+03,7.42834987e+00,4.38408699e-08,2.96409839e+00,4.46425143e+00
5.65000000e+03,7.42794357e+00,4.45098621e-08,2.96399969e+00,4.46394384e+00
5.66000000e+03,7.42753783e+00,4.52143794e-08,2.96389510e+00,4.46364268e+00
5.67000000e+03,7.42712879e+00,4.59541661e-08,2.96378496e+00,4.46334379e+00
5.68000000e+03,7.42671614e+00,4.67276156e-08,2.96366904e+00,4.46304705e+00
5.69000000e+03,7.42630020e+00,4.75345419e-08,2.96354669e+00,4.46275346e+00
5.70000000e+03,7.42587992e+00,4.83771201e-08,2.96341772e+00,4.46246215e+00
5.71000000e+03,7.42547007e+00,4.91725447e-08,2.96328695e+00,4.46218307e+00
5.72000000e+03,7.42506791e+00,4.99418318e-08,2.96315441e+00,4.46191345e+00
5.73000000e+03,7.42466340e+00,5.07553641e-08,2.96301748e+00,4.46164588e+00
5.74000000e+03,7.42425284e+00,5.16338854e-08,2.96287463e+00,4.46137816e+00
5.75000000e+03,7.42383468e+00,5.25700667e-08,2.96272536e+00,4.46110927e+00
5.76000000e+03,7.42340786e+00,5.35563177e-08,2.96256914e+00,4.46083866e+00
5.77000000e+03,7.42297218e+00,5.45706562e-08,2.96240553e+00,4.46056659e+00
5.78000000e+03,7.42288026e+00,6.54086959e-08,2.96218665e+00,4.46069355e+00
5.79000000e+03,7.42840263e+00,4.60163198e-07,2.96248270e+00,4.46591947e+00
5.80000000e+03,7.43133456e+00,5.09803991e-07,2.96266045e+00,4.46867360e+00
5.81000000e+03,7.43169326e+00,3.47037083e-07,2.96269643e+00,4.46899648e+00
5.82000000e+03,7.43122281e+00,2.29189015e-07,2.96264449e+00,4.46857809e+00
5.83000000e+03,7.43051699e+00,1.51955578e-07,2.96255606e+00,4.46796077e+00
5.84000000e+03,7.42969234e+00,9.85113383e-08,2.96246039e+00,4.46723185e+00
5.85000000e+03,7.42883951e+00,6.57789594e-08,2.96235999e+00,4.46647946e+00
5.86000000e+03,7.42801234e+00,4.88364303e-08,2.96224982e+00,4.46576247e+00
5.87000000e+03,7.42722046e+00,4.10922123e-08,2.96212873e+00,4.46509168e+00
5.88000000e+03,7.42646005e+00,3.79818489e-08,2.96199768e+00,4.46446234e+00
5.89000000e+03,7.42572347e+00,3.71038509e-08,2.96185730e+00,4.46386614e+00
5.90000000e+03,7.42500494e+00,3.72797535e-08,2.96170729e+00,4.46329762e+00
5.91000000e+03,7.42432531e+00,3.78546109e-08,2.96155303e+00,4.46277225e+00
5.92000000e+03,7.42368595e+00,3.84887890e-08,2.96138195e+00,4.46230396e+00
5.93000000e+03,7.42374026e+00,3.93065521e-08,2.96086495e+00,4.46287527e+00
5.94000000e+03,7.42397573e+00,3.95835999e-08,2.96033313e+00,4.46364256e+00
5.95000000e+03,7.42368608e+00,4.00197195e-08,2.96002522e+00,4.46366082e+00
5.96000000e+03,7.42313147e+00,4.04129081e-08,2.95984347e+00,4.46328796e+00
5.97000000e+03,7.42247801e+00,4.08234267e-08,2.95968453e+00,4.46279345e+00
5.98000000e+03,7.42179041e+00,4.12527749e-08,2.95951730e+00,4.46227307e+00
5.99000000e+03,7.42105892e+00,4.16976500e-08,2.95936315e+00,4.46169573e+00
6.00000000e+03,7.42031700e+00,4.21723138e-08,2.95918541e+00,4.46113155e+00
6.01000000e+03,7.41955900e+00,4.42043459e-08,2.95900701e+00,4.46055195e+00
6.02000000e+03,7.42001446e+00,8.52010357e-08,2.95893629e+00,4.46107808e+00
6.03000000e+03,7.42070503e+00,4.90153485e-08,2.95911729e+00,4.46158769e+00
6.04000000e+03,7.42074436e+00,4.53236467e-08,2.95912599e+00,4.46161833e+00
6.05000000e+03,7.42031425e+00,4.49118469e-08,2.95906298e+00,4.46125122e+00
6.06000000e+03,7.41976449e+00,4.47781670e-08,2.95891898e+00,4.46084546e+00
6.07000000e+03,7.41911968e+00,4.49989870e-08,2.95874200e+00,4.46037763e+00
6.08000000e+03,7.41840722e+00,4.55153499e-08,2.95854575e+00,4.45986142e+00
6.09000000e+03,7.41765798e+00,4.60349269e-08,2.95832915e+00,4.45932878e+00
6.10000000e+03,7.41688414e+00,4.66001910e-08,2.95809071e+00,4.45879338e+00
6.11000000e+03,7.41611429e+00,4.71056583e-08,2.95783800e+00,4.45827624e+00
6.12000000e+03,7.41534266e+00,4.75927304e-08,2.95757191e+00,4.45777071e+00
6.13000000e+03,7.41454797e+00,4.81073196e-08,2.95728831e+00,4.45725962e+00
6.14000000e+03,7.41372789e+00,4.86302550e-08,2.95698231e+00,4.45674553e+00
6.15000000e+03,7.41287325e+00,4.91722698e-08,2.95665261e+00,4.45622059e+00
6.16000000e+03,7.41197928e+00,4.97309347e-08,2.95629669e+00,4.45568254e+00
6.17000000e+03,7.41104148e+00,5.02995893e-08,2.95591174e+00,4.45512969e+00
6.18000000e+03,7.41010673e+00,5.62602551e-08,2.95547834e+00,4.45462834e+00
6.19000000e+03,7.41396485e+00,6.57083026e-08,2.95642018e+00,4.45754460e+00
6.20000000e+03,7.41749940e+00,8.17072718e-08,2.95744702e+00,4.46005230e+00
6.21000000e+03,7.41795743e+00,6.31515328e-08,2.95747505e+00,4.46048231e+00
6.22000000e+03,7.41618295e+00,5.63237488e-08,2.95726835e+00,4.45891454e+00
6.23000000e+03,7.41397770e+00,5.51044288e-08,2.95670516e+00,4.45727248e+00
6.24000000e+03,7.41122410e+00,5.49161703e-08,2.95587994e+00,4.45534410e+00
6.25000000e+03,7.40799473e+00,5.54660300e-08,2.95462788e+00,4.45336679e+00
6.26000000e+03,7.40401970e+00,7.16628480e-08,2.95277917e+00,4.45124046e+00
6.27000000e+03,7.40097922e+00,8.90244340e-08,2.95021099e+00,4.45076814e+00
6.28000000e+03,7.41070878e+00,1.92008177e-07,2.95321518e+00,4.45749341e+00
6.29000000e+03,7.42393129e+00,4.63963972e-07,2.95653369e+00,4.46739713e+00
6.30000000e+03,7.42420908e+00,1.84214749e-07,2.95771311e+00,4.46649579e+00
6.31000000e+03,7.42380163e+00,6.28806342e-08,2.95799702e+00,4.46580455e+00
6.32000000e+03,7.42302770e+00,1.08430109e-07,2.95842944e+00,4.46459814e+00
6.33000000e+03,7.42510468e+00,2.68142117e-07,2.95915036e+00,4.46595405e+00
6.34000000e+03,7.42561247e+00,1.55667654e-07,2.95926389e+00,4.46634843e+00
6.35000000e+03,7.42520376e+00,9.24372707e-08,2.95903290e+00,4.46617076e+00
6.36000000e+03,7.42419185e+00,6.72522341e-08,2.95859256e+00,4.46559923e+00
6.37000000e+03,7.42270358e+00,5.85402388e-08,2.95800076e+00,4.46470276e+00
6.38000000e+03,7.42087808e+00,5.43160044e-08,2.95721347e+00,4.46366456e+00
6.39000000e+03,7.41855738e+00,5.38417159e-08,2.95619342e+00,4.46236390e+00
6.40000000e+03,7.41553841e+00,5.58662432e-08,2.95481033e+00,4.46072803e+00
6.41000000e+03,7.41158528e+00,6.17975061e-08,2.95292556e+00,4.45865966e+00
6.42000000e+03,7.40606837e+00,7.66820316e-08,2.95019127e+00,4.45587703e+00
6.43000000e+03,7.39753983e+00,1.12671892e-07,2.94581401e+00,4.45172571e+00
6.44000000e+03,7.38283364e+00,8.19177534e-06,2.93849989e+00,4.44432557e+00
6.45000000e+03,7.41686154e+00,1.78906328e-06,2.95390905e+00,4.46295071e+00
6.46000000e+03,7.41979369e+00,1.92901295e-07,2.95532589e+00,4.46446761e+00
6.47000000e+03,7.41991753e+00,1.34045893e-07,2.95493115e+00,4.46498624e+00
6.48000000e+03,7.42869005e+00,2.24132832e-07,2.95681285e+00,4.47187698e+00
6.49000000e+03,7.43229190e+00,8.81221182e-08,2.95783178e+00,4.47446003e+00
6.50000000e+03,7.43158994e+00,5.64836521e-08,2.95840198e+00,4.47318790e+00
6.51000000e+03,7.43039252e+00,4.86081331e-08,2.95869920e+00,4.47169328e+00
6.52000000e+03,7.42926176e+00,4.63572138e-08,2.95883904e+00,4.47042267e+00
6.53000000e+03,7.42791848e+00,4.69734921e-08,2.95906386e+00,4.46885457e+00
6.54000000e+03,7.42694774e+00,4.64681911e-08,2.95913600e+00,4.46781169e+00
6.55000000e+03,7.42610872e+00,4.63388323e-08,2.95913097e+00,4.46697770e+00
6.56000000e+03,7.42534370e+00,4.65474680e-08,2.95907040e+00,4.46627326e+00
6.57000000e+03,7.42466487e+00,4.66325601e-08,2.95893919e+00,4.46572564e+00
6.58000000e+03,7.42399482e+00,4.68144741e-08,2.95877014e+00,4.46522464e+00
6.59000000e+03,7.42331332e+00,4.69938598e-08,2.95857000e+00,4.46474327e+00
6.60000000e+03,7.42261566e+00,4.71842141e-08,2.95833616e+00,4.46427946e+00
6.61000000e+03,7.42190894e+00,4.73957581e-08,2.95808566e+00,4.46382324e+00
6.62000000e+03,7.42118962e+00,4.75982936e-08,2.95781690e+00,4.46337267e+00
6.63000000e+03,7.42043195e+00,4.78517272e-08,2.95752323e+00,4.46290867e+00
6.64000000e+03,7.41962074e+00,4.81289057e-08,2.95720029e+00,4.46242040e+00
6.65000000e+03,7.41874431e+00,4.84735355e-08,2.95684275e+00,4.46190151e+00
6.66000000e+03,7.41778935e+00,4.88840381e-08,2.95644492e+00,4.46134439e+00
6.67000000e+03,7.41674068e+00,4.93998599e-08,2.95599983e+00,4.46074079e+00
6.68000000e+03,7.41557888e+00,5.00528113e-08,2.95549827e+00,4.46008056e+00
6.69000000e+03,7.41428001e+00,5.09052402e-08,2.95492856e+00,4.45935140e+00
6.70000000e+03,7.41281268e+00,5.20421386e-08,2.95427537e+00,4.45853726e+00
6.71000000e+03,7.41119084e+00,5.34783684e-08,2.95354643e+00,4.45764436e+00
6.72000000e+03,7.40937541e+00,5.53908490e-08,2.95272202e+00,4.45665333e+00
6.73000000e+03,7.40727890e+00,5.80054674e-08,2.95175715e+00,4.45552169e+00
6.74000000e+03,7.40480023e+00,6.15651478e-08,2.95060075e+00,4.45419942e+00
6.75000000e+03,7.40179667e+00,6.63079134e-08,2.94918219e+00,4.45261441e+00
6.76000000e+03,7.39804719e+00,7.23246807e-08,2.94739348e+00,4.45065364e+00
6.77000000e+03,7.39318562e+00,7.94099798e-08,2.94506009e+00,4.44812545e+00
6.78000000e+03,7.38658040e+00,8.75340233e-08,2.94189445e+00,4.44468586e+00
6.79000000e+03,7.37717641e+00,9.97018884e-08,2.93744996e+00,4.43972635e+00
6.80000000e+03,7.38386592e+00,2.57142165e-05,2.93851294e+00,4.44532727e+00
6.81000000e+03,7.41279273e+00,1.11922749e-06,2.95261704e+00,4.46017457e+00
6.82000000e+03,7.41504709e+00,5.99160594e-07,2.95347377e+00,4.46157272e+00
6.83000000e+03,7.41268225e+00,5.12638510e-07,2.95357899e+00,4.45910275e+00
6.84000000e+03,7.40979571e+00,2.30631283e-07,2.95325310e+00,4.45654237e+00
6.85000000e+03,7.40571597e+00,2.81971870e-07,2.95233758e+00,4.45337811e+00
6.86000000e+03,7.39972745e+00,1.34012350e-07,2.95009593e+00,4.44963139e+00
6.87000000e+03,7.38663949e+00,2.84466571e-07,2.94418693e+00,4.44245228e+00
6.88000000e+03,7.34122079e+00,1.25321228e-06,2.92188510e+00,4.41933444e+00
6.89000000e+03,7.39373009e+00,6.65801114e-06,2.93916734e+00,4.45455610e+00
6.90000000e+03,7.41080828e+00,3.18918550e-06,2.94643725e+00,4.46436784e+00
6.91000000e+03,7.41127452e+00,1.24887884e-06,2.94653140e+00,4.46474187e+00
6.92000000e+03,7.40820434e+00,7.62754709e-07,2.94560797e+00,4.46259561e+00
6.93000000e+03,7.40384264e+00,5.69202749e-07,2.94433510e+00,4.45950696e+00
6.94000000e+03,7.39875448e+00,5.57483717e-07,2.94274557e+00,4.45600835e+00
6.95000000e+03,7.41695079e+00,7.02196186e-07,2.94928508e+00,4.46766500e+00
6.96000000e+03,7.42413857e+00,6.01461805e-07,2.95225903e+00,4.47187893e+00
6.97000000e+03,7.42405414e+00,4.67805717e-07,2.95228973e+00,4.47176394e+00
6.98000000e+03,7.42096001e+00,3.74862943e-07,2.95185091e+00,4.46910872e+00
6.99000000e+03,7.41644870e+00,3.24938791e-07,2.95106219e+00,4.46538619e+00
7.00000000e+03,7.41130825e+00,2.92152736e-07,2.94947495e+00,4.46183301e+00
7.01000000e+03,7.40435710e+00,2.85155817e-07,2.94693580e+00,4.45742102e+00
7.02000000e+03,7.39369067e+00,3.89977220e-07,2.94262485e+00,4.45106543e+00
7.03000000e+03,7.37493103e+00,7.99716383e-07,2.93429008e+00,4.44064015e+00
7.04000000e+03,7.33768158e+00,3.27916661e-06,2.91702186e+00,4.42065644e+00
7.05000000e+03,7.34189806e+00,1.31549681e-05,2.91841617e+00,4.42346873e+00
7.06000000e+03,7.37882502e+00,1.00806485e-06,2.93517200e+00,4.44365201e+00
7.07000000e+03,7.38560970e+00,1.12898371e-06,2.93841540e+00,4.44719317e+00
7.08000000e+03,7.38233980e+00,1.02095308e-06,2.93669574e+00,4.44564304e+00
7.09000000e+03,7.37413037e+00,4.57731987e-07,2.93293761e+00,4.44119231e+00
7.10000000e+03,7.36049368e+00,6.78818633e-07,2.92654511e+00,4.43394789e+00
7.11000000e+03,7.34103604e+00,9.87239859e-07,2.91744527e+00,4.42358978e+00
7.12000000e+03,7.31480649e+00,1.51182835e-06,2.90553507e+00,4.40926991e+00
7.13000000e+03,7.28488506e+00,3.24288592e-06,2.89343496e+00,4.39144686e+00
7.14000000e+03,7.29201026e+00,7.64923207e-05,2.89958047e+00,4.39235330e+00
7.15000000e+03,7.32287886e+00,4.09083266e-06,2.91165056e+00,4.41122422e+00
7.16000000e+03,7.32989816e+00,5.13715332e-06,2.91282335e+00,4.41706967e+00
7.17000000e+03,7.32361258e+00,1.46055373e-06,2.90938542e+00,4.41422569e+00
7.18000000e+03,7.31136854e+00,9.56382451e-07,2.90376506e+00,4.40760253e+00
7.19000000e+03,7.29626004e+00,1.15845309e-06,2.89752038e+00,4.39873851e+00
7.20000000e+03,7.28049679e+00,3.41032938e-06,2.89193775e+00,4.38855563e+00
7.21000000e+03,7.26722709e+00,3.69504121e-06,2.88849116e+00,4.37873224e+00
7.22000000e+03,7.25784782e+00,2.84168381e-06,2.88721752e+00,4.37062746e+00
7.23000000e+03,7.25204702e+00,3.74104011e-06,2.88703995e+00,4.36500334e+00
7.24000000e+03,7.25032332e+00,1.27368275e-05,2.88711962e+00,4.36319097e+00
7.25000000e+03,7.26373691e+00,8.16747198e-06,2.89026708e+00,4.37346166e+00
7.26000000e+03,7.26787991e+00,2.63991234e-06,2.88991179e+00,4.37796547e+00
7.27000000e+03,7.26405604e+00,2.05890098e-06,2.88726333e+00,4.37679065e+00
7.28000000e+03,7.25796881e+00,3.13192177e-06,2.88549407e+00,4.37247161e+00
7.29000000e+03,7.25206759e+00,2.48193735e-06,2.88500580e+00,4.36705931e+00
7.30000000e+03,7.24744378e+00,3.31750396e-06,2.88506057e+00,4.36237989e+00
7.31000000e+03,7.24449648e+00,3.58062331e-06,2.88521781e+00,4.35927509e+00
7.32000000e+03,7.24272113e+00,3.60165057e-06,2.88528129e+00,4.35743623e+00
7.33000000e+03,7.24133218e+00,2.95632792e-05,2.88522299e+00,4.35607963e+00
7.34000000e+03,7.24390819e+00,6.08746765e-06,2.88549834e+00,4.35840377e+00
7.35000000e+03,7.24480448e+00,4.99017470e-06,2.88386360e+00,4.36093588e+00
7.36000000e+03,7.24392904e+00,2.97564427e-06,2.88285117e+00,4.36107489e+00
7.37000000e+03,7.24154765e+00,2.88948400e-06,2.88248030e+00,4.35906446e+00
7.38000000e+03,7.23868159e+00,3.18828456e-06,2.88251875e+00,4.35615965e+00
7.39000000e+03,7.23641250e+00,3.32002099e-06,2.88255698e+00,4.35385221e+00
7.40000000e+03,7.23468218e+00,3.29428311e-06,2.88232723e+00,4.35235166e+00
7.41000000e+03,7.23313369e+00,3.29441344e-06,2.88202788e+00,4.35110252e+00
7.42000000e+03,7.23161188e+00,3.21863948e-06,2.88167763e+00,4.34993103e+00
7.43000000e+03,7.23011340e+00,3.18981871e-06,2.88122171e+00,4.34888850e+00
7.44000000e+03,7.22856964e+00,3.16842694e-06,2.88068481e+00,4.34788166e+00
7.45000000e+03,7.22692239e+00,3.28765723e-06,2.88011195e+00,4.34680715e+00
7.46000000e+03,7.22576774e+00,2.66289597e-05,2.87935029e+00,4.34639082e+00
7.47000000e+03,7.22674749e+00,7.97924203e-06,2.87813897e+00,4.34860054e+00
7.48000000e+03,7.22654297e+00,3.49310084e-06,2.87714629e+00,4.34939318e+00
7.49000000e+03,7.22447632e+00,4.38512119e-06,2.87617321e+00,4.34829872e+00
7.50000000e+03,7.22117120e+00,3.71708448e-06,2.87566199e+00,4.34550549e+00
7.51000000e+03,7.21746228e+00,4.27053330e-06,2.87548779e+00,4.34197022e+00
7.52000000e+03,7.21405732e+00,6.84754790e-06,2.87515998e+00,4.33889049e+00
7.53000000e+03,7.21655491e+00,8.25892642e-06,2.87478226e+00,4.34176439e+00
7.54000000e+03,7.21933154e+00,7.81716776e-06,2.87419994e+00,4.34512379e+00
7.55000000e+03,7.21815830e+00,4.95909176e-06,2.87219514e+00,4.34595820e+00
7.56000000e+03,7.21368816e+00,5.04048361e-06,2.87071966e+00,4.34296346e+00
7.57000000e+03,7.20865843e+00,5.98407570e-06,2.87013047e+00,4.33852198e+00
7.58000000e+03,7.20416189e+00,7.06127142e-06,2.86996570e+00,4.33418913e+00
7.59000000e+03,7.20063967e+00,8.02264460e-06,2.86953361e+00,4.33109803e+00
7.60000000e+03,7.19784459e+00,8.90568430e-06,2.86875389e+00,4.32908179e+00
7.61000000e+03,7.19487492e+00,9.81079480e-06,2.86783391e+00,4.32703121e+00
7.62000000e+03,7.19185433e+00,1.28360321e-05,2.86679998e+00,4.32504151e+00
7.63000000e+03,7.20186791e+00,1.20115422e-05,2.86647452e+00,4.33538138e+00
7.64000000e+03,7.20934745e+00,1.09054922e-05,2.86696762e+00,4.34236892e+00
7.65000000e+03,7.20778958e+00,7.51013412e-06,2.86536732e+00,4.34241475e+00
7.66000000e+03,7.20161923e+00,8.95733104e-06,2.86326912e+00,4.33834115e+00
7.67000000e+03,7.19437967e+00,1.14116713e-05,2.86188197e+00,4.33248629e+00
7.68000000e+03,7.18814086e+00,1.31932594e-05,2.86115085e+00,4.32697681e+00
7.69000000e+03,7.18311206e+00,1.56640224e-05,2.86055304e+00,4.32254336e+00
7.70000000e+03,7.17911133e+00,1.76539574e-05,2.85978181e+00,4.31931187e+00
7.71000000e+03,7.17592292e+00,1.93317798e-05,2.85880041e+00,4.31710318e+00
7.72000000e+03,7.17321876e+00,2.08073742e-05,2.85767012e+00,4.31552783e+00
7.73000000e+03,7.17138144e+00,3.01527294e-05,2.85653087e+00,4.31482041e+00
7.74000000e+03,7.17253460e+00,2.26859450e-05,2.85586732e+00,4.31664459e+00
7.75000000e+03,7.17152515e+00,2.37354306e-05,2.85449025e+00,4.31701117e+00
7.76000000e+03,7.16878244e+00,2.13485952e-05,2.85319302e+00,4.31556807e+00
7.77000000e+03,7.16524762e+00,3.72137060e-05,2.85196906e+00,4.31324134e+00
7.78000000e+03,7.17323556e+00,3.03958063e-05,2.85399107e+00,4.31921410e+00
7.79000000e+03,7.17609896e+00,1.87423865e-05,2.85385726e+00,4.32222296e+00
7.80000000e+03,7.17429287e+00,1.73740076e-05,2.85259364e+00,4.32168185e+00
7.81000000e+03,7.16928713e+00,1.96045190e-05,2.85098211e+00,4.31828542e+00
7.82000000e+03,7.16308115e+00,2.31892716e-05,2.84958172e+00,4.31347624e+00
7.83000000e+03,7.15733178e+00,2.67256422e-05,2.84864016e+00,4.30866489e+00
7.84000000e+03,7.15293512e+00,2.94117700e-05,2.84773836e+00,4.30516735e+00
7.85000000e+03,7.14952386e+00,3.12216768e-05,2.84672343e+00,4.30276921e+00
7.86000000e+03,7.14664579e+00,3.24619601e-05,2.84559014e+00,4.30102319e+00
7.87000000e+03,7.14464040e+00,1.22936562e-04,2.84500843e+00,4.29950903e+00
7.88000000e+03,7.16006809e+00,4.81682917e-05,2.84749455e+00,4.31252537e+00
7.89000000e+03,7.16760426e+00,2.60216729e-05,2.84870782e+00,4.31887042e+00
7.90000000e+03,7.16745005e+00,2.34077201e-05,2.84794893e+00,4.31947771e+00
7.91000000e+03,7.16287752e+00,2.02414058e-05,2.84637971e+00,4.31647757e+00
7.92000000e+03,7.15665123e+00,2.28101077e-05,2.84478142e+00,4.31184700e+00
7.93000000e+03,7.15050912e+00,2.55326477e-05,2.84354006e+00,4.30694353e+00
7.94000000e+03,7.14519774e+00,2.81308538e-05,2.84254313e+00,4.30262648e+00
7.95000000e+03,7.14090448e+00,3.06263280e-05,2.84176817e+00,4.29910568e+00
7.96000000e+03,7.13756034e+00,3.24270832e-05,2.84107241e+00,4.29645551e+00
7.97000000e+03,7.13486310e+00,3.37683924e-05,2.84039158e+00,4.29443775e+00
7.98000000e+03,7.13264438e+00,3.46262922e-05,2.83970522e+00,4.29290453e+00
7.99000000e+03,7.13072510e+00,3.50888296e-05,2.83904056e+00,4.29164945e+00
8.00000000e+03,7.12897276e+00,3.52727646e-05,2.83842998e+00,4.29050751e+00
8.01000000e+03,7.12729812e+00,3.52759126e-05,2.83788333e+00,4.28937952e+00
8.02000000e+03,7.12568570e+00,3.51541150e-05,2.83737980e+00,4.28827075e+00
8.03000000e+03,7.12415488e+00,3.54477514e-05,2.83689260e+00,4.28722683e+00
8.04000000e+03,7.13026921e+00,5.45285827e-05,2.83794340e+00,4.29227128e+00
8.05000000e+03,7.13896376e+00,5.00754972e-05,2.83966764e+00,4.29924605e+00
8.06000000e+03,7.14118978e+00,2.34568743e-05,2.83984927e+00,4.30131705e+00
8.07000000e+03,7.13946054e+00,2.45707533e-05,2.83913351e+00,4.30030246e+00
8.08000000e+03,7.13578026e+00,2.36671878e-05,2.83809377e+00,4.29766282e+00
8.09000000e+03,7.13202893e+00,2.44295728e-05,2.83712907e+00,4.29487544e+00
8.10000000e+03,7.12935432e+00,2.59841293e-05,2.83641732e+00,4.29291102e+00
8.11000000e+03,7.12622125e+00,2.77790211e-05,2.83579866e+00,4.29039481e+00
8.12000000e+03,7.12318063e+00,2.97993639e-05,2.83525998e+00,4.28789085e+00
8.13000000e+03,7.12063005e+00,3.14046775e-05,2.83472659e+00,4.28587205e+00
8.14000000e+03,7.11850685e+00,3.25445638e-05,2.83420723e+00,4.28426707e+00
8.15000000e+03,7.11671125e+00,3.32785092e-05,2.83371909e+00,4.28295888e+00
8.16000000e+03,7.11516212e+00,3.36813925e-05,2.83325684e+00,4.28187160e+00
8.17000000e+03,7.11379063e+00,3.38285060e-05,2.83281683e+00,4.28093996e+00
8.18000000e+03,7.11253749e+00,3.37933979e-05,2.83239926e+00,4.28010444e+00
8.19000000e+03,7.11136152e+00,3.36435946e-05,2.83199915e+00,4.27932872e+00
8.20000000e+03,7.11023665e+00,3.34245709e-05,2.83161255e+00,4.27859069e+00
8.21000000e+03,7.10914989e+00,3.34153872e-05,2.83123280e+00,4.27788367e+00
8.22000000e+03,7.11068320e+00,3.30055687e-05,2.83110249e+00,4.27954770e+00
8.23000000e+03,7.11632801e+00,3.16349430e-05,2.83163840e+00,4.28465798e+00
8.24000000e+03,7.11794824e+00,3.32098028e-05,2.83171043e+00,4.28620461e+00
8.25000000e+03,7.11681235e+00,2.63028079e-05,2.83115509e+00,4.28563096e+00
8.26000000e+03,7.11425154e+00,2.63232448e-05,2.83055930e+00,4.28366591e+00
8.27000000e+03,7.11139342e+00,2.71878795e-05,2.83000244e+00,4.28136379e+00
8.28000000e+03,7.10875106e+00,2.83913064e-05,2.82956142e+00,4.27916125e+00
8.29000000e+03,7.10647407e+00,2.94367965e-05,2.82918321e+00,4.27726142e+00
8.30000000e+03,7.10461169e+00,3.01885366e-05,2.82881945e+00,4.27576205e+00
8.31000000e+03,7.10305298e+00,3.06637623e-05,2.82847341e+00,4.27454891e+00
8.32000000e+03,7.10171477e+00,3.09101647e-05,2.82813541e+00,4.27354845e+00
8.33000000e+03,7.10051518e+00,3.09881884e-05,2.82779911e+00,4.27268508e+00
8.34000000e+03,7.09939843e+00,3.09602315e-05,2.82745853e+00,4.27190894e+00
8.35000000e+03,7.09833058e+00,3.08699323e-05,2.82711743e+00,4.27118228e+00
8.36000000e+03,7.09728953e+00,3.07425744e-05,2.82677340e+00,4.27048539e+00
8.37000000e+03,7.09626275e+00,3.05920479e-05,2.82642598e+00,4.26980618e+00
8.38000000e+03,7.09524091e+00,3.04272278e-05,2.82607413e+00,4.26913635e+00
8.39000000e+03,7.09421733e+00,3.02536906e-05,2.82571634e+00,4.26847073e+00
8.40000000e+03,7.09318710e+00,3.00757099e-05,2.82535230e+00,4.26780473e+00
8.41000000e+03,7.09215351e+00,2.98983921e-05,2.82499157e+00,4.26713205e+00
8.42000000e+03,7.09114702e+00,3.00433007e-05,2.82462568e+00,4.26649129e+00
8.43000000e+03,7.09188234e+00,3.06463245e-05,2.82425915e+00,4.26759254e+00
8.44000000e+03,7.09513575e+00,3.73242425e-05,2.82426203e+00,4.27083640e+00
8.45000000e+03,7.09589970e+00,2.79933923e-05,2.82406832e+00,4.27180338e+00
8.46000000e+03,7.09478863e+00,2.53620193e-05,2.82371724e+00,4.27104602e+00
8.47000000e+03,7.09274925e+00,2.49772989e-05,2.82321090e+00,4.26951337e+00
8.48000000e+03,7.09050871e+00,2.59056126e-05,2.82276153e+00,4.26772127e+00
8.49000000e+03,7.08842456e+00,2.65626128e-05,2.82231561e+00,4.26608239e+00
8.50000000e+03,7.08654048e+00,2.72123700e-05,2.82190845e+00,4.26460482e+00
8.51000000e+03,7.08490620e+00,2.76581818e-05,2.82150309e+00,4.26337545e+00
8.52000000e+03,7.08343799e+00,2.79537137e-05,2.82110492e+00,4.26230512e+00
8.53000000e+03,7.08208464e+00,2.81143821e-05,2.82070292e+00,4.26135361e+00
8.54000000e+03,7.08079190e+00,2.81948711e-05,2.82029277e+00,4.26047094e+00
8.55000000e+03,7.07953909e+00,2.82196886e-05,2.81987362e+00,4.25963725e+00
8.56000000e+03,7.07830467e+00,2.82077500e-05,2.81944373e+00,4.25883273e+00
8.57000000e+03,7.07707851e+00,2.81700917e-05,2.81900330e+00,4.25804704e+00
8.58000000e+03,7.07585134e+00,2.81142336e-05,2.81855171e+00,4.25727152e+00
8.59000000e+03,7.07461724e+00,2.80479184e-05,2.81808826e+00,4.25650094e+00
8.60000000e+03,7.07337004e+00,2.79776851e-05,2.81761194e+00,4.25573013e+00
8.61000000e+03,7.07211735e+00,2.79097428e-05,2.81713368e+00,4.25495576e+00
8.62000000e+03,7.07085822e+00,2.78487725e-05,2.81665332e+00,4.25417705e+00
8.63000000e+03,7.06958748e+00,2.77834493e-05,2.81616236e+00,4.25339733e+00
8.64000000e+03,7.06830122e+00,2.77212909e-05,2.81565748e+00,4.25261602e+00
8.65000000e+03,7.06701513e+00,2.77316473e-05,2.81513605e+00,4.25185134e+00
8.66000000e+03,7.06726414e+00,9.79290150e-05,2.81449281e+00,4.25267340e+00
8.67000000e+03,7.07032172e+00,2.72198908e-05,2.81420449e+00,4.25609002e+00
8.68000000e+03,7.07176052e+00,2.50047014e-05,2.81392347e+00,4.25781204e+00
8.69000000e+03,7.07089391e+00,2.51078753e-05,2.81341486e+00,4.25745395e+00
8.70000000e+03,7.06867722e+00,2.36070102e-05,2.81275701e+00,4.25589661e+00
8.71000000e+03,7.06576107e+00,2.39792857e-05,2.81202371e+00,4.25371338e+00
8.72000000e+03,7.06272721e+00,2.51753866e-05,2.81130856e+00,4.25139348e+00
8.73000000e+03,7.05995949e+00,2.63628021e-05,2.81062289e+00,4.24931023e+00
8.74000000e+03,7.05749140e+00,2.72929164e-05,2.80995132e+00,4.24751279e+00
8.75000000e+03,7.05523740e+00,2.79824146e-05,2.80927598e+00,4.24593344e+00
8.76000000e+03,7.05314025e+00,2.85038181e-05,2.80857780e+00,4.24453394e+00
8.77000000e+03,7.05113115e+00,2.89060852e-05,2.80785499e+00,4.24324726e+00
8.78000000e+03,7.04917099e+00,2.92225848e-05,2.80710463e+00,4.24203714e+00
8.79000000e+03,7.04722736e+00,2.94804641e-05,2.80632570e+00,4.24087218e+00
8.80000000e+03,7.04528064e+00,2.96983203e-05,2.80551833e+00,4.23973261e+00
8.81000000e+03,7.04331829e+00,2.98872847e-05,2.80469575e+00,4.23859265e+00
8.82000000e+03,7.04132909e+00,3.00604048e-05,2.80385688e+00,4.23744215e+00
8.83000000e+03,7.03930755e+00,3.02211623e-05,2.80299024e+00,4.23628709e+00
8.84000000e+03,7.03724557e+00,3.03792018e-05,2.80209126e+00,4.23512393e+00
8.85000000e+03,7.03513462e+00,3.05366361e-05,2.80115752e+00,4.23394656e+00
8.86000000e+03,7.03291784e+00,3.06974284e-05,2.80020867e+00,4.23267847e+00
8.87000000e+03,7.03172559e+00,3.09925848e-05,2.79921494e+00,4.23247966e+00
8.88000000e+03,7.03908084e+00,3.10637991e-05,2.80211497e+00,4.23693481e+00
8.89000000e+03,7.04389542e+00,3.12447490e-05,2.80410573e+00,4.23975845e+00
8.90000000e+03,7.04482970e+00,3.13783406e-05,2.80461567e+00,4.24018264e+00
8.91000000e+03,7.04390529e+00,3.24141763e-05,2.80425054e+00,4.23962234e+00
8.92000000e+03,7.04620095e+00,3.21695507e-05,2.80481746e+00,4.24135131e+00
8.93000000e+03,7.04673068e+00,3.18993385e-05,2.80452831e+00,4.24217047e+00
8.94000000e+03,7.04470744e+00,3.20772287e-05,2.80349244e+00,4.24118291e+00
8.95000000e+03,7.04108194e+00,4.81633261e-05,2.80193465e+00,4.23909912e+00
8.96000000e+03,7.04067043e+00,5.01242549e-05,2.79985327e+00,4.24076703e+00
8.97000000e+03,7.03954764e+00,2.90843941e-05,2.79787739e+00,4.24164117e+00
8.98000000e+03,7.03522793e+00,2.75901797e-05,2.79545706e+00,4.23974328e+00
8.99000000e+03,7.03800919e+00,2.78707112e-05,2.79634687e+00,4.24163445e+00
9.00000000e+03,7.05056807e+00,2.90643220e-05,2.80210767e+00,4.24843134e+00
9.01000000e+03,7.04680188e+00,3.03252879e-05,2.80243512e+00,4.24433643e+00
9.02000000e+03,7.03361853e+00,3.17734711e-05,2.79798442e+00,4.23560234e+00
9.03000000e+03,7.03100732e+00,3.48837612e-05,2.79590464e+00,4.23506780e+00
9.04000000e+03,7.04358410e+00,3.41199922e-05,2.80062477e+00,4.24292521e+00
9.05000000e+03,7.04337487e+00,3.46348089e-05,2.80150780e+00,4.24183244e+00
9.06000000e+03,7.03849506e+00,3.52956294e-05,2.80016320e+00,4.23829657e+00
9.07000000e+03,7.03110913e+00,3.57902215e-05,2.79691737e+00,4.23415597e+00
9.08000000e+03,7.02017082e+00,3.62614359e-05,2.79164744e+00,4.22848712e+00
9.09000000e+03,7.00464449e+00,3.67249982e-05,2.78363972e+00,4.22096805e+00
9.10000000e+03,7.01221821e+00,3.76465785e-05,2.78711540e+00,4.22506517e+00
9.11000000e+03,7.03314262e+00,3.80120003e-05,2.79679453e+00,4.23631008e+00
9.12000000e+03,7.03824505e+00,3.79406665e-05,2.79885598e+00,4.23935113e+00
9.13000000e+03,7.03603098e+00,3.81552776e-05,2.79896949e+00,4.23702334e+00
9.14000000e+03,7.03255925e+00,3.85824282e-05,2.79798804e+00,4.23453263e+00
9.15000000e+03,7.02852264e+00,3.87986998e-05,2.79649663e+00,4.23198721e+00
9.16000000e+03,7.02401436e+00,3.91410413e-05,2.79457464e+00,4.22940058e+00
9.17000000e+03,7.01909531e+00,3.94887814e-05,2.79230681e+00,4.22674901e+00
9.18000000e+03,7.01381568e+00,3.98420257e-05,2.78972086e+00,4.22405497e+00
9.19000000e+03,7.00795605e+00,4.01920146e-05,2.78677869e+00,4.22113717e+00
9.20000000e+03,7.00215998e+00,1.15381103e-04,2.78351133e+00,4.21853327e+00
9.21000000e+03,6.98423070e+00,1.18703176e-04,2.77592798e+00,4.20818402e+00
9.22000000e+03,6.96089783e+00,1.98673565e-04,2.76583969e+00,4.19485946e+00
9.23000000e+03,6.93600979e+00,2.40208315e-04,2.75416811e+00,4.18160148e+00
9.24000000e+03,6.93852347e+00,8.17471422e-04,2.75083559e+00,4.18687041e+00
9.25000000e+03,6.94495534e+00,3.51351626e-04,2.74953088e+00,4.19507310e+00
9.26000000e+03,6.92907016e+00,3.14698338e-04,2.74286152e+00,4.18589395e+00
9.27000000e+03,6.90583134e+00,4.09963667e-04,2.73436964e+00,4.17105174e+00
9.28000000e+03,6.88586263e+00,4.82956667e-04,2.72636444e+00,4.15901524e+00
9.29000000e+03,6.86726144e+00,5.22065745e-04,2.71789749e+00,4.14884188e+00
9.30000000e+03,6.84853954e+00,5.47595249e-04,2.70911810e+00,4.13887384e+00
9.31000000e+03,6.82814170e+00,1.33943652e-03,2.69938164e+00,4.12742062e+00
9.32000000e+03,6.86307198e+00,5.36802539e-04,2.70982049e+00,4.15271468e+00
9.33000000e+03,6.87024352e+00,4.86156922e-04,2.71439664e+00,4.15536072e+00
9.34000000e+03,6.85976965e+00,5.69114487e-04,2.71196603e+00,4.14723451e+00
9.35000000e+03,6.84806842e+00,5.81032475e-04,2.70880374e+00,4.13868365e+00
9.36000000e+03,6.83809460e+00,5.72894241e-04,2.70562927e+00,4.13189244e+00
9.37000000e+03,6.82984726e+00,5.49471822e-04,2.70275780e+00,4.12653999e+00
9.38000000e+03,6.82241015e+00,5.10664996e-04,2.70018931e+00,4.12171017e+00
9.39000000e+03,6.81480183e+00,4.70648565e-04,2.69787040e+00,4.11646078e+00
9.40000000e+03,6.80717605e+00,4.93836229e-04,2.69574939e+00,4.11093282e+00
9.41000000e+03,6.79472530e+00,6.57940702e-04,2.69163665e+00,4.10243071e+00
9.42000000e+03,6.78323503e+00,6.46497723e-04,2.68774186e+00,4.09484667e+00
9.43000000e+03,6.77328107e+00,6.09172965e-04,2.68478801e+00,4.08788389e+00
9.44000000e+03,6.76541774e+00,5.70914858e-04,2.68180177e+00,4.08304506e+00
9.45000000e+03,6.75742701e+00,5.50883662e-04,2.67867506e+00,4.07820106e+00
9.46000000e+03,6.75058397e+00,5.92837714e-04,2.67542416e+00,4.07456697e+00
9.47000000e+03,6.74278133e+00,5.28884729e-04,2.67224869e+00,4.07000375e+00
9.48000000e+03,6.73338447e+00,5.04883320e-04,2.66901486e+00,4.06386473e+00
9.49000000e+03,6.72454073e+00,5.27933111e-04,2.66562838e+00,4.05838442e+00
9.50000000e+03,6.71854284e+00,5.60960364e-04,2.66209500e+00,4.05588688e+00
9.51000000e+03,6.70523614e+00,5.75579104e-04,2.65783012e+00,4.04683044e+00
9.52000000e+03,6.69423712e+00,6.73272840e-04,2.65337074e+00,4.04019311e+00
9.53000000e+03,6.68325617e+00,6.33418452e-04,2.64851489e+00,4.03410786e+00
9.54000000e+03,6.67228923e+00,7.77597918e-04,2.64380974e+00,4.02770190e+00
9.55000000e+03,6.67446747e+00,9.26656675e-04,2.64354205e+00,4.02999876e+00
9.56000000e+03,6.70610788e+00,5.89049258e-04,2.65780317e+00,4.04771566e+00
9.57000000e+03,6.71702229e+00,6.67755035e-04,2.66279080e+00,4.05356374e+00
9.58000000e+03,6.71808302e+00,6.45236972e-04,2.66326483e+00,4.05417295e+00
9.59000000e+03,6.71496632e+00,6.18343035e-04,2.66275218e+00,4.05159579e+00
9.60000000e+03,6.71199559e+00,7.09603564e-04,2.66136027e+00,4.04992571e+00
9.61000000e+03,6.70750755e+00,7.05439955e-04,2.65956678e+00,4.04723533e+00
9.62000000e+03,6.70428036e+00,7.37460547e-04,2.65826745e+00,4.04527544e+00
9.63000000e+03,6.70611716e+00,7.69660989e-04,2.65840097e+00,4.04694653e+00
9.64000000e+03,6.70601913e+00,9.26059235e-04,2.65788188e+00,4.04721119e+00
9.65000000e+03,6.70416066e+00,8.43666995e-04,2.65696431e+00,4.04635269e+00
9.66000000e+03,6.70105053e+00,7.67104209e-04,2.65592219e+00,4.04436124e+00
9.67000000e+03,6.69779306e+00,7.00113290e-04,2.65476725e+00,4.04232570e+00
9.68000000e+03,6.69450168e+00,7.33316863e-04,2.65361866e+00,4.04014970e+00
9.69000000e+03,6.69160048e+00,7.71879451e-04,2.65242224e+00,4.03840635e+00
9.70000000e+03,6.68863500e+00,6.78338669e-04,2.65123695e+00,4.03671971e+00
9.71000000e+03,6.68517681e+00,8.23287049e-04,2.65007205e+00,4.03428148e+00
9.72000000e+03,6.68325884e+00,7.39942405e-04,2.64882923e+00,4.03368966e+00
9.73000000e+03,6.68007767e+00,7.06554041e-04,2.64771666e+00,4.03165445e+00
9.74000000e+03,6.67673870e+00,6.69686490e-04,2.64663392e+00,4.02943509e+00
9.75000000e+03,6.67392091e+00,6.81656952e-04,2.64553555e+00,4.02770370e+00
9.76000000e+03,6.67160057e+00,8.70676426e-04,2.64442272e+00,4.02630717e+00
9.77000000e+03,6.66894807e+00,7.02147902e-04,2.64330511e+00,4.02494081e+00
9.78000000e+03,6.66586140e+00,6.67932810e-04,2.64225373e+00,4.02293974e+00
9.79000000e+03,6.66315711e+00,6.49435116e-04,2.64114176e+00,4.02136592e+00
9.80000000e+03,6.66101083e+00,8.91112011e-04,2.64002604e+00,4.02009368e+00
9.81000000e+03,6.67335801e+00,2.78992255e-03,2.64068144e+00,4.02988665e+00
9.82000000e+03,6.66544982e+00,4.02362833e-03,2.63844205e+00,4.02298415e+00
9.83000000e+03,6.65620308e+00,9.51650979e-04,2.63667772e+00,4.01857371e+00
9.84000000e+03,6.65102903e+00,1.28756660e-03,2.63529471e+00,4.01444676e+00
9.85000000e+03,6.64735925e+00,8.93023062e-04,2.63395004e+00,4.01251619e+00
9.86000000e+03,6.64394561e+00,9.03216812e-04,2.63279885e+00,4.01024355e+00
9.87000000e+03,6.64072578e+00,9.17407961e-04,2.63158669e+00,4.00822168e+00
9.88000000e+03,6.63777246e+00,9.18620912e-04,2.63032844e+00,4.00652539e+00
9.89000000e+03,6.63467739e+00,9.29723809e-04,2.62906901e+00,4.00467865e+00
9.90000000e+03,6.63164915e+00,9.36663784e-04,2.62779026e+00,4.00292222e+00
9.91000000e+03,6.62869900e+00,9.36184749e-04,2.62653247e+00,4.00123035e+00
9.92000000e+03,6.62570129e+00,9.39722817e-04,2.62529382e+00,3.99946775e+00
9.93000000e+03,6.62266865e+00,9.44515826e-04,2.62404573e+00,3.99767840e+00
9.94000000e+03,6.61959876e+00,9.49770500e-04,2.62277973e+00,3.99586927e+00
9.95000000e+03,6.61647876e+00,9.54874706e-04,2.62149504e+00,3.99402885e+00
9.96000000e+03,6.61330862e+00,9.60029218e-04,2.62018878e+00,3.99215981e+00
9.97000000e+03,6.61008309e+00,9.65453678e-04,2.61886174e+00,3.99025590e+00
9.98000000e+03,6.60680595e+00,9.70652067e-04,2.61751461e+00,3.98832068e+00
9.99000000e+03,6.60381183e+00,9.76324043e-04,2.61632307e+00,3.98651243e+00
1.00000000e+04,6.60670084e+00,9.80793922e-04,2.61696723e+00,3.98875281e+00
1.00100000e+04,6.60732933e+00,9.78374788e-04,2.61676143e+00,3.98958952e+00
1.00200000e+04,6.60552332e+00,9.79342395e-04,2.61600174e+00,3.98854224e+00
1.00300000e+04,6.60286670e+00,9.81891927e-04,2.61492604e+00,3.98695877e+00
1.00400000e+04,6.59965516e+00,9.84990207e-04,2.61373622e+00,3.98493395e+00
1.00500000e+04,6.59634790e+00,9.87506468e-04,2.61247910e+00,3.98288129e+00
1.00600000e+04,6.59293011e+00,9.90009100e-04,2.61120274e+00,3.98073735e+00
1.00700000e+04,6.58950003e+00,9.92304917e-04,2.60991011e+00,3.97859762e+00
1.00800000e+04,6.58604761e+00,9.94203617e-04,2.60861214e+00,3.97644127e+00
1.00900000e+04,6.58258859e+00,9.95737839e-04,2.60730967e+00,3.97428319e+00
1.01000000e+04,6.57912748e+00,9.96877899e-04,2.60600603e+00,3.97212458e+00
1.01100000e+04,6.57581496e+00,9.90875813e-04,2.60474118e+00,3.97008291e+00
1.01200000e+04,6.57253963e+00,9.87635725e-04,2.60351391e+00,3.96803808e+00
1.01300000e+04,6.56928498e+00,9.85855253e-04,2.60230125e+00,3.96599788e+00
1.01400000e+04,6.56605033e+00,9.84331965e-04,2.60109638e+00,3.96396962e+00
1.01500000e+04,6.56283782e+00,9.82145277e-04,2.59990025e+00,3.96195542e+00
1.01600000e+04,6.55964113e+00,9.79793407e-04,2.59871328e+00,3.95994806e+00
1.01700000e+04,6.55646572e+00,9.77085524e-04,2.59753673e+00,3.95795190e+00
1.01800000e+04,6.55331441e+00,9.73927748e-04,2.59637218e+00,3.95596830e+00
1.01900000e+04,6.55019002e+00,9.70331200e-04,2.59522095e+00,3.95399874e+00
1.02000000e+04,6.54709544e+00,9.66335716e-04,2.59408446e+00,3.95204464e+00
1.02100000e+04,6.54412553e+00,9.56231548e-04,2.59298338e+00,3.95018592e+00
1.02200000e+04,6.54118693e+00,9.48272248e-04,2.59191163e+00,3.94832703e+00
1.02300000e+04,6.54160048e+00,9.44336786e-04,2.59200704e+00,3.94864911e+00
1.02400000e+04,6.55758096e+00,9.38025161e-04,2.59713351e+00,3.95950942e+00
1.02500000e+04,6.57169505e+00,9.29645235e-04,2.60154349e+00,3.96922192e+00
1.02600000e+04,6.57655274e+00,9.21947986e-04,2.60356854e+00,3.97206225e+00
1.02700000e+04,6.57665277e+00,9.14785029e-04,2.60372234e+00,3.97201564e+00
1.02800000e+04,6.57518656e+00,9.07428287e-04,2.60331211e+00,3.97096702e+00
1.02900000e+04,6.57294708e+00,9.00079102e-04,2.60259063e+00,3.96945637e+00
1.03000000e+04,6.57039757e+00,8.92679749e-04,2.60175259e+00,3.96775231e+00
1.03100000e+04,6.56782569e+00,8.80822377e-04,2.60087314e+00,3.96607173e+00
1.03200000e+04,6.56531415e+00,8.70891278e-04,2.60001845e+00,3.96442482e+00
1.03300000e+04,6.56278937e+00,8.62546640e-04,2.59915891e+00,3.96276790e+00
1.03400000e+04,6.56033098e+00,8.54550829e-04,2.59831852e+00,3.96115791e+00
1.03500000e+04,6.55789100e+00,8.46571057e-04,2.59748070e+00,3.95956373e+00
1.03600000e+04,6.55548882e+00,8.38819747e-04,2.59664771e+00,3.95800229e+00
1.03700000e+04,6.55339044e+00,8.31220707e-04,2.59585287e+00,3.95670635e+00
1.03800000e+04,6.55156171e+00,8.23740881e-04,2.59512245e+00,3.95561553e+00
1.03900000e+04,6.54961438e+00,8.16370543e-04,2.59434661e+00,3.95445139e+00
1.04000000e+04,6.54744867e+00,8.09097969e-04,2.59358144e+00,3.95305813e+00
1.04100000e+04,6.54527793e+00,7.98731894e-04,2.59283810e+00,3.95164110e+00
1.04200000e+04,6.54312599e+00,7.89872275e-04,2.59211211e+00,3.95022401e+00
1.04300000e+04,6.54100762e+00,7.82205304e-04,2.59139583e+00,3.94882959e+00
1.04400000e+04,6.53892827e+00,7.74785569e-04,2.59068722e+00,3.94746626e+00
1.04500000e+04,6.53688424e+00,7.67403315e-04,2.58998635e+00,3.94613049e+00
1.04600000e+04,6.53486982e+00,7.60199580e-04,2.58929244e+00,3.94481717e+00
1.04700000e+04,6.53288195e+00,7.53160441e-04,2.58860492e+00,3.94352387e+00
1.04800000e+04,6.53091889e+00,7.46240163e-04,2.58792353e+00,3.94224912e+00
1.04900000e+04,6.52898069e+00,7.39422873e-04,2.58724726e+00,3.94099401e+00
1.05000000e+04,6.52706629e+00,7.32726877e-04,2.58657548e+00,3.93975808e+00
1.05100000e+04,6.52519400e+00,7.23793507e-04,2.58591219e+00,3.93855801e+00
1.05200000e+04,6.52333034e+00,7.16034166e-04,2.58525085e+00,3.93736345e+00
1.05300000e+04,6.52147902e+00,7.09171881e-04,2.58458879e+00,3.93618106e+00
1.05400000e+04,6.51964264e+00,7.02562167e-04,2.58392507e+00,3.93501501e+00
1.05500000e+04,6.51781735e+00,6.96026159e-04,2.58325903e+00,3.93386230e+00
1.05600000e+04,6.51869620e+00,6.90303630e-04,2.58369100e+00,3.93431489e+00
1.05700000e+04,6.52605788e+00,6.83563444e-04,2.58640929e+00,3.93896502e+00
1.05800000e+04,6.52893941e+00,6.77540229e-04,2.58762603e+00,3.94063584e+00
1.05900000e+04,6.52934561e+00,6.71665908e-04,2.58794056e+00,3.94073338e+00
1.06000000e+04,6.52879261e+00,6.65971460e-04,2.58785568e+00,3.94027096e+00
1.06100000e+04,6.52774256e+00,6.89377862e-04,2.58759684e+00,3.93945634e+00
1.06200000e+04,6.52666803e+00,7.04452007e-04,2.58732012e+00,3.93864346e+00
1.06300000e+04,6.52534608e+00,6.87955689e-04,2.58696054e+00,3.93769759e+00
1.06400000e+04,6.52403489e+00,6.72299801e-04,2.58659975e+00,3.93676284e+00
1.06500000e+04,6.52275696e+00,6.49180638e-04,2.58623610e+00,3.93587168e+00
1.06600000e+04,6.52152655e+00,6.33778489e-04,2.58587352e+00,3.93501926e+00
1.06700000e+04,6.52031188e+00,6.27165292e-04,2.58551054e+00,3.93417418e+00
1.06800000e+04,6.51911325e+00,6.22108626e-04,2.58514740e+00,3.93334374e+00
1.06900000e+04,6.51792724e+00,6.17526569e-04,2.58478345e+00,3.93252627e+00
1.07000000e+04,6.51674310e+00,6.13171795e-04,2.58444154e+00,3.93168839e+00
1.07100000e+04,6.51561398e+00,6.07614559e-04,2.58408271e+00,3.93092365e+00
1.07200000e+04,6.51431577e+00,6.02575916e-04,2.58377205e+00,3.92994114e+00
1.07300000e+04,6.51303920e+00,5.98073762e-04,2.58338586e+00,3.92905526e+00
1.07400000e+04,6.51174205e+00,5.93892733e-04,2.58298958e+00,3.92815858e+00
1.07500000e+04,6.51087520e+00,5.90312088e-04,2.58269634e+00,3.92758855e+00
1.07600000e+04,6.51006979e+00,5.85481523e-04,2.58240243e+00,3.92708188e+00
1.07700000e+04,6.50919359e+00,5.81471425e-04,2.58203555e+00,3.92657658e+00
1.07800000e+04,6.50819181e+00,5.77430807e-04,2.58160125e+00,3.92601313e+00
1.07900000e+04,6.50692485e+00,5.73600543e-04,2.58113752e+00,3.92521373e+00
1.08000000e+04,6.50559692e+00,5.72642835e-04,2.58065561e+00,3.92436867e+00
1.08100000e+04,6.50419617e+00,5.71315987e-04,2.58018420e+00,3.92344065e+00
1.08200000e+04,6.50283047e+00,5.67698556e-04,2.57970708e+00,3.92255570e+00
1.08300000e+04,6.50145024e+00,5.64751293e-04,2.57922197e+00,3.92166352e+00
1.08400000e+04,6.50007631e+00,5.63667458e-04,2.57872404e+00,3.92078860e+00
1.08500000e+04,6.49876311e+00,6.04387243e-04,2.57821143e+00,3.91994729e+00
1.08600000e+04,6.49728572e+00,5.59416693e-04,2.57767021e+00,3.91905610e+00
1.08700000e+04,6.49658288e+00,5.59508989e-04,2.57739281e+00,3.91863056e+00
1.08800000e+04,6.49542725e+00,5.58174666e-04,2.57690382e+00,3.91796526e+00
1.08900000e+04,6.49423938e+00,5.51828945e-04,2.57637328e+00,3.91731427e+00
1.09000000e+04,6.49294625e+00,5.48051556e-04,2.57583405e+00,3.91656415e+00
1.09100000e+04,6.49149081e+00,5.52940262e-04,2.57522806e+00,3.91570981e+00
1.09200000e+04,6.49434220e+00,5.56619216e-04,2.57641454e+00,3.91737104e+00
1.09300000e+04,6.50505737e+00,5.89752276e-04,2.58063428e+00,3.92383334e+00
1.09400000e+04,6.50960908e+00,5.85706065e-04,2.58255483e+00,3.92646855e+00
1.09500000e+04,6.51074633e+00,5.52306681e-04,2.58322075e+00,3.92697327e+00
1.09600000e+04,6.51074171e+00,5.58864667e-04,2.58336390e+00,3.92681895e+00
1.09700000e+04,6.51014708e+00,5.54924168e-04,2.58325478e+00,3.92633737e+00
1.09800000e+04,6.50930500e+00,5.48205136e-04,2.58307755e+00,3.92567924e+00
1.09900000e+04,6.50846190e+00,5.46008452e-04,2.58284867e+00,3.92506723e+00
1.10000000e+04,6.50753493e+00,5.43287434e-04,2.58261407e+00,3.92437758e+00
1.10100000e+04,6.50681412e+00,7.21461046e-04,2.58238970e+00,3.92370296e+00
1.10200000e+04,6.50747468e+00,1.55807877e-03,2.58231927e+00,3.92359733e+00
1.10300000e+04,6.50563431e+00,9.62779083e-04,2.58196767e+00,3.92270387e+00
1.10400000e+04,6.50436625e+00,6.69164221e-04,2.58169400e+00,3.92200308e+00
1.10500000e+04,6.50335677e+00,5.72094743e-04,2.58143938e+00,3.92134529e+00
1.10600000e+04,6.50252313e+00,5.34231817e-04,2.58119314e+00,3.92079577e+00
1.10700000e+04,6.50165366e+00,5.27516028e-04,2.58093679e+00,3.92018936e+00
1.10800000e+04,6.50084288e+00,5.24636524e-04,2.58067902e+00,3.91963922e+00
1.10900000e+04,6.50033524e+00,5.25620317e-04,2.58039824e+00,3.91941139e+00
1.11000000e+04,6.50040929e+00,5.21594590e-04,2.58016977e+00,3.91971792e+00
1.11100000e+04,6.50044188e+00,5.19683741e-04,2.57994813e+00,3.91997406e+00
1.11200000e+04,6.49970340e+00,5.17574826e-04,2.57971994e+00,3.91946588e+00
1.11300000e+04,6.49890743e+00,5.15567587e-04,2.57941350e+00,3.91897837e+00
1.11400000e+04,6.49789655e+00,5.13663210e-04,2.57911609e+00,3.91826680e+00
1.11500000e+04,6.49692332e+00,5.11757738e-04,2.57878283e+00,3.91762874e+00
1.11600000e+04,6.49588373e+00,5.09854463e-04,2.57846540e+00,3.91690847e+00
1.11700000e+04,6.49485494e+00,5.07933529e-04,2.57814496e+00,3.91620205e+00
1.11800000e+04,6.49384184e+00,5.06003986e-04,2.57781079e+00,3.91552505e+00
1.11900000e+04,6.49282645e+00,5.04084233e-04,2.57747388e+00,3.91484849e+00
1.12000000e+04,6.49181177e+00,5.02155346e-04,2.57713209e+00,3.91417753e+00
1.12100000e+04,6.49080021e+00,4.98480262e-04,2.57678524e+00,3.91351649e+00
1.12200000e+04,6.48977788e+00,4.95831175e-04,2.57642823e+00,3.91285382e+00
1.12300000e+04,6.48875338e+00,4.93372523e-04,2.57606234e+00,3.91219767e+00
1.12400000e+04,6.48772600e+00,4.91084976e-04,2.57568749e+00,3.91154742e+00
1.12500000e+04,6.48669595e+00,4.88732028e-04,2.57530433e+00,3.91090288e+00
1.12600000e+04,6.48566031e+00,4.86504095e-04,2.57491199e+00,3.91026182e+00
1.12700000e+04,6.48461935e+00,4.84297815e-04,2.57451066e+00,3.90962439e+00
1.12800000e+04,6.48357130e+00,4.82128594e-04,2.57410010e+00,3.90898906e+00
1.12900000e+04,6.48251542e+00,4.79972312e-04,2.57368023e+00,3.90835522e+00
1.13000000e+04,6.48145177e+00,4.77837976e-04,2.57325080e+00,3.90772312e+00
1.13100000e+04,6.48035962e+00,4.74107358e-04,2.57281090e+00,3.90707462e+00
1.13200000e+04,6.47923270e+00,4.71351053e-04,2.57235293e+00,3.90640842e+00
1.13300000e+04,6.47808827e+00,4.68767625e-04,2.57188151e+00,3.90573799e+00
1.13400000e+04,6.47692947e+00,4.66368168e-04,2.57139757e+00,3.90506553e+00
1.13500000e+04,6.47575012e+00,4.63912667e-04,2.57090362e+00,3.90438259e+00
1.13600000e+04,6.47466739e+00,4.61589245e-04,2.57043440e+00,3.90377140e+00
1.13700000e+04,6.47415821e+00,4.59290785e-04,2.56995183e+00,3.90374709e+00
1.13800000e+04,6.47318404e+00,4.57035835e-04,2.56948387e+00,3.90324314e+00
1.13900000e+04,6.47214887e+00,4.54801126e-04,2.56895663e+00,3.90273744e+00
1.14000000e+04,6.47092994e+00,4.52597214e-04,2.56842697e+00,3.90205038e+00
1.14100000e+04,6.46961956e+00,4.48939497e-04,2.56785493e+00,3.90131568e+00
1.14200000e+04,6.47657414e+00,4.47087573e-04,2.57097193e+00,3.90515512e+00
1.14300000e+04,6.48801489e+00,4.43872956e-04,2.57560651e+00,3.91196450e+00
1.14400000e+04,6.49253324e+00,4.41136370e-04,2.57756429e+00,3.91452781e+00
1.14500000e+04,6.49360372e+00,4.38657700e-04,2.57826928e+00,3.91489578e+00
1.14600000e+04,6.49382814e+00,4.36311114e-04,2.57841993e+00,3.91497191e+00
1.14700000e+04,6.49328693e+00,4.33992383e-04,2.57835529e+00,3.91449765e+00
1.14800000e+04,6.49259458e+00,4.31722172e-04,2.57819066e+00,3.91397220e+00
1.14900000e+04,6.49185360e+00,4.29476327e-04,2.57798887e+00,3.91343525e+00
1.15000000e+04,6.49107104e+00,4.27265218e-04,2.57777031e+00,3.91287347e+00
1.15100000e+04,6.49029552e+00,4.23765875e-04,2.57755152e+00,3.91232023e+00
1.15200000e+04,6.48953106e+00,4.21427045e-04,2.57732964e+00,3.91177999e+00
1.15300000e+04,6.48880520e+00,4.35198931e-04,2.57709856e+00,3.91127144e+00
1.15400000e+04,6.48815728e+00,4.91380313e-04,2.57686737e+00,3.91079852e+00
1.15500000e+04,6.48729130e+00,4.12189135e-04,2.57664298e+00,3.91023613e+00
1.15600000e+04,6.48654131e+00,4.23118203e-04,2.57640952e+00,3.90970867e+00
1.15700000e+04,6.48579608e+00,4.11131476e-04,2.57615599e+00,3.90922896e+00
1.15800000e+04,6.48504834e+00,4.06832194e-04,2.57590875e+00,3.90873276e+00
1.15900000e+04,6.48429821e+00,4.05258935e-04,2.57565589e+00,3.90823706e+00
1.16000000e+04,6.48355469e+00,4.03029959e-04,2.57539399e+00,3.90775766e+00
1.16100000e+04,6.48280914e+00,4.00919528e-04,2.57513792e+00,3.90727030e+00
1.16200000e+04,6.48207823e+00,3.98805178e-04,2.57488056e+00,3.90679887e+00
1.16300000e+04,6.48134688e+00,3.96780784e-04,2.57462131e+00,3.90632880e+00
1.16400000e+04,6.48061583e+00,3.94775814e-04,2.57435714e+00,3.90586391e+00
1.16500000e+04,6.47981863e+00,3.92832283e-04,2.57411261e+00,3.90531319e+00
1.16600000e+04,6.47998217e+00,3.90848924e-04,2.57395695e+00,3.90563438e+00
1.16700000e+04,6.47994390e+00,3.88897734e-04,2.57377398e+00,3.90578103e+00
1.16800000e+04,6.47957300e+00,3.86966841e-04,2.57354860e+00,3.90563743e+00
1.16900000e+04,6.47898147e+00,3.85119282e-04,2.57330029e+00,3.90529606e+00
1.17000000e+04,6.47830798e+00,3.86489652e-04,2.57304273e+00,3.90487875e+00
1.17100000e+04,6.47792017e+00,7.35380217e-04,2.57280731e+00,3.90437748e+00
1.17200000e+04,6.47706239e+00,6.21917904e-04,2.57245632e+00,3.90398415e+00
1.17300000e+04,6.47595658e+00,4.38971731e-04,2.57217825e+00,3.90333936e+00
1.17400000e+04,6.47507327e+00,4.03957210e-04,2.57186255e+00,3.90280676e+00
1.17500000e+04,6.47425728e+00,4.01161642e-04,2.57155467e+00,3.90230145e+00
1.17600000e+04,6.47339843e+00,4.00884797e-04,2.57124304e+00,3.90175450e+00
1.17700000e+04,6.47257205e+00,3.97919049e-04,2.57091998e+00,3.90125415e+00
1.17800000e+04,6.47172492e+00,3.96977938e-04,2.57059687e+00,3.90073107e+00
1.17900000e+04,6.47088727e+00,3.96390707e-04,2.57026425e+00,3.90022663e+00
1.18000000e+04,6.47003969e+00,3.96068198e-04,2.56992780e+00,3.89971583e+00
1.18100000e+04,6.46918611e+00,3.94228953e-04,2.56958885e+00,3.89920303e+00
1.18200000e+04,6.46831693e+00,3.93156230e-04,2.56924302e+00,3.89868075e+00
1.18300000e+04,6.46744273e+00,3.92057263e-04,2.56889030e+00,3.89816037e+00
1.18400000e+04,6.46656149e+00,3.90992339e-04,2.56853099e+00,3.89763951e+00
1.18500000e+04,6.46567472e+00,3.89860715e-04,2.56816450e+00,3.89712036e+00
1.18600000e+04,6.46478070e+00,3.88742147e-04,2.56779089e+00,3.89660107e+00
1.18700000e+04,6.46387965e+00,3.87601440e-04,2.56741003e+00,3.89608201e+00
1.18800000e+04,6.46297081e+00,3.86433780e-04,2.56702201e+00,3.89556237e+00
1.18900000e+04,6.46205373e+00,3.85242880e-04,2.56662670e+00,3.89504179e+00
1.19000000e+04,6.46112792e+00,3.84029436e-04,2.56622397e+00,3.89451993e+00
1.19100000e+04,6.46017951e+00,3.81519052e-04,2.56581502e+00,3.89398297e+00
1.19200000e+04,6.45920349e+00,3.79725666e-04,2.56539490e+00,3.89342886e+00
1.19300000e+04,6.45821462e+00,3.78010323e-04,2.56496542e+00,3.89287119e+00
1.19400000e+04,6.45721398e+00,3.76402715e-04,2.56452703e+00,3.89231055e+00
1.19500000e+04,6.45620276e+00,3.74799605e-04,2.56407983e+00,3.89174813e+00
1.19600000e+04,6.45518014e+00,3.73265092e-04,2.56362339e+00,3.89118349e+00
1.19700000e+04,6.45414576e+00,3.71757246e-04,2.56315785e+00,3.89061615e+00
1.19800000e+04,6.45310146e+00,3.70264099e-04,2.56268274e+00,3.89004846e+00
1.19900000e+04,6.45234880e+00,3.68814965e-04,2.56218919e+00,3.88979079e+00
1.20000000e+04,6.45233773e+00,3.67323143e-04,2.56196246e+00,3.89000795e+00
1.20100000e+04,6.45181889e+00,3.64708240e-04,2.56153024e+00,3.88992395e+00
1.20200000e+04,6.45054922e+00,3.62778103e-04,2.56096876e+00,3.88921768e+00
1.20300000e+04,6.44892150e+00,3.60926477e-04,2.56034810e+00,3.88821247e+00
1.20400000e+04,6.44713876e+00,3.59189419e-04,2.55968228e+00,3.88709730e+00
1.20500000e+04,6.44527920e+00,3.57480858e-04,2.55897876e+00,3.88594297e+00
1.20600000e+04,6.44339453e+00,3.55848040e-04,2.55823817e+00,3.88480052e+00
1.20700000e+04,6.44147643e+00,3.54254652e-04,2.55746409e+00,3.88365808e+00
1.20800000e+04,6.43964823e+00,3.52800634e-04,2.55668513e+00,3.88261031e+00
1.20900000e+04,6.44477241e+00,3.51178316e-04,2.55905693e+00,3.88536431e+00
1.21000000e+04,6.44906186e+00,3.49624878e-04,2.56077619e+00,3.88793605e+00
1.21100000e+04,6.45012789e+00,3.47031592e-04,2.56122035e+00,3.88856051e+00
1.21200000e+04,6.44904530e+00,3.45081602e-04,2.56082575e+00,3.88787447e+00
1.21300000e+04,6.44686687e+00,3.43216937e-04,2.55998659e+00,3.88653707e+00
1.21400000e+04,6.44438946e+00,3.41484645e-04,2.55895424e+00,3.88509374e+00
1.21500000e+04,6.44307004e+00,3.39750901e-04,2.55811739e+00,3.88461291e+00
1.21600000e+04,6.44120282e+00,3.38091073e-04,2.55720617e+00,3.88365856e+00
1.21700000e+04,6.43871658e+00,3.36489306e-04,2.55614779e+00,3.88223230e+00
1.21800000e+04,6.43587283e+00,3.34911104e-04,2.55495623e+00,3.88058169e+00
1.21900000e+04,6.43409921e+00,3.33384854e-04,2.55401056e+00,3.87975527e+00
1.22000000e+04,6.43305372e+00,3.31824848e-04,2.55313762e+00,3.87958427e+00
1.22100000e+04,6.43050015e+00,3.29339781e-04,2.55203581e+00,3.87813500e+00
1.22200000e+04,6.42700484e+00,3.27448222e-04,2.55065598e+00,3.87602140e+00
1.22300000e+04,6.42296399e+00,3.25608894e-04,2.54907545e+00,3.87356294e+00
1.22400000e+04,6.42036267e+00,3.23872740e-04,2.54768261e+00,3.87235619e+00
1.22500000e+04,6.42214795e+00,3.22196923e-04,2.54739290e+00,3.87443285e+00
1.22600000e+04,6.42184795e+00,3.20531108e-04,2.54676274e+00,3.87476468e+00
1.22700000e+04,6.41967763e+00,3.18934767e-04,2.54583657e+00,3.87352213e+00
1.22800000e+04,6.41662055e+00,3.17366672e-04,2.54468569e+00,3.87161749e+00
1.22900000e+04,6.41313537e+00,3.15823438e-04,2.54337017e+00,3.86944937e+00
1.23000000e+04,6.40941578e+00,3.14297793e-04,2.54193099e+00,3.86717049e+00
1.23100000e+04,6.40562150e+00,3.11915524e-04,2.54040148e+00,3.86490810e+00
1.23200000e+04,6.40178095e+00,3.10062276e-04,2.53877718e+00,3.86269371e+00
1.23300000e+04,6.39785915e+00,3.08258899e-04,2.53704631e+00,3.86050458e+00
1.23400000e+04,6.39384273e+00,3.06544606e-04,2.53520380e+00,3.85833238e+00
1.23500000e+04,6.39030212e+00,3.05511816e-04,2.53345732e+00,3.85653928e+00
1.23600000e+04,6.39434962e+00,3.03526996e-04,2.53354351e+00,3.86050258e+00
1.23700000e+04,6.39556421e+00,3.11419178e-04,2.53326768e+00,3.86198511e+00
1.23800000e+04,6.39439577e+00,4.26850139e-04,2.53254071e+00,3.86142821e+00
1.23900000e+04,6.39326789e+00,3.11806687e-04,2.53212795e+00,3.86082813e+00
1.24000000e+04,6.40097682e+00,3.00409426e-04,2.53571536e+00,3.86496105e+00
1.24100000e+04,6.40393524e+00,3.02625309e-04,2.53731983e+00,3.86631279e+00
1.24200000e+04,6.40327226e+00,3.00328842e-04,2.53737891e+00,3.86559302e+00
1.24300000e+04,6.40103020e+00,3.00823647e-04,2.53670879e+00,3.86402059e+00
1.24400000e+04,6.39814464e+00,3.00678074e-04,2.53569693e+00,3.86214703e+00
1.24500000e+04,6.39499645e+00,3.00291082e-04,2.53450589e+00,3.86019026e+00
1.24600000e+04,6.39174238e+00,2.99798593e-04,2.53321122e+00,3.85823136e+00
1.24700000e+04,6.38844282e+00,2.99112088e-04,2.53184030e+00,3.85630341e+00
1.24800000e+04,6.38511058e+00,2.98393412e-04,2.53040340e+00,3.85440879e+00
1.24900000e+04,6.38174645e+00,2.97557001e-04,2.52890717e+00,3.85254172e+00
1.25000000e+04,6.37834580e+00,2.96679612e-04,2.52735480e+00,3.85069432e+00
1.25100000e+04,6.37496182e+00,2.94821361e-04,2.52579041e+00,3.84887659e+00
1.25200000e+04,6.37159116e+00,2.93447021e-04,2.52421963e+00,3.84707808e+00
1.25300000e+04,6.37433903e+00,2.92440096e-04,2.52415696e+00,3.84988963e+00
1.25400000e+04,6.37852833e+00,2.90785362e-04,2.52480660e+00,3.85343094e+00
1.25500000e+04,6.37920932e+00,2.89339839e-04,2.52483503e+00,3.85408494e+00
1.25600000e+04,6.37797000e+00,2.88067062e-04,2.52435612e+00,3.85332580e+00
1.25700000e+04,6.37590562e+00,2.86777088e-04,2.52361784e+00,3.85200100e+00
1.25800000e+04,6.37343281e+00,2.85503381e-04,2.52273578e+00,3.85041153e+00
1.25900000e+04,6.37079908e+00,2.84238122e-04,2.52177370e+00,3.84874114e+00
1.26000000e+04,6.36812850e+00,2.83260054e-04,2.52076348e+00,3.84708176e+00
1.26100000e+04,6.36542736e+00,2.98623624e-04,2.51973190e+00,3.84539683e+00
1.26200000e+04,6.36274050e+00,3.30920253e-04,2.51867177e+00,3.84373780e+00
1.26300000e+04,6.35997370e+00,3.37551796e-04,2.51756961e+00,3.84206653e+00
1.26400000e+04,6.35718242e+00,2.91214475e-04,2.51643181e+00,3.84045939e+00
1.26500000e+04,6.35442640e+00,2.80254210e-04,2.51527549e+00,3.83887066e+00
1.26600000e+04,6.35168264e+00,2.77685600e-04,2.51409702e+00,3.83730794e+00
1.26700000e+04,6.34893325e+00,2.75083015e-04,2.51289677e+00,3.83576139e+00
1.26800000e+04,6.34618048e+00,2.73458562e-04,2.51167584e+00,3.83423118e+00
1.26900000e+04,6.34342520e+00,2.72449231e-04,2.51043425e+00,3.83271850e+00
1.27000000e+04,6.34066469e+00,2.71224520e-04,2.50917302e+00,3.83122045e+00
1.27100000e+04,6.33786603e+00,2.69333368e-04,2.50789570e+00,3.82970100e+00
1.27200000e+04,6.34039639e+00,2.68190719e-04,2.50888529e+00,3.83124291e+00
1.27300000e+04,6.34879549e+00,2.66463072e-04,2.51259600e+00,3.83593302e+00
1.27400000e+04,6.35201685e+00,2.65051485e-04,2.51409748e+00,3.83765432e+00
1.27500000e+04,6.35218242e+00,2.63698929e-04,2.51422168e+00,3.83769704e+00
1.27600000e+04,6.35089166e+00,2.62364256e-04,2.51371633e+00,3.83691296e+00
1.27700000e+04,6.34899175e+00,2.61071022e-04,2.51293242e+00,3.83579825e+00
1.27800000e+04,6.34686973e+00,2.59790454e-04,2.51203155e+00,3.83457839e+00
1.27900000e+04,6.34467511e+00,2.58526501e-04,2.51108293e+00,3.83333366e+00
1.28000000e+04,6.34246144e+00,2.57270655e-04,2.51011412e+00,3.83209005e+00
1.28100000e+04,6.34027547e+00,2.55318493e-04,2.50916005e+00,3.83086010e+00
1.28200000e+04,6.33811685e+00,2.53784305e-04,2.50822009e+00,3.82964298e+00
1.28300000e+04,6.33596715e+00,2.52342381e-04,2.50727708e+00,3.82843773e+00
1.28400000e+04,6.33762915e+00,2.51242266e-04,2.50729125e+00,3.83008666e+00
1.28500000e+04,6.33967381e+00,2.49504707e-04,2.50743419e+00,3.83199012e+00
1.28600000e+04,6.33956858e+00,2.48074169e-04,2.50723841e+00,3.83208209e+00
1.28700000e+04,6.33841552e+00,2.46750109e-04,2.50681723e+00,3.83135154e+00
1.28800000e+04,6.33684915e+00,2.45477652e-04,2.50625987e+00,3.83034380e+00
1.28900000e+04,6.33501995e+00,2.44817418e-04,2.50560936e+00,3.82916578e+00
1.29000000e+04,6.33315217e+00,2.74113153e-04,2.50491218e+00,3.82796588e+00
1.29100000e+04,6.33120897e+00,3.33450113e-04,2.50417673e+00,3.82669879e+00
1.29200000e+04,6.32944545e+00,7.64299030e-04,2.50342290e+00,3.82525826e+00
1.29300000e+04,6.32698168e+00,4.66945539e-04,2.50260258e+00,3.82391215e+00
1.29400000e+04,6.32471364e+00,3.36608023e-04,2.50179559e+00,3.82258144e+00
1.29500000e+04,6.32255019e+00,2.87298083e-04,2.50096988e+00,3.82129301e+00
1.29600000e+04,6.32044357e+00,2.76383511e-04,2.50013821e+00,3.82002897e+00
1.29700000e+04,6.31836786e+00,2.73429685e-04,2.49930128e+00,3.81879316e+00
1.29800000e+04,6.31631162e+00,2.73977585e-04,2.49845430e+00,3.81758334e+00
1.29900000e+04,6.31427123e+00,2.74608622e-04,2.49760076e+00,3.81639585e+00
1.30000000e+04,6.31224565e+00,2.75083289e-04,2.49674118e+00,3.81522938e+00
1.30100000e+04,6.31022368e+00,2.74927974e-04,2.49588178e+00,3.81406698e+00
1.30200000e+04,6.30820423e+00,2.74874569e-04,2.49502171e+00,3.81290765e+00
1.30300000e+04,6.30619452e+00,2.74805160e-04,2.49415898e+00,3.81176073e+00
1.30400000e+04,6.30419464e+00,2.74622642e-04,2.49329332e+00,3.81062669e+00
1.30500000e+04,6.30220358e+00,2.74441062e-04,2.49242467e+00,3.80950447e+00
1.30600000e+04,6.30022075e+00,2.74207633e-04,2.49155403e+00,3.80839251e+00
1.30700000e+04,6.29824536e+00,2.73924404e-04,2.49068216e+00,3.80728928e+00
1.30800000e+04,6.29627695e+00,2.73590787e-04,2.48980999e+00,3.80619338e+00
1.30900000e+04,6.29431527e+00,2.73207136e-04,2.48893830e+00,3.80510376e+00
1.31000000e+04,6.29236019e+00,2.72779019e-04,2.48806800e+00,3.80401942e+00
1.31100000e+04,6.29036351e+00,2.71309236e-04,2.48720320e+00,3.80288900e+00
1.31200000e+04,6.30000696e+00,2.70622701e-04,2.49120821e+00,3.80852812e+00
1.31300000e+04,6.30929999e+00,2.69494419e-04,2.49541494e+00,3.81361556e+00
1.31400000e+04,6.31275153e+00,2.68511738e-04,2.49716355e+00,3.81531947e+00
1.31500000e+04,6.31439833e+00,2.68221851e-04,2.49788944e+00,3.81624067e+00
1.31600000e+04,6.31671474e+00,2.66961869e-04,2.49812517e+00,3.81832261e+00
1.31700000e+04,6.31692903e+00,2.65934186e-04,2.49810453e+00,3.81855857e+00
1.31800000e+04,6.31638164e+00,2.65066893e-04,2.49789221e+00,3.81822436e+00
1.31900000e+04,6.31535771e+00,2.64218362e-04,2.49758069e+00,3.81751280e+00
1.32000000e+04,6.31410957e+00,2.63387893e-04,2.49720966e+00,3.81663653e+00
1.32100000e+04,6.31270725e+00,2.61614230e-04,2.49680642e+00,3.81563922e+00
1.32200000e+04,6.31118773e+00,2.60354605e-04,2.49637173e+00,3.81455565e+00
1.32300000e+04,6.30966088e+00,2.59149778e-04,2.49593022e+00,3.81347151e+00
1.32400000e+04,6.30816786e+00,2.57950066e-04,2.49548594e+00,3.81242396e+00
1.32500000e+04,6.30669447e+00,2.56891308e-04,2.49503603e+00,3.81140155e+00
1.32600000e+04,6.30524722e+00,2.55833359e-04,2.49458153e+00,3.81040986e+00
1.32700000e+04,6.30382721e+00,2.54812945e-04,2.49412375e+00,3.80944865e+00
1.32800000e+04,6.30243333e+00,2.53804647e-04,2.49366343e+00,3.80851609e+00
1.32900000e+04,6.30106297e+00,2.52802048e-04,2.49320075e+00,3.80760942e+00
1.33000000e+04,6.29971333e+00,2.51808589e-04,2.49273600e+00,3.80672552e+00
1.33100000e+04,6.29839485e+00,2.49981290e-04,2.49227961e+00,3.80586526e+00
1.33200000e+04,6.29710349e+00,2.48628439e-04,2.49183037e+00,3.80502449e+00
1.33300000e+04,6.29583258e+00,2.47319994e-04,2.49138292e+00,3.80420234e+00
1.33400000e+04,6.29457730e+00,2.46026719e-04,2.49093550e+00,3.80339577e+00
1.33500000e+04,6.29333497e+00,2.44872962e-04,2.49048750e+00,3.80260260e+00
1.33600000e+04,6.29210409e+00,2.43723654e-04,2.49003890e+00,3.80182146e+00
1.33700000e+04,6.29088376e+00,2.42615084e-04,2.48958993e+00,3.80105122e+00
1.33800000e+04,6.28967295e+00,2.41523681e-04,2.48914083e+00,3.80029060e+00
1.33900000e+04,6.28847102e+00,2.40443156e-04,2.48869180e+00,3.79953878e+00
1.34000000e+04,6.28727722e+00,2.39377026e-04,2.48824313e+00,3.79879472e+00
1.34100000e+04,6.28609409e+00,2.37568594e-04,2.48780191e+00,3.79805461e+00
1.34200000e+04,6.28492001e+00,2.36195193e-04,2.48736713e+00,3.79731668e+00
1.34300000e+04,6.28375489e+00,2.34857288e-04,2.48693468e+00,3.79658535e+00
1.34400000e+04,6.28259702e+00,2.33543774e-04,2.48650324e+00,3.79586023e+00
1.34500000e+04,6.28144517e+00,2.32362423e-04,2.48607225e+00,3.79514055e+00
1.34600000e+04,6.28029931e+00,2.31186805e-04,2.48564167e+00,3.79442645e+00
1.34700000e+04,6.27916477e+00,2.30052893e-04,2.48521236e+00,3.79372236e+00
1.34800000e+04,6.27829912e+00,2.29480226e-04,2.48494502e+00,3.79312462e+00
1.34900000e+04,6.27899396e+00,2.28402740e-04,2.48487853e+00,3.79388703e+00
1.35000000e+04,6.27913256e+00,2.26851814e-04,2.48442733e+00,3.79447838e+00
1.35100000e+04,6.27775802e+00,2.25022042e-04,2.48394845e+00,3.79358455e+00
1.35200000e+04,6.27549390e+00,2.23650219e-04,2.48341415e+00,3.79185610e+00
1.35300000e+04,6.27311519e+00,2.22340278e-04,2.48281618e+00,3.79007667e+00
1.35400000e+04,6.27078443e+00,2.21057255e-04,2.48217497e+00,3.78838840e+00
1.35500000e+04,6.26852640e+00,2.19911944e-04,2.48151942e+00,3.78678706e+00
1.35600000e+04,6.26641864e+00,2.19195137e-04,2.48086751e+00,3.78533194e+00
1.35700000e+04,6.26445416e+00,2.45314679e-04,2.48021894e+00,3.78398990e+00
1.35800000e+04,6.26253500e+00,2.19398969e-04,2.47959578e+00,3.78271982e+00
1.35900000e+04,6.26073918e+00,2.24174995e-04,2.47899167e+00,3.78152333e+00
1.36000000e+04,6.25896477e+00,2.17958546e-04,2.47841681e+00,3.78032999e+00
1.36100000e+04,6.25709481e+00,2.14094425e-04,2.47793633e+00,3.77894439e+00
1.36200000e+04,6.25524534e+00,2.13322064e-04,2.47747787e+00,3.77755414e+00
1.36300000e+04,6.25326463e+00,2.12855957e-04,2.47715253e+00,3.77589924e+00
1.36400000e+04,6.25203042e+00,2.11694811e-04,2.47668995e+00,3.77512877e+00
1.36500000e+04,6.25082183e+00,2.10727704e-04,2.47615751e+00,3.77445359e+00
1.36600000e+04,6.24946762e+00,2.09865227e-04,2.47559439e+00,3.77366336e+00
1.36700000e+04,6.24804794e+00,2.09007708e-04,2.47507465e+00,3.77276429e+00
1.36800000e+04,6.24670788e+00,2.08680829e-04,2.47458345e+00,3.77191575e+00
1.36900000e+04,6.24556721e+00,2.07294076e-04,2.47421438e+00,3.77114553e+00
1.37000000e+04,6.24435112e+00,2.06388762e-04,2.47381565e+00,3.77032909e+00
1.37100000e+04,6.24299394e+00,2.04957079e-04,2.47336484e+00,3.76942414e+00
1.37200000e+04,6.24160043e+00,2.03822416e-04,2.47294046e+00,3.76845615e+00
1.37300000e+04,6.24017708e+00,2.02722455e-04,2.47253097e+00,3.76744339e+00
1.37400000e+04,6.23875471e+00,2.01643968e-04,2.47212756e+00,3.76642550e+00
1.37500000e+04,6.23735681e+00,2.00665474e-04,2.47172249e+00,3.76543366e+00
1.37600000e+04,6.23598445e+00,1.99687913e-04,2.47131579e+00,3.76446897e+00
1.37700000e+04,6.23464508e+00,1.98742797e-04,2.47091234e+00,3.76353399e+00
1.37800000e+04,6.23332685e+00,1.97811279e-04,2.47050985e+00,3.76261919e+00
1.37900000e+04,6.23202257e+00,1.96891429e-04,2.47010755e+00,3.76171813e+00
1.38000000e+04,6.23060237e+00,1.96440903e-04,2.46968649e+00,3.76071944e+00
1.38100000e+04,6.22863027e+00,1.94656145e-04,2.46961506e+00,3.75882056e+00
1.38200000e+04,6.22648956e+00,1.93585243e-04,2.46951980e+00,3.75677617e+00
1.38300000e+04,6.22473287e+00,1.92464963e-04,2.46917482e+00,3.75536559e+00
1.38400000e+04,6.22323510e+00,1.91556835e-04,2.46878555e+00,3.75425799e+00
1.38500000e+04,6.22388599e+00,1.90521560e-04,2.46921552e+00,3.75447995e+00
1.38600000e+04,6.22395457e+00,1.89918371e-04,2.46932864e+00,3.75443601e+00
1.38700000e+04,6.22319865e+00,1.88762678e-04,2.46922174e+00,3.75378815e+00
1.38800000e+04,6.22210099e+00,1.87706079e-04,2.46896005e+00,3.75295324e+00
1.38900000e+04,6.22079292e+00,1.86805055e-04,2.46858318e+00,3.75202293e+00
1.39000000e+04,6.21941476e+00,1.85917952e-04,2.46817552e+00,3.75105332e+00
1.39100000e+04,6.21782364e+00,1.86516927e-04,2.46784452e+00,3.74979260e+00
1.39200000e+04,6.21634161e+00,3.76211403e-04,2.46754689e+00,3.74841850e+00
1.39300000e+04,6.21455493e+00,2.35732945e-04,2.46722282e+00,3.74709638e+00
1.39400000e+04,6.21295108e+00,1.97771147e-04,2.46684170e+00,3.74591160e+00
1.39500000e+04,6.21140435e+00,1.80794080e-04,2.46642913e+00,3.74479443e+00
1.39600000e+04,6.20999264e+00,1.81499462e-04,2.46602833e+00,3.74378281e+00
1.39700000e+04,6.20830114e+00,1.79838486e-04,2.46560110e+00,3.74252020e+00
1.39800000e+04,6.20705250e+00,1.78691967e-04,2.46510794e+00,3.74176587e+00
1.39900000e+04,6.20565293e+00,1.77502882e-04,2.46458704e+00,3.74088838e+00
1.40000000e+04,6.20423802e+00,1.76717005e-04,2.46409346e+00,3.73996785e+00
1.40100000e+04,6.20275829e+00,1.75633372e-04,2.46373284e+00,3.73884982e+00
1.40200000e+04,6.20223052e+00,1.74968637e-04,2.46393276e+00,3.73812279e+00
1.40300000e+04,6.20806786e+00,1.73906684e-04,2.46647733e+00,3.74141663e+00
1.40400000e+04,6.21094356e+00,1.73089016e-04,2.46800148e+00,3.74276899e+00
1.40500000e+04,6.21167812e+00,1.72255908e-04,2.46851299e+00,3.74299287e+00
1.40600000e+04,6.21117163e+00,1.73093251e-04,2.46856679e+00,3.74243175e+00
1.40700000e+04,6.21023951e+00,1.71017525e-04,2.46827510e+00,3.74179338e+00
1.40800000e+04,6.20916804e+00,1.70081838e-04,2.46787899e+00,3.74111898e+00
1.40900000e+04,6.20803531e+00,1.69236923e-04,2.46746119e+00,3.74040488e+00
1.41000000e+04,6.20693682e+00,1.68571332e-04,2.46710373e+00,3.73966451e+00
1.41100000e+04,6.20551887e+00,1.67536220e-04,2.46689095e+00,3.73846039e+00
1.41200000e+04,6.20399914e+00,1.66731812e-04,2.46686112e+00,3.73697128e+00
1.41300000e+04,6.20256560e+00,1.65943991e-04,2.46674464e+00,3.73565501e+00
1.41400000e+04,6.20125801e+00,1.65203322e-04,2.46653696e+00,3.73455585e+00
1.41500000e+04,6.20003228e+00,1.64528957e-04,2.46627540e+00,3.73359235e+00
1.41600000e+04,6.19884679e+00,1.63872107e-04,2.46599465e+00,3.73268827e+00
1.41700000e+04,6.19768902e+00,1.63330898e-04,2.46571666e+00,3.73180903e+00
1.41800000e+04,6.19656027e+00,1.68026884e-04,2.46543957e+00,3.73095267e+00
1.41900000e+04,6.19551552e+00,2.17072939e-04,2.46516530e+00,3.73013315e+00
1.42000000e+04,6.19424719e+00,1.64412586e-04,2.46491293e+00,3.72916984e+00
1.42100000e+04,6.19077438e+00,1.62882624e-04,2.46673368e+00,3.72387781e+00
1.42200000e+04,6.18814279e+00,1.62933854e-04,2.46903725e+00,3.71894261e+00
1.42300000e+04,6.18656371e+00,1.63524345e-04,2.46860042e+00,3.71779977e+00
1.42400000e+04,6.18577556e+00,1.64099757e-04,2.46707915e+00,3.71853231e+00
1.42500000e+04,6.18418740e+00,1.62369050e-04,2.46660303e+00,3.71742200e+00
1.42600000e+04,6.18264568e+00,1.62487237e-04,2.46678694e+00,3.71569626e+00
1.42700000e+04,6.18134566e+00,1.62534212e-04,2.46688299e+00,3.71430014e+00
1.42800000e+04,6.18030165e+00,1.62664765e-04,2.46674249e+00,3.71339650e+00
1.42900000e+04,6.17926485e+00,1.62656555e-04,2.46642661e+00,3.71267558e+00
1.43000000e+04,6.17834277e+00,1.62722685e-04,2.46616812e+00,3.71201193e+00
1.43100000e+04,6.17731772e+00,1.62487651e-04,2.46613061e+00,3.71102462e+00
1.43200000e+04,6.17637615e+00,1.62473217e-04,2.46601834e+00,3.71019534e+00
1.43300000e+04,6.17549630e+00,1.61894266e-04,2.46567494e+00,3.70965946e+00
1.43400000e+04,6.17484610e+00,1.61629112e-04,2.46538921e+00,3.70929527e+00
1.43500000e+04,6.17418847e+00,1.61523886e-04,2.46512849e+00,3.70889846e+00
1.43600000e+04,6.17349292e+00,1.63662126e-04,2.46497797e+00,3.70835129e+00
1.43700000e+04,6.17262058e+00,1.61794738e-04,2.46471213e+00,3.70774666e+00
1.43800000e+04,6.17194787e+00,1.60767199e-04,2.46433082e+00,3.70745629e+00
1.43900000e+04,6.17127753e+00,1.60561061e-04,2.46391779e+00,3.70719917e+00
1.44000000e+04,6.17066099e+00,1.60330407e-04,2.46361232e+00,3.70688833e+00
1.44100000e+04,6.16962331e+00,1.59837072e-04,2.46369356e+00,3.70576991e+00
1.44200000e+04,6.16832063e+00,1.59498195e-04,2.46375592e+00,3.70440521e+00
1.44300000e+04,6.16708321e+00,1.59123180e-04,2.46346991e+00,3.70345418e+00
1.44400000e+04,6.16580366e+00,1.58889182e-04,2.46288490e+00,3.70275987e+00
1.44500000e+04,6.16453724e+00,1.58268833e-04,2.46221257e+00,3.70216640e+00
1.44600000e+04,6.16330853e+00,1.57713493e-04,2.46149392e+00,3.70165690e+00
1.44700000e+04,6.16212384e+00,1.57251608e-04,2.46082339e+00,3.70114321e+00
1.44800000e+04,6.16086312e+00,1.56884998e-04,2.46014540e+00,3.70056084e+00
1.44900000e+04,6.15958179e+00,1.57334065e-04,2.45945076e+00,3.69997369e+00
1.45000000e+04,6.15811475e+00,1.55978092e-04,2.45856749e+00,3.69939128e+00
1.45100000e+04,6.15576529e+00,1.55524134e-04,2.45766048e+00,3.69794928e+00
1.45200000e+04,6.15289538e+00,1.55182133e-04,2.45660628e+00,3.69613391e+00
1.45300000e+04,6.15025501e+00,1.54150258e-04,2.45540677e+00,3.69469409e+00
1.45400000e+04,6.14760067e+00,1.53425450e-04,2.45413337e+00,3.69331387e+00
1.45500000e+04,6.14639299e+00,1.53754740e-04,2.45332933e+00,3.69290990e+00
1.45600000e+04,6.14546601e+00,1.80609068e-04,2.45266302e+00,3.69262238e+00
1.45700000e+04,6.14377881e+00,1.55235394e-04,2.45162820e+00,3.69199537e+00
1.45800000e+04,6.14173151e+00,1.57387331e-04,2.45045633e+00,3.69111780e+00
1.45900000e+04,6.13950542e+00,1.53902022e-04,2.44919062e+00,3.69016090e+00
1.46000000e+04,6.13741038e+00,1.50676347e-04,2.44797716e+00,3.68928255e+00
1.46100000e+04,6.13389802e+00,1.72584931e-04,2.44627336e+00,3.68745207e+00
1.46200000e+04,6.12949403e+00,2.83282966e-04,2.44433865e+00,3.68487210e+00
1.46300000e+04,6.12518250e+00,1.71356881e-04,2.44243119e+00,3.68257996e+00
1.46400000e+04,6.12148705e+00,1.59535953e-04,2.44040768e+00,3.68091983e+00
1.46500000e+04,6.11794129e+00,1.56527651e-04,2.43840257e+00,3.67938219e+00
1.46600000e+04,6.11438270e+00,1.55935023e-04,2.43649202e+00,3.67773474e+00
1.46700000e+04,6.11081786e+00,1.55133262e-04,2.43461078e+00,3.67605195e+00
1.46800000e+04,6.10726785e+00,1.55320269e-04,2.43271271e+00,3.67439982e+00
1.46900000e+04,6.10387510e+00,1.56359855e-04,2.43081797e+00,3.67290076e+00
1.47000000e+04,6.10081436e+00,1.55940845e-04,2.42907956e+00,3.67157886e+00
1.47100000e+04,6.09671206e+00,1.56732595e-04,2.42682059e+00,3.66973474e+00
1.47200000e+04,6.09197803e+00,1.58273022e-04,2.42449734e+00,3.66732242e+00
1.47300000e+04,6.08730272e+00,1.59444508e-04,2.42235497e+00,3.66478831e+00
1.47400000e+04,6.08286821e+00,1.61039908e-04,2.42015602e+00,3.66255115e+00
1.47500000e+04,6.07902618e+00,1.62122406e-04,2.41795162e+00,3.66091244e+00
1.47600000e+04,6.07554726e+00,1.61030858e-04,2.41608448e+00,3.65930175e+00
1.47700000e+04,6.07201790e+00,1.61265719e-04,2.41431448e+00,3.65754215e+00
1.47800000e+04,6.06846248e+00,1.61801051e-04,2.41260596e+00,3.65569472e+00
1.47900000e+04,6.06495914e+00,1.62202050e-04,2.41097969e+00,3.65381724e+00
1.48000000e+04,6.06148495e+00,1.62493892e-04,2.40933299e+00,3.65198947e+00
1.48100000e+04,6.05800162e+00,1.68430578e-04,2.40759798e+00,3.65023521e+00
1.48200000e+04,6.05506447e+00,1.64374642e-04,2.40583538e+00,3.64906471e+00
1.48300000e+04,6.05218403e+00,1.63237780e-04,2.40454759e+00,3.64747320e+00
1.48400000e+04,6.04921666e+00,1.63104080e-04,2.40327655e+00,3.64577701e+00
1.48500000e+04,6.04628950e+00,1.63439572e-04,2.40212335e+00,3.64400272e+00
1.48600000e+04,6.04345398e+00,1.63442766e-04,2.40102464e+00,3.64226590e+00
1.48700000e+04,6.04069029e+00,1.63411643e-04,2.39993888e+00,3.64058800e+00
1.48800000e+04,6.03797563e+00,1.63319146e-04,2.39889891e+00,3.63891339e+00
1.48900000e+04,6.03633370e+00,1.63409371e-04,2.39818538e+00,3.63798492e+00
1.49000000e+04,6.03516353e+00,1.69500310e-04,2.39763001e+00,3.63736402e+00
1.49100000e+04,6.02837486e+00,1.77422938e-04,2.39485304e+00,3.63334439e+00
1.49200000e+04,6.02050188e+00,1.92742409e-04,2.39301899e+00,3.62729015e+00
1.49300000e+04,6.01555010e+00,1.98188078e-04,2.39177417e+00,3.62357774e+00
1.49400000e+04,6.01240930e+00,1.99259743e-04,2.39032854e+00,3.62188149e+00
1.49500000e+04,6.00974615e+00,1.95772051e-04,2.38899422e+00,3.62055616e+00
1.49600000e+04,6.00682195e+00,1.95547361e-04,2.38799235e+00,3.61863405e+00
1.49700000e+04,6.00410677e+00,1.95151429e-04,2.38698512e+00,3.61692650e+00
1.49800000e+04,6.00159049e+00,1.96250391e-04,2.38604906e+00,3.61534518e+00
1.49900000e+04,5.99923086e+00,1.96225205e-04,2.38513368e+00,3.61390096e+00
1.50000000e+04,5.99704718e+00,2.01272717e-04,2.38424459e+00,3.61260132e+00
1.50100000e+04,5.99299761e+00,2.09687375e-04,2.38312544e+00,3.60966249e+00
1.50200000e+04,5.98929989e+00,2.16556714e-04,2.38193617e+00,3.60714717e+00
1.50300000e+04,5.98640648e+00,2.25290718e-04,2.38076939e+00,3.60541180e+00
1.50400000e+04,5.98437347e+00,2.20935397e-04,2.37948677e+00,3.60466576e+00
1.50500000e+04,5.98224402e+00,2.21060043e-04,2.37839342e+00,3.60362954e+00
1.50600000e+04,5.98020087e+00,2.21303114e-04,2.37732676e+00,3.60265281e+00
1.50700000e+04,5.97826929e+00,2.21622190e-04,2.37627213e+00,3.60177554e+00
1.50800000e+04,5.97626140e+00,2.23059703e-04,2.37526741e+00,3.60077093e+00
1.50900000e+04,5.97427908e+00,2.44837092e-04,2.37427963e+00,3.59975461e+00
1.51000000e+04,5.97289454e+00,2.22857489e-04,2.37329890e+00,3.59937278e+00
1.51100000e+04,5.97096759e+00,2.56547129e-04,2.37231083e+00,3.59840021e+00
1.51200000e+04,5.96866348e+00,2.39576997e-04,2.37136131e+00,3.59706259e+00
1.51300000e+04,5.96668351e+00,2.30768648e-04,2.37037237e+00,3.59608036e+00
1.51400000e+04,5.96476326e+00,2.30269537e-04,2.36933917e+00,3.59519382e+00
1.51500000e+04,5.96260018e+00,2.28747359e-04,2.36831532e+00,3.59405611e+00
1.51600000e+04,5.96064502e+00,2.26743673e-04,2.36731438e+00,3.59310390e+00
1.51700000e+04,5.95872594e+00,2.28583162e-04,2.36630026e+00,3.59219710e+00
1.51800000e+04,5.95647335e+00,2.28331300e-04,2.36523935e+00,3.59100566e+00
1.51900000e+04,5.95463877e+00,2.25748062e-04,2.36422596e+00,3.59018707e+00
1.52000000e+04,5.95228790e+00,2.26011689e-04,2.36316986e+00,3.58889202e+00
1.52100000e+04,5.94940691e+00,2.29458295e-04,2.36184322e+00,3.58733423e+00
1.52200000e+04,5.94650523e+00,2.30684659e-04,2.36052127e+00,3.58575328e+00
1.52300000e+04,5.94389853e+00,2.32362471e-04,2.35914992e+00,3.58451625e+00
1.52400000e+04,5.94117540e+00,2.33758275e-04,2.35777020e+00,3.58317145e+00
1.52500000e+04,5.93838955e+00,2.34699174e-04,2.35633735e+00,3.58181750e+00
1.52600000e+04,5.93543832e+00,2.36513051e-04,2.35481118e+00,3.58039063e+00
1.52700000e+04,5.93257507e+00,2.37028541e-04,2.35324110e+00,3.57909695e+00
1.52800000e+04,5.92959550e+00,2.39719188e-04,2.35159964e+00,3.57775614e+00
1.52900000e+04,5.92631892e+00,2.42143920e-04,2.34985874e+00,3.57621803e+00
1.53000000e+04,5.92339407e+00,2.83754524e-04,2.34818572e+00,3.57492460e+00
1.53100000e+04,5.91922227e+00,2.53189647e-04,2.34614720e+00,3.57282188e+00
1.53200000e+04,5.91474268e+00,2.66007560e-04,2.34399267e+00,3.57048400e+00
1.53300000e+04,5.91005053e+00,2.71396551e-04,2.34163393e+00,3.56814521e+00
1.53400000e+04,5.90522081e+00,2.82080784e-04,2.33912623e+00,3.56581250e+00
1.53500000e+04,5.90074474e+00,2.76485976e-04,2.33665891e+00,3.56380935e+00
1.53600000e+04,5.89534558e+00,2.80427951e-04,2.33396898e+00,3.56109618e+00
1.53700000e+04,5.88983709e+00,2.85229214e-04,2.33115678e+00,3.55839508e+00
1.53800000e+04,5.88382817e+00,2.88050559e-04,2.32815919e+00,3.55538094e+00
1.53900000e+04,5.87727899e+00,2.90605267e-04,2.32500454e+00,3.55198385e+00
1.54000000e+04,5.87025140e+00,2.95808272e-04,2.32166456e+00,3.54829104e+00
1.54100000e+04,5.86326484e+00,3.43867234e-04,2.31816287e+00,3.54475810e+00
1.54200000e+04,5.85538228e+00,3.11969209e-04,2.31484521e+00,3.54022511e+00
1.54300000e+04,5.84794536e+00,3.24975261e-04,2.31183327e+00,3.53578711e+00
1.54400000e+04,5.84100612e+00,3.27258798e-04,2.30884601e+00,3.53183285e+00
1.54500000e+04,5.83366929e+00,3.35463404e-04,2.30575448e+00,3.52757934e+00
1.54600000e+04,5.82674114e+00,3.41804170e-04,2.30283113e+00,3.52356821e+00
1.54700000e+04,5.81989669e+00,3.47938035e-04,2.30000026e+00,3.51954849e+00
1.54800000e+04,5.81329380e+00,3.52446064e-04,2.29731443e+00,3.51562693e+00
1.54900000e+04,5.80689972e+00,3.59846282e-04,2.29477635e+00,3.51176353e+00
1.55000000e+04,5.80063539e+00,4.02294214e-04,2.29236158e+00,3.50787152e+00
1.55100000e+04,5.79083136e+00,5.80860194e-04,2.28871627e+00,3.50153423e+00
1.55200000e+04,5.78080906e+00,4.63641122e-04,2.28533376e+00,3.49501167e+00
1.55300000e+04,5.77319347e+00,4.69289986e-04,2.28255823e+00,3.49016595e+00
1.55400000e+04,5.76670153e+00,4.76619310e-04,2.28024964e+00,3.48597528e+00
1.55500000e+04,5.76170065e+00,4.61677061e-04,2.27838019e+00,3.48285878e+00
1.55600000e+04,5.75683188e+00,4.46701622e-04,2.27677994e+00,3.47960524e+00
1.55700000e+04,5.75240684e+00,4.45693234e-04,2.27537328e+00,3.47658787e+00
1.55800000e+04,5.74864901e+00,4.32652415e-04,2.27415460e+00,3.47406175e+00
1.55900000e+04,5.74491090e+00,4.29936857e-04,2.27306783e+00,3.47141313e+00
1.56000000e+04,5.74171589e+00,4.22552644e-04,2.27210356e+00,3.46918978e+00
1.56100000e+04,5.73845252e+00,4.18734057e-04,2.27117793e+00,3.46685585e+00
1.56200000e+04,5.73555495e+00,4.13727333e-04,2.27033147e+00,3.46480976e+00
1.56300000e+04,5.73306900e+00,4.28934756e-04,2.26956376e+00,3.46307631e+00
1.56400000e+04,5.73059615e+00,4.04869299e-04,2.26888886e+00,3.46130242e+00
1.56500000e+04,5.72833031e+00,4.03278580e-04,2.26826953e+00,3.45965750e+00
1.56600000e+04,5.72624496e+00,3.96421708e-04,2.26767000e+00,3.45817853e+00
1.56700000e+04,5.72424355e+00,3.93217202e-04,2.26709358e+00,3.45675676e+00
1.56800000e+04,5.72225381e+00,3.90083435e-04,2.26654415e+00,3.45531958e+00
1.56900000e+04,5.72040708e+00,3.86293583e-04,2.26600575e+00,3.45401504e+00
1.57000000e+04,5.71862757e+00,3.83397294e-04,2.26548030e+00,3.45276386e+00
1.57100000e+04,5.71687810e+00,3.79888387e-04,2.26496440e+00,3.45153381e+00
1.57200000e+04,5.71522345e+00,3.76468645e-04,2.26446095e+00,3.45038603e+00
1.57300000e+04,5.71357915e+00,3.73476750e-04,2.26397760e+00,3.44922808e+00
1.57400000e+04,5.71200092e+00,3.70555794e-04,2.26350169e+00,3.44812868e+00
1.57500000e+04,5.71061597e+00,3.84878051e-04,2.26302245e+00,3.44720864e+00
1.57600000e+04,5.70926064e+00,3.64271690e-04,2.26259133e+00,3.44630504e+00
1.57700000e+04,5.70792177e+00,3.60678818e-04,2.26218730e+00,3.44537379e+00
1.57800000e+04,5.70657937e+00,3.59175947e-04,2.26179254e+00,3.44442766e+00
1.57900000e+04,5.70524618e+00,3.56827556e-04,2.26140309e+00,3.44348627e+00
1.58000000e+04,5.70393999e+00,3.54353524e-04,2.26102126e+00,3.44256437e+00
1.58100000e+04,5.70241809e+00,3.52854849e-04,2.26062115e+00,3.44144408e+00
1.58200000e+04,5.70126626e+00,3.48244267e-04,2.26034233e+00,3.44057569e+00
1.58300000e+04,5.69994218e+00,3.45481434e-04,2.26001425e+00,3.43958244e+00
1.58400000e+04,5.69866117e+00,3.42840864e-04,2.25970203e+00,3.43861630e+00
1.58500000e+04,5.69731075e+00,3.40215365e-04,2.25938571e+00,3.43758483e+00
1.58600000e+04,5.69601455e+00,3.37638763e-04,2.25908246e+00,3.43659446e+00
1.58700000e+04,5.69471692e+00,3.35078588e-04,2.25876810e+00,3.43561375e+00
1.58800000e+04,5.69344751e+00,3.32533699e-04,2.25845122e+00,3.43466376e+00
1.58900000e+04,5.69218235e+00,3.30004457e-04,2.25812316e+00,3.43372919e+00
1.59000000e+04,5.69094039e+00,3.27479035e-04,2.25779171e+00,3.43282119e+00
1.59100000e+04,5.68981171e+00,3.23809023e-04,2.25745726e+00,3.43203064e+00
1.59200000e+04,5.68866482e+00,3.20634973e-04,2.25713174e+00,3.43121244e+00
1.59300000e+04,5.68749221e+00,3.27579467e-04,2.25681722e+00,3.43034741e+00
1.59400000e+04,5.68666780e+00,3.28687701e-04,2.25646741e+00,3.42987170e+00
1.59500000e+04,5.68552316e+00,3.17304008e-04,2.25617017e+00,3.42903568e+00
1.59600000e+04,5.68438276e+00,3.12457417e-04,2.25587810e+00,3.42819220e+00
1.59700000e+04,5.68329862e+00,3.08164303e-04,2.25557495e+00,3.42741551e+00
1.59800000e+04,5.68221181e+00,3.06124781e-04,2.25527067e+00,3.42663502e+00
1.59900000e+04,5.68115742e+00,3.03956731e-04,2.25496109e+00,3.42589237e+00
1.60000000e+04,5.68012063e+00,3.01779085e-04,2.25464685e+00,3.42517200e+00
1.60100000e+04,5.67920404e+00,2.98621311e-04,2.25433374e+00,3.42457168e+00
1.60200000e+04,5.67828116e+00,2.95700989e-04,2.25403000e+00,3.42395545e+00
1.60300000e+04,5.67733020e+00,2.93203243e-04,2.25373155e+00,3.42330544e+00
1.60400000e+04,5.67636593e+00,2.90997721e-04,2.25343151e+00,3.42264342e+00
1.60500000e+04,5.67539469e+00,2.88948031e-04,2.25312880e+00,3.42197695e+00
1.60600000e+04,5.67442312e+00,2.86988796e-04,2.25282345e+00,3.42131268e+00
1.60700000e+04,5.67345668e+00,2.85655100e-04,2.25251437e+00,3.42065665e+00
1.60800000e+04,5.67251465e+00,3.00967306e-04,2.25220082e+00,3.42001286e+00
1.60900000e+04,5.67165779e+00,3.11942890e-04,2.25186695e+00,3.41947890e+00
1.61000000e+04,5.67082928e+00,2.81136565e-04,2.25155671e+00,3.41899144e+00
1.61100000e+04,5.66997572e+00,3.08725312e-04,2.25126079e+00,3.41840620e+00
1.61200000e+04,5.66904640e+00,3.26563868e-04,2.25098684e+00,3.41773300e+00
1.61300000e+04,5.66810254e+00,2.88939985e-04,2.25070128e+00,3.41711232e+00
1.61400000e+04,5.66722262e+00,2.81239177e-04,2.25041159e+00,3.41652979e+00
1.61500000e+04,5.66634198e+00,2.77833297e-04,2.25011920e+00,3.41594495e+00
1.61600000e+04,5.66546468e+00,2.76579267e-04,2.24982279e+00,3.41536531e+00
1.61700000e+04,5.66459230e+00,2.75673348e-04,2.24952184e+00,3.41479479e+00
1.61800000e+04,5.66372084e+00,2.74629544e-04,2.24921713e+00,3.41422908e+00
1.61900000e+04,5.66284979e+00,2.73546503e-04,2.24890878e+00,3.41366746e+00
1.62000000e+04,5.66197919e+00,2.72487773e-04,2.24859720e+00,3.41310950e+00
1.62100000e+04,5.66119474e+00,2.70455909e-04,2.24829282e+00,3.41263146e+00
1.62200000e+04,5.66040115e+00,2.68566853e-04,2.24800075e+00,3.41213183e+00
1.62300000e+04,5.65957953e+00,2.67005971e-04,2.24771197e+00,3.41160055e+00
1.62400000e+04,5.65874511e+00,2.65657522e-04,2.24741898e+00,3.41106047e+00
1.62500000e+04,5.65790086e+00,2.64433716e-04,2.24712198e+00,3.41051445e+00
1.62600000e+04,5.65705159e+00,2.63279594e-04,2.24682050e+00,3.40996781e+00
1.62700000e+04,5.65620201e+00,2.62148800e-04,2.24651432e+00,3.40942554e+00
1.62800000e+04,5.65535331e+00,2.61036421e-04,2.24620365e+00,3.40888862e+00
1.62900000e+04,5.65450351e+00,2.59951370e-04,2.24588902e+00,3.40835455e+00
1.63000000e+04,5.65365298e+00,2.58889592e-04,2.24557070e+00,3.40782338e+00
1.63100000e+04,5.65288014e+00,2.56966510e-04,2.24526062e+00,3.40736254e+00
1.63200000e+04,5.65209842e+00,2.55252210e-04,2.24496499e+00,3.40687817e+00
1.63300000e+04,5.65132921e+00,2.66564943e-04,2.24468749e+00,3.40637516e+00
1.63400000e+04,5.65069476e+00,2.59627490e-04,2.24435794e+00,3.40607719e+00
1.63500000e+04,5.64985834e+00,2.52611750e-04,2.24408876e+00,3.40551697e+00
1.63600000e+04,5.64901382e+00,2.50407435e-04,2.24380621e+00,3.40495720e+00
1.63700000e+04,5.64822538e+00,2.49658269e-04,2.24351059e+00,3.40446513e+00
1.63800000e+04,5.64744615e+00,2.48527020e-04,2.24320841e+00,3.40398922e+00
1.63900000e+04,5.64666537e+00,2.47675913e-04,2.24290420e+00,3.40351350e+00
1.64000000e+04,5.64588626e+00,2.46814080e-04,2.24259959e+00,3.40303986e+00
1.64100000e+04,5.64518225e+00,2.45088005e-04,2.24230496e+00,3.40263220e+00
1.64200000e+04,5.64446291e+00,2.43451395e-04,2.24202404e+00,3.40219543e+00
1.64300000e+04,5.64370814e+00,2.42156277e-04,2.24174658e+00,3.40171941e+00
1.64400000e+04,5.64293974e+00,2.41066038e-04,2.24146374e+00,3.40123494e+00
1.64500000e+04,5.64215939e+00,2.40105635e-04,2.24117496e+00,3.40074432e+00
1.64600000e+04,5.64137218e+00,2.39235297e-04,2.24088115e+00,3.40025179e+00
1.64700000e+04,5.64058299e+00,2.38401355e-04,2.24058134e+00,3.39976325e+00
1.64800000e+04,5.63979365e+00,2.37604804e-04,2.24027661e+00,3.39927943e+00
1.64900000e+04,5.63900096e+00,2.38505602e-04,2.23997173e+00,3.39879072e+00
1.65000000e+04,5.63828682e+00,2.36316994e-04,2.23965124e+00,3.39839927e+00
1.65100000e+04,5.63719398e+00,2.39359160e-04,2.23933710e+00,3.39761751e+00
1.65200000e+04,5.63609018e+00,2.40095441e-04,2.23901034e+00,3.39683975e+00
1.65300000e+04,5.63508626e+00,2.41641457e-04,2.23865826e+00,3.39618636e+00
1.65400000e+04,5.63421058e+00,2.42723265e-04,2.23833799e+00,3.39562987e+00
1.65500000e+04,5.63336715e+00,2.52662310e-04,2.23797789e+00,3.39513660e+00
1.65600000e+04,5.63254035e+00,2.43512688e-04,2.23762929e+00,3.39466754e+00
1.65700000e+04,5.63172956e+00,2.43798101e-04,2.23728107e+00,3.39420469e+00
1.65800000e+04,5.63090861e+00,2.42809781e-04,2.23692979e+00,3.39373601e+00
1.65900000e+04,5.63008923e+00,2.42228303e-04,2.23657680e+00,3.39327020e+00
1.66000000e+04,5.62927056e+00,2.41880996e-04,2.23622376e+00,3.39280492e+00
1.66100000e+04,5.62851526e+00,2.50220111e-04,2.23588810e+00,3.39237695e+00
1.66200000e+04,5.62786478e+00,3.00904437e-04,2.23558617e+00,3.39197770e+00
1.66300000e+04,5.62696580e+00,2.67342983e-04,2.23524563e+00,3.39145283e+00
1.66400000e+04,5.62611735e+00,2.47443962e-04,2.23492504e+00,3.39094487e+00
1.66500000e+04,5.62528293e+00,2.39960620e-04,2.23460598e+00,3.39043699e+00
1.66600000e+04,5.62448015e+00,2.42383343e-04,2.23427892e+00,3.38995885e+00
1.66700000e+04,5.62368298e+00,2.42748582e-04,2.23396837e+00,3.38947186e+00
1.66800000e+04,5.62290153e+00,2.38294870e-04,2.23364207e+00,3.38902117e+00
1.66900000e+04,5.62209055e+00,2.38260426e-04,2.23332584e+00,3.38852645e+00
1.67000000e+04,5.62129529e+00,2.37712435e-04,2.23300541e+00,3.38805216e+00
1.67100000e+04,5.62041535e+00,2.39398384e-04,2.23268724e+00,3.38748871e+00
1.67200000e+04,5.61958596e+00,2.38147555e-04,2.23236240e+00,3.38698541e+00
1.67300000e+04,5.61871834e+00,2.38049789e-04,2.23204016e+00,3.38644013e+00
1.67400000e+04,5.61787098e+00,2.38206792e-04,2.23171135e+00,3.38592142e+00
1.67500000e+04,5.61704148e+00,2.38006726e-04,2.23137715e+00,3.38542633e+00
1.67600000e+04,5.61620880e+00,2.37954772e-04,2.23103926e+00,3.38493158e+00
1.67700000e+04,5.61536802e+00,2.39312522e-04,2.23070911e+00,3.38441960e+00
1.67800000e+04,5.61459199e+00,2.37900957e-04,2.23035323e+00,3.38400085e+00
1.67900000e+04,5.61384156e+00,2.37452921e-04,2.22998787e+00,3.38361624e+00
1.68000000e+04,5.61308446e+00,2.37372763e-04,2.22963916e+00,3.38320793e+00
1.68100000e+04,5.61238746e+00,2.43393214e-04,2.22930841e+00,3.38283565e+00
1.68200000e+04,5.61083808e+00,2.37879087e-04,2.22882280e+00,3.38177741e+00
1.68300000e+04,5.60998054e+00,2.35438468e-04,2.22852886e+00,3.38121624e+00
1.68400000e+04,5.60868995e+00,2.34873427e-04,2.22822684e+00,3.38022823e+00
1.68500000e+04,5.60753908e+00,2.34502023e-04,2.22793009e+00,3.37937449e+00
1.68600000e+04,5.60632996e+00,2.34303046e-04,2.22763029e+00,3.37846537e+00
1.68700000e+04,5.60513231e+00,2.34181261e-04,2.22729581e+00,3.37760231e+00
1.68800000e+04,5.60400348e+00,2.37508601e-04,2.22695963e+00,3.37680635e+00
1.68900000e+04,5.60278763e+00,2.36271718e-04,2.22661543e+00,3.37593592e+00
1.69000000e+04,5.60169734e+00,2.34452330e-04,2.22626403e+00,3.37519886e+00
1.69100000e+04,5.60036333e+00,2.67720925e-04,2.22590754e+00,3.37418807e+00
1.69200000e+04,5.59917252e+00,2.60682228e-04,2.22550968e+00,3.37340216e+00
1.69300000e+04,5.59800530e+00,2.49553868e-04,2.22513676e+00,3.37261898e+00
1.69400000e+04,5.59685456e+00,2.44008254e-04,2.22476708e+00,3.37184347e+00
1.69500000e+04,5.59573116e+00,2.42194151e-04,2.22439218e+00,3.37109679e+00
1.69600000e+04,5.59462260e+00,2.42063790e-04,2.22401039e+00,3.37037014e+00
1.69700000e+04,5.59352737e+00,2.42480008e-04,2.22362706e+00,3.36965783e+00
1.69800000e+04,5.59246463e+00,2.42824923e-04,2.22323573e+00,3.36898607e+00
1.69900000e+04,5.59140553e+00,2.43194207e-04,2.22284482e+00,3.36831751e+00
1.70000000e+04,5.59035197e+00,2.43561384e-04,2.22245169e+00,3.36765672e+00
1.70100000e+04,5.58935913e+00,2.43315893e-04,2.22207443e+00,3.36704138e+00
1.70200000e+04,5.58837319e+00,2.43097894e-04,2.22171342e+00,3.36641668e+00
1.70300000e+04,5.58737988e+00,2.43051712e-04,2.22135134e+00,3.36578549e+00
1.70400000e+04,5.58638469e+00,2.43102462e-04,2.22098437e+00,3.36515722e+00
1.70500000e+04,5.58539189e+00,2.43203157e-04,2.22061495e+00,3.36453374e+00
1.70600000e+04,5.58440181e+00,2.43327138e-04,2.22024470e+00,3.36391379e+00
1.70700000e+04,5.58341892e+00,2.43443718e-04,2.21987551e+00,3.36329997e+00
1.70800000e+04,5.58245178e+00,2.43587257e-04,2.21951028e+00,3.36269791e+00
1.70900000e+04,5.58149990e+00,2.43624051e-04,2.21913097e+00,3.36212531e+00
1.71000000e+04,5.58060995e+00,2.44759187e-04,2.21885514e+00,3.36151006e+00
1.71100000e+04,5.57856161e+00,2.50177485e-04,2.21817822e+00,3.36013321e+00
1.71200000e+04,5.57639266e+00,2.51595702e-04,2.21765212e+00,3.35848894e+00
1.71300000e+04,5.57475076e+00,2.44898656e-04,2.21722420e+00,3.35728166e+00
1.71400000e+04,5.57284208e+00,2.43448008e-04,2.21673512e+00,3.35586351e+00
1.71500000e+04,5.57105416e+00,2.44064942e-04,2.21641644e+00,3.35439366e+00
1.71600000e+04,5.56937320e+00,2.43860649e-04,2.21618976e+00,3.35293958e+00
1.71700000e+04,5.56769559e+00,2.44015269e-04,2.21593873e+00,3.35151284e+00
1.71800000e+04,5.56610187e+00,2.44171131e-04,2.21566382e+00,3.35019388e+00
1.71900000e+04,5.56455956e+00,2.44321077e-04,2.21536652e+00,3.34894872e+00
1.72000000e+04,5.56308965e+00,2.44434516e-04,2.21509549e+00,3.34774972e+00
1.72100000e+04,5.56176366e+00,2.43844291e-04,2.21483823e+00,3.34668159e+00
1.72200000e+04,5.56051188e+00,2.43310545e-04,2.21460222e+00,3.34566635e+00
1.72300000e+04,5.55929681e+00,2.43012719e-04,2.21437016e+00,3.34468363e+00
1.72400000e+04,5.55812692e+00,2.42817879e-04,2.21414074e+00,3.34374336e+00
1.72500000e+04,5.55699973e+00,2.42686900e-04,2.21392028e+00,3.34283676e+00
1.72600000e+04,5.55591601e+00,2.42599431e-04,2.21371333e+00,3.34196008e+00
1.72700000e+04,5.55487997e+00,2.42523066e-04,2.21351959e+00,3.34111785e+00
1.72800000e+04,5.55389040e+00,2.43024655e-04,2.21333698e+00,3.34031039e+00
1.72900000e+04,5.55295556e+00,2.54993309e-04,2.21316552e+00,3.33953505e+00
1.73000000e+04,5.55204018e+00,2.46149489e-04,2.21300402e+00,3.33879001e+00
1.73100000e+04,5.55130897e+00,3.01761872e-04,2.21287453e+00,3.33813268e+00
1.73200000e+04,5.55050307e+00,2.51534634e-04,2.21276261e+00,3.33748893e+00
1.73300000e+04,5.54976079e+00,2.48504590e-04,2.21264632e+00,3.33686597e+00
1.73400000e+04,5.54904048e+00,2.44608664e-04,2.21252864e+00,3.33626723e+00
1.73500000e+04,5.54834169e+00,2.41615984e-04,2.21241576e+00,3.33568431e+00
1.73600000e+04,5.54766849e+00,2.42065894e-04,2.21231124e+00,3.33511518e+00
1.73700000e+04,5.54702063e+00,2.41344359e-04,2.21221269e+00,3.33456660e+00
1.73800000e+04,5.54639880e+00,2.41251928e-04,2.21211865e+00,3.33403890e+00
1.73900000e+04,5.54580000e+00,2.41115065e-04,2.21202886e+00,3.33353002e+00
1.74000000e+04,5.54522394e+00,2.40972601e-04,2.21194318e+00,3.33303978e+00
1.74100000e+04,5.54474508e+00,2.40139103e-04,2.21187856e+00,3.33262638e+00
1.74200000e+04,5.54428182e+00,2.40383494e-04,2.21181898e+00,3.33222245e+00
1.74300000e+04,5.54386537e+00,2.41943689e-04,2.21174874e+00,3.33187469e+00
1.74400000e+04,5.54342828e+00,2.41436438e-04,2.21168028e+00,3.33150656e+00
1.74500000e+04,5.54296337e+00,2.38206940e-04,2.21162097e+00,3.33110419e+00
1.74600000e+04,5.54251896e+00,2.37472767e-04,2.21156381e+00,3.33071768e+00
1.74700000e+04,5.54209414e+00,2.37274210e-04,2.21150601e+00,3.33035085e+00
1.74800000e+04,5.54168207e+00,2.36948284e-04,2.21144725e+00,3.32999787e+00
1.74900000e+04,5.54128520e+00,2.36581746e-04,2.21138824e+00,3.32966038e+00
1.75000000e+04,5.54090171e+00,2.36245941e-04,2.21132998e+00,3.32933548e+00
1.75100000e+04,5.54058742e+00,2.35369922e-04,2.21128481e+00,3.32906724e+00
1.75200000e+04,5.54027872e+00,2.34551316e-04,2.21124103e+00,3.32880314e+00
1.75300000e+04,5.53996105e+00,2.33915254e-04,2.21118748e+00,3.32853965e+00
1.75400000e+04,5.53964521e+00,2.33342807e-04,2.21112957e+00,3.32828230e+00
1.75500000e+04,5.53933043e+00,2.32825597e-04,2.21107260e+00,3.32802500e+00
1.75600000e+04,5.53901643e+00,2.32354955e-04,2.21101678e+00,3.32776729e+00
1.75700000e+04,5.53870815e+00,2.31890722e-04,2.21096080e+00,3.32751547e+00
1.75800000e+04,5.53840593e+00,2.31423197e-04,2.21090418e+00,3.32727033e+00
1.75900000e+04,5.53810886e+00,2.30958648e-04,2.21084725e+00,3.32703065e+00
1.76000000e+04,5.53781712e+00,2.30491463e-04,2.21079011e+00,3.32679652e+00
1.76100000e+04,5.53759632e+00,2.29426205e-04,2.21074390e+00,3.32662299e+00
1.76200000e+04,5.53737231e+00,2.28425426e-04,2.21069827e+00,3.32644562e+00
1.76300000e+04,5.53712947e+00,2.27649597e-04,2.21064380e+00,3.32625802e+00
1.76400000e+04,5.53688214e+00,2.26947450e-04,2.21058328e+00,3.32607191e+00
1.76500000e+04,5.53664888e+00,2.26308129e-04,2.21051347e+00,3.32590910e+00
1.76600000e+04,5.53642056e+00,2.25729419e-04,2.21043623e+00,3.32575860e+00
1.76700000e+04,5.53618205e+00,2.25148641e-04,2.21037170e+00,3.32558520e+00
1.76800000e+04,5.53593720e+00,2.24576709e-04,2.21031143e+00,3.32540119e+00
1.76900000e+04,5.53569083e+00,2.24014957e-04,2.21025223e+00,3.32521459e+00
1.77000000e+04,5.53544578e+00,2.23464680e-04,2.21019338e+00,3.32502894e+00
1.77100000e+04,5.53524401e+00,2.22540993e-04,2.21014508e+00,3.32487639e+00
1.77200000e+04,5.53503630e+00,2.21686262e-04,2.21009591e+00,3.32471870e+00
1.77300000e+04,5.53481679e+00,2.20971177e-04,2.21004042e+00,3.32455540e+00
1.77400000e+04,5.53459301e+00,2.20355226e-04,2.20998204e+00,3.32439062e+00
1.77500000e+04,5.53435078e+00,2.21469019e-04,2.20992535e+00,3.32420396e+00
1.77600000e+04,5.53417477e+00,2.19523846e-04,2.20986695e+00,3.32408829e+00
1.77700000e+04,5.53392424e+00,2.18849464e-04,2.20981185e+00,3.32389355e+00
1.77800000e+04,5.53372051e+00,2.17959893e-04,2.20975515e+00,3.32374740e+00
1.77900000e+04,5.53349663e+00,2.18027578e-04,2.20970115e+00,3.32357746e+00
1.78000000e+04,5.53328578e+00,2.20813677e-04,2.20964898e+00,3.32341599e+00
1.78100000e+04,5.53288957e+00,2.19608737e-04,2.20958582e+00,3.32308414e+00
1.78200000e+04,5.53251363e+00,2.20323830e-04,2.20951453e+00,3.32277877e+00
1.78300000e+04,5.53221497e+00,2.20784774e-04,2.20943776e+00,3.32255643e+00
1.78400000e+04,5.53194103e+00,2.21405584e-04,2.20935790e+00,3.32236172e+00
1.78500000e+04,5.53169995e+00,2.26480977e-04,2.20927879e+00,3.32219468e+00
1.78600000e+04,5.53146742e+00,2.21260188e-04,2.20920018e+00,3.32204599e+00
1.78700000e+04,5.53123981e+00,2.21310066e-04,2.20912256e+00,3.32189593e+00
1.78800000e+04,5.53101330e+00,2.21257466e-04,2.20904637e+00,3.32174566e+00
1.78900000e+04,5.53078883e+00,2.21079892e-04,2.20897159e+00,3.32159616e+00
1.79000000e+04,5.53056544e+00,2.20839605e-04,2.20889786e+00,3.32144674e+00
1.79100000e+04,5.53040328e+00,2.20038031e-04,2.20883528e+00,3.32134796e+00
1.79200000e+04,5.53023102e+00,2.19306680e-04,2.20877467e+00,3.32123704e+00
1.79300000e+04,5.53003485e+00,2.18831001e-04,2.20870995e+00,3.32110607e+00
1.79400000e+04,5.52982304e+00,2.19569699e-04,2.20864559e+00,3.32095788e+00
1.79500000e+04,5.52964982e+00,2.17795071e-04,2.20857964e+00,3.32085238e+00
1.79600000e+04,5.52943878e+00,2.17469576e-04,2.20851596e+00,3.32070535e+00
1.79700000e+04,5.52924238e+00,2.17015463e-04,2.20845256e+00,3.32057281e+00
1.79800000e+04,5.52903375e+00,2.16603251e-04,2.20839011e+00,3.32042704e+00
1.79900000e+04,5.52883245e+00,2.16179079e-04,2.20832664e+00,3.32028963e+00
1.80000000e+04,5.52863128e+00,2.15757121e-04,2.20826377e+00,3.32015175e+00
1.80100000e+04,5.52848732e+00,2.14729575e-04,2.20821108e+00,3.32006151e+00
1.80200000e+04,5.52833681e+00,2.13752025e-04,2.20815942e+00,3.31996363e+00
1.80300000e+04,5.52816205e+00,2.13011939e-04,2.20810390e+00,3.31984513e+00
1.80400000e+04,5.52798389e+00,2.12311868e-04,2.20804694e+00,3.31972464e+00
1.80500000e+04,5.52779722e+00,2.11692999e-04,2.20799036e+00,3.31959517e+00
1.80600000e+04,5.52760598e+00,2.11126052e-04,2.20793361e+00,3.31946125e+00
1.80700000e+04,5.52741543e+00,2.10561101e-04,2.20787602e+00,3.31932885e+00
1.80800000e+04,5.52722710e+00,2.10013406e-04,2.20781771e+00,3.31919937e+00
1.80900000e+04,5.52707148e+00,2.12343913e-04,2.20775555e+00,3.31910358e+00
1.81000000e+04,5.52683561e+00,2.12856822e-04,2.20770199e+00,3.31892076e+00
1.81100000e+04,5.52628427e+00,3.27055568e-04,2.20760003e+00,3.31835718e+00
1.81200000e+04,5.52586228e+00,2.28106075e-04,2.20749148e+00,3.31814269e+00
1.81300000e+04,5.52536473e+00,2.37545279e-04,2.20740509e+00,3.31772210e+00
1.81400000e+04,5.52495850e+00,2.30740714e-04,2.20727655e+00,3.31745122e+00
1.81500000e+04,5.52467823e+00,2.31429076e-04,2.20723941e+00,3.31720739e+00
1.81600000e+04,5.52440659e+00,2.32698421e-04,2.20709998e+00,3.31707391e+00
1.81700000e+04,5.52417339e+00,2.33874764e-04,2.20701794e+00,3.31692157e+00
1.81800000e+04,5.52395148e+00,2.35316284e-04,2.20693410e+00,3.31678207e+00
1.81900000e+04,5.52373344e+00,2.36508001e-04,2.20683546e+00,3.31666147e+00
1.82000000e+04,5.52352036e+00,2.37645259e-04,2.20675215e+00,3.31653057e+00
1.82100000e+04,5.52335513e+00,2.38080524e-04,2.20667783e+00,3.31643922e+00
1.82200000e+04,5.52319044e+00,2.40888635e-04,2.20660605e+00,3.31634350e+00
1.82300000e+04,5.52300650e+00,2.39409908e-04,2.20653620e+00,3.31623089e+00
1.82400000e+04,5.52282031e+00,2.39155915e-04,2.20646420e+00,3.31611696e+00
1.82500000e+04,5.52263071e+00,2.39320471e-04,2.20639418e+00,3.31599721e+00
1.82600000e+04,5.52243457e+00,2.39648694e-04,2.20632093e+00,3.31587399e+00
1.82700000e+04,5.52225200e+00,2.40002875e-04,2.20624000e+00,3.31577200e+00
1.82800000e+04,5.52207491e+00,2.40294862e-04,2.20616003e+00,3.31567459e+00
1.82900000e+04,5.52189139e+00,2.40575756e-04,2.20608842e+00,3.31556240e+00
1.83000000e+04,5.52170017e+00,2.40823329e-04,2.20601549e+00,3.31544386e+00
1.83100000e+04,5.52155239e+00,2.40483516e-04,2.20595441e+00,3.31535749e+00
1.83200000e+04,5.52140131e+00,2.45403721e-04,2.20589803e+00,3.31525788e+00
1.83300000e+04,5.52122587e+00,2.42821131e-04,2.20584182e+00,3.31514123e+00
1.83400000e+04,5.52104879e+00,2.41550044e-04,2.20578356e+00,3.31502368e+00
1.83500000e+04,5.52086568e+00,2.39533308e-04,2.20572322e+00,3.31490293e+00
1.83600000e+04,5.52067978e+00,2.39488611e-04,2.20564856e+00,3.31479172e+00
1.83700000e+04,5.52049475e+00,2.39344346e-04,2.20557935e+00,3.31467605e+00
1.83800000e+04,5.52031124e+00,2.39065186e-04,2.20553959e+00,3.31453259e+00
1.83900000e+04,5.52012824e+00,2.38961373e-04,2.20548719e+00,3.31440209e+00
1.84000000e+04,5.51994546e+00,2.38828786e-04,2.20540972e+00,3.31429692e+00
1.84100000e+04,5.51980319e+00,2.38054839e-04,2.20538011e+00,3.31418502e+00
1.84200000e+04,5.51965595e+00,2.37689485e-04,2.20535791e+00,3.31406036e+00
1.84300000e+04,5.51949996e+00,2.46454763e-04,2.20533039e+00,3.31392312e+00
1.84400000e+04,5.51932395e+00,2.39896902e-04,2.20530065e+00,3.31378340e+00
1.84500000e+04,5.51914759e+00,2.36750247e-04,2.20527316e+00,3.31363769e+00
1.84600000e+04,5.51896765e+00,2.35926383e-04,2.20524694e+00,3.31348479e+00
1.84700000e+04,5.51878554e+00,2.35533951e-04,2.20515384e+00,3.31339617e+00
1.84800000e+04,5.51860602e+00,2.35132050e-04,2.20512069e+00,3.31325020e+00
1.84900000e+04,5.51842519e+00,2.34789645e-04,2.20506505e+00,3.31312535e+00
1.85000000e+04,5.51824432e+00,2.34496781e-04,2.20500835e+00,3.31300148e+00
1.85100000e+04,5.51810772e+00,2.33569438e-04,2.20496919e+00,3.31290497e+00
1.85200000e+04,5.51796471e+00,2.32703784e-04,2.20493209e+00,3.31279991e+00
1.85300000e+04,5.51780340e+00,2.32147945e-04,2.20490037e+00,3.31267088e+00
1.85400000e+04,5.51763912e+00,2.31744223e-04,2.20486625e+00,3.31254112e+00
1.85500000e+04,5.51746716e+00,2.31073444e-04,2.20476410e+00,3.31247198e+00
1.85600000e+04,5.51729297e+00,2.30612846e-04,2.20474046e+00,3.31232190e+00
1.85700000e+04,5.51711725e+00,2.30183667e-04,2.20466990e+00,3.31221716e+00
1.85800000e+04,5.51694248e+00,2.29784281e-04,2.20462541e+00,3.31208728e+00
1.85900000e+04,5.51676675e+00,2.29399630e-04,2.20456624e+00,3.31197111e+00
1.86000000e+04,5.51659074e+00,2.29028763e-04,2.20450959e+00,3.31185212e+00
1.86100000e+04,5.51645853e+00,2.28070226e-04,2.20446276e+00,3.31176770e+00
1.86200000e+04,5.51631965e+00,2.27362573e-04,2.20441479e+00,3.31167750e+00
1.86300000e+04,5.51618030e+00,2.44090689e-04,2.20436572e+00,3.31157050e+00
1.86400000e+04,5.51600496e+00,2.29347572e-04,2.20431466e+00,3.31146096e+00
1.86500000e+04,5.51583779e+00,2.27039427e-04,2.20426219e+00,3.31134856e+00
1.86600000e+04,5.51566608e+00,2.25414118e-04,2.20420601e+00,3.31123466e+00
1.86700000e+04,5.51549453e+00,2.24770946e-04,2.20413726e+00,3.31113250e+00
1.86800000e+04,5.51532348e+00,2.24413291e-04,2.20406308e+00,3.31103599e+00
1.86900000e+04,5.51515393e+00,2.23815597e-04,2.20405035e+00,3.31087976e+00
1.87000000e+04,5.51498256e+00,2.23377748e-04,2.20396760e+00,3.31079157e+00
1.87100000e+04,5.51484919e+00,2.22526578e-04,2.20394989e+00,3.31067677e+00
1.87200000e+04,5.51471029e+00,2.21748469e-04,2.20393165e+00,3.31055689e+00
1.87300000e+04,5.51455181e+00,2.21077641e-04,2.20388815e+00,3.31044258e+00
1.87400000e+04,5.51439156e+00,2.20535944e-04,2.20384945e+00,3.31032158e+00
1.87500000e+04,5.51422698e+00,2.20043407e-04,2.20381671e+00,3.31019023e+00
1.87600000e+04,5.51405669e+00,2.19624996e-04,2.20377845e+00,3.31005861e+00
1.87700000e+04,5.51388535e+00,2.19233617e-04,2.20373143e+00,3.30993469e+00
1.87800000e+04,5.51371326e+00,2.18917591e-04,2.20367082e+00,3.30982351e+00
1.87900000e+04,5.51354110e+00,2.18535055e-04,2.20361863e+00,3.30970393e+00
1.88000000e+04,5.51337050e+00,2.18149879e-04,2.20359694e+00,3.30955541e+00
1.88100000e+04,5.51322093e+00,2.17306595e-04,2.20356143e+00,3.30944219e+00
1.88200000e+04,5.51307342e+00,2.16596765e-04,2.20357880e+00,3.30927802e+00
1.88300000e+04,5.51292230e+00,2.16438540e-04,2.20360490e+00,3.30910096e+00
1.88400000e+04,5.51276365e+00,2.23505658e-04,2.20357738e+00,3.30896276e+00
1.88500000e+04,5.51260168e+00,2.17979346e-04,2.20355775e+00,3.30882595e+00
1.88600000e+04,5.51242570e+00,2.15757073e-04,2.20354176e+00,3.30866818e+00
1.88700000e+04,5.51224661e+00,2.15136263e-04,2.20354400e+00,3.30848747e+00
1.88800000e+04,5.51205408e+00,2.14129495e-04,2.20342653e+00,3.30841342e+00
1.88900000e+04,5.51186894e+00,2.13829495e-04,2.20336606e+00,3.30828906e+00
1.89000000e+04,5.51168432e+00,2.13405286e-04,2.20333271e+00,3.30813820e+00
1.89100000e+04,5.51153868e+00,2.12612598e-04,2.20329263e+00,3.30803344e+00
1.89200000e+04,5.51138541e+00,2.11878803e-04,2.20324813e+00,3.30792540e+00
1.89300000e+04,5.51121588e+00,2.11365591e-04,2.20320023e+00,3.30780429e+00
1.89400000e+04,5.51104413e+00,2.10873448e-04,2.20315030e+00,3.30768296e+00
1.89500000e+04,5.51086822e+00,2.10434205e-04,2.20309928e+00,3.30755850e+00
1.89600000e+04,5.51068819e+00,2.10051619e-04,2.20304448e+00,3.30743366e+00
1.89700000e+04,5.51050777e+00,2.09679390e-04,2.20298586e+00,3.30731224e+00
1.89800000e+04,5.51032756e+00,2.09311388e-04,2.20292558e+00,3.30719268e+00
1.89900000e+04,5.51014706e+00,2.08952755e-04,2.20286404e+00,3.30707407e+00
1.90000000e+04,5.50996637e+00,2.08600912e-04,2.20280068e+00,3.30695709e+00
1.90100000e+04,5.50982482e+00,2.07807426e-04,2.20274598e+00,3.30687103e+00
1.90200000e+04,5.50967796e+00,2.07082167e-04,2.20269291e+00,3.30677797e+00
1.90300000e+04,5.50951463e+00,2.06563951e-04,2.20263946e+00,3.30666861e+00
1.90400000e+04,5.50934979e+00,2.06059855e-04,2.20258384e+00,3.30655990e+00
1.90500000e+04,5.50918068e+00,2.05602788e-04,2.20252666e+00,3.30644842e+00
1.90600000e+04,5.50900791e+00,2.05199117e-04,2.20246773e+00,3.30633499e+00
1.90700000e+04,5.50883484e+00,2.04805088e-04,2.20240732e+00,3.30622272e+00
1.90800000e+04,5.50866201e+00,2.04422208e-04,2.20234613e+00,3.30611145e+00
1.90900000e+04,5.50848902e+00,2.04195874e-04,2.20228412e+00,3.30600070e+00
1.91000000e+04,5.50831888e+00,2.07050847e-04,2.20222144e+00,3.30589039e+00
1.91100000e+04,5.50889476e+00,8.89650131e-04,2.20218176e+00,3.30582335e+00
1.91200000e+04,5.50817371e+00,3.34338760e-04,2.20211903e+00,3.30572034e+00
1.91300000e+04,5.50792352e+00,2.43081767e-04,2.20206374e+00,3.30561669e+00
1.91400000e+04,5.50776098e+00,2.40239861e-04,2.20200984e+00,3.30551090e+00
1.91500000e+04,5.50756629e+00,2.09474362e-04,2.20195452e+00,3.30540230e+00
1.91600000e+04,5.50739543e+00,2.05348986e-04,2.20189821e+00,3.30529188e+00
1.91700000e+04,5.50722641e+00,2.02659617e-04,2.20184037e+00,3.30518338e+00
1.91800000e+04,5.50705968e+00,2.02137240e-04,2.20178265e+00,3.30507489e+00
1.91900000e+04,5.50689262e+00,2.01472567e-04,2.20172754e+00,3.30496361e+00
1.92000000e+04,5.50672819e+00,2.01503231e-04,2.20169825e+00,3.30482844e+00
1.92100000e+04,5.50653811e+00,2.00896875e-04,2.20166506e+00,3.30467215e+00
1.92200000e+04,5.50637564e+00,2.00733437e-04,2.20182756e+00,3.30434735e+00
1.92300000e+04,5.50619574e+00,2.00482631e-04,2.20191190e+00,3.30408336e+00
1.92400000e+04,5.50601457e+00,2.00294707e-04,2.20201296e+00,3.30380132e+00
1.92500000e+04,5.50582236e+00,2.00078116e-04,2.20204100e+00,3.30358128e+00
1.92600000e+04,5.50561977e+00,1.99914460e-04,2.20205070e+00,3.30336915e+00
1.92700000e+04,5.50540612e+00,1.99744200e-04,2.20201864e+00,3.30318773e+00
1.92800000e+04,5.50519208e+00,1.99975400e-04,2.20196798e+00,3.30302413e+00
1.92900000e+04,5.50498465e+00,2.01593324e-04,2.20190238e+00,3.30288068e+00
1.93000000e+04,5.50474925e+00,1.99188589e-04,2.20182571e+00,3.30272435e+00
1.93100000e+04,5.50452457e+00,1.99874492e-04,2.20172468e+00,3.30260002e+00
1.93200000e+04,5.50432118e+00,1.98998167e-04,2.20173479e+00,3.30238739e+00
1.93300000e+04,5.50411400e+00,1.98920659e-04,2.20170909e+00,3.30220599e+00
1.93400000e+04,5.50392767e+00,1.98749789e-04,2.20164929e+00,3.30207963e+00
1.93500000e+04,5.50372679e+00,1.98551061e-04,2.20156075e+00,3.30196750e+00
1.93600000e+04,5.50351972e+00,1.98387201e-04,2.20147639e+00,3.30184494e+00
1.93700000e+04,5.50330394e+00,1.98220311e-04,2.20139680e+00,3.30170892e+00
1.93800000e+04,5.50308761e+00,1.98048824e-04,2.20131423e+00,3.30157533e+00
1.93900000e+04,5.50286899e+00,1.97862867e-04,2.20122450e+00,3.30144662e+00
1.94000000e+04,5.50265108e+00,1.97670559e-04,2.20113373e+00,3.30131968e+00
1.94100000e+04,5.50247002e+00,1.97098028e-04,2.20105619e+00,3.30121673e+00
1.94200000e+04,5.50228666e+00,1.96590859e-04,2.20098067e+00,3.30110940e+00
1.94300000e+04,5.50208890e+00,1.96243675e-04,2.20090405e+00,3.30098861e+00
1.94400000e+04,5.50188985e+00,1.95902821e-04,2.20082473e+00,3.30086921e+00
1.94500000e+04,5.50168795e+00,1.95587777e-04,2.20074322e+00,3.30074915e+00
1.94600000e+04,5.50148310e+00,1.95307439e-04,2.20065938e+00,3.30062841e+00
1.94700000e+04,5.50127894e+00,1.95027075e-04,2.20057448e+00,3.30050944e+00
1.94800000e+04,5.50107509e+00,1.94743511e-04,2.20048856e+00,3.30039179e+00
1.94900000e+04,5.50087095e+00,1.94462427e-04,2.20040203e+00,3.30027445e+00
1.95000000e+04,5.50066693e+00,1.94184114e-04,2.20031498e+00,3.30015777e+00
1.95100000e+04,5.50049821e+00,1.93556923e-04,2.20023993e+00,3.30006472e+00
1.95200000e+04,5.50032674e+00,1.93002395e-04,2.20016764e+00,3.29996609e+00
1.95300000e+04,5.50014205e+00,1.92602176e-04,2.20009568e+00,3.29985377e+00
1.95400000e+04,5.49995586e+00,1.92210126e-04,2.20002154e+00,3.29974211e+00
1.95500000e+04,5.49976634e+00,1.91845399e-04,2.19994590e+00,3.29962860e+00
1.95600000e+04,5.49957415e+00,1.91515328e-04,2.19986845e+00,3.29951419e+00
1.95700000e+04,5.49938202e+00,1.91187735e-04,2.19979004e+00,3.29940080e+00
1.95800000e+04,5.49918986e+00,1.90859988e-04,2.19971079e+00,3.29928821e+00
1.95900000e+04,5.49899724e+00,1.90537787e-04,2.19963114e+00,3.29917556e+00
1.96000000e+04,5.49880459e+00,1.90226074e-04,2.19955360e+00,3.29906076e+00
1.96100000e+04,5.49864071e+00,1.89610460e-04,2.19947933e+00,3.29897177e+00
1.96200000e+04,5.49847468e+00,1.89083596e-04,2.19941337e+00,3.29887222e+00
1.96300000e+04,5.49829397e+00,1.89006208e-04,2.19935153e+00,3.29875343e+00
1.96400000e+04,5.49811324e+00,1.90386340e-04,2.19928781e+00,3.29863505e+00
1.96500000e+04,5.49795637e+00,1.88434256e-04,2.19921655e+00,3.29855139e+00
1.96600000e+04,5.49776237e+00,1.87733519e-04,2.19915815e+00,3.29841648e+00
1.96700000e+04,5.49758657e+00,1.87509836e-04,2.19910090e+00,3.29829816e+00
1.96800000e+04,5.49740005e+00,1.86912331e-04,2.19897450e+00,3.29823864e+00
1.96900000e+04,5.49722290e+00,1.86565635e-04,2.19892226e+00,3.29811407e+00
1.97000000e+04,5.49704322e+00,1.86227265e-04,2.19884335e+00,3.29801363e+00
1.97100000e+04,5.49689461e+00,1.85615660e-04,2.19877887e+00,3.29793012e+00
1.97200000e+04,5.49674354e+00,1.85079041e-04,2.19872261e+00,3.29783585e+00
1.97300000e+04,5.49658036e+00,1.84663954e-04,2.19866040e+00,3.29773529e+00
1.97400000e+04,5.49641514e+00,1.84260117e-04,2.19859632e+00,3.29763457e+00
1.97500000e+04,5.49624747e+00,1.83878016e-04,2.19853220e+00,3.29753138e+00
1.97600000e+04,5.49607707e+00,1.83525570e-04,2.19846506e+00,3.29742848e+00
1.97700000e+04,5.49590652e+00,1.83176439e-04,2.19839780e+00,3.29732554e+00
1.97800000e+04,5.49573572e+00,1.82827489e-04,2.19832907e+00,3.29722382e+00
1.97900000e+04,5.49556430e+00,1.82483699e-04,2.19825968e+00,3.29712213e+00
1.98000000e+04,5.49539231e+00,1.82146118e-04,2.19818984e+00,3.29702032e+00
1.98100000e+04,5.49524643e+00,1.81568296e-04,2.19812745e+00,3.29693741e+00
1.98200000e+04,5.49509834e+00,1.81083194e-04,2.19806704e+00,3.29685022e+00
1.98300000e+04,5.49495065e+00,1.81322183e-04,2.19801719e+00,3.29675214e+00
1.98400000e+04,5.49481554e+00,1.81100762e-04,2.19791071e+00,3.29672373e+00
1.98500000e+04,5.49467747e+00,1.80095430e-04,2.19782527e+00,3.29667211e+00
1.98600000e+04,5.49451558e+00,1.79597243e-04,2.19775814e+00,3.29657784e+00
1.98700000e+04,5.49435528e+00,1.79183122e-04,2.19768757e+00,3.29648853e+00
1.98800000e+04,5.49418677e+00,1.78842166e-04,2.19762108e+00,3.29638684e+00
1.98900000e+04,5.49402270e+00,1.78497906e-04,2.19755407e+00,3.29629013e+00
1.99000000e+04,5.49385593e+00,1.78200452e-04,2.19749382e+00,3.29618391e+00
1.99100000e+04,5.49369626e+00,1.77771535e-04,2.19743314e+00,3.29608535e+00
1.99200000e+04,5.49353548e+00,1.77400334e-04,2.19738430e+00,3.29597377e+00
1.99300000e+04,5.49337254e+00,1.77084460e-04,2.19734429e+00,3.29585117e+00
1.99400000e+04,5.49320899e+00,1.76758142e-04,2.19729892e+00,3.29573332e+00
1.99500000e+04,5.49304328e+00,1.76466690e-04,2.19723923e+00,3.29562758e+00
1.99600000e+04,5.49287628e+00,1.76133795e-04,2.19718248e+00,3.29551767e+00
1.99700000e+04,5.49271034e+00,1.75841273e-04,2.19714278e+00,3.29539172e+00
1.99800000e+04,5.49254137e+00,1.75478114e-04,2.19706688e+00,3.29529901e+00
1.99900000e+04,5.49237294e+00,1.75163771e-04,2.19700095e+00,3.29519682e+00
2.00000000e+04,5.49220451e+00,1.74854555e-04,2.19693917e+00,3.29509048e+00
2.00100000e+04,5.49206020e+00,1.74311449e-04,2.19687618e+00,3.29500971e+00
2.00200000e+04,5.49191403e+00,1.73839199e-04,2.19681582e+00,3.29492437e+00
2.00300000e+04,5.49175475e+00,1.73656188e-04,2.19675541e+00,3.29482569e+00
2.00400000e+04,5.49159087e+00,1.75345945e-04,2.19669629e+00,3.29471924e+00
2.00500000e+04,5.49146467e+00,1.73259833e-04,2.19662958e+00,3.29466183e+00
2.00600000e+04,5.49129275e+00,1.72509135e-04,2.19656806e+00,3.29455218e+00
2.00700000e+04,5.49113496e+00,1.72107422e-04,2.19650267e+00,3.29446018e+00
2.00800000e+04,5.49098119e+00,1.71743248e-04,2.19643719e+00,3.29437227e+00
2.00900000e+04,5.49081928e+00,1.71418253e-04,2.19637074e+00,3.29427712e+00
2.01000000e+04,5.49066268e+00,1.71083693e-04,2.19630380e+00,3.29418780e+00
2.01100000e+04,5.49052410e+00,1.70592720e-04,2.19624156e+00,3.29411195e+00
2.01200000e+04,5.49038680e+00,1.70150734e-04,2.19618011e+00,3.29403654e+00
2.01300000e+04,5.49024115e+00,1.69790074e-04,2.19611983e+00,3.29395153e+00
2.01400000e+04,5.49009487e+00,1.69431131e-04,2.19605876e+00,3.29386668e+00
2.01500000e+04,5.48994689e+00,1.69086140e-04,2.19599811e+00,3.29377969e+00
2.01600000e+04,5.48979810e+00,1.68776956e-04,2.19594072e+00,3.29368860e+00
2.01700000e+04,5.48965077e+00,1.68834645e-04,2.19590232e+00,3.29357961e+00
2.01800000e+04,5.48949975e+00,1.68138883e-04,2.19578494e+00,3.29354667e+00
2.01900000e+04,5.48935381e+00,1.67765136e-04,2.19572973e+00,3.29345632e+00
2.02000000e+04,5.48920816e+00,1.67470330e-04,2.19567966e+00,3.29336103e+00
2.02100000e+04,5.48907290e+00,1.66993447e-04,2.19562392e+00,3.29328199e+00
2.02200000e+04,5.48893671e+00,1.66568594e-04,2.19557627e+00,3.29319388e+00
2.02300000e+04,5.48879223e+00,1.66239533e-04,2.19553295e+00,3.29309304e+00
2.02400000e+04,5.48864504e+00,1.66060828e-04,2.19548991e+00,3.29298907e+00
2.02500000e+04,5.48849286e+00,1.66803301e-04,2.19544253e+00,3.29288353e+00
2.02600000e+04,5.48837121e+00,1.65307010e-04,2.19538653e+00,3.29281937e+00
2.02700000e+04,5.48822065e+00,1.64905071e-04,2.19533015e+00,3.29272560e+00
2.02800000e+04,5.48806816e+00,1.64647206e-04,2.19527210e+00,3.29263141e+00
2.02900000e+04,5.48792615e+00,1.64276928e-04,2.19521122e+00,3.29255065e+00
2.03000000e+04,5.48777742e+00,1.63966371e-04,2.19514979e+00,3.29246367e+00
2.03100000e+04,5.48765224e+00,1.63467885e-04,2.19509078e+00,3.29239799e+00
2.03200000e+04,5.48752771e+00,1.63120243e-04,2.19503093e+00,3.29233366e+00
2.03300000e+04,5.48740204e+00,1.63959053e-04,2.19497125e+00,3.29226683e+00
2.03400000e+04,5.48725393e+00,1.62396274e-04,2.19491541e+00,3.29217612e+00
2.03500000e+04,5.48712041e+00,1.61957474e-04,2.19485585e+00,3.29210260e+00
2.03600000e+04,5.48697906e+00,1.61625247e-04,2.19479703e+00,3.29202040e+00
2.03700000e+04,5.48684150e+00,1.61293213e-04,2.19473688e+00,3.29194333e+00
2.03800000e+04,5.48670278e+00,1.60977071e-04,2.19467623e+00,3.29186557e+00
2.03900000e+04,5.48656271e+00,1.60670054e-04,2.19461531e+00,3.29178673e+00
2.04000000e+04,5.48642410e+00,1.60353619e-04,2.19455375e+00,3.29170999e+00
2.04100000e+04,5.48630600e+00,1.59835116e-04,2.19449527e+00,3.29165090e+00
2.04200000e+04,5.48618676e+00,1.59373664e-04,2.19443660e+00,3.29159079e+00
2.04300000e+04,5.48605793e+00,1.59006051e-04,2.19437908e+00,3.29151984e+00
2.04400000e+04,5.48592817e+00,1.58640015e-04,2.19432154e+00,3.29144799e+00
2.04500000e+04,5.48579745e+00,1.58286225e-04,2.19426452e+00,3.29137465e+00
2.04600000e+04,5.48566497e+00,1.57954077e-04,2.19420694e+00,3.29130007e+00
2.04700000e+04,5.48553116e+00,1.57641713e-04,2.19414897e+00,3.29122455e+00
2.04800000e+04,5.48539330e+00,1.57813171e-04,2.19409199e+00,3.29114349e+00
2.04900000e+04,5.48526458e+00,1.57908066e-04,2.19403802e+00,3.29106864e+00
2.05000000e+04,5.48513995e+00,1.56906841e-04,2.19399312e+00,3.29098993e+00
2.05100000e+04,5.48489756e+00,1.57136654e-04,2.19389508e+00,3.29084535e+00
2.05200000e+04,5.48465472e+00,1.57302402e-04,2.19391888e+00,3.29057854e+00
2.05300000e+04,5.48444039e+00,1.57408450e-04,2.19394304e+00,3.29033994e+00
2.05400000e+04,5.48426053e+00,1.57203322e-04,2.19393603e+00,3.29016730e+00
2.05500000e+04,5.48406446e+00,1.57015723e-04,2.19389825e+00,3.29000919e+00
2.05600000e+04,5.48385340e+00,1.57139450e-04,2.19385225e+00,3.28984401e+00
2.05700000e+04,5.48365342e+00,1.56626614e-04,2.19372115e+00,3.28977565e+00
2.05800000e+04,5.48343540e+00,1.56582116e-04,2.19365491e+00,3.28962391e+00
2.05900000e+04,5.48323700e+00,1.57018064e-04,2.19354615e+00,3.28953383e+00
2.06000000e+04,5.48302638e+00,1.56135814e-04,2.19345522e+00,3.28941502e+00
2.06100000e+04,5.48274782e+00,1.57097160e-04,2.19334921e+00,3.28924152e+00
2.06200000e+04,5.48253189e+00,1.62416828e-04,2.19323929e+00,3.28913019e+00
2.06300000e+04,5.48231855e+00,1.59116005e-04,2.19314058e+00,3.28901885e+00
2.06400000e+04,5.48209577e+00,1.58161673e-04,2.19304131e+00,3.28889630e+00
2.06500000e+04,5.48189082e+00,1.57728313e-04,2.19294291e+00,3.28879019e+00
2.06600000e+04,5.48169633e+00,1.57545833e-04,2.19284490e+00,3.28869389e+00
2.06700000e+04,5.48150189e+00,1.57488857e-04,2.19274600e+00,3.28859839e+00
2.06800000e+04,5.48130803e+00,1.57437721e-04,2.19264690e+00,3.28850369e+00
2.06900000e+04,5.48111634e+00,1.57361069e-04,2.19254792e+00,3.28841106e+00
2.07000000e+04,5.48092584e+00,1.57268505e-04,2.19244886e+00,3.28831971e+00
2.07100000e+04,5.48075452e+00,1.56987202e-04,2.19235136e+00,3.28824618e+00
2.07200000e+04,5.48058510e+00,1.56749708e-04,2.19225430e+00,3.28817404e+00
2.07300000e+04,5.48040984e+00,1.56571148e-04,2.19215910e+00,3.28809417e+00
2.07400000e+04,5.48023503e+00,1.56386053e-04,2.19206519e+00,3.28801345e+00
2.07500000e+04,5.48006005e+00,1.56208220e-04,2.19197266e+00,3.28793118e+00
2.07600000e+04,5.47988499e+00,1.56041513e-04,2.19188068e+00,3.28784827e+00
2.07700000e+04,5.47971259e+00,1.55949161e-04,2.19179481e+00,3.28776183e+00
2.07800000e+04,5.47953543e+00,1.55698872e-04,2.19168533e+00,3.28769441e+00
2.07900000e+04,5.47936503e+00,1.55581394e-04,2.19160712e+00,3.28760233e+00
2.08000000e+04,5.47919725e+00,1.55350796e-04,2.19151192e+00,3.28752998e+00
2.08100000e+04,5.47903464e+00,1.55026952e-04,2.19141644e+00,3.28746317e+00
2.08200000e+04,5.47886871e+00,1.54776817e-04,2.19132654e+00,3.28738739e+00
2.08300000e+04,5.47869840e+00,1.54579965e-04,2.19124049e+00,3.28730334e+00
2.08400000e+04,5.47853090e+00,1.54362154e-04,2.19115535e+00,3.28722118e+00
2.08500000e+04,5.47836349e+00,1.54144887e-04,2.19106762e+00,3.28714172e+00
2.08600000e+04,5.47819539e+00,1.53940427e-04,2.19097793e+00,3.28706352e+00
2.08700000e+04,5.47802711e+00,1.53740538e-04,2.19088777e+00,3.28698560e+00
2.08800000e+04,5.47785931e+00,1.53538563e-04,2.19079720e+00,3.28690856e+00
2.08900000e+04,5.47769164e+00,1.53338424e-04,2.19070664e+00,3.28683166e+00
2.09000000e+04,5.47752421e+00,1.53139190e-04,2.19061614e+00,3.28675493e+00
2.09100000e+04,5.47737301e+00,1.52779045e-04,2.19052377e+00,3.28669646e+00
2.09200000e+04,5.47722214e+00,1.52470556e-04,2.19042990e+00,3.28663977e+00
2.09300000e+04,5.47706541e+00,1.52221788e-04,2.19033830e+00,3.28657489e+00
2.09400000e+04,5.47690856e+00,1.51973022e-04,2.19024846e+00,3.28650813e+00
2.09500000e+04,5.47675156e+00,1.51736120e-04,2.19016052e+00,3.28643930e+00
2.09600000e+04,5.47659423e+00,1.51513234e-04,2.19007307e+00,3.28636965e+00
2.09700000e+04,5.47643716e+00,1.51292427e-04,2.18998580e+00,3.28630007e+00
2.09800000e+04,5.47628004e+00,1.51073721e-04,2.18989867e+00,3.28623030e+00
2.09900000e+04,5.47612298e+00,1.50859377e-04,2.18981180e+00,3.28616032e+00
2.10000000e+04,5.47596578e+00,1.50657443e-04,2.18972496e+00,3.28609016e+00
2.10100000e+04,5.47581700e+00,1.50370504e-04,2.18963389e+00,3.28603274e+00
2.10200000e+04,5.47566942e+00,1.50117972e-04,2.18953998e+00,3.28597933e+00
2.10300000e+04,5.47551986e+00,1.49932022e-04,2.18944387e+00,3.28592606e+00
2.10400000e+04,5.47537175e+00,1.49721323e-04,2.18936516e+00,3.28585688e+00
2.10500000e+04,5.47522822e+00,1.49746175e-04,2.18927299e+00,3.28580549e+00
2.10600000e+04,5.47508363e+00,1.49845042e-04,2.18919229e+00,3.28574149e+00
2.10700000e+04,5.47492618e+00,1.49228336e-04,2.18911097e+00,3.28566597e+00
2.10800000e+04,5.47478408e+00,1.48859252e-04,2.18902846e+00,3.28560676e+00
2.10900000e+04,5.47463518e+00,1.48619966e-04,2.18894717e+00,3.28553939e+00
2.11000000e+04,5.47448933e+00,1.48419537e-04,2.18886647e+00,3.28547444e+00
2.11100000e+04,5.47435232e+00,1.48138500e-04,2.18877999e+00,3.28542419e+00
2.11200000e+04,5.47421708e+00,1.47888903e-04,2.18869185e+00,3.28537734e+00
2.11300000e+04,5.47407882e+00,1.47666441e-04,2.18860657e+00,3.28532458e+00
2.11400000e+04,5.47394060e+00,1.47446102e-04,2.18852479e+00,3.28526836e+00
2.11500000e+04,5.47380635e+00,1.47241015e-04,2.18844565e+00,3.28521346e+00
2.11600000e+04,5.47367047e+00,1.47028213e-04,2.18835549e+00,3.28516795e+00
2.11700000e+04,5.47353351e+00,1.46829169e-04,2.18827195e+00,3.28511474e+00
2.11800000e+04,5.47339603e+00,1.46630587e-04,2.18819272e+00,3.28505668e+00
2.11900000e+04,5.47325779e+00,1.46437128e-04,2.18811493e+00,3.28499643e+00
2.12000000e+04,5.47311890e+00,1.46303606e-04,2.18804004e+00,3.28493256e+00
2.12100000e+04,5.47287394e+00,1.46813888e-04,2.18789151e+00,3.28483561e+00
2.12200000e+04,5.47267620e+00,1.46406851e-04,2.18775458e+00,3.28477521e+00
2.12300000e+04,5.47248649e+00,1.46314665e-04,2.18763958e+00,3.28470059e+00
2.12400000e+04,5.47229060e+00,1.46158122e-04,2.18754231e+00,3.28460213e+00
2.12500000e+04,5.47212032e+00,1.45946078e-04,2.18744158e+00,3.28453279e+00
2.12600000e+04,5.47194843e+00,1.46976013e-04,2.18733387e+00,3.28446759e+00
2.12700000e+04,5.47175785e+00,1.45966431e-04,2.18722837e+00,3.28438352e+00
2.12800000e+04,5.47159026e+00,1.45839287e-04,2.18712165e+00,3.28432277e+00
2.12900000e+04,5.47141079e+00,1.45335604e-04,2.18701982e+00,3.28424564e+00
2.13000000e+04,5.47123774e+00,1.45237675e-04,2.18691852e+00,3.28417399e+00
2.13100000e+04,5.47105097e+00,1.45302286e-04,2.18680831e+00,3.28409736e+00
2.13200000e+04,5.47087363e+00,1.45322953e-04,2.18669653e+00,3.28403178e+00
2.13300000e+04,5.47070571e+00,1.45232510e-04,2.18658887e+00,3.28397160e+00
2.13400000e+04,5.47053845e+00,1.45153027e-04,2.18648413e+00,3.28390917e+00
2.13500000e+04,5.47037428e+00,1.45062475e-04,2.18638258e+00,3.28384664e+00
2.13600000e+04,5.47021296e+00,1.44952413e-04,2.18628293e+00,3.28378508e+00
2.13700000e+04,5.47005300e+00,1.44842946e-04,2.18618457e+00,3.28372359e+00
2.13800000e+04,5.46989275e+00,1.44739749e-04,2.18608705e+00,3.28366096e+00
2.13900000e+04,5.46973327e+00,1.44632872e-04,2.18599045e+00,3.28359819e+00
2.14000000e+04,5.46957480e+00,1.44524951e-04,2.18589457e+00,3.28353571e+00
2.14100000e+04,5.46942871e+00,1.44385396e-04,2.18579201e+00,3.28349231e+00
2.14200000e+04,5.46928720e+00,1.44663234e-04,2.18568631e+00,3.28345624e+00
2.14300000e+04,5.46912599e+00,1.44100004e-04,2.18558432e+00,3.28339756e+00
2.14400000e+04,5.46898026e+00,1.43811240e-04,2.18548507e+00,3.28335137e+00
2.14500000e+04,5.46882971e+00,1.43665559e-04,2.18538921e+00,3.28329684e+00
2.14600000e+04,5.46867941e+00,1.43536849e-04,2.18529427e+00,3.28324161e+00
2.14700000e+04,5.46853084e+00,1.43412306e-04,2.18519598e+00,3.28319144e+00
2.14800000e+04,5.46839098e+00,1.43275051e-04,2.18510463e+00,3.28314307e+00
2.14900000e+04,5.46824648e+00,1.43145980e-04,2.18501143e+00,3.28309190e+00
2.15000000e+04,5.46809852e+00,1.43020358e-04,2.18491891e+00,3.28303658e+00
2.15100000e+04,5.46796070e+00,1.42773516e-04,2.18482075e+00,3.28299718e+00
2.15200000e+04,5.46782184e+00,1.42557568e-04,2.18471871e+00,3.28296057e+00
2.15300000e+04,5.46767773e+00,1.42387298e-04,2.18462042e+00,3.28291492e+00
2.15400000e+04,5.46753478e+00,1.42217342e-04,2.18452561e+00,3.28286695e+00
2.15500000e+04,5.46739180e+00,1.42057582e-04,2.18443385e+00,3.28281590e+00
2.15600000e+04,5.46724842e+00,1.41911827e-04,2.18434401e+00,3.28276249e+00
2.15700000e+04,5.46710576e+00,1.41770106e-04,2.18425567e+00,3.28270832e+00
2.15800000e+04,5.46696400e+00,1.41629640e-04,2.18416847e+00,3.28265389e+00
2.15900000e+04,5.46682250e+00,1.41492729e-04,2.18408224e+00,3.28259877e+00
2.16000000e+04,5.46668263e+00,1.41389091e-04,2.18399668e+00,3.28254456e+00
2.16100000e+04,5.46655149e+00,1.45018328e-04,2.18390404e+00,3.28250244e+00
2.16200000e+04,5.46646759e+00,1.46190413e-04,2.18381308e+00,3.28250832e+00
2.16300000e+04,5.46632595e+00,1.41407990e-04,2.18371542e+00,3.28246912e+00
2.16400000e+04,5.46619424e+00,1.42176051e-04,2.18362147e+00,3.28243060e+00
2.16500000e+04,5.46604898e+00,1.41306722e-04,2.18353911e+00,3.28236856e+00
2.16600000e+04,5.46592923e+00,1.40692652e-04,2.18345426e+00,3.28233427e+00
2.16700000e+04,5.46579151e+00,1.40646163e-04,2.18337656e+00,3.28227430e+00
2.16800000e+04,5.46568140e+00,1.40436064e-04,2.18328531e+00,3.28225566e+00
2.16900000e+04,5.46555061e+00,1.40408793e-04,2.18321205e+00,3.28219816e+00
2.17000000e+04,5.46543104e+00,1.40297163e-04,2.18313371e+00,3.28215703e+00
2.17100000e+04,5.46530811e+00,1.40204282e-04,2.18304170e+00,3.28212621e+00
2.17200000e+04,5.46518153e+00,1.40137901e-04,2.18294541e+00,3.28209599e+00
2.17300000e+04,5.46505664e+00,1.40058985e-04,2.18285210e+00,3.28206448e+00
2.17400000e+04,5.46493372e+00,1.39967883e-04,2.18276244e+00,3.28203131e+00
2.17500000e+04,5.46481111e+00,1.39886137e-04,2.18267620e+00,3.28199502e+00
2.17600000e+04,5.46468911e+00,1.39810135e-04,2.18259200e+00,3.28195730e+00
2.17700000e+04,5.46456783e+00,1.39734716e-04,2.18250980e+00,3.28191830e+00
2.17800000e+04,5.46444719e+00,1.39661874e-04,2.18242947e+00,3.28187805e+00
2.17900000e+04,5.46432698e+00,1.39588839e-04,2.18235065e+00,3.28183673e+00
2.18000000e+04,5.46420689e+00,1.39516562e-04,2.18227301e+00,3.28179436e+00
2.18100000e+04,5.46409270e+00,1.39367364e-04,2.18218560e+00,3.28176773e+00
2.18200000e+04,5.46398029e+00,1.39219979e-04,2.18209347e+00,3.28174760e+00
2.18300000e+04,5.46386417e+00,1.39104519e-04,2.18200449e+00,3.28172057e+00
2.18400000e+04,5.46374704e+00,1.39000729e-04,2.18191914e+00,3.28168890e+00
2.18500000e+04,5.46363054e+00,1.38900551e-04,2.18183716e+00,3.28165448e+00
2.18600000e+04,5.46351411e+00,1.38807680e-04,2.18175731e+00,3.28161799e+00
2.18700000e+04,5.46339758e+00,1.38723497e-04,2.18167937e+00,3.28157949e+00
2.18800000e+04,5.46327948e+00,1.38667541e-04,2.18160388e+00,3.28153693e+00
2.18900000e+04,5.46316215e+00,1.38632392e-04,2.18152973e+00,3.28149378e+00
2.19000000e+04,5.46305524e+00,1.38465495e-04,2.18145217e+00,3.28146461e+00
2.19100000e+04,5.46294663e+00,1.38306227e-04,2.18136324e+00,3.28144508e+00
2.19200000e+04,5.46283271e+00,1.38178943e-04,2.18127084e+00,3.28142368e+00
2.19300000e+04,5.46271727e+00,1.38072664e-04,2.18118140e+00,3.28139780e+00
2.19400000e+04,5.46260426e+00,1.37954200e-04,2.18109553e+00,3.28137077e+00
2.19500000e+04,5.46249076e+00,1.37848567e-04,2.18101302e+00,3.28133990e+00
2.19600000e+04,5.46237722e+00,1.37754124e-04,2.18093275e+00,3.28130671e+00
2.19700000e+04,5.46226448e+00,1.37661259e-04,2.18085435e+00,3.28127246e+00
2.19800000e+04,5.46215164e+00,1.37574313e-04,2.18077808e+00,3.28123599e+00
2.19900000e+04,5.46203950e+00,1.37486936e-04,2.18070322e+00,3.28119880e+00
2.20000000e+04,5.46192734e+00,1.37402014e-04,2.18062962e+00,3.28116033e+00
2.20100000e+04,5.46182042e+00,1.37252003e-04,2.18054604e+00,3.28113712e+00
2.20200000e+04,5.46171500e+00,1.37102025e-04,2.18045756e+00,3.28112034e+00
2.20300000e+04,5.46160618e+00,1.36979120e-04,2.18037231e+00,3.28109690e+00
2.20400000e+04,5.46149666e+00,1.36865533e-04,2.18029048e+00,3.28106932e+00
2.20500000e+04,5.46138712e+00,1.36757736e-04,2.18021167e+00,3.28103869e+00
2.20600000e+04,5.46127760e+00,1.36657955e-04,2.18013498e+00,3.28100596e+00
2.20700000e+04,5.46116812e+00,1.36563988e-04,2.18006030e+00,3.28097125e+00
2.20800000e+04,5.46105892e+00,1.36472939e-04,2.17998725e+00,3.28093519e+00
2.20900000e+04,5.46094989e+00,1.36383466e-04,2.17991544e+00,3.28089807e+00
2.21000000e+04,5.46084097e+00,1.36294760e-04,2.17984468e+00,3.28085999e+00
2.21100000e+04,5.46073683e+00,1.36141773e-04,2.17976176e+00,3.28083893e+00
2.21200000e+04,5.46064069e+00,1.36019911e-04,2.17967068e+00,3.28083399e+00
2.21300000e+04,5.46052726e+00,1.35890990e-04,2.17958727e+00,3.28080410e+00
2.21400000e+04,5.46042195e+00,1.35780122e-04,2.17950628e+00,3.28077989e+00
2.21500000e+04,5.46032033e+00,1.35637701e-04,2.17942735e+00,3.28075735e+00
2.21600000e+04,5.46021552e+00,1.35528215e-04,2.17935005e+00,3.28072994e+00
2.21700000e+04,5.46011833e+00,1.35432182e-04,2.17927846e+00,3.28070444e+00
2.21800000e+04,5.46001315e+00,1.35343197e-04,2.17920447e+00,3.28067334e+00
2.21900000e+04,5.45991192e+00,1.35247589e-04,2.17913572e+00,3.28064096e+00
2.22000000e+04,5.45980779e+00,1.35154939e-04,2.17906609e+00,3.28060655e+00
2.22100000e+04,5.45970731e+00,1.35010816e-04,2.17898672e+00,3.28058558e+00
2.22200000e+04,5.45960729e+00,1.34862585e-04,2.17890148e+00,3.28057095e+00
2.22300000e+04,5.45950381e+00,1.34737548e-04,2.17881889e+00,3.28055018e+00
2.22400000e+04,5.45939971e+00,1.34620502e-04,2.17873972e+00,3.28052537e+00
2.22500000e+04,5.45929562e+00,1.34508275e-04,2.17866321e+00,3.28049789e+00
2.22600000e+04,5.45919110e+00,1.34405934e-04,2.17858897e+00,3.28046772e+00
2.22700000e+04,5.45908671e+00,1.34308251e-04,2.17851680e+00,3.28043560e+00
2.22800000e+04,5.45898246e+00,1.34213852e-04,2.17844632e+00,3.28040193e+00
2.22900000e+04,5.45887843e+00,1.34120711e-04,2.17837726e+00,3.28036705e+00
2.23000000e+04,5.45877440e+00,1.34030061e-04,2.17830927e+00,3.28033110e+00
2.23100000e+04,5.45867508e+00,1.33888905e-04,2.17823080e+00,3.28031039e+00
2.23200000e+04,5.45857758e+00,1.33744408e-04,2.17814700e+00,3.28029683e+00
2.23300000e+04,5.45847728e+00,1.33619842e-04,2.17806631e+00,3.28027735e+00
2.23400000e+04,5.45837637e+00,1.33502884e-04,2.17798885e+00,3.28025401e+00
2.23500000e+04,5.45827519e+00,1.33392886e-04,2.17791381e+00,3.28022798e+00
2.23600000e+04,5.45817300e+00,1.33298732e-04,2.17784098e+00,3.28019872e+00
2.23700000e+04,5.45806697e+00,1.33284578e-04,2.17777072e+00,3.28016297e+00
2.23800000e+04,5.45797914e+00,1.33075398e-04,2.17769894e+00,3.28014712e+00
2.23900000e+04,5.45787407e+00,1.33014382e-04,2.17763275e+00,3.28010831e+00
2.24000000e+04,5.45777747e+00,1.32901280e-04,2.17756659e+00,3.28007798e+00
2.24100000e+04,5.45768401e+00,1.32757208e-04,2.17749113e+00,3.28006012e+00
2.24200000e+04,5.45759103e+00,1.32623452e-04,2.17741169e+00,3.28004673e+00
2.24300000e+04,5.45750243e+00,1.32503501e-04,2.17733505e+00,3.28003488e+00
2.24400000e+04,5.45741219e+00,1.32377355e-04,2.17724640e+00,3.28003341e+00
2.24500000e+04,5.45732098e+00,1.32267070e-04,2.17716874e+00,3.28001997e+00
2.24600000e+04,5.45722812e+00,1.32161418e-04,2.17709868e+00,3.27999728e+00
2.24700000e+04,5.45713116e+00,1.32063784e-04,2.17702752e+00,3.27997158e+00
2.24800000e+04,5.45703545e+00,1.31967214e-04,2.17696069e+00,3.27994279e+00
2.24900000e+04,5.45693954e+00,1.31873010e-04,2.17689487e+00,3.27991279e+00
2.25000000e+04,5.45684302e+00,1.31780784e-04,2.17682972e+00,3.27988152e+00
2.25100000e+04,5.45675084e+00,1.31645838e-04,2.17675483e+00,3.27986436e+00
2.25200000e+04,5.45665995e+00,1.31506042e-04,2.17667486e+00,3.27985358e+00
2.25300000e+04,5.45656648e+00,1.31382694e-04,2.17659754e+00,3.27983756e+00
2.25400000e+04,5.45647255e+00,1.31263897e-04,2.17652344e+00,3.27981784e+00
2.25500000e+04,5.45637803e+00,1.31152348e-04,2.17645126e+00,3.27979561e+00
2.25600000e+04,5.45628312e+00,1.31050499e-04,2.17638109e+00,3.27977098e+00
2.25700000e+04,5.45618711e+00,1.30961299e-04,2.17631287e+00,3.27974328e+00
2.25800000e+04,5.45608640e+00,1.30965899e-04,2.17624676e+00,3.27970868e+00
2.25900000e+04,5.45600729e+00,1.30736892e-04,2.17617935e+00,3.27969721e+00
2.26000000e+04,5.45591052e+00,1.30653908e-04,2.17611617e+00,3.27966370e+00
2.26100000e+04,5.45581892e+00,1.30540226e-04,2.17604077e+00,3.27964761e+00
2.26200000e+04,5.45573170e+00,1.30390539e-04,2.17595936e+00,3.27964195e+00
2.26300000e+04,5.45564144e+00,1.30262959e-04,2.17588062e+00,3.27963056e+00
2.26400000e+04,5.45554961e+00,1.30148601e-04,2.17580541e+00,3.27961406e+00
2.26500000e+04,5.45545804e+00,1.30037863e-04,2.17573216e+00,3.27959585e+00
2.26600000e+04,5.45536661e+00,1.29931644e-04,2.17566078e+00,3.27957591e+00
2.26700000e+04,5.45527452e+00,1.29834644e-04,2.17559148e+00,3.27955321e+00
2.26800000e+04,5.45518263e+00,1.29738160e-04,2.17552394e+00,3.27952895e+00
2.26900000e+04,5.45509079e+00,1.29643302e-04,2.17545786e+00,3.27950329e+00
2.27000000e+04,5.45499872e+00,1.29551534e-04,2.17539286e+00,3.27947631e+00
2.27100000e+04,5.45491118e+00,1.29423737e-04,2.17531817e+00,3.27946359e+00
2.27200000e+04,5.45482611e+00,1.29288929e-04,2.17523901e+00,3.27945781e+00
2.27300000e+04,5.45473844e+00,1.29167796e-04,2.17516248e+00,3.27944679e+00
2.27400000e+04,5.45465030e+00,1.29050836e-04,2.17508917e+00,3.27943207e+00
2.27500000e+04,5.45456175e+00,1.28940299e-04,2.17501773e+00,3.27941508e+00
2.27600000e+04,5.45447261e+00,1.28838013e-04,2.17494806e+00,3.27939572e+00
2.27700000e+04,5.45438329e+00,1.28741269e-04,2.17488026e+00,3.27937428e+00
2.27800000e+04,5.45429386e+00,1.28646568e-04,2.17481421e+00,3.27935100e+00
2.27900000e+04,5.45420450e+00,1.28553318e-04,2.17474945e+00,3.27932649e+00
2.28000000e+04,5.45411487e+00,1.28462366e-04,2.17468567e+00,3.27930073e+00
2.28100000e+04,5.45402976e+00,1.28337587e-04,2.17461181e+00,3.27928961e+00
2.28200000e+04,5.45394852e+00,1.28197178e-04,2.17453336e+00,3.27928696e+00
2.28300000e+04,5.45386974e+00,1.28076648e-04,2.17445718e+00,3.27928449e+00
2.28400000e+04,5.45377738e+00,1.27982677e-04,2.17438512e+00,3.27926428e+00
2.28500000e+04,5.45369386e+00,1.27869603e-04,2.17431551e+00,3.27925048e+00
2.28600000e+04,5.45361257e+00,1.27742674e-04,2.17424793e+00,3.27923690e+00
2.28700000e+04,5.45352660e+00,1.27651045e-04,2.17418285e+00,3.27921610e+00
2.28800000e+04,5.45344059e+00,1.27563051e-04,2.17411952e+00,3.27919351e+00
2.28900000e+04,5.45335629e+00,1.27463359e-04,2.17405718e+00,3.27917165e+00
2.29000000e+04,5.45327084e+00,1.27374650e-04,2.17399583e+00,3.27914763e+00
2.29100000e+04,5.45319016e+00,1.27258316e-04,2.17392510e+00,3.27913780e+00
2.29200000e+04,5.45311252e+00,1.27144463e-04,2.17385019e+00,3.27913519e+00
2.29300000e+04,5.45303214e+00,1.27171601e-04,2.17377759e+00,3.27912738e+00
2.29400000e+04,5.45295164e+00,1.26902263e-04,2.17370823e+00,3.27911650e+00
2.29500000e+04,5.45287003e+00,1.26803289e-04,2.17364045e+00,3.27910278e+00
2.29600000e+04,5.45278832e+00,1.26704328e-04,2.17357418e+00,3.27908744e+00
2.29700000e+04,5.45270599e+00,1.26601876e-04,2.17350965e+00,3.27906973e+00
2.29800000e+04,5.45262365e+00,1.26506727e-04,2.17344668e+00,3.27905046e+00
2.29900000e+04,5.45254109e+00,1.26416163e-04,2.17338499e+00,3.27902969e+00
2.30000000e+04,5.45245827e+00,1.26328266e-04,2.17332418e+00,3.27900776e+00
2.30100000e+04,5.45237895e+00,1.26220033e-04,2.17325418e+00,3.27899856e+00
2.30200000e+04,5.45230246e+00,1.26099810e-04,2.17318034e+00,3.27899601e+00
2.30300000e+04,5.45222358e+00,1.25987801e-04,2.17310881e+00,3.27898878e+00
2.30400000e+04,5.45214461e+00,1.25875039e-04,2.17304018e+00,3.27897856e+00
2.30500000e+04,5.45206668e+00,1.25762042e-04,2.17297316e+00,3.27896776e+00
2.30600000e+04,5.45199066e+00,1.25657777e-04,2.17290755e+00,3.27895745e+00
2.30700000e+04,5.45190432e+00,1.25596911e-04,2.17284417e+00,3.27893455e+00
2.30800000e+04,5.45182692e+00,1.25491493e-04,2.17278294e+00,3.27891849e+00
2.30900000e+04,5.45174914e+00,1.25392450e-04,2.17272326e+00,3.27890049e+00
2.31000000e+04,5.45166734e+00,1.25333540e-04,2.17266488e+00,3.27887712e+00
2.31100000e+04,5.45157572e+00,1.25330673e-04,2.17258318e+00,3.27886721e+00
2.31200000e+04,5.45148429e+00,1.25318997e-04,2.17249320e+00,3.27886577e+00
2.31300000e+04,5.45140212e+00,1.25268082e-04,2.17240891e+00,3.27886794e+00
2.31400000e+04,5.45132114e+00,1.25182320e-04,2.17231568e+00,3.27888028e+00
2.31500000e+04,5.45123628e+00,1.25132296e-04,2.17222892e+00,3.27888223e+00
2.31600000e+04,5.45115395e+00,1.25318256e-04,2.17215120e+00,3.27887743e+00
2.31700000e+04,5.45106771e+00,1.25165531e-04,2.17207492e+00,3.27886762e+00
2.31800000e+04,5.45098223e+00,1.24965353e-04,2.17200085e+00,3.27885641e+00
2.31900000e+04,5.45089677e+00,1.24874307e-04,2.17193021e+00,3.27884168e+00
2.32000000e+04,5.45081113e+00,1.24793448e-04,2.17186050e+00,3.27882585e+00
2.32100000e+04,5.45073047e+00,1.24711794e-04,2.17178299e+00,3.27882277e+00
2.32200000e+04,5.45065370e+00,1.24611339e-04,2.17170266e+00,3.27882643e+00
2.32300000e+04,5.45057390e+00,1.24519759e-04,2.17162525e+00,3.27882413e+00
2.32400000e+04,5.45049444e+00,1.24427195e-04,2.17155094e+00,3.27881908e+00
2.32500000e+04,5.45041986e+00,1.24330296e-04,2.17147854e+00,3.27881699e+00
2.32600000e+04,5.45032875e+00,1.24313858e-04,2.17140779e+00,3.27879665e+00
2.32700000e+04,5.45025756e+00,1.24177527e-04,2.17134011e+00,3.27879327e+00
2.32800000e+04,5.45017415e+00,1.24124692e-04,2.17127446e+00,3.27877557e+00
2.32900000e+04,5.45009282e+00,1.24063840e-04,2.17121064e+00,3.27875811e+00
2.33000000e+04,5.45001395e+00,1.23985370e-04,2.17114799e+00,3.27874197e+00
2.33100000e+04,5.44993151e+00,1.23933429e-04,2.17106651e+00,3.27874106e+00
2.33200000e+04,5.44985268e+00,1.23885186e-04,2.17097704e+00,3.27875175e+00
2.33300000e+04,5.44977183e+00,1.23898158e-04,2.17088980e+00,3.27875814e+00
2.33400000e+04,5.44968971e+00,1.23688665e-04,2.17080675e+00,3.27875927e+00
2.33500000e+04,5.44960791e+00,1.23590993e-04,2.17072578e+00,3.27875854e+00
2.33600000e+04,5.44952544e+00,1.23524027e-04,2.17064709e+00,3.27875482e+00
2.33700000e+04,5.44944232e+00,1.23455544e-04,2.17057112e+00,3.27874775e+00
2.33800000e+04,5.44935918e+00,1.23387686e-04,2.17049721e+00,3.27873859e+00
2.33900000e+04,5.44927554e+00,1.23324939e-04,2.17042529e+00,3.27872693e+00
2.34000000e+04,5.44919170e+00,1.23263363e-04,2.17035502e+00,3.27871342e+00
2.34100000e+04,5.44911368e+00,1.23183641e-04,2.17027690e+00,3.27871360e+00
2.34200000e+04,5.44904000e+00,1.23087733e-04,2.17019644e+00,3.27872047e+00
2.34300000e+04,5.44896333e+00,1.23001972e-04,2.17011877e+00,3.27872156e+00
2.34400000e+04,5.44888586e+00,1.22921539e-04,2.17004408e+00,3.27871886e+00
2.34500000e+04,5.44880846e+00,1.22918693e-04,2.16997119e+00,3.27871435e+00
2.34600000e+04,5.44873694e+00,1.22863014e-04,2.16990029e+00,3.27871378e+00
2.34700000e+04,5.44864792e+00,1.22787351e-04,2.16983050e+00,3.27869464e+00
2.34800000e+04,5.44857907e+00,1.22629172e-04,2.16976451e+00,3.27869193e+00
2.34900000e+04,5.44849608e+00,1.22590119e-04,2.16969948e+00,3.27867401e+00
2.35000000e+04,5.44841821e+00,1.22523251e-04,2.16963632e+00,3.27865937e+00
2.35100000e+04,5.44834123e+00,1.22478247e-04,2.16956085e+00,3.27865791e+00
2.35200000e+04,5.44826623e+00,1.22425952e-04,2.16948136e+00,3.27866244e+00
2.35300000e+04,5.44819223e+00,1.22352205e-04,2.16940447e+00,3.27866541e+00
2.35400000e+04,5.44811708e+00,1.22282763e-04,2.16933060e+00,3.27866419e+00
2.35500000e+04,5.44804141e+00,1.22219445e-04,2.16925832e+00,3.27866087e+00
2.35600000e+04,5.44796510e+00,1.22160455e-04,2.16918772e+00,3.27865522e+00
2.35700000e+04,5.44788854e+00,1.22102768e-04,2.16911897e+00,3.27864747e+00
2.35800000e+04,5.44781154e+00,1.22046775e-04,2.16905201e+00,3.27863748e+00
2.35900000e+04,5.44773413e+00,1.21992482e-04,2.16898638e+00,3.27862576e+00
2.36000000e+04,5.44765636e+00,1.21940808e-04,2.16892199e+00,3.27861243e+00
2.36100000e+04,5.44758425e+00,1.21877935e-04,2.16884952e+00,3.27861285e+00
2.36200000e+04,5.44751698e+00,1.21796098e-04,2.16877484e+00,3.27862035e+00
2.36300000e+04,5.44744623e+00,1.21741190e-04,2.16870245e+00,3.27862204e+00
2.36400000e+04,5.44737349e+00,1.22078979e-04,2.16863275e+00,3.27861866e+00
2.36500000e+04,5.44730639e+00,1.21662553e-04,2.16856400e+00,3.27862073e+00
2.36600000e+04,5.44723303e+00,1.21552205e-04,2.16849752e+00,3.27861396e+00
2.36700000e+04,5.44716966e+00,1.21509369e-04,2.16843273e+00,3.27861542e+00
2.36800000e+04,5.44708207e+00,1.21460844e-04,2.16836864e+00,3.27859197e+00
2.36900000e+04,5.44701782e+00,1.21340385e-04,2.16830786e+00,3.27858863e+00
2.37000000e+04,5.44694399e+00,1.21295824e-04,2.16824795e+00,3.27857474e+00
2.37100000e+04,5.44686908e+00,1.21286269e-04,2.16816962e+00,3.27857818e+00
2.37200000e+04,5.44680255e+00,1.21524069e-04,2.16808534e+00,3.27859569e+00
2.37300000e+04,5.44673527e+00,1.21830897e-04,2.16799336e+00,3.27862008e+00
2.37400000e+04,5.44667732e+00,1.21303446e-04,2.16791384e+00,3.27864218e+00
2.37500000e+04,5.44660449e+00,1.21089482e-04,2.16782812e+00,3.27865528e+00
2.37600000e+04,5.44653491e+00,1.20986782e-04,2.16775212e+00,3.27866181e+00
2.37700000e+04,5.44646219e+00,1.20937992e-04,2.16767899e+00,3.27866226e+00
2.37800000e+04,5.44638754e+00,1.20893006e-04,2.16760705e+00,3.27865959e+00
2.37900000e+04,5.44631291e+00,1.20850347e-04,2.16753795e+00,3.27865411e+00
2.38000000e+04,5.44623781e+00,1.20809812e-04,2.16747037e+00,3.27864664e+00
2.38100000e+04,5.44616779e+00,1.20775186e-04,2.16739524e+00,3.27865177e+00
2.38200000e+04,5.44610284e+00,1.20718158e-04,2.16731884e+00,3.27866328e+00
2.38300000e+04,5.44603533e+00,1.20659831e-04,2.16724506e+00,3.27866961e+00
2.38400000e+04,5.44596623e+00,1.20604030e-04,2.16717386e+00,3.27867176e+00
2.38500000e+04,5.44589547e+00,1.20559324e-04,2.16710412e+00,3.27867079e+00
2.38600000e+04,5.44582277e+00,1.20526759e-04,2.16703585e+00,3.27866640e+00
2.38700000e+04,5.44574372e+00,1.20563421e-04,2.16696871e+00,3.27865444e+00
2.38800000e+04,5.44569032e+00,1.20390918e-04,2.16690606e+00,3.27866387e+00
2.38900000e+04,5.44561032e+00,1.20401145e-04,2.16684284e+00,3.27864708e+00
2.39000000e+04,5.44554165e+00,1.20341261e-04,2.16678209e+00,3.27863922e+00
2.39100000e+04,5.44547662e+00,1.20299109e-04,2.16671354e+00,3.27864277e+00
2.39200000e+04,5.44541474e+00,1.20248808e-04,2.16664297e+00,3.27865152e+00
2.39300000e+04,5.44535281e+00,1.20182401e-04,2.16657462e+00,3.27865801e+00
2.39400000e+04,5.44528764e+00,1.20129692e-04,2.16650827e+00,3.27865924e+00
2.39500000e+04,5.44522188e+00,1.20080358e-04,2.16644330e+00,3.27865850e+00
2.39600000e+04,5.44515516e+00,1.20034372e-04,2.16637960e+00,3.27865553e+00
2.39700000e+04,5.44508793e+00,1.19989493e-04,2.16631738e+00,3.27865056e+00
2.39800000e+04,5.44501970e+00,1.19948204e-04,2.16625633e+00,3.27864342e+00
2.39900000e+04,5.44495079e+00,1.19909082e-04,2.16619637e+00,3.27863451e+00
2.40000000e+04,5.44488122e+00,1.19872072e-04,2.16613737e+00,3.27862398e+00
2.40100000e+04,5.44481812e+00,1.19837483e-04,2.16607073e+00,3.27862755e+00
2.40200000e+04,5.44476112e+00,1.19778275e-04,2.16600252e+00,3.27863882e+00
2.40300000e+04,5.44470103e+00,1.19721101e-04,2.16593616e+00,3.27864514e+00
2.40400000e+04,5.44463912e+00,1.19666423e-04,2.16587187e+00,3.27864758e+00
2.40500000e+04,5.44457588e+00,1.19618844e-04,2.16580876e+00,3.27864750e+00
2.40600000e+04,5.44451218e+00,1.19570944e-04,2.16574709e+00,3.27864552e+00
2.40700000e+04,5.44444894e+00,1.19519667e-04,2.16568680e+00,3.27864262e+00
2.40800000e+04,5.44439306e+00,1.19476267e-04,2.16562856e+00,3.27864503e+00
2.40900000e+04,5.44431434e+00,1.19704158e-04,2.16556881e+00,3.27862583e+00
2.41000000e+04,5.44425645e+00,1.20041425e-04,2.16551466e+00,3.27862175e+00
2.41100000e+04,5.44414584e+00,1.27270183e-04,2.16541039e+00,3.27860818e+00
2.41200000e+04,5.44405498e+00,1.22397570e-04,2.16528839e+00,3.27864420e+00
2.41300000e+04,5.44397611e+00,1.20728786e-04,2.16517092e+00,3.27868447e+00
2.41400000e+04,5.44389975e+00,1.20343880e-04,2.16505895e+00,3.27872046e+00
2.41500000e+04,5.44382547e+00,1.20494689e-04,2.16495247e+00,3.27875251e+00
2.41600000e+04,5.44374622e+00,1.20495256e-04,2.16485019e+00,3.27877554e+00
2.41700000e+04,5.44366762e+00,1.20544547e-04,2.16475329e+00,3.27879378e+00
2.41800000e+04,5.44358754e+00,1.20600180e-04,2.16466016e+00,3.27880677e+00
2.41900000e+04,5.44350614e+00,1.20651979e-04,2.16457040e+00,3.27881509e+00
2.42000000e+04,5.44342313e+00,1.20709143e-04,2.16448353e+00,3.27881889e+00
2.42100000e+04,5.44334704e+00,1.20775926e-04,2.16439149e+00,3.27883477e+00
2.42200000e+04,5.44327785e+00,1.20807098e-04,2.16430043e+00,3.27885661e+00
2.42300000e+04,5.44320471e+00,1.20836767e-04,2.16421289e+00,3.27887098e+00
2.42400000e+04,5.44312879e+00,1.20875422e-04,2.16412847e+00,3.27887944e+00
2.42500000e+04,5.44305058e+00,1.20922869e-04,2.16404595e+00,3.27888371e+00
2.42600000e+04,5.44297108e+00,1.20970342e-04,2.16396564e+00,3.27888447e+00
2.42700000e+04,5.44288726e+00,1.21041657e-04,2.16388696e+00,3.27887926e+00
2.42800000e+04,5.44279685e+00,1.21182846e-04,2.16380974e+00,3.27886593e+00
2.42900000e+04,5.44273494e+00,1.21080927e-04,2.16373857e+00,3.27887528e+00
2.43000000e+04,5.44265542e+00,1.21121014e-04,2.16366756e+00,3.27886674e+00
2.43100000e+04,5.44256665e+00,1.21322029e-04,2.16355500e+00,3.27889033e+00
2.43200000e+04,5.44250317e+00,1.21334402e-04,2.16343000e+00,3.27895183e+00
2.43300000e+04,5.44242974e+00,1.21371834e-04,2.16330757e+00,3.27900079e+00
2.43400000e+04,5.44235410e+00,1.21421618e-04,2.16319074e+00,3.27904194e+00
2.43500000e+04,5.44227468e+00,1.21478578e-04,2.16307863e+00,3.27907457e+00
2.43600000e+04,5.44219059e+00,1.21535136e-04,2.16297110e+00,3.27909796e+00
2.43700000e+04,5.44210369e+00,1.21584286e-04,2.16286860e+00,3.27911350e+00
2.43800000e+04,5.44201262e+00,1.21646069e-04,2.16276968e+00,3.27912129e+00
2.43900000e+04,5.44191818e+00,1.21715928e-04,2.16267411e+00,3.27912235e+00
2.44000000e+04,5.44182140e+00,1.21790611e-04,2.16258117e+00,3.27911844e+00
2.44100000e+04,5.44173318e+00,1.21893587e-04,2.16248243e+00,3.27912886e+00
2.44200000e+04,5.44165271e+00,1.21954269e-04,2.16238505e+00,3.27914571e+00
2.44300000e+04,5.44156720e+00,1.22009639e-04,2.16229122e+00,3.27915397e+00
2.44400000e+04,5.44147791e+00,1.22076226e-04,2.16220031e+00,3.27915552e+00
2.44500000e+04,5.44138601e+00,1.22151595e-04,2.16211139e+00,3.27915246e+00
2.44600000e+04,5.44129240e+00,1.22224603e-04,2.16202461e+00,3.27914557e+00
2.44700000e+04,5.44119483e+00,1.22313540e-04,2.16193956e+00,3.27913296e+00
2.44800000e+04,5.44107899e+00,1.22576814e-04,2.16185413e+00,3.27910228e+00
2.44900000e+04,5.44101884e+00,1.22596419e-04,2.16177911e+00,3.27911714e+00
2.45000000e+04,5.44091988e+00,1.22516492e-04,2.16170170e+00,3.27909566e+00
2.45100000e+04,5.44082054e+00,1.22787203e-04,2.16157286e+00,3.27912488e+00
2.45200000e+04,5.44075580e+00,1.22856656e-04,2.16143103e+00,3.27920192e+00
2.45300000e+04,5.44069013e+00,1.22886363e-04,2.16128638e+00,3.27928087e+00
2.45400000e+04,5.44060481e+00,1.23006701e-04,2.16113972e+00,3.27934209e+00
2.45500000e+04,5.44051763e+00,1.23107648e-04,2.16100880e+00,3.27938572e+00
2.45600000e+04,5.44041935e+00,1.23204016e-04,2.16088676e+00,3.27940939e+00
2.45700000e+04,5.44031159e+00,1.23312160e-04,2.16077055e+00,3.27941773e+00
2.45800000e+04,5.44019760e+00,1.23431500e-04,2.16065833e+00,3.27941584e+00
2.45900000e+04,5.44007776e+00,1.23565589e-04,2.16054984e+00,3.27940435e+00
2.46000000e+04,5.43995401e+00,1.23706242e-04,2.16044430e+00,3.27938600e+00
2.46100000e+04,5.43984033e+00,1.23906527e-04,2.16033222e+00,3.27938421e+00
2.46200000e+04,5.43973545e+00,1.24047355e-04,2.16022207e+00,3.27938933e+00
2.46300000e+04,5.43962423e+00,1.24172180e-04,2.16011591e+00,3.27938415e+00
2.46400000e+04,5.43950766e+00,1.24315990e-04,2.16001256e+00,3.27937078e+00
2.46500000e+04,5.43938802e+00,1.24462559e-04,2.15991144e+00,3.27935211e+00
2.46600000e+04,5.43926611e+00,1.24601700e-04,2.15981267e+00,3.27932883e+00
2.46700000e+04,5.43914126e+00,1.24744628e-04,2.15971586e+00,3.27930066e+00
2.46800000e+04,5.43901247e+00,1.24899126e-04,2.15962045e+00,3.27926711e+00
2.46900000e+04,5.43887460e+00,1.25106368e-04,2.15952542e+00,3.27922408e+00
2.47000000e+04,5.43874015e+00,1.25303894e-04,2.15943297e+00,3.27918187e+00
2.47100000e+04,5.43855266e+00,1.26557140e-04,2.15923226e+00,3.27919385e+00
2.47200000e+04,5.43842005e+00,1.27106307e-04,2.15903563e+00,3.27925731e+00
2.47300000e+04,5.43826379e+00,1.27659879e-04,2.15884971e+00,3.27928642e+00
2.47400000e+04,5.43811526e+00,1.28124233e-04,2.15868155e+00,3.27930559e+00
2.47500000e+04,5.43795671e+00,1.28543824e-04,2.15852162e+00,3.27930654e+00
2.47600000e+04,5.43779139e+00,1.28864167e-04,2.15837106e+00,3.27929146e+00
2.47700000e+04,5.43761879e+00,1.29165861e-04,2.15822851e+00,3.27926111e+00
2.47800000e+04,5.43743645e+00,1.29508191e-04,2.15809006e+00,3.27921688e+00
2.47900000e+04,5.43724655e+00,1.29862810e-04,2.15795561e+00,3.27916108e+00
2.48000000e+04,5.43705119e+00,1.30225574e-04,2.15782361e+00,3.27909735e+00
2.48100000e+04,5.43686840e+00,1.30723658e-04,2.15768249e+00,3.27905519e+00
2.48200000e+04,5.43669766e+00,1.31114838e-04,2.15754407e+00,3.27902248e+00
2.48300000e+04,5.43651877e+00,1.31476241e-04,2.15740995e+00,3.27897735e+00
2.48400000e+04,5.43633494e+00,1.31846722e-04,2.15727939e+00,3.27892370e+00
2.48500000e+04,5.43614810e+00,1.32202162e-04,2.15715175e+00,3.27886414e+00
2.48600000e+04,5.43595881e+00,1.32541585e-04,2.15702690e+00,3.27879936e+00
2.48700000e+04,5.43576611e+00,1.32882708e-04,2.15690411e+00,3.27872911e+00
2.48800000e+04,5.43556997e+00,1.33251444e-04,2.15678278e+00,3.27865394e+00
2.48900000e+04,5.43537214e+00,1.34000928e-04,2.15666278e+00,3.27857535e+00
2.49000000e+04,5.43517245e+00,1.34083511e-04,2.15654393e+00,3.27849444e+00
2.49100000e+04,5.43498963e+00,1.34478117e-04,2.15641269e+00,3.27844246e+00
2.49200000e+04,5.43483020e+00,1.34774299e-04,2.15628473e+00,3.27841069e+00
2.49300000e+04,5.43463114e+00,1.35322068e-04,2.15615505e+00,3.27834077e+00
2.49400000e+04,5.43446637e+00,1.35580651e-04,2.15603649e+00,3.27829430e+00
2.49500000e+04,5.43427712e+00,1.35995548e-04,2.15591674e+00,3.27822438e+00
2.49600000e+04,5.43410092e+00,1.36275527e-04,2.15580197e+00,3.27816268e+00
2.49700000e+04,5.43391250e+00,1.36631463e-04,2.15568711e+00,3.27808875e+00
2.49800000e+04,5.43372355e+00,1.36970816e-04,2.15557383e+00,3.27801275e+00
2.49900000e+04,5.43353360e+00,1.37302190e-04,2.15546180e+00,3.27793450e+00
2.50000000e+04,5.43334050e+00,1.37647121e-04,2.15535030e+00,3.27785256e+00
2.50100000e+04,5.43315499e+00,1.38221258e-04,2.15522403e+00,3.27779274e+00
2.50200000e+04,5.43298218e+00,1.38680559e-04,2.15509909e+00,3.27774441e+00
2.50300000e+04,5.43280650e+00,1.39080912e-04,2.15497747e+00,3.27768995e+00
2.50400000e+04,5.43263789e+00,1.39408819e-04,2.15486156e+00,3.27763691e+00
2.50500000e+04,5.43243893e+00,1.39939420e-04,2.15474361e+00,3.27755538e+00
2.50600000e+04,5.43227095e+00,1.40185516e-04,2.15463433e+00,3.27749644e+00
2.50700000e+04,5.43208299e+00,1.40578716e-04,2.15452344e+00,3.27741898e+00
2.50800000e+04,5.43189909e+00,1.40913157e-04,2.15441489e+00,3.27734329e+00
2.50900000e+04,5.43171212e+00,1.41261638e-04,2.15430697e+00,3.27726389e+00
2.51000000e+04,5.43152159e+00,1.41679021e-04,2.15419886e+00,3.27718106e+00
2.51100000e+04,5.43131278e+00,1.42454774e-04,2.15407255e+00,3.27709777e+00
2.51200000e+04,5.43111657e+00,1.43142297e-04,2.15394653e+00,3.27702690e+00
2.51300000e+04,5.43092389e+00,1.43717122e-04,2.15382457e+00,3.27695559e+00
2.51400000e+04,5.43073943e+00,1.44196867e-04,2.15370764e+00,3.27688759e+00
2.51500000e+04,5.43056012e+00,1.44585332e-04,2.15359472e+00,3.27682082e+00
2.51600000e+04,5.43037435e+00,1.45011708e-04,2.15348300e+00,3.27674634e+00
2.51700000e+04,5.43018214e+00,1.45480339e-04,2.15337290e+00,3.27666376e+00
2.51800000e+04,5.42999037e+00,1.45927000e-04,2.15326481e+00,3.27657963e+00
2.51900000e+04,5.42980822e+00,1.46264856e-04,2.15316019e+00,3.27650177e+00
2.52000000e+04,5.42961234e+00,1.46713748e-04,2.15305349e+00,3.27641214e+00
2.52100000e+04,5.42941127e+00,1.47496570e-04,2.15292586e+00,3.27633792e+00
2.52200000e+04,5.42921808e+00,1.48159640e-04,2.15280036e+00,3.27626956e+00
2.52300000e+04,5.42902217e+00,1.48854759e-04,2.15267792e+00,3.27619540e+00
2.52400000e+04,5.42882876e+00,1.49587113e-04,2.15256076e+00,3.27611842e+00
2.52500000e+04,5.42863803e+00,1.49848410e-04,2.15244724e+00,3.27604094e+00
2.52600000e+04,5.42844494e+00,1.50499199e-04,2.15233462e+00,3.27595982e+00
2.52700000e+04,5.42825478e+00,1.50781706e-04,2.15222199e+00,3.27588201e+00
2.52800000e+04,5.42805505e+00,1.51208316e-04,2.15211170e+00,3.27579214e+00
2.52900000e+04,5.42785687e+00,1.51655826e-04,2.15200130e+00,3.27570391e+00
2.53000000e+04,5.42765496e+00,1.52102130e-04,2.15189195e+00,3.27561091e+00
2.53100000e+04,5.42744456e+00,1.52902771e-04,2.15176653e+00,3.27552512e+00
2.53200000e+04,5.42725298e+00,1.53512688e-04,2.15164763e+00,3.27545183e+00
2.53300000e+04,5.42703350e+00,1.54331614e-04,2.15152704e+00,3.27535213e+00
2.53400000e+04,5.42683385e+00,1.54958352e-04,2.15141510e+00,3.27526379e+00
2.53500000e+04,5.42664850e+00,1.55390290e-04,2.15130838e+00,3.27518473e+00
2.53600000e+04,5.42645870e+00,1.55851450e-04,2.15120139e+00,3.27510147e+00
2.53700000e+04,5.42626233e+00,1.56352139e-04,2.15109422e+00,3.27501176e+00
2.53800000e+04,5.42606618e+00,1.56830676e-04,2.15098803e+00,3.27492132e+00
2.53900000e+04,5.42587014e+00,1.57290026e-04,2.15088272e+00,3.27483013e+00
2.54000000e+04,5.42567106e+00,1.57768058e-04,2.15077734e+00,3.27473595e+00
2.54100000e+04,5.42545767e+00,1.58621019e-04,2.15065567e+00,3.27464338e+00
2.54200000e+04,5.42525021e+00,1.59384602e-04,2.15052742e+00,3.27456340e+00
2.54300000e+04,5.42505485e+00,1.60079831e-04,2.15040562e+00,3.27448914e+00
2.54400000e+04,5.42486021e+00,1.60705503e-04,2.15029276e+00,3.27440674e+00
2.54500000e+04,5.42466383e+00,1.61252197e-04,2.15017671e+00,3.27432587e+00
2.54600000e+04,5.42446521e+00,1.61775576e-04,2.15006943e+00,3.27423400e+00
2.54700000e+04,5.42426324e+00,1.62285353e-04,2.14996064e+00,3.27414032e+00
2.54800000e+04,5.42405936e+00,1.62846087e-04,2.14985355e+00,3.27404296e+00
2.54900000e+04,5.42385563e+00,1.63378474e-04,2.14974642e+00,3.27394583e+00
2.55000000e+04,5.42365207e+00,1.63845592e-04,2.14963859e+00,3.27384964e+00
2.55100000e+04,5.42341693e+00,1.64863550e-04,2.14951226e+00,3.27373980e+00
2.55200000e+04,5.42318914e+00,1.65748318e-04,2.14939149e+00,3.27363190e+00
2.55300000e+04,5.42297914e+00,1.66655082e-04,2.14927683e+00,3.27353565e+00
2.55400000e+04,5.42275730e+00,1.67364598e-04,2.14916441e+00,3.27342553e+00
2.55500000e+04,5.42254589e+00,1.68068876e-04,2.14905589e+00,3.27332193e+00
2.55600000e+04,5.42234403e+00,1.68618787e-04,2.14894961e+00,3.27322581e+00
2.55700000e+04,5.42214523e+00,1.69098553e-04,2.14884510e+00,3.27313103e+00
2.55800000e+04,5.42194355e+00,1.69637506e-04,2.14874025e+00,3.27303366e+00
2.55900000e+04,5.42173858e+00,1.70203188e-04,2.14863522e+00,3.27293315e+00
2.56000000e+04,5.42153240e+00,1.70764970e-04,2.14853019e+00,3.27283144e+00
2.56100000e+04,5.42130077e+00,1.71807921e-04,2.14840743e+00,3.27272152e+00
2.56200000e+04,5.42107229e+00,1.72747870e-04,2.14828974e+00,3.27260980e+00
2.56300000e+04,5.42084756e+00,1.73638438e-04,2.14817507e+00,3.27249885e+00
2.56400000e+04,5.42063078e+00,1.74399665e-04,2.14806484e+00,3.27239154e+00
2.56500000e+04,5.42041875e+00,1.75066856e-04,2.14795644e+00,3.27228724e+00
2.56600000e+04,5.42020817e+00,1.75706126e-04,2.14784776e+00,3.27218470e+00
2.56700000e+04,5.41999780e+00,1.76315360e-04,2.14774004e+00,3.27208144e+00
2.56800000e+04,5.41978571e+00,1.76930042e-04,2.14763228e+00,3.27197650e+00
2.56900000e+04,5.41957262e+00,1.77538146e-04,2.14752485e+00,3.27187024e+00
2.57000000e+04,5.41935865e+00,1.78147089e-04,2.14741738e+00,3.27176312e+00
2.57100000e+04,5.41910904e+00,1.80517770e-04,2.14729378e+00,3.27163474e+00
2.57200000e+04,5.41887074e+00,1.80902918e-04,2.14717279e+00,3.27151704e+00
2.57300000e+04,5.41863726e+00,1.81825820e-04,2.14705644e+00,3.27139900e+00
2.57400000e+04,5.41841729e+00,1.82207283e-04,2.14694531e+00,3.27128977e+00
2.57500000e+04,5.41819061e+00,1.82960304e-04,2.14683425e+00,3.27117340e+00
2.57600000e+04,5.41797164e+00,1.83707624e-04,2.14672453e+00,3.27106341e+00
2.57700000e+04,5.41776122e+00,1.84332206e-04,2.14661802e+00,3.27095887e+00
2.57800000e+04,5.41754134e+00,1.85053521e-04,2.14650965e+00,3.27084664e+00
2.57900000e+04,5.41732788e+00,1.85683026e-04,2.14640308e+00,3.27073911e+00
2.58000000e+04,5.41710942e+00,1.86361929e-04,2.14629543e+00,3.27062762e+00
2.58100000e+04,5.41685847e+00,1.87605794e-04,2.14616965e+00,3.27050120e+00
2.58200000e+04,5.41660899e+00,1.88772863e-04,2.14604936e+00,3.27037086e+00
2.58300000e+04,5.41636770e+00,1.89850886e-04,2.14593260e+00,3.27024525e+00
2.58400000e+04,5.41613474e+00,1.90764645e-04,2.14582012e+00,3.27012386e+00
2.58500000e+04,5.41590762e+00,1.91575059e-04,2.14570909e+00,3.27000695e+00
2.58600000e+04,5.41568604e+00,1.92303628e-04,2.14559842e+00,3.26989532e+00
2.58700000e+04,5.41547931e+00,1.92866502e-04,2.14549228e+00,3.26979417e+00
2.58800000e+04,5.41524776e+00,1.93733380e-04,2.14538221e+00,3.26967182e+00
2.58900000e+04,5.41502372e+00,1.94526401e-04,2.14527502e+00,3.26955418e+00
2.59000000e+04,5.41480626e+00,1.95230447e-04,2.14516956e+00,3.26944147e+00
2.59100000e+04,5.41448182e+00,1.97282644e-04,2.14502050e+00,3.26926404e+00
2.59200000e+04,5.41414807e+00,1.99180558e-04,2.14488219e+00,3.26906670e+00
2.59300000e+04,5.41383969e+00,2.00900327e-04,2.14474961e+00,3.26888917e+00
2.59400000e+04,5.41354982e+00,2.02344458e-04,2.14462267e+00,3.26872480e+00
2.59500000e+04,5.41327561e+00,2.03862623e-04,2.14449803e+00,3.26857371e+00
2.59600000e+04,5.41300735e+00,2.04677798e-04,2.14437159e+00,3.26843109e+00
2.59700000e+04,5.41274253e+00,2.05648339e-04,2.14424643e+00,3.26829045e+00
2.59800000e+04,5.41247868e+00,2.06681229e-04,2.14412118e+00,3.26815081e+00
2.59900000e+04,5.41221464e+00,2.07686459e-04,2.14399603e+00,3.26801093e+00
2.60000000e+04,5.41195017e+00,2.08692460e-04,2.14387034e+00,3.26787114e+00
2.60100000e+04,5.41164364e+00,2.10445563e-04,2.14372486e+00,3.26770833e+00
2.60200000e+04,5.41133972e+00,2.12096271e-04,2.14358622e+00,3.26754140e+00
2.60300000e+04,5.41104880e+00,2.13596034e-04,2.14345168e+00,3.26738352e+00
2.60400000e+04,5.41076657e+00,2.14887413e-04,2.14332148e+00,3.26723020e+00
2.60500000e+04,5.41049245e+00,2.16049152e-04,2.14319236e+00,3.26708404e+00
2.60600000e+04,5.41022285e+00,2.17130889e-04,2.14306327e+00,3.26694245e+00
2.60700000e+04,5.40996341e+00,2.18055122e-04,2.14293721e+00,3.26680814e+00
2.60800000e+04,5.40967748e+00,2.19379908e-04,2.14280613e+00,3.26665198e+00
2.60900000e+04,5.40942806e+00,2.20196893e-04,2.14268453e+00,3.26652333e+00
2.61000000e+04,5.40915555e+00,2.21334915e-04,2.14255771e+00,3.26637651e+00
2.61100000e+04,5.40882284e+00,2.23430973e-04,2.14240535e+00,3.26619406e+00
2.61200000e+04,5.40849580e+00,2.25317935e-04,2.14226280e+00,3.26600768e+00
2.61300000e+04,5.40817685e+00,2.27159269e-04,2.14212289e+00,3.26582681e+00
2.61400000e+04,5.40787566e+00,2.28639887e-04,2.14198863e+00,3.26565839e+00
2.61500000e+04,5.40758383e+00,2.29984750e-04,2.14185499e+00,3.26549886e+00
2.61600000e+04,5.40729637e+00,2.31242874e-04,2.14172077e+00,3.26534435e+00
2.61700000e+04,5.40701011e+00,2.32463470e-04,2.14158714e+00,3.26519051e+00
2.61800000e+04,5.40672405e+00,2.33674068e-04,2.14145347e+00,3.26503691e+00
2.61900000e+04,5.40643716e+00,2.34871685e-04,2.14131962e+00,3.26488268e+00
2.62000000e+04,5.40614999e+00,2.36067052e-04,2.14118526e+00,3.26472866e+00
2.62100000e+04,5.40581507e+00,2.38125212e-04,2.14103043e+00,3.26454652e+00
2.62200000e+04,5.40549491e+00,2.39931863e-04,2.14088592e+00,3.26436906e+00
2.62300000e+04,5.40515582e+00,2.42094852e-04,2.14073930e+00,3.26417443e+00
2.62400000e+04,5.40486696e+00,2.43385948e-04,2.14060684e+00,3.26401674e+00
2.62500000e+04,5.40456494e+00,2.44891636e-04,2.14047007e+00,3.26384998e+00
2.62600000e+04,5.40427724e+00,2.46156805e-04,2.14033585e+00,3.26369524e+00
2.62700000e+04,5.40398547e+00,2.47556261e-04,2.14020074e+00,3.26353717e+00
2.62800000e+04,5.40369623e+00,2.48713421e-04,2.14006634e+00,3.26338117e+00
2.62900000e+04,5.40340379e+00,2.49998059e-04,2.13993101e+00,3.26322278e+00
2.63000000e+04,5.40311269e+00,2.51240374e-04,2.13979564e+00,3.26306581e+00
2.63100000e+04,5.40276949e+00,2.53448286e-04,2.13963935e+00,3.26287670e+00
2.63200000e+04,5.40243136e+00,2.55542659e-04,2.13949052e+00,3.26268530e+00
2.63300000e+04,5.40210215e+00,2.57497445e-04,2.13934534e+00,3.26249932e+00
2.63400000e+04,5.40179092e+00,2.59061110e-04,2.13920572e+00,3.26232614e+00
2.63500000e+04,5.40148848e+00,2.60512885e-04,2.13906747e+00,3.26216050e+00
2.63600000e+04,5.40117557e+00,2.62146053e-04,2.13892658e+00,3.26198684e+00
2.63700000e+04,5.40088491e+00,2.63401721e-04,2.13879146e+00,3.26183004e+00
2.63800000e+04,5.40058532e+00,2.64792977e-04,2.13865436e+00,3.26166617e+00
2.63900000e+04,5.40028887e+00,2.66117384e-04,2.13851789e+00,3.26150486e+00
2.64000000e+04,5.39998930e+00,2.67479002e-04,2.13838024e+00,3.26134158e+00
2.64100000e+04,5.39963079e+00,2.69909814e-04,2.13822000e+00,3.26114088e+00
2.64200000e+04,5.39927624e+00,2.72237698e-04,2.13806757e+00,3.26093643e+00
2.64300000e+04,5.39893048e+00,2.74417076e-04,2.13791861e+00,3.26073745e+00
2.64400000e+04,5.39860038e+00,2.76226090e-04,2.13777412e+00,3.26055003e+00
2.64500000e+04,5.39827666e+00,2.77938291e-04,2.13762956e+00,3.26036916e+00
2.64600000e+04,5.39795089e+00,2.79685177e-04,2.13748342e+00,3.26018779e+00
2.64700000e+04,5.39766160e+00,2.80822492e-04,2.13734711e+00,3.26003367e+00
2.64800000e+04,5.39734077e+00,2.82507852e-04,2.13720389e+00,3.25985437e+00
2.64900000e+04,5.39704006e+00,2.83833854e-04,2.13706537e+00,3.25969085e+00
2.65000000e+04,5.39672615e+00,2.85380411e-04,2.13692327e+00,3.25951750e+00
2.65100000e+04,5.39633271e+00,2.88292852e-04,2.13675254e+00,3.25929188e+00
2.65200000e+04,5.39594190e+00,2.91061544e-04,2.13659171e+00,3.25905913e+00
2.65300000e+04,5.39556279e+00,2.93637773e-04,2.13643428e+00,3.25883487e+00
2.65400000e+04,5.39520265e+00,2.95768333e-04,2.13628134e+00,3.25862554e+00
2.65500000e+04,5.39485623e+00,2.97702654e-04,2.13612895e+00,3.25842958e+00
2.65600000e+04,5.39451618e+00,2.99491885e-04,2.13597633e+00,3.25824036e+00
2.65700000e+04,5.39418814e+00,3.01088963e-04,2.13582669e+00,3.25806036e+00
2.65800000e+04,5.39383271e+00,3.03212272e-04,2.13567188e+00,3.25785761e+00
2.65900000e+04,5.39351475e+00,3.04667444e-04,2.13552607e+00,3.25768401e+00
2.66000000e+04,5.39317735e+00,3.06564889e-04,2.13537529e+00,3.25749550e+00
2.66100000e+04,5.39275118e+00,3.09876726e-04,2.13519347e+00,3.25724783e+00
2.66200000e+04,5.39233005e+00,3.13002785e-04,2.13502327e+00,3.25699377e+00
2.66300000e+04,5.39192156e+00,3.15932003e-04,2.13485615e+00,3.25674948e+00
2.66400000e+04,5.39153004e+00,3.18438564e-04,2.13469272e+00,3.25651889e+00
2.66500000e+04,5.39115832e+00,3.20649271e-04,2.13453050e+00,3.25630717e+00
2.66600000e+04,5.39078925e+00,3.22773116e-04,2.13436718e+00,3.25609930e+00
2.66700000e+04,5.39042374e+00,3.24834907e-04,2.13420437e+00,3.25589453e+00
2.66800000e+04,5.39005495e+00,3.26943128e-04,2.13404094e+00,3.25568707e+00
2.66900000e+04,5.38968797e+00,3.29062140e-04,2.13387813e+00,3.25548077e+00
2.67000000e+04,5.38934885e+00,3.30714367e-04,2.13372313e+00,3.25529501e+00
2.67100000e+04,5.38894042e+00,3.33812174e-04,2.13354517e+00,3.25506145e+00
2.67200000e+04,5.38853155e+00,3.36923038e-04,2.13337411e+00,3.25482051e+00
2.67300000e+04,5.38813887e+00,3.39706583e-04,2.13320777e+00,3.25459140e+00
2.67400000e+04,5.38775912e+00,3.42124646e-04,2.13304517e+00,3.25437182e+00
2.67500000e+04,5.38739031e+00,3.44379093e-04,2.13288285e+00,3.25416308e+00
2.67600000e+04,5.38702710e+00,3.46490757e-04,2.13272072e+00,3.25395989e+00
2.67700000e+04,5.38666427e+00,3.48585640e-04,2.13255838e+00,3.25375730e+00
2.67800000e+04,5.38630361e+00,3.50620701e-04,2.13239671e+00,3.25355628e+00
2.67900000e+04,5.38594287e+00,3.52644550e-04,2.13223461e+00,3.25335562e+00
2.68000000e+04,5.38558305e+00,3.54642213e-04,2.13207231e+00,3.25315609e+00
2.68100000e+04,5.38516607e+00,3.57920161e-04,2.13189031e+00,3.25291783e+00
2.68200000e+04,5.38476413e+00,3.61475245e-04,2.13171857e+00,3.25268408e+00
2.68300000e+04,5.38436095e+00,3.64109877e-04,2.13154842e+00,3.25244842e+00
2.68400000e+04,5.38397358e+00,3.66593000e-04,2.13138297e+00,3.25222401e+00
2.68500000e+04,5.38361072e+00,3.68605015e-04,2.13122140e+00,3.25202072e+00
2.68600000e+04,5.38324213e+00,3.70863415e-04,2.13105731e+00,3.25181395e+00
2.68700000e+04,5.38287658e+00,3.73046211e-04,2.13089391e+00,3.25160962e+00
2.68800000e+04,5.38251317e+00,3.75157111e-04,2.13073112e+00,3.25140689e+00
2.68900000e+04,5.38214776e+00,3.77318795e-04,2.13056757e+00,3.25120287e+00
2.69000000e+04,5.38178837e+00,3.79388302e-04,2.13040570e+00,3.25100328e+00
2.69100000e+04,5.38117797e+00,3.85825824e-04,2.13016773e+00,3.25062442e+00
2.69200000e+04,5.38055259e+00,3.92033213e-04,2.12995194e+00,3.25020861e+00
2.69300000e+04,5.37997232e+00,3.97257975e-04,2.12974155e+00,3.24983351e+00
2.69400000e+04,5.37943104e+00,4.01730920e-04,2.12953509e+00,3.24949422e+00
2.69500000e+04,5.37893072e+00,4.05561649e-04,2.12932839e+00,3.24919677e+00
2.69600000e+04,5.37843839e+00,4.09202975e-04,2.12911979e+00,3.24890939e+00
2.69700000e+04,5.37795109e+00,4.12824017e-04,2.12891252e+00,3.24862574e+00
2.69800000e+04,5.37749647e+00,4.15760626e-04,2.12871436e+00,3.24836635e+00
2.69900000e+04,5.37703168e+00,4.19039789e-04,2.12851303e+00,3.24809960e+00
2.70000000e+04,5.37657720e+00,4.22121048e-04,2.12831353e+00,3.24784155e+00
2.70100000e+04,5.37605925e+00,4.26771120e-04,2.12809335e+00,3.24753913e+00
2.70200000e+04,5.37555282e+00,4.31180930e-04,2.12788365e+00,3.24723799e+00
2.70300000e+04,5.37506672e+00,4.35111570e-04,2.12767946e+00,3.24695215e+00
2.70400000e+04,5.37459598e+00,4.38670019e-04,2.12747845e+00,3.24667886e+00
2.70500000e+04,5.37414046e+00,4.41924249e-04,2.12727873e+00,3.24641981e+00
2.70600000e+04,5.37369681e+00,4.44921666e-04,2.12708099e+00,3.24617090e+00
2.70700000e+04,5.37324064e+00,4.48318690e-04,2.12688166e+00,3.24591066e+00
2.70800000e+04,5.37280888e+00,4.51168537e-04,2.12668906e+00,3.24566865e+00
2.70900000e+04,5.37237297e+00,4.54202534e-04,2.12649559e+00,3.24542318e+00
2.71000000e+04,5.37194472e+00,4.57035724e-04,2.12630220e+00,3.24518548e+00
2.71100000e+04,5.37140785e+00,4.63562380e-04,2.12608397e+00,3.24486032e+00
2.71200000e+04,5.37088637e+00,4.66761794e-04,2.12587344e+00,3.24454617e+00
2.71300000e+04,5.37038882e+00,4.70942164e-04,2.12566887e+00,3.24424901e+00
2.71400000e+04,5.36991789e+00,4.74503179e-04,2.12546888e+00,3.24397451e+00
2.71500000e+04,5.36946142e+00,4.77930945e-04,2.12526980e+00,3.24371368e+00
2.71600000e+04,5.36903235e+00,4.80778061e-04,2.12507737e+00,3.24347420e+00
2.71700000e+04,5.36859325e+00,4.83908587e-04,2.12488359e+00,3.24322575e+00
2.71800000e+04,5.36815812e+00,4.86970433e-04,2.12469084e+00,3.24298032e+00
2.71900000e+04,5.36773281e+00,4.89926874e-04,2.12450032e+00,3.24274256e+00
2.72000000e+04,5.36730749e+00,4.92703136e-04,2.12430953e+00,3.24250526e+00
2.72100000e+04,5.36681647e+00,4.97225194e-04,2.12409911e+00,3.24222014e+00
2.72200000e+04,5.36633696e+00,5.01468085e-04,2.12390186e+00,3.24193363e+00
2.72300000e+04,5.36586837e+00,5.05552105e-04,2.12369662e+00,3.24166620e+00
2.72400000e+04,5.36542595e+00,5.09087925e-04,2.12349832e+00,3.24141855e+00
2.72500000e+04,5.36499396e+00,5.12373649e-04,2.12330660e+00,3.24117498e+00
2.72600000e+04,5.36456529e+00,5.15504550e-04,2.12311346e+00,3.24093632e+00
2.72700000e+04,5.36415536e+00,5.18181072e-04,2.12292830e+00,3.24070888e+00
2.72800000e+04,5.36373856e+00,5.21065488e-04,2.12274297e+00,3.24047452e+00
2.72900000e+04,5.36332173e+00,5.23965145e-04,2.12255716e+00,3.24024061e+00
2.73000000e+04,5.36290886e+00,5.26771712e-04,2.12237200e+00,3.24001008e+00
2.73100000e+04,5.36238870e+00,5.32074468e-04,2.12215579e+00,3.23970083e+00
2.73200000e+04,5.36188377e+00,5.36741149e-04,2.12195501e+00,3.23939202e+00
2.73300000e+04,5.36137570e+00,5.41679519e-04,2.12175382e+00,3.23908020e+00
2.73400000e+04,5.36092888e+00,5.45154821e-04,2.12156639e+00,3.23881733e+00
2.73500000e+04,5.36047842e+00,5.48843763e-04,2.12137505e+00,3.23855452e+00
2.73600000e+04,5.36004746e+00,5.52020102e-04,2.12118692e+00,3.23830852e+00
2.73700000e+04,5.35961757e+00,5.55193793e-04,2.12099952e+00,3.23806286e+00
2.73800000e+04,5.35919331e+00,5.58244038e-04,2.12081313e+00,3.23782193e+00
2.73900000e+04,5.35877196e+00,5.61241411e-04,2.12062740e+00,3.23758332e+00
2.74000000e+04,5.35835494e+00,5.64140533e-04,2.12044242e+00,3.23734838e+00
2.74100000e+04,5.35787164e+00,5.68843398e-04,2.12023816e+00,3.23706464e+00
2.74200000e+04,5.35739641e+00,5.73245918e-04,2.12004375e+00,3.23677942e+00
2.74300000e+04,5.35693220e+00,5.77374024e-04,2.11985253e+00,3.23650230e+00
2.74400000e+04,5.35649304e+00,5.80889272e-04,2.11966626e+00,3.23624589e+00
2.74500000e+04,5.35606698e+00,5.84072809e-04,2.11948121e+00,3.23600170e+00
2.74600000e+04,5.35566120e+00,5.86764154e-04,2.11930090e+00,3.23577354e+00
2.74700000e+04,5.35523632e+00,5.90212259e-04,2.11911858e+00,3.23552753e+00
2.74800000e+04,5.35483185e+00,5.93190582e-04,2.11894211e+00,3.23529654e+00
2.74900000e+04,5.35443966e+00,5.95860521e-04,2.11876911e+00,3.23507469e+00
2.75000000e+04,5.35405161e+00,5.98437148e-04,2.11859709e+00,3.23485608e+00
2.75100000e+04,5.35359295e+00,6.02986200e-04,2.11840459e+00,3.23458538e+00
2.75200000e+04,5.35314205e+00,6.07172449e-04,2.11822160e+00,3.23431328e+00
2.75300000e+04,5.35269816e+00,6.11606466e-04,2.11804083e+00,3.23404573e+00
2.75400000e+04,5.35227929e+00,6.14637866e-04,2.11786546e+00,3.23379919e+00
2.75500000e+04,5.35186999e+00,6.17783202e-04,2.11769027e+00,3.23356194e+00
2.75600000e+04,5.35146655e+00,6.20742614e-04,2.11751560e+00,3.23333022e+00
2.75700000e+04,5.35106821e+00,6.23582257e-04,2.11734229e+00,3.23310234e+00
2.75800000e+04,5.35067272e+00,6.26363311e-04,2.11716966e+00,3.23287670e+00
2.75900000e+04,5.35028051e+00,6.29069176e-04,2.11699789e+00,3.23265354e+00
2.76000000e+04,5.34989093e+00,6.31714042e-04,2.11682675e+00,3.23243247e+00
2.76100000e+04,5.34943283e+00,6.36315845e-04,2.11663554e+00,3.23216098e+00
2.76200000e+04,5.34898117e+00,6.40550951e-04,2.11645349e+00,3.23188713e+00
2.76300000e+04,5.34853838e+00,6.44583287e-04,2.11627448e+00,3.23161932e+00
2.76400000e+04,5.34812588e+00,6.47830152e-04,2.11610210e+00,3.23137595e+00
2.76500000e+04,5.34771374e+00,6.51188052e-04,2.11592839e+00,3.23113416e+00
2.76600000e+04,5.34731258e+00,6.54233229e-04,2.11575675e+00,3.23090160e+00
2.76700000e+04,5.34692486e+00,6.56886429e-04,2.11558863e+00,3.23067934e+00
2.76800000e+04,5.34653592e+00,6.59612722e-04,2.11542028e+00,3.23045603e+00
2.76900000e+04,5.34614924e+00,6.62289884e-04,2.11525247e+00,3.23023448e+00
2.77000000e+04,5.34576642e+00,6.64868284e-04,2.11508566e+00,3.23001589e+00
2.77100000e+04,5.34532316e+00,6.69250030e-04,2.11490086e+00,3.22975305e+00
2.77200000e+04,5.34487537e+00,6.73683239e-04,2.11472268e+00,3.22947900e+00
2.77300000e+04,5.34444829e+00,6.77599871e-04,2.11455117e+00,3.22921952e+00
2.77400000e+04,5.34404353e+00,6.80941071e-04,2.11438456e+00,3.22897803e+00
2.77500000e+04,5.34365011e+00,6.84015528e-04,2.11421901e+00,3.22874708e+00
2.77600000e+04,5.34326250e+00,6.86853266e-04,2.11405401e+00,3.22852163e+00
2.77700000e+04,5.34287743e+00,6.89618639e-04,2.11388959e+00,3.22829822e+00
2.77800000e+04,5.34249855e+00,6.92239594e-04,2.11372668e+00,3.22807963e+00
2.77900000e+04,5.34212205e+00,6.94803557e-04,2.11356440e+00,3.22786285e+00
2.78000000e+04,5.34174839e+00,6.97302472e-04,2.11340286e+00,3.22764822e+00
2.78100000e+04,5.34131259e+00,7.01724868e-04,2.11322263e+00,3.22738824e+00
2.78200000e+04,5.34087397e+00,7.06078786e-04,2.11304894e+00,3.22711896e+00
2.78300000e+04,5.34044807e+00,7.10166121e-04,2.11287992e+00,3.22685799e+00
2.78400000e+04,5.34005529e+00,7.13285009e-04,2.11271863e+00,3.22662337e+00
2.78500000e+04,5.33966207e+00,7.16489865e-04,2.11255548e+00,3.22639010e+00
2.78600000e+04,5.33928242e+00,7.19235321e-04,2.11239503e+00,3.22616815e+00
2.78700000e+04,5.33890431e+00,7.21958486e-04,2.11223465e+00,3.22594770e+00
2.78800000e+04,5.33852973e+00,7.24592802e-04,2.11207517e+00,3.22572997e+00
2.78900000e+04,5.33815871e+00,7.27136639e-04,2.11191656e+00,3.22551501e+00
2.79000000e+04,5.33779191e+00,7.29563088e-04,2.11175911e+00,3.22530324e+00
2.79100000e+04,5.33736165e+00,7.33984261e-04,2.11158245e+00,3.22504521e+00
2.79200000e+04,5.33691062e+00,7.38969136e-04,2.11140831e+00,3.22476334e+00
2.79300000e+04,5.33650184e+00,7.42654590e-04,2.11124635e+00,3.22451283e+00
2.79400000e+04,5.33610934e+00,7.45965372e-04,2.11108787e+00,3.22427550e+00
2.79500000e+04,5.33572170e+00,7.49195565e-04,2.11092898e+00,3.22404353e+00
2.79600000e+04,5.33534760e+00,7.51950545e-04,2.11077269e+00,3.22382296e+00
2.79700000e+04,5.33497281e+00,7.54765868e-04,2.11061572e+00,3.22360232e+00
2.79800000e+04,5.33460564e+00,7.57351328e-04,2.11046070e+00,3.22338758e+00
2.79900000e+04,5.33423990e+00,7.59928060e-04,2.11030598e+00,3.22317398e+00
2.80000000e+04,5.33387823e+00,7.62389315e-04,2.11015234e+00,3.22296350e+00
2.80100000e+04,5.33344559e+00,7.67222506e-04,2.10997723e+00,3.22270113e+00
2.80200000e+04,5.33301457e+00,7.71620255e-04,2.10980850e+00,3.22243445e+00
2.80300000e+04,5.33259295e+00,7.75815213e-04,2.10964364e+00,3.22217349e+00
2.80400000e+04,5.33219622e+00,7.79344277e-04,2.10948455e+00,3.22193233e+00
2.80500000e+04,5.33180315e+00,7.82721549e-04,2.10932430e+00,3.22169613e+00
2.80600000e+04,5.33144359e+00,7.85032563e-04,2.10917314e+00,3.22148541e+00
2.80700000e+04,5.33106709e+00,7.88081387e-04,2.10901740e+00,3.22126161e+00
2.80800000e+04,5.33070754e+00,7.90547499e-04,2.10886614e+00,3.22105084e+00
2.80900000e+04,5.33034508e+00,7.93178431e-04,2.10871424e+00,3.22083767e+00
2.81000000e+04,5.32998792e+00,7.95650028e-04,2.10856377e+00,3.22062850e+00
2.81100000e+04,5.32955606e+00,8.00706391e-04,2.10839057e+00,3.22036478e+00
2.81200000e+04,5.32912318e+00,8.05336118e-04,2.10822287e+00,3.22009497e+00
2.81300000e+04,5.32870328e+00,8.09625587e-04,2.10806005e+00,3.21983360e+00
2.81400000e+04,5.32830932e+00,8.13116771e-04,2.10790314e+00,3.21959307e+00
2.81500000e+04,5.32791959e+00,8.16553123e-04,2.10774588e+00,3.21935716e+00
2.81600000e+04,5.32754440e+00,8.19517994e-04,2.10759189e+00,3.21913299e+00
2.81700000e+04,5.32718383e+00,8.22023553e-04,2.10744128e+00,3.21892052e+00
2.81800000e+04,5.32681451e+00,8.24980818e-04,2.10728859e+00,3.21870094e+00
2.81900000e+04,5.32645458e+00,8.27542901e-04,2.10713901e+00,3.21848804e+00
2.82000000e+04,5.32609946e+00,8.30015197e-04,2.10699031e+00,3.21827913e+00
2.82100000e+04,5.32567347e+00,8.35091181e-04,2.10682010e+00,3.21801828e+00
2.82200000e+04,5.32524791e+00,8.39706764e-04,2.10665520e+00,3.21775300e+00
2.82300000e+04,5.32483560e+00,8.43969423e-04,2.10649555e+00,3.21749608e+00
2.82400000e+04,5.32444759e+00,8.47464516e-04,2.10634148e+00,3.21725865e+00
2.82500000e+04,5.32406356e+00,8.50891715e-04,2.10618730e+00,3.21702537e+00
2.82600000e+04,5.32368258e+00,8.54291520e-04,2.10603356e+00,3.21679473e+00
2.82700000e+04,5.32333904e+00,8.56360329e-04,2.10588962e+00,3.21659306e+00
2.82800000e+04,5.32297335e+00,8.59462348e-04,2.10574061e+00,3.21637328e+00
2.82900000e+04,5.32262538e+00,8.61914349e-04,2.10559624e+00,3.21616722e+00
2.83000000e+04,5.32227649e+00,8.64475152e-04,2.10545191e+00,3.21596011e+00
2.83100000e+04,5.32185340e+00,8.69894883e-04,2.10528498e+00,3.21569852e+00
2.83200000e+04,5.32143661e+00,8.74480069e-04,2.10512437e+00,3.21543776e+00
2.83300000e+04,5.32103350e+00,8.78661974e-04,2.10496917e+00,3.21518567e+00
2.83400000e+04,5.32065068e+00,8.82229430e-04,2.10481862e+00,3.21494984e+00
2.83500000e+04,5.32027480e+00,8.85604420e-04,2.10466893e+00,3.21472027e+00
2.83600000e+04,5.31990569e+00,8.88730751e-04,2.10452039e+00,3.21449657e+00
2.83700000e+04,5.31954159e+00,8.91709984e-04,2.10437264e+00,3.21427724e+00
2.83800000e+04,5.31918320e+00,8.94505082e-04,2.10422563e+00,3.21406306e+00
2.83900000e+04,5.31882842e+00,8.97177738e-04,2.10408048e+00,3.21385076e+00
2.84000000e+04,5.31848482e+00,8.99480216e-04,2.10393801e+00,3.21364733e+00
2.84100000e+04,5.31789602e+00,9.10513095e-04,2.10372593e+00,3.21325958e+00
2.84200000e+04,5.31732651e+00,9.18695264e-04,2.10352957e+00,3.21287825e+00
2.84300000e+04,5.31679246e+00,9.25901345e-04,2.10334469e+00,3.21252187e+00
2.84400000e+04,5.31630713e+00,9.31639281e-04,2.10316894e+00,3.21220655e+00
2.84500000e+04,5.31583554e+00,9.37173795e-04,2.10299281e+00,3.21190556e+00
2.84600000e+04,5.31538128e+00,9.42133028e-04,2.10281834e+00,3.21162081e+00
2.84700000e+04,5.31493920e+00,9.46728831e-04,2.10264493e+00,3.21134755e+00
2.84800000e+04,5.31450790e+00,9.51073162e-04,2.10247356e+00,3.21108327e+00
2.84900000e+04,5.31408567e+00,9.55190122e-04,2.10230442e+00,3.21082606e+00
2.85000000e+04,5.31367086e+00,9.59145530e-04,2.10213745e+00,3.21057426e+00
2.85100000e+04,5.31317870e+00,9.66601460e-04,2.10194715e+00,3.21026495e+00
2.85200000e+04,5.31269506e+00,9.72966768e-04,2.10176359e+00,3.20995850e+00
2.85300000e+04,5.31223499e+00,9.78471591e-04,2.10158850e+00,3.20966802e+00
2.85400000e+04,5.31179642e+00,9.83342472e-04,2.10141836e+00,3.20939471e+00
2.85500000e+04,5.31136581e+00,9.88036095e-04,2.10124953e+00,3.20912824e+00
2.85600000e+04,5.31094548e+00,9.92329844e-04,2.10108291e+00,3.20887024e+00
2.85700000e+04,5.31053339e+00,9.96353954e-04,2.10091819e+00,3.20861885e+00
2.85800000e+04,5.31012746e+00,1.00023226e-03,2.10075529e+00,3.20837194e+00
2.85900000e+04,5.30972745e+00,1.00394697e-03,2.10059442e+00,3.20812909e+00
2.86000000e+04,5.30933293e+00,1.00752289e-03,2.10043543e+00,3.20788998e+00
2.86100000e+04,5.30886437e+00,1.01454070e-03,2.10025398e+00,3.20759585e+00
2.86200000e+04,5.30838978e+00,1.02125636e-03,2.10007616e+00,3.20729237e+00
2.86300000e+04,5.30795406e+00,1.02630899e-03,2.09991117e+00,3.20701658e+00
2.86400000e+04,5.30753459e+00,1.03105550e-03,2.09974999e+00,3.20675355e+00
2.86500000e+04,5.30712339e+00,1.03551339e-03,2.09959056e+00,3.20649733e+00
2.86600000e+04,5.30672114e+00,1.03961671e-03,2.09943313e+00,3.20624839e+00
2.86700000e+04,5.30632575e+00,1.04350170e-03,2.09927707e+00,3.20600518e+00
2.86800000e+04,5.30593681e+00,1.04719829e-03,2.09912278e+00,3.20576684e+00
2.86900000e+04,5.30555286e+00,1.05077654e-03,2.09896999e+00,3.20553209e+00
2.87000000e+04,5.30517320e+00,1.05422290e-03,2.09881922e+00,3.20529975e+00
2.87100000e+04,5.30471696e+00,1.06143386e-03,2.09864525e+00,3.20501028e+00
2.87200000e+04,5.30425761e+00,1.06800939e-03,2.09847500e+00,3.20471460e+00
2.87300000e+04,5.30383064e+00,1.07317824e-03,2.09831592e+00,3.20444155e+00
2.87400000e+04,5.30342605e+00,1.07764442e-03,2.09816171e+00,3.20418669e+00
2.87500000e+04,5.30302133e+00,1.08233266e-03,2.09800737e+00,3.20393163e+00
2.87600000e+04,5.30262818e+00,1.08646190e-03,2.09785559e+00,3.20368612e+00
2.87700000e+04,5.30224289e+00,1.09029031e-03,2.09770565e+00,3.20344695e+00
2.87800000e+04,5.30186122e+00,1.09406479e-03,2.09755678e+00,3.20321037e+00
2.87900000e+04,5.30148409e+00,1.09771647e-03,2.09740959e+00,3.20297679e+00
2.88000000e+04,5.30110738e+00,1.10149108e-03,2.09726317e+00,3.20274272e+00
2.88100000e+04,5.30048845e+00,1.11575703e-03,2.09704593e+00,3.20232676e+00
2.88200000e+04,5.29984098e+00,1.12810093e-03,2.09682904e+00,3.20188384e+00
2.88300000e+04,5.29927410e+00,1.13652390e-03,2.09663704e+00,3.20150054e+00
2.88400000e+04,5.29873929e+00,1.14467775e-03,2.09644919e+00,3.20114542e+00
2.88500000e+04,5.29823268e+00,1.15203094e-03,2.09626493e+00,3.20081572e+00
2.88600000e+04,5.29775141e+00,1.15824488e-03,2.09608494e+00,3.20050823e+00
2.88700000e+04,5.29727688e+00,1.16453217e-03,2.09590600e+00,3.20020635e+00
2.88800000e+04,5.29682056e+00,1.17014039e-03,2.09573134e+00,3.19991909e+00
2.88900000e+04,5.29637272e+00,1.17559589e-03,2.09555961e+00,3.19963751e+00
2.89000000e+04,5.29593409e+00,1.18080529e-03,2.09539119e+00,3.19936210e+00
2.89100000e+04,5.29541280e+00,1.19091035e-03,2.09519827e+00,3.19902361e+00
2.89200000e+04,5.29489436e+00,1.19975058e-03,2.09501051e+00,3.19868410e+00
2.89300000e+04,5.29441631e+00,1.20649022e-03,2.09483641e+00,3.19837341e+00
2.89400000e+04,5.29395711e+00,1.21289215e-03,2.09466652e+00,3.19807771e+00
2.89500000e+04,5.29350784e+00,1.21899315e-03,2.09449897e+00,3.19778988e+00
2.89600000e+04,5.29307161e+00,1.22445355e-03,2.09433458e+00,3.19751257e+00
2.89700000e+04,5.29264658e+00,1.22947991e-03,2.09417337e+00,3.19724373e+00
2.89800000e+04,5.29222789e+00,1.23448161e-03,2.09401489e+00,3.19697852e+00
2.89900000e+04,5.29181120e+00,1.23978390e-03,2.09385797e+00,3.19671344e+00
2.90000000e+04,5.29141635e+00,1.24388748e-03,2.09370742e+00,3.19646505e+00
2.90100000e+04,5.29092037e+00,1.25439305e-03,2.09352802e+00,3.19613796e+00
2.90200000e+04,5.29043817e+00,1.26252963e-03,2.09335608e+00,3.19581956e+00
2.90300000e+04,5.28999613e+00,1.26832991e-03,2.09319626e+00,3.19553154e+00
2.90400000e+04,5.28955734e+00,1.27477132e-03,2.09303762e+00,3.19524495e+00
2.90500000e+04,5.28913036e+00,1.28073229e-03,2.09288131e+00,3.19496832e+00
2.90600000e+04,5.28871538e+00,1.28599684e-03,2.09272812e+00,3.19470126e+00
2.90700000e+04,5.28830452e+00,1.29125828e-03,2.09257622e+00,3.19443704e+00
2.90800000e+04,5.28790006e+00,1.29644385e-03,2.09242650e+00,3.19417712e+00
2.90900000e+04,5.28752349e+00,1.30010667e-03,2.09228466e+00,3.19393873e+00
2.91000000e+04,5.28713294e+00,1.30499610e-03,2.09214063e+00,3.19368731e+00
2.91100000e+04,5.28661687e+00,1.31754322e-03,2.09195937e+00,3.19333996e+00
2.91200000e+04,5.28609975e+00,1.32759424e-03,2.09178241e+00,3.19298975e+00
2.91300000e+04,5.28563820e+00,1.33413190e-03,2.09162303e+00,3.19268105e+00
2.91400000e+04,5.28518097e+00,1.34173641e-03,2.09146278e+00,3.19237646e+00
2.91500000e+04,5.28473796e+00,1.34864588e-03,2.09130535e+00,3.19208396e+00
2.91600000e+04,5.28431026e+00,1.35465250e-03,2.09115142e+00,3.19180418e+00
2.91700000e+04,5.28388830e+00,1.36064683e-03,2.09099865e+00,3.19152900e+00
2.91800000e+04,5.28347239e+00,1.36658591e-03,2.09084801e+00,3.19125779e+00
2.91900000e+04,5.28308613e+00,1.37084586e-03,2.09070562e+00,3.19100966e+00
2.92000000e+04,5.28268996e+00,1.37618133e-03,2.09056206e+00,3.19075171e+00
2.92100000e+04,5.28218085e+00,1.38935332e-03,2.09038526e+00,3.19040623e+00
2.92200000e+04,5.28168106e+00,1.39930964e-03,2.09021506e+00,3.19006668e+00
2.92300000e+04,5.28122706e+00,1.40617034e-03,2.09005974e+00,3.18976115e+00
2.92400000e+04,5.28077810e+00,1.41405436e-03,2.08990400e+00,3.18946005e+00
2.92500000e+04,5.28034356e+00,1.42107448e-03,2.08975151e+00,3.18917098e+00
2.92600000e+04,5.27992230e+00,1.42732272e-03,2.08960224e+00,3.18889274e+00
2.92700000e+04,5.27951082e+00,1.43324377e-03,2.08945516e+00,3.18862242e+00
2.92800000e+04,5.27911192e+00,1.43869683e-03,2.08931179e+00,3.18836143e+00
2.92900000e+04,5.27870992e+00,1.44487487e-03,2.08916989e+00,3.18809516e+00
2.93000000e+04,5.27833001e+00,1.44969724e-03,2.08903362e+00,3.18784670e+00
2.93100000e+04,5.27784472e+00,1.46270486e-03,2.08886771e+00,3.18751431e+00
2.93200000e+04,5.27738289e+00,1.47151142e-03,2.08871145e+00,3.18719993e+00
2.93300000e+04,5.27695199e+00,1.47851245e-03,2.08856556e+00,3.18690792e+00
2.93400000e+04,5.27652751e+00,1.48602138e-03,2.08841989e+00,3.18662160e+00
2.93500000e+04,5.27611682e+00,1.49272238e-03,2.08827783e+00,3.18634628e+00
2.93600000e+04,5.27571530e+00,1.49895047e-03,2.08813804e+00,3.18607832e+00
2.93700000e+04,5.27532017e+00,1.50498984e-03,2.08799991e+00,3.18581527e+00
2.93800000e+04,5.27493249e+00,1.51067891e-03,2.08786417e+00,3.18555764e+00
2.93900000e+04,5.27455040e+00,1.51614646e-03,2.08773055e+00,3.18530371e+00
2.94000000e+04,5.27417036e+00,1.52168635e-03,2.08759804e+00,3.18505064e+00
2.94100000e+04,5.27362261e+00,1.54010830e-03,2.08741734e+00,3.18466516e+00
2.94200000e+04,5.27310787e+00,1.55150154e-03,2.08725029e+00,3.18430609e+00
2.94300000e+04,5.27263902e+00,1.56012259e-03,2.08709859e+00,3.18398032e+00
2.94400000e+04,5.27218749e+00,1.56927211e-03,2.08694860e+00,3.18366962e+00
2.94500000e+04,5.27174611e+00,1.57786347e-03,2.08680079e+00,3.18336746e+00
2.94600000e+04,5.27132016e+00,1.58560314e-03,2.08665605e+00,3.18307851e+00
2.94700000e+04,5.27090580e+00,1.59289658e-03,2.08651380e+00,3.18279910e+00
2.94800000e+04,5.27050026e+00,1.59978648e-03,2.08637465e+00,3.18252583e+00
2.94900000e+04,5.27010381e+00,1.60628939e-03,2.08623826e+00,3.18225927e+00
2.95000000e+04,5.26971339e+00,1.61256538e-03,2.08610420e+00,3.18199663e+00
2.95100000e+04,5.26922105e+00,1.62859296e-03,2.08594043e+00,3.18165202e+00
2.95200000e+04,5.26875575e+00,1.63906664e-03,2.08578806e+00,3.18132863e+00
2.95300000e+04,5.26832159e+00,1.64762950e-03,2.08564533e+00,3.18102863e+00
2.95400000e+04,5.26789383e+00,1.65642457e-03,2.08550412e+00,3.18073329e+00
2.95500000e+04,5.26748115e+00,1.66426994e-03,2.08536634e+00,3.18045054e+00
2.95600000e+04,5.26707852e+00,1.67166353e-03,2.08523072e+00,3.18017614e+00
2.95700000e+04,5.26668739e+00,1.67851407e-03,2.08509850e+00,3.17991038e+00
2.95800000e+04,5.26629609e+00,1.68601045e-03,2.08496742e+00,3.17964266e+00
2.95900000e+04,5.26592662e+00,1.69179074e-03,2.08484207e+00,3.17939276e+00
2.96000000e+04,5.26555339e+00,1.69821411e-03,2.08471672e+00,3.17913846e+00
2.96100000e+04,5.26506346e+00,1.71622976e-03,2.08455712e+00,3.17879012e+00
2.96200000e+04,5.26460351e+00,1.72711557e-03,2.08441053e+00,3.17846587e+00
2.96300000e+04,5.26417067e+00,1.73629238e-03,2.08427247e+00,3.17816191e+00
2.96400000e+04,5.26374755e+00,1.74593999e-03,2.08413554e+00,3.17786606e+00
2.96500000e+04,5.26333859e+00,1.75449149e-03,2.08400200e+00,3.17758210e+00
2.96600000e+04,5.26293647e+00,1.76288077e-03,2.08386983e+00,3.17730376e+00
2.96700000e+04,5.26254543e+00,1.77054440e-03,2.08374073e+00,3.17703415e+00
2.96800000e+04,5.26215952e+00,1.77823264e-03,2.08361349e+00,3.17676780e+00
2.96900000e+04,5.26179838e+00,1.78401614e-03,2.08349283e+00,3.17652154e+00
2.97000000e+04,5.26143071e+00,1.79087027e-03,2.08337163e+00,3.17626822e+00
2.97100000e+04,5.26094231e+00,1.81075240e-03,2.08321513e+00,3.17591643e+00
2.97200000e+04,5.26049070e+00,1.82184400e-03,2.08307381e+00,3.17559504e+00
2.97300000e+04,5.26005710e+00,1.83228749e-03,2.08293833e+00,3.17528648e+00
2.97400000e+04,5.25964008e+00,1.84231691e-03,2.08280581e+00,3.17499196e+00
2.97500000e+04,5.25923522e+00,1.85152022e-03,2.08267601e+00,3.17470769e+00
2.97600000e+04,5.25883752e+00,1.86055697e-03,2.08254765e+00,3.17442932e+00
2.97700000e+04,5.25845311e+00,1.86854582e-03,2.08242291e+00,3.17416165e+00
2.97800000e+04,5.25807668e+00,1.87621934e-03,2.08230041e+00,3.17390005e+00
2.97900000e+04,5.25771564e+00,1.88261480e-03,2.08218220e+00,3.17365083e+00
2.98000000e+04,5.25734302e+00,1.89114406e-03,2.08206295e+00,3.17338893e+00
2.98100000e+04,5.25674555e+00,1.92302756e-03,2.08187807e+00,3.17294445e+00
2.98200000e+04,5.25619186e+00,1.93882426e-03,2.08171430e+00,3.17253874e+00
2.98300000e+04,5.25566085e+00,1.95504527e-03,2.08155806e+00,3.17214775e+00
2.98400000e+04,5.25517051e+00,1.96922108e-03,2.08140837e+00,3.17179292e+00
2.98500000e+04,5.25470153e+00,1.98221421e-03,2.08126213e+00,3.17145718e+00
2.98600000e+04,5.25424447e+00,1.99521485e-03,2.08111774e+00,3.17113151e+00
2.98700000e+04,5.25381266e+00,2.00603518e-03,2.08098002e+00,3.17082661e+00
2.98800000e+04,5.25339229e+00,2.01662883e-03,2.08084541e+00,3.17053025e+00
2.98900000e+04,5.25298452e+00,2.02625659e-03,2.08071490e+00,3.17024337e+00
2.99000000e+04,5.25258477e+00,2.03559247e-03,2.08058700e+00,3.16996218e+00
2.99100000e+04,5.25207540e+00,2.06026231e-03,2.08042726e+00,3.16958788e+00
2.99200000e+04,5.25161064e+00,2.07380987e-03,2.08028560e+00,3.16925123e+00
2.99300000e+04,5.25116062e+00,2.08739916e-03,2.08014815e+00,3.16892507e+00
2.99400000e+04,5.25073359e+00,2.09929893e-03,2.08001468e+00,3.16861961e+00
2.99500000e+04,5.25032120e+00,2.11066282e-03,2.07988400e+00,3.16832654e+00
2.99600000e+04,5.24991802e+00,2.12144315e-03,2.07975626e+00,3.16804032e+00
2.99700000e+04,5.24952967e+00,2.13090362e-03,2.07963106e+00,3.16776771e+00
2.99800000e+04,5.24914343e+00,2.14119727e-03,2.07950994e+00,3.16749229e+00
2.99900000e+04,5.24877821e+00,2.14922139e-03,2.07939379e+00,3.16723520e+00
3.00000000e+04,5.24841016e+00,2.15798241e-03,2.07927756e+00,3.16697462e+00
3.00100000e+04,5.24792129e+00,2.18446090e-03,2.07912635e+00,3.16661048e+00
3.00200000e+04,5.24747843e+00,2.19764443e-03,2.07899419e+00,3.16628660e+00
3.00300000e+04,5.24704287e+00,2.21210081e-03,2.07886408e+00,3.16596669e+00
3.00400000e+04,5.24663490e+00,2.22384680e-03,2.07874012e+00,3.16567094e+00
3.00500000e+04,5.24623416e+00,2.23575896e-03,2.07861737e+00,3.16538103e+00
3.00600000e+04,5.24584488e+00,2.24687444e-03,2.07849742e+00,3.16510058e+00
3.00700000e+04,5.24547387e+00,2.25617476e-03,2.07838203e+00,3.16483567e+00
3.00800000e+04,5.24510186e+00,2.26666331e-03,2.07826729e+00,3.16456790e+00
3.00900000e+04,5.24474856e+00,2.27505645e-03,2.07815765e+00,3.16431585e+00
3.01000000e+04,5.24439747e+00,2.28364800e-03,2.07804894e+00,3.16406488e+00
3.01100000e+04,5.24393598e+00,2.31348090e-03,2.07790714e+00,3.16371536e+00
3.01200000e+04,5.24351987e+00,2.32349458e-03,2.07778520e+00,3.16341117e+00
3.01300000e+04,5.24310619e+00,2.33847153e-03,2.07766341e+00,3.16310431e+00
3.01400000e+04,5.24272065e+00,2.34957316e-03,2.07754806e+00,3.16282302e+00
3.01500000e+04,5.24233977e+00,2.36180347e-03,2.07743323e+00,3.16254475e+00
3.01600000e+04,5.24197094e+00,2.37268559e-03,2.07732139e+00,3.16227686e+00
3.01700000e+04,5.24161789e+00,2.38203626e-03,2.07721378e+00,3.16202208e+00
3.01800000e+04,5.24126437e+00,2.39242481e-03,2.07710684e+00,3.16176511e+00
3.01900000e+04,5.24092848e+00,2.40083663e-03,2.07700408e+00,3.16152357e+00
3.02000000e+04,5.24059404e+00,2.40946254e-03,2.07690233e+00,3.16128224e+00
3.02100000e+04,5.24014421e+00,2.43841719e-03,2.07676692e+00,3.16093887e+00
3.02200000e+04,5.23974713e+00,2.45096448e-03,2.07665161e+00,3.16064455e+00
3.02300000e+04,5.23934506e+00,2.46696236e-03,2.07653539e+00,3.16034271e+00
3.02400000e+04,5.23897373e+00,2.47851657e-03,2.07642636e+00,3.16006886e+00
3.02500000e+04,5.23860484e+00,2.49143493e-03,2.07631713e+00,3.15979628e+00
3.02600000e+04,5.23824866e+00,2.50281782e-03,2.07621096e+00,3.15953488e+00
3.02700000e+04,5.23790327e+00,2.51325727e-03,2.07610788e+00,3.15928214e+00
3.02800000e+04,5.23756258e+00,2.52357052e-03,2.07600618e+00,3.15903283e+00
3.02900000e+04,5.23724110e+00,2.53174762e-03,2.07590932e+00,3.15880004e+00
3.03000000e+04,5.23692006e+00,2.54063736e-03,2.07581318e+00,3.15856624e+00
3.03100000e+04,5.23646175e+00,2.57468387e-03,2.07567693e+00,3.15821014e+00
3.03200000e+04,5.23605600e+00,2.58873957e-03,2.07556210e+00,3.15790516e+00
3.03300000e+04,5.23564361e+00,2.60753783e-03,2.07544579e+00,3.15759029e+00
3.03400000e+04,5.23526803e+00,2.62011801e-03,2.07533888e+00,3.15730903e+00
3.03500000e+04,5.23489617e+00,2.63482619e-03,2.07523046e+00,3.15703089e+00
3.03600000e+04,5.23453984e+00,2.64740360e-03,2.07512590e+00,3.15676654e+00
3.03700000e+04,5.23419585e+00,2.65893449e-03,2.07502495e+00,3.15651196e+00
3.03800000e+04,5.23386135e+00,2.66952349e-03,2.07492632e+00,3.15626551e+00
3.03900000e+04,5.23353433e+00,2.67941975e-03,2.07482980e+00,3.15602511e+00
3.04000000e+04,5.23321292e+00,2.68891603e-03,2.07473480e+00,3.15578920e+00
3.04100000e+04,5.23278913e+00,2.72065868e-03,2.07460918e+00,3.15545929e+00
3.04200000e+04,5.23240933e+00,2.73541945e-03,2.07450227e+00,3.15517163e+00
3.04300000e+04,5.23203626e+00,2.75237575e-03,2.07439680e+00,3.15488708e+00
3.04400000e+04,5.23168658e+00,2.76490411e-03,2.07429719e+00,3.15462449e+00
3.04500000e+04,5.23134254e+00,2.77873061e-03,2.07419794e+00,3.15436586e+00
3.04600000e+04,5.23101011e+00,2.79073091e-03,2.07410153e+00,3.15411785e+00
3.04700000e+04,5.23068856e+00,2.80178647e-03,2.07400816e+00,3.15387861e+00
3.04800000e+04,5.23037438e+00,2.81198190e-03,2.07391664e+00,3.15364576e+00
3.04900000e+04,5.23006696e+00,2.82150817e-03,2.07382695e+00,3.15341850e+00
3.05000000e+04,5.22976438e+00,2.83061962e-03,2.07373863e+00,3.15319513e+00
3.05100000e+04,5.22935596e+00,2.86435942e-03,2.07361897e+00,3.15287262e+00
3.05200000e+04,5.22899611e+00,2.87833536e-03,2.07351836e+00,3.15259942e+00
3.05300000e+04,5.22862909e+00,2.89691717e-03,2.07341690e+00,3.15231527e+00
3.05400000e+04,5.22829520e+00,2.90887429e-03,2.07332275e+00,3.15206358e+00
3.05500000e+04,5.22796175e+00,2.92318808e-03,2.07322793e+00,3.15181063e+00
3.05600000e+04,5.22764293e+00,2.93499026e-03,2.07313643e+00,3.15157152e+00
3.05700000e+04,5.22733489e+00,2.94590837e-03,2.07304794e+00,3.15134104e+00
3.05800000e+04,5.22703187e+00,2.95649803e-03,2.07296105e+00,3.15111432e+00
3.05900000e+04,5.22673682e+00,2.96621074e-03,2.07287614e+00,3.15089446e+00
3.06000000e+04,5.22644974e+00,2.97488576e-03,2.07279302e+00,3.15068183e+00
3.06100000e+04,5.22606071e+00,3.00936351e-03,2.07268011e+00,3.15037123e+00
3.06200000e+04,5.22571961e+00,3.02316452e-03,2.07258534e+00,3.15011110e+00
3.06300000e+04,5.22537217e+00,3.04145773e-03,2.07249033e+00,3.14984038e+00
3.06400000e+04,5.22505382e+00,3.05338472e-03,2.07240162e+00,3.14959882e+00
3.06500000e+04,5.22473621e+00,3.06768793e-03,2.07231230e+00,3.14935622e+00
3.06600000e+04,5.22443227e+00,3.07945525e-03,2.07222608e+00,3.14912674e+00
3.06700000e+04,5.22413747e+00,3.09045688e-03,2.07214242e+00,3.14890460e+00
3.06800000e+04,5.22385349e+00,3.09979167e-03,2.07206124e+00,3.14869246e+00
3.06900000e+04,5.22356806e+00,3.11017686e-03,2.07198046e+00,3.14847743e+00
3.07000000e+04,5.22329635e+00,3.11847213e-03,2.07190240e+00,3.14827548e+00
3.07100000e+04,5.22292470e+00,3.15414488e-03,2.07179541e+00,3.14797514e+00
3.07200000e+04,5.22260424e+00,3.16739910e-03,2.07170635e+00,3.14773050e+00
3.07300000e+04,5.22227275e+00,3.18595777e-03,2.07161698e+00,3.14746981e+00
3.07400000e+04,5.22196802e+00,3.19806201e-03,2.07153311e+00,3.14723686e+00
3.07500000e+04,5.22166660e+00,3.21206873e-03,2.07144920e+00,3.14700533e+00
3.07600000e+04,5.22137647e+00,3.22381434e-03,2.07136781e+00,3.14678485e+00
3.07700000e+04,5.22109432e+00,3.23499048e-03,2.07128862e+00,3.14657071e+00
3.07800000e+04,5.22082062e+00,3.24476139e-03,2.07121121e+00,3.14636465e+00
3.07900000e+04,5.22055086e+00,3.25408057e-03,2.07113511e+00,3.14616167e+00
3.08000000e+04,5.22028513e+00,3.26308886e-03,2.07105979e+00,3.14596225e+00
3.08100000e+04,5.21988353e+00,3.30896488e-03,2.07094508e+00,3.14562949e+00
3.08200000e+04,5.21953358e+00,3.32551545e-03,2.07084962e+00,3.14535845e+00
3.08300000e+04,5.21917191e+00,3.34859717e-03,2.07075680e+00,3.14506651e+00
3.08400000e+04,5.21885036e+00,3.36277520e-03,2.07067147e+00,3.14481611e+00
3.08500000e+04,5.21853298e+00,3.38007113e-03,2.07058509e+00,3.14456782e+00
3.08600000e+04,5.21823656e+00,3.39339624e-03,2.07050259e+00,3.14434058e+00
3.08700000e+04,5.21794725e+00,3.40648949e-03,2.07042263e+00,3.14411813e+00
3.08800000e+04,5.21766972e+00,3.41741700e-03,2.07034521e+00,3.14390709e+00
3.08900000e+04,5.21739726e+00,3.42791060e-03,2.07026916e+00,3.14370020e+00
3.09000000e+04,5.21713094e+00,3.43763819e-03,2.07019428e+00,3.14349903e+00
3.09100000e+04,5.21677105e+00,3.47817119e-03,2.07009187e+00,3.14320100e+00
3.09200000e+04,5.21645673e+00,3.49371198e-03,2.07000555e+00,3.14295747e+00
3.09300000e+04,5.21613544e+00,3.51388792e-03,2.06992109e+00,3.14270046e+00
3.09400000e+04,5.21583982e+00,3.52710123e-03,2.06984138e+00,3.14247133e+00
3.09500000e+04,5.21554869e+00,3.54228275e-03,2.06976154e+00,3.14224487e+00
3.09600000e+04,5.21526977e+00,3.55490542e-03,2.06968413e+00,3.14203073e+00
3.09700000e+04,5.21499939e+00,3.56666580e-03,2.06960919e+00,3.14182353e+00
3.09800000e+04,5.21473604e+00,3.57712497e-03,2.06953575e+00,3.14162317e+00
3.09900000e+04,5.21447740e+00,3.58714836e-03,2.06946359e+00,3.14142665e+00
3.10000000e+04,5.21423365e+00,3.59472719e-03,2.06939422e+00,3.14124470e+00
3.10100000e+04,5.21390106e+00,3.63400559e-03,2.06929978e+00,3.14096727e+00
3.10200000e+04,5.21361679e+00,3.64782544e-03,2.06922040e+00,3.14074857e+00
3.10300000e+04,5.21332025e+00,3.66699654e-03,2.06914261e+00,3.14051065e+00
3.10400000e+04,5.21304894e+00,3.67886402e-03,2.06906926e+00,3.14030082e+00
3.10500000e+04,5.21278012e+00,3.69270531e-03,2.06899549e+00,3.14009192e+00
3.10600000e+04,5.21252150e+00,3.70438218e-03,2.06892372e+00,3.13989340e+00
3.10700000e+04,5.21227028e+00,3.71511793e-03,2.06885409e+00,3.13970107e+00
3.10800000e+04,5.21202536e+00,3.72468033e-03,2.06878575e+00,3.13951493e+00
3.10900000e+04,5.21178542e+00,3.73345175e-03,2.06871863e+00,3.13933333e+00
3.11000000e+04,5.21154947e+00,3.74171395e-03,2.06865217e+00,3.13915559e+00
3.11100000e+04,5.21123050e+00,3.78226245e-03,2.06856104e+00,3.13888720e+00
3.11200000e+04,5.21094712e+00,3.79814016e-03,2.06848273e+00,3.13866625e+00
3.11300000e+04,5.21065904e+00,3.81744262e-03,2.06840813e+00,3.13843346e+00
3.11400000e+04,5.21039524e+00,3.82931928e-03,2.06833760e+00,3.13822832e+00
3.11500000e+04,5.21013523e+00,3.84321197e-03,2.06826655e+00,3.13802547e+00
3.11600000e+04,5.20988431e+00,3.85515929e-03,2.06819715e+00,3.13783200e+00
3.11700000e+04,5.20964166e+00,3.86586812e-03,2.06812999e+00,3.13764580e+00
3.11800000e+04,5.20940506e+00,3.87546760e-03,2.06806408e+00,3.13746551e+00
3.11900000e+04,5.20917235e+00,3.88447528e-03,2.06799917e+00,3.13728871e+00
3.12000000e+04,5.20894720e+00,3.89233490e-03,2.06793561e+00,3.13711926e+00
3.12100000e+04,5.20861368e+00,3.94192067e-03,2.06784048e+00,3.13683128e+00
3.12200000e+04,5.20831396e+00,3.96122973e-03,2.06775832e+00,3.13659441e+00
3.12300000e+04,5.20801046e+00,3.98360998e-03,2.06768273e+00,3.13634411e+00
3.12400000e+04,5.20773392e+00,3.99746374e-03,2.06761127e+00,3.13612519e+00
3.12500000e+04,5.20746621e+00,4.01320248e-03,2.06753909e+00,3.13591391e+00
3.12600000e+04,5.20721016e+00,4.02689059e-03,2.06746868e+00,3.13571459e+00
3.12700000e+04,5.20696500e+00,4.03859496e-03,2.06740107e+00,3.13552534e+00
3.12800000e+04,5.20672664e+00,4.04917838e-03,2.06733479e+00,3.13534267e+00
3.12900000e+04,5.20649435e+00,4.05858356e-03,2.06726984e+00,3.13516592e+00
3.13000000e+04,5.20626666e+00,4.06741740e-03,2.06720555e+00,3.13499370e+00
3.13100000e+04,5.20596542e+00,4.11055793e-03,2.06711923e+00,3.13473563e+00
3.13200000e+04,5.20569571e+00,4.12772780e-03,2.06704352e+00,3.13452447e+00
3.13300000e+04,5.20542300e+00,4.14719616e-03,2.06697323e+00,3.13430258e+00
3.13400000e+04,5.20517229e+00,4.15912732e-03,2.06690614e+00,3.13410702e+00
3.13500000e+04,5.20492794e+00,4.17252670e-03,2.06683860e+00,3.13391681e+00
3.13600000e+04,5.20469184e+00,4.18439870e-03,2.06677237e+00,3.13373507e+00
3.13700000e+04,5.20446437e+00,4.19449276e-03,2.06670833e+00,3.13356155e+00
3.13800000e+04,5.20424330e+00,4.20352858e-03,2.06664553e+00,3.13339424e+00
3.13900000e+04,5.20402555e+00,4.21215673e-03,2.06658367e+00,3.13322973e+00
3.14000000e+04,5.20381204e+00,4.22025072e-03,2.06652230e+00,3.13306949e+00
3.14100000e+04,5.20351071e+00,4.26713818e-03,2.06643515e+00,3.13280842e+00
3.14200000e+04,5.20323139e+00,4.28586569e-03,2.06635788e+00,3.13258764e+00
3.14300000e+04,5.20295461e+00,4.30570140e-03,2.06628814e+00,3.13236077e+00
3.14400000e+04,5.20270269e+00,4.31770174e-03,2.06622163e+00,3.13216336e+00
3.14500000e+04,5.20246012e+00,4.33131990e-03,2.06615444e+00,3.13197436e+00
3.14600000e+04,5.20222719e+00,4.34356858e-03,2.06608866e+00,3.13179496e+00
3.14700000e+04,5.20200358e+00,4.35372547e-03,2.06602502e+00,3.13162483e+00
3.14800000e+04,5.20178523e+00,4.36317318e-03,2.06596245e+00,3.13145961e+00
3.14900000e+04,5.20157165e+00,4.37158244e-03,2.06590090e+00,3.13129917e+00
3.15000000e+04,5.20136163e+00,4.37971998e-03,2.06584000e+00,3.13114191e+00
3.15100000e+04,5.20103209e+00,4.44290673e-03,2.06574349e+00,3.13084569e+00
3.15200000e+04,5.20072164e+00,4.46964619e-03,2.06565666e+00,3.13059533e+00
3.15300000e+04,5.20041616e+00,4.49475570e-03,2.06558280e+00,3.13033861e+00
3.15400000e+04,5.20013915e+00,4.50969739e-03,2.06551281e+00,3.13011664e+00
3.15500000e+04,5.19987840e+00,4.52637206e-03,2.06544146e+00,3.12991056e+00
3.15600000e+04,5.19963087e+00,4.54158633e-03,2.06537145e+00,3.12971783e+00
3.15700000e+04,5.19939626e+00,4.55347009e-03,2.06530415e+00,3.12953864e+00
3.15800000e+04,5.19916848e+00,4.56459623e-03,2.06523827e+00,3.12936561e+00
3.15900000e+04,5.19894786e+00,4.57396799e-03,2.06517383e+00,3.12920006e+00
3.16000000e+04,5.19873212e+00,4.58279805e-03,2.06510999e+00,3.12903933e+00
3.16100000e+04,5.19845977e+00,4.62730947e-03,2.06502868e+00,3.12880377e+00
3.16200000e+04,5.19821170e+00,4.64534679e-03,2.06495460e+00,3.12861176e+00
3.16300000e+04,5.19796417e+00,4.66323730e-03,2.06488775e+00,3.12841318e+00
3.16400000e+04,5.19773460e+00,4.67388710e-03,2.06482326e+00,3.12823745e+00
3.16500000e+04,5.19751260e+00,4.68559043e-03,2.06475805e+00,3.12806896e+00
3.16600000e+04,5.19729750e+00,4.69659420e-03,2.06469384e+00,3.12790707e+00
3.16700000e+04,5.19709030e+00,4.70539198e-03,2.06463125e+00,3.12775366e+00
3.16800000e+04,5.19688805e+00,4.71364829e-03,2.06456966e+00,3.12760474e+00
3.16900000e+04,5.19669063e+00,4.72072125e-03,2.06450911e+00,3.12746079e+00
3.17000000e+04,5.19649435e+00,4.72820389e-03,2.06444902e+00,3.12731713e+00
3.17100000e+04,5.19623787e+00,4.77395361e-03,2.06437009e+00,3.12709383e+00
3.17200000e+04,5.19600083e+00,4.79259118e-03,2.06429722e+00,3.12691101e+00
3.17300000e+04,5.19576409e+00,4.80990304e-03,2.06423281e+00,3.12672138e+00
3.17400000e+04,5.19554473e+00,4.81975095e-03,2.06417087e+00,3.12655411e+00
3.17500000e+04,5.19533390e+00,4.83065746e-03,2.06410786e+00,3.12639538e+00
3.17600000e+04,5.19512986e+00,4.84128390e-03,2.06404565e+00,3.12624293e+00
3.17700000e+04,5.19493334e+00,4.84953846e-03,2.06398491e+00,3.12609889e+00
3.17800000e+04,5.19474089e+00,4.85755671e-03,2.06392499e+00,3.12595834e+00
3.17900000e+04,5.19455361e+00,4.86404598e-03,2.06386615e+00,3.12582341e+00
3.18000000e+04,5.19436982e+00,4.87018821e-03,2.06380802e+00,3.12569161e+00
3.18100000e+04,5.19414270e+00,4.90877879e-03,2.06373702e+00,3.12549690e+00
3.18200000e+04,5.19394062e+00,4.92298807e-03,2.06367135e+00,3.12534629e+00
3.18300000e+04,5.19373486e+00,4.93718258e-03,2.06361169e+00,3.12518599e+00
3.18400000e+04,5.19354210e+00,4.94517110e-03,2.06355408e+00,3.12504286e+00
3.18500000e+04,5.19335480e+00,4.95365295e-03,2.06349562e+00,3.12490552e+00
3.18600000e+04,5.19317146e+00,4.96254335e-03,2.06343774e+00,3.12477118e+00
3.18700000e+04,5.19299399e+00,4.96928069e-03,2.06338098e+00,3.12464373e+00
3.18800000e+04,5.19281889e+00,4.97617621e-03,2.06332480e+00,3.12451792e+00
3.18900000e+04,5.19264722e+00,4.98197652e-03,2.06326930e+00,3.12439595e+00
3.19000000e+04,5.19247797e+00,4.98743496e-03,2.06321432e+00,3.12427622e+00
3.19100000e+04,5.19226616e+00,5.02555123e-03,2.06314583e+00,3.12409478e+00
3.19200000e+04,5.19206924e+00,5.04159679e-03,2.06308110e+00,3.12394655e+00
3.19300000e+04,5.19187234e+00,5.05552519e-03,2.06302362e+00,3.12379319e+00
3.19400000e+04,5.19168809e+00,5.06311031e-03,2.06296820e+00,3.12365679e+00
3.19500000e+04,5.19151054e+00,5.07113346e-03,2.06291163e+00,3.12352778e+00
3.19600000e+04,5.19133650e+00,5.07980712e-03,2.06285571e+00,3.12340098e+00
3.19700000e+04,5.19116808e+00,5.08633652e-03,2.06280064e+00,3.12328111e+00
3.19800000e+04,5.19100230e+00,5.09300070e-03,2.06274617e+00,3.12316313e+00
3.19900000e+04,5.19084005e+00,5.09849495e-03,2.06269253e+00,3.12304903e+00
3.20000000e+04,5.19068051e+00,5.10352327e-03,2.06263935e+00,3.12293763e+00
3.20100000e+04,5.19048825e+00,5.13751839e-03,2.06257613e+00,3.12277460e+00
3.20200000e+04,5.19031291e+00,5.15152398e-03,2.06251602e+00,3.12264537e+00
3.20300000e+04,5.19013768e+00,5.16334896e-03,2.06246197e+00,3.12251236e+00
3.20400000e+04,5.18997005e+00,5.17039553e-03,2.06240945e+00,3.12239021e+00
3.20500000e+04,5.18980835e+00,5.17707861e-03,2.06235633e+00,3.12227494e+00
3.20600000e+04,5.18964850e+00,5.18488105e-03,2.06230354e+00,3.12216008e+00
3.20700000e+04,5.18949341e+00,5.19069044e-03,2.06225148e+00,3.12205124e+00
3.20800000e+04,5.18934034e+00,5.19674701e-03,2.06219985e+00,3.12194375e+00
3.20900000e+04,5.18918993e+00,5.20192056e-03,2.06214885e+00,3.12183915e+00
3.21000000e+04,5.18904109e+00,5.20679578e-03,2.06209822e+00,3.12173608e+00
3.21100000e+04,5.18885768e+00,5.24139439e-03,2.06203632e+00,3.12157997e+00
3.21200000e+04,5.18868535e+00,5.25713374e-03,2.06197661e+00,3.12145161e+00
3.21300000e+04,5.18851348e+00,5.26963948e-03,2.06192359e+00,3.12132024e+00
3.21400000e+04,5.18835125e+00,5.27651578e-03,2.06187250e+00,3.12120224e+00
3.21500000e+04,5.18819493e+00,5.28327035e-03,2.06182075e+00,3.12109091e+00
3.21600000e+04,5.18804167e+00,5.29113354e-03,2.06176910e+00,3.12098144e+00
3.21700000e+04,5.18789291e+00,5.29702909e-03,2.06171816e+00,3.12087773e+00
3.21800000e+04,5.18774624e+00,5.30316541e-03,2.06166771e+00,3.12077536e+00
3.21900000e+04,5.18760241e+00,5.30832083e-03,2.06161788e+00,3.12067620e+00
3.22000000e+04,5.18746080e+00,5.31298539e-03,2.06156849e+00,3.12057932e+00
3.22100000e+04,5.18729350e+00,5.34379334e-03,2.06151097e+00,3.12043874e+00
3.22200000e+04,5.18713951e+00,5.35759777e-03,2.06145527e+00,3.12032664e+00
3.22300000e+04,5.18698565e+00,5.36841681e-03,2.06140515e+00,3.12021208e+00
3.22400000e+04,5.18683732e+00,5.37501761e-03,2.06135661e+00,3.12010570e+00
3.22500000e+04,5.18669422e+00,5.38084030e-03,2.06130744e+00,3.12000595e+00
3.22600000e+04,5.18655264e+00,5.38802713e-03,2.06125849e+00,3.11990613e+00
3.22700000e+04,5.18641489e+00,5.39345061e-03,2.06121006e+00,3.11981138e+00
3.22800000e+04,5.18627861e+00,5.39915894e-03,2.06116205e+00,3.11971741e+00
3.22900000e+04,5.18614433e+00,5.40416300e-03,2.06111442e+00,3.11962574e+00
3.23000000e+04,5.18601160e+00,5.40881996e-03,2.06106724e+00,3.11953554e+00
3.23100000e+04,5.18585162e+00,5.44017449e-03,2.06101086e+00,3.11940058e+00
3.23200000e+04,5.18570007e+00,5.45573106e-03,2.06095558e+00,3.11928876e+00
3.23300000e+04,5.18554919e+00,5.46730851e-03,2.06090633e+00,3.11917555e+00
3.23400000e+04,5.18540529e+00,5.47400850e-03,2.06085889e+00,3.11907239e+00
3.23500000e+04,5.18526641e+00,5.48006454e-03,2.06081089e+00,3.11897546e+00
3.23600000e+04,5.18512991e+00,5.48740358e-03,2.06076298e+00,3.11887953e+00
3.23700000e+04,5.18499716e+00,5.49303856e-03,2.06071556e+00,3.11878856e+00
3.23800000e+04,5.18486613e+00,5.49889765e-03,2.06066854e+00,3.11869869e+00
3.23900000e+04,5.18473728e+00,5.50399450e-03,2.06062196e+00,3.11861133e+00
3.24000000e+04,5.18461005e+00,5.50868000e-03,2.06057579e+00,3.11852558e+00
3.24100000e+04,5.18446226e+00,5.53673247e-03,2.06052285e+00,3.11840267e+00
3.24200000e+04,5.18432349e+00,5.55068323e-03,2.06047080e+00,3.11830201e+00
3.24300000e+04,5.18418598e+00,5.56089599e-03,2.06042375e+00,3.11820133e+00
3.24400000e+04,5.18405266e+00,5.56745884e-03,2.06037811e+00,3.11810709e+00
3.24500000e+04,5.18392343e+00,5.57305406e-03,2.06033213e+00,3.11801825e+00
3.24600000e+04,5.18379623e+00,5.57978142e-03,2.06028628e+00,3.11793017e+00
3.24700000e+04,5.18367193e+00,5.58515045e-03,2.06024084e+00,3.11784595e+00
3.24800000e+04,5.18354878e+00,5.59078285e-03,2.06019579e+00,3.11776220e+00
3.24900000e+04,5.18342718e+00,5.59585083e-03,2.06015104e+00,3.11768029e+00
3.25000000e+04,5.18330745e+00,5.60051975e-03,2.06010650e+00,3.11760043e+00
3.25100000e+04,5.18316356e+00,5.62930972e-03,2.06005402e+00,3.11748023e+00
3.25200000e+04,5.18302453e+00,5.64499062e-03,2.06000194e+00,3.11737759e+00
3.25300000e+04,5.18288631e+00,5.65645847e-03,2.05995519e+00,3.11727467e+00
3.25400000e+04,5.18275485e+00,5.66341461e-03,2.05991029e+00,3.11718114e+00
3.25500000e+04,5.18262858e+00,5.66919787e-03,2.05986514e+00,3.11709424e+00
3.25600000e+04,5.18250443e+00,5.67630373e-03,2.05982009e+00,3.11700804e+00
3.25700000e+04,5.18238337e+00,5.68200637e-03,2.05977545e+00,3.11692591e+00
3.25800000e+04,5.18226381e+00,5.68786391e-03,2.05973099e+00,3.11684496e+00
3.25900000e+04,5.18214625e+00,5.69322095e-03,2.05968684e+00,3.11676619e+00
3.26000000e+04,5.18202975e+00,5.69812836e-03,2.05964321e+00,3.11668841e+00
3.26100000e+04,5.18189516e+00,5.72544800e-03,2.05959284e+00,3.11657687e+00
3.26200000e+04,5.18176611e+00,5.74098874e-03,2.05954290e+00,3.11648223e+00
3.26300000e+04,5.18163725e+00,5.75226064e-03,2.05949769e+00,3.11638730e+00
3.26400000e+04,5.18151412e+00,5.75922610e-03,2.05945421e+00,3.11630068e+00
3.26500000e+04,5.18139389e+00,5.76518851e-03,2.05941047e+00,3.11621824e+00
3.26600000e+04,5.18127585e+00,5.77222960e-03,2.05936679e+00,3.11613683e+00
3.26700000e+04,5.18116099e+00,5.77793044e-03,2.05932338e+00,3.11605968e+00
3.26800000e+04,5.18104714e+00,5.78382573e-03,2.05928027e+00,3.11598305e+00
3.26900000e+04,5.18093478e+00,5.78932167e-03,2.05923749e+00,3.11590796e+00
3.27000000e+04,5.18082373e+00,5.79433923e-03,2.05919503e+00,3.11583436e+00
3.27100000e+04,5.18069467e+00,5.82095777e-03,2.05914615e+00,3.11572756e+00
3.27200000e+04,5.18056981e+00,5.83671569e-03,2.05909730e+00,3.11563580e+00
3.27300000e+04,5.18044573e+00,5.84794701e-03,2.05905300e+00,3.11554478e+00
3.27400000e+04,5.18032491e+00,5.85545871e-03,2.05900828e+00,3.11546117e+00
3.27500000e+04,5.18021215e+00,5.86140353e-03,2.05896742e+00,3.11538332e+00
3.27600000e+04,5.18009820e+00,5.86846805e-03,2.05892302e+00,3.11530671e+00
3.27700000e+04,5.17998724e+00,5.87439005e-03,2.05887960e+00,3.11523325e+00
3.27800000e+04,5.17987751e+00,5.88036294e-03,2.05883728e+00,3.11515987e+00
3.27900000e+04,5.17976968e+00,5.88595718e-03,2.05879513e+00,3.11508859e+00
3.28000000e+04,5.17966292e+00,5.89104589e-03,2.05875327e+00,3.11501860e+00
3.28100000e+04,5.17954411e+00,5.91516346e-03,2.05870685e+00,3.11492210e+00
3.28200000e+04,5.17942975e+00,5.92984354e-03,2.05866045e+00,3.11483945e+00
3.28300000e+04,5.17931701e+00,5.93998742e-03,2.05861791e+00,3.11475911e+00
3.28400000e+04,5.17920621e+00,5.94738758e-03,2.05857658e+00,3.11468224e+00
3.28500000e+04,5.17909814e+00,5.95323359e-03,2.05853513e+00,3.11460977e+00
3.28600000e+04,5.17899186e+00,5.95991179e-03,2.05849388e+00,3.11453807e+00
3.28700000e+04,5.17888727e+00,5.96574889e-03,2.05845285e+00,3.11446867e+00
3.28800000e+04,5.17878389e+00,5.97159461e-03,2.05841196e+00,3.11440034e+00
3.28900000e+04,5.17868166e+00,5.97717572e-03,2.05837130e+00,3.11433319e+00
3.29000000e+04,5.17857989e+00,5.98234415e-03,2.05833123e+00,3.11426631e+00
3.29100000e+04,5.17845768e+00,6.00683471e-03,2.05828431e+00,3.11416654e+00
3.29200000e+04,5.17833520e+00,6.02250806e-03,2.05823681e+00,3.11407588e+00
3.29300000e+04,5.17821579e+00,6.03358782e-03,2.05819340e+00,3.11398880e+00
3.29400000e+04,5.17810239e+00,6.04156686e-03,2.05815179e+00,3.11390903e+00
3.29500000e+04,5.17799440e+00,6.04766980e-03,2.05811039e+00,3.11383634e+00
3.29600000e+04,5.17788868e+00,6.05469275e-03,2.05806918e+00,3.11376480e+00
3.29700000e+04,5.17778534e+00,6.06080332e-03,2.05802829e+00,3.11369624e+00
3.29800000e+04,5.17768321e+00,6.06687550e-03,2.05798761e+00,3.11362873e+00
3.29900000e+04,5.17758222e+00,6.07272638e-03,2.05794719e+00,3.11356230e+00
3.30000000e+04,5.17748246e+00,6.07809449e-03,2.05790711e+00,3.11349725e+00
3.30100000e+04,5.17737218e+00,6.10102584e-03,2.05786284e+00,3.11340832e+00
3.30200000e+04,5.17726474e+00,6.11623078e-03,2.05781841e+00,3.11333010e+00
3.30300000e+04,5.17715874e+00,6.12697850e-03,2.05777725e+00,3.11325451e+00
3.30400000e+04,5.17705522e+00,6.13488620e-03,2.05773766e+00,3.11318267e+00
3.30500000e+04,5.17695396e+00,6.14118501e-03,2.05769788e+00,3.11311490e+00
3.30600000e+04,5.17685452e+00,6.14808463e-03,2.05765832e+00,3.11304812e+00
3.30700000e+04,5.17675682e+00,6.15422587e-03,2.05761901e+00,3.11298358e+00
3.30800000e+04,5.17666016e+00,6.16031880e-03,2.05757987e+00,3.11291997e+00
3.30900000e+04,5.17656458e+00,6.16621574e-03,2.05754095e+00,3.11285741e+00
3.31000000e+04,5.17646984e+00,6.17171991e-03,2.05750227e+00,3.11279585e+00
3.31100000e+04,5.17636312e+00,6.19459736e-03,2.05745919e+00,3.11270933e+00
3.31200000e+04,5.17625853e+00,6.21032519e-03,2.05741562e+00,3.11263258e+00
3.31300000e+04,5.17615491e+00,6.22141143e-03,2.05737531e+00,3.11255819e+00
3.31400000e+04,5.17605381e+00,6.22997271e-03,2.05733644e+00,3.11248739e+00
3.31500000e+04,5.17595580e+00,6.23646589e-03,2.05729757e+00,3.11242176e+00
3.31600000e+04,5.17585934e+00,6.24362392e-03,2.05725896e+00,3.11235676e+00
3.31700000e+04,5.17576465e+00,6.25001532e-03,2.05722052e+00,3.11229412e+00
3.31800000e+04,5.17567106e+00,6.25628203e-03,2.05718223e+00,3.11223254e+00
3.31900000e+04,5.17557845e+00,6.26241341e-03,2.05714415e+00,3.11217188e+00
3.32000000e+04,5.17548682e+00,6.26809126e-03,2.05710638e+00,3.11211235e+00
3.32100000e+04,5.17538549e+00,6.29010579e-03,2.05706455e+00,3.11203083e+00
3.32200000e+04,5.17528654e+00,6.30560477e-03,2.05702247e+00,3.11195847e+00
3.32300000e+04,5.17518737e+00,6.31695573e-03,2.05698332e+00,3.11188710e+00
3.32400000e+04,5.17509111e+00,6.32564192e-03,2.05694543e+00,3.11182004e+00
3.32500000e+04,5.17499735e+00,6.33228022e-03,2.05690775e+00,3.11175732e+00
3.32600000e+04,5.17490472e+00,6.33953808e-03,2.05687024e+00,3.11169495e+00
3.32700000e+04,5.17481392e+00,6.34601280e-03,2.05683287e+00,3.11163503e+00
3.32800000e+04,5.17472407e+00,6.35236586e-03,2.05679562e+00,3.11157608e+00
3.32900000e+04,5.17463502e+00,6.35863524e-03,2.05675860e+00,3.11151779e+00
3.33000000e+04,5.17454688e+00,6.36442517e-03,2.05672179e+00,3.11146066e+00
3.33100000e+04,5.17445116e+00,6.38571496e-03,2.05668158e+00,3.11138387e+00
3.33200000e+04,5.17435758e+00,6.40125339e-03,2.05664093e+00,3.11131539e+00
3.33300000e+04,5.17426422e+00,6.41230163e-03,2.05660324e+00,3.11124868e+00
3.33400000e+04,5.17417219e+00,6.42131342e-03,2.05656659e+00,3.11118428e+00
3.33500000e+04,5.17408257e+00,6.42814160e-03,2.05652986e+00,3.11112456e+00
3.33600000e+04,5.17399390e+00,6.43541002e-03,2.05649341e+00,3.11106509e+00
3.33700000e+04,5.17390653e+00,6.44206698e-03,2.05645717e+00,3.11100730e+00
3.33800000e+04,5.17382020e+00,6.44851340e-03,2.05642107e+00,3.11095062e+00
3.33900000e+04,5.17373470e+00,6.45485321e-03,2.05638511e+00,3.11089473e+00
3.34000000e+04,5.17364989e+00,6.46076521e-03,2.05634940e+00,3.11083972e+00
3.34100000e+04,5.17355803e+00,6.48152792e-03,2.05631037e+00,3.11076613e+00
3.34200000e+04,5.17346792e+00,6.49704213e-03,2.05627099e+00,3.11069988e+00
3.34300000e+04,5.17337795e+00,6.50836794e-03,2.05623414e+00,3.11063544e+00
3.34400000e+04,5.17328911e+00,6.51775359e-03,2.05619834e+00,3.11057302e+00
3.34500000e+04,5.17320267e+00,6.52473986e-03,2.05616265e+00,3.11051528e+00
3.34600000e+04,5.17311725e+00,6.53208208e-03,2.05612718e+00,3.11045799e+00
3.34700000e+04,5.17303297e+00,6.53888165e-03,2.05609193e+00,3.11040216e+00
3.34800000e+04,5.17294964e+00,6.54543121e-03,2.05605675e+00,3.11034745e+00
3.34900000e+04,5.17286713e+00,6.55188940e-03,2.05602177e+00,3.11029347e+00
3.35000000e+04,5.17278521e+00,6.55792133e-03,2.05598702e+00,3.11024027e+00
3.35100000e+04,5.17269709e+00,6.57778310e-03,2.05594923e+00,3.11017008e+00
3.35200000e+04,5.17261039e+00,6.59294252e-03,2.05591135e+00,3.11010610e+00
3.35300000e+04,5.17252439e+00,6.60397778e-03,2.05587540e+00,3.11004501e+00
3.35400000e+04,5.17243923e+00,6.61337933e-03,2.05584056e+00,3.10998529e+00
3.35500000e+04,5.17235624e+00,6.62050157e-03,2.05580580e+00,3.10992993e+00
3.35600000e+04,5.17227418e+00,6.62782818e-03,2.05577140e+00,3.10987495e+00
3.35700000e+04,5.17219318e+00,6.63462873e-03,2.05573718e+00,3.10982138e+00
3.35800000e+04,5.17211304e+00,6.64120031e-03,2.05570303e+00,3.10976881e+00
3.35900000e+04,5.17203356e+00,6.64770643e-03,2.05566904e+00,3.10971681e+00
3.36000000e+04,5.17195464e+00,6.65381013e-03,2.05563528e+00,3.10966556e+00
3.36100000e+04,5.17187083e+00,6.67302552e-03,2.05559882e+00,3.10959899e+00
3.36200000e+04,5.17178861e+00,6.68801619e-03,2.05556211e+00,3.10953848e+00
3.36300000e+04,5.17170631e+00,6.69912895e-03,2.05552730e+00,3.10947988e+00
3.36400000e+04,5.17162486e+00,6.70869644e-03,2.05549350e+00,3.10942266e+00
3.36500000e+04,5.17154543e+00,6.71590197e-03,2.05545988e+00,3.10936964e+00
3.36600000e+04,5.17146650e+00,6.72327363e-03,2.05542641e+00,3.10931682e+00
3.36700000e+04,5.17138852e+00,6.73017493e-03,2.05539321e+00,3.10926513e+00
3.36800000e+04,5.17131136e+00,6.73676872e-03,2.05536007e+00,3.10921452e+00
3.36900000e+04,5.17123480e+00,6.74333218e-03,2.05532712e+00,3.10916435e+00
3.37000000e+04,5.17115876e+00,6.74950598e-03,2.05529428e+00,3.10911497e+00
3.37100000e+04,5.17107836e+00,6.76817013e-03,2.05525900e+00,3.10905119e+00
