6.00010000e+04,6.96102332e+00,6.94915703e+00,1.18662947e-02
6.00110000e+04,1.66895176e+01,1.66816619e+01,7.85567890e-03
6.00210000e+04,3.71710058e+00,3.71540163e+00,1.69894945e-03
6.00310000e+04,2.31132817e+00,2.31037807e+00,9.50099136e-04
6.00410000e+04,7.56463514e-01,7.56105558e-01,3.57956042e-04
6.00510000e+04,3.50296699e-01,3.50119980e-01,1.76719543e-04
6.00610000e+04,2.15276022e-01,2.15192227e-01,8.37951199e-05
6.00710000e+04,1.85963410e-01,1.85887171e-01,7.62387620e-05
6.00810000e+04,1.67491097e-01,1.67430106e-01,6.09913069e-05
6.00910000e+04,1.62467755e-01,1.62409757e-01,5.79975630e-05
6.01010000e+04,1.57181682e-01,1.57123719e-01,5.79629291e-05
6.01110000e+04,1.56545921e-01,1.56490665e-01,5.52564241e-05
6.01210000e+04,1.55185326e-01,1.55131368e-01,5.39578361e-05
6.01310000e+04,1.54033230e-01,1.53979702e-01,5.35279931e-05
6.01410000e+04,1.53593058e-01,1.53540160e-01,5.28976367e-05
6.01510000e+04,1.52899956e-01,1.52847156e-01,5.27996327e-05
6.01610000e+04,1.52440826e-01,1.52388220e-01,5.26059238e-05
6.01710000e+04,1.52029430e-01,1.51976934e-01,5.24963762e-05
6.01810000e+04,1.51640915e-01,1.51588499e-01,5.24158078e-05
6.01910000e+04,1.51313818e-01,1.51261467e-01,5.23505926e-05
6.02010000e+04,1.51002926e-01,1.50950614e-01,5.23117827e-05
6.02110000e+04,1.50670895e-01,1.50619170e-01,5.17255473e-05
6.02210000e+04,1.50232914e-01,1.50181527e-01,5.13868091e-05
6.02310000e+04,1.49889576e-01,1.49838491e-01,5.10844965e-05
6.02410000e+04,1.49608926e-01,1.49558052e-01,5.08740671e-05
6.02510000e+04,1.49363562e-01,1.49312850e-01,5.07120877e-05
6.02610000e+04,1.49143202e-01,1.49092617e-01,5.05843773e-05
6.02710000e+04,1.48944162e-01,1.48893684e-01,5.04784155e-05
6.02810000e+04,1.48764575e-01,1.48714184e-01,5.03905418e-05
6.02910000e+04,1.48601532e-01,1.48551217e-01,5.03143754e-05
6.03010000e+04,1.48451853e-01,1.48401604e-01,5.02489920e-05
6.03020000e+04,6.71070930e+00,6.69925481e+00,1.14544900e-02
6.03120000e+04,1.27036333e+01,1.26964632e+01,7.17015168e-03
6.03220000e+04,4.50934428e+00,4.50658483e+00,2.75944712e-03
6.03320000e+04,1.87121585e+00,1.87044659e+00,7.69260692e-04
6.03420000e+04,7.33392907e-01,7.32990018e-01,4.02889075e-04
6.03520000e+04,3.42367268e-01,3.42185756e-01,1.81512330e-04
6.03620000e+04,2.21065943e-01,2.20938547e-01,1.27395640e-04
6.03720000e+04,1.86152217e-01,1.86046860e-01,1.05356995e-04
6.03820000e+04,1.63875950e-01,1.63785555e-01,9.03943631e-05
6.03920000e+04,1.55252019e-01,1.55167584e-01,8.44350265e-05
6.04020000e+04,1.54406870e-01,1.54325732e-01,8.11381846e-05
6.04120000e+04,1.53244440e-01,1.53166829e-01,7.76109600e-05
6.04220000e+04,1.51709132e-01,1.51634419e-01,7.47131133e-05
6.04320000e+04,1.50745644e-01,1.50673252e-01,7.23923398e-05
6.04420000e+04,1.49926104e-01,1.49855490e-01,7.06142004e-05
6.04520000e+04,1.49323287e-01,1.49254207e-01,6.90800660e-05
6.04620000e+04,1.48653698e-01,1.48585897e-01,6.78004183e-05
6.04720000e+04,1.48166861e-01,1.48100200e-01,6.66611646e-05
6.04820000e+04,1.47636637e-01,1.47570948e-01,6.56890674e-05
6.04920000e+04,1.47207998e-01,1.47143170e-01,6.48284993e-05
6.05020000e+04,1.46795362e-01,1.46731287e-01,6.40749946e-05
6.05120000e+04,1.46850801e-01,1.46787863e-01,6.29380601e-05
6.05220000e+04,1.46410488e-01,1.46348488e-01,6.20001219e-05
6.05320000e+04,1.46098825e-01,1.46037695e-01,6.11299614e-05
6.05420000e+04,1.45819833e-01,1.45759453e-01,6.03801696e-05
6.05520000e+04,1.45559365e-01,1.45499639e-01,5.97258055e-05
6.05620000e+04,1.45315506e-01,1.45256358e-01,5.91474909e-05
6.05720000e+04,1.45094141e-01,1.45035509e-01,5.86316969e-05
6.05820000e+04,1.44886314e-01,1.44828144e-01,5.81707925e-05
6.05920000e+04,1.44703356e-01,1.44645603e-01,5.77531765e-05
6.06020000e+04,1.44531416e-01,1.44474039e-01,5.73767774e-05
6.06030000e+04,6.63534449e+00,6.62425910e+00,1.10853904e-02
6.06130000e+04,1.74707490e+01,1.74620711e+01,8.67792665e-03
6.06230000e+04,3.57981169e+00,3.57805006e+00,1.76162493e-03
6.06330000e+04,2.04028964e+00,2.03946069e+00,8.28948861e-04
6.06430000e+04,6.82991224e-01,6.82598303e-01,3.92921183e-04
6.06530000e+04,3.42182858e-01,3.41964155e-01,2.18702828e-04
6.06630000e+04,1.98680497e-01,1.98550555e-01,1.29941672e-04
6.06730000e+04,1.76096269e-01,1.75983510e-01,1.12759584e-04
6.06830000e+04,1.60787507e-01,1.60688796e-01,9.87105392e-05
6.06930000e+04,1.51406851e-01,1.51312129e-01,9.47220092e-05
6.07030000e+04,1.49224742e-01,1.49133163e-01,9.15787819e-05
6.07130000e+04,1.49088811e-01,1.49000833e-01,8.79782502e-05
6.07230000e+04,1.47787100e-01,1.47701555e-01,8.55451272e-05
6.07330000e+04,1.47286534e-01,1.47202953e-01,8.35808573e-05
6.07430000e+04,1.47275351e-01,1.47193533e-01,8.18184014e-05
6.07530000e+04,1.46760576e-01,1.46679993e-01,8.05829877e-05
6.07630000e+04,1.46656962e-01,1.46577633e-01,7.93292024e-05
6.07730000e+04,1.46398777e-01,1.46320476e-01,7.83015467e-05
6.07830000e+04,1.46199152e-01,1.46121797e-01,7.73546212e-05
6.07930000e+04,1.46010313e-01,1.45933798e-01,7.65148801e-05
6.08030000e+04,1.45819695e-01,1.45743932e-01,7.57630631e-05
6.08130000e+04,1.45885812e-01,1.45811130e-01,7.46821940e-05
6.08230000e+04,1.45570744e-01,1.45496993e-01,7.37511118e-05
6.08330000e+04,1.45376024e-01,1.45303155e-01,7.28687084e-05
6.08430000e+04,1.45216303e-01,1.45144215e-01,7.20885731e-05
6.08530000e+04,1.45068061e-01,1.44996672e-01,7.13889515e-05
6.08630000e+04,1.44922913e-01,1.44852151e-01,7.07620859e-05
6.08730000e+04,1.44789484e-01,1.44719292e-01,7.01925375e-05
6.08830000e+04,1.44663983e-01,1.44594309e-01,6.96741232e-05
6.08930000e+04,1.44547006e-01,1.44477804e-01,6.92022450e-05
6.09030000e+04,1.44437608e-01,1.44368837e-01,6.87707991e-05
6.09040000e+04,6.43005559e+00,6.41935674e+00,1.06988486e-02
6.09140000e+04,1.27163164e+01,1.27091240e+01,7.19241787e-03
6.09240000e+04,4.47312262e+00,4.47029750e+00,2.82512350e-03
6.09340000e+04,1.76022589e+00,1.75948480e+00,7.41091386e-04
6.09440000e+04,7.11711603e-01,7.11274226e-01,4.37377142e-04
6.09540000e+04,3.19565210e-01,3.19351515e-01,2.13695162e-04
6.09640000e+04,2.02949126e-01,2.02790702e-01,1.58424185e-04
6.09740000e+04,1.72702948e-01,1.72569469e-01,1.33478814e-04
6.09840000e+04,1.52015519e-01,1.51894071e-01,1.21448442e-04
6.09940000e+04,1.42745446e-01,1.42631296e-01,1.14149813e-04
6.10040000e+04,1.42146455e-01,1.42036339e-01,1.10116236e-04
6.10140000e+04,1.40813460e-01,1.40707247e-01,1.06213352e-04
6.10240000e+04,1.39609343e-01,1.39506717e-01,1.02626407e-04
6.10340000e+04,1.38782575e-01,1.38682900e-01,9.96745337e-05
6.10440000e+04,1.38104068e-01,1.38006814e-01,9.72531154e-05
6.10540000e+04,1.37517491e-01,1.37422342e-01,9.51498607e-05
6.10640000e+04,1.36924780e-01,1.36831465e-01,9.33154324e-05
6.10740000e+04,1.36467884e-01,1.36376211e-01,9.16722039e-05
6.10840000e+04,1.35975557e-01,1.35885330e-01,9.02269687e-05
6.10940000e+04,1.35573742e-01,1.35484816e-01,8.89257213e-05
6.11040000e+04,1.35186408e-01,1.35098646e-01,8.77610678e-05
6.11140000e+04,1.35218772e-01,1.35132457e-01,8.63146868e-05
6.11240000e+04,1.34889120e-01,1.34804141e-01,8.49792320e-05
6.11340000e+04,1.34587942e-01,1.34504185e-01,8.37570519e-05
6.11440000e+04,1.34334056e-01,1.34251390e-01,8.26662595e-05
6.11540000e+04,1.34090554e-01,1.34008863e-01,8.16910761e-05
6.11640000e+04,1.33856151e-01,1.33775339e-01,8.08119552e-05
6.11740000e+04,1.33643695e-01,1.33563679e-01,8.00160079e-05
6.11840000e+04,1.33445581e-01,1.33366289e-01,7.92921947e-05
6.11940000e+04,1.33266250e-01,1.33187618e-01,7.86321365e-05
6.12040000e+04,1.33101428e-01,1.33023399e-01,7.80283913e-05
6.12050000e+04,6.37226729e+00,6.36195546e+00,1.03118289e-02
6.12150000e+04,1.78019750e+01,1.77929975e+01,8.97745133e-03
6.12250000e+04,3.39707471e+00,3.39532379e+00,1.75091665e-03
6.12350000e+04,1.89346581e+00,1.89270669e+00,7.59114115e-04
6.12450000e+04,6.10946832e-01,6.10569966e-01,3.76866015e-04
6.12550000e+04,3.02504683e-01,3.02279707e-01,2.24976170e-04
6.12650000e+04,1.76717780e-01,1.76568179e-01,1.49601390e-04
6.12750000e+04,1.57444935e-01,1.57317105e-01,1.27829871e-04
6.12850000e+04,1.38033407e-01,1.37918247e-01,1.15159619e-04
6.12950000e+04,1.30040482e-01,1.29929223e-01,1.11258987e-04
6.13050000e+04,1.28713772e-01,1.28606613e-01,1.07158777e-04
6.13150000e+04,1.28010969e-01,1.27907147e-01,1.03822445e-04
6.13250000e+04,1.26883974e-01,1.26782861e-01,1.01112697e-04
6.13350000e+04,1.26714894e-01,1.26616202e-01,9.86922336e-05
6.13450000e+04,1.26587832e-01,1.26491140e-01,9.66919537e-05
6.13550000e+04,1.26270390e-01,1.26175317e-01,9.50729332e-05
6.13650000e+04,1.26203834e-01,1.26110293e-01,9.35401517e-05
6.13750000e+04,1.26015672e-01,1.25923441e-01,9.22302972e-05
6.13850000e+04,1.25880447e-01,1.25789425e-01,9.10223412e-05
6.13950000e+04,1.25742272e-01,1.25652327e-01,8.99449646e-05
6.14050000e+04,1.25612851e-01,1.25523886e-01,8.89650396e-05
6.14150000e+04,1.25711766e-01,1.25624014e-01,8.77515106e-05
6.14250000e+04,1.25531533e-01,1.25444918e-01,8.66146637e-05
6.14350000e+04,1.25401931e-01,1.25316380e-01,8.55507468e-05
6.14450000e+04,1.25303603e-01,1.25219014e-01,8.45891006e-05
6.14550000e+04,1.25199486e-01,1.25115766e-01,8.37194773e-05
6.14650000e+04,1.25096988e-01,1.25014057e-01,8.29307022e-05
6.14750000e+04,1.25001965e-01,1.24919754e-01,8.22108820e-05
6.14850000e+04,1.24914349e-01,1.24832797e-01,8.15519298e-05
6.14950000e+04,1.24832401e-01,1.24751453e-01,8.09483354e-05
6.15050000e+04,1.24754912e-01,1.24674516e-01,8.03957061e-05
6.15060000e+04,6.18585630e+00,6.17591684e+00,9.93945880e-03
6.15160000e+04,1.29271423e+01,1.29198861e+01,7.25623021e-03
6.15260000e+04,4.47462046e+00,4.47171389e+00,2.90657036e-03
6.15360000e+04,1.67528915e+00,1.67458144e+00,7.07702709e-04
6.15460000e+04,6.73017197e-01,6.72576644e-01,4.40553390e-04
6.15560000e+04,2.92864386e-01,2.92639647e-01,2.24739499e-04
6.15660000e+04,1.79076667e-01,1.78908139e-01,1.68527953e-04
6.15760000e+04,1.52586692e-01,1.52442931e-01,1.43761026e-04
6.15860000e+04,1.32774183e-01,1.32640483e-01,1.33699830e-04
6.15960000e+04,1.24717813e-01,1.24591233e-01,1.26579235e-04
6.16060000e+04,1.23517061e-01,1.23394635e-01,1.22425741e-04
6.16160000e+04,1.22144041e-01,1.22025230e-01,1.18810286e-04
6.16260000e+04,1.21326731e-01,1.21211462e-01,1.15268747e-04
6.16360000e+04,1.20643292e-01,1.20530959e-01,1.12332608e-04
6.16460000e+04,1.20039950e-01,1.19930068e-01,1.09882214e-04
6.16560000e+04,1.19470024e-01,1.19362284e-01,1.07740134e-04
6.16660000e+04,1.18983714e-01,1.18877875e-01,1.05838697e-04
6.16760000e+04,1.18546724e-01,1.18442581e-01,1.04142910e-04
6.16860000e+04,1.18145333e-01,1.18042711e-01,1.02621928e-04
6.16960000e+04,1.17768612e-01,1.17667358e-01,1.01253668e-04
6.17060000e+04,1.17441979e-01,1.17341966e-01,1.00013730e-04
6.17160000e+04,1.17426355e-01,1.17327792e-01,9.85623497e-05
6.17260000e+04,1.17178839e-01,1.17081657e-01,9.71819571e-05
6.17360000e+04,1.16912063e-01,1.16816141e-01,9.59224889e-05
6.17460000e+04,1.16688308e-01,1.16593521e-01,9.47868657e-05
6.17560000e+04,1.16476921e-01,1.16383160e-01,9.37604049e-05
6.17660000e+04,1.16268797e-01,1.16175964e-01,9.28332688e-05
6.17760000e+04,1.16083433e-01,1.15991449e-01,9.19846686e-05
6.17860000e+04,1.15909540e-01,1.15818330e-01,9.12102190e-05
6.17960000e+04,1.15753684e-01,1.15663184e-01,9.05000499e-05
6.18060000e+04,1.15607802e-01,1.15517955e-01,8.98478722e-05
6.18070000e+04,6.12985633e+00,6.12028294e+00,9.57339229e-03
6.18170000e+04,1.79667266e+01,1.79575960e+01,9.13052137e-03
6.18270000e+04,3.30123752e+00,3.29946119e+00,1.77632525e-03
6.18370000e+04,1.77914457e+00,1.77844101e+00,7.03562536e-04
6.18470000e+04,5.53047754e-01,5.52693782e-01,3.53972668e-04
6.18570000e+04,2.58102649e-01,2.57883779e-01,2.18869310e-04
6.18670000e+04,1.56692311e-01,1.56534469e-01,1.57842127e-04
6.18770000e+04,1.39907790e-01,1.39771830e-01,1.35960932e-04
6.18870000e+04,1.17464360e-01,1.17340648e-01,1.23711939e-04
6.18970000e+04,1.11922590e-01,1.11802807e-01,1.19783447e-04
6.19070000e+04,1.10253006e-01,1.10137416e-01,1.15590170e-04
6.19170000e+04,1.09179612e-01,1.09067027e-01,1.12584999e-04
6.19270000e+04,1.08338294e-01,1.08228414e-01,1.09880498e-04
6.19370000e+04,1.08264305e-01,1.08156861e-01,1.07443880e-04
6.19470000e+04,1.08002504e-01,1.07897031e-01,1.05472892e-04
6.19570000e+04,1.07839748e-01,1.07735988e-01,1.03759145e-04
6.19670000e+04,1.07746057e-01,1.07643850e-01,1.02206509e-04
6.19770000e+04,1.07614003e-01,1.07513164e-01,1.00838601e-04
6.19870000e+04,1.07514274e-01,1.07414690e-01,9.95841691e-05
6.19970000e+04,1.07401813e-01,1.07303354e-01,9.84586947e-05
6.20070000e+04,1.07314415e-01,1.07216989e-01,9.74263395e-05
6.20170000e+04,1.07360441e-01,1.07264211e-01,9.62301010e-05
6.20270000e+04,1.07258520e-01,1.07163451e-01,9.50683678e-05
6.20370000e+04,1.07159442e-01,1.07065451e-01,9.39909134e-05
6.20470000e+04,1.07088290e-01,1.06995279e-01,9.30106143e-05
6.20570000e+04,1.07009372e-01,1.06917253e-01,9.21189488e-05
6.20670000e+04,1.06933741e-01,1.06842435e-01,9.13059175e-05
6.20770000e+04,1.06861908e-01,1.06771347e-01,9.05612885e-05
6.20870000e+04,1.06797949e-01,1.06708071e-01,8.98776298e-05
6.20970000e+04,1.06738846e-01,1.06649597e-01,8.92490321e-05
6.21070000e+04,1.06683609e-01,1.06594939e-01,8.86700153e-05
6.21080000e+04,5.95570396e+00,5.94648016e+00,9.22379427e-03
6.21180000e+04,1.31837297e+01,1.31763785e+01,7.35118206e-03
6.21280000e+04,4.52253951e+00,4.51953486e+00,3.00465196e-03
6.21380000e+04,1.61438437e+00,1.61370555e+00,6.78827749e-04
6.21480000e+04,6.30476668e-01,6.30044214e-01,4.32454495e-04
6.21580000e+04,2.70634727e-01,2.70405901e-01,2.28826219e-04
6.21680000e+04,1.58785186e-01,1.58612619e-01,1.72567304e-04
6.21780000e+04,1.36351799e-01,1.36202397e-01,1.49401677e-04
6.21880000e+04,1.15761145e-01,1.15621400e-01,1.39745503e-04
6.21980000e+04,1.09740344e-01,1.09606913e-01,1.33431065e-04
6.22080000e+04,1.07987262e-01,1.07857927e-01,1.29335118e-04
6.22180000e+04,1.06688588e-01,1.06562551e-01,1.26037343e-04
6.22280000e+04,1.06214342e-01,1.06091630e-01,1.22712601e-04
6.22380000e+04,1.05630526e-01,1.05510574e-01,1.19952431e-04
6.22480000e+04,1.05036122e-01,1.04918493e-01,1.17629184e-04
6.22580000e+04,1.04546716e-01,1.04431147e-01,1.15568631e-04
6.22680000e+04,1.04116840e-01,1.04003095e-01,1.13744283e-04
6.22780000e+04,1.03728610e-01,1.03616506e-01,1.12103445e-04
6.22880000e+04,1.03374638e-01,1.03264014e-01,1.10623825e-04
6.22980000e+04,1.03043611e-01,1.02934326e-01,1.09285786e-04
6.23080000e+04,1.02757957e-01,1.02649889e-01,1.08068000e-04
6.23180000e+04,1.02701708e-01,1.02595022e-01,1.06686080e-04
6.23280000e+04,1.02495625e-01,1.02390273e-01,1.05352448e-04
6.23380000e+04,1.02267615e-01,1.02163480e-01,1.04134746e-04
6.23480000e+04,1.02068425e-01,1.01965394e-01,1.03031523e-04
6.23580000e+04,1.01884845e-01,1.01782814e-01,1.02030917e-04
6.23680000e+04,1.01702902e-01,1.01601782e-01,1.01120002e-04
6.23780000e+04,1.01540354e-01,1.01440069e-01,1.00285418e-04
6.23880000e+04,1.01388808e-01,1.01289288e-01,9.95201178e-05
6.23980000e+04,1.01253515e-01,1.01154698e-01,9.88164081e-05
6.24080000e+04,1.01126839e-01,1.01028671e-01,9.81679595e-05
6.24090000e+04,5.89860782e+00,5.88972428e+00,8.88354152e-03
6.24190000e+04,1.80357707e+01,1.80265604e+01,9.21028425e-03
6.24290000e+04,3.28501756e+00,3.28318101e+00,1.83654496e-03
6.24390000e+04,1.68785498e+00,1.68719198e+00,6.62995572e-04
6.24490000e+04,5.09314437e-01,5.08981287e-01,3.33150597e-04
6.24590000e+04,2.20450363e-01,2.20240570e-01,2.09792855e-04
6.24690000e+04,1.39005307e-01,1.38844763e-01,1.60544741e-04
6.24790000e+04,1.25385157e-01,1.25243667e-01,1.41489817e-04
6.24890000e+04,1.01489096e-01,1.01359719e-01,1.29377413e-04
6.24990000e+04,9.77761391e-02,9.76510610e-02,1.25078094e-04
6.25090000e+04,9.58140605e-02,9.56928738e-02,1.21186739e-04
6.25190000e+04,9.45874257e-02,9.44689997e-02,1.18426056e-04
6.25290000e+04,9.39507950e-02,9.38350193e-02,1.15775706e-04
6.25390000e+04,9.38047201e-02,9.36912409e-02,1.13479265e-04
6.25490000e+04,9.35419880e-02,9.34304026e-02,1.11585435e-04
6.25590000e+04,9.34460465e-02,9.33361544e-02,1.09892093e-04
6.25690000e+04,9.33427550e-02,9.32343658e-02,1.08389283e-04
6.25790000e+04,9.32429781e-02,9.31359390e-02,1.07039017e-04
6.25890000e+04,9.31660637e-02,9.30602576e-02,1.05806162e-04
6.25990000e+04,9.30738375e-02,9.29691439e-02,1.04693571e-04
6.26090000e+04,9.30088143e-02,9.29051429e-02,1.03671348e-04
6.26190000e+04,9.29980107e-02,9.28954780e-02,1.02532686e-04
6.26290000e+04,9.29338338e-02,9.28324256e-02,1.01408154e-04
6.26390000e+04,9.28519807e-02,9.27516116e-02,1.00369113e-04
6.26490000e+04,9.27928871e-02,9.26934679e-02,9.94192774e-05
6.26590000e+04,9.27321325e-02,9.26335790e-02,9.85534891e-05
6.26690000e+04,9.26724237e-02,9.25746631e-02,9.77606294e-05
6.26790000e+04,9.26179943e-02,9.25209621e-02,9.70322609e-05
6.26890000e+04,9.25694114e-02,9.24730496e-02,9.63617798e-05
6.26990000e+04,9.25255840e-02,9.24298405e-02,9.57435867e-05
6.27090000e+04,9.24837622e-02,9.23885883e-02,9.51739240e-05
6.27100000e+04,5.73461613e+00,5.72605885e+00,8.55728699e-03
6.27200000e+04,1.34180754e+01,1.34106400e+01,7.43539337e-03
6.27300000e+04,4.59738629e+00,4.59428808e+00,3.09821081e-03
6.27400000e+04,1.56978094e+00,1.56912500e+00,6.55932227e-04
6.27500000e+04,5.88739342e-01,5.88320161e-01,4.19181470e-04
6.27600000e+04,2.55895659e-01,2.55665553e-01,2.30105959e-04
6.27700000e+04,1.42435813e-01,1.42261795e-01,1.74017842e-04
6.27800000e+04,1.24110631e-01,1.23957143e-01,1.53488957e-04
6.27900000e+04,1.02017889e-01,1.01874494e-01,1.43395005e-04
6.28000000e+04,9.79105154e-02,9.77727152e-02,1.37800231e-04
6.28100000e+04,9.58231074e-02,9.56892172e-02,1.33890216e-04
6.28200000e+04,9.45578473e-02,9.44270265e-02,1.30820824e-04
6.28300000e+04,9.42777176e-02,9.41500208e-02,1.27696756e-04
6.28400000e+04,9.36964738e-02,9.35713533e-02,1.25120593e-04
6.28500000e+04,9.31784161e-02,9.30555059e-02,1.22910136e-04
6.28600000e+04,9.27666657e-02,9.26457178e-02,1.20947823e-04
6.28700000e+04,9.23546663e-02,9.22354533e-02,1.19212958e-04
6.28800000e+04,9.20203422e-02,9.19027022e-02,1.17640017e-04
6.28900000e+04,9.16873115e-02,9.15710876e-02,1.16223838e-04
6.29000000e+04,9.14142393e-02,9.12993085e-02,1.14930773e-04
6.29100000e+04,9.11558486e-02,9.10420926e-02,1.13756067e-04
6.29200000e+04,9.10660747e-02,9.09536207e-02,1.12454044e-04
6.29300000e+04,9.08867371e-02,9.07755514e-02,1.11185628e-04
6.29400000e+04,9.06897889e-02,9.05797652e-02,1.10023767e-04
6.29500000e+04,9.05117274e-02,9.04027581e-02,1.08969365e-04
6.29600000e+04,9.03500742e-02,9.02420645e-02,1.08009711e-04
6.29700000e+04,9.01910791e-02,9.00839455e-02,1.07133635e-04
6.29800000e+04,9.00479315e-02,8.99416028e-02,1.06328700e-04
6.29900000e+04,8.99161212e-02,8.98105334e-02,1.05587857e-04
6.30000000e+04,8.97967316e-02,8.96918246e-02,1.04907040e-04
6.30100000e+04,8.96864395e-02,8.95821622e-02,1.04277337e-04
6.30110000e+04,5.67630332e+00,5.66806110e+00,8.24222408e-03
6.30210000e+04,1.80091308e+01,1.79999105e+01,9.22032752e-03
6.30310000e+04,3.32469529e+00,3.32277918e+00,1.91611634e-03
6.30410000e+04,1.61207114e+00,1.61143660e+00,6.34537863e-04
6.30510000e+04,4.77390758e-01,4.77073857e-01,3.16901693e-04
6.30610000e+04,1.95694576e-01,1.95492548e-01,2.02028366e-04
6.30710000e+04,1.24408988e-01,1.24248611e-01,1.60377153e-04
6.30810000e+04,1.12883133e-01,1.12738234e-01,1.44898922e-04
6.30910000e+04,8.94527843e-02,8.93194413e-02,1.33342949e-04
6.31010000e+04,8.65930903e-02,8.64645151e-02,1.28575177e-04
6.31110000e+04,8.45199110e-02,8.43948608e-02,1.25050175e-04
6.31210000e+04,8.32952533e-02,8.31727707e-02,1.22482667e-04
6.31310000e+04,8.27780740e-02,8.26581242e-02,1.19949757e-04
6.31410000e+04,8.25518234e-02,8.24339927e-02,1.17830701e-04
6.31510000e+04,8.23445681e-02,8.22285352e-02,1.16032884e-04
6.31610000e+04,8.22657689e-02,8.21513522e-02,1.14416688e-04
6.31710000e+04,8.21609207e-02,8.20479297e-02,1.12990992e-04
6.31810000e+04,8.20816075e-02,8.19699175e-02,1.11689948e-04
6.31910000e+04,8.20150501e-02,8.19045388e-02,1.10511309e-04
6.32010000e+04,8.19431669e-02,8.18337315e-02,1.09435423e-04
6.32110000e+04,8.18845885e-02,8.17761365e-02,1.08451949e-04
6.32210000e+04,8.18346748e-02,8.17272912e-02,1.07383588e-04
6.32310000e+04,8.17827322e-02,8.16764150e-02,1.06317241e-04
6.32410000e+04,8.17141946e-02,8.16088626e-02,1.05331952e-04
6.32510000e+04,8.16608301e-02,8.15563986e-02,1.04431415e-04
6.32610000e+04,8.16098291e-02,8.15062221e-02,1.03606968e-04
6.32710000e+04,8.15625358e-02,8.14596854e-02,1.02850462e-04
6.32810000e+04,8.15181904e-02,8.14160363e-02,1.02154001e-04
6.32910000e+04,8.14798093e-02,8.13782973e-02,1.01511956e-04
6.33010000e+04,8.14446976e-02,8.13437789e-02,1.00918688e-04
6.33110000e+04,8.14123689e-02,8.13119980e-02,1.00370872e-04
6.33120000e+04,5.52158090e+00,5.51364233e+00,7.93857294e-03
6.33220000e+04,1.35992590e+01,1.35917752e+01,7.48388404e-03
6.33320000e+04,4.68278529e+00,4.67960957e+00,3.17572561e-03
6.33420000e+04,1.53121920e+00,1.53058179e+00,6.37410033e-04
6.33520000e+04,5.50872617e-01,5.50469411e-01,4.03206338e-04
6.33620000e+04,2.51003249e-01,2.50772459e-01,2.30790132e-04
6.33720000e+04,1.29093449e-01,1.28919798e-01,1.73650067e-04
6.33820000e+04,1.13704623e-01,1.13548738e-01,1.55885132e-04
6.33920000e+04,9.16252089e-02,9.14794987e-02,1.45710174e-04
6.34020000e+04,8.87480570e-02,8.86075192e-02,1.40537768e-04
6.34120000e+04,8.61798172e-02,8.60430267e-02,1.36790480e-04
6.34220000e+04,8.49871916e-02,8.48533078e-02,1.33883823e-04
6.34320000e+04,8.47479376e-02,8.46169771e-02,1.30960524e-04
6.34420000e+04,8.41640611e-02,8.40355228e-02,1.28538327e-04
6.34520000e+04,8.37633073e-02,8.36368802e-02,1.26427112e-04
6.34620000e+04,8.33873018e-02,8.32627378e-02,1.24563978e-04
6.34720000e+04,8.29882408e-02,8.28653246e-02,1.22916217e-04
6.34820000e+04,8.26913189e-02,8.25699069e-02,1.21411915e-04
6.34920000e+04,8.23898410e-02,8.22697794e-02,1.20061543e-04
6.35020000e+04,8.21550474e-02,8.20362265e-02,1.18820939e-04
6.35120000e+04,8.19192769e-02,8.18015822e-02,1.17694689e-04
6.35220000e+04,8.18040378e-02,8.16875718e-02,1.16465988e-04
6.35320000e+04,8.16465319e-02,8.15312682e-02,1.15263683e-04
6.35420000e+04,8.14723901e-02,8.13582294e-02,1.14160631e-04
6.35520000e+04,8.13112346e-02,8.11980760e-02,1.13158581e-04
6.35620000e+04,8.11673114e-02,8.10550689e-02,1.12242496e-04
6.35720000e+04,8.10278653e-02,8.09164603e-02,1.11404991e-04
6.35820000e+04,8.09000075e-02,8.07893735e-02,1.10633998e-04
6.35920000e+04,8.07834860e-02,8.06735619e-02,1.09924076e-04
6.36020000e+04,8.06762444e-02,8.05669747e-02,1.09269659e-04
6.36120000e+04,8.05790557e-02,8.04703915e-02,1.08664223e-04
6.36130000e+04,5.46252077e+00,5.45487407e+00,7.64669297e-03
6.36230000e+04,1.79079160e+01,1.78987440e+01,9.17198741e-03
6.36330000e+04,3.40358800e+00,3.40158704e+00,2.00095165e-03
6.36430000e+04,1.54104653e+00,1.54043349e+00,6.13041606e-04
6.36530000e+04,4.54442063e-01,4.54136789e-01,3.05273684e-04
6.36630000e+04,1.86328715e-01,1.86131322e-01,1.97392825e-04
6.36730000e+04,1.13195480e-01,1.13036455e-01,1.59025265e-04
6.36830000e+04,1.01657005e-01,1.01510701e-01,1.46304508e-04
6.36930000e+04,8.05202029e-02,8.03842653e-02,1.35937603e-04
6.37030000e+04,7.77327752e-02,7.76019250e-02,1.30850122e-04
6.37130000e+04,7.56014832e-02,7.54739217e-02,1.27561428e-04
6.37230000e+04,7.44185218e-02,7.42933746e-02,1.25147212e-04
6.37330000e+04,7.39975083e-02,7.38747478e-02,1.22760496e-04
6.37430000e+04,7.37194163e-02,7.35986252e-02,1.20791144e-04
6.37530000e+04,7.35627734e-02,7.34436876e-02,1.19085741e-04
6.37630000e+04,7.34735151e-02,7.33559553e-02,1.17559762e-04
6.37730000e+04,7.33658014e-02,7.32495920e-02,1.16209437e-04
6.37830000e+04,7.33035845e-02,7.31886173e-02,1.14967199e-04
6.37930000e+04,7.32328818e-02,7.31190344e-02,1.13847394e-04
6.38030000e+04,7.31764704e-02,7.30636522e-02,1.12818203e-04
6.38130000e+04,7.31184757e-02,7.30065962e-02,1.11879528e-04
6.38230000e+04,7.30416746e-02,7.29307983e-02,1.10876332e-04
6.38330000e+04,7.29938602e-02,7.28839851e-02,1.09875054e-04
6.38430000e+04,7.29332793e-02,7.28243337e-02,1.08945580e-04
6.38530000e+04,7.28807322e-02,7.27726350e-02,1.08097231e-04
6.38630000e+04,7.28369229e-02,7.27296039e-02,1.07318976e-04
6.38730000e+04,7.27979805e-02,7.26913780e-02,1.06602553e-04
6.38830000e+04,7.27603740e-02,7.26544317e-02,1.05942332e-04
6.38930000e+04,7.27281117e-02,7.26227799e-02,1.05331787e-04
6.39030000e+04,7.27007687e-02,7.25960004e-02,1.04768306e-04
6.39130000e+04,7.26732910e-02,7.25690442e-02,1.04246813e-04
6.39140000e+04,5.31628757e+00,5.30892295e+00,7.36462319e-03
6.39240000e+04,1.37234476e+01,1.37159525e+01,7.49514550e-03
6.39340000e+04,4.76223254e+00,4.75900520e+00,3.22734428e-03
6.39440000e+04,1.49045836e+00,1.48983773e+00,6.20631119e-04
6.39540000e+04,5.16679459e-01,5.16293593e-01,3.85866135e-04
6.39640000e+04,2.54525441e-01,2.54294114e-01,2.31327973e-04
6.39740000e+04,1.17991169e-01,1.17819280e-01,1.71889791e-04
6.39840000e+04,1.03890108e-01,1.03733920e-01,1.56188817e-04
6.39940000e+04,8.38212384e-02,8.36744610e-02,1.46777386e-04
6.40040000e+04,8.15828940e-02,8.14410182e-02,1.41875772e-04
6.40140000e+04,7.83186166e-02,7.81804219e-02,1.38194780e-04
6.40240000e+04,7.73026020e-02,7.71671863e-02,1.35415686e-04
6.40340000e+04,7.70020737e-02,7.68693673e-02,1.32706390e-04
6.40440000e+04,7.64550682e-02,7.63246387e-02,1.30429506e-04
6.40540000e+04,7.61389758e-02,7.60105451e-02,1.28430704e-04
6.40640000e+04,7.57708183e-02,7.56441400e-02,1.26678330e-04
6.40740000e+04,7.54049781e-02,7.52798616e-02,1.25116533e-04
6.40840000e+04,7.51325172e-02,7.50088247e-02,1.23692501e-04
6.40940000e+04,7.48714794e-02,7.47490709e-02,1.22408487e-04
6.41040000e+04,7.46554107e-02,7.45341794e-02,1.21231211e-04
6.41140000e+04,7.44437417e-02,7.43235834e-02,1.20158310e-04
6.41240000e+04,7.43123530e-02,7.41933481e-02,1.19004834e-04
6.41340000e+04,7.41705939e-02,7.40527223e-02,1.17871629e-04
6.41440000e+04,7.40140812e-02,7.38972523e-02,1.16828939e-04
6.41540000e+04,7.38679479e-02,7.37520676e-02,1.15880294e-04
6.41640000e+04,7.37376221e-02,7.36226094e-02,1.15012735e-04
6.41740000e+04,7.36116208e-02,7.34974033e-02,1.14217489e-04
6.41840000e+04,7.34979689e-02,7.33844840e-02,1.13484881e-04
6.41940000e+04,7.33933003e-02,7.32804902e-02,1.12810108e-04
6.42040000e+04,7.32982792e-02,7.31860932e-02,1.12186027e-04
6.42140000e+04,7.32104467e-02,7.30988374e-02,1.11609326e-04
6.42150000e+04,5.25681740e+00,5.24972326e+00,7.09414630e-03
6.42250000e+04,1.77482581e+01,1.77391855e+01,9.07256341e-03
6.42350000e+04,3.48922044e+00,3.48714440e+00,2.07604672e-03
6.42450000e+04,1.47414735e+00,1.47355037e+00,5.96983669e-04
6.42550000e+04,4.36868484e-01,4.36571869e-01,2.96615145e-04
6.42650000e+04,1.88668872e-01,1.88473542e-01,1.95330089e-04
6.42750000e+04,1.05582267e-01,1.05424690e-01,1.57577082e-04
6.42850000e+04,9.16704983e-02,9.15244015e-02,1.46096772e-04
6.42950000e+04,7.36558144e-02,7.35186014e-02,1.37212966e-04
6.43050000e+04,7.05862436e-02,7.04541342e-02,1.32109436e-04
6.43150000e+04,6.85130552e-02,6.83840827e-02,1.28972490e-04
6.43250000e+04,6.73248571e-02,6.71982061e-02,1.26651000e-04
6.43350000e+04,6.69797980e-02,6.68554044e-02,1.24393629e-04
6.43450000e+04,6.66555393e-02,6.65330073e-02,1.22531967e-04
6.43550000e+04,6.65206699e-02,6.63997645e-02,1.20905440e-04
6.43650000e+04,6.64237202e-02,6.63042630e-02,1.19457130e-04
6.43750000e+04,6.63198285e-02,6.62016594e-02,1.18169016e-04
6.43850000e+04,6.62762798e-02,6.61592971e-02,1.16982732e-04
6.43950000e+04,6.62001278e-02,6.60842127e-02,1.15915125e-04
6.44050000e+04,6.61541048e-02,6.60391751e-02,1.14929700e-04
6.44150000e+04,6.60976053e-02,6.59835742e-02,1.14031124e-04
6.44250000e+04,6.60029330e-02,6.58898482e-02,1.13084817e-04
6.44350000e+04,6.59569166e-02,6.58447781e-02,1.12138544e-04
6.44450000e+04,6.59028335e-02,6.57915721e-02,1.11261401e-04
6.44550000e+04,6.58512951e-02,6.57408363e-02,1.10458730e-04
6.44650000e+04,6.58113440e-02,6.57016232e-02,1.09720758e-04
6.44750000e+04,6.57771564e-02,6.56681162e-02,1.09040224e-04
6.44850000e+04,6.57440085e-02,6.56355945e-02,1.08413980e-04
6.44950000e+04,6.57168500e-02,6.56090159e-02,1.07834079e-04
6.45050000e+04,6.56922987e-02,6.55850018e-02,1.07296936e-04
6.45150000e+04,6.56698056e-02,6.55630054e-02,1.06800234e-04
6.45160000e+04,5.11836009e+00,5.11152791e+00,6.83217553e-03
6.45260000e+04,1.37678228e+01,1.37603668e+01,7.45606999e-03
6.45360000e+04,4.83235786e+00,4.82910295e+00,3.25490841e-03
6.45460000e+04,1.44053390e+00,1.43993064e+00,6.03255851e-04
6.45560000e+04,4.87084359e-01,4.86716228e-01,3.68131545e-04
6.45660000e+04,2.62828918e-01,2.62597215e-01,2.31703072e-04
6.45760000e+04,1.09228022e-01,1.09058532e-01,1.69489830e-04
6.45860000e+04,9.47352711e-02,9.45806471e-02,1.54624028e-04
6.45960000e+04,7.74921279e-02,7.73456200e-02,1.46507908e-04
6.46060000e+04,7.57299582e-02,7.55880629e-02,1.41895363e-04
6.46160000e+04,7.17932337e-02,7.16549675e-02,1.38266218e-04
6.46260000e+04,7.10399512e-02,7.09043503e-02,1.35600869e-04
6.46360000e+04,7.06058128e-02,7.04727017e-02,1.33111042e-04
6.46460000e+04,7.01202788e-02,6.99892950e-02,1.30983708e-04
6.46560000e+04,6.98504388e-02,6.97213294e-02,1.29109388e-04
6.46660000e+04,6.94661420e-02,6.93386635e-02,1.27478588e-04
6.46760000e+04,6.91556737e-02,6.90296687e-02,1.26005062e-04
6.46860000e+04,6.88946962e-02,6.87700247e-02,1.24671540e-04
6.46960000e+04,6.86763259e-02,6.85528659e-02,1.23459972e-04
6.47060000e+04,6.84663472e-02,6.83439914e-02,1.22355840e-04
6.47160000e+04,6.82807372e-02,6.81593943e-02,1.21342915e-04
6.47260000e+04,6.81381675e-02,6.80179013e-02,1.20266248e-04
6.47360000e+04,6.80073674e-02,6.78881647e-02,1.19202779e-04
6.47460000e+04,6.78666777e-02,6.77484531e-02,1.18224624e-04
6.47560000e+04,6.77313321e-02,6.76139996e-02,1.17332482e-04
6.47660000e+04,6.76124921e-02,6.74959761e-02,1.16515992e-04
6.47760000e+04,6.74995628e-02,6.73837954e-02,1.15767352e-04
6.47860000e+04,6.73960379e-02,6.72809604e-02,1.15077591e-04
6.47960000e+04,6.73019401e-02,6.71874994e-02,1.14440711e-04
6.48060000e+04,6.72152777e-02,6.71014268e-02,1.13850905e-04
6.48160000e+04,6.71371054e-02,6.70237995e-02,1.13305868e-04
6.48170000e+04,5.05889583e+00,5.05231425e+00,6.58157772e-03
6.48270000e+04,1.75167615e+01,1.75078410e+01,8.92050015e-03
6.48370000e+04,3.58342372e+00,3.58128473e+00,2.13898578e-03
6.48470000e+04,1.40600881e+00,1.40542696e+00,5.81843087e-04
6.48570000e+04,4.21831925e-01,4.21542508e-01,2.89417121e-04
6.48670000e+04,1.98485163e-01,1.98289943e-01,1.95219656e-04
6.48770000e+04,1.01144204e-01,1.00987966e-01,1.56237549e-04
6.48870000e+04,8.34677557e-02,8.33230366e-02,1.44719062e-04
6.48970000e+04,6.81503489e-02,6.80132043e-02,1.37144575e-04
6.49070000e+04,6.48146719e-02,6.46823980e-02,1.32273902e-04
6.49170000e+04,6.28758278e-02,6.27465357e-02,1.29292011e-04
6.49270000e+04,6.16557604e-02,6.15287181e-02,1.27042350e-04
6.49370000e+04,6.13512764e-02,6.12263498e-02,1.24926562e-04
6.49470000e+04,6.10052471e-02,6.08820857e-02,1.23161424e-04
6.49570000e+04,6.08702628e-02,6.07486441e-02,1.21618615e-04
6.49670000e+04,6.07687948e-02,6.06485470e-02,1.20247812e-04
6.49770000e+04,6.06735119e-02,6.05544897e-02,1.19022202e-04
6.49870000e+04,6.06307341e-02,6.05128368e-02,1.17897273e-04
6.49970000e+04,6.05558813e-02,6.04390009e-02,1.16880387e-04
6.50070000e+04,6.05142854e-02,6.03983411e-02,1.15944339e-04
6.50170000e+04,6.04631799e-02,6.03480913e-02,1.15088571e-04
6.50270000e+04,6.03579815e-02,6.02437833e-02,1.14198209e-04
6.50370000e+04,6.03121140e-02,6.01988077e-02,1.13306307e-04
6.50470000e+04,6.02626735e-02,6.01501940e-02,1.12479499e-04
6.50570000e+04,6.02115526e-02,6.00998315e-02,1.11721133e-04
6.50670000e+04,6.01740301e-02,6.00630061e-02,1.11023985e-04
6.50770000e+04,6.01439223e-02,6.00335410e-02,1.10381329e-04
6.50870000e+04,6.01147543e-02,6.00049669e-02,1.09787442e-04
6.50970000e+04,6.00908223e-02,5.99815833e-02,1.09239024e-04
6.51070000e+04,6.00693575e-02,5.99606279e-02,1.08729597e-04
6.51170000e+04,6.00494787e-02,5.99412203e-02,1.08258436e-04
6.51180000e+04,4.92761331e+00,4.92127470e+00,6.33860940e-03
6.51280000e+04,1.37456733e+01,1.37383001e+01,7.37324122e-03
6.51380000e+04,4.88105366e+00,4.87780086e+00,3.25280633e-03
6.51480000e+04,1.38161045e+00,1.38102653e+00,5.83916867e-04
6.51580000e+04,4.60731217e-01,4.60380837e-01,3.50380028e-04
6.51680000e+04,2.70663860e-01,2.70432642e-01,2.31217136e-04
6.51780000e+04,1.02817648e-01,1.02650719e-01,1.66928342e-04
6.51880000e+04,8.68010907e-02,8.66490991e-02,1.51991536e-04
6.51980000e+04,7.20115616e-02,7.18664138e-02,1.45147824e-04
6.52080000e+04,7.07129879e-02,7.05721537e-02,1.40834119e-04
6.52180000e+04,6.63913173e-02,6.62539723e-02,1.37344913e-04
6.52280000e+04,6.59040411e-02,6.57692498e-02,1.34791286e-04
6.52380000e+04,6.53079890e-02,6.51754807e-02,1.32508299e-04
6.52480000e+04,6.48885038e-02,6.47579739e-02,1.30529871e-04
6.52580000e+04,6.46318214e-02,6.45030335e-02,1.28787857e-04
6.52680000e+04,6.42346832e-02,6.41074084e-02,1.27274712e-04
6.52780000e+04,6.39799887e-02,6.38540980e-02,1.25890653e-04
6.52880000e+04,6.37196579e-02,6.35950059e-02,1.24651993e-04
6.52980000e+04,6.35356489e-02,6.34121322e-02,1.23516689e-04
6.53080000e+04,6.33295877e-02,6.32071028e-02,1.22484925e-04
6.53180000e+04,6.31657159e-02,6.30441811e-02,1.21534810e-04
6.53280000e+04,6.30149796e-02,6.28944461e-02,1.20533469e-04
6.53380000e+04,6.28913481e-02,6.27718077e-02,1.19540349e-04
6.53480000e+04,6.27631729e-02,6.26445475e-02,1.18625334e-04
6.53580000e+04,6.26366881e-02,6.25188981e-02,1.17789983e-04
6.53680000e+04,6.25265976e-02,6.24095712e-02,1.17026347e-04
6.53780000e+04,6.24237100e-02,6.23073858e-02,1.16324174e-04
6.53880000e+04,6.23279815e-02,6.22123044e-02,1.15677144e-04
6.53980000e+04,6.22423383e-02,6.21272594e-02,1.15078843e-04
6.54080000e+04,6.21633275e-02,6.20488031e-02,1.14524371e-04
6.54180000e+04,6.20910580e-02,6.19770459e-02,1.14012115e-04
6.54190000e+04,4.86865187e+00,4.86254563e+00,6.10623360e-03
6.54290000e+04,1.72407494e+01,1.72320175e+01,8.73192899e-03
6.54390000e+04,3.66978688e+00,3.66760265e+00,2.18422789e-03
6.54490000e+04,1.33524396e+00,1.33467829e+00,5.65669560e-04
6.54590000e+04,4.06247625e-01,4.05965533e-01,2.82091639e-04
6.54690000e+04,2.10278221e-01,2.10082312e-01,1.95908954e-04
6.54790000e+04,9.90138974e-02,9.88588666e-02,1.55030775e-04
6.54890000e+04,7.70817281e-02,7.69390498e-02,1.42678333e-04
6.54990000e+04,6.34843790e-02,6.33483301e-02,1.36048841e-04
6.55090000e+04,6.01663950e-02,6.00348848e-02,1.31510243e-04
6.55190000e+04,5.82808976e-02,5.81521844e-02,1.28713249e-04
6.55290000e+04,5.71038235e-02,5.69772771e-02,1.26546353e-04
6.55390000e+04,5.67765633e-02,5.66519926e-02,1.24570689e-04
6.55490000e+04,5.64200821e-02,5.62971794e-02,1.22902733e-04
6.55590000e+04,5.62914756e-02,5.61700304e-02,1.21445194e-04
6.55690000e+04,5.61851667e-02,5.60650130e-02,1.20153667e-04
6.55790000e+04,5.61014894e-02,5.59824981e-02,1.18991363e-04
6.55890000e+04,5.60490547e-02,5.59311212e-02,1.17933466e-04
6.55990000e+04,5.59868586e-02,5.58698894e-02,1.16969201e-04
6.56090000e+04,5.59416369e-02,5.58255516e-02,1.16085292e-04
6.56190000e+04,5.59010299e-02,5.57857560e-02,1.15273905e-04
6.56290000e+04,5.57869823e-02,5.56725450e-02,1.14437296e-04
6.56390000e+04,5.57436870e-02,5.56300899e-02,1.13597166e-04
6.56490000e+04,5.56984152e-02,5.55855971e-02,1.12818179e-04
6.56590000e+04,5.56493153e-02,5.55372110e-02,1.12104305e-04
6.56690000e+04,5.56136346e-02,5.55021883e-02,1.11446275e-04
6.56790000e+04,5.55860265e-02,5.54751864e-02,1.10840090e-04
6.56890000e+04,5.55593958e-02,5.54491164e-02,1.10279408e-04
6.56990000e+04,5.55377941e-02,5.54280327e-02,1.09761373e-04
6.57090000e+04,5.55187778e-02,5.54094966e-02,1.09281145e-04
6.57190000e+04,5.55020017e-02,5.53931673e-02,1.08834463e-04
6.57200000e+04,4.74408837e+00,4.73820739e+00,5.88097430e-03
6.57300000e+04,1.36686854e+01,1.36614331e+01,7.25227417e-03
6.57400000e+04,4.89986428e+00,4.89664226e+00,3.22201537e-03
6.57500000e+04,1.31606272e+00,1.31550066e+00,5.62059879e-04
6.57600000e+04,4.35100115e-01,4.34768198e-01,3.31916976e-04
6.57700000e+04,2.74214785e-01,2.73985584e-01,2.29200658e-04
6.57800000e+04,9.85838765e-02,9.84195028e-02,1.64373713e-04
6.57900000e+04,8.02847648e-02,8.01359341e-02,1.48830673e-04
6.58000000e+04,6.71365700e-02,6.69936564e-02,1.42913581e-04
6.58100000e+04,6.62695091e-02,6.61306483e-02,1.38860755e-04
6.58200000e+04,6.19082201e-02,6.17726135e-02,1.35606571e-04
6.58300000e+04,6.16343847e-02,6.15012006e-02,1.33184108e-04
6.58400000e+04,6.08977313e-02,6.07666489e-02,1.31082379e-04
6.58500000e+04,6.05430029e-02,6.04137528e-02,1.29250069e-04
6.58600000e+04,6.02824803e-02,6.01548424e-02,1.27637955e-04
6.58700000e+04,5.98898779e-02,5.97636442e-02,1.26233706e-04
6.58800000e+04,5.96738008e-02,5.95488545e-02,1.24946258e-04
6.58900000e+04,5.94202438e-02,5.92964466e-02,1.23797199e-04
6.59000000e+04,5.92538997e-02,5.91311604e-02,1.22739299e-04
6.59100000e+04,5.90581648e-02,5.89363850e-02,1.21779780e-04
6.59200000e+04,5.89079622e-02,5.87870669e-02,1.20895233e-04
6.59300000e+04,5.87551023e-02,5.86351381e-02,1.19964174e-04
6.59400000e+04,5.86348119e-02,5.85157723e-02,1.19039604e-04
6.59500000e+04,5.85170626e-02,5.83988762e-02,1.18186386e-04
6.59600000e+04,5.83982486e-02,5.82808406e-02,1.17407957e-04
6.59700000e+04,5.82948744e-02,5.81781798e-02,1.16694574e-04
6.59800000e+04,5.81999557e-02,5.80839176e-02,1.16038120e-04
6.59900000e+04,5.81122423e-02,5.79968091e-02,1.15433203e-04
6.60000000e+04,5.80326775e-02,5.79178043e-02,1.14873192e-04
6.60100000e+04,5.79602652e-02,5.78459093e-02,1.14355932e-04
6.60200000e+04,5.78936436e-02,5.77797680e-02,1.13875611e-04
6.60210000e+04,4.68592674e+00,4.68026116e+00,5.66557899e-03
6.60310000e+04,1.69177067e+01,1.69092009e+01,8.50575762e-03
6.60410000e+04,3.73949205e+00,3.73728200e+00,2.21005675e-03
6.60510000e+04,1.26543865e+00,1.26489019e+00,5.48457403e-04
6.60610000e+04,3.89820559e-01,3.89546583e-01,2.73976905e-04
6.60710000e+04,2.19959785e-01,2.19763811e-01,1.95973529e-04
6.60810000e+04,9.82697474e-02,9.81160313e-02,1.53716072e-04
6.60910000e+04,7.21286212e-02,7.19884553e-02,1.40165936e-04
6.61010000e+04,5.95401728e-02,5.94059882e-02,1.34184650e-04
6.61110000e+04,5.64803244e-02,5.63503557e-02,1.29968744e-04
6.61210000e+04,5.44930601e-02,5.43656886e-02,1.27371545e-04
6.61310000e+04,5.34458298e-02,5.33205190e-02,1.25310810e-04
6.61410000e+04,5.30301458e-02,5.29066730e-02,1.23472802e-04
6.61510000e+04,5.26702300e-02,5.25483346e-02,1.21895386e-04
6.61610000e+04,5.25560630e-02,5.24355392e-02,1.20523809e-04
6.61710000e+04,5.24414453e-02,5.23221341e-02,1.19311285e-04
6.61810000e+04,5.23709878e-02,5.22527734e-02,1.18214356e-04
6.61910000e+04,5.23092503e-02,5.21920299e-02,1.17220403e-04
6.62010000e+04,5.22619347e-02,5.21456258e-02,1.16308944e-04
6.62110000e+04,5.22104192e-02,5.20949411e-02,1.15478095e-04
6.62210000e+04,5.21779116e-02,5.20631991e-02,1.14712513e-04
6.62310000e+04,5.20608234e-02,5.19468978e-02,1.13925577e-04
6.62410000e+04,5.20184670e-02,5.19053318e-02,1.13135215e-04
6.62510000e+04,5.19783698e-02,5.18659681e-02,1.12401606e-04
6.62610000e+04,5.19311249e-02,5.18193957e-02,1.11729184e-04
6.62710000e+04,5.18969472e-02,5.17858376e-02,1.11109593e-04
6.62810000e+04,5.18711639e-02,5.17606253e-02,1.10538677e-04
6.62910000e+04,5.18477035e-02,5.17376932e-02,1.10010305e-04
6.63010000e+04,5.18277272e-02,5.17182066e-02,1.09520641e-04
6.63110000e+04,5.18105033e-02,5.17014361e-02,1.09067191e-04
6.63210000e+04,5.17955918e-02,5.16869457e-02,1.08646118e-04
6.63220000e+04,4.56750675e+00,4.56205004e+00,5.45671114e-03
6.63320000e+04,1.35408641e+01,1.35337693e+01,7.09481763e-03
6.63420000e+04,4.88805776e+00,4.88489286e+00,3.16489752e-03
6.63520000e+04,1.24632181e+00,1.24578399e+00,5.37820167e-04
6.63620000e+04,4.10075102e-01,4.09761937e-01,3.13165483e-04
6.63720000e+04,2.71710968e-01,2.71485835e-01,2.25133424e-04
6.63820000e+04,9.57396694e-02,9.55781616e-02,1.61507735e-04
6.63920000e+04,7.49826179e-02,7.48371794e-02,1.45438476e-04
6.64020000e+04,6.29310174e-02,6.27909262e-02,1.40091195e-04
6.64120000e+04,6.23069808e-02,6.21707513e-02,1.36229481e-04
6.64220000e+04,5.81692357e-02,5.80359794e-02,1.33256274e-04
6.64320000e+04,5.80054364e-02,5.78744405e-02,1.30995943e-04
6.64420000e+04,5.71885420e-02,5.70594920e-02,1.29049985e-04
6.64520000e+04,5.68913499e-02,5.67639924e-02,1.27357508e-04
6.64620000e+04,5.66152978e-02,5.64894309e-02,1.25866918e-04
6.64720000e+04,5.62430960e-02,5.61185313e-02,1.24564680e-04
6.64820000e+04,5.60457385e-02,5.59223651e-02,1.23373416e-04
6.64920000e+04,5.58083420e-02,5.56860342e-02,1.22307788e-04
6.65020000e+04,5.56492461e-02,5.55279181e-02,1.21327936e-04
6.65120000e+04,5.54676852e-02,5.53472483e-02,1.20436893e-04
6.65220000e+04,5.53254384e-02,5.52058225e-02,1.19615879e-04
6.65320000e+04,5.51750534e-02,5.50563017e-02,1.18751718e-04
6.65420000e+04,5.50574057e-02,5.49395131e-02,1.17892552e-04
6.65520000e+04,5.49489778e-02,5.48318803e-02,1.17097533e-04
6.65620000e+04,5.48370042e-02,5.47206328e-02,1.16371384e-04
6.65720000e+04,5.47402372e-02,5.46245301e-02,1.15707112e-04
6.65820000e+04,5.46516053e-02,5.45365109e-02,1.15094378e-04
6.65920000e+04,5.45710182e-02,5.44564884e-02,1.14529838e-04
6.66020000e+04,5.44976276e-02,5.43836206e-02,1.14006995e-04
6.66120000e+04,5.44297646e-02,5.43162417e-02,1.13522889e-04
6.66220000e+04,5.43678032e-02,5.42547283e-02,1.13074823e-04
6.66230000e+04,4.51023805e+00,4.50498087e+00,5.25717868e-03
6.66330000e+04,1.65608011e+01,1.65525544e+01,8.24670970e-03
6.66430000e+04,3.78742984e+00,3.78521467e+00,2.21516222e-03
6.66530000e+04,1.19559828e+00,1.19506904e+00,5.29237959e-04
6.66630000e+04,3.72299663e-01,3.72035019e-01,2.64643381e-04
6.66730000e+04,2.24720629e-01,2.24525877e-01,1.94751745e-04
6.66830000e+04,9.76822431e-02,9.75302131e-02,1.52030053e-04
6.66930000e+04,6.79169898e-02,6.77796038e-02,1.37385991e-04
6.67030000e+04,5.61832618e-02,5.60513930e-02,1.31868779e-04
6.67130000e+04,5.34317543e-02,5.33038592e-02,1.27895120e-04
6.67230000e+04,5.12979859e-02,5.11724852e-02,1.25500668e-04
6.67330000e+04,5.04212708e-02,5.02977172e-02,1.23553584e-04
6.67430000e+04,4.98910570e-02,4.97692160e-02,1.21841025e-04
6.67530000e+04,4.95442963e-02,4.94239478e-02,1.20348534e-04
6.67630000e+04,4.94454173e-02,4.93263581e-02,1.19059204e-04
6.67730000e+04,4.93261719e-02,4.92082529e-02,1.17918984e-04
6.67830000e+04,4.92715924e-02,4.91547086e-02,1.16883792e-04
6.67930000e+04,4.92025040e-02,4.90865540e-02,1.15949999e-04
6.68030000e+04,4.91677958e-02,4.90527041e-02,1.15091702e-04
6.68130000e+04,4.91133067e-02,4.89989967e-02,1.14310041e-04
6.68230000e+04,4.90869771e-02,4.89733894e-02,1.13587660e-04
6.68330000e+04,4.89705171e-02,4.88576692e-02,1.12847863e-04
6.68430000e+04,4.89286079e-02,4.88165050e-02,1.12102837e-04
6.68530000e+04,4.88937890e-02,4.87823782e-02,1.11410868e-04
6.68630000e+04,4.88492276e-02,4.87384500e-02,1.10777679e-04
6.68730000e+04,4.88170020e-02,4.87068083e-02,1.10193708e-04
6.68830000e+04,4.87938190e-02,4.86841648e-02,1.09654143e-04
6.68930000e+04,4.87724326e-02,4.86632764e-02,1.09156184e-04
6.69030000e+04,4.87545974e-02,4.86459030e-02,1.08694345e-04
6.69130000e+04,4.87396969e-02,4.86314308e-02,1.08266100e-04
6.69230000e+04,4.87261992e-02,4.86183314e-02,1.07867805e-04
6.69240000e+04,4.39752226e+00,4.39245879e+00,5.06346973e-03
6.69340000e+04,1.33667662e+01,1.33598597e+01,6.90647602e-03
6.69440000e+04,4.84855169e+00,4.84546577e+00,3.08591831e-03
6.69540000e+04,1.17525928e+00,1.17474776e+00,5.11518353e-04
6.69640000e+04,3.86059794e-01,3.85765494e-01,2.94299448e-04
6.69740000e+04,2.63072380e-01,2.62853327e-01,2.19052980e-04
6.69840000e+04,9.37645045e-02,9.36062768e-02,1.58227676e-04
6.69940000e+04,7.05675940e-02,7.04257157e-02,1.41878313e-04
6.70040000e+04,5.95634106e-02,5.94265327e-02,1.36877863e-04
6.70140000e+04,5.88002627e-02,5.86671273e-02,1.33135422e-04
6.70240000e+04,5.50762279e-02,5.49457859e-02,1.30442050e-04
6.70340000e+04,5.48941958e-02,5.47658468e-02,1.28349050e-04
6.70440000e+04,5.40796680e-02,5.39531311e-02,1.26536972e-04
6.70540000e+04,5.38204328e-02,5.36954627e-02,1.24970154e-04
6.70640000e+04,5.35191282e-02,5.33955359e-02,1.23592344e-04
6.70740000e+04,5.31763224e-02,5.30539392e-02,1.22383238e-04
6.70840000e+04,5.29864185e-02,5.28651351e-02,1.21283389e-04
6.70940000e+04,5.27719358e-02,5.26516424e-02,1.20293438e-04
6.71040000e+04,5.26120958e-02,5.24927093e-02,1.19386516e-04
6.71140000e+04,5.24473837e-02,5.23288235e-02,1.18560204e-04
6.71240000e+04,5.23131916e-02,5.21953918e-02,1.17799792e-04
6.71340000e+04,5.21641401e-02,5.20471427e-02,1.16997417e-04
6.71440000e+04,5.20514602e-02,5.19352608e-02,1.16199345e-04
6.71540000e+04,5.19504548e-02,5.18349967e-02,1.15458128e-04
6.71640000e+04,5.18450806e-02,5.17302986e-02,1.14782072e-04
6.71740000e+04,5.17548225e-02,5.16406603e-02,1.14162288e-04
6.71840000e+04,5.16722529e-02,5.15586615e-02,1.13591390e-04
6.71940000e+04,5.15968519e-02,5.14837876e-02,1.13064319e-04
6.72040000e+04,5.15286778e-02,5.14161012e-02,1.12576545e-04
6.72140000e+04,5.14665143e-02,5.13543887e-02,1.12125575e-04
6.72240000e+04,5.14090161e-02,5.12973090e-02,1.11707124e-04
6.72250000e+04,4.34127165e+00,4.33639303e+00,4.87862256e-03
6.72350000e+04,1.61687904e+01,1.61608242e+01,7.96624847e-03
6.72450000e+04,3.81008357e+00,3.80788498e+00,2.19858861e-03
6.72550000e+04,1.12890450e+00,1.12839575e+00,5.08740699e-04
6.72650000e+04,3.53984270e-01,3.53730196e-01,2.54074013e-04
6.72750000e+04,2.24873459e-01,2.24681511e-01,1.91948105e-04
6.72850000e+04,9.60020208e-02,9.58525822e-02,1.49438606e-04
6.72950000e+04,6.41616962e-02,6.40274795e-02,1.34216769e-04
6.73050000e+04,5.32818002e-02,5.31527273e-02,1.29072845e-04
6.73150000e+04,5.08583672e-02,5.07330529e-02,1.25314293e-04
6.73250000e+04,4.85828396e-02,4.84597248e-02,1.23114766e-04
6.73350000e+04,4.78747858e-02,4.77534960e-02,1.21289752e-04
6.73450000e+04,4.72653047e-02,4.71456048e-02,1.19699900e-04
6.73550000e+04,4.69505703e-02,4.68322769e-02,1.18293410e-04
6.73650000e+04,4.68501627e-02,4.67330761e-02,1.17086588e-04
6.73750000e+04,4.67297430e-02,4.66137242e-02,1.16018855e-04
6.73850000e+04,4.66872809e-02,4.65722338e-02,1.15047153e-04
6.73950000e+04,4.66134375e-02,4.64992642e-02,1.14173311e-04
6.74050000e+04,4.65831612e-02,4.64697933e-02,1.13367868e-04
6.74150000e+04,4.65304906e-02,4.64178558e-02,1.12634884e-04
6.74250000e+04,4.65056635e-02,4.63937060e-02,1.11957475e-04
6.74350000e+04,4.63931527e-02,4.62818910e-02,1.11261701e-04
6.74450000e+04,4.63522416e-02,4.62416789e-02,1.10562609e-04
6.74550000e+04,4.63219668e-02,4.62120555e-02,1.09911332e-04
6.74650000e+04,4.62796296e-02,4.61703152e-02,1.09314419e-04
6.74750000e+04,4.62501041e-02,4.61413390e-02,1.08765176e-04
6.74850000e+04,4.62285831e-02,4.61203247e-02,1.08258454e-04
6.74950000e+04,4.62095826e-02,4.61017935e-02,1.07789123e-04
6.75050000e+04,4.61933500e-02,4.60859967e-02,1.07353251e-04
6.75150000e+04,4.61797452e-02,4.60727950e-02,1.06950239e-04
6.75250000e+04,4.61679210e-02,4.60613454e-02,1.06575651e-04
6.75260000e+04,4.23388323e+00,4.22918414e+00,4.69909385e-03
6.75360000e+04,1.31478634e+01,1.31411724e+01,6.69102623e-03
6.75460000e+04,4.78539839e+00,4.78240868e+00,2.98970835e-03
6.75560000e+04,1.10553285e+00,1.10504840e+00,4.84447698e-04
6.75660000e+04,3.63068758e-01,3.62793398e-01,2.75359237e-04
6.75760000e+04,2.50251329e-01,2.50039917e-01,2.11411163e-04
6.75860000e+04,9.17709819e-02,9.16167518e-02,1.54230111e-04
6.75960000e+04,6.67856012e-02,6.66475010e-02,1.38100200e-04
6.76060000e+04,5.69417031e-02,5.68083882e-02,1.33314938e-04
6.76160000e+04,5.56912642e-02,5.55616030e-02,1.29661250e-04
6.76260000e+04,5.24919056e-02,5.23646851e-02,1.27220486e-04
6.76360000e+04,5.21823660e-02,5.20570832e-02,1.25282810e-04
6.76460000e+04,5.14390027e-02,5.13154155e-02,1.23587253e-04
6.76560000e+04,5.11892357e-02,5.10671011e-02,1.22134596e-04
6.76660000e+04,5.08575916e-02,5.07367332e-02,1.20858351e-04
6.76760000e+04,5.05507422e-02,5.04310076e-02,1.19734654e-04
6.76860000e+04,5.03646867e-02,5.02459695e-02,1.18717121e-04
6.76960000e+04,5.01720121e-02,5.00542144e-02,1.17797765e-04
6.77060000e+04,5.00126129e-02,4.98956545e-02,1.16958417e-04
6.77160000e+04,4.98639536e-02,4.97477623e-02,1.16191302e-04
6.77260000e+04,4.97366766e-02,4.96211910e-02,1.15485636e-04
6.77360000e+04,4.95916999e-02,4.94769592e-02,1.14740751e-04
6.77460000e+04,4.94829994e-02,4.93690024e-02,1.13996973e-04
6.77560000e+04,4.93910850e-02,4.92777782e-02,1.13306743e-04
6.77660000e+04,4.92910464e-02,4.91783701e-02,1.12676307e-04
6.77760000e+04,4.92057207e-02,4.90936222e-02,1.12098513e-04
6.77860000e+04,4.91297899e-02,4.90182240e-02,1.11565987e-04
6.77960000e+04,4.90596641e-02,4.89485895e-02,1.11074568e-04
6.78060000e+04,4.89967305e-02,4.88861111e-02,1.10619470e-04
6.78160000e+04,4.89391955e-02,4.88289972e-02,1.10198278e-04
6.78260000e+04,4.88861819e-02,4.87763744e-02,1.09807517e-04
6.78270000e+04,4.17872882e+00,4.17420111e+00,4.52771297e-03
6.78370000e+04,1.57499986e+01,1.57423301e+01,7.66853030e-03
6.78470000e+04,3.81469333e+00,3.81252767e+00,2.16566374e-03
6.78570000e+04,1.06386940e+00,1.06338229e+00,4.87103289e-04
6.78670000e+04,3.36707464e-01,3.36464671e-01,2.42793346e-04
6.78770000e+04,2.20793031e-01,2.20605366e-01,1.87665342e-04
6.78870000e+04,9.30061746e-02,9.28602977e-02,1.45876938e-04
6.78970000e+04,6.07008057e-02,6.05701105e-02,1.30695250e-04
6.79070000e+04,5.06806996e-02,5.05548589e-02,1.25840676e-04
6.79170000e+04,4.85853472e-02,4.84630249e-02,1.22322321e-04
6.79270000e+04,4.62279561e-02,4.61076620e-02,1.20294168e-04
6.79370000e+04,4.56757662e-02,4.55571707e-02,1.18595510e-04
6.79470000e+04,4.50424607e-02,4.49253416e-02,1.17119093e-04
6.79570000e+04,4.47628214e-02,4.46470192e-02,1.15802257e-04
6.79670000e+04,4.46503938e-02,4.45357170e-02,1.14676734e-04
6.79770000e+04,4.45286826e-02,4.44150020e-02,1.13680612e-04
6.79870000e+04,4.44934900e-02,4.43807183e-02,1.12771737e-04
6.79970000e+04,4.44143908e-02,4.43024359e-02,1.11954877e-04
6.80070000e+04,4.43875822e-02,4.42763797e-02,1.11202578e-04
6.80170000e+04,4.43379006e-02,4.42273833e-02,1.10517273e-04
6.80270000e+04,4.43123134e-02,4.42024290e-02,1.09884410e-04
6.80370000e+04,4.42064477e-02,4.40972147e-02,1.09233006e-04
6.80470000e+04,4.41660774e-02,4.40575011e-02,1.08576261e-04
6.80570000e+04,4.41391449e-02,4.40311803e-02,1.07964636e-04
6.80670000e+04,4.41007367e-02,4.39933327e-02,1.07404022e-04
6.80770000e+04,4.40722725e-02,4.39653841e-02,1.06888461e-04
6.80870000e+04,4.40523689e-02,4.39459574e-02,1.06411528e-04
6.80970000e+04,4.40349193e-02,4.39289487e-02,1.05970575e-04
6.81070000e+04,4.40202567e-02,4.39146941e-02,1.05562612e-04
6.81170000e+04,4.40083393e-02,4.39031567e-02,1.05182625e-04
6.81270000e+04,4.39984526e-02,4.38936226e-02,1.04830052e-04
6.81280000e+04,4.07631541e+00,4.07195402e+00,4.36139704e-03
6.81380000e+04,1.29111743e+01,1.29047131e+01,6.46123766e-03
6.81480000e+04,4.69839927e+00,4.69552006e+00,2.87921393e-03
6.81580000e+04,1.03936058e+00,1.03890344e+00,4.57141183e-04
6.81680000e+04,3.41263157e-01,3.41006374e-01,2.56782767e-04
6.81780000e+04,2.35106483e-01,2.34903771e-01,2.02712253e-04
6.81880000e+04,8.95202150e-02,8.93706214e-02,1.49593505e-04
6.81980000e+04,6.34112934e-02,6.32771738e-02,1.34119602e-04
6.82080000e+04,5.48706616e-02,5.47411747e-02,1.29486892e-04
6.82180000e+04,5.29185849e-02,5.27926364e-02,1.25948545e-04
6.82280000e+04,5.03030476e-02,5.01793263e-02,1.23721312e-04
6.82380000e+04,4.97697608e-02,4.96478407e-02,1.21920148e-04
6.82480000e+04,4.91666480e-02,4.90463218e-02,1.20326217e-04
6.82580000e+04,4.89112851e-02,4.87923092e-02,1.18975962e-04
6.82680000e+04,4.85722187e-02,4.84544299e-02,1.17788812e-04
6.82780000e+04,4.82937192e-02,4.81769779e-02,1.16741303e-04
6.82880000e+04,4.81110522e-02,4.79952545e-02,1.15797698e-04
6.82980000e+04,4.79269824e-02,4.78120391e-02,1.14943302e-04
6.83080000e+04,4.77683611e-02,4.76541963e-02,1.14164745e-04
6.83180000e+04,4.76339378e-02,4.75204872e-02,1.13450528e-04
6.83280000e+04,4.75098435e-02,4.73970480e-02,1.12795554e-04
6.83380000e+04,4.73692627e-02,4.72571601e-02,1.12102620e-04
6.83480000e+04,4.72653327e-02,4.71539236e-02,1.11409069e-04
6.83580000e+04,4.71788633e-02,4.70680991e-02,1.10764192e-04
6.83680000e+04,4.70850735e-02,4.69748985e-02,1.10175068e-04
6.83780000e+04,4.70060382e-02,4.68964029e-02,1.09635301e-04
6.83880000e+04,4.69345695e-02,4.68254313e-02,1.09138141e-04
6.83980000e+04,4.68695979e-02,4.67609190e-02,1.08678890e-04
6.84080000e+04,4.68105607e-02,4.67023067e-02,1.08254068e-04
6.84180000e+04,4.67574276e-02,4.66495669e-02,1.07860701e-04
6.84280000e+04,4.67086140e-02,4.66011188e-02,1.07495173e-04
6.84290000e+04,6.30717970e+00,4.01810610e+00,2.28907360e+00
6.84390000e+04,1.73110604e+01,1.50714776e+01,2.23958287e+00
6.84490000e+04,6.71127166e+00,4.51233052e+00,2.19894113e+00
6.84590000e+04,4.01903975e+00,1.84862513e+00,2.17041462e+00
6.84690000e+04,3.16929965e+00,1.02143485e+00,2.14786480e+00
6.84790000e+04,3.03534751e+00,9.09278295e-01,2.12606922e+00
6.84890000e+04,2.90694305e+00,8.01417528e-01,2.10552552e+00
6.84990000e+04,2.89112977e+00,8.04903136e-01,2.08622663e+00
6.85090000e+04,2.84801856e+00,7.78873654e-01,2.06914491e+00
6.85190000e+04,2.84667544e+00,7.93622479e-01,2.05305296e+00
6.85290000e+04,2.83014152e+00,7.91861349e-01,2.03828018e+00
6.85390000e+04,2.82191955e+00,7.97565216e-01,2.02435433e+00
6.85490000e+04,2.82023290e+00,8.09011108e-01,2.01122180e+00
6.85590000e+04,2.81781976e+00,8.18770777e-01,1.99904898e+00
6.85690000e+04,2.81717087e+00,8.29373321e-01,1.98779755e+00
6.85790000e+04,2.81737088e+00,8.39947119e-01,1.97742376e+00
6.85890000e+04,2.81885816e+00,8.50990004e-01,1.96786815e+00
6.85990000e+04,2.82048109e+00,8.61401785e-01,1.95907930e+00
6.86090000e+04,2.82225081e+00,8.71247018e-01,1.95100379e+00
6.86190000e+04,2.82455251e+00,8.80972556e-01,1.94357995e+00
6.86290000e+04,2.82681889e+00,8.90058148e-01,1.93676074e+00
6.86390000e+04,2.82365374e+00,8.93260844e-01,1.93039290e+00
6.86490000e+04,2.82734664e+00,9.03007526e-01,1.92433911e+00
6.86590000e+04,2.83383052e+00,9.15109084e-01,1.91872143e+00
6.86690000e+04,2.83821975e+00,9.24649392e-01,1.91357036e+00
6.86790000e+04,2.84180666e+00,9.32966378e-01,1.90884028e+00
6.86890000e+04,2.84525023e+00,9.40755559e-01,1.90449467e+00
6.86990000e+04,2.84860120e+00,9.48099205e-01,1.90050200e+00
6.87090000e+04,2.85181781e+00,9.54988179e-01,1.89682963e+00
6.87190000e+04,2.85464604e+00,9.61193916e-01,1.89345212e+00
6.87290000e+04,2.85720447e+00,9.66861207e-01,1.89034326e+00
6.87300000e+04,3.97934044e+00,3.81793106e+00,1.61409388e-01
6.87400000e+04,1.33202498e+01,1.31907297e+01,1.29520157e-01
6.87500000e+04,4.78044777e+00,4.67246142e+00,1.07986345e-01
6.87600000e+04,1.39675649e+00,1.30723016e+00,8.95263286e-02
6.87700000e+04,8.31879977e-01,7.55278612e-01,7.66013656e-02
6.87800000e+04,6.92275987e-01,6.26352318e-01,6.59236683e-02
6.87900000e+04,5.13334273e-01,4.56132274e-01,5.72019993e-02
6.88000000e+04,4.81490464e-01,4.31227191e-01,5.02632731e-02
6.88100000e+04,4.73934496e-01,4.29455589e-01,4.44789074e-02
6.88200000e+04,4.66744167e-01,4.26930204e-01,3.98139633e-02
6.88300000e+04,4.52565485e-01,4.16616478e-01,3.59490072e-02
6.88400000e+04,4.51830715e-01,4.19255609e-01,3.25751061e-02
6.88500000e+04,4.48335695e-01,4.18680590e-01,2.96551055e-02
6.88600000e+04,4.44912633e-01,4.17720100e-01,2.71925325e-02
6.88700000e+04,4.40189533e-01,4.15089030e-01,2.51005025e-02
6.88800000e+04,4.37071896e-01,4.13749634e-01,2.33222613e-02
6.88900000e+04,4.33159367e-01,4.11364484e-01,2.17948825e-02
6.89000000e+04,4.30134806e-01,4.09660269e-01,2.04745373e-02
6.89100000e+04,4.27229907e-01,4.07905890e-01,1.93240165e-02
6.89200000e+04,4.24790459e-01,4.06474086e-01,1.83163732e-02
6.89300000e+04,4.22428220e-01,4.04999703e-01,1.74285175e-02
6.89400000e+04,4.24193700e-01,4.07627868e-01,1.65658322e-02
6.89500000e+04,4.24657468e-01,4.08906153e-01,1.57513150e-02
6.89600000e+04,4.23476625e-01,4.08454777e-01,1.50218481e-02
6.89700000e+04,4.22142550e-01,4.07769642e-01,1.43729078e-02
6.89800000e+04,4.21064941e-01,4.07270016e-01,1.37949249e-02
6.89900000e+04,4.20038686e-01,4.06758810e-01,1.32798762e-02
6.90000000e+04,4.18823024e-01,4.06003996e-01,1.28190285e-02
6.90100000e+04,4.17655762e-01,4.05250732e-01,1.24050297e-02
6.90200000e+04,4.16585153e-01,4.04553366e-01,1.20317872e-02
6.90300000e+04,4.15595599e-01,4.03901303e-01,1.16942954e-02
6.90310000e+04,3.87265677e+00,3.85710568e+00,1.55510912e-02
6.90410000e+04,1.46925866e+01,1.46772313e+01,1.53553161e-02
6.90510000e+04,4.06034937e+00,4.05192759e+00,8.42177640e-03
6.90610000e+04,1.15393228e+00,1.14845968e+00,5.47259643e-03
6.90710000e+04,4.33622167e-01,4.29626836e-01,3.99533143e-03
6.90810000e+04,3.86661227e-01,3.83530385e-01,3.13084200e-03
6.90910000e+04,2.48596752e-01,2.46094400e-01,2.50235155e-03
6.91010000e+04,2.04853794e-01,2.02805026e-01,2.04876774e-03
6.91110000e+04,1.96098311e-01,1.94400692e-01,1.69761878e-03
6.91210000e+04,1.92530475e-01,1.91109309e-01,1.42116609e-03
6.91310000e+04,1.86269512e-01,1.85060053e-01,1.20945874e-03
6.91410000e+04,1.84298392e-01,1.83255698e-01,1.04269377e-03
6.91510000e+04,1.81367517e-01,1.80457163e-01,9.10353980e-04
6.91610000e+04,1.78733489e-01,1.77929198e-01,8.04290857e-04
6.91710000e+04,1.77018830e-01,1.76300063e-01,7.18767175e-04
6.91810000e+04,1.75139429e-01,1.74490078e-01,6.49351194e-04
6.91910000e+04,1.73755159e-01,1.73162681e-01,5.92478391e-04
6.92010000e+04,1.72327040e-01,1.71781516e-01,5.45523989e-04
6.92110000e+04,1.71142922e-01,1.70636542e-01,5.06380175e-04
6.92210000e+04,1.70073102e-01,1.69599570e-01,4.73531847e-04
6.92310000e+04,1.69112717e-01,1.68666979e-01,4.45738124e-04
6.92410000e+04,1.68893447e-01,1.68473301e-01,4.20145764e-04
6.92510000e+04,1.68389346e-01,1.67991934e-01,3.97411671e-04
6.92610000e+04,1.67882969e-01,1.67505249e-01,3.77720230e-04
6.92710000e+04,1.67304441e-01,1.66943561e-01,3.60879557e-04
6.92810000e+04,1.66789821e-01,1.66443451e-01,3.46369895e-04
6.92910000e+04,1.66293367e-01,1.65959530e-01,3.33836844e-04
6.93010000e+04,1.65839296e-01,1.65516366e-01,3.22930893e-04
6.93110000e+04,1.65407247e-01,1.65093858e-01,3.13388617e-04
6.93210000e+04,1.65008854e-01,1.64703865e-01,3.04989748e-04
6.93310000e+04,1.64647811e-01,1.64350250e-01,2.97561039e-04
6.93320000e+04,3.79617867e+00,3.79222027e+00,3.95840360e-03
6.93420000e+04,1.25847823e+01,1.25784898e+01,6.29250817e-03
6.93520000e+04,4.52199341e+00,4.51925203e+00,2.74138379e-03
6.93620000e+04,8.81711812e-01,8.81216027e-01,4.95785202e-04
6.93720000e+04,3.14551030e-01,3.14248378e-01,3.02652149e-04
6.93820000e+04,2.20367414e-01,2.20103788e-01,2.63626597e-04
6.93920000e+04,1.03373434e-01,1.03164067e-01,2.09366275e-04
6.94020000e+04,8.02525258e-02,8.00606036e-02,1.91922224e-04
6.94120000e+04,7.23815115e-02,7.21982537e-02,1.83257814e-04
6.94220000e+04,6.92759479e-02,6.90998394e-02,1.76108458e-04
6.94320000e+04,6.83158575e-02,6.81448985e-02,1.70958987e-04
6.94420000e+04,6.72361103e-02,6.70697605e-02,1.66349797e-04
6.94520000e+04,6.69831502e-02,6.68210655e-02,1.62084702e-04
6.94620000e+04,6.66031439e-02,6.64446765e-02,1.58467344e-04
6.94720000e+04,6.63959836e-02,6.62407095e-02,1.55274093e-04
6.94820000e+04,6.61905304e-02,6.60380771e-02,1.52453300e-04
6.94920000e+04,6.60491846e-02,6.58992439e-02,1.49940715e-04
6.95020000e+04,6.59295716e-02,6.57818798e-02,1.47691875e-04
6.95120000e+04,6.58048424e-02,6.56591761e-02,1.45666250e-04
6.95220000e+04,6.57128851e-02,6.55690534e-02,1.43831712e-04
6.95320000e+04,6.56276492e-02,6.54854821e-02,1.42167116e-04
6.95420000e+04,6.56341083e-02,6.54936478e-02,1.40460477e-04
6.95520000e+04,6.55974332e-02,6.54586210e-02,1.38812234e-04
6.95620000e+04,6.55313039e-02,6.53940046e-02,1.37299306e-04
6.95720000e+04,6.54842271e-02,6.53483057e-02,1.35921351e-04
6.95820000e+04,6.54478318e-02,6.53131631e-02,1.34668668e-04
6.95920000e+04,6.54075301e-02,6.52740025e-02,1.33527618e-04
6.96020000e+04,6.53706645e-02,6.52381804e-02,1.32484019e-04
6.96120000e+04,6.53359324e-02,6.52044056e-02,1.31526817e-04
6.96220000e+04,6.53036392e-02,6.51729919e-02,1.30647299e-04
6.96320000e+04,6.52733837e-02,6.51435443e-02,1.29839426e-04
6.96330000e+04,3.74117209e+00,3.73752971e+00,3.64237709e-03
6.96430000e+04,1.40161279e+01,1.40093941e+01,6.73378276e-03
6.96530000e+04,3.94498992e+00,3.94285683e+00,2.13308468e-03
6.96630000e+04,9.23714508e-01,9.23266173e-01,4.48334862e-04
6.96730000e+04,2.95286436e-01,2.95056787e-01,2.29648858e-04
6.96830000e+04,2.11421891e-01,2.11224379e-01,1.97512316e-04
6.96930000e+04,8.64044880e-02,8.62520626e-02,1.52425442e-04
6.97030000e+04,5.76020711e-02,5.74622961e-02,1.39774948e-04
6.97130000e+04,5.22351645e-02,5.21011289e-02,1.34035644e-04
6.97230000e+04,4.94498969e-02,4.93189724e-02,1.30924541e-04
6.97330000e+04,4.77366723e-02,4.76082894e-02,1.28382911e-04
6.97430000e+04,4.69717621e-02,4.68454099e-02,1.26352245e-04
6.97530000e+04,4.66608875e-02,4.65364229e-02,1.24464542e-04
6.97630000e+04,4.64043926e-02,4.62815714e-02,1.22821193e-04
6.97730000e+04,4.63761042e-02,4.62547568e-02,1.21347401e-04
6.97830000e+04,4.62222212e-02,4.61021696e-02,1.20051594e-04
6.97930000e+04,4.62091830e-02,4.60903170e-02,1.18865952e-04
6.98030000e+04,4.61073572e-02,4.59895576e-02,1.17799627e-04
6.98130000e+04,4.60934785e-02,4.59766615e-02,1.16816981e-04
6.98230000e+04,4.60522111e-02,4.59362898e-02,1.15921241e-04
6.98330000e+04,4.60209967e-02,4.59058989e-02,1.15097756e-04
6.98430000e+04,4.59316068e-02,4.58173516e-02,1.14255158e-04
6.98530000e+04,4.58899418e-02,4.57765197e-02,1.13422129e-04
6.98630000e+04,4.58742751e-02,4.57616280e-02,1.12647035e-04
6.98730000e+04,4.58496991e-02,4.57377602e-02,1.11938881e-04
6.98830000e+04,4.58269047e-02,4.57156145e-02,1.11290195e-04
6.98930000e+04,4.58102873e-02,4.56995940e-02,1.10693277e-04
6.99030000e+04,4.57958269e-02,4.56856853e-02,1.10141651e-04
6.99130000e+04,4.57836263e-02,4.56739936e-02,1.09632765e-04
6.99230000e+04,4.57737247e-02,4.56645629e-02,1.09161783e-04
6.99330000e+04,4.57650812e-02,4.56563561e-02,1.08725146e-04
6.99340000e+04,3.64817518e+00,3.64467636e+00,3.49882350e-03
6.99440000e+04,1.21343060e+01,1.21284235e+01,5.88254378e-03
6.99540000e+04,4.41487064e+00,4.41236149e+00,2.50914367e-03
6.99640000e+04,8.09459813e-01,8.09083164e-01,3.76649457e-04
6.99740000e+04,2.79197665e-01,2.78984973e-01,2.12691964e-04
6.99840000e+04,1.86582622e-01,1.86396940e-01,1.85682768e-04
6.99940000e+04,8.08830584e-02,8.07421100e-02,1.40948371e-04
7.00040000e+04,5.77239920e-02,5.75937650e-02,1.30227022e-04
7.00140000e+04,5.32873428e-02,5.31616821e-02,1.25660653e-04
7.00240000e+04,4.94636311e-02,4.93412793e-02,1.22351835e-04
7.00340000e+04,4.83591022e-02,4.82388600e-02,1.20242210e-04
7.00440000e+04,4.73528549e-02,4.72343083e-02,1.18546583e-04
7.00540000e+04,4.70466586e-02,4.69296436e-02,1.17014940e-04
7.00640000e+04,4.67342278e-02,4.66184708e-02,1.15756994e-04
7.00740000e+04,4.64224850e-02,4.63078373e-02,1.14647772e-04
7.00840000e+04,4.62636704e-02,4.61500142e-02,1.13656141e-04
7.00940000e+04,4.60877833e-02,4.59750062e-02,1.12777129e-04
7.01040000e+04,4.59666046e-02,4.58546290e-02,1.11975585e-04
7.01140000e+04,4.58390514e-02,4.57278044e-02,1.11247034e-04
7.01240000e+04,4.57428981e-02,4.56323196e-02,1.10578487e-04
7.01340000e+04,4.56495595e-02,4.55395950e-02,1.09964472e-04
7.01440000e+04,4.55202677e-02,4.54109482e-02,1.09319577e-04
7.01540000e+04,4.54364231e-02,4.53277529e-02,1.08670146e-04
7.01640000e+04,4.53775856e-02,4.52695214e-02,1.08064219e-04
7.01740000e+04,4.53074612e-02,4.51999504e-02,1.07510787e-04
7.01840000e+04,4.52477896e-02,4.51407876e-02,1.07001973e-04
7.01940000e+04,4.51950159e-02,4.50884831e-02,1.06532779e-04
7.02040000e+04,4.51469931e-02,4.50408929e-02,1.06100218e-04
7.02140000e+04,4.51035269e-02,4.49978279e-02,1.05698993e-04
7.02240000e+04,4.50638993e-02,4.49585717e-02,1.05327599e-04
7.02340000e+04,4.50291428e-02,4.49241598e-02,1.04983018e-04
7.02350000e+04,3.59692106e+00,3.59355259e+00,3.36846912e-03
7.02450000e+04,1.35904656e+01,1.35840491e+01,6.41652130e-03
7.02550000e+04,3.85197062e+00,3.84995109e+00,2.01952895e-03
7.02650000e+04,8.65463859e-01,8.65055958e-01,4.07900974e-04
7.02750000e+04,2.82696797e-01,2.82496427e-01,2.00369846e-04
7.02850000e+04,2.01161405e-01,2.00986941e-01,1.74463674e-04
7.02950000e+04,7.78841661e-02,7.77524115e-02,1.31754617e-04
7.03050000e+04,5.04820873e-02,5.03609299e-02,1.21157434e-04
7.03150000e+04,4.66057367e-02,4.64897086e-02,1.16028114e-04
7.03250000e+04,4.37555590e-02,4.36415874e-02,1.13971531e-04
7.03350000e+04,4.21830750e-02,4.20710086e-02,1.12066376e-04
7.03450000e+04,4.13208331e-02,4.12101121e-02,1.10720963e-04
7.03550000e+04,4.10445886e-02,4.09351416e-02,1.09447033e-04
7.03650000e+04,4.08355129e-02,4.07271452e-02,1.08367689e-04
7.03750000e+04,4.08224925e-02,4.07150953e-02,1.07397211e-04
7.03850000e+04,4.06525339e-02,4.05459720e-02,1.06561927e-04
7.03950000e+04,4.06445851e-02,4.05387935e-02,1.05791602e-04
7.04050000e+04,4.05452471e-02,4.04401426e-02,1.05104525e-04
7.04150000e+04,4.05197468e-02,4.04152778e-02,1.04468994e-04
7.04250000e+04,4.04913935e-02,4.03875073e-02,1.03886206e-04
7.04350000e+04,4.04574003e-02,4.03540485e-02,1.03351791e-04
7.04450000e+04,4.03804309e-02,4.02776359e-02,1.02795088e-04
7.04550000e+04,4.03465420e-02,4.02443069e-02,1.02235093e-04
7.04650000e+04,4.03372949e-02,4.02355834e-02,1.01711508e-04
7.04750000e+04,4.03133046e-02,4.02120726e-02,1.01232001e-04
7.04850000e+04,4.02937974e-02,4.01930050e-02,1.00792388e-04
7.04950000e+04,4.02800787e-02,4.01796927e-02,1.00385957e-04
7.05050000e+04,4.02685359e-02,4.01685261e-02,1.00009747e-04
7.05150000e+04,4.02601600e-02,4.01604988e-02,9.96611653e-05
7.05250000e+04,4.02537708e-02,4.01544333e-02,9.93375283e-05
7.05350000e+04,4.02482802e-02,4.01492434e-02,9.90368212e-05
7.05360000e+04,3.51124549e+00,3.50800070e+00,3.24478472e-03
7.05460000e+04,1.17733093e+01,1.17677148e+01,5.59442666e-03
7.05560000e+04,4.27016412e+00,4.26779429e+00,2.36982557e-03
7.05660000e+04,7.66347840e-01,7.65999447e-01,3.48392895e-04
7.05760000e+04,2.63451325e-01,2.63259096e-01,1.92228225e-04
7.05860000e+04,1.74774665e-01,1.74603473e-01,1.71192356e-04
7.05960000e+04,7.71159601e-02,7.69851738e-02,1.30786359e-04
7.06060000e+04,5.32831322e-02,5.31622624e-02,1.20869707e-04
7.06160000e+04,5.03273679e-02,5.02107836e-02,1.16584323e-04
7.06260000e+04,4.62777050e-02,4.61640171e-02,1.13687816e-04
7.06360000e+04,4.52887773e-02,4.51768771e-02,1.11900163e-04
7.06460000e+04,4.40336805e-02,4.39232567e-02,1.10423760e-04
7.06560000e+04,4.38300992e-02,4.37209699e-02,1.09129294e-04
7.06660000e+04,4.34818904e-02,4.33738064e-02,1.08084007e-04
7.06760000e+04,4.31883368e-02,4.30811725e-02,1.07164288e-04
7.06860000e+04,4.30354507e-02,4.29291091e-02,1.06341620e-04
7.06960000e+04,4.28510597e-02,4.27454407e-02,1.05619037e-04
7.07060000e+04,4.27211528e-02,4.26161941e-02,1.04958636e-04
7.07160000e+04,4.25933207e-02,4.24889613e-02,1.04359398e-04
7.07260000e+04,4.24976267e-02,4.23938176e-02,1.03809137e-04
7.07360000e+04,4.24014348e-02,4.22981306e-02,1.03304176e-04
7.07460000e+04,4.22705388e-02,4.21677688e-02,1.02770065e-04
7.07560000e+04,4.21847244e-02,4.20824942e-02,1.02230177e-04
7.07660000e+04,4.21222614e-02,4.20205365e-02,1.01724864e-04
7.07760000e+04,4.20503920e-02,4.19491281e-02,1.01263816e-04
7.07860000e+04,4.19889118e-02,4.18880713e-02,1.00840508e-04
7.07960000e+04,4.19350771e-02,4.18346271e-02,1.00450006e-04
7.08060000e+04,4.18871458e-02,4.17870574e-02,1.00088362e-04
7.08160000e+04,4.18437628e-02,4.17440089e-02,9.97539460e-05
7.08260000e+04,4.18052127e-02,4.17057691e-02,9.94435394e-05
7.08360000e+04,4.17699987e-02,4.16708433e-02,9.91553981e-05
7.08370000e+04,3.46172757e+00,3.45860124e+00,3.12632525e-03
7.08470000e+04,1.32179943e+01,1.32118739e+01,6.12045899e-03
7.08570000e+04,3.74497291e+00,3.74305011e+00,1.92279942e-03
7.08670000e+04,8.24454228e-01,8.24070895e-01,3.83333327e-04
7.08770000e+04,2.70631985e-01,2.70445758e-01,1.86227534e-04
7.08870000e+04,1.94792659e-01,1.94627720e-01,1.64939592e-04
7.08970000e+04,7.30133398e-02,7.28895166e-02,1.23823226e-04
7.09070000e+04,4.78824457e-02,4.77678514e-02,1.14594233e-04
7.09170000e+04,4.44705182e-02,4.43609584e-02,1.09559869e-04
7.09270000e+04,4.17306473e-02,4.16227556e-02,1.07891676e-04
7.09370000e+04,4.02331630e-02,4.01270447e-02,1.06118289e-04
7.09470000e+04,3.93426240e-02,3.92377040e-02,1.04920004e-04
7.09570000e+04,3.90577862e-02,3.89540024e-02,1.03783842e-04
7.09670000e+04,3.88914561e-02,3.87886298e-02,1.02826348e-04
7.09770000e+04,3.88753967e-02,3.87734315e-02,1.01965250e-04
7.09870000e+04,3.87138832e-02,3.86126555e-02,1.01227661e-04
7.09970000e+04,3.86937992e-02,3.85932500e-02,1.00549280e-04
7.10070000e+04,3.86067962e-02,3.85068549e-02,9.99413961e-05
7.10170000e+04,3.85727635e-02,3.84733813e-02,9.93821418e-05
7.10270000e+04,3.85503984e-02,3.84515304e-02,9.88679916e-05
7.10370000e+04,3.85155342e-02,3.84171362e-02,9.83980129e-05
7.10470000e+04,3.84588335e-02,3.83609318e-02,9.79017777e-05
7.10570000e+04,3.84335302e-02,3.83361302e-02,9.74000082e-05
7.10670000e+04,3.84260935e-02,3.83291614e-02,9.69321804e-05
7.10770000e+04,3.84074159e-02,3.83109123e-02,9.65035426e-05
7.10870000e+04,3.83895997e-02,3.82934893e-02,9.61104454e-05
7.10970000e+04,3.83777548e-02,3.82820077e-02,9.57471160e-05
7.11070000e+04,3.83693938e-02,3.82739828e-02,9.54109742e-05
7.11170000e+04,3.83628757e-02,3.82677761e-02,9.50995967e-05
7.11270000e+04,3.83580152e-02,3.82632050e-02,9.48101648e-05
7.11370000e+04,3.83538488e-02,3.82593073e-02,9.45415563e-05
7.11380000e+04,5.66980957e+00,3.37711527e+00,2.29269430e+00
7.11480000e+04,1.39296766e+01,1.16757540e+01,2.25392260e+00
7.11580000e+04,6.49083768e+00,4.25692318e+00,2.23391450e+00
7.11680000e+04,3.61968248e+00,1.40707370e+00,2.21260878e+00
7.11780000e+04,3.11566891e+00,9.20334393e-01,2.19533452e+00
7.11880000e+04,2.99539471e+00,8.16789227e-01,2.17860548e+00
7.11980000e+04,2.89732005e+00,7.35009382e-01,2.16231067e+00
7.12080000e+04,2.91851381e+00,7.72274371e-01,2.14623944e+00
7.12180000e+04,2.92066314e+00,7.89557059e-01,2.13110608e+00
7.12280000e+04,2.91341591e+00,7.96646324e-01,2.11676959e+00
7.12380000e+04,2.92834037e+00,8.25320634e-01,2.10301973e+00
7.12480000e+04,2.92440416e+00,8.34206121e-01,2.09019804e+00
7.12580000e+04,2.93025298e+00,8.52213352e-01,2.07803963e+00
7.12680000e+04,2.93802121e+00,8.71438425e-01,2.06658279e+00
7.12780000e+04,2.94236090e+00,8.86490893e-01,2.05587000e+00
7.12880000e+04,2.94697551e+00,9.01120504e-01,2.04585500e+00
7.12980000e+04,2.95098552e+00,9.14466580e-01,2.03651894e+00
7.13080000e+04,2.95479276e+00,9.26965188e-01,2.02782757e+00
7.13180000e+04,2.95808191e+00,9.38331129e-01,2.01975078e+00
7.13280000e+04,2.96095406e+00,9.48698311e-01,2.01225575e+00
7.13380000e+04,2.96375738e+00,9.58453789e-01,2.00530359e+00
7.13480000e+04,2.96168075e+00,9.62794766e-01,1.99888599e+00
7.13580000e+04,2.96240835e+00,9.69512854e-01,1.99289550e+00
7.13680000e+04,2.96629765e+00,9.78983055e-01,1.98731460e+00
7.13780000e+04,2.96899164e+00,9.86834810e-01,1.98215683e+00
7.13880000e+04,2.97089419e+00,9.93504781e-01,1.97738941e+00
7.13980000e+04,2.97276125e+00,9.99783222e-01,1.97297803e+00
7.14080000e+04,2.97453973e+00,1.00564246e+00,1.96889727e+00
7.14180000e+04,2.97617113e+00,1.01104816e+00,1.96512298e+00
7.14280000e+04,2.97768511e+00,1.01605407e+00,1.96163104e+00
7.14380000e+04,2.97906867e+00,1.02066886e+00,1.95839981e+00
7.14390000e+04,3.41874001e+00,3.30447851e+00,1.14261504e-01
7.14490000e+04,1.30331258e+01,1.29392080e+01,9.39178560e-02
7.14590000e+04,4.38626230e+00,4.30572715e+00,8.05351470e-02
7.14690000e+04,1.51866327e+00,1.44839758e+00,7.02656896e-02
7.14790000e+04,9.59995981e-01,8.97333762e-01,6.26622197e-02
7.14890000e+04,8.07853231e-01,7.51868518e-01,5.59847126e-02
7.14990000e+04,6.85675358e-01,6.34794397e-01,5.08809609e-02
7.15090000e+04,6.34748949e-01,5.88587256e-01,4.61616936e-02
7.15190000e+04,6.32469768e-01,5.90103020e-01,4.23667478e-02
7.15290000e+04,6.20796198e-01,5.81814059e-01,3.89821389e-02
7.15390000e+04,6.15194367e-01,5.79056762e-01,3.61376044e-02
7.15490000e+04,6.13508830e-01,5.79923833e-01,3.35849970e-02
7.15590000e+04,6.08527542e-01,5.77193209e-01,3.13343335e-02
7.15690000e+04,6.03550381e-01,5.74178535e-01,2.93718458e-02
7.15790000e+04,5.98302065e-01,5.70654856e-01,2.76472086e-02
7.15890000e+04,5.93822412e-01,5.67692418e-01,2.61299930e-02
7.15990000e+04,5.89455927e-01,5.64665076e-01,2.47908510e-02
7.16090000e+04,5.85319764e-01,5.61716475e-01,2.36032894e-02
7.16190000e+04,5.81630548e-01,5.59084354e-01,2.25461937e-02
7.16290000e+04,5.78285391e-01,5.56684043e-01,2.16013486e-02
7.16390000e+04,5.75183351e-01,5.54428542e-01,2.07548087e-02
7.16490000e+04,5.76191491e-01,5.56240958e-01,1.99505333e-02
7.16590000e+04,5.76197365e-01,5.56996311e-01,1.92010544e-02
7.16690000e+04,5.74515974e-01,5.55989877e-01,1.85260972e-02
7.16790000e+04,5.72555122e-01,5.54637614e-01,1.79175084e-02
7.16890000e+04,5.70908245e-01,5.53542064e-01,1.73661812e-02
7.16990000e+04,5.69388868e-01,5.52522226e-01,1.68666416e-02
7.17090000e+04,5.67908985e-01,5.51495183e-01,1.64138025e-02
7.17190000e+04,5.66418571e-01,5.50416347e-01,1.60022237e-02
7.17290000e+04,5.64991069e-01,5.49363815e-01,1.56272543e-02
7.17390000e+04,5.63658373e-01,5.48373374e-01,1.52849987e-02
7.17400000e+04,3.24493039e+00,3.22639936e+00,1.85310325e-02
7.17500000e+04,1.08527529e+01,1.08368852e+01,1.58677929e-02
7.17600000e+04,3.73700117e+00,3.72715303e+00,9.84814156e-03
7.17700000e+04,8.35450761e-01,8.29207630e-01,6.24313101e-03
7.17800000e+04,3.92758448e-01,3.88163182e-01,4.59526634e-03
7.17900000e+04,2.84530583e-01,2.81035717e-01,3.49486599e-03
7.18000000e+04,2.17919009e-01,2.15179394e-01,2.73961469e-03
7.18100000e+04,1.56156100e-01,1.53998992e-01,2.15710853e-03
7.18200000e+04,1.64144140e-01,1.62399962e-01,1.74417771e-03
7.18300000e+04,1.51022892e-01,1.49601835e-01,1.42105673e-03
7.18400000e+04,1.49450027e-01,1.48265781e-01,1.18424557e-03
7.18500000e+04,1.44555149e-01,1.43560884e-01,9.94264622e-04
7.18600000e+04,1.43094271e-01,1.42249417e-01,8.44853816e-04
7.18700000e+04,1.41051893e-01,1.40324390e-01,7.27502181e-04
7.18800000e+04,1.39132131e-01,1.38496889e-01,6.35241387e-04
7.18900000e+04,1.37479941e-01,1.36917715e-01,5.62226147e-04
7.19000000e+04,1.35932914e-01,1.35429220e-01,5.03693829e-04
7.19100000e+04,1.34697381e-01,1.34240976e-01,4.56404938e-04
7.19200000e+04,1.33594496e-01,1.33176689e-01,4.17807080e-04
7.19300000e+04,1.32615788e-01,1.32229752e-01,3.86035598e-04
7.19400000e+04,1.31756838e-01,1.31397180e-01,3.59658286e-04
7.19500000e+04,1.31598020e-01,1.31263138e-01,3.34882501e-04
7.19600000e+04,1.31234155e-01,1.30921398e-01,3.12757155e-04
7.19700000e+04,1.30634847e-01,1.30340747e-01,2.94100038e-04
7.19800000e+04,1.30184327e-01,1.29905930e-01,2.78397392e-04
7.19900000e+04,1.29739804e-01,1.29474577e-01,2.65227079e-04
7.20000000e+04,1.29289878e-01,1.29035764e-01,2.54113523e-04
7.20100000e+04,1.28865781e-01,1.28621142e-01,2.44638823e-04
7.20200000e+04,1.28480254e-01,1.28243747e-01,2.36507502e-04
7.20300000e+04,1.28136594e-01,1.27907110e-01,2.29483728e-04
7.20400000e+04,1.27817826e-01,1.27594449e-01,2.23376893e-04
7.20410000e+04,3.22059988e+00,3.21774636e+00,2.85351739e-03
7.20510000e+04,1.26101625e+01,1.26045998e+01,5.56264662e-03
7.20610000e+04,3.41101309e+00,3.40926785e+00,1.74523333e-03
7.20710000e+04,8.10539001e-01,8.10145160e-01,3.93840824e-04
7.20810000e+04,2.82489373e-01,2.82269078e-01,2.20294729e-04
7.20910000e+04,2.02830538e-01,2.02635270e-01,1.95268111e-04
7.21010000e+04,7.88973302e-02,7.87420027e-02,1.55327459e-04
7.21110000e+04,5.88252952e-02,5.86805085e-02,1.44786695e-04
7.21210000e+04,5.42853574e-02,5.41485930e-02,1.36764362e-04
7.21310000e+04,5.18609043e-02,5.17276079e-02,1.33296330e-04
7.21410000e+04,5.06477433e-02,5.05181691e-02,1.29574213e-04
7.21510000e+04,4.93492842e-02,4.92225196e-02,1.26764675e-04
7.21610000e+04,4.92550391e-02,4.91310049e-02,1.24034184e-04
7.21710000e+04,4.88994483e-02,4.87777133e-02,1.21734982e-04
7.21810000e+04,4.90191004e-02,4.88994617e-02,1.19638669e-04
7.21910000e+04,4.87651582e-02,4.86472975e-02,1.17860697e-04
7.22010000e+04,4.87584832e-02,4.86422452e-02,1.16238004e-04
7.22110000e+04,4.86219904e-02,4.85071813e-02,1.14809044e-04
7.22210000e+04,4.85695796e-02,4.84560709e-02,1.13508730e-04
7.22310000e+04,4.85130713e-02,4.84007360e-02,1.12335311e-04
7.22410000e+04,4.84541853e-02,4.83429154e-02,1.11269862e-04
7.22510000e+04,4.85116267e-02,4.84014720e-02,1.10154764e-04
7.22610000e+04,4.84630862e-02,4.83540153e-02,1.09070920e-04
7.22710000e+04,4.84390080e-02,4.83309419e-02,1.08066141e-04
7.22810000e+04,4.84313659e-02,4.83242174e-02,1.07148581e-04
7.22910000e+04,4.83955568e-02,4.82892376e-02,1.06319228e-04
7.23010000e+04,4.83713059e-02,4.82657446e-02,1.05561276e-04
7.23110000e+04,4.83540999e-02,4.82492326e-02,1.04867374e-04
7.23210000e+04,4.83346230e-02,4.82303916e-02,1.04231466e-04
7.23310000e+04,4.83188556e-02,4.82152093e-02,1.03646313e-04
7.23410000e+04,4.83058220e-02,4.82027144e-02,1.03107640e-04
7.23420000e+04,3.13811114e+00,3.13550239e+00,2.60874714e-03
7.23520000e+04,1.06996934e+01,1.06949799e+01,4.71353601e-03
7.23620000e+04,3.70772115e+00,3.70577631e+00,1.94483402e-03
7.23720000e+04,7.30586434e-01,7.30274920e-01,3.11514639e-04
7.23820000e+04,2.62863803e-01,2.62686920e-01,1.76882563e-04
7.23920000e+04,1.56265127e-01,1.56109705e-01,1.55421847e-04
7.24020000e+04,7.97598457e-02,7.96333587e-02,1.26487059e-04
7.24120000e+04,5.25767107e-02,5.24602924e-02,1.16418272e-04
7.24220000e+04,4.79910730e-02,4.78785033e-02,1.12569696e-04
7.24320000e+04,4.49577186e-02,4.48479197e-02,1.09798926e-04
7.24420000e+04,4.31666113e-02,4.30585633e-02,1.08048045e-04
7.24520000e+04,4.26498625e-02,4.25433601e-02,1.06502411e-04
7.24620000e+04,4.21903648e-02,4.20851835e-02,1.05181251e-04
7.24720000e+04,4.20121270e-02,4.19081280e-02,1.03999049e-04
7.24820000e+04,4.16867235e-02,4.15837225e-02,1.03000992e-04
7.24920000e+04,4.15698527e-02,4.14677736e-02,1.02079130e-04
7.25020000e+04,4.13476483e-02,4.12463715e-02,1.01276772e-04
7.25120000e+04,4.12430595e-02,4.11425256e-02,1.00533931e-04
7.25220000e+04,4.11031611e-02,4.10032963e-02,9.98648670e-05
7.25320000e+04,4.10207055e-02,4.09214594e-02,9.92460677e-05
7.25420000e+04,4.09255911e-02,4.08269102e-02,9.86809062e-05
7.25520000e+04,4.08224015e-02,4.07243201e-02,9.80813588e-05
7.25620000e+04,4.07450868e-02,4.06476092e-02,9.74775670e-05
7.25720000e+04,4.06861798e-02,4.05892671e-02,9.69126901e-05
7.25820000e+04,4.06216102e-02,4.05252147e-02,9.63955086e-05
7.25920000e+04,4.05630192e-02,4.04670969e-02,9.59223244e-05
7.26020000e+04,4.05129573e-02,4.04174703e-02,9.54870101e-05
7.26120000e+04,4.04681881e-02,4.03731024e-02,9.50856819e-05
7.26220000e+04,4.04274014e-02,4.03326859e-02,9.47154485e-05
7.26320000e+04,4.03913773e-02,4.02970052e-02,9.43720518e-05
7.26420000e+04,4.03587414e-02,4.02646860e-02,9.40553759e-05
7.26430000e+04,3.09049856e+00,3.08798965e+00,2.50890952e-03
7.26530000e+04,1.21590762e+01,1.21538566e+01,5.21963217e-03
7.26630000e+04,3.32089458e+00,3.31929297e+00,1.60160813e-03
7.26730000e+04,7.57554259e-01,7.57224527e-01,3.29731866e-04
7.26830000e+04,2.67170478e-01,2.67004981e-01,1.65496883e-04
7.26930000e+04,1.78484214e-01,1.78337066e-01,1.47147269e-04
7.27030000e+04,6.94164411e-02,6.93039919e-02,1.12449236e-04
7.27130000e+04,4.61601580e-02,4.60547042e-02,1.05453762e-04
7.27230000e+04,4.20962080e-02,4.19956933e-02,1.00514737e-04
7.27330000e+04,3.95316423e-02,3.94323654e-02,9.92768306e-05
7.27430000e+04,3.82206336e-02,3.81230622e-02,9.75713994e-05
7.27530000e+04,3.71507689e-02,3.70542253e-02,9.65435628e-05
7.27630000e+04,3.67949031e-02,3.66993783e-02,9.55247544e-05
7.27730000e+04,3.66652606e-02,3.65705968e-02,9.46638360e-05
7.27830000e+04,3.66291627e-02,3.65352669e-02,9.38957582e-05
7.27930000e+04,3.65376830e-02,3.64444537e-02,9.32292265e-05
7.28030000e+04,3.64914831e-02,3.63988627e-02,9.26204650e-05
7.28130000e+04,3.64431954e-02,3.63511251e-02,9.20702968e-05
7.28230000e+04,3.63938383e-02,3.63022717e-02,9.15666186e-05
7.28330000e+04,3.63762882e-02,3.62851858e-02,9.11023832e-05
7.28430000e+04,3.63445582e-02,3.62538812e-02,9.06770091e-05
7.28530000e+04,3.62891741e-02,3.61989462e-02,9.02279383e-05
7.28630000e+04,3.62670486e-02,3.61772766e-02,8.97719613e-05
7.28730000e+04,3.62592205e-02,3.61698755e-02,8.93449168e-05
7.28830000e+04,3.62407017e-02,3.61517485e-02,8.89532429e-05
7.28930000e+04,3.62245439e-02,3.61359499e-02,8.85939980e-05
7.29030000e+04,3.62131988e-02,3.61249365e-02,8.82622586e-05
7.29130000e+04,3.62048611e-02,3.61169053e-02,8.79558466e-05
7.29230000e+04,3.61988694e-02,3.61111976e-02,8.76717420e-05
7.29330000e+04,3.61942865e-02,3.61068778e-02,8.74087397e-05
7.29430000e+04,3.61916322e-02,3.61044682e-02,8.71639623e-05
7.29440000e+04,3.01808152e+00,3.01566499e+00,2.41652870e-03
7.29540000e+04,1.04302814e+01,1.04257903e+01,4.49108601e-03
7.29640000e+04,3.57827172e+00,3.57643912e+00,1.83260344e-03
7.29740000e+04,6.82415794e-01,6.82129075e-01,2.86719066e-04
7.29840000e+04,2.61282367e-01,2.61123942e-01,1.58424704e-04
7.29940000e+04,1.43977498e-01,1.43839564e-01,1.37933462e-04
7.30040000e+04,7.80147444e-02,7.79029348e-02,1.11809643e-04
7.30140000e+04,4.92443331e-02,4.91414560e-02,1.02877090e-04
7.30240000e+04,4.46878039e-02,4.45883884e-02,9.94155212e-05
7.30340000e+04,4.15218901e-02,4.14247525e-02,9.71375701e-05
7.30440000e+04,3.98240240e-02,3.97281984e-02,9.58256537e-05
7.30540000e+04,3.94110636e-02,3.93163684e-02,9.46951746e-05
7.30640000e+04,3.89035111e-02,3.88097304e-02,9.37806678e-05
7.30740000e+04,3.87776453e-02,3.86846896e-02,9.29556891e-05
7.30840000e+04,3.84527597e-02,3.83604702e-02,9.22894488e-05
7.30940000e+04,3.83369101e-02,3.82452424e-02,9.16677301e-05
7.31040000e+04,3.81392679e-02,3.80481345e-02,9.11333938e-05
7.31140000e+04,3.80370515e-02,3.79464132e-02,9.06383327e-05
7.31240000e+04,3.79143589e-02,3.78241672e-02,9.01917619e-05
7.31340000e+04,3.78330045e-02,3.77432250e-02,8.97795537e-05
7.31440000e+04,3.77497230e-02,3.76603217e-02,8.94012889e-05
7.31540000e+04,3.76450256e-02,3.75560316e-02,8.89939252e-05
7.31640000e+04,3.75760061e-02,3.74874286e-02,8.85774496e-05
7.31740000e+04,3.75193148e-02,3.74311267e-02,8.81881620e-05
7.31840000e+04,3.74559965e-02,3.73681648e-02,8.78317033e-05
7.31940000e+04,3.74031949e-02,3.73156904e-02,8.75044677e-05
7.32040000e+04,3.73559540e-02,3.72687505e-02,8.72035562e-05
7.32140000e+04,3.73145637e-02,3.72276390e-02,8.69246680e-05
7.32240000e+04,3.72775187e-02,3.71908516e-02,8.66671048e-05
7.32340000e+04,3.72445245e-02,3.71580968e-02,8.64276377e-05
7.32440000e+04,3.72150628e-02,3.71288576e-02,8.62052214e-05
7.32450000e+04,2.97359374e+00,2.97126514e+00,2.32859233e-03
7.32550000e+04,1.17829900e+01,1.17780267e+01,4.96325890e-03
7.32650000e+04,3.22767089e+00,3.22615230e+00,1.51858617e-03
7.32750000e+04,7.28419015e-01,7.28108307e-01,3.10707914e-04
7.32850000e+04,2.56285259e-01,2.56131449e-01,1.53809745e-04
7.32950000e+04,1.71698553e-01,1.71561484e-01,1.37069168e-04
7.33050000e+04,6.83250102e-02,6.82208634e-02,1.04146746e-04
7.33150000e+04,4.47543451e-02,4.46565638e-02,9.77813854e-05
7.33250000e+04,4.02988734e-02,4.02055638e-02,9.33096168e-05
7.33350000e+04,3.78398796e-02,3.77477120e-02,9.21675723e-05
7.33450000e+04,3.66143697e-02,3.65237101e-02,9.06596558e-05
7.33550000e+04,3.56838015e-02,3.55940488e-02,8.97526704e-05
7.33650000e+04,3.51450717e-02,3.50561473e-02,8.89244955e-05
7.33750000e+04,3.50637134e-02,3.49755125e-02,8.82009598e-05
7.33850000e+04,3.49481137e-02,3.48605286e-02,8.75850346e-05
7.33950000e+04,3.49029222e-02,3.48158874e-02,8.70348431e-05
7.34050000e+04,3.48388382e-02,3.47522969e-02,8.65412609e-05
7.34150000e+04,3.48056583e-02,3.47195662e-02,8.60920253e-05
7.34250000e+04,3.47543199e-02,3.46686373e-02,8.56825855e-05
7.34350000e+04,3.47377879e-02,3.46524836e-02,8.53042687e-05
7.34450000e+04,3.47093896e-02,3.46244325e-02,8.49571613e-05
7.34550000e+04,3.46626655e-02,3.45780780e-02,8.45875234e-05
7.34650000e+04,3.46425299e-02,3.45583196e-02,8.42103539e-05
7.34750000e+04,3.46347779e-02,3.45509206e-02,8.38572642e-05
7.34850000e+04,3.46176680e-02,3.45341346e-02,8.35334603e-05
7.34950000e+04,3.46031594e-02,3.45199233e-02,8.32360746e-05
7.35050000e+04,3.45917480e-02,3.45087859e-02,8.29621637e-05
7.35150000e+04,3.45836105e-02,3.45009025e-02,8.27080302e-05
7.35250000e+04,3.45777553e-02,3.44952828e-02,8.24725540e-05
7.35350000e+04,3.45739210e-02,3.44916669e-02,8.22540370e-05
7.35450000e+04,3.45709830e-02,3.44889324e-02,8.20506390e-05
7.35460000e+04,2.90469452e+00,2.90245002e+00,2.24449706e-03
7.35560000e+04,1.01619222e+01,1.01576495e+01,4.27265798e-03
7.35660000e+04,3.43870316e+00,3.43697381e+00,1.72935401e-03
7.35760000e+04,6.44857725e-01,6.44587971e-01,2.69754262e-04
7.35860000e+04,2.57912787e-01,2.57763693e-01,1.49094523e-04
7.35960000e+04,1.35601922e-01,1.35473157e-01,1.28765915e-04
7.36060000e+04,7.60091348e-02,7.59043563e-02,1.04778484e-04
7.36160000e+04,4.76300480e-02,4.75333626e-02,9.66853916e-05
7.36260000e+04,4.31499497e-02,4.30565527e-02,9.33969522e-05
7.36360000e+04,3.99876382e-02,3.98963376e-02,9.13005464e-05
7.36460000e+04,3.82807255e-02,3.81906013e-02,9.01242190e-05
7.36560000e+04,3.79698330e-02,3.78807275e-02,8.91055120e-05
7.36660000e+04,3.74494149e-02,3.73611115e-02,8.83034080e-05
7.36760000e+04,3.73397907e-02,3.72522221e-02,8.75685839e-05
7.36860000e+04,3.70277792e-02,3.69407961e-02,8.69830401e-05
7.36960000e+04,3.69108918e-02,3.68244538e-02,8.64379974e-05
7.37060000e+04,3.67298220e-02,3.66438547e-02,8.59672646e-05
7.37160000e+04,3.66313582e-02,3.65458244e-02,8.55337944e-05
7.37260000e+04,3.65179626e-02,3.64328205e-02,8.51420597e-05
7.37360000e+04,3.64389609e-02,3.63541801e-02,8.47807099e-05
7.37460000e+04,3.63613019e-02,3.62768522e-02,8.44496926e-05
7.37560000e+04,3.62703541e-02,3.61862648e-02,8.40892872e-05
7.37660000e+04,3.62063922e-02,3.61226719e-02,8.37203279e-05
7.37760000e+04,3.61520577e-02,3.60686820e-02,8.33757244e-05
7.37860000e+04,3.60929172e-02,3.60098568e-02,8.30603976e-05
7.37960000e+04,3.60441209e-02,3.59613501e-02,8.27707417e-05
7.38060000e+04,3.59995732e-02,3.59170691e-02,8.25040715e-05
7.38160000e+04,3.59609711e-02,3.58787132e-02,8.22578806e-05
7.38260000e+04,3.59258663e-02,3.58438369e-02,8.20294017e-05
7.38360000e+04,3.58955903e-02,3.58137727e-02,8.18176208e-05
7.38460000e+04,3.58681032e-02,3.57864827e-02,8.16205022e-05
7.38470000e+04,2.86155533e+00,2.85939220e+00,2.16312671e-03
7.38570000e+04,1.14184715e+01,1.14137557e+01,4.71576903e-03
7.38670000e+04,3.13445708e+00,3.13301614e+00,1.44093950e-03
7.38770000e+04,6.98189334e-01,6.97895527e-01,2.93806683e-04
7.38870000e+04,2.47678381e-01,2.47533176e-01,1.45205602e-04
7.38970000e+04,1.65574957e-01,1.65445253e-01,1.29703832e-04
7.39070000e+04,6.68993234e-02,6.68009066e-02,9.84167815e-05
7.39170000e+04,4.39102980e-02,4.38175923e-02,9.27057752e-05
7.39270000e+04,3.89796925e-02,3.88912521e-02,8.84404097e-05
7.39370000e+04,3.67601091e-02,3.66727789e-02,8.73302057e-05
7.39470000e+04,3.55188360e-02,3.54329115e-02,8.59244658e-05
7.39570000e+04,3.46677905e-02,3.45827183e-02,8.50721508e-05
7.39670000e+04,3.40344553e-02,3.39501209e-02,8.43344242e-05
7.39770000e+04,3.39769822e-02,3.38933096e-02,8.36726347e-05
7.39870000e+04,3.38230994e-02,3.37399748e-02,8.31245655e-05
7.39970000e+04,3.37996611e-02,3.37170357e-02,8.26253677e-05
7.40070000e+04,3.37287893e-02,3.36466070e-02,8.21822334e-05
7.40170000e+04,3.36991127e-02,3.36173355e-02,8.17771111e-05
7.40270000e+04,3.36496309e-02,3.35682225e-02,8.14083888e-05
7.40370000e+04,3.36322316e-02,3.35511640e-02,8.10675937e-05
7.40470000e+04,3.36058416e-02,3.35250866e-02,8.07549917e-05
7.40570000e+04,3.35664877e-02,3.34860681e-02,8.04195327e-05
7.40670000e+04,3.35480544e-02,3.34679772e-02,8.00771848e-05
7.40770000e+04,3.35400838e-02,3.34603276e-02,7.97561336e-05
7.40870000e+04,3.35247614e-02,3.34452987e-02,7.94626966e-05
7.40970000e+04,3.35107532e-02,3.34315606e-02,7.91926473e-05
7.41070000e+04,3.34995006e-02,3.34205563e-02,7.89443545e-05
7.41170000e+04,3.34920058e-02,3.34132920e-02,7.87137836e-05
7.41270000e+04,3.34868015e-02,3.34083017e-02,7.84997992e-05
7.41370000e+04,3.34826672e-02,3.34043660e-02,7.83012379e-05
7.41470000e+04,3.34801976e-02,3.34020806e-02,7.81169361e-05
7.41480000e+04,2.79556416e+00,2.79347862e+00,2.08553693e-03
7.41580000e+04,9.88930358e+00,9.88524055e+00,4.06303125e-03
7.41680000e+04,3.30375479e+00,3.30212450e+00,1.63028815e-03
7.41780000e+04,6.12209140e-01,6.11954625e-01,2.54514846e-04
7.41880000e+04,2.53505393e-01,2.53364028e-01,1.41365183e-04
7.41980000e+04,1.28706586e-01,1.28585355e-01,1.21230608e-04
7.42080000e+04,7.39927178e-02,7.38937434e-02,9.89744687e-05
7.42180000e+04,4.60218595e-02,4.59302757e-02,9.15837200e-05
7.42280000e+04,4.18530918e-02,4.17646283e-02,8.84634718e-05
7.42380000e+04,3.87711273e-02,3.86846058e-02,8.65214195e-05
7.42480000e+04,3.70419913e-02,3.69565551e-02,8.54361916e-05
7.42580000e+04,3.67842883e-02,3.66997938e-02,8.44944917e-05
7.42680000e+04,3.62729527e-02,3.61891852e-02,8.37675286e-05
7.42780000e+04,3.61547145e-02,3.60716197e-02,8.30948157e-05
7.42880000e+04,3.58619269e-02,3.57793660e-02,8.25608653e-05
7.42980000e+04,3.57425748e-02,3.56605099e-02,8.20649200e-05
7.43080000e+04,3.55726370e-02,3.54910008e-02,8.16362455e-05
7.43180000e+04,3.54786963e-02,3.53974542e-02,8.12421450e-05
7.43280000e+04,3.53716674e-02,3.52907813e-02,8.08861071e-05
7.43380000e+04,3.52945287e-02,3.52139705e-02,8.05582040e-05
7.43480000e+04,3.52210503e-02,3.51407930e-02,8.02572370e-05
7.43580000e+04,3.51399506e-02,3.50600229e-02,7.99277222e-05
7.43680000e+04,3.50799936e-02,3.50004029e-02,7.95907347e-05
7.43780000e+04,3.50281305e-02,3.49488549e-02,7.92756043e-05
7.43880000e+04,3.49734638e-02,3.48944766e-02,7.89871459e-05
7.43980000e+04,3.49275641e-02,3.48488415e-02,7.87225660e-05
7.44080000e+04,3.48858436e-02,3.48073651e-02,7.84784545e-05
7.44180000e+04,3.48488076e-02,3.47705544e-02,7.82532207e-05
7.44280000e+04,3.48164837e-02,3.47384392e-02,7.80445044e-05
7.44380000e+04,3.47874143e-02,3.47095635e-02,7.78507963e-05
7.44480000e+04,3.47620667e-02,3.46843961e-02,7.76705908e-05
7.44490000e+04,2.75373722e+00,2.75172714e+00,2.01008539e-03
7.44590000e+04,1.10593105e+01,1.10548330e+01,4.47757143e-03
7.44690000e+04,3.04111080e+00,3.03974457e+00,1.36622689e-03
7.44790000e+04,6.68638448e-01,6.68360916e-01,2.77532016e-04
7.44890000e+04,2.40510040e-01,2.40372502e-01,1.37538554e-04
7.44990000e+04,1.59297148e-01,1.59174183e-01,1.22965131e-04
7.45090000e+04,6.52656081e-02,6.51722845e-02,9.33235444e-05
7.45190000e+04,4.31263897e-02,4.30381607e-02,8.82290815e-05
7.45290000e+04,3.78029074e-02,3.77187892e-02,8.41181984e-05
7.45390000e+04,3.58252275e-02,3.57421859e-02,8.30416021e-05
7.45490000e+04,3.45075783e-02,3.44258500e-02,8.17283606e-05
7.45590000e+04,3.37305096e-02,3.36495852e-02,8.09243929e-05
7.45690000e+04,3.30586279e-02,3.29783723e-02,8.02556614e-05
7.45790000e+04,3.30228948e-02,3.29432516e-02,7.96431190e-05
7.45890000e+04,3.28484374e-02,3.27692923e-02,7.91451308e-05
7.45990000e+04,3.28376335e-02,3.27589469e-02,7.86865664e-05
7.46090000e+04,3.27629680e-02,3.26846873e-02,7.82806715e-05
7.46190000e+04,3.27330280e-02,3.26551177e-02,7.79102529e-05
7.46290000e+04,3.26857795e-02,3.26082068e-02,7.75726713e-05
7.46390000e+04,3.26670345e-02,3.25897736e-02,7.72608915e-05
7.46490000e+04,3.26423900e-02,3.25654154e-02,7.69745945e-05
7.46590000e+04,3.26082440e-02,3.25315774e-02,7.66665687e-05
7.46690000e+04,3.25917888e-02,3.25154380e-02,7.63508481e-05
7.46790000e+04,3.25843382e-02,3.25082826e-02,7.60556420e-05
7.46890000e+04,3.25707548e-02,3.24949701e-02,7.57847588e-05
7.46990000e+04,3.25571881e-02,3.24816518e-02,7.55363445e-05
7.47090000e+04,3.25465671e-02,3.24712595e-02,7.53075131e-05
7.47190000e+04,3.25391093e-02,3.24640138e-02,7.50955481e-05
7.47290000e+04,3.25342882e-02,3.24593893e-02,7.48989478e-05
7.47390000e+04,3.25311378e-02,3.24564216e-02,7.47161460e-05
7.47490000e+04,3.25289017e-02,3.24543554e-02,7.45462951e-05
7.47500000e+04,2.69051423e+00,2.68857582e+00,1.93841036e-03
7.47600000e+04,9.61589198e+00,9.61203259e+00,3.85939174e-03
7.47700000e+04,3.17207229e+00,3.17053671e+00,1.53558853e-03
7.47800000e+04,5.82323996e-01,5.82083725e-01,2.40270964e-04
7.47900000e+04,2.48587340e-01,2.48452903e-01,1.34437478e-04
7.48000000e+04,1.22443572e-01,1.22329212e-01,1.14359988e-04
7.48100000e+04,7.21955336e-02,7.21018202e-02,9.37134430e-05
7.48200000e+04,4.44902343e-02,4.44033125e-02,8.69217173e-05
7.48300000e+04,4.06082331e-02,4.05242737e-02,8.39594013e-05
7.48400000e+04,3.77097014e-02,3.76275430e-02,8.21583803e-05
7.48500000e+04,3.59553900e-02,3.58742337e-02,8.11563141e-05
7.48600000e+04,3.57269698e-02,3.56466910e-02,8.02787206e-05
7.48700000e+04,3.52331640e-02,3.51535489e-02,7.96150809e-05
7.48800000e+04,3.50952570e-02,3.50162604e-02,7.89966499e-05
7.48900000e+04,3.48226961e-02,3.47441904e-02,7.85057776e-05
7.49000000e+04,3.47012238e-02,3.46231715e-02,7.80522966e-05
7.49100000e+04,3.45411728e-02,3.44635140e-02,7.76588256e-05
7.49200000e+04,3.44505611e-02,3.43732625e-02,7.72985846e-05
7.49300000e+04,3.43482522e-02,3.42712792e-02,7.69730273e-05
7.49400000e+04,3.42735397e-02,3.41968665e-02,7.66731858e-05
7.49500000e+04,3.42033847e-02,3.41269870e-02,7.63977392e-05
7.49600000e+04,3.41302969e-02,3.40542017e-02,7.60951211e-05
7.49700000e+04,3.40745668e-02,3.39987818e-02,7.57850007e-05
7.49800000e+04,3.40252757e-02,3.39497805e-02,7.54951522e-05
7.49900000e+04,3.39737580e-02,3.38985281e-02,7.52298594e-05
7.50000000e+04,3.39308269e-02,3.38558404e-02,7.49865342e-05
7.50100000e+04,3.38913840e-02,3.38166213e-02,7.47627441e-05
7.50200000e+04,3.38568828e-02,3.37823268e-02,7.45560054e-05
7.50300000e+04,3.38266796e-02,3.37523153e-02,7.43642686e-05
7.50400000e+04,3.37995424e-02,3.37253562e-02,7.41862256e-05
7.50500000e+04,3.37752266e-02,3.37012061e-02,7.40204647e-05
7.50510000e+04,2.65003204e+00,2.64816367e+00,1.86837610e-03
7.50610000e+04,1.07106115e+01,1.07063618e+01,4.24963111e-03
7.50710000e+04,2.94571634e+00,2.94442314e+00,1.29319851e-03
7.50810000e+04,6.40688674e-01,6.40426593e-01,2.62081649e-04
7.50910000e+04,2.33968713e-01,2.33838282e-01,1.30430684e-04
7.51010000e+04,1.52759164e-01,1.52642581e-01,1.16582643e-04
7.51110000e+04,6.35881971e-02,6.34996068e-02,8.85903404e-05
7.51210000e+04,4.22958705e-02,4.22118398e-02,8.40307346e-05
7.51310000e+04,3.66852191e-02,3.66051447e-02,8.00744391e-05
7.51410000e+04,3.49304438e-02,3.48514158e-02,7.90280023e-05
7.51510000e+04,3.35332583e-02,3.34554432e-02,7.78150627e-05
7.51610000e+04,3.28368602e-02,3.27598049e-02,7.70552612e-05
7.51710000e+04,3.21569197e-02,3.20804740e-02,7.64457660e-05
7.51810000e+04,3.21373358e-02,3.20614575e-02,7.58783367e-05
7.51910000e+04,3.19572932e-02,3.18818697e-02,7.54235418e-05
7.52010000e+04,3.19501755e-02,3.18751745e-02,7.50009643e-05
7.52110000e+04,3.18739969e-02,3.17993680e-02,7.46288701e-05
7.52210000e+04,3.18423432e-02,3.17680547e-02,7.42885165e-05
7.52310000e+04,3.17974334e-02,3.17234543e-02,7.39791095e-05
7.52410000e+04,3.17776854e-02,3.17039925e-02,7.36928603e-05
7.52510000e+04,3.17546362e-02,3.16812054e-02,7.34308435e-05
7.52610000e+04,3.17253225e-02,3.16521763e-02,7.31462712e-05
7.52710000e+04,3.17105981e-02,3.16377426e-02,7.28554396e-05
7.52810000e+04,3.17034704e-02,3.16308877e-02,7.25827499e-05
7.52910000e+04,3.16912239e-02,3.16188908e-02,7.23330992e-05
7.53010000e+04,3.16789991e-02,3.16068951e-02,7.21039991e-05
7.53110000e+04,3.16687717e-02,3.15968786e-02,7.18931744e-05
7.53210000e+04,3.16618840e-02,3.15901861e-02,7.16978361e-05
7.53310000e+04,3.16575070e-02,3.15859906e-02,7.15164210e-05
7.53410000e+04,3.16547442e-02,3.15833965e-02,7.13477585e-05
7.53510000e+04,3.16528126e-02,3.15816210e-02,7.11915224e-05
7.53520000e+04,2.58945380e+00,2.58765168e+00,1.80211721e-03
7.53620000e+04,9.34219219e+00,9.33852829e+00,3.66389467e-03
7.53720000e+04,3.04671150e+00,3.04526531e+00,1.44618621e-03
7.53820000e+04,5.55434253e-01,5.55207199e-01,2.27054349e-04
7.53920000e+04,2.43079245e-01,2.42951177e-01,1.28067589e-04
7.54020000e+04,1.17114635e-01,1.17006534e-01,1.08100516e-04
7.54120000e+04,7.04999342e-02,7.04110891e-02,8.88451359e-05
7.54220000e+04,4.30783471e-02,4.29957771e-02,8.25699886e-05
7.54320000e+04,3.93967186e-02,3.93169557e-02,7.97629299e-05
7.54420000e+04,3.67462160e-02,3.66681359e-02,7.80800172e-05
7.54520000e+04,3.49624871e-02,3.48853305e-02,7.71565773e-05
7.54620000e+04,3.47425376e-02,3.46662024e-02,7.63352569e-05
7.54720000e+04,3.42716887e-02,3.41959613e-02,7.57274349e-05
7.54820000e+04,3.41081734e-02,3.40330139e-02,7.51595207e-05
7.54920000e+04,3.38591148e-02,3.37844074e-02,7.47074339e-05
7.55020000e+04,3.37360796e-02,3.36617870e-02,7.42926185e-05
7.55120000e+04,3.35853029e-02,3.35113713e-02,7.39316588e-05
7.55220000e+04,3.34978721e-02,3.34242703e-02,7.36017543e-05
7.55320000e+04,3.33994364e-02,3.33261324e-02,7.33040025e-05
7.55420000e+04,3.33271554e-02,3.32541256e-02,7.30298236e-05
7.55520000e+04,3.32607676e-02,3.31879899e-02,7.27776575e-05
7.55620000e+04,3.31940564e-02,3.31215568e-02,7.24996422e-05
7.55720000e+04,3.31429998e-02,3.30707855e-02,7.22142427e-05
7.55820000e+04,3.30958318e-02,3.30238840e-02,7.19477837e-05
7.55920000e+04,3.30480887e-02,3.29763847e-02,7.17040380e-05
7.56020000e+04,3.30075269e-02,3.29360466e-02,7.14802568e-05
7.56120000e+04,3.29705497e-02,3.28992754e-02,7.12742993e-05
7.56220000e+04,3.29383361e-02,3.28672518e-02,7.10842821e-05
7.56320000e+04,3.29097208e-02,3.28388127e-02,7.09080429e-05
7.56420000e+04,3.28842138e-02,3.28134693e-02,7.07445871e-05
7.56520000e+04,3.28612435e-02,3.27906510e-02,7.05924554e-05
7.56530000e+04,2.55025814e+00,2.54852106e+00,1.73708147e-03
7.56630000e+04,1.03620536e+01,1.03580230e+01,4.03061689e-03
7.56730000e+04,2.85382700e+00,2.85260323e+00,1.22377560e-03
7.56830000e+04,6.15391643e-01,6.15144009e-01,2.47634116e-04
7.56930000e+04,2.27127638e-01,2.27003937e-01,1.23700676e-04
7.57030000e+04,1.46845097e-01,1.46734451e-01,1.10645760e-04
7.57130000e+04,6.17515701e-02,6.16674478e-02,8.41223262e-05
7.57230000e+04,4.13795893e-02,4.12995211e-02,8.00682051e-05
7.57330000e+04,3.56098505e-02,3.55335744e-02,7.62760568e-05
7.57430000e+04,3.41166248e-02,3.40413735e-02,7.52512578e-05
7.57530000e+04,3.25934764e-02,3.25193306e-02,7.41458256e-05
7.57630000e+04,3.19719647e-02,3.18985371e-02,7.34275238e-05
7.57730000e+04,3.12975753e-02,3.12247035e-02,7.28717578e-05
7.57830000e+04,3.12926461e-02,3.12203002e-02,7.23459824e-05
7.57930000e+04,3.11185893e-02,3.10466617e-02,7.19276669e-05
7.58030000e+04,3.11115645e-02,3.10400249e-02,7.15396035e-05
7.58130000e+04,3.10373565e-02,3.09661593e-02,7.11971721e-05
7.58230000e+04,3.10027071e-02,3.09318223e-02,7.08847512e-05
7.58330000e+04,3.09607809e-02,3.08901808e-02,7.06000890e-05
7.58430000e+04,3.09402035e-02,3.08698661e-02,7.03373895e-05
7.58530000e+04,3.09178821e-02,3.08477859e-02,7.00961927e-05
7.58630000e+04,3.08931541e-02,3.08233200e-02,6.98340621e-05
7.58730000e+04,3.08805710e-02,3.08110056e-02,6.95653598e-05
7.58830000e+04,3.08737106e-02,3.08043965e-02,6.93140268e-05
7.58930000e+04,3.08639546e-02,3.07948713e-02,6.90832570e-05
7.59030000e+04,3.08523085e-02,3.07834366e-02,6.88719650e-05
7.59130000e+04,3.08423182e-02,3.07736409e-02,6.86773763e-05
7.59230000e+04,3.08362369e-02,3.07677399e-02,6.84970205e-05
7.59330000e+04,3.08325757e-02,3.07642461e-02,6.83296040e-05
7.59430000e+04,3.08297847e-02,3.07616106e-02,6.81740666e-05
7.59530000e+04,3.08282938e-02,3.07602637e-02,6.80300469e-05
7.59540000e+04,2.49220555e+00,2.49052970e+00,1.67584721e-03
7.59640000e+04,9.07706177e+00,9.07358455e+00,3.47721758e-03
7.59740000e+04,2.92316626e+00,2.92180547e+00,1.36079788e-03
7.59840000e+04,5.30549855e-01,5.30335050e-01,2.14804979e-04
7.59940000e+04,2.38175153e-01,2.38052729e-01,1.22424144e-04
7.60040000e+04,1.12124979e-01,1.12022715e-01,1.02264187e-04
7.60140000e+04,6.88445613e-02,6.87602381e-02,8.43231652e-05
7.60240000e+04,4.18213519e-02,4.17428240e-02,7.85278909e-05
7.60340000e+04,3.82240144e-02,3.81481549e-02,7.58594552e-05
7.60440000e+04,3.58627535e-02,3.57884821e-02,7.42713742e-05
7.60540000e+04,3.40332072e-02,3.39597800e-02,7.34272332e-05
7.60640000e+04,3.38112639e-02,3.37386097e-02,7.26542237e-05
7.60740000e+04,3.33705289e-02,3.32984337e-02,7.20952703e-05
7.60840000e+04,3.31811099e-02,3.31095345e-02,7.15754432e-05
7.60940000e+04,3.29544506e-02,3.28832931e-02,7.11574579e-05
7.61040000e+04,3.28278818e-02,3.27571037e-02,7.07780970e-05
7.61140000e+04,3.26834145e-02,3.26129683e-02,7.04461914e-05
7.61240000e+04,3.25993290e-02,3.25291845e-02,7.01444956e-05
7.61340000e+04,3.25047072e-02,3.24348353e-02,6.98718801e-05
7.61440000e+04,3.24349486e-02,3.23653280e-02,6.96206396e-05
7.61540000e+04,3.23729684e-02,3.23035784e-02,6.93899312e-05
7.61640000e+04,3.23124325e-02,3.22432982e-02,6.91342949e-05
7.61740000e+04,3.22658545e-02,3.21969828e-02,6.88716843e-05
7.61840000e+04,3.22200406e-02,3.21514136e-02,6.86269767e-05
7.61940000e+04,3.21757548e-02,3.21073522e-02,6.84026444e-05
7.62040000e+04,3.21377281e-02,3.20695312e-02,6.81968198e-05
7.62140000e+04,3.21029486e-02,3.20349407e-02,6.80079360e-05
7.62240000e+04,3.20724931e-02,3.20046599e-02,6.78331618e-05
7.62340000e+04,3.20454837e-02,3.19778126e-02,6.76710328e-05
7.62440000e+04,3.20214485e-02,3.19539277e-02,6.75208112e-05
7.62540000e+04,3.20002581e-02,3.19328767e-02,6.73814551e-05
7.62550000e+04,2.45429965e+00,2.45268419e+00,1.61545834e-03
7.62650000e+04,1.00266962e+01,1.00228730e+01,3.82318100e-03
7.62750000e+04,2.76249188e+00,2.76133402e+00,1.15786328e-03
7.62850000e+04,5.91331443e-01,5.91097408e-01,2.34034600e-04
7.62950000e+04,2.20315479e-01,2.20198003e-01,1.17476352e-04
7.63050000e+04,1.41074717e-01,1.40969712e-01,1.05004339e-04
7.63150000e+04,5.99683145e-02,5.98883811e-02,7.99333697e-05
7.63250000e+04,4.03997710e-02,4.03234608e-02,7.63101497e-05
7.63350000e+04,3.45870285e-02,3.45143288e-02,7.26996579e-05
7.63450000e+04,3.33407266e-02,3.32690286e-02,7.16980246e-05
7.63550000e+04,3.16899296e-02,3.16192320e-02,7.06976232e-05
7.63650000e+04,3.11427504e-02,3.10727323e-02,7.00180894e-05
7.63750000e+04,3.04900340e-02,3.04205242e-02,6.95097328e-05
7.63850000e+04,3.04937598e-02,3.04247351e-02,6.90246872e-05
7.63950000e+04,3.03320413e-02,3.02634019e-02,6.86394277e-05
7.64050000e+04,3.03198037e-02,3.02515213e-02,6.82824683e-05
7.64150000e+04,3.02487021e-02,3.01807349e-02,6.79672089e-05
7.64250000e+04,3.02111119e-02,3.01434316e-02,6.76802389e-05
7.64350000e+04,3.01718233e-02,3.01044046e-02,6.74186866e-05
7.64450000e+04,3.01509031e-02,3.00837258e-02,6.71773510e-05
7.64550000e+04,3.01297606e-02,3.00628047e-02,6.69559275e-05
7.64650000e+04,3.01096635e-02,3.00429492e-02,6.67143502e-05
7.64750000e+04,3.00990059e-02,3.00325398e-02,6.64661148e-05
7.64850000e+04,3.00920720e-02,3.00258380e-02,6.62339778e-05
7.64950000e+04,3.00833029e-02,3.00172819e-02,6.60209622e-05
7.65050000e+04,3.00732658e-02,3.00074400e-02,6.58257858e-05
7.65150000e+04,3.00639368e-02,2.99982905e-02,6.56463182e-05
7.65250000e+04,3.00580966e-02,2.99926166e-02,6.54800788e-05
7.65350000e+04,3.00545770e-02,2.99892514e-02,6.53255976e-05
7.65450000e+04,3.00524893e-02,2.99873070e-02,6.51823530e-05
7.65550000e+04,3.00507533e-02,2.99857040e-02,6.50492230e-05
7.65560000e+04,2.39863095e+00,2.39707215e+00,1.55880312e-03
7.65660000e+04,8.81752670e+00,8.81422671e+00,3.29999054e-03
7.65760000e+04,2.80524512e+00,2.80396383e+00,1.28128906e-03
7.65860000e+04,5.08054212e-01,5.07850660e-01,2.03551333e-04
7.65960000e+04,2.32834947e-01,2.32717751e-01,1.17196141e-04
7.66060000e+04,1.07829005e-01,1.07732082e-01,9.69234920e-05
7.66160000e+04,6.72622926e-02,6.71821799e-02,8.01126464e-05
7.66260000e+04,4.06233728e-02,4.05486289e-02,7.47438901e-05
7.66360000e+04,3.71137964e-02,3.70415778e-02,7.22185872e-05
7.66460000e+04,3.50230326e-02,3.49523259e-02,7.07067809e-05
7.66560000e+04,3.31506924e-02,3.30807545e-02,6.99378988e-05
7.66660000e+04,3.29360356e-02,3.28668267e-02,6.92088246e-05
7.66760000e+04,3.25227231e-02,3.24540299e-02,6.86932448e-05
7.66860000e+04,3.23057928e-02,3.22375756e-02,6.82172166e-05
7.66960000e+04,3.20985186e-02,3.20306885e-02,6.78301016e-05
7.67060000e+04,3.19692675e-02,3.19017854e-02,6.74821135e-05
7.67160000e+04,3.18299447e-02,3.17627673e-02,6.71774454e-05
7.67260000e+04,3.17478953e-02,3.16809949e-02,6.69004784e-05
7.67360000e+04,3.16563314e-02,3.15896812e-02,6.66501875e-05
7.67460000e+04,3.15872893e-02,3.15208696e-02,6.64197201e-05
7.67560000e+04,3.15288043e-02,3.14625963e-02,6.62079995e-05
7.67660000e+04,3.14728878e-02,3.14069149e-02,6.59729586e-05
7.67760000e+04,3.14304381e-02,3.13647073e-02,6.57307897e-05
7.67860000e+04,3.13871587e-02,3.13216534e-02,6.55052691e-05
7.67960000e+04,3.13458297e-02,3.12805311e-02,6.52986629e-05
7.68060000e+04,3.13104095e-02,3.12453002e-02,6.51092867e-05
7.68160000e+04,3.12777657e-02,3.12128309e-02,6.49348387e-05
7.68260000e+04,3.12488441e-02,3.11840699e-02,6.47741660e-05
7.68360000e+04,3.12230497e-02,3.11584247e-02,6.46250557e-05
7.68460000e+04,3.12004738e-02,3.11359872e-02,6.44866804e-05
7.68560000e+04,3.11801204e-02,3.11157618e-02,6.43585808e-05
7.68570000e+04,2.36201865e+00,2.36051592e+00,1.50273077e-03
7.68670000e+04,9.70266993e+00,9.69904400e+00,3.62593316e-03
7.68770000e+04,2.67056877e+00,2.66947409e+00,1.09467785e-03
7.68870000e+04,5.68787463e-01,5.68566206e-01,2.21256722e-04
7.68970000e+04,2.13838231e-01,2.13726538e-01,1.11693203e-04
7.69070000e+04,1.35417181e-01,1.35317524e-01,9.96573911e-05
7.69170000e+04,5.82117541e-02,5.81357694e-02,7.59847299e-05
7.69270000e+04,3.93396162e-02,3.92668713e-02,7.27448491e-05
7.69370000e+04,3.35953330e-02,3.35259961e-02,6.93369217e-05
7.69470000e+04,3.25937936e-02,3.25254383e-02,6.83552594e-05
7.69570000e+04,3.08266490e-02,3.07591873e-02,6.74616554e-05
7.69670000e+04,3.03546808e-02,3.02878628e-02,6.68180655e-05
7.69770000e+04,2.97272947e-02,2.96609425e-02,6.63522552e-05
7.69870000e+04,2.97346417e-02,2.96687376e-02,6.59041039e-05
7.69970000e+04,2.95887557e-02,2.95232073e-02,6.55483462e-05
7.70070000e+04,2.95701353e-02,2.95049151e-02,6.52202008e-05
7.70170000e+04,2.95024755e-02,2.94375458e-02,6.49297661e-05
7.70270000e+04,2.94629082e-02,2.93982424e-02,6.46658382e-05
7.70370000e+04,2.94256520e-02,2.93612267e-02,6.44252386e-05
7.70470000e+04,2.94049423e-02,2.93407391e-02,6.42031911e-05
7.70570000e+04,2.93847949e-02,2.93207953e-02,6.39995926e-05
7.70670000e+04,2.93681992e-02,2.93044227e-02,6.37765493e-05
7.70770000e+04,2.93601468e-02,2.92965994e-02,6.35473621e-05
7.70870000e+04,2.93537630e-02,2.92904298e-02,6.33331615e-05
7.70970000e+04,2.93462398e-02,2.92831037e-02,6.31361421e-05
7.71070000e+04,2.93365708e-02,2.92736147e-02,6.29560862e-05
7.71170000e+04,2.93281313e-02,2.92653410e-02,6.27903416e-05
7.71270000e+04,2.93227237e-02,2.92600870e-02,6.26366953e-05
7.71370000e+04,2.93197305e-02,2.92572361e-02,6.24944329e-05
7.71470000e+04,2.93175242e-02,2.92551620e-02,6.23622026e-05
7.71570000e+04,2.93164447e-02,2.92542053e-02,6.22393694e-05
7.71580000e+04,2.30862613e+00,2.30717580e+00,1.45032946e-03
7.71680000e+04,8.56341203e+00,8.56027938e+00,3.13265439e-03
7.71780000e+04,2.69112062e+00,2.68991468e+00,1.20593792e-03
7.71880000e+04,4.86928847e-01,4.86735863e-01,1.92984054e-04
7.71980000e+04,2.27854376e-01,2.27741948e-01,1.12428807e-04
7.72080000e+04,1.03677539e-01,1.03585600e-01,9.19382757e-05
7.72180000e+04,6.57391454e-02,6.56629539e-02,7.61914511e-05
7.72280000e+04,3.95142822e-02,3.94430681e-02,7.12141306e-05
7.72380000e+04,3.60498475e-02,3.59810252e-02,6.88222651e-05
7.72480000e+04,3.42041599e-02,3.41367903e-02,6.73696041e-05
7.72580000e+04,3.22844763e-02,3.22178066e-02,6.66697145e-05
7.72680000e+04,3.20832979e-02,3.20173168e-02,6.59810993e-05
7.72780000e+04,3.16991521e-02,3.16336480e-02,6.55041668e-05
7.72880000e+04,3.14584795e-02,3.13934110e-02,6.50684813e-05
7.72980000e+04,3.12702522e-02,3.12055426e-02,6.47095368e-05
7.73080000e+04,3.11393188e-02,3.10749278e-02,6.43909428e-05
7.73180000e+04,3.10037817e-02,3.09396712e-02,6.41104875e-05
7.73280000e+04,3.09220601e-02,3.08582031e-02,6.38570222e-05
7.73380000e+04,3.08334848e-02,3.07698578e-02,6.36269533e-05
7.73480000e+04,3.07640573e-02,3.07006416e-02,6.34157687e-05
7.73580000e+04,3.07081651e-02,3.06449435e-02,6.32216773e-05
7.73680000e+04,3.06565405e-02,3.05935351e-02,6.30054028e-05
7.73780000e+04,3.06183884e-02,3.05556058e-02,6.27826172e-05
7.73880000e+04,3.05773574e-02,3.05147826e-02,6.25747705e-05
7.73980000e+04,3.05393601e-02,3.04769754e-02,6.23847016e-05
7.74080000e+04,3.05062467e-02,3.04440367e-02,6.22100483e-05
7.74180000e+04,3.04754061e-02,3.04133563e-02,6.20498007e-05
7.74280000e+04,3.04484881e-02,3.03865862e-02,6.19018732e-05
7.74380000e+04,3.04245241e-02,3.03627592e-02,6.17648563e-05
7.74480000e+04,3.04030223e-02,3.03413848e-02,6.16374465e-05
7.74580000e+04,3.03837835e-02,3.03222640e-02,6.15195440e-05
7.74590000e+04,2.27323154e+00,2.27183329e+00,1.39824895e-03
7.74690000e+04,9.38199898e+00,9.37856094e+00,3.43804265e-03
7.74790000e+04,2.58516242e+00,2.58412615e+00,1.03627502e-03
7.74890000e+04,5.47846394e-01,5.47636957e-01,2.09436190e-04
7.74990000e+04,2.06828767e-01,2.06722563e-01,1.06203284e-04
7.75090000e+04,1.30187525e-01,1.30092895e-01,9.46303048e-05
7.75190000e+04,5.65361243e-02,5.64638401e-02,7.22842419e-05
7.75290000e+04,3.82100367e-02,3.81406646e-02,6.93721743e-05
7.75390000e+04,3.26509371e-02,3.25847680e-02,6.61691326e-05
7.75490000e+04,3.18976136e-02,3.18324084e-02,6.52051945e-05
7.75590000e+04,3.00142473e-02,2.99498343e-02,6.44130059e-05
7.75690000e+04,2.96134882e-02,2.95496825e-02,6.38056729e-05
7.75790000e+04,2.90130835e-02,2.89497069e-02,6.33766199e-05
7.75890000e+04,2.90198196e-02,2.89568567e-02,6.29628873e-05
7.75990000e+04,2.88888891e-02,2.88262568e-02,6.26322948e-05
7.76090000e+04,2.88645107e-02,2.88021805e-02,6.23301794e-05
7.76190000e+04,2.87971395e-02,2.87350768e-02,6.20627601e-05
7.76290000e+04,2.87583747e-02,2.86965557e-02,6.18189917e-05
7.76390000e+04,2.87208087e-02,2.86592111e-02,6.15975885e-05
7.76490000e+04,2.86996757e-02,2.86382830e-02,6.13926935e-05
7.76590000e+04,2.86794339e-02,2.86182288e-02,6.12051135e-05
7.76690000e+04,2.86646873e-02,2.86036885e-02,6.09988419e-05
7.76790000e+04,2.86591525e-02,2.85983656e-02,6.07869530e-05
7.76890000e+04,2.86534955e-02,2.85929068e-02,6.05886881e-05
7.76990000e+04,2.86473774e-02,2.85869707e-02,6.04066867e-05
7.77090000e+04,2.86384898e-02,2.85782500e-02,6.02398222e-05
7.77190000e+04,2.86306543e-02,2.85705676e-02,6.00867572e-05
7.77290000e+04,2.86253965e-02,2.85654514e-02,5.99451059e-05
7.77390000e+04,2.86224646e-02,2.85626512e-02,5.98134705e-05
7.77490000e+04,2.86208546e-02,2.85611633e-02,5.96912771e-05
7.77590000e+04,2.86199909e-02,2.85604130e-02,5.95778822e-05
7.77600000e+04,2.22196170e+00,2.22061192e+00,1.34978341e-03
7.77700000e+04,8.31587316e+00,8.31289870e+00,2.97446858e-03
7.77800000e+04,2.57983305e+00,2.57869809e+00,1.13496177e-03
7.77900000e+04,4.67272556e-01,4.67089444e-01,1.83111972e-04
7.78000000e+04,2.22656149e-01,2.22548177e-01,1.07971972e-04
7.78100000e+04,1.00168938e-01,1.00081593e-01,8.73447274e-05
7.78200000e+04,6.43089864e-02,6.42364570e-02,7.25293982e-05
7.78300000e+04,3.84326249e-02,3.83647391e-02,6.78857516e-05
7.78400000e+04,3.50229153e-02,3.49572725e-02,6.56427809e-05
7.78500000e+04,3.34006742e-02,3.33364432e-02,6.42310026e-05
7.78600000e+04,3.14408552e-02,3.13772577e-02,6.35975541e-05
7.78700000e+04,3.12553544e-02,3.11924070e-02,6.29473956e-05
7.78800000e+04,3.08943266e-02,3.08318224e-02,6.25041320e-05
7.78900000e+04,3.06340561e-02,3.05719502e-02,6.21058718e-05
7.79000000e+04,3.04606594e-02,3.03988861e-02,6.17732531e-05
7.79100000e+04,3.03320938e-02,3.02706132e-02,6.14805478e-05
7.79200000e+04,3.01973656e-02,3.01361425e-02,6.12230457e-05
7.79300000e+04,3.01176727e-02,3.00566832e-02,6.09894364e-05
7.79400000e+04,3.00316009e-02,2.99708222e-02,6.07786751e-05
7.79500000e+04,2.99629146e-02,2.99023301e-02,6.05845295e-05
7.79600000e+04,2.99095557e-02,2.98491494e-02,6.04063222e-05
7.79700000e+04,2.98623146e-02,2.98021075e-02,6.02070148e-05
7.79800000e+04,2.98290444e-02,2.97690429e-02,6.00014891e-05
7.79900000e+04,2.97905703e-02,2.97307596e-02,5.98106744e-05
7.80000000e+04,2.97554079e-02,2.96957727e-02,5.96352206e-05
7.80100000e+04,2.97247398e-02,2.96652653e-02,5.94744980e-05
7.80200000e+04,2.96954834e-02,2.96361563e-02,5.93270580e-05
7.80300000e+04,2.96700644e-02,2.96108737e-02,5.91906745e-05
7.80400000e+04,2.96473709e-02,2.95883064e-02,5.90645964e-05
7.80500000e+04,2.96270547e-02,2.95681071e-02,5.89475472e-05
7.80600000e+04,2.96091729e-02,2.95503344e-02,5.88384782e-05
7.80610000e+04,2.18774446e+00,2.18644306e+00,1.30140166e-03
7.80710000e+04,9.06793938e+00,9.06467965e+00,3.25973185e-03
7.80810000e+04,2.50245117e+00,2.50147053e+00,9.80646688e-04
7.80910000e+04,5.28116622e-01,5.27918349e-01,1.98272552e-04
7.81010000e+04,2.00049721e-01,1.99948582e-01,1.01138622e-04
7.81110000e+04,1.25080826e-01,1.24990924e-01,8.99019193e-05
7.81210000e+04,5.49491751e-02,5.48803546e-02,6.88205439e-05
7.81310000e+04,3.71192740e-02,3.70530681e-02,6.62059105e-05
7.81410000e+04,3.17355553e-02,3.16723621e-02,6.31932571e-05
7.81510000e+04,3.11998126e-02,3.11375692e-02,6.22434802e-05
7.81610000e+04,2.92070224e-02,2.91454772e-02,6.15452056e-05
7.81710000e+04,2.88748891e-02,2.88139179e-02,6.09711532e-05
7.81810000e+04,2.83059572e-02,2.82453820e-02,6.05752153e-05
7.81910000e+04,2.83138325e-02,2.82536403e-02,6.01922226e-05
7.82010000e+04,2.81975469e-02,2.81376620e-02,5.98849797e-05
7.82110000e+04,2.81684306e-02,2.81088245e-02,5.96061090e-05
7.82210000e+04,2.81011179e-02,2.80417581e-02,5.93597854e-05
7.82310000e+04,2.80632067e-02,2.80040726e-02,5.91341456e-05
7.82410000e+04,2.80258978e-02,2.79669673e-02,5.89304385e-05
7.82510000e+04,2.80043061e-02,2.79455646e-02,5.87415011e-05
7.82610000e+04,2.79850952e-02,2.79265270e-02,5.85682351e-05
7.82710000e+04,2.79728812e-02,2.79145036e-02,5.83776944e-05
7.82810000e+04,2.79692920e-02,2.79111107e-02,5.81813649e-05
7.82910000e+04,2.79643770e-02,2.79063789e-02,5.79980994e-05
7.83010000e+04,2.79593928e-02,2.79015632e-02,5.78296436e-05
7.83110000e+04,2.79517809e-02,2.78941054e-02,5.76754396e-05
7.83210000e+04,2.79448097e-02,2.78872760e-02,5.75336951e-05
7.83310000e+04,2.79393934e-02,2.78819907e-02,5.74026877e-05
7.83410000e+04,2.79370231e-02,2.78797420e-02,5.72811207e-05
7.83510000e+04,2.79355161e-02,2.78783483e-02,5.71678824e-05
7.83610000e+04,2.79351881e-02,2.78781251e-02,5.70629890e-05
7.83620000e+04,2.13850856e+00,2.13725203e+00,1.25653529e-03
7.83720000e+04,8.07279962e+00,8.06997510e+00,2.82451825e-03
7.83820000e+04,2.47564424e+00,2.47457517e+00,1.06907107e-03
7.83920000e+04,4.49296565e-01,4.49122669e-01,1.73896584e-04
7.84020000e+04,2.17540056e-01,2.17436217e-01,1.03839233e-04
7.84120000e+04,9.69526418e-02,9.68695707e-02,8.30711281e-05
7.84220000e+04,6.29119366e-02,6.28428430e-02,6.90935862e-05
7.84320000e+04,3.74594329e-02,3.73946696e-02,6.47633391e-05
7.84420000e+04,3.40273663e-02,3.39647114e-02,6.26548971e-05
7.84520000e+04,3.26120420e-02,3.25507680e-02,6.12740187e-05
7.84620000e+04,3.06107865e-02,3.05500846e-02,6.07018304e-05
7.84720000e+04,3.04394890e-02,3.03793999e-02,6.00891057e-05
7.84820000e+04,3.01076134e-02,3.00479372e-02,5.96761638e-05
7.84920000e+04,2.98377463e-02,2.97784340e-02,5.93122153e-05
7.85020000e+04,2.96769888e-02,2.96179851e-02,5.90036968e-05
7.85120000e+04,2.95510380e-02,2.94923037e-02,5.87342948e-05
7.85220000e+04,2.94155218e-02,2.93570237e-02,5.84980987e-05
7.85320000e+04,2.93376206e-02,2.92793377e-02,5.82829324e-05
7.85420000e+04,2.92558055e-02,2.91977167e-02,5.80887990e-05
7.85520000e+04,2.91878170e-02,2.91299062e-02,5.79107243e-05
7.85620000e+04,2.91376677e-02,2.90799210e-02,5.77467109e-05
7.85720000e+04,2.90945373e-02,2.90369742e-02,5.75630369e-05
7.85820000e+04,2.90655310e-02,2.90081575e-02,5.73735083e-05
7.85920000e+04,2.90289315e-02,2.89717342e-02,5.71973489e-05
7.86020000e+04,2.89962658e-02,2.89392300e-02,5.70358489e-05
7.86120000e+04,2.89678595e-02,2.89109718e-02,5.68876914e-05
7.86220000e+04,2.89408912e-02,2.88841394e-02,5.67517983e-05
7.86320000e+04,2.89168367e-02,2.88602104e-02,5.66262365e-05
7.86420000e+04,2.88956252e-02,2.88391153e-02,5.65099434e-05
7.86520000e+04,2.88766810e-02,2.88202790e-02,5.64020302e-05
7.86620000e+04,2.88596089e-02,2.88033071e-02,5.63017384e-05
7.86630000e+04,2.10539876e+00,2.10418717e+00,1.21159444e-03
7.86730000e+04,8.76285315e+00,8.75976247e+00,3.09068311e-03
7.86830000e+04,2.42229896e+00,2.42137026e+00,9.28705506e-04
7.86930000e+04,5.09505425e-01,5.09317523e-01,1.87902121e-04
7.87030000e+04,1.93510199e-01,1.93413788e-01,9.64111424e-05
7.87130000e+04,1.20299678e-01,1.20214242e-01,8.54356901e-05
7.87230000e+04,5.34804217e-02,5.34148485e-02,6.55732220e-05
7.87330000e+04,3.59946396e-02,3.59314344e-02,6.32051396e-05
7.87430000e+04,3.08518101e-02,3.07914298e-02,6.03803065e-05
7.87530000e+04,3.05076910e-02,3.04482449e-02,5.94461024e-05
7.87630000e+04,2.84288720e-02,2.83700389e-02,5.88330511e-05
7.87730000e+04,2.81528997e-02,2.80946089e-02,5.82907682e-05
7.87830000e+04,2.76161610e-02,2.75582359e-02,5.79251362e-05
7.87930000e+04,2.76250208e-02,2.75674499e-02,5.75708916e-05
7.88030000e+04,2.75196770e-02,2.74623916e-02,5.72854121e-05
7.88130000e+04,2.74888394e-02,2.74318117e-02,5.70277463e-05
7.88230000e+04,2.74204285e-02,2.73636279e-02,5.68006060e-05
7.88330000e+04,2.73835059e-02,2.73269133e-02,5.65925910e-05
7.88430000e+04,2.73473788e-02,2.72909746e-02,5.64042100e-05
7.88530000e+04,2.73251755e-02,2.72689453e-02,5.62301722e-05
7.88630000e+04,2.73076226e-02,2.72515524e-02,5.60702394e-05
7.88730000e+04,2.72980488e-02,2.72421551e-02,5.58936850e-05
7.88830000e+04,2.72964565e-02,2.72407441e-02,5.57123511e-05
7.88930000e+04,2.72924002e-02,2.72368574e-02,5.55427925e-05
7.89030000e+04,2.72886990e-02,2.72333120e-02,5.53869579e-05
7.89130000e+04,2.72818056e-02,2.72265614e-02,5.52442677e-05
7.89230000e+04,2.72751166e-02,2.72200033e-02,5.51132613e-05
7.89330000e+04,2.72706374e-02,2.72156453e-02,5.49920555e-05
7.89430000e+04,2.72685334e-02,2.72136538e-02,5.48796077e-05
7.89530000e+04,2.72670211e-02,2.72122460e-02,5.47750708e-05
7.89630000e+04,2.72666437e-02,2.72119657e-02,5.46779112e-05
7.89640000e+04,2.05814531e+00,2.05697523e+00,1.17007584e-03
7.89740000e+04,7.83625453e+00,7.83357271e+00,2.68181700e-03
7.89840000e+04,2.37426449e+00,2.37325755e+00,1.00693023e-03
7.89940000e+04,4.32896255e-01,4.32730745e-01,1.65510321e-04
7.90040000e+04,2.12979251e-01,2.12879144e-01,1.00106776e-04
7.90140000e+04,9.38397187e-02,9.37606886e-02,7.90301391e-05
7.90240000e+04,6.15420147e-02,6.14761462e-02,6.58685038e-05
7.90340000e+04,3.65832705e-02,3.65214492e-02,6.18212364e-05
7.90440000e+04,3.30759542e-02,3.30161102e-02,5.98440488e-05
7.90540000e+04,3.18268761e-02,3.17683914e-02,5.84846406e-05
7.90640000e+04,2.97836820e-02,2.97257113e-02,5.79706487e-05
7.90740000e+04,2.96313851e-02,2.95739902e-02,5.73948824e-05
7.90840000e+04,2.93288958e-02,2.92718862e-02,5.70096502e-05
7.90940000e+04,2.90560001e-02,2.89993231e-02,5.66770103e-05
7.91040000e+04,2.89073420e-02,2.88509514e-02,5.63906308e-05
7.91140000e+04,2.87867115e-02,2.87305690e-02,5.61425193e-05
7.91240000e+04,2.86510448e-02,2.85951202e-02,5.59246198e-05
7.91340000e+04,2.85758191e-02,2.85200926e-02,5.57264406e-05
7.91440000e+04,2.84984038e-02,2.84428558e-02,5.55479805e-05
7.91540000e+04,2.84311334e-02,2.83757496e-02,5.53837834e-05
7.91640000e+04,2.83840535e-02,2.83288210e-02,5.52325232e-05
7.91740000e+04,2.83451978e-02,2.82901345e-02,5.50633019e-05
7.91840000e+04,2.83193694e-02,2.82644810e-02,5.48883405e-05
7.91940000e+04,2.82854597e-02,2.82307334e-02,5.47262983e-05
7.92040000e+04,2.82556107e-02,2.82010335e-02,5.45771937e-05
7.92140000e+04,2.82291569e-02,2.81747164e-02,5.44405004e-05
7.92240000e+04,2.82041169e-02,2.81498020e-02,5.43149339e-05
7.92340000e+04,2.81816921e-02,2.81274929e-02,5.41992366e-05
7.92440000e+04,2.81615054e-02,2.81074134e-02,5.40920106e-05
7.92540000e+04,2.81434487e-02,2.80894559e-02,5.39927832e-05
7.92640000e+04,2.81275973e-02,2.80736970e-02,5.39003424e-05
7.92650000e+04,2.02614621e+00,2.02501790e+00,1.12830654e-03
7.92750000e+04,8.47535598e+00,8.47242316e+00,2.93282560e-03
7.92850000e+04,2.34168220e+00,2.34080272e+00,8.79478021e-04
7.92950000e+04,4.92458337e-01,4.92279947e-01,1.78389852e-04
7.93050000e+04,1.87226709e-01,1.87134641e-01,9.20675780e-05
7.93150000e+04,1.15688830e-01,1.15607628e-01,8.12022818e-05
7.93250000e+04,5.21384523e-02,5.20759183e-02,6.25339757e-05
7.93350000e+04,3.49218019e-02,3.48614271e-02,6.03747616e-05
7.93450000e+04,3.00040424e-02,2.99463186e-02,5.77237887e-05
7.93550000e+04,2.98128423e-02,2.97560409e-02,5.68014136e-05
7.93650000e+04,2.76868086e-02,2.76305436e-02,5.62650409e-05
7.93750000e+04,2.74511856e-02,2.73954333e-02,5.57523471e-05
7.93850000e+04,2.69422104e-02,2.68867963e-02,5.54141112e-05
7.93950000e+04,2.69524667e-02,2.68973811e-02,5.50855528e-05
7.94050000e+04,2.68546183e-02,2.67997979e-02,5.48203779e-05
7.94150000e+04,2.68253164e-02,2.67707346e-02,5.45817572e-05
7.94250000e+04,2.67560458e-02,2.67016731e-02,5.43726533e-05
7.94350000e+04,2.67214187e-02,2.66672386e-02,5.41801006e-05
7.94450000e+04,2.66874633e-02,2.66334573e-02,5.40059760e-05
7.94550000e+04,2.66644710e-02,2.66106255e-02,5.38454570e-05
7.94650000e+04,2.66491660e-02,2.65954684e-02,5.36976073e-05
7.94750000e+04,2.66409261e-02,2.65873915e-02,5.35346241e-05
7.94850000e+04,2.66420563e-02,2.65886898e-02,5.33665226e-05
7.94950000e+04,2.66385692e-02,2.65853594e-02,5.32098067e-05
7.95050000e+04,2.66365361e-02,2.65834708e-02,5.30653419e-05
7.95150000e+04,2.66300605e-02,2.65771268e-02,5.29336350e-05
7.95250000e+04,2.66243607e-02,2.65715486e-02,5.28121000e-05
7.95350000e+04,2.66200257e-02,2.65673257e-02,5.26999928e-05
7.95450000e+04,2.66182504e-02,2.65656543e-02,5.25961324e-05
7.95550000e+04,2.66171108e-02,2.65646116e-02,5.24992475e-05
7.95650000e+04,2.66170981e-02,2.65646886e-02,5.24095255e-05
7.95660000e+04,1.98073658e+00,1.97964670e+00,1.08988486e-03
7.95760000e+04,7.60855024e+00,7.60600278e+00,2.54746297e-03
7.95860000e+04,2.27630970e+00,2.27536126e+00,9.48442204e-04
7.95960000e+04,4.17699832e-01,4.17542055e-01,1.57777334e-04
7.96060000e+04,2.08457660e-01,2.08360975e-01,9.66850134e-05
7.96160000e+04,9.11251406e-02,9.10498401e-02,7.53004941e-05
7.96260000e+04,6.01246936e-02,6.00618361e-02,6.28575302e-05
7.96360000e+04,3.57468683e-02,3.56878098e-02,5.90585271e-05
7.96460000e+04,3.21474480e-02,3.20902469e-02,5.72010785e-05
7.96560000e+04,3.10452528e-02,3.09893911e-02,5.58616437e-05
7.96660000e+04,2.89789186e-02,2.89235190e-02,5.53995581e-05
7.96760000e+04,2.88440397e-02,2.87891807e-02,5.48589530e-05
7.96860000e+04,2.85694291e-02,2.85149305e-02,5.44985610e-05
7.96960000e+04,2.82944742e-02,2.82402803e-02,5.41938556e-05
7.97060000e+04,2.81547769e-02,2.81008490e-02,5.39278417e-05
7.97160000e+04,2.80405864e-02,2.79868882e-02,5.36981084e-05
7.97260000e+04,2.79046535e-02,2.78511562e-02,5.34972628e-05
7.97360000e+04,2.78321799e-02,2.77788659e-02,5.33140233e-05
7.97460000e+04,2.77588220e-02,2.77056728e-02,5.31491131e-05
7.97560000e+04,2.76930846e-02,2.76400866e-02,5.29980064e-05
7.97660000e+04,2.76489674e-02,2.75961091e-02,5.28583066e-05
7.97760000e+04,2.76137398e-02,2.75610378e-02,5.27019935e-05
7.97860000e+04,2.75914016e-02,2.75388613e-02,5.25403064e-05
7.97960000e+04,2.75599171e-02,2.75075267e-02,5.23904912e-05
7.98060000e+04,2.75321543e-02,2.74799014e-02,5.22528442e-05
7.98160000e+04,2.75081682e-02,2.74560417e-02,5.21264449e-05
7.98260000e+04,2.74846742e-02,2.74326634e-02,5.20107211e-05
7.98360000e+04,2.74635571e-02,2.74116533e-02,5.19038194e-05
7.98460000e+04,2.74445822e-02,2.73927776e-02,5.18046761e-05
7.98560000e+04,2.74278343e-02,2.73761214e-02,5.17129231e-05
7.98660000e+04,2.74128202e-02,2.73611926e-02,5.16275717e-05
7.98670000e+04,1.94981388e+00,1.94876283e+00,1.05105410e-03
7.98770000e+04,8.19679172e+00,8.19400856e+00,2.78316519e-03
7.98870000e+04,2.26354450e+00,2.26271146e+00,8.33035814e-04
7.98970000e+04,4.76399940e-01,4.76230482e-01,1.69458375e-04
7.99070000e+04,1.81397213e-01,1.81309140e-01,8.80730958e-05
7.99170000e+04,1.11291454e-01,1.11214243e-01,7.72111208e-05
7.99270000e+04,5.09181461e-02,5.08584696e-02,5.96764172e-05
7.99370000e+04,3.38929162e-02,3.38352070e-02,5.77091813e-05
7.99470000e+04,2.92102493e-02,2.91550313e-02,5.52180182e-05
7.99570000e+04,2.91257598e-02,2.90714524e-02,5.43073804e-05
7.99670000e+04,2.69837464e-02,2.69299072e-02,5.38391921e-05
7.99770000e+04,2.67758114e-02,2.67224559e-02,5.33555464e-05
7.99870000e+04,2.62954740e-02,2.62424325e-02,5.30415077e-05
7.99970000e+04,2.63074517e-02,2.62547154e-02,5.27362608e-05
8.00070000e+04,2.62147382e-02,2.61622480e-02,5.24902570e-05
8.00170000e+04,2.61875785e-02,2.61353095e-02,5.22689564e-05
8.00270000e+04,2.61169303e-02,2.60648538e-02,5.20764939e-05
8.00370000e+04,2.60840563e-02,2.60321582e-02,5.18981213e-05
8.00470000e+04,2.60522354e-02,2.60004982e-02,5.17372086e-05
8.00570000e+04,2.60290652e-02,2.59774762e-02,5.15889285e-05
8.00670000e+04,2.60152725e-02,2.59638206e-02,5.14518963e-05
8.00770000e+04,2.60092413e-02,2.59579404e-02,5.13009781e-05
8.00870000e+04,2.60124689e-02,2.59613236e-02,5.11453321e-05
8.00970000e+04,2.60092665e-02,2.59582661e-02,5.10004213e-05
8.01070000e+04,2.60081780e-02,2.59573115e-02,5.08665033e-05
8.01170000e+04,2.60030557e-02,2.59523116e-02,5.07441398e-05
8.01270000e+04,2.59973917e-02,2.59467598e-02,5.06319032e-05
8.01370000e+04,2.59934603e-02,2.59429321e-02,5.05281620e-05
8.01470000e+04,2.59920148e-02,2.59415831e-02,5.04317443e-05
8.01570000e+04,2.59907499e-02,2.59404078e-02,5.03421389e-05
8.01670000e+04,2.59908522e-02,2.59405931e-02,5.02590985e-05
8.01680000e+04,1.90617468e+00,1.90515920e+00,1.01547707e-03
8.01780000e+04,7.39136407e+00,7.38894301e+00,2.42105455e-03
8.01880000e+04,2.18176613e+00,2.18087289e+00,8.93247760e-04
8.01980000e+04,4.03902294e-01,4.03751586e-01,1.50707956e-04
8.02080000e+04,2.04244921e-01,2.04151389e-01,9.35320470e-05
8.02180000e+04,8.83727331e-02,8.83009330e-02,7.18001324e-05
8.02280000e+04,5.87982746e-02,5.87382307e-02,6.00439020e-05
8.02380000e+04,3.49468643e-02,3.48904079e-02,5.64564071e-05
8.02480000e+04,3.12468597e-02,3.11921447e-02,5.47150283e-05
8.02580000e+04,3.02610658e-02,3.02076710e-02,5.33948272e-05
8.02680000e+04,2.81802710e-02,2.81272925e-02,5.29784806e-05
8.02780000e+04,2.80660338e-02,2.80135618e-02,5.24720332e-05
8.02880000e+04,2.78223179e-02,2.77701838e-02,5.21340777e-05
8.02980000e+04,2.75480125e-02,2.74961580e-02,5.18544303e-05
8.03080000e+04,2.74176417e-02,2.73660350e-02,5.16066453e-05
8.03180000e+04,2.73101876e-02,2.72587935e-02,5.13941052e-05
8.03280000e+04,2.71752053e-02,2.71239964e-02,5.12088213e-05
8.03380000e+04,2.71056168e-02,2.70545775e-02,5.10393407e-05
8.03480000e+04,2.70367212e-02,2.69858349e-02,5.08863598e-05
8.03580000e+04,2.69728532e-02,2.69221065e-02,5.07467703e-05
8.03680000e+04,2.69312392e-02,2.68806216e-02,5.06176521e-05
8.03780000e+04,2.68997517e-02,2.68492789e-02,5.04727952e-05
8.03880000e+04,2.68803722e-02,2.68300486e-02,5.03235617e-05
8.03980000e+04,2.68513136e-02,2.68011285e-02,5.01850393e-05
8.04080000e+04,2.68265978e-02,2.67765401e-02,5.00577022e-05
8.04180000e+04,2.68040835e-02,2.67541426e-02,4.99409029e-05
8.04280000e+04,2.67825855e-02,2.67327517e-02,4.98338015e-05
8.04380000e+04,2.67625230e-02,2.67127880e-02,4.97350243e-05
8.04480000e+04,2.67451387e-02,2.66954951e-02,4.96436327e-05
8.04580000e+04,2.67295668e-02,2.66800081e-02,4.95587095e-05
8.04680000e+04,2.67155906e-02,2.66661109e-02,4.94797265e-05
8.04690000e+04,1.87626139e+00,1.87528201e+00,9.79376203e-04
8.04790000e+04,7.93339426e+00,7.93075218e+00,2.64208196e-03
8.04890000e+04,2.18657236e+00,2.18578343e+00,7.88932647e-04
8.04990000e+04,4.60707011e-01,4.60545835e-01,1.61175837e-04
8.05090000e+04,1.75774019e-01,1.75689628e-01,8.43906920e-05
8.05190000e+04,1.07050465e-01,1.06976987e-01,7.34785453e-05
8.05290000e+04,4.97938231e-02,4.97367934e-02,5.70296837e-05
8.05390000e+04,3.29446660e-02,3.28894520e-02,5.52139646e-05
8.05490000e+04,2.84467318e-02,2.83938682e-02,5.28635484e-05
8.05590000e+04,2.84332432e-02,2.83812743e-02,5.19689371e-05
8.05690000e+04,2.62976156e-02,2.62460579e-02,5.15577055e-05
8.05790000e+04,2.61121147e-02,2.60610134e-02,5.11012977e-05
8.05890000e+04,2.56628127e-02,2.56120045e-02,5.08082690e-05
8.05990000e+04,2.56755487e-02,2.56250253e-02,5.05234351e-05
8.06090000e+04,2.55846784e-02,2.55343830e-02,5.02954084e-05
8.06190000e+04,2.55604087e-02,2.55103191e-02,5.00895838e-05
8.06290000e+04,2.54879127e-02,2.54380012e-02,4.99114841e-05
8.06390000e+04,2.54559731e-02,2.54062267e-02,4.97463376e-05
8.06490000e+04,2.54265274e-02,2.53769303e-02,4.95971034e-05
8.06590000e+04,2.54029523e-02,2.53534926e-02,4.94597101e-05
8.06690000e+04,2.53905421e-02,2.53412094e-02,4.93327135e-05
8.06790000e+04,2.53859586e-02,2.53367659e-02,4.91926807e-05
8.06890000e+04,2.53905449e-02,2.53414965e-02,4.90483970e-05
8.06990000e+04,2.53883590e-02,2.53394450e-02,4.89139558e-05
8.07090000e+04,2.53886323e-02,2.53398426e-02,4.87896886e-05
8.07190000e+04,2.53835703e-02,2.53348940e-02,4.86762695e-05
8.07290000e+04,2.53781647e-02,2.53295923e-02,4.85723514e-05
8.07390000e+04,2.53745640e-02,2.53260879e-02,4.84760304e-05
8.07490000e+04,2.53734174e-02,2.53250306e-02,4.83868119e-05
8.07590000e+04,2.53724960e-02,2.53241922e-02,4.83038168e-05
8.07690000e+04,2.53727514e-02,2.53245249e-02,4.82265652e-05
8.07700000e+04,1.83434147e+00,1.83339502e+00,9.46448659e-04
8.07800000e+04,7.17542639e+00,7.17312608e+00,2.30031060e-03
8.07900000e+04,2.09252441e+00,2.09168215e+00,8.42257378e-04
8.08000000e+04,3.90831009e-01,3.90686891e-01,1.44117933e-04
8.08100000e+04,1.99898842e-01,1.99808272e-01,9.05706908e-05
8.08200000e+04,8.58928112e-02,8.58242358e-02,6.85754925e-05
8.08300000e+04,5.73607424e-02,5.73033519e-02,5.73905175e-05
8.08400000e+04,3.41410293e-02,3.40870139e-02,5.40153886e-05
8.08500000e+04,3.03580222e-02,3.03056465e-02,5.23756373e-05
8.08600000e+04,2.94733844e-02,2.94223094e-02,5.10750157e-05
8.08700000e+04,2.74046780e-02,2.73539788e-02,5.06991669e-05
8.08800000e+04,2.73001041e-02,2.72498784e-02,5.02257365e-05
8.08900000e+04,2.70835494e-02,2.70336419e-02,4.99074453e-05
8.09000000e+04,2.68105911e-02,2.67609413e-02,4.96498101e-05
8.09100000e+04,2.66880636e-02,2.66386443e-02,4.94193105e-05
8.09200000e+04,2.65885944e-02,2.65393727e-02,4.92216943e-05
8.09300000e+04,2.64566381e-02,2.64075878e-02,4.90502606e-05
8.09400000e+04,2.63894746e-02,2.63405808e-02,4.88938221e-05
8.09500000e+04,2.63262223e-02,2.62774706e-02,4.87517638e-05
8.09600000e+04,2.62644344e-02,2.62158118e-02,4.86226108e-05
8.09700000e+04,2.62251851e-02,2.61766825e-02,4.85025826e-05
8.09800000e+04,2.61975084e-02,2.61491396e-02,4.83688487e-05
8.09900000e+04,2.61815032e-02,2.61332724e-02,4.82307880e-05
8.10000000e+04,2.61539444e-02,2.61058417e-02,4.81027150e-05
8.10100000e+04,2.61323511e-02,2.60843663e-02,4.79848566e-05
8.10200000e+04,2.61118293e-02,2.60639524e-02,4.78768798e-05
8.10300000e+04,2.60917402e-02,2.60439624e-02,4.77778252e-05
8.10400000e+04,2.60732902e-02,2.60256037e-02,4.76865038e-05
8.10500000e+04,2.60571363e-02,2.60095344e-02,4.76018413e-05
8.10600000e+04,2.60425788e-02,2.59950556e-02,4.75232191e-05
8.10700000e+04,2.60295664e-02,2.59821163e-02,4.74501421e-05
8.10710000e+04,1.80537235e+00,1.80445945e+00,9.12903723e-04
8.10810000e+04,7.67911491e+00,7.67660545e+00,2.50945049e-03
8.10910000e+04,2.11081609e+00,2.11006881e+00,7.47281200e-04
8.11010000e+04,4.45971291e-01,4.45817796e-01,1.53495348e-04
8.11110000e+04,1.70435833e-01,1.70354823e-01,8.10098505e-05
8.11210000e+04,1.03050966e-01,1.02980987e-01,6.99791331e-05
8.11310000e+04,4.87565044e-02,4.87019540e-02,5.45504485e-05
8.11410000e+04,3.20356400e-02,3.19827778e-02,5.28621951e-05
8.11510000e+04,2.77006683e-02,2.76500303e-02,5.06380449e-05
8.11610000e+04,2.77302841e-02,2.76805230e-02,4.97611487e-05
8.11710000e+04,2.56289732e-02,2.55795733e-02,4.93998382e-05
8.11810000e+04,2.54555076e-02,2.54065376e-02,4.89699846e-05
8.11910000e+04,2.50360410e-02,2.49873453e-02,4.86957791e-05
8.12010000e+04,2.50486013e-02,2.50001710e-02,4.84303112e-05
8.12110000e+04,2.49591772e-02,2.49109584e-02,4.82187728e-05
8.12210000e+04,2.49371272e-02,2.48891001e-02,4.80271685e-05
8.12310000e+04,2.48644475e-02,2.48165849e-02,4.78625590e-05
8.12410000e+04,2.48334781e-02,2.47857686e-02,4.77095439e-05
8.12510000e+04,2.48067083e-02,2.47591376e-02,4.75707010e-05
8.12610000e+04,2.47832460e-02,2.47358028e-02,4.74432985e-05
8.12710000e+04,2.47718867e-02,2.47245610e-02,4.73257119e-05
8.12810000e+04,2.47689812e-02,2.47217854e-02,4.71958048e-05
8.12910000e+04,2.47750989e-02,2.47280370e-02,4.70618838e-05
8.13010000e+04,2.47729706e-02,2.47260333e-02,4.69372465e-05
8.13110000e+04,2.47746082e-02,2.47277866e-02,4.68215460e-05
8.13210000e+04,2.47701479e-02,2.47234312e-02,4.67166908e-05
8.13310000e+04,2.47656862e-02,2.47190663e-02,4.66199764e-05
8.13410000e+04,2.47617243e-02,2.47151936e-02,4.65306555e-05
8.13510000e+04,2.47607262e-02,2.47142784e-02,4.64478633e-05
8.13610000e+04,2.47600409e-02,2.47136701e-02,4.63707950e-05
8.13710000e+04,2.47602320e-02,2.47139325e-02,4.62994174e-05
8.13720000e+04,1.76506751e+00,1.76418510e+00,8.82416406e-04
8.13820000e+04,6.97173253e+00,6.96954469e+00,2.18784499e-03
8.13920000e+04,2.00726497e+00,2.00647027e+00,7.94706867e-04
8.14020000e+04,3.78587198e-01,3.78449133e-01,1.38065158e-04
8.14120000e+04,1.95470004e-01,1.95382266e-01,8.77382597e-05
8.14220000e+04,8.35865112e-02,8.35209363e-02,6.55749063e-05
8.14320000e+04,5.58901379e-02,5.58352377e-02,5.49001636e-05
8.14420000e+04,3.33528138e-02,3.33010884e-02,5.17254124e-05
8.14520000e+04,2.95069523e-02,2.94567816e-02,5.01707551e-05
8.14620000e+04,2.86873746e-02,2.86384828e-02,4.88917879e-05
8.14720000e+04,2.66455133e-02,2.65969627e-02,4.85505955e-05
8.14820000e+04,2.65424456e-02,2.64943371e-02,4.81085468e-05
8.14920000e+04,2.63522079e-02,2.63043994e-02,4.78084499e-05
8.15020000e+04,2.60823973e-02,2.60348269e-02,4.75704416e-05
8.15120000e+04,2.59671803e-02,2.59198248e-02,4.73554904e-05
8.15220000e+04,2.58748073e-02,2.58276356e-02,4.71716496e-05
8.15320000e+04,2.57463595e-02,2.56993468e-02,4.70126698e-05
8.15420000e+04,2.56819107e-02,2.56350437e-02,4.68669978e-05
8.15520000e+04,2.56232719e-02,2.55765367e-02,4.67352186e-05
8.15620000e+04,2.55642888e-02,2.55176736e-02,4.66152929e-05
8.15720000e+04,2.55267957e-02,2.54802914e-02,4.65043394e-05
8.15820000e+04,2.55026172e-02,2.54562370e-02,4.63802351e-05
8.15920000e+04,2.54891426e-02,2.54428903e-02,4.62523281e-05
8.16020000e+04,2.54639118e-02,2.54177781e-02,4.61337379e-05
8.16120000e+04,2.54443956e-02,2.53983713e-02,4.60243189e-05
8.16220000e+04,2.54261702e-02,2.53802459e-02,4.59242872e-05
8.16320000e+04,2.54074300e-02,2.53615974e-02,4.58325335e-05
8.16420000e+04,2.53902227e-02,2.53444749e-02,4.57477993e-05
8.16520000e+04,2.53748984e-02,2.53292290e-02,4.56694581e-05
8.16620000e+04,2.53617146e-02,2.53161179e-02,4.55966049e-05
8.16720000e+04,2.53493378e-02,2.53038087e-02,4.55291510e-05
8.16730000e+04,1.73703116e+00,1.73617994e+00,8.51220184e-04
8.16830000e+04,7.43532301e+00,7.43293837e+00,2.38464365e-03
8.16930000e+04,2.03837578e+00,2.03766745e+00,7.08326633e-04
8.17030000e+04,4.32662330e-01,4.32515838e-01,1.46492158e-04
8.17130000e+04,1.65299155e-01,1.65221265e-01,7.78901497e-05
8.17230000e+04,9.92375914e-02,9.91708744e-02,6.67169711e-05
8.17330000e+04,4.77479426e-02,4.76957146e-02,5.22279872e-05
8.17430000e+04,3.11625260e-02,3.11118663e-02,5.06597041e-05
8.17530000e+04,2.69828276e-02,2.69342826e-02,4.85449402e-05
8.17630000e+04,2.70223213e-02,2.69746414e-02,4.76799680e-05
8.17730000e+04,2.49850864e-02,2.49377268e-02,4.73596259e-05
8.17830000e+04,2.48070176e-02,2.47600626e-02,4.69549520e-05
8.17930000e+04,2.44181261e-02,2.43714287e-02,4.66974087e-05
8.18030000e+04,2.44273954e-02,2.43809457e-02,4.64497042e-05
8.18130000e+04,2.43409780e-02,2.42947252e-02,4.62528285e-05
8.18230000e+04,2.43206478e-02,2.42745738e-02,4.60740414e-05
8.18330000e+04,2.42476191e-02,2.42016976e-02,4.59215677e-05
8.18430000e+04,2.42179270e-02,2.41721477e-02,4.57792765e-05
8.18530000e+04,2.41935346e-02,2.41478844e-02,4.56501510e-05
8.18630000e+04,2.41703034e-02,2.41247715e-02,4.55319031e-05
8.18730000e+04,2.41595786e-02,2.41141562e-02,4.54224542e-05
8.18830000e+04,2.41576898e-02,2.41123881e-02,4.53017188e-05
8.18930000e+04,2.41653686e-02,2.41201915e-02,4.51771229e-05
8.19030000e+04,2.41632115e-02,2.41181500e-02,4.50615372e-05
8.19130000e+04,2.41657976e-02,2.41208435e-02,4.49541226e-05
8.19230000e+04,2.41622423e-02,2.41173859e-02,4.48564113e-05
8.19330000e+04,2.41578480e-02,2.41130813e-02,4.47666811e-05
8.19430000e+04,2.41542466e-02,2.41095629e-02,4.46836629e-05
8.19530000e+04,2.41530051e-02,2.41083984e-02,4.46067645e-05
8.19630000e+04,2.41523174e-02,2.41077821e-02,4.45353644e-05
8.19730000e+04,2.41528560e-02,2.41083872e-02,4.44688385e-05
8.19740000e+04,1.69831489e+00,1.69749193e+00,8.22965438e-04
8.19840000e+04,6.77621539e+00,6.77413374e+00,2.08165328e-03
8.19940000e+04,1.92528615e+00,1.92453601e+00,7.50146150e-04
8.20040000e+04,3.66816675e-01,3.66684292e-01,1.32382410e-04
8.20140000e+04,1.91290208e-01,1.91205117e-01,8.50902323e-05
8.20240000e+04,8.12479847e-02,8.11852488e-02,6.27359469e-05
8.20340000e+04,5.44341536e-02,5.43816082e-02,5.25454182e-05
8.20440000e+04,3.25919510e-02,3.25423973e-02,4.95537199e-05
8.20540000e+04,2.86759006e-02,2.86278227e-02,4.80778835e-05
8.20640000e+04,2.79080332e-02,2.78612058e-02,4.68273967e-05
8.20740000e+04,2.59065566e-02,2.58600405e-02,4.65161164e-05
8.20840000e+04,2.58002016e-02,2.57540969e-02,4.61046873e-05
8.20940000e+04,2.56393432e-02,2.55935227e-02,4.58205096e-05
8.21040000e+04,2.53731576e-02,2.53275570e-02,4.56006831e-05
8.21140000e+04,2.52648706e-02,2.52194704e-02,4.54001735e-05
8.21240000e+04,2.51790172e-02,2.51337883e-02,4.52288803e-05
8.21340000e+04,2.50543347e-02,2.50092534e-02,4.50812995e-05
8.21440000e+04,2.49926260e-02,2.49476799e-02,4.49460880e-05
8.21540000e+04,2.49383277e-02,2.48935045e-02,4.48232201e-05
8.21640000e+04,2.48821098e-02,2.48373979e-02,4.47119638e-05
8.21740000e+04,2.48461878e-02,2.48015790e-02,4.46088620e-05
8.21840000e+04,2.48247308e-02,2.47802372e-02,4.44935727e-05
8.21940000e+04,2.48137544e-02,2.47693797e-02,4.43747930e-05
8.22040000e+04,2.47906010e-02,2.47463358e-02,4.42652356e-05
8.22140000e+04,2.47732538e-02,2.47290900e-02,4.41637867e-05
8.22240000e+04,2.47565829e-02,2.47125121e-02,4.40708005e-05
8.22340000e+04,2.47391987e-02,2.46952130e-02,4.39856321e-05
8.22440000e+04,2.47232681e-02,2.46793609e-02,4.39072054e-05
8.22540000e+04,2.47089865e-02,2.46651520e-02,4.38344560e-05
8.22640000e+04,2.46961618e-02,2.46523948e-02,4.37669736e-05
8.22740000e+04,2.46849284e-02,2.46412241e-02,4.37042283e-05
8.22750000e+04,1.67121022e+00,1.67041627e+00,7.93954299e-04
8.22850000e+04,7.20367525e+00,7.20140755e+00,2.26770244e-03
8.22950000e+04,1.96589851e+00,1.96522725e+00,6.71255286e-04
8.23050000e+04,4.19980353e-01,4.19840453e-01,1.39900051e-04
8.23150000e+04,1.60310554e-01,1.60235586e-01,7.49681083e-05
8.23250000e+04,9.56020956e-02,9.55384563e-02,6.36393016e-05
8.23350000e+04,4.68334729e-02,4.67834327e-02,5.00402487e-05
8.23450000e+04,3.03176953e-02,3.02691245e-02,4.85707897e-05
8.23550000e+04,2.62918584e-02,2.62452985e-02,4.65598794e-05
8.23650000e+04,2.63159336e-02,2.62702249e-02,4.57086936e-05
8.23750000e+04,2.43719825e-02,2.43265590e-02,4.54235010e-05
8.23850000e+04,2.41767075e-02,2.41316636e-02,4.50439076e-05
8.23950000e+04,2.38207516e-02,2.37759510e-02,4.48005929e-05
8.24050000e+04,2.38215003e-02,2.37769309e-02,4.45693529e-05
8.24150000e+04,2.37389928e-02,2.36946068e-02,4.43859171e-05
8.24250000e+04,2.37195284e-02,2.36753092e-02,4.42192970e-05
8.24350000e+04,2.36473978e-02,2.36033204e-02,4.40773433e-05
8.24450000e+04,2.36179916e-02,2.35740466e-02,4.39450007e-05
8.24550000e+04,2.35958725e-02,2.35520482e-02,4.38242890e-05
8.24650000e+04,2.35732764e-02,2.35295619e-02,4.37145236e-05
8.24750000e+04,2.35626805e-02,2.35190680e-02,4.36125515e-05
8.24850000e+04,2.35617709e-02,2.35182708e-02,4.35001056e-05
8.24950000e+04,2.35705825e-02,2.35271984e-02,4.33841506e-05
8.25050000e+04,2.35687409e-02,2.35254642e-02,4.32766967e-05
8.25150000e+04,2.35718863e-02,2.35287097e-02,4.31766148e-05
8.25250000e+04,2.35687961e-02,2.35257104e-02,4.30857189e-05
8.25350000e+04,2.35643999e-02,2.35213977e-02,4.30021227e-05
8.25450000e+04,2.35608917e-02,2.35179667e-02,4.29250240e-05
8.25550000e+04,2.35599054e-02,2.35170519e-02,4.28535308e-05
8.25650000e+04,2.35594045e-02,2.35166175e-02,4.27869444e-05
8.25750000e+04,2.35595670e-02,2.35168419e-02,4.27251238e-05
8.25760000e+04,1.63402813e+00,1.63326035e+00,7.67776251e-04
8.25860000e+04,6.58459011e+00,6.58260897e+00,1.98113495e-03
8.25960000e+04,1.84720842e+00,1.84649949e+00,7.08927017e-04
8.26060000e+04,3.55850329e-01,3.55723224e-01,1.27104838e-04
8.26160000e+04,1.86787894e-01,1.86705428e-01,8.24663569e-05
8.26260000e+04,7.91910881e-02,7.91309891e-02,6.00989376e-05
8.26360000e+04,5.30130910e-02,5.29627793e-02,5.03117572e-05
8.26460000e+04,3.17968743e-02,3.17493843e-02,4.74900233e-05
8.26560000e+04,2.78677657e-02,2.78216776e-02,4.60880584e-05
8.26660000e+04,2.71436367e-02,2.70987676e-02,4.48690936e-05
8.26760000e+04,2.51992623e-02,2.51546773e-02,4.45849962e-05
8.26860000e+04,2.50806867e-02,2.50364840e-02,4.42026260e-05
8.26960000e+04,2.49454693e-02,2.49015360e-02,4.39332647e-05
8.27060000e+04,2.46825764e-02,2.46388472e-02,4.37291882e-05
8.27160000e+04,2.45798689e-02,2.45363268e-02,4.35421715e-05
8.27260000e+04,2.44993827e-02,2.44560001e-02,4.33825604e-05
8.27360000e+04,2.43784636e-02,2.43352184e-02,4.32451993e-05
8.27460000e+04,2.43195258e-02,2.42764063e-02,4.31194470e-05
8.27560000e+04,2.42688945e-02,2.42258893e-02,4.30052735e-05
8.27660000e+04,2.42153167e-02,2.41724152e-02,4.29014497e-05
8.27760000e+04,2.41810182e-02,2.41382126e-02,4.28056155e-05
8.27860000e+04,2.41617299e-02,2.41190313e-02,4.26986808e-05
8.27960000e+04,2.41528876e-02,2.41102992e-02,4.25884386e-05
8.28060000e+04,2.41313699e-02,2.40888835e-02,4.24864830e-05
8.28160000e+04,2.41160128e-02,2.40736204e-02,4.23923688e-05
8.28260000e+04,2.41007220e-02,2.40584160e-02,4.23060065e-05
8.28360000e+04,2.40844040e-02,2.40421770e-02,4.22269942e-05
8.28460000e+04,2.40696027e-02,2.40274485e-02,4.21541832e-05
8.28560000e+04,2.40559123e-02,2.40138256e-02,4.20866632e-05
8.28660000e+04,2.40439657e-02,2.40019418e-02,4.20239238e-05
8.28760000e+04,2.40334432e-02,2.39914774e-02,4.19658127e-05
8.28770000e+04,1.60783343e+00,1.60709266e+00,7.40774627e-04
8.28870000e+04,6.97882496e+00,6.97666720e+00,2.15775487e-03
8.28970000e+04,1.89760414e+00,1.89696706e+00,6.37077164e-04
8.29070000e+04,4.07547448e-01,4.07413667e-01,1.33780470e-04
8.29170000e+04,1.55575970e-01,1.55503731e-01,7.22390187e-05
8.29270000e+04,9.21026798e-02,9.20419391e-02,6.07406578e-05
8.29370000e+04,4.59263551e-02,4.58783765e-02,4.79786369e-05
8.29470000e+04,2.95259354e-02,2.94793391e-02,4.65962952e-05
8.29570000e+04,2.56396723e-02,2.55950001e-02,4.46722019e-05
8.29670000e+04,2.56142943e-02,2.55704571e-02,4.38371759e-05
8.29770000e+04,2.37730018e-02,2.37294210e-02,4.35807350e-05
8.29870000e+04,2.35565683e-02,2.35133420e-02,4.32263704e-05
8.29970000e+04,2.32382202e-02,2.31952248e-02,4.29953343e-05
8.30070000e+04,2.32288566e-02,2.31860768e-02,4.27798501e-05
8.30170000e+04,2.31499965e-02,2.31073876e-02,4.26088847e-05
8.30270000e+04,2.31298893e-02,2.30874359e-02,4.24534679e-05
8.30370000e+04,2.30595810e-02,2.30172593e-02,4.23216876e-05
8.30470000e+04,2.30306749e-02,2.29884765e-02,4.21984192e-05
8.30570000e+04,2.30105096e-02,2.29684238e-02,4.20858589e-05
8.30670000e+04,2.29885103e-02,2.29465266e-02,4.19836580e-05
8.30770000e+04,2.29778283e-02,2.29359397e-02,4.18886150e-05
8.30870000e+04,2.29775706e-02,2.29357864e-02,4.17842261e-05
8.30970000e+04,2.29868620e-02,2.29451856e-02,4.16763227e-05
8.31070000e+04,2.29857322e-02,2.29441560e-02,4.15762548e-05
8.31170000e+04,2.29895898e-02,2.29481066e-02,4.14832458e-05
8.31270000e+04,2.29869031e-02,2.29455047e-02,4.13983900e-05
8.31370000e+04,2.29827923e-02,2.29414716e-02,4.13207868e-05
8.31470000e+04,2.29795174e-02,2.29382683e-02,4.12491091e-05
8.31570000e+04,2.29787355e-02,2.29375531e-02,4.11824536e-05
8.31670000e+04,2.29779878e-02,2.29368672e-02,4.11206405e-05
8.31770000e+04,2.29782357e-02,2.29371727e-02,4.10630554e-05
8.31780000e+04,1.57211553e+00,1.57139900e+00,7.16535475e-04
8.31880000e+04,6.40050035e+00,6.39861358e+00,1.88677293e-03
8.31980000e+04,1.77254545e+00,1.77187497e+00,6.70477221e-04
8.32080000e+04,3.45199636e-01,3.45077484e-01,1.22152571e-04
8.32180000e+04,1.82301846e-01,1.82221840e-01,8.00059928e-05
8.32280000e+04,7.70665913e-02,7.70089885e-02,5.76028610e-05
8.32380000e+04,5.15858784e-02,5.15376684e-02,4.82100167e-05
8.32480000e+04,3.10167510e-02,3.09712073e-02,4.55436486e-05
8.32580000e+04,2.70652805e-02,2.70210752e-02,4.42052590e-05
8.32680000e+04,2.63735365e-02,2.63305125e-02,4.30239487e-05
8.32780000e+04,2.45050224e-02,2.44622617e-02,4.27606895e-05
8.32880000e+04,2.43653709e-02,2.43229646e-02,4.24062555e-05
8.32980000e+04,2.42582993e-02,2.42161490e-02,4.21502662e-05
8.33080000e+04,2.40012942e-02,2.39593333e-02,4.19609398e-05
8.33180000e+04,2.39037075e-02,2.38619208e-02,4.17866484e-05
8.33280000e+04,2.38281942e-02,2.37865569e-02,4.16373209e-05
8.33380000e+04,2.37126031e-02,2.36710935e-02,4.15096152e-05
8.33480000e+04,2.36562345e-02,2.36148420e-02,4.13924669e-05
8.33580000e+04,2.36092870e-02,2.35680011e-02,4.12858663e-05
8.33680000e+04,2.35588622e-02,2.35176728e-02,4.11893789e-05
8.33780000e+04,2.35263520e-02,2.34852518e-02,4.11001288e-05
8.33880000e+04,2.35084278e-02,2.34674271e-02,4.10007117e-05
8.33980000e+04,2.35022010e-02,2.34613029e-02,4.08981276e-05
8.34080000e+04,2.34819526e-02,2.34411489e-02,4.08037448e-05
8.34180000e+04,2.34689073e-02,2.34281913e-02,4.07160711e-05
8.34280000e+04,2.34551415e-02,2.34145056e-02,4.06358628e-05
8.34380000e+04,2.34398650e-02,2.33993027e-02,4.05623634e-05
8.34480000e+04,2.34259900e-02,2.33854953e-02,4.04946754e-05
8.34580000e+04,2.34132312e-02,2.33727991e-02,4.04321270e-05
8.34680000e+04,2.34021483e-02,2.33617747e-02,4.03735777e-05
8.34780000e+04,2.33924425e-02,2.33521228e-02,4.03196929e-05
8.34790000e+04,1.54678960e+00,1.54609818e+00,6.91420079e-04
8.34890000e+04,6.76560347e+00,6.76354858e+00,2.05489217e-03
8.34990000e+04,1.83317716e+00,1.83257135e+00,6.05812758e-04
8.35090000e+04,3.95764287e-01,3.95636141e-01,1.28146698e-04
8.35190000e+04,1.51047968e-01,1.50978260e-01,6.97071978e-05
8.35290000e+04,8.86912319e-02,8.86332104e-02,5.80215474e-05
8.35390000e+04,4.49988920e-02,4.49528557e-02,4.60363350e-05
8.35490000e+04,2.87692157e-02,2.87244756e-02,4.47401289e-05
8.35590000e+04,2.50120529e-02,2.49691627e-02,4.28902558e-05
8.35690000e+04,2.49012044e-02,2.48591312e-02,4.20731893e-05
8.35790000e+04,2.31764526e-02,2.31346146e-02,4.18380443e-05
8.35890000e+04,2.29342769e-02,2.28927685e-02,4.15084168e-05
8.35990000e+04,2.26553554e-02,2.26140668e-02,4.12886418e-05
8.36090000e+04,2.26362022e-02,2.25951141e-02,4.10880744e-05
8.36190000e+04,2.25644236e-02,2.25234954e-02,4.09282302e-05
8.36290000e+04,2.25447801e-02,2.25039971e-02,4.07830877e-05
8.36390000e+04,2.24767252e-02,2.24360651e-02,4.06600508e-05
8.36490000e+04,2.24479737e-02,2.24074283e-02,4.05454088e-05
8.36590000e+04,2.24303425e-02,2.23899023e-02,4.04401850e-05
8.36690000e+04,2.24090890e-02,2.23687443e-02,4.03447100e-05
8.36790000e+04,2.23988845e-02,2.23586283e-02,4.02562420e-05
8.36890000e+04,2.23985318e-02,2.23583728e-02,4.01589227e-05
8.36990000e+04,2.24090659e-02,2.23690075e-02,4.00584180e-05
8.37090000e+04,2.24082470e-02,2.23682817e-02,3.99653315e-05
8.37190000e+04,2.24128981e-02,2.23730195e-02,3.98785524e-05
8.37290000e+04,2.24107108e-02,2.23709113e-02,3.97994925e-05
8.37390000e+04,2.24070415e-02,2.23673145e-02,3.97270041e-05
8.37490000e+04,2.24036887e-02,2.23640285e-02,3.96602168e-05
8.37590000e+04,2.24028977e-02,2.23632995e-02,3.95981615e-05
8.37690000e+04,2.24025125e-02,2.23629719e-02,3.95406049e-05
8.37790000e+04,2.24025371e-02,2.23630501e-02,3.94869228e-05
8.37800000e+04,1.51244295e+00,1.51177400e+00,6.68952096e-04
8.37900000e+04,6.22571410e+00,6.22391581e+00,1.79829500e-03
8.38000000e+04,1.70045660e+00,1.69982189e+00,6.34706761e-04
8.38100000e+04,3.35395442e-01,3.35277843e-01,1.17599423e-04
8.38200000e+04,1.78022281e-01,1.77944602e-01,7.76792785e-05
8.38300000e+04,7.50855450e-02,7.50302520e-02,5.52929962e-05
8.38400000e+04,5.01850387e-02,5.01387973e-02,4.62413657e-05
8.38500000e+04,3.02603135e-02,3.02166002e-02,4.37133149e-05
8.38600000e+04,2.63015654e-02,2.62591315e-02,4.24339320e-05
8.38700000e+04,2.56226863e-02,2.55813951e-02,4.12912480e-05
8.38800000e+04,2.38320802e-02,2.37910347e-02,4.10454109e-05
8.38900000e+04,2.36678940e-02,2.36271764e-02,4.07176541e-05
8.39000000e+04,2.35854496e-02,2.35449758e-02,4.04737591e-05
8.39100000e+04,2.33368466e-02,2.32965493e-02,4.02973088e-05
8.39200000e+04,2.32425884e-02,2.32024537e-02,4.01346666e-05
8.39300000e+04,2.31717698e-02,2.31317747e-02,3.99950641e-05
8.39400000e+04,2.30612748e-02,2.30213991e-02,3.98757533e-05
8.39500000e+04,2.30079238e-02,2.29681575e-02,3.97663052e-05
8.39600000e+04,2.29638260e-02,2.29241591e-02,3.96669379e-05
8.39700000e+04,2.29166769e-02,2.28771002e-02,3.95766711e-05
8.39800000e+04,2.28857604e-02,2.28462671e-02,3.94932644e-05
8.39900000e+04,2.28685509e-02,2.28291502e-02,3.94007694e-05
8.40000000e+04,2.28639886e-02,2.28246833e-02,3.93053266e-05
8.40100000e+04,2.28456189e-02,2.28064014e-02,3.92174637e-05
8.40200000e+04,2.28341874e-02,2.27950517e-02,3.91357086e-05
8.40300000e+04,2.28216922e-02,2.27826311e-02,3.90610118e-05
8.40400000e+04,2.28078055e-02,2.27688129e-02,3.89925990e-05
8.40500000e+04,2.27946388e-02,2.27557094e-02,3.89294329e-05
8.40600000e+04,2.27828409e-02,2.27439699e-02,3.88709805e-05
8.40700000e+04,2.27724709e-02,2.27336541e-02,3.88168247e-05
8.40800000e+04,2.27632933e-02,2.27245268e-02,3.87665094e-05
8.40810000e+04,1.48799488e+00,1.48734929e+00,6.45590256e-04
8.40910000e+04,6.56364978e+00,6.56169126e+00,1.95852314e-03
8.41010000e+04,1.76954113e+00,1.76896525e+00,5.75878233e-04
8.41110000e+04,3.84691520e-01,3.84568548e-01,1.22972401e-04
8.41210000e+04,1.46643866e-01,1.46576487e-01,6.73794830e-05
8.41310000e+04,8.54222865e-02,8.53668175e-02,5.54690263e-05
8.41410000e+04,4.41500786e-02,4.41058466e-02,4.42320337e-05
8.41510000e+04,2.80357051e-02,2.79927106e-02,4.29944887e-05
8.41610000e+04,2.43924943e-02,2.43512811e-02,4.12132295e-05
8.41710000e+04,2.41927263e-02,2.41523097e-02,4.04166063e-05
8.41810000e+04,2.25986463e-02,2.25584475e-02,4.01987654e-05
8.41910000e+04,2.23259536e-02,2.22860608e-02,3.98928484e-05
8.42010000e+04,2.20856726e-02,2.20459892e-02,3.96834722e-05
8.42110000e+04,2.20548154e-02,2.20153187e-02,3.94967469e-05
8.42210000e+04,2.19901853e-02,2.19508386e-02,3.93466991e-05
8.42310000e+04,2.19710818e-02,2.19318708e-02,3.92110372e-05
8.42410000e+04,2.19061232e-02,2.18670271e-02,3.90960923e-05
8.42510000e+04,2.18778073e-02,2.18388184e-02,3.89889233e-05
8.42610000e+04,2.18619551e-02,2.18230647e-02,3.88904505e-05
8.42710000e+04,2.18417422e-02,2.18029408e-02,3.88013117e-05
8.42810000e+04,2.18317761e-02,2.17930575e-02,3.87186442e-05
8.42910000e+04,2.18310354e-02,2.17924075e-02,3.86278564e-05
8.43010000e+04,2.18423397e-02,2.18038055e-02,3.85341809e-05
8.43110000e+04,2.18418123e-02,2.18033650e-02,3.84472820e-05
8.43210000e+04,2.18474588e-02,2.18090928e-02,3.83660046e-05
8.43310000e+04,2.18458474e-02,2.18075551e-02,3.82922643e-05
8.43410000e+04,2.18418549e-02,2.18036302e-02,3.82247033e-05
8.43510000e+04,2.18389122e-02,2.18007499e-02,3.81623919e-05
8.43610000e+04,2.18383945e-02,2.18002901e-02,3.81043497e-05
8.43710000e+04,2.18375113e-02,2.17994607e-02,3.80506084e-05
8.43810000e+04,2.18377863e-02,2.17997858e-02,3.80005194e-05
8.43820000e+04,1.45498538e+00,1.45436061e+00,6.24764402e-04
8.43920000e+04,6.05488294e+00,6.05316836e+00,1.71458307e-03
8.44020000e+04,1.63131891e+00,1.63071796e+00,6.00952192e-04
8.44120000e+04,3.25654683e-01,3.25541410e-01,1.13272906e-04
8.44220000e+04,1.73561683e-01,1.73486264e-01,7.54189588e-05
8.44320000e+04,7.31552199e-02,7.31020853e-02,5.31346024e-05
8.44420000e+04,4.87664464e-02,4.87220548e-02,4.43916454e-05
8.44520000e+04,2.94978474e-02,2.94558523e-02,4.19950419e-05
8.44620000e+04,2.55344161e-02,2.54936548e-02,4.07613479e-05
8.44720000e+04,2.48712505e-02,2.48315866e-02,3.96638807e-05
8.44820000e+04,2.31759758e-02,2.31365438e-02,3.94320483e-05
8.44920000e+04,2.29800386e-02,2.29409091e-02,3.91294720e-05
8.45020000e+04,2.29207237e-02,2.28818266e-02,3.88970092e-05
8.45120000e+04,2.26813060e-02,2.26425735e-02,3.87325237e-05
8.45220000e+04,2.25902400e-02,2.25516595e-02,3.85805591e-05
8.45320000e+04,2.25230895e-02,2.24846395e-02,3.84500012e-05
8.45420000e+04,2.24184654e-02,2.23801271e-02,3.83383366e-05
8.45520000e+04,2.23673078e-02,2.23290718e-02,3.82360169e-05
8.45620000e+04,2.23263192e-02,2.22881764e-02,3.81428392e-05
8.45720000e+04,2.22825022e-02,2.22444439e-02,3.80582510e-05
8.45820000e+04,2.22530182e-02,2.22150378e-02,3.79803662e-05
8.45920000e+04,2.22358411e-02,2.21979470e-02,3.78941648e-05
8.46020000e+04,2.22331485e-02,2.21953433e-02,3.78052348e-05
8.46120000e+04,2.22169706e-02,2.21792475e-02,3.77231495e-05
8.46220000e+04,2.22071328e-02,2.21694858e-02,3.76469388e-05
8.46320000e+04,2.21959119e-02,2.21583347e-02,3.75771648e-05
8.46420000e+04,2.21830294e-02,2.21455161e-02,3.75132810e-05
8.46520000e+04,2.21707889e-02,2.21333344e-02,3.74545436e-05
8.46620000e+04,2.21596999e-02,2.21223000e-02,3.73998917e-05
8.46720000e+04,2.21499704e-02,2.21126211e-02,3.73493108e-05
8.46820000e+04,2.21415477e-02,2.21042455e-02,3.73021470e-05
8.46830000e+04,1.43135750e+00,1.43075447e+00,6.03031197e-04
8.46930000e+04,6.36923795e+00,6.36736986e+00,1.86809082e-03
8.47030000e+04,1.70909956e+00,1.70855146e+00,5.48098703e-04
8.47130000e+04,3.74266083e-01,3.74147808e-01,1.18275846e-04
8.47230000e+04,1.42554594e-01,1.42489387e-01,6.52073176e-05
8.47330000e+04,8.23041758e-02,8.22510761e-02,5.30996794e-05
8.47430000e+04,4.32952798e-02,4.32527395e-02,4.25402606e-05
8.47530000e+04,2.73331508e-02,2.72917860e-02,4.13648167e-05
8.47630000e+04,2.37997019e-02,2.37600627e-02,3.96391734e-05
8.47730000e+04,2.34968744e-02,2.34580122e-02,3.88621798e-05
8.47830000e+04,2.20358025e-02,2.19971464e-02,3.86560518e-05
8.47930000e+04,2.17251052e-02,2.16867321e-02,3.83731183e-05
8.48030000e+04,2.15235029e-02,2.14853304e-02,3.81725088e-05
8.48130000e+04,2.14798537e-02,2.14418560e-02,3.79977073e-05
8.48230000e+04,2.14221087e-02,2.13842522e-02,3.78564894e-05
8.48330000e+04,2.14033236e-02,2.13655947e-02,3.77289270e-05
8.48430000e+04,2.13416027e-02,2.13039818e-02,3.76209076e-05
8.48530000e+04,2.13129400e-02,2.12754195e-02,3.75205275e-05
8.48630000e+04,2.12989518e-02,2.12615237e-02,3.74280253e-05
8.48730000e+04,2.12791959e-02,2.12418517e-02,3.73441907e-05
8.48830000e+04,2.12690279e-02,2.12317611e-02,3.72668237e-05
8.48930000e+04,2.12671970e-02,2.12300151e-02,3.71819374e-05
8.49030000e+04,2.12789320e-02,2.12418379e-02,3.70940808e-05
8.49130000e+04,2.12791109e-02,2.12420980e-02,3.70128572e-05
8.49230000e+04,2.12850549e-02,2.12481181e-02,3.69367973e-05
8.49330000e+04,2.12837269e-02,2.12468593e-02,3.68675984e-05
8.49430000e+04,2.12799541e-02,2.12431498e-02,3.68043637e-05
8.49530000e+04,2.12768936e-02,2.12401477e-02,3.67458903e-05
8.49630000e+04,2.12760948e-02,2.12394032e-02,3.66916437e-05
8.49730000e+04,2.12752557e-02,2.12386143e-02,3.66413649e-05
8.49830000e+04,2.12751800e-02,2.12385856e-02,3.65943762e-05
8.49840000e+04,1.39965648e+00,1.39907275e+00,5.83729301e-04
8.49940000e+04,5.88879388e+00,5.88715807e+00,1.63580702e-03
8.50040000e+04,1.56587650e+00,1.56530663e+00,5.69873606e-04
8.50140000e+04,3.16613998e-01,3.16504671e-01,1.09326920e-04
8.50240000e+04,1.68982010e-01,1.68908749e-01,7.32606709e-05
8.50340000e+04,7.14671167e-02,7.14159829e-02,5.11338255e-05
8.50440000e+04,4.74049918e-02,4.73623400e-02,4.26518394e-05
8.50540000e+04,2.87084527e-02,2.86680851e-02,4.03675322e-05
8.50640000e+04,2.47881094e-02,2.47489250e-02,3.91843845e-05
8.50740000e+04,2.41360304e-02,2.40978978e-02,3.81325897e-05
8.50840000e+04,2.25326131e-02,2.24947010e-02,3.79120563e-05
8.50940000e+04,2.23049206e-02,2.22672883e-02,3.76323107e-05
8.51040000e+04,2.22675059e-02,2.22300955e-02,3.74104151e-05
8.51140000e+04,2.20376704e-02,2.20004138e-02,3.72566396e-05
8.51240000e+04,2.19495894e-02,2.19124748e-02,3.71145075e-05
8.51340000e+04,2.18855505e-02,2.18485583e-02,3.69921514e-05
8.51440000e+04,2.17869889e-02,2.17501016e-02,3.68872694e-05
8.51540000e+04,2.17386163e-02,2.17018248e-02,3.67915271e-05
8.51640000e+04,2.16999989e-02,2.16632948e-02,3.67041111e-05
8.51740000e+04,2.16595485e-02,2.16229238e-02,3.66247272e-05
8.51840000e+04,2.16317633e-02,2.15952119e-02,3.65514066e-05
8.51940000e+04,2.16148088e-02,2.15783377e-02,3.64711668e-05
8.52040000e+04,2.16136628e-02,2.15772747e-02,3.63880561e-05
8.52140000e+04,2.15991210e-02,2.15628097e-02,3.63113507e-05
8.52240000e+04,2.15908916e-02,2.15546516e-02,3.62400338e-05
8.52340000e+04,2.15812499e-02,2.15450754e-02,3.61745269e-05
8.52440000e+04,2.15692589e-02,2.15331440e-02,3.61148989e-05
8.52540000e+04,2.15575033e-02,2.15214435e-02,3.60598067e-05
8.52640000e+04,2.15477046e-02,2.15116959e-02,3.60087526e-05
8.52740000e+04,2.15387582e-02,2.15027968e-02,3.59613745e-05
8.52840000e+04,2.15305420e-02,2.14946247e-02,3.59173237e-05
8.52850000e+04,1.37681133e+00,1.37624782e+00,5.63504691e-04
8.52950000e+04,6.17831514e+00,6.17653292e+00,1.78221862e-03
8.53050000e+04,1.65293253e+00,1.65241030e+00,5.22222812e-04
8.53150000e+04,3.64054675e-01,3.63940796e-01,1.13878687e-04
8.53250000e+04,1.38483709e-01,1.38420549e-01,6.31593725e-05
8.53350000e+04,7.93430224e-02,7.92921433e-02,5.08791730e-05
8.53450000e+04,4.24679137e-02,4.24269558e-02,4.09579078e-05
8.53550000e+04,2.66325932e-02,2.65927712e-02,3.98220018e-05
8.53650000e+04,2.32161013e-02,2.31779525e-02,3.81487671e-05
8.53750000e+04,2.28084588e-02,2.27710640e-02,3.73948143e-05
8.53850000e+04,2.14847010e-02,2.14475037e-02,3.71973038e-05
8.53950000e+04,2.11328767e-02,2.10959406e-02,3.69361072e-05
8.54050000e+04,2.09672853e-02,2.09305417e-02,3.67436338e-05
8.54150000e+04,2.09101015e-02,2.08735214e-02,3.65800984e-05
8.54250000e+04,2.08605705e-02,2.08241241e-02,3.64463964e-05
8.54350000e+04,2.08420205e-02,2.08056938e-02,3.63266632e-05
8.54450000e+04,2.07840994e-02,2.07478745e-02,3.62248861e-05
8.54550000e+04,2.07558416e-02,2.07197111e-02,3.61304944e-05
8.54650000e+04,2.07432727e-02,2.07072294e-02,3.60433761e-05
8.54750000e+04,2.07245003e-02,2.06885356e-02,3.59647398e-05
8.54850000e+04,2.07139813e-02,2.06780895e-02,3.58917475e-05
8.54950000e+04,2.07109739e-02,2.06751616e-02,3.58123359e-05
8.55050000e+04,2.07231983e-02,2.06874684e-02,3.57299449e-05
8.55150000e+04,2.07235759e-02,2.06879222e-02,3.56536935e-05
8.55250000e+04,2.07298234e-02,2.06942410e-02,3.55823129e-05
8.55350000e+04,2.07288869e-02,2.06933695e-02,3.55173919e-05
8.55450000e+04,2.07252057e-02,2.06897477e-02,3.54580403e-05
8.55550000e+04,2.07223551e-02,2.06869518e-02,3.54032364e-05
8.55650000e+04,2.07212894e-02,2.06859370e-02,3.53523474e-05
8.55750000e+04,2.07205885e-02,2.06852835e-02,3.53050069e-05
8.55850000e+04,2.07202989e-02,2.06850379e-02,3.52610106e-05
8.55860000e+04,1.34635641e+00,1.34581081e+00,5.45596128e-04
8.55960000e+04,5.73181431e+00,5.73025197e+00,1.56234023e-03
8.56060000e+04,1.50433608e+00,1.50379470e+00,5.41378491e-04
8.56160000e+04,3.07825242e-01,3.07719690e-01,1.05552181e-04
8.56260000e+04,1.64588256e-01,1.64517049e-01,7.12065675e-05
8.56360000e+04,6.98779200e-02,6.98286524e-02,4.92675870e-05
8.56460000e+04,4.60209782e-02,4.59799780e-02,4.10002632e-05
8.56560000e+04,2.79208022e-02,2.78819662e-02,3.88359751e-05
8.56660000e+04,2.40716033e-02,2.40339104e-02,3.76929339e-05
8.56760000e+04,2.34284214e-02,2.33917356e-02,3.66857971e-05
8.56860000e+04,2.19099337e-02,2.18734584e-02,3.64753080e-05
8.56960000e+04,2.16490397e-02,2.16128230e-02,3.62166791e-05
8.57060000e+04,2.16271465e-02,2.15911416e-02,3.60049038e-05
8.57160000e+04,2.14093824e-02,2.13735217e-02,3.58607111e-05
8.57260000e+04,2.13233604e-02,2.12876329e-02,3.57275530e-05
8.57360000e+04,2.12614522e-02,2.12258394e-02,3.56127720e-05
8.57460000e+04,2.11696013e-02,2.11340871e-02,3.55141638e-05
8.57560000e+04,2.11235480e-02,2.10881240e-02,3.54240012e-05
8.57660000e+04,2.10873348e-02,2.10519930e-02,3.53418288e-05
8.57760000e+04,2.10500910e-02,2.10148237e-02,3.52672979e-05
8.57860000e+04,2.10238493e-02,2.09886508e-02,3.51984762e-05
8.57960000e+04,2.10064646e-02,2.09713413e-02,3.51233535e-05
8.58060000e+04,2.10065350e-02,2.09714897e-02,3.50453307e-05
8.58160000e+04,2.09939777e-02,2.09590041e-02,3.49735793e-05
8.58260000e+04,2.09866647e-02,2.09517581e-02,3.49066325e-05
8.58360000e+04,2.09782191e-02,2.09433738e-02,3.48453582e-05
8.58460000e+04,2.09671234e-02,2.09323340e-02,3.47893360e-05
8.58560000e+04,2.09562805e-02,2.09215427e-02,3.47377293e-05
8.58660000e+04,2.09471236e-02,2.09124337e-02,3.46898566e-05
8.58760000e+04,2.09385849e-02,2.09039395e-02,3.46453819e-05
8.58860000e+04,2.09309604e-02,2.08963563e-02,3.46041323e-05
8.58870000e+04,1.32431639e+00,1.32378964e+00,5.26757997e-04
8.58970000e+04,5.99604839e+00,5.99434677e+00,1.70161684e-03
8.59070000e+04,1.59823551e+00,1.59773740e+00,4.98114668e-04
8.59170000e+04,3.54338397e-01,3.54228626e-01,1.09770827e-04
8.59270000e+04,1.34612998e-01,1.34551772e-01,6.12257832e-05
8.59370000e+04,7.65356242e-02,7.64868364e-02,4.87878305e-05
8.59470000e+04,4.16524060e-02,4.16129458e-02,3.94602482e-05
8.59570000e+04,2.59371225e-02,2.58987583e-02,3.83642375e-05
8.59670000e+04,2.26429566e-02,2.26062205e-02,3.67361153e-05
8.59770000e+04,2.21334700e-02,2.20974643e-02,3.60057264e-05
8.59870000e+04,2.09459196e-02,2.09101055e-02,3.58140927e-05
8.59970000e+04,2.05532348e-02,2.05176611e-02,3.55736899e-05
8.60070000e+04,2.04174413e-02,2.03820522e-02,3.53890891e-05
8.60170000e+04,2.03477276e-02,2.03124916e-02,3.52359721e-05
8.60270000e+04,2.03056277e-02,2.02705185e-02,3.51092197e-05
8.60370000e+04,2.02887343e-02,2.02537381e-02,3.49962831e-05
8.60470000e+04,2.02359285e-02,2.02010285e-02,3.49000847e-05
8.60570000e+04,2.02081792e-02,2.01733679e-02,3.48112328e-05
8.60670000e+04,2.01972052e-02,2.01624760e-02,3.47291279e-05
8.60770000e+04,2.01787993e-02,2.01441445e-02,3.46547435e-05
8.60870000e+04,2.01682235e-02,2.01336373e-02,3.45861417e-05
8.60970000e+04,2.01635184e-02,2.01290066e-02,3.45117758e-05
8.61070000e+04,2.01765206e-02,2.01420863e-02,3.44343745e-05
8.61170000e+04,2.01769113e-02,2.01425487e-02,3.43626369e-05
8.61270000e+04,2.01834248e-02,2.01491295e-02,3.42953261e-05
8.61370000e+04,2.01828771e-02,2.01486427e-02,3.42343193e-05
8.61470000e+04,2.01796605e-02,2.01454820e-02,3.41784903e-05
8.61570000e+04,2.01768144e-02,2.01426875e-02,3.41269301e-05
8.61670000e+04,2.01758397e-02,2.01417607e-02,3.40790473e-05
8.61770000e+04,2.01748094e-02,2.01407749e-02,3.40344136e-05
8.61870000e+04,2.01743108e-02,2.01403176e-02,3.39931666e-05
8.61880000e+04,1.29504379e+00,1.29453363e+00,5.10153690e-04
8.61980000e+04,5.58027826e+00,5.57878533e+00,1.49293255e-03
8.62080000e+04,1.44433678e+00,1.44382263e+00,5.14150038e-04
8.62180000e+04,2.99462859e-01,2.99360811e-01,1.02047729e-04
8.62280000e+04,1.60353313e-01,1.60284076e-01,6.92363084e-05
8.62380000e+04,6.82642762e-02,6.82167637e-02,4.75124385e-05
8.62480000e+04,4.46611928e-02,4.46217465e-02,3.94463106e-05
8.62580000e+04,2.71769059e-02,2.71395153e-02,3.73906048e-05
8.62680000e+04,2.33806009e-02,2.33443187e-02,3.62822140e-05
8.62780000e+04,2.27431444e-02,2.27078219e-02,3.53225164e-05
8.62880000e+04,2.13085237e-02,2.12734057e-02,3.51179858e-05
8.62980000e+04,2.10105185e-02,2.09756396e-02,3.48788532e-05
8.63080000e+04,2.10068222e-02,2.09721462e-02,3.46760690e-05
8.63180000e+04,2.08004716e-02,2.07659313e-02,3.45402927e-05
8.63280000e+04,2.07181171e-02,2.06837017e-02,3.44153885e-05
8.63380000e+04,2.06571504e-02,2.06228428e-02,3.43075803e-05
8.63480000e+04,2.05714471e-02,2.05372325e-02,3.42146105e-05
8.63580000e+04,2.05275874e-02,2.04934578e-02,3.41296298e-05
8.63680000e+04,2.04932864e-02,2.04592341e-02,3.40523211e-05
8.63780000e+04,2.04590363e-02,2.04250543e-02,3.39819856e-05
8.63880000e+04,2.04337968e-02,2.03998798e-02,3.39170288e-05
8.63980000e+04,2.04159652e-02,2.03821184e-02,3.38468339e-05
8.64080000e+04,2.04172099e-02,2.03834360e-02,3.37738889e-05
8.64180000e+04,2.04055843e-02,2.03718779e-02,3.37064371e-05
8.64280000e+04,2.03997814e-02,2.03661378e-02,3.36436090e-05
8.64380000e+04,2.03921659e-02,2.03585798e-02,3.35860358e-05
8.64480000e+04,2.03819193e-02,2.03483859e-02,3.35334517e-05
8.64580000e+04,2.03717836e-02,2.03382986e-02,3.34849611e-05
8.64680000e+04,2.03635135e-02,2.03300735e-02,3.34400393e-05
8.64780000e+04,2.03555021e-02,2.03221038e-02,3.33982709e-05
8.64880000e+04,2.03483262e-02,2.03149667e-02,3.33594661e-05
8.64890000e+04,1.27375729e+00,1.27326468e+00,4.92609556e-04
8.64990000e+04,5.82034315e+00,5.81871743e+00,1.62571989e-03
8.65090000e+04,1.54544894e+00,1.54497364e+00,4.75300632e-04
8.65190000e+04,3.45020806e-01,3.44914872e-01,1.05934049e-04
8.65290000e+04,1.30816113e-01,1.30756690e-01,5.94228833e-05
8.65390000e+04,7.38791062e-02,7.38322792e-02,4.68270589e-05
8.65490000e+04,4.08273536e-02,4.07893091e-02,3.80444324e-05
8.65590000e+04,2.52382503e-02,2.52012684e-02,3.69818977e-05
8.65690000e+04,2.20615083e-02,2.20261123e-02,3.53960415e-05
8.65790000e+04,2.14700744e-02,2.14353838e-02,3.46906449e-05
8.65890000e+04,2.04105515e-02,2.03760482e-02,3.45033668e-05
8.65990000e+04,1.99807433e-02,1.99464609e-02,3.42824725e-05
8.66090000e+04,1.98734319e-02,1.98393268e-02,3.41051611e-05
8.66190000e+04,1.97914023e-02,1.97574411e-02,3.39612673e-05
8.66290000e+04,1.97557263e-02,1.97218858e-02,3.38405266e-05
8.66390000e+04,1.97395846e-02,1.97058506e-02,3.37340009e-05
8.66490000e+04,1.96915608e-02,1.96579182e-02,3.36425853e-05
8.66590000e+04,1.96644311e-02,1.96308723e-02,3.35588475e-05
8.66690000e+04,1.96551430e-02,1.96216619e-02,3.34810423e-05
8.66790000e+04,1.96371883e-02,1.96037774e-02,3.34108980e-05
8.66890000e+04,1.96264128e-02,1.95930668e-02,3.33460037e-05
8.66990000e+04,1.96206517e-02,1.95873757e-02,3.32760496e-05
8.67090000e+04,1.96335536e-02,1.96003505e-02,3.32031676e-05
8.67190000e+04,1.96342137e-02,1.96010779e-02,3.31357823e-05
8.67290000e+04,1.96408017e-02,1.96077292e-02,3.30724984e-05
8.67390000e+04,1.96408610e-02,1.96078462e-02,3.30148004e-05
8.67490000e+04,1.96376881e-02,1.96047259e-02,3.29621510e-05
8.67590000e+04,1.96348291e-02,1.96019155e-02,3.29135875e-05
8.67690000e+04,1.96337884e-02,1.96009200e-02,3.28683847e-05
8.67790000e+04,1.96329088e-02,1.96000825e-02,3.28263812e-05
8.67890000e+04,1.96323653e-02,1.95995777e-02,3.27875265e-05
8.67900000e+04,1.24561907e+00,1.24514187e+00,4.77196442e-04
8.68000000e+04,5.43424936e+00,5.43282162e+00,1.42773493e-03
8.68100000e+04,1.38788277e+00,1.38739363e+00,4.89145924e-04
8.68200000e+04,2.91182757e-01,2.91084048e-01,9.87085588e-05
8.68300000e+04,1.56031570e-01,1.55964287e-01,6.72826101e-05
8.68400000e+04,6.67454166e-02,6.66995582e-02,4.58583818e-05
8.68500000e+04,4.33590476e-02,4.33210691e-02,3.79785285e-05
8.68600000e+04,2.64111983e-02,2.63751825e-02,3.60158017e-05
8.68700000e+04,2.26917309e-02,2.26567911e-02,3.49398347e-05
8.68800000e+04,2.20713197e-02,2.20372929e-02,3.40268637e-05
8.68900000e+04,2.07212286e-02,2.06874008e-02,3.38278314e-05
8.69000000e+04,2.03909862e-02,2.03573799e-02,3.36062729e-05
8.69100000e+04,2.04014598e-02,2.03680477e-02,3.34121246e-05
8.69200000e+04,2.02048353e-02,2.01715512e-02,3.32840954e-05
8.69300000e+04,2.01247890e-02,2.00916223e-02,3.31666793e-05
8.69400000e+04,2.00640648e-02,2.00309995e-02,3.30652923e-05
8.69500000e+04,1.99844415e-02,1.99514641e-02,3.29774071e-05
8.69600000e+04,1.99422084e-02,1.99093110e-02,3.28974010e-05
8.69700000e+04,1.99100927e-02,1.98772682e-02,3.28244256e-05
8.69800000e+04,1.98782471e-02,1.98454893e-02,3.27578619e-05
8.69900000e+04,1.98543932e-02,1.98216965e-02,3.26966794e-05
8.70000000e+04,1.98354676e-02,1.98028366e-02,3.26310306e-05
8.70100000e+04,1.98377486e-02,1.98051863e-02,3.25622790e-05
8.70200000e+04,1.98274360e-02,1.97949369e-02,3.24990544e-05
8.70300000e+04,1.98226921e-02,1.97902521e-02,3.24399804e-05
8.70400000e+04,1.98156930e-02,1.97833071e-02,3.23858802e-05
8.70500000e+04,1.98062606e-02,1.97739242e-02,3.23364187e-05
8.70600000e+04,1.97967465e-02,1.97644558e-02,3.22906838e-05
8.70700000e+04,1.97889373e-02,1.97566889e-02,3.22484680e-05
8.70800000e+04,1.97816294e-02,1.97494201e-02,3.22093635e-05
8.70900000e+04,1.97745753e-02,1.97424024e-02,3.21728809e-05
8.70910000e+04,1.22507445e+00,1.22461358e+00,4.60867608e-04
8.71010000e+04,5.65319288e+00,5.65163862e+00,1.55426364e-03
8.71110000e+04,1.49425374e+00,1.49379985e+00,4.53891588e-04
8.71210000e+04,3.35980424e-01,3.35878073e-01,1.02350990e-04
8.71310000e+04,1.27220185e-01,1.27162491e-01,5.76940269e-05
8.71410000e+04,7.12329315e-02,7.11879704e-02,4.49611735e-05
8.71510000e+04,4.00283793e-02,3.99916904e-02,3.66889244e-05
8.71610000e+04,2.45487223e-02,2.45130712e-02,3.56511022e-05
8.71710000e+04,2.14894480e-02,2.14553418e-02,3.41061243e-05
8.71810000e+04,2.08138510e-02,2.07804219e-02,3.34291362e-05
8.71910000e+04,1.98845169e-02,1.98512723e-02,3.32445654e-05
8.72010000e+04,1.94224455e-02,1.93894030e-02,3.30425266e-05
8.72110000e+04,1.93400396e-02,1.93071673e-02,3.28723038e-05
8.72210000e+04,1.92463216e-02,1.92135841e-02,3.27375071e-05
8.72310000e+04,1.92156787e-02,1.91830557e-02,3.26229950e-05
8.72410000e+04,1.92001007e-02,1.91675782e-02,3.25225624e-05
8.72510000e+04,1.91575430e-02,1.91251068e-02,3.24361277e-05
8.72610000e+04,1.91310472e-02,1.90986902e-02,3.23570378e-05
8.72710000e+04,1.91232691e-02,1.90909856e-02,3.22834862e-05
8.72810000e+04,1.91060118e-02,1.90737944e-02,3.22174053e-05
8.72910000e+04,1.90952209e-02,1.90630647e-02,3.21562356e-05
8.73010000e+04,1.90874021e-02,1.90553113e-02,3.20908477e-05
8.73110000e+04,1.91004765e-02,1.90684542e-02,3.20223708e-05
8.73210000e+04,1.91014316e-02,1.90694726e-02,3.19589871e-05
8.73310000e+04,1.91082313e-02,1.90763319e-02,3.18993452e-05
8.73410000e+04,1.91085700e-02,1.90767249e-02,3.18451673e-05
8.73510000e+04,1.91056726e-02,1.90738771e-02,3.17955324e-05
8.73610000e+04,1.91027867e-02,1.90710368e-02,3.17498482e-05
8.73710000e+04,1.91015882e-02,1.90698809e-02,3.17072696e-05
8.73810000e+04,1.91006644e-02,1.90689965e-02,3.16678960e-05
8.73910000e+04,1.90999751e-02,1.90683438e-02,3.16312186e-05
8.73920000e+04,1.19800477e+00,1.19755822e+00,4.46548131e-04
8.74020000e+04,5.29172771e+00,5.29036180e+00,1.36590674e-03
8.74120000e+04,1.33557387e+00,1.33510767e+00,4.66191785e-04
8.74220000e+04,2.83643442e-01,2.83547833e-01,9.56093573e-05
8.74320000e+04,1.51752823e-01,1.51687449e-01,6.53748626e-05
8.74420000e+04,6.50829277e-02,6.50386649e-02,4.42627682e-05
8.74520000e+04,4.20725505e-02,4.20359754e-02,3.65750780e-05
8.74620000e+04,2.56799850e-02,2.56452786e-02,3.47064724e-05
8.74720000e+04,2.20299852e-02,2.19963304e-02,3.36547868e-05
8.74820000e+04,2.14146881e-02,2.13818983e-02,3.27897606e-05
8.74920000e+04,2.01466681e-02,2.01140740e-02,3.25940302e-05
8.75020000e+04,1.97831817e-02,1.97507931e-02,3.23885170e-05
8.75120000e+04,1.98057589e-02,1.97735564e-02,3.22025465e-05
8.75220000e+04,1.96188861e-02,1.95868038e-02,3.20822522e-05
8.75320000e+04,1.95406087e-02,1.95086368e-02,3.19718865e-05
8.75420000e+04,1.94812472e-02,1.94493710e-02,3.18762761e-05
8.75520000e+04,1.94076821e-02,1.93758889e-02,3.17932549e-05
8.75620000e+04,1.93667511e-02,1.93350334e-02,3.17177372e-05
8.75720000e+04,1.93362186e-02,1.93045698e-02,3.16488653e-05
8.75820000e+04,1.93067512e-02,1.92751650e-02,3.15862202e-05
8.75920000e+04,1.92838671e-02,1.92523386e-02,3.15284921e-05
8.76020000e+04,1.92637615e-02,1.92322944e-02,3.14670603e-05
8.76120000e+04,1.92666637e-02,1.92352610e-02,3.14026594e-05
8.76220000e+04,1.92575359e-02,1.92261928e-02,3.13431234e-05
8.76320000e+04,1.92539377e-02,1.92226501e-02,3.12876546e-05
8.76420000e+04,1.92475083e-02,1.92162715e-02,3.12368081e-05
8.76520000e+04,1.92385519e-02,1.92073617e-02,3.11902444e-05
8.76620000e+04,1.92298686e-02,1.91987212e-02,3.11474414e-05
8.76720000e+04,1.92225416e-02,1.91914339e-02,3.11076774e-05
8.76820000e+04,1.92152692e-02,1.91841984e-02,3.10707714e-05
8.76920000e+04,1.92089667e-02,1.91779302e-02,3.10364668e-05
8.76930000e+04,1.17816256e+00,1.17773123e+00,4.31323833e-04
8.77030000e+04,5.49108544e+00,5.48959890e+00,1.48653624e-03
8.77130000e+04,1.44511584e+00,1.44468204e+00,4.33798721e-04
8.77230000e+04,3.27161118e-01,3.27062152e-01,9.89655206e-05
8.77330000e+04,1.24049951e-01,1.23993848e-01,5.61025585e-05
8.77430000e+04,6.86451767e-02,6.86019859e-02,4.31908203e-05
8.77530000e+04,3.91986144e-02,3.91632188e-02,3.53955269e-05
8.77630000e+04,2.39018569e-02,2.38674725e-02,3.43844885e-05
8.77730000e+04,2.09464690e-02,2.09135913e-02,3.28776935e-05
8.77830000e+04,2.01703922e-02,2.01381620e-02,3.22302198e-05
8.77930000e+04,1.93610249e-02,1.93289784e-02,3.20465682e-05
8.78030000e+04,1.88713502e-02,1.88394882e-02,3.18619868e-05
8.78130000e+04,1.88102586e-02,1.87785600e-02,3.16986743e-05
8.78230000e+04,1.87068662e-02,1.86752938e-02,3.15724072e-05
8.78330000e+04,1.86806267e-02,1.86491631e-02,3.14636045e-05
8.78430000e+04,1.86676821e-02,1.86363134e-02,3.13687023e-05
8.78530000e+04,1.86301033e-02,1.85988166e-02,3.12867430e-05
8.78630000e+04,1.86047065e-02,1.85734942e-02,3.12122651e-05
8.78730000e+04,1.85979505e-02,1.85668079e-02,3.11426188e-05
8.78830000e+04,1.85809284e-02,1.85498482e-02,3.10802150e-05
8.78930000e+04,1.85701340e-02,1.85391115e-02,3.10225229e-05
8.79030000e+04,1.85606423e-02,1.85296811e-02,3.09611539e-05
8.79130000e+04,1.85734589e-02,1.85425622e-02,3.08967142e-05
8.79230000e+04,1.85747997e-02,1.85439625e-02,3.08371756e-05
8.79330000e+04,1.85816747e-02,1.85508937e-02,3.07810294e-05
8.79430000e+04,1.85821723e-02,1.85514423e-02,3.07299528e-05
8.79530000e+04,1.85794351e-02,1.85487519e-02,3.06831673e-05
8.79630000e+04,1.85766630e-02,1.85460229e-02,3.06400966e-05
8.79730000e+04,1.85754230e-02,1.85448229e-02,3.06001091e-05
8.79830000e+04,1.85743791e-02,1.85438162e-02,3.05628347e-05
8.79930000e+04,1.85737115e-02,1.85431830e-02,3.05284578e-05
8.79940000e+04,1.15213722e+00,1.15171919e+00,4.18035011e-04
8.80040000e+04,5.15670492e+00,5.15539651e+00,1.30841096e-03
8.80140000e+04,1.28470563e+00,1.28426100e+00,4.44624116e-04
8.80240000e+04,2.76373492e-01,2.76280821e-01,9.26712933e-05
8.80340000e+04,1.47747644e-01,1.47684085e-01,6.35592688e-05
8.80440000e+04,6.35200427e-02,6.34772700e-02,4.27727117e-05
8.80540000e+04,4.07929506e-02,4.07577037e-02,3.52468133e-05
8.80640000e+04,2.49518162e-02,2.49183491e-02,3.34670948e-05
8.80740000e+04,2.13858703e-02,2.13534329e-02,3.24374027e-05
8.80840000e+04,2.07674265e-02,2.07358080e-02,3.16184844e-05
8.80940000e+04,1.95755893e-02,1.95441632e-02,3.14260455e-05
8.81040000e+04,1.91844603e-02,1.91532250e-02,3.12352860e-05
8.81140000e+04,1.92165777e-02,1.91855206e-02,3.10571711e-05
8.81240000e+04,1.90376201e-02,1.90066764e-02,3.09436924e-05
8.81340000e+04,1.89614733e-02,1.89306334e-02,3.08398728e-05
8.81440000e+04,1.89035296e-02,1.88727800e-02,3.07496353e-05
8.81540000e+04,1.88360130e-02,1.88053422e-02,3.06708450e-05
8.81640000e+04,1.87962045e-02,1.87656048e-02,3.05997016e-05
8.81740000e+04,1.87674309e-02,1.87368963e-02,3.05346119e-05
8.81840000e+04,1.87402739e-02,1.87097987e-02,3.04751621e-05
8.81940000e+04,1.87187573e-02,1.86883366e-02,3.04206704e-05
8.82040000e+04,1.86968842e-02,1.86665210e-02,3.03631600e-05
8.82140000e+04,1.87005251e-02,1.86702225e-02,3.03025515e-05
8.82240000e+04,1.86929002e-02,1.86626537e-02,3.02465037e-05
8.82340000e+04,1.86901728e-02,1.86599786e-02,3.01941822e-05
8.82440000e+04,1.86848885e-02,1.86547423e-02,3.01461673e-05
8.82540000e+04,1.86764865e-02,1.86463841e-02,3.01023916e-05
8.82640000e+04,1.86683442e-02,1.86382822e-02,3.00620620e-05
8.82740000e+04,1.86616683e-02,1.86316438e-02,3.00244925e-05
8.82840000e+04,1.86547865e-02,1.86247967e-02,2.99898071e-05
8.82940000e+04,1.86489274e-02,1.86189699e-02,2.99574937e-05
8.82950000e+04,1.13298206e+00,1.13257821e+00,4.03856122e-04
8.83050000e+04,5.33649329e+00,5.33506984e+00,1.42345566e-03
8.83150000e+04,1.39774973e+00,1.39733503e+00,4.14705620e-04
8.83250000e+04,3.18974584e-01,3.18878752e-01,9.58315239e-05
8.83350000e+04,1.20865951e-01,1.20811357e-01,5.45945290e-05
8.83450000e+04,6.61172171e-02,6.60757103e-02,4.15067783e-05
8.83550000e+04,3.84179601e-02,3.83837792e-02,3.41809139e-05
8.83650000e+04,2.32500756e-02,2.32168918e-02,3.31838405e-05
8.83750000e+04,2.04111332e-02,2.03794197e-02,3.17135179e-05
8.83850000e+04,1.95401564e-02,1.95090614e-02,3.10950770e-05
8.83950000e+04,1.88546395e-02,1.88237298e-02,3.09096835e-05
8.84050000e+04,1.83321839e-02,1.83014424e-02,3.07414683e-05
8.84150000e+04,1.82981844e-02,1.82676009e-02,3.05835595e-05
8.84250000e+04,1.81887503e-02,1.81582859e-02,3.04643656e-05
8.84350000e+04,1.81618661e-02,1.81315052e-02,3.03609518e-05
8.84450000e+04,1.81468408e-02,1.81165693e-02,3.02714264e-05
8.84550000e+04,1.81127441e-02,1.80825506e-02,3.01935857e-05
8.84650000e+04,1.80874357e-02,1.80573126e-02,3.01230975e-05
8.84750000e+04,1.80817931e-02,1.80517359e-02,3.00572464e-05
8.84850000e+04,1.80657853e-02,1.80357872e-02,2.99981307e-05
8.84950000e+04,1.80551791e-02,1.80252357e-02,2.99433256e-05
8.85050000e+04,1.80438629e-02,1.80139771e-02,2.98857886e-05
8.85150000e+04,1.80564346e-02,1.80266094e-02,2.98252793e-05
8.85250000e+04,1.80582185e-02,1.80284495e-02,2.97689908e-05
8.85350000e+04,1.80651817e-02,1.80354657e-02,2.97160294e-05
8.85450000e+04,1.80657789e-02,1.80361110e-02,2.96678530e-05
8.85550000e+04,1.80632367e-02,1.80336130e-02,2.96236575e-05
8.85650000e+04,1.80603575e-02,1.80307744e-02,2.95830634e-05
8.85750000e+04,1.80593687e-02,1.80298234e-02,2.95452936e-05
8.85850000e+04,1.80582958e-02,1.80287856e-02,2.95102004e-05
8.85950000e+04,1.80572335e-02,1.80277558e-02,2.94776207e-05
8.85960000e+04,1.10798426e+00,1.10759275e+00,3.91507139e-04
8.86060000e+04,5.03029257e+00,5.02903752e+00,1.25505144e-03
8.86160000e+04,1.23419113e+00,1.23376724e+00,4.23894543e-04
8.86260000e+04,2.69246968e-01,2.69157112e-01,8.98566195e-05
8.86360000e+04,1.43747386e-01,1.43685588e-01,6.17979928e-05
8.86460000e+04,6.20827235e-02,6.20413390e-02,4.13845073e-05
8.86560000e+04,3.95246893e-02,3.94907005e-02,3.39887428e-05
8.86660000e+04,2.42525737e-02,2.42202811e-02,3.22925765e-05
8.86760000e+04,2.07749171e-02,2.07436352e-02,3.12819449e-05
8.86860000e+04,2.01524348e-02,2.01219273e-02,3.05074779e-05
8.86960000e+04,1.90221863e-02,1.89918682e-02,3.03180879e-05
8.87060000e+04,1.86098979e-02,1.85797572e-02,3.01406938e-05
8.87160000e+04,1.86500392e-02,1.86200694e-02,2.99697841e-05
8.87260000e+04,1.84805769e-02,1.84507142e-02,2.98626633e-05
8.87360000e+04,1.84065672e-02,1.83768025e-02,2.97647314e-05
8.87460000e+04,1.83487092e-02,1.83190298e-02,2.96793778e-05
8.87560000e+04,1.82867347e-02,1.82571301e-02,2.96045316e-05
8.87660000e+04,1.82477028e-02,1.82181656e-02,2.95372503e-05
8.87760000e+04,1.82196670e-02,1.81901912e-02,2.94757431e-05
8.87860000e+04,1.81946678e-02,1.81652483e-02,2.94194404e-05
8.87960000e+04,1.81745086e-02,1.81451411e-02,2.93675682e-05
8.88060000e+04,1.81510369e-02,1.81217232e-02,2.93136935e-05
8.88160000e+04,1.81550553e-02,1.81257985e-02,2.92567820e-05
8.88260000e+04,1.81486351e-02,1.81194311e-02,2.92040209e-05
8.88360000e+04,1.81467209e-02,1.81175663e-02,2.91545792e-05
8.88460000e+04,1.81418079e-02,1.81126986e-02,2.91092947e-05
8.88560000e+04,1.81340888e-02,1.81050209e-02,2.90679476e-05
8.88660000e+04,1.81265962e-02,1.80975664e-02,2.90298170e-05
8.88760000e+04,1.81201174e-02,1.80911229e-02,2.89944644e-05
8.88860000e+04,1.81133832e-02,1.80844216e-02,2.89616518e-05
8.88960000e+04,1.81079181e-02,1.80789869e-02,2.89312030e-05
8.88970000e+04,1.08948711e+00,1.08910880e+00,3.78300876e-04
8.89070000e+04,5.18787991e+00,5.18651597e+00,1.36393567e-03
8.89170000e+04,1.35320690e+00,1.35280968e+00,3.97219270e-04
8.89270000e+04,3.10822320e-01,3.10729475e-01,9.28448699e-05
8.89370000e+04,1.17759305e-01,1.17706172e-01,5.31330439e-05
8.89470000e+04,6.36585158e-02,6.36186009e-02,3.99149153e-05
8.89570000e+04,3.75462810e-02,3.75132732e-02,3.30078557e-05
8.89670000e+04,2.26073960e-02,2.25753518e-02,3.20441693e-05
8.89770000e+04,1.98888067e-02,1.98582020e-02,3.06046964e-05
8.89870000e+04,1.89201160e-02,1.88900995e-02,3.00165737e-05
8.89970000e+04,1.83486494e-02,1.83188212e-02,2.98282632e-05
8.90070000e+04,1.77932757e-02,1.77636001e-02,2.96755816e-05
8.90170000e+04,1.77891742e-02,1.77596518e-02,2.95223803e-05
8.90270000e+04,1.76808026e-02,1.76513933e-02,2.94093111e-05
8.90370000e+04,1.76503170e-02,1.76210059e-02,2.93111880e-05
8.90470000e+04,1.76307329e-02,1.76015062e-02,2.92266763e-05
8.90570000e+04,1.75978714e-02,1.75687187e-02,2.91527216e-05
8.90670000e+04,1.75725956e-02,1.75435094e-02,2.90861272e-05
8.90770000e+04,1.75674654e-02,1.75384419e-02,2.90234561e-05
8.90870000e+04,1.75523029e-02,1.75233356e-02,2.89673141e-05
8.90970000e+04,1.75418136e-02,1.75128981e-02,2.89154932e-05
8.91070000e+04,1.75285416e-02,1.74996803e-02,2.88612869e-05
8.91170000e+04,1.75410035e-02,1.75121992e-02,2.88042743e-05
8.91270000e+04,1.75431530e-02,1.75144019e-02,2.87511738e-05
8.91370000e+04,1.75497447e-02,1.75210434e-02,2.87012333e-05
8.91470000e+04,1.75505659e-02,1.75219104e-02,2.86555691e-05
8.91570000e+04,1.75477976e-02,1.75191836e-02,2.86139207e-05
8.91670000e+04,1.75450343e-02,1.75164588e-02,2.85754369e-05
8.91770000e+04,1.75439795e-02,1.75154398e-02,2.85397772e-05
8.91870000e+04,1.75429120e-02,1.75144053e-02,2.85066663e-05
8.91970000e+04,1.75418108e-02,1.75133350e-02,2.84757654e-05
8.91980000e+04,1.06547396e+00,1.06510714e+00,3.66816768e-04
8.92080000e+04,4.90716163e+00,4.90595698e+00,1.20464345e-03
8.92180000e+04,1.18568538e+00,1.18528100e+00,4.04377354e-04
8.92280000e+04,2.61871121e-01,2.61784063e-01,8.70583232e-05
8.92380000e+04,1.39936353e-01,1.39876276e-01,6.00777387e-05
8.92480000e+04,6.07419371e-02,6.07018524e-02,4.00846607e-05
8.92580000e+04,3.82243228e-02,3.81915362e-02,3.27866338e-05
8.92680000e+04,2.35413012e-02,2.35101235e-02,3.11777672e-05
8.92780000e+04,2.01801774e-02,2.01499953e-02,3.01821094e-05
8.92880000e+04,1.95507300e-02,1.95212810e-02,2.94489384e-05
8.92980000e+04,1.84771903e-02,1.84479266e-02,2.92636216e-05
8.93080000e+04,1.80471276e-02,1.80180293e-02,2.90983122e-05
8.93180000e+04,1.80904973e-02,1.80615625e-02,2.89347497e-05
8.93280000e+04,1.79293375e-02,1.79005044e-02,2.88331270e-05
8.93380000e+04,1.78581740e-02,1.78294337e-02,2.87403681e-05
8.93480000e+04,1.78004292e-02,1.77717696e-02,2.86596592e-05
8.93580000e+04,1.77431814e-02,1.77145928e-02,2.85886270e-05
8.93680000e+04,1.77057209e-02,1.76771961e-02,2.85247773e-05
8.93780000e+04,1.76788888e-02,1.76504223e-02,2.84665029e-05
8.93880000e+04,1.76560196e-02,1.76276068e-02,2.84128125e-05
8.93980000e+04,1.76366007e-02,1.76082370e-02,2.83637154e-05
8.94080000e+04,1.76120007e-02,1.75836877e-02,2.83130774e-05
8.94180000e+04,1.76161829e-02,1.75879235e-02,2.82594228e-05
8.94280000e+04,1.76111420e-02,1.75829325e-02,2.82094237e-05
8.94380000e+04,1.76098808e-02,1.75817180e-02,2.81627886e-05
8.94480000e+04,1.76055867e-02,1.75774667e-02,2.81200058e-05
8.94580000e+04,1.75982179e-02,1.75701369e-02,2.80809711e-05
8.94680000e+04,1.75911273e-02,1.75630823e-02,2.80449830e-05
8.94780000e+04,1.75849502e-02,1.75569388e-02,2.80114599e-05
8.94880000e+04,1.75787844e-02,1.75508040e-02,2.79803982e-05
8.94980000e+04,1.75732747e-02,1.75453231e-02,2.79515374e-05
8.94990000e+04,1.04760974e+00,1.04725523e+00,3.54507468e-04
8.95090000e+04,5.04762790e+00,5.04631967e+00,1.30823008e-03
8.95190000e+04,1.30937664e+00,1.30899582e+00,3.80822451e-04
8.95290000e+04,3.02833825e-01,3.02743759e-01,9.00655498e-05
8.95390000e+04,1.14842649e-01,1.14790900e-01,5.17489999e-05
8.95490000e+04,6.13051640e-02,6.12667412e-02,3.84228801e-05
8.95590000e+04,3.67356654e-02,3.67037675e-02,3.18978682e-05
8.95690000e+04,2.19805252e-02,2.19495725e-02,3.09527161e-05
8.95790000e+04,1.93740974e-02,1.93445527e-02,2.95446135e-05
8.95890000e+04,1.83122785e-02,1.82832899e-02,2.89885970e-05
8.95990000e+04,1.78439503e-02,1.78151530e-02,2.87973302e-05
8.96090000e+04,1.72601665e-02,1.72315076e-02,2.86589100e-05
8.96190000e+04,1.72821348e-02,1.72536247e-02,2.85101210e-05
8.96290000e+04,1.71807307e-02,1.71523285e-02,2.84022385e-05
8.96390000e+04,1.71475909e-02,1.71192820e-02,2.83089292e-05
8.96490000e+04,1.71240947e-02,1.70958656e-02,2.82290861e-05
8.96590000e+04,1.70925688e-02,1.70644101e-02,2.81586985e-05
8.96690000e+04,1.70662097e-02,1.70381143e-02,2.80954519e-05
8.96790000e+04,1.70610500e-02,1.70330141e-02,2.80358985e-05
8.96890000e+04,1.70461398e-02,1.70181572e-02,2.79826297e-05
8.96990000e+04,1.70362207e-02,1.70082875e-02,2.79332484e-05
8.97090000e+04,1.70211408e-02,1.69932583e-02,2.78825122e-05
8.97190000e+04,1.70331386e-02,1.70053100e-02,2.78286151e-05
8.97290000e+04,1.70351904e-02,1.70074119e-02,2.77784363e-05
8.97390000e+04,1.70418630e-02,1.70141319e-02,2.77310645e-05
8.97490000e+04,1.70424086e-02,1.70147205e-02,2.76880653e-05
8.97590000e+04,1.70396179e-02,1.70119693e-02,2.76485940e-05
8.97690000e+04,1.70371387e-02,1.70095265e-02,2.76121978e-05
8.97790000e+04,1.70361624e-02,1.70085840e-02,2.75783763e-05
8.97890000e+04,1.70348898e-02,1.70073429e-02,2.75469180e-05
8.97990000e+04,1.70336423e-02,1.70061246e-02,2.75177440e-05
8.98000000e+04,1.02451972e+00,1.02417590e+00,3.43828442e-04
8.98100000e+04,4.78790916e+00,4.78675225e+00,1.15691372e-03
8.98200000e+04,1.13996467e+00,1.13957824e+00,3.86429244e-04
8.98300000e+04,2.55085006e-01,2.55000531e-01,8.44745472e-05
8.98400000e+04,1.35987998e-01,1.35929622e-01,5.83755048e-05
8.98500000e+04,5.94309050e-02,5.93920597e-02,3.88453531e-05
8.98600000e+04,3.70596702e-02,3.70280176e-02,3.16526180e-05
8.98700000e+04,2.28140668e-02,2.27839545e-02,3.01123084e-05
8.98800000e+04,1.95682487e-02,1.95391177e-02,2.91309719e-05
8.98900000e+04,1.89542602e-02,1.89258199e-02,2.84403212e-05
8.99000000e+04,1.79346221e-02,1.79063644e-02,2.82577477e-05
8.99100000e+04,1.74958437e-02,1.74677413e-02,2.81024330e-05
8.99200000e+04,1.75398026e-02,1.75118565e-02,2.79461191e-05
8.99300000e+04,1.73862190e-02,1.73583692e-02,2.78497990e-05
8.99400000e+04,1.73177453e-02,1.72899835e-02,2.77618352e-05
8.99500000e+04,1.72584824e-02,1.72307969e-02,2.76855403e-05
8.99600000e+04,1.72057107e-02,1.71780928e-02,2.76178323e-05
8.99700000e+04,1.71698766e-02,1.71423193e-02,2.75573109e-05
8.99800000e+04,1.71436539e-02,1.71161519e-02,2.75020085e-05
8.99900000e+04,1.71225964e-02,1.70951453e-02,2.74511424e-05
9.00000000e+04,1.71042896e-02,1.70768852e-02,2.74044525e-05
9.00100000e+04,1.70785889e-02,1.70512319e-02,2.73569574e-05
9.00200000e+04,1.70829499e-02,1.70556437e-02,2.73062438e-05
9.00300000e+04,1.70790248e-02,1.70517656e-02,2.72591316e-05
9.00400000e+04,1.70781546e-02,1.70509395e-02,2.72150591e-05
9.00500000e+04,1.70744902e-02,1.70473157e-02,2.71745534e-05
9.00600000e+04,1.70676243e-02,1.70404866e-02,2.71376379e-05
9.00700000e+04,1.70607940e-02,1.70336905e-02,2.71034836e-05
9.00800000e+04,1.70548513e-02,1.70277795e-02,2.70718170e-05
9.00900000e+04,1.70490895e-02,1.70220470e-02,2.70425062e-05
9.01000000e+04,1.70437461e-02,1.70167308e-02,2.70152536e-05
