0.00000000e+00,1.04732432e+01,2.08172570e-01,3.75915874e+00,6.50591192e+00
1.00000000e+01,5.46615187e+00,3.95863017e-01,1.88985355e+00,3.18043530e+00
2.00000000e+01,4.09260377e+00,3.43900775e-01,1.43398492e+00,2.31471807e+00
3.00000000e+01,3.62257954e+00,2.59633219e-01,1.25564384e+00,2.10730249e+00
4.00000000e+01,3.17741825e+00,2.63883463e-01,1.05660356e+00,1.85693123e+00
5.00000000e+01,2.99377601e+00,2.17855592e-01,1.02012529e+00,1.75579513e+00
6.00000000e+01,2.57709581e+00,1.99355594e-01,9.10376307e-01,1.46736391e+00
7.00000000e+01,2.43730784e+00,2.08472263e-01,8.56623200e-01,1.37221238e+00
8.00000000e+01,2.38259498e+00,1.98247612e-01,8.61762825e-01,1.32258454e+00
9.00000000e+01,1.97545930e+00,1.45364225e-01,7.21249378e-01,1.10884569e+00
1.00000000e+02,2.06674409e+00,1.87432150e-01,7.42625512e-01,1.13668643e+00
1.10000000e+02,1.88481558e+00,2.52928159e-01,6.73988709e-01,9.57898708e-01
1.20000000e+02,1.63420404e+00,2.02168048e-01,6.00771603e-01,8.31264388e-01
1.30000000e+02,1.45942145e+00,2.06515216e-01,5.36638273e-01,7.16267964e-01
1.40000000e+02,1.32681954e+00,1.69119723e-01,5.01402666e-01,6.56297154e-01
1.50000000e+02,1.32085709e+00,1.39081238e-01,5.14952178e-01,6.66823674e-01
1.60000000e+02,1.48530219e+00,1.37371897e-01,5.67677751e-01,7.80252539e-01
1.70000000e+02,1.46085163e+00,1.43846974e-01,5.58384599e-01,7.58620057e-01
1.80000000e+02,1.22288051e+00,1.03505205e-01,4.94865624e-01,6.24509676e-01
1.90000000e+02,1.11804380e+00,1.33542007e-01,4.58001210e-01,5.26500584e-01
2.00000000e+02,9.96760761e-01,1.07006919e-01,4.12079499e-01,4.77674343e-01
2.10000000e+02,1.50013529e+00,2.12281321e-01,5.78868717e-01,7.08985251e-01
2.20000000e+02,1.18012741e+00,2.12742136e-01,4.50896580e-01,5.16488694e-01
2.30000000e+02,1.40651414e+00,1.84284886e-01,5.42598489e-01,6.79630767e-01
2.40000000e+02,1.04857469e+00,1.46738718e-01,4.21782497e-01,4.80053473e-01
2.50000000e+02,9.58828587e-01,1.10071626e-01,4.03800701e-01,4.44956261e-01
2.60000000e+02,8.30191946e-01,1.23050465e-01,3.42438644e-01,3.64702837e-01
2.70000000e+02,7.08717540e-01,1.09262184e-01,2.99478305e-01,2.99977050e-01
2.80000000e+02,7.23818906e-01,1.06589749e-01,2.99631913e-01,3.17597244e-01
2.90000000e+02,1.05281289e+00,2.17936291e-01,3.76132016e-01,4.58744585e-01
3.00000000e+02,9.86585669e-01,1.06960284e-01,3.91195055e-01,4.88430330e-01
3.10000000e+02,1.75184773e+00,2.80485940e-01,6.68601530e-01,8.02760256e-01
3.20000000e+02,1.34345810e+00,1.49365276e-01,5.23596437e-01,6.70496384e-01
3.30000000e+02,1.16739355e+00,2.84488289e-01,4.10828345e-01,4.72076920e-01
3.40000000e+02,1.00760902e+00,1.70530874e-01,4.14140349e-01,4.22937792e-01
3.50000000e+02,1.17002886e+00,1.41238131e-01,4.90999533e-01,5.37791196e-01
3.60000000e+02,9.99892236e-01,1.15637590e-01,3.93124346e-01,4.91130300e-01
3.70000000e+02,8.33515415e-01,1.13165976e-01,3.33618666e-01,3.86730773e-01
3.80000000e+02,7.31680722e-01,1.29946657e-01,2.86189023e-01,3.15545042e-01
3.90000000e+02,6.35048491e-01,1.49690851e-01,2.41679217e-01,2.43678423e-01
4.00000000e+02,4.96910161e-01,8.32785170e-02,2.15740628e-01,1.97891016e-01
4.10000000e+02,8.58282671e-01,2.11615803e-01,3.07225066e-01,3.39441802e-01
4.20000000e+02,7.97538714e-01,1.98993371e-01,2.80599659e-01,3.17945685e-01
4.30000000e+02,6.69055832e-01,1.32702287e-01,2.44559135e-01,2.91794411e-01
4.40000000e+02,6.24425113e-01,1.66636461e-01,2.24221354e-01,2.33567297e-01
4.50000000e+02,4.32240042e-01,8.92962606e-02,1.79740639e-01,1.63203143e-01
4.60000000e+02,4.35747653e-01,1.38238422e-01,1.62054839e-01,1.35454393e-01
4.70000000e+02,4.92162772e-01,1.94813876e-01,1.59003048e-01,1.38345848e-01
4.80000000e+02,6.85551156e-01,7.77279942e-02,2.90454442e-01,3.17368720e-01
4.90000000e+02,5.94955452e-01,1.13228729e-01,2.28622381e-01,2.53104341e-01
5.00000000e+02,5.32134092e-01,6.46586853e-02,2.17817768e-01,2.49657639e-01
5.10000000e+02,5.45720847e-01,1.38128087e-01,1.97780830e-01,2.09811930e-01
5.20000000e+02,4.36549868e-01,7.54971354e-02,1.78563491e-01,1.82489241e-01
5.30000000e+02,3.53475175e-01,5.02273525e-02,1.53639238e-01,1.49608585e-01
5.40000000e+02,3.33535811e-01,6.09828433e-02,1.42935481e-01,1.29617486e-01
5.50000000e+02,7.41531337e-01,1.34493018e-01,2.50408066e-01,3.56630252e-01
5.60000000e+02,7.30264740e-01,9.18544092e-02,2.55229908e-01,3.83180423e-01
5.70000000e+02,5.65829030e-01,8.93116886e-02,2.06430974e-01,2.70086367e-01
5.80000000e+02,5.21053745e-01,8.04395952e-02,1.89539681e-01,2.51074469e-01
5.90000000e+02,4.97832894e-01,1.06688183e-01,1.73776532e-01,2.17368179e-01
6.00000000e+02,4.03085885e-01,6.85051755e-02,1.53688865e-01,1.80891845e-01
6.10000000e+02,1.28085955e+00,6.90982701e-01,2.56493723e-01,3.33383122e-01
6.20000000e+02,6.21003180e-01,2.73763771e-01,1.71832512e-01,1.75406897e-01
6.30000000e+02,4.23530928e-01,1.67344596e-01,1.36006919e-01,1.20179413e-01
6.40000000e+02,6.48199171e-01,1.43947205e-01,2.24372096e-01,2.79879870e-01
6.50000000e+02,5.24931780e-01,9.25774088e-02,1.96096997e-01,2.36257374e-01
6.60000000e+02,4.94345975e-01,8.19280765e-02,1.85647042e-01,2.26770857e-01
6.70000000e+02,4.38140040e-01,7.87404526e-02,1.67523210e-01,1.91876377e-01
6.80000000e+02,3.83073820e-01,5.90919901e-02,1.53009932e-01,1.70971898e-01
6.90000000e+02,3.41474850e-01,4.71359792e-02,1.40469684e-01,1.53869187e-01
7.00000000e+02,3.20055058e-01,6.01337492e-02,1.26240835e-01,1.33680474e-01
7.10000000e+02,4.03759903e-01,1.42429139e-01,1.25880236e-01,1.35450527e-01
7.20000000e+02,2.78228256e-01,7.27419905e-02,1.04936107e-01,1.00550158e-01
7.30000000e+02,2.18989763e-01,4.64807608e-02,8.99845648e-02,8.25244374e-02
7.40000000e+02,3.90275204e-01,4.68710286e-02,1.50824172e-01,1.92580003e-01
7.50000000e+02,3.75831672e-01,6.26754717e-02,1.40933869e-01,1.72222331e-01
7.60000000e+02,2.70762452e-01,5.63478323e-02,1.06331901e-01,1.08082719e-01
7.70000000e+02,2.92721859e-01,1.05904001e-01,9.29364206e-02,9.38814374e-02
7.80000000e+02,2.30655551e-01,7.51937975e-02,7.94104519e-02,7.60513013e-02
7.90000000e+02,1.80080376e-01,4.18580840e-02,7.15549347e-02,6.66673569e-02
8.00000000e+02,2.16434487e-01,3.74812638e-02,8.52522169e-02,9.37010065e-02
8.10000000e+02,6.86912192e-01,3.13695723e-01,2.05036270e-01,1.68180199e-01
8.20000000e+02,3.36016782e-01,1.51798960e-01,9.60622693e-02,8.81555529e-02
8.30000000e+02,2.34657116e-01,9.74111770e-02,7.54989435e-02,6.17469957e-02
8.40000000e+02,1.71722733e-01,5.11128228e-02,6.68278117e-02,5.37820989e-02
8.50000000e+02,1.57260249e-01,4.39262192e-02,6.22379239e-02,5.10961058e-02
8.60000000e+02,1.80037148e-01,4.91883704e-02,6.74406597e-02,6.34081179e-02
8.70000000e+02,1.55747631e-01,4.02028234e-02,6.22070653e-02,5.33377426e-02
8.80000000e+02,1.42100412e-01,3.68747283e-02,5.75512015e-02,4.76744817e-02
8.90000000e+02,1.26331844e-01,3.05042032e-02,5.42606142e-02,4.15670264e-02
9.00000000e+02,1.66539396e-01,3.32391696e-02,6.61016694e-02,6.71985574e-02
9.10000000e+02,6.75566784e-01,3.79932710e-01,1.46210528e-01,1.49423546e-01
9.20000000e+02,2.75306415e-01,1.52551640e-01,6.78113813e-02,5.49433939e-02
9.30000000e+02,1.91987521e-01,8.58670930e-02,5.93806648e-02,4.67397634e-02
9.40000000e+02,1.33314847e-01,4.59218941e-02,5.04975674e-02,3.68953853e-02
9.50000000e+02,1.19796307e-01,3.03288982e-02,4.98464090e-02,3.96210002e-02
9.60000000e+02,1.18711151e-01,3.81377405e-02,4.59580978e-02,3.46153126e-02
9.70000000e+02,1.12154282e-01,3.37150723e-02,4.41442691e-02,3.42949404e-02
9.80000000e+02,9.50578129e-02,2.11234284e-02,4.28185380e-02,3.11158465e-02
9.90000000e+02,1.00421302e-01,2.31929420e-02,4.21385995e-02,3.50897601e-02
1.00000000e+03,1.14081899e-01,3.91315180e-02,4.21342049e-02,3.28161758e-02
1.01000000e+03,2.66227991e-01,1.64617517e-01,5.56819399e-02,4.59285337e-02
1.02000000e+03,1.54346828e-01,7.78053502e-02,4.30182123e-02,3.35232652e-02
1.03000000e+03,1.38932005e-01,6.18533475e-02,4.20679335e-02,3.50107237e-02
1.04000000e+03,1.09793561e-01,4.03164976e-02,3.85307605e-02,3.09463024e-02
1.05000000e+03,8.98503370e-02,3.07179815e-02,3.47811520e-02,2.43512035e-02
1.06000000e+03,9.45090941e-02,3.75796327e-02,3.37177854e-02,2.32116760e-02
1.07000000e+03,8.94189624e-02,3.00808204e-02,3.33184242e-02,2.60197178e-02
1.08000000e+03,7.80343022e-02,2.48879453e-02,3.04373564e-02,2.27090004e-02
1.09000000e+03,7.04560912e-02,2.18919070e-02,2.94568530e-02,1.91073312e-02
1.10000000e+03,9.34210781e-02,1.80038272e-02,3.92487614e-02,3.61684896e-02
1.11000000e+03,7.14256291e-02,1.79092699e-02,2.93864883e-02,2.41298709e-02
1.12000000e+03,9.85964025e-02,4.74668054e-02,3.03048117e-02,2.08247854e-02
1.13000000e+03,5.55526288e-02,1.30661628e-02,2.67471256e-02,1.57393404e-02
1.14000000e+03,6.01385844e-02,1.85451930e-02,2.56803430e-02,1.59130485e-02
1.15000000e+03,6.83288202e-02,2.27283255e-02,2.61273266e-02,1.94731682e-02
1.16000000e+03,5.52931425e-02,1.66286709e-02,2.45687102e-02,1.40957614e-02
1.17000000e+03,5.10395942e-02,1.52307475e-02,2.28427870e-02,1.29660596e-02
1.18000000e+03,6.92703420e-02,1.95441930e-02,2.73581155e-02,2.23680335e-02
1.19000000e+03,7.05545524e-02,2.57532220e-02,2.68430704e-02,1.79582600e-02
1.20000000e+03,5.71497468e-02,1.99984667e-02,2.24681153e-02,1.46831648e-02
1.21000000e+03,1.65844938e-01,1.12142684e-01,3.13888461e-02,2.23134087e-02
1.22000000e+03,2.06826351e-01,1.47180279e-01,3.24060173e-02,2.72400540e-02
1.23000000e+03,9.09396894e-02,5.12560613e-02,2.36119130e-02,1.60717150e-02
1.24000000e+03,6.34839856e-02,3.13424998e-02,2.02957964e-02,1.18456895e-02
1.25000000e+03,5.43257125e-02,2.52961450e-02,1.86963513e-02,1.03332162e-02
1.26000000e+03,6.14509213e-02,3.27421562e-02,1.88399992e-02,9.86876595e-03
1.27000000e+03,3.96654271e-02,1.53941311e-02,1.63584974e-02,7.91279871e-03
1.28000000e+03,6.00991199e-02,2.83981339e-02,1.86261248e-02,1.30748612e-02
1.29000000e+03,6.28412183e-02,3.67864240e-02,1.66420350e-02,9.41275932e-03
1.30000000e+03,3.59132455e-02,1.39129398e-02,1.49018070e-02,7.09849866e-03
1.31000000e+03,1.13747260e-01,5.78015271e-02,3.57471601e-02,2.01985727e-02
1.32000000e+03,8.50088734e-02,5.40551289e-02,1.99093957e-02,1.10443488e-02
1.33000000e+03,5.12424571e-02,2.73010276e-02,1.58254336e-02,8.11599592e-03
1.34000000e+03,4.17422173e-02,2.18202432e-02,1.38068534e-02,6.11512072e-03
1.35000000e+03,5.13104429e-02,3.02782534e-02,1.39948266e-02,7.03736294e-03
1.36000000e+03,3.05208386e-02,1.28293708e-02,1.20694853e-02,5.62198250e-03
1.37000000e+03,5.06320776e-02,3.29482871e-02,1.16313410e-02,6.05244949e-03
1.38000000e+03,4.54609559e-02,2.81274093e-02,1.16358006e-02,5.69774604e-03
1.39000000e+03,4.11929706e-02,2.39928211e-02,1.16743935e-02,5.52575597e-03
1.40000000e+03,4.69901779e-02,2.97842848e-02,1.12604979e-02,5.94539517e-03
1.41000000e+03,7.99683634e-01,5.36979911e-01,1.47246180e-01,1.15457543e-01
1.42000000e+03,3.28019380e-01,2.38993212e-01,4.93681397e-02,3.96580279e-02
1.43000000e+03,1.92025381e-01,1.46544205e-01,2.93492601e-02,1.61319162e-02
1.44000000e+03,1.04874215e-01,7.43468333e-02,2.20931092e-02,8.43427242e-03
1.45000000e+03,7.83912253e-02,5.43948526e-02,1.76775979e-02,6.31877483e-03
1.46000000e+03,5.47224442e-02,3.41062335e-02,1.55207205e-02,5.09549020e-03
1.47000000e+03,5.19870762e-02,3.24560505e-02,1.42009609e-02,5.33006481e-03
1.48000000e+03,5.08950868e-02,3.00020211e-02,1.41923738e-02,6.70069186e-03
1.49000000e+03,3.37199886e-02,1.84357498e-02,1.12089223e-02,4.07531655e-03
1.50000000e+03,3.11480179e-02,1.73745127e-02,1.03699231e-02,3.40358208e-03
1.51000000e+03,2.72356868e-01,1.95126413e-01,4.13647212e-02,3.58657341e-02
1.52000000e+03,2.10572515e-01,1.53540910e-01,2.74301583e-02,2.96014467e-02
1.53000000e+03,1.13537953e-01,8.92542201e-02,1.54020157e-02,8.88171700e-03
1.54000000e+03,5.44128473e-02,3.89962528e-02,1.07639242e-02,4.65267026e-03
1.55000000e+03,3.79267959e-02,2.51945906e-02,8.89555448e-03,3.83665087e-03
1.56000000e+03,3.14244003e-02,2.01391685e-02,8.22014206e-03,3.06508968e-03
1.57000000e+03,4.50095348e-02,3.24433938e-02,8.12957500e-03,4.43656604e-03
1.58000000e+03,2.80220487e-02,1.81323937e-02,6.87221860e-03,3.01743637e-03
1.59000000e+03,2.11960794e-02,1.28558703e-02,6.12548803e-03,2.21472106e-03
1.60000000e+03,1.97846137e-02,1.16307134e-02,5.88806935e-03,2.26583098e-03
1.61000000e+03,2.15131652e-02,1.37274733e-02,5.52336706e-03,2.26232484e-03
1.62000000e+03,2.01274895e-02,1.27377945e-02,5.21159606e-03,2.17809892e-03
1.63000000e+03,1.81380361e-02,1.10669566e-02,4.97832709e-03,2.09275247e-03
1.64000000e+03,1.76662572e-02,1.11214531e-02,4.63841220e-03,1.90639184e-03
1.65000000e+03,1.69309792e-02,1.06196326e-02,4.40431922e-03,1.90702733e-03
1.66000000e+03,1.88548736e-02,1.22629237e-02,4.46075646e-03,2.13119351e-03
1.67000000e+03,1.54682557e-02,9.71694142e-03,4.01480837e-03,1.73650587e-03
1.68000000e+03,3.51045255e-02,2.73888504e-02,4.94106054e-03,2.77461461e-03
1.69000000e+03,2.87233938e-02,2.14991336e-02,4.59003314e-03,2.63422712e-03
1.70000000e+03,1.75550834e-02,1.19705393e-02,3.76708549e-03,1.81745860e-03
1.71000000e+03,5.12401192e-02,4.08489695e-02,5.63647604e-03,4.75467367e-03
1.72000000e+03,3.01024716e-02,2.33916111e-02,4.15138798e-03,2.55947252e-03
1.73000000e+03,1.55706114e-02,1.05231554e-02,3.34565588e-03,1.70180011e-03
1.74000000e+03,2.48758154e-02,1.51418966e-02,5.23305715e-03,4.50086163e-03
1.75000000e+03,2.83379360e-02,2.20233047e-02,3.69651433e-03,2.61811701e-03
1.76000000e+03,3.83918619e-02,2.98901597e-02,4.71081370e-03,3.79088857e-03
1.77000000e+03,2.82367457e-02,2.12304279e-02,4.08325637e-03,2.92306143e-03
1.78000000e+03,1.18903056e-02,7.81291622e-03,2.67407121e-03,1.40331813e-03
1.79000000e+03,1.13579730e-02,7.56914248e-03,2.49109013e-03,1.29774040e-03
1.80000000e+03,9.77666952e-03,6.21463407e-03,2.36685270e-03,1.19518275e-03
1.81000000e+03,4.11146817e-02,2.28395103e-02,8.66896563e-03,9.60620574e-03
1.82000000e+03,2.65021760e-02,2.07986226e-02,3.17341832e-03,2.53013504e-03
1.83000000e+03,2.04584209e-02,1.55210258e-02,2.88865806e-03,2.04873704e-03
1.84000000e+03,1.24773813e-02,8.64967387e-03,2.35776859e-03,1.46993881e-03
1.85000000e+03,1.80483201e-02,1.37941676e-02,2.53855680e-03,1.71559567e-03
1.86000000e+03,1.22651064e-02,9.01611487e-03,2.06662297e-03,1.18236851e-03
1.87000000e+03,1.04533106e-02,7.35569706e-03,1.97603321e-03,1.12158038e-03
1.88000000e+03,9.06806011e-03,6.24673111e-03,1.83880963e-03,9.82519371e-04
1.89000000e+03,9.92798093e-03,6.57602045e-03,2.06172002e-03,1.29024046e-03
1.90000000e+03,2.01091632e-02,1.55414313e-02,2.66100282e-03,1.90672907e-03
1.91000000e+03,4.62740368e-01,3.02821825e-01,6.87917854e-02,9.11267580e-02
1.92000000e+03,2.61285971e-01,1.95605082e-01,3.32664177e-02,3.24144712e-02
1.93000000e+03,1.42265339e-01,1.16538905e-01,1.84356432e-02,7.29079150e-03
1.94000000e+03,6.53659921e-02,4.58562282e-02,1.43041539e-02,5.20561010e-03
1.95000000e+03,4.69230281e-02,3.31307494e-02,1.11479161e-02,2.64436260e-03
1.96000000e+03,3.40399136e-02,2.35579487e-02,8.88935999e-03,1.59260490e-03
1.97000000e+03,3.63682865e-02,2.59193901e-02,8.02508755e-03,2.42380878e-03
1.98000000e+03,5.64261352e-02,4.45429582e-02,8.38703831e-03,3.49613863e-03
1.99000000e+03,2.83951777e-02,2.06701985e-02,6.16142782e-03,1.56355138e-03
2.00000000e+03,2.21603641e-02,1.54259466e-02,5.37305117e-03,1.36136633e-03
2.01000000e+03,7.96470377e-01,6.42671808e-01,7.50147991e-02,7.87837695e-02
2.02000000e+03,2.33617762e-01,1.62038609e-01,3.93447783e-02,3.22343740e-02
2.03000000e+03,1.18500013e-01,9.01725454e-02,1.76426476e-02,1.06848199e-02
2.04000000e+03,6.22752497e-02,5.02460605e-02,8.22213655e-03,3.80705258e-03
2.05000000e+03,3.73487996e-02,2.96786971e-02,5.54354645e-03,2.12655603e-03
2.06000000e+03,2.43073630e-02,1.82997280e-02,4.36385983e-03,1.64377518e-03
2.07000000e+03,2.70239587e-02,2.03327149e-02,4.22073325e-03,2.47051052e-03
2.08000000e+03,1.70897441e-02,1.25147624e-02,3.29323596e-03,1.28174576e-03
2.09000000e+03,1.43458191e-02,1.04036316e-02,2.90228190e-03,1.03990564e-03
2.10000000e+03,1.31924368e-02,9.53178647e-03,2.66342019e-03,9.97230174e-04
2.11000000e+03,1.30426826e-02,9.31612554e-03,2.61637608e-03,1.11018102e-03
2.12000000e+03,6.38551306e-02,4.50678476e-02,9.51965949e-03,9.26762352e-03
2.13000000e+03,1.87459411e-02,1.51509352e-02,2.42848958e-03,1.16651626e-03
2.14000000e+03,1.95710000e-02,1.53431999e-02,2.69911644e-03,1.52868365e-03
2.15000000e+03,1.10690664e-02,8.04599703e-03,2.06282620e-03,9.60243183e-04
2.16000000e+03,1.18543572e-02,8.93593869e-03,1.98071651e-03,9.37701958e-04
2.17000000e+03,1.22981212e-02,9.32123593e-03,1.97532907e-03,1.00155619e-03
2.18000000e+03,1.00321458e-02,7.40433858e-03,1.76037257e-03,8.67434681e-04
2.19000000e+03,9.77853730e-03,7.37077601e-03,1.64969916e-03,7.58062135e-04
2.20000000e+03,8.21692153e-03,6.01652116e-03,1.51773379e-03,6.82666577e-04
2.21000000e+03,8.75354616e-02,3.62983766e-02,2.73924413e-02,2.38446437e-02
2.22000000e+03,3.93902936e-02,2.53197177e-02,8.21379254e-03,5.85678334e-03
2.23000000e+03,2.35808087e-02,1.93844663e-02,2.29011489e-03,1.90622748e-03
2.24000000e+03,1.11362713e-02,8.60396546e-03,1.64304322e-03,8.89262659e-04
2.25000000e+03,1.79766221e-02,1.48955497e-02,1.79718042e-03,1.28389205e-03
2.26000000e+03,1.61726364e-02,1.36720820e-02,1.52064018e-03,9.79914265e-04
2.27000000e+03,9.27621109e-03,7.30242264e-03,1.30492786e-03,6.68860594e-04
2.28000000e+03,6.91092069e-03,5.15327443e-03,1.17363752e-03,5.84008737e-04
2.29000000e+03,6.30081762e-03,4.63536809e-03,1.10766602e-03,5.57783509e-04
2.30000000e+03,6.37017185e-03,4.72276694e-03,1.08907948e-03,5.58325434e-04
2.31000000e+03,1.51982645e-01,5.83619023e-02,4.06647863e-02,5.29559566e-02
2.32000000e+03,1.43474900e-01,1.24350593e-01,9.28004051e-03,9.84426709e-03
2.33000000e+03,9.03204158e-02,8.04058581e-02,5.34902927e-03,4.56552842e-03
2.34000000e+03,2.69746571e-02,2.27474269e-02,2.48622464e-03,1.74100561e-03
2.35000000e+03,1.94583698e-02,1.63627840e-02,1.71299605e-03,1.38258971e-03
2.36000000e+03,1.57395345e-02,1.30767722e-02,1.49003505e-03,1.17272723e-03
2.37000000e+03,2.04196422e-02,1.78225746e-02,1.43670964e-03,1.16035788e-03
2.38000000e+03,8.19336895e-03,6.54190546e-03,1.02378733e-03,6.27676159e-04
2.39000000e+03,7.40347974e-03,5.88526746e-03,9.38778008e-04,5.79434280e-04
2.40000000e+03,5.69014173e-03,4.34928607e-03,8.56831933e-04,4.84023729e-04
2.41000000e+03,5.41280677e-03,4.11910755e-03,8.26433578e-04,4.67265648e-04
2.42000000e+03,5.24698943e-03,3.98586617e-03,8.04718241e-04,4.56405015e-04
2.43000000e+03,1.17409283e-02,9.68070471e-03,1.10803241e-03,9.52191174e-04
2.44000000e+03,1.27034502e-02,1.05577639e-02,1.13291813e-03,1.01276816e-03
2.45000000e+03,1.49074134e-02,1.31157988e-02,1.03230978e-03,7.59304849e-04
2.46000000e+03,1.08004371e-02,9.21267060e-03,9.26384759e-04,6.61381762e-04
2.47000000e+03,6.02908069e-03,4.78234017e-03,7.65708353e-04,4.81032160e-04
2.48000000e+03,4.88250586e-03,3.76061965e-03,7.07229797e-04,4.14656417e-04
2.49000000e+03,1.50334914e-02,1.34887791e-02,8.95458348e-04,6.49253970e-04
2.50000000e+03,9.00391315e-03,7.46422436e-03,8.89851506e-04,6.49837276e-04
2.51000000e+03,1.13934740e-01,9.37406345e-02,8.80558958e-03,1.13885159e-02
2.52000000e+03,8.59136688e-02,7.05525052e-02,7.47421471e-03,7.88694883e-03
2.53000000e+03,2.97525307e-02,2.57467669e-02,1.89709604e-03,2.10866775e-03
2.54000000e+03,1.86772363e-02,1.59253780e-02,1.38778428e-03,1.36407397e-03
2.55000000e+03,8.96794531e-03,7.49893315e-03,8.35594751e-04,6.33417408e-04
2.56000000e+03,5.88870793e-03,4.73059084e-03,6.82721722e-04,4.75395375e-04
2.57000000e+03,6.22197838e-03,5.05063124e-03,6.91984395e-04,4.79362754e-04
2.58000000e+03,1.05303655e-02,9.04448447e-03,8.20798518e-04,6.65082559e-04
2.59000000e+03,5.19687125e-03,4.08987194e-03,6.51602447e-04,4.55396860e-04
2.60000000e+03,1.49099546e-02,1.16991396e-02,1.54339047e-03,1.66742452e-03
2.61000000e+03,4.97579035e-01,4.04999263e-01,5.03074520e-02,4.22723196e-02
2.62000000e+03,1.58427196e-01,1.20952980e-01,2.11787391e-02,1.62954773e-02
2.63000000e+03,8.50715174e-02,7.03970032e-02,8.06760406e-03,6.60691016e-03
2.64000000e+03,4.86221773e-02,4.25886354e-02,3.66934939e-03,2.36419250e-03
2.65000000e+03,3.49098501e-02,3.04826769e-02,2.53887006e-03,1.88830306e-03
2.66000000e+03,1.59387627e-02,1.36811024e-02,1.56528380e-03,6.92376463e-04
2.67000000e+03,1.42283501e-02,1.20714371e-02,1.37380939e-03,7.83103661e-04
2.68000000e+03,1.01448947e-02,8.48587656e-03,1.10641316e-03,5.52605018e-04
2.69000000e+03,1.09556065e-02,9.23069228e-03,1.03596017e-03,6.88954012e-04
2.70000000e+03,7.39760052e-03,6.11122710e-03,8.34377693e-04,4.51995729e-04
2.71000000e+03,4.27002637e-01,2.90314979e-01,6.42460090e-02,7.24416492e-02
2.72000000e+03,3.26133667e-01,2.89855279e-01,2.07677360e-02,1.55106524e-02
2.73000000e+03,1.06694922e-01,8.37751278e-02,1.45405438e-02,8.37925064e-03
2.74000000e+03,5.12648251e-02,3.96788533e-02,8.51897089e-03,3.06700090e-03
2.75000000e+03,3.15772576e-02,2.43953332e-02,5.97056766e-03,1.21135668e-03
2.76000000e+03,2.84765490e-02,2.28615750e-02,4.47547218e-03,1.13950184e-03
2.77000000e+03,2.12500321e-02,1.70431181e-02,3.32074889e-03,8.86165134e-04
2.78000000e+03,1.40742485e-02,1.09597428e-02,2.49974627e-03,6.14759483e-04
2.79000000e+03,2.30924451e-02,1.90258953e-02,2.81449225e-03,1.25205754e-03
2.80000000e+03,1.17752099e-02,9.24208204e-03,1.90413067e-03,6.28997216e-04
2.81000000e+03,5.19078742e-02,4.12859897e-02,5.64906613e-03,4.97281833e-03
2.82000000e+03,4.08602736e-02,3.29242021e-02,4.39913304e-03,3.53693841e-03
2.83000000e+03,2.66273562e-02,2.10755622e-02,3.16036750e-03,2.39142646e-03
2.84000000e+03,1.15103773e-02,8.56109278e-03,1.86041235e-03,1.08887215e-03
2.85000000e+03,8.10738332e-03,6.36169996e-03,1.24554863e-03,5.00134730e-04
2.86000000e+03,7.36381305e-03,5.69132928e-03,1.16058832e-03,5.11895452e-04
2.87000000e+03,6.40199009e-03,4.96479903e-03,1.03440599e-03,4.02785063e-04
2.88000000e+03,5.86832813e-03,4.51926253e-03,9.71467009e-04,3.77598589e-04
2.89000000e+03,5.56512714e-03,4.27994070e-03,9.21592006e-04,3.63594438e-04
2.90000000e+03,5.59725131e-03,4.34415801e-03,8.83991682e-04,3.69101619e-04
2.91000000e+03,3.29852392e-01,2.50089355e-01,3.75783926e-02,4.21846447e-02
2.92000000e+03,2.00345879e-01,1.49183328e-01,2.65794130e-02,2.45831380e-02
2.93000000e+03,1.05968972e-01,9.26647588e-02,7.16645965e-03,6.13775360e-03
2.94000000e+03,4.29550302e-02,3.63093236e-02,3.62005529e-03,3.02565125e-03
2.95000000e+03,2.21528339e-02,1.93022470e-02,1.81333052e-03,1.03725643e-03
2.96000000e+03,1.31075819e-02,1.08915015e-02,1.42522335e-03,7.90857043e-04
2.97000000e+03,2.06647790e-02,1.78885577e-02,1.51026263e-03,1.26595863e-03
2.98000000e+03,8.88847068e-03,7.41887647e-03,9.83466572e-04,4.86127640e-04
2.99000000e+03,6.69313651e-03,5.39044332e-03,8.83511978e-04,4.19181208e-04
3.00000000e+03,6.19788151e-03,4.99581783e-03,8.11951990e-04,3.90111694e-04
3.01000000e+03,5.69542067e-03,4.58273091e-03,7.55581354e-04,3.57108412e-04
3.02000000e+03,5.39403037e-03,4.33224212e-03,7.20292089e-04,3.41496162e-04
3.03000000e+03,5.09994231e-03,4.08477252e-03,6.88179788e-04,3.26990003e-04
3.04000000e+03,4.86570154e-03,3.88982463e-03,6.60164857e-04,3.15712055e-04
3.05000000e+03,4.66990162e-03,3.72716034e-03,6.36406307e-04,3.06334973e-04
3.06000000e+03,4.50023422e-03,3.58707746e-03,6.15298725e-04,2.97858041e-04
3.07000000e+03,4.34961777e-03,3.46331229e-03,5.96004738e-04,2.90300739e-04
3.08000000e+03,4.21374229e-03,3.35188332e-03,5.78552475e-04,2.83306495e-04
3.09000000e+03,4.12179648e-03,3.28054051e-03,5.64086112e-04,2.77169859e-04
3.10000000e+03,8.89908169e-03,7.72192699e-03,7.15637072e-04,4.61517621e-04
3.11000000e+03,5.57546583e-03,4.55441941e-03,6.13321446e-04,4.07724983e-04
3.12000000e+03,1.67147367e-02,1.28683332e-02,1.78380897e-03,2.06259459e-03
3.13000000e+03,3.83823892e-03,3.04691414e-03,5.22069366e-04,2.69255416e-04
3.14000000e+03,4.44018752e-03,3.55173631e-03,5.62354697e-04,3.26096512e-04
3.15000000e+03,4.00034071e-03,3.17882267e-03,5.27755374e-04,2.93762668e-04
3.16000000e+03,3.68591404e-03,2.92859985e-03,4.95882099e-04,2.61432094e-04
3.17000000e+03,3.52035006e-03,2.79420587e-03,4.78010968e-04,2.48133215e-04
3.18000000e+03,3.36764573e-03,2.66331759e-03,4.64641399e-04,2.39686742e-04
3.19000000e+03,3.26619711e-03,2.57805051e-03,4.53679720e-04,2.34466877e-04
3.20000000e+03,3.19784372e-03,2.52239048e-03,4.44954222e-04,2.30499023e-04
3.21000000e+03,3.13405586e-03,2.46851186e-03,4.38217158e-04,2.27326845e-04
3.22000000e+03,3.07663830e-03,2.42124284e-03,4.31118440e-04,2.24277030e-04
3.23000000e+03,3.02276187e-03,2.37717801e-03,4.24264859e-04,2.21319001e-04
3.24000000e+03,2.97174629e-03,2.33562271e-03,4.17622994e-04,2.18500591e-04
3.25000000e+03,2.92303400e-03,2.29606913e-03,4.11211707e-04,2.15753155e-04
3.26000000e+03,2.87642255e-03,2.25830431e-03,4.04999375e-04,2.13118864e-04
3.27000000e+03,2.83169393e-03,2.22213654e-03,3.98982646e-04,2.10574745e-04
3.28000000e+03,2.78870040e-03,2.18742520e-03,3.93171322e-04,2.08103879e-04
3.29000000e+03,2.74730933e-03,2.15404967e-03,3.87548740e-04,2.05710920e-04
3.30000000e+03,2.70738122e-03,2.12188587e-03,3.82098880e-04,2.03396470e-04
3.31000000e+03,2.66437741e-03,2.08534550e-03,3.77718119e-04,2.01313790e-04
3.32000000e+03,2.62523994e-03,2.05292096e-03,3.73091100e-04,1.99227886e-04
3.33000000e+03,2.58821416e-03,2.02252047e-03,3.68498990e-04,1.97194706e-04
3.34000000e+03,2.55274771e-03,1.99355871e-03,3.63975142e-04,1.95213864e-04
3.35000000e+03,2.51855614e-03,1.96572671e-03,3.59546114e-04,1.93283314e-04
3.36000000e+03,2.48555481e-03,1.93895180e-03,3.55205981e-04,1.91397027e-04
3.37000000e+03,2.45358756e-03,1.91306397e-03,3.50966833e-04,1.89556754e-04
3.38000000e+03,2.42260491e-03,1.88802202e-03,3.46826938e-04,1.87755954e-04
3.39000000e+03,2.39253796e-03,1.86375932e-03,3.42782739e-04,1.85995902e-04
3.40000000e+03,2.36332790e-03,1.84022148e-03,3.38833008e-04,1.84273414e-04
3.41000000e+03,2.33133548e-03,1.81289938e-03,3.35704898e-04,1.82731205e-04
3.42000000e+03,2.30212923e-03,1.78862218e-03,3.32350181e-04,1.81156871e-04
3.43000000e+03,2.27438655e-03,1.76579096e-03,3.28977724e-04,1.79617863e-04
3.44000000e+03,2.24776881e-03,1.74402826e-03,3.25628675e-04,1.78111869e-04
3.45000000e+03,2.22585951e-03,1.72666196e-03,3.22420560e-04,1.76776998e-04
3.46000000e+03,2.47193880e-03,1.96358153e-03,3.24935738e-04,1.83421537e-04
3.47000000e+03,1.19108833e-02,1.08915032e-02,5.34756136e-04,4.84623938e-04
3.48000000e+03,4.16830986e-03,3.57423228e-03,3.56995128e-04,2.37082458e-04
3.49000000e+03,2.58392983e-03,2.07951963e-03,3.19407322e-04,1.85002881e-04
3.50000000e+03,2.43789994e-03,1.94267215e-03,3.13995850e-04,1.81231944e-04
3.51000000e+03,2.13344849e-03,1.65627289e-03,3.05886728e-04,1.71288870e-04
3.52000000e+03,2.27826118e-03,1.79611677e-03,3.07602315e-04,1.74542100e-04
3.53000000e+03,1.27224703e-02,1.15406434e-02,6.53157977e-04,5.28668870e-04
3.54000000e+03,2.79818706e-03,2.28735545e-03,3.20366673e-04,1.90464934e-04
3.55000000e+03,3.55253886e-03,3.01291623e-03,3.31951513e-04,2.07671119e-04
3.56000000e+03,2.00975571e-03,1.55247715e-03,2.92577209e-04,1.64701351e-04
3.57000000e+03,2.21218458e-03,1.74665168e-03,2.95178047e-04,1.70354859e-04
3.58000000e+03,3.58710332e-03,2.99580977e-03,3.46179083e-04,2.45114466e-04
3.59000000e+03,4.41505637e-03,3.71638567e-03,3.96783340e-04,3.01887359e-04
3.60000000e+03,3.85936524e-03,3.23918697e-03,3.51538424e-04,2.68639845e-04
3.61000000e+03,4.78034966e-01,2.53134102e-01,1.16474380e-01,1.08426484e-01
3.62000000e+03,4.04037503e-01,3.34256713e-01,3.33240315e-02,3.64567590e-02
3.63000000e+03,1.88224134e-01,1.46387187e-01,2.37945505e-02,1.80423971e-02
3.64000000e+03,9.28109957e-02,7.23760827e-02,1.37450751e-02,6.68983785e-03
3.65000000e+03,6.49045560e-02,5.01106798e-02,1.04875923e-02,4.30628398e-03
3.66000000e+03,5.18936454e-02,4.09961940e-02,8.47283898e-03,2.42461242e-03
3.67000000e+03,4.17799406e-02,3.28177924e-02,7.36986803e-03,1.59228017e-03
3.68000000e+03,3.46990185e-02,2.68569243e-02,6.50886982e-03,1.33322436e-03
3.69000000e+03,3.12617485e-02,2.46248883e-02,5.56578920e-03,1.07107098e-03
3.70000000e+03,3.17473593e-02,2.56969225e-02,4.99881795e-03,1.05161888e-03
3.71000000e+03,4.38421027e-02,3.64991857e-02,5.19115989e-03,2.15175712e-03
3.72000000e+03,2.39887379e-02,1.91083709e-02,3.98891224e-03,8.91454723e-04
3.73000000e+03,2.49896939e-02,2.05908675e-02,3.58473739e-03,8.14089024e-04
3.74000000e+03,1.95616881e-02,1.58076160e-02,3.10812557e-03,6.45946549e-04
3.75000000e+03,1.79464833e-02,1.45584746e-02,2.79522315e-03,5.92785585e-04
3.76000000e+03,1.65914103e-02,1.35094286e-02,2.52885726e-03,5.53124452e-04
3.77000000e+03,1.53058755e-02,1.24858807e-02,2.29548478e-03,5.24510049e-04
3.78000000e+03,1.73689069e-02,1.45954335e-02,2.16460217e-03,6.08871196e-04
3.79000000e+03,1.42211558e-02,1.17700850e-02,1.93571501e-03,5.15355752e-04
3.80000000e+03,1.35327515e-02,1.12509510e-02,1.77880076e-03,5.02999710e-04
3.81000000e+03,4.92462782e-02,3.71404432e-02,6.10532282e-03,6.00051213e-03
3.82000000e+03,4.61953018e-02,3.49317369e-02,5.78367640e-03,5.47988858e-03
3.83000000e+03,2.26096924e-02,1.69742426e-02,3.25590785e-03,2.37954191e-03
3.84000000e+03,1.73816026e-02,1.49765412e-02,1.65212536e-03,7.52935998e-04
3.85000000e+03,1.62516835e-02,1.42297470e-02,1.41502583e-03,6.06910710e-04
3.86000000e+03,9.73815973e-03,8.05269135e-03,1.21664593e-03,4.68822460e-04
3.87000000e+03,9.42400280e-03,7.93396165e-03,1.09177154e-03,3.98269608e-04
3.88000000e+03,8.10774030e-03,6.75663741e-03,9.99725007e-04,3.51377886e-04
3.89000000e+03,7.55645191e-03,6.28300287e-03,9.37038108e-04,3.36410931e-04
3.90000000e+03,7.17432940e-03,5.96949295e-03,8.82484038e-04,3.22352410e-04
3.91000000e+03,6.79656419e-03,5.65017765e-03,8.37180096e-04,3.09206444e-04
3.92000000e+03,6.49339236e-03,5.40077377e-03,7.93794769e-04,2.98823825e-04
3.93000000e+03,6.21982087e-03,5.17533740e-03,7.54911306e-04,2.89572165e-04
3.94000000e+03,5.97243421e-03,4.97218295e-03,7.19138868e-04,2.81112395e-04
3.95000000e+03,5.74296266e-03,4.78344810e-03,6.86405392e-04,2.73109164e-04
3.96000000e+03,5.53040906e-03,4.60847505e-03,6.56301257e-04,2.65632752e-04
3.97000000e+03,5.33262651e-03,4.44537534e-03,6.28667607e-04,2.58583561e-04
3.98000000e+03,5.14787310e-03,4.29268548e-03,6.03232875e-04,2.51954750e-04
3.99000000e+03,4.97593003e-03,4.15041588e-03,5.79777677e-04,2.45736479e-04
4.00000000e+03,4.88209260e-03,4.08001477e-03,5.59901624e-04,2.42176207e-04
4.01000000e+03,1.43013024e-01,1.16223322e-01,1.23898620e-02,1.43998395e-02
4.02000000e+03,3.40249416e-02,3.00960189e-02,2.04745799e-03,1.88146476e-03
4.03000000e+03,1.99821923e-02,1.83869246e-02,8.93337608e-04,7.01930093e-04
4.04000000e+03,1.46416999e-02,1.29170238e-02,9.53550840e-04,7.71125273e-04
4.05000000e+03,6.10779869e-03,5.19911482e-03,5.75179234e-04,3.33504640e-04
4.06000000e+03,5.34432255e-03,4.54916314e-03,5.20968934e-04,2.74190474e-04
4.07000000e+03,4.49688811e-03,3.76811859e-03,4.81587621e-04,2.47181904e-04
4.08000000e+03,4.09717226e-03,3.41235235e-03,4.58071508e-04,2.26748401e-04
4.09000000e+03,3.93102522e-03,3.27651854e-03,4.38578881e-04,2.15927798e-04
4.10000000e+03,4.11638965e-03,3.45974332e-03,4.35504469e-04,2.21141861e-04
4.11000000e+03,5.62380592e-03,4.85667052e-03,4.83301352e-04,2.83834054e-04
4.12000000e+03,5.10185989e-03,4.31887037e-03,4.76420572e-04,3.06568941e-04
4.13000000e+03,4.04440265e-03,3.40991240e-03,4.10702236e-04,2.23788004e-04
4.14000000e+03,4.61551875e-03,3.91418114e-03,4.37110025e-04,2.64227577e-04
4.15000000e+03,3.99319215e-03,3.37373212e-03,4.00656034e-04,2.18803990e-04
4.16000000e+03,3.33762489e-03,2.77298647e-03,3.73512439e-04,1.91125980e-04
4.17000000e+03,3.19301345e-03,2.64823977e-03,3.61690856e-04,1.83082828e-04
4.18000000e+03,3.13780625e-03,2.60220997e-03,3.54180989e-04,1.81415283e-04
4.19000000e+03,3.05187833e-03,2.52849561e-03,3.46533482e-04,1.76849244e-04
4.20000000e+03,3.05886868e-03,2.53960205e-03,3.42362776e-04,1.76903856e-04
4.21000000e+03,3.28795759e-03,2.75146440e-03,3.47467340e-04,1.89025850e-04
4.22000000e+03,3.88513228e-03,3.29811908e-03,3.66758972e-04,2.20254229e-04
4.23000000e+03,2.93685430e-03,2.43627492e-03,3.27301506e-04,1.73277875e-04
4.24000000e+03,2.89936844e-03,2.40452889e-03,3.23514415e-04,1.71325144e-04
4.25000000e+03,2.76039119e-03,2.28089779e-03,3.14593483e-04,1.64899918e-04
4.26000000e+03,2.65658006e-03,2.18927256e-03,3.07064152e-04,1.60243355e-04
4.27000000e+03,2.62377536e-03,2.16092040e-03,3.03303023e-04,1.59551938e-04
4.28000000e+03,3.63183813e-03,2.79195778e-03,4.74495943e-04,3.65384402e-04
4.29000000e+03,7.68548859e-03,5.80217534e-03,8.94517168e-04,9.88796073e-04
4.30000000e+03,6.13191749e-03,5.12456584e-03,5.36943690e-04,4.70407957e-04
4.31000000e+03,1.12524194e-01,6.87501965e-02,2.26775599e-02,2.10964372e-02
4.32000000e+03,9.69166800e-02,8.77879030e-02,4.12449177e-03,5.00428529e-03
4.33000000e+03,2.06916419e-02,1.83160497e-02,1.32038477e-03,1.05520747e-03
4.34000000e+03,1.36789312e-02,1.15574443e-02,1.16080457e-03,9.60682314e-04
4.35000000e+03,1.02899940e-02,9.31282484e-03,6.01129968e-04,3.76039197e-04
4.36000000e+03,5.80020525e-03,5.10756145e-03,4.25159327e-04,2.67484475e-04
4.37000000e+03,4.54432764e-03,3.94261485e-03,3.79444360e-04,2.22268431e-04
4.38000000e+03,3.89996310e-03,3.34860697e-03,3.57219801e-04,1.94136328e-04
4.39000000e+03,9.24972024e-03,8.46586007e-03,4.57766832e-04,3.26093334e-04
4.40000000e+03,5.01280052e-03,4.42327393e-03,3.63339937e-04,2.26186661e-04
4.41000000e+03,1.16141904e-02,1.03166199e-02,6.55648420e-04,6.41922145e-04
4.42000000e+03,6.64293067e-03,5.93462813e-03,4.24465807e-04,2.83836730e-04
4.43000000e+03,1.11802608e-02,1.03298930e-02,4.86662286e-04,3.63705475e-04
4.44000000e+03,8.53058320e-03,7.62406051e-03,4.94819517e-04,4.11703173e-04
4.45000000e+03,4.01981926e-03,3.48622564e-03,3.32057370e-04,2.01536249e-04
4.46000000e+03,2.97710260e-03,2.51930040e-03,2.92463583e-04,1.65338612e-04
4.47000000e+03,2.60658268e-03,2.17292738e-03,2.80936855e-04,1.52718450e-04
4.48000000e+03,2.46311515e-03,2.04039577e-03,2.74405786e-04,1.48313594e-04
4.49000000e+03,2.37784247e-03,1.96360377e-03,2.69352337e-04,1.44886364e-04
4.50000000e+03,2.31112667e-03,1.90479678e-03,2.64620639e-04,1.41709246e-04
4.51000000e+03,2.34010352e-03,1.93006147e-03,2.65640718e-04,1.44401337e-04
4.52000000e+03,2.80274369e-02,1.98353134e-02,4.26355143e-03,3.92857207e-03
4.53000000e+03,5.86898415e-03,5.19979538e-03,3.92220397e-04,2.76968372e-04
4.54000000e+03,6.18282043e-03,5.35888148e-03,4.58244497e-04,3.65694450e-04
4.55000000e+03,3.52757311e-03,2.87288460e-03,3.79543375e-04,2.75145134e-04
4.56000000e+03,2.22748477e-03,1.82503542e-03,2.57084614e-04,1.45364734e-04
4.57000000e+03,2.31951409e-03,1.90576288e-03,2.63678547e-04,1.50072664e-04
4.58000000e+03,2.09714910e-03,1.72256928e-03,2.41914995e-04,1.32664824e-04
4.59000000e+03,2.04753751e-03,1.67908425e-03,2.38541381e-04,1.29911873e-04
4.60000000e+03,2.01775940e-03,1.65379839e-03,2.35840265e-04,1.28120747e-04
4.61000000e+03,2.03051683e-03,1.66764078e-03,2.34399570e-04,1.28476477e-04
4.62000000e+03,4.19861146e-03,3.68667762e-03,2.98616386e-04,2.13317455e-04
4.63000000e+03,2.29863264e-03,1.86848681e-03,2.65822942e-04,1.64322889e-04
4.64000000e+03,4.42831275e-03,3.57664278e-03,4.76473141e-04,3.75196833e-04
4.65000000e+03,3.40732645e-03,2.79452135e-03,3.53120842e-04,2.59684266e-04
4.66000000e+03,2.36737443e-03,1.97534366e-03,2.44511262e-04,1.47519508e-04
4.67000000e+03,8.93189795e-03,8.22770520e-03,3.76466378e-04,3.27726373e-04
4.68000000e+03,3.90759032e-03,3.44360828e-03,2.69049243e-04,1.94932798e-04
4.69000000e+03,2.04534496e-03,1.69384238e-03,2.23282207e-04,1.28220380e-04
4.70000000e+03,2.03700504e-03,1.69097879e-03,2.19597243e-04,1.26429008e-04
4.71000000e+03,1.19397717e-02,9.45988371e-03,1.09484163e-03,1.38504637e-03
4.72000000e+03,8.43321506e-03,7.75027917e-03,3.79600722e-04,3.03335167e-04
4.73000000e+03,2.79014111e-03,2.27607761e-03,2.94489462e-04,2.19574043e-04
4.74000000e+03,2.51553263e-03,2.11263933e-03,2.43719592e-04,1.59173704e-04
4.75000000e+03,2.02004172e-03,1.64329988e-03,2.30664792e-04,1.46077043e-04
4.76000000e+03,1.86154160e-03,1.52386288e-03,2.14788162e-04,1.22890552e-04
4.77000000e+03,1.73614673e-03,1.41217433e-03,2.05925048e-04,1.18047345e-04
4.78000000e+03,1.67999109e-03,1.36382912e-03,2.02477990e-04,1.13683980e-04
4.79000000e+03,1.65261306e-03,1.34092339e-03,1.99436853e-04,1.12252816e-04
4.80000000e+03,1.63075908e-03,1.32218304e-03,1.97703120e-04,1.10872923e-04
4.81000000e+03,1.61108203e-03,1.30482877e-03,1.96226728e-04,1.10026528e-04
4.82000000e+03,1.59471198e-03,1.29059830e-03,1.94866420e-04,1.09247262e-04
4.83000000e+03,1.57917166e-03,1.27716923e-03,1.93525164e-04,1.08477274e-04
4.84000000e+03,1.56434111e-03,1.26447424e-03,1.92105058e-04,1.07761810e-04
4.85000000e+03,1.55002560e-03,1.25225948e-03,1.90722423e-04,1.07043700e-04
4.86000000e+03,1.53611654e-03,1.24041882e-03,1.89348391e-04,1.06349327e-04
4.87000000e+03,1.52257360e-03,1.22891527e-03,1.87982851e-04,1.05675488e-04
4.88000000e+03,1.50967686e-03,1.21800530e-03,1.86622296e-04,1.05049265e-04
4.89000000e+03,1.52170710e-03,1.23029308e-03,1.85810005e-04,1.05604018e-04
4.90000000e+03,3.81485444e-03,3.36563379e-03,2.54014311e-04,1.95206336e-04
4.91000000e+03,5.43152736e-02,4.63976796e-02,3.67220710e-03,4.24538685e-03
4.92000000e+03,2.42172483e-02,2.17756777e-02,1.12412464e-03,1.31744595e-03
4.93000000e+03,7.32233907e-03,6.61325471e-03,3.77997125e-04,3.31087232e-04
4.94000000e+03,3.81021581e-03,3.28730771e-03,2.89645203e-04,2.33262896e-04
4.95000000e+03,2.26866633e-03,1.92450521e-03,2.06087273e-04,1.38073853e-04
4.96000000e+03,1.88095040e-03,1.57121624e-03,1.90404506e-04,1.19329656e-04
4.97000000e+03,1.58640091e-03,1.29583341e-03,1.81873446e-04,1.08694054e-04
4.98000000e+03,1.51673019e-03,1.23261429e-03,1.79105788e-04,1.05010116e-04
4.99000000e+03,4.35082425e-03,3.88452305e-03,2.55965737e-04,2.10335467e-04
5.00000000e+03,2.80689881e-03,2.44260656e-03,2.10738666e-04,1.53553579e-04
5.01000000e+03,2.59950099e-03,2.16610816e-03,2.43350473e-04,1.90042363e-04
5.02000000e+03,3.92099635e-02,3.24119905e-02,2.73467142e-03,4.06330154e-03
5.03000000e+03,1.21372069e-02,9.52952605e-03,1.25425137e-03,1.35342949e-03
5.04000000e+03,2.23544875e-03,1.84858875e-03,2.31879680e-04,1.54980323e-04
5.05000000e+03,2.40443286e-03,2.03664727e-03,2.16421347e-04,1.51364246e-04
5.06000000e+03,5.12484775e-03,4.64609247e-03,2.62952244e-04,2.15803038e-04
5.07000000e+03,2.64048903e-03,2.27219379e-03,2.10290178e-04,1.58005058e-04
5.08000000e+03,1.93836409e-03,1.62585430e-03,1.88581047e-04,1.23928745e-04
5.09000000e+03,1.32135636e-02,1.13446609e-02,9.35890764e-04,9.33011877e-04
5.10000000e+03,3.95710952e-03,3.35660212e-03,3.26108066e-04,2.74399331e-04
5.11000000e+03,7.79141353e-02,6.31486745e-02,9.55395991e-03,5.21150094e-03
5.12000000e+03,7.90085820e-02,7.34574579e-02,2.87985210e-03,2.67127200e-03
5.13000000e+03,2.31089431e-02,1.97113593e-02,1.61997153e-03,1.77761224e-03
5.14000000e+03,1.11208806e-02,1.00556935e-02,5.44333324e-04,5.20853833e-04
5.15000000e+03,4.62455874e-03,4.06169303e-03,3.36973609e-04,2.25892096e-04
5.16000000e+03,3.20218560e-03,2.76206589e-03,2.56306584e-04,1.83813129e-04
5.17000000e+03,2.15034141e-03,1.82067230e-03,1.94025196e-04,1.35643909e-04
5.18000000e+03,1.88921141e-03,1.57252565e-03,1.89661113e-04,1.27024650e-04
5.19000000e+03,1.71554688e-03,1.42887087e-03,1.74520359e-04,1.12155652e-04
5.20000000e+03,1.62563954e-03,1.34650813e-03,1.71117098e-04,1.08014308e-04
5.21000000e+03,1.55921502e-03,1.28734752e-03,1.67597376e-04,1.04270115e-04
5.22000000e+03,1.51677644e-03,1.24887344e-03,1.65753580e-04,1.02149412e-04
5.23000000e+03,1.58500889e-03,1.31132908e-03,1.67813819e-04,1.05865986e-04
5.24000000e+03,3.35310775e-03,2.92513361e-03,2.29751053e-04,1.98223089e-04
5.25000000e+03,1.65521674e-03,1.38190756e-03,1.66693383e-04,1.06615803e-04
5.26000000e+03,1.72195727e-03,1.44305714e-03,1.69785195e-04,1.09114935e-04
5.27000000e+03,7.23208051e-03,6.49428508e-03,3.79773123e-04,3.58022307e-04
5.28000000e+03,2.57461011e-03,2.22583753e-03,1.98867199e-04,1.49905382e-04
5.29000000e+03,1.64540915e-03,1.37403603e-03,1.65408735e-04,1.05964388e-04
5.30000000e+03,3.18931318e-03,2.79371509e-03,2.19181108e-04,1.76416976e-04
5.31000000e+03,1.70009847e-03,1.42476431e-03,1.67355909e-04,1.07978247e-04
5.32000000e+03,1.26779124e-02,8.43404555e-03,1.83971594e-03,2.40415088e-03
5.33000000e+03,1.84685757e-03,1.45902383e-03,2.25453053e-04,1.62380684e-04
5.34000000e+03,1.54802236e-03,1.27064740e-03,1.70412954e-04,1.06962007e-04
5.35000000e+03,1.42161662e-03,1.14045980e-03,1.69900389e-04,1.11256431e-04
5.36000000e+03,1.34890040e-03,1.08880053e-03,1.61194097e-04,9.89057690e-05
5.37000000e+03,1.28611735e-03,1.03495252e-03,1.55457937e-04,9.57068894e-05
5.38000000e+03,1.34379592e-03,1.09522900e-03,1.54443691e-04,9.41232273e-05
5.39000000e+03,2.35729178e-03,2.00773449e-03,2.03201513e-04,1.46355774e-04
5.40000000e+03,1.25244607e-03,1.01717185e-03,1.47608046e-04,8.76661699e-05
5.41000000e+03,1.23909839e-03,9.99862843e-04,1.49774906e-04,8.94606454e-05
5.42000000e+03,1.20008092e-03,9.69652482e-04,1.45330521e-04,8.50979203e-05
5.43000000e+03,1.18964020e-03,9.60930461e-04,1.44207364e-04,8.45023715e-05
5.44000000e+03,1.17579953e-03,9.47529604e-04,1.43883584e-04,8.43863443e-05
5.45000000e+03,1.17693229e-03,9.48720616e-04,1.43555832e-04,8.46558404e-05
5.46000000e+03,1.24622443e-03,1.00496712e-03,1.49162067e-04,9.20952449e-05
5.47000000e+03,1.86585073e-03,1.50439178e-03,2.03545137e-04,1.57913815e-04
5.48000000e+03,1.31925693e-03,1.06583628e-03,1.53791356e-04,9.96292987e-05
5.49000000e+03,1.31729744e-03,1.06244407e-03,1.55758434e-04,9.90949354e-05
5.50000000e+03,1.18082946e-03,9.49214909e-04,1.44063034e-04,8.75515144e-05
5.51000000e+03,4.55455148e-02,3.88770329e-02,3.31207603e-03,3.35640582e-03
5.52000000e+03,7.54236844e-03,6.53407826e-03,5.82575675e-04,4.25714506e-04
5.53000000e+03,9.65128832e-03,8.59368587e-03,5.57492470e-04,5.00109974e-04
5.54000000e+03,2.30387200e-03,1.95460277e-03,1.96657423e-04,1.52611810e-04
5.55000000e+03,3.01564554e-03,2.63505642e-03,2.13042378e-04,1.67546742e-04
5.56000000e+03,1.52345930e-03,1.25663477e-03,1.59744008e-04,1.07080524e-04
5.57000000e+03,2.68897502e-03,2.39859187e-03,1.69696812e-04,1.20686339e-04
5.58000000e+03,1.35029023e-03,1.12117251e-03,1.42173602e-04,8.69441198e-05
5.59000000e+03,4.42857648e-03,4.08554009e-03,1.87965213e-04,1.55071173e-04
5.60000000e+03,2.41668993e-03,2.14839325e-03,1.56386670e-04,1.11910017e-04
5.61000000e+03,1.16469244e-02,8.47199459e-03,1.70332704e-03,1.47160277e-03
5.62000000e+03,9.28118821e-03,6.55724405e-03,1.29277407e-03,1.43117009e-03
5.63000000e+03,5.74546843e-03,4.61458961e-03,5.74209772e-04,5.56669046e-04
5.64000000e+03,4.92851198e-03,4.27723388e-03,3.36351144e-04,3.14926957e-04
5.65000000e+03,6.17753722e-03,5.38111351e-03,4.13499237e-04,3.82924471e-04
5.66000000e+03,2.83033254e-03,2.49098162e-03,1.94619722e-04,1.44731194e-04
5.67000000e+03,1.96606076e-03,1.69861334e-03,1.60080824e-04,1.07366597e-04
5.68000000e+03,1.38284742e-03,1.15668790e-03,1.39024713e-04,8.71348060e-05
5.69000000e+03,5.33130699e-03,4.90315993e-03,2.32070733e-04,1.96076329e-04
5.70000000e+03,3.43216487e-03,3.09645744e-03,1.89432997e-04,1.46274434e-04
5.71000000e+03,6.20173183e-02,4.84718079e-02,7.16583165e-03,6.37967875e-03
5.72000000e+03,3.90108588e-02,2.77477987e-02,5.26561292e-03,5.99744725e-03
5.73000000e+03,2.18020263e-02,1.85732205e-02,1.48725182e-03,1.74155402e-03
5.74000000e+03,8.37113051e-03,6.51980733e-03,8.31543633e-04,1.01977954e-03
5.75000000e+03,3.13990872e-03,2.68366390e-03,2.48962700e-04,2.07282120e-04
5.76000000e+03,2.33815915e-03,1.96227231e-03,2.02533770e-04,1.73353070e-04
5.77000000e+03,1.60681396e-03,1.33971065e-03,1.56502154e-04,1.10601163e-04
5.78000000e+03,1.38414901e-03,1.15035027e-03,1.41953663e-04,9.18450716e-05
5.79000000e+03,1.28278744e-03,1.06192285e-03,1.35581633e-04,8.52829565e-05
5.80000000e+03,1.23556211e-03,1.02346219e-03,1.30697669e-04,8.14022517e-05
5.81000000e+03,1.18955992e-03,9.81090733e-04,1.29154673e-04,7.93145118e-05
5.82000000e+03,1.16160818e-03,9.55786384e-04,1.27861135e-04,7.79606617e-05
5.83000000e+03,1.13962755e-03,9.35963271e-04,1.26808963e-04,7.68553167e-05
5.84000000e+03,1.11982066e-03,9.17857947e-04,1.25963569e-04,7.59991477e-05
5.85000000e+03,1.10299808e-03,9.02615226e-04,1.25154902e-04,7.52279532e-05
5.86000000e+03,1.08821166e-03,8.89252322e-04,1.24393787e-04,7.45655462e-05
5.87000000e+03,1.07476894e-03,8.77126098e-04,1.23666483e-04,7.39763610e-05
5.88000000e+03,1.06254159e-03,8.66147227e-04,1.22964063e-04,7.34302971e-05
5.89000000e+03,1.05127115e-03,8.56053598e-04,1.22290755e-04,7.29267951e-05
5.90000000e+03,1.04164347e-03,8.47393509e-04,1.21688296e-04,7.25616607e-05
5.91000000e+03,1.03097829e-03,8.37591362e-04,1.21195523e-04,7.21914038e-05
5.92000000e+03,1.02065566e-03,8.28334854e-04,1.20611633e-04,7.17091776e-05
5.93000000e+03,1.01217999e-03,8.20665705e-04,1.20114751e-04,7.13995355e-05
5.94000000e+03,1.01184661e-03,8.19313961e-04,1.20434667e-04,7.20979789e-05
5.95000000e+03,1.15457369e-03,9.25922250e-04,1.36918627e-04,9.17328178e-05
5.96000000e+03,2.87208026e-03,2.22491099e-03,3.26887982e-04,3.20281292e-04
5.97000000e+03,5.31161929e-03,4.84340427e-03,2.42907754e-04,2.25307274e-04
5.98000000e+03,1.94588733e-03,1.68092832e-03,1.52702575e-04,1.12256433e-04
5.99000000e+03,1.08781718e-03,8.86348933e-04,1.23725352e-04,7.77428958e-05
6.00000000e+03,1.15174013e-03,9.57039661e-04,1.20235270e-04,7.44651973e-05
6.01000000e+03,1.66835947e-02,1.17154091e-02,1.78030378e-03,3.18788178e-03
6.02000000e+03,4.88135187e-03,4.22355850e-03,3.10883031e-04,3.46910335e-04
6.03000000e+03,4.12423121e-03,3.48381274e-03,3.33763694e-04,3.06654772e-04
6.04000000e+03,3.13103591e-03,2.63321064e-03,2.57827438e-04,2.39997834e-04
6.05000000e+03,2.47360317e-03,2.21104418e-03,1.48124856e-04,1.14434132e-04
6.06000000e+03,1.48636209e-03,1.26901071e-03,1.29323843e-04,8.80275336e-05
6.07000000e+03,1.10046596e-03,9.04409501e-04,1.21134336e-04,7.49221190e-05
6.08000000e+03,1.00370337e-03,8.16593346e-04,1.16603610e-04,7.05064117e-05
6.09000000e+03,9.76639843e-04,7.91478352e-04,1.15402873e-04,6.97586180e-05
6.10000000e+03,9.76876183e-04,7.92247089e-04,1.14936439e-04,6.96926545e-05
6.11000000e+03,2.41301204e-02,2.15069190e-02,1.18853277e-03,1.43466863e-03
6.12000000e+03,3.07708022e-03,2.66790889e-03,2.02677056e-04,2.06494276e-04
6.13000000e+03,1.71383118e-03,1.44595130e-03,1.54827817e-04,1.13052060e-04
6.14000000e+03,1.00794336e-03,8.19199069e-04,1.15810007e-04,7.29342798e-05
6.15000000e+03,1.03354882e-03,8.42622647e-04,1.14984218e-04,7.59419590e-05
6.16000000e+03,1.02288660e-03,8.35071810e-04,1.16243357e-04,7.15714362e-05
6.17000000e+03,9.57274875e-04,7.75178980e-04,1.12035693e-04,7.00602009e-05
6.18000000e+03,9.19452793e-04,7.41411533e-04,1.11018813e-04,6.70224470e-05
6.19000000e+03,9.00774543e-04,7.24794735e-04,1.09535934e-04,6.64438733e-05
6.20000000e+03,9.12300023e-04,7.35833067e-04,1.10024099e-04,6.64428569e-05
6.21000000e+03,3.26772845e-02,2.72941636e-02,2.59605323e-03,2.78706769e-03
6.22000000e+03,2.73816133e-02,2.41337042e-02,1.65279491e-03,1.59511415e-03
6.23000000e+03,5.40639709e-03,4.66965716e-03,3.73505978e-04,3.63233956e-04
6.24000000e+03,1.63788246e-03,1.40413801e-03,1.37542286e-04,9.62021653e-05
6.25000000e+03,1.53251333e-03,1.29025118e-03,1.40929997e-04,1.01332155e-04
6.26000000e+03,1.42365389e-03,1.20120602e-03,1.29557321e-04,9.28905472e-05
6.27000000e+03,1.18539587e-03,9.86382971e-04,1.19293771e-04,7.97191311e-05
6.28000000e+03,2.99577555e-03,2.73295154e-03,1.48255023e-04,1.14568983e-04
6.29000000e+03,1.87792690e-03,1.66118701e-03,1.27321015e-04,8.94188746e-05
6.30000000e+03,1.55782035e-03,1.35446435e-03,1.21131202e-04,8.22248001e-05
6.31000000e+03,1.16829300e-03,9.80602972e-04,1.13968568e-04,7.37214604e-05
6.32000000e+03,9.42171366e-04,7.69075917e-04,1.07095453e-04,6.59999955e-05
6.33000000e+03,9.08125654e-04,7.37410038e-04,1.06005909e-04,6.47097063e-05
6.34000000e+03,1.10526351e-03,9.25781637e-04,1.09650208e-04,6.98316638e-05
6.35000000e+03,3.57123050e-03,3.26227620e-03,1.64981949e-04,1.43972348e-04
6.36000000e+03,1.09277481e-03,9.12387538e-04,1.10533963e-04,6.98533046e-05
6.37000000e+03,1.01515675e-03,8.40833951e-04,1.07170235e-04,6.71525656e-05
6.38000000e+03,9.78348251e-04,8.05780958e-04,1.06672083e-04,6.58952094e-05
6.39000000e+03,9.07036005e-04,7.37293757e-04,1.05369893e-04,6.43723551e-05
6.40000000e+03,2.94047296e-03,2.58063630e-03,1.86640407e-04,1.73196253e-04
6.41000000e+03,1.49434137e-01,1.24097275e-01,1.11614109e-02,1.41754516e-02
6.42000000e+03,4.78630272e-02,3.79819502e-02,4.36481989e-03,5.51625709e-03
6.43000000e+03,2.88025125e-02,2.65121790e-02,1.02145225e-03,1.26888126e-03
6.44000000e+03,1.20597966e-02,1.06977352e-02,6.29889910e-04,7.32171531e-04
6.45000000e+03,4.01316451e-03,3.68497262e-03,1.74453219e-04,1.53738664e-04
6.46000000e+03,2.28606854e-03,1.97425078e-03,1.73590159e-04,1.38227594e-04
6.47000000e+03,1.51100243e-03,1.29708374e-03,1.25201070e-04,8.87176164e-05
6.48000000e+03,1.30827580e-03,1.11756541e-03,1.15200177e-04,7.55102094e-05
6.49000000e+03,1.19224360e-03,1.01114409e-03,1.09964494e-04,7.11350152e-05
6.50000000e+03,1.11728003e-03,9.42406658e-04,1.06919654e-04,6.79537178e-05
6.51000000e+03,1.06909475e-03,8.97034701e-04,1.05231526e-04,6.68285221e-05
6.52000000e+03,1.03449903e-03,8.65140971e-04,1.03949254e-04,6.54088103e-05
6.53000000e+03,1.02535386e-03,8.56289333e-04,1.03661689e-04,6.54028404e-05
6.54000000e+03,1.78193670e-03,1.53213970e-03,1.38114343e-04,1.11682656e-04
6.55000000e+03,9.79786394e-04,8.13578350e-04,1.01875184e-04,6.43328598e-05
6.56000000e+03,1.14657716e-03,9.61177785e-04,1.10612858e-04,7.47865129e-05
6.57000000e+03,1.04005128e-03,8.66862547e-04,1.04085088e-04,6.91036438e-05
6.58000000e+03,9.31431249e-04,7.70068468e-04,9.93885747e-05,6.19742068e-05
6.59000000e+03,9.17229024e-04,7.57478615e-04,9.87551349e-05,6.09952736e-05
6.60000000e+03,9.05267391e-04,7.47116562e-04,9.75932020e-05,6.05576268e-05
6.61000000e+03,1.75301843e-02,8.83901458e-03,3.31179976e-03,5.37936994e-03
6.62000000e+03,1.88140657e-02,1.54529977e-02,1.46121899e-03,1.89984905e-03
6.63000000e+03,4.75240801e-03,4.20277295e-03,2.99124027e-04,2.50511040e-04
6.64000000e+03,3.56640639e-03,2.91242899e-03,3.01897825e-04,3.52079576e-04
6.65000000e+03,1.35579322e-03,1.15971431e-03,1.13665666e-04,8.24132465e-05
6.66000000e+03,1.26624436e-03,1.05123123e-03,1.23176210e-04,9.18369198e-05
6.67000000e+03,1.06487826e-03,8.96668593e-04,1.01529678e-04,6.66799895e-05
6.68000000e+03,1.00043724e-03,8.34872656e-04,1.01309227e-04,6.42553593e-05
6.69000000e+03,9.60005012e-04,8.02292109e-04,9.72391000e-05,6.04738026e-05
6.70000000e+03,1.02419021e-03,8.62968193e-04,9.88699135e-05,6.23520991e-05
6.71000000e+03,2.36430252e-03,2.11458276e-03,1.37543771e-04,1.12175996e-04
6.72000000e+03,1.18480730e-03,1.01253848e-03,1.03774863e-04,6.84939604e-05
6.73000000e+03,1.01112047e-03,8.50150070e-04,9.84071783e-05,6.25632249e-05
6.74000000e+03,9.29739569e-04,7.74377949e-04,9.59981976e-05,5.93634229e-05
6.75000000e+03,8.85544805e-04,7.33434780e-04,9.43072684e-05,5.78027567e-05
6.76000000e+03,8.62355233e-04,7.12043897e-04,9.34519586e-05,5.68593779e-05
6.77000000e+03,8.49373845e-04,7.00177482e-04,9.27992241e-05,5.63971391e-05
6.78000000e+03,8.41154678e-04,6.92771072e-04,9.23239800e-05,5.60596255e-05
6.79000000e+03,8.34486834e-04,6.86818409e-04,9.18921383e-05,5.57762867e-05
6.80000000e+03,8.27578237e-04,6.80644487e-04,9.14337773e-05,5.54999725e-05
6.81000000e+03,8.20309270e-04,6.73931745e-04,9.11158592e-05,5.52616665e-05
6.82000000e+03,8.13845903e-04,6.68066889e-04,9.07563185e-05,5.50226947e-05
6.83000000e+03,8.07840635e-04,6.62662961e-04,9.03898065e-05,5.47878669e-05
6.84000000e+03,8.02146890e-04,6.57566189e-04,9.00239090e-05,5.45567927e-05
6.85000000e+03,7.96724255e-04,6.52734008e-04,8.96575802e-05,5.43326674e-05
6.86000000e+03,7.91512041e-04,6.48104403e-04,8.92960434e-05,5.41115945e-05
6.87000000e+03,7.86490838e-04,6.43656590e-04,8.89380111e-05,5.38962369e-05
6.88000000e+03,7.81642920e-04,6.39374253e-04,8.85844112e-05,5.36842551e-05
6.89000000e+03,7.76950030e-04,6.35239336e-04,8.82345475e-05,5.34761458e-05
6.90000000e+03,7.72398278e-04,6.31238317e-04,8.78881589e-05,5.32718016e-05
6.91000000e+03,7.67200947e-04,6.26434110e-04,8.76567987e-05,5.31100379e-05
6.92000000e+03,7.62530464e-04,6.22213239e-04,8.73839836e-05,5.29332419e-05
6.93000000e+03,7.61525105e-04,6.21518121e-04,8.71584375e-05,5.28485462e-05
6.94000000e+03,1.07385386e-03,9.22373027e-04,9.20847404e-05,5.93960925e-05
6.95000000e+03,1.38017974e-03,1.21510160e-03,9.83249894e-05,6.67531557e-05
6.96000000e+03,1.13958369e-03,9.86622553e-04,9.24648173e-05,6.04963192e-05
6.97000000e+03,8.83914410e-04,7.40393820e-04,8.82834578e-05,5.52371319e-05
6.98000000e+03,8.16492924e-04,6.75569012e-04,8.71964183e-05,5.37274931e-05
6.99000000e+03,7.43886791e-04,6.06291675e-04,8.55807532e-05,5.20143621e-05
7.00000000e+03,7.41738988e-04,6.04620672e-04,8.52592600e-05,5.18590559e-05
7.01000000e+03,7.30893895e-04,5.94493354e-04,8.48698484e-05,5.15306922e-05
7.02000000e+03,7.35085965e-04,5.98294820e-04,8.47713565e-05,5.20197882e-05
7.03000000e+03,1.88891855e-03,1.64360735e-03,1.30261629e-04,1.15049568e-04
7.04000000e+03,3.93001048e-03,3.57889106e-03,1.82863926e-04,1.68255497e-04
7.05000000e+03,3.08784977e-03,2.81015143e-03,1.47592683e-04,1.30105658e-04
7.06000000e+03,1.33686716e-03,1.16695804e-03,9.85431965e-05,7.13659221e-05
7.07000000e+03,8.27749236e-04,6.85800287e-04,8.64687173e-05,5.54802311e-05
7.08000000e+03,7.17416420e-04,5.83089697e-04,8.32722001e-05,5.10545224e-05
7.09000000e+03,7.05109660e-04,5.72069548e-04,8.28417064e-05,5.01984062e-05
7.10000000e+03,7.21677781e-04,5.87140090e-04,8.34268822e-05,5.11108088e-05
7.11000000e+03,7.63381852e-04,6.23841147e-04,8.53708993e-05,5.41698060e-05
7.12000000e+03,7.57101877e-04,6.17972434e-04,8.50820747e-05,5.40473684e-05
7.13000000e+03,7.17732880e-04,5.83217337e-04,8.30712132e-05,5.14443298e-05
7.14000000e+03,6.99536689e-04,5.67554410e-04,8.19296101e-05,5.00526687e-05
7.15000000e+03,1.59202613e-03,1.41255714e-03,1.05262284e-04,7.42067093e-05
7.16000000e+03,1.47841514e-03,1.30189703e-03,1.03310731e-04,7.32073826e-05
7.17000000e+03,2.50348754e-03,2.28970711e-03,1.17047012e-04,9.67334128e-05
7.18000000e+03,1.70444699e-03,1.51146538e-03,1.09050244e-04,8.39313588e-05
7.19000000e+03,9.66099680e-04,8.19258877e-04,8.78472306e-05,5.89935727e-05
7.20000000e+03,7.10579737e-04,5.79713843e-04,8.08385269e-05,5.00273667e-05
7.21000000e+03,6.94306908e-04,5.62454682e-04,8.11236292e-05,5.07285967e-05
7.22000000e+03,1.31812422e-02,8.95978084e-03,1.88279448e-03,2.33866683e-03
7.23000000e+03,7.49250805e-04,6.06994590e-04,8.64783518e-05,5.57778631e-05
7.24000000e+03,7.35707503e-04,6.04883324e-04,7.99259050e-05,5.08982745e-05
7.25000000e+03,7.74646578e-04,6.20832565e-04,9.09184852e-05,6.28955278e-05
7.26000000e+03,8.27709272e-04,6.70737381e-04,9.21649854e-05,6.48069055e-05
7.27000000e+03,2.24113499e-03,2.01720856e-03,1.22474818e-04,1.01451609e-04
7.28000000e+03,1.25346293e-03,1.09176947e-03,9.44577998e-05,6.72356550e-05
7.29000000e+03,1.47264770e-03,1.30058485e-03,9.94962697e-05,7.25665804e-05
7.30000000e+03,6.78571686e-04,5.52272556e-04,7.82419482e-05,4.80571820e-05
7.31000000e+03,2.93223683e-02,2.47180102e-02,1.93428952e-03,2.67006857e-03
7.32000000e+03,1.26284680e-02,1.13769974e-02,5.94171176e-04,6.57299393e-04
7.33000000e+03,2.44049693e-03,1.97850212e-03,2.31542706e-04,2.30452102e-04
7.34000000e+03,1.35685491e-03,1.19461490e-03,9.49994092e-05,6.72405974e-05
7.35000000e+03,1.12832515e-03,9.58803881e-04,9.64782727e-05,7.30430010e-05
7.36000000e+03,9.57200546e-04,8.16653643e-04,8.42168826e-05,5.63300210e-05
7.37000000e+03,1.43787493e-03,1.28372664e-03,9.01370316e-05,6.40112612e-05
7.38000000e+03,7.74122932e-04,6.45296480e-04,7.89669459e-05,4.98595063e-05
7.39000000e+03,6.49067628e-04,5.27116785e-04,7.57431366e-05,4.62077066e-05
7.40000000e+03,6.68348443e-04,5.46021566e-04,7.57679104e-05,4.65589669e-05
7.41000000e+03,5.57414233e-02,4.43595000e-02,5.81221050e-03,5.56971277e-03
7.42000000e+03,1.72721026e-02,1.29252668e-02,1.91264596e-03,2.43418984e-03
7.43000000e+03,6.60550515e-03,5.82884936e-03,4.06057183e-04,3.70598604e-04
7.44000000e+03,2.64970864e-03,2.10843685e-03,2.70819381e-04,2.70452409e-04
7.45000000e+03,1.26585172e-03,1.06579499e-03,1.13360818e-04,8.66959099e-05
7.46000000e+03,1.08703226e-03,9.01964103e-04,1.05571693e-04,7.94964657e-05
7.47000000e+03,7.58482643e-04,6.18205493e-04,8.44872625e-05,5.57898871e-05
7.48000000e+03,7.34179400e-04,5.98914806e-04,8.17463948e-05,5.35181988e-05
7.49000000e+03,6.86200196e-04,5.57924823e-04,7.84253335e-05,4.98500389e-05
7.50000000e+03,6.78678772e-04,5.51829781e-04,7.76674180e-05,4.91815725e-05
7.51000000e+03,6.86488414e-04,5.60571375e-04,7.73477228e-05,4.85693160e-05
7.52000000e+03,2.63670643e-03,2.41552017e-03,1.19327630e-04,1.01858626e-04
7.53000000e+03,2.66623815e-03,2.44592758e-03,1.17535821e-04,1.02774747e-04
7.54000000e+03,1.48095542e-03,1.31589540e-03,9.39231958e-05,7.11368326e-05
7.55000000e+03,9.15636712e-04,7.80269029e-04,8.11893650e-05,5.41783171e-05
7.56000000e+03,7.18771882e-04,5.94582842e-04,7.60855915e-05,4.81034479e-05
7.57000000e+03,6.54512830e-04,5.33828798e-04,7.43986307e-05,4.62854015e-05
7.58000000e+03,6.34162913e-04,5.15021949e-04,7.37149200e-05,4.54260437e-05
7.59000000e+03,6.32032210e-04,5.13167802e-04,7.35386403e-05,4.53257674e-05
7.60000000e+03,1.01914435e-03,8.66542754e-04,8.74453426e-05,6.51562486e-05
7.61000000e+03,1.07125619e-03,8.32121011e-04,1.30479985e-04,1.08655189e-04
7.62000000e+03,2.31578747e-03,1.76632696e-03,2.72836539e-04,2.76623972e-04
7.63000000e+03,3.50137131e-03,3.08910798e-03,2.04325451e-04,2.07937877e-04
7.64000000e+03,1.72466361e-03,1.50837492e-03,1.17814855e-04,9.84738373e-05
7.65000000e+03,9.33441018e-04,7.98418280e-04,8.08248771e-05,5.41978605e-05
7.66000000e+03,7.12910527e-04,5.90985827e-04,7.43765761e-05,4.75481244e-05
7.67000000e+03,6.38691500e-04,5.19349717e-04,7.35236685e-05,4.58181149e-05
7.68000000e+03,6.11424685e-04,4.95379061e-04,7.18385320e-05,4.42070922e-05
7.69000000e+03,5.99899622e-04,4.85314718e-04,7.12035796e-05,4.33813240e-05
7.70000000e+03,5.95023893e-04,4.81251301e-04,7.07274193e-05,4.30451722e-05
7.71000000e+03,5.91490968e-04,4.78122473e-04,7.05550875e-05,4.28134081e-05
7.72000000e+03,5.89281181e-04,4.76267392e-04,7.03569060e-05,4.26568837e-05
7.73000000e+03,9.18441338e-04,7.90313950e-04,7.77068863e-05,5.04205019e-05
7.74000000e+03,6.35071354e-04,5.14978165e-04,7.24032511e-05,4.76899376e-05
7.75000000e+03,5.96427010e-04,4.81405600e-04,7.08334866e-05,4.41879226e-05
7.76000000e+03,7.94611714e-04,6.71276017e-04,7.50676457e-05,4.82680513e-05
7.77000000e+03,7.74642892e-04,6.52654151e-04,7.48008026e-05,4.71879390e-05
7.78000000e+03,6.29244375e-04,5.15210939e-04,7.06668901e-05,4.33665461e-05
7.79000000e+03,5.78705486e-04,4.67495085e-04,6.91759003e-05,4.20345011e-05
7.80000000e+03,5.71891642e-04,4.61277049e-04,6.88508248e-05,4.17637681e-05
7.81000000e+03,5.71519999e-04,4.61100998e-04,6.87506212e-05,4.16683798e-05
7.82000000e+03,5.66796981e-04,4.56784441e-04,6.85711508e-05,4.14413890e-05
7.83000000e+03,5.64559764e-04,4.54832956e-04,6.84332537e-05,4.12935540e-05
7.84000000e+03,5.69788511e-04,4.59997963e-04,6.84197922e-05,4.13707558e-05
7.85000000e+03,1.27002652e-03,1.12838680e-03,8.25689383e-05,5.90707840e-05
7.86000000e+03,7.53452146e-04,6.34548606e-04,7.26662664e-05,4.62372735e-05
7.87000000e+03,9.71072759e-04,8.42690644e-04,7.64557200e-05,5.19263951e-05
7.88000000e+03,6.26600814e-04,5.15044556e-04,6.90642647e-05,4.24919931e-05
7.89000000e+03,5.72858812e-04,4.63966028e-04,6.79347299e-05,4.09580548e-05
7.90000000e+03,5.70078813e-04,4.61459246e-04,6.77782138e-05,4.08413527e-05
7.91000000e+03,1.25636156e-03,1.07719217e-03,1.00906592e-04,7.82628006e-05
7.92000000e+03,9.32805859e-04,6.95092236e-04,1.28109839e-04,1.09603784e-04
7.93000000e+03,1.07638893e-03,8.42798088e-04,1.24063544e-04,1.09527295e-04
7.94000000e+03,7.50796503e-04,5.84135458e-04,9.45581776e-05,7.21028671e-05
7.95000000e+03,6.28202797e-04,4.91168598e-04,8.01256240e-05,5.69085751e-05
7.96000000e+03,5.73976792e-04,4.54348947e-04,7.29931180e-05,4.66347264e-05
7.97000000e+03,5.49704985e-04,4.39862565e-04,6.79420595e-05,4.19003605e-05
7.98000000e+03,5.40677011e-04,4.34124988e-04,6.66912244e-05,3.98607982e-05
7.99000000e+03,5.35829554e-04,4.30163634e-04,6.61623917e-05,3.95035278e-05
8.00000000e+03,5.33660884e-04,4.28468751e-04,6.59464851e-05,3.92456471e-05
8.01000000e+03,5.31349077e-04,4.26355501e-04,6.58707990e-05,3.91227765e-05
8.02000000e+03,5.29157300e-04,4.24412433e-04,6.57314094e-05,3.90134579e-05
8.03000000e+03,5.31292482e-04,4.26608978e-04,6.56330905e-05,3.90504144e-05
8.04000000e+03,9.37122544e-04,8.13587951e-04,7.38576747e-05,4.96769186e-05
8.05000000e+03,6.48397071e-04,5.38182610e-04,6.84348672e-05,4.17795935e-05
8.06000000e+03,7.54985449e-04,6.39360101e-04,7.03518696e-05,4.52734784e-05
8.07000000e+03,5.74053796e-04,4.67677685e-04,6.62067812e-05,4.01693306e-05
8.08000000e+03,5.24789306e-04,4.21087594e-04,6.52012441e-05,3.85004680e-05
8.09000000e+03,5.29622688e-04,4.25897479e-04,6.51760075e-05,3.85492021e-05
8.10000000e+03,5.16188019e-04,4.13302056e-04,6.46522075e-05,3.82337548e-05
8.11000000e+03,5.15093232e-04,4.12340843e-04,6.45751870e-05,3.81772019e-05
8.12000000e+03,5.11276216e-04,4.08808086e-04,6.44431752e-05,3.80249541e-05
8.13000000e+03,5.09556336e-04,4.07300511e-04,6.43450897e-05,3.79107355e-05
8.14000000e+03,5.08766429e-04,4.06697389e-04,6.42103423e-05,3.78586970e-05
8.15000000e+03,6.26650261e-04,5.19859468e-04,6.63528289e-05,4.04379644e-05
8.16000000e+03,3.76603268e-03,3.51383470e-03,1.36688596e-04,1.15509383e-04
8.17000000e+03,5.95776556e-04,4.89980343e-04,6.52476377e-05,4.05485749e-05
8.18000000e+03,1.87635731e-03,1.73004134e-03,8.39842067e-05,6.23317624e-05
8.19000000e+03,3.18331006e-03,2.94660354e-03,1.21344089e-04,1.15362431e-04
8.20000000e+03,1.17327249e-03,1.03983830e-03,7.70905782e-05,5.63436035e-05
8.21000000e+03,3.38378102e-02,3.04030029e-02,1.70008970e-03,1.73471763e-03
8.22000000e+03,9.64620497e-03,8.60592914e-03,5.05975273e-04,5.34300562e-04
8.23000000e+03,3.01215702e-03,2.75431251e-03,1.30374473e-04,1.27470039e-04
8.24000000e+03,9.77601667e-04,7.57119781e-04,1.18749000e-04,1.01732886e-04
8.25000000e+03,6.18331811e-04,4.81266351e-04,7.91567205e-05,5.79087400e-05
8.26000000e+03,5.67039466e-04,4.47775565e-04,6.97993594e-05,4.94645413e-05
8.27000000e+03,5.32388336e-04,4.27963527e-04,6.47754752e-05,3.96493332e-05
8.28000000e+03,5.11575292e-04,4.10101155e-04,6.34971051e-05,3.79770325e-05
8.29000000e+03,5.05949303e-04,4.05351323e-04,6.28976713e-05,3.77003089e-05
8.30000000e+03,4.99828209e-04,4.00145850e-04,6.25094044e-05,3.71729548e-05
8.31000000e+03,4.95998101e-04,3.96658461e-04,6.23995051e-05,3.69401346e-05
8.32000000e+03,4.93275221e-04,3.94312506e-04,6.21962608e-05,3.67664541e-05
8.33000000e+03,4.90908138e-04,3.92230856e-04,6.20431462e-05,3.66341359e-05
8.34000000e+03,4.89120384e-04,3.90717533e-04,6.19005993e-05,3.65022526e-05
8.35000000e+03,5.01404156e-04,4.02698379e-04,6.19487321e-05,3.67570456e-05
8.36000000e+03,1.07746204e-03,9.54916372e-04,7.23349663e-05,5.02107037e-05
8.37000000e+03,6.40477275e-04,5.36293178e-04,6.47452450e-05,3.94388523e-05
8.38000000e+03,6.45935031e-04,5.41361975e-04,6.44115440e-05,4.01615126e-05
8.39000000e+03,5.12162637e-04,4.13869348e-04,6.18810923e-05,3.64121976e-05
8.40000000e+03,1.41703425e-03,1.29019244e-03,7.45321833e-05,5.23096233e-05
8.41000000e+03,1.16612521e-03,1.04084095e-03,7.29239841e-05,5.23602751e-05
8.42000000e+03,5.84537714e-03,5.51593560e-03,1.66529441e-04,1.62912090e-04
8.43000000e+03,1.01647080e-03,8.91506231e-04,7.14862824e-05,5.34782829e-05
8.44000000e+03,5.52486008e-04,4.49613324e-04,6.34078467e-05,3.94648378e-05
8.45000000e+03,8.65728376e-04,7.51800227e-04,6.87845562e-05,4.51435921e-05
8.46000000e+03,5.61843358e-04,4.57178074e-04,6.34993715e-05,4.11659128e-05
8.47000000e+03,1.38280261e-03,1.24117834e-03,8.14376664e-05,6.01866000e-05
8.48000000e+03,2.51557438e-03,2.28842750e-03,1.16168936e-04,1.10977942e-04
8.49000000e+03,7.92765801e-04,6.78209802e-04,6.83905068e-05,4.61654927e-05
8.50000000e+03,5.88900943e-04,4.86128231e-04,6.30370389e-05,3.97356732e-05
8.51000000e+03,1.28122418e-02,8.80647984e-03,1.91973236e-03,2.08602958e-03
8.52000000e+03,1.95982138e-02,1.70762688e-02,1.16056768e-03,1.36137735e-03
8.53000000e+03,3.88458891e-03,3.52281568e-03,1.76224973e-04,1.85548261e-04
8.54000000e+03,1.41580529e-03,1.16186565e-03,1.31880680e-04,1.22058965e-04
8.55000000e+03,1.00975170e-03,8.50526063e-04,8.87681896e-05,7.04574463e-05
8.56000000e+03,7.23242781e-04,6.11839221e-04,6.66429505e-05,4.47606093e-05
8.57000000e+03,5.29436198e-04,4.29281185e-04,6.15694863e-05,3.85855274e-05
8.58000000e+03,5.15095442e-04,4.17056541e-04,6.08463216e-05,3.71925788e-05
8.59000000e+03,4.87654762e-04,3.92429369e-04,5.95834287e-05,3.56419640e-05
8.60000000e+03,4.84120723e-04,3.89881160e-04,5.90351978e-05,3.52043648e-05
8.61000000e+03,1.55843086e-02,1.19164230e-02,1.61345772e-03,2.05442788e-03
8.62000000e+03,6.05996994e-03,5.18433704e-03,3.85645445e-04,4.89987457e-04
8.63000000e+03,2.45037019e-03,2.11194775e-03,1.61171464e-04,1.77250976e-04
8.64000000e+03,3.33632065e-03,3.09276590e-03,1.25725045e-04,1.17829708e-04
8.65000000e+03,8.07401910e-04,6.97585260e-04,6.63001049e-05,4.35165452e-05
8.66000000e+03,7.46946594e-04,6.41344654e-04,6.38273580e-05,4.17745818e-05
8.67000000e+03,6.33090450e-04,5.31666810e-04,6.20315807e-05,3.93920588e-05
8.68000000e+03,5.21046361e-04,4.27138385e-04,5.87816881e-05,3.51262872e-05
8.69000000e+03,4.83182192e-04,3.91383289e-04,5.76768950e-05,3.41220080e-05
8.70000000e+03,4.72879303e-04,3.81370666e-04,5.75220428e-05,3.39865943e-05
8.71000000e+03,4.92235884e-04,3.99728407e-04,5.79281938e-05,3.45792830e-05
8.72000000e+03,1.21368101e-03,1.04102518e-03,9.07208660e-05,8.19349693e-05
8.73000000e+03,2.37616080e-03,2.16033344e-03,1.14516352e-04,1.01311014e-04
8.74000000e+03,7.88937721e-04,6.76947464e-04,6.62402471e-05,4.57500094e-05
8.75000000e+03,4.77216622e-04,3.85189365e-04,5.75722449e-05,3.44550124e-05
8.76000000e+03,5.24990923e-04,4.28287758e-04,6.00083430e-05,3.66948220e-05
8.77000000e+03,9.67377797e-04,8.54923767e-04,6.69870508e-05,4.54669791e-05
8.78000000e+03,6.31656014e-04,5.35923058e-04,5.93584309e-05,3.63745257e-05
8.79000000e+03,1.83260379e-03,1.69965419e-03,7.67989568e-05,5.61506432e-05
8.80000000e+03,4.79424703e-04,3.88979340e-04,5.68597629e-05,3.35856004e-05
8.81000000e+03,1.39031380e-02,1.20841491e-02,8.87942169e-04,9.31046707e-04
8.82000000e+03,1.09588669e-02,9.75767812e-03,5.67549851e-04,6.33638903e-04
8.83000000e+03,2.27241413e-03,2.06447239e-03,1.13916084e-04,9.40256486e-05
8.84000000e+03,1.82672860e-03,1.66788023e-03,9.21961538e-05,6.66522154e-05
8.85000000e+03,6.33780186e-04,5.14981042e-04,7.06693005e-05,4.81298440e-05
8.86000000e+03,6.29717100e-04,5.28184867e-04,6.20482273e-05,3.94840058e-05
8.87000000e+03,4.98956647e-04,4.06728454e-04,5.76045445e-05,3.46236487e-05
8.88000000e+03,4.79665230e-04,3.86959059e-04,5.79105835e-05,3.47955876e-05
8.89000000e+03,4.64526296e-04,3.75303628e-04,5.60377342e-05,3.31849336e-05
8.90000000e+03,4.59705265e-04,3.70880957e-04,5.57054890e-05,3.31188197e-05
8.91000000e+03,4.55044404e-04,3.66662283e-04,5.55466830e-05,3.28354380e-05
8.92000000e+03,4.52034069e-04,3.64039109e-04,5.53739934e-05,3.26209665e-05
8.93000000e+03,4.49456270e-04,3.61758927e-04,5.52234558e-05,3.24738875e-05
8.94000000e+03,4.47097140e-04,3.59664226e-04,5.50825758e-05,3.23503382e-05
8.95000000e+03,4.45077477e-04,3.57894602e-04,5.49504673e-05,3.22324084e-05
8.96000000e+03,4.43365985e-04,3.56412392e-04,5.48309293e-05,3.21226635e-05
8.97000000e+03,4.45986963e-04,3.59020111e-04,5.48359899e-05,3.21308625e-05
8.98000000e+03,5.98352341e-04,5.02591298e-04,5.90068136e-05,3.67542291e-05
8.99000000e+03,9.61286930e-04,8.42894186e-04,6.97084427e-05,4.86843011e-05
9.00000000e+03,4.89991763e-04,4.00483614e-04,5.58715617e-05,3.36365869e-05
9.01000000e+03,6.51087363e-04,5.24950841e-04,7.20682265e-05,5.40682961e-05
9.02000000e+03,1.44096285e-03,1.20500578e-03,1.21350521e-04,1.14606548e-04
9.03000000e+03,1.24210057e-03,1.06133609e-03,9.75551094e-05,8.32093721e-05
9.04000000e+03,6.09136444e-04,5.11217821e-04,5.99767295e-05,3.79418937e-05
9.05000000e+03,8.00117391e-04,6.91829636e-04,6.46168970e-05,4.36708586e-05
9.06000000e+03,4.45110292e-04,3.58211822e-04,5.46583267e-05,3.22401435e-05
9.07000000e+03,4.57100139e-04,3.70294798e-04,5.45374199e-05,3.22679212e-05
9.08000000e+03,4.41639417e-04,3.55842112e-04,5.41052174e-05,3.16920875e-05
9.09000000e+03,4.24967624e-04,3.40413993e-04,5.35320723e-05,3.10215591e-05
9.10000000e+03,4.25871940e-04,3.41357550e-04,5.34965130e-05,3.10178775e-05
9.11000000e+03,4.27429583e-04,3.42486176e-04,5.36816177e-05,3.12617895e-05
9.12000000e+03,1.70040632e-03,1.32901074e-03,1.76400701e-04,1.94994879e-04
9.13000000e+03,8.19660800e-04,6.35501868e-04,9.87797853e-05,8.53791469e-05
9.14000000e+03,5.56262367e-04,4.31666415e-04,7.11482199e-05,5.34477321e-05
9.15000000e+03,5.31103777e-04,4.19089802e-04,6.53878523e-05,4.66261231e-05
9.16000000e+03,7.23924303e-04,6.22017410e-04,6.11758650e-05,4.07310280e-05
9.17000000e+03,6.04504559e-04,5.11466637e-04,5.68820949e-05,3.61558278e-05
9.18000000e+03,8.88249495e-04,7.85101092e-04,6.15104162e-05,4.16379865e-05
9.19000000e+03,4.32046992e-04,3.47700520e-04,5.32266826e-05,3.11197891e-05
9.20000000e+03,4.86408428e-04,4.00594787e-04,5.38958072e-05,3.19178338e-05
9.21000000e+03,1.00977309e-02,6.68261931e-03,1.44294950e-03,1.97216212e-03
9.22000000e+03,7.73033975e-03,6.75712589e-03,4.25903095e-04,5.47310767e-04
9.23000000e+03,2.67001476e-03,2.24562658e-03,2.39486638e-04,1.84901541e-04
9.24000000e+03,2.23798341e-03,2.02733884e-03,1.10475190e-04,1.00169377e-04
9.25000000e+03,1.18301471e-03,1.01261251e-03,9.17455988e-05,7.86566045e-05
9.26000000e+03,7.01482736e-04,5.99856783e-04,6.11773870e-05,4.04485669e-05
9.27000000e+03,1.10604848e-03,9.99305391e-04,6.22382361e-05,4.45048572e-05
9.28000000e+03,5.26091689e-04,4.38416373e-04,5.40583009e-05,3.36170156e-05
9.29000000e+03,4.84578965e-04,3.98861413e-04,5.30917816e-05,3.26257706e-05
9.30000000e+03,4.74250883e-04,3.89652699e-04,5.23905938e-05,3.22075900e-05
9.31000000e+03,4.39672480e-04,3.56449754e-04,5.19206277e-05,3.13020987e-05
9.32000000e+03,4.31403191e-04,3.48655100e-04,5.17226950e-05,3.10253961e-05
9.33000000e+03,4.28522961e-04,3.46181874e-04,5.15176237e-05,3.08234636e-05
9.34000000e+03,4.24217622e-04,3.42271970e-04,5.13311150e-05,3.06145367e-05
9.35000000e+03,4.25824587e-04,3.44050039e-04,5.12075153e-05,3.05670328e-05
9.36000000e+03,6.91294981e-04,5.98742870e-04,5.60381557e-05,3.65139554e-05
9.37000000e+03,5.82220176e-04,4.92643650e-04,5.44139732e-05,3.51625528e-05
9.38000000e+03,8.86334743e-04,7.79335467e-04,6.22722220e-05,4.47270541e-05
9.39000000e+03,5.01946511e-04,4.13705509e-04,5.40216105e-05,3.42193910e-05
9.40000000e+03,6.12157871e-04,5.20093586e-04,5.53075196e-05,3.67567658e-05
9.41000000e+03,5.88711075e-03,5.37688989e-03,2.41802393e-04,2.68418474e-04
9.42000000e+03,5.54380561e-03,4.60689304e-03,4.53519230e-04,4.83393346e-04
9.43000000e+03,1.39765685e-03,1.13401647e-03,1.36123106e-04,1.27517276e-04
9.44000000e+03,1.01385335e-03,8.77360748e-04,7.61923580e-05,6.03002439e-05
9.45000000e+03,7.10554209e-04,6.13301831e-04,5.69900787e-05,4.02622986e-05
9.46000000e+03,4.69477609e-04,3.86065646e-04,5.21255932e-05,3.12863699e-05
9.47000000e+03,4.32396775e-04,3.49421366e-04,5.14600848e-05,3.15153242e-05
9.48000000e+03,4.17944490e-04,3.37502215e-04,5.03683393e-05,3.00739353e-05
9.49000000e+03,4.07970264e-04,3.28898849e-04,4.98113049e-05,2.92601103e-05
9.50000000e+03,4.04541158e-04,3.25913957e-04,4.95631376e-05,2.90640634e-05
9.51000000e+03,4.02149565e-04,3.23681101e-04,4.94673145e-05,2.90011494e-05
9.52000000e+03,4.00086413e-04,3.21856783e-04,4.93706958e-05,2.88589334e-05
9.53000000e+03,3.98615202e-04,3.20565956e-04,4.92735157e-05,2.87757299e-05
9.54000000e+03,3.98226773e-04,3.20329690e-04,4.91824537e-05,2.87146296e-05
9.55000000e+03,4.42973195e-04,3.63740377e-04,4.97620930e-05,2.94707248e-05
9.56000000e+03,2.08335170e-03,1.94276803e-03,7.69324728e-05,6.36511954e-05
9.57000000e+03,1.11823803e-03,1.01378543e-03,6.09027868e-05,4.35498136e-05
9.58000000e+03,4.80720456e-04,3.99810875e-04,5.05020397e-05,3.04075404e-05
9.59000000e+03,4.46868083e-04,3.67784361e-04,4.96234547e-05,2.94602678e-05
9.60000000e+03,4.18165627e-04,3.40383961e-04,4.90167466e-05,2.87649194e-05
9.61000000e+03,1.09147516e-02,7.88468074e-03,1.27182152e-03,1.75824932e-03
9.62000000e+03,3.38007349e-03,2.71854379e-03,3.12074201e-04,3.49455498e-04
9.63000000e+03,1.23023642e-03,9.93075938e-04,1.25140508e-04,1.12019974e-04
9.64000000e+03,2.10242226e-03,1.89280556e-03,1.05745948e-04,1.03870757e-04
9.65000000e+03,1.18083212e-03,1.04455414e-03,7.70179802e-05,5.92600029e-05
9.66000000e+03,8.29410175e-04,7.21345575e-04,6.28338610e-05,4.52307390e-05
9.67000000e+03,2.06452927e-03,1.90644864e-03,8.69692603e-05,7.11113692e-05
9.68000000e+03,8.40752913e-04,7.42988188e-04,5.86620814e-05,3.91026434e-05
9.69000000e+03,4.36962433e-04,3.58587374e-04,4.91066548e-05,2.92684048e-05
9.70000000e+03,4.52966876e-04,3.74295440e-04,4.90900970e-05,2.95813385e-05
9.71000000e+03,4.08466026e-04,3.31754937e-04,4.82595403e-05,2.84515484e-05
9.72000000e+03,3.91852160e-04,3.16216599e-04,4.77179116e-05,2.79176501e-05
9.73000000e+03,3.86856912e-04,3.11602539e-04,4.75390225e-05,2.77153509e-05
9.74000000e+03,3.84335831e-04,3.09368532e-04,4.74024685e-05,2.75648312e-05
9.75000000e+03,3.82590445e-04,3.07872627e-04,4.72918635e-05,2.74259544e-05
9.76000000e+03,3.81289028e-04,3.06750730e-04,4.72054517e-05,2.73328456e-05
9.77000000e+03,3.80121811e-04,3.05756344e-04,4.71118874e-05,2.72535789e-05
9.78000000e+03,3.79085614e-04,3.04885491e-04,4.70208853e-05,2.71792373e-05
9.79000000e+03,3.78083346e-04,3.04045581e-04,4.69318701e-05,2.71058950e-05
9.80000000e+03,3.77106137e-04,3.03229072e-04,4.68399764e-05,2.70370889e-05
9.81000000e+03,3.75851364e-04,3.02074139e-04,4.67947242e-05,2.69825000e-05
9.82000000e+03,3.74753743e-04,3.01101099e-04,4.67306648e-05,2.69219790e-05
9.83000000e+03,3.74828323e-04,3.01281896e-04,4.66705346e-05,2.68758926e-05
9.84000000e+03,5.32716476e-04,4.55324893e-04,4.83109248e-05,2.90806581e-05
9.85000000e+03,3.81218745e-04,3.07515733e-04,4.66459120e-05,2.70571000e-05
9.86000000e+03,5.57385908e-04,4.78899982e-04,4.87027193e-05,2.97832060e-05
9.87000000e+03,4.16382752e-04,3.42150741e-04,4.69213812e-05,2.73106294e-05
9.88000000e+03,3.73973723e-04,3.00881058e-04,4.64531272e-05,2.66395382e-05
9.89000000e+03,3.74050672e-04,3.01117933e-04,4.63410315e-05,2.65917075e-05
9.90000000e+03,3.69996526e-04,2.97370406e-04,4.61419414e-05,2.64841782e-05
9.91000000e+03,3.66466097e-04,2.93987024e-04,4.60739835e-05,2.64050894e-05
9.92000000e+03,3.65565465e-04,2.93207405e-04,4.60148583e-05,2.63432019e-05
9.93000000e+03,3.64401631e-04,2.92189366e-04,4.59244186e-05,2.62878469e-05
9.94000000e+03,3.63411686e-04,2.91330354e-04,4.58452661e-05,2.62360661e-05
9.95000000e+03,3.62529741e-04,2.90579084e-04,4.57722451e-05,2.61784120e-05
9.96000000e+03,3.61669149e-04,2.89848633e-04,4.56922758e-05,2.61282400e-05
9.97000000e+03,3.61737601e-04,2.90007595e-04,4.56271156e-05,2.61028910e-05
9.98000000e+03,4.30234187e-04,3.55263007e-04,4.71088415e-05,2.78623381e-05
9.99000000e+03,1.80997476e-03,1.66449655e-03,8.11126808e-05,6.43655353e-05
1.00000000e+04,4.00948312e-04,3.26645094e-04,4.68365459e-05,2.74666721e-05
1.00100000e+04,3.73606083e-04,3.00175849e-04,4.60791450e-05,2.73510886e-05
1.00200000e+04,3.91305793e-04,3.17634771e-04,4.64738690e-05,2.71971524e-05
1.00300000e+04,3.70441060e-04,2.97904071e-04,4.57248309e-05,2.68121578e-05
1.00400000e+04,3.59215785e-04,2.87905133e-04,4.53352801e-05,2.59753718e-05
1.00500000e+04,3.55041808e-04,2.84185931e-04,4.50621371e-05,2.57937401e-05
1.00600000e+04,3.53684532e-04,2.83010233e-04,4.50073294e-05,2.56669692e-05
1.00700000e+04,3.52765397e-04,2.82263143e-04,4.49010007e-05,2.56012528e-05
1.00800000e+04,3.52661199e-04,2.82237601e-04,4.48609745e-05,2.55626239e-05
1.00900000e+04,4.42531571e-04,3.68185155e-04,4.65776980e-05,2.77687178e-05
1.01000000e+04,6.23568355e-04,5.42150849e-04,4.99938974e-05,3.14236081e-05
1.01100000e+04,7.56428719e-03,6.24980695e-03,6.10109508e-04,7.04370728e-04
1.01200000e+04,1.61563323e-03,1.48928850e-03,6.90647644e-05,5.72799689e-05
1.01300000e+04,9.34579575e-04,8.02308504e-04,7.11274747e-05,6.11435961e-05
1.01400000e+04,8.78127011e-04,7.62500806e-04,6.47687675e-05,5.08574374e-05
1.01500000e+04,5.61245622e-04,4.72401706e-04,5.32688653e-05,3.55750501e-05
1.01600000e+04,4.12410970e-04,3.38678921e-04,4.59208273e-05,2.78112220e-05
1.01700000e+04,3.78327654e-04,3.07182965e-04,4.49958917e-05,2.61487971e-05
1.01800000e+04,3.83042726e-04,3.12293133e-04,4.47565087e-05,2.59930836e-05
1.01900000e+04,9.30508685e-04,8.36657351e-04,5.55985422e-05,3.82527913e-05
1.02000000e+04,5.48315714e-04,4.70428145e-04,4.80060658e-05,2.98815031e-05
1.02100000e+04,2.94489558e-03,2.51883181e-03,2.03588710e-04,2.22475055e-04
1.02200000e+04,1.03242503e-03,8.31111440e-04,1.03670981e-04,9.76426121e-05
1.02300000e+04,7.90771590e-04,6.05582988e-04,9.55275512e-05,8.96610510e-05
1.02400000e+04,4.98928284e-04,4.03694314e-04,5.52574531e-05,3.99765170e-05
1.02500000e+04,4.03571845e-04,3.27067269e-04,4.70311719e-05,2.94734045e-05
1.02600000e+04,3.62013614e-04,2.89973483e-04,4.51622452e-05,2.68778859e-05
1.02700000e+04,3.49138365e-04,2.79389767e-04,4.40911792e-05,2.56574187e-05
1.02800000e+04,3.42579974e-04,2.74119530e-04,4.36124403e-05,2.48480042e-05
1.02900000e+04,3.39823947e-04,2.71881543e-04,4.33646006e-05,2.45778030e-05
1.03000000e+04,3.38079844e-04,2.70360797e-04,4.32666136e-05,2.44524335e-05
1.03100000e+04,3.37088201e-04,2.69511009e-04,4.31956561e-05,2.43815361e-05
1.03200000e+04,3.36344678e-04,2.68882787e-04,4.31390579e-05,2.43228333e-05
1.03300000e+04,3.36710793e-04,2.69281640e-04,4.30901727e-05,2.43389802e-05
1.03400000e+04,4.40680556e-04,3.69677431e-04,4.44717600e-05,2.65313644e-05
1.03500000e+04,5.14931548e-04,4.25857895e-04,5.23393812e-05,3.67342720e-05
1.03600000e+04,6.44544549e-04,5.60611971e-04,4.97612049e-05,3.41713732e-05
1.03700000e+04,4.36209947e-04,3.63916684e-04,4.52905899e-05,2.70026737e-05
1.03800000e+04,3.55356568e-04,2.87313133e-04,4.32360710e-05,2.48073640e-05
1.03900000e+04,3.38829406e-04,2.71636808e-04,4.30023954e-05,2.41902027e-05
1.04000000e+04,3.36034876e-04,2.69184976e-04,4.27740692e-05,2.40758305e-05
1.04100000e+04,3.31162106e-04,2.64656885e-04,4.25804743e-05,2.39247474e-05
1.04200000e+04,3.29820646e-04,2.63461984e-04,4.25185598e-05,2.38401020e-05
1.04300000e+04,3.28864120e-04,2.62641008e-04,4.24481525e-05,2.37749598e-05
1.04400000e+04,3.29330677e-04,2.63198253e-04,4.23951902e-05,2.37372344e-05
1.04500000e+04,3.73844379e-04,3.06666355e-04,4.28456779e-05,2.43323467e-05
1.04600000e+04,8.06380860e-04,7.27037515e-04,4.82210653e-05,3.11222799e-05
1.04700000e+04,4.39870349e-04,3.70717860e-04,4.37034280e-05,2.54490613e-05
1.04800000e+04,3.29646085e-04,2.63846582e-04,4.21483549e-05,2.36511479e-05
1.04900000e+04,3.31162034e-04,2.65382925e-04,4.21763303e-05,2.36027788e-05
1.05000000e+04,3.30023924e-04,2.64347039e-04,4.20643863e-05,2.36124991e-05
1.05100000e+04,3.24709200e-04,2.59292288e-04,4.19602358e-05,2.34566759e-05
1.05200000e+04,3.22695588e-04,2.57424343e-04,4.18926774e-05,2.33785676e-05
1.05300000e+04,3.21736850e-04,2.56574192e-04,4.18394260e-05,2.33232315e-05
1.05400000e+04,3.21015246e-04,2.55954590e-04,4.17831194e-05,2.32775362e-05
1.05500000e+04,3.20332059e-04,2.55372712e-04,4.17264456e-05,2.32329010e-05
1.05600000e+04,3.19657391e-04,2.54799112e-04,4.16688832e-05,2.31893962e-05
1.05700000e+04,3.18989491e-04,2.54232871e-04,4.16104005e-05,2.31462195e-05
1.05800000e+04,3.18326027e-04,2.53671349e-04,4.15515092e-05,2.31031687e-05
1.05900000e+04,3.17668089e-04,2.53115277e-04,4.14925363e-05,2.30602753e-05
1.06000000e+04,3.17015819e-04,2.52562967e-04,4.14354614e-05,2.30173902e-05
1.06100000e+04,3.16196694e-04,2.51796922e-04,4.14147205e-05,2.29850513e-05
1.06200000e+04,3.15482522e-04,2.51152393e-04,4.13824537e-05,2.29476747e-05
1.06300000e+04,3.16524617e-04,2.52133254e-04,4.14249133e-05,2.29664499e-05
1.06400000e+04,5.17216391e-04,4.40487298e-04,4.72740875e-05,2.94550057e-05
1.06500000e+04,4.06180494e-04,3.35183364e-04,4.39923519e-05,2.70047782e-05
1.06600000e+04,7.76457530e-04,6.86467851e-04,5.28143215e-05,3.71753572e-05
1.06700000e+04,3.84042100e-04,3.15995378e-04,4.31816698e-05,2.48650519e-05
1.06800000e+04,3.18635433e-04,2.54224775e-04,4.14026882e-05,2.30079695e-05
1.06900000e+04,3.28873719e-04,2.64248582e-04,4.13277563e-05,2.32973803e-05
1.07000000e+04,3.24949985e-04,2.60729563e-04,4.12642902e-05,2.29561322e-05
1.07100000e+04,3.72542475e-03,3.36832103e-03,1.67790966e-04,1.89312754e-04
1.07200000e+04,1.74904448e-03,1.56984576e-03,9.39961560e-05,8.52025589e-05
1.07300000e+04,4.09135326e-04,3.33798780e-04,4.56479399e-05,2.96886067e-05
1.07400000e+04,3.36682220e-04,2.70210139e-04,4.19146436e-05,2.45574368e-05
1.07500000e+04,3.46011273e-04,2.80486536e-04,4.17873196e-05,2.37374167e-05
1.07600000e+04,3.25938549e-04,2.61574104e-04,4.09935615e-05,2.33708840e-05
1.07700000e+04,4.59154373e-04,3.89088885e-04,4.38533445e-05,2.62121436e-05
1.07800000e+04,3.30010678e-04,2.65978216e-04,4.09851410e-05,2.30473217e-05
1.07900000e+04,3.69808763e-04,3.03999665e-04,4.18564637e-05,2.39526337e-05
1.08000000e+04,3.36256712e-04,2.72100801e-04,4.09948998e-05,2.31610113e-05
1.08100000e+04,3.23541255e-04,2.58336039e-04,4.15847796e-05,2.36204370e-05
1.08200000e+04,8.89252890e-04,6.20790001e-04,1.32727075e-04,1.35735814e-04
1.08300000e+04,3.55760011e-04,2.73716105e-04,4.93819792e-05,3.26619273e-05
1.08400000e+04,3.38619278e-04,2.69418526e-04,4.35365367e-05,2.56642149e-05
1.08500000e+04,7.06189238e-04,6.17370025e-04,5.18926991e-05,3.69265141e-05
1.08600000e+04,4.50534818e-04,3.78743043e-04,4.38227059e-05,2.79690692e-05
1.08700000e+04,3.22670789e-04,2.58973257e-04,4.08258688e-05,2.28716631e-05
1.08800000e+04,3.05600605e-04,2.43352856e-04,4.01091128e-05,2.21386356e-05
1.08900000e+04,3.07389717e-04,2.45255719e-04,3.99243751e-05,2.22096236e-05
1.09000000e+04,3.01684991e-04,2.39915310e-04,3.98331185e-05,2.19365624e-05
1.09100000e+04,1.44552081e-03,1.32314172e-03,6.67973987e-05,5.55816959e-05
1.09200000e+04,2.60186418e-03,2.29044980e-03,1.54059671e-04,1.57354716e-04
1.09300000e+04,5.73246399e-04,4.78220404e-04,5.52621011e-05,3.97638937e-05
1.09400000e+04,5.21124576e-04,4.46791814e-04,4.52801314e-05,2.90526306e-05
1.09500000e+04,4.04407642e-04,3.29770229e-04,4.58728864e-05,2.87645269e-05
1.09600000e+04,5.29704030e-04,4.33792509e-04,5.47312809e-05,4.11802396e-05
1.09700000e+04,3.80621389e-04,3.09800734e-04,4.35882526e-05,2.72324027e-05
1.09800000e+04,5.12237997e-04,4.37793267e-04,4.51069965e-05,2.93377336e-05
1.09900000e+04,3.32417665e-04,2.66920095e-04,4.13935066e-05,2.41040642e-05
1.10000000e+04,8.60774632e-04,7.39576952e-04,6.80480892e-05,5.31495913e-05
1.10100000e+04,1.52049102e-02,1.32120770e-02,9.23703470e-04,1.06912968e-03
1.10200000e+04,6.18186546e-03,5.72743397e-03,2.43331188e-04,2.11100302e-04
1.10300000e+04,5.00858694e-03,4.42786568e-03,2.93581715e-04,2.87139549e-04
1.10400000e+04,1.43563533e-03,1.15516952e-03,1.42308416e-04,1.38157393e-04
1.10500000e+04,6.74226980e-04,5.69604131e-04,5.84067855e-05,4.62160630e-05
1.10600000e+04,4.61051314e-04,3.82748805e-04,4.74732039e-05,3.08293049e-05
1.10700000e+04,3.76863877e-04,3.10192358e-04,4.14967994e-05,2.51747195e-05
1.10800000e+04,3.62493834e-04,2.99206714e-04,4.00477974e-05,2.32393233e-05
1.10900000e+04,3.26924801e-04,2.65088780e-04,3.93933200e-05,2.24427015e-05
1.11000000e+04,3.22915990e-04,2.61116568e-04,3.93726297e-05,2.24267924e-05
1.11100000e+04,3.17657943e-04,2.56475718e-04,3.91272412e-05,2.20549840e-05
1.11200000e+04,3.15145053e-04,2.54256302e-04,3.90039353e-05,2.18848152e-05
1.11300000e+04,3.12765863e-04,2.52066040e-04,3.89074482e-05,2.17923750e-05
1.11400000e+04,3.10976705e-04,2.50443341e-04,3.88184626e-05,2.17149010e-05
1.11500000e+04,3.09297597e-04,2.48924835e-04,3.87473523e-05,2.16254098e-05
1.11600000e+04,3.07837365e-04,2.47601557e-04,3.86814108e-05,2.15543969e-05
1.11700000e+04,3.06525566e-04,2.46417406e-04,3.86156273e-05,2.14925328e-05
1.11800000e+04,3.05329002e-04,2.45341925e-04,3.85521063e-05,2.14349709e-05
1.11900000e+04,3.04216582e-04,2.44346549e-04,3.84906487e-05,2.13793839e-05
1.12000000e+04,3.03182293e-04,2.43424449e-04,3.84307234e-05,2.13271205e-05
1.12100000e+04,3.02029264e-04,2.42340851e-04,3.84054909e-05,2.12829217e-05
1.12200000e+04,3.01011169e-04,2.41406547e-04,3.83652843e-05,2.12393373e-05
1.12300000e+04,3.00072401e-04,2.40553374e-04,3.83215944e-05,2.11974327e-05
1.12400000e+04,2.99189990e-04,2.39757824e-04,3.82760272e-05,2.11561383e-05
1.12500000e+04,2.98346757e-04,2.39000250e-04,3.82303195e-05,2.11161870e-05
1.12600000e+04,2.97548304e-04,2.38287322e-04,3.81832926e-05,2.10776892e-05
1.12700000e+04,2.96940142e-04,2.37763526e-04,3.81336359e-05,2.10429808e-05
1.12800000e+04,3.02250300e-04,2.43034577e-04,3.81235822e-05,2.10921406e-05
1.12900000e+04,5.16547275e-04,4.52153593e-04,4.03392806e-05,2.40544013e-05
1.13000000e+04,3.69499550e-04,3.08462626e-04,3.90146594e-05,2.20222639e-05
1.13100000e+04,3.22310242e-03,2.11893677e-03,4.69412241e-04,6.34753412e-04
1.13200000e+04,4.18696173e-03,3.76845998e-03,2.16986329e-04,2.01515423e-04
1.13300000e+04,1.37756905e-03,1.16054075e-03,1.10313231e-04,1.06715077e-04
1.13400000e+04,6.62975463e-04,5.40457637e-04,6.65853943e-05,5.59324314e-05
1.13500000e+04,7.32317471e-04,6.41200070e-04,5.20311100e-05,3.90862908e-05
1.13600000e+04,4.95946387e-04,4.22359907e-04,4.44559386e-05,2.91305414e-05
1.13700000e+04,3.35896066e-04,2.73433583e-04,3.94452281e-05,2.30172547e-05
1.13800000e+04,3.07075704e-04,2.47302514e-04,3.82356417e-05,2.15375476e-05
1.13900000e+04,3.03468794e-04,2.44355229e-04,3.80025448e-05,2.11110202e-05
1.14000000e+04,2.93860201e-04,2.35466042e-04,3.76453527e-05,2.07488065e-05
1.14100000e+04,2.93342841e-04,2.35091105e-04,3.75727091e-05,2.06790272e-05
1.14200000e+04,2.91277297e-04,2.33167906e-04,3.75133211e-05,2.05960694e-05
1.14300000e+04,2.91247354e-04,2.33198686e-04,3.74770376e-05,2.05716310e-05
1.14400000e+04,5.40183549e-04,4.72486426e-04,4.17546690e-05,2.59424543e-05
1.14500000e+04,7.68127471e-04,6.90317625e-04,4.67162181e-05,3.10936283e-05
1.14600000e+04,4.34870970e-04,3.71029783e-04,4.01648419e-05,2.36763449e-05
1.14700000e+04,3.48391214e-04,2.88161942e-04,3.84661161e-05,2.17631564e-05
1.14800000e+04,3.09053503e-04,2.50581320e-04,3.76359203e-05,2.08362624e-05
1.14900000e+04,2.93114830e-04,2.35310386e-04,3.73232255e-05,2.04812183e-05
1.15000000e+04,2.87725386e-04,2.30182718e-04,3.71943800e-05,2.03482875e-05
1.15100000e+04,2.85515900e-04,2.28082601e-04,3.71461183e-05,2.02871806e-05
1.15200000e+04,3.24077609e-04,2.64537995e-04,3.81534427e-05,2.13861718e-05
1.15300000e+04,4.93115328e-04,4.22678421e-04,4.29583448e-05,2.74785630e-05
1.15400000e+04,4.31653055e-04,3.65434491e-04,4.11410544e-05,2.50775089e-05
1.15500000e+04,3.00087773e-04,2.41921961e-04,3.74926099e-05,2.06732021e-05
1.15600000e+04,2.82320917e-04,2.25238034e-04,3.69497120e-05,2.01331709e-05
1.15700000e+04,2.84236584e-04,2.27079913e-04,3.69517511e-05,2.02049207e-05
1.15800000e+04,2.83612013e-04,2.26540184e-04,3.69031960e-05,2.01686332e-05
1.15900000e+04,2.81350348e-04,2.24448097e-04,3.68284662e-05,2.00737844e-05
1.16000000e+04,2.80159682e-04,2.23357927e-04,3.67897087e-05,2.00120464e-05
1.16100000e+04,2.79498053e-04,2.22736150e-04,3.67769910e-05,1.99849122e-05
1.16200000e+04,2.78944781e-04,2.22236744e-04,3.67512444e-05,1.99567921e-05
1.16300000e+04,2.79036149e-04,2.22365844e-04,3.67322458e-05,1.99380594e-05
1.16400000e+04,3.18770201e-04,2.60825940e-04,3.73266509e-05,2.06176094e-05
1.16500000e+04,6.60561070e-04,5.91363146e-04,4.24372572e-05,2.67606672e-05
1.16600000e+04,2.82900943e-04,2.26180747e-04,3.67592053e-05,1.99609909e-05
1.16700000e+04,3.27947349e-04,2.69896017e-04,3.72613509e-05,2.07899806e-05
1.16800000e+04,2.95400365e-04,2.38427468e-04,3.68483626e-05,2.01245351e-05
1.16900000e+04,2.86643024e-04,2.30006220e-04,3.66681194e-05,1.99686848e-05
1.17000000e+04,3.02265092e-04,2.45094957e-04,3.68663584e-05,2.03037766e-05
1.17100000e+04,2.45875842e-03,2.20045222e-03,1.20512521e-04,1.37793683e-04
1.17200000e+04,1.35359017e-03,1.22445978e-03,6.76812300e-05,6.14491614e-05
1.17300000e+04,6.45561404e-04,5.60160544e-04,4.95180129e-05,3.58828469e-05
1.17400000e+04,3.05939350e-04,2.46482208e-04,3.78255171e-05,2.16316248e-05
1.17500000e+04,3.84233197e-04,3.22501891e-04,3.87767727e-05,2.29545331e-05
1.17600000e+04,6.22911648e-04,5.49630913e-04,4.37302245e-05,2.95505106e-05
1.17700000e+04,3.31996482e-04,2.73107093e-04,3.76412121e-05,2.12481765e-05
1.17800000e+04,3.26129671e-04,2.67629402e-04,3.74644846e-05,2.10357852e-05
1.17900000e+04,2.83649170e-04,2.27300438e-04,3.64444565e-05,1.99042757e-05
1.18000000e+04,2.75195763e-04,2.19288782e-04,3.62346230e-05,1.96723577e-05
1.18100000e+04,2.73639522e-04,2.17762903e-04,3.62480660e-05,1.96285530e-05
1.18200000e+04,1.09347793e-03,9.49761263e-04,7.66091644e-05,6.71075077e-05
1.18300000e+04,2.84611214e-04,2.25620234e-04,3.76140559e-05,2.13769239e-05
1.18400000e+04,3.37608419e-04,2.76518973e-04,3.86963155e-05,2.23931300e-05
1.18500000e+04,3.08220331e-04,2.49721484e-04,3.74718580e-05,2.10269891e-05
1.18600000e+04,2.69328819e-04,2.13992367e-04,3.59355898e-05,1.94008627e-05
1.18700000e+04,2.70917545e-04,2.15470315e-04,3.59385036e-05,1.95087257e-05
1.18800000e+04,2.69417262e-04,2.14130933e-04,3.58589561e-05,1.94273727e-05
1.18900000e+04,2.67278825e-04,2.12211384e-04,3.57638615e-05,1.93035787e-05
1.19000000e+04,2.66801642e-04,2.11809423e-04,3.57280850e-05,1.92641342e-05
1.19100000e+04,2.66490421e-04,2.11524232e-04,3.57155203e-05,1.92506687e-05
1.19200000e+04,2.75323420e-04,2.19775274e-04,3.59743904e-05,1.95737559e-05
1.19300000e+04,7.48926058e-04,6.64761081e-04,4.94120020e-05,3.47529750e-05
1.19400000e+04,3.31735998e-04,2.70508454e-04,3.87019206e-05,2.25256233e-05
1.19500000e+04,3.33978210e-04,2.74874870e-04,3.76998099e-05,2.14035310e-05
1.19600000e+04,2.76425653e-04,2.20923507e-04,3.59760190e-05,1.95261275e-05
1.19700000e+04,2.63882285e-04,2.09233043e-04,3.55498726e-05,1.90993696e-05
1.19800000e+04,2.63922416e-04,2.09261232e-04,3.55381989e-05,1.91229855e-05
1.19900000e+04,2.63913993e-04,2.09331750e-04,3.54957314e-05,1.90865112e-05
1.20000000e+04,2.63447884e-04,2.08977499e-04,3.54321123e-05,1.90382726e-05
1.20100000e+04,2.66648881e-04,2.11606993e-04,3.57270799e-05,1.93148088e-05
1.20200000e+04,4.24191804e-04,3.44878998e-04,4.61511976e-05,3.31616085e-05
1.20300000e+04,3.17023847e-04,2.52389035e-04,3.93522034e-05,2.52826079e-05
1.20400000e+04,2.65550364e-04,2.10714966e-04,3.56092115e-05,1.92261864e-05
1.20500000e+04,2.95275650e-04,2.38791793e-04,3.62914169e-05,2.01924408e-05
1.20600000e+04,8.42114760e-04,7.55908959e-04,4.89715842e-05,3.72342169e-05
1.20700000e+04,4.48804281e-04,3.83187237e-04,4.04481370e-05,2.51689077e-05
1.20800000e+04,2.82144554e-04,2.26502679e-04,3.58298527e-05,1.98120227e-05
1.20900000e+04,2.66210025e-04,2.11870076e-04,3.52942134e-05,1.90457357e-05
1.21000000e+04,2.66552990e-04,2.12146410e-04,3.53735565e-05,1.90330241e-05
1.21100000e+04,7.25477142e-03,4.49019326e-03,1.12283284e-03,1.64174532e-03
1.21200000e+04,1.52063590e-03,9.81648730e-04,2.50202829e-04,2.88784344e-04
1.21300000e+04,1.01697023e-03,7.39225187e-04,1.29112007e-04,1.48633032e-04
1.21400000e+04,6.84290631e-04,5.44475987e-04,7.30638650e-05,6.67507791e-05
1.21500000e+04,3.25705230e-04,2.38613917e-04,4.92549467e-05,3.78363656e-05
1.21600000e+04,3.02935041e-04,2.38628356e-04,3.96168185e-05,2.46898663e-05
1.21700000e+04,2.88002250e-04,2.31873618e-04,3.59870927e-05,2.01415397e-05
1.21800000e+04,2.61653222e-04,2.07588597e-04,3.51021509e-05,1.89624743e-05
1.21900000e+04,2.61564861e-04,2.07872060e-04,3.49571758e-05,1.87356254e-05
1.22000000e+04,2.58682829e-04,2.05253955e-04,3.48177386e-05,1.86111349e-05
1.22100000e+04,2.57486151e-04,2.04121526e-04,3.47965324e-05,1.85680924e-05
1.22200000e+04,2.56740122e-04,2.03450307e-04,3.47601360e-05,1.85296784e-05
1.22300000e+04,2.56156685e-04,2.02922998e-04,3.47337119e-05,1.84999757e-05
1.22400000e+04,2.55608621e-04,2.02429352e-04,3.47030756e-05,1.84761931e-05
1.22500000e+04,2.55107289e-04,2.01981955e-04,3.46729969e-05,1.84523377e-05
1.22600000e+04,2.54682163e-04,2.01608844e-04,3.46437308e-05,1.84295889e-05
1.22700000e+04,2.55999400e-04,2.02927597e-04,3.46316744e-05,1.84401287e-05
1.22800000e+04,3.37997649e-04,2.82323466e-04,3.57643444e-05,1.99098378e-05
1.22900000e+04,2.60341276e-04,2.07077826e-04,3.47261233e-05,1.85373270e-05
1.23000000e+04,2.74604959e-04,2.21039681e-04,3.48205427e-05,1.87447347e-05
1.23100000e+04,9.79811500e-04,7.25588189e-04,1.24250217e-04,1.29973094e-04
1.23200000e+04,4.52040829e-04,3.38749404e-04,6.03014875e-05,5.29899379e-05
1.23300000e+04,3.20343585e-04,2.61829815e-04,3.73123176e-05,2.12014525e-05
1.23400000e+04,3.32366340e-04,2.74940738e-04,3.65998086e-05,2.08257930e-05
1.23500000e+04,2.61869373e-04,2.06621122e-04,3.57736807e-05,1.94745703e-05
1.23600000e+04,2.59492312e-04,2.06679207e-04,3.44888040e-05,1.83243013e-05
1.23700000e+04,2.61145917e-04,2.08194932e-04,3.45224181e-05,1.84285668e-05
1.23800000e+04,2.52471215e-04,1.99852987e-04,3.43691120e-05,1.82491163e-05
1.23900000e+04,2.49592796e-04,1.97137638e-04,3.43117851e-05,1.81433724e-05
1.24000000e+04,2.49235449e-04,1.96826257e-04,3.42864160e-05,1.81227763e-05
1.24100000e+04,3.55660945e-04,2.87430237e-04,4.10685037e-05,2.71622042e-05
1.24200000e+04,6.92765763e-04,5.91532916e-04,5.48024900e-05,4.64303566e-05
1.24300000e+04,2.79830091e-04,2.24721320e-04,3.54272341e-05,1.96815379e-05
1.24400000e+04,2.85194256e-04,2.27784012e-04,3.65866473e-05,2.08235968e-05
1.24500000e+04,2.48931048e-04,1.96544749e-04,3.42808397e-05,1.81054594e-05
1.24600000e+04,2.51274082e-04,1.98251377e-04,3.44975819e-05,1.85251234e-05
1.24700000e+04,2.46424421e-04,1.94287586e-04,3.41355219e-05,1.80013138e-05
1.24800000e+04,2.52644758e-04,2.00272437e-04,3.42492727e-05,1.81230481e-05
1.24900000e+04,4.95318891e-04,4.32779285e-04,3.88121327e-05,2.37274728e-05
1.25000000e+04,3.56560325e-04,3.00085747e-04,3.61890744e-05,2.02855036e-05
1.25100000e+04,2.60871448e-04,2.08251210e-04,3.43884986e-05,1.82317391e-05
1.25200000e+04,2.45577144e-04,1.93594618e-04,3.40629772e-05,1.79195489e-05
1.25300000e+04,3.19963241e-04,2.63210147e-04,3.63056316e-05,2.04474626e-05
1.25400000e+04,2.53044087e-04,2.00604685e-04,3.43033117e-05,1.81360895e-05
1.25500000e+04,2.95134302e-04,2.39936230e-04,3.55892464e-05,1.96088252e-05
1.25600000e+04,2.56264452e-04,2.03713712e-04,3.43131832e-05,1.82375566e-05
1.25700000e+04,2.43033564e-04,1.91281425e-04,3.39406428e-05,1.78114959e-05
1.25800000e+04,2.44365138e-04,1.92562150e-04,3.39823308e-05,1.78206569e-05
1.25900000e+04,2.42293457e-04,1.90632935e-04,3.39088470e-05,1.77516754e-05
1.26000000e+04,2.41685360e-04,1.90094224e-04,3.38660045e-05,1.77251318e-05
1.26100000e+04,2.41043585e-04,1.89492473e-04,3.38525114e-05,1.76986001e-05
1.26200000e+04,2.40582999e-04,1.89071605e-04,3.38366504e-05,1.76747434e-05
1.26300000e+04,2.40155095e-04,1.88684124e-04,3.38179595e-05,1.76530113e-05
1.26400000e+04,2.39798583e-04,1.88366556e-04,3.37990208e-05,1.76330063e-05
1.26500000e+04,2.39600373e-04,1.88207621e-04,3.37750665e-05,1.76176857e-05
1.26600000e+04,2.46932971e-04,1.95362377e-04,3.38425239e-05,1.77280695e-05
1.26700000e+04,4.69622646e-04,4.11032080e-04,3.72323450e-05,2.13582202e-05
1.26800000e+04,3.24036204e-04,2.69909122e-04,3.51833070e-05,1.89437755e-05
1.26900000e+04,2.42661014e-04,1.91275904e-04,3.37250151e-05,1.76600952e-05
1.27000000e+04,2.43373007e-04,1.92016218e-04,3.37166691e-05,1.76401202e-05
1.27100000e+04,2.39695159e-04,1.88503088e-04,3.36427137e-05,1.75493574e-05
1.27200000e+04,2.37650431e-04,1.86557336e-04,3.35967629e-05,1.74963315e-05
1.27300000e+04,2.36770971e-04,1.85738597e-04,3.35684716e-05,1.74639032e-05
1.27400000e+04,2.36285565e-04,1.85300618e-04,3.35435808e-05,1.74413670e-05
1.27500000e+04,2.35919398e-04,1.84979753e-04,3.35179601e-05,1.74216849e-05
1.27600000e+04,2.36533970e-04,1.85619682e-04,3.34978212e-05,1.74164669e-05
1.27700000e+04,3.26361449e-04,2.73783413e-04,3.41752654e-05,1.84027709e-05
1.27800000e+04,2.81389373e-04,2.29633804e-04,3.38552082e-05,1.79003605e-05
1.27900000e+04,2.57564504e-04,2.06292679e-04,3.36281768e-05,1.76436479e-05
1.28000000e+04,2.46402729e-04,1.95428385e-04,3.34976099e-05,1.74767335e-05
1.28100000e+04,8.37434478e-04,7.39542409e-04,5.40383822e-05,4.38536862e-05
1.28200000e+04,1.67865506e-03,1.52697034e-03,7.66197424e-05,7.50649812e-05
1.28300000e+04,6.14083720e-04,5.39886798e-04,4.39565036e-05,3.02404185e-05
1.28400000e+04,4.25457859e-04,3.64026401e-04,3.79152896e-05,2.35161688e-05
1.28500000e+04,2.90023500e-04,2.34936271e-04,3.53271051e-05,1.97601237e-05
1.28600000e+04,2.65009751e-04,2.11455381e-04,3.45091431e-05,1.90452273e-05
1.28700000e+04,2.96716785e-04,2.43339287e-04,3.45120676e-05,1.88654304e-05
1.28800000e+04,2.41168844e-04,1.90212761e-04,3.34679941e-05,1.74880895e-05
1.28900000e+04,2.44699317e-04,1.93774354e-04,3.35105774e-05,1.74143863e-05
1.29000000e+04,2.53487468e-04,2.02181155e-04,3.36727816e-05,1.76335310e-05
1.29100000e+04,6.92058025e-03,6.17384784e-03,3.53760725e-04,3.92971689e-04
1.29200000e+04,2.09857697e-03,1.93792521e-03,8.83880043e-05,7.22637581e-05
1.29300000e+04,5.12297841e-04,3.93730435e-04,6.42739022e-05,5.42935037e-05
1.29400000e+04,3.56369431e-04,2.93920871e-04,3.79936747e-05,2.44548852e-05
1.29500000e+04,2.61538518e-04,2.06676956e-04,3.50741588e-05,1.97874030e-05
1.29600000e+04,2.49624723e-04,1.97799900e-04,3.38150956e-05,1.80097276e-05
1.29700000e+04,2.35192418e-04,1.84770286e-04,3.32157841e-05,1.72063480e-05
1.29800000e+04,2.32044342e-04,1.81737294e-04,3.31426412e-05,1.71644074e-05
1.29900000e+04,2.30388891e-04,1.80520583e-04,3.29173415e-05,1.69509663e-05
1.30000000e+04,2.29686469e-04,1.80041458e-04,3.28091585e-05,1.68358520e-05
1.30100000e+04,2.29260265e-04,1.79659186e-04,3.27913069e-05,1.68097721e-05
1.30200000e+04,2.28995934e-04,1.79439254e-04,3.27751858e-05,1.67814940e-05
1.30300000e+04,2.59433335e-04,2.08949795e-04,3.31890157e-05,1.72945237e-05
1.30400000e+04,2.88686622e-04,2.36806458e-04,3.38131565e-05,1.80670078e-05
1.30500000e+04,3.32102449e-04,2.78927594e-04,3.44506235e-05,1.87242321e-05
1.30600000e+04,2.62657428e-04,2.12085923e-04,3.31909928e-05,1.73805118e-05
1.30700000e+04,2.80425143e-04,2.29005131e-04,3.36030674e-05,1.78169449e-05
1.30800000e+04,2.54317647e-04,2.03881031e-04,3.31484985e-05,1.72881172e-05
1.30900000e+04,2.65242967e-04,2.14354691e-04,3.33612721e-05,1.75270041e-05
1.31000000e+04,2.31170329e-04,1.81829468e-04,3.26403432e-05,1.67005178e-05
1.31100000e+04,2.98478065e-04,2.47365297e-04,3.35319569e-05,1.75808106e-05
1.31200000e+04,7.97563565e-04,7.26642242e-04,4.24339226e-05,2.84874000e-05
1.31300000e+04,3.21726069e-04,2.67584839e-04,3.48827175e-05,1.92585130e-05
1.31400000e+04,2.31904753e-04,1.82375824e-04,3.27004940e-05,1.68284358e-05
1.31500000e+04,2.25444276e-04,1.76521944e-04,3.24338860e-05,1.64884451e-05
1.31600000e+04,2.25771813e-04,1.76847594e-04,3.24434181e-05,1.64808013e-05
1.31700000e+04,2.25655220e-04,1.76800917e-04,3.23931143e-05,1.64611882e-05
1.31800000e+04,2.24705468e-04,1.75946385e-04,3.23518653e-05,1.64072178e-05
1.31900000e+04,2.23820421e-04,1.75143135e-04,3.23000842e-05,1.63772020e-05
1.32000000e+04,2.23270432e-04,1.74654859e-04,3.22735100e-05,1.63420632e-05
1.32100000e+04,2.22891216e-04,1.74308314e-04,3.22617215e-05,1.63211806e-05
1.32200000e+04,2.23097167e-04,1.74528694e-04,3.22536750e-05,1.63147981e-05
1.32300000e+04,2.39975720e-04,1.90642077e-04,3.25783928e-05,1.67552498e-05
1.32400000e+04,3.01098388e-04,2.48791683e-04,3.38312443e-05,1.84754605e-05
1.32500000e+04,2.56856363e-04,2.07232565e-04,3.27054678e-05,1.69183297e-05
1.32600000e+04,3.09763135e-04,2.58986316e-04,3.32383213e-05,1.75384981e-05
1.32700000e+04,2.23199768e-04,1.74789767e-04,3.21682063e-05,1.62417943e-05
1.32800000e+04,2.38073275e-04,1.89283418e-04,3.23306599e-05,1.64591974e-05
1.32900000e+04,2.20983826e-04,1.72732350e-04,3.20883051e-05,1.61631710e-05
1.33000000e+04,2.21995254e-04,1.73769314e-04,3.20708046e-05,1.61551355e-05
1.33100000e+04,2.20422177e-04,1.72269714e-04,3.20302903e-05,1.61221725e-05
1.33200000e+04,2.27465276e-04,1.79031021e-04,3.21023792e-05,1.63318756e-05
1.33300000e+04,4.11894463e-04,3.54328211e-04,3.59476577e-05,2.16185946e-05
1.33400000e+04,2.40708870e-04,1.91444068e-04,3.26410795e-05,1.66237227e-05
1.33500000e+04,2.31530913e-04,1.82789389e-04,3.23770541e-05,1.63644691e-05
1.33600000e+04,2.20582221e-04,1.72558846e-04,3.19322721e-05,1.60911029e-05
1.33700000e+04,2.31170161e-04,1.82891607e-04,3.20314041e-05,1.62471493e-05
1.33800000e+04,3.86657914e-04,3.33782222e-04,3.40178123e-05,1.88578798e-05
1.33900000e+04,2.46544841e-04,1.97782144e-04,3.23127025e-05,1.64499947e-05
1.34000000e+04,2.19225671e-04,1.71403155e-04,3.18630674e-05,1.59594484e-05
1.34100000e+04,5.80280570e-04,4.78241485e-04,5.64106360e-05,4.56284490e-05
1.34200000e+04,2.80165031e-04,2.27356384e-04,3.41755959e-05,1.86330509e-05
1.34300000e+04,4.49411256e-04,3.74573770e-04,4.28538740e-05,3.19836118e-05
1.34400000e+04,2.55667142e-04,2.04227408e-04,3.32805137e-05,1.81592206e-05
1.34500000e+04,3.58672587e-04,3.02879773e-04,3.54232942e-05,2.03695202e-05
1.34600000e+04,2.48375816e-04,1.99055032e-04,3.24742490e-05,1.68465348e-05
1.34700000e+04,2.19018615e-04,1.71348550e-04,3.17205366e-05,1.59495287e-05
1.34800000e+04,2.40589422e-04,1.91976815e-04,3.20772782e-05,1.65353291e-05
1.34900000e+04,4.87434934e-04,4.29367686e-04,3.64514543e-05,2.16157945e-05
1.35000000e+04,3.21508060e-04,2.69786774e-04,3.38590667e-05,1.78622197e-05
1.35100000e+04,3.93382399e-03,2.61608063e-03,5.99284425e-04,7.18458935e-04
1.35200000e+04,1.27322797e-03,9.13666456e-04,1.68858393e-04,1.90703122e-04
1.35300000e+04,3.11889476e-04,2.41735755e-04,4.20175584e-05,2.81361624e-05
1.35400000e+04,2.93042662e-04,2.26182572e-04,4.01010787e-05,2.67590113e-05
1.35500000e+04,2.56643311e-04,1.94730161e-04,3.75135847e-05,2.43995649e-05
1.35600000e+04,2.21416005e-04,1.71693856e-04,3.22998048e-05,1.74223434e-05
1.35700000e+04,2.15236666e-04,1.68274560e-04,3.12692303e-05,1.56928766e-05
1.35800000e+04,2.14929190e-04,1.67811815e-04,3.13398422e-05,1.57775332e-05
1.35900000e+04,2.13617876e-04,1.66907081e-04,3.10970023e-05,1.56137927e-05
1.36000000e+04,2.12647421e-04,1.66155063e-04,3.09840406e-05,1.55083174e-05
1.36100000e+04,2.12302000e-04,1.65835862e-04,3.09634339e-05,1.55027043e-05
1.36200000e+04,2.11938403e-04,1.65539434e-04,3.09234359e-05,1.54755333e-05
1.36300000e+04,2.11622455e-04,1.65281472e-04,3.08953501e-05,1.54456328e-05
1.36400000e+04,2.11349085e-04,1.65058056e-04,3.08693683e-05,1.54216608e-05
1.36500000e+04,2.11598973e-04,1.65345093e-04,3.08413003e-05,1.54125800e-05
1.36600000e+04,2.46200540e-04,1.98574932e-04,3.13619947e-05,1.62636134e-05
1.36700000e+04,2.13663531e-04,1.67399035e-04,3.08260616e-05,1.54384349e-05
1.36800000e+04,2.34669797e-04,1.87586950e-04,3.11308340e-05,1.59520127e-05
1.36900000e+04,2.12851111e-04,1.66693835e-04,3.07660798e-05,1.53911963e-05
1.37000000e+04,2.12647138e-04,1.66543031e-04,3.07330569e-05,1.53710500e-05
1.37100000e+04,3.35261214e-04,2.40482599e-04,5.29296511e-05,4.18489642e-05
1.37200000e+04,3.57488475e-04,2.68363484e-04,5.02433782e-05,3.88816124e-05
1.37300000e+04,3.02358373e-04,2.41715292e-04,3.71483529e-05,2.34947286e-05
1.37400000e+04,2.55794521e-04,2.02635992e-04,3.37252485e-05,1.94332814e-05
1.37500000e+04,2.48779731e-04,2.00188906e-04,3.18871975e-05,1.67036278e-05
1.37600000e+04,2.54149586e-04,2.07151773e-04,3.11251549e-05,1.58726588e-05
1.37700000e+04,2.11660091e-04,1.65833820e-04,3.05434682e-05,1.52828032e-05
1.37800000e+04,2.25996387e-04,1.79754620e-04,3.07523762e-05,1.54893908e-05
1.37900000e+04,2.12774788e-04,1.67019298e-04,3.05152546e-05,1.52402355e-05
1.38000000e+04,2.07361849e-04,1.61813967e-04,3.04315796e-05,1.51163024e-05
1.38100000e+04,2.07066823e-04,1.61561903e-04,3.04105290e-05,1.50943914e-05
1.38200000e+04,2.06514042e-04,1.61061119e-04,3.03814411e-05,1.50714819e-05
1.38300000e+04,2.06199732e-04,1.60790184e-04,3.03584615e-05,1.50510868e-05
1.38400000e+04,2.05890727e-04,1.60525346e-04,3.03346838e-05,1.50306977e-05
1.38500000e+04,2.05606990e-04,1.60286380e-04,3.03096988e-05,1.50109118e-05
1.38600000e+04,2.05339137e-04,1.60063774e-04,3.02839538e-05,1.49914095e-05
1.38700000e+04,2.05073177e-04,1.59842636e-04,3.02586345e-05,1.49719070e-05
1.38800000e+04,2.04810480e-04,1.59625564e-04,3.02321341e-05,1.49527816e-05
1.38900000e+04,2.04550058e-04,1.59410411e-04,3.02059815e-05,1.49336660e-05
1.39000000e+04,2.04289986e-04,1.59195911e-04,3.01795960e-05,1.49144787e-05
1.39100000e+04,2.03968409e-04,1.58895747e-04,3.01729959e-05,1.48996662e-05
1.39200000e+04,2.03791031e-04,1.58748217e-04,3.01561787e-05,1.48866350e-05
1.39300000e+04,2.41514806e-04,1.95179548e-04,3.07445953e-05,1.55906624e-05
1.39400000e+04,2.09763086e-04,1.64361283e-04,3.02888123e-05,1.51129908e-05
1.39500000e+04,2.05840014e-04,1.60725722e-04,3.01445562e-05,1.49697358e-05
1.39600000e+04,2.02777622e-04,1.57843066e-04,3.00833304e-05,1.48512264e-05
1.39700000e+04,2.04016622e-04,1.59086093e-04,3.00855050e-05,1.48450246e-05
1.39800000e+04,2.03823755e-04,1.58935733e-04,3.00718799e-05,1.48161419e-05
1.39900000e+04,2.02815593e-04,1.57990597e-04,3.00354104e-05,1.47895857e-05
1.40000000e+04,2.02012131e-04,1.57252296e-04,2.99997814e-05,1.47600538e-05
1.40100000e+04,2.01309988e-04,1.56601947e-04,2.99693504e-05,1.47386908e-05
1.40200000e+04,2.01067332e-04,1.56394149e-04,2.99498706e-05,1.47233130e-05
1.40300000e+04,2.00767195e-04,1.56130556e-04,2.99333324e-05,1.47033061e-05
1.40400000e+04,2.00501973e-04,1.55902582e-04,2.99128199e-05,1.46865717e-05
1.40500000e+04,2.00677398e-04,1.56098337e-04,2.99025692e-05,1.46764915e-05
1.40600000e+04,2.26922703e-04,1.81291681e-04,3.04028340e-05,1.52281888e-05
1.40700000e+04,2.00821836e-04,1.56277318e-04,2.98822745e-05,1.46622431e-05
1.40800000e+04,2.15224581e-04,1.70098859e-04,3.01623076e-05,1.49634150e-05
1.40900000e+04,2.02161490e-04,1.57628923e-04,2.98504157e-05,1.46821518e-05
1.41000000e+04,2.02587365e-04,1.58100756e-04,2.98245348e-05,1.46620738e-05
1.41100000e+04,1.46931201e-03,1.34616248e-03,6.54276845e-05,5.77218501e-05
1.41200000e+04,9.14811194e-04,8.18715900e-04,5.28264518e-05,4.32688417e-05
1.41300000e+04,2.36765322e-04,1.87344852e-04,3.21053010e-05,1.73151692e-05
1.41400000e+04,3.59510324e-04,3.04042701e-04,3.50704606e-05,2.03971628e-05
1.41500000e+04,2.10214311e-04,1.65016228e-04,3.01308282e-05,1.50672547e-05
1.41600000e+04,2.11627396e-04,1.66448643e-04,3.00832381e-05,1.50955148e-05
1.41700000e+04,2.02547385e-04,1.58135300e-04,2.97916377e-05,1.46204475e-05
1.41800000e+04,1.98050671e-04,1.53904561e-04,2.96538760e-05,1.44922333e-05
1.41900000e+04,1.97995351e-04,1.53897358e-04,2.96133499e-05,1.44846427e-05
1.42000000e+04,1.96921722e-04,1.52915550e-04,2.95731969e-05,1.44329752e-05
1.42100000e+04,1.96691892e-04,1.52699755e-04,2.95717436e-05,1.44203928e-05
1.42200000e+04,1.96337621e-04,1.52380161e-04,2.95523620e-05,1.44050977e-05
1.42300000e+04,1.96097900e-04,1.52170908e-04,2.95367876e-05,1.43902040e-05
1.42400000e+04,1.96008627e-04,1.52109208e-04,2.95213672e-05,1.43780521e-05
1.42500000e+04,2.00019429e-04,1.56004178e-04,2.95536913e-05,1.44615600e-05
1.42600000e+04,2.54314563e-04,2.08361541e-04,3.03438753e-05,1.56091463e-05
1.42700000e+04,2.17699326e-04,1.73060282e-04,2.98635670e-05,1.47754771e-05
1.42800000e+04,2.98720952e-04,2.50824564e-04,3.10433529e-05,1.68530358e-05
1.42900000e+04,2.28631601e-04,1.83475093e-04,3.00362688e-05,1.51202394e-05
1.43000000e+04,1.95757874e-04,1.52017748e-04,2.94249426e-05,1.43151834e-05
1.43100000e+04,1.96805621e-04,1.53000036e-04,2.94440961e-05,1.43614886e-05
1.43200000e+04,1.94083590e-04,1.50452294e-04,2.93628871e-05,1.42684093e-05
1.43300000e+04,1.93853728e-04,1.50229744e-04,2.93586766e-05,1.42653072e-05
1.43400000e+04,1.93394462e-04,1.49847428e-04,2.93188563e-05,1.42281773e-05
1.43500000e+04,1.93178692e-04,1.49668835e-04,2.92979923e-05,1.42118647e-05
1.43600000e+04,1.92909030e-04,1.49436447e-04,2.92762713e-05,1.41963124e-05
1.43700000e+04,1.92677053e-04,1.49240242e-04,2.92548352e-05,1.41819758e-05
1.43800000e+04,1.92437636e-04,1.49037220e-04,2.92330667e-05,1.41673493e-05
1.43900000e+04,1.92202284e-04,1.48838268e-04,2.92113370e-05,1.41526792e-05
1.44000000e+04,1.91968229e-04,1.48640412e-04,2.91899059e-05,1.41379112e-05
1.44100000e+04,1.91690318e-04,1.48376687e-04,2.91865224e-05,1.41271088e-05
1.44200000e+04,1.91444677e-04,1.48154945e-04,2.91748340e-05,1.41148981e-05
1.44300000e+04,1.93770079e-04,1.50424338e-04,2.91881915e-05,1.41575493e-05
1.44400000e+04,5.20414555e-04,4.65129510e-04,3.49233570e-05,2.03616881e-05
1.44500000e+04,2.09921209e-04,1.65845957e-04,2.95480702e-05,1.45271824e-05
1.44600000e+04,2.13491327e-04,1.69449696e-04,2.95693222e-05,1.44723085e-05
1.44700000e+04,2.45176790e-04,1.99929973e-04,3.01117102e-05,1.51351065e-05
1.44800000e+04,2.09397714e-04,1.65517467e-04,2.94211292e-05,1.44591179e-05
1.44900000e+04,2.07720345e-04,1.63921982e-04,2.94160527e-05,1.43823103e-05
1.45000000e+04,1.92170158e-04,1.49008405e-04,2.91015258e-05,1.40602272e-05
1.45100000e+04,1.92070310e-04,1.48925645e-04,2.90961776e-05,1.40484874e-05
1.45200000e+04,4.51061374e-04,3.96161586e-04,3.45458696e-05,2.03539187e-05
1.45300000e+04,2.05701518e-04,1.61955264e-04,2.94217440e-05,1.43245097e-05
1.45400000e+04,1.97264801e-04,1.53914240e-04,2.91948481e-05,1.41557128e-05
1.45500000e+04,1.94807466e-04,1.51602322e-04,2.91292075e-05,1.40759358e-05
1.45600000e+04,1.91364804e-04,1.48336355e-04,2.90308036e-05,1.39976450e-05
1.45700000e+04,1.89180966e-04,1.46277063e-04,2.89668666e-05,1.39370369e-05
1.45800000e+04,1.88115885e-04,1.45286005e-04,2.89215834e-05,1.39082968e-05
1.45900000e+04,1.87829959e-04,1.45037896e-04,2.88978708e-05,1.38941930e-05
1.46000000e+04,2.09951126e-04,1.66150554e-04,2.93198387e-05,1.44807334e-05
1.46100000e+04,1.92378874e-03,1.72821979e-03,9.45634196e-05,1.01005529e-04
1.46200000e+04,8.59283193e-04,7.75537872e-04,4.78464965e-05,3.58988243e-05
1.46300000e+04,4.46285678e-04,3.88147649e-04,3.60421055e-05,2.20959242e-05
1.46400000e+04,2.45665259e-04,1.99669629e-04,3.04186746e-05,1.55769558e-05
1.46500000e+04,2.19541847e-04,1.75123077e-04,2.95790863e-05,1.48396835e-05
1.46600000e+04,2.17839032e-04,1.73774990e-04,2.94010201e-05,1.46630212e-05
1.46700000e+04,1.99281355e-04,1.56146147e-04,2.89602680e-05,1.41749398e-05
1.46800000e+04,1.96374564e-04,1.53420568e-04,2.89282721e-05,1.40257238e-05
1.46900000e+04,2.68939741e-04,2.23961020e-04,2.98503192e-05,1.51284019e-05
1.47000000e+04,2.05889368e-04,1.62865766e-04,2.89088901e-05,1.41147123e-05
1.47100000e+04,2.03193565e-04,1.59497347e-04,2.92107369e-05,1.44854810e-05
1.47200000e+04,2.10877521e-04,1.66682870e-04,2.94881031e-05,1.47065484e-05
1.47300000e+04,1.92268892e-04,1.49514629e-04,2.87992101e-05,1.39550536e-05
1.47400000e+04,1.92893455e-04,1.50097904e-04,2.88060799e-05,1.39894714e-05
1.47500000e+04,1.89192537e-04,1.46605436e-04,2.87059304e-05,1.38811705e-05
1.47600000e+04,1.85690143e-04,1.43384145e-04,2.85702062e-05,1.37357921e-05
1.47700000e+04,1.84228565e-04,1.42056430e-04,2.84980794e-05,1.36740559e-05
1.47800000e+04,1.83806573e-04,1.41692962e-04,2.84649881e-05,1.36486235e-05
1.47900000e+04,1.83596639e-04,1.41525179e-04,2.84375706e-05,1.36338892e-05
1.48000000e+04,1.83407082e-04,1.41375186e-04,2.84121311e-05,1.36197648e-05
1.48100000e+04,2.32625860e-04,1.89088292e-04,2.89324989e-05,1.46050692e-05
1.48200000e+04,2.07489955e-04,1.64816407e-04,2.87500314e-05,1.39235166e-05
1.48300000e+04,2.28959159e-04,1.85500966e-04,2.89236009e-05,1.45345925e-05
1.48400000e+04,1.99253631e-04,1.56787721e-04,2.86161868e-05,1.38497227e-05
1.48500000e+04,1.87233906e-04,1.45205530e-04,2.83731871e-05,1.36551893e-05
1.48600000e+04,1.83332619e-04,1.41429360e-04,2.83428415e-05,1.35604171e-05
1.48700000e+04,1.82113828e-04,1.40286101e-04,2.82923256e-05,1.35354014e-05
1.48800000e+04,1.81678536e-04,1.39888337e-04,2.82781515e-05,1.35120471e-05
1.48900000e+04,1.81442330e-04,1.39689796e-04,2.82525063e-05,1.35000271e-05
1.49000000e+04,1.81583817e-04,1.39853494e-04,2.82420289e-05,1.34882941e-05
1.49100000e+04,1.81100859e-04,1.39411778e-04,2.82223149e-05,1.34667660e-05
1.49200000e+04,1.80826855e-04,1.39175318e-04,2.81994774e-05,1.34520592e-05
1.49300000e+04,1.81210137e-04,1.39568018e-04,2.81911613e-05,1.34509579e-05
1.49400000e+04,2.51845184e-04,2.07627074e-04,2.93079145e-05,1.49101954e-05
1.49500000e+04,2.35926742e-04,1.92255570e-04,2.91435758e-05,1.45275964e-05
1.49600000e+04,1.81811165e-04,1.40216862e-04,2.81692316e-05,1.34250710e-05
1.49700000e+04,1.81332491e-04,1.39785943e-04,2.81303037e-05,1.34162443e-05
1.49800000e+04,1.81750842e-04,1.40211908e-04,2.81204575e-05,1.34184764e-05
1.49900000e+04,1.79892346e-04,1.38451178e-04,2.80769711e-05,1.33641974e-05
1.50000000e+04,1.79113930e-04,1.37727783e-04,2.80516440e-05,1.33345033e-05
1.50100000e+04,1.79731714e-04,1.38339821e-04,2.80577576e-05,1.33341356e-05
1.50200000e+04,3.45918111e-04,3.01023600e-04,2.96163128e-05,1.52781989e-05
1.50300000e+04,1.96540369e-04,1.54800632e-04,2.82134653e-05,1.35262720e-05
1.50400000e+04,1.90128936e-04,1.48559948e-04,2.81341920e-05,1.34347959e-05
1.50500000e+04,1.96807672e-04,1.55046089e-04,2.82307106e-05,1.35308732e-05
1.50600000e+04,1.84490763e-04,1.43064661e-04,2.80699104e-05,1.33561920e-05
1.50700000e+04,1.80931293e-04,1.39623565e-04,2.80115915e-05,1.32961373e-05
1.50800000e+04,1.81329980e-04,1.40035496e-04,2.79943894e-05,1.33000951e-05
1.50900000e+04,1.77221136e-04,1.36067818e-04,2.79298038e-05,1.32235139e-05
1.51000000e+04,1.77827784e-04,1.36679230e-04,2.79200374e-05,1.32285167e-05
1.51100000e+04,1.76783966e-04,1.35700137e-04,2.78957672e-05,1.31880618e-05
1.51200000e+04,1.76654938e-04,1.35602147e-04,2.78778886e-05,1.31749017e-05
1.51300000e+04,1.76947773e-04,1.35901986e-04,2.78753887e-05,1.31703985e-05
1.51400000e+04,2.20388617e-04,1.77249771e-04,2.88573573e-05,1.42814888e-05
1.51500000e+04,2.02437032e-04,1.60246329e-04,2.83040666e-05,1.38866363e-05
1.51600000e+04,1.79089484e-04,1.37996857e-04,2.78958683e-05,1.31967582e-05
1.51700000e+04,1.79706123e-04,1.38602577e-04,2.78997501e-05,1.32037954e-05
1.51800000e+04,1.75395627e-04,1.34541730e-04,2.77602570e-05,1.30936398e-05
1.51900000e+04,1.75721603e-04,1.34879389e-04,2.77445313e-05,1.30976823e-05
1.52000000e+04,1.74974784e-04,1.34186820e-04,2.77223536e-05,1.30656104e-05
1.52100000e+04,1.74796088e-04,1.34020717e-04,2.77217875e-05,1.30535835e-05
1.52200000e+04,1.74517177e-04,1.33771020e-04,2.77042906e-05,1.30418662e-05
1.52300000e+04,1.74314799e-04,1.33595049e-04,2.76895284e-05,1.30302219e-05
1.52400000e+04,1.74124761e-04,1.33431300e-04,2.76774557e-05,1.30160057e-05
1.52500000e+04,1.75214047e-04,1.34502905e-04,2.76876581e-05,1.30234830e-05
1.52600000e+04,2.34374159e-04,1.91575538e-04,2.86563172e-05,1.41423038e-05
1.52700000e+04,2.05769983e-04,1.63963287e-04,2.81626480e-05,1.36440485e-05
1.52800000e+04,2.81504023e-04,2.36387114e-04,2.99196251e-05,1.51972836e-05
1.52900000e+04,2.15764707e-04,1.73473368e-04,2.83890645e-05,1.39022742e-05
1.53000000e+04,1.83879093e-04,1.42890715e-04,2.78265698e-05,1.31618087e-05
1.53100000e+04,3.11926193e-04,2.62461208e-04,3.17682164e-05,1.76967694e-05
1.53200000e+04,3.00661232e-04,2.51819662e-04,3.13291554e-05,1.75124145e-05
1.53300000e+04,1.98688059e-04,1.56501872e-04,2.83811093e-05,1.38050785e-05
1.53400000e+04,2.77030474e-04,2.32635885e-04,2.91530091e-05,1.52415798e-05
1.53500000e+04,1.78804814e-04,1.38110518e-04,2.76333133e-05,1.30609820e-05
1.53600000e+04,1.77877342e-04,1.37280031e-04,2.75945064e-05,1.30028048e-05
1.53700000e+04,1.76202276e-04,1.35748072e-04,2.74916220e-05,1.29625822e-05
1.53800000e+04,1.75156383e-04,1.34807108e-04,2.74549136e-05,1.28943608e-05
1.53900000e+04,2.24576896e-04,1.82664252e-04,2.81686049e-05,1.37440392e-05
1.54000000e+04,1.87323776e-04,1.46620054e-04,2.76117096e-05,1.30920123e-05
1.54100000e+04,1.74102975e-04,1.33747153e-04,2.74465340e-05,1.29092880e-05
1.54200000e+04,1.70927200e-04,1.30827311e-04,2.73212072e-05,1.27786823e-05
1.54300000e+04,1.71156818e-04,1.31051702e-04,2.73203362e-05,1.27847796e-05
1.54400000e+04,1.70708717e-04,1.30671025e-04,2.72871101e-05,1.27505820e-05
1.54500000e+04,1.70330143e-04,1.30333051e-04,2.72643508e-05,1.27327412e-05
1.54600000e+04,1.70126410e-04,1.30161449e-04,2.72446881e-05,1.27202727e-05
1.54700000e+04,1.69923110e-04,1.29994168e-04,2.72235637e-05,1.27053782e-05
1.54800000e+04,1.69736081e-04,1.29840950e-04,2.72033879e-05,1.26917435e-05
1.54900000e+04,1.69563199e-04,1.29701195e-04,2.71837164e-05,1.26782872e-05
1.55000000e+04,1.70263649e-04,1.30417855e-04,2.71729744e-05,1.26728193e-05
1.55100000e+04,3.04618647e-04,2.44963044e-04,3.67432337e-05,2.29123694e-05
1.55200000e+04,5.10234503e-04,4.52008017e-04,3.57724299e-05,2.24540564e-05
1.55300000e+04,2.24466897e-04,1.81201494e-04,2.88108096e-05,1.44545934e-05
1.55400000e+04,1.70257202e-04,1.30439475e-04,2.71566913e-05,1.26610360e-05
1.55500000e+04,1.76233665e-04,1.35916559e-04,2.73300844e-05,1.29870209e-05
1.55600000e+04,1.74232515e-04,1.34143355e-04,2.72945765e-05,1.27945833e-05
1.55700000e+04,1.69885031e-04,1.30113308e-04,2.70859214e-05,1.26858018e-05
1.55800000e+04,1.68230020e-04,1.28630860e-04,2.70259915e-05,1.25731690e-05
1.55900000e+04,1.67910021e-04,1.28349841e-04,2.70053700e-05,1.25548100e-05
1.56000000e+04,1.67747600e-04,1.28213807e-04,2.69810683e-05,1.25527250e-05
1.56100000e+04,1.67519552e-04,1.28008947e-04,2.69788512e-05,1.25317540e-05
1.56200000e+04,1.67343702e-04,1.27854472e-04,2.69627677e-05,1.25264628e-05
1.56300000e+04,1.75217329e-04,1.35426149e-04,2.70898279e-05,1.27013518e-05
1.56400000e+04,2.90868404e-04,2.45943031e-04,2.95229089e-05,1.54024642e-05
1.56500000e+04,2.24397771e-04,1.82409676e-04,2.81020650e-05,1.38860306e-05
1.56600000e+04,1.83763833e-04,1.43636615e-04,2.72240371e-05,1.29031814e-05
1.56700000e+04,1.72005411e-04,1.32410717e-04,2.69808947e-05,1.26137991e-05
1.56800000e+04,1.68026126e-04,1.28628260e-04,2.68949781e-05,1.25028881e-05
1.56900000e+04,1.67338035e-04,1.27981926e-04,2.68817119e-05,1.24743971e-05
1.57000000e+04,1.91569456e-04,1.51075493e-04,2.74330714e-05,1.30608914e-05
1.57100000e+04,8.16333709e-04,7.20194244e-04,5.21530738e-05,4.39863911e-05
1.57200000e+04,3.54937550e-04,2.97726814e-04,3.50304893e-05,2.21802467e-05
1.57300000e+04,3.37142232e-04,2.86749439e-04,3.14931216e-05,1.88996723e-05
1.57400000e+04,2.04847648e-04,1.61070439e-04,2.88051790e-05,1.49720305e-05
1.57500000e+04,1.75865089e-04,1.36288468e-04,2.69700527e-05,1.26065686e-05
1.57600000e+04,1.71175154e-04,1.31606919e-04,2.69428142e-05,1.26254200e-05
1.57700000e+04,1.66535259e-04,1.27382661e-04,2.67223677e-05,1.24302305e-05
1.57800000e+04,1.65510625e-04,1.26519835e-04,2.66448688e-05,1.23459214e-05
1.57900000e+04,1.70397337e-04,1.31322873e-04,2.66807892e-05,1.23936742e-05
1.58000000e+04,1.84213387e-04,1.44867429e-04,2.68062038e-05,1.25397537e-05
1.58100000e+04,1.73511309e-04,1.34387877e-04,2.67251079e-05,1.23983246e-05
1.58200000e+04,1.69845633e-04,1.30753118e-04,2.67284814e-05,1.23640342e-05
1.58300000e+04,2.18520510e-04,1.76995444e-04,2.79014784e-05,1.36235879e-05
1.58400000e+04,1.77867943e-04,1.38481859e-04,2.67689061e-05,1.26171780e-05
1.58500000e+04,1.64105119e-04,1.25372029e-04,2.65337761e-05,1.21993148e-05
1.58600000e+04,1.64871101e-04,1.26122654e-04,2.65454311e-05,1.22030160e-05
1.58700000e+04,1.64191771e-04,1.25524388e-04,2.64784264e-05,1.21889569e-05
1.58800000e+04,1.63403191e-04,1.24790030e-04,2.64663574e-05,1.21468034e-05
1.58900000e+04,1.63170326e-04,1.24598772e-04,2.64401027e-05,1.21314511e-05
1.59000000e+04,1.63019621e-04,1.24484589e-04,2.64168950e-05,1.21181374e-05
1.59100000e+04,1.78234612e-04,1.39301226e-04,2.65405342e-05,1.23928516e-05
1.59200000e+04,4.69435634e-04,4.18659791e-04,3.19760068e-05,1.87998365e-05
1.59300000e+04,2.50120702e-04,2.07651486e-04,2.81622976e-05,1.43069191e-05
1.59400000e+04,2.13472843e-04,1.72704739e-04,2.74041561e-05,1.33639486e-05
1.59500000e+04,1.80848821e-04,1.41676363e-04,2.66691583e-05,1.25032997e-05
1.59600000e+04,1.71035134e-04,1.32242054e-04,2.65517739e-05,1.22413065e-05
1.59700000e+04,1.67579838e-04,1.28962396e-04,2.64597460e-05,1.21576965e-05
1.59800000e+04,1.62047891e-04,1.23706483e-04,2.63135860e-05,1.20278217e-05
1.59900000e+04,1.62201738e-04,1.23882473e-04,2.62908678e-05,1.20283968e-05
1.60000000e+04,1.61470937e-04,1.23199322e-04,2.62714966e-05,1.20001176e-05
1.60100000e+04,2.13723984e-04,1.73767404e-04,2.69887945e-05,1.29677859e-05
1.60200000e+04,1.89291177e-04,1.49813427e-04,2.68209780e-05,1.26567720e-05
1.60300000e+04,2.29253878e-04,1.88309227e-04,2.71544395e-05,1.37902117e-05
1.60400000e+04,2.06885342e-04,1.66862714e-04,2.71042445e-05,1.29183836e-05
1.60500000e+04,1.74626757e-04,1.36111604e-04,2.63507811e-05,1.21643722e-05
1.60600000e+04,1.67345587e-04,1.29036417e-04,2.62298006e-05,1.20793692e-05
1.60700000e+04,1.62682399e-04,1.24531049e-04,2.62087550e-05,1.19425950e-05
1.60800000e+04,1.61750840e-04,1.23682907e-04,2.61533743e-05,1.19145579e-05
1.60900000e+04,1.60796108e-04,1.22783282e-04,2.61229261e-05,1.18899000e-05
1.61000000e+04,1.59834179e-04,1.21874866e-04,2.60994968e-05,1.18598170e-05
1.61100000e+04,1.59549354e-04,1.21625521e-04,2.60823925e-05,1.18414410e-05
1.61200000e+04,1.59340213e-04,1.21447338e-04,2.60665448e-05,1.18263305e-05
1.61300000e+04,1.59156425e-04,1.21296825e-04,2.60483726e-05,1.18112268e-05
1.61400000e+04,1.58984375e-04,1.21155281e-04,2.60314672e-05,1.17976271e-05
1.61500000e+04,1.58815689e-04,1.21017508e-04,2.60145364e-05,1.17836448e-05
1.61600000e+04,1.58654177e-04,1.20886215e-04,2.59977063e-05,1.17702554e-05
1.61700000e+04,1.58607743e-04,1.20867477e-04,2.59811415e-05,1.17591239e-05
1.61800000e+04,1.62789610e-04,1.24964998e-04,2.60096142e-05,1.18149977e-05
1.61900000e+04,1.80028813e-04,1.41765041e-04,2.61919333e-05,1.20718393e-05
1.62000000e+04,1.60548944e-04,1.22832243e-04,2.59654659e-05,1.17512347e-05
1.62100000e+04,1.59936232e-04,1.22199253e-04,2.59860365e-05,1.17509427e-05
1.62200000e+04,1.58117196e-04,1.20495608e-04,2.59282836e-05,1.16933046e-05
1.62300000e+04,1.57506444e-04,1.19933775e-04,2.59009440e-05,1.16717258e-05
1.62400000e+04,1.57552832e-04,1.20000752e-04,2.58839842e-05,1.16680959e-05
1.62500000e+04,1.63234309e-04,1.25462991e-04,2.59731777e-05,1.17981402e-05
1.62600000e+04,2.40658252e-04,1.99502167e-04,2.75522571e-05,1.36038278e-05
1.62700000e+04,1.86997328e-04,1.48300720e-04,2.64448558e-05,1.22517516e-05
1.62800000e+04,1.59026489e-04,1.21512932e-04,2.58581811e-05,1.16553756e-05
1.62900000e+04,1.59214979e-04,1.21696789e-04,2.58485107e-05,1.16696791e-05
1.63000000e+04,1.57220389e-04,1.19803653e-04,2.58166652e-05,1.16000715e-05
1.63100000e+04,6.62471452e-04,5.33841464e-04,6.73239369e-05,6.13060509e-05
1.63200000e+04,2.34891224e-04,1.87977077e-04,3.04616921e-05,1.64524548e-05
1.63300000e+04,1.98160161e-04,1.58245988e-04,2.70926122e-05,1.28215606e-05
1.63400000e+04,1.62208749e-04,1.23863668e-04,2.62671875e-05,1.20778930e-05
1.63500000e+04,1.58115820e-04,1.20659949e-04,2.58054858e-05,1.16503859e-05
1.63600000e+04,1.56201684e-04,1.18924761e-04,2.57351065e-05,1.15418162e-05
1.63700000e+04,1.55603031e-04,1.18387881e-04,2.57013963e-05,1.15137533e-05
1.63800000e+04,1.55780394e-04,1.18629144e-04,2.56608107e-05,1.14904391e-05
1.63900000e+04,1.75723809e-04,1.37847893e-04,2.59685339e-05,1.19073823e-05
1.64000000e+04,1.57637232e-04,1.20453425e-04,2.56793018e-05,1.15045058e-05
1.64100000e+04,1.56860001e-04,1.19711049e-04,2.56576772e-05,1.14912753e-05
1.64200000e+04,1.55506174e-04,1.18437669e-04,2.56198465e-05,1.14486579e-05
1.64300000e+04,1.54679899e-04,1.17657343e-04,2.55979732e-05,1.14245826e-05
1.64400000e+04,1.55144525e-04,1.18135380e-04,2.55888025e-05,1.14203427e-05
1.64500000e+04,1.84275645e-04,1.46438892e-04,2.59351676e-05,1.19015855e-05
1.64600000e+04,1.70565597e-04,1.33131988e-04,2.57602940e-05,1.16733150e-05
1.64700000e+04,1.75650148e-04,1.38049571e-04,2.58348903e-05,1.17656873e-05
1.64800000e+04,1.58082918e-04,1.21053870e-04,2.55895832e-05,1.14394647e-05
1.64900000e+04,1.53940961e-04,1.17074529e-04,2.55095773e-05,1.13568549e-05
1.65000000e+04,1.53672362e-04,1.16838279e-04,2.54913202e-05,1.13427623e-05
1.65100000e+04,1.53250113e-04,1.16439026e-04,2.54833070e-05,1.13277797e-05
1.65200000e+04,1.52989447e-04,1.16201240e-04,2.54731065e-05,1.13151005e-05
1.65300000e+04,1.52811273e-04,1.16045520e-04,2.54625482e-05,1.13032053e-05
1.65400000e+04,1.52654843e-04,1.15912368e-04,2.54504377e-05,1.12920372e-05
1.65500000e+04,1.52496153e-04,1.15777473e-04,2.54376568e-05,1.12810233e-05
1.65600000e+04,1.52351304e-04,1.15657298e-04,2.54235732e-05,1.12704338e-05
1.65700000e+04,1.52570759e-04,1.15887095e-04,2.54123126e-05,1.12713516e-05
1.65800000e+04,1.67182832e-04,1.29865652e-04,2.56886531e-05,1.16285266e-05
1.65900000e+04,1.78117839e-04,1.40414245e-04,2.58149056e-05,1.18886890e-05
1.66000000e+04,1.52656665e-04,1.16030909e-04,2.53691167e-05,1.12566391e-05
1.66100000e+04,2.33992977e-04,1.91081194e-04,2.81950246e-05,1.47167583e-05
1.66200000e+04,1.67035926e-04,1.29138308e-04,2.59046000e-05,1.19930178e-05
1.66300000e+04,1.62105731e-04,1.24741713e-04,2.56925280e-05,1.16714906e-05
1.66400000e+04,1.53433813e-04,1.16809172e-04,2.53534279e-05,1.12712127e-05
1.66500000e+04,1.51215602e-04,1.14786825e-04,2.52533443e-05,1.11754320e-05
1.66600000e+04,1.51124691e-04,1.14716907e-04,2.52396300e-05,1.11681543e-05
1.66700000e+04,1.50977067e-04,1.14594635e-04,2.52248954e-05,1.11575364e-05
1.66800000e+04,1.50717263e-04,1.14374991e-04,2.52023834e-05,1.11398884e-05
1.66900000e+04,1.50548223e-04,1.14239352e-04,2.51825919e-05,1.11262786e-05
1.67000000e+04,1.50438633e-04,1.14158004e-04,2.51652728e-05,1.11153561e-05
1.67100000e+04,1.50239519e-04,1.13979216e-04,2.51549642e-05,1.11053383e-05
1.67200000e+04,1.50080600e-04,1.13843259e-04,2.51424071e-05,1.10949346e-05
1.67300000e+04,1.49924388e-04,1.13711086e-04,2.51289865e-05,1.10843158e-05
1.67400000e+04,1.49771590e-04,1.13583431e-04,2.51143718e-05,1.10737869e-05
1.67500000e+04,1.49620926e-04,1.13458172e-04,2.50993918e-05,1.10633617e-05
1.67600000e+04,1.49473114e-04,1.13335919e-04,2.50840804e-05,1.10531152e-05
1.67700000e+04,1.49386794e-04,1.13273429e-04,2.50680750e-05,1.10452902e-05
1.67800000e+04,1.53202601e-04,1.16962630e-04,2.51050726e-05,1.11348986e-05
1.67900000e+04,1.66681213e-04,1.29981705e-04,2.52941388e-05,1.14053692e-05
1.68000000e+04,1.49329783e-04,1.13268915e-04,2.50221710e-05,1.10386973e-05
1.68100000e+04,1.54027267e-04,1.16764775e-04,2.56136547e-05,1.16488379e-05
1.68200000e+04,1.56034165e-04,1.19572691e-04,2.51734206e-05,1.12880526e-05
1.68300000e+04,1.49739812e-04,1.13602771e-04,2.50610786e-05,1.10759624e-05
1.68400000e+04,1.52988782e-04,1.16800044e-04,2.50615161e-05,1.11272222e-05
1.68500000e+04,2.12532720e-04,1.74780771e-04,2.57318118e-05,1.20201371e-05
1.68600000e+04,1.58818611e-04,1.22579352e-04,2.50799900e-05,1.11592695e-05
1.68700000e+04,1.50616327e-04,1.14670373e-04,2.49373279e-05,1.10086268e-05
1.68800000e+04,1.54778628e-04,1.18691072e-04,2.49842758e-05,1.11032801e-05
1.68900000e+04,1.57627576e-04,1.21443775e-04,2.50109584e-05,1.11728427e-05
1.69000000e+04,1.48462587e-04,1.12645891e-04,2.48909555e-05,1.09257404e-05
1.69100000e+04,1.85950034e-04,1.47206462e-04,2.61685956e-05,1.25749765e-05
1.69200000e+04,1.48705984e-04,1.12847261e-04,2.48777443e-05,1.09809782e-05
1.69300000e+04,1.56748850e-04,1.20349144e-04,2.51272979e-05,1.12724078e-05
1.69400000e+04,1.49753568e-04,1.13943837e-04,2.48409625e-05,1.09687681e-05
1.69500000e+04,1.90155384e-04,1.52396207e-04,2.57587406e-05,1.20004370e-05
1.69600000e+04,1.67792694e-04,1.31160146e-04,2.52830242e-05,1.13495240e-05
1.69700000e+04,1.52313261e-04,1.16461678e-04,2.48469782e-05,1.10046051e-05
1.69800000e+04,1.49614370e-04,1.13948392e-04,2.47582845e-05,1.09076933e-05
1.69900000e+04,1.46775956e-04,1.11242399e-04,2.47134001e-05,1.08201569e-05
1.70000000e+04,1.49475719e-04,1.13815933e-04,2.47789586e-05,1.08808275e-05
1.70100000e+04,2.53394888e-04,2.07321823e-04,2.86799587e-05,1.73931058e-05
1.70200000e+04,2.67678546e-04,2.15594781e-04,3.24367502e-05,1.96470150e-05
1.70300000e+04,1.72280314e-04,1.33687573e-04,2.60193624e-05,1.25733778e-05
1.70400000e+04,1.69033201e-04,1.31970900e-04,2.54083840e-05,1.16539166e-05
1.70500000e+04,1.58932597e-04,1.22953881e-04,2.47695251e-05,1.12091903e-05
1.70600000e+04,1.51246945e-04,1.15825754e-04,2.45125807e-05,1.09086105e-05
1.70700000e+04,1.45666138e-04,1.10542133e-04,2.43594197e-05,1.07645851e-05
1.70800000e+04,1.47147301e-04,1.12011279e-04,2.43550049e-05,1.07810171e-05
1.70900000e+04,1.45438567e-04,1.10371633e-04,2.43271392e-05,1.07397942e-05
1.71000000e+04,1.44875390e-04,1.09868646e-04,2.42871493e-05,1.07195939e-05
1.71100000e+04,1.44789171e-04,1.09806296e-04,2.42739757e-05,1.07088992e-05
1.71200000e+04,1.47850527e-04,1.12818150e-04,2.42857014e-05,1.07466755e-05
1.71300000e+04,1.64349012e-04,1.28921686e-04,2.44493657e-05,1.09779600e-05
1.71400000e+04,1.46704144e-04,1.11766085e-04,2.42348509e-05,1.07032078e-05
1.71500000e+04,1.44422841e-04,1.09564122e-04,2.41937597e-05,1.06649588e-05
1.71600000e+04,1.44826716e-04,1.09983433e-04,2.41738190e-05,1.06694647e-05
1.71700000e+04,1.44066166e-04,1.09273507e-04,2.41481940e-05,1.06444653e-05
1.71800000e+04,1.43715703e-04,1.08956882e-04,2.41253516e-05,1.06334697e-05
1.71900000e+04,1.43613423e-04,1.08884764e-04,2.41033698e-05,1.06252889e-05
1.72000000e+04,1.44567702e-04,1.09817280e-04,2.40950561e-05,1.06553658e-05
1.72100000e+04,1.61673061e-04,1.23548378e-04,2.53649519e-05,1.27597310e-05
1.72200000e+04,1.50256082e-04,1.14024587e-04,2.47083493e-05,1.15231459e-05
1.72300000e+04,1.49057956e-04,1.13687571e-04,2.43405208e-05,1.10298642e-05
1.72400000e+04,1.66210635e-04,1.30761482e-04,2.43747500e-05,1.10744036e-05
1.72500000e+04,1.44552754e-04,1.09901466e-04,2.40214754e-05,1.06298125e-05
1.72600000e+04,1.45239485e-04,1.10633793e-04,2.39873008e-05,1.06183905e-05
1.72700000e+04,1.43389176e-04,1.08879874e-04,2.39389004e-05,1.05704019e-05
1.72800000e+04,1.42513971e-04,1.08060726e-04,2.39052113e-05,1.05480337e-05
1.72900000e+04,1.42486563e-04,1.08062140e-04,2.38854744e-05,1.05389494e-05
1.73000000e+04,1.43426138e-04,1.08994506e-04,2.38810722e-05,1.05505595e-05
1.73100000e+04,7.32301953e-04,6.51437475e-04,4.19770854e-05,3.88873928e-05
1.73200000e+04,1.53573212e-04,1.18591517e-04,2.41504360e-05,1.08312593e-05
1.73300000e+04,1.65000916e-04,1.28454433e-04,2.45412831e-05,1.20051995e-05
1.73400000e+04,1.55462284e-04,1.19818748e-04,2.43388252e-05,1.13047111e-05
1.73500000e+04,1.47248909e-04,1.12446841e-04,2.39196704e-05,1.08823979e-05
1.73600000e+04,1.43524693e-04,1.09056060e-04,2.38589184e-05,1.06097139e-05
1.73700000e+04,1.42043914e-04,1.07840182e-04,2.37048810e-05,1.04988508e-05
1.73800000e+04,1.41979412e-04,1.07787409e-04,2.37171652e-05,1.04748374e-05
1.73900000e+04,1.59107598e-04,1.23862080e-04,2.41781418e-05,1.10673758e-05
1.74000000e+04,1.42750259e-04,1.08509165e-04,2.36898273e-05,1.05512668e-05
1.74100000e+04,2.89583837e-04,1.96529583e-04,5.15111538e-05,4.15431007e-05
1.74200000e+04,2.56583011e-04,2.03000001e-04,3.33817064e-05,2.02013032e-05
1.74300000e+04,1.80141252e-04,1.38529821e-04,2.73644365e-05,1.42469945e-05
1.74400000e+04,1.56426645e-04,1.20195563e-04,2.46704841e-05,1.15605981e-05
1.74500000e+04,1.41178245e-04,1.06829658e-04,2.37601881e-05,1.05883985e-05
1.74600000e+04,1.40627316e-04,1.06696516e-04,2.35409929e-05,1.03898062e-05
1.74700000e+04,1.47203845e-04,1.12925242e-04,2.36618823e-05,1.06167201e-05
1.74800000e+04,1.43418649e-04,1.09422280e-04,2.35502735e-05,1.04460958e-05
1.74900000e+04,1.61053964e-04,1.26684938e-04,2.37080472e-05,1.06609784e-05
1.75000000e+04,1.45542210e-04,1.11593951e-04,2.35411616e-05,1.04070979e-05
1.75100000e+04,1.57415057e-04,1.21869502e-04,2.41924196e-05,1.13531358e-05
1.75200000e+04,2.06126426e-04,1.64330946e-04,2.69055238e-05,1.48899560e-05
1.75300000e+04,1.61332363e-04,1.25878657e-04,2.41614022e-05,1.12923039e-05
1.75400000e+04,1.47496190e-04,1.12570057e-04,2.39211939e-05,1.10049390e-05
1.75500000e+04,1.48928747e-04,1.14964814e-04,2.34773224e-05,1.04866105e-05
1.75600000e+04,1.40205582e-04,1.06570403e-04,2.33251315e-05,1.03100480e-05
1.75700000e+04,1.42195494e-04,1.08533296e-04,2.33220471e-05,1.03401515e-05
1.75800000e+04,1.40344312e-04,1.06781182e-04,2.32886575e-05,1.02744722e-05
1.75900000e+04,1.52901057e-04,1.19088776e-04,2.33964234e-05,1.04158568e-05
1.76000000e+04,1.43637080e-04,1.10061664e-04,2.32517709e-05,1.03236460e-05
1.76100000e+04,1.38650060e-04,1.05240045e-04,2.31882921e-05,1.02217233e-05
1.76200000e+04,1.69622165e-04,1.35440971e-04,2.35282985e-05,1.06528956e-05
1.76300000e+04,2.03226824e-04,1.67577326e-04,2.41534162e-05,1.14960813e-05
1.76400000e+04,1.51136110e-04,1.17219169e-04,2.34049754e-05,1.05119648e-05
1.76500000e+04,1.48005700e-04,1.14223470e-04,2.33071839e-05,1.04750455e-05
1.76600000e+04,1.39805294e-04,1.06470202e-04,2.31343144e-05,1.02007781e-05
1.76700000e+04,1.38590183e-04,1.05318428e-04,2.30903233e-05,1.01814324e-05
1.76800000e+04,1.37757676e-04,1.04581475e-04,2.30242252e-05,1.01519756e-05
1.76900000e+04,1.37588224e-04,1.04442975e-04,2.30119771e-05,1.01332715e-05
1.77000000e+04,1.37512047e-04,1.04389185e-04,2.29976082e-05,1.01252544e-05
1.77100000e+04,1.43820673e-04,1.10291820e-04,2.31556029e-05,1.03732499e-05
1.77200000e+04,1.37894953e-04,1.04787108e-04,2.29908990e-05,1.01169462e-05
1.77300000e+04,1.45877982e-04,1.12396070e-04,2.31237485e-05,1.03581639e-05
1.77400000e+04,1.39444512e-04,1.06353023e-04,2.29567040e-05,1.01347850e-05
1.77500000e+04,1.46613969e-04,1.13312118e-04,2.30497944e-05,1.02520567e-05
1.77600000e+04,1.39045128e-04,1.06023212e-04,2.29204823e-05,1.01014337e-05
1.77700000e+04,1.36633664e-04,1.03722055e-04,2.28633787e-05,1.00482300e-05
1.77800000e+04,1.36481553e-04,1.03599322e-04,2.28430801e-05,1.00391504e-05
1.77900000e+04,1.36988057e-04,1.04032539e-04,2.28578859e-05,1.00976323e-05
1.78000000e+04,1.57556263e-04,1.21041091e-04,2.42987404e-05,1.22164314e-05
1.78100000e+04,2.23794130e-04,1.44070592e-04,4.35690110e-05,3.61545270e-05
1.78200000e+04,1.91559310e-04,1.52735023e-04,2.54721877e-05,1.33520989e-05
1.78300000e+04,1.55584632e-04,1.16416023e-04,2.56909399e-05,1.34776689e-05
1.78400000e+04,1.98976109e-04,1.60567848e-04,2.53136901e-05,1.30945709e-05
1.78500000e+04,1.40827231e-04,1.07784925e-04,2.28536423e-05,1.01886639e-05
1.78600000e+04,1.41293448e-04,1.08021704e-04,2.29867834e-05,1.02849607e-05
1.78700000e+04,1.43260243e-04,1.10234143e-04,2.28503326e-05,1.01757673e-05
1.78800000e+04,1.36563429e-04,1.03889318e-04,2.26787870e-05,9.99532397e-06
1.78900000e+04,1.36651295e-04,1.04012424e-04,2.26693044e-05,9.96956613e-06
1.79000000e+04,1.36449095e-04,1.03830947e-04,2.26563779e-05,9.96176982e-06
1.79100000e+04,1.35294464e-04,1.02737411e-04,2.26263860e-05,9.93066676e-06
1.79200000e+04,1.35153992e-04,1.02630984e-04,2.26064304e-05,9.91657739e-06
1.79300000e+04,1.35397974e-04,1.02891589e-04,2.25924187e-05,9.91396638e-06
1.79400000e+04,1.53637593e-04,1.20571922e-04,2.28270077e-05,1.02386631e-05
1.79500000e+04,1.49276201e-04,1.16080798e-04,2.29144532e-05,1.02809490e-05
1.79600000e+04,1.36956038e-04,1.04437376e-04,2.25869477e-05,9.93171431e-06
1.79700000e+04,1.36305357e-04,1.03843862e-04,2.25365326e-05,9.92496225e-06
1.79800000e+04,1.34796765e-04,1.02414684e-04,2.25095158e-05,9.87256482e-06
1.79900000e+04,1.34478897e-04,1.02124276e-04,2.24976516e-05,9.85696961e-06
1.80000000e+04,1.34311319e-04,1.01990782e-04,2.24743580e-05,9.84617956e-06
1.80100000e+04,1.34546981e-04,1.02207677e-04,2.24826531e-05,9.85665111e-06
1.80200000e+04,1.45259498e-04,1.12140651e-04,2.28403240e-05,1.02785225e-05
1.80300000e+04,1.36262554e-04,1.03773784e-04,2.25299955e-05,9.95877504e-06
1.80400000e+04,1.35496712e-04,1.03075630e-04,2.25134521e-05,9.90762986e-06
1.80500000e+04,1.34072596e-04,1.01840233e-04,2.24185307e-05,9.81383205e-06
1.80600000e+04,1.33720233e-04,1.01525554e-04,2.23947858e-05,9.79989235e-06
1.80700000e+04,1.33548937e-04,1.01367455e-04,2.23912593e-05,9.79022258e-06
1.80800000e+04,1.33397566e-04,1.01253413e-04,2.23649877e-05,9.77916512e-06
1.80900000e+04,1.33248402e-04,1.01128190e-04,2.23530324e-05,9.76717953e-06
1.81000000e+04,1.33138320e-04,1.01043239e-04,2.23364415e-05,9.75863968e-06
1.81100000e+04,1.33007919e-04,1.00923282e-04,2.23315297e-05,9.75310735e-06
1.81200000e+04,1.32921035e-04,1.00851432e-04,2.23224970e-05,9.74710528e-06
1.81300000e+04,1.42787606e-04,1.10288108e-04,2.25005080e-05,9.99899019e-06
1.81400000e+04,1.80488316e-04,1.46218736e-04,2.33016256e-05,1.09679535e-05
1.81500000e+04,1.49490219e-04,1.16773049e-04,2.25964203e-05,1.01207498e-05
1.81600000e+04,1.37639406e-04,1.05414563e-04,2.23818144e-05,9.84302858e-06
1.81700000e+04,1.36593909e-04,1.04448383e-04,2.23506401e-05,9.79488567e-06
1.81800000e+04,1.33411091e-04,1.01395766e-04,2.22856008e-05,9.72972397e-06
1.81900000e+04,1.32781345e-04,1.00816494e-04,2.22565722e-05,9.70827935e-06
1.82000000e+04,1.32166065e-04,1.00243574e-04,2.22342849e-05,9.68820545e-06
1.82100000e+04,1.31902661e-04,1.00007463e-04,2.22180600e-05,9.67713744e-06
1.82200000e+04,1.31958625e-04,1.00078087e-04,2.22095412e-05,9.67099699e-06
1.82300000e+04,1.43158768e-04,1.10907946e-04,2.23737966e-05,9.87702476e-06
1.82400000e+04,1.44614715e-04,1.12278748e-04,2.23877402e-05,9.94822685e-06
1.82500000e+04,1.31941625e-04,1.00101972e-04,2.21807376e-05,9.65891518e-06
1.82600000e+04,1.32681080e-04,1.00823943e-04,2.21906874e-05,9.66644976e-06
1.82700000e+04,1.32331088e-04,1.00476176e-04,2.21846538e-05,9.67025813e-06
1.82800000e+04,1.40986410e-04,1.08060974e-04,2.26722478e-05,1.02531880e-05
1.82900000e+04,1.31563166e-04,9.97833009e-05,2.21374219e-05,9.64244296e-06
1.83000000e+04,1.37011102e-04,1.05027274e-04,2.22212333e-05,9.76259533e-06
1.83100000e+04,1.32356308e-04,1.00586795e-04,2.20999595e-05,9.66955428e-06
1.83200000e+04,1.38445970e-04,1.05336820e-04,2.25985592e-05,1.05105914e-05
1.83300000e+04,1.38755900e-04,1.05334706e-04,2.27985099e-05,1.06226838e-05
1.83400000e+04,1.41833481e-04,1.09851479e-04,2.21452407e-05,9.83676109e-06
1.83500000e+04,1.35535312e-04,1.03303109e-04,2.22513159e-05,9.98088673e-06
1.83600000e+04,1.33547794e-04,1.01836493e-04,2.20189677e-05,9.69233269e-06
1.83700000e+04,1.30522014e-04,9.90024203e-05,2.19310518e-05,9.58854223e-06
1.83800000e+04,1.30509555e-04,9.90053705e-05,2.19162412e-05,9.58794309e-06
1.83900000e+04,1.30330546e-04,9.88738527e-05,2.18851320e-05,9.57156163e-06
1.84000000e+04,1.33883021e-04,1.02335992e-04,2.19049756e-05,9.64205298e-06
1.84100000e+04,1.41182333e-04,1.07527499e-04,2.28645058e-05,1.07903286e-05
1.84200000e+04,1.31358066e-04,9.92022965e-05,2.21588704e-05,9.99689891e-06
1.84300000e+04,1.44299695e-04,1.11296715e-04,2.25886037e-05,1.04143754e-05
1.84400000e+04,1.33533046e-04,1.01907557e-04,2.19399579e-05,9.68553142e-06
1.84500000e+04,1.30072543e-04,9.87022316e-05,2.18211907e-05,9.54912081e-06
1.84600000e+04,1.30265201e-04,9.89097273e-05,2.18145293e-05,9.54094426e-06
1.84700000e+04,1.29349740e-04,9.80914409e-05,2.17598880e-05,9.49841142e-06
1.84800000e+04,1.29333995e-04,9.80932677e-05,2.17456007e-05,9.49512643e-06
1.84900000e+04,1.29167294e-04,9.79513582e-05,2.17308809e-05,9.48505530e-06
1.85000000e+04,1.29209030e-04,9.79696280e-05,2.17470143e-05,9.49238735e-06
1.85100000e+04,1.32420245e-04,1.00253701e-04,2.21987484e-05,9.96779595e-06
1.85200000e+04,1.29072458e-04,9.78829590e-05,2.16909072e-05,9.49859211e-06
1.85300000e+04,1.28977476e-04,9.77565262e-05,2.17332745e-05,9.48767515e-06
1.85400000e+04,1.30056488e-04,9.88694208e-05,2.16863995e-05,9.50066779e-06
1.85500000e+04,1.48768916e-04,1.17031180e-04,2.19557916e-05,9.78194465e-06
1.85600000e+04,1.33883996e-04,1.02620030e-04,2.17137232e-05,9.55024314e-06
1.85700000e+04,1.32739067e-04,1.01509982e-04,2.17046175e-05,9.52446772e-06
1.85800000e+04,1.29465145e-04,9.83838858e-05,2.16328752e-05,9.44838407e-06
1.85900000e+04,1.29734377e-04,9.86533910e-05,2.16299002e-05,9.45108602e-06
1.86000000e+04,1.35674171e-04,1.04447235e-04,2.16905989e-05,9.53633718e-06
1.86100000e+04,4.61920950e-04,4.13479900e-04,2.95630574e-05,1.88779925e-05
1.86200000e+04,2.22457322e-04,1.85855603e-04,2.40148095e-05,1.25869097e-05
1.86300000e+04,1.48191738e-04,1.15949538e-04,2.21270919e-05,1.01151088e-05
1.86400000e+04,1.31429005e-04,1.00378312e-04,2.15736030e-05,9.47708978e-06
1.86500000e+04,1.28186211e-04,9.72931628e-05,2.15106505e-05,9.38239774e-06
1.86600000e+04,1.27749494e-04,9.68776400e-05,2.14915014e-05,9.38035290e-06
1.86700000e+04,1.27609406e-04,9.67721634e-05,2.14690585e-05,9.36818375e-06
1.86800000e+04,1.27477887e-04,9.66647269e-05,2.14557762e-05,9.35738365e-06
1.86900000e+04,1.27349918e-04,9.65705262e-05,2.14319439e-05,9.34744779e-06
1.87000000e+04,1.27232839e-04,9.64799191e-05,2.14164200e-05,9.33649985e-06
1.87100000e+04,1.27108002e-04,9.63715092e-05,2.14073138e-05,9.32917885e-06
1.87200000e+04,1.26998785e-04,9.62792129e-05,2.13977842e-05,9.32178801e-06
1.87300000e+04,1.27017730e-04,9.63089738e-05,2.13893138e-05,9.31944193e-06
1.87400000e+04,1.34718126e-04,1.03502235e-04,2.16130580e-05,9.60283343e-06
1.87500000e+04,1.33286993e-04,1.02181273e-04,2.15685105e-05,9.53720983e-06
1.87600000e+04,1.33454767e-04,1.02233995e-04,2.16100230e-05,9.61074872e-06
1.87700000e+04,1.29123866e-04,9.83455006e-05,2.13953511e-05,9.38301471e-06
1.87800000e+04,1.26784280e-04,9.61613442e-05,2.13230078e-05,9.29992758e-06
1.87900000e+04,1.28000507e-04,9.73521956e-05,2.13375185e-05,9.31079312e-06
1.88000000e+04,1.37661988e-04,1.06770513e-04,2.14153788e-05,9.47609586e-06
1.88100000e+04,7.12883494e-04,5.67918551e-04,7.56857503e-05,6.92791924e-05
1.88200000e+04,3.68271432e-04,2.93518543e-04,4.22991653e-05,3.24537235e-05
1.88300000e+04,1.64444618e-04,1.23131583e-04,2.62156739e-05,1.50973610e-05
1.88400000e+04,1.38097863e-04,1.06265635e-04,2.17288579e-05,1.01033695e-05
1.88500000e+04,1.30160734e-04,9.92349533e-05,2.12950755e-05,9.63070534e-06
1.88600000e+04,1.28564404e-04,9.78684589e-05,2.12141486e-05,9.48179681e-06
1.88700000e+04,1.26381530e-04,9.59596174e-05,2.10645174e-05,9.35739505e-06
1.88800000e+04,1.25738741e-04,9.55362442e-05,2.09360267e-05,9.26647035e-06
1.88900000e+04,1.25569423e-04,9.54305642e-05,2.08896888e-05,9.24916968e-06
1.89000000e+04,1.25452301e-04,9.53460843e-05,2.08619849e-05,9.24423210e-06
1.89100000e+04,1.25306524e-04,9.52203030e-05,2.08506505e-05,9.23557079e-06
1.89200000e+04,1.25191763e-04,9.51246191e-05,2.08382807e-05,9.22886373e-06
1.89300000e+04,1.25090181e-04,9.50464672e-05,2.08208818e-05,9.22283150e-06
1.89400000e+04,1.24992657e-04,9.49737028e-05,2.08022013e-05,9.21675303e-06
1.89500000e+04,1.24898899e-04,9.49054273e-05,2.07830301e-05,9.21044202e-06
1.89600000e+04,1.24806884e-04,9.48384383e-05,2.07644833e-05,9.20396203e-06
1.89700000e+04,1.24715203e-04,9.47718700e-05,2.07459983e-05,9.19733482e-06
1.89800000e+04,1.24623712e-04,9.47052786e-05,2.07276657e-05,9.19076716e-06
1.89900000e+04,1.24533044e-04,9.46397072e-05,2.07091643e-05,9.18417277e-06
1.90000000e+04,1.24442485e-04,9.45741853e-05,2.06909036e-05,9.17739563e-06
1.90100000e+04,1.24324447e-04,9.44680970e-05,2.06835849e-05,9.17276495e-06
1.90200000e+04,1.24216978e-04,9.43780850e-05,2.06719293e-05,9.16696371e-06
1.90300000e+04,1.24119611e-04,9.42995732e-05,2.06593312e-05,9.16070699e-06
1.90400000e+04,1.24240932e-04,9.44338204e-05,2.06487664e-05,9.15834476e-06
1.90500000e+04,1.34106906e-04,1.03981577e-04,2.07769952e-05,9.34833408e-06
1.90600000e+04,1.28422549e-04,9.85008552e-05,2.06831854e-05,9.23850812e-06
1.90700000e+04,1.24917878e-04,9.51394064e-05,2.06199532e-05,9.15851887e-06
1.90800000e+04,1.23865440e-04,9.41409562e-05,2.05906082e-05,9.13387590e-06
1.90900000e+04,1.23760690e-04,9.40570760e-05,2.05755937e-05,9.12802043e-06
1.91000000e+04,1.23459784e-04,9.37854255e-05,2.05577858e-05,9.11657251e-06
1.91100000e+04,1.38639976e-04,1.08463647e-04,2.08021231e-05,9.37420612e-06
1.91200000e+04,1.27196410e-04,9.74115743e-05,2.06030633e-05,9.18177269e-06
1.91300000e+04,1.34742530e-04,1.04682208e-04,2.07293651e-05,9.33095592e-06
1.91400000e+04,1.56176793e-04,1.24934996e-04,2.12753778e-05,9.96641882e-06
1.91500000e+04,1.32780892e-04,1.02652161e-04,2.07877799e-05,9.34095095e-06
1.91600000e+04,1.24141542e-04,9.44909204e-05,2.05407966e-05,9.10982542e-06
1.91700000e+04,1.23431209e-04,9.38308049e-05,2.05014674e-05,9.09893685e-06
1.91800000e+04,1.23011853e-04,9.34578844e-05,2.04776231e-05,9.07634505e-06
1.91900000e+04,1.24084561e-04,9.44916940e-05,2.04955655e-05,9.09730196e-06
1.92000000e+04,1.38298546e-04,1.08187906e-04,2.07262202e-05,9.38442005e-06
1.92100000e+04,1.29223193e-04,9.94626707e-05,2.05684659e-05,9.19205610e-06
1.92200000e+04,1.29595848e-04,9.98426909e-05,2.05646714e-05,9.18848620e-06
1.92300000e+04,1.27176514e-04,9.75353293e-05,2.05148303e-05,9.12635460e-06
1.92400000e+04,1.25204830e-04,9.56565320e-05,2.04689445e-05,9.07935338e-06
1.92500000e+04,1.22909774e-04,9.34553138e-05,2.04192061e-05,9.03525386e-06
1.92600000e+04,1.26839855e-04,9.72709813e-05,2.04527036e-05,9.11616979e-06
1.92700000e+04,1.23125801e-04,9.36937670e-05,2.04110116e-05,9.02102232e-06
1.92800000e+04,1.21835107e-04,9.24618783e-05,2.03707822e-05,9.00244607e-06
1.92900000e+04,1.21417294e-04,9.20709927e-05,2.03597890e-05,8.98651251e-06
1.93000000e+04,1.21253937e-04,9.19328153e-05,2.03428134e-05,8.97830831e-06
1.93100000e+04,1.21096173e-04,9.17890463e-05,2.03360643e-05,8.97106221e-06
1.93200000e+04,1.20975853e-04,9.16860299e-05,2.03272940e-05,8.96252922e-06
1.93300000e+04,1.20872791e-04,9.16000302e-05,2.03175253e-05,8.95523543e-06
1.93400000e+04,1.20772724e-04,9.15175614e-05,2.03069900e-05,8.94817219e-06
1.93500000e+04,1.20674068e-04,9.14372411e-05,2.02960123e-05,8.94081473e-06
1.93600000e+04,1.20575900e-04,9.13573883e-05,2.02847148e-05,8.93379721e-06
1.93700000e+04,1.20478566e-04,9.12786370e-05,2.02731176e-05,8.92681090e-06
1.93800000e+04,1.20382316e-04,9.12009925e-05,2.02614780e-05,8.91984528e-06
1.93900000e+04,1.20286135e-04,9.11235666e-05,2.02496798e-05,8.91288849e-06
1.94000000e+04,1.20190743e-04,9.10470364e-05,2.02377664e-05,8.90594049e-06
1.94100000e+04,1.20089727e-04,9.09530399e-05,2.02357443e-05,8.90094278e-06
1.94200000e+04,1.20944727e-04,9.18003965e-05,2.02406284e-05,8.90370218e-06
1.94300000e+04,1.26643159e-04,9.73682972e-05,2.03046425e-05,8.97021980e-06
1.94400000e+04,1.20468055e-04,9.13572109e-05,2.02178897e-05,8.89295493e-06
1.94500000e+04,1.20355954e-04,9.12565451e-05,2.02085408e-05,8.89086805e-06
1.94600000e+04,1.23937345e-04,9.46443359e-05,2.02881984e-05,9.00481056e-06
1.94700000e+04,1.27111360e-04,9.77183166e-05,2.03381481e-05,9.05489524e-06
1.94800000e+04,1.20237637e-04,9.11587597e-05,2.01987394e-05,8.88013819e-06
1.94900000e+04,1.21536507e-04,9.24044836e-05,2.02250077e-05,8.90701523e-06
1.95000000e+04,1.31481748e-04,1.02033741e-04,2.03690350e-05,9.07897208e-06
1.95100000e+04,1.37254070e-04,1.07323104e-04,2.05701365e-05,9.36082923e-06
1.95200000e+04,1.44264247e-04,1.13675582e-04,2.08619391e-05,9.72672597e-06
1.95300000e+04,1.36458120e-04,1.06337289e-04,2.06415730e-05,9.47925827e-06
1.95400000e+04,1.22411558e-04,9.33190508e-05,2.01502862e-05,8.94222073e-06
1.95500000e+04,1.19961612e-04,9.10261119e-05,2.00864738e-05,8.84902595e-06
1.95600000e+04,1.19160273e-04,9.02806217e-05,2.00709465e-05,8.80870481e-06
1.95700000e+04,1.18845615e-04,9.00217070e-05,2.00347740e-05,8.78913412e-06
1.95800000e+04,1.18721677e-04,8.99224071e-05,2.00166928e-05,8.78257691e-06
1.95900000e+04,1.21159883e-04,9.23057724e-05,2.00392819e-05,8.81482870e-06
1.96000000e+04,1.19091131e-04,9.03180140e-05,1.99983241e-05,8.77479280e-06
1.96100000e+04,1.19412828e-04,9.06236306e-05,2.00112916e-05,8.77790536e-06
1.96200000e+04,1.19029735e-04,9.02842095e-05,1.99868884e-05,8.75863687e-06
1.96300000e+04,1.29982713e-04,1.00911085e-04,2.01280019e-05,8.94362636e-06
1.96400000e+04,1.19915917e-04,9.11758290e-05,1.99675981e-05,8.77249021e-06
1.96500000e+04,1.19997358e-04,9.12718680e-05,1.99703464e-05,8.75514334e-06
1.96600000e+04,1.18332368e-04,8.96774644e-05,1.99311558e-05,8.72374811e-06
1.96700000e+04,1.18002951e-04,8.93777235e-05,1.99088732e-05,8.71635391e-06
1.96800000e+04,1.17826106e-04,8.92230564e-05,1.98966582e-05,8.70639170e-06
1.96900000e+04,1.17693751e-04,8.91107307e-05,1.98864676e-05,8.69655234e-06
1.97000000e+04,1.17591845e-04,8.90289513e-05,1.98737787e-05,8.68911497e-06
1.97100000e+04,1.17485236e-04,8.89318395e-05,1.98694749e-05,8.68392212e-06
1.97200000e+04,1.17385662e-04,8.88464282e-05,1.98616906e-05,8.67754310e-06
1.97300000e+04,1.17291869e-04,8.87678100e-05,1.98530056e-05,8.67105285e-06
1.97400000e+04,1.17200166e-04,8.86919153e-05,1.98439387e-05,8.66431209e-06
1.97500000e+04,1.17111293e-04,8.86196032e-05,1.98342416e-05,8.65744778e-06
1.97600000e+04,1.17063980e-04,8.85872099e-05,1.98253103e-05,8.65146021e-06
1.97700000e+04,1.18898839e-04,9.03383297e-05,1.98627403e-05,8.69776909e-06
1.97800000e+04,1.30000760e-04,1.00900960e-04,2.01098267e-05,8.98997279e-06
1.97900000e+04,1.21168793e-04,9.25107669e-05,1.99031020e-05,8.75492432e-06
1.98000000e+04,1.24884287e-04,9.59597869e-05,2.00461082e-05,8.87839232e-06
1.98100000e+04,2.54434125e-04,1.76055875e-04,4.20937454e-05,3.62845038e-05
1.98200000e+04,1.75917730e-04,1.41751647e-04,2.18415021e-05,1.23245805e-05
1.98300000e+04,1.45980252e-04,1.14480297e-04,2.11571757e-05,1.03427793e-05
1.98400000e+04,1.24891063e-04,9.58386652e-05,1.99426569e-05,9.10974100e-06
1.98500000e+04,1.17486546e-04,8.90535519e-05,1.97904284e-05,8.64256573e-06
1.98600000e+04,1.16351386e-04,8.80428634e-05,1.97165274e-05,8.59199555e-06
1.98700000e+04,1.16412685e-04,8.81318328e-05,1.96912374e-05,8.58961524e-06
1.98800000e+04,1.16305700e-04,8.80153089e-05,1.97085166e-05,8.58187481e-06
1.98900000e+04,1.16151037e-04,8.79058736e-05,1.96711761e-05,8.57398743e-06
1.99000000e+04,1.16033869e-04,8.77989747e-05,1.96708252e-05,8.56406904e-06
1.99100000e+04,1.15938045e-04,8.77149721e-05,1.96635528e-05,8.55951984e-06
1.99200000e+04,1.15851649e-04,8.76402252e-05,1.96580029e-05,8.55342120e-06
1.99300000e+04,1.15769632e-04,8.75705240e-05,1.96504617e-05,8.54864612e-06
1.99400000e+04,1.15689749e-04,8.75043293e-05,1.96427529e-05,8.54266715e-06
1.99500000e+04,1.15609940e-04,8.74385465e-05,1.96342161e-05,8.53717715e-06
1.99600000e+04,1.15531300e-04,8.73738793e-05,1.96256494e-05,8.53177162e-06
1.99700000e+04,1.15457796e-04,8.73145916e-05,1.96172217e-05,8.52598315e-06
1.99800000e+04,1.15497653e-04,8.73659838e-05,1.96103689e-05,8.52130057e-06
1.99900000e+04,1.19287748e-04,9.10634649e-05,1.96531318e-05,8.57115089e-06
2.00000000e+04,1.17152980e-04,8.89707946e-05,1.96237079e-05,8.55847787e-06
2.00100000e+04,3.22864901e-04,2.81569905e-04,2.54031952e-05,1.58918014e-05
2.00200000e+04,1.56658199e-04,1.26062307e-04,2.06712751e-05,9.92461680e-06
2.00300000e+04,1.20928585e-04,9.25971614e-05,1.96821137e-05,8.64930984e-06
2.00400000e+04,1.18872356e-04,9.06203813e-05,1.96604151e-05,8.59156008e-06
2.00500000e+04,1.16854018e-04,8.87216911e-05,1.96227356e-05,8.50959177e-06
2.00600000e+04,1.15718543e-04,8.76556059e-05,1.95616945e-05,8.50124275e-06
2.00700000e+04,1.15249380e-04,8.72282407e-05,1.95492958e-05,8.47184304e-06
2.00800000e+04,1.18878509e-04,9.07834088e-05,1.95627896e-05,8.53231037e-06
2.00900000e+04,1.15622440e-04,8.76239678e-05,1.95450499e-05,8.45342205e-06
2.01000000e+04,1.15258523e-04,8.72907662e-05,1.95143736e-05,8.45338348e-06
2.01100000e+04,1.14748573e-04,8.68036987e-05,1.95054964e-05,8.43937815e-06
2.01200000e+04,1.14540203e-04,8.66138487e-05,1.94954530e-05,8.43090151e-06
2.01300000e+04,1.14440933e-04,8.65291993e-05,1.94882418e-05,8.42349148e-06
2.01400000e+04,1.14367109e-04,8.64698727e-05,1.94800221e-05,8.41721461e-06
2.01500000e+04,1.14297748e-04,8.64151622e-05,1.94715215e-05,8.41106415e-06
2.01600000e+04,1.14234618e-04,8.63666007e-05,1.94626364e-05,8.40538081e-06
2.01700000e+04,1.14323032e-04,8.64664643e-05,1.94539886e-05,8.40257890e-06
2.01800000e+04,1.16948602e-04,8.90291903e-05,1.94704484e-05,8.44896367e-06
2.01900000e+04,1.14845853e-04,8.69940400e-05,1.94512295e-05,8.40058345e-06
2.02000000e+04,1.15363417e-04,8.75236828e-05,1.94391640e-05,8.40057025e-06
2.02100000e+04,2.75009232e-04,2.28936948e-04,2.68401181e-05,1.92321657e-05
2.02200000e+04,1.86045818e-04,1.54552332e-04,2.11081084e-05,1.03853784e-05
2.02300000e+04,1.39552645e-04,1.10365671e-04,1.99169691e-05,9.27000407e-06
2.02400000e+04,1.18759059e-04,9.07910280e-05,1.94702676e-05,8.49776375e-06
2.02500000e+04,1.17094361e-04,8.92112235e-05,1.94403762e-05,8.44276104e-06
2.02600000e+04,1.14335756e-04,8.66537725e-05,1.93138570e-05,8.36812678e-06
2.02700000e+04,1.13778238e-04,8.61490557e-05,1.93003977e-05,8.32878496e-06
2.02800000e+04,1.14024897e-04,8.63943442e-05,1.92936008e-05,8.33695198e-06
2.02900000e+04,1.18049954e-04,9.02067628e-05,1.93772153e-05,8.46597586e-06
2.03000000e+04,1.14864844e-04,8.72147592e-05,1.92983303e-05,8.35175489e-06
2.03100000e+04,1.77957200e-04,1.43482424e-04,2.25854520e-05,1.18893237e-05
2.03200000e+04,1.43381632e-04,1.08154163e-04,2.25708645e-05,1.26566046e-05
2.03300000e+04,1.18042328e-04,8.99938759e-05,1.94330407e-05,8.61541176e-06
2.03400000e+04,1.15763858e-04,8.80470139e-05,1.93440242e-05,8.37281974e-06
2.03500000e+04,1.14585770e-04,8.68695427e-05,1.93231480e-05,8.39307886e-06
2.03600000e+04,1.14684588e-04,8.70845575e-05,1.92712254e-05,8.32880495e-06
2.03700000e+04,1.18411494e-04,9.07160898e-05,1.93049347e-05,8.39046919e-06
2.03800000e+04,1.13189484e-04,8.57502417e-05,1.91851573e-05,8.25408464e-06
2.03900000e+04,1.13973588e-04,8.65285356e-05,1.91828383e-05,8.26221366e-06
2.04000000e+04,1.18150844e-04,9.05809907e-05,1.92418930e-05,8.32796053e-06
2.04100000e+04,1.18408685e-04,9.06805697e-05,1.92977147e-05,8.43040066e-06
2.04200000e+04,1.16742556e-04,8.89532045e-05,1.93364599e-05,8.45289192e-06
2.04300000e+04,1.12979172e-04,8.56180373e-05,1.91252036e-05,8.23593102e-06
2.04400000e+04,1.13032531e-04,8.56974061e-05,1.91114074e-05,8.22371751e-06
2.04500000e+04,1.12635150e-04,8.53332999e-05,1.90965073e-05,8.20534277e-06
2.04600000e+04,1.12594402e-04,8.53116821e-05,1.90835218e-05,8.19919776e-06
2.04700000e+04,1.12800908e-04,8.55315301e-05,1.90701003e-05,8.19927795e-06
2.04800000e+04,1.16502301e-04,8.91477875e-05,1.90923028e-05,8.26221114e-06
2.04900000e+04,1.13650880e-04,8.63808677e-05,1.90766046e-05,8.19340754e-06
2.05000000e+04,1.12761624e-04,8.55393458e-05,1.90386005e-05,8.18367722e-06
2.05100000e+04,1.12361772e-04,8.51597165e-05,1.90263746e-05,8.17568118e-06
2.05200000e+04,1.12194251e-04,8.50111557e-05,1.90161044e-05,8.16699077e-06
2.05300000e+04,1.12097547e-04,8.49309914e-05,1.90058409e-05,8.16071450e-06
2.05400000e+04,1.12023169e-04,8.48725808e-05,1.89958496e-05,8.15473833e-06
2.05500000e+04,1.11955516e-04,8.48211764e-05,1.89854031e-05,8.14893704e-06
2.05600000e+04,1.11890392e-04,8.47721410e-05,1.89748764e-05,8.14337492e-06
2.05700000e+04,1.11826600e-04,8.47243663e-05,1.89646362e-05,8.13759796e-06
2.05800000e+04,1.11763421e-04,8.46772042e-05,1.89541686e-05,8.13204863e-06
2.05900000e+04,1.11699963e-04,8.46298927e-05,1.89437164e-05,8.12635437e-06
2.06000000e+04,1.11636790e-04,8.45828443e-05,1.89330531e-05,8.12089239e-06
2.06100000e+04,1.11555239e-04,8.45068686e-05,1.89310908e-05,8.11727926e-06
2.06200000e+04,1.11480149e-04,8.44418440e-05,1.89255251e-05,8.11277955e-06
2.06300000e+04,1.11407531e-04,8.43807443e-05,1.89188896e-05,8.10789705e-06
2.06400000e+04,1.11337979e-04,8.43235681e-05,1.89115917e-05,8.10281945e-06
2.06500000e+04,1.11269039e-04,8.42675066e-05,1.89037495e-05,8.09778326e-06
2.06600000e+04,1.11203340e-04,8.42145199e-05,1.88959165e-05,8.09290352e-06
2.06700000e+04,1.11219479e-04,8.42391354e-05,1.88896934e-05,8.09065038e-06
2.06800000e+04,1.14990901e-04,8.77845242e-05,1.89885704e-05,8.21780667e-06
2.06900000e+04,1.12158446e-04,8.51310034e-05,1.89086193e-05,8.11882336e-06
2.07000000e+04,1.12110524e-04,8.51079836e-05,1.88926662e-05,8.10987374e-06
2.07100000e+04,1.62864264e-04,1.21358542e-04,2.50887882e-05,1.64169329e-05
2.07200000e+04,1.29067624e-04,9.99560537e-05,1.97205147e-05,9.39105589e-06
2.07300000e+04,1.33119055e-04,1.04864106e-04,1.95123924e-05,8.74255611e-06
2.07400000e+04,1.14548863e-04,8.73351877e-05,1.89499394e-05,8.26373561e-06
2.07500000e+04,1.12309876e-04,8.52031812e-05,1.89252811e-05,8.18141330e-06
2.07600000e+04,1.10638027e-04,8.36793897e-05,1.88554898e-05,8.10314785e-06
2.07700000e+04,1.10647277e-04,8.37538719e-05,1.88371436e-05,8.05626142e-06
2.07800000e+04,1.10353471e-04,8.34961396e-05,1.88091150e-05,8.04821630e-06
2.07900000e+04,1.10249570e-04,8.34072500e-05,1.88019321e-05,8.04038836e-06
2.08000000e+04,1.10190934e-04,8.33634992e-05,1.87917680e-05,8.03566656e-06
2.08100000e+04,1.10164693e-04,8.33422180e-05,1.87898343e-05,8.03264043e-06
2.08200000e+04,1.10156010e-04,8.33402483e-05,1.87864050e-05,8.02935667e-06
2.08300000e+04,1.10590650e-04,8.37660788e-05,1.87928375e-05,8.03173424e-06
2.08400000e+04,1.17539590e-04,9.04975502e-05,1.89015572e-05,8.14048254e-06
2.08500000e+04,1.10011880e-04,8.32295369e-05,1.87635074e-05,8.01883578e-06
2.08600000e+04,1.12488777e-04,8.56421597e-05,1.87793948e-05,8.06722240e-06
2.08700000e+04,1.09830440e-04,8.30707104e-05,1.87503050e-05,8.00942487e-06
2.08800000e+04,1.09814121e-04,8.30642609e-05,1.87454122e-05,8.00444819e-06
2.08900000e+04,1.09887133e-04,8.31390236e-05,1.87450826e-05,8.00302633e-06
2.09000000e+04,1.10075610e-04,8.33298178e-05,1.87372445e-05,8.00854732e-06
2.09100000e+04,1.55657500e-04,1.15929910e-04,2.47338531e-05,1.49937365e-05
2.09200000e+04,1.21813315e-04,9.18855780e-05,2.01912079e-05,9.73652881e-06
2.09300000e+04,1.14782386e-04,8.78501192e-05,1.88489522e-05,8.08331496e-06
2.09400000e+04,1.10829727e-04,8.40743393e-05,1.87281655e-05,8.02722194e-06
2.09500000e+04,1.09819398e-04,8.30876288e-05,1.87272459e-05,8.00452293e-06
2.09600000e+04,1.09388664e-04,8.27064142e-05,1.86998929e-05,7.98235735e-06
2.09700000e+04,1.09024427e-04,8.23685489e-05,1.86885287e-05,7.96734931e-06
2.09800000e+04,1.08913400e-04,8.22758904e-05,1.86761545e-05,7.96135483e-06
2.09900000e+04,1.08856701e-04,8.22305009e-05,1.86689487e-05,7.95725149e-06
2.10000000e+04,1.08779186e-04,8.21644160e-05,1.86621936e-05,7.95257640e-06
2.10100000e+04,1.08700471e-04,8.20892265e-05,1.86615709e-05,7.94967311e-06
2.10200000e+04,1.08626514e-04,8.20216084e-05,1.86587137e-05,7.94619212e-06
2.10300000e+04,1.08555371e-04,8.19583295e-05,1.86545301e-05,7.94251169e-06
2.10400000e+04,1.08485641e-04,8.18968866e-05,1.86501156e-05,7.93863917e-06
2.10500000e+04,1.08417940e-04,8.18379940e-05,1.86450818e-05,7.93486397e-06
2.10600000e+04,1.08375647e-04,8.18029843e-05,1.86412255e-05,7.93143738e-06
2.10700000e+04,1.08905914e-04,8.23099179e-05,1.86537848e-05,7.94221156e-06
2.10800000e+04,1.12632558e-04,8.58676584e-05,1.87458519e-05,8.01904786e-06
2.10900000e+04,1.08708940e-04,8.21386531e-05,1.86345933e-05,7.93569384e-06
2.11000000e+04,1.09166552e-04,8.25781593e-05,1.86546950e-05,7.93369787e-06
2.11100000e+04,1.08728871e-04,8.21701055e-05,1.86337507e-05,7.92501478e-06
2.11200000e+04,1.09117144e-04,8.25242223e-05,1.86264266e-05,7.96649476e-06
2.11300000e+04,1.11926662e-04,8.50996345e-05,1.87148491e-05,8.11217825e-06
2.11400000e+04,1.09032901e-04,8.24371250e-05,1.86307252e-05,7.96505038e-06
2.11500000e+04,1.08254090e-04,8.17447610e-05,1.85862148e-05,7.92311465e-06
2.11600000e+04,1.07987659e-04,8.15038097e-05,1.85738276e-05,7.91002129e-06
2.11700000e+04,1.07842855e-04,8.13802718e-05,1.85639514e-05,7.89863136e-06
2.11800000e+04,1.08994058e-04,8.25053871e-05,1.85740931e-05,7.91457757e-06
2.11900000e+04,1.07661342e-04,8.12344560e-05,1.85426479e-05,7.88423829e-06
2.12000000e+04,1.07641140e-04,8.12258200e-05,1.85343276e-05,7.88099281e-06
2.12100000e+04,1.07437408e-04,8.10361525e-05,1.85273194e-05,7.87393600e-06
2.12200000e+04,1.07368026e-04,8.09767151e-05,1.85217400e-05,7.86957133e-06
2.12300000e+04,1.07308307e-04,8.09265614e-05,1.85158385e-05,7.86590732e-06
2.12400000e+04,1.07240466e-04,8.08688532e-05,1.85098649e-05,7.86174737e-06
2.12500000e+04,1.07171830e-04,8.08105856e-05,1.85036356e-05,7.85760915e-06
2.12600000e+04,1.07106995e-04,8.07561968e-05,1.84973317e-05,7.85346672e-06
2.12700000e+04,1.07044066e-04,8.07037075e-05,1.84908749e-05,7.84948406e-06
2.12800000e+04,1.06980357e-04,8.06507763e-05,1.84840744e-05,7.84550589e-06
2.12900000e+04,1.06918144e-04,8.05994265e-05,1.84771560e-05,7.84156107e-06
2.13000000e+04,1.06873769e-04,8.05658209e-05,1.84704332e-05,7.83751505e-06
2.13100000e+04,1.06845542e-04,8.05406695e-05,1.84689886e-05,7.83588430e-06
2.13200000e+04,1.06875513e-04,8.05752116e-05,1.84663061e-05,7.83399547e-06
2.13300000e+04,1.06984846e-04,8.06883867e-05,1.84637602e-05,7.83269876e-06
2.13400000e+04,1.06694445e-04,8.04113436e-05,1.84575661e-05,7.82553549e-06
2.13500000e+04,1.06528471e-04,8.02557563e-05,1.84529830e-05,7.81973155e-06
2.13600000e+04,1.06490476e-04,8.02258960e-05,1.84482984e-05,7.81628151e-06
2.13700000e+04,1.06413022e-04,8.01580526e-05,1.84424404e-05,7.81252899e-06
2.13800000e+04,1.06349394e-04,8.01039668e-05,1.84367819e-05,7.80864558e-06
2.13900000e+04,1.06336783e-04,8.00993167e-05,1.84320271e-05,7.80543947e-06
2.14000000e+04,1.06570311e-04,8.03339713e-05,1.84308654e-05,7.80547410e-06
2.14100000e+04,1.18410209e-04,9.12715448e-05,1.88688296e-05,8.26983429e-06
2.14200000e+04,1.22853414e-04,9.50356604e-05,1.90700381e-05,8.74771569e-06
2.14300000e+04,1.17346142e-04,9.05995224e-05,1.86300935e-05,8.11652637e-06
2.14400000e+04,1.11803767e-04,8.53153926e-05,1.85697144e-05,7.91865979e-06
2.14500000e+04,1.07857125e-04,8.15637905e-05,1.84748245e-05,7.81851033e-06
2.14600000e+04,1.06446675e-04,8.02343562e-05,1.84176837e-05,7.79463551e-06
2.14700000e+04,1.06332668e-04,8.01344218e-05,1.84084753e-05,7.78977080e-06
2.14800000e+04,1.08712959e-04,8.24494840e-05,1.84266792e-05,7.83679540e-06
2.14900000e+04,1.06286991e-04,8.01041492e-05,1.83995443e-05,7.78329745e-06
2.15000000e+04,1.05642669e-04,7.94954803e-05,1.83785578e-05,7.76863072e-06
2.15100000e+04,1.05611064e-04,7.94656196e-05,1.83795438e-05,7.76590085e-06
2.15200000e+04,1.05529777e-04,7.93911603e-05,1.83768981e-05,7.76171877e-06
2.15300000e+04,1.05443771e-04,7.93125426e-05,1.83729441e-05,7.75828387e-06
2.15400000e+04,1.05382241e-04,7.92582147e-05,1.83695357e-05,7.75449103e-06
2.15500000e+04,1.05320300e-04,7.92042000e-05,1.83651340e-05,7.75096566e-06
2.15600000e+04,1.05258566e-04,7.91504469e-05,1.83608351e-05,7.74728396e-06
2.15700000e+04,1.05197609e-04,7.90975794e-05,1.83562642e-05,7.74376568e-06
2.15800000e+04,1.05136589e-04,7.90448661e-05,1.83515064e-05,7.74021644e-06
2.15900000e+04,1.05075678e-04,7.89924728e-05,1.83466112e-05,7.73659376e-06
2.16000000e+04,1.05014704e-04,7.89398096e-05,1.83418118e-05,7.73308304e-06
2.16100000e+04,1.04945914e-04,7.88714656e-05,1.83434866e-05,7.73096162e-06
2.16200000e+04,1.04879439e-04,7.88084655e-05,1.83427265e-05,7.72824644e-06
2.16300000e+04,1.04814534e-04,7.87485759e-05,1.83409037e-05,7.72505458e-06
2.16400000e+04,1.04750506e-04,7.86904443e-05,1.83382308e-05,7.72183094e-06
2.16500000e+04,1.04686884e-04,7.86331851e-05,1.83352530e-05,7.71844629e-06
2.16600000e+04,1.04631221e-04,7.85839153e-05,1.83324659e-05,7.71484014e-06
2.16700000e+04,1.04823833e-04,7.87772547e-05,1.83346374e-05,7.71194143e-06
2.16800000e+04,1.05607102e-04,7.95478241e-05,1.83426427e-05,7.71663474e-06
2.16900000e+04,1.04584181e-04,7.85548502e-05,1.83198055e-05,7.70952553e-06
2.17000000e+04,1.04388467e-04,7.83696861e-05,1.83167262e-05,7.70205515e-06
2.17100000e+04,1.04315609e-04,7.82970790e-05,1.83185483e-05,7.69998216e-06
2.17200000e+04,1.04897540e-04,7.88465844e-05,1.83334061e-05,7.71754938e-06
2.17300000e+04,1.06070702e-04,7.99963997e-05,1.83399158e-05,7.73438656e-06
2.17400000e+04,1.05847665e-04,7.97604905e-05,1.83547201e-05,7.73245437e-06
2.17500000e+04,1.04365790e-04,7.83570745e-05,1.83152628e-05,7.69345287e-06
2.17600000e+04,1.04431107e-04,7.84241022e-05,1.83148489e-05,7.69215588e-06
2.17700000e+04,1.04118554e-04,7.81251825e-05,1.83089443e-05,7.68442745e-06
2.17800000e+04,1.04109899e-04,7.81133996e-05,1.83146695e-05,7.68183010e-06
2.17900000e+04,1.05658651e-04,7.95797763e-05,1.83647616e-05,7.71411301e-06
2.18000000e+04,1.04317579e-04,7.83298148e-05,1.82991956e-05,7.68856829e-06
2.18100000e+04,1.03790556e-04,7.78258540e-05,1.82935717e-05,7.67113033e-06
2.18200000e+04,1.03654240e-04,7.77135544e-05,1.82741808e-05,7.66650432e-06
2.18300000e+04,1.03612666e-04,7.76849537e-05,1.82635867e-05,7.66412536e-06
2.18400000e+04,1.03555149e-04,7.76362131e-05,1.82585444e-05,7.66039162e-06
2.18500000e+04,1.03489866e-04,7.75826863e-05,1.82496697e-05,7.65751042e-06
2.18600000e+04,1.03431704e-04,7.75338829e-05,1.82436903e-05,7.65413119e-06
2.18700000e+04,1.03373082e-04,7.74848789e-05,1.82370046e-05,7.65119809e-06
2.18800000e+04,1.03314927e-04,7.74362848e-05,1.82306796e-05,7.64796276e-06
2.18900000e+04,1.03256904e-04,7.73878453e-05,1.82241598e-05,7.64489852e-06
2.19000000e+04,1.03198468e-04,7.73388423e-05,1.82179699e-05,7.64165547e-06
2.19100000e+04,1.03133041e-04,7.72747089e-05,1.82184301e-05,7.63990203e-06
2.19200000e+04,1.03074276e-04,7.72203209e-05,1.82160171e-05,7.63793838e-06
2.19300000e+04,1.03767021e-04,7.78889777e-05,1.82187438e-05,7.65929951e-06
2.19400000e+04,1.12867332e-04,8.65287776e-05,1.84052552e-05,7.93329957e-06
2.19500000e+04,1.04442182e-04,7.85391132e-05,1.82356439e-05,7.66742512e-06
2.19600000e+04,1.03992286e-04,7.81068976e-05,1.82312342e-05,7.65415449e-06
2.19700000e+04,1.03342646e-04,7.74935291e-05,1.82117185e-05,7.63739823e-06
2.19800000e+04,1.02825902e-04,7.70045364e-05,1.81982658e-05,7.62309986e-06
2.19900000e+04,1.03083894e-04,7.72643738e-05,1.81957346e-05,7.62378584e-06
2.20000000e+04,1.03483758e-04,7.76568445e-05,1.81979357e-05,7.62897796e-06
2.20100000e+04,1.02956299e-04,7.71434330e-05,1.81932458e-05,7.61962070e-06
2.20200000e+04,1.02610458e-04,7.68144913e-05,1.81845143e-05,7.61145251e-06
2.20300000e+04,1.02443348e-04,7.66599080e-05,1.81766134e-05,7.60682620e-06
2.20400000e+04,1.02402334e-04,7.66267552e-05,1.81700665e-05,7.60551270e-06
2.20500000e+04,1.04315637e-04,7.84966792e-05,1.81767893e-05,7.64216871e-06
2.20600000e+04,1.02450181e-04,7.66835143e-05,1.81646236e-05,7.60204330e-06
2.20700000e+04,1.02624099e-04,7.68571348e-05,1.81603598e-05,7.60660444e-06
2.20800000e+04,1.02832691e-04,7.70656784e-05,1.81656363e-05,7.60137661e-06
2.20900000e+04,1.02676210e-04,7.69181876e-05,1.81559591e-05,7.60206296e-06
2.21000000e+04,1.02047317e-04,7.63152016e-05,1.81449183e-05,7.58719670e-06
2.21100000e+04,1.02015083e-04,7.62842497e-05,1.81436603e-05,7.58717321e-06
2.21200000e+04,1.03626258e-04,7.78325883e-05,1.81643588e-05,7.62931095e-06
2.21300000e+04,1.05740366e-04,7.99096531e-05,1.81835243e-05,7.64718856e-06
2.21400000e+04,1.02691182e-04,7.69585910e-05,1.81436636e-05,7.58892747e-06
2.21500000e+04,1.02150820e-04,7.64356288e-05,1.81375038e-05,7.57768708e-06
2.21600000e+04,1.01726537e-04,7.60323656e-05,1.81256497e-05,7.56852182e-06
2.21700000e+04,1.01590830e-04,7.59059306e-05,1.81201012e-05,7.56479818e-06
2.21800000e+04,1.01490919e-04,7.58126032e-05,1.81169015e-05,7.56141420e-06
2.21900000e+04,1.01534058e-04,7.58570089e-05,1.81170623e-05,7.55998699e-06
2.22000000e+04,1.03744088e-04,7.79781584e-05,1.81631211e-05,7.60280829e-06
2.22100000e+04,1.13129573e-04,8.66236568e-05,1.84526104e-05,8.05330587e-06
2.22200000e+04,1.03807438e-04,7.78636533e-05,1.82138567e-05,7.72992771e-06
2.22300000e+04,1.01386986e-04,7.57641910e-05,1.80580412e-05,7.56475392e-06
2.22400000e+04,1.04577080e-04,7.87772759e-05,1.81173074e-05,7.68249661e-06
2.22500000e+04,1.02345106e-04,7.66447434e-05,1.81028865e-05,7.59747642e-06
2.22600000e+04,1.01196942e-04,7.55979556e-05,1.80384230e-05,7.56056374e-06
2.22700000e+04,1.01183143e-04,7.55988760e-05,1.80335961e-05,7.55067087e-06
2.22800000e+04,1.01524112e-04,7.59383315e-05,1.80351290e-05,7.55065122e-06
2.22900000e+04,1.01542734e-04,7.59615327e-05,1.80328368e-05,7.54836462e-06
2.23000000e+04,1.00887156e-04,7.53443117e-05,1.80047230e-05,7.53812093e-06
2.23100000e+04,1.08641942e-04,8.28043601e-05,1.81419946e-05,7.69558685e-06
2.23200000e+04,1.00750206e-04,7.52240755e-05,1.79959929e-05,7.53013790e-06
2.23300000e+04,1.00706391e-04,7.51882606e-05,1.79905172e-05,7.52761290e-06
2.23400000e+04,1.03616260e-04,7.80046486e-05,1.80231204e-05,7.58849062e-06
2.23500000e+04,1.08784850e-04,8.30284061e-05,1.81036323e-05,7.65281124e-06
2.23600000e+04,1.04565892e-04,7.89539863e-05,1.80254838e-05,7.58642145e-06
2.23700000e+04,1.01998508e-04,7.64717457e-05,1.79876049e-05,7.53915685e-06
2.23800000e+04,1.00766939e-04,7.52873045e-05,1.79644252e-05,7.51520881e-06
2.23900000e+04,1.02309442e-04,7.67756309e-05,1.79826800e-05,7.55113138e-06
2.24000000e+04,1.00859706e-04,7.53822344e-05,1.79598151e-05,7.51765629e-06
2.24100000e+04,1.00422141e-04,7.49596987e-05,1.79532637e-05,7.50917824e-06
2.24200000e+04,1.01417950e-04,7.58550412e-05,1.80003785e-05,7.56253058e-06
2.24300000e+04,1.00495129e-04,7.50349055e-05,1.79464394e-05,7.51378428e-06
2.24400000e+04,1.00465108e-04,7.50274112e-05,1.79363595e-05,7.50133725e-06
2.24500000e+04,1.02618901e-04,7.71282864e-05,1.79587496e-05,7.53186453e-06
2.24600000e+04,1.00030335e-04,7.46254511e-05,1.79149754e-05,7.48990860e-06
2.24700000e+04,1.00478301e-04,7.50593260e-05,1.79217176e-05,7.49725709e-06
2.24800000e+04,1.03044323e-04,7.75019093e-05,1.79911915e-05,7.55122238e-06
2.24900000e+04,1.00788664e-04,7.53780514e-05,1.79038903e-05,7.50672269e-06
2.25000000e+04,1.00082420e-04,7.46965895e-05,1.79029430e-05,7.48288752e-06
2.25100000e+04,9.97700379e-05,7.44060808e-05,1.78889315e-05,7.47502567e-06
2.25200000e+04,9.96447634e-05,7.42943848e-05,1.78794399e-05,7.47093867e-06
2.25300000e+04,9.95724470e-05,7.42324125e-05,1.78722057e-05,7.46782882e-06
2.25400000e+04,9.95131517e-05,7.41823947e-05,1.78655079e-05,7.46524902e-06
2.25500000e+04,9.94580671e-05,7.41361385e-05,1.78592778e-05,7.46265084e-06
2.25600000e+04,9.95965866e-05,7.42755171e-05,1.78563805e-05,7.46468891e-06
2.25700000e+04,1.02393396e-04,7.69597193e-05,1.79045407e-05,7.52913583e-06
2.25800000e+04,9.93240263e-05,7.40279256e-05,1.78408939e-05,7.45520683e-06
2.25900000e+04,9.95281434e-05,7.42287765e-05,1.78413293e-05,7.45803755e-06
2.26000000e+04,9.92466799e-05,7.39658194e-05,1.78308626e-05,7.44999794e-06
2.26100000e+04,9.92063084e-05,7.39313014e-05,1.78257748e-05,7.44923221e-06
2.26200000e+04,9.90785744e-05,7.38127447e-05,1.78215325e-05,7.44429718e-06
2.26300000e+04,9.90217046e-05,7.37628045e-05,1.78172490e-05,7.44165110e-06
2.26400000e+04,9.90259966e-05,7.37707286e-05,1.78142553e-05,7.44101274e-06
2.26500000e+04,1.00364013e-04,7.50478182e-05,1.78390496e-05,7.47714540e-06
2.26600000e+04,9.93171334e-05,7.40628678e-05,1.78091919e-05,7.44507372e-06
2.26700000e+04,9.92397346e-05,7.39872885e-05,1.78092043e-05,7.44324189e-06
2.26800000e+04,9.95214017e-05,7.42645739e-05,1.78084309e-05,7.44839691e-06
2.26900000e+04,1.00393840e-04,7.51401160e-05,1.77980121e-05,7.45571216e-06
2.27000000e+04,9.95404138e-05,7.43052576e-05,1.78025245e-05,7.43263172e-06
2.27100000e+04,9.87042155e-05,7.34980919e-05,1.77773989e-05,7.42872469e-06
2.27200000e+04,9.86009062e-05,7.34049888e-05,1.77762084e-05,7.41970895e-06
2.27300000e+04,9.89578220e-05,7.37740059e-05,1.77673333e-05,7.41648275e-06
2.27400000e+04,9.86068268e-05,7.34441559e-05,1.77569378e-05,7.40573305e-06
2.27500000e+04,9.92065180e-05,7.40324378e-05,1.77610114e-05,7.41306877e-06
2.27600000e+04,9.86812275e-05,7.35328057e-05,1.77468637e-05,7.40155807e-06
2.27700000e+04,9.83987586e-05,7.32682493e-05,1.77359883e-05,7.39452109e-06
2.27800000e+04,9.82648442e-05,7.31468615e-05,1.77276870e-05,7.39029570e-06
2.27900000e+04,9.84499177e-05,7.33293745e-05,1.77273088e-05,7.39323436e-06
2.28000000e+04,1.03983674e-04,7.86130544e-05,1.78459659e-05,7.52465351e-06
2.28100000e+04,1.27486250e-04,1.00254143e-04,1.87033796e-05,8.52872806e-06
2.28200000e+04,1.12357708e-04,8.60782400e-05,1.82310547e-05,8.04841286e-06
2.28300000e+04,9.94904164e-05,7.44016946e-05,1.76760139e-05,7.41270791e-06
2.28400000e+04,9.84898803e-05,7.35472369e-05,1.75693924e-05,7.37325104e-06
2.28500000e+04,1.03734218e-04,7.85269080e-05,1.76767809e-05,7.53052895e-06
2.28600000e+04,9.82923191e-05,7.33868257e-05,1.75564386e-05,7.34905486e-06
2.28700000e+04,9.81312110e-05,7.32563125e-05,1.75356661e-05,7.33923233e-06
2.28800000e+04,9.79881542e-05,7.31466616e-05,1.75171492e-05,7.32434329e-06
2.28900000e+04,9.77228626e-05,7.29150993e-05,1.74895460e-05,7.31821733e-06
2.29000000e+04,9.75892355e-05,7.28063674e-05,1.74742839e-05,7.30858420e-06
2.29100000e+04,9.75180818e-05,7.27481867e-05,1.74658638e-05,7.30403128e-06
2.29200000e+04,9.74604399e-05,7.27054184e-05,1.74561921e-05,7.29882939e-06
2.29300000e+04,9.74030433e-05,7.26644817e-05,1.74450903e-05,7.29347129e-06
2.29400000e+04,9.73456984e-05,7.26241582e-05,1.74332837e-05,7.28825653e-06
2.29500000e+04,9.72892529e-05,7.25848565e-05,1.74213426e-05,7.28305375e-06
2.29600000e+04,9.72336161e-05,7.25461099e-05,1.74096013e-05,7.27790489e-06
2.29700000e+04,9.71798708e-05,7.25092656e-05,1.73976850e-05,7.27292018e-06
2.29800000e+04,9.71821960e-05,7.25275891e-05,1.73863955e-05,7.26821132e-06
2.29900000e+04,9.84756527e-05,7.38030580e-05,1.73899667e-05,7.28262798e-06
2.30000000e+04,9.87432339e-05,7.40687562e-05,1.73879253e-05,7.28655249e-06
2.30100000e+04,1.26955542e-04,9.94607179e-05,1.85470783e-05,8.94774607e-06
2.30200000e+04,1.10845762e-04,8.35176661e-05,1.86834963e-05,8.64459939e-06
2.30300000e+04,1.02870449e-04,7.77437610e-05,1.75641039e-05,7.56258419e-06
2.30400000e+04,9.76849327e-05,7.30081629e-05,1.73827674e-05,7.29400237e-06
2.30500000e+04,9.76299937e-05,7.30308329e-05,1.73388953e-05,7.26026546e-06
2.30600000e+04,9.70053868e-05,7.24793499e-05,1.72912568e-05,7.23478009e-06
2.30700000e+04,9.76969322e-05,7.31931858e-05,1.72677492e-05,7.23599716e-06
2.30800000e+04,9.67209426e-05,7.22582822e-05,1.72542794e-05,7.20838098e-06
2.30900000e+04,9.66529709e-05,7.22137602e-05,1.72392693e-05,7.19994142e-06
2.31000000e+04,9.66148955e-05,7.21924026e-05,1.72279383e-05,7.19455453e-06
2.31100000e+04,1.25643731e-04,1.00227254e-04,1.76971985e-05,7.71927814e-06
2.31200000e+04,1.04160460e-04,7.94124840e-05,1.73796535e-05,7.36832221e-06
2.31300000e+04,1.00310682e-04,7.57664719e-05,1.72513018e-05,7.29290800e-06
2.31400000e+04,9.89657139e-05,7.44665359e-05,1.72379675e-05,7.26121049e-06
2.31500000e+04,9.79849333e-05,7.35392437e-05,1.72404479e-05,7.20524168e-06
2.31600000e+04,9.69559833e-05,7.25864117e-05,1.71877473e-05,7.18182426e-06
2.31700000e+04,9.70533057e-05,7.26950836e-05,1.71815122e-05,7.17670994e-06
2.31800000e+04,9.63114944e-05,7.19984908e-05,1.71579588e-05,7.15504475e-06
2.31900000e+04,9.61631258e-05,7.18726884e-05,1.71424987e-05,7.14793865e-06
2.32000000e+04,9.61195414e-05,7.18454894e-05,1.71309084e-05,7.14314363e-06
2.32100000e+04,9.60551444e-05,7.17937488e-05,1.71233387e-05,7.13805686e-06
2.32200000e+04,9.60033700e-05,7.17538612e-05,1.71163148e-05,7.13319398e-06
2.32300000e+04,9.59570372e-05,7.17209295e-05,1.71076117e-05,7.12849607e-06
2.32400000e+04,9.59358131e-05,7.17129724e-05,1.70995070e-05,7.12333358e-06
2.32500000e+04,9.71693719e-05,7.29253617e-05,1.71082270e-05,7.13578313e-06
2.32600000e+04,9.62316916e-05,7.20226005e-05,1.70851421e-05,7.12394904e-06
2.32700000e+04,9.61098444e-05,7.19201168e-05,1.70768847e-05,7.11284296e-06
2.32800000e+04,9.57160588e-05,7.15485832e-05,1.70624645e-05,7.10501101e-06
2.32900000e+04,9.57126523e-05,7.15572675e-05,1.70533609e-05,7.10202384e-06
2.33000000e+04,9.56239685e-05,7.14844433e-05,1.70438441e-05,7.09568109e-06
2.33100000e+04,9.55625233e-05,7.14295173e-05,1.70407154e-05,7.09229060e-06
2.33200000e+04,9.55084814e-05,7.13848951e-05,1.70349756e-05,7.08861072e-06
2.33300000e+04,9.54553872e-05,7.13421512e-05,1.70290329e-05,7.08420310e-06
2.33400000e+04,9.54052413e-05,7.13028453e-05,1.70224599e-05,7.07993609e-06
2.33500000e+04,9.54146985e-05,7.13201798e-05,1.70170112e-05,7.07750747e-06
2.33600000e+04,9.73458868e-05,7.31403652e-05,1.70662498e-05,7.13927190e-06
2.33700000e+04,9.63127794e-05,7.21728432e-05,1.70357539e-05,7.10418221e-06
2.33800000e+04,9.53486855e-05,7.12835184e-05,1.69971452e-05,7.06802186e-06
2.33900000e+04,9.52774024e-05,7.12265305e-05,1.69882368e-05,7.06263514e-06
2.34000000e+04,9.51084295e-05,7.10767560e-05,1.69771874e-05,7.05448613e-06
2.34100000e+04,9.50550723e-05,7.10276789e-05,1.69760495e-05,7.05134386e-06
2.34200000e+04,9.49917340e-05,7.09740800e-05,1.69695620e-05,7.04809200e-06
2.34300000e+04,9.49393890e-05,7.09308471e-05,1.69646823e-05,7.04385961e-06
2.34400000e+04,9.49431097e-05,7.09413724e-05,1.69610330e-05,7.04070429e-06
2.34500000e+04,9.64642105e-05,7.23992879e-05,1.69936164e-05,7.07130621e-06
2.34600000e+04,9.51891273e-05,7.11945052e-05,1.69519368e-05,7.04268527e-06
2.34700000e+04,9.50176245e-05,7.10351281e-05,1.69493608e-05,7.03313557e-06
2.34800000e+04,9.47588898e-05,7.07998340e-05,1.69323510e-05,7.02670486e-06
2.34900000e+04,9.46332594e-05,7.06868359e-05,1.69261922e-05,7.02023127e-06
2.35000000e+04,9.45793084e-05,7.06437779e-05,1.69193146e-05,7.01621597e-06
2.35100000e+04,9.45231083e-05,7.05918025e-05,1.69177080e-05,7.01359783e-06
2.35200000e+04,9.44675506e-05,7.05430230e-05,1.69141295e-05,7.01039803e-06
2.35300000e+04,9.44135770e-05,7.04966399e-05,1.69101381e-05,7.00679897e-06
2.35400000e+04,9.44883013e-05,7.05756307e-05,1.69077872e-05,7.00488346e-06
2.35500000e+04,9.54118454e-05,7.14775778e-05,1.69159750e-05,7.01829259e-06
2.35600000e+04,9.45107816e-05,7.06123112e-05,1.68991476e-05,6.99932282e-06
2.35700000e+04,9.42779148e-05,7.03939560e-05,1.68908271e-05,6.99313171e-06
2.35800000e+04,9.41896104e-05,7.03165659e-05,1.68841367e-05,6.98890777e-06
2.35900000e+04,9.44757041e-05,7.06066405e-05,1.68820130e-05,6.98705064e-06
2.36000000e+04,9.40653767e-05,7.02116545e-05,1.68717371e-05,6.98198510e-06
2.36100000e+04,9.57628693e-05,7.18731915e-05,1.68809387e-05,7.00873909e-06
2.36200000e+04,9.48510929e-05,7.09867957e-05,1.68783504e-05,6.98594674e-06
2.36300000e+04,9.39003680e-05,7.00673387e-05,1.68614177e-05,6.97161156e-06
2.36400000e+04,9.39900595e-05,7.01616841e-05,1.68568816e-05,6.97149374e-06
2.36500000e+04,9.38305675e-05,7.00135493e-05,1.68510718e-05,6.96594639e-06
2.36600000e+04,9.37407635e-05,6.99335306e-05,1.68459011e-05,6.96133168e-06
2.36700000e+04,9.37973213e-05,6.99965705e-05,1.68425568e-05,6.95819402e-06
2.36800000e+04,9.58648419e-05,7.20147752e-05,1.68656146e-05,6.98445209e-06
2.36900000e+04,9.38526083e-05,7.00619940e-05,1.68335351e-05,6.95707923e-06
2.37000000e+04,9.42840938e-05,7.04729766e-05,1.68473772e-05,6.96374000e-06
2.37100000e+04,9.35681645e-05,6.98121714e-05,1.68126914e-05,6.94330173e-06
2.37200000e+04,9.35212631e-05,6.97782122e-05,1.68033031e-05,6.93974789e-06
2.37300000e+04,9.33977940e-05,6.96675751e-05,1.67993293e-05,6.93088951e-06
2.37400000e+04,9.33477487e-05,6.96295407e-05,1.67916223e-05,6.92658567e-06
2.37500000e+04,9.32904296e-05,6.95858716e-05,1.67813196e-05,6.92323832e-06
2.37600000e+04,9.32737564e-05,6.95777012e-05,1.67742530e-05,6.92180229e-06
2.37700000e+04,9.41384215e-05,7.03796392e-05,1.67935695e-05,6.96521280e-06
2.37800000e+04,9.37093217e-05,7.00041520e-05,1.67787193e-05,6.92645030e-06
2.37900000e+04,9.32471166e-05,6.95768204e-05,1.67556748e-05,6.91462146e-06
2.38000000e+04,9.32330034e-05,6.95736050e-05,1.67512883e-05,6.90811016e-06
2.38100000e+04,1.05212482e-04,7.99790505e-05,1.74915548e-05,7.74187721e-06
2.38200000e+04,9.56831172e-05,7.16993231e-05,1.68894037e-05,7.09439039e-06
2.38300000e+04,9.39749452e-05,7.02208028e-05,1.67796958e-05,6.97444668e-06
2.38400000e+04,9.32943505e-05,6.96638479e-05,1.67244554e-05,6.90604728e-06
2.38500000e+04,9.43499029e-05,7.06745038e-05,1.67345458e-05,6.94085332e-06
2.38600000e+04,9.33918627e-05,6.97651273e-05,1.67189126e-05,6.90782280e-06
2.38700000e+04,9.29744310e-05,6.93888746e-05,1.66961014e-05,6.88945505e-06
2.38800000e+04,9.27555905e-05,6.91894057e-05,1.66827325e-05,6.88345237e-06
2.38900000e+04,9.26601000e-05,6.91062796e-05,1.66770057e-05,6.87681469e-06
2.39000000e+04,9.26833942e-05,6.91399538e-05,1.66680233e-05,6.87541710e-06
2.39100000e+04,9.25516764e-05,6.90201344e-05,1.66620549e-05,6.86948710e-06
2.39200000e+04,9.24954098e-05,6.89741448e-05,1.66559014e-05,6.86536358e-06
2.39300000e+04,9.24478622e-05,6.89365778e-05,1.66497354e-05,6.86154897e-06
2.39400000e+04,9.24012944e-05,6.89003254e-05,1.66429755e-05,6.85799357e-06
2.39500000e+04,9.23927558e-05,6.89002117e-05,1.66375800e-05,6.85496402e-06
2.39600000e+04,9.26009831e-05,6.91080948e-05,1.66360093e-05,6.85687907e-06
2.39700000e+04,9.28936153e-05,6.94075619e-05,1.66275935e-05,6.85845989e-06
2.39800000e+04,9.23029222e-05,6.88392825e-05,1.66168946e-05,6.84674513e-06
2.39900000e+04,9.21885535e-05,6.87379197e-05,1.66099617e-05,6.84067215e-06
2.40000000e+04,9.21268248e-05,6.86880315e-05,1.66012519e-05,6.83754142e-06
2.40100000e+04,9.20534472e-05,6.86225327e-05,1.65973563e-05,6.83355821e-06
2.40200000e+04,9.20070546e-05,6.85846299e-05,1.65922628e-05,6.83016182e-06
2.40300000e+04,9.21333567e-05,6.87134972e-05,1.65864231e-05,6.83343642e-06
2.40400000e+04,9.36416525e-05,7.01505138e-05,1.66124586e-05,6.87868014e-06
2.40500000e+04,9.27967501e-05,6.93661301e-05,1.65956477e-05,6.83497227e-06
2.40600000e+04,9.22910184e-05,6.88810499e-05,1.65838616e-05,6.82610684e-06
2.40700000e+04,9.17933093e-05,6.84154055e-05,1.65644108e-05,6.81349298e-06
2.40800000e+04,9.17365424e-05,6.83684698e-05,1.65577392e-05,6.81033339e-06
2.40900000e+04,9.16868787e-05,6.83261829e-05,1.65542696e-05,6.80642619e-06
2.41000000e+04,9.18127755e-05,6.84395181e-05,1.65594442e-05,6.81381316e-06
2.41100000e+04,9.38546541e-05,6.96749208e-05,1.69221530e-05,7.25758028e-06
2.41200000e+04,9.20876843e-05,6.85618006e-05,1.66218067e-05,6.90407700e-06
2.41300000e+04,9.18849509e-05,6.85413600e-05,1.65335437e-05,6.81004713e-06
2.41400000e+04,9.15311238e-05,6.81970218e-05,1.65252502e-05,6.80885186e-06
2.41500000e+04,9.20278179e-05,6.87039013e-05,1.65252976e-05,6.79861895e-06
2.41600000e+04,9.14001250e-05,6.81030274e-05,1.65087444e-05,6.78835321e-06
2.41700000e+04,9.15374932e-05,6.82471987e-05,1.65053985e-05,6.78489591e-06
2.41800000e+04,9.13273847e-05,6.80505521e-05,1.64927945e-05,6.78403806e-06
2.41900000e+04,9.12321962e-05,6.79671930e-05,1.64869815e-05,6.77802167e-06
2.42000000e+04,9.11898115e-05,6.79350369e-05,1.64808297e-05,6.77394497e-06
2.42100000e+04,9.11342301e-05,6.78835757e-05,1.64795626e-05,6.77109174e-06
2.42200000e+04,9.11247506e-05,6.78784812e-05,1.64769702e-05,6.76929915e-06
2.42300000e+04,9.31982744e-05,6.98869987e-05,1.65038936e-05,6.80738207e-06
2.42400000e+04,9.10113432e-05,6.77795705e-05,1.64686905e-05,6.76308220e-06
2.42500000e+04,9.10857757e-05,6.78573928e-05,1.64658167e-05,6.76256619e-06
2.42600000e+04,9.09761761e-05,6.77577748e-05,1.64601552e-05,6.75824608e-06
2.42700000e+04,9.09284095e-05,6.77180685e-05,1.64541021e-05,6.75623888e-06
2.42800000e+04,9.22210457e-05,6.89797119e-05,1.64630143e-05,6.77831949e-06
2.42900000e+04,9.12180990e-05,6.80089263e-05,1.64543651e-05,6.75480759e-06
2.43000000e+04,9.08729207e-05,6.76866460e-05,1.64407018e-05,6.74557292e-06
2.43100000e+04,9.09724458e-05,6.77862130e-05,1.64420861e-05,6.74414671e-06
2.43200000e+04,9.10259601e-05,6.78388828e-05,1.64456564e-05,6.74142091e-06
2.43300000e+04,9.28461786e-05,6.95540245e-05,1.64947033e-05,6.79745090e-06
2.43400000e+04,9.14723643e-05,6.82671166e-05,1.64508882e-05,6.75435943e-06
2.43500000e+04,9.10305008e-05,6.78631087e-05,1.64342877e-05,6.73310431e-06
2.43600000e+04,9.19076272e-05,6.87165191e-05,1.64369692e-05,6.75413893e-06
2.43700000e+04,9.07670252e-05,6.76219458e-05,1.64236390e-05,6.72144051e-06
2.43800000e+04,9.06781807e-05,6.75536010e-05,1.64050807e-05,6.71949911e-06
2.43900000e+04,9.09685425e-05,6.78413438e-05,1.64107400e-05,6.71645865e-06
2.44000000e+04,9.04459615e-05,6.73419657e-05,1.63957069e-05,6.70828883e-06
2.44100000e+04,1.05809255e-04,8.20120733e-05,1.67273573e-05,7.06982418e-06
2.44200000e+04,9.09105232e-05,6.77743410e-05,1.64006919e-05,6.73549029e-06
2.44300000e+04,9.16889700e-05,6.85565323e-05,1.64273685e-05,6.70506921e-06
2.44400000e+04,9.09202819e-05,6.77604099e-05,1.64061139e-05,6.75375812e-06
2.44500000e+04,9.03590824e-05,6.72898550e-05,1.63891989e-05,6.68002839e-06
2.44600000e+04,9.01080123e-05,6.70552317e-05,1.63700468e-05,6.68273383e-06
2.44700000e+04,9.00145581e-05,6.69781669e-05,1.63636515e-05,6.67273976e-06
2.44800000e+04,8.99628903e-05,6.69368993e-05,1.63581259e-05,6.66786503e-06
2.44900000e+04,8.99219140e-05,6.69037479e-05,1.63522709e-05,6.66589526e-06
2.45000000e+04,8.98743846e-05,6.68661739e-05,1.63474243e-05,6.66078635e-06
2.45100000e+04,8.98281007e-05,6.68223637e-05,1.63469139e-05,6.65882308e-06
2.45200000e+04,8.97856532e-05,6.67849114e-05,1.63448517e-05,6.65589014e-06
2.45300000e+04,8.98167252e-05,6.68191702e-05,1.63432869e-05,6.65426807e-06
2.45400000e+04,9.05682133e-05,6.75430895e-05,1.63538106e-05,6.67131325e-06
2.45500000e+04,9.02007068e-05,6.71949903e-05,1.63442141e-05,6.66150241e-06
2.45600000e+04,8.96785556e-05,6.66996986e-05,1.63352220e-05,6.64363499e-06
2.45700000e+04,8.95884831e-05,6.66207274e-05,1.63274711e-05,6.64028457e-06
2.45800000e+04,8.95252992e-05,6.65644868e-05,1.63250748e-05,6.63573762e-06
2.45900000e+04,8.94732672e-05,6.65208223e-05,1.63199262e-05,6.63251868e-06
2.46000000e+04,8.94294620e-05,6.64846175e-05,1.63157057e-05,6.62913879e-06
2.46100000e+04,8.93814485e-05,6.64381792e-05,1.63161076e-05,6.62716167e-06
2.46200000e+04,8.93551107e-05,6.64151399e-05,1.63152285e-05,6.62474234e-06
2.46300000e+04,9.05742938e-05,6.75965615e-05,1.63320351e-05,6.64569718e-06
2.46400000e+04,8.96560925e-05,6.67157480e-05,1.63147444e-05,6.62560010e-06
2.46500000e+04,8.98814885e-05,6.69317100e-05,1.63191521e-05,6.63062644e-06
2.46600000e+04,8.93856697e-05,6.64592898e-05,1.63102287e-05,6.61615125e-06
2.46700000e+04,8.95174279e-05,6.65899075e-05,1.63110378e-05,6.61648253e-06
2.46800000e+04,8.97373055e-05,6.68081485e-05,1.63036739e-05,6.62548298e-06
2.46900000e+04,8.97565983e-05,6.68391556e-05,1.63053200e-05,6.61212272e-06
2.47000000e+04,8.91157616e-05,6.62185790e-05,1.62913926e-05,6.60579003e-06
2.47100000e+04,9.10680692e-05,6.80601837e-05,1.63351526e-05,6.67273292e-06
2.47200000e+04,9.03688925e-05,6.74097204e-05,1.63176038e-05,6.64156836e-06
2.47300000e+04,8.91544354e-05,6.62620264e-05,1.62773127e-05,6.61509629e-06
2.47400000e+04,8.89670976e-05,6.61138921e-05,1.62614012e-05,6.59180427e-06
2.47500000e+04,8.88124705e-05,6.59703095e-05,1.62542222e-05,6.58793870e-06
2.47600000e+04,8.88771410e-05,6.60509470e-05,1.62463773e-05,6.57981668e-06
2.47700000e+04,8.94298822e-05,6.65931178e-05,1.62519359e-05,6.58482845e-06
2.47800000e+04,8.86615691e-05,6.58565330e-05,1.62312711e-05,6.57376504e-06
2.47900000e+04,8.86628370e-05,6.58663289e-05,1.62251933e-05,6.57131487e-06
2.48000000e+04,8.85666935e-05,6.57821805e-05,1.62193455e-05,6.56516744e-06
2.48100000e+04,8.85153679e-05,6.57352338e-05,1.62166563e-05,6.56347786e-06
2.48200000e+04,8.87786481e-05,6.59935276e-05,1.62164519e-05,6.56866873e-06
2.48300000e+04,9.00102487e-05,6.71840357e-05,1.62297716e-05,6.59644151e-06
2.48400000e+04,9.00784209e-05,6.72324474e-05,1.62557356e-05,6.59023792e-06
2.48500000e+04,8.88394501e-05,6.60600913e-05,1.62192932e-05,6.56006553e-06
2.48600000e+04,8.89989263e-05,6.62290040e-05,1.62098909e-05,6.56003147e-06
2.48700000e+04,8.84054334e-05,6.56612081e-05,1.61977000e-05,6.54652537e-06
2.48800000e+04,8.82199556e-05,6.54895330e-05,1.61892538e-05,6.54116874e-06
2.48900000e+04,8.81708502e-05,6.54482508e-05,1.61844583e-05,6.53814099e-06
2.49000000e+04,8.81225284e-05,6.54086244e-05,1.61789389e-05,6.53496513e-06
2.49100000e+04,8.82961858e-05,6.55797895e-05,1.61805122e-05,6.53588406e-06
2.49200000e+04,8.82256657e-05,6.55157262e-05,1.61765211e-05,6.53341839e-06
2.49300000e+04,8.80519759e-05,6.53534127e-05,1.61705475e-05,6.52801563e-06
2.49400000e+04,8.79904328e-05,6.52990067e-05,1.61669916e-05,6.52443459e-06
2.49500000e+04,8.79345803e-05,6.52502611e-05,1.61632180e-05,6.52110120e-06
2.49600000e+04,8.78757715e-05,6.51990638e-05,1.61590057e-05,6.51770195e-06
2.49700000e+04,8.78230407e-05,6.51535966e-05,1.61550766e-05,6.51436754e-06
2.49800000e+04,8.79551511e-05,6.52853260e-05,1.61552290e-05,6.51459604e-06
2.49900000e+04,8.77508463e-05,6.50948142e-05,1.61474388e-05,6.50859325e-06
2.50000000e+04,8.78982934e-05,6.52404009e-05,1.61480648e-05,6.50982773e-06
2.50100000e+04,8.95036259e-05,6.66912701e-05,1.62129052e-05,6.59945057e-06
2.50200000e+04,8.76704439e-05,6.50310114e-05,1.61362407e-05,6.50319180e-06
2.50300000e+04,9.00196315e-05,6.73244223e-05,1.61543725e-05,6.54083673e-06
2.50400000e+04,8.76709878e-05,6.50485641e-05,1.61236679e-05,6.49875579e-06
2.50500000e+04,8.78414862e-05,6.52178590e-05,1.61252543e-05,6.49837290e-06
2.50600000e+04,8.74731081e-05,6.48704809e-05,1.61129325e-05,6.48969458e-06
2.50700000e+04,8.74553123e-05,6.48603620e-05,1.61080582e-05,6.48689210e-06
2.50800000e+04,8.73908107e-05,6.48031942e-05,1.61042620e-05,6.48335448e-06
2.50900000e+04,8.73428857e-05,6.47633257e-05,1.60992917e-05,6.48026831e-06
2.51000000e+04,8.73028218e-05,6.47313509e-05,1.60940986e-05,6.47737233e-06
2.51100000e+04,8.72591434e-05,6.46892633e-05,1.60941755e-05,6.47570459e-06
2.51200000e+04,8.73342854e-05,6.47653330e-05,1.60931736e-05,6.47577883e-06
2.51300000e+04,9.11216824e-05,6.84301415e-05,1.61464005e-05,6.54514040e-06
2.51400000e+04,8.74405412e-05,6.48744453e-05,1.60896490e-05,6.47644692e-06
2.51500000e+04,8.73951998e-05,6.48364254e-05,1.60889715e-05,6.46980293e-06
2.51600000e+04,8.71828950e-05,6.46343457e-05,1.60826779e-05,6.46587145e-06
2.51700000e+04,8.72007265e-05,6.46455559e-05,1.60857025e-05,6.46946810e-06
2.51800000e+04,8.75143006e-05,6.49387348e-05,1.60943366e-05,6.48122913e-06
2.51900000e+04,8.70790841e-05,6.45456782e-05,1.60730503e-05,6.46035563e-06
2.52000000e+04,8.69422967e-05,6.44181595e-05,1.60690640e-05,6.45507322e-06
2.52100000e+04,8.75874378e-05,6.48005048e-05,1.61887289e-05,6.59820404e-06
2.52200000e+04,8.83511792e-05,6.57182406e-05,1.61107026e-05,6.52223596e-06
2.52300000e+04,8.70597672e-05,6.44980247e-05,1.60848205e-05,6.47692202e-06
2.52400000e+04,8.68247331e-05,6.43170756e-05,1.60569897e-05,6.45066784e-06
2.52500000e+04,8.67091052e-05,6.42169940e-05,1.60509372e-05,6.44117404e-06
2.52600000e+04,8.69252881e-05,6.44301440e-05,1.60533815e-05,6.44176251e-06
2.52700000e+04,8.66140212e-05,6.41370774e-05,1.60413980e-05,6.43554585e-06
2.52800000e+04,8.67343054e-05,6.42560701e-05,1.60426884e-05,6.43554687e-06
2.52900000e+04,8.67918152e-05,6.43228802e-05,1.60329842e-05,6.43595077e-06
2.53000000e+04,8.65327585e-05,6.40737083e-05,1.60305544e-05,6.42849580e-06
2.53100000e+04,8.65692849e-05,6.41188461e-05,1.60247141e-05,6.42572464e-06
2.53200000e+04,8.64385107e-05,6.39980542e-05,1.60190695e-05,6.42138700e-06
2.53300000e+04,8.83098082e-05,6.58082642e-05,1.60399287e-05,6.46161540e-06
2.53400000e+04,8.71770506e-05,6.47091147e-05,1.60377567e-05,6.43017917e-06
2.53500000e+04,8.66235768e-05,6.41867032e-05,1.60198292e-05,6.41704444e-06
2.53600000e+04,8.63362999e-05,6.39189955e-05,1.60077971e-05,6.40950725e-06
2.53700000e+04,8.62312047e-05,6.38248116e-05,1.60007109e-05,6.40568217e-06
2.53800000e+04,8.62036677e-05,6.38053040e-05,1.59952774e-05,6.40308638e-06
2.53900000e+04,8.63396422e-05,6.39447120e-05,1.59918732e-05,6.40305700e-06
2.54000000e+04,8.61071224e-05,6.37232617e-05,1.59866090e-05,6.39725170e-06
2.54100000e+04,8.66097788e-05,6.42005032e-05,1.59984237e-05,6.41085190e-06
2.54200000e+04,8.70241246e-05,6.46118803e-05,1.59981723e-05,6.41407204e-06
2.54300000e+04,8.64021123e-05,6.40228729e-05,1.59844802e-05,6.39475919e-06
2.54400000e+04,8.63965319e-05,6.40248822e-05,1.59818452e-05,6.38980451e-06
2.54500000e+04,8.61139104e-05,6.37561657e-05,1.59748192e-05,6.38292547e-06
2.54600000e+04,8.58643973e-05,6.35166921e-05,1.59682632e-05,6.37944199e-06
2.54700000e+04,8.59518417e-05,6.36035496e-05,1.59672795e-05,6.38101256e-06
2.54800000e+04,8.60902063e-05,6.37380354e-05,1.59676328e-05,6.38453817e-06
2.54900000e+04,8.58141624e-05,6.34828343e-05,1.59592810e-05,6.37204705e-06
2.55000000e+04,8.58389169e-05,6.35114568e-05,1.59572091e-05,6.37025099e-06
2.55100000e+04,8.64122397e-05,6.39884982e-05,1.59958514e-05,6.42789009e-06
2.55200000e+04,8.57362718e-05,6.34125812e-05,1.59522473e-05,6.37144330e-06
2.55300000e+04,8.57676224e-05,6.34491769e-05,1.59489117e-05,6.36953384e-06
2.55400000e+04,8.56078356e-05,6.33091350e-05,1.59388569e-05,6.35984367e-06
2.55500000e+04,8.55124114e-05,6.32230589e-05,1.59335552e-05,6.35579731e-06
2.55600000e+04,8.54780811e-05,6.31958126e-05,1.59290175e-05,6.35325105e-06
2.55700000e+04,8.54280502e-05,6.31535936e-05,1.59242622e-05,6.35019442e-06
2.55800000e+04,8.53892528e-05,6.31215460e-05,1.59200970e-05,6.34760979e-06
2.55900000e+04,8.53664522e-05,6.31041579e-05,1.59163189e-05,6.34597540e-06
2.56000000e+04,8.54194260e-05,6.31555186e-05,1.59153511e-05,6.34855629e-06
2.56100000e+04,8.79728897e-05,6.52393492e-05,1.61309212e-05,6.60261931e-06
2.56200000e+04,8.62543872e-05,6.39000652e-05,1.59468877e-05,6.40743430e-06
2.56300000e+04,8.56811888e-05,6.33899165e-05,1.59264020e-05,6.36487033e-06
2.56400000e+04,8.56217754e-05,6.33700552e-05,1.59040508e-05,6.34766934e-06
2.56500000e+04,8.54594690e-05,6.32275240e-05,1.58939282e-05,6.33801678e-06
2.56600000e+04,8.54291281e-05,6.31956946e-05,1.58945290e-05,6.33890454e-06
2.56700000e+04,8.51453255e-05,6.29305545e-05,1.58854181e-05,6.32935299e-06
2.56800000e+04,8.50352096e-05,6.28304377e-05,1.58807903e-05,6.32398149e-06
2.56900000e+04,8.49980861e-05,6.28010598e-05,1.58759208e-05,6.32110558e-06
2.57000000e+04,8.55251424e-05,6.33236863e-05,1.58763672e-05,6.32508894e-06
2.57100000e+04,8.50785081e-05,6.28907599e-05,1.58687027e-05,6.31904553e-06
2.57200000e+04,8.49222823e-05,6.27442405e-05,1.58628834e-05,6.31515842e-06
2.57300000e+04,8.55941690e-05,6.33998591e-05,1.58650369e-05,6.32927292e-06
2.57400000e+04,8.56604433e-05,6.34530815e-05,1.58827897e-05,6.32457215e-06
2.57500000e+04,8.48352032e-05,6.26700065e-05,1.58571533e-05,6.30804342e-06
2.57600000e+04,8.50093231e-05,6.28423078e-05,1.58562307e-05,6.31078456e-06
2.57700000e+04,8.47129895e-05,6.25637826e-05,1.58463837e-05,6.30282316e-06
2.57800000e+04,8.49470455e-05,6.27932236e-05,1.58502192e-05,6.30360269e-06
2.57900000e+04,8.48595189e-05,6.27139101e-05,1.58455205e-05,6.30008829e-06
2.58000000e+04,8.46248566e-05,6.24921380e-05,1.58372211e-05,6.29549743e-06
2.58100000e+04,8.48122485e-05,6.26750542e-05,1.58413104e-05,6.29588391e-06
2.58200000e+04,8.46288064e-05,6.25129087e-05,1.58312963e-05,6.28460139e-06
2.58300000e+04,8.45322614e-05,6.24260013e-05,1.58275586e-05,6.27870161e-06
2.58400000e+04,8.44456275e-05,6.23542610e-05,1.58161539e-05,6.27521262e-06
2.58500000e+04,8.43932333e-05,6.23102675e-05,1.58115426e-05,6.27142320e-06
2.58600000e+04,8.43484004e-05,6.22724411e-05,1.58082602e-05,6.26769911e-06
2.58700000e+04,8.43067366e-05,6.22388808e-05,1.58033362e-05,6.26451953e-06
2.58800000e+04,8.42745900e-05,6.22139833e-05,1.57987871e-05,6.26181957e-06
2.58900000e+04,8.42772975e-05,6.22233174e-05,1.57932457e-05,6.26073434e-06
2.59000000e+04,8.41952408e-05,6.21502053e-05,1.57901456e-05,6.25488992e-06
2.59100000e+04,8.41516659e-05,6.21093571e-05,1.57902858e-05,6.25202296e-06
2.59200000e+04,8.41161255e-05,6.20780957e-05,1.57886398e-05,6.24939005e-06
2.59300000e+04,8.45540020e-05,6.25008784e-05,1.57937637e-05,6.25935977e-06
2.59400000e+04,8.47677139e-05,6.27104318e-05,1.57942568e-05,6.26302535e-06
2.59500000e+04,8.49699650e-05,6.29076631e-05,1.57944567e-05,6.26784520e-06
2.59600000e+04,8.40368877e-05,6.20183290e-05,1.57786688e-05,6.23988998e-06
2.59700000e+04,8.40396820e-05,6.20237648e-05,1.57780350e-05,6.23788208e-06
2.59800000e+04,8.38900082e-05,6.18878018e-05,1.57696759e-05,6.23253048e-06
2.59900000e+04,8.38534137e-05,6.18582875e-05,1.57651846e-05,6.22994165e-06
2.60000000e+04,8.38042154e-05,6.18154712e-05,1.57620116e-05,6.22673257e-06
2.60100000e+04,8.37654251e-05,6.17784917e-05,1.57618758e-05,6.22505759e-06
2.60200000e+04,8.37587582e-05,6.17734775e-05,1.57608946e-05,6.22438614e-06
2.60300000e+04,8.43625565e-05,6.23422768e-05,1.57734223e-05,6.24685750e-06
2.60400000e+04,8.36722742e-05,6.16965727e-05,1.57575301e-05,6.21817139e-06
2.60500000e+04,8.36771475e-05,6.17038457e-05,1.57564208e-05,6.21688101e-06
2.60600000e+04,8.35713987e-05,6.16076813e-05,1.57510079e-05,6.21270959e-06
2.60700000e+04,8.35492849e-05,6.15903270e-05,1.57479139e-05,6.21104404e-06
2.60800000e+04,8.38466674e-05,6.18815593e-05,1.57500013e-05,6.21510673e-06
2.60900000e+04,8.35877394e-05,6.16352243e-05,1.57450332e-05,6.20748181e-06
2.61000000e+04,8.39642103e-05,6.20062134e-05,1.57464871e-05,6.21150969e-06
2.61100000e+04,9.12438866e-05,6.89031341e-05,1.58939727e-05,6.44677977e-06
2.61200000e+04,8.45193781e-05,6.25542551e-05,1.57395364e-05,6.22558660e-06
2.61300000e+04,8.44217384e-05,6.24537015e-05,1.57560598e-05,6.21197710e-06
2.61400000e+04,8.35172509e-05,6.16197110e-05,1.57022062e-05,6.19533373e-06
2.61500000e+04,8.34094367e-05,6.15383381e-05,1.56792885e-05,6.19181010e-06
2.61600000e+04,8.32945730e-05,6.14394625e-05,1.56783794e-05,6.17673110e-06
2.61700000e+04,8.32284101e-05,6.13833688e-05,1.56734990e-05,6.17154230e-06
2.61800000e+04,8.31757614e-05,6.13427947e-05,1.56649422e-05,6.16802446e-06
2.61900000e+04,8.31384323e-05,6.13154993e-05,1.56582580e-05,6.16467508e-06
2.62000000e+04,8.31052817e-05,6.12917489e-05,1.56518310e-05,6.16170184e-06
2.62100000e+04,8.30657142e-05,6.12566502e-05,1.56500889e-05,6.15897516e-06
2.62200000e+04,8.30323240e-05,6.12291387e-05,1.56474110e-05,6.15577432e-06
2.62300000e+04,8.32657181e-05,6.14553688e-05,1.56523081e-05,6.15804125e-06
2.62400000e+04,8.35053683e-05,6.16933773e-05,1.56445922e-05,6.16739885e-06
2.62500000e+04,8.30784373e-05,6.12880609e-05,1.56412246e-05,6.14915180e-06
2.62600000e+04,8.29132325e-05,6.11376889e-05,1.56314540e-05,6.14408964e-06
2.62700000e+04,8.28726074e-05,6.11051737e-05,1.56254435e-05,6.14199025e-06
2.62800000e+04,8.28303972e-05,6.10708283e-05,1.56212975e-05,6.13827132e-06
2.62900000e+04,8.30844335e-05,6.13242099e-05,1.56193331e-05,6.14089055e-06
2.63000000e+04,8.28466476e-05,6.10989908e-05,1.56125044e-05,6.13515237e-06
2.63100000e+04,8.28445019e-05,6.11054210e-05,1.56074466e-05,6.13163426e-06
2.63200000e+04,8.31297172e-05,6.13938095e-05,1.55990552e-05,6.13685249e-06
2.63300000e+04,8.29604382e-05,6.12323002e-05,1.56038439e-05,6.12429413e-06
2.63400000e+04,8.27361006e-05,6.10282756e-05,1.55895353e-05,6.11828970e-06
2.63500000e+04,8.26576739e-05,6.09554928e-05,1.55876665e-05,6.11451453e-06
2.63600000e+04,8.25717891e-05,6.08808102e-05,1.55805819e-05,6.11039699e-06
2.63700000e+04,8.25079213e-05,6.08260260e-05,1.55742656e-05,6.10762973e-06
2.63800000e+04,8.24640290e-05,6.07893906e-05,1.55699612e-05,6.10467713e-06
2.63900000e+04,8.24260619e-05,6.07599421e-05,1.55644430e-05,6.10167683e-06
2.64000000e+04,8.23938130e-05,6.07352549e-05,1.55597904e-05,6.09876774e-06
2.64100000e+04,8.23559289e-05,6.07004853e-05,1.55586231e-05,6.09682050e-06
2.64200000e+04,8.23346875e-05,6.06837430e-05,1.55563114e-05,6.09463318e-06
2.64300000e+04,8.27903717e-05,6.11290314e-05,1.55611364e-05,6.10020386e-06
2.64400000e+04,8.31552976e-05,6.14750300e-05,1.55699983e-05,6.11026940e-06
2.64500000e+04,8.29089190e-05,6.12506608e-05,1.55548550e-05,6.10340324e-06
2.64600000e+04,8.27058658e-05,6.10639949e-05,1.55507460e-05,6.09112491e-06
2.64700000e+04,8.24082947e-05,6.07775767e-05,1.55442991e-05,6.08641897e-06
2.64800000e+04,8.21269889e-05,6.05119874e-05,1.55367400e-05,6.07826146e-06
2.64900000e+04,8.20977731e-05,6.04910002e-05,1.55314868e-05,6.07528610e-06
2.65000000e+04,8.20391265e-05,6.04391632e-05,1.55274179e-05,6.07254538e-06
2.65100000e+04,8.20020382e-05,6.04057523e-05,1.55259555e-05,6.07033045e-06
2.65200000e+04,8.19682213e-05,6.03768681e-05,1.55234111e-05,6.06794212e-06
2.65300000e+04,8.19352997e-05,6.03491763e-05,1.55206884e-05,6.06543503e-06
2.65400000e+04,8.19418899e-05,6.03589330e-05,1.55194163e-05,6.06354060e-06
2.65500000e+04,8.18938366e-05,6.03175923e-05,1.55155274e-05,6.06071681e-06
2.65600000e+04,8.18516715e-05,6.02822529e-05,1.55113802e-05,6.05803839e-06
2.65700000e+04,8.18273858e-05,6.02636200e-05,1.55080213e-05,6.05574448e-06
2.65800000e+04,8.20838287e-05,6.05152383e-05,1.55104609e-05,6.05812956e-06
2.65900000e+04,8.24417752e-05,6.08661030e-05,1.55078454e-05,6.06782676e-06
2.66000000e+04,8.21006708e-05,6.05380007e-05,1.55087597e-05,6.05391045e-06
2.66100000e+04,8.74325216e-05,6.54045399e-05,1.57073128e-05,6.32066892e-06
2.66200000e+04,8.34547511e-05,6.17529091e-05,1.55634993e-05,6.13834264e-06
2.66300000e+04,8.23072378e-05,6.07674588e-05,1.54903430e-05,6.04943608e-06
2.66400000e+04,8.18842232e-05,6.03978765e-05,1.54486011e-05,6.03774569e-06
2.66500000e+04,8.17629139e-05,6.02793940e-05,1.54623072e-05,6.02121260e-06
2.66600000e+04,8.15503805e-05,6.00923671e-05,1.54398374e-05,6.01817599e-06
2.66700000e+04,8.15974365e-05,6.01499521e-05,1.54349150e-05,6.01256932e-06
2.66800000e+04,8.14729635e-05,6.00368584e-05,1.54291750e-05,6.00693009e-06
2.66900000e+04,8.14517963e-05,6.00274492e-05,1.54213281e-05,6.00301898e-06
2.67000000e+04,8.14468494e-05,6.00301806e-05,1.54160203e-05,6.00064857e-06
2.67100000e+04,8.24485360e-05,6.09900436e-05,1.54383694e-05,6.02012298e-06
2.67200000e+04,8.19124693e-05,6.04849099e-05,1.54175189e-05,6.01004043e-06
2.67300000e+04,8.15267612e-05,6.01242740e-05,1.54074796e-05,5.99500757e-06
2.67400000e+04,8.13451634e-05,5.99610627e-05,1.53970460e-05,5.98705464e-06
2.67500000e+04,8.12978527e-05,5.99221871e-05,1.53926958e-05,5.98296981e-06
2.67600000e+04,8.12467571e-05,5.98818505e-05,1.53855154e-05,5.97939115e-06
2.67700000e+04,8.12088369e-05,5.98527622e-05,1.53801927e-05,5.97588200e-06
2.67800000e+04,8.11706804e-05,5.98235696e-05,1.53745779e-05,5.97253288e-06
2.67900000e+04,8.11421368e-05,5.98037027e-05,1.53690592e-05,5.96937488e-06
2.68000000e+04,8.12640086e-05,5.99310428e-05,1.53629335e-05,5.97003233e-06
2.68100000e+04,8.10840908e-05,5.97672965e-05,1.53532325e-05,5.96356179e-06
2.68200000e+04,8.11321213e-05,5.98236997e-05,1.53475368e-05,5.96088475e-06
2.68300000e+04,8.10817889e-05,5.97841401e-05,1.53393141e-05,5.95833471e-06
2.68400000e+04,8.19006133e-05,6.05680542e-05,1.53457349e-05,5.98682414e-06
2.68500000e+04,8.13016137e-05,6.00100773e-05,1.53388243e-05,5.95271204e-06
2.68600000e+04,8.10053565e-05,5.97349432e-05,1.53239008e-05,5.94651248e-06
2.68700000e+04,8.09980022e-05,5.97323372e-05,1.53193129e-05,5.94635210e-06
2.68800000e+04,8.08601359e-05,5.96089224e-05,1.53093225e-05,5.94189100e-06
2.68900000e+04,8.08209059e-05,5.95793724e-05,1.53028752e-05,5.93865826e-06
2.69000000e+04,8.07862395e-05,5.95534895e-05,1.52978590e-05,5.93489108e-06
2.69100000e+04,8.07507048e-05,5.95224943e-05,1.52956703e-05,5.93254022e-06
2.69200000e+04,8.07166913e-05,5.94945790e-05,1.52919235e-05,5.93018880e-06
2.69300000e+04,8.07484698e-05,5.95275290e-05,1.52911775e-05,5.92976329e-06
2.69400000e+04,8.08012938e-05,5.95864818e-05,1.52844335e-05,5.93037855e-06
2.69500000e+04,8.07926559e-05,5.95816231e-05,1.52830922e-05,5.92794063e-06
2.69600000e+04,8.06859323e-05,5.94873523e-05,1.52770706e-05,5.92150938e-06
2.69700000e+04,8.09252157e-05,5.97296206e-05,1.52745119e-05,5.92108325e-06
2.69800000e+04,8.06222372e-05,5.94399353e-05,1.52664669e-05,5.91583501e-06
2.69900000e+04,8.05056167e-05,5.93327492e-05,1.52615949e-05,5.91127269e-06
2.70000000e+04,8.07000282e-05,5.95274645e-05,1.52595605e-05,5.91300317e-06
2.70100000e+04,8.16278249e-05,6.03411439e-05,1.53090782e-05,5.97760294e-06
2.70200000e+04,8.04686051e-05,5.93100227e-05,1.52476474e-05,5.91093495e-06
2.70300000e+04,8.06307772e-05,5.94734372e-05,1.52460630e-05,5.91127697e-06
2.70400000e+04,8.03149347e-05,5.91740199e-05,1.52381092e-05,5.90280554e-06
2.70500000e+04,8.03146198e-05,5.91805684e-05,1.52333184e-05,5.90073294e-06
2.70600000e+04,8.02263271e-05,5.91013511e-05,1.52284355e-05,5.89654056e-06
2.70700000e+04,8.01930369e-05,5.90758674e-05,1.52230960e-05,5.89407344e-06
2.70800000e+04,8.01361439e-05,5.90263529e-05,1.52195582e-05,5.89023277e-06
2.70900000e+04,8.00801072e-05,5.89789936e-05,1.52135890e-05,5.88752463e-06
2.71000000e+04,8.00539791e-05,5.89599736e-05,1.52085551e-05,5.88545035e-06
2.71100000e+04,8.00111439e-05,5.89208192e-05,1.52065656e-05,5.88375911e-06
2.71200000e+04,8.00224307e-05,5.89359795e-05,1.52039263e-05,5.88252485e-06
2.71300000e+04,8.00445438e-05,5.89614012e-05,1.52013299e-05,5.88181268e-06
2.71400000e+04,8.00190611e-05,5.89417049e-05,1.51979626e-05,5.87939371e-06
2.71500000e+04,7.99078014e-05,5.88388950e-05,1.51937701e-05,5.87513626e-06
2.71600000e+04,7.98560620e-05,5.87939484e-05,1.51899440e-05,5.87216959e-06
2.71700000e+04,7.98948115e-05,5.88367962e-05,1.51869569e-05,5.87105842e-06
2.71800000e+04,7.97779631e-05,5.87278761e-05,1.51827446e-05,5.86734239e-06
2.71900000e+04,7.99535562e-05,5.88977965e-05,1.51868065e-05,5.86895316e-06
2.72000000e+04,7.97349749e-05,5.86973641e-05,1.51755538e-05,5.86205704e-06
2.72100000e+04,8.26434647e-05,6.15273868e-05,1.51941644e-05,5.92191356e-06
2.72200000e+04,8.11500347e-05,6.00753512e-05,1.51824964e-05,5.89218708e-06
2.72300000e+04,7.98587298e-05,5.88349719e-05,1.51668595e-05,5.85689838e-06
2.72400000e+04,7.98093732e-05,5.87915923e-05,1.51618057e-05,5.85597523e-06
2.72500000e+04,7.99716030e-05,5.89480566e-05,1.51605600e-05,5.86298650e-06
2.72600000e+04,7.96926723e-05,5.86909025e-05,1.51522267e-05,5.84954320e-06
2.72700000e+04,7.95243233e-05,5.85340567e-05,1.51469754e-05,5.84329127e-06
2.72800000e+04,7.96467752e-05,5.86568874e-05,1.51463156e-05,5.84357221e-06
2.72900000e+04,7.94471533e-05,5.84683820e-05,1.51381003e-05,5.84067101e-06
2.73000000e+04,7.94228829e-05,5.84517041e-05,1.51342387e-05,5.83694016e-06
2.73100000e+04,7.93872769e-05,5.84184538e-05,1.51332812e-05,5.83554198e-06
2.73200000e+04,7.93536915e-05,5.83888495e-05,1.51312107e-05,5.83363128e-06
2.73300000e+04,7.93214548e-05,5.83613191e-05,1.51285469e-05,5.83158881e-06
2.73400000e+04,7.92910899e-05,5.83358331e-05,1.51258878e-05,5.82936902e-06
2.73500000e+04,7.92602868e-05,5.83103037e-05,1.51227450e-05,5.82723813e-06
2.73600000e+04,7.92303901e-05,5.82857093e-05,1.51197439e-05,5.82493689e-06
2.73700000e+04,7.92054801e-05,5.82658041e-05,1.51166651e-05,5.82301087e-06
2.73800000e+04,7.92680422e-05,5.83278029e-05,1.51160982e-05,5.82414113e-06
2.73900000e+04,7.91395898e-05,5.82116196e-05,1.51096948e-05,5.81827540e-06
2.74000000e+04,7.91064408e-05,5.81841955e-05,1.51063683e-05,5.81587707e-06
2.74100000e+04,7.90800761e-05,5.81586410e-05,1.51064908e-05,5.81494422e-06
2.74200000e+04,7.90502363e-05,5.81314481e-05,1.51054419e-05,5.81334634e-06
2.74300000e+04,7.96198479e-05,5.86879584e-05,1.51091939e-05,5.82269570e-06
2.74400000e+04,7.97887972e-05,5.88484248e-05,1.51110434e-05,5.82932912e-06
2.74500000e+04,7.90623490e-05,5.81476545e-05,1.51051035e-05,5.80959105e-06
2.74600000e+04,7.89979346e-05,5.80905050e-05,1.51009474e-05,5.80648222e-06
2.74700000e+04,7.88928453e-05,5.79947130e-05,1.50946493e-05,5.80348303e-06
2.74800000e+04,7.88720447e-05,5.79788282e-05,1.50914886e-05,5.80172790e-06
2.74900000e+04,7.88304590e-05,5.79421599e-05,1.50890240e-05,5.79927502e-06
2.75000000e+04,7.87995520e-05,5.79156381e-05,1.50868400e-05,5.79707388e-06
2.75100000e+04,7.87686477e-05,5.78861908e-05,1.50865564e-05,5.79590041e-06
2.75200000e+04,7.87375632e-05,5.78580708e-05,1.50852447e-05,5.79424769e-06
2.75300000e+04,7.87101624e-05,5.78338580e-05,1.50835401e-05,5.79276427e-06
2.75400000e+04,7.88996764e-05,5.80182816e-05,1.50846487e-05,5.79674615e-06
2.75500000e+04,7.88391114e-05,5.79636876e-05,1.50823720e-05,5.79305190e-06
2.75600000e+04,7.86446756e-05,5.77784843e-05,1.50775798e-05,5.78861148e-06
2.75700000e+04,7.86147385e-05,5.77523693e-05,1.50770530e-05,5.78531623e-06
2.75800000e+04,7.85600029e-05,5.77029880e-05,1.50732721e-05,5.78374273e-06
2.75900000e+04,7.85241044e-05,5.76715744e-05,1.50714845e-05,5.78104546e-06
2.76000000e+04,7.84912576e-05,5.76433647e-05,1.50686427e-05,5.77925025e-06
2.76100000e+04,7.84613528e-05,5.76133385e-05,1.50696892e-05,5.77832507e-06
2.76200000e+04,7.84330870e-05,5.75868664e-05,1.50692794e-05,5.77694112e-06
2.76300000e+04,7.86824665e-05,5.78316512e-05,1.50701571e-05,5.78065820e-06
2.76400000e+04,7.86535475e-05,5.78018725e-05,1.50736016e-05,5.77807331e-06
2.76500000e+04,7.84104766e-05,5.75698222e-05,1.50677616e-05,5.77289288e-06
2.76600000e+04,7.83295430e-05,5.74940758e-05,1.50650191e-05,5.77044809e-06
2.76700000e+04,7.83335760e-05,5.74996791e-05,1.50645014e-05,5.76939549e-06
2.76800000e+04,7.82642791e-05,5.74371064e-05,1.50602430e-05,5.76692976e-06
2.76900000e+04,7.82509180e-05,5.74253725e-05,1.50598993e-05,5.76564618e-06
2.77000000e+04,7.81881945e-05,5.73683188e-05,1.50567555e-05,5.76312016e-06
2.77100000e+04,7.81643779e-05,5.73444282e-05,1.50576825e-05,5.76226719e-06
2.77200000e+04,7.82399084e-05,5.74170798e-05,1.50589645e-05,5.76386404e-06
2.77300000e+04,7.87896666e-05,5.79472897e-05,1.50686466e-05,5.77373040e-06
2.77400000e+04,7.84510223e-05,5.76227617e-05,1.50632481e-05,5.76501253e-06
2.77500000e+04,7.81292814e-05,5.73142371e-05,1.50563301e-05,5.75871424e-06
2.77600000e+04,7.81181815e-05,5.73066410e-05,1.50528565e-05,5.75868397e-06
2.77700000e+04,7.79866908e-05,5.71819721e-05,1.50512906e-05,5.75342807e-06
2.77800000e+04,7.79926675e-05,5.71891442e-05,1.50501277e-05,5.75339570e-06
2.77900000e+04,7.79400014e-05,5.71412762e-05,1.50496356e-05,5.74908958e-06
2.78000000e+04,7.78942220e-05,5.70986425e-05,1.50477531e-05,5.74782639e-06
2.78100000e+04,7.78656126e-05,5.70697545e-05,1.50488469e-05,5.74701129e-06
2.78200000e+04,7.78370778e-05,5.70422479e-05,1.50491149e-05,5.74571501e-06
2.78300000e+04,7.78083168e-05,5.70154021e-05,1.50485271e-05,5.74438758e-06
2.78400000e+04,7.77788571e-05,5.69882989e-05,1.50476594e-05,5.74289874e-06
2.78500000e+04,7.77497713e-05,5.69615018e-05,1.50468329e-05,5.74143654e-06
2.78600000e+04,7.77248944e-05,5.69390981e-05,1.50455292e-05,5.74026709e-06
2.78700000e+04,7.77885441e-05,5.70009677e-05,1.50453357e-05,5.74224068e-06
2.78800000e+04,7.76629109e-05,5.68823220e-05,1.50436637e-05,5.73692521e-06
2.78900000e+04,7.76337511e-05,5.68562958e-05,1.50419564e-05,5.73549894e-06
2.79000000e+04,7.76182204e-05,5.68424546e-05,1.50417052e-05,5.73406053e-06
2.79100000e+04,7.75867119e-05,5.68122547e-05,1.50412396e-05,5.73321752e-06
2.79200000e+04,7.76708061e-05,5.68962140e-05,1.50396899e-05,5.73490225e-06
2.79300000e+04,7.79428126e-05,5.71493261e-05,1.50557356e-05,5.73775088e-06
2.79400000e+04,7.77712177e-05,5.69879652e-05,1.50499123e-05,5.73334025e-06
2.79500000e+04,7.75846429e-05,5.68147797e-05,1.50406617e-05,5.72920151e-06
2.79600000e+04,7.75485315e-05,5.67826752e-05,1.50370941e-05,5.72876214e-06
2.79700000e+04,7.76471685e-05,5.68804856e-05,1.50385104e-05,5.72817244e-06
2.79800000e+04,7.76576198e-05,5.68933649e-05,1.50366896e-05,5.72756535e-06
2.79900000e+04,7.74621710e-05,5.67056234e-05,1.50335492e-05,5.72299840e-06
2.80000000e+04,7.73606484e-05,5.66095041e-05,1.50306486e-05,5.72049565e-06
2.80100000e+04,7.73032011e-05,5.65560028e-05,1.50294339e-05,5.71776433e-06
2.80200000e+04,7.72779218e-05,5.65333199e-05,1.50291340e-05,5.71546793e-06
2.80300000e+04,7.72482598e-05,5.65070341e-05,1.50277609e-05,5.71346472e-06
2.80400000e+04,7.72198658e-05,5.64820712e-05,1.50261892e-05,5.71160540e-06
2.80500000e+04,7.71917286e-05,5.64571491e-05,1.50247235e-05,5.70985604e-06
2.80600000e+04,7.71637786e-05,5.64321986e-05,1.50233082e-05,5.70827188e-06
2.80700000e+04,7.71352780e-05,5.64069768e-05,1.50217244e-05,5.70657673e-06
2.80800000e+04,7.71074100e-05,5.63824679e-05,1.50200303e-05,5.70491183e-06
2.80900000e+04,7.71170014e-05,5.63938967e-05,1.50187257e-05,5.70437907e-06
2.81000000e+04,7.73640467e-05,5.66335713e-05,1.50202395e-05,5.71023594e-06
2.81100000e+04,8.10027590e-05,6.00362006e-05,1.51170392e-05,5.84951925e-06
2.81200000e+04,7.76611651e-05,5.69294693e-05,1.50216701e-05,5.71002560e-06
2.81300000e+04,7.72103137e-05,5.65023191e-05,1.50090512e-05,5.69894341e-06
2.81400000e+04,7.71425260e-05,5.64300261e-05,1.49973491e-05,5.71515088e-06
2.81500000e+04,7.71139892e-05,5.64159929e-05,1.50010599e-05,5.69693635e-06
2.81600000e+04,7.69998198e-05,5.63130439e-05,1.49906888e-05,5.69608700e-06
2.81700000e+04,7.69111276e-05,5.62347605e-05,1.49845694e-05,5.69179763e-06
2.81800000e+04,7.68668889e-05,5.61951539e-05,1.49842617e-05,5.68747331e-06
2.81900000e+04,7.68327773e-05,5.61665754e-05,1.49794157e-05,5.68678627e-06
2.82000000e+04,7.68059528e-05,5.61449437e-05,1.49765322e-05,5.68447687e-06
2.82100000e+04,7.67811978e-05,5.61205668e-05,1.49771505e-05,5.68348051e-06
2.82200000e+04,7.67553315e-05,5.60969800e-05,1.49759789e-05,5.68237261e-06
2.82300000e+04,7.67298961e-05,5.60742229e-05,1.49747365e-05,5.68093661e-06
2.82400000e+04,7.67039721e-05,5.60515522e-05,1.49731105e-05,5.67930933e-06
2.82500000e+04,7.66784042e-05,5.60292887e-05,1.49712532e-05,5.67786228e-06
2.82600000e+04,7.66691116e-05,5.60230209e-05,1.49695510e-05,5.67653966e-06
2.82700000e+04,7.68640572e-05,5.62143225e-05,1.49709495e-05,5.67878524e-06
2.82800000e+04,7.68650918e-05,5.62138362e-05,1.49721177e-05,5.67913793e-06
2.82900000e+04,7.68611900e-05,5.62184238e-05,1.49634876e-05,5.67927859e-06
2.83000000e+04,7.67851460e-05,5.61385500e-05,1.49709325e-05,5.67566348e-06
2.83100000e+04,7.65586170e-05,5.59363988e-05,1.49556617e-05,5.66655648e-06
2.83200000e+04,7.65196943e-05,5.59109697e-05,1.49455288e-05,5.66319577e-06
2.83300000e+04,7.64897563e-05,5.58899132e-05,1.49390842e-05,5.66075888e-06
2.83400000e+04,7.64563462e-05,5.58637093e-05,1.49345539e-05,5.65808304e-06
2.83500000e+04,7.64316498e-05,5.58454237e-05,1.49302013e-05,5.65602493e-06
2.83600000e+04,7.64059696e-05,5.58260145e-05,1.49260483e-05,5.65390685e-06
2.83700000e+04,7.63802378e-05,5.58066384e-05,1.49216895e-05,5.65190986e-06
2.83800000e+04,7.63545066e-05,5.57868206e-05,1.49178219e-05,5.64986411e-06
2.83900000e+04,7.63290187e-05,5.57673327e-05,1.49137753e-05,5.64791067e-06
2.84000000e+04,7.63031930e-05,5.57473963e-05,1.49098708e-05,5.64592593e-06
2.84100000e+04,7.62805350e-05,5.57253078e-05,1.49099601e-05,5.64526716e-06
2.84200000e+04,7.63603084e-05,5.58008253e-05,1.49116809e-05,5.64780229e-06
2.84300000e+04,7.62985676e-05,5.57445081e-05,1.49084177e-05,5.64564180e-06
2.84400000e+04,7.62358926e-05,5.56888851e-05,1.49051802e-05,5.64182725e-06
2.84500000e+04,7.62638108e-05,5.57172168e-05,1.49049710e-05,5.64162306e-06
2.84600000e+04,7.61644231e-05,5.56258499e-05,1.49007813e-05,5.63779190e-06
2.84700000e+04,7.61822407e-05,5.56475412e-05,1.48982124e-05,5.63648712e-06
2.84800000e+04,7.62607113e-05,5.57253288e-05,1.48988074e-05,5.63657508e-06
2.84900000e+04,7.62404801e-05,5.57108319e-05,1.48942270e-05,5.63542117e-06
2.85000000e+04,7.60869615e-05,5.55646101e-05,1.48910663e-05,5.63128504e-06
2.85100000e+04,7.60529704e-05,5.55346058e-05,1.48899602e-05,5.62840440e-06
2.85200000e+04,7.60591299e-05,5.55455258e-05,1.48881683e-05,5.62543590e-06
2.85300000e+04,7.60330018e-05,5.55232620e-05,1.48854775e-05,5.62426227e-06
2.85400000e+04,7.60073735e-05,5.55021924e-05,1.48832175e-05,5.62196360e-06
2.85500000e+04,7.59897065e-05,5.54863420e-05,1.48824988e-05,5.62086566e-06
2.85600000e+04,7.59465305e-05,5.54484870e-05,1.48792815e-05,5.61876203e-06
2.85700000e+04,7.58967264e-05,5.54051035e-05,1.48751956e-05,5.61642732e-06
2.85800000e+04,7.58765669e-05,5.53897857e-05,1.48724177e-05,5.61436354e-06
2.85900000e+04,7.58485346e-05,5.53653956e-05,1.48705210e-05,5.61261793e-06
2.86000000e+04,7.58195246e-05,5.53413692e-05,1.48674884e-05,5.61066701e-06
2.86100000e+04,7.57963172e-05,5.53180327e-05,1.48682233e-05,5.61006123e-06
2.86200000e+04,7.57724120e-05,5.52955732e-05,1.48679831e-05,5.60885574e-06
2.86300000e+04,7.57482416e-05,5.52737633e-05,1.48670949e-05,5.60738344e-06
2.86400000e+04,7.57234133e-05,5.52515434e-05,1.48659542e-05,5.60591568e-06
2.86500000e+04,7.56985808e-05,5.52297973e-05,1.48644281e-05,5.60435540e-06
2.86600000e+04,7.56749246e-05,5.52085857e-05,1.48636251e-05,5.60271384e-06
2.86700000e+04,7.57342712e-05,5.52624733e-05,1.48691951e-05,5.60260281e-06
2.86800000e+04,7.56530012e-05,5.51941275e-05,1.48557038e-05,5.60316993e-06
2.86900000e+04,7.56382355e-05,5.51789480e-05,1.48605639e-05,5.59872360e-06
2.87000000e+04,7.55851837e-05,5.51305347e-05,1.48577466e-05,5.59690239e-06
2.87100000e+04,7.55490765e-05,5.50976607e-05,1.48555458e-05,5.59586996e-06
2.87200000e+04,7.55271552e-05,5.50775739e-05,1.48546803e-05,5.59490096e-06
2.87300000e+04,7.56729559e-05,5.52197744e-05,1.48554695e-05,5.59771201e-06
2.87400000e+04,7.57857499e-05,5.53292395e-05,1.48587700e-05,5.59774042e-06
2.87500000e+04,7.54774974e-05,5.50333926e-05,1.48539048e-05,5.59020012e-06
2.87600000e+04,7.54422028e-05,5.50020639e-05,1.48509612e-05,5.58917773e-06
2.87700000e+04,7.54119984e-05,5.49745460e-05,1.48501352e-05,5.58731724e-06
2.87800000e+04,7.53796697e-05,5.49456710e-05,1.48477865e-05,5.58621230e-06
2.87900000e+04,7.53513328e-05,5.49200244e-05,1.48467510e-05,5.58455744e-06
2.88000000e+04,7.53243266e-05,5.48961483e-05,1.48448625e-05,5.58331584e-06
2.88100000e+04,7.53006794e-05,5.48718867e-05,1.48461965e-05,5.58259614e-06
2.88200000e+04,7.52764610e-05,5.48484767e-05,1.48464604e-05,5.58152394e-06
2.88300000e+04,7.52521743e-05,5.48255684e-05,1.48462816e-05,5.58032425e-06
2.88400000e+04,7.52287956e-05,5.48038597e-05,1.48457783e-05,5.57915761e-06
2.88500000e+04,7.55006110e-05,5.50655530e-05,1.48515412e-05,5.58351679e-06
2.88600000e+04,7.53780355e-05,5.49480481e-05,1.48483311e-05,5.58165629e-06
2.88700000e+04,7.52089205e-05,5.47894991e-05,1.48427422e-05,5.57667926e-06
2.88800000e+04,7.51495250e-05,5.47320506e-05,1.48427103e-05,5.57476420e-06
2.88900000e+04,7.51124063e-05,5.46990565e-05,1.48403603e-05,5.57298959e-06
2.89000000e+04,7.50800875e-05,5.46683500e-05,1.48400622e-05,5.57167525e-06
2.89100000e+04,7.50576215e-05,5.46451034e-05,1.48415771e-05,5.57094104e-06
2.89200000e+04,7.50345114e-05,5.46227246e-05,1.48417794e-05,5.57000743e-06
2.89300000e+04,7.50684392e-05,5.46570486e-05,1.48420536e-05,5.56933701e-06
2.89400000e+04,7.50005673e-05,5.45909255e-05,1.48416081e-05,5.56803373e-06
2.89500000e+04,7.49819556e-05,5.45740233e-05,1.48411051e-05,5.56682728e-06
2.89600000e+04,7.49563280e-05,5.45495415e-05,1.48407227e-05,5.56606380e-06
2.89700000e+04,7.49620218e-05,5.45558692e-05,1.48404625e-05,5.56568997e-06
2.89800000e+04,7.49149806e-05,5.45128688e-05,1.48388816e-05,5.56323023e-06
2.89900000e+04,7.49905804e-05,5.45865817e-05,1.48400329e-05,5.56396578e-06
2.90000000e+04,7.48587917e-05,5.44600256e-05,1.48374049e-05,5.56136124e-06
2.90100000e+04,7.48269409e-05,5.44299827e-05,1.48369457e-05,5.56001250e-06
2.90200000e+04,7.47974360e-05,5.44028063e-05,1.48362963e-05,5.55833338e-06
2.90300000e+04,7.47741206e-05,5.43809793e-05,1.48358448e-05,5.55729648e-06
2.90400000e+04,7.47507480e-05,5.43597332e-05,1.48351643e-05,5.55585054e-06
2.90500000e+04,7.47260355e-05,5.43370949e-05,1.48341817e-05,5.55475886e-06
2.90600000e+04,7.47027133e-05,5.43160461e-05,1.48331453e-05,5.55352193e-06
2.90700000e+04,7.47038269e-05,5.43178623e-05,1.48330338e-05,5.55293089e-06
2.90800000e+04,7.47437283e-05,5.43612845e-05,1.48285233e-05,5.55392052e-06
2.90900000e+04,7.46468728e-05,5.42652542e-05,1.48315577e-05,5.55006093e-06
2.91000000e+04,7.46306612e-05,5.42557780e-05,1.48252465e-05,5.54963678e-06
2.91100000e+04,7.59842887e-05,5.55535122e-05,1.48599767e-05,5.57079990e-06
2.91200000e+04,7.46961129e-05,5.43242746e-05,1.48250274e-05,5.54681081e-06
2.91300000e+04,7.46072445e-05,5.42482696e-05,1.48141193e-05,5.54485562e-06
2.91400000e+04,7.45413655e-05,5.41901962e-05,1.48092284e-05,5.54194094e-06
2.91500000e+04,7.45153488e-05,5.41685113e-05,1.48071599e-05,5.53967766e-06
2.91600000e+04,7.46516376e-05,5.42997317e-05,1.48096728e-05,5.54223322e-06
2.91700000e+04,7.46835356e-05,5.43346066e-05,1.48075560e-05,5.54137301e-06
2.91800000e+04,7.46918295e-05,5.43474511e-05,1.48049277e-05,5.53945065e-06
2.91900000e+04,7.44903149e-05,5.41561287e-05,1.48001586e-05,5.53402761e-06
2.92000000e+04,7.44228495e-05,5.40905075e-05,1.47994678e-05,5.53287413e-06
2.92100000e+04,7.52744159e-05,5.49223952e-05,1.48057761e-05,5.54624467e-06
2.92200000e+04,7.43688841e-05,5.40552180e-05,1.47886412e-05,5.52502494e-06
2.92300000e+04,7.45303877e-05,5.42118705e-05,1.47898345e-05,5.52868275e-06
2.92400000e+04,7.43759502e-05,5.40694754e-05,1.47833122e-05,5.52316252e-06
2.92500000e+04,7.43127116e-05,5.40136295e-05,1.47797255e-05,5.51935664e-06
2.92600000e+04,7.42788232e-05,5.39861102e-05,1.47760692e-05,5.51664379e-06
2.92700000e+04,7.42411070e-05,5.39536859e-05,1.47731964e-05,5.51422474e-06
2.92800000e+04,7.42166672e-05,5.39338224e-05,1.47706307e-05,5.51221404e-06
2.92900000e+04,7.41941994e-05,5.39160900e-05,1.47677502e-05,5.51035916e-06
2.93000000e+04,7.41724367e-05,5.38992906e-05,1.47646995e-05,5.50844653e-06
2.93100000e+04,7.41519603e-05,5.38792619e-05,1.47651770e-05,5.50752137e-06
2.93200000e+04,7.41294066e-05,5.38595478e-05,1.47638881e-05,5.50597079e-06
2.93300000e+04,7.42179832e-05,5.39480101e-05,1.47638899e-05,5.50608316e-06
2.93400000e+04,7.42321637e-05,5.39643857e-05,1.47619286e-05,5.50584939e-06
2.93500000e+04,7.41517220e-05,5.38887712e-05,1.47593460e-05,5.50360477e-06
2.93600000e+04,7.40504245e-05,5.37928037e-05,1.47581002e-05,5.49952049e-06
2.93700000e+04,7.40253757e-05,5.37708561e-05,1.47565840e-05,5.49793557e-06
2.93800000e+04,7.39972317e-05,5.37472332e-05,1.47535822e-05,5.49641636e-06
2.93900000e+04,7.39721797e-05,5.37256600e-05,1.47520045e-05,5.49451522e-06
2.94000000e+04,7.39929564e-05,5.37493692e-05,1.47505463e-05,5.49304094e-06
2.94100000e+04,7.40858214e-05,5.38439649e-05,1.47506055e-05,5.49125098e-06
2.94200000e+04,7.45394039e-05,5.42786310e-05,1.47551278e-05,5.50564513e-06
2.94300000e+04,7.40983458e-05,5.38631069e-05,1.47486082e-05,5.48663077e-06
2.94400000e+04,7.39825871e-05,5.37530816e-05,1.47474486e-05,5.48205694e-06
2.94500000e+04,7.39608120e-05,5.37340920e-05,1.47452178e-05,5.48150216e-06
2.94600000e+04,7.38498609e-05,5.36312796e-05,1.47416818e-05,5.47689948e-06
2.94700000e+04,7.38212128e-05,5.36049357e-05,1.47412159e-05,5.47506122e-06
2.94800000e+04,7.37878505e-05,5.35764953e-05,1.47383696e-05,5.47298551e-06
2.94900000e+04,7.37633822e-05,5.35560628e-05,1.47367280e-05,5.47059145e-06
2.95000000e+04,7.37406968e-05,5.35373026e-05,1.47348369e-05,5.46855728e-06
2.95100000e+04,7.37189083e-05,5.35165398e-05,1.47349826e-05,5.46738588e-06
2.95200000e+04,7.36968196e-05,5.34965489e-05,1.47344775e-05,5.46579321e-06
2.95300000e+04,7.36744808e-05,5.34767253e-05,1.47335087e-05,5.46424680e-06
2.95400000e+04,7.36524919e-05,5.34576486e-05,1.47323424e-05,5.46250079e-06
2.95500000e+04,7.36403620e-05,5.34477812e-05,1.47314329e-05,5.46114790e-06
2.95600000e+04,7.36650364e-05,5.34740612e-05,1.47304557e-05,5.46051955e-06
2.95700000e+04,7.35888290e-05,5.34022997e-05,1.47290469e-05,5.45748225e-06
2.95800000e+04,7.35714607e-05,5.33886836e-05,1.47270155e-05,5.45576152e-06
2.95900000e+04,7.35445482e-05,5.33650066e-05,1.47255724e-05,5.45396921e-06
2.96000000e+04,7.35178913e-05,5.33414450e-05,1.47242129e-05,5.45223344e-06
2.96100000e+04,7.34963784e-05,5.33195946e-05,1.47252176e-05,5.45156615e-06
2.96200000e+04,7.34781875e-05,5.33018279e-05,1.47259805e-05,5.45037902e-06
2.96300000e+04,7.36900954e-05,5.35059583e-05,1.47305334e-05,5.45360368e-06
2.96400000e+04,7.35654418e-05,5.33911816e-05,1.47257177e-05,5.44854253e-06
2.96500000e+04,7.34390048e-05,5.32686790e-05,1.47244269e-05,5.44589892e-06
2.96600000e+04,7.33967274e-05,5.32284845e-05,1.47238401e-05,5.44440279e-06
2.96700000e+04,7.33659389e-05,5.32001706e-05,1.47226908e-05,5.44307752e-06
2.96800000e+04,7.33415895e-05,5.31785543e-05,1.47215658e-05,5.44146934e-06
2.96900000e+04,7.33187248e-05,5.31580864e-05,1.47205919e-05,5.44004654e-06
2.97000000e+04,7.32986259e-05,5.31403065e-05,1.47196602e-05,5.43865910e-06
2.97100000e+04,7.35376200e-05,5.33605566e-05,1.47309945e-05,5.44606889e-06
2.97200000e+04,7.34914642e-05,5.33170831e-05,1.47283894e-05,5.44599170e-06
2.97300000e+04,7.34094932e-05,5.32443696e-05,1.47269623e-05,5.43816132e-06
2.97400000e+04,7.32467721e-05,5.30910731e-05,1.47198799e-05,5.43581913e-06
2.97500000e+04,7.32076528e-05,5.30533991e-05,1.47211830e-05,5.43307069e-06
2.97600000e+04,7.31771378e-05,5.30246465e-05,1.47212405e-05,5.43125079e-06
2.97700000e+04,7.31527839e-05,5.30030267e-05,1.47198433e-05,5.42991395e-06
2.97800000e+04,7.31434543e-05,5.29943910e-05,1.47202722e-05,5.42879110e-06
2.97900000e+04,7.33748033e-05,5.32121192e-05,1.47296261e-05,5.43305800e-06
2.98000000e+04,7.31449886e-05,5.30009767e-05,1.47158276e-05,5.42818431e-06
2.98100000e+04,7.30648942e-05,5.29236610e-05,1.47164758e-05,5.42475734e-06
2.98200000e+04,7.30524674e-05,5.29125311e-05,1.47165689e-05,5.42336742e-06
2.98300000e+04,7.30966987e-05,5.29585851e-05,1.47146729e-05,5.42344062e-06
2.98400000e+04,7.30377445e-05,5.29023258e-05,1.47144350e-05,5.42098374e-06
2.98500000e+04,7.29782362e-05,5.28472508e-05,1.47119081e-05,5.41907731e-06
2.98600000e+04,7.29615977e-05,5.28330291e-05,1.47107661e-05,5.41780248e-06
2.98700000e+04,7.29330800e-05,5.28070285e-05,1.47097431e-05,5.41630838e-06
2.98800000e+04,7.29094879e-05,5.27859768e-05,1.47086045e-05,5.41490667e-06
2.98900000e+04,7.28877080e-05,5.27668101e-05,1.47073820e-05,5.41351591e-06
2.99000000e+04,7.28655800e-05,5.27473209e-05,1.47061608e-05,5.41209829e-06
2.99100000e+04,7.28454841e-05,5.27257862e-05,1.47079447e-05,5.41175328e-06
2.99200000e+04,7.28242570e-05,5.27046411e-05,1.47086869e-05,5.41092901e-06
2.99300000e+04,7.28029666e-05,5.26841195e-05,1.47089920e-05,5.40985508e-06
2.99400000e+04,7.27815719e-05,5.26637825e-05,1.47090213e-05,5.40876817e-06
2.99500000e+04,7.27600387e-05,5.26435424e-05,1.47088362e-05,5.40766013e-06
2.99600000e+04,7.27386120e-05,5.26236891e-05,1.47084106e-05,5.40651238e-06
2.99700000e+04,7.27165590e-05,5.26032646e-05,1.47080264e-05,5.40526794e-06
2.99800000e+04,7.26946557e-05,5.25829914e-05,1.47075207e-05,5.40414361e-06
2.99900000e+04,7.26730250e-05,5.25631117e-05,1.47069729e-05,5.40294040e-06
3.00000000e+04,7.26521424e-05,5.25441907e-05,1.47063470e-05,5.40160472e-06
3.00100000e+04,7.26317949e-05,5.25226467e-05,1.47079164e-05,5.40123184e-06
3.00200000e+04,7.26120452e-05,5.25023274e-05,1.47092441e-05,5.40047382e-06
3.00300000e+04,7.25908973e-05,5.24816051e-05,1.47098170e-05,5.39947522e-06
3.00400000e+04,7.25721016e-05,5.24633753e-05,1.47101228e-05,5.39860348e-06
3.00500000e+04,7.26226790e-05,5.25122845e-05,1.47116719e-05,5.39872266e-06
3.00600000e+04,7.27425423e-05,5.26295452e-05,1.47119128e-05,5.40108433e-06
3.00700000e+04,7.25150702e-05,5.24097984e-05,1.47100623e-05,5.39520949e-06
3.00800000e+04,7.25377101e-05,5.24329259e-05,1.47105340e-05,5.39425018e-06
3.00900000e+04,7.25545286e-05,5.24500999e-05,1.47101649e-05,5.39426373e-06
3.01000000e+04,7.24739634e-05,5.23720441e-05,1.47094811e-05,5.39243824e-06
3.01100000e+04,7.24370908e-05,5.23372965e-05,1.47089546e-05,5.39083966e-06
3.01200000e+04,7.25339551e-05,5.24301137e-05,1.47108596e-05,5.39298187e-06
3.01300000e+04,7.24770711e-05,5.23733865e-05,1.47121976e-05,5.39148701e-06
3.01400000e+04,7.24027028e-05,5.23006579e-05,1.47138112e-05,5.38823367e-06
3.01500000e+04,7.23529879e-05,5.22546050e-05,1.47119890e-05,5.38639391e-06
3.01600000e+04,7.23254621e-05,5.22295732e-05,1.47105715e-05,5.38531745e-06
3.01700000e+04,7.23049561e-05,5.22107940e-05,1.47100176e-05,5.38414454e-06
3.01800000e+04,7.22805242e-05,5.21883899e-05,1.47090272e-05,5.38310710e-06
3.01900000e+04,7.22572590e-05,5.21665292e-05,1.47087280e-05,5.38200179e-06
3.02000000e+04,7.22364963e-05,5.21470686e-05,1.47084922e-05,5.38093554e-06
3.02100000e+04,7.22185415e-05,5.21271036e-05,1.47108372e-05,5.38060067e-06
3.02200000e+04,7.21985788e-05,5.21063499e-05,1.47123032e-05,5.37992565e-06
3.02300000e+04,7.21788393e-05,5.20864557e-05,1.47133860e-05,5.37899759e-06
3.02400000e+04,7.21592317e-05,5.20669390e-05,1.47140903e-05,5.37820235e-06
3.02500000e+04,7.21410983e-05,5.20488418e-05,1.47149815e-05,5.37727497e-06
3.02600000e+04,7.21758657e-05,5.20806945e-05,1.47179586e-05,5.37721265e-06
3.02700000e+04,7.21565747e-05,5.20652082e-05,1.47145454e-05,5.37682113e-06
3.02800000e+04,7.21072523e-05,5.20153711e-05,1.47171922e-05,5.37468912e-06
3.02900000e+04,7.20773992e-05,5.19888056e-05,1.47146208e-05,5.37397286e-06
3.03000000e+04,7.20687353e-05,5.19794499e-05,1.47165320e-05,5.37275339e-06
3.03100000e+04,7.20125749e-05,5.19237289e-05,1.47164161e-05,5.37242987e-06
3.03200000e+04,7.19954948e-05,5.19066603e-05,1.47171726e-05,5.37166190e-06
3.03300000e+04,7.19951332e-05,5.19075588e-05,1.47164072e-05,5.37116725e-06
3.03400000e+04,7.20671782e-05,5.19781207e-05,1.47165187e-05,5.37253871e-06
3.03500000e+04,7.19919342e-05,5.19051200e-05,1.47160745e-05,5.37073971e-06
3.03600000e+04,7.19406314e-05,5.18551135e-05,1.47167915e-05,5.36872647e-06
3.03700000e+04,7.18980767e-05,5.18139714e-05,1.47169085e-05,5.36719678e-06
3.03800000e+04,7.18721415e-05,5.17889664e-05,1.47171587e-05,5.36601631e-06
3.03900000e+04,7.18501453e-05,5.17678995e-05,1.47172164e-05,5.36502940e-06
3.04000000e+04,7.18297533e-05,5.17483906e-05,1.47171697e-05,5.36419297e-06
3.04100000e+04,7.18115277e-05,5.17280236e-05,1.47195678e-05,5.36393628e-06
3.04200000e+04,7.18083940e-05,5.17233483e-05,1.47209056e-05,5.36414013e-06
3.04300000e+04,7.17729820e-05,5.16885893e-05,1.47219569e-05,5.36243580e-06
3.04400000e+04,7.17722606e-05,5.16867603e-05,1.47228489e-05,5.36265140e-06
3.04500000e+04,7.20002216e-05,5.19063679e-05,1.47282451e-05,5.36560858e-06
3.04600000e+04,7.18046245e-05,5.17182923e-05,1.47248363e-05,5.36149586e-06
3.04700000e+04,7.17824888e-05,5.16925591e-05,1.47277660e-05,5.36216363e-06
3.04800000e+04,7.17001779e-05,5.16189590e-05,1.47222266e-05,5.35899225e-06
3.04900000e+04,7.16576169e-05,5.15758808e-05,1.47241078e-05,5.35762832e-06
3.05000000e+04,7.16357599e-05,5.15537400e-05,1.47247919e-05,5.35722795e-06
3.05100000e+04,7.19287696e-05,5.18329531e-05,1.47346007e-05,5.36121589e-06
3.05200000e+04,7.16812710e-05,5.15952029e-05,1.47298159e-05,5.35625217e-06
3.05300000e+04,7.15866655e-05,5.15055146e-05,1.47270910e-05,5.35405994e-06
3.05400000e+04,7.15667954e-05,5.14879904e-05,1.47254225e-05,5.35338240e-06
3.05500000e+04,7.15424178e-05,5.14638930e-05,1.47261669e-05,5.35235785e-06
3.05600000e+04,7.15223613e-05,5.14437917e-05,1.47272382e-05,5.35133146e-06
3.05700000e+04,7.15019653e-05,5.14243907e-05,1.47271417e-05,5.35043291e-06
3.05800000e+04,7.14813943e-05,5.14051076e-05,1.47268366e-05,5.34945009e-06
3.05900000e+04,7.14617122e-05,5.13863242e-05,1.47268437e-05,5.34854434e-06
3.06000000e+04,7.14473403e-05,5.13730498e-05,1.47267073e-05,5.34758322e-06
3.06100000e+04,7.14786644e-05,5.14071928e-05,1.47244794e-05,5.34699216e-06
3.06200000e+04,7.14192208e-05,5.13499057e-05,1.47235603e-05,5.34575483e-06
3.06300000e+04,7.15530892e-05,5.14820669e-05,1.47239929e-05,5.34702931e-06
3.06400000e+04,7.14310181e-05,5.13645593e-05,1.47211127e-05,5.34534605e-06
3.06500000e+04,7.13604130e-05,5.12955819e-05,1.47221787e-05,5.34265232e-06
3.06600000e+04,7.13277790e-05,5.12657266e-05,1.47203702e-05,5.34168227e-06
3.06700000e+04,7.13053562e-05,5.12443516e-05,1.47205194e-05,5.34048520e-06
3.06800000e+04,7.12997325e-05,5.12393311e-05,1.47205284e-05,5.33987300e-06
3.06900000e+04,7.12737198e-05,5.12163276e-05,1.47187722e-05,5.33862006e-06
3.07000000e+04,7.12463639e-05,5.11897834e-05,1.47189776e-05,5.33760296e-06
3.07100000e+04,7.12325319e-05,5.11766507e-05,1.47193585e-05,5.33652267e-06
3.07200000e+04,7.12287259e-05,5.11724008e-05,1.47198550e-05,5.33647008e-06
3.07300000e+04,7.13595541e-05,5.12989391e-05,1.47217447e-05,5.33887042e-06
3.07400000e+04,7.13032890e-05,5.12438213e-05,1.47227249e-05,5.33674278e-06
3.07500000e+04,7.12672646e-05,5.12119257e-05,1.47215430e-05,5.33379586e-06
3.07600000e+04,7.12418378e-05,5.11864250e-05,1.47204658e-05,5.33494695e-06
3.07700000e+04,7.11273578e-05,5.10772650e-05,1.47182995e-05,5.33179330e-06
3.07800000e+04,7.11058319e-05,5.10575675e-05,1.47181567e-05,5.33010764e-06
3.07900000e+04,7.10838325e-05,5.10369057e-05,1.47178131e-05,5.32911369e-06
3.08000000e+04,7.10659903e-05,5.10195837e-05,1.47179640e-05,5.32844259e-06
3.08100000e+04,7.10514924e-05,5.10039463e-05,1.47193971e-05,5.32814901e-06
3.08200000e+04,7.11093454e-05,5.10572565e-05,1.47229343e-05,5.32915468e-06
3.08300000e+04,7.10548993e-05,5.10059866e-05,1.47217924e-05,5.32712033e-06
3.08400000e+04,7.10084521e-05,5.09622078e-05,1.47206877e-05,5.32555665e-06
3.08500000e+04,7.09808326e-05,5.09364104e-05,1.47198599e-05,5.32456228e-06
3.08600000e+04,7.09641239e-05,5.09211623e-05,1.47190572e-05,5.32390440e-06
3.08700000e+04,7.09684154e-05,5.09261750e-05,1.47185191e-05,5.32372124e-06
3.08800000e+04,7.09254429e-05,5.08851876e-05,1.47187731e-05,5.32148213e-06
3.08900000e+04,7.09353827e-05,5.08957073e-05,1.47183775e-05,5.32129799e-06
3.09000000e+04,7.09118784e-05,5.08724637e-05,1.47187484e-05,5.32066630e-06
3.09100000e+04,7.14361631e-05,5.13782085e-05,1.47273941e-05,5.33056045e-06
3.09200000e+04,7.09716009e-05,5.09284308e-05,1.47218928e-05,5.32127734e-06
3.09300000e+04,7.10821195e-05,5.10349728e-05,1.47239545e-05,5.32319223e-06
3.09400000e+04,7.09107738e-05,5.08712733e-05,1.47193066e-05,5.32019390e-06
3.09500000e+04,7.08415610e-05,5.08029205e-05,1.47196118e-05,5.31902876e-06
3.09600000e+04,7.07771054e-05,5.07405947e-05,1.47201148e-05,5.31639578e-06
3.09700000e+04,7.07590013e-05,5.07230539e-05,1.47207845e-05,5.31516281e-06
3.09800000e+04,7.07388810e-05,5.07038922e-05,1.47206379e-05,5.31435087e-06
3.09900000e+04,7.07190422e-05,5.06851263e-05,1.47204439e-05,5.31347200e-06
3.10000000e+04,7.07003146e-05,5.06672976e-05,1.47201752e-05,5.31284181e-06
3.10100000e+04,7.06846117e-05,5.06499471e-05,1.47221755e-05,5.31248910e-06
3.10200000e+04,7.06684152e-05,5.06333344e-05,1.47231978e-05,5.31188296e-06
3.10300000e+04,7.06512327e-05,5.06162087e-05,1.47238336e-05,5.31119041e-06
3.10400000e+04,7.06339177e-05,5.05991701e-05,1.47241993e-05,5.31054827e-06
3.10500000e+04,7.06163076e-05,5.05819401e-05,1.47245199e-05,5.30984755e-06
3.10600000e+04,7.05987493e-05,5.05647373e-05,1.47248935e-05,5.30911853e-06
3.10700000e+04,7.05820564e-05,5.05487726e-05,1.47249913e-05,5.30829250e-06
3.10800000e+04,7.05824253e-05,5.05493674e-05,1.47252854e-05,5.30777245e-06
3.10900000e+04,7.05477450e-05,5.05151003e-05,1.47256692e-05,5.30697543e-06
3.11000000e+04,7.05835948e-05,5.05497475e-05,1.47267991e-05,5.30704822e-06
3.11100000e+04,7.05493029e-05,5.05204852e-05,1.47214951e-05,5.30732265e-06
3.11200000e+04,7.04838909e-05,5.04589916e-05,1.47191663e-05,5.30573310e-06
3.11300000e+04,7.04537017e-05,5.04308089e-05,1.47179320e-05,5.30496092e-06
3.11400000e+04,7.04291717e-05,5.04081440e-05,1.47166103e-05,5.30441746e-06
3.11500000e+04,7.04067840e-05,5.03873432e-05,1.47156641e-05,5.30377668e-06
3.11600000e+04,7.04167313e-05,5.03968808e-05,1.47154086e-05,5.30444192e-06
3.11700000e+04,7.03754983e-05,5.03588635e-05,1.47144309e-05,5.30220398e-06
3.11800000e+04,7.03496399e-05,5.03341521e-05,1.47133214e-05,5.30216631e-06
3.11900000e+04,7.03214822e-05,5.03085363e-05,1.47120545e-05,5.30089142e-06
3.12000000e+04,7.03006501e-05,5.02887726e-05,1.47117392e-05,5.30013824e-06
3.12100000e+04,7.02824326e-05,5.02694248e-05,1.47131549e-05,5.29985292e-06
3.12200000e+04,7.02643241e-05,5.02508559e-05,1.47139788e-05,5.29948946e-06
3.12300000e+04,7.02463400e-05,5.02328454e-05,1.47144931e-05,5.29900153e-06
3.12400000e+04,7.04431906e-05,5.04230124e-05,1.47174446e-05,5.30273362e-06
3.12500000e+04,7.02869774e-05,5.02715180e-05,1.47153317e-05,5.30012773e-06
3.12600000e+04,7.02022342e-05,5.01892582e-05,1.47150622e-05,5.29791381e-06
3.12700000e+04,7.02701360e-05,5.02540766e-05,1.47171389e-05,5.29892049e-06
3.12800000e+04,7.01766501e-05,5.01653135e-05,1.47147084e-05,5.29662829e-06
3.12900000e+04,7.01451523e-05,5.01350235e-05,1.47142566e-05,5.29587216e-06
3.13000000e+04,7.01174293e-05,5.01083778e-05,1.47142174e-05,5.29483407e-06
3.13100000e+04,7.01040211e-05,5.00952403e-05,1.47144126e-05,5.29436820e-06
3.13200000e+04,7.00975722e-05,5.00896493e-05,1.47138261e-05,5.29409682e-06
3.13300000e+04,7.00845295e-05,5.00770122e-05,1.47142573e-05,5.29325994e-06
3.13400000e+04,7.00537527e-05,5.00472107e-05,1.47144654e-05,5.29207660e-06
3.13500000e+04,7.00413711e-05,5.00350201e-05,1.47146159e-05,5.29173508e-06
3.13600000e+04,7.00897517e-05,5.00867433e-05,1.47104216e-05,5.29258681e-06
3.13700000e+04,7.00357365e-05,5.00284732e-05,1.47170222e-05,5.29024111e-06
3.13800000e+04,6.99975555e-05,4.99922667e-05,1.47157238e-05,5.28956498e-06
3.13900000e+04,7.00608733e-05,5.00520322e-05,1.47177240e-05,5.29111710e-06
3.14000000e+04,6.99948053e-05,4.99923982e-05,1.47131311e-05,5.28927604e-06
3.14100000e+04,7.03332082e-05,5.03071190e-05,1.47218066e-05,5.30428266e-06
3.14200000e+04,7.00478404e-05,5.00435318e-05,1.47099761e-05,5.29433249e-06
3.14300000e+04,6.99703530e-05,4.99805137e-05,1.47039527e-05,5.28588663e-06
3.14400000e+04,6.99958072e-05,5.00121578e-05,1.47008901e-05,5.28275927e-06
3.14500000e+04,6.98723975e-05,4.98986589e-05,1.46914955e-05,5.28224320e-06
3.14600000e+04,6.98525457e-05,4.98822062e-05,1.46889147e-05,5.28142468e-06
3.14700000e+04,6.98319988e-05,4.98641542e-05,1.46881208e-05,5.27972385e-06
3.14800000e+04,6.98391898e-05,4.98722801e-05,1.46865221e-05,5.28038767e-06
3.14900000e+04,6.98138100e-05,4.98489072e-05,1.46855121e-05,5.27939068e-06
3.15000000e+04,6.97818703e-05,4.98207650e-05,1.46831531e-05,5.27795218e-06
3.15100000e+04,6.97705545e-05,4.98081637e-05,1.46838855e-05,5.27850524e-06
3.15200000e+04,6.99101357e-05,4.99397597e-05,1.46848709e-05,5.28550509e-06
3.15300000e+04,6.97616336e-05,4.98021607e-05,1.46809163e-05,5.27855666e-06
3.15400000e+04,6.97308471e-05,4.97782378e-05,1.46759353e-05,5.27667400e-06
3.15500000e+04,6.96970715e-05,4.97463620e-05,1.46758118e-05,5.27489777e-06
3.15600000e+04,6.96845785e-05,4.97351417e-05,1.46754356e-05,5.27400122e-06
3.15700000e+04,6.96639486e-05,4.97176564e-05,1.46727186e-05,5.27357356e-06
3.15800000e+04,6.96478605e-05,4.97035009e-05,1.46716993e-05,5.27266027e-06
3.15900000e+04,6.96306045e-05,4.96885526e-05,1.46701430e-05,5.27190890e-06
3.16000000e+04,6.96137424e-05,4.96738311e-05,1.46685909e-05,5.27132044e-06
3.16100000e+04,6.95997046e-05,4.96584764e-05,1.46700996e-05,5.27112857e-06
3.16200000e+04,6.95836639e-05,4.96430901e-05,1.46697929e-05,5.27078096e-06
3.16300000e+04,6.95869689e-05,4.96457339e-05,1.46702747e-05,5.27096036e-06
3.16400000e+04,6.95928452e-05,4.96539576e-05,1.46694866e-05,5.26940097e-06
3.16500000e+04,6.95759843e-05,4.96377470e-05,1.46694108e-05,5.26882645e-06
3.16600000e+04,6.95229727e-05,4.95859844e-05,1.46685192e-05,5.26846910e-06
3.16700000e+04,6.95990910e-05,4.96592257e-05,1.46690310e-05,5.27083425e-06
3.16800000e+04,6.94881258e-05,4.95536312e-05,1.46668870e-05,5.26760768e-06
3.16900000e+04,6.94722071e-05,4.95393529e-05,1.46661990e-05,5.26665518e-06
3.17000000e+04,6.94544060e-05,4.95229550e-05,1.46653984e-05,5.26605268e-06
3.17100000e+04,6.94394194e-05,4.95071017e-05,1.46664243e-05,5.26589338e-06
3.17200000e+04,6.94239357e-05,4.94917069e-05,1.46667519e-05,5.26547683e-06
3.17300000e+04,6.94082877e-05,4.94762736e-05,1.46670677e-05,5.26494646e-06
3.17400000e+04,6.93932871e-05,4.94618642e-05,1.46668332e-05,5.26458963e-06
3.17500000e+04,6.94414583e-05,4.95106633e-05,1.46642104e-05,5.26658449e-06
3.17600000e+04,6.94075377e-05,4.94726207e-05,1.46708472e-05,5.26406982e-06
3.17700000e+04,6.93539174e-05,4.94224946e-05,1.46681932e-05,5.26322962e-06
3.17800000e+04,6.93621732e-05,4.94327401e-05,1.46663038e-05,5.26312928e-06
3.17900000e+04,6.94295442e-05,4.95010828e-05,1.46641344e-05,5.26432705e-06
3.18000000e+04,6.93196371e-05,4.93919529e-05,1.46662820e-05,5.26140217e-06
3.18100000e+04,7.00119333e-05,5.00663323e-05,1.46734238e-05,5.27217724e-06
3.18200000e+04,6.95721321e-05,4.96386635e-05,1.46693868e-05,5.26408181e-06
3.18300000e+04,6.93421107e-05,4.94131761e-05,1.46682988e-05,5.26063582e-06
3.18400000e+04,6.93055182e-05,4.93796521e-05,1.46643779e-05,5.26148813e-06
3.18500000e+04,6.92534402e-05,4.93295228e-05,1.46644847e-05,5.25943263e-06
3.18600000e+04,6.92214236e-05,4.92997113e-05,1.46632420e-05,5.25847024e-06
3.18700000e+04,6.92044546e-05,4.92838185e-05,1.46630376e-05,5.25759847e-06
3.18800000e+04,6.91864579e-05,4.92670709e-05,1.46622352e-05,5.25715170e-06
3.18900000e+04,6.91716238e-05,4.92532432e-05,1.46617184e-05,5.25666218e-06
3.19000000e+04,6.91562500e-05,4.92391032e-05,1.46611380e-05,5.25600886e-06
3.19100000e+04,6.91439219e-05,4.92245469e-05,1.46631037e-05,5.25627126e-06
3.19200000e+04,6.91303256e-05,4.92097813e-05,1.46644990e-05,5.25604534e-06
3.19300000e+04,6.91163147e-05,4.91954513e-05,1.46651939e-05,5.25566954e-06
3.19400000e+04,6.91017743e-05,4.91809143e-05,1.46655539e-05,5.25530612e-06
3.19500000e+04,6.90873623e-05,4.91665694e-05,1.46659022e-05,5.25489060e-06
3.19600000e+04,6.90723916e-05,4.91520198e-05,1.46659110e-05,5.25446082e-06
3.19700000e+04,6.90774453e-05,4.91573524e-05,1.46658023e-05,5.25429061e-06
3.19800000e+04,6.91456187e-05,4.92218158e-05,1.46686860e-05,5.25511697e-06
3.19900000e+04,6.90524548e-05,4.91332310e-05,1.46662618e-05,5.25296201e-06
3.20000000e+04,6.90130953e-05,4.90940717e-05,1.46662328e-05,5.25279082e-06
3.20100000e+04,6.90403359e-05,4.91167098e-05,1.46698191e-05,5.25380702e-06
3.20200000e+04,6.89912750e-05,4.90702908e-05,1.46687045e-05,5.25227968e-06
3.20300000e+04,6.89716580e-05,4.90518630e-05,1.46684071e-05,5.25138788e-06
3.20400000e+04,6.89572797e-05,4.90373950e-05,1.46689117e-05,5.25097296e-06
3.20500000e+04,6.89413448e-05,4.90217938e-05,1.46690196e-05,5.25053142e-06
3.20600000e+04,6.89262140e-05,4.90068138e-05,1.46693152e-05,5.25008502e-06
3.20700000e+04,6.89110682e-05,4.89921888e-05,1.46692736e-05,5.24960581e-06
3.20800000e+04,6.88958188e-05,4.89774416e-05,1.46692243e-05,5.24915283e-06
3.20900000e+04,6.88804225e-05,4.89625946e-05,1.46692050e-05,5.24862292e-06
3.21000000e+04,6.88755540e-05,4.89572877e-05,1.46700417e-05,5.24822465e-06
3.21100000e+04,6.88556291e-05,4.89391117e-05,1.46680555e-05,5.24846189e-06
3.21200000e+04,6.88380058e-05,4.89222213e-05,1.46679164e-05,5.24786819e-06
3.21300000e+04,6.88234976e-05,4.89084292e-05,1.46678369e-05,5.24723145e-06
3.21400000e+04,6.88086186e-05,4.88946525e-05,1.46670454e-05,5.24692078e-06
3.21500000e+04,6.87937444e-05,4.88800924e-05,1.46672019e-05,5.24645018e-06
3.21600000e+04,6.87783242e-05,4.88656354e-05,1.46667355e-05,5.24595324e-06
3.21700000e+04,6.87631180e-05,4.88511975e-05,1.46664652e-05,5.24545538e-06
3.21800000e+04,6.87517040e-05,4.88406019e-05,1.46658985e-05,5.24520371e-06
3.21900000e+04,6.87885675e-05,4.88764675e-05,1.46660436e-05,5.24605639e-06
3.22000000e+04,6.87339155e-05,4.88239593e-05,1.46653646e-05,5.24459169e-06
3.22100000e+04,6.88526518e-05,4.89285833e-05,1.46723012e-05,5.25176722e-06
3.22200000e+04,6.87447507e-05,4.88310725e-05,1.46676135e-05,5.24606473e-06
3.22300000e+04,6.87129891e-05,4.88028298e-05,1.46664374e-05,5.24372192e-06
3.22400000e+04,6.87300997e-05,4.88204158e-05,1.46648612e-05,5.24482261e-06
3.22500000e+04,6.86728994e-05,4.87648789e-05,1.46648871e-05,5.24313345e-06
3.22600000e+04,6.86499107e-05,4.87413814e-05,1.46662662e-05,5.24226311e-06
3.22700000e+04,6.87332839e-05,4.88203582e-05,1.46679304e-05,5.24499532e-06
3.22800000e+04,6.86404657e-05,4.87274666e-05,1.46712382e-05,5.24176096e-06
3.22900000e+04,6.86181135e-05,4.87116155e-05,1.46651084e-05,5.24138962e-06
3.23000000e+04,6.85969694e-05,4.86935597e-05,1.46620973e-05,5.24131238e-06
3.23100000e+04,6.85838577e-05,4.86794494e-05,1.46633566e-05,5.24105164e-06
3.23200000e+04,6.85734432e-05,4.86687407e-05,1.46642133e-05,5.24048923e-06
3.23300000e+04,6.85582493e-05,4.86551123e-05,1.46627537e-05,5.24038328e-06
3.23400000e+04,6.85446169e-05,4.86424343e-05,1.46620843e-05,5.24009831e-06
3.23500000e+04,6.85310439e-05,4.86292461e-05,1.46621102e-05,5.23968759e-06
3.23600000e+04,6.85175333e-05,4.86165977e-05,1.46616104e-05,5.23932522e-06
3.23700000e+04,6.85036953e-05,4.86035877e-05,1.46611312e-05,5.23897636e-06
3.23800000e+04,6.84899594e-05,4.85905483e-05,1.46607937e-05,5.23861735e-06
3.23900000e+04,6.84757270e-05,4.85771072e-05,1.46604712e-05,5.23814863e-06
3.24000000e+04,6.84618113e-05,4.85640696e-05,1.46599386e-05,5.23780313e-06
3.24100000e+04,6.84500013e-05,4.85496018e-05,1.46622051e-05,5.23819432e-06
3.24200000e+04,6.84388418e-05,4.85372705e-05,1.46635747e-05,5.23799660e-06
3.24300000e+04,6.85842372e-05,4.86800760e-05,1.46662616e-05,5.23789958e-06
3.24400000e+04,6.84353153e-05,4.85331774e-05,1.46649040e-05,5.23723389e-06
3.24500000e+04,6.84151607e-05,4.85127701e-05,1.46655292e-05,5.23686136e-06
3.24600000e+04,6.83889954e-05,4.84861073e-05,1.46660284e-05,5.23685975e-06
3.24700000e+04,6.83706991e-05,4.84674421e-05,1.46663596e-05,5.23689737e-06
3.24800000e+04,6.83574357e-05,4.84542031e-05,1.46665980e-05,5.23663450e-06
3.24900000e+04,6.83426338e-05,4.84398233e-05,1.46666088e-05,5.23620170e-06
3.25000000e+04,6.83336877e-05,4.84310498e-05,1.46670206e-05,5.23561727e-06
3.25100000e+04,6.85573657e-05,4.86433583e-05,1.46719562e-05,5.24205126e-06
3.25200000e+04,6.84289877e-05,4.85241183e-05,1.46674847e-05,5.23738467e-06
3.25300000e+04,6.83690215e-05,4.84611835e-05,1.46677445e-05,5.24009343e-06
3.25400000e+04,6.83691270e-05,4.84620695e-05,1.46727715e-05,5.23428603e-06
3.25500000e+04,6.82862934e-05,4.83807826e-05,1.46695264e-05,5.23598438e-06
3.25600000e+04,6.82676634e-05,4.83633672e-05,1.46690044e-05,5.23529176e-06
3.25700000e+04,6.82501721e-05,4.83474823e-05,1.46688859e-05,5.23380390e-06
3.25800000e+04,6.82370340e-05,4.83333970e-05,1.46693258e-05,5.23431114e-06
3.25900000e+04,6.82447186e-05,4.83411045e-05,1.46695860e-05,5.23402818e-06
3.26000000e+04,6.82158894e-05,4.83125063e-05,1.46698693e-05,5.23351389e-06
3.26100000e+04,6.81977923e-05,4.82957260e-05,1.46690795e-05,5.23298680e-06
3.26200000e+04,6.81894602e-05,4.82889959e-05,1.46682964e-05,5.23216786e-06
3.26300000e+04,6.81807104e-05,4.82800124e-05,1.46688293e-05,5.23186879e-06
3.26400000e+04,6.81773699e-05,4.82773154e-05,1.46684622e-05,5.23159234e-06
3.26500000e+04,6.81782008e-05,4.82779828e-05,1.46690181e-05,5.23119992e-06
3.26600000e+04,6.81431388e-05,4.82440983e-05,1.46686285e-05,5.23041204e-06
3.26700000e+04,6.81244080e-05,4.82261330e-05,1.46683001e-05,5.22997485e-06
3.26800000e+04,6.81079406e-05,4.82104072e-05,1.46680072e-05,5.22952618e-06
3.26900000e+04,6.80936482e-05,4.81967389e-05,1.46677066e-05,5.22920276e-06
3.27000000e+04,6.80797437e-05,4.81834642e-05,1.46675488e-05,5.22873081e-06
3.27100000e+04,6.80690647e-05,4.81701880e-05,1.46697676e-05,5.22910910e-06
3.27200000e+04,6.80574407e-05,4.81570828e-05,1.46713029e-05,5.22905501e-06
3.27300000e+04,6.80486114e-05,4.81472939e-05,1.46725337e-05,5.22878380e-06
3.27400000e+04,6.80345496e-05,4.81326882e-05,1.46731461e-05,5.22871531e-06
3.27500000e+04,6.80226709e-05,4.81204340e-05,1.46738244e-05,5.22841242e-06
3.27600000e+04,6.80123332e-05,4.81103150e-05,1.46738574e-05,5.22816080e-06
3.27700000e+04,6.80072588e-05,4.81051478e-05,1.46738815e-05,5.22822951e-06
3.27800000e+04,6.79845052e-05,4.80815945e-05,1.46754826e-05,5.22742810e-06
3.27900000e+04,6.79711262e-05,4.80680817e-05,1.46757236e-05,5.22732083e-06
3.28000000e+04,6.79564347e-05,4.80537838e-05,1.46758003e-05,5.22685062e-06
3.28100000e+04,6.79460488e-05,4.80404260e-05,1.46783931e-05,5.22722976e-06
3.28200000e+04,6.79348113e-05,4.80271210e-05,1.46804984e-05,5.22719191e-06
3.28300000e+04,6.79234341e-05,4.80144166e-05,1.46819104e-05,5.22710714e-06
3.28400000e+04,6.79112281e-05,4.80013759e-05,1.46829920e-05,5.22686026e-06
3.28500000e+04,6.78988450e-05,4.79881930e-05,1.46839905e-05,5.22666158e-06
3.28600000e+04,6.78865953e-05,4.79751855e-05,1.46849545e-05,5.22645527e-06
3.28700000e+04,6.78740860e-05,4.79622903e-05,1.46855639e-05,5.22623187e-06
3.28800000e+04,6.78610695e-05,4.79487890e-05,1.46863123e-05,5.22596825e-06
3.28900000e+04,6.78833018e-05,4.79688976e-05,1.46879556e-05,5.22644860e-06
3.29000000e+04,6.78464571e-05,4.79329673e-05,1.46876666e-05,5.22582316e-06
3.29100000e+04,6.78273004e-05,4.79111128e-05,1.46900747e-05,5.22611284e-06
3.29200000e+04,6.78658949e-05,4.79476203e-05,1.46906237e-05,5.22765088e-06
3.29300000e+04,6.78344791e-05,4.79122961e-05,1.46955483e-05,5.22663476e-06
3.29400000e+04,6.77960458e-05,4.78755995e-05,1.46944017e-05,5.22604460e-06
3.29500000e+04,6.77916822e-05,4.78698558e-05,1.46957198e-05,5.22610655e-06
3.29600000e+04,6.78219854e-05,4.78992131e-05,1.46962431e-05,5.22652920e-06
3.29700000e+04,6.77752734e-05,4.78533077e-05,1.46965226e-05,5.22544315e-06
3.29800000e+04,6.77436099e-05,4.78202248e-05,1.46976598e-05,5.22572526e-06
3.29900000e+04,6.77329700e-05,4.78094209e-05,1.46984945e-05,5.22505464e-06
3.30000000e+04,6.77161885e-05,4.77920835e-05,1.46990546e-05,5.22505038e-06
3.30100000e+04,6.77059404e-05,4.77800214e-05,1.47010311e-05,5.22488789e-06
3.30200000e+04,6.76941623e-05,4.77665020e-05,1.47027103e-05,5.22495000e-06
3.30300000e+04,6.76821881e-05,4.77533463e-05,1.47041246e-05,5.22471727e-06
3.30400000e+04,6.77281436e-05,4.77947852e-05,1.47081729e-05,5.22518546e-06
3.30500000e+04,6.76601512e-05,4.77298300e-05,1.47057913e-05,5.22452987e-06
3.30600000e+04,6.76466430e-05,4.77152050e-05,1.47072250e-05,5.22421302e-06
3.30700000e+04,6.76374219e-05,4.77053206e-05,1.47079401e-05,5.22416122e-06
3.30800000e+04,6.76255453e-05,4.76930987e-05,1.47084616e-05,5.22398493e-06
3.30900000e+04,6.76137225e-05,4.76806768e-05,1.47091166e-05,5.22392907e-06
3.31000000e+04,6.75967902e-05,4.76630472e-05,1.47101032e-05,5.22363981e-06
3.31100000e+04,6.75888819e-05,4.76526880e-05,1.47123094e-05,5.22388453e-06
3.31200000e+04,6.76127000e-05,4.76743059e-05,1.47139459e-05,5.22444822e-06
3.31300000e+04,6.76025651e-05,4.76611505e-05,1.47175746e-05,5.22384010e-06
3.31400000e+04,6.75569938e-05,4.76181785e-05,1.47154355e-05,5.22337980e-06
3.31500000e+04,6.75527441e-05,4.76146741e-05,1.47145304e-05,5.22353957e-06
3.31600000e+04,6.75347823e-05,4.75943630e-05,1.47172740e-05,5.22314533e-06
3.31700000e+04,6.75209276e-05,4.75800076e-05,1.47175651e-05,5.22335492e-06
3.31800000e+04,6.75047874e-05,4.75635936e-05,1.47180095e-05,5.22318433e-06
3.31900000e+04,6.74914351e-05,4.75498974e-05,1.47186954e-05,5.22284224e-06
3.32000000e+04,6.74785783e-05,4.75364910e-05,1.47193082e-05,5.22277900e-06
3.32100000e+04,6.74678761e-05,4.75231509e-05,1.47216679e-05,5.22305727e-06
3.32200000e+04,6.74568066e-05,4.75099012e-05,1.47237975e-05,5.22310789e-06
3.32300000e+04,6.74461919e-05,4.74974009e-05,1.47257470e-05,5.22304400e-06
3.32400000e+04,6.75106100e-05,4.75559698e-05,1.47306361e-05,5.22400416e-06
3.32500000e+04,6.74253642e-05,4.74745669e-05,1.47279522e-05,5.22284509e-06
3.32600000e+04,6.74130443e-05,4.74615910e-05,1.47286110e-05,5.22284226e-06
3.32700000e+04,6.73986513e-05,4.74460127e-05,1.47299616e-05,5.22267704e-06
3.32800000e+04,6.73859129e-05,4.74321536e-05,1.47312961e-05,5.22246322e-06
3.32900000e+04,6.73737930e-05,4.74191408e-05,1.47323057e-05,5.22234650e-06
3.33000000e+04,6.73615189e-05,4.74061553e-05,1.47332056e-05,5.22215799e-06
3.33100000e+04,6.73517371e-05,4.73928581e-05,1.47362215e-05,5.22265763e-06
3.33200000e+04,6.73407552e-05,4.73794192e-05,1.47385544e-05,5.22278151e-06
3.33300000e+04,6.73299589e-05,4.73666895e-05,1.47405532e-05,5.22271629e-06
3.33400000e+04,6.73264339e-05,4.73616520e-05,1.47420110e-05,5.22277096e-06
3.33500000e+04,6.73083950e-05,4.73412139e-05,1.47442208e-05,5.22296024e-06
3.33600000e+04,6.73520724e-05,4.73814139e-05,1.47456364e-05,5.22502205e-06
3.33700000e+04,6.72981948e-05,4.73283453e-05,1.47463386e-05,5.22351091e-06
3.33800000e+04,6.72795789e-05,4.73091351e-05,1.47475457e-05,5.22289805e-06
3.33900000e+04,6.72674890e-05,4.72963763e-05,1.47485644e-05,5.22254830e-06
3.34000000e+04,6.72482922e-05,4.72757165e-05,1.47502570e-05,5.22231867e-06
3.34100000e+04,6.72371023e-05,4.72624538e-05,1.47524582e-05,5.22219034e-06
3.34200000e+04,6.72262343e-05,4.72497736e-05,1.47542511e-05,5.22220962e-06
3.34300000e+04,6.72151842e-05,4.72370705e-05,1.47558845e-05,5.22222908e-06
3.34400000e+04,6.72039512e-05,4.72245248e-05,1.47573405e-05,5.22208595e-06
3.34500000e+04,6.71927351e-05,4.72119801e-05,1.47586446e-05,5.22211037e-06
3.34600000e+04,6.71882293e-05,4.72058183e-05,1.47604180e-05,5.22199295e-06
3.34700000e+04,6.71742936e-05,4.71915932e-05,1.47607041e-05,5.22199633e-06
3.34800000e+04,6.71860365e-05,4.72012952e-05,1.47628712e-05,5.22187015e-06
3.34900000e+04,6.71527728e-05,4.71675083e-05,1.47634155e-05,5.22184903e-06
3.35000000e+04,6.71341286e-05,4.71485338e-05,1.47640337e-05,5.22156104e-06
3.35100000e+04,6.71233513e-05,4.71368291e-05,1.47651085e-05,5.22141368e-06
3.35200000e+04,6.71132214e-05,4.71266266e-05,1.47655391e-05,5.22105566e-06
3.35300000e+04,6.71870179e-05,4.71992634e-05,1.47649305e-05,5.22282403e-06
3.35400000e+04,6.71151131e-05,4.71250978e-05,1.47693123e-05,5.22070303e-06
3.35500000e+04,6.70844105e-05,4.70952363e-05,1.47688696e-05,5.22030456e-06
3.35600000e+04,6.70691886e-05,4.70797763e-05,1.47690982e-05,5.22031401e-06
3.35700000e+04,6.70553449e-05,4.70654808e-05,1.47697773e-05,5.22008677e-06
3.35800000e+04,6.70430670e-05,4.70527372e-05,1.47705447e-05,5.21978508e-06
3.35900000e+04,6.70314723e-05,4.70401509e-05,1.47716916e-05,5.21962979e-06
3.36000000e+04,6.70192350e-05,4.70277495e-05,1.47721085e-05,5.21937704e-06
3.36100000e+04,6.70099552e-05,4.70150695e-05,1.47750259e-05,5.21985983e-06
3.36200000e+04,6.69992473e-05,4.70022752e-05,1.47771444e-05,5.21982778e-06
3.36300000e+04,6.69881467e-05,4.69895138e-05,1.47788772e-05,5.21975571e-06
3.36400000e+04,6.69787090e-05,4.69786757e-05,1.47802863e-05,5.21974707e-06
3.36500000e+04,6.69746743e-05,4.69731083e-05,1.47818178e-05,5.21974822e-06
3.36600000e+04,6.69620569e-05,4.69593212e-05,1.47830462e-05,5.21968949e-06
3.36700000e+04,6.69449407e-05,4.69414600e-05,1.47840838e-05,5.21939692e-06
3.36800000e+04,6.69316286e-05,4.69270716e-05,1.47852761e-05,5.21928096e-06
3.36900000e+04,6.69199515e-05,4.69141070e-05,1.47866954e-05,5.21914913e-06
3.37000000e+04,6.69799972e-05,4.69674034e-05,1.47920868e-05,5.22050697e-06
3.37100000e+04,6.69013742e-05,4.68928623e-05,1.47889133e-05,5.21959853e-06
3.37200000e+04,6.69930764e-05,4.69805316e-05,1.47903021e-05,5.22224259e-06
3.37300000e+04,6.68984581e-05,4.68893129e-05,1.47898856e-05,5.21925954e-06
3.37400000e+04,6.68747381e-05,4.68640317e-05,1.47914616e-05,5.21924476e-06
3.37500000e+04,6.68537789e-05,4.68435477e-05,1.47908920e-05,5.21933926e-06
3.37600000e+04,6.68376115e-05,4.68269324e-05,1.47914188e-05,5.21926036e-06
3.37700000e+04,6.68264906e-05,4.68149663e-05,1.47924634e-05,5.21906088e-06
3.37800000e+04,6.68468808e-05,4.68324823e-05,1.47948661e-05,5.21953230e-06
3.37900000e+04,6.68007554e-05,4.67891181e-05,1.47928190e-05,5.21881830e-06
3.38000000e+04,6.67890038e-05,4.67768452e-05,1.47935079e-05,5.21865069e-06
3.38100000e+04,6.67759483e-05,4.67640805e-05,1.47933740e-05,5.21849372e-06
3.38200000e+04,6.67650634e-05,4.67533995e-05,1.47932802e-05,5.21838372e-06
3.38300000e+04,6.67533625e-05,4.67417953e-05,1.47932130e-05,5.21835420e-06
3.38400000e+04,6.67405031e-05,4.67292842e-05,1.47929495e-05,5.21826942e-06
3.38500000e+04,6.68225923e-05,4.68092923e-05,1.47933614e-05,5.21993866e-06
3.38600000e+04,6.67500798e-05,4.67382205e-05,1.47932554e-05,5.21860401e-06
3.38700000e+04,6.67179126e-05,4.67056847e-05,1.47941025e-05,5.21812536e-06
3.38800000e+04,6.67134174e-05,4.67034096e-05,1.47915254e-05,5.21848238e-06
3.38900000e+04,6.66933053e-05,4.66799310e-05,1.47960959e-05,5.21727846e-06
3.39000000e+04,6.66683651e-05,4.66565510e-05,1.47946494e-05,5.21716470e-06
3.39100000e+04,6.66600442e-05,4.66504508e-05,1.47919310e-05,5.21766231e-06
3.39200000e+04,6.66395460e-05,4.66322157e-05,1.47907932e-05,5.21653717e-06
3.39300000e+04,6.66257689e-05,4.66205214e-05,1.47891171e-05,5.21613045e-06
3.39400000e+04,6.66311186e-05,4.66251835e-05,1.47893614e-05,5.21657358e-06
3.39500000e+04,6.66092285e-05,4.66070621e-05,1.47869798e-05,5.21518661e-06
3.39600000e+04,6.65875458e-05,4.65858406e-05,1.47866976e-05,5.21500770e-06
3.39700000e+04,6.65754331e-05,4.65739861e-05,1.47865467e-05,5.21490037e-06
3.39800000e+04,6.65663072e-05,4.65649306e-05,1.47864829e-05,5.21489373e-06
3.39900000e+04,6.65631901e-05,4.65614902e-05,1.47874015e-05,5.21429836e-06
3.40000000e+04,6.65393688e-05,4.65395462e-05,1.47855412e-05,5.21428142e-06
3.40100000e+04,6.65245429e-05,4.65236322e-05,1.47862457e-05,5.21466496e-06
3.40200000e+04,6.65123343e-05,4.65105814e-05,1.47872119e-05,5.21454101e-06
3.40300000e+04,6.65006556e-05,4.64986321e-05,1.47877174e-05,5.21430606e-06
3.40400000e+04,6.64926330e-05,4.64900480e-05,1.47884500e-05,5.21413499e-06
3.40500000e+04,6.64771586e-05,4.64744983e-05,1.47887063e-05,5.21395396e-06
3.40600000e+04,6.64631724e-05,4.64603986e-05,1.47891026e-05,5.21367121e-06
3.40700000e+04,6.64516006e-05,4.64488391e-05,1.47892703e-05,5.21349124e-06
3.40800000e+04,6.64399041e-05,4.64371688e-05,1.47895092e-05,5.21322606e-06
3.40900000e+04,6.64277045e-05,4.64248391e-05,1.47897753e-05,5.21309020e-06
3.41000000e+04,6.64155020e-05,4.64126698e-05,1.47899598e-05,5.21287235e-06
3.41100000e+04,6.64063400e-05,4.64003522e-05,1.47926304e-05,5.21335738e-06
3.41200000e+04,6.63960714e-05,4.63879081e-05,1.47947078e-05,5.21345547e-06
3.41300000e+04,6.63856289e-05,4.63760572e-05,1.47961414e-05,5.21343025e-06
3.41400000e+04,6.64801758e-05,4.64648421e-05,1.47984136e-05,5.21692004e-06
3.41500000e+04,6.63761309e-05,4.63625948e-05,1.47999874e-05,5.21354867e-06
3.41600000e+04,6.63645228e-05,4.63509031e-05,1.47999417e-05,5.21367799e-06
3.41700000e+04,6.63428472e-05,4.63294771e-05,1.48001925e-05,5.21317759e-06
3.41800000e+04,6.63313656e-05,4.63169539e-05,1.48015782e-05,5.21283355e-06
3.41900000e+04,6.63184941e-05,4.63036863e-05,1.48021132e-05,5.21269452e-06
3.42000000e+04,6.63065207e-05,4.62914919e-05,1.48025659e-05,5.21246299e-06
3.42100000e+04,6.62972378e-05,4.62790661e-05,1.48053914e-05,5.21278033e-06
3.42200000e+04,6.62871515e-05,4.62668123e-05,1.48074639e-05,5.21287536e-06
3.42300000e+04,6.62768560e-05,4.62548493e-05,1.48092322e-05,5.21277450e-06
3.42400000e+04,6.62663277e-05,4.62428282e-05,1.48106475e-05,5.21285208e-06
3.42500000e+04,6.62550572e-05,4.62304624e-05,1.48119143e-05,5.21268049e-06
3.42600000e+04,6.62443431e-05,4.62184505e-05,1.48132721e-05,5.21262052e-06
3.42700000e+04,6.62328616e-05,4.62060273e-05,1.48142495e-05,5.21258482e-06
3.42800000e+04,6.62215950e-05,4.61937868e-05,1.48153469e-05,5.21246137e-06
3.42900000e+04,6.62095909e-05,4.61807100e-05,1.48165104e-05,5.21237043e-06
3.43000000e+04,6.62009521e-05,4.61706676e-05,1.48178565e-05,5.21242805e-06
3.43100000e+04,6.61895156e-05,4.61576634e-05,1.48190415e-05,5.21281067e-06
3.43200000e+04,6.62484283e-05,4.62127033e-05,1.48213343e-05,5.21439068e-06
3.43300000e+04,6.61723433e-05,4.61385949e-05,1.48209482e-05,5.21280017e-06
3.43400000e+04,6.61655684e-05,4.61300305e-05,1.48225978e-05,5.21294009e-06
3.43500000e+04,6.61566220e-05,4.61203015e-05,1.48235124e-05,5.21280815e-06
3.43600000e+04,6.61468118e-05,4.61082869e-05,1.48258051e-05,5.21271982e-06
3.43700000e+04,6.61265204e-05,4.60874133e-05,1.48263161e-05,5.21279102e-06
3.43800000e+04,6.61150196e-05,4.60758101e-05,1.48266737e-05,5.21253574e-06
3.43900000e+04,6.61054102e-05,4.60650266e-05,1.48278079e-05,5.21257566e-06
3.44000000e+04,6.60978456e-05,4.60563813e-05,1.48289979e-05,5.21246637e-06
3.44100000e+04,6.60938067e-05,4.60505717e-05,1.48298000e-05,5.21343496e-06
3.44200000e+04,6.60758994e-05,4.60328059e-05,1.48303226e-05,5.21277082e-06
3.44300000e+04,6.60667122e-05,4.60232324e-05,1.48308690e-05,5.21261085e-06
3.44400000e+04,6.60559541e-05,4.60117479e-05,1.48316929e-05,5.21251331e-06
3.44500000e+04,6.60451534e-05,4.60003423e-05,1.48324250e-05,5.21238607e-06
3.44600000e+04,6.60938910e-05,4.60467775e-05,1.48339838e-05,5.21312967e-06
3.44700000e+04,6.60417928e-05,4.59956204e-05,1.48337795e-05,5.21239294e-06
3.44800000e+04,6.60256333e-05,4.59797062e-05,1.48338382e-05,5.21208892e-06
3.44900000e+04,6.60028992e-05,4.59558613e-05,1.48351293e-05,5.21190850e-06
3.45000000e+04,6.59915918e-05,4.59449702e-05,1.48350704e-05,5.21155118e-06
3.45100000e+04,6.59832708e-05,4.59348669e-05,1.48367088e-05,5.21169507e-06
3.45200000e+04,6.59839240e-05,4.59340110e-05,1.48381448e-05,5.21176816e-06
3.45300000e+04,6.59620358e-05,4.59116799e-05,1.48388731e-05,5.21148284e-06
3.45400000e+04,6.59702067e-05,4.59171599e-05,1.48413024e-05,5.21174438e-06
3.45500000e+04,6.59643098e-05,4.59133487e-05,1.48388853e-05,5.21207582e-06
3.45600000e+04,6.59365628e-05,4.58851459e-05,1.48398670e-05,5.21154987e-06
3.45700000e+04,6.59223745e-05,4.58700334e-05,1.48411036e-05,5.21123757e-06
3.45800000e+04,6.59251299e-05,4.58722598e-05,1.48415953e-05,5.21127479e-06
3.45900000e+04,6.59026971e-05,4.58497146e-05,1.48418287e-05,5.21115388e-06
3.46000000e+04,6.58892409e-05,4.58361458e-05,1.48421377e-05,5.21095741e-06
3.46100000e+04,6.58779108e-05,4.58253722e-05,1.48422686e-05,5.21027004e-06
3.46200000e+04,6.59371916e-05,4.58830416e-05,1.48435149e-05,5.21063508e-06
3.46300000e+04,6.58715225e-05,4.58208930e-05,1.48408839e-05,5.20974550e-06
3.46400000e+04,6.58471476e-05,4.57975886e-05,1.48401478e-05,5.20941126e-06
3.46500000e+04,6.58463495e-05,4.57976704e-05,1.48389177e-05,5.20976145e-06
3.46600000e+04,6.58361165e-05,4.57865454e-05,1.48404556e-05,5.20911552e-06
3.46700000e+04,6.58146355e-05,4.57663595e-05,1.48395794e-05,5.20869656e-06
3.46800000e+04,6.58003524e-05,4.57524976e-05,1.48392392e-05,5.20861557e-06
3.46900000e+04,6.57898784e-05,4.57420291e-05,1.48395109e-05,5.20833842e-06
3.47000000e+04,6.57790687e-05,4.57313271e-05,1.48395643e-05,5.20817727e-06
3.47100000e+04,6.57707539e-05,4.57201260e-05,1.48419898e-05,5.20863817e-06
3.47200000e+04,6.57614979e-05,4.57091883e-05,1.48436232e-05,5.20868646e-06
3.47300000e+04,6.57518592e-05,4.56981710e-05,1.48451092e-05,5.20857899e-06
3.47400000e+04,6.57444727e-05,4.56898927e-05,1.48462189e-05,5.20836110e-06
3.47500000e+04,6.57323897e-05,4.56767835e-05,1.48470697e-05,5.20853650e-06
3.47600000e+04,6.57239178e-05,4.56677920e-05,1.48479079e-05,5.20821789e-06
3.47700000e+04,6.57126774e-05,4.56555258e-05,1.48490595e-05,5.20809205e-06
3.47800000e+04,6.57021345e-05,4.56443049e-05,1.48498259e-05,5.20800367e-06
3.47900000e+04,6.56915033e-05,4.56330636e-05,1.48505022e-05,5.20793753e-06
3.48000000e+04,6.56808913e-05,4.56219956e-05,1.48510328e-05,5.20786288e-06
3.48100000e+04,6.56731272e-05,4.56107007e-05,1.48539849e-05,5.20844167e-06
3.48200000e+04,6.56640758e-05,4.55992634e-05,1.48563222e-05,5.20849016e-06
3.48300000e+04,6.56548057e-05,4.55881504e-05,1.48581640e-05,5.20849135e-06
3.48400000e+04,6.56450469e-05,4.55768238e-05,1.48597687e-05,5.20845446e-06
3.48500000e+04,6.56355148e-05,4.55657752e-05,1.48612621e-05,5.20847752e-06
3.48600000e+04,6.56253186e-05,4.55543002e-05,1.48625896e-05,5.20842883e-06
3.48700000e+04,6.56152933e-05,4.55432953e-05,1.48636634e-05,5.20833457e-06
3.48800000e+04,6.56050017e-05,4.55318780e-05,1.48648191e-05,5.20830460e-06
3.48900000e+04,6.55949644e-05,4.55207175e-05,1.48659685e-05,5.20827844e-06
3.49000000e+04,6.55868616e-05,4.55114366e-05,1.48670235e-05,5.20840147e-06
3.49100000e+04,6.55797696e-05,4.55014049e-05,1.48695973e-05,5.20876732e-06
3.49200000e+04,6.55687936e-05,4.54878245e-05,1.48720987e-05,5.20887029e-06
3.49300000e+04,6.55599533e-05,4.54770961e-05,1.48738663e-05,5.20899092e-06
3.49400000e+04,6.55508986e-05,4.54664836e-05,1.48754684e-05,5.20894664e-06
3.49500000e+04,6.55410850e-05,4.54553010e-05,1.48767637e-05,5.20902028e-06
3.49600000e+04,6.55312156e-05,4.54438855e-05,1.48782843e-05,5.20904576e-06
3.49700000e+04,6.55217176e-05,4.54331055e-05,1.48795942e-05,5.20901796e-06
3.49800000e+04,6.55148600e-05,4.54251398e-05,1.48805688e-05,5.20915139e-06
3.49900000e+04,6.55437466e-05,4.54506612e-05,1.48819992e-05,5.21108624e-06
3.50000000e+04,6.55033963e-05,4.54108838e-05,1.48826291e-05,5.20988337e-06
3.50100000e+04,6.54828317e-05,4.53923746e-05,1.48820420e-05,5.20841506e-06
3.50200000e+04,6.54756306e-05,4.53861062e-05,1.48812680e-05,5.20825639e-06
3.50300000e+04,6.54669220e-05,4.53768291e-05,1.48814783e-05,5.20861458e-06
3.50400000e+04,6.54582821e-05,4.53687872e-05,1.48812708e-05,5.20822414e-06
3.50500000e+04,6.54478949e-05,4.53581159e-05,1.48816518e-05,5.20812723e-06
3.50600000e+04,6.54387818e-05,4.53484347e-05,1.48822496e-05,5.20809750e-06
3.50700000e+04,6.54296104e-05,4.53389287e-05,1.48826455e-05,5.20803613e-06
3.50800000e+04,6.54201183e-05,4.53288646e-05,1.48832031e-05,5.20805063e-06
3.50900000e+04,6.54163168e-05,4.53245450e-05,1.48837955e-05,5.20797633e-06
3.51000000e+04,6.54252196e-05,4.53340225e-05,1.48829680e-05,5.20822911e-06
3.51100000e+04,6.54011494e-05,4.53135462e-05,1.48805337e-05,5.20706949e-06
3.51200000e+04,6.53808685e-05,4.52998078e-05,1.48751459e-05,5.20591485e-06
3.51300000e+04,6.53747504e-05,4.52951296e-05,1.48745953e-05,5.20502559e-06
3.51400000e+04,6.53640710e-05,4.52858292e-05,1.48742018e-05,5.20403997e-06
3.51500000e+04,6.53459830e-05,4.52711730e-05,1.48708687e-05,5.20394134e-06
3.51600000e+04,6.53341485e-05,4.52610483e-05,1.48696382e-05,5.20346204e-06
3.51700000e+04,6.53238474e-05,4.52518755e-05,1.48688731e-05,5.20309883e-06
3.51800000e+04,6.53221014e-05,4.52526644e-05,1.48662699e-05,5.20316707e-06
3.51900000e+04,6.53098045e-05,4.52391477e-05,1.48683586e-05,5.20229818e-06
3.52000000e+04,6.52927069e-05,4.52242058e-05,1.48664557e-05,5.20204539e-06
3.52100000e+04,6.52862917e-05,4.52180962e-05,1.48656206e-05,5.20257488e-06
3.52200000e+04,6.52750953e-05,4.52068728e-05,1.48662236e-05,5.20199892e-06
3.52300000e+04,6.52626838e-05,4.51951570e-05,1.48657738e-05,5.20175301e-06
3.52400000e+04,6.52524611e-05,4.51855148e-05,1.48654848e-05,5.20146144e-06
3.52500000e+04,6.52420652e-05,4.51754321e-05,1.48655080e-05,5.20112505e-06
3.52600000e+04,6.52723944e-05,4.52029553e-05,1.48681209e-05,5.20131825e-06
3.52700000e+04,6.52236760e-05,4.51577437e-05,1.48653600e-05,5.20057224e-06
3.52800000e+04,6.52179923e-05,4.51520349e-05,1.48656190e-05,5.20033842e-06
3.52900000e+04,6.52019727e-05,4.51369539e-05,1.48648799e-05,5.20013891e-06
3.53000000e+04,6.51915777e-05,4.51272621e-05,1.48643105e-05,5.20000499e-06
3.53100000e+04,6.51826094e-05,4.51168379e-05,1.48656537e-05,5.20011777e-06
3.53200000e+04,6.51731878e-05,4.51068765e-05,1.48662282e-05,5.20008321e-06
3.53300000e+04,6.51640051e-05,4.50973428e-05,1.48667739e-05,5.19988848e-06
3.53400000e+04,6.51545770e-05,4.50879549e-05,1.48668528e-05,5.19976938e-06
3.53500000e+04,6.51548032e-05,4.50880219e-05,1.48668427e-05,5.19993866e-06
3.53600000e+04,6.51398118e-05,4.50728505e-05,1.48673894e-05,5.19957193e-06
3.53700000e+04,6.51263967e-05,4.50591586e-05,1.48679322e-05,5.19930592e-06
3.53800000e+04,6.51208698e-05,4.50536036e-05,1.48680760e-05,5.19919025e-06
3.53900000e+04,6.51150047e-05,4.50474658e-05,1.48684960e-05,5.19904283e-06
3.54000000e+04,6.51173273e-05,4.50498273e-05,1.48684926e-05,5.19900744e-06
3.54100000e+04,6.50950842e-05,4.50274469e-05,1.48689900e-05,5.19864728e-06
3.54200000e+04,6.50826857e-05,4.50149438e-05,1.48691006e-05,5.19864140e-06
3.54300000e+04,6.50747135e-05,4.50070499e-05,1.48695069e-05,5.19815672e-06
3.54400000e+04,6.50643757e-05,4.49966020e-05,1.48692223e-05,5.19855141e-06
3.54500000e+04,6.50545185e-05,4.49869694e-05,1.48694435e-05,5.19810555e-06
3.54600000e+04,6.50461380e-05,4.49786103e-05,1.48696174e-05,5.19791030e-06
3.54700000e+04,6.50401705e-05,4.49726503e-05,1.48699330e-05,5.19758717e-06
3.54800000e+04,6.50295017e-05,4.49617586e-05,1.48701847e-05,5.19755832e-06
3.54900000e+04,6.50216702e-05,4.49548032e-05,1.48696883e-05,5.19717871e-06
3.55000000e+04,6.50108151e-05,4.49438170e-05,1.48697338e-05,5.19726430e-06
3.55100000e+04,6.50053641e-05,4.49374231e-05,1.48701998e-05,5.19774124e-06
3.55200000e+04,6.49993515e-05,4.49309249e-05,1.48710173e-05,5.19740925e-06
3.55300000e+04,6.49846640e-05,4.49176966e-05,1.48699482e-05,5.19701924e-06
3.55400000e+04,6.49756784e-05,4.49083632e-05,1.48704529e-05,5.19686223e-06
3.55500000e+04,6.49676925e-05,4.48998657e-05,1.48709969e-05,5.19682997e-06
3.55600000e+04,6.49575618e-05,4.48901950e-05,1.48707773e-05,5.19658944e-06
3.55700000e+04,6.49484929e-05,4.48807943e-05,1.48712463e-05,5.19645240e-06
3.55800000e+04,6.49393066e-05,4.48717151e-05,1.48713224e-05,5.19626902e-06
3.55900000e+04,6.49299648e-05,4.48625124e-05,1.48714604e-05,5.19599199e-06
3.56000000e+04,6.49202710e-05,4.48527672e-05,1.48717086e-05,5.19579523e-06
3.56100000e+04,6.49135385e-05,4.48430218e-05,1.48742335e-05,5.19628324e-06
3.56200000e+04,6.49200391e-05,4.48458887e-05,1.48773588e-05,5.19679161e-06
3.56300000e+04,6.49005005e-05,4.48273991e-05,1.48766711e-05,5.19643028e-06
3.56400000e+04,6.49095385e-05,4.48340590e-05,1.48785194e-05,5.19696012e-06
3.56500000e+04,6.48973070e-05,4.48206679e-05,1.48799093e-05,5.19672983e-06
3.56600000e+04,6.48790805e-05,4.48023303e-05,1.48805200e-05,5.19623023e-06
3.56700000e+04,6.48780166e-05,4.48008414e-05,1.48817559e-05,5.19541924e-06
3.56800000e+04,6.48672455e-05,4.47889905e-05,1.48820168e-05,5.19623815e-06
3.56900000e+04,6.48506879e-05,4.47715478e-05,1.48827070e-05,5.19643309e-06
3.57000000e+04,6.48393660e-05,4.47606951e-05,1.48832530e-05,5.19541789e-06
3.57100000e+04,6.48637569e-05,4.47855466e-05,1.48834680e-05,5.19474231e-06
3.57200000e+04,6.48823245e-05,4.48088620e-05,1.48761692e-05,5.19729340e-06
3.57300000e+04,6.48365067e-05,4.47633961e-05,1.48785983e-05,5.19451234e-06
3.57400000e+04,6.48013100e-05,4.47315717e-05,1.48757545e-05,5.19398380e-06
3.57500000e+04,6.47892329e-05,4.47200706e-05,1.48756638e-05,5.19349844e-06
3.57600000e+04,6.47800230e-05,4.47112343e-05,1.48755481e-05,5.19324062e-06
3.57700000e+04,6.47702268e-05,4.47027581e-05,1.48745140e-05,5.19295478e-06
3.57800000e+04,6.47619869e-05,4.46943940e-05,1.48750561e-05,5.19253678e-06
3.57900000e+04,6.47556744e-05,4.46881010e-05,1.48750102e-05,5.19256324e-06
3.58000000e+04,6.47538150e-05,4.46875035e-05,1.48740969e-05,5.19221457e-06
3.58100000e+04,6.47347702e-05,4.46713276e-05,1.48727285e-05,5.19071414e-06
3.58200000e+04,6.47230820e-05,4.46635917e-05,1.48700149e-05,5.18947539e-06
3.58300000e+04,6.47123741e-05,4.46552467e-05,1.48682644e-05,5.18886303e-06
3.58400000e+04,6.47024651e-05,4.46470224e-05,1.48671165e-05,5.18832622e-06
3.58500000e+04,6.46923154e-05,4.46386008e-05,1.48659448e-05,5.18776981e-06
3.58600000e+04,6.46824483e-05,4.46300365e-05,1.48651196e-05,5.18729214e-06
3.58700000e+04,6.46727461e-05,4.46216496e-05,1.48642349e-05,5.18686159e-06
3.58800000e+04,6.46630117e-05,4.46128841e-05,1.48637542e-05,5.18637338e-06
3.58900000e+04,6.46534023e-05,4.46044595e-05,1.48628508e-05,5.18609199e-06
3.59000000e+04,6.46436248e-05,4.45957596e-05,1.48622862e-05,5.18557907e-06
3.59100000e+04,6.46365305e-05,4.45866115e-05,1.48640924e-05,5.18582663e-06
3.59200000e+04,6.46295626e-05,4.45783502e-05,1.48653654e-05,5.18584700e-06
3.59300000e+04,6.46238790e-05,4.45719034e-05,1.48662590e-05,5.18571652e-06
3.59400000e+04,6.46576290e-05,4.46057550e-05,1.48653872e-05,5.18648683e-06
3.59500000e+04,6.46146159e-05,4.45631763e-05,1.48661106e-05,5.18532901e-06
3.59600000e+04,6.45954830e-05,4.45447113e-05,1.48655225e-05,5.18524919e-06
3.59700000e+04,6.45880282e-05,4.45350670e-05,1.48685550e-05,5.18440621e-06
3.59800000e+04,6.45763943e-05,4.45253697e-05,1.48666879e-05,5.18433671e-06
3.59900000e+04,6.45681268e-05,4.45167995e-05,1.48672666e-05,5.18406064e-06
3.60000000e+04,6.45591015e-05,4.45079854e-05,1.48674030e-05,5.18371308e-06
3.60100000e+04,6.45520379e-05,4.44987637e-05,1.48692173e-05,5.18405692e-06
3.60200000e+04,6.45443772e-05,4.44895417e-05,1.48707129e-05,5.18412257e-06
3.60300000e+04,6.45362354e-05,4.44807822e-05,1.48715255e-05,5.18392773e-06
3.60400000e+04,6.45292489e-05,4.44728261e-05,1.48724470e-05,5.18397582e-06
3.60500000e+04,6.45277071e-05,4.44700237e-05,1.48737976e-05,5.18388581e-06
3.60600000e+04,6.45230052e-05,4.44664016e-05,1.48729698e-05,5.18363389e-06
3.60700000e+04,6.45033171e-05,4.44454098e-05,1.48744836e-05,5.18342374e-06
3.60800000e+04,6.44989455e-05,4.44412606e-05,1.48745097e-05,5.18317525e-06
3.60900000e+04,6.44860766e-05,4.44282794e-05,1.48750339e-05,5.18276326e-06
3.61000000e+04,6.44778727e-05,4.44200127e-05,1.48753019e-05,5.18255811e-06
3.61100000e+04,6.45520188e-05,4.44858462e-05,1.48815147e-05,5.18465792e-06
3.61200000e+04,6.44810753e-05,4.44204366e-05,1.48774642e-05,5.18317441e-06
3.61300000e+04,6.44561289e-05,4.43973379e-05,1.48765584e-05,5.18223260e-06
3.61400000e+04,6.44597420e-05,4.44026974e-05,1.48751359e-05,5.18190878e-06
3.61500000e+04,6.44380177e-05,4.43804571e-05,1.48758560e-05,5.18170462e-06
3.61600000e+04,6.44278624e-05,4.43701877e-05,1.48761665e-05,5.18150817e-06
3.61700000e+04,6.44194060e-05,4.43620215e-05,1.48760627e-05,5.18132181e-06
3.61800000e+04,6.44110304e-05,4.43539257e-05,1.48760302e-05,5.18107445e-06
3.61900000e+04,6.44123483e-05,4.43554581e-05,1.48760623e-05,5.18082790e-06
3.62000000e+04,6.44052582e-05,4.43481014e-05,1.48764897e-05,5.18066712e-06
3.62100000e+04,6.43881629e-05,4.43347745e-05,1.48750462e-05,5.17834219e-06
3.62200000e+04,6.43768861e-05,4.43254049e-05,1.48738479e-05,5.17763328e-06
3.62300000e+04,6.43677328e-05,4.43169614e-05,1.48731795e-05,5.17759194e-06
3.62400000e+04,6.43595304e-05,4.43096698e-05,1.48726865e-05,5.17717409e-06
3.62500000e+04,6.43510774e-05,4.43022004e-05,1.48721486e-05,5.17672841e-06
3.62600000e+04,6.43422142e-05,4.42940762e-05,1.48717974e-05,5.17634055e-06
3.62700000e+04,6.43338587e-05,4.42865298e-05,1.48714681e-05,5.17586074e-06
3.62800000e+04,6.43487996e-05,4.43011316e-05,1.48718224e-05,5.17584558e-06
3.62900000e+04,6.43229670e-05,4.42766406e-05,1.48711669e-05,5.17515943e-06
3.63000000e+04,6.43084465e-05,4.42633973e-05,1.48704924e-05,5.17455674e-06
3.63100000e+04,6.42992523e-05,4.42551432e-05,1.48694055e-05,5.17470357e-06
3.63200000e+04,6.42904365e-05,4.42464286e-05,1.48695840e-05,5.17442383e-06
3.63300000e+04,6.42816516e-05,4.42382962e-05,1.48693748e-05,5.17398056e-06
3.63400000e+04,6.42731396e-05,4.42299650e-05,1.48695206e-05,5.17365400e-06
3.63500000e+04,6.42649664e-05,4.42220881e-05,1.48694330e-05,5.17344536e-06
3.63600000e+04,6.42613709e-05,4.42185469e-05,1.48694635e-05,5.17336050e-06
3.63700000e+04,6.42480298e-05,4.42059063e-05,1.48695662e-05,5.17255732e-06
3.63800000e+04,6.42390299e-05,4.41972355e-05,1.48695626e-05,5.17223177e-06
3.63900000e+04,6.42305937e-05,4.41890932e-05,1.48696256e-05,5.17187495e-06
3.64000000e+04,6.42386460e-05,4.41962466e-05,1.48707347e-05,5.17166474e-06
3.64100000e+04,6.42136769e-05,4.41775000e-05,1.48646978e-05,5.17147910e-06
3.64200000e+04,6.42159122e-05,4.41822629e-05,1.48623231e-05,5.17132621e-06
3.64300000e+04,6.41939866e-05,4.41642007e-05,1.48594732e-05,5.17031266e-06
3.64400000e+04,6.41804499e-05,4.41532790e-05,1.48575658e-05,5.16960509e-06
3.64500000e+04,6.41712150e-05,4.41462071e-05,1.48559155e-05,5.16909245e-06
3.64600000e+04,6.41601175e-05,4.41369485e-05,1.48544533e-05,5.16871574e-06
3.64700000e+04,6.41503589e-05,4.41286059e-05,1.48534528e-05,5.16830014e-06
3.64800000e+04,6.41445190e-05,4.41237250e-05,1.48528915e-05,5.16790252e-06
3.64900000e+04,6.41327422e-05,4.41137785e-05,1.48513871e-05,5.16757671e-06
3.65000000e+04,6.41260996e-05,4.41083460e-05,1.48506529e-05,5.16710075e-06
3.65100000e+04,6.41161186e-05,4.40980094e-05,1.48508251e-05,5.16728408e-06
3.65200000e+04,6.41070692e-05,4.40891565e-05,1.48511729e-05,5.16673983e-06
3.65300000e+04,6.40988580e-05,4.40808733e-05,1.48511710e-05,5.16681370e-06
3.65400000e+04,6.40937488e-05,4.40768204e-05,1.48511502e-05,5.16577814e-06
3.65500000e+04,6.40901647e-05,4.40727007e-05,1.48501478e-05,5.16731616e-06
3.65600000e+04,6.40736208e-05,4.40575303e-05,1.48499556e-05,5.16613485e-06
3.65700000e+04,6.40635463e-05,4.40482597e-05,1.48498425e-05,5.16544403e-06
3.65800000e+04,6.40543306e-05,4.40399729e-05,1.48492074e-05,5.16515031e-06
3.65900000e+04,6.40458792e-05,4.40321740e-05,1.48486510e-05,5.16505415e-06
3.66000000e+04,6.40369211e-05,4.40237979e-05,1.48484506e-05,5.16467261e-06
3.66100000e+04,6.40304165e-05,4.40149990e-05,1.48503621e-05,5.16505542e-06
3.66200000e+04,6.40231210e-05,4.40066541e-05,1.48515222e-05,5.16494468e-06
3.66300000e+04,6.40153988e-05,4.39982604e-05,1.48523633e-05,5.16477517e-06
3.66400000e+04,6.40077968e-05,4.39901995e-05,1.48529520e-05,5.16464538e-06
3.66500000e+04,6.39998083e-05,4.39819825e-05,1.48534236e-05,5.16440211e-06
3.66600000e+04,6.39918010e-05,4.39737845e-05,1.48537974e-05,5.16421910e-06
3.66700000e+04,6.39839588e-05,4.39657834e-05,1.48541232e-05,5.16405228e-06
3.66800000e+04,6.39752894e-05,4.39572992e-05,1.48541926e-05,5.16379754e-06
3.66900000e+04,6.39670577e-05,4.39490200e-05,1.48544365e-05,5.16360121e-06
3.67000000e+04,6.39586040e-05,4.39407873e-05,1.48544938e-05,5.16332298e-06
3.67100000e+04,6.39526227e-05,4.39318035e-05,1.48570603e-05,5.16375900e-06
3.67200000e+04,6.39456053e-05,4.39230570e-05,1.48587899e-05,5.16375841e-06
3.67300000e+04,6.39413690e-05,4.39174396e-05,1.48602291e-05,5.16370025e-06
3.67400000e+04,6.39309806e-05,4.39063190e-05,1.48610243e-05,5.16363731e-06
3.67500000e+04,6.39342072e-05,4.39082491e-05,1.48626355e-05,5.16332260e-06
3.67600000e+04,6.39185937e-05,4.38926213e-05,1.48623862e-05,5.16358623e-06
3.67700000e+04,6.39087992e-05,4.38819365e-05,1.48636481e-05,5.16321453e-06
3.67800000e+04,6.39008070e-05,4.38737439e-05,1.48640012e-05,5.16306193e-06
3.67900000e+04,6.38920942e-05,4.38647921e-05,1.48643414e-05,5.16296070e-06
3.68000000e+04,6.38844509e-05,4.38565451e-05,1.48651246e-05,5.16278126e-06
3.68100000e+04,6.38787919e-05,4.38487594e-05,1.48667844e-05,5.16324808e-06
3.68200000e+04,6.38762178e-05,4.38452086e-05,1.48677370e-05,5.16327220e-06
3.68300000e+04,6.38644437e-05,4.38318112e-05,1.48695728e-05,5.16305975e-06
3.68400000e+04,6.38569732e-05,4.38234702e-05,1.48706604e-05,5.16284268e-06
3.68500000e+04,6.38493159e-05,4.38151069e-05,1.48714551e-05,5.16275384e-06
3.68600000e+04,6.38413126e-05,4.38064479e-05,1.48722646e-05,5.16260012e-06
3.68700000e+04,6.38338078e-05,4.37982263e-05,1.48731265e-05,5.16245503e-06
3.68800000e+04,6.38258630e-05,4.37898587e-05,1.48735682e-05,5.16243612e-06
3.68900000e+04,6.38348870e-05,4.37976817e-05,1.48743775e-05,5.16282778e-06
3.69000000e+04,6.38160478e-05,4.37787013e-05,1.48748968e-05,5.16244972e-06
3.69100000e+04,6.38049648e-05,4.37655239e-05,1.48767750e-05,5.16266593e-06
3.69200000e+04,6.37958813e-05,4.37550915e-05,1.48780842e-05,5.16270563e-06
3.69300000e+04,6.37894419e-05,4.37475465e-05,1.48791652e-05,5.16273014e-06
3.69400000e+04,6.37807620e-05,4.37379100e-05,1.48801437e-05,5.16270830e-06
3.69500000e+04,6.37732255e-05,4.37295361e-05,1.48809909e-05,5.16269847e-06
3.69600000e+04,6.37649408e-05,4.37204638e-05,1.48818205e-05,5.16265640e-06
3.69700000e+04,6.37571468e-05,4.37121241e-05,1.48824650e-05,5.16255775e-06
3.69800000e+04,6.37516999e-05,4.37058700e-05,1.48833714e-05,5.16245850e-06
3.69900000e+04,6.37432307e-05,4.36966175e-05,1.48841380e-05,5.16247531e-06
3.70000000e+04,6.37507317e-05,4.37026762e-05,1.48850477e-05,5.16300786e-06
3.70100000e+04,6.37368156e-05,4.36944706e-05,1.48811814e-05,5.16116364e-06
3.70200000e+04,6.37168153e-05,4.36761633e-05,1.48792748e-05,5.16137718e-06
3.70300000e+04,6.37075440e-05,4.36677204e-05,1.48794815e-05,5.16034209e-06
3.70400000e+04,6.36989959e-05,4.36600600e-05,1.48788304e-05,5.16010550e-06
3.70500000e+04,6.36896248e-05,4.36508677e-05,1.48786143e-05,5.16014290e-06
3.70600000e+04,6.36941638e-05,4.36565616e-05,1.48773625e-05,5.16023965e-06
3.70700000e+04,6.36783298e-05,4.36405162e-05,1.48785597e-05,5.15925389e-06
3.70800000e+04,6.36660445e-05,4.36287025e-05,1.48784400e-05,5.15890203e-06
3.70900000e+04,6.36571096e-05,4.36200089e-05,1.48784830e-05,5.15861769e-06
3.71000000e+04,6.36492520e-05,4.36124567e-05,1.48784279e-05,5.15836736e-06
3.71100000e+04,6.36428463e-05,4.36042261e-05,1.48800026e-05,5.15861755e-06
3.71200000e+04,6.36357400e-05,4.35962692e-05,1.48810871e-05,5.15838376e-06
3.71300000e+04,6.36286954e-05,4.35885627e-05,1.48819630e-05,5.15816965e-06
3.71400000e+04,6.36213969e-05,4.35807945e-05,1.48826398e-05,5.15796271e-06
3.71500000e+04,6.36142766e-05,4.35733307e-05,1.48831801e-05,5.15776584e-06
3.71600000e+04,6.36066223e-05,4.35654152e-05,1.48836951e-05,5.15751204e-06
3.71700000e+04,6.35989416e-05,4.35574254e-05,1.48842358e-05,5.15728038e-06
3.71800000e+04,6.35914490e-05,4.35496286e-05,1.48847367e-05,5.15708369e-06
3.71900000e+04,6.35835409e-05,4.35414684e-05,1.48852437e-05,5.15682884e-06
3.72000000e+04,6.35758150e-05,4.35336590e-05,1.48854896e-05,5.15666644e-06
3.72100000e+04,6.35702444e-05,4.35249143e-05,1.48882119e-05,5.15711813e-06
3.72200000e+04,6.35638506e-05,4.35164536e-05,1.48903591e-05,5.15703786e-06
3.72300000e+04,6.35570435e-05,4.35081755e-05,1.48918214e-05,5.15704653e-06
3.72400000e+04,6.35502526e-05,4.35001713e-05,1.48932058e-05,5.15687543e-06
3.72500000e+04,6.35430178e-05,4.34919983e-05,1.48942513e-05,5.15676821e-06
3.72600000e+04,6.35359624e-05,4.34840204e-05,1.48952960e-05,5.15664600e-06
3.72700000e+04,6.35295680e-05,4.34768318e-05,1.48964791e-05,5.15625705e-06
3.72800000e+04,6.35239499e-05,4.34698690e-05,1.48972580e-05,5.15682300e-06
3.72900000e+04,6.35169620e-05,4.34620885e-05,1.48981880e-05,5.15668549e-06
3.73000000e+04,6.35086234e-05,4.34534151e-05,1.48988860e-05,5.15632234e-06
3.73100000e+04,6.35021396e-05,4.34450393e-05,1.49008802e-05,5.15622016e-06
3.73200000e+04,6.34950472e-05,4.34367739e-05,1.49019727e-05,5.15630047e-06
3.73300000e+04,6.34954086e-05,4.34357327e-05,1.49034117e-05,5.15626423e-06
3.73400000e+04,6.34823932e-05,4.34218786e-05,1.49044575e-05,5.15605715e-06
3.73500000e+04,6.34766836e-05,4.34153144e-05,1.49054284e-05,5.15594074e-06
3.73600000e+04,6.34674331e-05,4.34053617e-05,1.49062982e-05,5.15577317e-06
3.73700000e+04,6.34604266e-05,4.33976239e-05,1.49070859e-05,5.15571674e-06
3.73800000e+04,6.34532249e-05,4.33899092e-05,1.49078598e-05,5.15545593e-06
3.73900000e+04,6.34484277e-05,4.33841133e-05,1.49088339e-05,5.15548059e-06
3.74000000e+04,6.34381169e-05,4.33734272e-05,1.49095370e-05,5.15515266e-06
3.74100000e+04,6.34320519e-05,4.33642303e-05,1.49121667e-05,5.15565493e-06
3.74200000e+04,6.34337896e-05,4.33644540e-05,1.49140641e-05,5.15527145e-06
3.74300000e+04,6.34236507e-05,4.33519928e-05,1.49158895e-05,5.15576837e-06
3.74400000e+04,6.34164038e-05,4.33437396e-05,1.49173873e-05,5.15527689e-06
3.74500000e+04,6.34102088e-05,4.33363288e-05,1.49186004e-05,5.15527950e-06
3.74600000e+04,6.34032421e-05,4.33284136e-05,1.49195084e-05,5.15532003e-06
3.74700000e+04,6.33970252e-05,4.33211112e-05,1.49206708e-05,5.15524321e-06
3.74800000e+04,6.33905369e-05,4.33135627e-05,1.49218924e-05,5.15508188e-06
3.74900000e+04,6.34114026e-05,4.33311042e-05,1.49250179e-05,5.15528055e-06
3.75000000e+04,6.33863668e-05,4.33066755e-05,1.49247758e-05,5.15491553e-06
3.75100000e+04,6.33732073e-05,4.32945874e-05,1.49230973e-05,5.15552256e-06
3.75200000e+04,6.33661221e-05,4.32880372e-05,1.49230496e-05,5.15503524e-06
