0.00000000e+00,9.38836906e+00,1.14178587e+01
1.00000000e+01,3.64302131e+00,8.38904566e+00
2.00000000e+01,3.04071278e+00,5.52118788e+00
3.00000000e+01,2.35540731e+00,4.84095612e+00
4.00000000e+01,2.43886591e+00,4.47430566e+00
5.00000000e+01,1.67197457e+00,5.68802315e+00
6.00000000e+01,1.36054339e+00,4.20386665e+00
7.00000000e+01,1.18574508e+00,3.75921824e+00
8.00000000e+01,1.25152439e+00,3.62695878e+00
9.00000000e+01,1.03287699e+00,3.25388713e+00
1.00000000e+02,1.17278854e+00,3.54538737e+00
1.10000000e+02,1.03261122e+00,3.39502280e+00
1.20000000e+02,8.83121943e-01,3.03595625e+00
1.30000000e+02,9.48719774e-01,2.75538420e+00
1.40000000e+02,7.91968576e-01,2.44154462e+00
1.50000000e+02,7.18837071e-01,2.18874933e+00
1.60000000e+02,6.13743488e-01,5.06639196e+00
1.70000000e+02,5.09801353e-01,4.20211929e+00
1.80000000e+02,4.16558845e-01,3.90547395e+00
1.90000000e+02,6.06038505e-01,3.13441447e+00
2.00000000e+02,4.67561591e-01,2.76680162e+00
2.10000000e+02,4.27227856e-01,4.91728909e+00
2.20000000e+02,5.47974506e-01,3.27927540e+00
2.30000000e+02,3.26310109e-01,4.65871228e+00
2.40000000e+02,4.72947115e-01,3.82245370e+00
2.50000000e+02,1.95388629e-01,3.17792118e+00
2.60000000e+02,1.79222476e-01,2.50873844e+00
2.70000000e+02,1.79251768e-01,2.09059197e+00
2.80000000e+02,1.57969797e-01,1.79462735e+00
2.90000000e+02,3.35610001e-01,5.19349118e+00
3.00000000e+02,2.53688022e-01,5.52100137e+00
3.10000000e+02,3.42756324e-01,7.53214012e+00
3.20000000e+02,2.96996288e-01,6.28712248e+00
3.30000000e+02,2.32225933e-01,4.70305809e+00
3.40000000e+02,1.83347024e-01,4.03373758e+00
3.50000000e+02,1.21569098e-01,4.70789423e+00
3.60000000e+02,9.63336851e-02,4.12245867e+00
3.70000000e+02,1.85197004e-01,3.41720972e+00
3.80000000e+02,2.21677201e-01,2.79530177e+00
3.90000000e+02,2.50394449e-01,2.26324456e+00
4.00000000e+02,9.99813735e-02,1.90509729e+00
4.10000000e+02,6.61873855e-02,3.25512944e+00
4.20000000e+02,5.74374162e-02,3.20812186e+00
4.30000000e+02,5.54867847e-02,3.18775618e+00
4.40000000e+02,1.79190983e-01,2.40678475e+00
4.50000000e+02,6.97225535e-02,1.90747077e+00
4.60000000e+02,9.12327332e-02,1.52924260e+00
4.70000000e+02,8.14586338e-02,2.46902457e+00
4.80000000e+02,4.03952079e-02,4.89336783e+00
4.90000000e+02,3.57212048e-02,3.78976642e+00
5.00000000e+02,3.99502986e-02,3.61708024e+00
5.10000000e+02,3.46763466e-02,2.93262548e+00
5.20000000e+02,2.93999520e-02,2.65096003e+00
5.30000000e+02,2.71756608e-02,2.23859530e+00
5.40000000e+02,2.68284744e-02,1.90172761e+00
5.50000000e+02,1.21169210e-01,5.15712628e+00
5.60000000e+02,9.84973307e-02,5.57362237e+00
5.70000000e+02,8.78684272e-02,4.15400976e+00
5.80000000e+02,6.86284232e-02,3.78504324e+00
5.90000000e+02,2.88809188e-02,3.26278839e+00
6.00000000e+02,3.49452217e-02,2.78856272e+00
6.10000000e+02,9.65328277e-02,4.27081864e+00
6.20000000e+02,6.86004846e-02,1.92457800e+00
6.30000000e+02,6.17708761e-02,1.60370257e+00
6.40000000e+02,5.33065593e-02,4.59214563e+00
6.50000000e+02,6.39686513e-02,3.72736567e+00
6.60000000e+02,8.81691962e-02,3.58992196e+00
6.70000000e+02,7.73062753e-02,3.10261051e+00
6.80000000e+02,6.95748336e-02,2.81836385e+00
6.90000000e+02,6.47253480e-02,2.54879645e+00
7.00000000e+02,5.86489534e-02,2.21449559e+00
7.10000000e+02,5.30438973e-02,1.92953315e+00
7.20000000e+02,4.50571700e-02,1.61744637e+00
7.30000000e+02,3.72788138e-02,1.40338210e+00
7.40000000e+02,3.32722911e-02,3.19114135e+00
7.50000000e+02,3.46206622e-02,2.78521051e+00
7.60000000e+02,5.74542691e-02,1.90810481e+00
7.70000000e+02,3.73046052e-02,1.52458241e+00
7.80000000e+02,3.58958113e-02,1.26622224e+00
7.90000000e+02,3.15054375e-02,1.16621890e+00
8.00000000e+02,2.60227206e-02,1.57606556e+00
8.10000000e+02,3.04396193e-02,2.51056138e+00
8.20000000e+02,2.84909497e-02,1.06892228e+00
8.30000000e+02,2.69604787e-02,9.92012968e-01
8.40000000e+02,2.56324259e-02,9.65418765e-01
8.50000000e+02,2.43886783e-02,9.05442847e-01
8.60000000e+02,2.38930151e-02,1.11094420e+00
8.70000000e+02,2.57887425e-02,9.71081209e-01
8.80000000e+02,2.24614510e-02,8.60639708e-01
8.90000000e+02,2.01922389e-02,8.09173765e-01
9.00000000e+02,1.86702377e-02,1.20136065e+00
9.10000000e+02,1.75125113e-02,1.64361386e+00
9.20000000e+02,1.65266222e-02,7.94130212e-01
9.30000000e+02,1.56430012e-02,7.17762099e-01
9.40000000e+02,1.48254213e-02,7.04504977e-01
9.50000000e+02,1.39748119e-02,7.51274365e-01
9.60000000e+02,1.32282233e-02,6.59351862e-01
9.70000000e+02,1.25511862e-02,6.78538186e-01
9.80000000e+02,1.19351765e-02,6.28405336e-01
9.90000000e+02,1.13736609e-02,7.12941295e-01
1.00000000e+03,1.08586728e-02,6.48578910e-01
1.01000000e+03,1.03617374e-02,9.43286243e-01
1.02000000e+03,9.91882361e-03,5.51264241e-01
1.03000000e+03,9.51339802e-03,7.50611623e-01
1.04000000e+03,9.13884115e-03,5.76734603e-01
1.05000000e+03,8.79049860e-03,5.03198034e-01
1.06000000e+03,8.46564543e-03,4.72873361e-01
1.07000000e+03,8.16203043e-03,5.49860060e-01
1.08000000e+03,7.87729590e-03,5.11847462e-01
1.09000000e+03,7.60974470e-03,4.15934153e-01
1.10000000e+03,7.35791512e-03,6.99576537e-01
1.11000000e+03,7.10555751e-03,5.00621534e-01
1.12000000e+03,6.87695232e-03,4.26231873e-01
1.13000000e+03,6.66439478e-03,3.74013880e-01
1.14000000e+03,6.46477028e-03,3.94527523e-01
1.15000000e+03,6.27587868e-03,4.41302443e-01
1.16000000e+03,6.09680585e-03,3.77437626e-01
1.17000000e+03,5.92712850e-03,3.41834160e-01
1.18000000e+03,5.76572343e-03,5.10966157e-01
1.19000000e+03,5.61196501e-03,3.94756408e-01
1.20000000e+03,5.46534848e-03,3.49974324e-01
1.21000000e+03,5.31493739e-03,6.88055118e-01
1.22000000e+03,5.17798038e-03,9.71125071e-01
1.23000000e+03,5.04897862e-03,3.62574512e-01
1.24000000e+03,4.92661909e-03,2.95286653e-01
1.25000000e+03,4.80989860e-03,3.43171237e-01
1.26000000e+03,4.69841555e-03,3.15409590e-01
1.27000000e+03,4.59893544e-03,2.25672710e-01
1.28000000e+03,5.81239733e-03,3.66846835e-01
1.29000000e+03,7.42815387e-03,2.46925065e-01
1.30000000e+03,7.22751993e-03,2.20746233e-01
1.31000000e+03,7.03334963e-03,5.78968670e-01
1.32000000e+03,6.85618723e-03,4.88878336e-01
1.33000000e+03,6.68712144e-03,1.95757570e-01
1.34000000e+03,6.52740653e-03,2.27666592e-01
1.35000000e+03,6.38413246e-03,3.11773515e-01
1.36000000e+03,5.16737270e-03,1.76833051e-01
1.37000000e+03,5.59508664e-03,2.27141415e-01
1.38000000e+03,4.41880021e-03,3.00689842e-01
1.39000000e+03,4.08670325e-03,2.26533560e-01
1.40000000e+03,4.01175929e-03,1.53706832e-01
1.41000000e+03,3.88793868e-03,7.27798100e+00
1.42000000e+03,3.79254660e-03,2.15412506e+00
1.43000000e+03,3.71744175e-03,1.30702884e+00
1.44000000e+03,4.24513999e-03,6.51372419e-01
1.45000000e+03,6.85745562e-03,4.02569009e-01
1.46000000e+03,6.65822603e-03,2.63602776e-01
1.47000000e+03,6.47097520e-03,2.05341540e-01
1.48000000e+03,3.90790433e-03,2.47752562e-01
1.49000000e+03,5.78934413e-03,1.44528278e-01
1.50000000e+03,4.55343843e-03,1.26046441e-01
1.51000000e+03,5.80388917e-03,1.40272050e+00
1.52000000e+03,5.65487979e-03,1.02237735e+00
1.53000000e+03,5.51613956e-03,4.39461712e-01
1.54000000e+03,5.38465277e-03,1.47870071e-01
1.55000000e+03,5.25976922e-03,1.12420696e-01
1.56000000e+03,5.14078067e-03,8.86117455e-02
1.57000000e+03,5.02719236e-03,2.33905012e-01
1.58000000e+03,4.91846117e-03,8.48555156e-02
1.59000000e+03,4.81417395e-03,8.05025707e-02
1.60000000e+03,4.71733848e-03,6.85452205e-02
1.61000000e+03,4.61321477e-03,6.56412377e-02
1.62000000e+03,4.51647248e-03,6.46210320e-02
1.63000000e+03,4.42701687e-03,5.92153817e-02
1.64000000e+03,4.34155134e-03,5.69936993e-02
1.65000000e+03,4.25958962e-03,5.46120396e-02
1.66000000e+03,4.18081045e-03,5.43783655e-02
1.67000000e+03,4.13103804e-03,6.52229268e-02
1.68000000e+03,4.38969407e-03,1.68111904e-01
1.69000000e+03,4.30259031e-03,1.57284641e-01
1.70000000e+03,4.21936771e-03,6.09776458e-02
1.71000000e+03,4.13016195e-03,3.96098474e-01
1.72000000e+03,4.04906875e-03,1.86166232e-01
1.73000000e+03,3.98687188e-03,4.45076099e-02
1.74000000e+03,3.94431657e-03,1.28647633e-01
1.75000000e+03,3.87882144e-03,1.54541176e-01
1.76000000e+03,3.81571245e-03,1.38047127e-01
1.77000000e+03,3.75492898e-03,8.23891465e-02
1.78000000e+03,3.69622183e-03,3.52023869e-02
1.79000000e+03,3.63939749e-03,3.40059845e-02
1.80000000e+03,3.57224589e-03,3.31997057e-02
1.81000000e+03,3.48723276e-03,2.87600323e-01
1.82000000e+03,3.41000398e-03,1.70501195e-01
1.83000000e+03,3.33741650e-03,1.10354100e-01
1.84000000e+03,3.26887491e-03,3.90644256e-02
1.85000000e+03,3.20359995e-03,8.98141965e-02
1.86000000e+03,3.14117177e-03,3.49420132e-02
1.87000000e+03,3.08140754e-03,2.60294610e-02
1.88000000e+03,3.02404830e-03,3.10497435e-02
1.89000000e+03,2.96894459e-03,3.30605328e-02
1.90000000e+03,2.91593237e-03,6.27100269e-02
1.91000000e+03,2.86079432e-03,4.24832703e+00
1.92000000e+03,2.81019880e-03,2.47024123e+00
1.93000000e+03,2.76211308e-03,1.31555313e+00
1.94000000e+03,2.71624012e-03,5.91267726e-01
1.95000000e+03,2.67203507e-03,4.05438036e-01
1.96000000e+03,2.62935298e-03,2.81308929e-01
1.97000000e+03,2.58808702e-03,2.29448512e-01
1.98000000e+03,2.54813494e-03,1.86146591e-01
1.99000000e+03,2.50941861e-03,1.57675865e-01
2.00000000e+03,2.47187346e-03,1.37471451e-01
2.01000000e+03,2.43226017e-03,5.46070284e+00
2.02000000e+03,2.39574015e-03,1.58624507e+00
2.03000000e+03,2.36089858e-03,7.93279769e-01
2.04000000e+03,2.32746538e-03,3.90340187e-01
2.05000000e+03,2.29507652e-03,2.08161311e-01
2.06000000e+03,2.26361866e-03,1.04533148e-01
2.07000000e+03,2.23304974e-03,8.81873999e-02
2.08000000e+03,2.20330120e-03,5.95101129e-02
2.09000000e+03,2.17433881e-03,5.47950682e-02
2.10000000e+03,2.14611186e-03,5.23652346e-02
2.11000000e+03,2.11603365e-03,5.74378592e-02
2.12000000e+03,2.08822440e-03,5.33440915e-01
2.13000000e+03,2.06164803e-03,8.88600781e-02
2.14000000e+03,2.03605103e-03,9.10353299e-02
2.15000000e+03,2.01116240e-03,4.03815917e-02
2.16000000e+03,1.98690751e-03,3.87494094e-02
2.17000000e+03,1.96324985e-03,4.16386651e-02
2.18000000e+03,1.94015888e-03,3.14054408e-02
2.19000000e+03,1.91759899e-03,2.95981561e-02
2.20000000e+03,1.89554873e-03,2.81813357e-02
2.21000000e+03,1.87185565e-03,8.11412378e-01
2.22000000e+03,1.84991678e-03,3.27104678e-01
2.23000000e+03,1.82893373e-03,1.53161680e-01
2.24000000e+03,1.80865693e-03,4.37558142e-02
2.25000000e+03,1.78890298e-03,8.16315665e-02
2.26000000e+03,1.76959549e-03,8.77066588e-02
2.27000000e+03,1.75072787e-03,2.49950949e-02
2.28000000e+03,1.73225067e-03,2.21690284e-02
2.29000000e+03,1.71416644e-03,2.06551200e-02
2.30000000e+03,1.69644543e-03,1.97645088e-02
2.31000000e+03,1.67727880e-03,1.13908730e+00
2.32000000e+03,1.65950567e-03,1.04666392e+00
2.33000000e+03,1.64250401e-03,7.43101045e-01
2.34000000e+03,1.62604696e-03,1.94283795e-01
2.35000000e+03,1.60997614e-03,9.93544186e-02
2.36000000e+03,1.59423398e-03,7.49325558e-02
2.37000000e+03,1.57881769e-03,1.09065031e-01
2.38000000e+03,1.56370347e-03,2.73891412e-02
2.39000000e+03,1.54887255e-03,1.76160370e-02
2.40000000e+03,1.53431745e-03,1.47960837e-02
2.41000000e+03,1.51849924e-03,1.42549205e-02
2.42000000e+03,1.50380773e-03,1.38143167e-02
2.43000000e+03,1.48976655e-03,6.89191269e-02
2.44000000e+03,1.47613884e-03,5.89131987e-02
2.45000000e+03,1.46282934e-03,9.19939983e-02
2.46000000e+03,1.45020097e-03,4.42546170e-02
2.47000000e+03,1.46373628e-03,1.19521948e-02
2.48000000e+03,2.30194649e-03,1.16479000e-02
2.49000000e+03,2.27574717e-03,1.05201981e-01
2.50000000e+03,2.19642963e-03,4.02371599e-02
2.51000000e+03,2.13442573e-03,1.08123043e+00
2.52000000e+03,2.10322707e-03,6.13757322e-01
2.53000000e+03,2.08124681e-03,2.25157062e-01
2.54000000e+03,2.05428771e-03,9.56948848e-02
2.55000000e+03,2.04215708e-03,4.29073302e-02
2.56000000e+03,2.10157979e-03,1.96212649e-02
2.57000000e+03,2.07978566e-03,1.31511053e-02
2.58000000e+03,2.05853680e-03,6.29229338e-02
2.59000000e+03,2.03775448e-03,1.00788101e-02
2.60000000e+03,2.00992178e-03,1.08576931e-01
2.61000000e+03,1.88326400e-03,4.90817391e+00
2.62000000e+03,1.85200874e-03,1.54570206e+00
2.63000000e+03,1.81095986e-03,8.09438812e-01
2.64000000e+03,1.77989324e-03,3.92522975e-01
2.65000000e+03,1.75700937e-03,2.04897410e-01
2.66000000e+03,1.73319372e-03,1.17589691e-01
2.67000000e+03,1.71159580e-03,7.57927658e-02
2.68000000e+03,1.69330795e-03,5.46068200e-02
2.69000000e+03,1.71780831e-03,4.41753002e-02
2.70000000e+03,1.82836084e-03,3.72996076e-02
2.71000000e+03,1.80912442e-03,4.18582335e+00
2.72000000e+03,1.74816595e-03,3.20638012e+00
2.73000000e+03,1.71717453e-03,1.01340095e+00
2.74000000e+03,1.63035830e-03,4.65997729e-01
2.75000000e+03,1.58515843e-03,2.72121051e-01
2.76000000e+03,1.56671451e-03,1.71065781e-01
2.77000000e+03,1.55232979e-03,1.27776343e-01
2.78000000e+03,1.53772298e-03,9.75242771e-02
2.79000000e+03,1.52403646e-03,1.18685595e-01
2.80000000e+03,1.51068137e-03,6.12548192e-02
2.81000000e+03,1.49524599e-03,3.49695361e-01
2.82000000e+03,1.48108916e-03,2.09650387e-01
2.83000000e+03,1.46762472e-03,1.34051459e-01
2.84000000e+03,1.45458830e-03,3.72785085e-02
2.85000000e+03,1.44187937e-03,3.41785749e-02
2.86000000e+03,1.42946334e-03,3.15888017e-02
2.87000000e+03,1.41730803e-03,2.94162673e-02
2.88000000e+03,1.40537520e-03,2.75527511e-02
2.89000000e+03,1.39712286e-03,2.59110200e-02
2.90000000e+03,1.75291829e-03,2.44610302e-02
2.91000000e+03,1.85045673e-03,1.72487651e+00
2.92000000e+03,1.82284088e-03,1.25491284e+00
2.93000000e+03,1.79708440e-03,7.75040518e-01
2.94000000e+03,1.77247345e-03,2.90501602e-01
2.95000000e+03,1.74887305e-03,1.27329876e-01
2.96000000e+03,1.72609644e-03,6.29097709e-02
2.97000000e+03,1.70409922e-03,1.20815875e-01
2.98000000e+03,1.68280479e-03,2.83607178e-02
2.99000000e+03,1.66217345e-03,2.13426920e-02
3.00000000e+03,1.64215807e-03,1.83150037e-02
3.01000000e+03,1.62033089e-03,1.60125983e-02
3.02000000e+03,1.60024205e-03,1.43771047e-02
3.03000000e+03,1.58141936e-03,1.38812136e-02
3.04000000e+03,1.56330172e-03,1.34203631e-02
3.05000000e+03,1.54579706e-03,1.29862829e-02
3.06000000e+03,1.52879212e-03,1.25788355e-02
3.07000000e+03,1.51226225e-03,1.21944792e-02
3.08000000e+03,1.49617445e-03,1.18314367e-02
3.09000000e+03,1.48049107e-03,1.14878898e-02
3.10000000e+03,1.46518801e-03,5.23369086e-02
3.11000000e+03,1.44828394e-03,2.01800567e-02
3.12000000e+03,1.43265890e-03,1.32531174e-01
3.13000000e+03,1.41799760e-03,1.02531617e-02
3.14000000e+03,1.40381931e-03,1.14759534e-02
3.15000000e+03,1.39006917e-03,9.73564471e-03
3.16000000e+03,1.37665765e-03,9.49560129e-03
3.17000000e+03,1.36356995e-03,9.26645357e-03
3.18000000e+03,1.35078244e-03,9.04734749e-03
3.19000000e+03,1.33827441e-03,8.83760599e-03
3.20000000e+03,1.32602654e-03,8.63664165e-03
3.21000000e+03,1.31236647e-03,8.42883874e-03
3.22000000e+03,1.29971998e-03,8.23960410e-03
3.23000000e+03,1.28783594e-03,8.05977341e-03
3.24000000e+03,1.27631251e-03,7.88854964e-03
3.25000000e+03,1.26509866e-03,7.72393053e-03
3.26000000e+03,1.25413223e-03,7.56619617e-03
3.27000000e+03,1.24341024e-03,7.41427727e-03
3.28000000e+03,1.23290192e-03,7.26783294e-03
3.29000000e+03,1.22260586e-03,7.12652803e-03
3.30000000e+03,1.21249728e-03,6.99011423e-03
3.31000000e+03,1.20114296e-03,6.84710547e-03
3.32000000e+03,1.19061263e-03,6.71608882e-03
3.33000000e+03,1.18071497e-03,6.59100524e-03
3.34000000e+03,1.17109137e-03,6.47106368e-03
3.35000000e+03,1.16170865e-03,6.35524358e-03
3.36000000e+03,1.15252270e-03,6.24366446e-03
3.37000000e+03,1.14351712e-03,6.13556945e-03
3.38000000e+03,1.13468097e-03,6.03084855e-03
3.39000000e+03,1.12600333e-03,5.92931542e-03
3.40000000e+03,1.11746637e-03,5.83080219e-03
3.41000000e+03,1.10783652e-03,5.72655324e-03
3.42000000e+03,1.09889254e-03,5.63058614e-03
3.43000000e+03,1.09047954e-03,5.53875097e-03
3.44000000e+03,1.08228855e-03,5.45030987e-03
3.45000000e+03,1.07428228e-03,5.36468767e-03
3.46000000e+03,1.06643563e-03,5.28189107e-03
3.47000000e+03,1.05873758e-03,9.90922154e-02
3.48000000e+03,1.05116595e-03,2.18928598e-02
3.49000000e+03,1.04372619e-03,6.26959553e-03
3.50000000e+03,1.03639829e-03,5.02420309e-03
3.51000000e+03,1.02810265e-03,4.89366760e-03
3.52000000e+03,1.02038577e-03,4.82064463e-03
3.53000000e+03,1.01312396e-03,1.08008225e-01
3.54000000e+03,1.00604003e-03,8.97611865e-03
3.55000000e+03,9.99108970e-04,1.67202083e-02
3.56000000e+03,9.92311110e-04,4.55384735e-03
3.57000000e+03,9.85634731e-04,4.49180261e-03
3.58000000e+03,9.79061524e-04,1.79053568e-02
3.59000000e+03,9.72596172e-04,2.32256454e-02
3.60000000e+03,9.66218397e-04,1.88239566e-02
3.61000000e+03,9.58980892e-04,4.75713070e+00
3.62000000e+03,9.52236123e-04,4.02168294e+00
3.63000000e+03,9.45893231e-04,1.86474761e+00
3.64000000e+03,9.39700254e-04,9.11244022e-01
3.65000000e+03,9.33627716e-04,6.32361082e-01
3.66000000e+03,9.27672503e-04,5.02401218e-01
3.67000000e+03,9.21813973e-04,4.01443147e-01
3.68000000e+03,9.16041290e-04,3.30784198e-01
3.69000000e+03,9.10352392e-04,2.96108324e-01
3.70000000e+03,9.04744340e-04,2.57841043e-01
3.71000000e+03,8.98364553e-04,2.31389886e-01
3.72000000e+03,8.92417440e-04,2.09562583e-01
3.73000000e+03,8.86821947e-04,1.90495215e-01
3.74000000e+03,8.81349193e-04,1.75005438e-01
3.75000000e+03,8.75979149e-04,1.61028501e-01
3.76000000e+03,8.70706775e-04,1.48300342e-01
3.77000000e+03,8.65516709e-04,1.36791094e-01
3.78000000e+03,8.60404089e-04,1.26327297e-01
3.79000000e+03,8.55358427e-04,1.16850604e-01
3.80000000e+03,8.50377472e-04,1.08242882e-01
3.81000000e+03,8.44715203e-04,3.78575062e-01
3.82000000e+03,8.39424889e-04,3.55266983e-01
3.83000000e+03,8.34442904e-04,1.25884088e-01
3.84000000e+03,8.29573934e-04,8.09123046e-02
3.85000000e+03,8.24782685e-04,7.57777952e-02
3.86000000e+03,8.20076275e-04,7.11196552e-02
3.87000000e+03,8.15444575e-04,6.68884547e-02
3.88000000e+03,8.10877718e-04,6.30241389e-02
3.89000000e+03,8.06368684e-04,5.94962299e-02
3.90000000e+03,8.01916905e-04,5.62657094e-02
3.91000000e+03,7.96851678e-04,5.31548836e-02
3.92000000e+03,7.92113706e-04,5.04212066e-02
3.93000000e+03,7.87647616e-04,4.78840744e-02
3.94000000e+03,7.83281583e-04,4.55729793e-02
3.95000000e+03,7.78981486e-04,4.34350889e-02
3.96000000e+03,7.74760558e-04,4.14519750e-02
3.97000000e+03,7.70594421e-04,3.96080467e-02
3.98000000e+03,7.66483417e-04,3.78871798e-02
3.99000000e+03,7.62427559e-04,3.62795210e-02
4.00000000e+03,7.58420028e-04,3.47755106e-02
4.01000000e+03,7.53858872e-04,1.38516511e+00
4.02000000e+03,7.49589350e-04,2.96682465e-01
4.03000000e+03,7.45568153e-04,1.54278311e-01
4.04000000e+03,7.41629878e-04,5.82315124e-02
4.05000000e+03,7.37745166e-04,2.84224443e-02
4.06000000e+03,7.33930374e-04,2.73822960e-02
4.07000000e+03,7.30164151e-04,2.64002531e-02
4.08000000e+03,7.26447000e-04,2.54709665e-02
4.09000000e+03,7.22778790e-04,2.45921816e-02
4.10000000e+03,7.19147562e-04,2.37601624e-02
4.11000000e+03,7.15021662e-04,2.29342299e-02
4.12000000e+03,7.11162334e-04,2.21750936e-02
4.13000000e+03,7.07514215e-04,2.14545533e-02
4.14000000e+03,7.03938376e-04,2.07792917e-02
4.15000000e+03,7.00413319e-04,2.01379704e-02
4.16000000e+03,6.96947367e-04,1.95283676e-02
4.17000000e+03,6.93526012e-04,1.89483024e-02
4.18000000e+03,6.90150313e-04,1.83957694e-02
4.19000000e+03,6.86812662e-04,1.78695878e-02
4.20000000e+03,6.83510641e-04,1.73681057e-02
4.21000000e+03,6.79762623e-04,1.68654865e-02
4.22000000e+03,6.76247466e-04,1.63986318e-02
4.23000000e+03,6.72929798e-04,1.59538444e-02
4.24000000e+03,6.69669867e-04,1.55342001e-02
4.25000000e+03,6.66453599e-04,1.51335183e-02
4.26000000e+03,6.63293205e-04,1.47489355e-02
4.27000000e+03,6.60172562e-04,1.43880458e-02
4.28000000e+03,6.57084956e-04,2.37375575e-02
4.29000000e+03,6.54037667e-04,4.38254797e-02
4.30000000e+03,6.51022043e-04,2.34554823e-02
4.31000000e+03,6.47600413e-04,1.04597902e+00
4.32000000e+03,6.44389473e-04,9.28085895e-01
4.33000000e+03,6.41356050e-04,1.78338478e-01
4.34000000e+03,6.38372156e-04,1.11539670e-01
4.35000000e+03,6.35430044e-04,4.63272695e-02
4.36000000e+03,6.32534606e-04,2.77540332e-02
4.37000000e+03,6.29675364e-04,1.85704006e-02
4.38000000e+03,6.26849900e-04,1.42305832e-02
4.39000000e+03,6.24101072e-04,6.12160900e-02
4.40000000e+03,6.22281234e-04,2.09406964e-02
4.41000000e+03,1.02915087e-03,8.59064010e-02
4.42000000e+03,1.02655924e-03,3.81188305e-02
4.43000000e+03,1.02040325e-03,7.21722885e-02
4.44000000e+03,1.01431476e-03,3.20736738e-02
4.45000000e+03,1.00826787e-03,1.23995324e-02
4.46000000e+03,1.00227392e-03,9.85191247e-03
4.47000000e+03,9.78791588e-04,9.67038559e-03
4.48000000e+03,9.90431965e-04,9.49488876e-03
4.49000000e+03,7.71059131e-04,9.32532363e-03
4.50000000e+03,7.11200852e-04,9.16136582e-03
4.51000000e+03,6.97398102e-04,8.98825214e-03
4.52000000e+03,6.74905497e-04,2.58952959e-01
4.53000000e+03,6.64173973e-04,3.77368129e-02
4.54000000e+03,6.55477781e-04,4.12179051e-02
4.55000000e+03,6.47100098e-04,1.49897346e-02
4.56000000e+03,6.40597551e-04,8.24650371e-03
4.57000000e+03,6.34807800e-04,8.11300480e-03
4.58000000e+03,6.29572634e-04,7.98329909e-03
4.59000000e+03,6.24764936e-04,7.85741142e-03
4.60000000e+03,6.20522491e-04,7.73513373e-03
4.61000000e+03,6.15977400e-04,7.60408735e-03
4.62000000e+03,6.11644369e-04,2.33596008e-02
4.63000000e+03,6.07799226e-04,1.08335794e-02
4.64000000e+03,6.04901508e-04,2.89546692e-02
4.65000000e+03,6.15193141e-04,1.90149431e-02
4.66000000e+03,9.00853844e-04,8.88352437e-03
4.67000000e+03,8.95904791e-04,5.48779736e-02
4.68000000e+03,8.91033075e-04,2.11898781e-02
4.69000000e+03,8.86221652e-04,7.05938999e-03
4.70000000e+03,8.81467248e-04,6.83118558e-03
4.71000000e+03,8.76083463e-04,1.01399770e-01
4.72000000e+03,8.71070067e-04,6.71227309e-02
4.73000000e+03,8.66256597e-04,1.10820229e-02
4.74000000e+03,8.61561711e-04,8.58372206e-03
4.75000000e+03,8.56954080e-04,6.31583238e-03
4.76000000e+03,8.52418997e-04,6.23163722e-03
4.77000000e+03,8.47951607e-04,6.14972494e-03
4.78000000e+03,8.43539987e-04,6.06983219e-03
4.79000000e+03,7.80559747e-04,5.99198712e-03
4.80000000e+03,7.10928978e-04,5.91600663e-03
4.81000000e+03,6.81822545e-04,5.83158300e-03
4.82000000e+03,6.71237629e-04,5.75392333e-03
4.83000000e+03,6.62004704e-04,5.67961831e-03
4.84000000e+03,6.54164221e-04,5.60826065e-03
4.85000000e+03,6.47396861e-04,5.53904487e-03
4.86000000e+03,6.41444372e-04,5.47141256e-03
4.87000000e+03,6.36168585e-04,5.40532527e-03
4.88000000e+03,6.31068611e-04,5.34072299e-03
4.89000000e+03,6.26407174e-04,5.27753184e-03
4.90000000e+03,6.21958981e-04,1.48221788e-02
4.91000000e+03,6.17022462e-04,2.83526953e-01
4.92000000e+03,6.12635844e-04,1.45851872e-01
4.93000000e+03,6.08601189e-04,5.45847395e-02
4.94000000e+03,6.04771485e-04,1.46764814e-02
4.95000000e+03,6.01088574e-04,6.67222565e-03
4.96000000e+03,5.97531071e-04,4.84964339e-03
4.97000000e+03,5.94096553e-04,4.79508853e-03
4.98000000e+03,5.90762444e-04,4.74168981e-03
4.99000000e+03,5.87515147e-04,2.98085200e-02
5.00000000e+03,5.84346744e-04,1.47162432e-02
5.01000000e+03,5.80625410e-04,1.27670544e-02
5.02000000e+03,5.77256684e-04,3.78453909e-01
5.03000000e+03,5.74119273e-04,1.06381739e-01
5.04000000e+03,5.71087832e-04,9.39444372e-03
5.05000000e+03,5.68126683e-04,7.89850227e-03
5.06000000e+03,5.65233571e-04,3.36029881e-02
5.07000000e+03,5.62406160e-04,1.21276666e-02
5.08000000e+03,5.59632834e-04,5.47359000e-03
5.09000000e+03,5.56905884e-04,1.21278468e-01
5.10000000e+03,5.54223140e-04,2.97982942e-02
5.11000000e+03,5.51035811e-04,7.62755091e-01
5.12000000e+03,5.48126942e-04,7.76577065e-01
5.13000000e+03,5.45420894e-04,2.18589166e-01
5.14000000e+03,5.42776950e-04,9.88968330e-02
5.15000000e+03,5.40187157e-04,3.39965573e-02
5.16000000e+03,5.37647973e-04,1.99559385e-02
5.17000000e+03,5.35154367e-04,9.55773042e-03
5.18000000e+03,5.32705742e-04,7.04783928e-03
5.19000000e+03,5.30283057e-04,5.40028344e-03
5.20000000e+03,5.27899486e-04,4.58835538e-03
5.21000000e+03,5.25061663e-04,4.01728381e-03
5.22000000e+03,5.22462751e-04,3.84292076e-03
5.23000000e+03,5.20035685e-04,3.80622834e-03
5.24000000e+03,5.17658886e-04,1.99305830e-02
5.25000000e+03,5.15323453e-04,3.73623301e-03
5.26000000e+03,5.13035542e-04,3.70248777e-03
5.27000000e+03,5.10782717e-04,5.86088311e-02
5.28000000e+03,5.08562872e-04,1.26277146e-02
5.29000000e+03,5.06370182e-04,3.60514001e-03
5.30000000e+03,5.04200601e-04,1.74245863e-02
5.31000000e+03,5.01630877e-04,4.45016040e-03
5.32000000e+03,4.99273769e-04,1.14624899e-01
5.33000000e+03,4.97063560e-04,6.41732292e-03
5.34000000e+03,4.94892055e-04,3.65430570e-03
5.35000000e+03,4.92765437e-04,3.41091047e-03
5.36000000e+03,4.90670756e-04,3.38170206e-03
5.37000000e+03,4.88607463e-04,3.35303130e-03
5.38000000e+03,4.86573976e-04,3.32488734e-03
5.39000000e+03,4.84560684e-04,1.19602028e-02
5.40000000e+03,4.82574515e-04,3.26997396e-03
5.41000000e+03,4.80224951e-04,3.23754537e-03
5.42000000e+03,4.78061816e-04,3.20833864e-03
5.43000000e+03,4.76028273e-04,3.18061820e-03
5.44000000e+03,4.74037032e-04,3.15385058e-03
5.45000000e+03,4.72071558e-04,3.12787482e-03
5.46000000e+03,4.70143545e-04,3.10237899e-03
5.47000000e+03,4.68241973e-04,7.91019122e-03
5.48000000e+03,4.66361993e-04,3.05272027e-03
5.49000000e+03,4.64506061e-04,3.02850996e-03
5.50000000e+03,4.62666670e-04,3.00469229e-03
5.51000000e+03,4.60508086e-04,4.45029230e-01
5.52000000e+03,4.58512000e-04,6.50780128e-02
5.53000000e+03,4.56633891e-04,8.62408897e-02
5.54000000e+03,4.54786126e-04,1.27304478e-02
5.55000000e+03,4.52971022e-04,1.29816043e-02
5.56000000e+03,4.51181600e-04,3.49630867e-03
5.57000000e+03,4.49418169e-04,1.57001402e-02
5.58000000e+03,4.47673472e-04,2.81409096e-03
5.59000000e+03,4.45948853e-04,3.26358759e-02
5.60000000e+03,4.44238192e-04,1.33523665e-02
5.61000000e+03,4.42253843e-04,9.27389227e-02
5.62000000e+03,4.40985183e-04,7.96991987e-02
5.63000000e+03,4.82021111e-04,4.19096313e-02
5.64000000e+03,6.30996177e-04,3.30805614e-02
5.65000000e+03,6.27943270e-04,2.79533784e-02
5.66000000e+03,6.25041473e-04,1.20490892e-02
5.67000000e+03,6.10905637e-04,6.32948773e-03
5.68000000e+03,6.13064428e-04,3.13272877e-03
5.69000000e+03,6.03484502e-04,4.19421017e-02
5.70000000e+03,4.73267174e-04,2.35730338e-02
5.71000000e+03,5.95178896e-04,6.02468163e-01
5.72000000e+03,7.24395551e-04,3.11720690e-01
5.73000000e+03,7.20553872e-04,1.07610324e-01
5.74000000e+03,7.16826577e-04,3.79982403e-02
5.75000000e+03,6.91122470e-04,1.93851317e-02
5.76000000e+03,6.44129635e-04,1.06563903e-02
5.77000000e+03,6.23634313e-04,4.87411637e-03
5.78000000e+03,6.13045229e-04,3.70613308e-03
5.79000000e+03,6.07318302e-04,2.79628442e-03
5.80000000e+03,6.03775379e-04,2.44221294e-03
5.81000000e+03,6.00634073e-04,2.40831521e-03
5.82000000e+03,5.97796564e-04,2.38751915e-03
5.83000000e+03,5.95162622e-04,2.37088838e-03
5.84000000e+03,5.92656887e-04,2.35434837e-03
5.85000000e+03,5.90204923e-04,2.33839510e-03
5.86000000e+03,5.87781991e-04,2.32301528e-03
5.87000000e+03,5.85383788e-04,2.30774245e-03
5.88000000e+03,5.83012351e-04,2.29279831e-03
5.89000000e+03,5.80661228e-04,2.27863235e-03
5.90000000e+03,5.78321389e-04,2.27275388e-03
5.91000000e+03,5.75353008e-04,2.25946956e-03
5.92000000e+03,5.72682879e-04,2.23891677e-03
5.93000000e+03,5.70154352e-04,2.23095338e-03
5.94000000e+03,5.67737457e-04,2.29881050e-03
5.95000000e+03,5.65348982e-04,3.76755242e-03
5.96000000e+03,5.63005347e-04,1.94260511e-02
5.97000000e+03,5.60687584e-04,3.93203726e-02
5.98000000e+03,5.58399404e-04,8.58592562e-03
5.99000000e+03,5.56132103e-04,2.56067784e-03
6.00000000e+03,5.53889696e-04,2.45473653e-03
6.01000000e+03,5.51094835e-04,1.57890596e-01
6.02000000e+03,5.48558934e-04,3.99536326e-02
6.03000000e+03,5.46160397e-04,3.24526266e-02
6.04000000e+03,5.43856278e-04,2.25894576e-02
6.05000000e+03,5.41593198e-04,1.60760565e-02
6.06000000e+03,5.39360531e-04,6.25973417e-03
6.07000000e+03,5.37160777e-04,2.45541886e-03
6.08000000e+03,5.34985144e-04,2.04282022e-03
6.09000000e+03,5.32840199e-04,2.03094552e-03
6.10000000e+03,5.30712221e-04,2.01916729e-03
6.11000000e+03,5.28099251e-04,2.32547186e-01
6.12000000e+03,5.25712373e-04,2.21246305e-02
6.13000000e+03,5.23454417e-04,8.58359061e-03
6.14000000e+03,5.21278816e-04,1.96696994e-03
6.15000000e+03,5.19143074e-04,1.95539634e-03
6.16000000e+03,5.17035394e-04,1.94400740e-03
6.17000000e+03,5.14960589e-04,1.93277136e-03
6.18000000e+03,5.12909913e-04,1.92172509e-03
6.19000000e+03,5.10883216e-04,1.91162826e-03
6.20000000e+03,5.08875726e-04,1.98024195e-03
6.21000000e+03,5.06433153e-04,3.19769912e-01
6.22000000e+03,5.04197687e-04,2.66906481e-01
6.23000000e+03,5.02075454e-04,4.72119490e-02
6.24000000e+03,5.00035590e-04,9.57399813e-03
6.25000000e+03,4.98143559e-04,8.56343193e-03
6.26000000e+03,5.00467897e-04,7.51083490e-03
6.27000000e+03,5.25856726e-04,4.89979141e-03
6.28000000e+03,5.23729897e-04,2.03896333e-02
6.29000000e+03,5.21626529e-04,9.71642882e-03
6.30000000e+03,5.19545494e-04,6.65910840e-03
6.31000000e+03,5.17078400e-04,2.91803177e-03
6.32000000e+03,5.15488974e-04,2.61668634e-03
6.33000000e+03,5.22771078e-04,2.54731886e-03
6.34000000e+03,5.64545639e-04,2.53888047e-03
6.35000000e+03,5.20975193e-04,2.73422808e-02
6.36000000e+03,4.89343955e-04,2.65957377e-03
6.37000000e+03,4.93737682e-04,2.35977208e-03
6.38000000e+03,4.88309145e-04,2.32607563e-03
6.39000000e+03,5.00055055e-04,2.29534411e-03
6.40000000e+03,5.50119109e-04,2.16205226e-02
6.41000000e+03,5.47274643e-04,1.15968030e+00
6.42000000e+03,5.44685452e-04,3.16731811e-01
6.43000000e+03,5.42248758e-04,2.24790326e-01
6.44000000e+03,5.39866944e-04,9.13890817e-02
6.45000000e+03,5.37540680e-04,2.89045822e-02
6.46000000e+03,5.35261776e-04,1.42288312e-02
6.47000000e+03,5.33013676e-04,6.92639060e-03
6.48000000e+03,5.30803926e-04,5.06901718e-03
6.49000000e+03,5.28621234e-04,4.03852357e-03
6.50000000e+03,5.26465898e-04,3.35226166e-03
6.51000000e+03,5.23854145e-04,2.94844142e-03
6.52000000e+03,5.21461200e-04,2.65388994e-03
6.53000000e+03,5.19202184e-04,2.44036647e-03
6.54000000e+03,5.16987807e-04,8.99139933e-03
6.55000000e+03,5.14822188e-04,2.11150708e-03
6.56000000e+03,5.12695370e-04,2.98785608e-03
6.57000000e+03,5.10598141e-04,2.06364082e-03
6.58000000e+03,5.08532637e-04,1.93919540e-03
6.59000000e+03,5.06492625e-04,1.92653496e-03
6.60000000e+03,5.04475767e-04,1.91417220e-03
6.61000000e+03,5.02066636e-04,1.67415634e-01
6.62000000e+03,4.99850261e-04,1.80346651e-01
6.63000000e+03,4.97742393e-04,3.98142584e-02
6.64000000e+03,4.95675087e-04,2.80319604e-02
6.65000000e+03,4.93652742e-04,5.99815003e-03
6.66000000e+03,4.91663779e-04,5.17063762e-03
6.67000000e+03,4.89704426e-04,3.22109962e-03
6.68000000e+03,4.87974733e-04,2.63724467e-03
6.69000000e+03,4.97357588e-04,2.27940691e-03
6.70000000e+03,5.42460449e-04,2.07776580e-03
6.71000000e+03,5.39047800e-04,1.49977182e-02
6.72000000e+03,5.36063896e-04,3.34680708e-03
6.73000000e+03,5.33283607e-04,1.76575577e-03
6.74000000e+03,5.30644309e-04,1.75107270e-03
6.75000000e+03,5.28132200e-04,1.74104909e-03
6.76000000e+03,5.25683456e-04,1.73119957e-03
6.77000000e+03,4.87239252e-04,1.72151567e-03
6.78000000e+03,4.78746997e-04,1.71199928e-03
6.79000000e+03,4.80974724e-04,1.70263739e-03
6.80000000e+03,4.76775049e-04,1.69341004e-03
6.81000000e+03,4.73822256e-04,1.68221480e-03
6.82000000e+03,4.72004185e-04,1.67223251e-03
6.83000000e+03,4.70498197e-04,1.66269627e-03
6.84000000e+03,4.68950084e-04,1.65344126e-03
6.85000000e+03,4.67418037e-04,1.64448390e-03
6.86000000e+03,4.65897645e-04,1.63566828e-03
6.87000000e+03,4.64392924e-04,1.62698374e-03
6.88000000e+03,4.62896469e-04,1.61843112e-03
6.89000000e+03,4.61403303e-04,1.61001135e-03
6.90000000e+03,4.59918837e-04,1.60169426e-03
6.91000000e+03,4.57869055e-04,1.59161319e-03
6.92000000e+03,4.56057349e-04,1.58259697e-03
6.93000000e+03,4.54379906e-04,1.57396362e-03
6.94000000e+03,4.52748622e-04,3.83194185e-03
6.95000000e+03,4.51155178e-04,6.93410321e-03
6.96000000e+03,4.49584624e-04,4.56601491e-03
6.97000000e+03,4.48037368e-04,2.04622272e-03
6.98000000e+03,4.46507372e-04,1.53376543e-03
6.99000000e+03,4.44990797e-04,1.52608101e-03
7.00000000e+03,4.43488501e-04,1.51849520e-03
7.01000000e+03,4.41521825e-04,1.50933072e-03
7.02000000e+03,4.40542335e-04,1.50109594e-03
7.03000000e+03,4.67126205e-04,1.21840031e-02
7.04000000e+03,4.65218219e-04,2.43976873e-02
7.05000000e+03,4.63362959e-04,2.36662216e-02
7.06000000e+03,4.61538320e-04,6.49395797e-03
7.07000000e+03,4.59745959e-04,1.46349940e-03
7.08000000e+03,4.58009874e-04,1.45634678e-03
7.09000000e+03,4.57686036e-04,1.44928875e-03
7.10000000e+03,4.55949024e-04,1.44231575e-03
7.11000000e+03,4.53993051e-04,1.43391819e-03
7.12000000e+03,4.41608025e-04,1.42636260e-03
7.13000000e+03,4.34229301e-04,1.41950541e-03
7.14000000e+03,4.33548018e-04,1.45859499e-03
7.15000000e+03,4.31064275e-04,1.04117002e-02
7.16000000e+03,4.29568992e-04,8.61529602e-03
7.17000000e+03,4.28126533e-04,1.51418587e-02
7.18000000e+03,4.26722341e-04,6.20979594e-03
7.19000000e+03,4.25378217e-04,2.56863680e-03
7.20000000e+03,4.24055577e-04,1.74097206e-03
7.21000000e+03,4.22232142e-04,1.51360651e-03
7.22000000e+03,4.20640703e-04,1.26519002e-01
7.23000000e+03,4.19221568e-04,2.22883788e-03
7.24000000e+03,4.18412063e-04,2.12820740e-03
7.25000000e+03,4.30472403e-04,2.52525146e-03
7.26000000e+03,4.28918755e-04,2.54127400e-03
7.27000000e+03,4.27384191e-04,1.56237192e-02
7.28000000e+03,4.25866341e-04,6.02989788e-03
7.29000000e+03,4.24363976e-04,7.38638629e-03
7.30000000e+03,4.22874886e-04,1.48894686e-03
7.31000000e+03,4.21206460e-04,1.83612689e-01
7.32000000e+03,4.19639076e-04,8.41589777e-02
7.33000000e+03,4.18131709e-04,1.66128281e-02
7.34000000e+03,4.16647554e-04,6.83431819e-03
7.35000000e+03,4.15184221e-04,3.07336400e-03
7.36000000e+03,4.13740553e-04,2.93044682e-03
7.37000000e+03,4.12309783e-04,8.06523119e-03
7.38000000e+03,4.10898188e-04,1.50520756e-03
7.39000000e+03,4.09497159e-04,1.38624908e-03
7.40000000e+03,4.08109312e-04,1.37903686e-03
7.41000000e+03,4.06564394e-04,5.51287739e-01
7.42000000e+03,4.05101527e-04,1.33243529e-01
7.43000000e+03,4.03696208e-04,5.26689603e-02
7.44000000e+03,4.02310459e-04,1.99754399e-02
7.45000000e+03,4.00945917e-04,5.64723282e-03
7.46000000e+03,3.99594911e-04,5.00525053e-03
7.47000000e+03,3.98260365e-04,1.71567463e-03
7.48000000e+03,3.96939829e-04,1.62402998e-03
7.49000000e+03,3.95629001e-04,1.31545534e-03
7.50000000e+03,3.94332797e-04,1.30932273e-03
7.51000000e+03,3.92889571e-04,1.30148750e-03
7.52000000e+03,3.91523874e-04,2.03600010e-02
7.53000000e+03,3.90211041e-04,2.07195894e-02
7.54000000e+03,3.88913118e-04,8.91867110e-03
7.55000000e+03,3.87632835e-04,3.31332981e-03
7.56000000e+03,3.86371270e-04,1.38751761e-03
7.57000000e+03,3.85117374e-04,1.26406256e-03
7.58000000e+03,3.83876726e-04,1.25828229e-03
7.59000000e+03,3.82649188e-04,1.25257974e-03
7.60000000e+03,3.81426328e-04,4.37602799e-03
7.61000000e+03,3.80078343e-04,4.26331263e-03
7.62000000e+03,3.78800743e-04,1.17011494e-02
7.63000000e+03,3.77564918e-04,2.39952025e-02
7.64000000e+03,3.76348205e-04,9.99902429e-03
7.65000000e+03,3.75146180e-04,3.68360832e-03
7.66000000e+03,3.73956454e-04,1.59343408e-03
7.67000000e+03,3.72779626e-04,1.20523227e-03
7.68000000e+03,3.71612883e-04,1.19984836e-03
7.69000000e+03,3.70456086e-04,1.19453530e-03
7.70000000e+03,3.69307312e-04,1.18928327e-03
7.71000000e+03,3.68041185e-04,1.18275193e-03
7.72000000e+03,3.66839505e-04,1.18377153e-03
7.73000000e+03,3.65678742e-04,4.49722504e-03
7.74000000e+03,3.64530125e-04,1.68377353e-03
7.75000000e+03,3.63397929e-04,1.31648996e-03
7.76000000e+03,3.62277510e-04,3.31706594e-03
7.77000000e+03,3.61165793e-04,3.13551676e-03
7.78000000e+03,3.60065666e-04,1.69928553e-03
7.79000000e+03,3.58973791e-04,1.21128283e-03
7.80000000e+03,3.57885729e-04,1.16019446e-03
7.81000000e+03,3.56696631e-04,1.17690022e-03
7.82000000e+03,3.55565454e-04,1.14814868e-03
7.83000000e+03,3.54470028e-04,1.14226704e-03
7.84000000e+03,3.53387009e-04,1.13640011e-03
7.85000000e+03,3.52317369e-04,7.60996981e-03
7.86000000e+03,3.51258432e-04,2.46357766e-03
7.87000000e+03,3.50207693e-04,4.65883587e-03
7.88000000e+03,3.49165641e-04,1.23289552e-03
7.89000000e+03,3.48132387e-04,1.11082793e-03
7.90000000e+03,3.47104284e-04,1.10618580e-03
7.91000000e+03,3.45984387e-04,7.58886679e-03
7.92000000e+03,3.44914012e-04,4.37307206e-03
7.93000000e+03,3.43879784e-04,5.82774751e-03
7.94000000e+03,3.42854887e-04,2.59016170e-03
7.95000000e+03,3.41842172e-04,1.38215065e-03
7.96000000e+03,3.40837415e-04,1.07684252e-03
7.97000000e+03,3.39841692e-04,1.07240855e-03
7.98000000e+03,3.38854674e-04,1.06802477e-03
7.99000000e+03,3.37874663e-04,1.06369240e-03
8.00000000e+03,3.36899241e-04,1.05941357e-03
8.01000000e+03,3.35843734e-04,1.05417906e-03
8.02000000e+03,3.34830699e-04,1.04948425e-03
8.03000000e+03,3.33850942e-04,1.04497185e-03
8.04000000e+03,3.32879992e-04,4.83268639e-03
8.05000000e+03,3.31916995e-04,1.96097503e-03
8.06000000e+03,3.30964147e-04,3.04232872e-03
8.07000000e+03,3.30019996e-04,1.24813078e-03
8.08000000e+03,3.29082245e-04,1.02380146e-03
8.09000000e+03,3.28150633e-04,1.01971912e-03
8.10000000e+03,3.27223151e-04,1.01568192e-03
8.11000000e+03,3.26224505e-04,1.01079462e-03
8.12000000e+03,3.25266100e-04,1.00639708e-03
8.13000000e+03,3.24336666e-04,1.00234729e-03
8.14000000e+03,3.23419890e-04,1.00961467e-03
8.15000000e+03,3.22711372e-04,2.20071077e-03
8.16000000e+03,3.31569168e-04,3.35963387e-02
8.17000000e+03,3.38439312e-04,1.17118282e-03
8.18000000e+03,3.70989905e-04,9.21621410e-03
8.19000000e+03,3.70085961e-04,1.59665730e-02
8.20000000e+03,3.69185180e-04,5.02437695e-03
8.21000000e+03,3.68042803e-04,3.31941303e-01
8.22000000e+03,3.67021447e-04,9.13608561e-02
8.23000000e+03,3.45582444e-04,2.53395374e-02
8.24000000e+03,3.48481549e-04,5.06647854e-03
8.25000000e+03,3.33740236e-04,1.54307265e-03
8.26000000e+03,3.28935742e-04,1.07271895e-03
8.27000000e+03,3.28298543e-04,9.67378853e-04
8.28000000e+03,3.26723527e-04,9.64039857e-04
8.29000000e+03,3.25999546e-04,9.60664142e-04
8.30000000e+03,3.25040176e-04,9.57304429e-04
8.31000000e+03,3.23939492e-04,9.52890288e-04
8.32000000e+03,3.22956090e-04,9.49051735e-04
8.33000000e+03,3.22013915e-04,9.45389686e-04
8.34000000e+03,3.21104402e-04,9.41860710e-04
8.35000000e+03,3.20207575e-04,9.38402182e-04
8.36000000e+03,3.19317624e-04,6.56321295e-03
8.37000000e+03,3.18435349e-04,2.20945253e-03
8.38000000e+03,3.17563605e-04,2.27631768e-03
8.39000000e+03,3.16693546e-04,9.24908684e-04
8.40000000e+03,3.15826916e-04,9.69964556e-03
8.41000000e+03,3.14726271e-04,3.87073807e-03
8.42000000e+03,3.13712231e-04,5.35185201e-02
8.43000000e+03,3.12749524e-04,5.79849487e-03
8.44000000e+03,3.11824142e-04,1.08839674e-03
8.45000000e+03,3.10917258e-04,4.65287537e-03
8.46000000e+03,3.10024809e-04,1.76904639e-03
8.47000000e+03,3.09136972e-04,9.21106453e-03
8.48000000e+03,3.08259029e-04,1.72654469e-02
8.49000000e+03,3.07392373e-04,2.32927410e-03
8.50000000e+03,3.06530793e-04,1.28807540e-03
8.51000000e+03,3.05462603e-04,1.22260020e-01
8.52000000e+03,3.04475809e-04,9.79745017e-02
8.53000000e+03,3.03535036e-04,1.71690886e-02
8.54000000e+03,3.02624627e-04,8.52263549e-03
8.55000000e+03,3.01736304e-04,3.93656544e-03
8.56000000e+03,3.00857633e-04,2.82053156e-03
8.57000000e+03,2.99986676e-04,1.40212930e-03
8.58000000e+03,2.99128554e-04,1.32956207e-03
8.59000000e+03,2.98273327e-04,1.17138837e-03
8.60000000e+03,2.97427687e-04,1.12306666e-03
8.61000000e+03,2.96407454e-04,1.51657357e-01
8.62000000e+03,2.95455312e-04,5.64461134e-02
8.63000000e+03,2.94543884e-04,2.02493738e-02
8.64000000e+03,2.93663152e-04,1.94718370e-02
8.65000000e+03,2.92796447e-04,2.45058861e-03
8.66000000e+03,2.91942780e-04,2.64320488e-03
8.67000000e+03,2.91098135e-04,1.41563878e-03
8.68000000e+03,2.90261729e-04,1.01596179e-03
8.69000000e+03,2.89443580e-04,1.00900864e-03
8.70000000e+03,2.88978621e-04,1.00256030e-03
8.71000000e+03,3.26151528e-04,9.95299340e-04
8.72000000e+03,3.25068006e-04,7.77030901e-03
8.73000000e+03,3.24116251e-04,1.94144630e-02
8.74000000e+03,3.23202210e-04,3.56060882e-03
8.75000000e+03,3.22319107e-04,9.72927302e-04
8.76000000e+03,3.21455861e-04,9.68102728e-04
8.77000000e+03,3.20612621e-04,5.12056585e-03
8.78000000e+03,3.19783434e-04,1.50480771e-03
8.79000000e+03,3.03799236e-04,1.14129059e-02
8.80000000e+03,2.96146173e-04,9.50541412e-04
8.81000000e+03,2.94653897e-04,1.34812238e-01
8.82000000e+03,2.92235468e-04,1.05403191e-01
8.83000000e+03,2.90526804e-04,1.85492126e-02
8.84000000e+03,2.89404859e-04,1.41042414e-02
8.85000000e+03,2.88267866e-04,2.18738256e-03
8.86000000e+03,2.87289136e-04,2.16467315e-03
8.87000000e+03,2.86367496e-04,9.21473050e-04
8.88000000e+03,2.85451704e-04,9.17872741e-04
8.89000000e+03,2.84588469e-04,9.14347651e-04
8.90000000e+03,2.83751368e-04,9.10889191e-04
8.91000000e+03,2.82781926e-04,9.06539975e-04
8.92000000e+03,2.81881987e-04,9.02769519e-04
8.93000000e+03,2.81027781e-04,8.99177396e-04
8.94000000e+03,2.80203884e-04,8.95687943e-04
8.95000000e+03,2.79402893e-04,8.92289407e-04
8.96000000e+03,2.78614961e-04,8.88975122e-04
8.97000000e+03,2.77838803e-04,8.85716941e-04
8.98000000e+03,2.77072535e-04,1.97608551e-03
8.99000000e+03,2.76316487e-04,5.62044787e-03
9.00000000e+03,2.75572543e-04,9.21861009e-04
9.01000000e+03,2.74883103e-04,2.54931453e-03
9.02000000e+03,2.88477655e-04,1.04485039e-02
9.03000000e+03,2.96809359e-04,6.79149395e-03
9.04000000e+03,2.95925540e-04,1.69943510e-03
9.05000000e+03,2.95069518e-04,3.40609925e-03
9.06000000e+03,2.94232178e-04,8.56253868e-04
9.07000000e+03,2.93410009e-04,8.53244130e-04
9.08000000e+03,2.92598022e-04,8.50280544e-04
9.09000000e+03,2.71171552e-04,8.47349060e-04
9.10000000e+03,2.88954294e-04,8.44447741e-04
9.11000000e+03,2.89942854e-04,8.40837562e-04
9.12000000e+03,2.89001227e-04,1.24491189e-02
9.13000000e+03,2.88143306e-04,3.64902291e-03
9.14000000e+03,2.87950654e-04,1.42578475e-03
9.15000000e+03,3.00561460e-04,1.27835393e-03
9.16000000e+03,2.99845080e-04,3.15789415e-03
9.17000000e+03,2.89127607e-04,1.83953463e-03
9.18000000e+03,2.76805516e-04,2.76171272e-03
9.19000000e+03,2.75405397e-04,8.17454464e-04
9.20000000e+03,2.69995400e-04,8.27057661e-04
9.21000000e+03,2.65777261e-04,9.72472492e-02
9.22000000e+03,2.64889615e-04,7.35945447e-02
9.23000000e+03,2.64247671e-04,2.30334704e-02
9.24000000e+03,2.63694062e-04,1.87255134e-02
9.25000000e+03,2.63145388e-04,8.16842854e-03
9.26000000e+03,2.62568233e-04,2.44599542e-03
9.27000000e+03,2.62010351e-04,6.33433089e-03
9.28000000e+03,2.61445107e-04,1.21748922e-03
9.29000000e+03,2.60877046e-04,9.50399901e-04
9.30000000e+03,2.60308893e-04,8.20529212e-04
9.31000000e+03,2.59524962e-04,7.83480913e-04
9.32000000e+03,2.58819642e-04,7.80654705e-04
9.33000000e+03,2.58154800e-04,7.77962761e-04
9.34000000e+03,2.57521432e-04,7.76285944e-04
9.35000000e+03,2.56934330e-04,8.14668996e-04
9.36000000e+03,2.57298795e-04,3.49164956e-03
9.37000000e+03,2.73968344e-04,2.37454026e-03
9.38000000e+03,2.73303579e-04,3.16402412e-03
9.39000000e+03,2.72647235e-04,1.48119452e-03
9.40000000e+03,2.71992411e-04,2.05849545e-03
9.41000000e+03,2.71058084e-04,5.49594821e-02
9.42000000e+03,2.70244838e-04,5.15870468e-02
9.43000000e+03,2.69493211e-04,1.01555762e-02
9.44000000e+03,2.68764979e-04,6.33489306e-03
9.45000000e+03,2.68050375e-04,3.31520354e-03
9.46000000e+03,2.67357408e-04,9.17359172e-04
9.47000000e+03,2.66671601e-04,7.54836732e-04
9.48000000e+03,2.65996475e-04,7.52671027e-04
9.49000000e+03,2.65326204e-04,7.50603074e-04
9.50000000e+03,2.64664478e-04,7.48606176e-04
9.51000000e+03,2.63765078e-04,7.45793626e-04
9.52000000e+03,2.62974491e-04,7.43424179e-04
9.53000000e+03,2.62337679e-04,7.41134488e-04
9.54000000e+03,2.64978562e-04,7.38930357e-04
9.55000000e+03,2.73378883e-04,7.36776482e-04
9.56000000e+03,2.72767001e-04,8.80237303e-03
9.57000000e+03,2.72164201e-04,4.26119893e-03
9.58000000e+03,2.71563342e-04,7.87339568e-04
9.59000000e+03,2.70970788e-04,7.28314860e-04
9.60000000e+03,2.70382513e-04,7.26228681e-04
9.61000000e+03,2.69695125e-04,1.05489188e-01
9.62000000e+03,2.69049272e-04,2.95083800e-02
9.63000000e+03,2.68435071e-04,7.92834110e-03
9.64000000e+03,2.67832158e-04,1.09271443e-02
9.65000000e+03,2.67236118e-04,6.49913314e-03
9.66000000e+03,2.66646902e-04,2.74727731e-03
9.67000000e+03,2.66065102e-04,1.58880254e-02
9.68000000e+03,2.65488485e-04,5.07135322e-03
9.69000000e+03,2.64914344e-04,9.58352233e-04
9.70000000e+03,2.64346429e-04,1.30559974e-03
9.71000000e+03,2.63688422e-04,8.97613096e-04
9.72000000e+03,2.63070634e-04,7.59414203e-04
9.73000000e+03,2.62479265e-04,7.27185336e-04
9.74000000e+03,2.61898016e-04,7.13053793e-04
9.75000000e+03,2.61322063e-04,7.05274254e-04
9.76000000e+03,2.60755103e-04,7.01571716e-04
9.77000000e+03,2.60192194e-04,6.98823525e-04
9.78000000e+03,2.59634784e-04,6.96951757e-04
9.79000000e+03,2.59079404e-04,6.95159015e-04
9.80000000e+03,2.58531331e-04,6.93416026e-04
9.81000000e+03,2.57902447e-04,6.90879346e-04
9.82000000e+03,2.57306796e-04,6.88777618e-04
9.83000000e+03,2.56738368e-04,6.86749541e-04
9.84000000e+03,2.56177920e-04,2.06176060e-03
9.85000000e+03,2.55622338e-04,6.82921415e-04
9.86000000e+03,2.55075041e-04,2.32508778e-03
9.87000000e+03,2.54530376e-04,9.23139611e-04
9.88000000e+03,2.53991496e-04,6.77339935e-04
9.89000000e+03,2.53456503e-04,6.75500616e-04
9.90000000e+03,2.52924737e-04,6.73672577e-04
9.91000000e+03,2.52321388e-04,6.71143789e-04
9.92000000e+03,2.51749306e-04,6.69000568e-04
9.93000000e+03,2.51199547e-04,6.66935418e-04
9.94000000e+03,2.50657134e-04,6.64957044e-04
9.95000000e+03,2.50123605e-04,6.63043660e-04
9.96000000e+03,2.49593122e-04,6.61359178e-04
9.97000000e+03,2.49069626e-04,6.68841026e-04
9.98000000e+03,2.48547577e-04,1.36049005e-03
9.99000000e+03,2.48028286e-04,1.51645157e-02
1.00000000e+04,2.47515587e-04,1.08080201e-03
1.00100000e+04,2.46937004e-04,8.15625353e-04
1.00200000e+04,2.46383997e-04,1.00013929e-03
1.00300000e+04,2.45856419e-04,7.98572108e-04
1.00400000e+04,2.45333191e-04,6.93170745e-04
1.00500000e+04,2.44815633e-04,6.58156573e-04
1.00600000e+04,2.44302654e-04,6.51202296e-04
1.00700000e+04,2.43795446e-04,6.48448433e-04
1.00800000e+04,2.43291485e-04,6.45929566e-04
1.00900000e+04,2.42789333e-04,1.21433508e-03
1.01000000e+04,2.42288714e-04,3.03160236e-03
1.01100000e+04,2.41735618e-04,7.24458346e-02
1.01200000e+04,2.41204832e-04,1.29490101e-02
1.01300000e+04,2.40692383e-04,5.81385815e-03
1.01400000e+04,2.40188056e-04,3.60032252e-03
1.01500000e+04,2.39687487e-04,1.84390371e-03
1.01600000e+04,2.39193155e-04,7.32664294e-04
1.01700000e+04,2.38699876e-04,6.29798684e-04
1.01800000e+04,2.38211035e-04,6.28154296e-04
1.01900000e+04,2.37726250e-04,6.12928841e-03
1.02000000e+04,2.37242872e-04,2.31941218e-03
1.02100000e+04,2.36709012e-04,2.62645609e-02
1.02200000e+04,2.36197207e-04,3.42146443e-03
1.02300000e+04,2.35703941e-04,3.06599821e-03
1.02400000e+04,2.35214165e-04,1.62207397e-03
1.02500000e+04,2.34731314e-04,8.68227401e-04
1.02600000e+04,2.34249120e-04,6.69152746e-04
1.02700000e+04,2.33772789e-04,6.48647635e-04
1.02800000e+04,2.33300676e-04,6.27182641e-04
1.02900000e+04,2.32829389e-04,6.17177235e-04
1.03000000e+04,2.32361970e-04,6.12470642e-04
1.03100000e+04,2.31846421e-04,6.10331690e-04
1.03200000e+04,2.31353197e-04,6.09599660e-04
1.03300000e+04,2.30876592e-04,6.13137534e-04
1.03400000e+04,2.30401542e-04,1.39468029e-03
1.03500000e+04,2.29933999e-04,1.89651471e-03
1.03600000e+04,2.29468643e-04,2.73156689e-03
1.03700000e+04,2.29005781e-04,1.10104940e-03
1.03800000e+04,2.28546635e-04,7.46587006e-04
1.03900000e+04,2.28089764e-04,6.71568699e-04
1.04000000e+04,2.27635725e-04,6.31940540e-04
1.04100000e+04,2.27141255e-04,6.04922529e-04
1.04200000e+04,2.26663504e-04,5.95947438e-04
1.04300000e+04,2.26202794e-04,5.95663900e-04
1.04400000e+04,2.25743793e-04,5.93545436e-04
1.04500000e+04,2.25290573e-04,7.36727963e-04
1.04600000e+04,2.24839293e-04,5.06826527e-03
1.04700000e+04,2.24391828e-04,1.40931357e-03
1.04800000e+04,2.23946162e-04,5.87768589e-04
1.04900000e+04,2.23503218e-04,5.86399501e-04
1.05000000e+04,2.23062294e-04,5.85043529e-04
1.05100000e+04,2.22584255e-04,5.83056543e-04
1.05200000e+04,2.22123251e-04,5.81382744e-04
1.05300000e+04,2.21676990e-04,5.79783610e-04
1.05400000e+04,2.21232951e-04,5.78264418e-04
1.05500000e+04,2.20792191e-04,5.76796565e-04
1.05600000e+04,2.20355179e-04,5.75335722e-04
1.05700000e+04,2.19921109e-04,5.73887201e-04
1.05800000e+04,2.19488914e-04,5.72448630e-04
1.05900000e+04,2.19057494e-04,5.71021705e-04
1.06000000e+04,2.18629007e-04,5.69631201e-04
1.06100000e+04,2.18170905e-04,5.67755831e-04
1.06200000e+04,2.17724842e-04,5.66392385e-04
1.06300000e+04,2.17290854e-04,5.81797824e-04
1.06400000e+04,2.16859965e-04,2.58063047e-03
1.06500000e+04,2.16433367e-04,9.53650076e-04
1.06600000e+04,2.16009526e-04,3.55537247e-03
1.06700000e+04,2.15587580e-04,1.16619002e-03
1.06800000e+04,2.15192782e-04,5.72406991e-04
1.06900000e+04,2.15835371e-04,6.39391095e-04
1.07000000e+04,2.28086844e-04,6.00242104e-04
1.07100000e+04,2.27636686e-04,3.43600991e-02
1.07200000e+04,2.27208149e-04,1.46071149e-02
1.07300000e+04,2.26789866e-04,1.21638630e-03
1.07400000e+04,2.26380388e-04,5.52688979e-04
1.07500000e+04,2.25977022e-04,5.98995845e-04
1.07600000e+04,2.25580830e-04,5.50155713e-04
1.07700000e+04,2.25184602e-04,1.69836361e-03
1.07800000e+04,2.24792489e-04,5.47554218e-04
1.07900000e+04,2.24402027e-04,8.89343786e-04
1.08000000e+04,2.24017544e-04,5.68276383e-04
1.08100000e+04,2.23584277e-04,5.43246384e-04
1.08200000e+04,2.23167917e-04,6.11463784e-03
1.08300000e+04,2.22762233e-04,7.82407255e-04
1.08400000e+04,2.22363967e-04,5.38871437e-04
1.08500000e+04,2.21972712e-04,4.28805352e-03
1.08600000e+04,2.21585622e-04,1.78535651e-03
1.08700000e+04,2.21198056e-04,5.51616544e-04
1.08800000e+04,2.20816448e-04,5.33574632e-04
1.08900000e+04,2.20435755e-04,5.32273858e-04
1.09000000e+04,2.20057341e-04,5.30984648e-04
1.09100000e+04,2.19639087e-04,1.16880292e-02
1.09200000e+04,2.19237249e-04,1.63205241e-02
1.09300000e+04,2.18841311e-04,1.73805504e-03
1.09400000e+04,2.18456224e-04,1.09346281e-03
1.09500000e+04,2.18071780e-04,8.86646410e-04
1.09600000e+04,2.17693880e-04,1.87078981e-03
1.09700000e+04,2.17317408e-04,8.94812927e-04
1.09800000e+04,2.16942556e-04,2.14740723e-03
1.09900000e+04,2.16573095e-04,7.28089921e-04
1.10000000e+04,2.16203351e-04,5.56485132e-03
1.10100000e+04,2.15798487e-04,1.49407183e-01
1.10200000e+04,2.15409096e-04,5.93313301e-02
1.10300000e+04,2.15024147e-04,4.76495656e-02
1.10400000e+04,2.14649316e-04,1.19366342e-02
1.10500000e+04,2.14276051e-04,4.32952422e-03
1.10600000e+04,2.13908426e-04,2.20270666e-03
1.10700000e+04,2.13540533e-04,1.36534831e-03
1.10800000e+04,2.13174994e-04,1.22593373e-03
1.10900000e+04,2.12811034e-04,8.74456022e-04
1.11000000e+04,2.12450809e-04,8.38542901e-04
1.11100000e+04,2.12061767e-04,7.91162733e-04
1.11200000e+04,2.11683597e-04,7.70807711e-04
1.11300000e+04,2.11311786e-04,7.51532161e-04
1.11400000e+04,2.10945855e-04,7.38031251e-04
1.11500000e+04,2.10583061e-04,7.25568264e-04
1.11600000e+04,2.10221577e-04,7.15250868e-04
1.11700000e+04,2.09864946e-04,7.06373311e-04
1.11800000e+04,2.09509669e-04,6.98618031e-04
1.11900000e+04,2.09154100e-04,6.91686293e-04
1.12000000e+04,2.08801563e-04,6.85506820e-04
1.12100000e+04,2.08425268e-04,6.79091534e-04
1.12200000e+04,2.08058302e-04,6.73649169e-04
1.12300000e+04,2.07697990e-04,6.68757878e-04
1.12400000e+04,2.07340911e-04,6.64311982e-04
1.12500000e+04,2.06988640e-04,6.60195133e-04
1.12600000e+04,2.06637923e-04,6.56409266e-04
1.12700000e+04,2.06288388e-04,6.52889266e-04
1.12800000e+04,2.05940167e-04,6.49601351e-04
1.12900000e+04,2.05595365e-04,2.44930048e-03
1.13000000e+04,2.05251195e-04,9.85486143e-04
1.13100000e+04,2.04887520e-04,2.95295448e-02
1.13200000e+04,2.04531772e-04,3.91752558e-02
1.13300000e+04,2.04182064e-04,1.10864122e-02
1.13400000e+04,2.03834677e-04,3.86972916e-03
1.13500000e+04,2.03492521e-04,3.80708862e-03
1.13600000e+04,2.03150113e-04,1.91362370e-03
1.13700000e+04,2.02809430e-04,6.52240798e-04
1.13800000e+04,2.02470941e-04,6.22852796e-04
1.13900000e+04,2.02132402e-04,6.20836139e-04
1.14000000e+04,2.01798745e-04,6.18891153e-04
1.14100000e+04,2.01447058e-04,6.16385709e-04
1.14200000e+04,2.01101770e-04,6.14284058e-04
1.14300000e+04,2.00761831e-04,6.12308157e-04
1.14400000e+04,2.00422500e-04,2.71208599e-03
1.14500000e+04,2.00088646e-04,4.99861882e-03
1.14600000e+04,1.99756145e-04,1.67243004e-03
1.14700000e+04,1.99425174e-04,8.13749090e-04
1.14800000e+04,1.99095746e-04,6.03596283e-04
1.14900000e+04,1.98777805e-04,6.02028155e-04
1.15000000e+04,1.98648716e-04,6.00499103e-04
1.15100000e+04,1.98182469e-04,5.98465786e-04
1.15200000e+04,1.97885266e-04,7.13318414e-04
1.15300000e+04,1.97578508e-04,2.41248798e-03
1.15400000e+04,1.97240091e-04,1.80306126e-03
1.15500000e+04,1.96889922e-04,5.92101423e-04
1.15600000e+04,1.96545191e-04,5.90644355e-04
1.15700000e+04,1.96204276e-04,5.89242932e-04
1.15800000e+04,1.95866490e-04,5.87870134e-04
1.15900000e+04,1.95530109e-04,5.86534725e-04
1.16000000e+04,1.95198055e-04,5.85227029e-04
1.16100000e+04,1.94793415e-04,5.83466467e-04
1.16200000e+04,1.94416191e-04,5.81980235e-04
1.16300000e+04,1.94060837e-04,5.80571591e-04
1.16400000e+04,1.93713386e-04,6.07878455e-04
1.16500000e+04,1.93369206e-04,2.87419899e-03
1.16600000e+04,1.93031037e-04,5.76600675e-04
1.16700000e+04,1.92696564e-04,6.27140004e-04
1.16800000e+04,1.92362497e-04,5.74127284e-04
1.16900000e+04,1.92033696e-04,5.72923936e-04
1.17000000e+04,1.91705356e-04,5.71743906e-04
1.17100000e+04,1.91311620e-04,2.11825417e-02
1.17200000e+04,1.90947013e-04,7.63058206e-03
1.17300000e+04,1.90600631e-04,2.50492952e-03
1.17400000e+04,1.90258580e-04,5.66290071e-04
1.17500000e+04,1.89922628e-04,8.66030513e-04
1.17600000e+04,1.89589977e-04,2.25586498e-03
1.17700000e+04,1.89261798e-04,8.04602699e-04
1.17800000e+04,1.88934920e-04,5.93815003e-04
1.17900000e+04,1.88609652e-04,5.60503362e-04
1.18000000e+04,1.88287883e-04,5.59401972e-04
1.18100000e+04,1.87906733e-04,5.57947928e-04
1.18200000e+04,1.87552246e-04,8.45891895e-03
1.18300000e+04,1.87214659e-04,5.55506389e-04
1.18400000e+04,1.86879296e-04,9.09044889e-04
1.18500000e+04,1.86549850e-04,6.19332698e-04
1.18600000e+04,1.86225188e-04,5.52104050e-04
1.18700000e+04,1.85901821e-04,5.51017434e-04
1.18800000e+04,1.85582731e-04,5.49950800e-04
1.18900000e+04,1.85263995e-04,5.48893291e-04
1.19000000e+04,1.84947747e-04,5.47857053e-04
1.19100000e+04,1.84580233e-04,5.46494707e-04
1.19200000e+04,1.84233925e-04,5.45313976e-04
1.19300000e+04,1.83904781e-04,5.05975692e-03
1.19400000e+04,1.83577406e-04,8.92022447e-04
1.19500000e+04,1.83256748e-04,9.18546860e-04
1.19600000e+04,1.82937295e-04,5.40951800e-04
1.19700000e+04,1.82620870e-04,5.39918707e-04
1.19800000e+04,1.82307884e-04,5.38899466e-04
1.19900000e+04,1.81995103e-04,5.37886974e-04
1.20000000e+04,1.81685646e-04,5.36890605e-04
1.20100000e+04,1.81328909e-04,5.35603930e-04
1.20200000e+04,1.80992763e-04,1.82732663e-03
1.20300000e+04,1.80671787e-04,7.59632134e-04
1.20400000e+04,1.80352053e-04,5.32344533e-04
1.20500000e+04,1.80038342e-04,5.31307289e-04
1.20600000e+04,1.79725895e-04,3.25161997e-03
1.20700000e+04,1.79417667e-04,1.33859507e-03
1.20800000e+04,1.79109125e-04,5.28312353e-04
1.20900000e+04,1.78804314e-04,5.27338581e-04
1.21000000e+04,1.78500114e-04,5.26375989e-04
1.21100000e+04,1.78155216e-04,7.02480812e-02
1.21200000e+04,1.77830147e-04,1.29219973e-02
1.21300000e+04,1.77516195e-04,7.87488607e-03
1.21400000e+04,1.77204201e-04,3.79420265e-03
1.21500000e+04,1.76896707e-04,9.01966299e-04
1.21600000e+04,1.76593051e-04,5.20036637e-04
1.21700000e+04,1.76290352e-04,5.19068672e-04
1.21800000e+04,1.75988456e-04,5.18117717e-04
1.21900000e+04,1.75689755e-04,5.17174244e-04
1.22000000e+04,1.75393120e-04,5.16238811e-04
1.22100000e+04,1.75058771e-04,5.15062740e-04
1.22200000e+04,1.74742809e-04,5.14019087e-04
1.22300000e+04,1.74437687e-04,5.13013501e-04
1.22400000e+04,1.74133751e-04,5.12035567e-04
1.22500000e+04,1.73832023e-04,5.11062866e-04
1.22600000e+04,1.73534231e-04,5.10114640e-04
1.22700000e+04,1.73240084e-04,5.09174195e-04
1.22800000e+04,1.72944948e-04,1.03438420e-03
1.22900000e+04,1.72652511e-04,5.07329851e-04
1.23000000e+04,1.72364412e-04,5.06416218e-04
1.23100000e+04,1.72081550e-04,7.46521302e-03
1.23200000e+04,1.72379819e-04,2.19123495e-03
1.23300000e+04,1.80058167e-04,8.61256854e-04
1.23400000e+04,1.79767582e-04,7.99664706e-04
1.23500000e+04,1.72821878e-04,5.01407109e-04
1.23600000e+04,1.79194481e-04,5.00483717e-04
1.23700000e+04,1.78909711e-04,4.99563493e-04
1.23800000e+04,1.78625478e-04,4.98662885e-04
1.23900000e+04,1.71212092e-04,4.97763956e-04
1.24000000e+04,1.69722277e-04,4.96876132e-04
1.24100000e+04,1.69842801e-04,1.27780354e-03
1.24200000e+04,1.69567454e-04,4.65274705e-03
1.24300000e+04,1.69014422e-04,5.27427747e-04
1.24400000e+04,1.68459741e-04,5.84966886e-04
1.24500000e+04,1.68212207e-04,4.92011769e-04
1.24600000e+04,1.67882289e-04,4.91113413e-04
1.24700000e+04,1.67607852e-04,4.90216868e-04
1.24800000e+04,1.67333723e-04,4.89333087e-04
1.24900000e+04,1.67082796e-04,2.67381182e-03
1.25000000e+04,1.67071979e-04,1.28899658e-03
1.25100000e+04,1.66546472e-04,4.86536860e-04
1.25200000e+04,1.66277050e-04,4.85582748e-04
1.25300000e+04,1.66012195e-04,9.26079346e-04
1.25400000e+04,1.65753042e-04,4.83757673e-04
1.25500000e+04,1.65491007e-04,7.21560308e-04
1.25600000e+04,1.65230480e-04,4.81979664e-04
1.25700000e+04,1.64972029e-04,4.81109878e-04
1.25800000e+04,1.64713859e-04,4.80245173e-04
1.25900000e+04,1.64455877e-04,4.79387450e-04
1.26000000e+04,1.64198337e-04,4.78535129e-04
1.26100000e+04,1.63907096e-04,4.77519591e-04
1.26200000e+04,1.63627418e-04,4.76590067e-04
1.26300000e+04,1.63359784e-04,4.75695786e-04
1.26400000e+04,1.63092443e-04,4.74880339e-04
1.26500000e+04,1.62828853e-04,4.75737558e-04
1.26600000e+04,1.62566904e-04,5.51821341e-04
1.26700000e+04,1.62304870e-04,2.78146407e-03
1.26800000e+04,1.62043990e-04,1.32832295e-03
1.26900000e+04,1.61784255e-04,5.17278840e-04
1.27000000e+04,1.61524586e-04,5.27104048e-04
1.27100000e+04,1.61235995e-04,4.93635526e-04
1.27200000e+04,1.60960136e-04,4.76254434e-04
1.27300000e+04,1.60693149e-04,4.70386715e-04
1.27400000e+04,1.60431642e-04,4.68391102e-04
1.27500000e+04,1.60296855e-04,4.67420886e-04
1.27600000e+04,1.68637396e-04,4.66655788e-04
1.27700000e+04,1.68384786e-04,1.07124119e-03
1.27800000e+04,1.68133637e-04,6.24711035e-04
1.27900000e+04,1.67884136e-04,4.64525166e-04
1.28000000e+04,1.67634118e-04,4.63819359e-04
1.28100000e+04,1.67355964e-04,5.73142949e-03
1.28200000e+04,1.67089336e-04,1.18945896e-02
1.28300000e+04,1.66829340e-04,3.49336581e-03
1.28400000e+04,1.66572190e-04,1.19584172e-03
1.28500000e+04,1.66315542e-04,6.42714658e-04
1.28600000e+04,1.66061280e-04,4.70320862e-04
1.28700000e+04,1.65813549e-04,8.72983442e-04
1.28800000e+04,1.65553585e-04,4.57640566e-04
1.28900000e+04,1.65297792e-04,4.56912604e-04
1.29000000e+04,1.65038898e-04,4.56190071e-04
1.29100000e+04,1.64063097e-04,6.40115834e-02
1.29200000e+04,1.64005934e-04,1.87073064e-02
1.29300000e+04,1.63642459e-04,2.68030919e-03
1.29400000e+04,1.63453914e-04,1.31537371e-03
1.29500000e+04,1.63343265e-04,4.66575582e-04
1.29600000e+04,1.63226104e-04,4.51406142e-04
1.29700000e+04,1.63123047e-04,4.50666246e-04
1.29800000e+04,1.62919745e-04,4.49925077e-04
1.29900000e+04,1.62666066e-04,4.49189930e-04
1.30000000e+04,1.62413497e-04,4.48462996e-04
1.30100000e+04,1.62137499e-04,4.47581906e-04
1.30200000e+04,1.61872107e-04,4.48407037e-04
1.30300000e+04,1.61609213e-04,7.55711850e-04
1.30400000e+04,1.61351504e-04,1.05098602e-03
1.30500000e+04,1.61096855e-04,1.48764768e-03
1.30600000e+04,1.60843607e-04,7.89754339e-04
1.30700000e+04,1.60590878e-04,6.32726846e-04
1.30800000e+04,1.60341459e-04,4.55521630e-04
1.30900000e+04,1.60108362e-04,5.71658744e-04
1.31000000e+04,1.60146813e-04,4.42731290e-04
1.31100000e+04,1.61083429e-04,8.82275965e-04
1.31200000e+04,1.60877187e-04,5.87805976e-03
1.31300000e+04,1.60703109e-04,1.12220700e-03
1.31400000e+04,1.60539899e-04,4.38842784e-04
1.31500000e+04,1.60382724e-04,4.38111132e-04
1.31600000e+04,1.60228695e-04,4.37457694e-04
1.31700000e+04,1.60081666e-04,4.36782536e-04
1.31800000e+04,1.59935220e-04,4.36123087e-04
1.31900000e+04,1.59790631e-04,4.35462729e-04
1.32000000e+04,1.58931197e-04,4.34809568e-04
1.32100000e+04,1.58702029e-04,4.34000614e-04
1.32200000e+04,1.59177146e-04,4.33273539e-04
1.32300000e+04,1.58990002e-04,4.32568331e-04
1.32400000e+04,1.58813989e-04,9.46400080e-04
1.32500000e+04,1.58643408e-04,4.31202654e-04
1.32600000e+04,1.57627511e-04,1.05029127e-03
1.32700000e+04,1.58312849e-04,4.29864273e-04
1.32800000e+04,1.58154925e-04,4.29203048e-04
1.32900000e+04,1.57996078e-04,4.28543333e-04
1.33000000e+04,1.57838907e-04,4.27885518e-04
1.33100000e+04,1.57102693e-04,4.27092943e-04
1.33200000e+04,1.56543222e-04,4.26370304e-04
1.33300000e+04,1.56283220e-04,2.21062110e-03
1.33400000e+04,1.56082473e-04,5.01633498e-04
1.33500000e+04,1.55897467e-04,4.24302962e-04
1.33600000e+04,1.55721053e-04,4.23631882e-04
1.33700000e+04,1.55542297e-04,4.22966121e-04
1.33800000e+04,1.55363790e-04,1.87017282e-03
1.33900000e+04,1.55183152e-04,4.72919371e-04
1.34000000e+04,1.55001351e-04,4.20994837e-04
1.34100000e+04,1.54781652e-04,3.81748443e-03
1.34200000e+04,1.54575809e-04,8.19595958e-04
1.34300000e+04,1.54374690e-04,2.51126269e-03
1.34400000e+04,1.54178341e-04,4.41887375e-04
1.34500000e+04,1.53983946e-04,1.40569985e-03
1.34600000e+04,1.53790741e-04,4.56876184e-04
1.34700000e+04,1.53596910e-04,4.17446200e-04
1.34800000e+04,1.53405115e-04,4.75717903e-04
1.34900000e+04,1.53213394e-04,2.51281219e-03
1.35000000e+04,1.53020644e-04,1.26967228e-03
1.35100000e+04,1.52798523e-04,3.05249488e-02
1.35200000e+04,1.52586661e-04,8.15980692e-03
1.35300000e+04,1.52379664e-04,7.72384938e-04
1.35400000e+04,1.52176723e-04,7.11139695e-04
1.35500000e+04,1.51979178e-04,5.88587767e-04
1.35600000e+04,1.51779263e-04,4.13136421e-04
1.35700000e+04,1.51581643e-04,4.12022830e-04
1.35800000e+04,1.51384447e-04,4.11209761e-04
1.35900000e+04,1.51189140e-04,4.10552675e-04
1.36000000e+04,1.50993313e-04,4.09967899e-04
1.36100000e+04,1.50771712e-04,4.09282647e-04
1.36200000e+04,1.50559405e-04,4.08662267e-04
1.36300000e+04,1.50356267e-04,4.08070537e-04
1.36400000e+04,1.50264707e-04,4.07478032e-04
1.36500000e+04,1.51085226e-04,4.06894646e-04
1.36600000e+04,1.50900320e-04,5.04049507e-04
1.36700000e+04,1.50721716e-04,4.05745395e-04
1.36800000e+04,1.50543175e-04,4.05173716e-04
1.36900000e+04,1.50365843e-04,4.04603142e-04
1.37000000e+04,1.50191716e-04,4.04037387e-04
1.37100000e+04,1.49956216e-04,1.40791395e-03
1.37200000e+04,1.49741815e-04,1.63151587e-03
1.37300000e+04,1.49547472e-04,8.99758847e-04
1.37400000e+04,1.49356650e-04,5.21376759e-04
1.37500000e+04,1.49169412e-04,5.74845782e-04
1.37600000e+04,1.48985753e-04,5.97008484e-04
1.37700000e+04,1.48805418e-04,3.99629860e-04
1.37800000e+04,1.48628332e-04,3.99038245e-04
1.37900000e+04,1.48451192e-04,3.98450892e-04
1.38000000e+04,1.48275479e-04,3.97868518e-04
1.38100000e+04,1.48047687e-04,3.97141684e-04
1.38200000e+04,1.47837000e-04,3.96484989e-04
1.38300000e+04,1.47643314e-04,3.95852798e-04
1.38400000e+04,1.47453433e-04,3.95229886e-04
1.38500000e+04,1.47269462e-04,3.94621500e-04
1.38600000e+04,1.47085268e-04,3.94018211e-04
1.38700000e+04,1.46906202e-04,3.93416636e-04
1.38800000e+04,1.46727974e-04,3.92820096e-04
1.38900000e+04,1.46552194e-04,3.92229242e-04
1.39000000e+04,1.46377747e-04,3.91637387e-04
1.39100000e+04,1.46155531e-04,3.90923610e-04
1.39200000e+04,1.45949440e-04,3.91455636e-04
1.39300000e+04,1.45758388e-04,7.70886676e-04
1.39400000e+04,1.45571773e-04,4.55508681e-04
1.39500000e+04,1.45385922e-04,4.18392789e-04
1.39600000e+04,1.45205489e-04,3.89855954e-04
1.39700000e+04,1.45028305e-04,4.04314363e-04
1.39800000e+04,1.44851245e-04,4.04443415e-04
1.39900000e+04,1.44676377e-04,3.96405503e-04
1.40000000e+04,1.44502271e-04,3.90406360e-04
1.40100000e+04,1.44285942e-04,3.85850150e-04
1.40200000e+04,1.44085115e-04,3.85710240e-04
1.40300000e+04,1.43895478e-04,3.84903907e-04
1.40400000e+04,1.43711543e-04,3.84291019e-04
1.40500000e+04,1.43530132e-04,3.83801578e-04
1.40600000e+04,1.43350447e-04,4.26994914e-04
1.40700000e+04,1.43173663e-04,3.82744055e-04
1.40800000e+04,1.42998431e-04,3.82226018e-04
1.40900000e+04,1.42823535e-04,3.81712070e-04
1.41000000e+04,1.42650477e-04,3.81195925e-04
1.41100000e+04,1.42441508e-04,1.28473760e-02
1.41200000e+04,1.42244312e-04,7.30928885e-03
1.41300000e+04,1.42059157e-04,5.31434353e-04
1.41400000e+04,1.41877709e-04,1.76122937e-03
1.41500000e+04,1.41698320e-04,3.78326130e-04
1.41600000e+04,1.41520497e-04,3.77788648e-04
1.41700000e+04,1.41345921e-04,3.77254142e-04
1.41800000e+04,1.41172030e-04,3.76724272e-04
1.41900000e+04,1.40999285e-04,3.76202391e-04
1.42000000e+04,1.40828451e-04,3.75671931e-04
1.42100000e+04,1.40623706e-04,3.75030673e-04
1.42200000e+04,1.40431743e-04,3.74446622e-04
1.42300000e+04,1.40249926e-04,3.73880481e-04
1.42400000e+04,1.40070746e-04,3.73321808e-04
1.42500000e+04,1.39894982e-04,3.72775242e-04
1.42600000e+04,1.39718092e-04,8.22966911e-04
1.42700000e+04,1.39544857e-04,4.18842005e-04
1.42800000e+04,1.39374496e-04,1.10845299e-03
1.42900000e+04,1.39203463e-04,4.63008759e-04
1.43000000e+04,1.39035151e-04,3.70097788e-04
1.43100000e+04,1.38834625e-04,3.69462369e-04
1.43200000e+04,1.38646521e-04,3.68876030e-04
1.43300000e+04,1.38466174e-04,3.68312717e-04
1.43400000e+04,1.38291407e-04,3.67752557e-04
1.43500000e+04,1.38117122e-04,3.67204738e-04
1.43600000e+04,1.37943798e-04,3.66660468e-04
1.43700000e+04,1.37772731e-04,3.66120950e-04
1.43800000e+04,1.37603229e-04,3.65582237e-04
1.43900000e+04,1.37435267e-04,3.65047181e-04
1.44000000e+04,1.37266716e-04,3.64515384e-04
1.44100000e+04,1.37073340e-04,3.63889209e-04
1.44200000e+04,1.36888902e-04,3.63459718e-04
1.44300000e+04,1.36713395e-04,3.88669162e-04
1.44400000e+04,1.36538630e-04,3.65702671e-03
1.44500000e+04,1.36367095e-04,5.53873279e-04
1.44600000e+04,1.36197466e-04,5.85413100e-04
1.44700000e+04,1.36027935e-04,5.93474646e-04
1.44800000e+04,1.35861477e-04,4.05636558e-04
1.44900000e+04,1.35694493e-04,3.78275170e-04
1.45000000e+04,1.35528462e-04,3.65940582e-04
1.45100000e+04,1.35340013e-04,3.59307326e-04
1.45200000e+04,1.35159812e-04,2.85456887e-03
1.45300000e+04,1.34986088e-04,4.04413213e-04
1.45400000e+04,1.34815260e-04,3.58037670e-04
1.45500000e+04,1.34645649e-04,3.57490990e-04
1.45600000e+04,1.34478316e-04,3.57046272e-04
1.45700000e+04,1.34312497e-04,3.56574930e-04
1.45800000e+04,1.34146424e-04,3.56114272e-04
1.45900000e+04,1.33982322e-04,3.55650384e-04
1.46000000e+04,1.33817880e-04,3.62227185e-04
1.46100000e+04,1.33633115e-04,1.74723981e-02
1.46200000e+04,1.33457923e-04,6.17583327e-03
1.46300000e+04,1.33287197e-04,2.34111201e-03
1.46400000e+04,1.33118333e-04,4.17137280e-04
1.46500000e+04,1.32952325e-04,4.01423496e-04
1.46600000e+04,1.32786163e-04,3.96942464e-04
1.46700000e+04,1.32622764e-04,3.51679183e-04
1.46800000e+04,1.32459275e-04,3.51201450e-04
1.46900000e+04,1.32298108e-04,9.79198915e-04
1.47000000e+04,1.32134795e-04,3.61092817e-04
1.47100000e+04,1.31955590e-04,3.49688133e-04
1.47200000e+04,1.31782063e-04,4.18466806e-04
1.47300000e+04,1.31614631e-04,3.48663089e-04
1.47400000e+04,1.31449030e-04,3.48160613e-04
1.47500000e+04,1.31285773e-04,3.47673455e-04
1.47600000e+04,1.31122510e-04,3.47186295e-04
1.47700000e+04,1.30960453e-04,3.46702816e-04
1.47800000e+04,1.30799043e-04,3.46221854e-04
1.47900000e+04,1.30638974e-04,3.45740883e-04
1.48000000e+04,1.30479393e-04,3.45262775e-04
1.48100000e+04,1.30304305e-04,6.67776565e-04
1.48200000e+04,1.30134006e-04,4.18565516e-04
1.48300000e+04,1.29970043e-04,6.35292222e-04
1.48400000e+04,1.29806948e-04,3.43173276e-04
1.48500000e+04,1.29645424e-04,3.42679991e-04
1.48600000e+04,1.29485236e-04,3.42193081e-04
1.48700000e+04,1.29324527e-04,3.41707270e-04
1.48800000e+04,1.29166700e-04,3.41225981e-04
1.48900000e+04,1.29007603e-04,3.40787005e-04
1.49000000e+04,1.28849520e-04,3.41320716e-04
1.49100000e+04,1.28678535e-04,3.39830238e-04
1.49200000e+04,1.28512972e-04,3.39510962e-04
1.49300000e+04,1.28350696e-04,3.38918214e-04
1.49400000e+04,1.28190685e-04,8.58497197e-04
1.49500000e+04,1.28032108e-04,7.01288975e-04
1.49600000e+04,1.27873518e-04,3.37535686e-04
1.49700000e+04,1.27716319e-04,3.37075157e-04
1.49800000e+04,1.27560135e-04,3.36615627e-04
1.49900000e+04,1.27405789e-04,3.36157493e-04
1.50000000e+04,1.27279278e-04,3.35703957e-04
1.50100000e+04,1.33032109e-04,3.35167145e-04
1.50200000e+04,1.32873877e-04,1.79939146e-03
1.50300000e+04,1.32733362e-04,3.34186250e-04
1.50400000e+04,1.32601896e-04,3.33705061e-04
1.50500000e+04,1.32472615e-04,3.33234992e-04
1.50600000e+04,1.32350402e-04,3.32767740e-04
1.50700000e+04,1.28555724e-04,3.32299361e-04
1.50800000e+04,1.26114468e-04,3.31844797e-04
1.50900000e+04,1.25964805e-04,3.31518833e-04
1.51000000e+04,1.25845906e-04,3.36123846e-04
1.51100000e+04,1.25671875e-04,3.30764638e-04
1.51200000e+04,1.25555591e-04,3.30838529e-04
1.51300000e+04,1.25369335e-04,3.29983691e-04
1.51400000e+04,1.25217931e-04,6.51638640e-04
1.51500000e+04,1.25066307e-04,4.73828816e-04
1.51600000e+04,1.24919110e-04,3.28639693e-04
1.51700000e+04,1.24771473e-04,3.28212752e-04
1.51800000e+04,1.24621517e-04,3.27786199e-04
1.51900000e+04,1.24473582e-04,3.27360500e-04
1.52000000e+04,1.24324335e-04,3.26931634e-04
1.52100000e+04,1.24160865e-04,3.26412167e-04
1.52200000e+04,1.24002390e-04,3.25938330e-04
1.52300000e+04,1.23848744e-04,3.25478517e-04
1.52400000e+04,1.23697784e-04,3.25022844e-04
1.52500000e+04,1.23544141e-04,3.24614185e-04
1.52600000e+04,1.23392248e-04,7.44954552e-04
1.52700000e+04,1.23241258e-04,4.25130952e-04
1.52800000e+04,1.23090755e-04,1.35819089e-03
1.52900000e+04,1.22939931e-04,7.29270281e-04
1.53000000e+04,1.22791255e-04,4.07638576e-04
1.53100000e+04,1.22627270e-04,1.52430100e-03
1.53200000e+04,1.22470155e-04,1.42767419e-03
1.53300000e+04,1.22317109e-04,3.85663222e-04
1.53400000e+04,1.22164292e-04,1.25081682e-03
1.53500000e+04,1.22012024e-04,3.21398095e-04
1.53600000e+04,1.21861387e-04,3.21048456e-04
1.53700000e+04,1.21709704e-04,3.20690179e-04
1.53800000e+04,1.21559071e-04,3.20323385e-04
1.53900000e+04,1.21409408e-04,6.75687740e-04
1.54000000e+04,1.21260553e-04,3.19576347e-04
1.54100000e+04,1.21100096e-04,3.19080211e-04
1.54200000e+04,1.20944351e-04,3.18634219e-04
1.54300000e+04,1.20791472e-04,3.18208954e-04
1.54400000e+04,1.20639836e-04,3.17788184e-04
1.54500000e+04,1.20490117e-04,3.17379825e-04
1.54600000e+04,1.20339228e-04,3.16968839e-04
1.54700000e+04,1.20190014e-04,3.16562418e-04
1.54800000e+04,1.20042969e-04,3.16157154e-04
1.54900000e+04,1.20020720e-04,3.15751999e-04
1.55000000e+04,1.26463729e-04,3.15346485e-04
1.55100000e+04,1.26312195e-04,1.47435688e-03
1.55200000e+04,1.26168182e-04,3.53244507e-03
1.55300000e+04,1.26031407e-04,6.76622629e-04
1.55400000e+04,1.25895508e-04,3.13463277e-04
1.55500000e+04,1.25764463e-04,3.13033680e-04
1.55600000e+04,1.25634901e-04,3.12606134e-04
1.55700000e+04,1.25506191e-04,3.12180642e-04
1.55800000e+04,1.23211490e-04,3.11758582e-04
1.55900000e+04,1.21777472e-04,3.11334403e-04
1.56000000e+04,1.21910971e-04,3.10912523e-04
1.56100000e+04,1.21709393e-04,3.10395911e-04
1.56200000e+04,1.21523451e-04,3.10309682e-04
1.56300000e+04,1.21423765e-04,3.90583637e-04
1.56400000e+04,1.21387192e-04,1.54853349e-03
1.56500000e+04,1.21358037e-04,8.85247267e-04
1.56600000e+04,1.21325435e-04,4.80321849e-04
1.56700000e+04,1.21294708e-04,3.64120961e-04
1.56800000e+04,1.21259373e-04,3.25454238e-04
1.56900000e+04,1.21222018e-04,3.12254148e-04
1.57000000e+04,1.21182722e-04,3.87326452e-04
1.57100000e+04,1.21061773e-04,4.54220060e-03
1.57200000e+04,1.20962620e-04,1.54142994e-03
1.57300000e+04,1.20884308e-04,1.09592896e-03
1.57400000e+04,1.20810972e-04,4.63018951e-04
1.57500000e+04,1.20740530e-04,3.05092391e-04
1.57600000e+04,1.20674532e-04,3.04711899e-04
1.57700000e+04,1.20607433e-04,3.04328927e-04
1.57800000e+04,1.20542400e-04,3.03955654e-04
1.57900000e+04,1.20476582e-04,3.03576660e-04
1.58000000e+04,1.20411226e-04,3.21409222e-04
1.58100000e+04,1.20272373e-04,3.02726112e-04
1.58200000e+04,1.20154691e-04,3.02297067e-04
1.58300000e+04,1.20057071e-04,7.47168438e-04
1.58400000e+04,1.19965023e-04,3.41574599e-04
1.58500000e+04,1.19877195e-04,3.01075203e-04
1.58600000e+04,1.19792392e-04,3.00677503e-04
1.58700000e+04,1.19707901e-04,3.00281683e-04
1.58800000e+04,1.19626597e-04,2.99890235e-04
1.58900000e+04,1.19545188e-04,2.99498508e-04
1.59000000e+04,1.19463825e-04,2.99110548e-04
1.59100000e+04,1.19320387e-04,3.56100788e-04
1.59200000e+04,1.19192634e-04,3.26597630e-03
1.59300000e+04,1.19085120e-04,7.98896241e-04
1.59400000e+04,1.18982567e-04,4.49282455e-04
1.59500000e+04,1.18884245e-04,2.96963359e-04
1.59600000e+04,1.18787028e-04,2.96559380e-04
1.59700000e+04,1.18693705e-04,2.96158513e-04
1.59800000e+04,1.18600819e-04,2.95760969e-04
1.59900000e+04,1.18508286e-04,2.95364548e-04
1.60000000e+04,1.18418166e-04,2.94970010e-04
1.60100000e+04,1.18273030e-04,6.77542007e-04
1.60200000e+04,1.18141375e-04,4.32896816e-04
1.60300000e+04,1.18027788e-04,5.87055218e-04
1.60400000e+04,1.17918609e-04,6.23414466e-04
1.60500000e+04,1.17813949e-04,3.17618672e-04
1.60600000e+04,1.17709567e-04,3.35586346e-04
1.60700000e+04,1.17609181e-04,3.05162606e-04
1.60800000e+04,1.17510453e-04,2.92162400e-04
1.60900000e+04,1.17411137e-04,2.93356983e-04
1.61000000e+04,1.17313434e-04,2.91369470e-04
1.61100000e+04,1.17167157e-04,2.90852674e-04
1.61200000e+04,1.17035676e-04,2.90443832e-04
1.61300000e+04,1.16918009e-04,2.90080915e-04
1.61400000e+04,1.16804911e-04,2.89727213e-04
1.61500000e+04,1.16695667e-04,2.89371142e-04
1.61600000e+04,1.16588166e-04,2.89024621e-04
1.61700000e+04,1.16482466e-04,2.88669283e-04
1.61800000e+04,1.16378680e-04,2.88316398e-04
1.61900000e+04,1.16276229e-04,3.39843281e-04
1.62000000e+04,1.16172763e-04,2.87606927e-04
1.62100000e+04,1.16029865e-04,2.87182558e-04
1.62200000e+04,1.15896166e-04,2.86789659e-04
1.62300000e+04,1.15777332e-04,2.86464463e-04
1.62400000e+04,1.15660711e-04,2.87487803e-04
1.62500000e+04,1.15549748e-04,3.43700190e-04
1.62600000e+04,1.15439563e-04,1.05313948e-03
1.62700000e+04,1.15331528e-04,4.40142844e-04
1.62800000e+04,1.15225793e-04,2.86334043e-04
1.62900000e+04,1.15118773e-04,3.11248591e-04
1.63000000e+04,1.15013744e-04,2.89350404e-04
1.63100000e+04,1.14871003e-04,5.19630403e-03
1.63200000e+04,1.14739809e-04,9.22764029e-04
1.63300000e+04,1.14619202e-04,5.57015707e-04
1.63400000e+04,1.14503797e-04,2.82904773e-04
1.63500000e+04,1.14390095e-04,2.82576287e-04
1.63600000e+04,1.14279225e-04,2.82251708e-04
1.63700000e+04,1.14168291e-04,2.81926684e-04
1.63800000e+04,1.14059883e-04,2.81597782e-04
1.63900000e+04,1.13951642e-04,3.31410718e-04
1.64000000e+04,1.13844692e-04,2.80944546e-04
1.64100000e+04,1.13706957e-04,2.80534582e-04
1.64200000e+04,1.13575396e-04,2.80162813e-04
1.64300000e+04,1.13455606e-04,2.79803868e-04
1.64400000e+04,1.13337243e-04,2.79447393e-04
1.64500000e+04,1.13224553e-04,4.15652248e-04
1.64600000e+04,1.13111189e-04,2.78752284e-04
1.64700000e+04,1.13000183e-04,3.37058489e-04
1.64800000e+04,1.12890541e-04,2.78067307e-04
1.64900000e+04,1.12781100e-04,2.77724278e-04
1.65000000e+04,1.12673469e-04,2.77381611e-04
1.65100000e+04,1.12536721e-04,2.76965805e-04
1.65200000e+04,1.12408486e-04,2.76586618e-04
1.65300000e+04,1.12288937e-04,2.76217782e-04
1.65400000e+04,1.12172230e-04,2.75852228e-04
1.65500000e+04,1.12058060e-04,2.75503879e-04
1.65600000e+04,1.11945724e-04,2.75282668e-04
1.65700000e+04,1.11833446e-04,2.78543195e-04
1.65800000e+04,1.11724376e-04,4.22367444e-04
1.65900000e+04,1.11614204e-04,4.21646141e-04
1.66000000e+04,1.11506557e-04,2.78464114e-04
1.66100000e+04,1.11372015e-04,1.08110958e-03
1.66200000e+04,1.11244441e-04,4.19568681e-04
1.66300000e+04,1.11126396e-04,3.79258328e-04
1.66400000e+04,1.11010180e-04,2.95323046e-04
1.66500000e+04,1.10896302e-04,2.73990786e-04
1.66600000e+04,1.10783925e-04,2.74428312e-04
1.66700000e+04,1.10673088e-04,2.74205865e-04
1.66800000e+04,1.10562820e-04,2.72738254e-04
1.66900000e+04,1.10453081e-04,2.72213940e-04
1.67000000e+04,1.10343636e-04,2.72001464e-04
1.67100000e+04,1.10212470e-04,2.71605092e-04
1.67200000e+04,1.10087330e-04,2.71270300e-04
1.67300000e+04,1.09969668e-04,2.70960625e-04
1.67400000e+04,1.09855311e-04,2.70657451e-04
1.67500000e+04,1.09741504e-04,2.70359035e-04
1.67600000e+04,1.09630053e-04,2.70067449e-04
1.67700000e+04,1.09518169e-04,2.69769457e-04
1.67800000e+04,1.09408728e-04,2.69476161e-04
1.67900000e+04,1.09299278e-04,2.91026392e-04
1.68000000e+04,1.09190678e-04,2.68888134e-04
1.68100000e+04,1.09062498e-04,2.68508704e-04
1.68200000e+04,1.08938251e-04,2.68170112e-04
1.68300000e+04,1.08822969e-04,2.67847889e-04
1.68400000e+04,1.08709642e-04,2.67523470e-04
1.68500000e+04,1.08596019e-04,4.92275089e-04
1.68600000e+04,1.08484059e-04,2.66897329e-04
1.68700000e+04,1.08374232e-04,2.66588845e-04
1.68800000e+04,1.08265351e-04,2.66280324e-04
1.68900000e+04,1.08156330e-04,2.72220068e-04
1.69000000e+04,1.08047378e-04,2.65663450e-04
1.69100000e+04,1.07920808e-04,4.94023373e-04
1.69200000e+04,1.07800506e-04,2.64938706e-04
1.69300000e+04,1.07686620e-04,2.64752271e-04
1.69400000e+04,1.07573248e-04,2.71852821e-04
1.69500000e+04,1.07461996e-04,6.96339766e-04
1.69600000e+04,1.07350906e-04,4.74087497e-04
1.69700000e+04,1.07241591e-04,3.19918210e-04
1.69800000e+04,1.07132548e-04,2.94289597e-04
1.69900000e+04,1.07024156e-04,2.66873016e-04
1.70000000e+04,1.06915712e-04,2.66429408e-04
1.70100000e+04,1.06792805e-04,1.24281751e-03
1.70200000e+04,1.06674486e-04,8.86151484e-04
1.70300000e+04,1.06560995e-04,4.00199267e-04
1.70400000e+04,1.06449553e-04,3.91383989e-04
1.70500000e+04,1.06337877e-04,2.70037347e-04
1.70600000e+04,1.06229169e-04,2.68350968e-04
1.70700000e+04,1.06120170e-04,2.61576241e-04
1.70800000e+04,1.06011672e-04,2.62185728e-04
1.70900000e+04,1.05903177e-04,2.60957763e-04
1.71000000e+04,1.05796126e-04,2.60801430e-04
1.71100000e+04,1.05675522e-04,2.60410793e-04
1.71200000e+04,1.05559540e-04,2.60101166e-04
1.71300000e+04,1.05447304e-04,3.35456064e-04
1.71400000e+04,1.05337289e-04,2.59540799e-04
1.71500000e+04,1.05227268e-04,2.59272323e-04
1.71600000e+04,1.05118276e-04,2.59004293e-04
1.71700000e+04,1.05009199e-04,2.58735828e-04
1.71800000e+04,1.04902688e-04,2.58468097e-04
1.71900000e+04,1.04795913e-04,2.58198889e-04
1.72000000e+04,1.04689816e-04,2.57928999e-04
1.72100000e+04,1.04570332e-04,3.57407592e-04
1.72200000e+04,1.04456842e-04,2.57261690e-04
1.72300000e+04,1.04346673e-04,2.56960364e-04
1.72400000e+04,1.04236909e-04,3.44337848e-04
1.72500000e+04,1.04128615e-04,2.56375328e-04
1.72600000e+04,1.04021366e-04,2.56085658e-04
1.72700000e+04,1.03914070e-04,2.55800966e-04
1.72800000e+04,1.03807429e-04,2.55516136e-04
1.72900000e+04,1.03700738e-04,2.55232751e-04
1.73000000e+04,1.03595718e-04,2.54950434e-04
1.73100000e+04,1.03479569e-04,6.03469764e-03
1.73200000e+04,1.03367316e-04,2.54267704e-04
1.73300000e+04,1.03257397e-04,3.65923824e-04
1.73400000e+04,1.03149879e-04,2.71689516e-04
1.73500000e+04,1.03043437e-04,2.53351310e-04
1.73600000e+04,1.02936305e-04,2.53073094e-04
1.73700000e+04,1.02830425e-04,2.53016148e-04
1.73800000e+04,1.02725038e-04,2.58527120e-04
1.73900000e+04,1.02620491e-04,4.31439897e-04
1.74000000e+04,1.02514929e-04,2.52597372e-04
1.74100000e+04,1.02401358e-04,1.56636897e-03
1.74200000e+04,1.02290479e-04,1.25634993e-03
1.74300000e+04,1.02182489e-04,5.03796600e-04
1.74400000e+04,1.02075917e-04,2.66311334e-04
1.74500000e+04,1.01970178e-04,2.50966814e-04
1.74600000e+04,1.01864916e-04,2.50691460e-04
1.74700000e+04,1.01760421e-04,2.50309704e-04
1.74800000e+04,1.01655520e-04,2.50026525e-04
1.74900000e+04,1.01551350e-04,3.16300702e-04
1.75000000e+04,1.01446727e-04,2.49477208e-04
1.75100000e+04,1.01335246e-04,2.82447721e-04
1.75200000e+04,1.01226189e-04,7.71116849e-04
1.75300000e+04,1.01120815e-04,3.24171698e-04
1.75400000e+04,1.01015400e-04,2.48278975e-04
1.75500000e+04,1.00910655e-04,2.48000549e-04
1.75600000e+04,1.00815806e-04,2.47721773e-04
1.75700000e+04,1.00907063e-04,2.47444160e-04
1.75800000e+04,1.05023148e-04,2.47168421e-04
1.75900000e+04,1.04547736e-04,2.46893452e-04
1.76000000e+04,1.04236134e-04,2.46621972e-04
1.76100000e+04,1.01924014e-04,2.46361388e-04
1.76200000e+04,1.03994792e-04,4.14795488e-04
1.76300000e+04,1.03060704e-04,4.36632274e-04
1.76400000e+04,1.00658274e-04,3.04854129e-04
1.76500000e+04,1.01104173e-04,2.95603998e-04
1.76600000e+04,1.00565031e-04,2.46952789e-04
1.76700000e+04,1.00589260e-04,2.50361311e-04
1.76800000e+04,1.00574116e-04,2.44882850e-04
1.76900000e+04,1.00651529e-04,2.44529415e-04
1.77000000e+04,1.01719632e-04,2.43977867e-04
1.77100000e+04,1.03224592e-04,2.43525429e-04
1.77200000e+04,1.03125790e-04,2.43179996e-04
1.77300000e+04,1.03032968e-04,2.42860873e-04
1.77400000e+04,1.02945111e-04,2.42578202e-04
1.77500000e+04,1.02859948e-04,2.42301036e-04
1.77600000e+04,1.01741388e-04,2.42026833e-04
1.77700000e+04,1.00369871e-04,2.41752575e-04
1.77800000e+04,1.00462817e-04,2.41482442e-04
1.77900000e+04,1.00181592e-04,2.41208897e-04
1.78000000e+04,1.00135896e-04,3.78560962e-04
1.78100000e+04,1.00025730e-04,1.04238040e-03
1.78200000e+04,9.99490458e-05,7.21043998e-04
1.78300000e+04,9.98745163e-05,3.41603605e-04
1.78400000e+04,9.98010942e-05,8.04619714e-04
1.78500000e+04,9.97291390e-05,2.71079539e-04
1.78600000e+04,9.96571616e-05,2.79527654e-04
1.78700000e+04,9.95866089e-05,2.50017125e-04
1.78800000e+04,9.95145915e-05,2.45260541e-04
1.78900000e+04,9.94414081e-05,2.39663347e-04
1.79000000e+04,9.93682258e-05,2.38525298e-04
1.79100000e+04,9.92488544e-05,2.38251153e-04
1.79200000e+04,9.91469046e-05,2.37933118e-04
1.79300000e+04,9.90540134e-05,2.37636191e-04
1.79400000e+04,9.89643886e-05,2.91983170e-04
1.79500000e+04,9.88771712e-05,2.37135181e-04
1.79600000e+04,9.87905539e-05,2.36895192e-04
1.79700000e+04,9.87053795e-05,2.36652389e-04
1.79800000e+04,9.86208513e-05,2.36410832e-04
1.79900000e+04,9.85369327e-05,2.36163758e-04
1.80000000e+04,9.84521359e-05,2.35920127e-04
1.80100000e+04,9.83276029e-05,2.35619208e-04
1.80200000e+04,9.82175752e-05,2.35344095e-04
1.80300000e+04,9.81167664e-05,2.35078755e-04
1.80400000e+04,9.80196398e-05,2.34813320e-04
1.80500000e+04,9.79257115e-05,2.34553807e-04
1.80600000e+04,9.78314833e-05,2.34296082e-04
1.80700000e+04,9.77392208e-05,2.34041536e-04
1.80800000e+04,9.76473716e-05,2.33786038e-04
1.80900000e+04,9.75561341e-05,2.33534473e-04
1.81000000e+04,9.74656409e-05,2.33277717e-04
1.81100000e+04,9.73391864e-05,2.32975195e-04
1.81200000e+04,9.72264370e-05,2.33030228e-04
1.81300000e+04,9.71227714e-05,3.23862793e-04
1.81400000e+04,9.70207298e-05,4.59047274e-04
1.81500000e+04,9.69213295e-05,2.40830961e-04
1.81600000e+04,9.68237828e-05,2.42007679e-04
1.81700000e+04,9.67279541e-05,2.42602935e-04
1.81800000e+04,9.66315408e-05,2.38221170e-04
1.81900000e+04,9.65362308e-05,2.33679298e-04
1.82000000e+04,9.64411727e-05,2.31705388e-04
1.82100000e+04,9.63150583e-05,2.30729536e-04
1.82200000e+04,9.62004785e-05,2.30693592e-04
1.82300000e+04,9.60941520e-05,2.30407811e-04
1.82400000e+04,9.59914307e-05,2.43902489e-04
1.82500000e+04,9.58898383e-05,2.30013713e-04
1.82600000e+04,9.57892182e-05,2.29987131e-04
1.82700000e+04,9.56902065e-05,2.33835960e-04
1.82800000e+04,9.55915887e-05,3.26421889e-04
1.82900000e+04,9.54937968e-05,2.33347152e-04
1.83000000e+04,9.53966262e-05,2.37372134e-04
1.83100000e+04,9.52718822e-05,2.32562871e-04
1.83200000e+04,9.51588761e-05,2.29921919e-04
1.83300000e+04,9.50520507e-05,2.28898891e-04
1.83400000e+04,9.49477903e-05,2.28380517e-04
1.83500000e+04,9.48449788e-05,2.28051692e-04
1.83600000e+04,9.47442479e-05,2.27814941e-04
1.83700000e+04,9.46447465e-05,2.27592584e-04
1.83800000e+04,9.45748543e-05,2.27381829e-04
1.83900000e+04,9.53719637e-05,2.27168851e-04
1.84000000e+04,9.78569161e-05,2.26956848e-04
1.84100000e+04,9.77531147e-05,2.26674034e-04
1.84200000e+04,9.76576542e-05,2.26418282e-04
1.84300000e+04,9.75661648e-05,2.40473506e-04
1.84400000e+04,9.74779683e-05,2.25937828e-04
1.84500000e+04,9.73924579e-05,2.25706468e-04
1.84600000e+04,9.73070245e-05,2.25477071e-04
1.84700000e+04,9.48839854e-05,2.25247689e-04
1.84800000e+04,9.56913366e-05,2.25025551e-04
1.84900000e+04,9.49378739e-05,2.24853353e-04
1.85000000e+04,9.47752831e-05,2.26169746e-04
1.85100000e+04,9.47147573e-05,2.59204834e-04
1.85200000e+04,9.46432219e-05,2.26615013e-04
1.85300000e+04,9.46066089e-05,2.26271312e-04
1.85400000e+04,9.45567499e-05,2.25621632e-04
1.85500000e+04,9.45127388e-05,3.05764454e-04
1.85600000e+04,9.44683175e-05,2.23922656e-04
1.85700000e+04,9.44246706e-05,2.23478313e-04
1.85800000e+04,9.43811567e-05,2.23186922e-04
1.85900000e+04,9.43358848e-05,2.22944851e-04
1.86000000e+04,9.42905731e-05,2.22734559e-04
1.86100000e+04,9.41978399e-05,2.24643482e-03
1.86200000e+04,9.41213148e-05,1.04558516e-03
1.86300000e+04,9.40549342e-05,2.95049960e-04
1.86400000e+04,9.39913709e-05,2.21719756e-04
1.86500000e+04,9.39309195e-05,2.21492745e-04
1.86600000e+04,9.38705853e-05,2.21264972e-04
1.86700000e+04,9.38115513e-05,2.21038254e-04
1.86800000e+04,9.37532448e-05,2.20814594e-04
1.86900000e+04,9.36948040e-05,2.20589074e-04
1.87000000e+04,9.36366650e-05,2.20365715e-04
1.87100000e+04,9.35372962e-05,2.20074658e-04
1.87200000e+04,9.34518037e-05,2.19816725e-04
1.87300000e+04,9.33790270e-05,2.19980967e-04
1.87400000e+04,9.33066697e-05,2.65061826e-04
1.87500000e+04,9.32378236e-05,2.63056110e-04
1.87600000e+04,9.31697516e-05,2.85695341e-04
1.87700000e+04,9.31029899e-05,2.35149136e-04
1.87800000e+04,9.30360611e-05,2.19697795e-04
1.87900000e+04,9.29701012e-05,2.21783594e-04
1.88000000e+04,9.29058497e-05,2.68872156e-04
1.88100000e+04,9.28044178e-05,6.01711157e-03
1.88200000e+04,9.27149624e-05,2.39444936e-03
1.88300000e+04,9.26367825e-05,5.03566919e-04
1.88400000e+04,9.25603595e-05,2.54691653e-04
1.88500000e+04,9.24863571e-05,2.22613340e-04
1.88600000e+04,9.24135281e-05,2.20549925e-04
1.88700000e+04,9.23424216e-05,2.17953245e-04
1.88800000e+04,9.22721474e-05,2.17142560e-04
1.88900000e+04,9.22011473e-05,2.16703503e-04
1.89000000e+04,9.21320770e-05,2.16490419e-04
1.89100000e+04,9.20310063e-05,2.16233100e-04
1.89200000e+04,9.19409708e-05,2.16008699e-04
1.89300000e+04,9.18600231e-05,2.15799889e-04
1.89400000e+04,9.17803493e-05,2.15596898e-04
1.89500000e+04,9.17039297e-05,2.15400281e-04
1.89600000e+04,9.16279878e-05,2.15203817e-04
1.89700000e+04,9.15536818e-05,2.15007128e-04
1.89800000e+04,9.14802508e-05,2.14808995e-04
1.89900000e+04,9.14062355e-05,2.14615083e-04
1.90000000e+04,9.13347590e-05,2.14419408e-04
1.90100000e+04,9.12342077e-05,2.14161573e-04
1.90200000e+04,9.11442603e-05,2.13928389e-04
1.90300000e+04,9.10612382e-05,2.13706578e-04
1.90400000e+04,9.09812336e-05,2.13487642e-04
1.90500000e+04,9.09028056e-05,2.13279281e-04
1.90600000e+04,9.08257623e-05,2.13066516e-04
1.90700000e+04,9.07498945e-05,2.12859257e-04
1.90800000e+04,9.06739203e-05,2.12651092e-04
1.90900000e+04,9.05989359e-05,2.12446086e-04
1.91000000e+04,9.05244281e-05,2.12240125e-04
1.91100000e+04,9.04260785e-05,2.69361089e-04
1.91200000e+04,9.03368170e-05,2.11819498e-04
1.91300000e+04,9.02535628e-05,2.26577183e-04
1.91400000e+04,9.01727856e-05,5.12058423e-04
1.91500000e+04,9.00928922e-05,3.05697921e-04
1.91600000e+04,9.00148252e-05,2.23781906e-04
1.91700000e+04,8.99369031e-05,2.17036800e-04
1.91800000e+04,8.98603125e-05,2.13176468e-04
1.91900000e+04,8.97841853e-05,2.11386027e-04
1.92000000e+04,8.97088842e-05,2.14300542e-04
1.92100000e+04,8.96121514e-05,2.09955710e-04
1.92200000e+04,8.95226412e-05,2.09724709e-04
1.92300000e+04,8.94399511e-05,2.09491963e-04
1.92400000e+04,8.93591550e-05,2.09293876e-04
1.92500000e+04,8.92794212e-05,2.09097340e-04
1.92600000e+04,8.91996244e-05,2.08895676e-04
1.92700000e+04,8.91228565e-05,2.08695971e-04
1.92800000e+04,8.90447716e-05,2.08502437e-04
1.92900000e+04,8.89684909e-05,2.08305047e-04
1.93000000e+04,8.88916534e-05,2.08108767e-04
1.93100000e+04,8.87967326e-05,2.07863217e-04
1.93200000e+04,8.87082006e-05,2.07640180e-04
1.93300000e+04,8.86250100e-05,2.07423528e-04
1.93400000e+04,8.85452305e-05,2.07211560e-04
1.93500000e+04,8.84652984e-05,2.07005588e-04
1.93600000e+04,8.83854193e-05,2.06799216e-04
1.93700000e+04,8.83067860e-05,2.06593739e-04
1.93800000e+04,8.82302925e-05,2.06391006e-04
1.93900000e+04,8.81531851e-05,2.06187805e-04
1.94000000e+04,8.80760699e-05,2.05986647e-04
1.94100000e+04,8.79820802e-05,2.05739885e-04
1.94200000e+04,8.78954759e-05,2.05514895e-04
1.94300000e+04,8.78128842e-05,2.05297256e-04
1.94400000e+04,8.77322530e-05,2.05127773e-04
1.94500000e+04,8.76526517e-05,2.06072763e-04
1.94600000e+04,8.75737983e-05,2.44450552e-04
1.94700000e+04,8.74952602e-05,2.36111866e-04
1.94800000e+04,8.74174259e-05,2.11640115e-04
1.94900000e+04,8.73410247e-05,2.14537161e-04
1.95000000e+04,8.72637629e-05,2.19947121e-04
1.95100000e+04,8.71719169e-05,2.44388458e-04
1.95200000e+04,8.70858348e-05,2.27484618e-04
1.95300000e+04,8.70043746e-05,2.22803837e-04
1.95400000e+04,8.69246667e-05,2.04992727e-04
1.95500000e+04,8.68449574e-05,2.04137893e-04
1.95600000e+04,8.67653016e-05,2.04133039e-04
1.95700000e+04,8.66875632e-05,2.02972571e-04
1.95800000e+04,8.66093826e-05,2.02987328e-04
1.95900000e+04,8.65331372e-05,2.02715615e-04
1.96000000e+04,8.64555846e-05,2.02481498e-04
1.96100000e+04,8.63657503e-05,2.02226587e-04
1.96200000e+04,8.62811419e-05,2.02015615e-04
1.96300000e+04,8.62002755e-05,2.01818473e-04
1.96400000e+04,8.61214612e-05,2.01623555e-04
1.96500000e+04,8.60405663e-05,2.01433406e-04
1.96600000e+04,8.59625849e-05,2.01245185e-04
1.96700000e+04,8.58856491e-05,2.01055980e-04
1.96800000e+04,8.58070201e-05,2.00867595e-04
1.96900000e+04,8.57307390e-05,2.00677662e-04
1.97000000e+04,8.56545804e-05,2.00491488e-04
1.97100000e+04,8.55660785e-05,2.00246617e-04
1.97200000e+04,8.54818006e-05,2.00025413e-04
1.97300000e+04,8.54013969e-05,1.99814532e-04
1.97400000e+04,8.53229582e-05,1.99604593e-04
1.97500000e+04,8.52438891e-05,1.99405557e-04
1.97600000e+04,8.51663747e-05,1.99210226e-04
1.97700000e+04,8.50890449e-05,1.99047092e-04
1.97800000e+04,8.50123072e-05,1.99554083e-04
1.97900000e+04,8.49351062e-05,2.18323119e-04
1.98000000e+04,8.48595250e-05,2.68991380e-04
1.98100000e+04,8.47722497e-05,1.57352914e-03
1.98200000e+04,8.46894554e-05,7.91383769e-04
1.98300000e+04,8.46105511e-05,4.93168382e-04
1.98400000e+04,8.45313856e-05,2.83399255e-04
1.98500000e+04,8.44540436e-05,2.10213754e-04
1.98600000e+04,8.43752224e-05,1.99570583e-04
1.98700000e+04,8.42996062e-05,2.00899134e-04
1.98800000e+04,8.42226282e-05,2.00527068e-04
1.98900000e+04,8.41470691e-05,1.99668153e-04
1.99000000e+04,8.40711319e-05,1.99185819e-04
1.99100000e+04,8.39853370e-05,1.99029428e-04
1.99200000e+04,8.39041331e-05,1.98930755e-04
1.99300000e+04,8.38247560e-05,1.98852504e-04
1.99400000e+04,8.37469390e-05,1.98776607e-04
1.99500000e+04,8.36696750e-05,1.98699197e-04
1.99600000e+04,8.35949822e-05,1.98626577e-04
1.99700000e+04,8.35555709e-05,1.98551695e-04
1.99800000e+04,8.43711190e-05,1.98474632e-04
1.99900000e+04,8.63710811e-05,1.98401188e-04
2.00000000e+04,8.46341808e-05,1.98323805e-04
2.00100000e+04,8.62601102e-05,1.22625232e-03
2.00200000e+04,8.62034961e-05,3.56066374e-04
2.00300000e+04,8.61462091e-05,1.97930324e-04
2.00400000e+04,8.60896016e-05,1.97821392e-04
2.00500000e+04,8.60322020e-05,1.97716331e-04
2.00600000e+04,8.35788246e-05,1.97615843e-04
2.00700000e+04,8.42861249e-05,1.97514906e-04
2.00800000e+04,8.36011633e-05,1.97417105e-04
2.00900000e+04,8.33386761e-05,1.97318488e-04
2.01000000e+04,8.33300252e-05,1.97219686e-04
2.01100000e+04,8.32367318e-05,1.97056443e-04
2.01200000e+04,8.31898839e-05,1.96916359e-04
2.01300000e+04,8.31523400e-05,1.96787939e-04
2.01400000e+04,8.31113379e-05,1.96665520e-04
2.01500000e+04,8.30713810e-05,1.96545315e-04
2.01600000e+04,8.30305088e-05,1.96430152e-04
2.01700000e+04,8.29904208e-05,1.96318274e-04
2.01800000e+04,8.29480000e-05,1.96205267e-04
2.01900000e+04,8.29063083e-05,1.96092275e-04
2.02000000e+04,8.28628509e-05,1.95983459e-04
2.02100000e+04,8.27926008e-05,1.51945651e-03
2.02200000e+04,8.27300139e-05,5.00178308e-04
2.02300000e+04,8.26757106e-05,2.67162965e-04
2.02400000e+04,8.26219296e-05,1.95399005e-04
2.02500000e+04,8.25703322e-05,1.95271933e-04
2.02600000e+04,8.25169684e-05,1.95146950e-04
2.02700000e+04,8.24667231e-05,1.95024788e-04
2.02800000e+04,8.24148265e-05,1.94904440e-04
2.02900000e+04,8.23633878e-05,1.94785129e-04
2.03000000e+04,8.23113639e-05,1.94664227e-04
2.03100000e+04,8.22362498e-05,7.38509423e-04
2.03200000e+04,8.21686916e-05,3.93438640e-04
2.03300000e+04,8.21082816e-05,1.94203031e-04
2.03400000e+04,8.20493229e-05,1.94064728e-04
2.03500000e+04,8.19903013e-05,1.93929325e-04
2.03600000e+04,8.19336235e-05,1.93801038e-04
2.03700000e+04,8.18762480e-05,1.93671423e-04
2.03800000e+04,8.18194607e-05,1.93545165e-04
2.03900000e+04,8.17640955e-05,1.93419406e-04
2.04000000e+04,8.17078085e-05,1.93293465e-04
2.04100000e+04,8.16302008e-05,1.93121792e-04
2.04200000e+04,8.15598421e-05,1.92970040e-04
2.04300000e+04,8.14958956e-05,1.92823910e-04
2.04400000e+04,8.14332197e-05,1.92682790e-04
2.04500000e+04,8.13716209e-05,1.92546630e-04
2.04600000e+04,8.13112009e-05,1.92411714e-04
2.04700000e+04,8.12516415e-05,1.92277112e-04
2.04800000e+04,8.11914387e-05,1.92145827e-04
2.04900000e+04,8.11329276e-05,1.92015516e-04
2.05000000e+04,8.10730797e-05,1.91883513e-04
2.05100000e+04,8.09955017e-05,1.91714103e-04
2.05200000e+04,8.09247014e-05,1.91558840e-04
2.05300000e+04,8.08581819e-05,1.91412511e-04
2.05400000e+04,8.07935771e-05,1.91268289e-04
2.05500000e+04,8.07304164e-05,1.91128439e-04
2.05600000e+04,8.06676727e-05,1.90989782e-04
2.05700000e+04,8.06054628e-05,1.90853619e-04
2.05800000e+04,8.05442328e-05,1.90717881e-04
2.05900000e+04,8.04827661e-05,1.90581738e-04
2.06000000e+04,8.04215014e-05,1.90447827e-04
2.06100000e+04,8.03442989e-05,1.90280095e-04
2.06200000e+04,8.02726673e-05,1.90123929e-04
2.06300000e+04,8.02056588e-05,1.89975448e-04
2.06400000e+04,8.01406695e-05,1.89828756e-04
2.06500000e+04,8.00753245e-05,1.89685269e-04
2.06600000e+04,8.00116895e-05,1.89545161e-04
2.06700000e+04,7.99482082e-05,1.89406140e-04
2.06800000e+04,7.98860680e-05,1.89267302e-04
2.06900000e+04,7.98229989e-05,1.89130686e-04
2.07000000e+04,7.97606609e-05,1.88993186e-04
2.07100000e+04,7.96844230e-05,6.19460803e-04
2.07200000e+04,7.96134866e-05,2.78816187e-04
2.07300000e+04,7.95451424e-05,3.18206374e-04
2.07400000e+04,7.94797101e-05,2.04296857e-04
2.07500000e+04,7.94143714e-05,1.99667671e-04
2.07600000e+04,7.93496275e-05,1.88149542e-04
2.07700000e+04,7.92857879e-05,1.89625966e-04
2.07800000e+04,7.92223519e-05,1.88008740e-04
2.07900000e+04,7.91589174e-05,1.87848722e-04
2.08000000e+04,7.90951042e-05,1.87619343e-04
2.08100000e+04,7.90193575e-05,1.87455814e-04
2.08200000e+04,7.89492998e-05,1.87307183e-04
2.08300000e+04,7.88815501e-05,1.87171496e-04
2.08400000e+04,7.88152211e-05,2.03459428e-04
2.08500000e+04,7.87493678e-05,1.86900734e-04
2.08600000e+04,7.86846350e-05,1.86770544e-04
2.08700000e+04,7.86205394e-05,1.86639100e-04
2.08800000e+04,7.85552949e-05,1.86508038e-04
2.08900000e+04,7.84912409e-05,1.86377180e-04
2.09000000e+04,7.84288356e-05,1.86245450e-04
2.09100000e+04,7.83541609e-05,5.45050707e-04
2.09200000e+04,7.82831370e-05,2.07492977e-04
2.09300000e+04,7.82169348e-05,1.85804843e-04
2.09400000e+04,7.81500121e-05,1.85664707e-04
2.09500000e+04,7.80847568e-05,1.85528767e-04
2.09600000e+04,7.80194372e-05,1.85392060e-04
2.09700000e+04,7.79541375e-05,1.85255966e-04
2.09800000e+04,7.78909173e-05,1.85123453e-04
2.09900000e+04,7.78252393e-05,1.84989438e-04
2.10000000e+04,7.77623582e-05,1.84856553e-04
2.10100000e+04,7.76891047e-05,1.84700377e-04
2.10200000e+04,7.76194100e-05,1.84554243e-04
2.10300000e+04,7.75529436e-05,1.84411826e-04
2.10400000e+04,7.74856260e-05,1.84271517e-04
2.10500000e+04,7.74207142e-05,1.84132660e-04
2.10600000e+04,7.73552308e-05,1.84013304e-04
2.10700000e+04,7.72909785e-05,1.84412187e-04
2.10800000e+04,7.72259810e-05,2.09651029e-04
2.10900000e+04,7.71623040e-05,1.83964462e-04
2.11000000e+04,7.70983170e-05,1.93315394e-04
2.11100000e+04,7.70256130e-05,1.86741075e-04
2.11200000e+04,7.69563572e-05,1.83839539e-04
2.11300000e+04,7.68902200e-05,1.83276670e-04
2.11400000e+04,7.68241038e-05,1.83183139e-04
2.11500000e+04,7.67591304e-05,1.83081665e-04
2.11600000e+04,7.66927448e-05,1.82963606e-04
2.11700000e+04,7.66288356e-05,1.82843427e-04
2.11800000e+04,7.65644352e-05,1.82726463e-04
2.11900000e+04,7.65007024e-05,1.82611820e-04
2.12000000e+04,7.64360852e-05,1.82496041e-04
2.12100000e+04,7.63662607e-05,1.82350343e-04
2.12200000e+04,7.62974478e-05,1.82216824e-04
2.12300000e+04,7.62313217e-05,1.82087115e-04
2.12400000e+04,7.61658617e-05,1.81959277e-04
2.12500000e+04,7.61006374e-05,1.81832280e-04
2.12600000e+04,7.60360736e-05,1.81709117e-04
2.12700000e+04,7.59718513e-05,1.81586971e-04
2.12800000e+04,7.59087495e-05,1.81462141e-04
2.12900000e+04,7.58563135e-05,1.81337725e-04
2.13000000e+04,7.59801933e-05,1.81215898e-04
2.13100000e+04,7.63556246e-05,1.81063703e-04
2.13200000e+04,7.72900089e-05,1.80923442e-04
2.13300000e+04,7.90007585e-05,1.80786231e-04
2.13400000e+04,7.67002934e-05,1.80650645e-04
2.13500000e+04,7.56389350e-05,1.80519953e-04
2.13600000e+04,7.58586576e-05,1.80387467e-04
2.13700000e+04,7.56739663e-05,1.80259699e-04
2.13800000e+04,7.56298768e-05,1.80129779e-04
2.13900000e+04,7.60892701e-05,1.79999211e-04
2.14000000e+04,7.90135369e-05,1.79871344e-04
2.14100000e+04,8.10013577e-05,1.98075813e-04
2.14200000e+04,8.09643895e-05,2.42571201e-04
2.14300000e+04,8.09283303e-05,2.67231484e-04
2.14400000e+04,7.73429788e-05,2.35842321e-04
2.14500000e+04,7.74475607e-05,1.96742038e-04
2.14600000e+04,7.75536321e-05,1.82889718e-04
2.14700000e+04,7.65976739e-05,1.79480344e-04
2.14800000e+04,7.61033093e-05,1.78814229e-04
2.14900000e+04,7.58201065e-05,1.78721688e-04
2.15000000e+04,7.57629932e-05,1.78621904e-04
2.15100000e+04,7.57219789e-05,1.78437155e-04
2.15200000e+04,7.57029006e-05,1.78313449e-04
2.15300000e+04,7.56888641e-05,1.78171736e-04
2.15400000e+04,7.56757523e-05,1.78047582e-04
2.15500000e+04,7.56625312e-05,1.77920911e-04
2.15600000e+04,7.56475813e-05,1.77799410e-04
2.15700000e+04,7.56329633e-05,1.77676395e-04
2.15800000e+04,7.56162310e-05,1.77553977e-04
2.15900000e+04,7.56000791e-05,1.77430517e-04
2.16000000e+04,7.55817383e-05,1.77307858e-04
2.16100000e+04,7.55319037e-05,1.77164643e-04
2.16200000e+04,7.54905084e-05,1.77029523e-04
2.16300000e+04,7.54576622e-05,1.76898358e-04
2.16400000e+04,7.54263166e-05,1.76767453e-04
2.16500000e+04,7.53955923e-05,1.76639967e-04
2.16600000e+04,7.53665863e-05,1.76513553e-04
2.16700000e+04,7.53373465e-05,1.76387034e-04
2.16800000e+04,7.53091072e-05,1.76261820e-04
2.16900000e+04,7.52813327e-05,1.76135330e-04
2.17000000e+04,7.52520272e-05,1.76009839e-04
2.17100000e+04,7.51947214e-05,1.75866392e-04
2.17200000e+04,7.51458554e-05,1.75730099e-04
2.17300000e+04,7.51052715e-05,1.75598600e-04
2.17400000e+04,7.50661916e-05,1.75467438e-04
2.17500000e+04,7.50280200e-05,1.75338909e-04
2.17600000e+04,7.49920605e-05,1.75219396e-04
2.17700000e+04,7.49565050e-05,1.75174375e-04
2.17800000e+04,7.49209494e-05,1.76972275e-04
2.17900000e+04,7.48863654e-05,1.93298885e-04
2.18000000e+04,7.48523839e-05,1.80406490e-04
2.18100000e+04,7.47922423e-05,1.75662296e-04
2.18200000e+04,7.47392506e-05,1.74811437e-04
2.18300000e+04,7.46937650e-05,1.74904310e-04
2.18400000e+04,7.46496293e-05,1.74826978e-04
2.18500000e+04,7.46082937e-05,1.74674129e-04
2.18600000e+04,7.45676698e-05,1.74590985e-04
2.18700000e+04,7.45277687e-05,1.74498467e-04
2.18800000e+04,7.44876645e-05,1.74412074e-04
2.18900000e+04,7.44490310e-05,1.74324568e-04
2.19000000e+04,7.44104375e-05,1.74233920e-04
2.19100000e+04,7.43496514e-05,1.74098033e-04
2.19200000e+04,7.42959065e-05,1.74005859e-04
2.19300000e+04,7.42470063e-05,1.76941731e-04
2.19400000e+04,7.42012231e-05,2.65071692e-04
2.19500000e+04,7.41569836e-05,1.75075733e-04
2.19600000e+04,7.41133928e-05,1.79637871e-04
2.19700000e+04,7.40698117e-05,1.77195433e-04
2.19800000e+04,7.40279438e-05,1.73760134e-04
2.19900000e+04,7.39867008e-05,1.73256554e-04
2.20000000e+04,7.39439769e-05,1.73260403e-04
2.20100000e+04,7.38831349e-05,1.73022968e-04
2.20200000e+04,7.38277530e-05,1.72919778e-04
2.20300000e+04,7.37792300e-05,1.72813515e-04
2.20400000e+04,7.37309495e-05,1.72702519e-04
2.20500000e+04,7.36843622e-05,1.72592622e-04
2.20600000e+04,7.36388795e-05,1.72485190e-04
2.20700000e+04,7.35948138e-05,1.72377805e-04
2.20800000e+04,7.35507030e-05,1.72270982e-04
2.20900000e+04,7.35064848e-05,1.72161628e-04
2.21000000e+04,7.34631934e-05,1.72052268e-04
2.21100000e+04,7.34031008e-05,1.71904237e-04
2.21200000e+04,7.33473848e-05,1.71773330e-04
2.21300000e+04,7.32979821e-05,1.71646371e-04
2.21400000e+04,7.32484299e-05,1.71521364e-04
2.21500000e+04,7.32008594e-05,1.71401606e-04
2.21600000e+04,7.31545520e-05,1.71284009e-04
2.21700000e+04,7.31081664e-05,1.71163407e-04
2.21800000e+04,7.30630301e-05,1.71045751e-04
2.21900000e+04,7.30177561e-05,1.70928998e-04
2.22000000e+04,7.29726471e-05,1.70810976e-04
2.22100000e+04,7.29130977e-05,2.37059331e-04
2.22200000e+04,7.28577368e-05,1.70530514e-04
2.22300000e+04,7.28069058e-05,1.71137535e-04
2.22400000e+04,7.27578094e-05,2.00632814e-04
2.22500000e+04,7.27092064e-05,1.80243457e-04
2.22600000e+04,7.26616131e-05,1.70780955e-04
2.22700000e+04,7.26148154e-05,1.71453886e-04
2.22800000e+04,7.25682107e-05,1.69927961e-04
2.22900000e+04,7.25222865e-05,1.69835370e-04
2.23000000e+04,7.24772594e-05,1.69569546e-04
2.23100000e+04,7.24178140e-05,1.74404852e-04
2.23200000e+04,7.23634691e-05,1.69304317e-04
2.23300000e+04,7.23122457e-05,1.69176839e-04
2.23400000e+04,7.22633393e-05,1.69056575e-04
2.23500000e+04,7.22131538e-05,1.68935643e-04
2.23600000e+04,7.21659054e-05,1.68814719e-04
2.23700000e+04,7.21185100e-05,1.68695988e-04
2.23800000e+04,7.20716641e-05,1.68577382e-04
2.23900000e+04,7.20248275e-05,1.68459943e-04
2.24000000e+04,7.19794083e-05,1.68342892e-04
2.24100000e+04,7.19213447e-05,1.68200306e-04
2.24200000e+04,7.18660657e-05,1.68066822e-04
2.24300000e+04,7.18153517e-05,1.67938706e-04
2.24400000e+04,7.17663391e-05,1.67815439e-04
2.24500000e+04,7.17169899e-05,1.67700477e-04
2.24600000e+04,7.16683567e-05,1.67710137e-04
2.24700000e+04,7.16208635e-05,1.70509151e-04
2.24800000e+04,7.15737692e-05,1.99124040e-04
2.24900000e+04,7.15267843e-05,1.76928965e-04
2.25000000e+04,7.14798455e-05,1.70518142e-04
2.25100000e+04,7.14230944e-05,1.67905920e-04
2.25200000e+04,7.13685155e-05,1.67101058e-04
2.25300000e+04,7.13190603e-05,1.66823862e-04
2.25400000e+04,7.12689467e-05,1.66678481e-04
2.25500000e+04,7.12198995e-05,1.66554720e-04
2.25600000e+04,7.11710974e-05,1.66440079e-04
2.25700000e+04,7.11233771e-05,1.66324360e-04
2.25800000e+04,7.10762695e-05,1.66209535e-04
2.25900000e+04,7.10287820e-05,1.66097543e-04
2.26000000e+04,7.09817310e-05,1.65982712e-04
2.26100000e+04,7.09251091e-05,1.65839432e-04
2.26200000e+04,7.08724998e-05,1.65710631e-04
2.26300000e+04,7.08208636e-05,1.65583919e-04
2.26400000e+04,7.07723989e-05,1.65457184e-04
2.26500000e+04,7.07242740e-05,1.65339381e-04
2.26600000e+04,7.06745685e-05,1.65217506e-04
2.26700000e+04,7.06279041e-05,1.65097757e-04
2.26800000e+04,7.05794821e-05,1.64978653e-04
2.26900000e+04,7.05319683e-05,1.64860198e-04
2.27000000e+04,7.04846352e-05,1.64742151e-04
2.27100000e+04,7.04299763e-05,1.64598732e-04
2.27200000e+04,7.03772197e-05,1.64464653e-04
2.27300000e+04,7.03270121e-05,1.64336033e-04
2.27400000e+04,7.02782529e-05,1.64208360e-04
2.27500000e+04,7.02289313e-05,1.64083342e-04
2.27600000e+04,7.01806058e-05,1.63959845e-04
2.27700000e+04,7.01323631e-05,1.63840605e-04
2.27800000e+04,7.00849494e-05,1.63769375e-04
2.27900000e+04,7.00375991e-05,1.65299431e-04
2.28000000e+04,6.99898510e-05,1.98317967e-04
2.28100000e+04,6.99356825e-05,3.41402107e-04
2.28200000e+04,6.98841641e-05,2.09470508e-04
2.28300000e+04,6.98341316e-05,1.66135341e-04
2.28400000e+04,6.97848523e-05,1.63933614e-04
2.28500000e+04,6.97365666e-05,1.64103971e-04
2.28600000e+04,6.96884046e-05,1.63540917e-04
2.28700000e+04,6.96409678e-05,1.63422289e-04
2.28800000e+04,6.95927585e-05,1.63324955e-04
2.28900000e+04,6.95458615e-05,1.63216583e-04
2.29000000e+04,6.94990433e-05,1.63136734e-04
2.29100000e+04,6.94453254e-05,1.63016452e-04
2.29200000e+04,6.93943442e-05,1.62909366e-04
2.29300000e+04,6.93453991e-05,1.62806609e-04
2.29400000e+04,6.92958356e-05,1.62703423e-04
2.29500000e+04,6.92474673e-05,1.62606241e-04
2.29600000e+04,6.91995567e-05,1.62510367e-04
2.29700000e+04,6.91517583e-05,1.62411778e-04
2.29800000e+04,6.91041031e-05,1.62312637e-04
2.29900000e+04,6.90572314e-05,1.62214172e-04
2.30000000e+04,6.90098753e-05,1.62115285e-04
2.30100000e+04,6.89582365e-05,2.35943409e-04
2.30200000e+04,6.89074468e-05,1.89511000e-04
2.30300000e+04,6.88573377e-05,1.61723774e-04
2.30400000e+04,6.88089535e-05,1.61605858e-04
2.30500000e+04,6.87610432e-05,1.61492174e-04
2.30600000e+04,6.87130273e-05,1.61380269e-04
2.30700000e+04,6.86654628e-05,1.61268698e-04
2.30800000e+04,6.86185831e-05,1.61157574e-04
2.30900000e+04,6.85715374e-05,1.61048249e-04
2.31000000e+04,6.85242335e-05,1.60937778e-04
2.31100000e+04,6.84728922e-05,3.82062887e-04
2.31200000e+04,6.84226183e-05,1.67627173e-04
2.31300000e+04,6.83738818e-05,1.69270866e-04
2.31400000e+04,6.83254796e-05,1.61943423e-04
2.31500000e+04,6.82773831e-05,1.63683981e-04
2.31600000e+04,6.82300519e-05,1.61851512e-04
2.31700000e+04,6.81831309e-05,1.60734647e-04
2.31800000e+04,6.81356804e-05,1.60245066e-04
2.31900000e+04,6.80888431e-05,1.59990416e-04
2.32000000e+04,6.80418611e-05,1.59822108e-04
2.32100000e+04,6.79909086e-05,1.59631808e-04
2.32200000e+04,6.79408091e-05,1.59511832e-04
2.32300000e+04,6.78925169e-05,1.59389003e-04
2.32400000e+04,6.78450086e-05,1.59276877e-04
2.32500000e+04,6.77978810e-05,1.59163665e-04
2.32600000e+04,6.77501180e-05,1.59052570e-04
2.32700000e+04,6.77025829e-05,1.58940328e-04
2.32800000e+04,6.76556845e-05,1.58832158e-04
2.32900000e+04,6.76094839e-05,1.58724506e-04
2.33000000e+04,6.75628010e-05,1.58614802e-04
2.33100000e+04,6.75120550e-05,1.58477250e-04
2.33200000e+04,6.74633843e-05,1.58349303e-04
2.33300000e+04,6.74157963e-05,1.58227313e-04
2.33400000e+04,6.73668327e-05,1.58107947e-04
2.33500000e+04,6.73203501e-05,1.57992035e-04
2.33600000e+04,6.72729774e-05,1.57876782e-04
2.33700000e+04,6.72258245e-05,1.57763827e-04
2.33800000e+04,6.71787119e-05,1.57651132e-04
2.33900000e+04,6.71318843e-05,1.57539506e-04
2.34000000e+04,6.70859146e-05,1.57425678e-04
2.34100000e+04,6.70363008e-05,1.57287803e-04
2.34200000e+04,6.69881816e-05,1.57158946e-04
2.34300000e+04,6.69401538e-05,1.57053914e-04
2.34400000e+04,6.68930757e-05,1.57484653e-04
2.34500000e+04,6.68454057e-05,1.73104541e-04
2.34600000e+04,6.67985740e-05,1.60750273e-04
2.34700000e+04,6.67528896e-05,1.59434730e-04
2.34800000e+04,6.67058022e-05,1.57243996e-04
2.34900000e+04,6.66593235e-05,1.56387992e-04
2.35000000e+04,6.66125948e-05,1.56241831e-04
2.35100000e+04,6.65638745e-05,1.56122361e-04
2.35200000e+04,6.65160626e-05,1.55994462e-04
2.35300000e+04,6.64683793e-05,1.55867869e-04
2.35400000e+04,6.64215662e-05,1.55753759e-04
2.35500000e+04,6.63746401e-05,1.55636049e-04
2.35600000e+04,6.63275516e-05,1.55523810e-04
2.35700000e+04,6.62841280e-05,1.55412027e-04
2.35800000e+04,6.63169881e-05,1.55300450e-04
2.35900000e+04,6.97326559e-05,1.55188100e-04
2.36000000e+04,6.61719683e-05,1.55078135e-04
2.36100000e+04,7.14744903e-05,1.54946649e-04
2.36200000e+04,7.14343532e-05,1.54821431e-04
2.36300000e+04,6.60943846e-05,1.54701252e-04
2.36400000e+04,6.74679860e-05,1.54581915e-04
2.36500000e+04,6.63471303e-05,1.54465996e-04
2.36600000e+04,6.59076552e-05,1.54350245e-04
2.36700000e+04,6.59201038e-05,1.54237035e-04
2.36800000e+04,6.58279494e-05,1.54131268e-04
2.36900000e+04,6.57680789e-05,1.54194024e-04
2.37000000e+04,6.57270597e-05,1.59990187e-04
2.37100000e+04,6.56804815e-05,1.54037791e-04
2.37200000e+04,6.56334749e-05,1.54353697e-04
2.37300000e+04,6.55881026e-05,1.53654470e-04
2.37400000e+04,6.55427486e-05,1.53586858e-04
2.37500000e+04,6.54975855e-05,1.53404680e-04
2.37600000e+04,6.54536269e-05,1.53282664e-04
2.37700000e+04,6.54091166e-05,1.53179416e-04
2.37800000e+04,6.53632388e-05,1.53061323e-04
2.37900000e+04,6.53193626e-05,1.52952121e-04
2.38000000e+04,6.52741834e-05,1.52843912e-04
2.38100000e+04,6.52270387e-05,2.13812564e-04
2.38200000e+04,6.51811420e-05,1.52586166e-04
2.38300000e+04,6.51353947e-05,1.52513686e-04
2.38400000e+04,6.50898917e-05,1.55591145e-04
2.38500000e+04,6.50444811e-05,1.65072300e-04
2.38600000e+04,6.49997647e-05,1.54300839e-04
2.38700000e+04,6.49540674e-05,1.53158265e-04
2.38800000e+04,6.49101065e-05,1.52310350e-04
2.38900000e+04,6.48655656e-05,1.51950339e-04
2.39000000e+04,6.48205697e-05,1.51776956e-04
2.39100000e+04,6.47736712e-05,1.51624854e-04
2.39200000e+04,6.47275118e-05,1.51503240e-04
2.39300000e+04,6.46831661e-05,1.51391166e-04
2.39400000e+04,6.46386387e-05,1.51285473e-04
2.39500000e+04,6.45943485e-05,1.51182249e-04
2.39600000e+04,6.45489711e-05,1.51077134e-04
2.39700000e+04,6.45049064e-05,1.50973776e-04
2.39800000e+04,6.44605572e-05,1.50868126e-04
2.39900000e+04,6.44174501e-05,1.50763551e-04
2.40000000e+04,6.43857077e-05,1.50658886e-04
2.40100000e+04,6.43325485e-05,1.50533110e-04
2.40200000e+04,6.42898805e-05,1.50432372e-04
2.40300000e+04,6.42474987e-05,1.52080900e-04
2.40400000e+04,6.42047664e-05,1.67007463e-04
2.40500000e+04,6.41617048e-05,1.50541221e-04
2.40600000e+04,6.41200761e-05,1.52014791e-04
2.40700000e+04,6.40767560e-05,1.49958198e-04
2.40800000e+04,6.40347699e-05,1.49991940e-04
2.40900000e+04,6.39916937e-05,1.49709541e-04
2.41000000e+04,6.39555021e-05,1.49573966e-04
2.41100000e+04,6.39080590e-05,1.49447394e-04
2.41200000e+04,6.38651323e-05,1.49334492e-04
2.41300000e+04,6.38233894e-05,1.49224767e-04
2.41400000e+04,6.37812672e-05,1.49117105e-04
2.41500000e+04,6.37397277e-05,1.49011449e-04
2.41600000e+04,6.36974213e-05,1.48905984e-04
2.41700000e+04,6.36559402e-05,1.48802896e-04
2.41800000e+04,6.36139901e-05,1.48698384e-04
2.41900000e+04,6.35719093e-05,1.48594744e-04
2.42000000e+04,6.35302400e-05,1.48491863e-04
2.42100000e+04,6.34858313e-05,1.48370691e-04
2.42200000e+04,6.34422305e-05,1.48256522e-04
2.42300000e+04,6.33990729e-05,1.48144929e-04
2.42400000e+04,6.33566767e-05,1.48034588e-04
2.42500000e+04,6.33144044e-05,1.47927613e-04
2.42600000e+04,6.32815080e-05,1.47820660e-04
2.42700000e+04,6.37950682e-05,1.47714356e-04
2.42800000e+04,6.89361609e-05,1.47606943e-04
2.42900000e+04,6.40411334e-05,1.47502819e-04
2.43000000e+04,6.39407018e-05,1.47396201e-04
2.43100000e+04,6.33621739e-05,1.47275081e-04
2.43200000e+04,6.31117464e-05,1.47161360e-04
2.43300000e+04,6.31165077e-05,1.47051182e-04
2.43400000e+04,6.30400655e-05,1.46954509e-04
2.43500000e+04,6.30085794e-05,1.47332955e-04
2.43600000e+04,6.29814984e-05,1.59594842e-04
2.43700000e+04,6.29782712e-05,1.49713654e-04
2.43800000e+04,6.35835261e-05,1.48874928e-04
2.43900000e+04,6.84955545e-05,1.47058162e-04
2.44000000e+04,6.47149284e-05,1.46326462e-04
2.44100000e+04,6.84132710e-05,2.18834335e-04
2.44200000e+04,6.83703270e-05,1.46098434e-04
2.44300000e+04,6.83028845e-05,1.45990118e-04
2.44400000e+04,6.69934590e-05,1.45883065e-04
2.44500000e+04,6.58290919e-05,1.45777783e-04
2.44600000e+04,6.36692487e-05,1.45676493e-04
2.44700000e+04,6.34124316e-05,1.45571992e-04
2.44800000e+04,6.34278234e-05,1.45469440e-04
2.44900000e+04,6.34350833e-05,1.45367132e-04
2.45000000e+04,6.34122426e-05,1.45265952e-04
2.45100000e+04,6.33922427e-05,1.45151387e-04
2.45200000e+04,6.33825338e-05,1.45043643e-04
2.45300000e+04,6.33730681e-05,1.44936306e-04
2.45400000e+04,6.33683123e-05,1.44829486e-04
2.45500000e+04,6.33638532e-05,1.44724848e-04
2.45600000e+04,6.33583189e-05,1.44620126e-04
2.45700000e+04,6.33529964e-05,1.44517497e-04
2.45800000e+04,6.33471867e-05,1.44412289e-04
2.45900000e+04,6.33419173e-05,1.44310065e-04
2.46000000e+04,6.33349101e-05,1.44207983e-04
2.46100000e+04,6.32965696e-05,1.44094702e-04
2.46200000e+04,6.32670723e-05,1.44031962e-04
2.46300000e+04,6.32451186e-05,1.47896112e-04
2.46400000e+04,6.32256483e-05,1.43879163e-04
2.46500000e+04,6.32070596e-05,1.47627442e-04
2.46600000e+04,6.31901207e-05,1.43997971e-04
2.46700000e+04,6.31732144e-05,1.43576927e-04
2.46800000e+04,6.31568258e-05,1.43533064e-04
2.46900000e+04,6.31411315e-05,1.43283045e-04
2.47000000e+04,6.31249189e-05,1.43202562e-04
2.47100000e+04,6.30817523e-05,1.43097014e-04
2.47200000e+04,6.30461525e-05,1.42993644e-04
2.47300000e+04,6.30179931e-05,1.42891196e-04
2.47400000e+04,6.29915507e-05,1.42793854e-04
2.47500000e+04,6.29670236e-05,1.42697701e-04
2.47600000e+04,6.29431544e-05,1.42600502e-04
2.47700000e+04,6.29207885e-05,1.42503765e-04
2.47800000e+04,6.28988157e-05,1.42406247e-04
2.47900000e+04,6.28774098e-05,1.42309568e-04
2.48000000e+04,6.28550919e-05,1.42213670e-04
2.48100000e+04,6.28106690e-05,1.42108776e-04
2.48200000e+04,6.27715185e-05,1.42084671e-04
2.48300000e+04,6.27399687e-05,1.57887743e-04
2.48400000e+04,6.27095130e-05,1.58800666e-04
2.48500000e+04,6.26817673e-05,1.45986309e-04
2.48600000e+04,6.26537850e-05,1.42865986e-04
2.48700000e+04,6.26272848e-05,1.41928826e-04
2.48800000e+04,6.26014163e-05,1.41563606e-04
2.48900000e+04,6.25766827e-05,1.41382242e-04
2.49000000e+04,6.25508002e-05,1.41270266e-04
2.49100000e+04,6.25057313e-05,1.41173424e-04
2.49200000e+04,6.24657861e-05,1.41081484e-04
2.49300000e+04,6.24321158e-05,1.40988402e-04
2.49400000e+04,6.23988855e-05,1.40896304e-04
2.49500000e+04,6.23686940e-05,1.40804547e-04
2.49600000e+04,6.23388371e-05,1.40712202e-04
2.49700000e+04,6.23091552e-05,1.40622303e-04
2.49800000e+04,6.22805029e-05,1.40531446e-04
2.49900000e+04,6.22535733e-05,1.40440176e-04
2.50000000e+04,6.22253209e-05,1.40348775e-04
2.50100000e+04,6.21807435e-05,1.40251057e-04
2.50200000e+04,6.21394794e-05,1.40159559e-04
2.50300000e+04,6.21039001e-05,1.40065854e-04
2.50400000e+04,6.20701026e-05,1.39973852e-04
2.50500000e+04,6.20376869e-05,1.39880185e-04
2.50600000e+04,6.20064034e-05,1.39789344e-04
2.50700000e+04,6.19753808e-05,1.39696778e-04
2.50800000e+04,6.19452723e-05,1.39603767e-04
2.50900000e+04,6.19153155e-05,1.39512598e-04
2.51000000e+04,6.18861377e-05,1.39421202e-04
2.51100000e+04,6.18415139e-05,1.39329719e-04
2.51200000e+04,6.17999435e-05,1.39982861e-04
2.51300000e+04,6.17642356e-05,1.53816572e-04
2.51400000e+04,6.17295447e-05,1.39272378e-04
2.51500000e+04,6.16960083e-05,1.39743072e-04
2.51600000e+04,6.16633513e-05,1.39612743e-04
2.51700000e+04,6.16308228e-05,1.38980484e-04
2.51800000e+04,6.15994418e-05,1.38723302e-04
2.51900000e+04,6.15684268e-05,1.38630686e-04
2.52000000e+04,6.15379860e-05,1.38542428e-04
2.52100000e+04,6.14940773e-05,1.38449684e-04
2.52200000e+04,6.14531574e-05,1.38362571e-04
2.52300000e+04,6.14164134e-05,1.38278043e-04
2.52400000e+04,6.13813744e-05,1.38192110e-04
2.52500000e+04,6.13467329e-05,1.38105137e-04
2.52600000e+04,6.13131900e-05,1.38019619e-04
2.52700000e+04,6.12804548e-05,1.37934388e-04
2.52800000e+04,6.12483844e-05,1.37848317e-04
2.52900000e+04,6.12160942e-05,1.37762634e-04
2.53000000e+04,6.11849312e-05,1.37676472e-04
2.53100000e+04,6.11405942e-05,1.37588376e-04
2.53200000e+04,6.10996991e-05,1.37622271e-04
2.53300000e+04,6.10642571e-05,1.56599430e-04
2.53400000e+04,6.10285663e-05,1.45717821e-04
2.53500000e+04,6.09934722e-05,1.40544663e-04
2.53600000e+04,6.09594424e-05,1.37985512e-04
2.53700000e+04,6.09257283e-05,1.37225529e-04
2.53800000e+04,6.08931099e-05,1.37021490e-04
2.53900000e+04,6.08603671e-05,1.36938904e-04
2.54000000e+04,6.08274294e-05,1.36863142e-04
2.54100000e+04,6.07852992e-05,1.36771928e-04
2.54200000e+04,6.07448093e-05,1.36691590e-04
2.54300000e+04,6.07082459e-05,1.36607460e-04
2.54400000e+04,6.06724670e-05,1.36525620e-04
2.54500000e+04,6.06379573e-05,1.36442820e-04
2.54600000e+04,6.06031781e-05,1.36364223e-04
2.54700000e+04,6.05685874e-05,1.36284014e-04
2.54800000e+04,6.05356580e-05,1.36204225e-04
2.54900000e+04,6.05027640e-05,1.36125262e-04
2.55000000e+04,6.04702386e-05,1.36043892e-04
2.55100000e+04,6.04277812e-05,1.35962992e-04
2.55200000e+04,6.03881393e-05,1.35882411e-04
2.55300000e+04,6.03514360e-05,1.35801701e-04
2.55400000e+04,6.03155180e-05,1.35720507e-04
2.55500000e+04,6.02808771e-05,1.35640055e-04
2.55600000e+04,6.02464348e-05,1.35561575e-04
2.55700000e+04,6.02124782e-05,1.35480250e-04
2.55800000e+04,6.01780636e-05,1.35399981e-04
2.55900000e+04,6.01453251e-05,1.35321262e-04
2.56000000e+04,6.01117363e-05,1.35240409e-04
2.56100000e+04,6.00698309e-05,1.35158954e-04
2.56200000e+04,6.00314470e-05,1.35078696e-04
2.56300000e+04,5.99945224e-05,1.34999531e-04
2.56400000e+04,5.99592364e-05,1.34919005e-04
2.56500000e+04,5.99232884e-05,1.34838007e-04
2.56600000e+04,5.98895061e-05,1.34759283e-04
2.56700000e+04,5.98544390e-05,1.34678092e-04
2.56800000e+04,5.98209780e-05,1.34596423e-04
2.56900000e+04,5.97873492e-05,1.34517392e-04
2.57000000e+04,5.97530693e-05,1.34436624e-04
2.57100000e+04,5.97137783e-05,1.34354856e-04
2.57200000e+04,5.96743740e-05,1.34318184e-04
2.57300000e+04,5.96378455e-05,1.41762323e-04
2.57400000e+04,5.96027542e-05,1.42883561e-04
2.57500000e+04,5.95672676e-05,1.34910947e-04
2.57600000e+04,5.95322439e-05,1.33986747e-04
2.57700000e+04,5.94982940e-05,1.33922151e-04
2.57800000e+04,5.94641501e-05,1.33847380e-04
2.57900000e+04,5.94304784e-05,1.33771760e-04
2.58000000e+04,5.93966124e-05,1.33688703e-04
2.58100000e+04,5.93571338e-05,1.33599421e-04
2.58200000e+04,5.93184695e-05,1.33530300e-04
2.58300000e+04,5.92824720e-05,1.33453996e-04
2.58400000e+04,5.92465781e-05,1.33381787e-04
2.58500000e+04,5.92116342e-05,1.33306894e-04
2.58600000e+04,5.91766566e-05,1.33232484e-04
2.58700000e+04,5.91422580e-05,1.33158404e-04
2.58800000e+04,5.91082057e-05,1.33084395e-04
2.58900000e+04,5.90743631e-05,1.33009767e-04
2.59000000e+04,5.90405201e-05,1.32935084e-04
2.59100000e+04,5.90017318e-05,1.32860649e-04
2.59200000e+04,5.89640182e-05,1.32787950e-04
2.59300000e+04,5.89276501e-05,1.32716810e-04
2.59400000e+04,5.88922994e-05,1.33190803e-04
2.59500000e+04,5.88579715e-05,1.40253493e-04
2.59600000e+04,5.88226005e-05,1.32544543e-04
2.59700000e+04,5.87880887e-05,1.33380275e-04
2.59800000e+04,5.87538552e-05,1.32367882e-04
2.59900000e+04,5.87200038e-05,1.32373843e-04
2.60000000e+04,5.86857677e-05,1.32212643e-04
2.60100000e+04,5.86481603e-05,1.32141128e-04
2.60200000e+04,5.86110593e-05,1.32070332e-04
2.60300000e+04,5.85748420e-05,1.32000606e-04
2.60400000e+04,5.85398797e-05,1.31929236e-04
2.60500000e+04,5.85048028e-05,1.31856896e-04
2.60600000e+04,5.84696838e-05,1.31786352e-04
2.60700000e+04,5.84351915e-05,1.31713687e-04
2.60800000e+04,5.84017153e-05,1.31643245e-04
2.60900000e+04,5.83675489e-05,1.31571213e-04
2.61000000e+04,5.83333127e-05,1.31499992e-04
2.61100000e+04,5.82958205e-05,1.55716549e-04
2.61200000e+04,5.82595529e-05,1.31358465e-04
2.61300000e+04,5.82236638e-05,1.31289259e-04
2.61400000e+04,5.81890330e-05,1.31216262e-04
2.61500000e+04,5.81538801e-05,1.31147852e-04
2.61600000e+04,5.81190080e-05,1.31074431e-04
2.61700000e+04,5.80846915e-05,1.31004135e-04
2.61800000e+04,5.80506888e-05,1.30931244e-04
2.61900000e+04,5.80164826e-05,1.30860230e-04
2.62000000e+04,5.79825858e-05,1.30790077e-04
2.62100000e+04,5.79461448e-05,1.30719883e-04
2.62200000e+04,5.79091246e-05,1.30660529e-04
2.62300000e+04,5.78743739e-05,1.32923316e-04
2.62400000e+04,5.78396441e-05,1.31219662e-04
2.62500000e+04,5.78042238e-05,1.31002169e-04
2.62600000e+04,5.77701095e-05,1.30623682e-04
2.62700000e+04,5.77357101e-05,1.30358625e-04
2.62800000e+04,5.77017912e-05,1.30259622e-04
2.62900000e+04,5.76676081e-05,1.30182599e-04
2.63000000e+04,5.76334991e-05,1.30115041e-04
2.63100000e+04,5.75968201e-05,1.30049801e-04
2.63200000e+04,5.75615193e-05,1.29982518e-04
2.63300000e+04,5.75259736e-05,1.29916973e-04
2.63400000e+04,5.74915867e-05,1.29849379e-04
2.63500000e+04,5.74569316e-05,1.29782913e-04
2.63600000e+04,5.74231420e-05,1.29716114e-04
2.63700000e+04,5.73884178e-05,1.29649193e-04
2.63800000e+04,5.73544694e-05,1.29583739e-04
2.63900000e+04,5.73210565e-05,1.29516854e-04
2.64000000e+04,5.72871194e-05,1.29450327e-04
2.64100000e+04,5.72507806e-05,1.29386003e-04
2.64200000e+04,5.72153717e-05,1.29323286e-04
2.64300000e+04,5.71807625e-05,1.29347179e-04
2.64400000e+04,5.71466970e-05,1.35268624e-04
2.64500000e+04,5.71555775e-05,1.32292325e-04
2.64600000e+04,6.01071866e-05,1.29088743e-04
2.64700000e+04,5.87995132e-05,1.29388919e-04
2.64800000e+04,5.70201241e-05,1.28986211e-04
2.64900000e+04,5.71932632e-05,1.28893014e-04
2.65000000e+04,5.69633927e-05,1.28816138e-04
2.65100000e+04,5.69184625e-05,1.28747203e-04
2.65200000e+04,5.68919245e-05,1.28682093e-04
2.65300000e+04,5.68604371e-05,1.28618421e-04
2.65400000e+04,5.68266159e-05,1.28554227e-04
2.65500000e+04,5.67953030e-05,1.28489818e-04
2.65600000e+04,5.67633442e-05,1.28425624e-04
2.65700000e+04,5.67317626e-05,1.28360464e-04
2.65800000e+04,5.67003240e-05,1.28298239e-04
2.65900000e+04,5.66697510e-05,1.28233389e-04
2.66000000e+04,5.66377396e-05,1.28168061e-04
2.66100000e+04,5.66044710e-05,1.57374312e-04
2.66200000e+04,5.65702260e-05,1.28046393e-04
2.66300000e+04,5.65385211e-05,1.27983954e-04
2.66400000e+04,5.65058167e-05,1.27919096e-04
2.66500000e+04,5.64737878e-05,1.27857373e-04
2.66600000e+04,5.64415586e-05,1.27793498e-04
2.66700000e+04,5.64095875e-05,1.27729298e-04
2.66800000e+04,5.63774329e-05,1.27666740e-04
2.66900000e+04,5.63454220e-05,1.27602714e-04
2.67000000e+04,5.63134644e-05,1.27539078e-04
2.67100000e+04,5.62801475e-05,1.27477763e-04
2.67200000e+04,5.62463649e-05,1.27416379e-04
2.67300000e+04,5.62135973e-05,1.27353974e-04
2.67400000e+04,5.61807758e-05,1.27291174e-04
2.67500000e+04,5.61485464e-05,1.27227150e-04
2.67600000e+04,5.61162318e-05,1.27165250e-04
2.67700000e+04,5.60839527e-05,1.27100868e-04
2.67800000e+04,5.60514106e-05,1.27036181e-04
2.67900000e+04,5.60196665e-05,1.27001221e-04
2.68000000e+04,5.59875940e-05,1.28468154e-04
2.68100000e+04,5.59540235e-05,1.26882653e-04
2.68200000e+04,5.59205139e-05,1.26978485e-04
2.68300000e+04,5.58876088e-05,1.26691879e-04
2.68400000e+04,5.58549211e-05,1.26657108e-04
2.68500000e+04,5.58223500e-05,1.26559265e-04
2.68600000e+04,5.57906307e-05,1.26490329e-04
2.68700000e+04,5.57579963e-05,1.26420171e-04
2.68800000e+04,5.57259581e-05,1.26351116e-04
2.68900000e+04,5.56930821e-05,1.26283637e-04
2.69000000e+04,5.56611623e-05,1.26215649e-04
2.69100000e+04,5.56278400e-05,1.26148581e-04
2.69200000e+04,5.55950976e-05,1.26085239e-04
2.69300000e+04,5.55623466e-05,1.26672746e-04
2.69400000e+04,5.55299271e-05,1.27459291e-04
2.69500000e+04,5.54994698e-05,1.27631657e-04
2.69600000e+04,5.55626224e-05,1.26725443e-04
2.69700000e+04,5.89123609e-05,1.25998006e-04
2.69800000e+04,5.63351838e-05,1.25768683e-04
2.69900000e+04,5.54499466e-05,1.25668352e-04
2.70000000e+04,5.54464086e-05,1.25584831e-04
2.70100000e+04,5.53424069e-05,1.25524474e-04
2.70200000e+04,5.53195109e-05,1.25462217e-04
2.70300000e+04,5.52825560e-05,1.25399967e-04
2.70400000e+04,5.52582336e-05,1.25339967e-04
2.70500000e+04,5.52283443e-05,1.25277587e-04
2.70600000e+04,5.52018319e-05,1.25216175e-04
2.70700000e+04,5.51740882e-05,1.25154121e-04
2.70800000e+04,5.51462290e-05,1.25092492e-04
2.70900000e+04,5.51181940e-05,1.25029974e-04
2.71000000e+04,5.50896929e-05,1.24968423e-04
2.71100000e+04,5.50588528e-05,1.24906561e-04
2.71200000e+04,5.50271593e-05,1.24847530e-04
2.71300000e+04,5.49970117e-05,1.24787849e-04
2.71400000e+04,5.49673995e-05,1.24724703e-04
2.71500000e+04,5.49374743e-05,1.24663463e-04
2.71600000e+04,5.49074808e-05,1.24601429e-04
2.71700000e+04,5.48774483e-05,1.24541470e-04
2.71800000e+04,5.48472213e-05,1.24516827e-04
2.71900000e+04,5.48213910e-05,1.26474855e-04
2.72000000e+04,5.49323324e-05,1.24387782e-04
2.72100000e+04,6.17913981e-05,1.24411170e-04
2.72200000e+04,6.17526181e-05,1.24364166e-04
2.72300000e+04,5.61678060e-05,1.24262157e-04
2.72400000e+04,5.63056784e-05,1.24159446e-04
2.72500000e+04,5.52223257e-05,1.24077093e-04
2.72600000e+04,5.47601576e-05,1.24010352e-04
2.72700000e+04,5.47685058e-05,1.23950737e-04
2.72800000e+04,5.47001026e-05,1.23891519e-04
2.72900000e+04,5.46682917e-05,1.23831386e-04
2.73000000e+04,5.46500526e-05,1.23771943e-04
2.73100000e+04,5.46295286e-05,1.23711510e-04
2.73200000e+04,5.46083667e-05,1.23655042e-04
2.73300000e+04,5.45896802e-05,1.23594993e-04
2.73400000e+04,5.45712335e-05,1.23536254e-04
2.73500000e+04,5.45516679e-05,1.23475695e-04
2.73600000e+04,5.45336102e-05,1.23416629e-04
2.73700000e+04,5.45144895e-05,1.23356853e-04
2.73800000e+04,5.44954530e-05,1.23296366e-04
2.73900000e+04,5.44763515e-05,1.23237141e-04
2.74000000e+04,5.44577613e-05,1.23176874e-04
2.74100000e+04,5.44339619e-05,1.23118383e-04
2.74200000e+04,5.44118916e-05,1.23060797e-04
2.74300000e+04,5.43905866e-05,1.23208210e-04
2.74400000e+04,5.43697315e-05,1.30366897e-04
2.74500000e+04,5.43494149e-05,1.23962793e-04
2.74600000e+04,5.43290059e-05,1.23537043e-04
2.74700000e+04,5.43080994e-05,1.22771408e-04
2.74800000e+04,5.42877176e-05,1.22817961e-04
2.74900000e+04,5.42672057e-05,1.22663551e-04
2.75000000e+04,5.42456635e-05,1.22607254e-04
2.75100000e+04,5.42224956e-05,1.22541708e-04
2.75200000e+04,5.41996999e-05,1.22481729e-04
2.75300000e+04,5.41767190e-05,1.22424910e-04
2.75400000e+04,5.41549091e-05,1.22367244e-04
2.75500000e+04,5.41333416e-05,1.22309164e-04
2.75600000e+04,5.41118746e-05,1.22251447e-04
2.75700000e+04,5.40905479e-05,1.22192099e-04
2.75800000e+04,5.40688062e-05,1.22135177e-04
2.75900000e+04,5.40477776e-05,1.22076920e-04
2.76000000e+04,5.40258118e-05,1.22018830e-04
2.76100000e+04,5.40020903e-05,1.21963218e-04
2.76200000e+04,5.39780547e-05,1.21906129e-04
2.76300000e+04,5.39550297e-05,1.21848559e-04
2.76400000e+04,5.39327010e-05,1.21791776e-04
2.76500000e+04,5.39109133e-05,1.21733315e-04
2.76600000e+04,5.38886308e-05,1.21676588e-04
2.76700000e+04,5.38665032e-05,1.21618445e-04
2.76800000e+04,5.38444148e-05,1.21558845e-04
2.76900000e+04,5.38236341e-05,1.21500638e-04
2.77000000e+04,5.38004875e-05,1.21443885e-04
2.77100000e+04,5.37762007e-05,1.21386932e-04
2.77200000e+04,5.37518182e-05,1.21929051e-04
2.77300000e+04,5.37281752e-05,1.21986446e-04
2.77400000e+04,5.37053502e-05,1.22510123e-04
2.77500000e+04,5.36831581e-05,1.21456948e-04
2.77600000e+04,5.36603844e-05,1.21138216e-04
2.77700000e+04,5.36376382e-05,1.21061512e-04
2.77800000e+04,5.36153789e-05,1.21014789e-04
2.77900000e+04,5.35928439e-05,1.20957008e-04
2.78000000e+04,5.35707220e-05,1.20896383e-04
2.78100000e+04,5.35462971e-05,1.20841624e-04
2.78200000e+04,5.35218014e-05,1.20786179e-04
2.78300000e+04,5.34985835e-05,1.20732785e-04
2.78400000e+04,5.34746538e-05,1.20679040e-04
2.78500000e+04,5.34523284e-05,1.20623953e-04
2.78600000e+04,5.34294510e-05,1.20569238e-04
2.78700000e+04,5.34070540e-05,1.20514295e-04
2.78800000e+04,5.33835695e-05,1.20458616e-04
2.78900000e+04,5.33609747e-05,1.20403858e-04
2.79000000e+04,5.33384538e-05,1.20349551e-04
2.79100000e+04,5.33139453e-05,1.20297109e-04
2.79200000e+04,5.32900107e-05,1.21420734e-04
2.79300000e+04,5.32662438e-05,1.24368459e-04
2.79400000e+04,5.32421993e-05,1.22827560e-04
2.79500000e+04,5.32196408e-05,1.20398545e-04
2.79600000e+04,5.31961238e-05,1.20197246e-04
2.79700000e+04,5.31736105e-05,1.20082335e-04
2.79800000e+04,5.31503848e-05,1.19953793e-04
2.79900000e+04,5.31269882e-05,1.19913943e-04
2.80000000e+04,5.31038786e-05,1.19850927e-04
2.80100000e+04,5.30802939e-05,1.19801725e-04
2.80200000e+04,5.30557677e-05,1.19753605e-04
2.80300000e+04,5.30317729e-05,1.19704288e-04
2.80400000e+04,5.30082978e-05,1.19654956e-04
2.80500000e+04,5.29847886e-05,1.19605991e-04
2.80600000e+04,5.29619573e-05,1.19556512e-04
2.80700000e+04,5.29384691e-05,1.19506663e-04
2.80800000e+04,5.29156293e-05,1.19458127e-04
2.80900000e+04,5.28925498e-05,1.19407548e-04
2.81000000e+04,5.28689349e-05,1.19358479e-04
2.81100000e+04,5.28448537e-05,1.19310447e-04
2.81200000e+04,5.28205073e-05,1.19262880e-04
2.81300000e+04,5.27967276e-05,1.19215483e-04
2.81400000e+04,5.27729295e-05,1.19167965e-04
2.81500000e+04,5.27493908e-05,1.19117481e-04
2.81600000e+04,5.27266095e-05,1.19067502e-04
2.81700000e+04,5.27030822e-05,1.19018226e-04
2.81800000e+04,5.26795999e-05,1.18969426e-04
2.81900000e+04,5.26564071e-05,1.18919379e-04
2.82000000e+04,5.26330319e-05,1.18869390e-04
2.82100000e+04,5.26096592e-05,1.18821144e-04
2.82200000e+04,5.25843691e-05,1.18774720e-04
2.82300000e+04,5.25613376e-05,1.18726239e-04
2.82400000e+04,5.25370851e-05,1.18677267e-04
2.82500000e+04,5.25138720e-05,1.18626894e-04
2.82600000e+04,5.24904941e-05,1.18577495e-04
2.82700000e+04,5.24668346e-05,1.18528203e-04
2.82800000e+04,5.24432137e-05,1.18487249e-04
2.82900000e+04,5.24203485e-05,1.20706797e-04
2.83000000e+04,5.23970177e-05,1.20364164e-04
2.83100000e+04,5.23728590e-05,1.18508405e-04
2.83200000e+04,5.23487980e-05,1.18338380e-04
2.83300000e+04,5.23253074e-05,1.18233330e-04
2.83400000e+04,5.23019784e-05,1.18094906e-04
2.83500000e+04,5.22778270e-05,1.18038697e-04
2.83600000e+04,5.22544623e-05,1.17969170e-04
2.83700000e+04,5.22302605e-05,1.17902677e-04
2.83800000e+04,5.22070319e-05,1.17842052e-04
2.83900000e+04,5.21839080e-05,1.17782551e-04
2.84000000e+04,5.21607183e-05,1.17723974e-04
2.84100000e+04,5.21371345e-05,1.17668486e-04
2.84200000e+04,5.21127843e-05,1.17612121e-04
2.84300000e+04,5.20891583e-05,1.17555506e-04
2.84400000e+04,5.20656268e-05,1.17500738e-04
2.84500000e+04,5.20416502e-05,1.17444220e-04
2.84600000e+04,5.20183572e-05,1.17389296e-04
2.84700000e+04,5.19941540e-05,1.17334077e-04
2.84800000e+04,5.19708709e-05,1.17279347e-04
2.84900000e+04,5.19482141e-05,1.17224783e-04
2.85000000e+04,5.19242401e-05,1.17169065e-04
2.85100000e+04,5.19009961e-05,1.17115896e-04
2.85200000e+04,5.18760659e-05,1.17062445e-04
2.85300000e+04,5.18526815e-05,1.17008898e-04
2.85400000e+04,5.18290163e-05,1.16955512e-04
2.85500000e+04,5.18054508e-05,1.16901155e-04
2.85600000e+04,5.17817061e-05,1.16848033e-04
2.85700000e+04,5.17584361e-05,1.16793162e-04
2.85800000e+04,5.17348442e-05,1.16738569e-04
2.85900000e+04,5.17120275e-05,1.16685488e-04
2.86000000e+04,5.16873757e-05,1.16631007e-04
2.86100000e+04,5.16645877e-05,1.16577836e-04
2.86200000e+04,5.16401108e-05,1.16526238e-04
2.86300000e+04,5.16165782e-05,1.16474769e-04
2.86400000e+04,5.15928074e-05,1.16419756e-04
2.86500000e+04,5.15699180e-05,1.16367883e-04
2.86600000e+04,5.15459071e-05,1.16327431e-04
2.86700000e+04,5.15220891e-05,1.17117878e-04
2.86800000e+04,5.14985319e-05,1.16505263e-04
2.86900000e+04,5.14752749e-05,1.16559798e-04
2.87000000e+04,5.14518922e-05,1.16230266e-04
2.87100000e+04,5.14284561e-05,1.16056690e-04
2.87200000e+04,5.14043251e-05,1.16021354e-04
2.87300000e+04,5.13815377e-05,1.15955145e-04
2.87400000e+04,5.13575233e-05,1.15896989e-04
2.87500000e+04,5.13334733e-05,1.15841255e-04
2.87600000e+04,5.13108753e-05,1.15789890e-04
2.87700000e+04,5.12868658e-05,1.15736369e-04
2.87800000e+04,5.12634837e-05,1.15683924e-04
2.87900000e+04,5.12393793e-05,1.15632414e-04
2.88000000e+04,5.12164153e-05,1.15581174e-04
2.88100000e+04,5.11933487e-05,1.15530969e-04
2.88200000e+04,5.11698637e-05,1.15479287e-04
2.88300000e+04,5.11453433e-05,1.15430301e-04
2.88400000e+04,5.11224423e-05,1.15380529e-04
2.88500000e+04,5.10987541e-05,1.15329747e-04
2.88600000e+04,5.10747849e-05,1.15278828e-04
2.88700000e+04,5.10514105e-05,1.15228684e-04
2.88800000e+04,5.10278077e-05,1.15177153e-04
2.88900000e+04,5.10045492e-05,1.15126663e-04
2.89000000e+04,5.09810076e-05,1.15076000e-04
2.89100000e+04,5.09582438e-05,1.15027082e-04
2.89200000e+04,5.09463210e-05,1.14977988e-04
2.89300000e+04,5.14947974e-05,1.14928581e-04
2.89400000e+04,5.10286529e-05,1.14878612e-04
2.89500000e+04,5.10514262e-05,1.14829003e-04
2.89600000e+04,5.08450237e-05,1.14778379e-04
2.89700000e+04,5.08375306e-05,1.14728387e-04
2.89800000e+04,5.08009682e-05,1.14677942e-04
2.89900000e+04,5.07736280e-05,1.14628050e-04
2.90000000e+04,5.07512932e-05,1.14575835e-04
2.90100000e+04,5.07280819e-05,1.14527699e-04
2.90200000e+04,5.07051700e-05,1.14478200e-04
2.90300000e+04,5.06812071e-05,1.14430656e-04
2.90400000e+04,5.06577832e-05,1.14380425e-04
2.90500000e+04,5.06342502e-05,1.14330751e-04
2.90600000e+04,5.06110705e-05,1.14280500e-04
2.90700000e+04,5.05875662e-05,1.14229494e-04
2.90800000e+04,5.05638307e-05,1.14179911e-04
2.90900000e+04,5.05405632e-05,1.14129788e-04
2.91000000e+04,5.05161177e-05,1.14078938e-04
2.91100000e+04,5.04937260e-05,1.14029541e-04
2.91200000e+04,5.04697680e-05,1.13980103e-04
2.91300000e+04,5.04459763e-05,1.13930577e-04
2.91400000e+04,5.04230956e-05,1.13881307e-04
2.91500000e+04,5.03994181e-05,1.13839759e-04
2.91600000e+04,5.03763542e-05,1.14321699e-04
2.91700000e+04,5.03973241e-05,1.14121695e-04
2.91800000e+04,5.16142301e-05,1.14370705e-04
2.91900000e+04,5.06032811e-05,1.13635800e-04
2.92000000e+04,5.03088640e-05,1.13660429e-04
2.92100000e+04,5.02853294e-05,1.13566543e-04
2.92200000e+04,5.02594680e-05,1.13507082e-04
2.92300000e+04,5.02300043e-05,1.13462860e-04
2.92400000e+04,5.02026872e-05,1.13417203e-04
2.92500000e+04,5.01763494e-05,1.13370833e-04
2.92600000e+04,5.01507625e-05,1.13323931e-04
2.92700000e+04,5.01259000e-05,1.13276875e-04
2.92800000e+04,5.01019043e-05,1.13229413e-04
2.92900000e+04,5.00793531e-05,1.13181390e-04
2.93000000e+04,5.00557228e-05,1.13137743e-04
2.93100000e+04,5.00315258e-05,1.13098109e-04
2.93200000e+04,5.00069448e-05,1.13042209e-04
2.93300000e+04,4.99833141e-05,1.12996177e-04
2.93400000e+04,4.99591880e-05,1.12945871e-04
2.93500000e+04,4.99355557e-05,1.12899277e-04
2.93600000e+04,4.99116571e-05,1.12852262e-04
2.93700000e+04,4.98874508e-05,1.12804613e-04
2.93800000e+04,4.98647498e-05,1.12755259e-04
2.93900000e+04,4.98513808e-05,1.12707778e-04
2.94000000e+04,5.02648178e-05,1.12659127e-04
2.94100000e+04,5.13826151e-05,1.12612650e-04
2.94200000e+04,5.07147475e-05,1.12565623e-04
2.94300000e+04,4.99405462e-05,1.12519154e-04
2.94400000e+04,5.00222862e-05,1.12642074e-04
2.94500000e+04,4.98737030e-05,1.13202363e-04
2.94600000e+04,4.98061855e-05,1.12417361e-04
2.94700000e+04,4.97918966e-05,1.12447261e-04
2.94800000e+04,4.97784764e-05,1.12315898e-04
2.94900000e+04,4.97621884e-05,1.12241120e-04
2.95000000e+04,4.97463139e-05,1.12203574e-04
2.95100000e+04,4.97241698e-05,1.12152383e-04
2.95200000e+04,4.97032205e-05,1.12103761e-04
2.95300000e+04,4.96848778e-05,1.12057017e-04
2.95400000e+04,4.96667459e-05,1.12009552e-04
2.95500000e+04,4.96484454e-05,1.11964673e-04
2.95600000e+04,4.96308394e-05,1.11917947e-04
2.95700000e+04,4.96128240e-05,1.11870677e-04
2.95800000e+04,4.95939590e-05,1.11823561e-04
2.95900000e+04,4.95760889e-05,1.11776113e-04
2.96000000e+04,4.95582217e-05,1.11730312e-04
2.96100000e+04,4.95333578e-05,1.11685579e-04
2.96200000e+04,4.95100737e-05,1.11640726e-04
2.96300000e+04,4.94891874e-05,1.11596140e-04
2.96400000e+04,4.94682927e-05,1.11549185e-04
2.96500000e+04,4.94475328e-05,1.11503345e-04
2.96600000e+04,4.94278642e-05,1.11458424e-04
2.96700000e+04,4.94076037e-05,1.11411726e-04
2.96800000e+04,4.93873252e-05,1.11364702e-04
2.96900000e+04,4.93669580e-05,1.11318104e-04
2.97000000e+04,4.93467709e-05,1.11272162e-04
2.97100000e+04,4.93214390e-05,1.11227327e-04
2.97200000e+04,4.92966582e-05,1.11181619e-04
2.97300000e+04,4.92740197e-05,1.11137538e-04
2.97400000e+04,4.92520273e-05,1.11090800e-04
2.97500000e+04,4.92306236e-05,1.11046688e-04
2.97600000e+04,4.92087221e-05,1.11000307e-04
2.97700000e+04,4.91875944e-05,1.10955629e-04
2.97800000e+04,4.91657270e-05,1.10986562e-04
2.97900000e+04,4.91447699e-05,1.13078274e-04
2.98000000e+04,4.91235277e-05,1.11359394e-04
2.98100000e+04,4.90969522e-05,1.10751723e-04
2.98200000e+04,4.90722452e-05,1.10782499e-04
2.98300000e+04,4.90487938e-05,1.10650397e-04
2.98400000e+04,4.90259911e-05,1.10577787e-04
2.98500000e+04,4.90036143e-05,1.10524671e-04
2.98600000e+04,4.89808849e-05,1.10471007e-04
2.98700000e+04,4.89590690e-05,1.10421415e-04
2.98800000e+04,4.89363445e-05,1.10371126e-04
2.98900000e+04,4.89140522e-05,1.10320479e-04
2.99000000e+04,4.88923555e-05,1.10269679e-04
2.99100000e+04,4.88663666e-05,1.10222569e-04
2.99200000e+04,4.88407356e-05,1.10174782e-04
2.99300000e+04,4.88170174e-05,1.10126368e-04
2.99400000e+04,4.87937180e-05,1.10079231e-04
2.99500000e+04,4.87710696e-05,1.10030897e-04
2.99600000e+04,4.87482632e-05,1.09983457e-04
2.99700000e+04,4.87242231e-05,1.09935458e-04
2.99800000e+04,4.87021385e-05,1.09886406e-04
2.99900000e+04,4.86803772e-05,1.09839305e-04
3.00000000e+04,4.86669154e-05,1.09791285e-04
3.00100000e+04,4.86383284e-05,1.09745743e-04
3.00200000e+04,4.86135302e-05,1.09700303e-04
3.00300000e+04,4.85908899e-05,1.09653330e-04
3.00400000e+04,4.85702694e-05,1.09607819e-04
3.00500000e+04,4.85476929e-05,1.09560556e-04
3.00600000e+04,4.85262506e-05,1.09513286e-04
3.00700000e+04,4.85040321e-05,1.09466694e-04
3.00800000e+04,4.84823410e-05,1.09419266e-04
3.00900000e+04,4.84601277e-05,1.09371197e-04
3.01000000e+04,4.84383645e-05,1.09322814e-04
3.01100000e+04,4.84129605e-05,1.09283938e-04
3.01200000e+04,4.83879322e-05,1.10526556e-04
3.01300000e+04,4.83643819e-05,1.10130758e-04
3.01400000e+04,4.83420099e-05,1.09397955e-04
3.01500000e+04,4.83187195e-05,1.09150219e-04
3.01600000e+04,4.82958502e-05,1.09070847e-04
3.01700000e+04,4.82727460e-05,1.09025043e-04
3.01800000e+04,4.82502759e-05,1.08976922e-04
3.01900000e+04,4.82280830e-05,1.08933395e-04
3.02000000e+04,4.82048064e-05,1.08890009e-04
3.02100000e+04,4.81792536e-05,1.08849007e-04
3.02200000e+04,4.81542154e-05,1.08810053e-04
3.02300000e+04,4.81307312e-05,1.08768069e-04
3.02400000e+04,4.81076705e-05,1.08726885e-04
3.02500000e+04,4.80930464e-05,1.08684864e-04
3.02600000e+04,4.82545835e-05,1.08641934e-04
3.02700000e+04,4.80569292e-05,1.08599453e-04
3.02800000e+04,4.80159712e-05,1.08554854e-04
3.02900000e+04,4.79957376e-05,1.08513372e-04
3.03000000e+04,4.79743584e-05,1.08470837e-04
3.03100000e+04,4.79482700e-05,1.08429375e-04
3.03200000e+04,4.79269361e-05,1.08390747e-04
3.03300000e+04,4.79040663e-05,1.08506897e-04
3.03400000e+04,4.78822119e-05,1.08770455e-04
3.03500000e+04,4.78603082e-05,1.08837451e-04
3.03600000e+04,4.78386042e-05,1.08419214e-04
3.03700000e+04,4.78165904e-05,1.08243791e-04
3.03800000e+04,4.77939071e-05,1.08164518e-04
3.03900000e+04,4.77729482e-05,1.08114904e-04
3.04000000e+04,4.77510537e-05,1.08073447e-04
3.04100000e+04,4.77266118e-05,1.08034175e-04
3.04200000e+04,4.77022953e-05,1.07993481e-04
3.04300000e+04,4.76800955e-05,1.07952686e-04
3.04400000e+04,4.76575347e-05,1.07912399e-04
3.04500000e+04,4.76348822e-05,1.07873016e-04
3.04600000e+04,4.76124579e-05,1.07833071e-04
3.04700000e+04,4.75897683e-05,1.07791660e-04
3.04800000e+04,4.75678476e-05,1.07752648e-04
3.04900000e+04,4.75451274e-05,1.07712976e-04
3.05000000e+04,4.75231315e-05,1.07671668e-04
3.05100000e+04,4.74994122e-05,1.07634231e-04
3.05200000e+04,4.74751224e-05,1.07597265e-04
3.05300000e+04,4.74524555e-05,1.07559153e-04
3.05400000e+04,4.74293510e-05,1.07519476e-04
3.05500000e+04,4.74065143e-05,1.07480447e-04
3.05600000e+04,4.73841369e-05,1.07441895e-04
3.05700000e+04,4.73614059e-05,1.07401495e-04
3.05800000e+04,4.73392355e-05,1.07361323e-04
3.05900000e+04,4.73167840e-05,1.07322917e-04
3.06000000e+04,4.72936686e-05,1.07281506e-04
3.06100000e+04,4.72704852e-05,1.07246452e-04
3.06200000e+04,4.72459262e-05,1.07208273e-04
3.06300000e+04,4.72234800e-05,1.07170522e-04
3.06400000e+04,4.71996700e-05,1.07131928e-04
3.06500000e+04,4.71777633e-05,1.07093151e-04
3.06600000e+04,4.71550625e-05,1.07054416e-04
3.06700000e+04,4.71318660e-05,1.07014041e-04
3.06800000e+04,4.71100520e-05,1.06975242e-04
3.06900000e+04,4.70879537e-05,1.06935377e-04
3.07000000e+04,4.70907551e-05,1.06896664e-04
3.07100000e+04,4.70463985e-05,1.06858665e-04
3.07200000e+04,4.70248102e-05,1.06824773e-04
3.07300000e+04,4.70059400e-05,1.07425193e-04
3.07400000e+04,4.69822077e-05,1.07726051e-04
3.07500000e+04,4.69616018e-05,1.07022491e-04
3.07600000e+04,4.69398291e-05,1.06770828e-04
3.07700000e+04,4.69182349e-05,1.06658876e-04
3.07800000e+04,4.68968022e-05,1.06605244e-04
3.07900000e+04,4.68747569e-05,1.06565135e-04
3.08000000e+04,4.68536336e-05,1.06530282e-04
3.08100000e+04,4.68303225e-05,1.06496215e-04
3.08200000e+04,4.68066341e-05,1.06462699e-04
3.08300000e+04,4.67846243e-05,1.06427814e-04
3.08400000e+04,4.67623209e-05,1.06392235e-04
3.08500000e+04,4.67416868e-05,1.06355346e-04
3.08600000e+04,4.67708671e-05,1.06320345e-04
3.08700000e+04,4.69889994e-05,1.06284487e-04
3.08800000e+04,4.67236609e-05,1.06247357e-04
3.08900000e+04,4.66603740e-05,1.06211306e-04
3.09000000e+04,4.66446643e-05,1.06175429e-04
3.09100000e+04,4.90505812e-05,1.06143391e-04
3.09200000e+04,4.73350334e-05,1.06492203e-04
3.09300000e+04,4.70743302e-05,1.07100103e-04
3.09400000e+04,4.66044686e-05,1.06556198e-04
3.09500000e+04,4.65798781e-05,1.06171224e-04
3.09600000e+04,4.65413140e-05,1.05976889e-04
3.09700000e+04,4.65072824e-05,1.05965677e-04
3.09800000e+04,4.64909846e-05,1.05924361e-04
3.09900000e+04,4.64703766e-05,1.05881240e-04
3.10000000e+04,4.64532832e-05,1.05846177e-04
3.10100000e+04,4.64347684e-05,1.05814838e-04
3.10200000e+04,4.64156835e-05,1.05783557e-04
3.10300000e+04,4.63975608e-05,1.05751362e-04
3.10400000e+04,4.63801806e-05,1.05717915e-04
3.10500000e+04,4.63616717e-05,1.05685088e-04
3.10600000e+04,4.63441218e-05,1.05652206e-04
3.10700000e+04,4.63260387e-05,1.05618970e-04
3.10800000e+04,4.63084658e-05,1.05585051e-04
3.10900000e+04,4.62906132e-05,1.05553810e-04
3.11000000e+04,4.62721745e-05,1.05519584e-04
3.11100000e+04,4.62535601e-05,1.05489749e-04
3.11200000e+04,4.62349890e-05,1.05459412e-04
3.11300000e+04,4.62165636e-05,1.05427469e-04
3.11400000e+04,4.61981724e-05,1.05394907e-04
3.11500000e+04,4.61800820e-05,1.05362554e-04
3.11600000e+04,4.61615822e-05,1.05330553e-04
3.11700000e+04,4.61428150e-05,1.05297184e-04
3.11800000e+04,4.61257263e-05,1.05263931e-04
3.11900000e+04,4.61070425e-05,1.05230398e-04
3.12000000e+04,4.60892089e-05,1.05198787e-04
3.12100000e+04,4.60705099e-05,1.05168113e-04
3.12200000e+04,4.60512961e-05,1.05137214e-04
3.12300000e+04,4.60330685e-05,1.05105930e-04
3.12400000e+04,4.60143589e-05,1.05074344e-04
3.12500000e+04,4.59956289e-05,1.05041897e-04
3.12600000e+04,4.59777292e-05,1.05008772e-04
3.12700000e+04,4.59593582e-05,1.04975578e-04
3.12800000e+04,4.59408371e-05,1.04943172e-04
3.12900000e+04,4.59229849e-05,1.04909104e-04
3.13000000e+04,4.59040318e-05,1.04875766e-04
3.13100000e+04,4.58855305e-05,1.04846133e-04
3.13200000e+04,4.58666048e-05,1.04815134e-04
3.13300000e+04,4.58476977e-05,1.04784307e-04
3.13400000e+04,4.58292593e-05,1.04751622e-04
3.13500000e+04,4.58109112e-05,1.04718523e-04
3.13600000e+04,4.57924552e-05,1.04686403e-04
3.13700000e+04,4.57740783e-05,1.04652102e-04
3.13800000e+04,4.57557709e-05,1.04624334e-04
3.13900000e+04,4.57369492e-05,1.05251952e-04
3.14000000e+04,4.57191841e-05,1.04976271e-04
3.14100000e+04,4.57001892e-05,1.04628595e-04
3.14200000e+04,4.56810882e-05,1.04469176e-04
3.14300000e+04,4.56628600e-05,1.04389143e-04
3.14400000e+04,4.56439610e-05,1.04337686e-04
3.14500000e+04,4.56253305e-05,1.04289773e-04
3.14600000e+04,4.56066094e-05,1.04245754e-04
3.14700000e+04,4.55878312e-05,1.04201711e-04
3.14800000e+04,4.55696980e-05,1.04158471e-04
3.14900000e+04,4.55519703e-05,1.04118292e-04
3.15000000e+04,4.55329167e-05,1.04076218e-04
3.15100000e+04,4.55146791e-05,1.04038215e-04
3.15200000e+04,4.54948180e-05,1.03999587e-04
3.15300000e+04,4.54766770e-05,1.03962970e-04
3.15400000e+04,4.54588181e-05,1.03923169e-04
3.15500000e+04,4.54396597e-05,1.03886796e-04
3.15600000e+04,4.54208489e-05,1.03849217e-04
3.15700000e+04,4.54024232e-05,1.03810958e-04
3.15800000e+04,4.53844821e-05,1.03772953e-04
3.15900000e+04,4.53656635e-05,1.03734739e-04
3.16000000e+04,4.53476177e-05,1.03697388e-04
3.16100000e+04,4.53287317e-05,1.03663148e-04
3.16200000e+04,4.53100600e-05,1.03621891e-04
3.16300000e+04,4.52915006e-05,1.03583198e-04
3.16400000e+04,4.52720363e-05,1.03546452e-04
3.16500000e+04,4.52541967e-05,1.03508484e-04
3.16600000e+04,4.52353108e-05,1.03471984e-04
3.16700000e+04,4.52171986e-05,1.03434169e-04
3.16800000e+04,4.51984422e-05,1.03395218e-04
3.16900000e+04,4.51800221e-05,1.03359657e-04
3.17000000e+04,4.51620554e-05,1.03321520e-04
3.17100000e+04,4.51437168e-05,1.03286034e-04
3.17200000e+04,4.51237592e-05,1.03251352e-04
3.17300000e+04,4.51057227e-05,1.03215013e-04
3.17400000e+04,4.50872768e-05,1.03184454e-04
3.17500000e+04,4.50686597e-05,1.03789222e-04
3.17600000e+04,4.50526302e-05,1.03572835e-04
3.17700000e+04,4.50990414e-05,1.03096496e-04
3.17800000e+04,4.50458309e-05,1.03083479e-04
3.17900000e+04,4.49953842e-05,1.03012937e-04
3.18000000e+04,4.49838126e-05,1.02972314e-04
3.18100000e+04,4.65634257e-05,1.02938720e-04
3.18200000e+04,4.52719852e-05,1.02903909e-04
3.18300000e+04,4.50890846e-05,1.02869041e-04
3.18400000e+04,4.49416661e-05,1.02835423e-04
3.18500000e+04,4.49078897e-05,1.02800753e-04
3.18600000e+04,4.48788304e-05,1.02767814e-04
3.18700000e+04,4.48625719e-05,1.02733102e-04
3.18800000e+04,4.48439550e-05,1.02697962e-04
3.18900000e+04,4.48278847e-05,1.02663393e-04
3.19000000e+04,4.48110569e-05,1.02629560e-04
3.19100000e+04,4.47947779e-05,1.02597612e-04
3.19200000e+04,4.47781208e-05,1.02565098e-04
3.19300000e+04,4.47611772e-05,1.02532889e-04
3.19400000e+04,4.47444926e-05,1.02498331e-04
3.19500000e+04,4.47281508e-05,1.02465842e-04
3.19600000e+04,4.47113590e-05,1.02431743e-04
3.19700000e+04,4.46941975e-05,1.02397453e-04
3.19800000e+04,4.46776954e-05,1.02363732e-04
3.19900000e+04,4.46609904e-05,1.02329550e-04
3.20000000e+04,4.46436954e-05,1.02294915e-04
3.20100000e+04,4.46277036e-05,1.02263275e-04
3.20200000e+04,4.46103963e-05,1.02231335e-04
3.20300000e+04,4.45931710e-05,1.02198809e-04
3.20400000e+04,4.45768678e-05,1.02165158e-04
3.20500000e+04,4.45596943e-05,1.02131351e-04
3.20600000e+04,4.45431871e-05,1.02098236e-04
3.20700000e+04,4.45262234e-05,1.02064841e-04
3.20800000e+04,4.45096251e-05,1.02030621e-04
3.20900000e+04,4.44925448e-05,1.01998037e-04
3.21000000e+04,4.44757385e-05,1.02069199e-04
3.21100000e+04,4.44599121e-05,1.01962495e-04
3.21200000e+04,4.44426182e-05,1.01892209e-04
3.21300000e+04,4.44253604e-05,1.01858831e-04
3.21400000e+04,4.44090001e-05,1.01821129e-04
3.21500000e+04,4.43917785e-05,1.01786096e-04
3.21600000e+04,4.43751533e-05,1.01747473e-04
3.21700000e+04,4.43581949e-05,1.01710996e-04
3.21800000e+04,4.43413738e-05,1.01675078e-04
3.21900000e+04,4.43249261e-05,1.01639633e-04
3.22000000e+04,4.43074432e-05,1.01604062e-04
3.22100000e+04,4.42909108e-05,1.01568673e-04
3.22200000e+04,4.42741821e-05,1.01534484e-04
3.22300000e+04,4.42574703e-05,1.01501165e-04
3.22400000e+04,4.42405574e-05,1.01465563e-04
3.22500000e+04,4.42242180e-05,1.01430716e-04
3.22600000e+04,4.42073278e-05,1.01404725e-04
3.22700000e+04,4.41901475e-05,1.02329140e-04
3.22800000e+04,4.41734022e-05,1.01518143e-04
3.22900000e+04,4.41566619e-05,1.01334006e-04
3.23000000e+04,4.41395543e-05,1.01281461e-04
3.23100000e+04,4.41233559e-05,1.01234838e-04
3.23200000e+04,4.41063797e-05,1.01209438e-04
3.23300000e+04,4.40896540e-05,1.01170962e-04
3.23400000e+04,4.40723771e-05,1.01139954e-04
3.23500000e+04,4.40558596e-05,1.01109328e-04
3.23600000e+04,4.40393684e-05,1.01076658e-04
3.23700000e+04,4.40227868e-05,1.01044447e-04
3.23800000e+04,4.40057635e-05,1.01012887e-04
3.23900000e+04,4.39888953e-05,1.00980004e-04
3.24000000e+04,4.39718918e-05,1.00948073e-04
3.24100000e+04,4.39563358e-05,1.00918176e-04
3.24200000e+04,4.39392054e-05,1.00887806e-04
3.24300000e+04,4.39224375e-05,1.00856779e-04
3.24400000e+04,4.39054154e-05,1.00826618e-04
3.24500000e+04,4.38892105e-05,1.00793499e-04
3.24600000e+04,4.38722595e-05,1.00762348e-04
3.24700000e+04,4.38556392e-05,1.00730651e-04
3.24800000e+04,4.38388454e-05,1.00699178e-04
3.24900000e+04,4.38227386e-05,1.00667235e-04
3.25000000e+04,4.38513634e-05,1.00635209e-04
3.25100000e+04,4.61855765e-05,1.00604453e-04
3.25200000e+04,4.49922704e-05,1.00574045e-04
3.25300000e+04,4.40302811e-05,1.01030375e-04
3.25400000e+04,4.39272420e-05,1.01209219e-04
3.25500000e+04,4.38423745e-05,1.00555563e-04
3.25600000e+04,4.37645148e-05,1.00532735e-04
3.25700000e+04,4.37509400e-05,1.00459818e-04
3.25800000e+04,4.37361372e-05,1.00405109e-04
3.25900000e+04,4.37245023e-05,1.00377466e-04
3.26000000e+04,4.37159359e-05,1.00345629e-04
3.26100000e+04,4.37068430e-05,1.00319492e-04
3.26200000e+04,4.36979036e-05,1.00291305e-04
3.26300000e+04,4.36885275e-05,1.00263261e-04
3.26400000e+04,4.36796822e-05,1.00235749e-04
3.26500000e+04,4.36712223e-05,1.00207927e-04
3.26600000e+04,4.36625470e-05,1.00178917e-04
3.26700000e+04,4.36534706e-05,1.00150152e-04
3.26800000e+04,4.36447488e-05,1.00122344e-04
3.26900000e+04,4.36359261e-05,1.00095259e-04
3.27000000e+04,4.36265487e-05,1.00066119e-04
3.27100000e+04,4.36177670e-05,1.00039019e-04
3.27200000e+04,4.36084983e-05,1.00011876e-04
3.27300000e+04,4.35991435e-05,9.99838629e-05
3.27400000e+04,4.35904913e-05,9.99563470e-05
3.27500000e+04,4.35813432e-05,9.99276413e-05
3.27600000e+04,4.35724236e-05,9.98994316e-05
3.27700000e+04,4.35635445e-05,9.98707535e-05
3.27800000e+04,4.35536867e-05,9.98424465e-05
3.27900000e+04,4.35446129e-05,9.98132844e-05
3.28000000e+04,4.35363204e-05,9.97842131e-05
3.28100000e+04,4.35263431e-05,9.97591084e-05
3.28200000e+04,4.35174594e-05,9.97317164e-05
3.28300000e+04,4.35080709e-05,9.97044841e-05
3.28400000e+04,4.34982937e-05,9.96759478e-05
3.28500000e+04,4.34896098e-05,9.96473739e-05
3.28600000e+04,4.34809400e-05,9.96187796e-05
3.28700000e+04,4.34720067e-05,9.95901233e-05
3.28800000e+04,4.34617856e-05,9.95605844e-05
3.28900000e+04,4.34533123e-05,9.95326202e-05
3.29000000e+04,4.34432089e-05,9.95041154e-05
3.29100000e+04,4.34345513e-05,9.94750781e-05
3.29200000e+04,4.34248130e-05,9.99788679e-05
3.29300000e+04,4.34153327e-05,9.97414114e-05
3.29400000e+04,4.34063635e-05,9.94146259e-05
3.29500000e+04,4.33968369e-05,9.93945361e-05
3.29600000e+04,4.33875756e-05,9.93579442e-05
3.29700000e+04,4.33782128e-05,9.93195519e-05
3.29800000e+04,4.33690827e-05,9.92982997e-05
3.29900000e+04,4.33597406e-05,9.92705225e-05
3.30000000e+04,4.33500800e-05,9.92424243e-05
3.30100000e+04,4.33414849e-05,9.92181039e-05
3.30200000e+04,4.33313319e-05,9.91935513e-05
3.30300000e+04,4.33216843e-05,9.91677979e-05
3.30400000e+04,4.33127543e-05,9.91434827e-05
3.30500000e+04,4.33028493e-05,9.91163641e-05
3.30600000e+04,4.32934967e-05,9.90916903e-05
3.30700000e+04,4.32837161e-05,9.90650436e-05
3.30800000e+04,4.32750319e-05,9.90396099e-05
3.30900000e+04,4.32655728e-05,9.90132646e-05
3.31000000e+04,4.32558830e-05,9.89880649e-05
3.31100000e+04,4.32467972e-05,9.89629414e-05
3.31200000e+04,4.32371717e-05,9.89393950e-05
3.31300000e+04,4.32288052e-05,9.89138629e-05
3.31400000e+04,4.32185404e-05,9.88880499e-05
3.31500000e+04,4.32093434e-05,9.88628024e-05
3.31600000e+04,4.31992539e-05,9.88373068e-05
3.31700000e+04,4.31899668e-05,9.88107196e-05
3.31800000e+04,4.31805330e-05,9.87849105e-05
3.31900000e+04,4.31707540e-05,9.87584855e-05
3.32000000e+04,4.31614378e-05,9.87319117e-05
3.32100000e+04,4.31525311e-05,9.87088927e-05
3.32200000e+04,4.31432021e-05,9.86838653e-05
3.32300000e+04,4.31337164e-05,9.86691352e-05
3.32400000e+04,4.31238738e-05,9.94036859e-05
3.32500000e+04,4.31144001e-05,9.86426591e-05
3.32600000e+04,4.31050127e-05,9.86143197e-05
3.32700000e+04,4.30950834e-05,9.85682300e-05
3.32800000e+04,4.30856278e-05,9.85361572e-05
3.32900000e+04,4.30761172e-05,9.85129225e-05
3.33000000e+04,4.30668579e-05,9.84891187e-05
3.33100000e+04,4.30581126e-05,9.84628842e-05
3.33200000e+04,4.30487925e-05,9.84391745e-05
3.33300000e+04,4.30387061e-05,9.84139622e-05
3.33400000e+04,4.30290213e-05,9.83895663e-05
3.33500000e+04,4.30188467e-05,9.83652542e-05
3.33600000e+04,4.30102215e-05,9.83400853e-05
3.33700000e+04,4.30003350e-05,9.83150971e-05
3.33800000e+04,4.29906860e-05,9.82896684e-05
3.33900000e+04,4.29806825e-05,9.82642985e-05
3.34000000e+04,4.29711365e-05,9.82392786e-05
3.34100000e+04,4.29629853e-05,9.82170546e-05
3.34200000e+04,4.29530422e-05,9.81945528e-05
3.34300000e+04,4.29432664e-05,9.81699757e-05
3.34400000e+04,4.29335023e-05,9.81455466e-05
3.34500000e+04,4.29244097e-05,9.81215680e-05
3.34600000e+04,4.29141653e-05,9.80969327e-05
3.34700000e+04,4.29051282e-05,9.80717109e-05
3.34800000e+04,4.28957899e-05,9.80475338e-05
3.34900000e+04,4.28857708e-05,9.80229322e-05
3.35000000e+04,4.28760560e-05,9.79977827e-05
3.35100000e+04,4.28672282e-05,9.79749703e-05
3.35200000e+04,4.28579456e-05,9.79515953e-05
3.35300000e+04,4.28480664e-05,9.79284226e-05
3.35400000e+04,4.28384501e-05,9.79040232e-05
3.35500000e+04,4.28291369e-05,9.78803273e-05
3.35600000e+04,4.28191295e-05,9.78556000e-05
3.35700000e+04,4.28100861e-05,9.78300792e-05
3.35800000e+04,4.27998192e-05,9.78049742e-05
3.35900000e+04,4.27899812e-05,9.77808699e-05
3.36000000e+04,4.27807765e-05,9.77542074e-05
3.36100000e+04,4.27716204e-05,9.77304447e-05
3.36200000e+04,4.27624494e-05,9.77066372e-05
3.36300000e+04,4.27529674e-05,9.76811396e-05
3.36400000e+04,4.27436598e-05,9.76559932e-05
3.36500000e+04,4.27333424e-05,9.76290186e-05
3.36600000e+04,4.27239298e-05,9.76037704e-05
3.36700000e+04,4.27139255e-05,9.75781574e-05
3.36800000e+04,4.27046865e-05,9.75537652e-05
3.36900000e+04,4.26951707e-05,9.75362077e-05
3.37000000e+04,4.26852976e-05,9.82352224e-05
3.37100000e+04,4.26761296e-05,9.75070903e-05
3.37200000e+04,4.26672784e-05,9.74641615e-05
3.37300000e+04,4.26569242e-05,9.73666453e-05
3.37400000e+04,4.26470884e-05,9.73466180e-05
3.37500000e+04,4.26382863e-05,9.72973545e-05
3.37600000e+04,4.26283196e-05,9.72635445e-05
3.37700000e+04,4.26187399e-05,9.72326931e-05
3.37800000e+04,4.26090304e-05,9.71982696e-05
3.37900000e+04,4.25986212e-05,9.71670750e-05
3.38000000e+04,4.25887481e-05,9.71362077e-05
3.38100000e+04,4.25806288e-05,9.71084767e-05
3.38200000e+04,4.25714810e-05,9.70812566e-05
3.38300000e+04,4.25614002e-05,9.70539179e-05
3.38400000e+04,4.25515933e-05,9.70250833e-05
3.38500000e+04,4.25422427e-05,9.69965538e-05
3.38600000e+04,4.25325945e-05,9.69687229e-05
3.38700000e+04,4.25230604e-05,9.69401129e-05
3.38800000e+04,4.25132200e-05,9.69120122e-05
3.38900000e+04,4.25033332e-05,9.68840650e-05
3.39000000e+04,4.24937057e-05,9.68548226e-05
3.39100000e+04,4.24849645e-05,9.68312637e-05
3.39200000e+04,4.24750940e-05,9.68054675e-05
3.39300000e+04,4.24650666e-05,9.67785840e-05
3.39400000e+04,4.24558853e-05,9.67522117e-05
3.39500000e+04,4.24467864e-05,9.67266976e-05
3.39600000e+04,4.24363215e-05,9.66990011e-05
3.39700000e+04,4.24271363e-05,9.66731383e-05
3.39800000e+04,4.24171242e-05,9.66456089e-05
3.39900000e+04,4.24076752e-05,9.66183637e-05
3.40000000e+04,4.23976006e-05,9.65913904e-05
3.40100000e+04,4.23887144e-05,9.65671165e-05
3.40200000e+04,4.23793658e-05,9.65430143e-05
3.40300000e+04,4.23697987e-05,9.65187603e-05
3.40400000e+04,4.23603307e-05,9.64920898e-05
3.40500000e+04,4.23505894e-05,9.64678668e-05
3.40600000e+04,4.23403604e-05,9.64404139e-05
3.40700000e+04,4.23312079e-05,9.64138263e-05
3.40800000e+04,4.23213148e-05,9.63873257e-05
3.40900000e+04,4.23112784e-05,9.63610837e-05
3.41000000e+04,4.23020601e-05,9.63350495e-05
3.41100000e+04,4.22930917e-05,9.63112695e-05
3.41200000e+04,4.22835346e-05,9.62879911e-05
3.41300000e+04,4.22740590e-05,9.62635705e-05
3.41400000e+04,4.22641311e-05,9.68508514e-05
3.41500000e+04,4.22549517e-05,9.63380869e-05
3.41600000e+04,4.22444901e-05,9.63049939e-05
3.41700000e+04,4.22350766e-05,9.61719933e-05
3.41800000e+04,4.22254342e-05,9.61549582e-05
3.41900000e+04,4.22154819e-05,9.61242210e-05
3.42000000e+04,4.22052572e-05,9.60981027e-05
3.42100000e+04,4.21968574e-05,9.60748584e-05
3.42200000e+04,4.21866533e-05,9.60527800e-05
3.42300000e+04,4.21779823e-05,9.60301320e-05
3.42400000e+04,4.21679640e-05,9.60058967e-05
3.42500000e+04,4.21583252e-05,9.59827943e-05
3.42600000e+04,4.21491038e-05,9.59599046e-05
3.42700000e+04,4.21389473e-05,9.59358161e-05
3.42800000e+04,4.21296054e-05,9.59120672e-05
3.42900000e+04,4.21194881e-05,9.58896148e-05
3.43000000e+04,4.21096197e-05,9.58657541e-05
3.43100000e+04,4.21004023e-05,9.58441028e-05
3.43200000e+04,4.20915624e-05,9.58231890e-05
3.43300000e+04,4.20812316e-05,9.58021269e-05
3.43400000e+04,4.20721110e-05,9.57806736e-05
3.43500000e+04,4.20625015e-05,9.57576038e-05
3.43600000e+04,4.20525024e-05,9.57344549e-05
3.43700000e+04,4.20424370e-05,9.57120592e-05
3.43800000e+04,4.20328862e-05,9.56881797e-05
3.43900000e+04,4.20233412e-05,9.56658978e-05
3.44000000e+04,4.20131247e-05,9.56421919e-05
3.44100000e+04,4.20042163e-05,9.56224313e-05
3.44200000e+04,4.19951726e-05,9.56034398e-05
3.44300000e+04,4.19851146e-05,9.55813052e-05
3.44400000e+04,4.19758800e-05,9.55588995e-05
3.44500000e+04,4.19659157e-05,9.55365720e-05
3.44600000e+04,4.19561215e-05,9.55146689e-05
3.44700000e+04,4.19462793e-05,9.54919092e-05
3.44800000e+04,4.19365065e-05,9.54688899e-05
3.44900000e+04,4.19270066e-05,9.54462323e-05
3.45000000e+04,4.19168964e-05,9.54230810e-05
3.45100000e+04,4.19082360e-05,9.54030399e-05
3.45200000e+04,4.18990960e-05,9.53831510e-05
3.45300000e+04,4.18893313e-05,9.53634576e-05
3.45400000e+04,4.18797785e-05,9.55235503e-05
3.45500000e+04,4.18692457e-05,9.55479736e-05
3.45600000e+04,4.18595793e-05,9.53617930e-05
3.45700000e+04,4.18499732e-05,9.52945172e-05
3.45800000e+04,4.18398704e-05,9.52642599e-05
3.45900000e+04,4.18300461e-05,9.52398030e-05
3.46000000e+04,4.18199376e-05,9.52170523e-05
3.46100000e+04,4.18117910e-05,9.51949643e-05
3.46200000e+04,4.18023054e-05,9.51742534e-05
3.46300000e+04,4.17917914e-05,9.51531341e-05
3.46400000e+04,4.17830564e-05,9.51322876e-05
3.46500000e+04,4.17725284e-05,9.51106020e-05
3.46600000e+04,4.17635317e-05,9.50894155e-05
3.46700000e+04,4.17529388e-05,9.50684589e-05
3.46800000e+04,4.17429293e-05,9.50461693e-05
3.46900000e+04,4.17332607e-05,9.50261514e-05
3.47000000e+04,4.17235727e-05,9.50033104e-05
3.47100000e+04,4.17155198e-05,9.49858689e-05
3.47200000e+04,4.17052809e-05,9.49672925e-05
3.47300000e+04,4.16955351e-05,9.49458964e-05
3.47400000e+04,4.16857924e-05,9.49258632e-05
3.47500000e+04,4.16756221e-05,9.49063275e-05
3.47600000e+04,4.16658155e-05,9.48847390e-05
3.47700000e+04,4.16559686e-05,9.48642800e-05
3.47800000e+04,4.16464711e-05,9.48445917e-05
3.47900000e+04,4.16362343e-05,9.48229538e-05
3.48000000e+04,4.16262826e-05,9.48006245e-05
3.48100000e+04,4.16176667e-05,9.47852624e-05
3.48200000e+04,4.16087165e-05,9.47647472e-05
3.48300000e+04,4.15987181e-05,9.47459076e-05
3.48400000e+04,4.15885346e-05,9.47254003e-05
3.48500000e+04,4.15788387e-05,9.47045946e-05
3.48600000e+04,4.15689665e-05,9.46845936e-05
3.48700000e+04,4.15588362e-05,9.46639831e-05
3.48800000e+04,4.15486297e-05,9.46423630e-05
3.48900000e+04,4.15391111e-05,9.46226368e-05
3.49000000e+04,4.15294395e-05,9.46007520e-05
3.49100000e+04,4.15205977e-05,9.45827750e-05
3.49200000e+04,4.15111302e-05,9.45643200e-05
3.49300000e+04,4.15010605e-05,9.45450298e-05
3.49400000e+04,4.14915934e-05,9.45252917e-05
3.49500000e+04,4.14815087e-05,9.45050065e-05
3.49600000e+04,4.14720041e-05,9.44858297e-05
3.49700000e+04,4.14613321e-05,9.44639174e-05
3.49800000e+04,4.14517733e-05,9.44414454e-05
3.49900000e+04,4.14419907e-05,9.44218061e-05
3.50000000e+04,4.14321562e-05,9.43999274e-05
3.50100000e+04,4.14231234e-05,9.43805054e-05
3.50200000e+04,4.14135670e-05,9.43601420e-05
3.50300000e+04,4.14039265e-05,9.43394018e-05
3.50400000e+04,4.13940072e-05,9.43181140e-05
3.50500000e+04,4.13842666e-05,9.42966394e-05
3.50600000e+04,4.13743668e-05,9.42749218e-05
3.50700000e+04,4.13641939e-05,9.42522086e-05
3.50800000e+04,4.13540150e-05,9.42311760e-05
3.50900000e+04,4.13440873e-05,9.42100844e-05
3.51000000e+04,4.13342633e-05,9.42083690e-05
3.51100000e+04,4.13261477e-05,9.41667090e-05
3.51200000e+04,4.13163641e-05,9.41155073e-05
3.51300000e+04,4.13061107e-05,9.40851817e-05
3.51400000e+04,4.12964117e-05,9.40536268e-05
3.51500000e+04,4.12865780e-05,9.40257499e-05
3.51600000e+04,4.12763483e-05,9.39966387e-05
3.51700000e+04,4.12666420e-05,9.39688423e-05
3.51800000e+04,4.12569303e-05,9.39409084e-05
3.51900000e+04,4.12464328e-05,9.39144053e-05
3.52000000e+04,4.12364914e-05,9.38867452e-05
3.52100000e+04,4.12276707e-05,9.38640105e-05
3.52200000e+04,4.12181367e-05,9.38400630e-05
3.52300000e+04,4.12074897e-05,9.38154366e-05
3.52400000e+04,4.11985188e-05,9.37909645e-05
3.52500000e+04,4.11883656e-05,9.37678776e-05
3.52600000e+04,4.11785591e-05,9.41474067e-05
3.52700000e+04,4.11681817e-05,9.37387294e-05
3.52800000e+04,4.11586221e-05,9.37617706e-05
3.52900000e+04,4.11482744e-05,9.36826390e-05
3.53000000e+04,4.11377661e-05,9.36603789e-05
3.53100000e+04,4.11293513e-05,9.36316667e-05
3.53200000e+04,4.11198089e-05,9.36049502e-05
3.53300000e+04,4.11100673e-05,9.35814202e-05
3.53400000e+04,4.11001128e-05,9.35572057e-05
3.53500000e+04,4.10903715e-05,9.35354656e-05
3.53600000e+04,4.10797387e-05,9.35117940e-05
3.53700000e+04,4.10695234e-05,9.34885011e-05
3.53800000e+04,4.10605472e-05,9.34806573e-05
3.53900000e+04,4.10502743e-05,9.34735073e-05
3.54000000e+04,4.10398361e-05,9.34668125e-05
3.54100000e+04,4.10310647e-05,9.34655961e-05
3.54200000e+04,4.10210754e-05,9.34622115e-05
3.54300000e+04,4.10119327e-05,9.34572279e-05
3.54400000e+04,4.10013228e-05,9.34514878e-05
3.54500000e+04,4.09914111e-05,9.34461892e-05
3.54600000e+04,4.09812437e-05,9.34433349e-05
3.54700000e+04,4.09712026e-05,9.34674803e-05
3.54800000e+04,4.09618132e-05,9.34404009e-05
3.54900000e+04,4.09506656e-05,9.34475253e-05
3.55000000e+04,4.09413672e-05,9.34162650e-05
3.55100000e+04,4.09325822e-05,9.34256457e-05
3.55200000e+04,4.09224233e-05,9.34628703e-05
3.55300000e+04,4.09130239e-05,9.34018907e-05
3.55400000e+04,4.09026247e-05,9.33948201e-05
3.55500000e+04,4.08922914e-05,9.33966153e-05
3.55600000e+04,4.08829655e-05,9.33810669e-05
3.55700000e+04,4.08732967e-05,9.33745469e-05
3.55800000e+04,4.08624127e-05,9.33693672e-05
3.55900000e+04,4.08523929e-05,9.33621857e-05
3.56000000e+04,4.08416249e-05,9.33548669e-05
3.56100000e+04,4.08332518e-05,9.33528303e-05
3.56200000e+04,4.08237082e-05,9.33495835e-05
3.56300000e+04,4.08136497e-05,9.33451963e-05
3.56400000e+04,4.08035582e-05,9.33394821e-05
3.56500000e+04,4.07934839e-05,9.33341664e-05
3.56600000e+04,4.07833509e-05,9.33280880e-05
3.56700000e+04,4.07729192e-05,9.33210616e-05
3.56800000e+04,4.07882262e-05,9.33155952e-05
3.56900000e+04,4.07707377e-05,9.33092647e-05
3.57000000e+04,4.07435963e-05,9.33016444e-05
3.57100000e+04,4.07322743e-05,9.33021252e-05
3.57200000e+04,4.07578715e-05,9.32990251e-05
3.57300000e+04,4.07153027e-05,9.32941265e-05
3.57400000e+04,4.06955148e-05,9.32888613e-05
3.57500000e+04,4.06823914e-05,9.32851566e-05
3.57600000e+04,4.06714980e-05,9.32793844e-05
3.57700000e+04,4.06601973e-05,9.32736835e-05
3.57800000e+04,4.06490344e-05,9.32693814e-05
3.57900000e+04,4.06381087e-05,9.32928100e-05
3.58000000e+04,4.06268781e-05,9.32788495e-05
3.58100000e+04,4.06174016e-05,9.32623039e-05
3.58200000e+04,4.06065562e-05,9.32357601e-05
3.58300000e+04,4.05962426e-05,9.32300658e-05
3.58400000e+04,4.05856326e-05,9.32243796e-05
3.58500000e+04,4.05745762e-05,9.32167250e-05
3.58600000e+04,4.05640093e-05,9.32089662e-05
3.58700000e+04,4.05532847e-05,9.32002890e-05
3.58800000e+04,4.05425939e-05,9.31913257e-05
3.58900000e+04,4.05317707e-05,9.31826138e-05
3.59000000e+04,4.05210163e-05,9.31748235e-05
3.59100000e+04,4.05114072e-05,9.31724426e-05
3.59200000e+04,4.05010511e-05,9.31672479e-05
3.59300000e+04,4.04902665e-05,9.31615815e-05
3.59400000e+04,4.04794749e-05,9.31552062e-05
3.59500000e+04,4.04687671e-05,9.31499347e-05
3.59600000e+04,4.04579717e-05,9.31434173e-05
3.59700000e+04,4.04476671e-05,9.31365540e-05
3.59800000e+04,4.04365859e-05,9.31295647e-05
3.59900000e+04,4.04256593e-05,9.31228063e-05
3.60000000e+04,4.04151738e-05,9.31148268e-05
3.60100000e+04,4.04059549e-05,9.31130960e-05
3.60200000e+04,4.03957538e-05,9.31095101e-05
3.60300000e+04,4.03849858e-05,9.31054657e-05
3.60400000e+04,4.03831704e-05,9.30989884e-05
3.60500000e+04,4.03765455e-05,9.30945992e-05
3.60600000e+04,4.03542632e-05,9.30881729e-05
3.60700000e+04,4.03438044e-05,9.30822483e-05
3.60800000e+04,4.03335209e-05,9.30756945e-05
3.60900000e+04,4.03218543e-05,9.30684079e-05
3.61000000e+04,4.03118330e-05,9.30656211e-05
3.61100000e+04,4.03018892e-05,9.38825896e-05
3.61200000e+04,4.02914402e-05,9.32402387e-05
3.61300000e+04,4.02814342e-05,9.30665968e-05
3.61400000e+04,4.02700439e-05,9.30658344e-05
3.61500000e+04,4.02600448e-05,9.30364338e-05
3.61600000e+04,4.02497127e-05,9.30196271e-05
3.61700000e+04,4.02393239e-05,9.30153261e-05
3.61800000e+04,4.02294426e-05,9.30104879e-05
3.61900000e+04,4.03159351e-05,9.30013113e-05
3.62000000e+04,4.02151634e-05,9.29942311e-05
3.62100000e+04,4.01937145e-05,9.29922320e-05
3.62200000e+04,4.01763111e-05,9.29887004e-05
3.62300000e+04,4.01629046e-05,9.29829132e-05
3.62400000e+04,4.01504379e-05,9.29776697e-05
3.62500000e+04,4.01380264e-05,9.29731154e-05
3.62600000e+04,4.01249813e-05,9.29678479e-05
3.62700000e+04,4.01132323e-05,9.29616908e-05
3.62800000e+04,4.01004803e-05,9.29569073e-05
3.62900000e+04,4.00889272e-05,9.29506749e-05
3.63000000e+04,4.00757940e-05,9.29446803e-05
3.63100000e+04,4.00664578e-05,9.29430951e-05
3.63200000e+04,4.00546425e-05,9.29397663e-05
3.63300000e+04,4.00432671e-05,9.29359308e-05
3.63400000e+04,4.00319249e-05,9.29320903e-05
3.63500000e+04,4.00233795e-05,9.29276756e-05
3.63600000e+04,4.00606043e-05,9.29233428e-05
3.63700000e+04,4.00035077e-05,9.29181749e-05
3.63800000e+04,3.99893607e-05,9.29131396e-05
3.63900000e+04,3.99768305e-05,9.29081338e-05
3.64000000e+04,3.99656649e-05,9.29036669e-05
3.64100000e+04,3.99539171e-05,9.29022154e-05
3.64200000e+04,3.99431555e-05,9.29002167e-05
3.64300000e+04,3.99316251e-05,9.28958585e-05
3.64400000e+04,3.99210159e-05,9.28927667e-05
3.64500000e+04,3.99091786e-05,9.28898207e-05
3.64600000e+04,3.98987754e-05,9.28855839e-05
3.64700000e+04,3.98874882e-05,9.28812327e-05
3.64800000e+04,3.98767943e-05,9.28768305e-05
3.64900000e+04,3.98653387e-05,9.28711144e-05
3.65000000e+04,3.98543851e-05,9.28675573e-05
3.65100000e+04,3.98443379e-05,9.28671599e-05
3.65200000e+04,3.98336362e-05,9.28654608e-05
3.65300000e+04,3.98227886e-05,9.28617326e-05
3.65400000e+04,3.98121258e-05,9.28595463e-05
3.65500000e+04,3.98013852e-05,9.28559840e-05
3.65600000e+04,3.97903109e-05,9.28527836e-05
3.65700000e+04,3.97795217e-05,9.28479983e-05
3.65800000e+04,3.97685782e-05,9.28447301e-05
3.65900000e+04,3.97579929e-05,9.28406323e-05
3.66000000e+04,3.97472725e-05,9.28356242e-05
3.66100000e+04,3.97378010e-05,9.28365514e-05
3.66200000e+04,3.97271677e-05,9.28340556e-05
3.66300000e+04,3.97165149e-05,9.28316280e-05
3.66400000e+04,3.97058792e-05,9.28287310e-05
3.66500000e+04,3.96952277e-05,9.28255799e-05
3.66600000e+04,3.96843135e-05,9.28230102e-05
3.66700000e+04,3.96741829e-05,9.28196731e-05
3.66800000e+04,3.96629168e-05,9.28159627e-05
3.66900000e+04,3.96525360e-05,9.28117845e-05
3.67000000e+04,3.96413956e-05,9.28075053e-05
3.67100000e+04,3.96323589e-05,9.28084407e-05
3.67200000e+04,3.96216313e-05,9.28068491e-05
3.67300000e+04,3.96119827e-05,9.28055704e-05
3.67400000e+04,3.96016467e-05,9.28036529e-05
3.67500000e+04,3.96156013e-05,9.28001352e-05
3.67600000e+04,3.95994782e-05,9.27969069e-05
3.67700000e+04,3.95699827e-05,9.27940397e-05
3.67800000e+04,3.95616461e-05,9.27910617e-05
3.67900000e+04,3.95500525e-05,9.27867231e-05
3.68000000e+04,3.95392077e-05,9.27833336e-05
3.68100000e+04,3.95309103e-05,9.27838447e-05
3.68200000e+04,3.95208461e-05,9.27842983e-05
3.68300000e+04,3.95106904e-05,9.27817199e-05
3.68400000e+04,3.95008424e-05,9.27803480e-05
3.68500000e+04,3.94904705e-05,9.27782276e-05
3.68600000e+04,3.94806004e-05,9.27752965e-05
3.68700000e+04,3.94704538e-05,9.27722251e-05
3.68800000e+04,3.94599446e-05,9.27694593e-05
3.68900000e+04,3.94499016e-05,9.27657181e-05
3.69000000e+04,3.94398672e-05,9.27627988e-05
3.69100000e+04,3.94306638e-05,9.27636460e-05
3.69200000e+04,3.94207880e-05,9.27625154e-05
3.69300000e+04,3.94111237e-05,9.27615469e-05
3.69400000e+04,3.94014845e-05,9.27595628e-05
3.69500000e+04,3.93911947e-05,9.27581692e-05
3.69600000e+04,3.93812159e-05,9.27544321e-05
3.69700000e+04,3.93707370e-05,9.27527302e-05
3.69800000e+04,3.93601210e-05,9.27496737e-05
3.69900000e+04,3.93514828e-05,9.27463720e-05
3.70000000e+04,3.93681930e-05,9.27439753e-05
3.70100000e+04,3.94102988e-05,9.27440313e-05
3.70200000e+04,3.93248854e-05,9.27446564e-05
3.70300000e+04,3.92923857e-05,9.27431507e-05
3.70400000e+04,3.92771350e-05,9.27421073e-05
3.70500000e+04,3.92621091e-05,9.27393082e-05
3.70600000e+04,3.92487675e-05,9.27369568e-05
3.70700000e+04,3.92359676e-05,9.27345250e-05
3.70800000e+04,3.92239643e-05,9.27325034e-05
3.70900000e+04,3.92129684e-05,9.27299210e-05
3.71000000e+04,3.92010628e-05,9.27265182e-05
3.71100000e+04,3.91906926e-05,9.27287175e-05
3.71200000e+04,3.91797319e-05,9.27276607e-05
3.71300000e+04,3.91686790e-05,9.27272225e-05
3.71400000e+04,3.91576235e-05,9.27260111e-05
3.71500000e+04,3.91474135e-05,9.27236706e-05
3.71600000e+04,3.91361502e-05,9.27221154e-05
3.71700000e+04,3.91254483e-05,9.27196938e-05
3.71800000e+04,3.91154126e-05,9.27178418e-05
3.71900000e+04,3.91047771e-05,9.27153110e-05
3.72000000e+04,3.90942744e-05,9.27128476e-05
3.72100000e+04,3.90849463e-05,9.27136800e-05
3.72200000e+04,3.90744351e-05,9.27138312e-05
3.72300000e+04,3.90641628e-05,9.27129508e-05
3.72400000e+04,3.90536685e-05,9.27132003e-05
3.72500000e+04,3.90438336e-05,9.27101190e-05
3.72600000e+04,3.90342635e-05,9.27083036e-05
3.72700000e+04,3.90235408e-05,9.27065246e-05
3.72800000e+04,3.90138464e-05,9.27042231e-05
3.72900000e+04,3.90033172e-05,9.27027232e-05
3.73000000e+04,3.89930708e-05,9.26994439e-05
3.73100000e+04,3.89837887e-05,9.27015442e-05
3.73200000e+04,3.89738017e-05,9.27025524e-05
3.73300000e+04,3.89641674e-05,9.27012309e-05
3.73400000e+04,3.89541767e-05,9.27008736e-05
3.73500000e+04,3.89444696e-05,9.26995804e-05
3.73600000e+04,3.89347298e-05,9.26984978e-05
3.73700000e+04,3.89247627e-05,9.26962846e-05
3.73800000e+04,3.89151891e-05,9.26933535e-05
3.73900000e+04,3.89045599e-05,9.26928409e-05
3.74000000e+04,3.88943749e-05,9.26896263e-05
3.74100000e+04,3.88857527e-05,9.26912968e-05
3.74200000e+04,3.88760839e-05,9.26928307e-05
3.74300000e+04,3.88662179e-05,9.26929665e-05
3.74400000e+04,3.88568985e-05,9.26913451e-05
3.74500000e+04,3.88475230e-05,9.26896599e-05
3.74600000e+04,3.88373365e-05,9.26888488e-05
3.74700000e+04,3.88275417e-05,9.26879467e-05
3.74800000e+04,3.88177448e-05,9.26854963e-05
3.74900000e+04,3.88082913e-05,9.26830941e-05
3.75000000e+04,3.87984197e-05,9.26797167e-05
3.75100000e+04,3.87900458e-05,9.26792833e-05
3.75200000e+04,3.87800220e-05,9.26995099e-05
