0.00000000e+00,9.94130838e+00,2.63882349e-07,3.58648266e+00,6.35482546e+00
1.00000000e+01,9.93193048e+00,3.11358343e-07,3.58298806e+00,6.34894211e+00
2.00000000e+01,9.92245264e+00,3.82941024e-07,3.57945856e+00,6.34299370e+00
3.00000000e+01,9.91269599e+00,4.76314925e-07,3.57582372e+00,6.33687179e+00
4.00000000e+01,9.90249503e+00,5.88434424e-07,3.57201581e+00,6.33047863e+00
5.00000000e+01,9.89169461e+00,7.21416453e-07,3.56797004e+00,6.32372385e+00
6.00000000e+01,9.88013942e+00,8.92659789e-07,3.56362058e+00,6.31651795e+00
7.00000000e+01,9.86766267e+00,1.15365252e-06,3.55889620e+00,6.30876532e+00
8.00000000e+01,9.85407530e+00,1.62420354e-06,3.55371494e+00,6.30035874e+00
9.00000000e+01,9.83915402e+00,2.55357482e-06,3.54798011e+00,6.29117136e+00
1.00000000e+02,9.82263259e+00,4.42672915e-06,3.54157516e+00,6.28105299e+00
1.10000000e+02,9.80418803e+00,8.14452606e-06,3.53435776e+00,6.26982213e+00
1.20000000e+02,9.78342805e+00,1.53236885e-05,3.52615429e+00,6.25725844e+00
1.30000000e+02,9.75987438e+00,2.87882358e-05,3.51675164e+00,6.24309396e+00
1.40000000e+02,9.73294454e+00,5.33648481e-05,3.50588881e+00,6.22700236e+00
1.50000000e+02,9.70193068e+00,9.71581386e-05,3.49324670e+00,6.20858682e+00
1.60000000e+02,9.66597362e+00,1.73579312e-04,3.47843626e+00,6.18736378e+00
1.70000000e+02,9.62403642e+00,3.04550662e-04,3.46098487e+00,6.16274700e+00
1.80000000e+02,9.57487417e+00,5.25536151e-04,3.44032180e+00,6.13402684e+00
1.90000000e+02,9.51700339e+00,8.93391051e-04,3.41576236e+00,6.10034764e+00
2.00000000e+02,9.44867614e+00,1.49853670e-03,3.38649302e+00,6.06068459e+00
2.10000000e+02,9.36786405e+00,2.48370999e-03,3.35156034e+00,6.01382000e+00
2.20000000e+02,9.27226226e+00,4.07264796e-03,3.30986631e+00,5.95832330e+00
2.30000000e+02,9.15932936e+00,6.61372738e-03,3.26017777e+00,5.89253787e+00
2.40000000e+02,9.02638808e+00,1.06460107e-02,3.20115764e+00,5.81458443e+00
2.50000000e+02,8.87082422e+00,1.69984238e-02,3.13143343e+00,5.72239237e+00
2.60000000e+02,8.69044067e+00,2.69381623e-02,3.04972195e+00,5.61378056e+00
2.70000000e+02,8.48405214e+00,4.23912156e-02,2.95503991e+00,5.48662101e+00
2.80000000e+02,8.25242569e+00,6.62544116e-02,2.84703545e+00,5.33913583e+00
2.90000000e+02,7.99967500e+00,1.02777852e-01,2.72648227e+00,5.17041488e+00
3.00000000e+02,7.73507349e+00,1.57839910e-01,2.59596195e+00,4.98127162e+00
3.10000000e+02,7.47471229e+00,2.38429640e-01,2.46068357e+00,4.77559909e+00
3.20000000e+02,7.24098641e+00,3.49569366e-01,2.32914963e+00,4.56226741e+00
3.30000000e+02,7.05587486e+00,4.86286278e-01,2.21279598e+00,4.35679259e+00
3.40000000e+02,6.92745053e+00,6.24629253e-01,2.12309151e+00,4.17972977e+00
3.50000000e+02,6.84253009e+00,7.28195575e-01,2.06612635e+00,4.04820817e+00
3.60000000e+02,6.77827062e+00,7.74648673e-01,2.03876790e+00,3.96485404e+00
3.70000000e+02,6.72029676e+00,7.73537632e-01,2.03079389e+00,3.91596524e+00
3.80000000e+02,6.66554814e+00,7.51723332e-01,2.03144762e+00,3.88237718e+00
3.90000000e+02,6.61409321e+00,7.28975269e-01,2.03416104e+00,3.85095690e+00
4.00000000e+02,6.56556135e+00,7.11584577e-01,2.03680164e+00,3.81717514e+00
4.10000000e+02,6.51955033e+00,6.98221120e-01,2.03963167e+00,3.78169754e+00
4.20000000e+02,6.47587321e+00,6.85851289e-01,2.04343789e+00,3.74658403e+00
4.30000000e+02,6.43442443e+00,6.72470719e-01,2.04866216e+00,3.71329155e+00
4.40000000e+02,6.39510823e+00,6.57524767e-01,2.05530007e+00,3.68228340e+00
4.50000000e+02,6.35783371e+00,6.41329767e-01,2.06310239e+00,3.65340155e+00
4.60000000e+02,6.32251278e+00,6.24415106e-01,2.07177061e+00,3.62632706e+00
4.70000000e+02,6.28905483e+00,6.07175136e-01,2.08104801e+00,3.60083168e+00
4.80000000e+02,6.25736317e+00,5.89817765e-01,2.09072801e+00,3.57681740e+00
4.90000000e+02,6.22733389e+00,5.72443986e-01,2.10063244e+00,3.55425747e+00
5.00000000e+02,6.19885525e+00,5.55129097e-01,2.11059392e+00,3.53313223e+00
5.10000000e+02,6.17180765e+00,5.37958835e-01,2.12045011e+00,3.51339870e+00
5.20000000e+02,6.14606461e+00,5.21029143e-01,2.13004690e+00,3.49498857e+00
5.30000000e+02,6.12149355e+00,5.04432967e-01,2.13924312e+00,3.47781746e+00
5.40000000e+02,6.09795733e+00,4.88249414e-01,2.14791401e+00,3.46179391e+00
5.50000000e+02,6.07531524e+00,4.72540122e-01,2.15595284e+00,3.44682228e+00
5.60000000e+02,6.05342486e+00,4.57349930e-01,2.16327139e+00,3.43280354e+00
5.70000000e+02,6.03214347e+00,4.42709471e-01,2.16979927e+00,3.41963473e+00
5.80000000e+02,6.01132996e+00,4.28637199e-01,2.17548346e+00,3.40720931e+00
5.90000000e+02,5.99084671e+00,4.15141569e-01,2.18028686e+00,3.39541828e+00
6.00000000e+02,5.97056286e+00,4.02223342e-01,2.18418779e+00,3.38415173e+00
6.10000000e+02,5.95035720e+00,3.89878682e-01,2.18717794e+00,3.37330057e+00
6.20000000e+02,5.93012382e+00,3.78103205e-01,2.18926128e+00,3.36275934e+00
6.30000000e+02,5.90977829e+00,3.66897198e-01,2.19045293e+00,3.35242816e+00
6.40000000e+02,5.88926745e+00,3.56271693e-01,2.19077885e+00,3.34221690e+00
6.50000000e+02,5.86858046e+00,3.46255185e-01,2.19027605e+00,3.33204923e+00
6.60000000e+02,5.84776264e+00,3.36900036e-01,2.18899373e+00,3.32186887e+00
6.70000000e+02,5.82692740e+00,3.28286607e-01,2.18699476e+00,3.31164603e+00
6.80000000e+02,5.80626471e+00,3.20521226e-01,2.18435767e+00,3.30138582e+00
6.90000000e+02,5.78603424e+00,3.13722691e-01,2.18117706e+00,3.29113448e+00
7.00000000e+02,5.76653692e+00,3.07990926e-01,2.17756296e+00,3.28098303e+00
7.10000000e+02,5.74805768e+00,3.03356866e-01,2.17363659e+00,3.27106422e+00
7.20000000e+02,5.73078686e+00,2.99726872e-01,2.16952350e+00,3.26153649e+00
7.30000000e+02,5.71475269e+00,2.96855189e-01,2.16534344e+00,3.25255406e+00
7.40000000e+02,5.69980658e+00,2.94382511e-01,2.16119750e+00,3.24422657e+00
7.50000000e+02,5.68567956e+00,2.91943004e-01,2.15715471e+00,3.23658185e+00
7.60000000e+02,5.67207573e+00,2.89281306e-01,2.15324253e+00,3.22955189e+00
7.70000000e+02,5.65874086e+00,2.86303932e-01,2.14944612e+00,3.22299081e+00
7.80000000e+02,5.64548072e+00,2.83046702e-01,2.14571764e+00,3.21671638e+00
7.90000000e+02,5.63214551e+00,2.79604066e-01,2.14199014e+00,3.21055131e+00
8.00000000e+02,5.61861244e+00,2.76071378e-01,2.13819123e+00,3.20434984e+00
8.10000000e+02,5.60477199e+00,2.72519508e-01,2.13425067e+00,3.19800181e+00
8.20000000e+02,5.59052325e+00,2.68993451e-01,2.13010349e+00,3.19142630e+00
8.30000000e+02,5.57577040e+00,2.65520981e-01,2.12568967e+00,3.18455974e+00
8.40000000e+02,5.56042061e+00,2.62122126e-01,2.12095242e+00,3.17734606e+00
8.50000000e+02,5.54438451e+00,2.58815967e-01,2.11583693e+00,3.16973161e+00
8.60000000e+02,5.52757709e+00,2.55625301e-01,2.11028972e+00,3.16166207e+00
8.70000000e+02,5.50992052e+00,2.52579725e-01,2.10425858e+00,3.15308221e+00
8.80000000e+02,5.49134963e+00,2.49718042e-01,2.09769387e+00,3.14393771e+00
8.90000000e+02,5.47181726e+00,2.47089880e-01,2.09055007e+00,3.13417731e+00
9.00000000e+02,5.45130186e+00,2.44756283e-01,2.08278851e+00,3.12375707e+00
9.10000000e+02,5.42981357e+00,2.42788167e-01,2.07438128e+00,3.11264412e+00
9.20000000e+02,5.40739696e+00,2.41260856e-01,2.06531412e+00,3.10082198e+00
9.30000000e+02,5.38412902e+00,2.40243517e-01,2.05559015e+00,3.08829535e+00
9.40000000e+02,5.36010631e+00,2.39783060e-01,2.04523110e+00,3.07509215e+00
9.50000000e+02,5.33542468e+00,2.39885055e-01,2.03427685e+00,3.06126277e+00
9.60000000e+02,5.31015246e+00,2.40499153e-01,2.02277963e+00,3.04687368e+00
9.70000000e+02,5.28431051e+00,2.41520537e-01,2.01079551e+00,3.03199446e+00
9.80000000e+02,5.25786814e+00,2.42815847e-01,1.99837176e+00,3.01668053e+00
9.90000000e+02,5.23076499e+00,2.44270378e-01,1.98553615e+00,3.00095847e+00
1.00000000e+03,5.20294751e+00,2.45836676e-01,1.97229184e+00,2.98481899e+00
1.01000000e+03,5.17440812e+00,2.47559466e-01,1.95862300e+00,2.96822565e+00
1.02000000e+03,5.14520904e+00,2.49564866e-01,1.94450843e+00,2.95113575e+00
1.03000000e+03,5.11548874e+00,2.52021329e-01,1.92994157e+00,2.93352585e+00
1.04000000e+03,5.08545295e+00,2.55090215e-01,1.91494787e+00,2.91541486e+00
1.05000000e+03,5.05535212e+00,2.58880049e-01,1.89959604e+00,2.89687603e+00
1.06000000e+03,5.02544702e+00,2.63412624e-01,1.88399892e+00,2.87803548e+00
1.07000000e+03,4.99596880e+00,2.68606900e-01,1.86830446e+00,2.85905743e+00
1.08000000e+03,4.96708308e+00,2.74287201e-01,1.85267650e+00,2.84011938e+00
1.09000000e+03,4.93886771e+00,2.80217007e-01,1.83726997e+00,2.82138073e+00
1.10000000e+03,4.91131239e+00,2.86150079e-01,1.82220670e+00,2.80295561e+00
1.11000000e+03,4.88433446e+00,2.91880537e-01,1.80755773e+00,2.78489619e+00
1.12000000e+03,4.85780377e+00,2.97274296e-01,1.79333792e+00,2.76719155e+00
1.13000000e+03,4.83156825e+00,3.02276761e-01,1.77951151e+00,2.74977999e+00
1.14000000e+03,4.80547644e+00,3.06902694e-01,1.76600587e+00,2.73256787e+00
1.15000000e+03,4.77939540e+00,3.11217330e-01,1.75272800e+00,2.71545006e+00
1.16000000e+03,4.75322197e+00,3.15314468e-01,1.73958099e+00,2.69832652e+00
1.17000000e+03,4.72688668e+00,3.19295701e-01,1.72647720e+00,2.68111378e+00
1.18000000e+03,4.70035382e+00,3.23254822e-01,1.71334706e+00,2.66375194e+00
1.19000000e+03,4.67361853e+00,3.27269734e-01,1.70014341e+00,2.64620538e+00
1.20000000e+03,4.64670366e+00,3.31400608e-01,1.68684186e+00,2.62846120e+00
1.21000000e+03,4.61965603e+00,3.35689703e-01,1.67343943e+00,2.61052690e+00
1.22000000e+03,4.59253917e+00,3.40159983e-01,1.65995181e+00,2.59242738e+00
1.23000000e+03,4.56542463e+00,3.44812076e-01,1.64640998e+00,2.57420258e+00
1.24000000e+03,4.53838250e+00,3.49623104e-01,1.63285583e+00,2.55590356e+00
1.25000000e+03,4.51147531e+00,3.54551591e-01,1.61933692e+00,2.53758679e+00
1.26000000e+03,4.48475678e+00,3.59547711e-01,1.60590061e+00,2.51930846e+00
1.27000000e+03,4.45827372e+00,3.64564174e-01,1.59258992e+00,2.50111963e+00
1.28000000e+03,4.43206867e+00,3.69562072e-01,1.57944168e+00,2.48306491e+00
1.29000000e+03,4.40618068e+00,3.74509160e-01,1.56648767e+00,2.46518385e+00
1.30000000e+03,4.38064347e+00,3.79373698e-01,1.55375666e+00,2.44751311e+00
1.31000000e+03,4.35548257e+00,3.84118700e-01,1.54127668e+00,2.43008718e+00
1.32000000e+03,4.33071381e+00,3.88699957e-01,1.52907576e+00,2.41293810e+00
1.33000000e+03,4.30634311e+00,3.93069779e-01,1.51718087e+00,2.39609245e+00
1.34000000e+03,4.28236896e+00,3.97185258e-01,1.50561519e+00,2.37956851e+00
1.35000000e+03,4.25878734e+00,4.01017502e-01,1.49439506e+00,2.36337478e+00
1.36000000e+03,4.23559570e+00,4.04556681e-01,1.48352781e+00,2.34751121e+00
1.37000000e+03,4.21279170e+00,4.07809342e-01,1.47300998e+00,2.33197238e+00
1.38000000e+03,4.19036825e+00,4.10788855e-01,1.46282765e+00,2.31675174e+00
1.39000000e+03,4.16830622e+00,4.13505915e-01,1.45295676e+00,2.30184354e+00
1.40000000e+03,4.14657219e+00,4.15966393e-01,1.44336413e+00,2.28724167e+00
1.41000000e+03,4.12512296e+00,4.18178812e-01,1.43400900e+00,2.27293515e+00
1.42000000e+03,4.10391922e+00,4.20166899e-01,1.42484645e+00,2.25890587e+00
1.43000000e+03,4.08293958e+00,4.21977036e-01,1.41583273e+00,2.24512982e+00
1.44000000e+03,4.06218988e+00,4.23673548e-01,1.40693265e+00,2.23158368e+00
1.45000000e+03,4.04170344e+00,4.25321935e-01,1.39812755e+00,2.21825396e+00
1.46000000e+03,4.02153241e+00,4.26967022e-01,1.38942102e+00,2.20514437e+00
1.47000000e+03,4.00173340e+00,4.28615339e-01,1.38084061e+00,2.19227745e+00
1.48000000e+03,3.98235166e+00,4.30228307e-01,1.37243440e+00,2.17968895e+00
1.49000000e+03,3.96340844e+00,4.31728698e-01,1.36426185e+00,2.16741789e+00
1.50000000e+03,3.94489470e+00,4.33019126e-01,1.35638180e+00,2.15549378e+00
1.51000000e+03,3.92677410e+00,4.34005460e-01,1.34884071e+00,2.14392793e+00
1.52000000e+03,3.90899144e+00,4.34617710e-01,1.34166404e+00,2.13270969e+00
1.53000000e+03,3.89148425e+00,4.34820740e-01,1.33485352e+00,2.12180999e+00
1.54000000e+03,3.87419214e+00,4.34614100e-01,1.32839003e+00,2.11118801e+00
1.55000000e+03,3.85706289e+00,4.34023215e-01,1.32223940e+00,2.10080027e+00
1.56000000e+03,3.84005431e+00,4.33088311e-01,1.31636007e+00,2.09060593e+00
1.57000000e+03,3.82313390e+00,4.31854854e-01,1.31070882e+00,2.08057022e+00
1.58000000e+03,3.80627751e+00,4.30367144e-01,1.30524515e+00,2.07066521e+00
1.59000000e+03,3.78946705e+00,4.28665399e-01,1.29993313e+00,2.06086852e+00
1.60000000e+03,3.77268917e+00,4.26784674e-01,1.29474213e+00,2.05116236e+00
1.61000000e+03,3.75593322e+00,4.24754864e-01,1.28964636e+00,2.04153199e+00
1.62000000e+03,3.73919039e+00,4.22601382e-01,1.28462416e+00,2.03196485e+00
1.63000000e+03,3.72245263e+00,4.20346040e-01,1.27965697e+00,2.02244962e+00
1.64000000e+03,3.70571165e+00,4.18007505e-01,1.27472854e+00,2.01297561e+00
1.65000000e+03,3.68895839e+00,4.15602161e-01,1.26982397e+00,2.00353226e+00
1.66000000e+03,3.67218211e+00,4.13144405e-01,1.26492938e+00,1.99410833e+00
1.67000000e+03,3.65537030e+00,4.10647178e-01,1.26003111e+00,1.98469202e+00
1.68000000e+03,3.63850824e+00,4.08122263e-01,1.25511558e+00,1.97527039e+00
1.69000000e+03,3.62157849e+00,4.05580401e-01,1.25016897e+00,1.96582912e+00
1.70000000e+03,3.60456155e+00,4.03031461e-01,1.24517719e+00,1.95635290e+00
1.71000000e+03,3.58743513e+00,4.00484415e-01,1.24012590e+00,1.94682482e+00
1.72000000e+03,3.57017436e+00,3.97947324e-01,1.23500035e+00,1.93722669e+00
1.73000000e+03,3.55275209e+00,3.95427354e-01,1.22978554e+00,1.92753919e+00
1.74000000e+03,3.53513874e+00,3.92930404e-01,1.22446649e+00,1.91774184e+00
1.75000000e+03,3.51730246e+00,3.90461507e-01,1.21902795e+00,1.90781301e+00
1.76000000e+03,3.49920943e+00,3.88024629e-01,1.21345471e+00,1.89773009e+00
1.77000000e+03,3.48082403e+00,3.85622878e-01,1.20773150e+00,1.88746965e+00
1.78000000e+03,3.46210970e+00,3.83258717e-01,1.20184322e+00,1.87700776e+00
1.79000000e+03,3.44302887e+00,3.80934424e-01,1.19577481e+00,1.86631964e+00
1.80000000e+03,3.42354442e+00,3.78652436e-01,1.18951145e+00,1.85538054e+00
1.81000000e+03,3.40362000e+00,3.76416088e-01,1.18303842e+00,1.84416550e+00
1.82000000e+03,3.38322160e+00,3.74229907e-01,1.17634174e+00,1.83264995e+00
1.83000000e+03,3.36231841e+00,3.72100550e-01,1.16940783e+00,1.82081003e+00
1.84000000e+03,3.34088485e+00,3.70037417e-01,1.16222418e+00,1.80862325e+00
1.85000000e+03,3.31890193e+00,3.68053170e-01,1.15477972e+00,1.79606904e+00
1.86000000e+03,3.29635951e+00,3.66164405e-01,1.14706535e+00,1.78312976e+00
1.87000000e+03,3.27325829e+00,3.64391970e-01,1.13907452e+00,1.76979180e+00
1.88000000e+03,3.24961176e+00,3.62761044e-01,1.13080417e+00,1.75604655e+00
1.89000000e+03,3.22544812e+00,3.61300767e-01,1.12225530e+00,1.74189205e+00
1.90000000e+03,3.20081113e+00,3.60043483e-01,1.11343369e+00,1.72733396e+00
1.91000000e+03,3.17576069e+00,3.59022887e-01,1.10435053e+00,1.71238727e+00
1.92000000e+03,3.15037114e+00,3.58271633e-01,1.09502258e+00,1.69707693e+00
1.93000000e+03,3.12472816e+00,3.57817983e-01,1.08547187e+00,1.68143831e+00
1.94000000e+03,3.09892387e+00,3.57681851e-01,1.07572514e+00,1.66551688e+00
1.95000000e+03,3.07305025e+00,3.57871094e-01,1.06581254e+00,1.64936662e+00
1.96000000e+03,3.04719198e+00,3.58378613e-01,1.05576601e+00,1.63304736e+00
1.97000000e+03,3.02142103e+00,3.59181712e-01,1.04561775e+00,1.61662157e+00
1.98000000e+03,2.99579273e+00,3.60244468e-01,1.03539850e+00,1.60014976e+00
1.99000000e+03,2.97034701e+00,3.61522913e-01,1.02513695e+00,1.58368715e+00
2.00000000e+03,2.94511267e+00,3.62972454e-01,1.01485927e+00,1.56728095e+00
2.01000000e+03,2.92011371e+00,3.64554754e-01,1.00458970e+00,1.55096925e+00
2.02000000e+03,2.89537624e+00,3.66242428e-01,9.94351423e-01,1.53478239e+00
2.03000000e+03,2.87093254e+00,3.68020190e-01,9.84167174e-01,1.51874518e+00
2.04000000e+03,2.84682256e+00,3.69882435e-01,9.74060076e-01,1.50288005e+00
2.05000000e+03,2.82309169e+00,3.71829213e-01,9.64053294e-01,1.48720918e+00
2.06000000e+03,2.79978764e+00,3.73861425e-01,9.54169759e-01,1.47175646e+00
2.07000000e+03,2.77695601e+00,3.75977458e-01,9.44431520e-01,1.45654704e+00
2.08000000e+03,2.75463661e+00,3.78170970e-01,9.34858675e-01,1.44160697e+00
2.09000000e+03,2.73286084e+00,3.80430003e-01,9.25468966e-01,1.42696187e+00
2.10000000e+03,2.71165044e+00,3.82737642e-01,9.16277453e-01,1.41263534e+00
2.11000000e+03,2.69101801e+00,3.85072948e-01,9.07296640e-01,1.39864842e+00
2.12000000e+03,2.67096748e+00,3.87412287e-01,8.98536831e-01,1.38501836e+00
2.13000000e+03,2.65149535e+00,3.89730098e-01,8.90006538e-01,1.37175871e+00
2.14000000e+03,2.63259100e+00,3.91999450e-01,8.81712745e-01,1.35887881e+00
2.15000000e+03,2.61423686e+00,3.94192750e-01,8.73660806e-01,1.34638330e+00
2.16000000e+03,2.59640880e+00,3.96282263e-01,8.65854385e-01,1.33427216e+00
2.17000000e+03,2.57907655e+00,3.98241298e-01,8.58295260e-01,1.32253999e+00
2.18000000e+03,2.56220503e+00,4.00045598e-01,8.50983058e-01,1.31117637e+00
2.19000000e+03,2.54575519e+00,4.01674194e-01,8.43915065e-01,1.30016593e+00
2.20000000e+03,2.52968605e+00,4.03110084e-01,8.37086555e-01,1.28948941e+00
2.21000000e+03,2.51395574e+00,4.04340801e-01,8.30490725e-01,1.27912421e+00
2.22000000e+03,2.49852282e+00,4.05357889e-01,8.24118948e-01,1.26904599e+00
2.23000000e+03,2.48334714e+00,4.06157043e-01,8.17960981e-01,1.25922911e+00
2.24000000e+03,2.46839115e+00,4.06737414e-01,8.12005390e-01,1.24964835e+00
2.25000000e+03,2.45362005e+00,4.07101489e-01,8.06239723e-01,1.24027884e+00
2.26000000e+03,2.43900258e+00,4.07254434e-01,8.00650875e-01,1.23109727e+00
2.27000000e+03,2.42451088e+00,4.07203858e-01,7.95225430e-01,1.22208159e+00
2.28000000e+03,2.41012094e+00,4.06959120e-01,7.89949879e-01,1.21321194e+00
2.29000000e+03,2.39581188e+00,4.06531183e-01,7.84810844e-01,1.20446985e+00
2.30000000e+03,2.38156638e+00,4.05931810e-01,7.79795448e-01,1.19583912e+00
2.31000000e+03,2.36737000e+00,4.05173377e-01,7.74891508e-01,1.18730511e+00
2.32000000e+03,2.35321083e+00,4.04268384e-01,7.70087489e-01,1.17885495e+00
2.33000000e+03,2.33907941e+00,4.03229091e-01,7.65372826e-01,1.17047750e+00
2.34000000e+03,2.32496805e+00,4.02067389e-01,7.60737889e-01,1.16216277e+00
2.35000000e+03,2.31087062e+00,4.00794333e-01,7.56173976e-01,1.15390231e+00
2.36000000e+03,2.29678225e+00,3.99420258e-01,7.51673372e-01,1.14568862e+00
2.37000000e+03,2.28269891e+00,3.97954367e-01,7.47229308e-01,1.13751524e+00
2.38000000e+03,2.26861694e+00,3.96404863e-01,7.42835794e-01,1.12937628e+00
2.39000000e+03,2.25453293e+00,3.94778708e-01,7.38487755e-01,1.12126646e+00
2.40000000e+03,2.24044318e+00,3.93081582e-01,7.34180820e-01,1.11318078e+00
2.41000000e+03,2.22634373e+00,3.91317801e-01,7.29911338e-01,1.10511459e+00
2.42000000e+03,2.21222973e+00,3.89490335e-01,7.25676356e-01,1.09706304e+00
2.43000000e+03,2.19809567e+00,3.87600578e-01,7.21473584e-01,1.08902151e+00
2.44000000e+03,2.18393511e+00,3.85648742e-01,7.17301363e-01,1.08098501e+00
2.45000000e+03,2.16974094e+00,3.83633512e-01,7.13158646e-01,1.07294878e+00
2.46000000e+03,2.15550571e+00,3.81552389e-01,7.09045158e-01,1.06490816e+00
2.47000000e+03,2.14122213e+00,3.79401801e-01,7.04961248e-01,1.05685908e+00
2.48000000e+03,2.12688373e+00,3.77177299e-01,7.00908087e-01,1.04879835e+00
2.49000000e+03,2.11248553e+00,3.74873837e-01,6.96887569e-01,1.04072412e+00
2.50000000e+03,2.09802496e+00,3.72486224e-01,6.92902291e-01,1.03263644e+00
2.51000000e+03,2.08350289e+00,3.70009256e-01,6.88955720e-01,1.02453791e+00
2.52000000e+03,2.06892398e+00,3.67438377e-01,6.85051988e-01,1.01643362e+00
2.53000000e+03,2.05429726e+00,3.64770391e-01,6.81195812e-01,1.00833106e+00
2.54000000e+03,2.03963672e+00,3.62004218e-01,6.77392402e-01,1.00024010e+00
2.55000000e+03,2.02496165e+00,3.59141933e-01,6.73647395e-01,9.92172323e-01
2.56000000e+03,2.01029693e+00,3.56190120e-01,6.69966468e-01,9.84140337e-01
2.57000000e+03,1.99567327e+00,3.53160551e-01,6.66355126e-01,9.76157595e-01
2.58000000e+03,1.98112714e+00,3.50070509e-01,6.62818041e-01,9.68238591e-01
2.59000000e+03,1.96670050e+00,3.46942622e-01,6.59358837e-01,9.60399038e-01
2.60000000e+03,1.95243896e+00,3.43803902e-01,6.55979304e-01,9.52655753e-01
2.61000000e+03,1.93839031e+00,3.40684207e-01,6.52679519e-01,9.45026584e-01
2.62000000e+03,1.92460085e+00,3.37614163e-01,6.49457344e-01,9.37529342e-01
2.63000000e+03,1.91111199e+00,3.34622747e-01,6.46308869e-01,9.30180372e-01
2.64000000e+03,1.89795589e+00,3.31734818e-01,6.43228316e-01,9.22992758e-01
2.65000000e+03,1.88515231e+00,3.28968881e-01,6.40208514e-01,9.15974914e-01
2.66000000e+03,1.87270582e+00,3.26335748e-01,6.37241104e-01,9.09128967e-01
2.67000000e+03,1.86060578e+00,3.23838041e-01,6.34317087e-01,9.02450652e-01
2.68000000e+03,1.84882757e+00,3.21470895e-01,6.31427327e-01,8.95929351e-01
2.69000000e+03,1.83733577e+00,3.19223543e-01,6.28563161e-01,8.89549068e-01
2.70000000e+03,1.82608812e+00,3.17081259e-01,6.25716529e-01,8.83290330e-01
2.71000000e+03,1.81503992e+00,3.15027570e-01,6.22880474e-01,8.77131873e-01
2.72000000e+03,1.80414703e+00,3.13045735e-01,6.20049042e-01,8.71052250e-01
2.73000000e+03,1.79336834e+00,3.11120225e-01,6.17217172e-01,8.65030944e-01
2.74000000e+03,1.78266702e+00,3.09237338e-01,6.14380447e-01,8.59049238e-01
2.75000000e+03,1.77201110e+00,3.07385399e-01,6.11535131e-01,8.53090568e-01
2.76000000e+03,1.76137257e+00,3.05554895e-01,6.08677467e-01,8.47140207e-01
2.77000000e+03,1.75072742e+00,3.03738203e-01,6.05804022e-01,8.41185192e-01
2.78000000e+03,1.74005500e+00,3.01929356e-01,6.02911440e-01,8.35214201e-01
2.79000000e+03,1.72933738e+00,3.00123945e-01,5.99996325e-01,8.29217115e-01
2.80000000e+03,1.71855931e+00,2.98318767e-01,5.97055390e-01,8.23185153e-01
2.81000000e+03,1.70770774e+00,2.96511789e-01,5.94085408e-01,8.17110544e-01
2.82000000e+03,1.69677176e+00,2.94701943e-01,5.91083174e-01,8.10986646e-01
2.83000000e+03,1.68574281e+00,2.92889216e-01,5.88045793e-01,8.04807798e-01
2.84000000e+03,1.67461429e+00,2.91074264e-01,5.84970427e-01,7.98569595e-01
2.85000000e+03,1.66338200e+00,2.89258594e-01,5.81854640e-01,7.92268770e-01
2.86000000e+03,1.65204397e+00,2.87444467e-01,5.78696256e-01,7.85903242e-01
2.87000000e+03,1.64060049e+00,2.85634654e-01,5.75493620e-01,7.79472213e-01
2.88000000e+03,1.62905427e+00,2.83832428e-01,5.72245571e-01,7.72976267e-01
2.89000000e+03,1.61741018e+00,2.82041390e-01,5.68951665e-01,7.66417122e-01
2.90000000e+03,1.60567541e+00,2.80265526e-01,5.65612116e-01,7.59797771e-01
2.91000000e+03,1.59385930e+00,2.78509006e-01,5.62228119e-01,7.53122176e-01
2.92000000e+03,1.58197347e+00,2.76776159e-01,5.58801848e-01,7.46395466e-01
2.93000000e+03,1.57003176e+00,2.75071464e-01,5.55336580e-01,7.39623721e-01
2.94000000e+03,1.55805022e+00,2.73399364e-01,5.51836952e-01,7.32813907e-01
2.95000000e+03,1.54604729e+00,2.71764224e-01,5.48309053e-01,7.25974014e-01
2.96000000e+03,1.53404357e+00,2.70169936e-01,5.44760568e-01,7.19113066e-01
2.97000000e+03,1.52206194e+00,2.68619514e-01,5.41200954e-01,7.12241468e-01
2.98000000e+03,1.51012663e+00,2.67114572e-01,5.37641339e-01,7.05370724e-01
2.99000000e+03,1.49826288e+00,2.65654580e-01,5.34094586e-01,6.98513717e-01
3.00000000e+03,1.48649572e+00,2.64236291e-01,5.30574891e-01,6.91684541e-01
3.01000000e+03,1.47484831e+00,2.62853009e-01,5.27097297e-01,6.84898007e-01
3.02000000e+03,1.46334063e+00,2.61494391e-01,5.23677025e-01,6.78169218e-01
3.03000000e+03,1.45198779e+00,2.60146419e-01,5.20328618e-01,6.71512751e-01
3.04000000e+03,1.44079869e+00,2.58792034e-01,5.17064983e-01,6.64941669e-01
3.05000000e+03,1.42977533e+00,2.57412329e-01,5.13896491e-01,6.58466509e-01
3.06000000e+03,1.41891285e+00,2.55988241e-01,5.10830218e-01,6.52094393e-01
3.07000000e+03,1.40820059e+00,2.54502302e-01,5.07869650e-01,6.45828637e-01
3.08000000e+03,1.39762361e+00,2.52940557e-01,5.05014566e-01,6.39668487e-01
3.09000000e+03,1.38716436e+00,2.51293806e-01,5.02261231e-01,6.33609319e-01
3.10000000e+03,1.37680471e+00,2.49558142e-01,4.99603133e-01,6.27643437e-01
3.11000000e+03,1.36652721e+00,2.47734701e-01,4.97031657e-01,6.21760850e-01
3.12000000e+03,1.35631591e+00,2.45828680e-01,4.94536958e-01,6.15950274e-01
3.13000000e+03,1.34615667e+00,2.43848044e-01,4.92108788e-01,6.10199834e-01
3.14000000e+03,1.33603680e+00,2.41801992e-01,4.89736941e-01,6.04497870e-01
3.15000000e+03,1.32594472e+00,2.39699727e-01,4.87411878e-01,5.98833112e-01
3.16000000e+03,1.31586966e+00,2.37549469e-01,4.85125094e-01,5.93195101e-01
3.17000000e+03,1.30580105e+00,2.35357859e-01,4.82869153e-01,5.87574034e-01
3.18000000e+03,1.29572834e+00,2.33129714e-01,4.80637670e-01,5.81960952e-01
3.19000000e+03,1.28564095e+00,2.30868047e-01,4.78425530e-01,5.76347374e-01
3.20000000e+03,1.27552845e+00,2.28574270e-01,4.76228646e-01,5.70725531e-01
3.21000000e+03,1.26538048e+00,2.26248499e-01,4.74043781e-01,5.65088198e-01
3.22000000e+03,1.25518712e+00,2.23889942e-01,4.71868531e-01,5.59428650e-01
3.23000000e+03,1.24493939e+00,2.21497381e-01,4.69701282e-01,5.53740732e-01
3.24000000e+03,1.23462943e+00,2.19069476e-01,4.67540922e-01,5.48019036e-01
3.25000000e+03,1.22425108e+00,2.16605106e-01,4.65386970e-01,5.42259000e-01
3.26000000e+03,1.21380013e+00,2.14103608e-01,4.63239309e-01,5.36457214e-01
3.27000000e+03,1.20327495e+00,2.11565145e-01,4.61098220e-01,5.30611584e-01
3.28000000e+03,1.19267674e+00,2.08990754e-01,4.58964415e-01,5.24721574e-01
3.29000000e+03,1.18200972e+00,2.06382619e-01,4.56838702e-01,5.18788397e-01
3.30000000e+03,1.17128135e+00,2.03743975e-01,4.54722197e-01,5.12815177e-01
3.31000000e+03,1.16050268e+00,2.01079372e-01,4.52616219e-01,5.06807084e-01
3.32000000e+03,1.14968775e+00,1.98394535e-01,4.50522213e-01,5.00770997e-01
3.33000000e+03,1.13885371e+00,1.95696308e-01,4.48441718e-01,4.94715684e-01
3.34000000e+03,1.12802021e+00,1.92992417e-01,4.46376463e-01,4.88651329e-01
3.35000000e+03,1.11720895e+00,1.90291116e-01,4.44328354e-01,4.82589476e-01
3.36000000e+03,1.10644277e+00,1.87600687e-01,4.42299461e-01,4.76542624e-01
3.37000000e+03,1.09574486e+00,1.84928929e-01,4.40291987e-01,4.70523948e-01
3.38000000e+03,1.08513817e+00,1.82282686e-01,4.38308250e-01,4.64547235e-01
3.39000000e+03,1.07464480e+00,1.79667797e-01,4.36350577e-01,4.58626430e-01
3.40000000e+03,1.06428580e+00,1.77089226e-01,4.34421200e-01,4.52775373e-01
3.41000000e+03,1.05408165e+00,1.74551775e-01,4.32522036e-01,4.47007841e-01
3.42000000e+03,1.04405245e+00,1.72060776e-01,4.30654600e-01,4.41337074e-01
3.43000000e+03,1.03421847e+00,1.69622462e-01,4.28819811e-01,4.35776194e-01
3.44000000e+03,1.02459979e+00,1.67243541e-01,4.27017772e-01,4.30338475e-01
3.45000000e+03,1.01521529e+00,1.64929841e-01,4.25247762e-01,4.25037690e-01
3.46000000e+03,1.00608060e+00,1.62684699e-01,4.23508243e-01,4.19887661e-01
3.47000000e+03,9.97206285e-01,1.60508061e-01,4.21796841e-01,4.14901382e-01
3.48000000e+03,9.88597132e-01,1.58397519e-01,4.20110899e-01,4.10088713e-01
3.49000000e+03,9.80252481e-01,1.56350571e-01,4.18447883e-01,4.05454027e-01
3.50000000e+03,9.72168044e-01,1.54367077e-01,4.16805698e-01,4.00995269e-01
3.51000000e+03,9.64337067e-01,1.52449895e-01,4.15182783e-01,3.96704389e-01
3.52000000e+03,9.56751263e-01,1.50603731e-01,4.13577798e-01,3.92569733e-01
3.53000000e+03,9.49401474e-01,1.48832986e-01,4.11989667e-01,3.88578821e-01
3.54000000e+03,9.42277524e-01,1.47140076e-01,4.10417278e-01,3.84720170e-01
3.55000000e+03,9.35368737e-01,1.45524803e-01,4.08859610e-01,3.80984324e-01
3.56000000e+03,9.28663963e-01,1.43984709e-01,4.07315837e-01,3.77363417e-01
3.57000000e+03,9.22151822e-01,1.42515876e-01,4.05785213e-01,3.73850732e-01
3.58000000e+03,9.15821154e-01,1.41113605e-01,4.04267453e-01,3.70440096e-01
3.59000000e+03,9.09660839e-01,1.39773018e-01,4.02762090e-01,3.67125732e-01
3.60000000e+03,9.03660340e-01,1.38489270e-01,4.01269010e-01,3.63902060e-01
3.61000000e+03,8.97809712e-01,1.37257762e-01,3.99788073e-01,3.60763878e-01
3.62000000e+03,8.92099503e-01,1.36074179e-01,3.98319058e-01,3.57706266e-01
3.63000000e+03,8.86520941e-01,1.34934505e-01,3.96861690e-01,3.54724745e-01
3.64000000e+03,8.81066059e-01,1.33835104e-01,3.95415761e-01,3.51815195e-01
3.65000000e+03,8.75727530e-01,1.32772679e-01,3.93981004e-01,3.48973847e-01
3.66000000e+03,8.70498504e-01,1.31744309e-01,3.92557068e-01,3.46197128e-01
3.67000000e+03,8.65372978e-01,1.30747319e-01,3.91143615e-01,3.43482045e-01
3.68000000e+03,8.60345362e-01,1.29779473e-01,3.89740279e-01,3.40825611e-01
3.69000000e+03,8.55410571e-01,1.28838711e-01,3.88346673e-01,3.38225187e-01
3.70000000e+03,8.50564013e-01,1.27923281e-01,3.86962375e-01,3.35678357e-01
3.71000000e+03,8.45801474e-01,1.27031686e-01,3.85587015e-01,3.33182772e-01
3.72000000e+03,8.41119085e-01,1.26162549e-01,3.84220130e-01,3.30736406e-01
3.73000000e+03,8.36513272e-01,1.25314731e-01,3.82861347e-01,3.28337194e-01
3.74000000e+03,8.31980809e-01,1.24487216e-01,3.81510246e-01,3.25983348e-01
3.75000000e+03,8.27518619e-01,1.23679080e-01,3.80166449e-01,3.23673090e-01
3.76000000e+03,8.23123819e-01,1.22889545e-01,3.78829587e-01,3.21404687e-01
3.77000000e+03,8.18793810e-01,1.22117896e-01,3.77499279e-01,3.19176636e-01
3.78000000e+03,8.14526160e-01,1.21363492e-01,3.76175229e-01,3.16987440e-01
3.79000000e+03,8.10318510e-01,1.20625790e-01,3.74857091e-01,3.14835629e-01
3.80000000e+03,8.06168626e-01,1.19904246e-01,3.73544576e-01,3.12719804e-01
3.81000000e+03,8.02074502e-01,1.19198413e-01,3.72237444e-01,3.10638645e-01
3.82000000e+03,7.98034173e-01,1.18507832e-01,3.70935379e-01,3.08590962e-01
3.83000000e+03,7.94045803e-01,1.17832126e-01,3.69638197e-01,3.06575480e-01
3.84000000e+03,7.90107607e-01,1.17170905e-01,3.68345667e-01,3.04591034e-01
3.85000000e+03,7.86217990e-01,1.16523840e-01,3.67057599e-01,3.02636551e-01
3.86000000e+03,7.82375392e-01,1.15890615e-01,3.65773862e-01,3.00710915e-01
3.87000000e+03,7.78578266e-01,1.15270875e-01,3.64494212e-01,2.98813179e-01
3.88000000e+03,7.74825249e-01,1.14664376e-01,3.63218532e-01,2.96942341e-01
3.89000000e+03,7.71114960e-01,1.14070836e-01,3.61946742e-01,2.95097382e-01
3.90000000e+03,7.67446147e-01,1.13489955e-01,3.60678657e-01,2.93277535e-01
3.91000000e+03,7.63817546e-01,1.12921530e-01,3.59414179e-01,2.91481838e-01
3.92000000e+03,7.60228102e-01,1.12365267e-01,3.58153253e-01,2.89709582e-01
3.93000000e+03,7.56676607e-01,1.11820947e-01,3.56895753e-01,2.87959907e-01
3.94000000e+03,7.53162083e-01,1.11288338e-01,3.55641639e-01,2.86232106e-01
3.95000000e+03,7.49683536e-01,1.10767209e-01,3.54390843e-01,2.84525485e-01
3.96000000e+03,7.46239932e-01,1.10257329e-01,3.53143296e-01,2.82839307e-01
3.97000000e+03,7.42830396e-01,1.09758483e-01,3.51898939e-01,2.81172974e-01
3.98000000e+03,7.39454060e-01,1.09270462e-01,3.50657747e-01,2.79525851e-01
3.99000000e+03,7.36110053e-01,1.08793031e-01,3.49419655e-01,2.77897368e-01
4.00000000e+03,7.32797597e-01,1.08325976e-01,3.48184697e-01,2.76286923e-01
4.01000000e+03,7.29515940e-01,1.07869087e-01,3.46952815e-01,2.74694038e-01
4.02000000e+03,7.26264257e-01,1.07422155e-01,3.45723983e-01,2.73118119e-01
4.03000000e+03,7.23041879e-01,1.06984943e-01,3.44498190e-01,2.71558747e-01
4.04000000e+03,7.19848128e-01,1.06557251e-01,3.43275413e-01,2.70015464e-01
4.05000000e+03,7.16682283e-01,1.06138856e-01,3.42055661e-01,2.68487765e-01
4.06000000e+03,7.13543713e-01,1.05729558e-01,3.40838943e-01,2.66975212e-01
4.07000000e+03,7.10431793e-01,1.05329124e-01,3.39625221e-01,2.65477447e-01
4.08000000e+03,7.07345875e-01,1.04937346e-01,3.38414509e-01,2.63994020e-01
4.09000000e+03,7.04285386e-01,1.04554010e-01,3.37206842e-01,2.62524534e-01
4.10000000e+03,7.01249799e-01,1.04178886e-01,3.36002187e-01,2.61068726e-01
4.11000000e+03,6.98238440e-01,1.03811777e-01,3.34800564e-01,2.59626099e-01
4.12000000e+03,6.95250832e-01,1.03452451e-01,3.33601935e-01,2.58196445e-01
4.13000000e+03,6.92286401e-01,1.03100707e-01,3.32406349e-01,2.56779344e-01
4.14000000e+03,6.89344669e-01,1.02756323e-01,3.31213821e-01,2.55374526e-01
4.15000000e+03,6.86425051e-01,1.02419080e-01,3.30024314e-01,2.53981657e-01
4.16000000e+03,6.83527099e-01,1.02088801e-01,3.28837857e-01,2.52600440e-01
4.17000000e+03,6.80650343e-01,1.01765247e-01,3.27654446e-01,2.51230651e-01
4.18000000e+03,6.77794210e-01,1.01448214e-01,3.26474078e-01,2.49871918e-01
4.19000000e+03,6.74958354e-01,1.01137521e-01,3.25296793e-01,2.48524040e-01
4.20000000e+03,6.72142259e-01,1.00832934e-01,3.24122576e-01,2.47186749e-01
4.21000000e+03,6.69345493e-01,1.00534300e-01,3.22951399e-01,2.45859794e-01
4.22000000e+03,6.66567561e-01,1.00241382e-01,3.21783277e-01,2.44542902e-01
4.23000000e+03,6.63808120e-01,9.99540210e-02,3.20618203e-01,2.43235896e-01
4.24000000e+03,6.61066761e-01,9.96720155e-02,3.19456214e-01,2.41938531e-01
4.25000000e+03,6.58343013e-01,9.93951877e-02,3.18297258e-01,2.40650567e-01
4.26000000e+03,6.55636518e-01,9.91233423e-02,3.17141341e-01,2.39371835e-01
4.27000000e+03,6.52946881e-01,9.88563319e-02,3.15988474e-01,2.38102075e-01
4.28000000e+03,6.50273766e-01,9.85939871e-02,3.14838649e-01,2.36841130e-01
4.29000000e+03,6.47616733e-01,9.83361172e-02,3.13691820e-01,2.35588795e-01
4.30000000e+03,6.44975498e-01,9.80825778e-02,3.12548032e-01,2.34344888e-01
4.31000000e+03,6.42349673e-01,9.78331825e-02,3.11407213e-01,2.33109278e-01
4.32000000e+03,6.39738991e-01,9.75878117e-02,3.10269440e-01,2.31881739e-01
4.33000000e+03,6.37143018e-01,9.73463047e-02,3.09134615e-01,2.30662098e-01
4.34000000e+03,6.34561561e-01,9.71085144e-02,3.08002805e-01,2.29450241e-01
4.35000000e+03,6.31994191e-01,9.68743091e-02,3.06873904e-01,2.28245978e-01
4.36000000e+03,6.29440738e-01,9.66435472e-02,3.05747992e-01,2.27049199e-01
4.37000000e+03,6.26900797e-01,9.64160820e-02,3.04624993e-01,2.25859722e-01
4.38000000e+03,6.24374137e-01,9.61918052e-02,3.03504905e-01,2.24677426e-01
4.39000000e+03,6.21860540e-01,9.59705924e-02,3.02387761e-01,2.23502186e-01
4.40000000e+03,6.19359634e-01,9.57523109e-02,3.01273472e-01,2.22333851e-01
4.41000000e+03,6.16871278e-01,9.55368455e-02,3.00162076e-01,2.21172357e-01
4.42000000e+03,6.14395137e-01,9.53241050e-02,2.99053541e-01,2.20017491e-01
4.43000000e+03,6.11931028e-01,9.51139503e-02,2.97947877e-01,2.18869201e-01
4.44000000e+03,6.09478699e-01,9.49062991e-02,2.96845007e-01,2.17727393e-01
4.45000000e+03,6.07037984e-01,9.47010361e-02,2.95745017e-01,2.16591931e-01
4.46000000e+03,6.04608582e-01,9.44980710e-02,2.94647811e-01,2.15462700e-01
4.47000000e+03,6.02190355e-01,9.42972998e-02,2.93553416e-01,2.14339640e-01
4.48000000e+03,5.99783087e-01,9.40986403e-02,2.92461815e-01,2.13222632e-01
4.49000000e+03,5.97386601e-01,9.39020050e-02,2.91373019e-01,2.12111577e-01
4.50000000e+03,5.95000694e-01,9.37073063e-02,2.90286968e-01,2.11006420e-01
4.51000000e+03,5.92625177e-01,9.35144454e-02,2.89203691e-01,2.09907040e-01
4.52000000e+03,5.90259940e-01,9.33233686e-02,2.88123176e-01,2.08813396e-01
4.53000000e+03,5.87904753e-01,9.31339679e-02,2.87045386e-01,2.07725398e-01
4.54000000e+03,5.85559514e-01,9.29461922e-02,2.85970353e-01,2.06642969e-01
4.55000000e+03,5.83224064e-01,9.27599604e-02,2.84898058e-01,2.05566046e-01
4.56000000e+03,5.80898253e-01,9.25752016e-02,2.83828504e-01,2.04494548e-01
4.57000000e+03,5.78581921e-01,9.23918396e-02,2.82761658e-01,2.03428424e-01
4.58000000e+03,5.76274981e-01,9.22098241e-02,2.81697536e-01,2.02367621e-01
4.59000000e+03,5.73977262e-01,9.20290988e-02,2.80636154e-01,2.01312009e-01
4.60000000e+03,5.71688692e-01,9.18495802e-02,2.79577499e-01,2.00261612e-01
4.61000000e+03,5.69409150e-01,9.16712283e-02,2.78521576e-01,1.99216345e-01
4.62000000e+03,5.67138464e-01,9.14939770e-02,2.77468327e-01,1.98176160e-01
4.63000000e+03,5.64876599e-01,9.13177690e-02,2.76417823e-01,1.97141007e-01
4.64000000e+03,5.62623438e-01,9.11425679e-02,2.75370040e-01,1.96110830e-01
4.65000000e+03,5.60378851e-01,9.09682998e-02,2.74324994e-01,1.95085558e-01
4.66000000e+03,5.58142814e-01,9.07949231e-02,2.73282691e-01,1.94065201e-01
4.67000000e+03,5.55915176e-01,9.06224035e-02,2.72243099e-01,1.93049673e-01
4.68000000e+03,5.53695888e-01,9.04506794e-02,2.71206250e-01,1.92038958e-01
4.69000000e+03,5.51484865e-01,9.02797204e-02,2.70172160e-01,1.91032985e-01
4.70000000e+03,5.49282070e-01,9.01094714e-02,2.69140833e-01,1.90031765e-01
4.71000000e+03,5.47087354e-01,8.99398921e-02,2.68112267e-01,1.89035195e-01
4.72000000e+03,5.44900721e-01,8.97709601e-02,2.67086492e-01,1.88043269e-01
4.73000000e+03,5.42722065e-01,8.96026113e-02,2.66063459e-01,1.87055995e-01
4.74000000e+03,5.40551312e-01,8.94348168e-02,2.65043218e-01,1.86073278e-01
4.75000000e+03,5.38388467e-01,8.92675517e-02,2.64025792e-01,1.85095124e-01
4.76000000e+03,5.36233407e-01,8.91007785e-02,2.63011152e-01,1.84121477e-01
4.77000000e+03,5.34086107e-01,8.89344647e-02,2.61999329e-01,1.83152314e-01
4.78000000e+03,5.31946518e-01,8.87685711e-02,2.60990338e-01,1.82187609e-01
4.79000000e+03,5.29814613e-01,8.86030675e-02,2.59984206e-01,1.81227339e-01
4.80000000e+03,5.27690284e-01,8.84379513e-02,2.58980887e-01,1.80271446e-01
4.81000000e+03,5.25573573e-01,8.82731440e-02,2.57980449e-01,1.79319980e-01
4.82000000e+03,5.23464314e-01,8.81086546e-02,2.56982864e-01,1.78372795e-01
4.83000000e+03,5.21362618e-01,8.79444574e-02,2.55988171e-01,1.77429990e-01
4.84000000e+03,5.19268331e-01,8.77805109e-02,2.54996379e-01,1.76491441e-01
4.85000000e+03,5.17181452e-01,8.76167924e-02,2.54007454e-01,1.75557206e-01
4.86000000e+03,5.15101916e-01,8.74532927e-02,2.53021470e-01,1.74627153e-01
4.87000000e+03,5.13029765e-01,8.72899984e-02,2.52038400e-01,1.73701366e-01
4.88000000e+03,5.10964896e-01,8.71268523e-02,2.51058253e-01,1.72779790e-01
4.89000000e+03,5.08907272e-01,8.69638489e-02,2.50081039e-01,1.71862384e-01
4.90000000e+03,5.06856904e-01,8.68009965e-02,2.49106791e-01,1.70949116e-01
4.91000000e+03,5.04813703e-01,8.66382356e-02,2.48135488e-01,1.70039980e-01
4.92000000e+03,5.02777742e-01,8.64755871e-02,2.47167190e-01,1.69134965e-01
4.93000000e+03,5.00748893e-01,8.63129877e-02,2.46201850e-01,1.68234056e-01
4.94000000e+03,4.98727104e-01,8.61504531e-02,2.45239474e-01,1.67337177e-01
4.95000000e+03,4.96712467e-01,8.59879641e-02,2.44280113e-01,1.66444389e-01
4.96000000e+03,4.94704851e-01,8.58255157e-02,2.43323745e-01,1.65555590e-01
4.97000000e+03,4.92704241e-01,8.56630723e-02,2.42370357e-01,1.64670811e-01
4.98000000e+03,4.90710687e-01,8.55006486e-02,2.41420021e-01,1.63790017e-01
4.99000000e+03,4.88724056e-01,8.53381947e-02,2.40472649e-01,1.62913212e-01
5.00000000e+03,4.86744397e-01,8.51757349e-02,2.39528344e-01,1.62040319e-01
5.01000000e+03,4.84771657e-01,8.50132495e-02,2.38587046e-01,1.61171361e-01
5.02000000e+03,4.82805813e-01,8.48507419e-02,2.37648771e-01,1.60306301e-01
5.03000000e+03,4.80846851e-01,8.46881668e-02,2.36713537e-01,1.59445148e-01
5.04000000e+03,4.78894711e-01,8.45255244e-02,2.35781319e-01,1.58587867e-01
5.05000000e+03,4.76949441e-01,8.43628352e-02,2.34852164e-01,1.57734442e-01
5.06000000e+03,4.75010924e-01,8.42000729e-02,2.33926004e-01,1.56884847e-01
5.07000000e+03,4.73079216e-01,8.40372374e-02,2.33002918e-01,1.56039061e-01
5.08000000e+03,4.71154262e-01,8.38743244e-02,2.32082856e-01,1.55197082e-01
5.09000000e+03,4.69236046e-01,8.37113245e-02,2.31165829e-01,1.54358892e-01
5.10000000e+03,4.67324529e-01,8.35482352e-02,2.30251878e-01,1.53524416e-01
5.11000000e+03,4.65419733e-01,8.33850612e-02,2.29340936e-01,1.52693736e-01
5.12000000e+03,4.63521609e-01,8.32217843e-02,2.28433035e-01,1.51866789e-01
5.13000000e+03,4.61630140e-01,8.30584215e-02,2.27528166e-01,1.51043552e-01
5.14000000e+03,4.59745294e-01,8.28949664e-02,2.26626327e-01,1.50224002e-01
5.15000000e+03,4.57867100e-01,8.27314021e-02,2.25727541e-01,1.49408157e-01
5.16000000e+03,4.55995492e-01,8.25677365e-02,2.24831785e-01,1.48595971e-01
5.17000000e+03,4.54130511e-01,8.24039949e-02,2.23939070e-01,1.47787447e-01
5.18000000e+03,4.52272085e-01,8.22401564e-02,2.23049358e-01,1.46982570e-01
5.19000000e+03,4.50420214e-01,8.20762150e-02,2.22162667e-01,1.46181331e-01
5.20000000e+03,4.48574892e-01,8.19121792e-02,2.21279004e-01,1.45383709e-01
5.21000000e+03,4.46736079e-01,8.17480716e-02,2.20398347e-01,1.44589660e-01
5.22000000e+03,4.44903827e-01,8.15838665e-02,2.19520718e-01,1.43799243e-01
5.23000000e+03,4.43078067e-01,8.14195794e-02,2.18646086e-01,1.43012401e-01
5.24000000e+03,4.41258827e-01,8.12552154e-02,2.17774498e-01,1.42229113e-01
5.25000000e+03,4.39446054e-01,8.10907848e-02,2.16905874e-01,1.41449395e-01
5.26000000e+03,4.37639788e-01,8.09262799e-02,2.16040258e-01,1.40673250e-01
5.27000000e+03,4.35839984e-01,8.07617207e-02,2.15177652e-01,1.39900611e-01
5.28000000e+03,4.34046659e-01,8.05970981e-02,2.14318052e-01,1.39131509e-01
5.29000000e+03,4.32259785e-01,8.04324285e-02,2.13461427e-01,1.38365930e-01
5.30000000e+03,4.30479327e-01,8.02677173e-02,2.12607756e-01,1.37603853e-01
5.31000000e+03,4.28705331e-01,8.01029502e-02,2.11757104e-01,1.36845277e-01
5.32000000e+03,4.26937806e-01,7.99381694e-02,2.10909423e-01,1.36090214e-01
5.33000000e+03,4.25176703e-01,7.97733418e-02,2.10064726e-01,1.35338635e-01
5.34000000e+03,4.23422036e-01,7.96085062e-02,2.09222988e-01,1.34590542e-01
5.35000000e+03,4.21673802e-01,7.94436788e-02,2.08384230e-01,1.33845893e-01
5.36000000e+03,4.19932029e-01,7.92788410e-02,2.07548448e-01,1.33104740e-01
5.37000000e+03,4.18196644e-01,7.91139931e-02,2.06715637e-01,1.32367014e-01
5.38000000e+03,4.16467706e-01,7.89491626e-02,2.05885768e-01,1.31632776e-01
5.39000000e+03,4.14745186e-01,7.87843641e-02,2.05058875e-01,1.30901946e-01
5.40000000e+03,4.13029067e-01,7.86195752e-02,2.04234937e-01,1.30174555e-01
5.41000000e+03,4.11319409e-01,7.84548151e-02,2.03413962e-01,1.29450632e-01
5.42000000e+03,4.09616155e-01,7.82901166e-02,2.02595949e-01,1.28730089e-01
5.43000000e+03,4.07919354e-01,7.81254559e-02,2.01780890e-01,1.28013008e-01
5.44000000e+03,4.06228985e-01,7.79608730e-02,2.00968778e-01,1.27299334e-01
5.45000000e+03,4.04545046e-01,7.77963428e-02,2.00159618e-01,1.26589086e-01
5.46000000e+03,4.02867530e-01,7.76318858e-02,1.99353420e-01,1.25882225e-01
5.47000000e+03,4.01196435e-01,7.74675231e-02,1.98550142e-01,1.25178771e-01
5.48000000e+03,3.99531833e-01,7.73032435e-02,1.97749850e-01,1.24478739e-01
5.49000000e+03,3.97873640e-01,7.71390607e-02,1.96952502e-01,1.23782077e-01
5.50000000e+03,3.96221893e-01,7.69749916e-02,1.96158070e-01,1.23088831e-01
5.51000000e+03,3.94576619e-01,7.68110184e-02,1.95366626e-01,1.22398975e-01
5.52000000e+03,3.92937822e-01,7.66471853e-02,1.94578154e-01,1.21712483e-01
5.53000000e+03,3.91305464e-01,7.64834780e-02,1.93792605e-01,1.21029381e-01
5.54000000e+03,3.89679561e-01,7.63199047e-02,1.93010005e-01,1.20349651e-01
5.55000000e+03,3.88060148e-01,7.61564720e-02,1.92230359e-01,1.19673317e-01
5.56000000e+03,3.86447215e-01,7.59931833e-02,1.91453697e-01,1.19000335e-01
5.57000000e+03,3.84840761e-01,7.58300494e-02,1.90679983e-01,1.18330729e-01
5.58000000e+03,3.83240779e-01,7.56671002e-02,1.89909218e-01,1.17664461e-01
5.59000000e+03,3.81647290e-01,7.55042944e-02,1.89141423e-01,1.17001573e-01
5.60000000e+03,3.80060351e-01,7.53416814e-02,1.88376606e-01,1.16342063e-01
5.61000000e+03,3.78479876e-01,7.51792267e-02,1.87614744e-01,1.15685905e-01
5.62000000e+03,3.76905907e-01,7.50169718e-02,1.86855859e-01,1.15033077e-01
5.63000000e+03,3.75338486e-01,7.48549047e-02,1.86099948e-01,1.14383634e-01
5.64000000e+03,3.73777579e-01,7.46930392e-02,1.85347040e-01,1.13737500e-01
5.65000000e+03,3.72223196e-01,7.45313716e-02,1.84597103e-01,1.13094722e-01
5.66000000e+03,3.70675301e-01,7.43699024e-02,1.83850111e-01,1.12455288e-01
5.67000000e+03,3.69134006e-01,7.42086543e-02,1.83106154e-01,1.11819197e-01
5.68000000e+03,3.67599205e-01,7.40476107e-02,1.82365157e-01,1.11186437e-01
5.69000000e+03,3.66070989e-01,7.38868174e-02,1.81627180e-01,1.10556992e-01
5.70000000e+03,3.64549299e-01,7.37262221e-02,1.80892212e-01,1.09930865e-01
5.71000000e+03,3.63034177e-01,7.35658523e-02,1.80160240e-01,1.09308085e-01
5.72000000e+03,3.61525600e-01,7.34057139e-02,1.79431282e-01,1.08688604e-01
5.73000000e+03,3.60023591e-01,7.32458085e-02,1.78705323e-01,1.08072459e-01
5.74000000e+03,3.58528161e-01,7.30861515e-02,1.77982396e-01,1.07459614e-01
5.75000000e+03,3.57039287e-01,7.29267238e-02,1.77262493e-01,1.06850070e-01
5.76000000e+03,3.55557000e-01,7.27675339e-02,1.76545618e-01,1.06243849e-01
5.77000000e+03,3.54081290e-01,7.26086013e-02,1.75831784e-01,1.05640904e-01
5.78000000e+03,3.52612154e-01,7.24499018e-02,1.75121012e-01,1.05041240e-01
5.79000000e+03,3.51149590e-01,7.22914562e-02,1.74413261e-01,1.04444873e-01
5.80000000e+03,3.49693636e-01,7.21332646e-02,1.73708589e-01,1.03851783e-01
5.81000000e+03,3.48244246e-01,7.19753199e-02,1.73006931e-01,1.03261995e-01
5.82000000e+03,3.46801449e-01,7.18176240e-02,1.72308389e-01,1.02675436e-01
5.83000000e+03,3.45365191e-01,7.16601771e-02,1.71612862e-01,1.02092152e-01
5.84000000e+03,3.43935553e-01,7.15029904e-02,1.70920423e-01,1.01512140e-01
5.85000000e+03,3.42512521e-01,7.13460601e-02,1.70231077e-01,1.00935384e-01
5.86000000e+03,3.41096039e-01,7.11893745e-02,1.69544801e-01,1.00361864e-01
5.87000000e+03,3.39686158e-01,7.10329620e-02,1.68861599e-01,9.97915963e-02
5.88000000e+03,3.38282825e-01,7.08767890e-02,1.68181500e-01,9.92245357e-02
5.89000000e+03,3.36886103e-01,7.07208760e-02,1.67504517e-01,9.86607108e-02
5.90000000e+03,3.35495942e-01,7.05652144e-02,1.66830613e-01,9.81001151e-02
5.91000000e+03,3.34112346e-01,7.04098233e-02,1.66159827e-01,9.75426960e-02
5.92000000e+03,3.32735309e-01,7.02546797e-02,1.65492139e-01,9.69884910e-02
5.93000000e+03,3.31364859e-01,7.00997931e-02,1.64827585e-01,9.64374812e-02
5.94000000e+03,3.30000926e-01,6.99451523e-02,1.64166111e-01,9.58896622e-02
5.95000000e+03,3.28643545e-01,6.97907593e-02,1.63507791e-01,9.53449949e-02
5.96000000e+03,3.27292722e-01,6.96366236e-02,1.62852573e-01,9.48035253e-02
5.97000000e+03,3.25948431e-01,6.94827553e-02,1.62200507e-01,9.42651696e-02
5.98000000e+03,3.24610644e-01,6.93291266e-02,1.61551550e-01,9.37299677e-02
5.99000000e+03,3.23279389e-01,6.91757373e-02,1.60905747e-01,9.31979045e-02
6.00000000e+03,3.21954635e-01,6.90226016e-02,1.60263043e-01,9.26689908e-02
6.01000000e+03,3.20636374e-01,6.88697101e-02,1.59623521e-01,9.21431429e-02
6.02000000e+03,3.19324593e-01,6.87170678e-02,1.58987090e-01,9.16204351e-02
6.03000000e+03,3.18019291e-01,6.85646653e-02,1.58353820e-01,9.11008064e-02
6.04000000e+03,3.16720430e-01,6.84125159e-02,1.57723694e-01,9.05842203e-02
6.05000000e+03,3.15428038e-01,6.82606032e-02,1.57096707e-01,9.00707276e-02
6.06000000e+03,3.14142088e-01,6.81089338e-02,1.56472869e-01,8.95602849e-02
6.07000000e+03,3.12862556e-01,6.79574965e-02,1.55852165e-01,8.90528948e-02
6.08000000e+03,3.11589413e-01,6.78063011e-02,1.55234580e-01,8.85485320e-02
6.09000000e+03,3.10322689e-01,6.76553501e-02,1.54620148e-01,8.80471905e-02
6.10000000e+03,3.09062322e-01,6.75046268e-02,1.54008865e-01,8.75488298e-02
6.11000000e+03,3.07808325e-01,6.73541391e-02,1.53400717e-01,8.70534688e-02
6.12000000e+03,3.06560655e-01,6.72038819e-02,1.52795663e-01,8.65611104e-02
6.13000000e+03,3.05319303e-01,6.70538567e-02,1.52193774e-01,8.60716725e-02
6.14000000e+03,3.04084279e-01,6.69040680e-02,1.51594982e-01,8.55852296e-02
6.15000000e+03,3.02855552e-01,6.67545094e-02,1.50999350e-01,8.51016917e-02
6.16000000e+03,3.01633043e-01,6.66051847e-02,1.50406785e-01,8.46210728e-02
6.17000000e+03,3.00416831e-01,6.64560921e-02,1.49817388e-01,8.41433513e-02
6.18000000e+03,2.99206832e-01,6.63072101e-02,1.49231086e-01,8.36685355e-02
6.19000000e+03,2.98003064e-01,6.61585827e-02,1.48647883e-01,8.31965986e-02
6.20000000e+03,2.96805438e-01,6.60101583e-02,1.48067759e-01,8.27275212e-02
6.21000000e+03,2.95614002e-01,6.58619721e-02,1.47490744e-01,8.22612864e-02
6.22000000e+03,2.94428696e-01,6.57140141e-02,1.46916801e-01,8.17978814e-02
6.23000000e+03,2.93249546e-01,6.55662844e-02,1.46345962e-01,8.13372992e-02
6.24000000e+03,2.92076466e-01,6.54187800e-02,1.45778158e-01,8.08795281e-02
6.25000000e+03,2.90909462e-01,6.52715057e-02,1.45213444e-01,8.04245121e-02
6.26000000e+03,2.89748518e-01,6.51244614e-02,1.44651777e-01,7.99722794e-02
6.27000000e+03,2.88593653e-01,6.49776338e-02,1.44093198e-01,7.95228215e-02
6.28000000e+03,2.87444723e-01,6.48310253e-02,1.43537605e-01,7.90760930e-02
6.29000000e+03,2.86301794e-01,6.46846622e-02,1.42985044e-01,7.86320876e-02
6.30000000e+03,2.85164810e-01,6.45385226e-02,1.42435509e-01,7.81907785e-02
6.31000000e+03,2.84033798e-01,6.43926195e-02,1.41889014e-01,7.77521651e-02
6.32000000e+03,2.82908659e-01,6.42469250e-02,1.41345498e-01,7.73162357e-02
6.33000000e+03,2.81789417e-01,6.41014763e-02,1.40804969e-01,7.68829712e-02
6.34000000e+03,2.80676052e-01,6.39562574e-02,1.40267432e-01,7.64523616e-02
6.35000000e+03,2.79568504e-01,6.38112755e-02,1.39732836e-01,7.60243921e-02
6.36000000e+03,2.78466759e-01,6.36665337e-02,1.39201217e-01,7.55990082e-02
6.37000000e+03,2.77370798e-01,6.35220059e-02,1.38672555e-01,7.51762376e-02
6.38000000e+03,2.76280594e-01,6.33777388e-02,1.38146802e-01,7.47560533e-02
6.39000000e+03,2.75196118e-01,6.32336915e-02,1.37623972e-01,7.43384545e-02
6.40000000e+03,2.74117356e-01,6.30899037e-02,1.37104069e-01,7.39233835e-02
6.41000000e+03,2.73044289e-01,6.29463436e-02,1.36587075e-01,7.35108704e-02
6.42000000e+03,2.71976848e-01,6.28030334e-02,1.36072935e-01,7.31008791e-02
6.43000000e+03,2.70915077e-01,6.26599784e-02,1.35561696e-01,7.26934028e-02
6.44000000e+03,2.69858878e-01,6.25171588e-02,1.35053309e-01,7.22884099e-02
6.45000000e+03,2.68808259e-01,6.23745970e-02,1.34547768e-01,7.18858946e-02
6.46000000e+03,2.67763194e-01,6.22322891e-02,1.34045061e-01,7.14858438e-02
6.47000000e+03,2.66723695e-01,6.20902293e-02,1.33545188e-01,7.10882778e-02
6.48000000e+03,2.65689640e-01,6.19484375e-02,1.33048094e-01,7.06931083e-02
6.49000000e+03,2.64661100e-01,6.18068955e-02,1.32553833e-01,7.03003723e-02
6.50000000e+03,2.63638000e-01,6.16656299e-02,1.32062333e-01,6.99100368e-02
6.51000000e+03,2.62620327e-01,6.15246437e-02,1.31573601e-01,6.95220816e-02
6.52000000e+03,2.61608083e-01,6.13839027e-02,1.31087640e-01,6.91365408e-02
6.53000000e+03,2.60601197e-01,6.12434456e-02,1.30604407e-01,6.87533439e-02
6.54000000e+03,2.59599687e-01,6.11032557e-02,1.30123941e-01,6.83724904e-02
6.55000000e+03,2.58603454e-01,6.09633344e-02,1.29646127e-01,6.79939922e-02
6.56000000e+03,2.57612587e-01,6.08237119e-02,1.29171065e-01,6.76178106e-02
6.57000000e+03,2.56626985e-01,6.06843797e-02,1.28698677e-01,6.72439290e-02
6.58000000e+03,2.55646613e-01,6.05453162e-02,1.28228951e-01,6.68723453e-02
6.59000000e+03,2.54671493e-01,6.04065536e-02,1.27761887e-01,6.65030523e-02
6.60000000e+03,2.53701599e-01,6.02680905e-02,1.27297472e-01,6.61360367e-02
6.61000000e+03,2.52736856e-01,6.01299006e-02,1.26835704e-01,6.57712514e-02
6.62000000e+03,2.51777328e-01,5.99920153e-02,1.26376569e-01,6.54087439e-02
6.63000000e+03,2.50822901e-01,5.98544388e-02,1.25920022e-01,6.50484395e-02
6.64000000e+03,2.49873617e-01,5.97171762e-02,1.25466080e-01,6.46903608e-02
6.65000000e+03,2.48929425e-01,5.95802015e-02,1.25014722e-01,6.43345014e-02
6.66000000e+03,2.47990290e-01,5.94435516e-02,1.24565916e-01,6.39808225e-02
6.67000000e+03,2.47056221e-01,5.93072156e-02,1.24119658e-01,6.36293465e-02
6.68000000e+03,2.46127149e-01,5.91711717e-02,1.23675972e-01,6.32800059e-02
6.69000000e+03,2.45203095e-01,5.90354796e-02,1.23234783e-01,6.29328324e-02
6.70000000e+03,2.44284060e-01,5.89000993e-02,1.22796152e-01,6.25878088e-02
6.71000000e+03,2.43369948e-01,5.87650532e-02,1.22359991e-01,6.22449039e-02
6.72000000e+03,2.42460802e-01,5.86303270e-02,1.21926327e-01,6.19041476e-02
6.73000000e+03,2.41556544e-01,5.84959184e-02,1.21495153e-01,6.15654730e-02
6.74000000e+03,2.40657195e-01,5.83618451e-02,1.21066435e-01,6.12289146e-02
6.75000000e+03,2.39762730e-01,5.82281136e-02,1.20640177e-01,6.08944399e-02
6.76000000e+03,2.38873121e-01,5.80947191e-02,1.20216360e-01,6.05620421e-02
6.77000000e+03,2.37988326e-01,5.79616492e-02,1.19794974e-01,6.02317033e-02
6.78000000e+03,2.37108325e-01,5.78289376e-02,1.19375983e-01,5.99034050e-02
6.79000000e+03,2.36233141e-01,5.76965716e-02,1.18959413e-01,5.95771559e-02
6.80000000e+03,2.35362730e-01,5.75645450e-02,1.18545233e-01,5.92529519e-02
6.81000000e+03,2.34497060e-01,5.74328505e-02,1.18133451e-01,5.89307591e-02
6.82000000e+03,2.33636094e-01,5.73015037e-02,1.17724015e-01,5.86105754e-02
6.83000000e+03,2.32779860e-01,5.71705063e-02,1.17316953e-01,5.82924003e-02
6.84000000e+03,2.31928301e-01,5.70398581e-02,1.16912243e-01,5.79762003e-02
6.85000000e+03,2.31081401e-01,5.69095595e-02,1.16509856e-01,5.76619850e-02
6.86000000e+03,2.30239164e-01,5.67796081e-02,1.16109799e-01,5.73497569e-02
6.87000000e+03,2.29401526e-01,5.66500194e-02,1.15712057e-01,5.70394494e-02
6.88000000e+03,2.28568489e-01,5.65207685e-02,1.15316602e-01,5.67311179e-02
6.89000000e+03,2.27740007e-01,5.63918716e-02,1.14923416e-01,5.64247194e-02
6.90000000e+03,2.26916129e-01,5.62633322e-02,1.14532560e-01,5.61202370e-02
6.91000000e+03,2.26096785e-01,5.61351553e-02,1.14143940e-01,5.58176893e-02
6.92000000e+03,2.25281932e-01,5.60073232e-02,1.13757573e-01,5.55170362e-02
6.93000000e+03,2.24471573e-01,5.58798480e-02,1.13373451e-01,5.52182739e-02
6.94000000e+03,2.23665702e-01,5.57527092e-02,1.12991576e-01,5.49214171e-02
6.95000000e+03,2.22864285e-01,5.56259258e-02,1.12611924e-01,5.46264361e-02
6.96000000e+03,2.22067335e-01,5.54995106e-02,1.12234499e-01,5.43333255e-02
6.97000000e+03,2.21274751e-01,5.53734348e-02,1.11859260e-01,5.40420558e-02
6.98000000e+03,2.20486545e-01,5.52477029e-02,1.11486180e-01,5.37526619e-02
6.99000000e+03,2.19702763e-01,5.51223400e-02,1.11115343e-01,5.34650798e-02
7.00000000e+03,2.18923306e-01,5.49973133e-02,1.10746633e-01,5.31793605e-02
7.01000000e+03,2.18148170e-01,5.48726319e-02,1.10380085e-01,5.28954533e-02
7.02000000e+03,2.17377329e-01,5.47483036e-02,1.10015699e-01,5.26133268e-02
7.03000000e+03,2.16610809e-01,5.46243100e-02,1.09653461e-01,5.23330379e-02
7.04000000e+03,2.15848539e-01,5.45006657e-02,1.09293321e-01,5.20545522e-02
7.05000000e+03,2.15090518e-01,5.43773614e-02,1.08935317e-01,5.17778398e-02
7.06000000e+03,2.14336702e-01,5.42543996e-02,1.08579423e-01,5.15028798e-02
7.07000000e+03,2.13587086e-01,5.41317790e-02,1.08225599e-01,5.12297072e-02
7.08000000e+03,2.12841668e-01,5.40094850e-02,1.07873885e-01,5.09582977e-02
7.09000000e+03,2.12100395e-01,5.38875321e-02,1.07524234e-01,5.06886282e-02
7.10000000e+03,2.11363261e-01,5.37659149e-02,1.07176652e-01,5.04206944e-02
7.11000000e+03,2.10630265e-01,5.36446312e-02,1.06831115e-01,5.01545180e-02
7.12000000e+03,2.09901356e-01,5.35236820e-02,1.06487629e-01,4.98900452e-02
7.13000000e+03,2.09176517e-01,5.34030460e-02,1.06146191e-01,4.96272801e-02
7.14000000e+03,2.08455706e-01,5.32827349e-02,1.05806745e-01,4.93662260e-02
7.15000000e+03,2.07738927e-01,5.31627616e-02,1.05469296e-01,4.91068698e-02
7.16000000e+03,2.07026196e-01,5.30431010e-02,1.05133900e-01,4.88491951e-02
7.17000000e+03,2.06317424e-01,5.29237732e-02,1.04800454e-01,4.85931968e-02
7.18000000e+03,2.05612619e-01,5.28047532e-02,1.04468995e-01,4.83388713e-02
7.19000000e+03,2.04911774e-01,5.26860604e-02,1.04139512e-01,4.80862012e-02
7.20000000e+03,2.04214843e-01,5.25676803e-02,1.03811979e-01,4.78351841e-02
7.21000000e+03,2.03521817e-01,5.24496035e-02,1.03486394e-01,4.75858203e-02
7.22000000e+03,2.02832669e-01,5.23318340e-02,1.03162742e-01,4.73380938e-02
7.23000000e+03,2.02147381e-01,5.22143881e-02,1.02841018e-01,4.70919758e-02
7.24000000e+03,2.01465933e-01,5.20972485e-02,1.02521204e-01,4.68474807e-02
7.25000000e+03,2.00788288e-01,5.19803955e-02,1.02203293e-01,4.66045998e-02
7.26000000e+03,2.00114451e-01,5.18638563e-02,1.01887272e-01,4.63633222e-02
7.27000000e+03,1.99444388e-01,5.17476314e-02,1.01573124e-01,4.61236329e-02
7.28000000e+03,1.98778066e-01,5.16316948e-02,1.01260846e-01,4.58855246e-02
7.29000000e+03,1.98115481e-01,5.15160517e-02,1.00950439e-01,4.56489899e-02
7.30000000e+03,1.97456611e-01,5.14007159e-02,1.00641869e-01,4.54140261e-02
7.31000000e+03,1.96801420e-01,5.12856609e-02,1.00335151e-01,4.51806078e-02
7.32000000e+03,1.96149890e-01,5.11709059e-02,1.00030230e-01,4.49487548e-02
7.33000000e+03,1.95502020e-01,5.10564493e-02,9.97271452e-02,4.47184255e-02
7.34000000e+03,1.94857770e-01,5.09422788e-02,9.94258435e-02,4.44896472e-02
7.35000000e+03,1.94217133e-01,5.08284086e-02,9.91263509e-02,4.42623733e-02
7.36000000e+03,1.93580093e-01,5.07148214e-02,9.88286303e-02,4.40366417e-02
7.37000000e+03,1.92946601e-01,5.06015089e-02,9.85326946e-02,4.38123978e-02
7.38000000e+03,1.92316655e-01,5.04884932e-02,9.82385106e-02,4.35896514e-02
7.39000000e+03,1.91690228e-01,5.03757625e-02,9.79460532e-02,4.33684121e-02
7.40000000e+03,1.91067316e-01,5.02633149e-02,9.76553524e-02,4.31486485e-02
7.41000000e+03,1.90447842e-01,5.01511500e-02,9.73663367e-02,4.29303552e-02
7.42000000e+03,1.89831858e-01,5.00392576e-02,9.70790753e-02,4.27135250e-02
7.43000000e+03,1.89219306e-01,4.99276502e-02,9.67935003e-02,4.24981554e-02
7.44000000e+03,1.88610176e-01,4.98163178e-02,9.65096183e-02,4.22842397e-02
7.45000000e+03,1.88004452e-01,4.97052721e-02,9.62274285e-02,4.20717511e-02
7.46000000e+03,1.87402121e-01,4.95945101e-02,9.59469058e-02,4.18607053e-02
7.47000000e+03,1.86803122e-01,4.94840030e-02,9.56680231e-02,4.16510956e-02
7.48000000e+03,1.86207482e-01,4.93737855e-02,9.53908017e-02,4.14428953e-02
7.49000000e+03,1.85615137e-01,4.92638425e-02,9.51152002e-02,4.12360939e-02
7.50000000e+03,1.85026114e-01,4.91541870e-02,9.48412258e-02,4.10307007e-02
7.51000000e+03,1.84440363e-01,4.90447894e-02,9.45688671e-02,4.08267063e-02
7.52000000e+03,1.83857868e-01,4.89356689e-02,9.42981001e-02,4.06240989e-02
7.53000000e+03,1.83278605e-01,4.88268236e-02,9.40289270e-02,4.04228546e-02
7.54000000e+03,1.82702591e-01,4.87182561e-02,9.37613463e-02,4.02229890e-02
7.55000000e+03,1.82129742e-01,4.86099531e-02,9.34953086e-02,4.00244805e-02
7.56000000e+03,1.81560102e-01,4.85019245e-02,9.32308538e-02,3.98273234e-02
7.57000000e+03,1.80993597e-01,4.83941684e-02,9.29679193e-02,3.96315095e-02
7.58000000e+03,1.80430237e-01,4.82866812e-02,9.27065330e-02,3.94370230e-02
7.59000000e+03,1.79870015e-01,4.81794707e-02,9.24466584e-02,3.92438864e-02
7.60000000e+03,1.79312906e-01,4.80725297e-02,9.21882976e-02,3.90520783e-02
7.61000000e+03,1.78758875e-01,4.79658663e-02,9.19314550e-02,3.88615534e-02
7.62000000e+03,1.78207907e-01,4.78594617e-02,9.16760881e-02,3.86723576e-02
7.63000000e+03,1.77659970e-01,4.77533313e-02,9.14221888e-02,3.84844496e-02
7.64000000e+03,1.77115084e-01,4.76474783e-02,9.11697712e-02,3.82978343e-02
7.65000000e+03,1.76573187e-01,4.75418875e-02,9.09187987e-02,3.81125003e-02
7.66000000e+03,1.76034315e-01,4.74365724e-02,9.06692989e-02,3.79284435e-02
7.67000000e+03,1.75498378e-01,4.73315201e-02,9.04211966e-02,3.77456616e-02
7.68000000e+03,1.74965425e-01,4.72267529e-02,9.01745519e-02,3.75641202e-02
7.69000000e+03,1.74435374e-01,4.71222416e-02,8.99292963e-02,3.73838361e-02
7.70000000e+03,1.73908259e-01,4.70179997e-02,8.96854524e-02,3.72048065e-02
7.71000000e+03,1.73384042e-01,4.69140331e-02,8.94430002e-02,3.70270089e-02
7.72000000e+03,1.72862704e-01,4.68103307e-02,8.92019341e-02,3.68504394e-02
7.73000000e+03,1.72344233e-01,4.67069013e-02,8.89622444e-02,3.66750869e-02
7.74000000e+03,1.71828569e-01,4.66037302e-02,8.87239039e-02,3.65009353e-02
7.75000000e+03,1.71315770e-01,4.65008467e-02,8.84869097e-02,3.63280140e-02
7.76000000e+03,1.70805757e-01,4.63982236e-02,8.82512366e-02,3.61562971e-02
7.77000000e+03,1.70298529e-01,4.62958539e-02,8.80169215e-02,3.59857536e-02
7.78000000e+03,1.69794076e-01,4.61937776e-02,8.77839053e-02,3.58163931e-02
7.79000000e+03,1.69292399e-01,4.60919673e-02,8.75522198e-02,3.56482120e-02
7.80000000e+03,1.68793448e-01,4.59904295e-02,8.73218104e-02,3.54812076e-02
7.81000000e+03,1.68297186e-01,4.58891511e-02,8.70926891e-02,3.53153462e-02
7.82000000e+03,1.67803639e-01,4.57881506e-02,8.68648244e-02,3.51506644e-02
7.83000000e+03,1.67312781e-01,4.56874077e-02,8.66382603e-02,3.49871130e-02
7.84000000e+03,1.66824577e-01,4.55869447e-02,8.64129245e-02,3.48247078e-02
7.85000000e+03,1.66339021e-01,4.54867540e-02,8.61888429e-02,3.46634244e-02
7.86000000e+03,1.65856097e-01,4.53868330e-02,8.59660009e-02,3.45032629e-02
7.87000000e+03,1.65375781e-01,4.52871650e-02,8.57443733e-02,3.43442424e-02
7.88000000e+03,1.64898080e-01,4.51877876e-02,8.55239782e-02,3.41863141e-02
7.89000000e+03,1.64422925e-01,4.50886690e-02,8.53047701e-02,3.40294862e-02
7.90000000e+03,1.63950354e-01,4.49898188e-02,8.50867715e-02,3.38737638e-02
7.91000000e+03,1.63480304e-01,4.48912372e-02,8.48699292e-02,3.37191375e-02
7.92000000e+03,1.63012813e-01,4.47929458e-02,8.46542869e-02,3.35655806e-02
7.93000000e+03,1.62547786e-01,4.46949068e-02,8.44397919e-02,3.34130867e-02
7.94000000e+03,1.62085284e-01,4.45971551e-02,8.42264554e-02,3.32616733e-02
7.95000000e+03,1.61625248e-01,4.44996634e-02,8.40142641e-02,3.31113209e-02
7.96000000e+03,1.61167669e-01,4.44024442e-02,8.38032067e-02,3.29620179e-02
7.97000000e+03,1.60712535e-01,4.43054924e-02,8.35932745e-02,3.28137686e-02
7.98000000e+03,1.60259816e-01,4.42088103e-02,8.33844637e-02,3.26665418e-02
7.99000000e+03,1.59809506e-01,4.41124127e-02,8.31767423e-02,3.25203509e-02
8.00000000e+03,1.59361614e-01,4.40162904e-02,8.29701243e-02,3.23751996e-02
8.01000000e+03,1.58916060e-01,4.39204282e-02,8.27645810e-02,3.22310510e-02
8.02000000e+03,1.58472888e-01,4.38248442e-02,8.25601362e-02,3.20879081e-02
8.03000000e+03,1.58032065e-01,4.37295302e-02,8.23567467e-02,3.19457877e-02
8.04000000e+03,1.57593565e-01,4.36345004e-02,8.21544101e-02,3.18046540e-02
8.05000000e+03,1.57157349e-01,4.35397321e-02,8.19531212e-02,3.16644958e-02
8.06000000e+03,1.56723465e-01,4.34452408e-02,8.17528788e-02,3.15253458e-02
8.07000000e+03,1.56291863e-01,4.33510326e-02,8.15536786e-02,3.13871518e-02
8.08000000e+03,1.55862513e-01,4.32570996e-02,8.13554645e-02,3.12499490e-02
8.09000000e+03,1.55435404e-01,4.31634356e-02,8.11582752e-02,3.11136930e-02
8.10000000e+03,1.55010546e-01,4.30700497e-02,8.09621008e-02,3.09783952e-02
8.11000000e+03,1.54587894e-01,4.29769390e-02,8.07669148e-02,3.08440401e-02
8.12000000e+03,1.54167431e-01,4.28841143e-02,8.05726897e-02,3.07106268e-02
8.13000000e+03,1.53749191e-01,4.27915604e-02,8.03794732e-02,3.05781573e-02
8.14000000e+03,1.53333103e-01,4.26992890e-02,8.01872019e-02,3.04466126e-02
8.15000000e+03,1.52919160e-01,4.26072815e-02,7.99958790e-02,3.03159994e-02
8.16000000e+03,1.52507378e-01,4.25155749e-02,7.98055204e-02,3.01862826e-02
8.17000000e+03,1.52097726e-01,4.24241405e-02,7.96161013e-02,3.00574842e-02
8.18000000e+03,1.51690177e-01,4.23329810e-02,7.94275999e-02,2.99295966e-02
8.19000000e+03,1.51284743e-01,4.22421058e-02,7.92400379e-02,2.98025992e-02
8.20000000e+03,1.50881378e-01,4.21515155e-02,7.90533748e-02,2.96764875e-02
8.21000000e+03,1.50480079e-01,4.20611919e-02,7.88676346e-02,2.95512521e-02
8.22000000e+03,1.50080851e-01,4.19711680e-02,7.86827939e-02,2.94268890e-02
8.23000000e+03,1.49683637e-01,4.18814198e-02,7.84988184e-02,2.93033987e-02
8.24000000e+03,1.49288467e-01,4.17919557e-02,7.83157360e-02,2.91807754e-02
8.25000000e+03,1.48895314e-01,4.17027769e-02,7.81335203e-02,2.90590166e-02
8.26000000e+03,1.48504175e-01,4.16138757e-02,7.79521868e-02,2.89381121e-02
8.27000000e+03,1.48115014e-01,4.15252850e-02,7.77716881e-02,2.88180409e-02
8.28000000e+03,1.47727797e-01,4.14369561e-02,7.75920508e-02,2.86987897e-02
8.29000000e+03,1.47342559e-01,4.13489118e-02,7.74132526e-02,2.85803945e-02
8.30000000e+03,1.46959263e-01,4.12611588e-02,7.72352876e-02,2.84628167e-02
8.31000000e+03,1.46577894e-01,4.11737089e-02,7.70581376e-02,2.83460474e-02
8.32000000e+03,1.46198435e-01,4.10865207e-02,7.68818183e-02,2.82300958e-02
8.33000000e+03,1.45820913e-01,4.09996469e-02,7.67062999e-02,2.81149659e-02
8.34000000e+03,1.45445245e-01,4.09130458e-02,7.65315788e-02,2.80006208e-02
8.35000000e+03,1.45071487e-01,4.08267560e-02,7.63576528e-02,2.78870779e-02
8.36000000e+03,1.44699582e-01,4.07407393e-02,7.61845324e-02,2.77743104e-02
8.37000000e+03,1.44329532e-01,4.06550237e-02,7.60121765e-02,2.76623315e-02
8.38000000e+03,1.43961307e-01,4.05695952e-02,7.58405952e-02,2.75511171e-02
8.39000000e+03,1.43594931e-01,4.04844595e-02,7.56697886e-02,2.74406831e-02
8.40000000e+03,1.43230371e-01,4.03996198e-02,7.54997347e-02,2.73310166e-02
8.41000000e+03,1.42867603e-01,4.03150681e-02,7.53304366e-02,2.72220981e-02
8.42000000e+03,1.42506638e-01,4.02308191e-02,7.51618765e-02,2.71139420e-02
8.43000000e+03,1.42147417e-01,4.01468576e-02,7.49940393e-02,2.70065200e-02
8.44000000e+03,1.41790013e-01,4.00632096e-02,7.48269595e-02,2.68998437e-02
8.45000000e+03,1.41434319e-01,3.99798412e-02,7.46605834e-02,2.67938942e-02
8.46000000e+03,1.41080382e-01,3.98967721e-02,7.44949317e-02,2.66886778e-02
8.47000000e+03,1.40728196e-01,3.98140114e-02,7.43299954e-02,2.65841892e-02
8.48000000e+03,1.40377710e-01,3.97315387e-02,7.41657589e-02,2.64804122e-02
8.49000000e+03,1.40028935e-01,3.96493685e-02,7.40022304e-02,2.63773362e-02
8.50000000e+03,1.39681830e-01,3.95674955e-02,7.38393571e-02,2.62749772e-02
8.51000000e+03,1.39336445e-01,3.94859274e-02,7.36772031e-02,2.61733141e-02
8.52000000e+03,1.38992733e-01,3.94046593e-02,7.35157294e-02,2.60723443e-02
8.53000000e+03,1.38650671e-01,3.93236883e-02,7.33549209e-02,2.59720619e-02
8.54000000e+03,1.38310249e-01,3.92430197e-02,7.31947728e-02,2.58724569e-02
8.55000000e+03,1.37971481e-01,3.91626670e-02,7.30352743e-02,2.57735395e-02
8.56000000e+03,1.37634345e-01,3.90825911e-02,7.28764664e-02,2.56752878e-02
8.57000000e+03,1.37298808e-01,3.90028385e-02,7.27182699e-02,2.55776995e-02
8.58000000e+03,1.36964900e-01,3.89233816e-02,7.25607349e-02,2.54807834e-02
8.59000000e+03,1.36632569e-01,3.88442279e-02,7.24038301e-02,2.53845111e-02
8.60000000e+03,1.36301817e-01,3.87653755e-02,7.22475583e-02,2.52888834e-02
8.61000000e+03,1.35972650e-01,3.86868286e-02,7.20919011e-02,2.51939202e-02
8.62000000e+03,1.35645055e-01,3.86085944e-02,7.19368799e-02,2.50995812e-02
8.63000000e+03,1.35319012e-01,3.85306524e-02,7.17824759e-02,2.50058841e-02
8.64000000e+03,1.34994502e-01,3.84530220e-02,7.16286687e-02,2.49128111e-02
8.65000000e+03,1.34671519e-01,3.83756966e-02,7.14754570e-02,2.48203651e-02
8.66000000e+03,1.34350092e-01,3.82986764e-02,7.13228762e-02,2.47285393e-02
8.67000000e+03,1.34030125e-01,3.82219625e-02,7.11708529e-02,2.46373096e-02
8.68000000e+03,1.33711706e-01,3.81455534e-02,7.10194487e-02,2.45467034e-02
8.69000000e+03,1.33394761e-01,3.80694482e-02,7.08686110e-02,2.44567019e-02
8.70000000e+03,1.33079293e-01,3.79936494e-02,7.07183458e-02,2.43672977e-02
8.71000000e+03,1.32765309e-01,3.79181569e-02,7.05686588e-02,2.42784933e-02
8.72000000e+03,1.32452777e-01,3.78429787e-02,7.04195378e-02,2.41902600e-02
8.73000000e+03,1.32141711e-01,3.77680963e-02,7.02710001e-02,2.41026143e-02
8.74000000e+03,1.31832067e-01,3.76935273e-02,7.01229870e-02,2.40155524e-02
8.75000000e+03,1.31523860e-01,3.76192528e-02,6.99755440e-02,2.39290637e-02
8.76000000e+03,1.31217098e-01,3.75452970e-02,6.98286520e-02,2.38431493e-02
8.77000000e+03,1.30911731e-01,3.74716362e-02,6.96823090e-02,2.37577859e-02
8.78000000e+03,1.30607763e-01,3.73982808e-02,6.95364922e-02,2.36729898e-02
8.79000000e+03,1.30305205e-01,3.73252342e-02,6.93912220e-02,2.35887486e-02
8.80000000e+03,1.30004031e-01,3.72524940e-02,6.92464850e-02,2.35050524e-02
8.81000000e+03,1.29704224e-01,3.71800581e-02,6.91022662e-02,2.34218995e-02
8.82000000e+03,1.29405798e-01,3.71079317e-02,6.89585801e-02,2.33392866e-02
8.83000000e+03,1.29108716e-01,3.70360984e-02,6.88153911e-02,2.32572260e-02
8.84000000e+03,1.28812991e-01,3.69645735e-02,6.86727218e-02,2.31756959e-02
8.85000000e+03,1.28518629e-01,3.68933594e-02,6.85305907e-02,2.30946784e-02
8.86000000e+03,1.28225568e-01,3.68224399e-02,6.83889369e-02,2.30141909e-02
8.87000000e+03,1.27933845e-01,3.67518244e-02,6.82478006e-02,2.29342196e-02
8.88000000e+03,1.27643430e-01,3.66815136e-02,6.81071563e-02,2.28547605e-02
8.89000000e+03,1.27354305e-01,3.66115025e-02,6.79669964e-02,2.27758063e-02
8.90000000e+03,1.27066510e-01,3.65417943e-02,6.78273386e-02,2.26973768e-02
8.91000000e+03,1.26779963e-01,3.64723796e-02,6.76881577e-02,2.26194255e-02
8.92000000e+03,1.26494728e-01,3.64032741e-02,6.75494709e-02,2.25419825e-02
8.93000000e+03,1.26210754e-01,3.63344634e-02,6.74112595e-02,2.24650314e-02
8.94000000e+03,1.25928043e-01,3.62659529e-02,6.72735237e-02,2.23885662e-02
8.95000000e+03,1.25646573e-01,3.61977503e-02,6.71362502e-02,2.23125729e-02
8.96000000e+03,1.25366362e-01,3.61298337e-02,6.69994522e-02,2.22370763e-02
8.97000000e+03,1.25087380e-01,3.60622109e-02,6.68631205e-02,2.21620483e-02
8.98000000e+03,1.24809650e-01,3.59948909e-02,6.67272478e-02,2.20875115e-02
8.99000000e+03,1.24533105e-01,3.59278620e-02,6.65918267e-02,2.20134160e-02
9.00000000e+03,1.24257813e-01,3.58611382e-02,6.64568743e-02,2.19398009e-02
9.01000000e+03,1.23983697e-01,3.57946938e-02,6.63223628e-02,2.18666403e-02
9.02000000e+03,1.23710787e-01,3.57285469e-02,6.61883073e-02,2.17939325e-02
9.03000000e+03,1.23439057e-01,3.56626872e-02,6.60546928e-02,2.17216766e-02
9.04000000e+03,1.23168519e-01,3.55971205e-02,6.59215262e-02,2.16498725e-02
9.05000000e+03,1.22899148e-01,3.55318501e-02,6.57887872e-02,2.15785110e-02
9.06000000e+03,1.22630944e-01,3.54668689e-02,6.56564827e-02,2.15075920e-02
9.07000000e+03,1.22363900e-01,3.54021644e-02,6.55246232e-02,2.14371122e-02
9.08000000e+03,1.22098007e-01,3.53377575e-02,6.53931805e-02,2.13670691e-02
9.09000000e+03,1.21833247e-01,3.52736317e-02,6.52621782e-02,2.12974374e-02
9.10000000e+03,1.21569628e-01,3.52097981e-02,6.51315821e-02,2.12282481e-02
9.11000000e+03,1.21307120e-01,3.51462382e-02,6.50014077e-02,2.11594742e-02
9.12000000e+03,1.21045759e-01,3.50829682e-02,6.48716737e-02,2.10911176e-02
9.13000000e+03,1.20785505e-01,3.50199864e-02,6.47423410e-02,2.10231777e-02
9.14000000e+03,1.20526328e-01,3.49572681e-02,6.46134037e-02,2.09556563e-02
9.15000000e+03,1.20268269e-01,3.48948342e-02,6.44848976e-02,2.08885375e-02
9.16000000e+03,1.20011309e-01,3.48326855e-02,6.43567958e-02,2.08218277e-02
9.17000000e+03,1.19755435e-01,3.47708129e-02,6.42291000e-02,2.07555220e-02
9.18000000e+03,1.19500616e-01,3.47092165e-02,6.41017931e-02,2.06896065e-02
9.19000000e+03,1.19246872e-01,3.46478899e-02,6.39748991e-02,2.06240835e-02
9.20000000e+03,1.18994204e-01,3.45868377e-02,6.38484071e-02,2.05589596e-02
9.21000000e+03,1.18742570e-01,3.45260573e-02,6.37223031e-02,2.04942092e-02
9.22000000e+03,1.18491991e-01,3.44655525e-02,6.35965805e-02,2.04298582e-02
9.23000000e+03,1.18242467e-01,3.44053125e-02,6.34712659e-02,2.03658882e-02
9.24000000e+03,1.17993952e-01,3.43453458e-02,6.33463152e-02,2.03022906e-02
9.25000000e+03,1.17746490e-01,3.42856492e-02,6.32217773e-02,2.02390634e-02
9.26000000e+03,1.17500049e-01,3.42262149e-02,6.30976091e-02,2.01762252e-02
9.27000000e+03,1.17254591e-01,3.41670389e-02,6.29738132e-02,2.01137391e-02
9.28000000e+03,1.17010172e-01,3.41081374e-02,6.28503974e-02,2.00516374e-02
9.29000000e+03,1.16766750e-01,3.40494996e-02,6.27273646e-02,1.99898855e-02
9.30000000e+03,1.16524298e-01,3.39911136e-02,6.26047028e-02,1.99284817e-02
9.31000000e+03,1.16282852e-01,3.39329873e-02,6.24824154e-02,1.98674494e-02
9.32000000e+03,1.16042384e-01,3.38751270e-02,6.23604826e-02,1.98067742e-02
9.33000000e+03,1.15802889e-01,3.38175176e-02,6.22389283e-02,1.97464432e-02
9.34000000e+03,1.15564378e-01,3.37601679e-02,6.21177560e-02,1.96864539e-02
9.35000000e+03,1.15326818e-01,3.37030667e-02,6.19969252e-02,1.96268257e-02
9.36000000e+03,1.15090229e-01,3.36462266e-02,6.18764684e-02,1.95675339e-02
9.37000000e+03,1.14854570e-01,3.35896298e-02,6.17563631e-02,1.95085774e-02
9.38000000e+03,1.14619877e-01,3.35332866e-02,6.16366298e-02,1.94499608e-02
9.39000000e+03,1.14386088e-01,3.34771925e-02,6.15172230e-02,1.93916722e-02
9.40000000e+03,1.14153258e-01,3.34213478e-02,6.13981869e-02,1.93337238e-02
9.41000000e+03,1.13921357e-01,3.33657461e-02,6.12795018e-02,1.92761089e-02
9.42000000e+03,1.13690370e-01,3.33103881e-02,6.11611748e-02,1.92188071e-02
9.43000000e+03,1.13460301e-01,3.32552801e-02,6.10431897e-02,1.91618308e-02
9.44000000e+03,1.13231141e-01,3.32004116e-02,6.09255473e-02,1.91051817e-02
9.45000000e+03,1.13002870e-01,3.31457877e-02,6.08082360e-02,1.90488465e-02
9.46000000e+03,1.12775509e-01,3.30913975e-02,6.06912964e-02,1.89928153e-02
9.47000000e+03,1.12549045e-01,3.30372438e-02,6.05746899e-02,1.89371115e-02
9.48000000e+03,1.12323462e-01,3.29833287e-02,6.04584217e-02,1.88817114e-02
9.49000000e+03,1.12098771e-01,3.29296474e-02,6.03424906e-02,1.88266333e-02
9.50000000e+03,1.11874937e-01,3.28762076e-02,6.02268812e-02,1.87718484e-02
9.51000000e+03,1.11651997e-01,3.28230024e-02,6.01116263e-02,1.87173678e-02
9.52000000e+03,1.11429918e-01,3.27700214e-02,5.99967012e-02,1.86631953e-02
9.53000000e+03,1.11208694e-01,3.27172788e-02,5.98821021e-02,1.86093126e-02
9.54000000e+03,1.10988309e-01,3.26647617e-02,5.97678293e-02,1.85557180e-02
9.55000000e+03,1.10768795e-01,3.26124696e-02,5.96538889e-02,1.85024362e-02
9.56000000e+03,1.10550115e-01,3.25604019e-02,5.95402784e-02,1.84494345e-02
9.57000000e+03,1.10332275e-01,3.25085648e-02,5.94269853e-02,1.83967246e-02
9.58000000e+03,1.10115283e-01,3.24569457e-02,5.93140349e-02,1.83443028e-02
9.59000000e+03,1.09899118e-01,3.24055521e-02,5.92013977e-02,1.82921683e-02
9.60000000e+03,1.09683757e-01,3.23543805e-02,5.90890819e-02,1.82402948e-02
9.61000000e+03,1.09469222e-01,3.23034309e-02,5.89770639e-02,1.81887273e-02
9.62000000e+03,1.09255522e-01,3.22527057e-02,5.88653838e-02,1.81374327e-02
9.63000000e+03,1.09042613e-01,3.22021857e-02,5.87540220e-02,1.80864053e-02
9.64000000e+03,1.08830516e-01,3.21518864e-02,5.86429748e-02,1.80356547e-02
9.65000000e+03,1.08619232e-01,3.21018026e-02,5.85322484e-02,1.79851813e-02
9.66000000e+03,1.08408728e-01,3.20519443e-02,5.84218121e-02,1.79349715e-02
9.67000000e+03,1.08199024e-01,3.20022791e-02,5.83117082e-02,1.78850367e-02
9.68000000e+03,1.07990095e-01,3.19528395e-02,5.82019014e-02,1.78353542e-02
9.69000000e+03,1.07781960e-01,3.19036039e-02,5.80924121e-02,1.77859440e-02
9.70000000e+03,1.07574598e-01,3.18545761e-02,5.79832299e-02,1.77367922e-02
9.71000000e+03,1.07368027e-01,3.18057564e-02,5.78743685e-02,1.76879019e-02
9.72000000e+03,1.07162218e-01,3.17571515e-02,5.77657897e-02,1.76392772e-02
9.73000000e+03,1.06957144e-01,3.17087400e-02,5.76575171e-02,1.75908870e-02
9.74000000e+03,1.06752861e-01,3.16605401e-02,5.75495490e-02,1.75427718e-02
9.75000000e+03,1.06549321e-01,3.16125467e-02,5.74418825e-02,1.74948913e-02
9.76000000e+03,1.06346549e-01,3.15647473e-02,5.73345250e-02,1.74472763e-02
9.77000000e+03,1.06144505e-01,3.15171488e-02,5.72274545e-02,1.73999016e-02
9.78000000e+03,1.05943220e-01,3.14697532e-02,5.71206924e-02,1.73527741e-02
9.79000000e+03,1.05742674e-01,3.14225599e-02,5.70142237e-02,1.73058900e-02
9.80000000e+03,1.05542857e-01,3.13755576e-02,5.69080491e-02,1.72592499e-02
9.81000000e+03,1.05343779e-01,3.13287545e-02,5.68021649e-02,1.72128598e-02
9.82000000e+03,1.05145429e-01,3.12821486e-02,5.66965918e-02,1.71666884e-02
9.83000000e+03,1.04947806e-01,3.12357293e-02,5.65913023e-02,1.71207744e-02
9.84000000e+03,1.04750888e-01,3.11895114e-02,5.64862931e-02,1.70750835e-02
9.85000000e+03,1.04554706e-01,3.11434815e-02,5.63815908e-02,1.70296336e-02
9.86000000e+03,1.04359227e-01,3.10976493e-02,5.62771661e-02,1.69844115e-02
9.87000000e+03,1.04164451e-01,3.10519952e-02,5.61730321e-02,1.69394240e-02
9.88000000e+03,1.03970390e-01,3.10065357e-02,5.60691903e-02,1.68946638e-02
9.89000000e+03,1.03777032e-01,3.09612608e-02,5.59656334e-02,1.68501383e-02
9.90000000e+03,1.03584361e-01,3.09161810e-02,5.58623546e-02,1.68058254e-02
9.91000000e+03,1.03392391e-01,3.08712777e-02,5.57593742e-02,1.67617389e-02
9.92000000e+03,1.03201111e-01,3.08265542e-02,5.56566740e-02,1.67178825e-02
9.93000000e+03,1.03010509e-01,3.07820249e-02,5.55542441e-02,1.66742405e-02
9.94000000e+03,1.02820604e-01,3.07376700e-02,5.54521002e-02,1.66308340e-02
9.95000000e+03,1.02631377e-01,3.06935110e-02,5.53502419e-02,1.65876243e-02
9.96000000e+03,1.02442820e-01,3.06495217e-02,5.52486620e-02,1.65446367e-02
9.97000000e+03,1.02254931e-01,3.06057047e-02,5.51473588e-02,1.65018670e-02
9.98000000e+03,1.02067724e-01,3.05620740e-02,5.50463400e-02,1.64593102e-02
9.99000000e+03,1.01881188e-01,3.05186154e-02,5.49456039e-02,1.64169692e-02
1.00000000e+04,1.01695306e-01,3.04753433e-02,5.48451152e-02,1.63748472e-02
1.00100000e+04,1.01510093e-01,3.04322388e-02,5.47449358e-02,1.63329186e-02
1.00200000e+04,1.01325536e-01,3.03893124e-02,5.46450179e-02,1.62912054e-02
1.00300000e+04,1.01141616e-01,3.03465578e-02,5.45453659e-02,1.62496926e-02
1.00400000e+04,1.00958364e-01,3.03039783e-02,5.44459956e-02,1.62083906e-02
1.00500000e+04,1.00775740e-01,3.02615718e-02,5.43468868e-02,1.61672819e-02
1.00600000e+04,1.00593797e-01,3.02193312e-02,5.42480639e-02,1.61264017e-02
1.00700000e+04,1.00412446e-01,3.01772605e-02,5.41494956e-02,1.60856895e-02
1.00800000e+04,1.00231756e-01,3.01353557e-02,5.40511987e-02,1.60452017e-02
1.00900000e+04,1.00051701e-01,3.00936300e-02,5.39531692e-02,1.60049015e-02
1.01000000e+04,9.98722721e-02,3.00520583e-02,5.38554176e-02,1.59647963e-02
1.01100000e+04,9.96934894e-02,3.00106590e-02,5.37579277e-02,1.59249028e-02
1.01200000e+04,9.95153218e-02,2.99694202e-02,5.36607145e-02,1.58851871e-02
1.01300000e+04,9.93377677e-02,2.99283516e-02,5.35637464e-02,1.58456697e-02
1.01400000e+04,9.91608486e-02,2.98874412e-02,5.34670609e-02,1.58063465e-02
1.01500000e+04,9.89845242e-02,2.98466937e-02,5.33706199e-02,1.57672105e-02
1.01600000e+04,9.88088305e-02,2.98061154e-02,5.32744488e-02,1.57282663e-02
1.01700000e+04,9.86337458e-02,2.97656905e-02,5.31785537e-02,1.56895016e-02
1.01800000e+04,9.84592717e-02,2.97254288e-02,5.30829069e-02,1.56509360e-02
1.01900000e+04,9.82854035e-02,2.96853341e-02,5.29875259e-02,1.56125436e-02
1.02000000e+04,9.81121256e-02,2.96453858e-02,5.28923895e-02,1.55743502e-02
1.02100000e+04,9.79394597e-02,2.96055933e-02,5.27975349e-02,1.55363315e-02
1.02200000e+04,9.77673797e-02,2.95659508e-02,5.27029304e-02,1.54984985e-02
1.02300000e+04,9.75959247e-02,2.95264825e-02,5.26085825e-02,1.54608597e-02
1.02400000e+04,9.74250244e-02,2.94871469e-02,5.25144972e-02,1.54233803e-02
1.02500000e+04,9.72547235e-02,2.94479843e-02,5.24206520e-02,1.53860871e-02
1.02600000e+04,9.70850088e-02,2.94089657e-02,5.23270709e-02,1.53489722e-02
1.02700000e+04,9.69158813e-02,2.93701022e-02,5.22337455e-02,1.53120335e-02
1.02800000e+04,9.67473424e-02,2.93313921e-02,5.21406818e-02,1.52752685e-02
1.02900000e+04,9.65793839e-02,2.92928305e-02,5.20478673e-02,1.52386861e-02
1.03000000e+04,9.64119778e-02,2.92544201e-02,5.19552894e-02,1.52022683e-02
1.03100000e+04,9.62451589e-02,2.92161515e-02,5.18629783e-02,1.51660291e-02
1.03200000e+04,9.60789126e-02,2.91780353e-02,5.17709213e-02,1.51299560e-02
1.03300000e+04,9.59132456e-02,2.91400759e-02,5.16791075e-02,1.50940622e-02
1.03400000e+04,9.57481188e-02,2.91022459e-02,5.15875463e-02,1.50583267e-02
1.03500000e+04,9.55835668e-02,2.90645643e-02,5.14962300e-02,1.50227726e-02
1.03600000e+04,9.54195854e-02,2.90270402e-02,5.14051700e-02,1.49873752e-02
1.03700000e+04,9.52561662e-02,2.89896599e-02,5.13143599e-02,1.49521464e-02
1.03800000e+04,9.50932834e-02,2.89524185e-02,5.12237811e-02,1.49170838e-02
1.03900000e+04,9.49309737e-02,2.89153174e-02,5.11334715e-02,1.48821848e-02
1.04000000e+04,9.47691977e-02,2.88783606e-02,5.10433896e-02,1.48474476e-02
1.04100000e+04,9.46079809e-02,2.88415465e-02,5.09535651e-02,1.48128694e-02
1.04200000e+04,9.44473179e-02,2.88048676e-02,5.08639819e-02,1.47784684e-02
1.04300000e+04,9.42871829e-02,2.87683321e-02,5.07746346e-02,1.47442162e-02
1.04400000e+04,9.41275988e-02,2.87319264e-02,5.06855442e-02,1.47101282e-02
1.04500000e+04,9.39685441e-02,2.86956698e-02,5.05966787e-02,1.46761956e-02
1.04600000e+04,9.38100407e-02,2.86595494e-02,5.05080788e-02,1.46424124e-02
1.04700000e+04,9.36520663e-02,2.86235620e-02,5.04197002e-02,1.46088040e-02
1.04800000e+04,9.34946222e-02,2.85877082e-02,5.03315739e-02,1.45753400e-02
1.04900000e+04,9.33377153e-02,2.85519985e-02,5.02436807e-02,1.45420360e-02
1.05000000e+04,9.31813281e-02,2.85164060e-02,5.01560365e-02,1.45088856e-02
1.05100000e+04,9.30254754e-02,2.84809654e-02,5.00686256e-02,1.44758844e-02
1.05200000e+04,9.28701506e-02,2.84456577e-02,4.99814564e-02,1.44430365e-02
1.05300000e+04,9.27153378e-02,2.84104800e-02,4.98945166e-02,1.44103411e-02
1.05400000e+04,9.25610524e-02,2.83754261e-02,4.98078236e-02,1.43778027e-02
1.05500000e+04,9.24072674e-02,2.83405069e-02,4.97213589e-02,1.43454016e-02
1.05600000e+04,9.22540176e-02,2.83057168e-02,4.96351368e-02,1.43131641e-02
1.05700000e+04,9.21012741e-02,2.82710603e-02,4.95491464e-02,1.42810673e-02
1.05800000e+04,9.19490380e-02,2.82365292e-02,4.94633959e-02,1.42491129e-02
1.05900000e+04,9.17973173e-02,2.82021272e-02,4.93778859e-02,1.42173041e-02
1.06000000e+04,9.16460981e-02,2.81678482e-02,4.92925989e-02,1.41856510e-02
1.06100000e+04,9.14953751e-02,2.81336985e-02,4.92075397e-02,1.41541369e-02
1.06200000e+04,9.13451665e-02,2.80996702e-02,4.91227271e-02,1.41227692e-02
1.06300000e+04,9.11954522e-02,2.80657798e-02,4.90381365e-02,1.40915360e-02
1.06400000e+04,9.10462328e-02,2.80319967e-02,4.89537812e-02,1.40604549e-02
1.06500000e+04,9.08975277e-02,2.79983515e-02,4.88696569e-02,1.40295194e-02
1.06600000e+04,9.07493036e-02,2.79648344e-02,4.87857608e-02,1.39987084e-02
1.06700000e+04,9.06015774e-02,2.79314271e-02,4.87020967e-02,1.39680537e-02
1.06800000e+04,9.04543415e-02,2.78981550e-02,4.86186609e-02,1.39375257e-02
1.06900000e+04,9.03075851e-02,2.78649934e-02,4.85354459e-02,1.39071458e-02
1.07000000e+04,9.01613418e-02,2.78319634e-02,4.84524775e-02,1.38769008e-02
1.07100000e+04,9.00155528e-02,2.77990491e-02,4.83697129e-02,1.38467908e-02
1.07200000e+04,8.98702567e-02,2.77662398e-02,4.82871944e-02,1.38168225e-02
1.07300000e+04,8.97254387e-02,2.77335642e-02,4.82048966e-02,1.37869779e-02
1.07400000e+04,8.95811122e-02,2.77010111e-02,4.81228232e-02,1.37572778e-02
1.07500000e+04,8.94372342e-02,2.76685546e-02,4.80409784e-02,1.37277012e-02
1.07600000e+04,8.92938670e-02,2.76362290e-02,4.79593662e-02,1.36982718e-02
1.07700000e+04,8.91509473e-02,2.76040173e-02,4.78779626e-02,1.36689674e-02
1.07800000e+04,8.90085086e-02,2.75719298e-02,4.77967796e-02,1.36397992e-02
1.07900000e+04,8.88665397e-02,2.75399450e-02,4.77158373e-02,1.36107574e-02
1.08000000e+04,8.87250334e-02,2.75080845e-02,4.76350969e-02,1.35818520e-02
1.08100000e+04,8.85840001e-02,2.74763355e-02,4.75545887e-02,1.35530759e-02
1.08200000e+04,8.84434239e-02,2.74446950e-02,4.74743100e-02,1.35244190e-02
1.08300000e+04,8.83033234e-02,2.74131715e-02,4.73942447e-02,1.34959073e-02
1.08400000e+04,8.81636482e-02,2.73817509e-02,4.73143890e-02,1.34675083e-02
1.08500000e+04,8.80244753e-02,2.73504564e-02,4.72347730e-02,1.34392459e-02
1.08600000e+04,8.78857273e-02,2.73192640e-02,4.71553620e-02,1.34111014e-02
1.08700000e+04,8.77474450e-02,2.72881875e-02,4.70761691e-02,1.33830883e-02
1.08800000e+04,8.76096195e-02,2.72572175e-02,4.69972065e-02,1.33551956e-02
1.08900000e+04,8.74722548e-02,2.72263574e-02,4.69184581e-02,1.33274392e-02
1.09000000e+04,8.73353040e-02,2.71955992e-02,4.68399120e-02,1.32997927e-02
1.09100000e+04,8.71988192e-02,2.71649553e-02,4.67615937e-02,1.32722703e-02
1.09200000e+04,8.70627935e-02,2.71344204e-02,4.66834921e-02,1.32448810e-02
1.09300000e+04,8.69272029e-02,2.71039816e-02,4.66056159e-02,1.32176054e-02
1.09400000e+04,8.67920377e-02,2.70736560e-02,4.65279357e-02,1.31904460e-02
1.09500000e+04,8.66573440e-02,2.70434420e-02,4.64504846e-02,1.31634174e-02
1.09600000e+04,8.65230681e-02,2.70133235e-02,4.63732379e-02,1.31365068e-02
1.09700000e+04,8.63892308e-02,2.69833161e-02,4.62961998e-02,1.31097149e-02
1.09800000e+04,8.62558377e-02,2.69534097e-02,4.62193917e-02,1.30830364e-02
1.09900000e+04,8.61228654e-02,2.69236033e-02,4.61427853e-02,1.30564768e-02
1.10000000e+04,8.59903403e-02,2.68939077e-02,4.60663863e-02,1.30300464e-02
1.10100000e+04,8.58582258e-02,2.68643051e-02,4.59901988e-02,1.30037219e-02
1.10200000e+04,8.57265558e-02,2.68348116e-02,4.59142329e-02,1.29775112e-02
1.10300000e+04,8.55953073e-02,2.68054143e-02,4.58384646e-02,1.29514284e-02
1.10400000e+04,8.54644924e-02,2.67761320e-02,4.57629120e-02,1.29254484e-02
1.10500000e+04,8.53340992e-02,2.67469338e-02,4.56875710e-02,1.28995945e-02
1.10600000e+04,8.52041228e-02,2.67178359e-02,4.56124338e-02,1.28738531e-02
1.10700000e+04,8.50745553e-02,2.66888354e-02,4.55375085e-02,1.28482114e-02
1.10800000e+04,8.49454106e-02,2.66599387e-02,4.54627817e-02,1.28226902e-02
1.10900000e+04,8.48167023e-02,2.66311390e-02,4.53882723e-02,1.27972910e-02
1.11000000e+04,8.46883995e-02,2.66024433e-02,4.53139701e-02,1.27719861e-02
1.11100000e+04,8.45605080e-02,2.65738285e-02,4.52398713e-02,1.27468083e-02
1.11200000e+04,8.44330304e-02,2.65453236e-02,4.51659810e-02,1.27217258e-02
1.11300000e+04,8.43059547e-02,2.65169063e-02,4.50922892e-02,1.26967591e-02
1.11400000e+04,8.41793037e-02,2.64885890e-02,4.50188097e-02,1.26719050e-02
1.11500000e+04,8.40530567e-02,2.64603645e-02,4.49455358e-02,1.26471565e-02
1.11600000e+04,8.39272055e-02,2.64322321e-02,4.48724609e-02,1.26225126e-02
1.11700000e+04,8.38017600e-02,2.64041955e-02,4.47995815e-02,1.25979829e-02
1.11800000e+04,8.36767199e-02,2.63762533e-02,4.47269047e-02,1.25735619e-02
1.11900000e+04,8.35520986e-02,2.63484053e-02,4.46544477e-02,1.25492457e-02
1.12000000e+04,8.34278568e-02,2.63206513e-02,4.45821749e-02,1.25250307e-02
1.12100000e+04,8.33040224e-02,2.62929860e-02,4.45101088e-02,1.25009276e-02
1.12200000e+04,8.31805831e-02,2.62654148e-02,4.44382474e-02,1.24769209e-02
1.12300000e+04,8.30575368e-02,2.62379289e-02,4.43665824e-02,1.24530255e-02
1.12400000e+04,8.29348793e-02,2.62105343e-02,4.42951062e-02,1.24292389e-02
1.12500000e+04,8.28126269e-02,2.61832338e-02,4.42238461e-02,1.24055470e-02
1.12600000e+04,8.26907502e-02,2.61560183e-02,4.41527719e-02,1.23819600e-02
1.12700000e+04,8.25692608e-02,2.61288941e-02,4.40818908e-02,1.23584760e-02
1.12800000e+04,8.24481727e-02,2.61018570e-02,4.40112256e-02,1.23350900e-02
1.12900000e+04,8.23274683e-02,2.60749141e-02,4.39407490e-02,1.23118052e-02
1.13000000e+04,8.22071346e-02,2.60480412e-02,4.38704650e-02,1.22886284e-02
1.13100000e+04,8.20872101e-02,2.60212800e-02,4.38003875e-02,1.22655425e-02
1.13200000e+04,8.19676501e-02,2.59945893e-02,4.37304931e-02,1.22425677e-02
1.13300000e+04,8.18484793e-02,2.59679836e-02,4.36608084e-02,1.22196873e-02
1.13400000e+04,8.17296717e-02,2.59414679e-02,4.35912948e-02,1.21969090e-02
1.13500000e+04,8.16112550e-02,2.59150424e-02,4.35219941e-02,1.21742185e-02
1.13600000e+04,8.14932184e-02,2.58887001e-02,4.34528834e-02,1.21516349e-02
1.13700000e+04,8.13755423e-02,2.58624332e-02,4.33839617e-02,1.21291474e-02
1.13800000e+04,8.12582437e-02,2.58362573e-02,4.33152354e-02,1.21067510e-02
1.13900000e+04,8.11413285e-02,2.58101587e-02,4.32466981e-02,1.20844717e-02
1.14000000e+04,8.10247639e-02,2.57841511e-02,4.31783562e-02,1.20622566e-02
1.14100000e+04,8.09085737e-02,2.57582198e-02,4.31101938e-02,1.20401601e-02
1.14200000e+04,8.07927621e-02,2.57323726e-02,4.30422373e-02,1.20181522e-02
1.14300000e+04,8.06773140e-02,2.57066102e-02,4.29744758e-02,1.19962280e-02
1.14400000e+04,8.05622191e-02,2.56809162e-02,4.29068880e-02,1.19744149e-02
1.14500000e+04,8.04474961e-02,2.56553158e-02,4.28394946e-02,1.19526856e-02
1.14600000e+04,8.03331404e-02,2.56297976e-02,4.27722850e-02,1.19310577e-02
1.14700000e+04,8.02191334e-02,2.56043539e-02,4.27052667e-02,1.19095128e-02
1.14800000e+04,8.01054835e-02,2.55789872e-02,4.26384381e-02,1.18880582e-02
1.14900000e+04,7.99922093e-02,2.55537085e-02,4.25717993e-02,1.18667015e-02
1.15000000e+04,7.98792820e-02,2.55284942e-02,4.25053556e-02,1.18454322e-02
1.15100000e+04,7.97667022e-02,2.55033676e-02,4.24390734e-02,1.18242612e-02
1.15200000e+04,7.96544867e-02,2.54783161e-02,4.23729951e-02,1.18031755e-02
1.15300000e+04,7.95426193e-02,2.54533399e-02,4.23070974e-02,1.17821819e-02
1.15400000e+04,7.94310979e-02,2.54284445e-02,4.22413769e-02,1.17612765e-02
1.15500000e+04,7.93199407e-02,2.54036319e-02,4.21758464e-02,1.17404624e-02
1.15600000e+04,7.92091120e-02,2.53788883e-02,4.21104884e-02,1.17197353e-02
1.15700000e+04,7.90986337e-02,2.53542199e-02,4.20453210e-02,1.16990928e-02
1.15800000e+04,7.89885114e-02,2.53296246e-02,4.19803444e-02,1.16785424e-02
1.15900000e+04,7.88787425e-02,2.53051123e-02,4.19155522e-02,1.16580779e-02
1.16000000e+04,7.87692878e-02,2.52806710e-02,4.18509251e-02,1.16376917e-02
1.16100000e+04,7.86601923e-02,2.52563054e-02,4.17864916e-02,1.16173953e-02
1.16200000e+04,7.85514396e-02,2.52320073e-02,4.17222283e-02,1.15972041e-02
1.16300000e+04,7.84430218e-02,2.52077883e-02,4.16581547e-02,1.15770788e-02
1.16400000e+04,7.83349343e-02,2.51836342e-02,4.15942554e-02,1.15570446e-02
1.16500000e+04,7.82272068e-02,2.51595628e-02,4.15305449e-02,1.15370991e-02
1.16600000e+04,7.81198027e-02,2.51355630e-02,4.14670091e-02,1.15172307e-02
1.16700000e+04,7.80127280e-02,2.51116283e-02,4.14036504e-02,1.14974494e-02
1.16800000e+04,7.79059883e-02,2.50877738e-02,4.13404632e-02,1.14777512e-02
1.16900000e+04,7.77995795e-02,2.50639861e-02,4.12774613e-02,1.14581321e-02
1.17000000e+04,7.76935130e-02,2.50402708e-02,4.12146389e-02,1.14386032e-02
1.17100000e+04,7.75877571e-02,2.50166260e-02,4.11519776e-02,1.14191534e-02
1.17200000e+04,7.74823433e-02,2.49930456e-02,4.10895118e-02,1.13997859e-02
1.17300000e+04,7.73772518e-02,2.49695427e-02,4.10272054e-02,1.13805037e-02
1.17400000e+04,7.72724820e-02,2.49461096e-02,4.09650795e-02,1.13612929e-02
1.17500000e+04,7.71680326e-02,2.49227382e-02,4.09031264e-02,1.13421680e-02
1.17600000e+04,7.70639143e-02,2.48994414e-02,4.08413538e-02,1.13231191e-02
1.17700000e+04,7.69601122e-02,2.48762037e-02,4.07797473e-02,1.13041612e-02
1.17800000e+04,7.68566303e-02,2.48530439e-02,4.07183216e-02,1.12852648e-02
1.17900000e+04,7.67534829e-02,2.48299472e-02,4.06570702e-02,1.12664655e-02
1.18000000e+04,7.66506428e-02,2.48069226e-02,4.05959819e-02,1.12477383e-02
1.18100000e+04,7.65481228e-02,2.47839618e-02,4.05350741e-02,1.12290870e-02
1.18200000e+04,7.64459037e-02,2.47610689e-02,4.04743204e-02,1.12105144e-02
1.18300000e+04,7.63440169e-02,2.47382349e-02,4.04137582e-02,1.11920238e-02
1.18400000e+04,7.62424442e-02,2.47154737e-02,4.03533628e-02,1.11736077e-02
1.18500000e+04,7.61411632e-02,2.46927773e-02,4.02931242e-02,1.11552617e-02
1.18600000e+04,7.60402036e-02,2.46701397e-02,4.02330568e-02,1.11370071e-02
1.18700000e+04,7.59395661e-02,2.46475806e-02,4.01731697e-02,1.11188158e-02
1.18800000e+04,7.58392363e-02,2.46250818e-02,4.01134422e-02,1.11007122e-02
1.18900000e+04,7.57392055e-02,2.46026466e-02,4.00538924e-02,1.10826665e-02
1.19000000e+04,7.56394775e-02,2.45802712e-02,3.99944966e-02,1.10647098e-02
1.19100000e+04,7.55400523e-02,2.45579584e-02,3.99352691e-02,1.10468248e-02
1.19200000e+04,7.54409381e-02,2.45357174e-02,3.98762179e-02,1.10290029e-02
1.19300000e+04,7.53421372e-02,2.45135320e-02,3.98173328e-02,1.10112725e-02
1.19400000e+04,7.52436057e-02,2.44914097e-02,3.97585976e-02,1.09935984e-02
1.19500000e+04,7.51454258e-02,2.44693625e-02,3.97000532e-02,1.09760102e-02
1.19600000e+04,7.50475079e-02,2.44473594e-02,3.96416618e-02,1.09584868e-02
1.19700000e+04,7.49499019e-02,2.44254275e-02,3.95834272e-02,1.09410472e-02
1.19800000e+04,7.48525895e-02,2.44035617e-02,3.95253593e-02,1.09236685e-02
1.19900000e+04,7.47555648e-02,2.43817448e-02,3.94674537e-02,1.09063663e-02
1.20000000e+04,7.46588537e-02,2.43599959e-02,3.94097189e-02,1.08891388e-02
1.20100000e+04,7.45624190e-02,2.43383045e-02,3.93521402e-02,1.08719743e-02
1.20200000e+04,7.44662845e-02,2.43166844e-02,3.92947202e-02,1.08548800e-02
1.20300000e+04,7.43704436e-02,2.42951105e-02,3.92374691e-02,1.08378640e-02
1.20400000e+04,7.42748998e-02,2.42736093e-02,3.91803773e-02,1.08209132e-02
1.20500000e+04,7.41796366e-02,2.42521589e-02,3.91234465e-02,1.08040312e-02
1.20600000e+04,7.40846569e-02,2.42307614e-02,3.90666729e-02,1.07872227e-02
1.20700000e+04,7.39899890e-02,2.42094358e-02,3.90100697e-02,1.07704835e-02
1.20800000e+04,7.38955929e-02,2.41881575e-02,3.89536210e-02,1.07538143e-02
1.20900000e+04,7.38014601e-02,2.41669438e-02,3.88973135e-02,1.07372028e-02
1.21000000e+04,7.37076447e-02,2.41457950e-02,3.88411803e-02,1.07206694e-02
1.21100000e+04,7.36141011e-02,2.41246960e-02,3.87852079e-02,1.07041972e-02
1.21200000e+04,7.35208303e-02,2.41036545e-02,3.87293861e-02,1.06877896e-02
1.21300000e+04,7.34278431e-02,2.40826728e-02,3.86737090e-02,1.06714614e-02
1.21400000e+04,7.33351575e-02,2.40617525e-02,3.86182126e-02,1.06551925e-02
1.21500000e+04,7.32427344e-02,2.40408765e-02,3.85628684e-02,1.06389895e-02
1.21600000e+04,7.31505843e-02,2.40200599e-02,3.85076781e-02,1.06228463e-02
1.21700000e+04,7.30587281e-02,2.39993077e-02,3.84526419e-02,1.06067784e-02
1.21800000e+04,7.29671347e-02,2.39786127e-02,3.83977499e-02,1.05907721e-02
1.21900000e+04,7.28758144e-02,2.39579688e-02,3.83430171e-02,1.05748285e-02
1.22000000e+04,7.27847767e-02,2.39373824e-02,3.82884394e-02,1.05589548e-02
1.22100000e+04,7.26940168e-02,2.39168460e-02,3.82340202e-02,1.05431506e-02
1.22200000e+04,7.26035280e-02,2.38963714e-02,3.81797556e-02,1.05274010e-02
1.22300000e+04,7.25132915e-02,2.38759467e-02,3.81256328e-02,1.05117121e-02
1.22400000e+04,7.24233415e-02,2.38555747e-02,3.80716681e-02,1.04960987e-02
1.22500000e+04,7.23336518e-02,2.38352526e-02,3.80178591e-02,1.04805400e-02
1.22600000e+04,7.22442432e-02,2.38150039e-02,3.79642003e-02,1.04650389e-02
1.22700000e+04,7.21550906e-02,2.37947955e-02,3.79106843e-02,1.04496109e-02
1.22800000e+04,7.20662107e-02,2.37746373e-02,3.78573312e-02,1.04342421e-02
1.22900000e+04,7.19775998e-02,2.37545389e-02,3.78041259e-02,1.04189350e-02
1.23000000e+04,7.18892354e-02,2.37344918e-02,3.77510552e-02,1.04036884e-02
1.23100000e+04,7.18011470e-02,2.37144981e-02,3.76981453e-02,1.03885036e-02
1.23200000e+04,7.17133316e-02,2.36945624e-02,3.76453899e-02,1.03733793e-02
1.23300000e+04,7.16257589e-02,2.36746723e-02,3.75927764e-02,1.03583101e-02
1.23400000e+04,7.15384446e-02,2.36548286e-02,3.75403024e-02,1.03433136e-02
1.23500000e+04,7.14514076e-02,2.36350453e-02,3.74879888e-02,1.03283735e-02
1.23600000e+04,7.13646133e-02,2.36153093e-02,3.74358149e-02,1.03134891e-02
1.23700000e+04,7.12780798e-02,2.35956277e-02,3.73837925e-02,1.02986596e-02
1.23800000e+04,7.11918183e-02,2.35759951e-02,3.73319238e-02,1.02838994e-02
1.23900000e+04,7.11057968e-02,2.35564182e-02,3.72801858e-02,1.02691928e-02
1.24000000e+04,7.10200377e-02,2.35368937e-02,3.72285945e-02,1.02545494e-02
1.24100000e+04,7.09345291e-02,2.35174247e-02,3.71771448e-02,1.02399596e-02
1.24200000e+04,7.08492645e-02,2.34979861e-02,3.71258523e-02,1.02254260e-02
1.24300000e+04,7.07642764e-02,2.34786148e-02,3.70746973e-02,1.02109644e-02
1.24400000e+04,7.06795235e-02,2.34592883e-02,3.70236892e-02,1.01965460e-02
1.24500000e+04,7.05950113e-02,2.34400052e-02,3.69728183e-02,1.01821878e-02
1.24600000e+04,7.05107610e-02,2.34207795e-02,3.69220931e-02,1.01678884e-02
1.24700000e+04,7.04267696e-02,2.34016080e-02,3.68715194e-02,1.01536422e-02
1.24800000e+04,7.03430060e-02,2.33824718e-02,3.68210704e-02,1.01394638e-02
1.24900000e+04,7.02594984e-02,2.33633932e-02,3.67707783e-02,1.01253269e-02
1.25000000e+04,7.01762269e-02,2.33443639e-02,3.67206088e-02,1.01112542e-02
1.25100000e+04,7.00932132e-02,2.33253785e-02,3.66705951e-02,1.00972396e-02
1.25200000e+04,7.00104328e-02,2.33064470e-02,3.66207174e-02,1.00832684e-02
1.25300000e+04,6.99279043e-02,2.32875591e-02,3.65709880e-02,1.00693572e-02
1.25400000e+04,6.98456099e-02,2.32687173e-02,3.65213873e-02,1.00555053e-02
1.25500000e+04,6.97635682e-02,2.32499268e-02,3.64719376e-02,1.00417039e-02
1.25600000e+04,6.96817622e-02,2.32311818e-02,3.64226213e-02,1.00279591e-02
1.25700000e+04,6.96001952e-02,2.32124806e-02,3.63734404e-02,1.00142742e-02
1.25800000e+04,6.95188743e-02,2.31938289e-02,3.63244040e-02,1.00006413e-02
1.25900000e+04,6.94377778e-02,2.31752294e-02,3.62755034e-02,9.98704496e-03
1.26000000e+04,6.93569216e-02,2.31566772e-02,3.62267268e-02,9.97351758e-03
1.26100000e+04,6.92763172e-02,2.31381718e-02,3.61781036e-02,9.96004185e-03
1.26200000e+04,6.91959282e-02,2.31197064e-02,3.61296046e-02,9.94661727e-03
1.26300000e+04,6.91157762e-02,2.31012903e-02,3.60812426e-02,9.93324330e-03
1.26400000e+04,6.90358721e-02,2.30829228e-02,3.60330201e-02,9.91992922e-03
1.26500000e+04,6.89562033e-02,2.30646087e-02,3.59849338e-02,9.90666081e-03
1.26600000e+04,6.88767451e-02,2.30463247e-02,3.59369807e-02,9.89343968e-03
1.26700000e+04,6.87975348e-02,2.30280950e-02,3.58891658e-02,9.88027394e-03
1.26800000e+04,6.87185393e-02,2.30099115e-02,3.58414732e-02,9.86715455e-03
1.26900000e+04,6.86397905e-02,2.29917645e-02,3.57939291e-02,9.85409687e-03
1.27000000e+04,6.85612640e-02,2.29736694e-02,3.57465127e-02,9.84108200e-03
1.27100000e+04,6.84829546e-02,2.29556140e-02,3.56992161e-02,9.82812442e-03
1.27200000e+04,6.84048904e-02,2.29376128e-02,3.56520633e-02,9.81521431e-03
1.27300000e+04,6.83270480e-02,2.29196465e-02,3.56050497e-02,9.80235185e-03
1.27400000e+04,6.82494354e-02,2.29017309e-02,3.55581673e-02,9.78953717e-03
1.27500000e+04,6.81720437e-02,2.28838566e-02,3.55114117e-02,9.77677543e-03
1.27600000e+04,6.80948686e-02,2.28660286e-02,3.54647750e-02,9.76406496e-03
1.27700000e+04,6.80179323e-02,2.28482500e-02,3.54182807e-02,9.75140156e-03
1.27800000e+04,6.79412027e-02,2.28305084e-02,3.53719120e-02,9.73878232e-03
1.27900000e+04,6.78647035e-02,2.28128077e-02,3.53256785e-02,9.72621727e-03
1.28000000e+04,6.77884158e-02,2.27951466e-02,3.52795736e-02,9.71369564e-03
1.28100000e+04,6.77123506e-02,2.27775445e-02,3.52335784e-02,9.70122778e-03
1.28200000e+04,6.76365193e-02,2.27599752e-02,3.51877369e-02,9.68880728e-03
1.28300000e+04,6.75608998e-02,2.27424574e-02,3.51420130e-02,9.67642944e-03
1.28400000e+04,6.74854934e-02,2.27249703e-02,3.50964177e-02,9.66410534e-03
1.28500000e+04,6.74103022e-02,2.27075288e-02,3.50509495e-02,9.65182390e-03
1.28600000e+04,6.73353418e-02,2.26901258e-02,3.50056180e-02,9.63959810e-03
1.28700000e+04,6.72605866e-02,2.26727790e-02,3.49604015e-02,9.62740608e-03
1.28800000e+04,6.71860538e-02,2.26554693e-02,3.49153128e-02,9.61527164e-03
1.28900000e+04,6.71117175e-02,2.26382041e-02,3.48703438e-02,9.60316957e-03
1.29000000e+04,6.70376111e-02,2.26209713e-02,3.48255111e-02,9.59112871e-03
1.29100000e+04,6.69637045e-02,2.26037898e-02,3.47807946e-02,9.57912006e-03
1.29200000e+04,6.68900252e-02,2.25866429e-02,3.47362149e-02,9.56716741e-03
1.29300000e+04,6.68165507e-02,2.25695420e-02,3.46917508e-02,9.55525785e-03
1.29400000e+04,6.67432847e-02,2.25524759e-02,3.46474183e-02,9.54339053e-03
1.29500000e+04,6.66702310e-02,2.25354570e-02,3.46032041e-02,9.53156984e-03
1.29600000e+04,6.65973972e-02,2.25184796e-02,3.45591261e-02,9.51979150e-03
1.29700000e+04,6.65247555e-02,2.25015431e-02,3.45151521e-02,9.50806031e-03
1.29800000e+04,6.64523226e-02,2.24846443e-02,3.44712988e-02,9.49637940e-03
1.29900000e+04,6.63801059e-02,2.24677914e-02,3.44275837e-02,9.48473081e-03
1.30000000e+04,6.63080832e-02,2.24509725e-02,3.43839813e-02,9.47312935e-03
1.30100000e+04,6.62362786e-02,2.24341935e-02,3.43405052e-02,9.46157989e-03
1.30200000e+04,6.61646681e-02,2.24174585e-02,3.42971459e-02,9.45006368e-03
1.30300000e+04,6.60932719e-02,2.24007625e-02,3.42539116e-02,9.43859776e-03
1.30400000e+04,6.60220636e-02,2.23841117e-02,3.42107861e-02,9.42716585e-03
1.30500000e+04,6.59510722e-02,2.23674922e-02,3.41677940e-02,9.41578606e-03
1.30600000e+04,6.58802891e-02,2.23509212e-02,3.41249237e-02,9.40444410e-03
1.30700000e+04,6.58096849e-02,2.23343787e-02,3.40821541e-02,9.39315211e-03
1.30800000e+04,6.57393050e-02,2.23178899e-02,3.40395213e-02,9.38189377e-03
1.30900000e+04,6.56691121e-02,2.23014321e-02,3.39969928e-02,9.37068723e-03
1.31000000e+04,6.55991152e-02,2.22850164e-02,3.39545924e-02,9.35950637e-03
1.31100000e+04,6.55293356e-02,2.22686443e-02,3.39123123e-02,9.34837889e-03
1.31200000e+04,6.54597331e-02,2.22523004e-02,3.38701476e-02,9.33728507e-03
1.31300000e+04,6.53903448e-02,2.22359964e-02,3.38280987e-02,9.32624979e-03
1.31400000e+04,6.53211322e-02,2.22197339e-02,3.37861619e-02,9.31523631e-03
1.31500000e+04,6.52521392e-02,2.22035089e-02,3.37443553e-02,9.30427503e-03
1.31600000e+04,6.51833297e-02,2.21873304e-02,3.37026539e-02,9.29334542e-03
1.31700000e+04,6.51147032e-02,2.21711742e-02,3.36610762e-02,9.28245274e-03
1.31800000e+04,6.50462920e-02,2.21550707e-02,3.36196048e-02,9.27161647e-03
1.31900000e+04,6.49780674e-02,2.21390034e-02,3.35782508e-02,9.26081323e-03
1.32000000e+04,6.49100304e-02,2.21229629e-02,3.35370175e-02,9.25005001e-03
1.32100000e+04,6.48421978e-02,2.21069745e-02,3.34958991e-02,9.23932421e-03
1.32200000e+04,6.47745543e-02,2.20910128e-02,3.34548991e-02,9.22864246e-03
1.32300000e+04,6.47070969e-02,2.20750983e-02,3.34139980e-02,9.21800056e-03
1.32400000e+04,6.46398277e-02,2.20592132e-02,3.33732257e-02,9.20738881e-03
1.32500000e+04,6.45727423e-02,2.20433712e-02,3.33325468e-02,9.19682428e-03
1.32600000e+04,6.45058531e-02,2.20275674e-02,3.32919952e-02,9.18629050e-03
1.32700000e+04,6.44391515e-02,2.20118010e-02,3.32515476e-02,9.17580291e-03
1.32800000e+04,6.43726418e-02,2.19960664e-02,3.32112238e-02,9.16535149e-03
1.32900000e+04,6.43063123e-02,2.19803681e-02,3.31710061e-02,9.15493803e-03
1.33000000e+04,6.42401681e-02,2.19647170e-02,3.31308976e-02,9.14455351e-03
1.33100000e+04,6.41742271e-02,2.19490986e-02,3.30909042e-02,9.13422436e-03
1.33200000e+04,6.41084473e-02,2.19335124e-02,3.30510165e-02,9.12391837e-03
1.33300000e+04,6.40428716e-02,2.19179651e-02,3.30112434e-02,9.11366306e-03
1.33400000e+04,6.39774758e-02,2.19024566e-02,3.29715821e-02,9.10343701e-03
1.33500000e+04,6.39122597e-02,2.18869840e-02,3.29320265e-02,9.09324915e-03
1.33600000e+04,6.38472191e-02,2.18715466e-02,3.28925749e-02,9.08309760e-03
1.33700000e+04,6.37823709e-02,2.18561402e-02,3.28532435e-02,9.07298709e-03
1.33800000e+04,6.37177045e-02,2.18407806e-02,3.28140205e-02,9.06290340e-03
1.33900000e+04,6.36532147e-02,2.18254469e-02,3.27748985e-02,9.05286927e-03
1.34000000e+04,6.35889068e-02,2.18101517e-02,3.27358940e-02,9.04286109e-03
1.34100000e+04,6.35247829e-02,2.17948978e-02,3.26969887e-02,9.03289644e-03
1.34200000e+04,6.34608281e-02,2.17796733e-02,3.26581951e-02,9.02295973e-03
1.34300000e+04,6.33970540e-02,2.17644850e-02,3.26195027e-02,9.01306634e-03
1.34400000e+04,6.33334561e-02,2.17493353e-02,3.25809223e-02,9.00319858e-03
1.34500000e+04,6.32700496e-02,2.17342224e-02,3.25424487e-02,8.99337840e-03
1.34600000e+04,6.32068176e-02,2.17191410e-02,3.25040870e-02,8.98358959e-03
1.34700000e+04,6.31437535e-02,2.17040959e-02,3.24658263e-02,8.97383135e-03
1.34800000e+04,6.30808663e-02,2.16890931e-02,3.24276664e-02,8.96410671e-03
1.34900000e+04,6.30181654e-02,2.16741128e-02,3.23896264e-02,8.95442624e-03
1.35000000e+04,6.29556177e-02,2.16591670e-02,3.23516796e-02,8.94477111e-03
1.35100000e+04,6.28932556e-02,2.16442610e-02,3.23138392e-02,8.93515550e-03
1.35200000e+04,6.28310839e-02,2.16293924e-02,3.22761118e-02,8.92557957e-03
1.35300000e+04,6.27690666e-02,2.16145541e-02,3.22384845e-02,8.91602800e-03
1.35400000e+04,6.27072262e-02,2.15997539e-02,3.22009572e-02,8.90651509e-03
1.35500000e+04,6.26455506e-02,2.15849855e-02,3.21635255e-02,8.89703972e-03
1.35600000e+04,6.25840547e-02,2.15702559e-02,3.21262089e-02,8.88758999e-03
1.35700000e+04,6.25227326e-02,2.15555593e-02,3.20889932e-02,8.87818013e-03
1.35800000e+04,6.24615681e-02,2.15408908e-02,3.20518787e-02,8.86879858e-03
1.35900000e+04,6.24005802e-02,2.15262628e-02,3.20148647e-02,8.85945265e-03
1.36000000e+04,6.23397649e-02,2.15116671e-02,3.19779545e-02,8.85014327e-03
1.36100000e+04,6.22791199e-02,2.14971009e-02,3.19411520e-02,8.84086699e-03
1.36200000e+04,6.22186296e-02,2.14825748e-02,3.19044342e-02,8.83162058e-03
1.36300000e+04,6.21583257e-02,2.14680809e-02,3.18678351e-02,8.82240963e-03
1.36400000e+04,6.20981707e-02,2.14536167e-02,3.18313292e-02,8.81322483e-03
1.36500000e+04,6.20381929e-02,2.14391941e-02,3.17949259e-02,8.80407287e-03
1.36600000e+04,6.19783787e-02,2.14248007e-02,3.17586200e-02,8.79495804e-03
1.36700000e+04,6.19187238e-02,2.14104372e-02,3.17224141e-02,8.78587257e-03
1.36800000e+04,6.18592353e-02,2.13961122e-02,3.16863103e-02,8.77681278e-03
1.36900000e+04,6.17999248e-02,2.13818193e-02,3.16503108e-02,8.76779470e-03
1.37000000e+04,6.17407670e-02,2.13675567e-02,3.16144045e-02,8.75880586e-03
1.37100000e+04,6.16817757e-02,2.13533300e-02,3.15785992e-02,8.74984652e-03
1.37200000e+04,6.16229435e-02,2.13391362e-02,3.15428883e-02,8.74091901e-03
1.37300000e+04,6.15642724e-02,2.13249652e-02,3.15072805e-02,8.73202669e-03
1.37400000e+04,6.15057618e-02,2.13108386e-02,3.14717669e-02,8.72315629e-03
1.37500000e+04,6.14474257e-02,2.12967425e-02,3.14363544e-02,8.71432873e-03
1.37600000e+04,6.13892397e-02,2.12826811e-02,3.14010280e-02,8.70553051e-03
1.37700000e+04,6.13312056e-02,2.12686440e-02,3.13658093e-02,8.69675234e-03
1.37800000e+04,6.12733442e-02,2.12546472e-02,3.13306823e-02,8.68801468e-03
1.37900000e+04,6.12156320e-02,2.12406799e-02,3.12956538e-02,8.67929830e-03
1.38000000e+04,6.11580965e-02,2.12267440e-02,3.12607315e-02,8.67062093e-03
1.38100000e+04,6.11007016e-02,2.12128401e-02,3.12258924e-02,8.66196908e-03
1.38200000e+04,6.10434732e-02,2.11989800e-02,3.11911477e-02,8.65334552e-03
1.38300000e+04,6.09864060e-02,2.11851388e-02,3.11565170e-02,8.64475030e-03
1.38400000e+04,6.09294805e-02,2.11713274e-02,3.11219641e-02,8.63618894e-03
1.38500000e+04,6.08727220e-02,2.11575550e-02,3.10875114e-02,8.62765572e-03
1.38600000e+04,6.08161168e-02,2.11438122e-02,3.10531538e-02,8.61915079e-03
1.38700000e+04,6.07596684e-02,2.11300961e-02,3.10188859e-02,8.61068644e-03
1.38800000e+04,6.07033706e-02,2.11164244e-02,3.09847044e-02,8.60224179e-03
1.38900000e+04,6.06472361e-02,2.11027744e-02,3.09506339e-02,8.59382779e-03
1.39000000e+04,6.05912464e-02,2.10891629e-02,3.09166462e-02,8.58543721e-03
1.39100000e+04,6.05354127e-02,2.10755708e-02,3.08827599e-02,8.57708196e-03
1.39200000e+04,6.04797272e-02,2.10620238e-02,3.08489543e-02,8.56874906e-03
1.39300000e+04,6.04242126e-02,2.10485030e-02,3.08152561e-02,8.56045358e-03
1.39400000e+04,6.03688253e-02,2.10350084e-02,3.07816341e-02,8.55218282e-03
1.39500000e+04,6.03135921e-02,2.10215433e-02,3.07481117e-02,8.54393719e-03
1.39600000e+04,6.02585178e-02,2.10081189e-02,3.07146795e-02,8.53571937e-03
1.39700000e+04,6.02036040e-02,2.09947237e-02,3.06813455e-02,8.52753483e-03
1.39800000e+04,6.01488243e-02,2.09813563e-02,3.06480966e-02,8.51937147e-03
1.39900000e+04,6.00942062e-02,2.09680215e-02,3.06149451e-02,8.51123965e-03
1.40000000e+04,6.00397228e-02,2.09547201e-02,3.05818757e-02,8.50312705e-03
1.40100000e+04,5.99854032e-02,2.09414406e-02,3.05489060e-02,8.49505663e-03
1.40200000e+04,5.99312287e-02,2.09281940e-02,3.05160255e-02,8.48700918e-03
1.40300000e+04,5.98771966e-02,2.09149809e-02,3.04832255e-02,8.47899023e-03
1.40400000e+04,5.98233117e-02,2.09017966e-02,3.04505230e-02,8.47099203e-03
1.40500000e+04,5.97695800e-02,2.08886469e-02,3.04179030e-02,8.46303005e-03
1.40600000e+04,5.97159803e-02,2.08755247e-02,3.03853783e-02,8.45507731e-03
1.40700000e+04,5.96625426e-02,2.08624224e-02,3.03529453e-02,8.44717495e-03
1.40800000e+04,5.96092497e-02,2.08493704e-02,3.03205932e-02,8.43928606e-03
1.40900000e+04,5.95560865e-02,2.08363339e-02,3.02883288e-02,8.43142380e-03
1.41000000e+04,5.95030753e-02,2.08233354e-02,3.02561548e-02,8.42358508e-03
1.41100000e+04,5.94502202e-02,2.08103703e-02,3.02240625e-02,8.41578740e-03
1.41200000e+04,5.93974972e-02,2.07974255e-02,3.01920696e-02,8.40800217e-03
1.41300000e+04,5.93449104e-02,2.07845109e-02,3.01601565e-02,8.40024304e-03
1.41400000e+04,5.92924780e-02,2.07716284e-02,3.01283310e-02,8.39251856e-03
1.41500000e+04,5.92401825e-02,2.07587720e-02,3.00966018e-02,8.38480869e-03
1.41600000e+04,5.91880300e-02,2.07459491e-02,3.00649471e-02,8.37713376e-03
1.41700000e+04,5.91360283e-02,2.07331598e-02,3.00333882e-02,8.36948032e-03
1.41800000e+04,5.90841514e-02,2.07203895e-02,3.00019122e-02,8.36184968e-03
1.41900000e+04,5.90324315e-02,2.07076602e-02,2.99705209e-02,8.35425036e-03
1.42000000e+04,5.89808376e-02,2.06949525e-02,2.99392087e-02,8.34667648e-03
1.42100000e+04,5.89293949e-02,2.06822772e-02,2.99079882e-02,8.33912943e-03
1.42200000e+04,5.88780822e-02,2.06696314e-02,2.98768517e-02,8.33159916e-03
1.42300000e+04,5.88269110e-02,2.06570121e-02,2.98457988e-02,8.32410015e-03
1.42400000e+04,5.87758826e-02,2.06444259e-02,2.98148323e-02,8.31662434e-03
1.42500000e+04,5.87249923e-02,2.06318632e-02,2.97839534e-02,8.30917575e-03
1.42600000e+04,5.86742408e-02,2.06193386e-02,2.97531549e-02,8.30174733e-03
1.42700000e+04,5.86236164e-02,2.06068346e-02,2.97224370e-02,8.29434483e-03
1.42800000e+04,5.85731225e-02,2.05943604e-02,2.96917973e-02,8.28696477e-03
1.42900000e+04,5.85227897e-02,2.05819231e-02,2.96612545e-02,8.27961209e-03
1.43000000e+04,5.84725817e-02,2.05695040e-02,2.96307902e-02,8.27228751e-03
1.43100000e+04,5.84224936e-02,2.05571131e-02,2.96004031e-02,8.26497742e-03
1.43200000e+04,5.83725611e-02,2.05447543e-02,2.95701055e-02,8.25770134e-03
1.43300000e+04,5.83227599e-02,2.05324258e-02,2.95398882e-02,8.25044586e-03
1.43400000e+04,5.82730904e-02,2.05201234e-02,2.95097525e-02,8.24321454e-03
1.43500000e+04,5.82235549e-02,2.05078513e-02,2.94797000e-02,8.23600357e-03
1.43600000e+04,5.81741516e-02,2.04956102e-02,2.94497205e-02,8.22882095e-03
1.43700000e+04,5.81248794e-02,2.04833919e-02,2.94198318e-02,8.22165568e-03
1.43800000e+04,5.80757515e-02,2.04712062e-02,2.93900234e-02,8.21452185e-03
1.43900000e+04,5.80267404e-02,2.04590382e-02,2.93602992e-02,8.20740296e-03
1.44000000e+04,5.79778719e-02,2.04469059e-02,2.93306525e-02,8.20031344e-03
1.44100000e+04,5.79291362e-02,2.04348003e-02,2.93010883e-02,8.19324765e-03
1.44200000e+04,5.78805300e-02,2.04227273e-02,2.92715990e-02,8.18620370e-03
1.44300000e+04,5.78320401e-02,2.04106755e-02,2.92421870e-02,8.17917758e-03
1.44400000e+04,5.77836896e-02,2.03986522e-02,2.92128592e-02,8.17217814e-03
1.44500000e+04,5.77354795e-02,2.03866642e-02,2.91836061e-02,8.16520914e-03
1.44600000e+04,5.76873896e-02,2.03746975e-02,2.91544433e-02,8.15824873e-03
1.44700000e+04,5.76394326e-02,2.03627604e-02,2.91253554e-02,8.15131678e-03
1.44800000e+04,5.75915996e-02,2.03508463e-02,2.90963418e-02,8.14441154e-03
1.44900000e+04,5.75439005e-02,2.03389639e-02,2.90674131e-02,8.13752353e-03
1.45000000e+04,5.74963241e-02,2.03271034e-02,2.90385652e-02,8.13065554e-03
1.45100000e+04,5.74488676e-02,2.03152773e-02,2.90097759e-02,8.12381445e-03
1.45200000e+04,5.74015551e-02,2.03034786e-02,2.89810787e-02,8.11699776e-03
1.45300000e+04,5.73543524e-02,2.02917074e-02,2.89524546e-02,8.11019040e-03
1.45400000e+04,5.73072948e-02,2.02799553e-02,2.89239151e-02,8.10342436e-03
1.45500000e+04,5.72603551e-02,2.02682385e-02,2.88954510e-02,8.09666559e-03
1.45600000e+04,5.72135476e-02,2.02565476e-02,2.88670601e-02,8.08993988e-03
1.45700000e+04,5.71668489e-02,2.02448792e-02,2.88387401e-02,8.08322961e-03
1.45800000e+04,5.71202900e-02,2.02332413e-02,2.88105121e-02,8.07653662e-03
1.45900000e+04,5.70738561e-02,2.02216289e-02,2.87823513e-02,8.06987588e-03
1.46000000e+04,5.70275346e-02,2.02100390e-02,2.87542684e-02,8.06322711e-03
1.46100000e+04,5.69813447e-02,2.01984783e-02,2.87262660e-02,8.05660038e-03
1.46200000e+04,5.69352713e-02,2.01869487e-02,2.86983277e-02,8.04999488e-03
1.46300000e+04,5.68893272e-02,2.01754417e-02,2.86704717e-02,8.04341381e-03
1.46400000e+04,5.68435158e-02,2.01639653e-02,2.86426945e-02,8.03685597e-03
1.46500000e+04,5.67978116e-02,2.01525118e-02,2.86149803e-02,8.03031960e-03
1.46600000e+04,5.67522362e-02,2.01410803e-02,2.85873625e-02,8.02379336e-03
1.46700000e+04,5.67067776e-02,2.01296824e-02,2.85597970e-02,8.01729818e-03
1.46800000e+04,5.66614315e-02,2.01183074e-02,2.85323106e-02,8.01081349e-03
1.46900000e+04,5.66162313e-02,2.01069608e-02,2.85049076e-02,8.00436292e-03
1.47000000e+04,5.65711256e-02,2.00956371e-02,2.84775705e-02,7.99791809e-03
1.47100000e+04,5.65261559e-02,2.00843436e-02,2.84503089e-02,7.99150337e-03
1.47200000e+04,5.64813074e-02,2.00730693e-02,2.84231298e-02,7.98510830e-03
1.47300000e+04,5.64365833e-02,2.00618329e-02,2.83960160e-02,7.97873447e-03
1.47400000e+04,5.63919642e-02,2.00506177e-02,2.83689726e-02,7.97237389e-03
1.47500000e+04,5.63474705e-02,2.00394289e-02,2.83420033e-02,7.96603828e-03
1.47600000e+04,5.63030925e-02,2.00282563e-02,2.83151073e-02,7.95972892e-03
1.47700000e+04,5.62588231e-02,2.00171191e-02,2.82882762e-02,7.95342779e-03
1.47800000e+04,5.62146899e-02,2.00060050e-02,2.82615319e-02,7.94715303e-03
1.47900000e+04,5.61706772e-02,1.99949141e-02,2.82348607e-02,7.94090233e-03
1.48000000e+04,5.61267671e-02,1.99838487e-02,2.82082544e-02,7.93466404e-03
1.48100000e+04,5.60829798e-02,1.99728096e-02,2.81817154e-02,7.92845476e-03
1.48200000e+04,5.60393096e-02,1.99618010e-02,2.81552515e-02,7.92225702e-03
1.48300000e+04,5.59957567e-02,1.99508182e-02,2.81288599e-02,7.91607861e-03
1.48400000e+04,5.59523195e-02,1.99398525e-02,2.81025426e-02,7.90992439e-03
1.48500000e+04,5.59089827e-02,1.99289134e-02,2.80762826e-02,7.90378667e-03
1.48600000e+04,5.58657873e-02,1.99180035e-02,2.80501147e-02,7.89766910e-03
1.48700000e+04,5.58226843e-02,1.99071181e-02,2.80239986e-02,7.89156753e-03
1.48800000e+04,5.57796969e-02,1.98962604e-02,2.79979522e-02,7.88548426e-03
1.48900000e+04,5.57368340e-02,1.98854221e-02,2.79719880e-02,7.87942392e-03
1.49000000e+04,5.56940829e-02,1.98746087e-02,2.79460954e-02,7.87337874e-03
1.49100000e+04,5.56514447e-02,1.98638262e-02,2.79202637e-02,7.86735482e-03
1.49200000e+04,5.56089152e-02,1.98530615e-02,2.78945007e-02,7.86135298e-03
1.49300000e+04,5.55665020e-02,1.98423315e-02,2.78688020e-02,7.85536859e-03
1.49400000e+04,5.55241945e-02,1.98316169e-02,2.78431794e-02,7.84939822e-03
1.49500000e+04,5.54820112e-02,1.98209366e-02,2.78176256e-02,7.84344893e-03
1.49600000e+04,5.54399329e-02,1.98102792e-02,2.77921287e-02,7.83752496e-03
1.49700000e+04,5.53979660e-02,1.97996385e-02,2.77667148e-02,7.83161267e-03
1.49800000e+04,5.53561132e-02,1.97890294e-02,2.77413700e-02,7.82571378e-03
1.49900000e+04,5.53143722e-02,1.97784414e-02,2.77160867e-02,7.81984412e-03
1.50000000e+04,5.52727323e-02,1.97678777e-02,2.76908739e-02,7.81398074e-03
1.50100000e+04,5.52312172e-02,1.97573353e-02,2.76657389e-02,7.80814297e-03
1.50200000e+04,5.51897916e-02,1.97468167e-02,2.76406537e-02,7.80232109e-03
1.50300000e+04,5.51484960e-02,1.97363347e-02,2.76156390e-02,7.79652231e-03
1.50400000e+04,5.51072997e-02,1.97258623e-02,2.75907000e-02,7.79073744e-03
1.50500000e+04,5.50662104e-02,1.97154205e-02,2.75658214e-02,7.78496849e-03
1.50600000e+04,5.50252390e-02,1.97050055e-02,2.75410146e-02,7.77921899e-03
1.50700000e+04,5.49843653e-02,1.96946108e-02,2.75162663e-02,7.77348819e-03
1.50800000e+04,5.49436053e-02,1.96842385e-02,2.74915915e-02,7.76777529e-03
1.50900000e+04,5.49029505e-02,1.96738883e-02,2.74669782e-02,7.76208397e-03
1.51000000e+04,5.48624060e-02,1.96635674e-02,2.74424389e-02,7.75639965e-03
1.51100000e+04,5.48219731e-02,1.96532712e-02,2.74179589e-02,7.75074296e-03
1.51200000e+04,5.47816289e-02,1.96429968e-02,2.73935331e-02,7.74509901e-03
1.51300000e+04,5.47414027e-02,1.96327442e-02,2.73691828e-02,7.73947571e-03
1.51400000e+04,5.47012856e-02,1.96225187e-02,2.73449029e-02,7.73386401e-03
1.51500000e+04,5.46612715e-02,1.96123186e-02,2.73206814e-02,7.72827152e-03
1.51600000e+04,5.46213417e-02,1.96021324e-02,2.72965136e-02,7.72269581e-03
1.51700000e+04,5.45815548e-02,1.95919816e-02,2.72724305e-02,7.71714262e-03
1.51800000e+04,5.45418673e-02,1.95818563e-02,2.72484086e-02,7.71160251e-03
1.51900000e+04,5.45022652e-02,1.95717396e-02,2.72244477e-02,7.70607784e-03
1.52000000e+04,5.44627704e-02,1.95616503e-02,2.72005514e-02,7.70056878e-03
1.52100000e+04,5.44233841e-02,1.95515873e-02,2.71767160e-02,7.69508075e-03
1.52200000e+04,5.43841115e-02,1.95415512e-02,2.71529502e-02,7.68961012e-03
1.52300000e+04,5.43449189e-02,1.95315341e-02,2.71292391e-02,7.68414580e-03
1.52400000e+04,5.43058468e-02,1.95215369e-02,2.71056003e-02,7.67870964e-03
1.52500000e+04,5.42668651e-02,1.95115549e-02,2.70820215e-02,7.67328866e-03
1.52600000e+04,5.42280046e-02,1.95016196e-02,2.70585078e-02,7.66787725e-03
1.52700000e+04,5.41892357e-02,1.94916961e-02,2.70350491e-02,7.66249051e-03
1.52800000e+04,5.41505621e-02,1.94817907e-02,2.70116574e-02,7.65711403e-03
1.52900000e+04,5.41119951e-02,1.94719127e-02,2.69883265e-02,7.65175596e-03
1.53000000e+04,5.40735409e-02,1.94620608e-02,2.69650615e-02,7.64641857e-03
1.53100000e+04,5.40351801e-02,1.94522333e-02,2.69418499e-02,7.64109690e-03
1.53200000e+04,5.39969104e-02,1.94424198e-02,2.69187063e-02,7.63578425e-03
1.53300000e+04,5.39587456e-02,1.94326265e-02,2.68956240e-02,7.63049506e-03
1.53400000e+04,5.39206945e-02,1.94228641e-02,2.68726105e-02,7.62521991e-03
1.53500000e+04,5.38827251e-02,1.94131143e-02,2.68496521e-02,7.61995864e-03
1.53600000e+04,5.38448703e-02,1.94034035e-02,2.68267560e-02,7.61471080e-03
1.53700000e+04,5.38071029e-02,1.93937067e-02,2.68039097e-02,7.60948649e-03
1.53800000e+04,5.37694359e-02,1.93840355e-02,2.67811335e-02,7.60426690e-03
1.53900000e+04,5.37318716e-02,1.93743767e-02,2.67584218e-02,7.59907300e-03
1.54000000e+04,5.36944041e-02,1.93647448e-02,2.67357651e-02,7.59389428e-03
1.54100000e+04,5.36570408e-02,1.93551437e-02,2.67131719e-02,7.58872518e-03
1.54200000e+04,5.36197574e-02,1.93455579e-02,2.66906318e-02,7.58356767e-03
1.54300000e+04,5.35825944e-02,1.93359969e-02,2.66681591e-02,7.57843836e-03
1.54400000e+04,5.35455238e-02,1.93264574e-02,2.66457487e-02,7.57331771e-03
1.54500000e+04,5.35085348e-02,1.93169310e-02,2.66233890e-02,7.56821475e-03
1.54600000e+04,5.34716588e-02,1.93074317e-02,2.66010980e-02,7.56312914e-03
1.54700000e+04,5.34348670e-02,1.92979600e-02,2.65788566e-02,7.55805047e-03
1.54800000e+04,5.33981817e-02,1.92885043e-02,2.65566871e-02,7.55299036e-03
1.54900000e+04,5.33615945e-02,1.92790730e-02,2.65345660e-02,7.54795555e-03
1.55000000e+04,5.33250907e-02,1.92696687e-02,2.65125043e-02,7.54291770e-03
1.55100000e+04,5.32886823e-02,1.92602785e-02,2.64904989e-02,7.53790484e-03
1.55200000e+04,5.32523800e-02,1.92509120e-02,2.64685591e-02,7.53290892e-03
1.55300000e+04,5.32161625e-02,1.92415700e-02,2.64466696e-02,7.52792292e-03
1.55400000e+04,5.31800419e-02,1.92322431e-02,2.64248382e-02,7.52296061e-03
1.55500000e+04,5.31440297e-02,1.92229501e-02,2.64030779e-02,7.51800180e-03
1.55600000e+04,5.31080926e-02,1.92136649e-02,2.63813647e-02,7.51306296e-03
1.55700000e+04,5.30722652e-02,1.92044095e-02,2.63597103e-02,7.50814535e-03
1.55800000e+04,5.30365263e-02,1.91951759e-02,2.63381174e-02,7.50323304e-03
1.55900000e+04,5.30008700e-02,1.91859540e-02,2.63165732e-02,7.49834274e-03
1.56000000e+04,5.29653106e-02,1.91767596e-02,2.62950914e-02,7.49345967e-03
1.56100000e+04,5.29298514e-02,1.91675882e-02,2.62736680e-02,7.48859522e-03
1.56200000e+04,5.28944799e-02,1.91584391e-02,2.62522997e-02,7.48374111e-03
1.56300000e+04,5.28592095e-02,1.91493154e-02,2.62309893e-02,7.47890484e-03
1.56400000e+04,5.28240108e-02,1.91402040e-02,2.62097279e-02,7.47407896e-03
1.56500000e+04,5.27889230e-02,1.91311114e-02,2.61885377e-02,7.46927398e-03
1.56600000e+04,5.27539238e-02,1.91220484e-02,2.61673934e-02,7.46448201e-03
1.56700000e+04,5.27190052e-02,1.91129987e-02,2.61463024e-02,7.45970410e-03
1.56800000e+04,5.26841863e-02,1.91039781e-02,2.61252750e-02,7.45493324e-03
1.56900000e+04,5.26494521e-02,1.90949708e-02,2.61042948e-02,7.45018658e-03
1.57000000e+04,5.26148211e-02,1.90859879e-02,2.60833786e-02,7.44545453e-03
1.57100000e+04,5.25802623e-02,1.90770219e-02,2.60625163e-02,7.44072418e-03
1.57200000e+04,5.25458011e-02,1.90680772e-02,2.60417082e-02,7.43601575e-03
1.57300000e+04,5.25114290e-02,1.90591604e-02,2.60209519e-02,7.43131664e-03
1.57400000e+04,5.24771532e-02,1.90502571e-02,2.60002557e-02,7.42664043e-03
1.57500000e+04,5.24429647e-02,1.90413799e-02,2.59796158e-02,7.42196906e-03
1.57600000e+04,5.24088579e-02,1.90325196e-02,2.59590187e-02,7.41731967e-03
1.57700000e+04,5.23748382e-02,1.90236796e-02,2.59384814e-02,7.41267718e-03
1.57800000e+04,5.23409205e-02,1.90148690e-02,2.59180040e-02,7.40804748e-03
1.57900000e+04,5.23070726e-02,1.90060723e-02,2.58975691e-02,7.40343123e-03
1.58000000e+04,5.22733283e-02,1.89972898e-02,2.58772006e-02,7.39883783e-03
1.58100000e+04,5.22396630e-02,1.89885310e-02,2.58568835e-02,7.39424851e-03
1.58200000e+04,5.22060912e-02,1.89797997e-02,2.58366181e-02,7.38967338e-03
1.58300000e+04,5.21726080e-02,1.89710849e-02,2.58164075e-02,7.38511559e-03
1.58400000e+04,5.21392131e-02,1.89623953e-02,2.57962490e-02,7.38056878e-03
1.58500000e+04,5.21058879e-02,1.89537113e-02,2.57761425e-02,7.37603406e-03
1.58600000e+04,5.20726650e-02,1.89450579e-02,2.57560868e-02,7.37152036e-03
1.58700000e+04,5.20395136e-02,1.89364186e-02,2.57360819e-02,7.36701312e-03
1.58800000e+04,5.20064680e-02,1.89278111e-02,2.57161412e-02,7.36251572e-03
1.58900000e+04,5.19734884e-02,1.89192046e-02,2.56962451e-02,7.35803873e-03
1.59000000e+04,5.19406085e-02,1.89106320e-02,2.56764089e-02,7.35356762e-03
1.59100000e+04,5.19078112e-02,1.89020743e-02,2.56566210e-02,7.34911597e-03
1.59200000e+04,5.18750942e-02,1.88935383e-02,2.56368824e-02,7.34467346e-03
1.59300000e+04,5.18424636e-02,1.88850160e-02,2.56172083e-02,7.34023933e-03
1.59400000e+04,5.18099089e-02,1.88765213e-02,2.55975652e-02,7.33582238e-03
1.59500000e+04,5.17774625e-02,1.88680411e-02,2.55779954e-02,7.33142610e-03
1.59600000e+04,5.17450731e-02,1.88595808e-02,2.55584588e-02,7.32703349e-03
1.59700000e+04,5.17127859e-02,1.88511480e-02,2.55389775e-02,7.32266044e-03
1.59800000e+04,5.16805743e-02,1.88427272e-02,2.55195551e-02,7.31829194e-03
1.59900000e+04,5.16484524e-02,1.88343298e-02,2.55001808e-02,7.31394184e-03
1.60000000e+04,5.16164135e-02,1.88259516e-02,2.54808527e-02,7.30960913e-03
1.60100000e+04,5.15844471e-02,1.88175955e-02,2.54615757e-02,7.30527586e-03
1.60200000e+04,5.15525703e-02,1.88092604e-02,2.54423491e-02,7.30096073e-03
1.60300000e+04,5.15207818e-02,1.88009365e-02,2.54231811e-02,7.29666420e-03
1.60400000e+04,5.14890581e-02,1.87926358e-02,2.54040500e-02,7.29237234e-03
1.60500000e+04,5.14574310e-02,1.87843546e-02,2.53849793e-02,7.28809705e-03
1.60600000e+04,5.14258777e-02,1.87760898e-02,2.53659523e-02,7.28383554e-03
1.60700000e+04,5.13944173e-02,1.87678476e-02,2.53469877e-02,7.27958190e-03
1.60800000e+04,5.13630257e-02,1.87596220e-02,2.53280560e-02,7.27534775e-03
1.60900000e+04,5.13317245e-02,1.87514211e-02,2.53091906e-02,7.27111290e-03
1.61000000e+04,5.13005029e-02,1.87432323e-02,2.52903698e-02,7.26690078e-03
1.61100000e+04,5.12693504e-02,1.87350626e-02,2.52715915e-02,7.26269638e-03
1.61200000e+04,5.12382886e-02,1.87269145e-02,2.52528680e-02,7.25850613e-03
1.61300000e+04,5.12073096e-02,1.87187945e-02,2.52341869e-02,7.25432816e-03
1.61400000e+04,5.11764096e-02,1.87106841e-02,2.52155668e-02,7.25015877e-03
1.61500000e+04,5.11455828e-02,1.87025825e-02,2.51969931e-02,7.24600712e-03
1.61600000e+04,5.11148399e-02,1.86945140e-02,2.51784639e-02,7.24186195e-03
1.61700000e+04,5.10841807e-02,1.86864648e-02,2.51599877e-02,7.23772821e-03
1.61800000e+04,5.10535780e-02,1.86784257e-02,2.51415428e-02,7.23360947e-03
1.61900000e+04,5.10230834e-02,1.86704105e-02,2.51231625e-02,7.22951033e-03
1.62000000e+04,5.09926555e-02,1.86624130e-02,2.51048317e-02,7.22541081e-03
1.62100000e+04,5.09622984e-02,1.86544327e-02,2.50865425e-02,7.22132326e-03
1.62200000e+04,5.09320335e-02,1.86464730e-02,2.50683106e-02,7.21724987e-03
1.62300000e+04,5.09018339e-02,1.86385279e-02,2.50501136e-02,7.21319243e-03
1.62400000e+04,5.08717207e-02,1.86306092e-02,2.50319671e-02,7.20914439e-03
1.62500000e+04,5.08416842e-02,1.86227060e-02,2.50138729e-02,7.20510533e-03
1.62600000e+04,5.08117166e-02,1.86148111e-02,2.49958244e-02,7.20108112e-03
1.62700000e+04,5.07818251e-02,1.86069394e-02,2.49778234e-02,7.19706219e-03
1.62800000e+04,5.07520285e-02,1.85990904e-02,2.49598763e-02,7.19306177e-03
1.62900000e+04,5.07222962e-02,1.85912615e-02,2.49419685e-02,7.18906623e-03
1.63000000e+04,5.06926428e-02,1.85834471e-02,2.49241062e-02,7.18508952e-03
1.63100000e+04,5.06630616e-02,1.85756523e-02,2.49062931e-02,7.18111610e-03
1.63200000e+04,5.06335643e-02,1.85678786e-02,2.48885275e-02,7.17715815e-03
1.63300000e+04,5.06041279e-02,1.85601102e-02,2.48708095e-02,7.17320815e-03
1.63400000e+04,5.05747895e-02,1.85523729e-02,2.48531362e-02,7.16928041e-03
1.63500000e+04,5.05455107e-02,1.85446522e-02,2.48355102e-02,7.16534829e-03
1.63600000e+04,5.05163129e-02,1.85369472e-02,2.48179324e-02,7.16143324e-03
1.63700000e+04,5.04871823e-02,1.85292553e-02,2.48003945e-02,7.15753259e-03
1.63800000e+04,5.04581323e-02,1.85215861e-02,2.47828988e-02,7.15364740e-03
1.63900000e+04,5.04291606e-02,1.85139350e-02,2.47654582e-02,7.14976733e-03
1.64000000e+04,5.04002595e-02,1.85063086e-02,2.47480565e-02,7.14589435e-03
1.64100000e+04,5.03714391e-02,1.84986909e-02,2.47307060e-02,7.14204225e-03
1.64200000e+04,5.03426734e-02,1.84910870e-02,2.47133921e-02,7.13819438e-03
1.64300000e+04,5.03140082e-02,1.84835129e-02,2.46961382e-02,7.13435712e-03
1.64400000e+04,5.02853866e-02,1.84759453e-02,2.46789117e-02,7.13052957e-03
1.64500000e+04,5.02568600e-02,1.84683997e-02,2.46617424e-02,7.12671782e-03
1.64600000e+04,5.02284162e-02,1.84608753e-02,2.46446250e-02,7.12291590e-03
1.64700000e+04,5.02000100e-02,1.84533591e-02,2.46275338e-02,7.11911708e-03
1.64800000e+04,5.01717083e-02,1.84458729e-02,2.46104987e-02,7.11533669e-03
1.64900000e+04,5.01434692e-02,1.84383959e-02,2.45935029e-02,7.11157045e-03
1.65000000e+04,5.01152924e-02,1.84309384e-02,2.45765496e-02,7.10780439e-03
1.65100000e+04,5.00872052e-02,1.84235057e-02,2.45596463e-02,7.10405322e-03
1.65200000e+04,5.00591732e-02,1.84160744e-02,2.45427791e-02,7.10031973e-03
1.65300000e+04,5.00312162e-02,1.84086696e-02,2.45259634e-02,7.09658323e-03
1.65400000e+04,5.00033428e-02,1.84012791e-02,2.45091981e-02,7.09286551e-03
1.65500000e+04,4.99755352e-02,1.83939039e-02,2.44924708e-02,7.08916051e-03
1.65600000e+04,4.99477942e-02,1.83865529e-02,2.44757805e-02,7.08546080e-03
1.65700000e+04,4.99201345e-02,1.83792137e-02,2.44591441e-02,7.08177673e-03
1.65800000e+04,4.98925310e-02,1.83718943e-02,2.44425394e-02,7.07809734e-03
1.65900000e+04,4.98650038e-02,1.83645926e-02,2.44259781e-02,7.07443311e-03
1.66000000e+04,4.98375516e-02,1.83573094e-02,2.44094635e-02,7.07077860e-03
1.66100000e+04,4.98101691e-02,1.83500453e-02,2.43929939e-02,7.06712987e-03
1.66200000e+04,4.97828428e-02,1.83427846e-02,2.43765635e-02,7.06349470e-03
1.66300000e+04,4.97555998e-02,1.83355525e-02,2.43601820e-02,7.05986531e-03
1.66400000e+04,4.97284231e-02,1.83283311e-02,2.43438428e-02,7.05624921e-03
1.66500000e+04,4.97013203e-02,1.83211311e-02,2.43275492e-02,7.05263998e-03
1.66600000e+04,4.96742778e-02,1.83139429e-02,2.43112904e-02,7.04904456e-03
1.66700000e+04,4.96473112e-02,1.83067769e-02,2.42950740e-02,7.04546034e-03
1.66800000e+04,4.96204094e-02,1.82996267e-02,2.42788946e-02,7.04188814e-03
1.66900000e+04,4.95935915e-02,1.82924967e-02,2.42627750e-02,7.03831974e-03
1.67000000e+04,4.95668248e-02,1.82853769e-02,2.42466887e-02,7.03475914e-03
1.67100000e+04,4.95401306e-02,1.82782707e-02,2.42306402e-02,7.03121966e-03
1.67200000e+04,4.95134969e-02,1.82711816e-02,2.42146343e-02,7.02768103e-03
1.67300000e+04,4.94869481e-02,1.82641210e-02,2.41986684e-02,7.02415883e-03
1.67400000e+04,4.94604557e-02,1.82570691e-02,2.41827494e-02,7.02063713e-03
1.67500000e+04,4.94340427e-02,1.82500362e-02,2.41668716e-02,7.01713486e-03
1.67600000e+04,4.94076784e-02,1.82430178e-02,2.41510287e-02,7.01363186e-03
1.67700000e+04,4.93813948e-02,1.82360123e-02,2.41352374e-02,7.01014509e-03
1.67800000e+04,4.93551696e-02,1.82290262e-02,2.41194739e-02,7.00666945e-03
1.67900000e+04,4.93290196e-02,1.82220624e-02,2.41037486e-02,7.00320867e-03
1.68000000e+04,4.93029341e-02,1.82151064e-02,2.40880820e-02,6.99974578e-03
1.68100000e+04,4.92769146e-02,1.82081704e-02,2.40724471e-02,6.99629701e-03
1.68200000e+04,4.92509581e-02,1.82012528e-02,2.40568475e-02,6.99285774e-03
1.68300000e+04,4.92250664e-02,1.81943443e-02,2.40412936e-02,6.98942852e-03
1.68400000e+04,4.91992533e-02,1.81874601e-02,2.40257806e-02,6.98601255e-03
1.68500000e+04,4.91734845e-02,1.81805914e-02,2.40102989e-02,6.98259417e-03
1.68600000e+04,4.91477997e-02,1.81737307e-02,2.39948682e-02,6.97920086e-03
1.68700000e+04,4.91221748e-02,1.81668966e-02,2.39794738e-02,6.97580440e-03
1.68800000e+04,4.90966082e-02,1.81600670e-02,2.39641217e-02,6.97241958e-03
1.68900000e+04,4.90711234e-02,1.81532585e-02,2.39488154e-02,6.96904953e-03
1.69000000e+04,4.90456935e-02,1.81464661e-02,2.39335414e-02,6.96568609e-03
1.69100000e+04,4.90203277e-02,1.81396880e-02,2.39183046e-02,6.96233507e-03
1.69200000e+04,4.89950234e-02,1.81329262e-02,2.39031122e-02,6.95898493e-03
1.69300000e+04,4.89697903e-02,1.81261819e-02,2.38879542e-02,6.95565424e-03
1.69400000e+04,4.89446112e-02,1.81194518e-02,2.38728334e-02,6.95232600e-03
1.69500000e+04,4.89194994e-02,1.81127372e-02,2.38577574e-02,6.94900474e-03
1.69600000e+04,4.88944669e-02,1.81060444e-02,2.38427229e-02,6.94569963e-03
1.69700000e+04,4.88694810e-02,1.80993524e-02,2.38277269e-02,6.94240174e-03
1.69800000e+04,4.88445644e-02,1.80926893e-02,2.38127667e-02,6.93910848e-03
1.69900000e+04,4.88197100e-02,1.80860355e-02,2.37978453e-02,6.93582917e-03
1.70000000e+04,4.87949181e-02,1.80793995e-02,2.37829668e-02,6.93255174e-03
1.70100000e+04,4.87701833e-02,1.80727748e-02,2.37681179e-02,6.92929060e-03
1.70200000e+04,4.87455222e-02,1.80661719e-02,2.37533151e-02,6.92603521e-03
1.70300000e+04,4.87209249e-02,1.80595806e-02,2.37385531e-02,6.92279121e-03
1.70400000e+04,4.86963743e-02,1.80530037e-02,2.37238189e-02,6.91955175e-03
1.70500000e+04,4.86718966e-02,1.80464484e-02,2.37091216e-02,6.91632654e-03
1.70600000e+04,4.86474900e-02,1.80399038e-02,2.36944800e-02,6.91310618e-03
1.70700000e+04,4.86231334e-02,1.80333708e-02,2.36798644e-02,6.90989828e-03
1.70800000e+04,4.85988408e-02,1.80268628e-02,2.36652825e-02,6.90669548e-03
1.70900000e+04,4.85746061e-02,1.80203591e-02,2.36507409e-02,6.90350614e-03
1.71000000e+04,4.85504429e-02,1.80138752e-02,2.36362467e-02,6.90032099e-03
1.71100000e+04,4.85263361e-02,1.80074115e-02,2.36217786e-02,6.89714600e-03
1.71200000e+04,4.85022850e-02,1.80009553e-02,2.36073490e-02,6.89398060e-03
1.71300000e+04,4.84783071e-02,1.79945198e-02,2.35929596e-02,6.89082770e-03
1.71400000e+04,4.84543768e-02,1.79881020e-02,2.35785998e-02,6.88767502e-03
1.71500000e+04,4.84305136e-02,1.79816941e-02,2.35642803e-02,6.88453917e-03
1.71600000e+04,4.84067152e-02,1.79753046e-02,2.35500040e-02,6.88140660e-03
1.71700000e+04,4.83829699e-02,1.79689259e-02,2.35357586e-02,6.87828537e-03
1.71800000e+04,4.83592884e-02,1.79625656e-02,2.35215501e-02,6.87517279e-03
1.71900000e+04,4.83356625e-02,1.79562223e-02,2.35073845e-02,6.87205567e-03
1.72000000e+04,4.83121086e-02,1.79498925e-02,2.34932491e-02,6.86896704e-03
1.72100000e+04,4.82885977e-02,1.79435756e-02,2.34791511e-02,6.86587105e-03
1.72200000e+04,4.82651524e-02,1.79372708e-02,2.34650878e-02,6.86279390e-03
1.72300000e+04,4.82417682e-02,1.79309829e-02,2.34510667e-02,6.85971853e-03
1.72400000e+04,4.82184460e-02,1.79247077e-02,2.34370786e-02,6.85665965e-03
1.72500000e+04,4.81951814e-02,1.79184545e-02,2.34231196e-02,6.85360725e-03
1.72600000e+04,4.81719665e-02,1.79122062e-02,2.34092054e-02,6.85055482e-03
1.72700000e+04,4.81488202e-02,1.79059757e-02,2.33953213e-02,6.84752315e-03
1.72800000e+04,4.81257313e-02,1.78997587e-02,2.33814770e-02,6.84449560e-03
1.72900000e+04,4.81026907e-02,1.78935537e-02,2.33676656e-02,6.84147138e-03
1.73000000e+04,4.80797218e-02,1.78873729e-02,2.33538954e-02,6.83845358e-03
1.73100000e+04,4.80568166e-02,1.78812005e-02,2.33401638e-02,6.83545229e-03
1.73200000e+04,4.80339570e-02,1.78750461e-02,2.33264585e-02,6.83245240e-03
1.73300000e+04,4.80111457e-02,1.78689000e-02,2.33127875e-02,6.82945814e-03
1.73400000e+04,4.79884094e-02,1.78627685e-02,2.32991612e-02,6.82647960e-03
1.73500000e+04,4.79657196e-02,1.78566519e-02,2.32855638e-02,6.82350390e-03
1.73600000e+04,4.79430919e-02,1.78505483e-02,2.32720057e-02,6.82053788e-03
1.73700000e+04,4.79205250e-02,1.78444671e-02,2.32584747e-02,6.81758320e-03
1.73800000e+04,4.78980197e-02,1.78383979e-02,2.32449878e-02,6.81463402e-03
1.73900000e+04,4.78755536e-02,1.78323362e-02,2.32315231e-02,6.81169434e-03
1.74000000e+04,4.78531545e-02,1.78262937e-02,2.32181014e-02,6.80875938e-03
1.74100000e+04,4.78308037e-02,1.78202605e-02,2.32047094e-02,6.80583377e-03
1.74200000e+04,4.78085272e-02,1.78142523e-02,2.31913575e-02,6.80291742e-03
1.74300000e+04,4.77862836e-02,1.78082413e-02,2.31780359e-02,6.80000645e-03
1.74400000e+04,4.77641134e-02,1.78022642e-02,2.31647506e-02,6.79709868e-03
1.74500000e+04,4.77419917e-02,1.77962840e-02,2.31515008e-02,6.79420682e-03
1.74600000e+04,4.77199376e-02,1.77903286e-02,2.31382837e-02,6.79132530e-03
1.74700000e+04,4.76979237e-02,1.77843824e-02,2.31250996e-02,6.78844166e-03
1.74800000e+04,4.76759737e-02,1.77784479e-02,2.31119470e-02,6.78557890e-03
1.74900000e+04,4.76540685e-02,1.77725289e-02,2.30988299e-02,6.78270976e-03
1.75000000e+04,4.76322256e-02,1.77666276e-02,2.30857464e-02,6.77985153e-03
1.75100000e+04,4.76104469e-02,1.77607435e-02,2.30726998e-02,6.77700362e-03
1.75200000e+04,4.75887157e-02,1.77548662e-02,2.30596838e-02,6.77416574e-03
1.75300000e+04,4.75670401e-02,1.77490082e-02,2.30466963e-02,6.77133554e-03
1.75400000e+04,4.75454093e-02,1.77431554e-02,2.30337407e-02,6.76851321e-03
1.75500000e+04,4.75238535e-02,1.77373246e-02,2.30208334e-02,6.76569554e-03
1.75600000e+04,4.75023353e-02,1.77315028e-02,2.30079468e-02,6.76288564e-03
1.75700000e+04,4.74808745e-02,1.77256932e-02,2.29950983e-02,6.76008306e-03
1.75800000e+04,4.74594688e-02,1.77199000e-02,2.29822815e-02,6.75728727e-03
1.75900000e+04,4.74381177e-02,1.77141178e-02,2.29694996e-02,6.75450022e-03
1.76000000e+04,4.74168225e-02,1.77083503e-02,2.29567458e-02,6.75172639e-03
1.76100000e+04,4.73955824e-02,1.77025960e-02,2.29440311e-02,6.74895535e-03
1.76200000e+04,4.73743796e-02,1.76968487e-02,2.29313406e-02,6.74619037e-03
1.76300000e+04,4.73532567e-02,1.76911294e-02,2.29186924e-02,6.74343487e-03
1.76400000e+04,4.73321689e-02,1.76854231e-02,2.29060655e-02,6.74068033e-03
1.76500000e+04,4.73111338e-02,1.76797166e-02,2.28934754e-02,6.73794178e-03
1.76600000e+04,4.72901545e-02,1.76740270e-02,2.28809224e-02,6.73520511e-03
1.76700000e+04,4.72692296e-02,1.76683533e-02,2.28683950e-02,6.73248130e-03
1.76800000e+04,4.72483606e-02,1.76626973e-02,2.28559032e-02,6.72976009e-03
1.76900000e+04,4.72275382e-02,1.76570477e-02,2.28434453e-02,6.72704515e-03
1.77000000e+04,4.72067752e-02,1.76514150e-02,2.28310199e-02,6.72434022e-03
1.77100000e+04,4.71860540e-02,1.76457933e-02,2.28186207e-02,6.72164001e-03
1.77200000e+04,4.71653926e-02,1.76401860e-02,2.28062518e-02,6.71895479e-03
1.77300000e+04,4.71447753e-02,1.76345848e-02,2.27939191e-02,6.71627139e-03
1.77400000e+04,4.71242234e-02,1.76290120e-02,2.27816191e-02,6.71359226e-03
1.77500000e+04,4.71037072e-02,1.76234434e-02,2.27693420e-02,6.71092180e-03
1.77600000e+04,4.70832498e-02,1.76178864e-02,2.27571059e-02,6.70825749e-03
1.77700000e+04,4.70628449e-02,1.76123403e-02,2.27448982e-02,6.70560652e-03
1.77800000e+04,4.70424882e-02,1.76068141e-02,2.27327191e-02,6.70295494e-03
1.77900000e+04,4.70221912e-02,1.76012930e-02,2.27205789e-02,6.70031931e-03
1.78000000e+04,4.70019369e-02,1.75957914e-02,2.27084647e-02,6.69768079e-03
1.78100000e+04,4.69817286e-02,1.75903014e-02,2.26963747e-02,6.69505246e-03
1.78200000e+04,4.69615754e-02,1.75848233e-02,2.26843209e-02,6.69243115e-03
1.78300000e+04,4.69414758e-02,1.75793578e-02,2.26723006e-02,6.68981747e-03
1.78400000e+04,4.69214263e-02,1.75739078e-02,2.26603045e-02,6.68721396e-03
1.78500000e+04,4.69014262e-02,1.75684672e-02,2.26483415e-02,6.68461748e-03
1.78600000e+04,4.68814724e-02,1.75630427e-02,2.26364060e-02,6.68202374e-03
1.78700000e+04,4.68615780e-02,1.75576284e-02,2.26245122e-02,6.67943738e-03
1.78800000e+04,4.68417245e-02,1.75522331e-02,2.26126382e-02,6.67685331e-03
1.78900000e+04,4.68219299e-02,1.75468397e-02,2.26008072e-02,6.67428303e-03
1.79000000e+04,4.68021770e-02,1.75414649e-02,2.25889941e-02,6.67171795e-03
1.79100000e+04,4.67824760e-02,1.75361056e-02,2.25772121e-02,6.66915835e-03
1.79200000e+04,4.67628231e-02,1.75307503e-02,2.25654662e-02,6.66660656e-03
1.79300000e+04,4.67432175e-02,1.75254142e-02,2.25537435e-02,6.66405988e-03
1.79400000e+04,4.67236709e-02,1.75200930e-02,2.25420550e-02,6.66152296e-03
1.79500000e+04,4.67041689e-02,1.75147768e-02,2.25304015e-02,6.65899065e-03
1.79600000e+04,4.66847120e-02,1.75094777e-02,2.25187684e-02,6.65646582e-03
1.79700000e+04,4.66653113e-02,1.75041891e-02,2.25071707e-02,6.65395160e-03
1.79800000e+04,4.66459433e-02,1.74989091e-02,2.24955949e-02,6.65143924e-03
1.79900000e+04,4.66266375e-02,1.74936475e-02,2.24840525e-02,6.64893755e-03
1.80000000e+04,4.66073720e-02,1.74883884e-02,2.24725449e-02,6.64643861e-03
1.80100000e+04,4.65881671e-02,1.74831537e-02,2.24610664e-02,6.64394696e-03
1.80200000e+04,4.65689919e-02,1.74779288e-02,2.24496033e-02,6.64145980e-03
1.80300000e+04,4.65498871e-02,1.74727112e-02,2.24381877e-02,6.63898827e-03
1.80400000e+04,4.65308099e-02,1.74675136e-02,2.24267843e-02,6.63651190e-03
1.80500000e+04,4.65117951e-02,1.74623251e-02,2.24154221e-02,6.63404791e-03
1.80600000e+04,4.64928157e-02,1.74571429e-02,2.24040830e-02,6.63158976e-03
1.80700000e+04,4.64738898e-02,1.74519785e-02,2.23927764e-02,6.62913492e-03
1.80800000e+04,4.64550080e-02,1.74468275e-02,2.23814886e-02,6.62669183e-03
1.80900000e+04,4.64361743e-02,1.74416902e-02,2.23702315e-02,6.62425258e-03
1.81000000e+04,4.64174007e-02,1.74365634e-02,2.23590188e-02,6.62181852e-03
1.81100000e+04,4.63986585e-02,1.74314410e-02,2.23478206e-02,6.61939702e-03
1.81200000e+04,4.63799695e-02,1.74263355e-02,2.23366552e-02,6.61697873e-03
1.81300000e+04,4.63613263e-02,1.74212430e-02,2.23255161e-02,6.61456726e-03
1.81400000e+04,4.63427200e-02,1.74161592e-02,2.23144036e-02,6.61215719e-03
1.81500000e+04,4.63241694e-02,1.74110809e-02,2.23033291e-02,6.60975940e-03
1.81600000e+04,4.63056676e-02,1.74060263e-02,2.22922740e-02,6.60736744e-03
1.81700000e+04,4.62871985e-02,1.74009758e-02,2.22812456e-02,6.60497717e-03
1.81800000e+04,4.62687839e-02,1.73959434e-02,2.22702477e-02,6.60259280e-03
1.81900000e+04,4.62504218e-02,1.73909240e-02,2.22592774e-02,6.60022034e-03
1.82000000e+04,4.62320931e-02,1.73859126e-02,2.22483343e-02,6.59784618e-03
1.82100000e+04,4.62138137e-02,1.73809126e-02,2.22374139e-02,6.59548716e-03
1.82200000e+04,4.61955902e-02,1.73759283e-02,2.22265288e-02,6.59313308e-03
1.82300000e+04,4.61773969e-02,1.73709541e-02,2.22156662e-02,6.59077663e-03
1.82400000e+04,4.61592598e-02,1.73659906e-02,2.22048332e-02,6.58843603e-03
1.82500000e+04,4.61411628e-02,1.73610364e-02,2.21940318e-02,6.58609464e-03
1.82600000e+04,4.61231112e-02,1.73560938e-02,2.21832535e-02,6.58376394e-03
1.82700000e+04,4.61050969e-02,1.73511577e-02,2.21725025e-02,6.58143667e-03
1.82800000e+04,4.60871375e-02,1.73462447e-02,2.21617753e-02,6.57911757e-03
1.82900000e+04,4.60692201e-02,1.73413403e-02,2.21510756e-02,6.57680415e-03
1.83000000e+04,4.60513526e-02,1.73364419e-02,2.21404143e-02,6.57449634e-03
1.83100000e+04,4.60335208e-02,1.73315582e-02,2.21297659e-02,6.57219673e-03
1.83200000e+04,4.60157400e-02,1.73266850e-02,2.21191546e-02,6.56990043e-03
1.83300000e+04,4.59980129e-02,1.73218305e-02,2.21085732e-02,6.56760916e-03
1.83400000e+04,4.59803045e-02,1.73169769e-02,2.20980016e-02,6.56532608e-03
1.83500000e+04,4.59626531e-02,1.73121372e-02,2.20874671e-02,6.56304884e-03
1.83600000e+04,4.59450515e-02,1.73073099e-02,2.20769709e-02,6.56077068e-03
1.83700000e+04,4.59274864e-02,1.73024910e-02,2.20664900e-02,6.55850549e-03
1.83800000e+04,4.59099750e-02,1.72976882e-02,2.20560380e-02,6.55624880e-03
1.83900000e+04,4.58924946e-02,1.72928868e-02,2.20456125e-02,6.55399526e-03
1.84000000e+04,4.58750684e-02,1.72881066e-02,2.20352160e-02,6.55174587e-03
1.84100000e+04,4.58576755e-02,1.72833330e-02,2.20248386e-02,6.54950386e-03
1.84200000e+04,4.58403313e-02,1.72785689e-02,2.20144914e-02,6.54727096e-03
1.84300000e+04,4.58230400e-02,1.72738253e-02,2.20041771e-02,6.54503757e-03
1.84400000e+04,4.58057840e-02,1.72690870e-02,2.19938789e-02,6.54281807e-03
1.84500000e+04,4.57885559e-02,1.72643546e-02,2.19836097e-02,6.54059160e-03
1.84600000e+04,4.57713877e-02,1.72596434e-02,2.19733661e-02,6.53837832e-03
1.84700000e+04,4.57542613e-02,1.72549381e-02,2.19631516e-02,6.53617159e-03
1.84800000e+04,4.57371785e-02,1.72502425e-02,2.19529647e-02,6.53397132e-03
1.84900000e+04,4.57201317e-02,1.72455579e-02,2.19427977e-02,6.53177606e-03
1.85000000e+04,4.57031334e-02,1.72408925e-02,2.19326588e-02,6.52958212e-03
1.85100000e+04,4.56861667e-02,1.72362314e-02,2.19225369e-02,6.52739836e-03
1.85200000e+04,4.56692621e-02,1.72315867e-02,2.19124516e-02,6.52522371e-03
1.85300000e+04,4.56523853e-02,1.72269482e-02,2.19023888e-02,6.52304817e-03
1.85400000e+04,4.56355505e-02,1.72223190e-02,2.18923457e-02,6.52088582e-03
1.85500000e+04,4.56187643e-02,1.72176972e-02,2.18823385e-02,6.51872851e-03
1.85600000e+04,4.56020175e-02,1.72130975e-02,2.18723494e-02,6.51657061e-03
1.85700000e+04,4.55853103e-02,1.72085032e-02,2.18623872e-02,6.51441995e-03
1.85800000e+04,4.55686472e-02,1.72039207e-02,2.18524510e-02,6.51227558e-03
1.85900000e+04,4.55520126e-02,1.71993455e-02,2.18425300e-02,6.51013708e-03
1.86000000e+04,4.55354377e-02,1.71947866e-02,2.18326460e-02,6.50800506e-03
1.86100000e+04,4.55188772e-02,1.71902279e-02,2.18227767e-02,6.50587264e-03
1.86200000e+04,4.55023744e-02,1.71856892e-02,2.18129359e-02,6.50374929e-03
1.86300000e+04,4.54859237e-02,1.71811567e-02,2.18031273e-02,6.50163972e-03
1.86400000e+04,4.54695018e-02,1.71766448e-02,2.17933321e-02,6.49952483e-03
1.86500000e+04,4.54531171e-02,1.71721350e-02,2.17835621e-02,6.49741999e-03
1.86600000e+04,4.54367734e-02,1.71676330e-02,2.17738235e-02,6.49531685e-03
1.86700000e+04,4.54204732e-02,1.71631433e-02,2.17641080e-02,6.49322192e-03
1.86800000e+04,4.54042061e-02,1.71586676e-02,2.17544096e-02,6.49112890e-03
1.86900000e+04,4.53879866e-02,1.71541987e-02,2.17447393e-02,6.48904854e-03
1.87000000e+04,4.53718039e-02,1.71497461e-02,2.17350856e-02,6.48697215e-03
1.87100000e+04,4.53556767e-02,1.71453063e-02,2.17254745e-02,6.48489594e-03
1.87200000e+04,4.53395638e-02,1.71408653e-02,2.17158664e-02,6.48283213e-03
1.87300000e+04,4.53235099e-02,1.71364401e-02,2.17063046e-02,6.48076525e-03
1.87400000e+04,4.53074856e-02,1.71320267e-02,2.16967510e-02,6.47870795e-03
1.87500000e+04,4.52915024e-02,1.71276236e-02,2.16872290e-02,6.47664979e-03
1.87600000e+04,4.52755485e-02,1.71232213e-02,2.16777237e-02,6.47460353e-03
1.87700000e+04,4.52596580e-02,1.71188391e-02,2.16682497e-02,6.47256919e-03
1.87800000e+04,4.52437917e-02,1.71144674e-02,2.16587936e-02,6.47053075e-03
1.87900000e+04,4.52279656e-02,1.71100975e-02,2.16493694e-02,6.46849873e-03
1.88000000e+04,4.52121787e-02,1.71057414e-02,2.16399643e-02,6.46647305e-03
1.88100000e+04,4.51964299e-02,1.71013885e-02,2.16305919e-02,6.46444957e-03
1.88200000e+04,4.51807218e-02,1.70970618e-02,2.16212244e-02,6.46243553e-03
1.88300000e+04,4.51650600e-02,1.70927361e-02,2.16118927e-02,6.46043124e-03
1.88400000e+04,4.51494267e-02,1.70884258e-02,2.16025767e-02,6.45842424e-03
1.88500000e+04,4.51338470e-02,1.70841195e-02,2.15933069e-02,6.45642064e-03
1.88600000e+04,4.51182932e-02,1.70798289e-02,2.15840396e-02,6.45442465e-03
1.88700000e+04,4.51027858e-02,1.70755395e-02,2.15748059e-02,6.45244039e-03
1.88800000e+04,4.50873094e-02,1.70712660e-02,2.15655907e-02,6.45045267e-03
1.88900000e+04,4.50718732e-02,1.70670034e-02,2.15563912e-02,6.44847864e-03
1.89000000e+04,4.50564827e-02,1.70627470e-02,2.15472320e-02,6.44650373e-03
1.89100000e+04,4.50411303e-02,1.70585052e-02,2.15380916e-02,6.44453339e-03
1.89200000e+04,4.50258141e-02,1.70542728e-02,2.15289716e-02,6.44256972e-03
1.89300000e+04,4.50105394e-02,1.70500480e-02,2.15198772e-02,6.44061411e-03
1.89400000e+04,4.49953004e-02,1.70458342e-02,2.15107994e-02,6.43866683e-03
1.89500000e+04,4.49800913e-02,1.70416351e-02,2.15017410e-02,6.43671528e-03
1.89600000e+04,4.49649198e-02,1.70374468e-02,2.14927073e-02,6.43476577e-03
1.89700000e+04,4.49497888e-02,1.70332582e-02,2.14837044e-02,6.43282629e-03
1.89800000e+04,4.49347031e-02,1.70290850e-02,2.14747205e-02,6.43089756e-03
1.89900000e+04,4.49196496e-02,1.70249259e-02,2.14657595e-02,6.42896419e-03
1.90000000e+04,4.49046351e-02,1.70207677e-02,2.14568226e-02,6.42704485e-03
1.90100000e+04,4.48896549e-02,1.70166273e-02,2.14479044e-02,6.42512316e-03
1.90200000e+04,4.48747143e-02,1.70124913e-02,2.14390088e-02,6.42321422e-03
1.90300000e+04,4.48598118e-02,1.70083702e-02,2.14301380e-02,6.42130362e-03
1.90400000e+04,4.48449423e-02,1.70042545e-02,2.14212872e-02,6.41940066e-03
1.90500000e+04,4.48301068e-02,1.70001453e-02,2.14124599e-02,6.41750159e-03
1.90600000e+04,4.48153117e-02,1.69960550e-02,2.14036528e-02,6.41560402e-03
1.90700000e+04,4.48005594e-02,1.69919701e-02,2.13948749e-02,6.41371434e-03
1.90800000e+04,4.47858359e-02,1.69878934e-02,2.13861129e-02,6.41182956e-03
1.90900000e+04,4.47711365e-02,1.69838276e-02,2.13773609e-02,6.40994810e-03
1.91000000e+04,4.47564884e-02,1.69797699e-02,2.13686442e-02,6.40807427e-03
1.91100000e+04,4.47418749e-02,1.69757203e-02,2.13599496e-02,6.40620502e-03
1.91200000e+04,4.47272909e-02,1.69716834e-02,2.13512658e-02,6.40434171e-03
1.91300000e+04,4.47127510e-02,1.69676610e-02,2.13426033e-02,6.40248661e-03
1.91400000e+04,4.46982296e-02,1.69636379e-02,2.13339689e-02,6.40062277e-03
1.91500000e+04,4.46837615e-02,1.69596380e-02,2.13253521e-02,6.39877145e-03
1.91600000e+04,4.46693264e-02,1.69556373e-02,2.13167579e-02,6.39693115e-03
1.91700000e+04,4.46549088e-02,1.69516478e-02,2.13081726e-02,6.39508836e-03
1.91800000e+04,4.46405467e-02,1.69476692e-02,2.12996228e-02,6.39325483e-03
1.91900000e+04,4.46262040e-02,1.69436944e-02,2.12910899e-02,6.39141961e-03
1.92000000e+04,4.46119067e-02,1.69397353e-02,2.12825751e-02,6.38959624e-03
1.92100000e+04,4.45976348e-02,1.69357820e-02,2.12740858e-02,6.38776699e-03
1.92200000e+04,4.45833970e-02,1.69318402e-02,2.12656110e-02,6.38594580e-03
1.92300000e+04,4.45692121e-02,1.69279047e-02,2.12571657e-02,6.38414173e-03
1.92400000e+04,4.45550361e-02,1.69239771e-02,2.12487336e-02,6.38232540e-03
1.92500000e+04,4.45408999e-02,1.69200620e-02,2.12403205e-02,6.38051745e-03
1.92600000e+04,4.45268039e-02,1.69161469e-02,2.12319380e-02,6.37871913e-03
1.92700000e+04,4.45127575e-02,1.69122545e-02,2.12235732e-02,6.37692974e-03
1.92800000e+04,4.44987172e-02,1.69083562e-02,2.12152252e-02,6.37513582e-03
1.92900000e+04,4.44847286e-02,1.69044741e-02,2.12069097e-02,6.37334485e-03
1.93000000e+04,4.44707744e-02,1.69006037e-02,2.11986084e-02,6.37156231e-03
1.93100000e+04,4.44568465e-02,1.68967340e-02,2.11903302e-02,6.36978233e-03
1.93200000e+04,4.44429621e-02,1.68928806e-02,2.11820663e-02,6.36801516e-03
1.93300000e+04,4.44290937e-02,1.68890274e-02,2.11738260e-02,6.36624024e-03
1.93400000e+04,4.44152954e-02,1.68851986e-02,2.11656197e-02,6.36447711e-03
1.93500000e+04,4.44015088e-02,1.68813657e-02,2.11574254e-02,6.36271763e-03
1.93600000e+04,4.43877565e-02,1.68775414e-02,2.11492531e-02,6.36096201e-03
1.93700000e+04,4.43740299e-02,1.68737298e-02,2.11410893e-02,6.35921077e-03
1.93800000e+04,4.43603438e-02,1.68699228e-02,2.11329574e-02,6.35746357e-03
1.93900000e+04,4.43467090e-02,1.68661320e-02,2.11248519e-02,6.35572514e-03
1.94000000e+04,4.43330848e-02,1.68623450e-02,2.11167576e-02,6.35398225e-03
1.94100000e+04,4.43195081e-02,1.68585696e-02,2.11086845e-02,6.35225396e-03
1.94200000e+04,4.43059596e-02,1.68548024e-02,2.11006321e-02,6.35052508e-03
1.94300000e+04,4.42924523e-02,1.68510467e-02,2.10925990e-02,6.34880658e-03
1.94400000e+04,4.42789768e-02,1.68472944e-02,2.10845968e-02,6.34708563e-03
1.94500000e+04,4.42655387e-02,1.68435538e-02,2.10766139e-02,6.34537098e-03
1.94600000e+04,4.42521147e-02,1.68398200e-02,2.10686362e-02,6.34365854e-03
1.94700000e+04,4.42387484e-02,1.68361019e-02,2.10606988e-02,6.34194773e-03
1.94800000e+04,4.42254009e-02,1.68323854e-02,2.10527678e-02,6.34024771e-03
1.94900000e+04,4.42120947e-02,1.68286850e-02,2.10448567e-02,6.33855303e-03
1.95000000e+04,4.41988149e-02,1.68249881e-02,2.10369687e-02,6.33685810e-03
1.95100000e+04,4.41855788e-02,1.68213091e-02,2.10291009e-02,6.33516882e-03
1.95200000e+04,4.41723602e-02,1.68176260e-02,2.10212488e-02,6.33348532e-03
1.95300000e+04,4.41591927e-02,1.68139622e-02,2.10134224e-02,6.33180805e-03
1.95400000e+04,4.41460388e-02,1.68102942e-02,2.10056142e-02,6.33013039e-03
1.95500000e+04,4.41329341e-02,1.68066475e-02,2.09978283e-02,6.32845825e-03
1.95600000e+04,4.41198510e-02,1.68029996e-02,2.09900542e-02,6.32679714e-03
1.95700000e+04,4.41067985e-02,1.67993622e-02,2.09823024e-02,6.32513385e-03
1.95800000e+04,4.40937906e-02,1.67957419e-02,2.09745741e-02,6.32347462e-03
1.95900000e+04,4.40808124e-02,1.67921284e-02,2.09668624e-02,6.32182164e-03
1.96000000e+04,4.40678654e-02,1.67885172e-02,2.09591730e-02,6.32017514e-03
1.96100000e+04,4.40549456e-02,1.67849221e-02,2.09514997e-02,6.31852380e-03
1.96200000e+04,4.40420565e-02,1.67813291e-02,2.09438430e-02,6.31688436e-03
1.96300000e+04,4.40291911e-02,1.67777434e-02,2.09362013e-02,6.31524641e-03
1.96400000e+04,4.40163757e-02,1.67741753e-02,2.09285867e-02,6.31361374e-03
1.96500000e+04,4.40035785e-02,1.67706063e-02,2.09209905e-02,6.31198173e-03
1.96600000e+04,4.39908159e-02,1.67670544e-02,2.09134041e-02,6.31035745e-03
1.96700000e+04,4.39780791e-02,1.67635042e-02,2.09058390e-02,6.30873599e-03
1.96800000e+04,4.39653774e-02,1.67599677e-02,2.08982918e-02,6.30711793e-03
1.96900000e+04,4.39527191e-02,1.67564396e-02,2.08907679e-02,6.30551163e-03
1.97000000e+04,4.39400673e-02,1.67529196e-02,2.08832518e-02,6.30389590e-03
1.97100000e+04,4.39274607e-02,1.67494084e-02,2.08757592e-02,6.30229302e-03
1.97200000e+04,4.39148796e-02,1.67459101e-02,2.08682772e-02,6.30069232e-03
1.97300000e+04,4.39023293e-02,1.67424117e-02,2.08608160e-02,6.29910151e-03
1.97400000e+04,4.38898001e-02,1.67389228e-02,2.08533758e-02,6.29750145e-03
1.97500000e+04,4.38772991e-02,1.67354459e-02,2.08459400e-02,6.29591321e-03
1.97600000e+04,4.38648398e-02,1.67319800e-02,2.08385331e-02,6.29432670e-03
1.97700000e+04,4.38524059e-02,1.67285111e-02,2.08311454e-02,6.29274935e-03
1.97800000e+04,4.38399952e-02,1.67250567e-02,2.08237677e-02,6.29117083e-03
1.97900000e+04,4.38276183e-02,1.67216102e-02,2.08164127e-02,6.28959542e-03
1.98000000e+04,4.38152597e-02,1.67181688e-02,2.08090717e-02,6.28801921e-03
1.98100000e+04,4.38029462e-02,1.67147334e-02,2.08017517e-02,6.28646108e-03
1.98200000e+04,4.37906599e-02,1.67113149e-02,2.07944519e-02,6.28489305e-03
1.98300000e+04,4.37784014e-02,1.67078932e-02,2.07871705e-02,6.28333772e-03
1.98400000e+04,4.37661651e-02,1.67044800e-02,2.07799022e-02,6.28178291e-03
1.98500000e+04,4.37539593e-02,1.67010791e-02,2.07726498e-02,6.28023045e-03
1.98600000e+04,4.37417945e-02,1.66976886e-02,2.07654255e-02,6.27868038e-03
1.98700000e+04,4.37296494e-02,1.66942938e-02,2.07582153e-02,6.27714029e-03
1.98800000e+04,4.37175377e-02,1.66909119e-02,2.07510222e-02,6.27560369e-03
1.98900000e+04,4.37054514e-02,1.66875455e-02,2.07438384e-02,6.27406748e-03
1.99000000e+04,4.36933937e-02,1.66841779e-02,2.07366811e-02,6.27253470e-03
1.99100000e+04,4.36813732e-02,1.66808184e-02,2.07295469e-02,6.27100783e-03
1.99200000e+04,4.36693876e-02,1.66774702e-02,2.07224323e-02,6.26948509e-03
1.99300000e+04,4.36574241e-02,1.66741279e-02,2.07153320e-02,6.26796429e-03
1.99400000e+04,4.36454958e-02,1.66707868e-02,2.07082516e-02,6.26645739e-03
1.99500000e+04,4.36335895e-02,1.66674607e-02,2.07011892e-02,6.26493962e-03
1.99600000e+04,4.36217189e-02,1.66641411e-02,2.06941459e-02,6.26343190e-03
1.99700000e+04,4.36098751e-02,1.66608290e-02,2.06871200e-02,6.26192613e-03
1.99800000e+04,4.35980536e-02,1.66575216e-02,2.06801173e-02,6.26041476e-03
1.99900000e+04,4.35862702e-02,1.66542202e-02,2.06731261e-02,6.25892392e-03
2.00000000e+04,4.35745230e-02,1.66509401e-02,2.06661553e-02,6.25742763e-03
2.00100000e+04,4.35627889e-02,1.66476531e-02,2.06591945e-02,6.25594126e-03
2.00200000e+04,4.35510980e-02,1.66443818e-02,2.06522616e-02,6.25445459e-03
2.00300000e+04,4.35394301e-02,1.66411147e-02,2.06453420e-02,6.25297347e-03
2.00400000e+04,4.35277904e-02,1.66378625e-02,2.06384333e-02,6.25149456e-03
2.00500000e+04,4.35161844e-02,1.66346106e-02,2.06315541e-02,6.25001973e-03
2.00600000e+04,4.35046066e-02,1.66313677e-02,2.06246890e-02,6.24854985e-03
2.00700000e+04,4.34930541e-02,1.66281327e-02,2.06178356e-02,6.24708572e-03
2.00800000e+04,4.34815397e-02,1.66249092e-02,2.06110027e-02,6.24562778e-03
2.00900000e+04,4.34700402e-02,1.66216895e-02,2.06041851e-02,6.24416554e-03
2.01000000e+04,4.34585799e-02,1.66184813e-02,2.05973895e-02,6.24270911e-03
2.01100000e+04,4.34471516e-02,1.66152832e-02,2.05906099e-02,6.24125840e-03
2.01200000e+04,4.34357467e-02,1.66120892e-02,2.05838437e-02,6.23981380e-03
2.01300000e+04,4.34243691e-02,1.66089033e-02,2.05770965e-02,6.23836927e-03
2.01400000e+04,4.34130262e-02,1.66057225e-02,2.05703729e-02,6.23693088e-03
2.01500000e+04,4.34017029e-02,1.66025584e-02,2.05636522e-02,6.23549231e-03
2.01600000e+04,4.33904106e-02,1.65993885e-02,2.05569647e-02,6.23405749e-03
2.01700000e+04,4.33791508e-02,1.65962365e-02,2.05502838e-02,6.23263051e-03
2.01800000e+04,4.33679146e-02,1.65930893e-02,2.05436182e-02,6.23120707e-03
2.01900000e+04,4.33567109e-02,1.65899476e-02,2.05369760e-02,6.22978734e-03
2.02000000e+04,4.33455237e-02,1.65868127e-02,2.05303475e-02,6.22836360e-03
2.02100000e+04,4.33343841e-02,1.65836962e-02,2.05237341e-02,6.22695385e-03
2.02200000e+04,4.33232678e-02,1.65805783e-02,2.05171470e-02,6.22554243e-03
2.02300000e+04,4.33121631e-02,1.65774637e-02,2.05105607e-02,6.22413869e-03
2.02400000e+04,4.33011101e-02,1.65743696e-02,2.05040062e-02,6.22273427e-03
2.02500000e+04,4.32900623e-02,1.65712730e-02,2.04974552e-02,6.22133401e-03
2.02600000e+04,4.32790525e-02,1.65681939e-02,2.04909222e-02,6.21993641e-03
2.02700000e+04,4.32680677e-02,1.65651147e-02,2.04844119e-02,6.21854112e-03
2.02800000e+04,4.32571083e-02,1.65620419e-02,2.04779181e-02,6.21714818e-03
2.02900000e+04,4.32461753e-02,1.65589838e-02,2.04714286e-02,6.21576293e-03
2.03000000e+04,4.32352688e-02,1.65559318e-02,2.04649551e-02,6.21438192e-03
2.03100000e+04,4.32243898e-02,1.65528819e-02,2.04585032e-02,6.21300470e-03
2.03200000e+04,4.32135422e-02,1.65498483e-02,2.04520676e-02,6.21162629e-03
2.03300000e+04,4.32027121e-02,1.65468171e-02,2.04456448e-02,6.21025027e-03
2.03400000e+04,4.31919058e-02,1.65437864e-02,2.04392355e-02,6.20888388e-03
2.03500000e+04,4.31811344e-02,1.65407752e-02,2.04328410e-02,6.20751814e-03
2.03600000e+04,4.31703829e-02,1.65377660e-02,2.04264639e-02,6.20615295e-03
2.03700000e+04,4.31596392e-02,1.65347584e-02,2.04200895e-02,6.20479126e-03
2.03800000e+04,4.31489229e-02,1.65317581e-02,2.04137325e-02,6.20343222e-03
2.03900000e+04,4.31382526e-02,1.65287783e-02,2.04073902e-02,6.20208416e-03
2.04000000e+04,4.31275942e-02,1.65257918e-02,2.04010686e-02,6.20073383e-03
2.04100000e+04,4.31169613e-02,1.65228174e-02,2.03947541e-02,6.19938990e-03
2.04200000e+04,4.31063499e-02,1.65198492e-02,2.03884605e-02,6.19804021e-03
2.04300000e+04,4.30957525e-02,1.65168834e-02,2.03821691e-02,6.19670002e-03
2.04400000e+04,4.30851975e-02,1.65139297e-02,2.03759026e-02,6.19536527e-03
2.04500000e+04,4.30746381e-02,1.65109755e-02,2.03696374e-02,6.19402525e-03
2.04600000e+04,4.30641343e-02,1.65080406e-02,2.03633954e-02,6.19269829e-03
2.04700000e+04,4.30536339e-02,1.65051003e-02,2.03571658e-02,6.19136782e-03
2.04800000e+04,4.30431643e-02,1.65021674e-02,2.03509557e-02,6.19004118e-03
2.04900000e+04,4.30327176e-02,1.64992418e-02,2.03447563e-02,6.18871953e-03
2.05000000e+04,4.30222946e-02,1.64963203e-02,2.03385712e-02,6.18740305e-03
2.05100000e+04,4.30118887e-02,1.64934026e-02,2.03323972e-02,6.18608890e-03
2.05200000e+04,4.30015140e-02,1.64904951e-02,2.03262499e-02,6.18476901e-03
2.05300000e+04,4.29911636e-02,1.64875945e-02,2.03201040e-02,6.18346505e-03
2.05400000e+04,4.29808421e-02,1.64846934e-02,2.03139876e-02,6.18216118e-03
2.05500000e+04,4.29705410e-02,1.64818104e-02,2.03078738e-02,6.18085678e-03
2.05600000e+04,4.29602595e-02,1.64789240e-02,2.03017825e-02,6.17955301e-03
2.05700000e+04,4.29500147e-02,1.64760487e-02,2.02957083e-02,6.17825768e-03
2.05800000e+04,4.29397818e-02,1.64731770e-02,2.02896403e-02,6.17696444e-03
2.05900000e+04,4.29295721e-02,1.64703087e-02,2.02835945e-02,6.17566893e-03
2.06000000e+04,4.29194086e-02,1.64674498e-02,2.02775731e-02,6.17438576e-03
2.06100000e+04,4.29092531e-02,1.64645895e-02,2.02715621e-02,6.17310146e-03
2.06200000e+04,4.28991192e-02,1.64617447e-02,2.02655601e-02,6.17181439e-03
2.06300000e+04,4.28890247e-02,1.64589011e-02,2.02595803e-02,6.17054332e-03
2.06400000e+04,4.28789522e-02,1.64560650e-02,2.02536176e-02,6.16926962e-03
2.06500000e+04,4.28688987e-02,1.64532399e-02,2.02476642e-02,6.16799449e-03
2.06600000e+04,4.28588848e-02,1.64504174e-02,2.02417361e-02,6.16673127e-03
2.06700000e+04,4.28488913e-02,1.64476005e-02,2.02358204e-02,6.16547039e-03
2.06800000e+04,4.28389049e-02,1.64447859e-02,2.02299163e-02,6.16420280e-03
2.06900000e+04,4.28289732e-02,1.64419979e-02,2.02240285e-02,6.16294676e-03
2.07000000e+04,4.28190488e-02,1.64392001e-02,2.02181610e-02,6.16168764e-03
2.07100000e+04,4.28091504e-02,1.64364149e-02,2.02122975e-02,6.16043805e-03
2.07200000e+04,4.27992839e-02,1.64336352e-02,2.02064598e-02,6.15918890e-03
2.07300000e+04,4.27894295e-02,1.64308568e-02,2.02006280e-02,6.15794471e-03
2.07400000e+04,4.27796078e-02,1.64280933e-02,2.01948139e-02,6.15670061e-03
2.07500000e+04,4.27698091e-02,1.64253304e-02,2.01890169e-02,6.15546172e-03
2.07600000e+04,4.27600440e-02,1.64225788e-02,2.01832374e-02,6.15422781e-03
2.07700000e+04,4.27502983e-02,1.64198350e-02,2.01774675e-02,6.15299583e-03
2.07800000e+04,4.27405657e-02,1.64170912e-02,2.01717062e-02,6.15176837e-03
2.07900000e+04,4.27308723e-02,1.64143636e-02,2.01659707e-02,6.15053804e-03
2.08000000e+04,4.27211995e-02,1.64116360e-02,2.01602428e-02,6.14932067e-03
2.08100000e+04,4.27115366e-02,1.64089106e-02,2.01545242e-02,6.14810189e-03
2.08200000e+04,4.27019201e-02,1.64062030e-02,2.01488355e-02,6.14688159e-03
2.08300000e+04,4.26923058e-02,1.64034946e-02,2.01431413e-02,6.14566991e-03
2.08400000e+04,4.26827403e-02,1.64007987e-02,2.01374813e-02,6.14446030e-03
2.08500000e+04,4.26731848e-02,1.63981062e-02,2.01318219e-02,6.14325670e-03
2.08600000e+04,4.26636481e-02,1.63954196e-02,2.01261790e-02,6.14204939e-03
2.08700000e+04,4.26541441e-02,1.63927413e-02,2.01205523e-02,6.14085050e-03
2.08800000e+04,4.26446587e-02,1.63900708e-02,2.01149374e-02,6.13965052e-03
2.08900000e+04,4.26352020e-02,1.63874040e-02,2.01093427e-02,6.13845528e-03
2.09000000e+04,4.26257610e-02,1.63847438e-02,2.01037503e-02,6.13726695e-03
2.09100000e+04,4.26163543e-02,1.63820942e-02,2.00981804e-02,6.13607962e-03
2.09200000e+04,4.26069714e-02,1.63794544e-02,2.00926225e-02,6.13489450e-03
2.09300000e+04,4.25976097e-02,1.63768138e-02,2.00870876e-02,6.13370833e-03
2.09400000e+04,4.25882707e-02,1.63741787e-02,2.00815600e-02,6.13253202e-03
2.09500000e+04,4.25789510e-02,1.63715528e-02,2.00760452e-02,6.13135304e-03
2.09600000e+04,4.25696726e-02,1.63689442e-02,2.00705462e-02,6.13018221e-03
2.09700000e+04,4.25604055e-02,1.63663330e-02,2.00650639e-02,6.12900853e-03
2.09800000e+04,4.25511554e-02,1.63637232e-02,2.00595878e-02,6.12784444e-03
2.09900000e+04,4.25419394e-02,1.63611267e-02,2.00541362e-02,6.12667653e-03
2.10000000e+04,4.25327428e-02,1.63585352e-02,2.00486890e-02,6.12551858e-03
2.10100000e+04,4.25235667e-02,1.63559515e-02,2.00432620e-02,6.12435316e-03
2.10200000e+04,4.25144213e-02,1.63533692e-02,2.00378512e-02,6.12320095e-03
2.10300000e+04,4.25052922e-02,1.63507963e-02,2.00324488e-02,6.12204699e-03
2.10400000e+04,4.24961978e-02,1.63482394e-02,2.00270637e-02,6.12089472e-03
2.10500000e+04,4.24871184e-02,1.63456787e-02,2.00216868e-02,6.11975285e-03
2.10600000e+04,4.24780540e-02,1.63431240e-02,2.00163254e-02,6.11860459e-03
2.10700000e+04,4.24690294e-02,1.63405833e-02,2.00109812e-02,6.11746483e-03
2.10800000e+04,4.24600078e-02,1.63380359e-02,2.00056487e-02,6.11632314e-03
2.10900000e+04,4.24510189e-02,1.63355089e-02,2.00003236e-02,6.11518647e-03
2.11000000e+04,4.24420510e-02,1.63329863e-02,1.99950116e-02,6.11405312e-03
2.11100000e+04,4.24331029e-02,1.63304655e-02,1.99897136e-02,6.11292376e-03
2.11200000e+04,4.24241685e-02,1.63279503e-02,1.99844230e-02,6.11179520e-03
2.11300000e+04,4.24152555e-02,1.63254426e-02,1.99791466e-02,6.11066628e-03
2.11400000e+04,4.24063694e-02,1.63229470e-02,1.99738791e-02,6.10954328e-03
2.11500000e+04,4.23974972e-02,1.63204506e-02,1.99686254e-02,6.10842115e-03
2.11600000e+04,4.23886444e-02,1.63179643e-02,1.99633738e-02,6.10730634e-03
2.11700000e+04,4.23798064e-02,1.63154758e-02,1.99581378e-02,6.10619274e-03
2.11800000e+04,4.23709877e-02,1.63130002e-02,1.99529143e-02,6.10507317e-03
2.11900000e+04,4.23622007e-02,1.63105363e-02,1.99476990e-02,6.10396543e-03
2.12000000e+04,4.23534114e-02,1.63080641e-02,1.99424905e-02,6.10285676e-03
2.12100000e+04,4.23446439e-02,1.63056022e-02,1.99372913e-02,6.10175034e-03
2.12200000e+04,4.23359131e-02,1.63031507e-02,1.99321119e-02,6.10065047e-03
2.12300000e+04,4.23271688e-02,1.63006899e-02,1.99269309e-02,6.09954794e-03
2.12400000e+04,4.23184578e-02,1.62982435e-02,1.99217677e-02,6.09844658e-03
2.12500000e+04,4.23097681e-02,1.62958044e-02,1.99166066e-02,6.09735713e-03
2.12600000e+04,4.23011093e-02,1.62933681e-02,1.99114753e-02,6.09626583e-03
2.12700000e+04,4.22924388e-02,1.62909359e-02,1.99063322e-02,6.09517060e-03
2.12800000e+04,4.22838025e-02,1.62885081e-02,1.99012144e-02,6.09407998e-03
2.12900000e+04,4.22751802e-02,1.62860858e-02,1.98961001e-02,6.09299433e-03
2.13000000e+04,4.22665743e-02,1.62836673e-02,1.98910024e-02,6.09190467e-03
2.13100000e+04,4.22579936e-02,1.62812528e-02,1.98859153e-02,6.09082543e-03
2.13200000e+04,4.22494216e-02,1.62788429e-02,1.98808356e-02,6.08974305e-03
2.13300000e+04,4.22408786e-02,1.62764380e-02,1.98757725e-02,6.08866806e-03
2.13400000e+04,4.22323504e-02,1.62740352e-02,1.98707184e-02,6.08759681e-03
2.13500000e+04,4.22238499e-02,1.62716459e-02,1.98656792e-02,6.08652478e-03
2.13600000e+04,4.22153585e-02,1.62692506e-02,1.98606529e-02,6.08545500e-03
2.13700000e+04,4.22068988e-02,1.62668657e-02,1.98556435e-02,6.08438956e-03
2.13800000e+04,4.21984510e-02,1.62644775e-02,1.98506459e-02,6.08332768e-03
2.13900000e+04,4.21900341e-02,1.62621047e-02,1.98456650e-02,6.08226435e-03
2.14000000e+04,4.21816210e-02,1.62597293e-02,1.98406883e-02,6.08120351e-03
2.14100000e+04,4.21732431e-02,1.62573621e-02,1.98357284e-02,6.08015266e-03
2.14200000e+04,4.21648802e-02,1.62550008e-02,1.98307798e-02,6.07909953e-03
2.14300000e+04,4.21565455e-02,1.62526454e-02,1.98258530e-02,6.07804708e-03
2.14400000e+04,4.21482272e-02,1.62502879e-02,1.98209360e-02,6.07700332e-03
2.14500000e+04,4.21399275e-02,1.62479418e-02,1.98160342e-02,6.07595150e-03
2.14600000e+04,4.21316602e-02,1.62456000e-02,1.98111449e-02,6.07491528e-03
2.14700000e+04,4.21234135e-02,1.62432633e-02,1.98062777e-02,6.07387256e-03
2.14800000e+04,4.21151846e-02,1.62409411e-02,1.98014072e-02,6.07283627e-03
2.14900000e+04,4.21069664e-02,1.62386072e-02,1.97965594e-02,6.07179987e-03
2.15000000e+04,4.20987805e-02,1.62362874e-02,1.97917234e-02,6.07076967e-03
2.15100000e+04,4.20906156e-02,1.62339675e-02,1.97869080e-02,6.06974007e-03
2.15200000e+04,4.20824737e-02,1.62316713e-02,1.97820914e-02,6.06871095e-03
2.15300000e+04,4.20743470e-02,1.62293672e-02,1.97772935e-02,6.06768639e-03
2.15400000e+04,4.20662493e-02,1.62270738e-02,1.97725090e-02,6.06666647e-03
2.15500000e+04,4.20581735e-02,1.62247860e-02,1.97677352e-02,6.06565224e-03
2.15600000e+04,4.20501109e-02,1.62225044e-02,1.97629752e-02,6.06463131e-03
2.15700000e+04,4.20420716e-02,1.62202308e-02,1.97582258e-02,6.06361494e-03
2.15800000e+04,4.20340531e-02,1.62179539e-02,1.97534935e-02,6.06260564e-03
2.15900000e+04,4.20260452e-02,1.62156839e-02,1.97487630e-02,6.06159823e-03
2.16000000e+04,4.20180627e-02,1.62134243e-02,1.97440435e-02,6.06059483e-03
2.16100000e+04,4.20101023e-02,1.62111675e-02,1.97393453e-02,6.05958953e-03
2.16200000e+04,4.20021700e-02,1.62089212e-02,1.97346560e-02,6.05859270e-03
2.16300000e+04,4.19942499e-02,1.62066738e-02,1.97299808e-02,6.05759531e-03
2.16400000e+04,4.19863436e-02,1.62044329e-02,1.97253083e-02,6.05660238e-03
2.16500000e+04,4.19784580e-02,1.62022016e-02,1.97206457e-02,6.05561077e-03
2.16600000e+04,4.19705937e-02,1.61999762e-02,1.97159991e-02,6.05461842e-03
2.16700000e+04,4.19627539e-02,1.61977563e-02,1.97113680e-02,6.05362963e-03
2.16800000e+04,4.19549268e-02,1.61955375e-02,1.97067405e-02,6.05264886e-03
2.16900000e+04,4.19471296e-02,1.61933257e-02,1.97021388e-02,6.05166507e-03
2.17000000e+04,4.19393402e-02,1.61911159e-02,1.96975417e-02,6.05068260e-03
2.17100000e+04,4.19315736e-02,1.61889186e-02,1.96929493e-02,6.04970572e-03
2.17200000e+04,4.19238226e-02,1.61867274e-02,1.96883690e-02,6.04872634e-03
2.17300000e+04,4.19160985e-02,1.61845375e-02,1.96838002e-02,6.04776080e-03
2.17400000e+04,4.19083908e-02,1.61823522e-02,1.96792491e-02,6.04678960e-03
2.17500000e+04,4.19007017e-02,1.61801718e-02,1.96747055e-02,6.04582442e-03
2.17600000e+04,4.18930299e-02,1.61780012e-02,1.96701715e-02,6.04485727e-03
2.17700000e+04,4.18853780e-02,1.61758370e-02,1.96656446e-02,6.04389644e-03
2.17800000e+04,4.18777498e-02,1.61736781e-02,1.96611366e-02,6.04293516e-03
2.17900000e+04,4.18701391e-02,1.61715218e-02,1.96566334e-02,6.04198397e-03
2.18000000e+04,4.18625373e-02,1.61693648e-02,1.96521448e-02,6.04102768e-03
2.18100000e+04,4.18549662e-02,1.61672221e-02,1.96476677e-02,6.04007642e-03
2.18200000e+04,4.18474140e-02,1.61650863e-02,1.96432005e-02,6.03912721e-03
2.18300000e+04,4.18398759e-02,1.61629508e-02,1.96387477e-02,6.03817735e-03
2.18400000e+04,4.18323535e-02,1.61608200e-02,1.96343036e-02,6.03722989e-03
2.18500000e+04,4.18248633e-02,1.61586990e-02,1.96298728e-02,6.03629152e-03
2.18600000e+04,4.18173815e-02,1.61565786e-02,1.96254527e-02,6.03535027e-03
2.18700000e+04,4.18099192e-02,1.61544641e-02,1.96210430e-02,6.03441203e-03
2.18800000e+04,4.18024809e-02,1.61523635e-02,1.96166433e-02,6.03347407e-03
2.18900000e+04,4.17950720e-02,1.61502602e-02,1.96122673e-02,6.03254451e-03
2.19000000e+04,4.17876713e-02,1.61481616e-02,1.96078965e-02,6.03161328e-03
2.19100000e+04,4.17802935e-02,1.61460725e-02,1.96035369e-02,6.03068411e-03
2.19200000e+04,4.17729343e-02,1.61439839e-02,1.95991949e-02,6.02975550e-03
2.19300000e+04,4.17655937e-02,1.61419031e-02,1.95948597e-02,6.02883096e-03
2.19400000e+04,4.17582767e-02,1.61398262e-02,1.95905427e-02,6.02790780e-03
2.19500000e+04,4.17509908e-02,1.61377583e-02,1.95862371e-02,6.02699536e-03
2.19600000e+04,4.17436998e-02,1.61356899e-02,1.95819349e-02,6.02607509e-03
2.19700000e+04,4.17364555e-02,1.61336354e-02,1.95776573e-02,6.02516277e-03
2.19800000e+04,4.17292141e-02,1.61315863e-02,1.95733797e-02,6.02424815e-03
2.19900000e+04,4.17220003e-02,1.61295359e-02,1.95691240e-02,6.02334035e-03
2.20000000e+04,4.17147946e-02,1.61274949e-02,1.95648689e-02,6.02243084e-03
2.20100000e+04,4.17076192e-02,1.61254658e-02,1.95606294e-02,6.02152401e-03
2.20200000e+04,4.17004482e-02,1.61234318e-02,1.95563903e-02,6.02062612e-03
2.20300000e+04,4.16933052e-02,1.61214076e-02,1.95521723e-02,6.01972524e-03
2.20400000e+04,4.16861656e-02,1.61193882e-02,1.95479550e-02,6.01882238e-03
2.20500000e+04,4.16790498e-02,1.61173799e-02,1.95437507e-02,6.01791915e-03
2.20600000e+04,4.16719555e-02,1.61153720e-02,1.95395570e-02,6.01702645e-03
2.20700000e+04,4.16648810e-02,1.61133711e-02,1.95353758e-02,6.01613403e-03
2.20800000e+04,4.16578025e-02,1.61113737e-02,1.95311844e-02,6.01524432e-03
2.20900000e+04,4.16507487e-02,1.61093836e-02,1.95270128e-02,6.01435233e-03
2.21000000e+04,4.16437179e-02,1.61073993e-02,1.95228490e-02,6.01346956e-03
2.21100000e+04,4.16366934e-02,1.61054182e-02,1.95186922e-02,6.01258303e-03
2.21200000e+04,4.16296834e-02,1.61034382e-02,1.95145440e-02,6.01170124e-03
2.21300000e+04,4.16226781e-02,1.61014644e-02,1.95103980e-02,6.01081565e-03
2.21400000e+04,4.16156957e-02,1.60994982e-02,1.95062598e-02,6.00993769e-03
2.21500000e+04,4.16087203e-02,1.60975350e-02,1.95021237e-02,6.00906152e-03
2.21600000e+04,4.16017653e-02,1.60955748e-02,1.94980059e-02,6.00818458e-03
2.21700000e+04,4.15948197e-02,1.60936204e-02,1.94938881e-02,6.00731119e-03
2.21800000e+04,4.15878797e-02,1.60916679e-02,1.94897721e-02,6.00643968e-03
2.21900000e+04,4.15809516e-02,1.60897181e-02,1.94856692e-02,6.00556424e-03
2.22000000e+04,4.15740397e-02,1.60877723e-02,1.94815692e-02,6.00469821e-03
2.22100000e+04,4.15671344e-02,1.60858336e-02,1.94774745e-02,6.00382635e-03
2.22200000e+04,4.15602396e-02,1.60838898e-02,1.94733849e-02,6.00296498e-03
2.22300000e+04,4.15533586e-02,1.60819551e-02,1.94693087e-02,6.00209480e-03
2.22400000e+04,4.15464906e-02,1.60800249e-02,1.94652356e-02,6.00123013e-03
2.22500000e+04,4.15396390e-02,1.60780930e-02,1.94611735e-02,6.00037247e-03
2.22600000e+04,4.15327959e-02,1.60761652e-02,1.94571181e-02,5.99951263e-03
2.22700000e+04,4.15259547e-02,1.60742415e-02,1.94530604e-02,5.99865278e-03
2.22800000e+04,4.15191312e-02,1.60723188e-02,1.94490191e-02,5.99779327e-03
2.22900000e+04,4.15123241e-02,1.60703966e-02,1.94449856e-02,5.99694190e-03
2.23000000e+04,4.15055505e-02,1.60684885e-02,1.94409691e-02,5.99609294e-03
2.23100000e+04,4.14987733e-02,1.60665776e-02,1.94369525e-02,5.99524322e-03
2.23200000e+04,4.14919972e-02,1.60646620e-02,1.94329428e-02,5.99439247e-03
2.23300000e+04,4.14852402e-02,1.60627530e-02,1.94289441e-02,5.99354311e-03
2.23400000e+04,4.14785108e-02,1.60608554e-02,1.94249580e-02,5.99269732e-03
2.23500000e+04,4.14717934e-02,1.60589532e-02,1.94209858e-02,5.99185436e-03
2.23600000e+04,4.14650826e-02,1.60570573e-02,1.94170125e-02,5.99101276e-03
2.23700000e+04,4.14583997e-02,1.60551609e-02,1.94130628e-02,5.99017602e-03
2.23800000e+04,4.14517207e-02,1.60532670e-02,1.94091187e-02,5.98933508e-03
2.23900000e+04,4.14450611e-02,1.60513796e-02,1.94051805e-02,5.98850099e-03
2.24000000e+04,4.14384253e-02,1.60494955e-02,1.94012590e-02,5.98767073e-03
2.24100000e+04,4.14317955e-02,1.60476136e-02,1.93973459e-02,5.98683601e-03
2.24200000e+04,4.14251853e-02,1.60457402e-02,1.93934414e-02,5.98600369e-03
2.24300000e+04,4.14185985e-02,1.60438664e-02,1.93895526e-02,5.98517947e-03
2.24400000e+04,4.14120293e-02,1.60419963e-02,1.93856779e-02,5.98435510e-03
2.24500000e+04,4.14054774e-02,1.60401320e-02,1.93818124e-02,5.98353297e-03
2.24600000e+04,4.13989424e-02,1.60382714e-02,1.93779580e-02,5.98271296e-03
2.24700000e+04,4.13924209e-02,1.60364170e-02,1.93741164e-02,5.98188757e-03
2.24800000e+04,4.13859330e-02,1.60345637e-02,1.93702916e-02,5.98107764e-03
2.24900000e+04,4.13794467e-02,1.60327090e-02,1.93664738e-02,5.98026388e-03
2.25000000e+04,4.13729896e-02,1.60308691e-02,1.93626692e-02,5.97945130e-03
2.25100000e+04,4.13665457e-02,1.60290295e-02,1.93588752e-02,5.97864109e-03
2.25200000e+04,4.13601288e-02,1.60271982e-02,1.93550957e-02,5.97783494e-03
2.25300000e+04,4.13537264e-02,1.60253734e-02,1.93513255e-02,5.97702740e-03
2.25400000e+04,4.13473370e-02,1.60235537e-02,1.93475612e-02,5.97622204e-03
2.25500000e+04,4.13409710e-02,1.60217379e-02,1.93438092e-02,5.97542385e-03
2.25600000e+04,4.13346269e-02,1.60199246e-02,1.93400752e-02,5.97462708e-03
2.25700000e+04,4.13282786e-02,1.60181215e-02,1.93363308e-02,5.97382626e-03
2.25800000e+04,4.13219607e-02,1.60163164e-02,1.93326099e-02,5.97303445e-03
2.25900000e+04,4.13156674e-02,1.60145232e-02,1.93288977e-02,5.97224639e-03
2.26000000e+04,4.13093786e-02,1.60127333e-02,1.93251883e-02,5.97145704e-03
2.26100000e+04,4.13031019e-02,1.60109433e-02,1.93214928e-02,5.97066577e-03
2.26200000e+04,4.12968451e-02,1.60091616e-02,1.93178045e-02,5.96987904e-03
2.26300000e+04,4.12906038e-02,1.60073837e-02,1.93141220e-02,5.96909809e-03
2.26400000e+04,4.12843854e-02,1.60056119e-02,1.93104546e-02,5.96831887e-03
2.26500000e+04,4.12781647e-02,1.60038398e-02,1.93067898e-02,5.96753515e-03
2.26600000e+04,4.12719739e-02,1.60020812e-02,1.93031351e-02,5.96675765e-03
2.26700000e+04,4.12657898e-02,1.60003170e-02,1.92994904e-02,5.96598244e-03
2.26800000e+04,4.12596280e-02,1.59985666e-02,1.92958528e-02,5.96520868e-03
2.26900000e+04,4.12534713e-02,1.59968179e-02,1.92922237e-02,5.96442970e-03
2.27000000e+04,4.12473321e-02,1.59950651e-02,1.92886044e-02,5.96366258e-03
2.27100000e+04,4.12412208e-02,1.59933274e-02,1.92849991e-02,5.96289440e-03
2.27200000e+04,4.12351031e-02,1.59915818e-02,1.92813953e-02,5.96212598e-03
2.27300000e+04,4.12290053e-02,1.59898456e-02,1.92777971e-02,5.96136253e-03
2.27400000e+04,4.12229295e-02,1.59881158e-02,1.92742118e-02,5.96060202e-03
2.27500000e+04,4.12168728e-02,1.59863882e-02,1.92706436e-02,5.95984094e-03
2.27600000e+04,4.12108156e-02,1.59846605e-02,1.92670743e-02,5.95908082e-03
2.27700000e+04,4.12047806e-02,1.59829446e-02,1.92635133e-02,5.95832266e-03
2.27800000e+04,4.11987667e-02,1.59812301e-02,1.92599668e-02,5.95756979e-03
2.27900000e+04,4.11927677e-02,1.59795250e-02,1.92564260e-02,5.95681668e-03
2.28000000e+04,4.11867778e-02,1.59778093e-02,1.92528991e-02,5.95606936e-03
2.28100000e+04,4.11808101e-02,1.59761137e-02,1.92493782e-02,5.95531815e-03
2.28200000e+04,4.11748485e-02,1.59744169e-02,1.92458601e-02,5.95457152e-03
2.28300000e+04,4.11689038e-02,1.59727197e-02,1.92423562e-02,5.95382797e-03
2.28400000e+04,4.11629781e-02,1.59710326e-02,1.92388593e-02,5.95308619e-03
2.28500000e+04,4.11570638e-02,1.59693484e-02,1.92353680e-02,5.95234748e-03
2.28600000e+04,4.11511683e-02,1.59676663e-02,1.92318943e-02,5.95160768e-03
2.28700000e+04,4.11452724e-02,1.59659943e-02,1.92284096e-02,5.95086847e-03
2.28800000e+04,4.11393965e-02,1.59643260e-02,1.92249399e-02,5.95013059e-03
2.28900000e+04,4.11335391e-02,1.59626528e-02,1.92214891e-02,5.94939720e-03
2.29000000e+04,4.11277061e-02,1.59610004e-02,1.92180386e-02,5.94866717e-03
2.29100000e+04,4.11218669e-02,1.59593410e-02,1.92145872e-02,5.94793866e-03
2.29200000e+04,4.11160451e-02,1.59576855e-02,1.92111470e-02,5.94721271e-03
2.29300000e+04,4.11102491e-02,1.59560389e-02,1.92077248e-02,5.94648538e-03
2.29400000e+04,4.11044577e-02,1.59543953e-02,1.92043012e-02,5.94576116e-03
2.29500000e+04,4.10986902e-02,1.59527592e-02,1.92008898e-02,5.94504121e-03
2.29600000e+04,4.10929183e-02,1.59511167e-02,1.91974886e-02,5.94431304e-03
2.29700000e+04,4.10871727e-02,1.59494789e-02,1.91940945e-02,5.94359930e-03
2.29800000e+04,4.10814307e-02,1.59478464e-02,1.91907086e-02,5.94287566e-03
2.29900000e+04,4.10757199e-02,1.59462237e-02,1.91873353e-02,5.94216088e-03
2.30000000e+04,4.10700080e-02,1.59446001e-02,1.91839617e-02,5.94144621e-03
2.30100000e+04,4.10643232e-02,1.59429823e-02,1.91806067e-02,5.94073415e-03
2.30200000e+04,4.10586425e-02,1.59413646e-02,1.91772565e-02,5.94002131e-03
2.30300000e+04,4.10529834e-02,1.59397527e-02,1.91739195e-02,5.93931123e-03
2.30400000e+04,4.10473421e-02,1.59381485e-02,1.91705863e-02,5.93860739e-03
2.30500000e+04,4.10417137e-02,1.59365397e-02,1.91672704e-02,5.93790360e-03
2.30600000e+04,4.10360970e-02,1.59349428e-02,1.91639563e-02,5.93719788e-03
2.30700000e+04,4.10305034e-02,1.59333449e-02,1.91606622e-02,5.93649625e-03
2.30800000e+04,4.10249295e-02,1.59317559e-02,1.91573739e-02,5.93579967e-03
2.30900000e+04,4.10193611e-02,1.59301648e-02,1.91540952e-02,5.93510104e-03
2.31000000e+04,4.10138167e-02,1.59285765e-02,1.91508371e-02,5.93440312e-03
2.31100000e+04,4.10083064e-02,1.59270089e-02,1.91475825e-02,5.93371490e-03
2.31200000e+04,4.10027890e-02,1.59254299e-02,1.91443383e-02,5.93302085e-03
2.31300000e+04,4.09973089e-02,1.59238626e-02,1.91411137e-02,5.93233252e-03
2.31400000e+04,4.09918337e-02,1.59222990e-02,1.91378944e-02,5.93164031e-03
2.31500000e+04,4.09863749e-02,1.59207389e-02,1.91346797e-02,5.93095626e-03
2.31600000e+04,4.09809328e-02,1.59191834e-02,1.91314802e-02,5.93026924e-03
2.31700000e+04,4.09755172e-02,1.59176357e-02,1.91282912e-02,5.92959028e-03
2.31800000e+04,4.09701009e-02,1.59160906e-02,1.91251013e-02,5.92890902e-03
2.31900000e+04,4.09647220e-02,1.59145581e-02,1.91219265e-02,5.92823738e-03
2.32000000e+04,4.09593351e-02,1.59130236e-02,1.91187565e-02,5.92755504e-03
2.32100000e+04,4.09539696e-02,1.59114982e-02,1.91155849e-02,5.92688651e-03
2.32200000e+04,4.09486177e-02,1.59099798e-02,1.91124291e-02,5.92620874e-03
2.32300000e+04,4.09432742e-02,1.59084569e-02,1.91092763e-02,5.92554098e-03
2.32400000e+04,4.09379512e-02,1.59069456e-02,1.91061331e-02,5.92487251e-03
2.32500000e+04,4.09326284e-02,1.59054367e-02,1.91029930e-02,5.92419861e-03
2.32600000e+04,4.09273288e-02,1.59039332e-02,1.90998630e-02,5.92353262e-03
2.32700000e+04,4.09220424e-02,1.59024342e-02,1.90967392e-02,5.92286902e-03
2.32800000e+04,4.09167608e-02,1.59009364e-02,1.90936208e-02,5.92220363e-03
2.32900000e+04,4.09114922e-02,1.58994383e-02,1.90905150e-02,5.92153894e-03
2.33000000e+04,4.09062346e-02,1.58979468e-02,1.90874055e-02,5.92088230e-03
2.33100000e+04,4.09009874e-02,1.58964635e-02,1.90843043e-02,5.92021958e-03
2.33200000e+04,4.08957593e-02,1.58949870e-02,1.90812111e-02,5.91956122e-03
2.33300000e+04,4.08905330e-02,1.58935016e-02,1.90781251e-02,5.91890620e-03
2.33400000e+04,4.08853173e-02,1.58920266e-02,1.90750401e-02,5.91825049e-03
2.33500000e+04,4.08801193e-02,1.58905561e-02,1.90719649e-02,5.91759835e-03
2.33600000e+04,4.08749135e-02,1.58890835e-02,1.90688888e-02,5.91694119e-03
2.33700000e+04,4.08697239e-02,1.58876157e-02,1.90658226e-02,5.91628554e-03
2.33800000e+04,4.08645507e-02,1.58861559e-02,1.90627600e-02,5.91563486e-03
2.33900000e+04,4.08593771e-02,1.58846997e-02,1.90596950e-02,5.91498235e-03
2.34000000e+04,4.08542136e-02,1.58832382e-02,1.90566386e-02,5.91433682e-03
2.34100000e+04,4.08490502e-02,1.58817832e-02,1.90535825e-02,5.91368455e-03
2.34200000e+04,4.08438992e-02,1.58803324e-02,1.90505306e-02,5.91303612e-03
2.34300000e+04,4.08387579e-02,1.58788812e-02,1.90474846e-02,5.91239221e-03
2.34400000e+04,4.08336239e-02,1.58774378e-02,1.90444401e-02,5.91174607e-03
2.34500000e+04,4.08284953e-02,1.58759929e-02,1.90414012e-02,5.91110117e-03
2.34600000e+04,4.08233767e-02,1.58745504e-02,1.90383659e-02,5.91046042e-03
2.34700000e+04,4.08182609e-02,1.58731136e-02,1.90353320e-02,5.90981537e-03
2.34800000e+04,4.08131431e-02,1.58716731e-02,1.90322976e-02,5.90917246e-03
2.34900000e+04,4.08080439e-02,1.58702356e-02,1.90292765e-02,5.90853183e-03
2.35000000e+04,4.08029531e-02,1.58688032e-02,1.90262538e-02,5.90789611e-03
2.35100000e+04,4.07978556e-02,1.58673625e-02,1.90232390e-02,5.90725414e-03
2.35200000e+04,4.07927733e-02,1.58659323e-02,1.90202162e-02,5.90662484e-03
2.35300000e+04,4.07876944e-02,1.58645027e-02,1.90172091e-02,5.90598261e-03
2.35400000e+04,4.07826252e-02,1.58630720e-02,1.90142062e-02,5.90534707e-03
2.35500000e+04,4.07775724e-02,1.58616451e-02,1.90112087e-02,5.90471858e-03
2.35600000e+04,4.07725097e-02,1.58602186e-02,1.90082075e-02,5.90408368e-03
2.35700000e+04,4.07674737e-02,1.58588013e-02,1.90052206e-02,5.90345178e-03
2.35800000e+04,4.07624358e-02,1.58573804e-02,1.90022358e-02,5.90281963e-03
2.35900000e+04,4.07574104e-02,1.58559616e-02,1.89992569e-02,5.90219193e-03
2.36000000e+04,4.07523924e-02,1.58545420e-02,1.89962829e-02,5.90156752e-03
2.36100000e+04,4.07473865e-02,1.58531278e-02,1.89933252e-02,5.90093362e-03
2.36200000e+04,4.07423877e-02,1.58517096e-02,1.89903660e-02,5.90031208e-03
2.36300000e+04,4.07374078e-02,1.58502979e-02,1.89874203e-02,5.89968969e-03
2.36400000e+04,4.07324270e-02,1.58488891e-02,1.89844750e-02,5.89906288e-03
2.36500000e+04,4.07274657e-02,1.58474808e-02,1.89815461e-02,5.89843869e-03
2.36600000e+04,4.07225202e-02,1.58460761e-02,1.89786204e-02,5.89782370e-03
2.36700000e+04,4.07175793e-02,1.58446701e-02,1.89756989e-02,5.89721034e-03
2.36800000e+04,4.07126491e-02,1.58432688e-02,1.89727932e-02,5.89658707e-03
2.36900000e+04,4.07077209e-02,1.58418640e-02,1.89698854e-02,5.89597145e-03
2.37000000e+04,4.07028154e-02,1.58404724e-02,1.89669832e-02,5.89535980e-03
2.37100000e+04,4.06979240e-02,1.58390815e-02,1.89640962e-02,5.89474624e-03
2.37200000e+04,4.06930354e-02,1.58376887e-02,1.89612122e-02,5.89413458e-03
2.37300000e+04,4.06881610e-02,1.58363014e-02,1.89583339e-02,5.89352574e-03
2.37400000e+04,4.06832984e-02,1.58349133e-02,1.89554684e-02,5.89291663e-03
2.37500000e+04,4.06784486e-02,1.58335299e-02,1.89526043e-02,5.89231435e-03
2.37600000e+04,4.06736068e-02,1.58321484e-02,1.89497519e-02,5.89170650e-03
2.37700000e+04,4.06687839e-02,1.58307713e-02,1.89469096e-02,5.89110302e-03
2.37800000e+04,4.06639739e-02,1.58293959e-02,1.89440729e-02,5.89050503e-03
2.37900000e+04,4.06591774e-02,1.58280251e-02,1.89412465e-02,5.88990584e-03
2.38000000e+04,4.06543860e-02,1.58266511e-02,1.89384324e-02,5.88930248e-03
2.38100000e+04,4.06496310e-02,1.58252884e-02,1.89356328e-02,5.88870976e-03
2.38200000e+04,4.06448813e-02,1.58239263e-02,1.89328388e-02,5.88811619e-03
2.38300000e+04,4.06401506e-02,1.58225640e-02,1.89300613e-02,5.88752521e-03
2.38400000e+04,4.06354431e-02,1.58212131e-02,1.89272933e-02,5.88693668e-03
2.38500000e+04,4.06307428e-02,1.58198586e-02,1.89245383e-02,5.88634584e-03
2.38600000e+04,4.06260640e-02,1.58185134e-02,1.89217947e-02,5.88575579e-03
2.38700000e+04,4.06214116e-02,1.58171717e-02,1.89190655e-02,5.88517441e-03
2.38800000e+04,4.06167550e-02,1.58158312e-02,1.89163324e-02,5.88459136e-03
2.38900000e+04,4.06121293e-02,1.58145022e-02,1.89136160e-02,5.88401107e-03
2.39000000e+04,4.06075135e-02,1.58131748e-02,1.89109048e-02,5.88343386e-03
2.39100000e+04,4.06029177e-02,1.58118573e-02,1.89082057e-02,5.88285467e-03
2.39200000e+04,4.05983271e-02,1.58105369e-02,1.89055091e-02,5.88228104e-03
2.39300000e+04,4.05937432e-02,1.58092211e-02,1.89028145e-02,5.88170764e-03
2.39400000e+04,4.05891750e-02,1.58079143e-02,1.89001270e-02,5.88113357e-03
2.39500000e+04,4.05846147e-02,1.58066072e-02,1.88974443e-02,5.88056324e-03
2.39600000e+04,4.05800695e-02,1.58053143e-02,1.88947659e-02,5.87998929e-03
2.39700000e+04,4.05755393e-02,1.58040199e-02,1.88920965e-02,5.87942288e-03
2.39800000e+04,4.05710118e-02,1.58027260e-02,1.88894300e-02,5.87885585e-03
2.39900000e+04,4.05664973e-02,1.58014426e-02,1.88867638e-02,5.87829096e-03
2.40000000e+04,4.05619967e-02,1.58001588e-02,1.88841141e-02,5.87772379e-03
2.40100000e+04,4.05574917e-02,1.57988737e-02,1.88814564e-02,5.87716162e-03
2.40200000e+04,4.05530105e-02,1.57975966e-02,1.88788165e-02,5.87659747e-03
2.40300000e+04,4.05485404e-02,1.57963173e-02,1.88761833e-02,5.87603969e-03
2.40400000e+04,4.05440850e-02,1.57950479e-02,1.88735549e-02,5.87548219e-03
2.40500000e+04,4.05396317e-02,1.57937752e-02,1.88709324e-02,5.87492408e-03
2.40600000e+04,4.05351815e-02,1.57924986e-02,1.88683155e-02,5.87436739e-03
2.40700000e+04,4.05307628e-02,1.57912444e-02,1.88657068e-02,5.87381156e-03
2.40800000e+04,4.05263434e-02,1.57899799e-02,1.88631018e-02,5.87326167e-03
2.40900000e+04,4.05219323e-02,1.57887186e-02,1.88605061e-02,5.87270760e-03
2.41000000e+04,4.05175357e-02,1.57874635e-02,1.88579141e-02,5.87215808e-03
2.41100000e+04,4.05131464e-02,1.57862124e-02,1.88553302e-02,5.87160377e-03
2.41200000e+04,4.05087597e-02,1.57849605e-02,1.88527447e-02,5.87105443e-03
2.41300000e+04,4.05043880e-02,1.57837165e-02,1.88501678e-02,5.87050364e-03
2.41400000e+04,4.05000301e-02,1.57824730e-02,1.88475946e-02,5.86996250e-03
2.41500000e+04,4.04956761e-02,1.57812293e-02,1.88450287e-02,5.86941807e-03
2.41600000e+04,4.04913304e-02,1.57799893e-02,1.88424702e-02,5.86887095e-03
2.41700000e+04,4.04869918e-02,1.57787469e-02,1.88399102e-02,5.86833473e-03
2.41800000e+04,4.04826755e-02,1.57775184e-02,1.88373642e-02,5.86779289e-03
2.41900000e+04,4.04783463e-02,1.57762748e-02,1.88348204e-02,5.86725115e-03
2.42000000e+04,4.04740433e-02,1.57750470e-02,1.88322828e-02,5.86671355e-03
2.42100000e+04,4.04697462e-02,1.57738189e-02,1.88297527e-02,5.86617453e-03
2.42200000e+04,4.04654679e-02,1.57725919e-02,1.88272328e-02,5.86564320e-03
2.42300000e+04,4.04611908e-02,1.57713703e-02,1.88247135e-02,5.86510698e-03
2.42400000e+04,4.04569277e-02,1.57701484e-02,1.88222057e-02,5.86457358e-03
2.42500000e+04,4.04526872e-02,1.57689319e-02,1.88197158e-02,5.86403951e-03
2.42600000e+04,4.04484526e-02,1.57677123e-02,1.88172258e-02,5.86351453e-03
2.42700000e+04,4.04442321e-02,1.57665023e-02,1.88147450e-02,5.86298484e-03
2.42800000e+04,4.04400263e-02,1.57652918e-02,1.88122740e-02,5.86246051e-03
2.42900000e+04,4.04358210e-02,1.57640841e-02,1.88098026e-02,5.86193432e-03
2.43000000e+04,4.04316402e-02,1.57628852e-02,1.88073436e-02,5.86141138e-03
2.43100000e+04,4.04274663e-02,1.57616878e-02,1.88048893e-02,5.86088920e-03
2.43200000e+04,4.04233033e-02,1.57604946e-02,1.88024370e-02,5.86037172e-03
2.43300000e+04,4.04191447e-02,1.57593072e-02,1.87999866e-02,5.85985089e-03
2.43400000e+04,4.04150012e-02,1.57581255e-02,1.87975397e-02,5.85933604e-03
2.43500000e+04,4.04108670e-02,1.57569449e-02,1.87951068e-02,5.85881537e-03
2.43600000e+04,4.04067357e-02,1.57557637e-02,1.87926661e-02,5.85830581e-03
2.43700000e+04,4.04026166e-02,1.57545952e-02,1.87902308e-02,5.85779066e-03
2.43800000e+04,4.03985032e-02,1.57534215e-02,1.87878065e-02,5.85727518e-03
2.43900000e+04,4.03943968e-02,1.57522556e-02,1.87853754e-02,5.85676580e-03
2.44000000e+04,4.03902986e-02,1.57510876e-02,1.87829584e-02,5.85625264e-03
2.44100000e+04,4.03862123e-02,1.57499305e-02,1.87805417e-02,5.85574013e-03
2.44200000e+04,4.03821343e-02,1.57487683e-02,1.87781324e-02,5.85523349e-03
2.44300000e+04,4.03780676e-02,1.57476152e-02,1.87757268e-02,5.85472563e-03
2.44400000e+04,4.03740007e-02,1.57464605e-02,1.87733251e-02,5.85421507e-03
2.44500000e+04,4.03699467e-02,1.57453046e-02,1.87709328e-02,5.85370931e-03
2.44600000e+04,4.03659024e-02,1.57441564e-02,1.87685375e-02,5.85320844e-03
2.44700000e+04,4.03618627e-02,1.57430039e-02,1.87661600e-02,5.85269876e-03
2.44800000e+04,4.03578451e-02,1.57418645e-02,1.87637853e-02,5.85219531e-03
2.44900000e+04,4.03538324e-02,1.57407168e-02,1.87614179e-02,5.85169766e-03
2.45000000e+04,4.03498287e-02,1.57395778e-02,1.87590561e-02,5.85119483e-03
2.45100000e+04,4.03458335e-02,1.57384359e-02,1.87567014e-02,5.85069630e-03
2.45200000e+04,4.03418500e-02,1.57373022e-02,1.87543523e-02,5.85019549e-03
2.45300000e+04,4.03378854e-02,1.57361704e-02,1.87520123e-02,5.84970265e-03
2.45400000e+04,4.03339220e-02,1.57350443e-02,1.87496736e-02,5.84920405e-03
2.45500000e+04,4.03299651e-02,1.57339159e-02,1.87473383e-02,5.84871094e-03
2.45600000e+04,4.03260110e-02,1.57327868e-02,1.87450091e-02,5.84821505e-03
2.45700000e+04,4.03220631e-02,1.57316634e-02,1.87426749e-02,5.84772476e-03
2.45800000e+04,4.03181442e-02,1.57305483e-02,1.87403594e-02,5.84723652e-03
2.45900000e+04,4.03142166e-02,1.57294298e-02,1.87380421e-02,5.84674468e-03
2.46000000e+04,4.03102951e-02,1.57283128e-02,1.87357253e-02,5.84625697e-03
2.46100000e+04,4.03063933e-02,1.57272039e-02,1.87334196e-02,5.84576983e-03
2.46200000e+04,4.03025011e-02,1.57260842e-02,1.87311283e-02,5.84528862e-03
2.46300000e+04,4.02986071e-02,1.57249829e-02,1.87288290e-02,5.84479515e-03
2.46400000e+04,4.02947347e-02,1.57238740e-02,1.87265429e-02,5.84431769e-03
2.46500000e+04,4.02908677e-02,1.57227705e-02,1.87242603e-02,5.84383695e-03
2.46600000e+04,4.02870090e-02,1.57216676e-02,1.87219873e-02,5.84335409e-03
2.46700000e+04,4.02831627e-02,1.57205623e-02,1.87197298e-02,5.84287063e-03
2.46800000e+04,4.02793414e-02,1.57194675e-02,1.87174807e-02,5.84239317e-03
2.46900000e+04,4.02755282e-02,1.57183698e-02,1.87152378e-02,5.84192056e-03
2.47000000e+04,4.02717402e-02,1.57172851e-02,1.87130105e-02,5.84144469e-03
2.47100000e+04,4.02679619e-02,1.57161902e-02,1.87107984e-02,5.84097327e-03
2.47200000e+04,4.02642050e-02,1.57151073e-02,1.87085938e-02,5.84050381e-03
2.47300000e+04,4.02604697e-02,1.57140236e-02,1.87064147e-02,5.84003137e-03
2.47400000e+04,4.02567475e-02,1.57129478e-02,1.87042361e-02,5.83956361e-03
2.47500000e+04,4.02530422e-02,1.57118743e-02,1.87020719e-02,5.83909602e-03
2.47600000e+04,4.02493524e-02,1.57108081e-02,1.86999113e-02,5.83863297e-03
2.47700000e+04,4.02456817e-02,1.57097469e-02,1.86977590e-02,5.83817575e-03
2.47800000e+04,4.02420225e-02,1.57087003e-02,1.86956099e-02,5.83771234e-03
2.47900000e+04,4.02383617e-02,1.57076432e-02,1.86934626e-02,5.83725589e-03
2.48000000e+04,4.02347286e-02,1.57066007e-02,1.86913277e-02,5.83680021e-03
2.48100000e+04,4.02310932e-02,1.57055599e-02,1.86891915e-02,5.83634178e-03
2.48200000e+04,4.02274695e-02,1.57045253e-02,1.86870578e-02,5.83588640e-03
2.48300000e+04,4.02238499e-02,1.57034953e-02,1.86849188e-02,5.83543582e-03
2.48400000e+04,4.02202418e-02,1.57024640e-02,1.86827949e-02,5.83498291e-03
2.48500000e+04,4.02166326e-02,1.57014322e-02,1.86806691e-02,5.83453135e-03
2.48600000e+04,4.02130445e-02,1.57004155e-02,1.86785467e-02,5.83408232e-03
2.48700000e+04,4.02094585e-02,1.56993973e-02,1.86764304e-02,5.83363072e-03
2.48800000e+04,4.02058789e-02,1.56983798e-02,1.86743157e-02,5.83318340e-03
2.48900000e+04,4.02023053e-02,1.56973662e-02,1.86722082e-02,5.83273091e-03
2.49000000e+04,4.01987361e-02,1.56963520e-02,1.86700954e-02,5.83228874e-03
2.49100000e+04,4.01951883e-02,1.56953475e-02,1.86679940e-02,5.83184680e-03
2.49200000e+04,4.01916179e-02,1.56943303e-02,1.86658929e-02,5.83139473e-03
2.49300000e+04,4.01880869e-02,1.56933295e-02,1.86638031e-02,5.83095425e-03
2.49400000e+04,4.01845518e-02,1.56923245e-02,1.86617173e-02,5.83050990e-03
2.49500000e+04,4.01810179e-02,1.56913238e-02,1.86596297e-02,5.83006442e-03
2.49600000e+04,4.01775098e-02,1.56903308e-02,1.86575552e-02,5.82962382e-03
2.49700000e+04,4.01740012e-02,1.56893301e-02,1.86554905e-02,5.82918065e-03
2.49800000e+04,4.01705176e-02,1.56883420e-02,1.86534293e-02,5.82874636e-03
2.49900000e+04,4.01670292e-02,1.56873459e-02,1.86513787e-02,5.82830467e-03
2.50000000e+04,4.01635506e-02,1.56863595e-02,1.86493255e-02,5.82786559e-03
2.50100000e+04,4.01600824e-02,1.56853726e-02,1.86472783e-02,5.82743144e-03
2.50200000e+04,4.01566223e-02,1.56843911e-02,1.86452394e-02,5.82699182e-03
2.50300000e+04,4.01531666e-02,1.56834078e-02,1.86431984e-02,5.82656033e-03
2.50400000e+04,4.01497085e-02,1.56824273e-02,1.86411604e-02,5.82612080e-03
2.50500000e+04,4.01462677e-02,1.56814524e-02,1.86391277e-02,5.82568761e-03
2.50600000e+04,4.01428341e-02,1.56804802e-02,1.86370927e-02,5.82526118e-03
2.50700000e+04,4.01394100e-02,1.56795138e-02,1.86350666e-02,5.82482956e-03
2.50800000e+04,4.01359732e-02,1.56785373e-02,1.86330386e-02,5.82439732e-03
2.50900000e+04,4.01325618e-02,1.56775741e-02,1.86310184e-02,5.82396934e-03
2.51000000e+04,4.01291473e-02,1.56766082e-02,1.86290009e-02,5.82353814e-03
2.51100000e+04,4.01257250e-02,1.56756373e-02,1.86269789e-02,5.82310879e-03
2.51200000e+04,4.01223254e-02,1.56746806e-02,1.86249616e-02,5.82268322e-03
2.51300000e+04,4.01189175e-02,1.56737122e-02,1.86229475e-02,5.82225778e-03
2.51400000e+04,4.01155192e-02,1.56727576e-02,1.86209331e-02,5.82182850e-03
2.51500000e+04,4.01121176e-02,1.56718011e-02,1.86189177e-02,5.82139889e-03
2.51600000e+04,4.01087357e-02,1.56708508e-02,1.86169119e-02,5.82097296e-03
2.51700000e+04,4.01053368e-02,1.56698894e-02,1.86149005e-02,5.82054686e-03
2.51800000e+04,4.01019534e-02,1.56689357e-02,1.86128987e-02,5.82011903e-03
2.51900000e+04,4.00985712e-02,1.56679855e-02,1.86108941e-02,5.81969167e-03
2.52000000e+04,4.00951837e-02,1.56670314e-02,1.86088858e-02,5.81926655e-03
2.52100000e+04,4.00918172e-02,1.56660861e-02,1.86068854e-02,5.81884570e-03
2.52200000e+04,4.00884412e-02,1.56651350e-02,1.86048857e-02,5.81842051e-03
2.52300000e+04,4.00850633e-02,1.56641836e-02,1.86028832e-02,5.81799643e-03
2.52400000e+04,4.00816963e-02,1.56632388e-02,1.86008838e-02,5.81757372e-03
2.52500000e+04,4.00783206e-02,1.56622909e-02,1.85988794e-02,5.81715031e-03
2.52600000e+04,4.00749587e-02,1.56613443e-02,1.85968866e-02,5.81672782e-03
2.52700000e+04,4.00715937e-02,1.56603941e-02,1.85948961e-02,5.81630353e-03
2.52800000e+04,4.00682341e-02,1.56594496e-02,1.85928971e-02,5.81588742e-03
2.52900000e+04,4.00648767e-02,1.56585085e-02,1.85909073e-02,5.81546089e-03
2.53000000e+04,4.00615128e-02,1.56575566e-02,1.85889123e-02,5.81504387e-03
2.53100000e+04,4.00581631e-02,1.56566129e-02,1.85869295e-02,5.81462069e-03
2.53200000e+04,4.00548161e-02,1.56556718e-02,1.85849395e-02,5.81420483e-03
2.53300000e+04,4.00514720e-02,1.56547305e-02,1.85829482e-02,5.81379327e-03
2.53400000e+04,4.00481324e-02,1.56537802e-02,1.85809778e-02,5.81337442e-03
2.53500000e+04,4.00447969e-02,1.56528427e-02,1.85789986e-02,5.81295562e-03
2.53600000e+04,4.00414601e-02,1.56519014e-02,1.85770198e-02,5.81253893e-03
2.53700000e+04,4.00381306e-02,1.56509571e-02,1.85750492e-02,5.81212429e-03
2.53800000e+04,4.00348106e-02,1.56500127e-02,1.85730865e-02,5.81171130e-03
2.53900000e+04,4.00314913e-02,1.56490775e-02,1.85711174e-02,5.81129641e-03
2.54000000e+04,4.00281838e-02,1.56481417e-02,1.85691622e-02,5.81087993e-03
2.54100000e+04,4.00248738e-02,1.56472031e-02,1.85672007e-02,5.81047001e-03
2.54200000e+04,4.00215687e-02,1.56462632e-02,1.85652502e-02,5.81005531e-03
2.54300000e+04,4.00182705e-02,1.56453341e-02,1.85632929e-02,5.80964343e-03
2.54400000e+04,4.00149700e-02,1.56443988e-02,1.85613405e-02,5.80923065e-03
2.54500000e+04,4.00116767e-02,1.56434631e-02,1.85593975e-02,5.80881608e-03
2.54600000e+04,4.00084007e-02,1.56425356e-02,1.85574551e-02,5.80841005e-03
2.54700000e+04,4.00051238e-02,1.56416083e-02,1.85555167e-02,5.80799882e-03
2.54800000e+04,4.00018609e-02,1.56406789e-02,1.85535893e-02,5.80759270e-03
2.54900000e+04,3.99986010e-02,1.56397513e-02,1.85516622e-02,5.80718746e-03
2.55000000e+04,3.99953512e-02,1.56388276e-02,1.85497456e-02,5.80677802e-03
2.55100000e+04,3.99921038e-02,1.56379006e-02,1.85478367e-02,5.80636641e-03
2.55200000e+04,3.99888776e-02,1.56369783e-02,1.85459347e-02,5.80596463e-03
2.55300000e+04,3.99856595e-02,1.56360527e-02,1.85440412e-02,5.80556560e-03
2.55400000e+04,3.99824469e-02,1.56351375e-02,1.85421470e-02,5.80516233e-03
2.55500000e+04,3.99792466e-02,1.56342242e-02,1.85402593e-02,5.80476318e-03
2.55600000e+04,3.99760491e-02,1.56333041e-02,1.85383854e-02,5.80435950e-03
2.55700000e+04,3.99728604e-02,1.56323929e-02,1.85365062e-02,5.80396130e-03
2.55800000e+04,3.99696793e-02,1.56314928e-02,1.85346253e-02,5.80356118e-03
2.55900000e+04,3.99665004e-02,1.56305812e-02,1.85327517e-02,5.80316751e-03
2.56000000e+04,3.99633243e-02,1.56296761e-02,1.85308798e-02,5.80276842e-03
2.56100000e+04,3.99601555e-02,1.56287713e-02,1.85290118e-02,5.80237244e-03
2.56200000e+04,3.99569978e-02,1.56278719e-02,1.85271458e-02,5.80198007e-03
2.56300000e+04,3.99538392e-02,1.56269724e-02,1.85252852e-02,5.80158160e-03
2.56400000e+04,3.99506924e-02,1.56260745e-02,1.85234263e-02,5.80119162e-03
2.56500000e+04,3.99475458e-02,1.56251740e-02,1.85215685e-02,5.80080335e-03
2.56600000e+04,3.99443950e-02,1.56242707e-02,1.85197115e-02,5.80041278e-03
2.56700000e+04,3.99412673e-02,1.56233812e-02,1.85178645e-02,5.80002170e-03
2.56800000e+04,3.99381357e-02,1.56224886e-02,1.85160210e-02,5.79962610e-03
2.56900000e+04,3.99350004e-02,1.56215905e-02,1.85141709e-02,5.79923890e-03
2.57000000e+04,3.99318896e-02,1.56206981e-02,1.85123391e-02,5.79885237e-03
2.57100000e+04,3.99287840e-02,1.56198093e-02,1.85105072e-02,5.79846756e-03
2.57200000e+04,3.99256753e-02,1.56189185e-02,1.85086795e-02,5.79807723e-03
2.57300000e+04,3.99225785e-02,1.56180292e-02,1.85068535e-02,5.79769576e-03
2.57400000e+04,3.99194952e-02,1.56171491e-02,1.85050365e-02,5.79730961e-03
2.57500000e+04,3.99164031e-02,1.56162644e-02,1.85032164e-02,5.79692228e-03
2.57600000e+04,3.99133327e-02,1.56153776e-02,1.85014118e-02,5.79654324e-03
2.57700000e+04,3.99102777e-02,1.56144952e-02,1.84996167e-02,5.79616581e-03
2.57800000e+04,3.99072340e-02,1.56136144e-02,1.84978326e-02,5.79578704e-03
2.57900000e+04,3.99042107e-02,1.56127401e-02,1.84960604e-02,5.79541019e-03
2.58000000e+04,3.99011990e-02,1.56118629e-02,1.84943019e-02,5.79503417e-03
2.58100000e+04,3.98982049e-02,1.56109910e-02,1.84925560e-02,5.79465790e-03
2.58200000e+04,3.98952354e-02,1.56101169e-02,1.84908354e-02,5.79428314e-03
2.58300000e+04,3.98922857e-02,1.56092535e-02,1.84891155e-02,5.79391671e-03
2.58400000e+04,3.98893611e-02,1.56083954e-02,1.84874173e-02,5.79354837e-03
2.58500000e+04,3.98864544e-02,1.56075462e-02,1.84857244e-02,5.79318372e-03
2.58600000e+04,3.98835519e-02,1.56066985e-02,1.84840397e-02,5.79281380e-03
2.58700000e+04,3.98806660e-02,1.56058619e-02,1.84823502e-02,5.79245387e-03
2.58800000e+04,3.98777963e-02,1.56050284e-02,1.84806692e-02,5.79209859e-03
2.58900000e+04,3.98749214e-02,1.56041982e-02,1.84789904e-02,5.79173276e-03
2.59000000e+04,3.98720620e-02,1.56033725e-02,1.84773114e-02,5.79137814e-03
2.59100000e+04,3.98692107e-02,1.56025545e-02,1.84756389e-02,5.79101728e-03
2.59200000e+04,3.98663588e-02,1.56017358e-02,1.84739597e-02,5.79066328e-03
2.59300000e+04,3.98635244e-02,1.56009204e-02,1.84722916e-02,5.79031236e-03
2.59400000e+04,3.98606801e-02,1.56001040e-02,1.84706189e-02,5.78995716e-03
2.59500000e+04,3.98578452e-02,1.55992937e-02,1.84689461e-02,5.78960541e-03
2.59600000e+04,3.98550162e-02,1.55984858e-02,1.84672830e-02,5.78924743e-03
2.59700000e+04,3.98521963e-02,1.55976798e-02,1.84656235e-02,5.78889300e-03
2.59800000e+04,3.98493720e-02,1.55968702e-02,1.84639581e-02,5.78854382e-03
2.59900000e+04,3.98465689e-02,1.55960666e-02,1.84623096e-02,5.78819269e-03
2.60000000e+04,3.98437484e-02,1.55952641e-02,1.84606479e-02,5.78783645e-03
2.60100000e+04,3.98409548e-02,1.55944672e-02,1.84589992e-02,5.78748841e-03
2.60200000e+04,3.98381495e-02,1.55936668e-02,1.84573481e-02,5.78713458e-03
2.60300000e+04,3.98353564e-02,1.55928709e-02,1.84556964e-02,5.78678915e-03
2.60400000e+04,3.98325655e-02,1.55920719e-02,1.84540525e-02,5.78644106e-03
2.60500000e+04,3.98297813e-02,1.55912830e-02,1.84524075e-02,5.78609078e-03
2.60600000e+04,3.98269933e-02,1.55904841e-02,1.84507653e-02,5.78574390e-03
2.60700000e+04,3.98242150e-02,1.55896979e-02,1.84491218e-02,5.78539529e-03
2.60800000e+04,3.98214406e-02,1.55889070e-02,1.84474859e-02,5.78504777e-03
2.60900000e+04,3.98186820e-02,1.55881224e-02,1.84458528e-02,5.78470674e-03
2.61000000e+04,3.98159189e-02,1.55873357e-02,1.84442277e-02,5.78435548e-03
2.61100000e+04,3.98131609e-02,1.55865511e-02,1.84426017e-02,5.78400816e-03
2.61200000e+04,3.98104178e-02,1.55857637e-02,1.84409863e-02,5.78366776e-03
2.61300000e+04,3.98076849e-02,1.55849813e-02,1.84393817e-02,5.78332185e-03
2.61400000e+04,3.98049689e-02,1.55842010e-02,1.84377868e-02,5.78298112e-03
2.61500000e+04,3.98022530e-02,1.55834218e-02,1.84361933e-02,5.78263784e-03
2.61600000e+04,3.97995536e-02,1.55826451e-02,1.84346071e-02,5.78230134e-03
2.61700000e+04,3.97968524e-02,1.55818685e-02,1.84330234e-02,5.78196050e-03
2.61800000e+04,3.97941756e-02,1.55811008e-02,1.84314520e-02,5.78162277e-03
2.61900000e+04,3.97914927e-02,1.55803311e-02,1.84298767e-02,5.78128494e-03
2.62000000e+04,3.97888237e-02,1.55795680e-02,1.84283069e-02,5.78094875e-03
2.62100000e+04,3.97861544e-02,1.55788087e-02,1.84267325e-02,5.78061322e-03
2.62200000e+04,3.97834790e-02,1.55780412e-02,1.84251606e-02,5.78027719e-03
2.62300000e+04,3.97808248e-02,1.55772852e-02,1.84235953e-02,5.77994422e-03
2.62400000e+04,3.97781631e-02,1.55765216e-02,1.84220294e-02,5.77961206e-03
2.62500000e+04,3.97755129e-02,1.55757661e-02,1.84204662e-02,5.77928062e-03
2.62600000e+04,3.97728582e-02,1.55750149e-02,1.84188960e-02,5.77894725e-03
2.62700000e+04,3.97702132e-02,1.55742587e-02,1.84173352e-02,5.77861925e-03
2.62800000e+04,3.97675716e-02,1.55735072e-02,1.84157779e-02,5.77828638e-03
2.62900000e+04,3.97649371e-02,1.55727498e-02,1.84142261e-02,5.77796113e-03
2.63000000e+04,3.97622957e-02,1.55720013e-02,1.84126620e-02,5.77763248e-03
2.63100000e+04,3.97596677e-02,1.55712471e-02,1.84111156e-02,5.77730509e-03
2.63200000e+04,3.97570404e-02,1.55704960e-02,1.84095719e-02,5.77697245e-03
2.63300000e+04,3.97544209e-02,1.55697495e-02,1.84080264e-02,5.77664509e-03
2.63400000e+04,3.97518036e-02,1.55689982e-02,1.84064853e-02,5.77632004e-03
2.63500000e+04,3.97491919e-02,1.55682542e-02,1.84049431e-02,5.77599459e-03
2.63600000e+04,3.97465778e-02,1.55675068e-02,1.84034018e-02,5.77566922e-03
2.63700000e+04,3.97439771e-02,1.55667659e-02,1.84018704e-02,5.77534086e-03
2.63800000e+04,3.97413781e-02,1.55660183e-02,1.84003425e-02,5.77501723e-03
2.63900000e+04,3.97387723e-02,1.55652730e-02,1.83988061e-02,5.77469326e-03
2.64000000e+04,3.97361859e-02,1.55645332e-02,1.83972799e-02,5.77437285e-03
2.64100000e+04,3.97335932e-02,1.55637890e-02,1.83957585e-02,5.77404574e-03
2.64200000e+04,3.97310049e-02,1.55630451e-02,1.83942343e-02,5.77372551e-03
2.64300000e+04,3.97284279e-02,1.55623083e-02,1.83927147e-02,5.77340490e-03
2.64400000e+04,3.97258583e-02,1.55615714e-02,1.83912056e-02,5.77308128e-03
2.64500000e+04,3.97232956e-02,1.55608268e-02,1.83897029e-02,5.77276595e-03
2.64600000e+04,3.97207393e-02,1.55600876e-02,1.83882071e-02,5.77244458e-03
2.64700000e+04,3.97182019e-02,1.55593563e-02,1.83867188e-02,5.77212681e-03
2.64800000e+04,3.97156828e-02,1.55586184e-02,1.83852502e-02,5.77181420e-03
2.64900000e+04,3.97131733e-02,1.55578853e-02,1.83837852e-02,5.77150271e-03
2.65000000e+04,3.97106850e-02,1.55571587e-02,1.83823356e-02,5.77119071e-03
2.65100000e+04,3.97082008e-02,1.55564301e-02,1.83808922e-02,5.77087847e-03
2.65200000e+04,3.97057301e-02,1.55557086e-02,1.83794490e-02,5.77057247e-03
2.65300000e+04,3.97032696e-02,1.55549929e-02,1.83780089e-02,5.77026777e-03
2.65400000e+04,3.97008216e-02,1.55542872e-02,1.83765705e-02,5.76996394e-03
2.65500000e+04,3.96983771e-02,1.55535843e-02,1.83751331e-02,5.76965968e-03
2.65600000e+04,3.96959436e-02,1.55528867e-02,1.83737019e-02,5.76935510e-03
2.65700000e+04,3.96935040e-02,1.55521922e-02,1.83722630e-02,5.76904882e-03
2.65800000e+04,3.96910725e-02,1.55514960e-02,1.83708300e-02,5.76874651e-03
2.65900000e+04,3.96886447e-02,1.55508045e-02,1.83693921e-02,5.76844811e-03
2.66000000e+04,3.96862342e-02,1.55501193e-02,1.83679675e-02,5.76814739e-03
2.66100000e+04,3.96838047e-02,1.55494286e-02,1.83665315e-02,5.76784459e-03
2.66200000e+04,3.96813913e-02,1.55487399e-02,1.83651042e-02,5.76754715e-03
2.66300000e+04,3.96789735e-02,1.55480594e-02,1.83636692e-02,5.76724484e-03
2.66400000e+04,3.96765670e-02,1.55473741e-02,1.83622456e-02,5.76694730e-03
2.66500000e+04,3.96741638e-02,1.55466915e-02,1.83608233e-02,5.76664897e-03
2.66600000e+04,3.96717596e-02,1.55460107e-02,1.83593952e-02,5.76635377e-03
2.66700000e+04,3.96693596e-02,1.55453234e-02,1.83579801e-02,5.76605602e-03
2.66800000e+04,3.96669677e-02,1.55446484e-02,1.83565625e-02,5.76575682e-03
2.66900000e+04,3.96645767e-02,1.55439649e-02,1.83551503e-02,5.76546154e-03
2.67000000e+04,3.96621880e-02,1.55432866e-02,1.83537343e-02,5.76516709e-03
2.67100000e+04,3.96598068e-02,1.55426109e-02,1.83523269e-02,5.76486900e-03
2.67200000e+04,3.96574254e-02,1.55419343e-02,1.83509205e-02,5.76457059e-03
2.67300000e+04,3.96550544e-02,1.55412628e-02,1.83495163e-02,5.76427534e-03
2.67400000e+04,3.96526787e-02,1.55405913e-02,1.83481068e-02,5.76398060e-03
2.67500000e+04,3.96503134e-02,1.55399263e-02,1.83467027e-02,5.76368444e-03
2.67600000e+04,3.96479357e-02,1.55392492e-02,1.83452949e-02,5.76339165e-03
2.67700000e+04,3.96455776e-02,1.55385822e-02,1.83439028e-02,5.76309266e-03
2.67800000e+04,3.96432187e-02,1.55379110e-02,1.83425047e-02,5.76280304e-03
2.67900000e+04,3.96408557e-02,1.55372460e-02,1.83411043e-02,5.76250543e-03
2.68000000e+04,3.96385039e-02,1.55365790e-02,1.83397096e-02,5.76221532e-03
2.68100000e+04,3.96361502e-02,1.55359103e-02,1.83383180e-02,5.76192190e-03
2.68200000e+04,3.96337998e-02,1.55352492e-02,1.83369217e-02,5.76162894e-03
2.68300000e+04,3.96314594e-02,1.55345847e-02,1.83355378e-02,5.76133699e-03
2.68400000e+04,3.96291334e-02,1.55339220e-02,1.83341643e-02,5.76104714e-03
2.68500000e+04,3.96268150e-02,1.55332614e-02,1.83327951e-02,5.76075843e-03
2.68600000e+04,3.96244969e-02,1.55326013e-02,1.83314312e-02,5.76046450e-03
2.68700000e+04,3.96222047e-02,1.55319470e-02,1.83300803e-02,5.76017749e-03
2.68800000e+04,3.96199165e-02,1.55312883e-02,1.83287360e-02,5.75989219e-03
2.68900000e+04,3.96176389e-02,1.55306362e-02,1.83273986e-02,5.75960411e-03
2.69000000e+04,3.96153592e-02,1.55299761e-02,1.83260655e-02,5.75931756e-03
2.69100000e+04,3.96130983e-02,1.55293331e-02,1.83247319e-02,5.75903326e-03
2.69200000e+04,3.96108386e-02,1.55286842e-02,1.83234029e-02,5.75875146e-03
2.69300000e+04,3.96085921e-02,1.55280444e-02,1.83220791e-02,5.75846856e-03
2.69400000e+04,3.96063385e-02,1.55274004e-02,1.83207501e-02,5.75818799e-03
2.69500000e+04,3.96040944e-02,1.55267649e-02,1.83194284e-02,5.75790119e-03
2.69600000e+04,3.96018546e-02,1.55261278e-02,1.83181000e-02,5.75762675e-03
2.69700000e+04,3.95996140e-02,1.55254896e-02,1.83167757e-02,5.75734865e-03
2.69800000e+04,3.95973637e-02,1.55248481e-02,1.83154500e-02,5.75706554e-03
2.69900000e+04,3.95951342e-02,1.55242158e-02,1.83141327e-02,5.75678568e-03
2.70000000e+04,3.95929011e-02,1.55235848e-02,1.83128088e-02,5.75650754e-03
2.70100000e+04,3.95906751e-02,1.55229499e-02,1.83114961e-02,5.75622905e-03
2.70200000e+04,3.95884492e-02,1.55223141e-02,1.83101800e-02,5.75595503e-03
2.70300000e+04,3.95862156e-02,1.55216808e-02,1.83088584e-02,5.75567640e-03
2.70400000e+04,3.95840008e-02,1.55210486e-02,1.83075526e-02,5.75539959e-03
2.70500000e+04,3.95817827e-02,1.55204183e-02,1.83062400e-02,5.75512438e-03
2.70600000e+04,3.95795706e-02,1.55197871e-02,1.83049309e-02,5.75485257e-03
2.70700000e+04,3.95773586e-02,1.55191518e-02,1.83036314e-02,5.75457547e-03
2.70800000e+04,3.95751459e-02,1.55185198e-02,1.83023242e-02,5.75430194e-03
2.70900000e+04,3.95729500e-02,1.55178974e-02,1.83010248e-02,5.75402773e-03
2.71000000e+04,3.95707501e-02,1.55172635e-02,1.82997340e-02,5.75375261e-03
2.71100000e+04,3.95685544e-02,1.55166425e-02,1.82984341e-02,5.75347780e-03
2.71200000e+04,3.95663553e-02,1.55160142e-02,1.82971394e-02,5.75320168e-03
2.71300000e+04,3.95641757e-02,1.55153911e-02,1.82958525e-02,5.75293211e-03
2.71400000e+04,3.95619829e-02,1.55147701e-02,1.82945566e-02,5.75265627e-03
2.71500000e+04,3.95598066e-02,1.55141459e-02,1.82932687e-02,5.75239212e-03
2.71600000e+04,3.95576211e-02,1.55135204e-02,1.82919800e-02,5.75212078e-03
2.71700000e+04,3.95554456e-02,1.55129042e-02,1.82906973e-02,5.75184411e-03
2.71800000e+04,3.95532719e-02,1.55122824e-02,1.82894155e-02,5.75157400e-03
2.71900000e+04,3.95510989e-02,1.55116579e-02,1.82881329e-02,5.75130812e-03
2.72000000e+04,3.95489339e-02,1.55110398e-02,1.82868536e-02,5.75104046e-03
2.72100000e+04,3.95467803e-02,1.55104239e-02,1.82855823e-02,5.75077421e-03
2.72200000e+04,3.95446219e-02,1.55098062e-02,1.82843095e-02,5.75050618e-03
2.72300000e+04,3.95424713e-02,1.55091888e-02,1.82830473e-02,5.75023519e-03
2.72400000e+04,3.95403359e-02,1.55085653e-02,1.82817933e-02,5.74997725e-03
2.72500000e+04,3.95382132e-02,1.55079550e-02,1.82805506e-02,5.74970758e-03
2.72600000e+04,3.95361113e-02,1.55073346e-02,1.82793254e-02,5.74945134e-03
2.72700000e+04,3.95340389e-02,1.55067335e-02,1.82781163e-02,5.74918906e-03
2.72800000e+04,3.95319765e-02,1.55061209e-02,1.82769267e-02,5.74892898e-03
2.72900000e+04,3.95299525e-02,1.55055156e-02,1.82757573e-02,5.74867958e-03
2.73000000e+04,3.95279499e-02,1.55049194e-02,1.82746051e-02,5.74842537e-03
2.73100000e+04,3.95259706e-02,1.55043331e-02,1.82734654e-02,5.74817213e-03
2.73200000e+04,3.95240095e-02,1.55037501e-02,1.82723333e-02,5.74792617e-03
2.73300000e+04,3.95220524e-02,1.55031784e-02,1.82711975e-02,5.74767644e-03
2.73400000e+04,3.95201174e-02,1.55026151e-02,1.82700692e-02,5.74743302e-03
2.73500000e+04,3.95181721e-02,1.55020501e-02,1.82689332e-02,5.74718880e-03
2.73600000e+04,3.95162401e-02,1.55014900e-02,1.82678059e-02,5.74694419e-03
2.73700000e+04,3.95143133e-02,1.55009344e-02,1.82666743e-02,5.74670454e-03
2.73800000e+04,3.95123891e-02,1.55003836e-02,1.82655419e-02,5.74646366e-03
2.73900000e+04,3.95104704e-02,1.54998368e-02,1.82644113e-02,5.74622235e-03
2.74000000e+04,3.95085571e-02,1.54992918e-02,1.82632837e-02,5.74598165e-03
2.74100000e+04,3.95066440e-02,1.54987445e-02,1.82621571e-02,5.74574237e-03
2.74200000e+04,3.95047243e-02,1.54982015e-02,1.82610248e-02,5.74549801e-03
2.74300000e+04,3.95028150e-02,1.54976533e-02,1.82599028e-02,5.74525887e-03
2.74400000e+04,3.95009188e-02,1.54971163e-02,1.82587792e-02,5.74502324e-03
2.74500000e+04,3.94990031e-02,1.54965732e-02,1.82576496e-02,5.74478040e-03
2.74600000e+04,3.94970994e-02,1.54960280e-02,1.82565257e-02,5.74454574e-03
2.74700000e+04,3.94952009e-02,1.54954900e-02,1.82554040e-02,5.74430696e-03
2.74800000e+04,3.94933047e-02,1.54949472e-02,1.82542850e-02,5.74407249e-03
2.74900000e+04,3.94914127e-02,1.54944103e-02,1.82531689e-02,5.74383350e-03
2.75000000e+04,3.94895273e-02,1.54938681e-02,1.82520565e-02,5.74360273e-03
2.75100000e+04,3.94876354e-02,1.54933322e-02,1.82509425e-02,5.74336073e-03
2.75200000e+04,3.94857495e-02,1.54927948e-02,1.82498286e-02,5.74312611e-03
2.75300000e+04,3.94838784e-02,1.54922665e-02,1.82487194e-02,5.74289252e-03
2.75400000e+04,3.94820087e-02,1.54917326e-02,1.82476169e-02,5.74265922e-03
2.75500000e+04,3.94801264e-02,1.54911964e-02,1.82465105e-02,5.74241951e-03
2.75600000e+04,3.94782590e-02,1.54906679e-02,1.82454073e-02,5.74218373e-03
2.75700000e+04,3.94763947e-02,1.54901375e-02,1.82443043e-02,5.74195294e-03
2.75800000e+04,3.94745275e-02,1.54896133e-02,1.82431990e-02,5.74171525e-03
2.75900000e+04,3.94726710e-02,1.54890805e-02,1.82421030e-02,5.74148754e-03
2.76000000e+04,3.94707987e-02,1.54885540e-02,1.82409959e-02,5.74124876e-03
2.76100000e+04,3.94689443e-02,1.54880306e-02,1.82398962e-02,5.74101745e-03
2.76200000e+04,3.94670894e-02,1.54875039e-02,1.82388008e-02,5.74078462e-03
2.76300000e+04,3.94652281e-02,1.54869786e-02,1.82376977e-02,5.74055180e-03
2.76400000e+04,3.94633683e-02,1.54864467e-02,1.82366015e-02,5.74032003e-03
2.76500000e+04,3.94615202e-02,1.54859260e-02,1.82355051e-02,5.74008914e-03
2.76600000e+04,3.94596744e-02,1.54854042e-02,1.82344160e-02,5.73985425e-03
2.76700000e+04,3.94578203e-02,1.54848754e-02,1.82333215e-02,5.73962347e-03
2.76800000e+04,3.94559789e-02,1.54843576e-02,1.82322282e-02,5.73939313e-03
2.76900000e+04,3.94541382e-02,1.54838406e-02,1.82311355e-02,5.73916208e-03
2.77000000e+04,3.94523049e-02,1.54833205e-02,1.82300546e-02,5.73892982e-03
2.77100000e+04,3.94504767e-02,1.54827974e-02,1.82289759e-02,5.73870350e-03
2.77200000e+04,3.94486543e-02,1.54822780e-02,1.82279014e-02,5.73847487e-03
2.77300000e+04,3.94468434e-02,1.54817630e-02,1.82268336e-02,5.73824676e-03
2.77400000e+04,3.94450433e-02,1.54812462e-02,1.82257801e-02,5.73801699e-03
2.77500000e+04,3.94432646e-02,1.54807346e-02,1.82247344e-02,5.73779550e-03
2.77600000e+04,3.94414916e-02,1.54802273e-02,1.82236958e-02,5.73756852e-03
2.77700000e+04,3.94397275e-02,1.54797206e-02,1.82226641e-02,5.73734291e-03
2.77800000e+04,3.94379792e-02,1.54792175e-02,1.82216379e-02,5.73712388e-03
2.77900000e+04,3.94362285e-02,1.54787188e-02,1.82206134e-02,5.73689631e-03
2.78000000e+04,3.94344818e-02,1.54782227e-02,1.82195825e-02,5.73667662e-03
2.78100000e+04,3.94327412e-02,1.54777305e-02,1.82185580e-02,5.73645266e-03
2.78200000e+04,3.94310006e-02,1.54772388e-02,1.82175259e-02,5.73623588e-03
2.78300000e+04,3.94292542e-02,1.54767415e-02,1.82165004e-02,5.73601231e-03
2.78400000e+04,3.94275239e-02,1.54762516e-02,1.82154781e-02,5.73579425e-03
2.78500000e+04,3.94257939e-02,1.54757639e-02,1.82144543e-02,5.73557571e-03
2.78600000e+04,3.94240686e-02,1.54752740e-02,1.82134336e-02,5.73536095e-03
2.78700000e+04,3.94223292e-02,1.54747860e-02,1.82124061e-02,5.73513710e-03
2.78800000e+04,3.94205965e-02,1.54742928e-02,1.82113826e-02,5.73492115e-03
2.78900000e+04,3.94188776e-02,1.54738097e-02,1.82103624e-02,5.73470547e-03
2.79000000e+04,3.94171514e-02,1.54733223e-02,1.82093443e-02,5.73448484e-03
2.79100000e+04,3.94154258e-02,1.54728362e-02,1.82083256e-02,5.73426410e-03
2.79200000e+04,3.94136981e-02,1.54723471e-02,1.82073014e-02,5.73404952e-03
2.79300000e+04,3.94119743e-02,1.54718594e-02,1.82062823e-02,5.73383265e-03
2.79400000e+04,3.94102611e-02,1.54713774e-02,1.82052664e-02,5.73361728e-03
2.79500000e+04,3.94085429e-02,1.54708858e-02,1.82042520e-02,5.73340508e-03
2.79600000e+04,3.94068277e-02,1.54704041e-02,1.82032340e-02,5.73318964e-03
2.79700000e+04,3.94051162e-02,1.54699177e-02,1.82022203e-02,5.73297825e-03
2.79800000e+04,3.94034100e-02,1.54694318e-02,1.82012117e-02,5.73276661e-03
2.79900000e+04,3.94017104e-02,1.54689497e-02,1.82002067e-02,5.73255404e-03
2.80000000e+04,3.94000113e-02,1.54684634e-02,1.81992037e-02,5.73234422e-03
2.80100000e+04,3.93983156e-02,1.54679873e-02,1.81981993e-02,5.73212907e-03
2.80200000e+04,3.93966171e-02,1.54674990e-02,1.81972041e-02,5.73191406e-03
2.80300000e+04,3.93949273e-02,1.54670226e-02,1.81962030e-02,5.73170168e-03
2.80400000e+04,3.93932427e-02,1.54665509e-02,1.81952027e-02,5.73148911e-03
2.80500000e+04,3.93915531e-02,1.54660731e-02,1.81942048e-02,5.73127515e-03
2.80600000e+04,3.93898585e-02,1.54655897e-02,1.81932072e-02,5.73106154e-03
2.80700000e+04,3.93881840e-02,1.54651223e-02,1.81922126e-02,5.73084904e-03
2.80800000e+04,3.93864994e-02,1.54646475e-02,1.81912148e-02,5.73063705e-03
2.80900000e+04,3.93848174e-02,1.54641735e-02,1.81902201e-02,5.73042388e-03
2.81000000e+04,3.93831362e-02,1.54636958e-02,1.81892256e-02,5.73021479e-03
2.81100000e+04,3.93814589e-02,1.54632219e-02,1.81882296e-02,5.73000734e-03
2.81200000e+04,3.93797844e-02,1.54627507e-02,1.81872321e-02,5.72980153e-03
2.81300000e+04,3.93781115e-02,1.54622784e-02,1.81862472e-02,5.72958592e-03
2.81400000e+04,3.93764326e-02,1.54618076e-02,1.81852518e-02,5.72937321e-03
2.81500000e+04,3.93747559e-02,1.54613337e-02,1.81842567e-02,5.72916561e-03
2.81600000e+04,3.93730877e-02,1.54608633e-02,1.81832672e-02,5.72895718e-03
2.81700000e+04,3.93714126e-02,1.54603946e-02,1.81822750e-02,5.72874307e-03
2.81800000e+04,3.93697471e-02,1.54599283e-02,1.81812849e-02,5.72853398e-03
2.81900000e+04,3.93680724e-02,1.54594548e-02,1.81802950e-02,5.72832269e-03
2.82000000e+04,3.93664030e-02,1.54589857e-02,1.81793027e-02,5.72811462e-03
2.82100000e+04,3.93647333e-02,1.54585154e-02,1.81783146e-02,5.72790321e-03
2.82200000e+04,3.93630709e-02,1.54580461e-02,1.81773268e-02,5.72769794e-03
2.82300000e+04,3.93614051e-02,1.54575746e-02,1.81763436e-02,5.72748692e-03
2.82400000e+04,3.93597419e-02,1.54571054e-02,1.81753562e-02,5.72728028e-03
2.82500000e+04,3.93580701e-02,1.54566293e-02,1.81743688e-02,5.72707198e-03
2.82600000e+04,3.93564104e-02,1.54561596e-02,1.81733865e-02,5.72686431e-03
2.82700000e+04,3.93547485e-02,1.54556899e-02,1.81724024e-02,5.72665620e-03
2.82800000e+04,3.93530844e-02,1.54552218e-02,1.81714180e-02,5.72644460e-03
2.82900000e+04,3.93514226e-02,1.54547542e-02,1.81704313e-02,5.72623700e-03
2.83000000e+04,3.93497674e-02,1.54542911e-02,1.81694442e-02,5.72603206e-03
2.83100000e+04,3.93481078e-02,1.54538261e-02,1.81684592e-02,5.72582251e-03
2.83200000e+04,3.93464529e-02,1.54533611e-02,1.81674764e-02,5.72561538e-03
2.83300000e+04,3.93447933e-02,1.54528898e-02,1.81664933e-02,5.72541027e-03
2.83400000e+04,3.93431283e-02,1.54524258e-02,1.81655035e-02,5.72519898e-03
2.83500000e+04,3.93414760e-02,1.54519663e-02,1.81645189e-02,5.72499085e-03
2.83600000e+04,3.93398165e-02,1.54514931e-02,1.81635370e-02,5.72478634e-03
2.83700000e+04,3.93381741e-02,1.54510346e-02,1.81625604e-02,5.72457907e-03
2.83800000e+04,3.93365182e-02,1.54505690e-02,1.81615770e-02,5.72437217e-03
2.83900000e+04,3.93348612e-02,1.54501036e-02,1.81605940e-02,5.72416359e-03
2.84000000e+04,3.93332175e-02,1.54496384e-02,1.81596183e-02,5.72396082e-03
2.84100000e+04,3.93315675e-02,1.54491781e-02,1.81586354e-02,5.72375398e-03
2.84200000e+04,3.93299187e-02,1.54487099e-02,1.81576595e-02,5.72354921e-03
2.84300000e+04,3.93282749e-02,1.54482555e-02,1.81566776e-02,5.72334173e-03
2.84400000e+04,3.93266210e-02,1.54477898e-02,1.81556962e-02,5.72313502e-03
2.84500000e+04,3.93249859e-02,1.54473265e-02,1.81547255e-02,5.72293395e-03
2.84600000e+04,3.93233432e-02,1.54468659e-02,1.81537499e-02,5.72272743e-03
2.84700000e+04,3.93216943e-02,1.54464044e-02,1.81527694e-02,5.72252055e-03
2.84800000e+04,3.93200560e-02,1.54459408e-02,1.81517970e-02,5.72231819e-03
2.84900000e+04,3.93184209e-02,1.54454789e-02,1.81508263e-02,5.72211567e-03
2.85000000e+04,3.93167858e-02,1.54450158e-02,1.81498521e-02,5.72191791e-03
2.85100000e+04,3.93151425e-02,1.54445504e-02,1.81488775e-02,5.72171460e-03
2.85200000e+04,3.93135170e-02,1.54440920e-02,1.81479126e-02,5.72151240e-03
2.85300000e+04,3.93118840e-02,1.54436262e-02,1.81469480e-02,5.72130979e-03
2.85400000e+04,3.93102638e-02,1.54431646e-02,1.81459882e-02,5.72111111e-03
2.85500000e+04,3.93086439e-02,1.54427018e-02,1.81450319e-02,5.72091016e-03
2.85600000e+04,3.93070307e-02,1.54422479e-02,1.81440727e-02,5.72071003e-03
2.85700000e+04,3.93054189e-02,1.54417875e-02,1.81431192e-02,5.72051227e-03
2.85800000e+04,3.93038072e-02,1.54413258e-02,1.81421674e-02,5.72031395e-03
2.85900000e+04,3.93022004e-02,1.54408735e-02,1.81412144e-02,5.72011250e-03
2.86000000e+04,3.93005956e-02,1.54404192e-02,1.81402614e-02,5.71991500e-03
2.86100000e+04,3.92989764e-02,1.54399656e-02,1.81393046e-02,5.71970624e-03
2.86200000e+04,3.92973750e-02,1.54395094e-02,1.81383569e-02,5.71950864e-03
2.86300000e+04,3.92957686e-02,1.54390573e-02,1.81374012e-02,5.71931007e-03
2.86400000e+04,3.92941732e-02,1.54386066e-02,1.81364543e-02,5.71911234e-03
2.86500000e+04,3.92925644e-02,1.54381471e-02,1.81355051e-02,5.71891217e-03
2.86600000e+04,3.92909627e-02,1.54376904e-02,1.81345607e-02,5.71871157e-03
2.86700000e+04,3.92893603e-02,1.54372391e-02,1.81336062e-02,5.71851492e-03
2.86800000e+04,3.92877646e-02,1.54367906e-02,1.81326607e-02,5.71831338e-03
2.86900000e+04,3.92861683e-02,1.54363317e-02,1.81317205e-02,5.71811608e-03
2.87000000e+04,3.92845736e-02,1.54358859e-02,1.81307709e-02,5.71791679e-03
2.87100000e+04,3.92829803e-02,1.54354343e-02,1.81298243e-02,5.71772166e-03
2.87200000e+04,3.92813883e-02,1.54349852e-02,1.81288793e-02,5.71752380e-03
2.87300000e+04,3.92797999e-02,1.54345358e-02,1.81279373e-02,5.71732689e-03
2.87400000e+04,3.92782065e-02,1.54340801e-02,1.81269924e-02,5.71713396e-03
2.87500000e+04,3.92766162e-02,1.54336306e-02,1.81260516e-02,5.71693395e-03
2.87600000e+04,3.92750302e-02,1.54331826e-02,1.81251134e-02,5.71673420e-03
2.87700000e+04,3.92734488e-02,1.54327316e-02,1.81241773e-02,5.71653992e-03
2.87800000e+04,3.92718649e-02,1.54322878e-02,1.81232378e-02,5.71633927e-03
2.87900000e+04,3.92702844e-02,1.54318329e-02,1.81223018e-02,5.71614968e-03
2.88000000e+04,3.92687081e-02,1.54313899e-02,1.81213715e-02,5.71594668e-03
2.88100000e+04,3.92671431e-02,1.54309430e-02,1.81204426e-02,5.71575746e-03
2.88200000e+04,3.92655867e-02,1.54305011e-02,1.81195292e-02,5.71555640e-03
2.88300000e+04,3.92640373e-02,1.54300559e-02,1.81186209e-02,5.71536047e-03
2.88400000e+04,3.92625012e-02,1.54296136e-02,1.81177195e-02,5.71516817e-03
2.88500000e+04,3.92609901e-02,1.54291758e-02,1.81168418e-02,5.71497245e-03
2.88600000e+04,3.92594898e-02,1.54287368e-02,1.81159610e-02,5.71479195e-03
2.88700000e+04,3.92580012e-02,1.54283102e-02,1.81150901e-02,5.71460095e-03
2.88800000e+04,3.92565117e-02,1.54278833e-02,1.81142163e-02,5.71441214e-03
2.88900000e+04,3.92550267e-02,1.54274521e-02,1.81133435e-02,5.71423107e-03
2.89000000e+04,3.92535417e-02,1.54270331e-02,1.81124664e-02,5.71404226e-03
2.89100000e+04,3.92520607e-02,1.54266125e-02,1.81115927e-02,5.71385559e-03
2.89200000e+04,3.92505770e-02,1.54261883e-02,1.81107185e-02,5.71367018e-03
2.89300000e+04,3.92491007e-02,1.54257665e-02,1.81098484e-02,5.71348579e-03
2.89400000e+04,3.92476287e-02,1.54253515e-02,1.81089776e-02,5.71329957e-03
2.89500000e+04,3.92461494e-02,1.54249282e-02,1.81081074e-02,5.71311378e-03
2.89600000e+04,3.92446720e-02,1.54245118e-02,1.81072336e-02,5.71292665e-03
2.89700000e+04,3.92432066e-02,1.54240962e-02,1.81063673e-02,5.71274302e-03
2.89800000e+04,3.92417335e-02,1.54236800e-02,1.81054942e-02,5.71255930e-03
2.89900000e+04,3.92402636e-02,1.54232624e-02,1.81046235e-02,5.71237772e-03
2.90000000e+04,3.92387905e-02,1.54228423e-02,1.81037523e-02,5.71219589e-03
2.90100000e+04,3.92373224e-02,1.54224232e-02,1.81028853e-02,5.71201391e-03
2.90200000e+04,3.92358619e-02,1.54220145e-02,1.81020200e-02,5.71182744e-03
2.90300000e+04,3.92343992e-02,1.54215956e-02,1.81011563e-02,5.71164732e-03
2.90400000e+04,3.92329352e-02,1.54211868e-02,1.81002845e-02,5.71146384e-03
2.90500000e+04,3.92314722e-02,1.54207710e-02,1.80994213e-02,5.71128000e-03
2.90600000e+04,3.92300060e-02,1.54203564e-02,1.80985525e-02,5.71109714e-03
2.90700000e+04,3.92285420e-02,1.54199358e-02,1.80976875e-02,5.71091876e-03
2.90800000e+04,3.92270804e-02,1.54195226e-02,1.80968244e-02,5.71073337e-03
2.90900000e+04,3.92256219e-02,1.54191105e-02,1.80959604e-02,5.71055098e-03
2.91000000e+04,3.92241613e-02,1.54186985e-02,1.80950954e-02,5.71036738e-03
2.91100000e+04,3.92227159e-02,1.54182841e-02,1.80942394e-02,5.71019250e-03
2.91200000e+04,3.92212531e-02,1.54178681e-02,1.80933765e-02,5.71000847e-03
2.91300000e+04,3.92197953e-02,1.54174492e-02,1.80925140e-02,5.70983203e-03
2.91400000e+04,3.92183365e-02,1.54170305e-02,1.80916577e-02,5.70964825e-03
2.91500000e+04,3.92168995e-02,1.54166212e-02,1.80908065e-02,5.70947184e-03
2.91600000e+04,3.92154593e-02,1.54162054e-02,1.80899552e-02,5.70929867e-03
2.91700000e+04,3.92140217e-02,1.54157877e-02,1.80891160e-02,5.70911800e-03
2.91800000e+04,3.92125850e-02,1.54153739e-02,1.80882656e-02,5.70894543e-03
2.91900000e+04,3.92111544e-02,1.54149670e-02,1.80874212e-02,5.70876624e-03
2.92000000e+04,3.92097189e-02,1.54145561e-02,1.80865732e-02,5.70858967e-03
2.92100000e+04,3.92082946e-02,1.54141461e-02,1.80857362e-02,5.70841231e-03
2.92200000e+04,3.92068667e-02,1.54137409e-02,1.80848899e-02,5.70823586e-03
2.92300000e+04,3.92054397e-02,1.54133400e-02,1.80840463e-02,5.70805343e-03
2.92400000e+04,3.92040170e-02,1.54129296e-02,1.80832069e-02,5.70788055e-03
2.92500000e+04,3.92026011e-02,1.54125289e-02,1.80823691e-02,5.70770313e-03
2.92600000e+04,3.92011708e-02,1.54121203e-02,1.80815244e-02,5.70752610e-03
2.92700000e+04,3.91997455e-02,1.54117115e-02,1.80806853e-02,5.70734872e-03
2.92800000e+04,3.91983238e-02,1.54113076e-02,1.80798450e-02,5.70717115e-03
2.92900000e+04,3.91969143e-02,1.54109050e-02,1.80790081e-02,5.70700124e-03
2.93000000e+04,3.91954897e-02,1.54105022e-02,1.80781665e-02,5.70682103e-03
2.93100000e+04,3.91940733e-02,1.54100910e-02,1.80773350e-02,5.70664722e-03
2.93200000e+04,3.91926598e-02,1.54096945e-02,1.80764955e-02,5.70646982e-03
2.93300000e+04,3.91912421e-02,1.54092831e-02,1.80756656e-02,5.70629347e-03
2.93400000e+04,3.91898297e-02,1.54088811e-02,1.80748302e-02,5.70611838e-03
2.93500000e+04,3.91884134e-02,1.54084738e-02,1.80739913e-02,5.70594828e-03
2.93600000e+04,3.91870037e-02,1.54080713e-02,1.80731628e-02,5.70576954e-03
2.93700000e+04,3.91855898e-02,1.54076587e-02,1.80723325e-02,5.70559860e-03
2.93800000e+04,3.91841820e-02,1.54072592e-02,1.80715031e-02,5.70541969e-03
2.93900000e+04,3.91827669e-02,1.54068547e-02,1.80706692e-02,5.70524291e-03
2.94000000e+04,3.91813771e-02,1.54064555e-02,1.80698458e-02,5.70507584e-03
2.94100000e+04,3.91799770e-02,1.54060552e-02,1.80690224e-02,5.70489945e-03
2.94200000e+04,3.91785634e-02,1.54056471e-02,1.80681915e-02,5.70472486e-03
2.94300000e+04,3.91771606e-02,1.54052415e-02,1.80673678e-02,5.70455134e-03
2.94400000e+04,3.91757626e-02,1.54048347e-02,1.80665477e-02,5.70438026e-03
2.94500000e+04,3.91743730e-02,1.54044346e-02,1.80657292e-02,5.70420915e-03
2.94600000e+04,3.91729800e-02,1.54040277e-02,1.80649143e-02,5.70403800e-03
2.94700000e+04,3.91715969e-02,1.54036189e-02,1.80641113e-02,5.70386667e-03
2.94800000e+04,3.91702347e-02,1.54032192e-02,1.80633175e-02,5.70369801e-03
2.94900000e+04,3.91688932e-02,1.54028153e-02,1.80625419e-02,5.70353594e-03
2.95000000e+04,3.91675731e-02,1.54024136e-02,1.80617933e-02,5.70336622e-03
2.95100000e+04,3.91662984e-02,1.54020150e-02,1.80610735e-02,5.70320991e-03
2.95200000e+04,3.91650626e-02,1.54016288e-02,1.80603815e-02,5.70305223e-03
2.95300000e+04,3.91638679e-02,1.54012632e-02,1.80597029e-02,5.70290179e-03
2.95400000e+04,3.91626725e-02,1.54008965e-02,1.80590256e-02,5.70275052e-03
2.95500000e+04,3.91614998e-02,1.54005504e-02,1.80583507e-02,5.70259867e-03
2.95600000e+04,3.91603336e-02,1.54002059e-02,1.80576759e-02,5.70245182e-03
2.95700000e+04,3.91591705e-02,1.53998674e-02,1.80569967e-02,5.70230638e-03
2.95800000e+04,3.91580096e-02,1.53995321e-02,1.80563222e-02,5.70215540e-03
2.95900000e+04,3.91568374e-02,1.53991936e-02,1.80556361e-02,5.70200769e-03
2.96000000e+04,3.91556906e-02,1.53988645e-02,1.80549635e-02,5.70186269e-03
2.96100000e+04,3.91545292e-02,1.53985307e-02,1.80542834e-02,5.70171509e-03
2.96200000e+04,3.91533831e-02,1.53982007e-02,1.80536123e-02,5.70157014e-03
2.96300000e+04,3.91522211e-02,1.53978749e-02,1.80529265e-02,5.70141971e-03
2.96400000e+04,3.91510774e-02,1.53975517e-02,1.80522498e-02,5.70127593e-03
2.96500000e+04,3.91499203e-02,1.53972198e-02,1.80515712e-02,5.70112928e-03
2.96600000e+04,3.91487734e-02,1.53968921e-02,1.80508923e-02,5.70098904e-03
2.96700000e+04,3.91476189e-02,1.53965663e-02,1.80502125e-02,5.70084010e-03
2.96800000e+04,3.91464705e-02,1.53962400e-02,1.80495342e-02,5.70069625e-03
2.96900000e+04,3.91453191e-02,1.53959138e-02,1.80488573e-02,5.70054799e-03
2.97000000e+04,3.91441777e-02,1.53955920e-02,1.80481809e-02,5.70040481e-03
2.97100000e+04,3.91430302e-02,1.53952657e-02,1.80475025e-02,5.70026201e-03
2.97200000e+04,3.91418867e-02,1.53949413e-02,1.80468299e-02,5.70011547e-03
2.97300000e+04,3.91407482e-02,1.53946203e-02,1.80461591e-02,5.69996886e-03
2.97400000e+04,3.91396119e-02,1.53942992e-02,1.80454833e-02,5.69982946e-03
2.97500000e+04,3.91384654e-02,1.53939749e-02,1.80448068e-02,5.69968378e-03
2.97600000e+04,3.91373293e-02,1.53936554e-02,1.80441368e-02,5.69953709e-03
2.97700000e+04,3.91361822e-02,1.53933303e-02,1.80434570e-02,5.69939495e-03
2.97800000e+04,3.91350365e-02,1.53930060e-02,1.80427841e-02,5.69924639e-03
2.97900000e+04,3.91339058e-02,1.53926828e-02,1.80421129e-02,5.69911015e-03
2.98000000e+04,3.91327711e-02,1.53923618e-02,1.80414440e-02,5.69896519e-03
2.98100000e+04,3.91316350e-02,1.53920417e-02,1.80407742e-02,5.69881907e-03
2.98200000e+04,3.91304943e-02,1.53917162e-02,1.80401037e-02,5.69867435e-03
2.98300000e+04,3.91293571e-02,1.53913914e-02,1.80394275e-02,5.69853819e-03
2.98400000e+04,3.91282229e-02,1.53910710e-02,1.80387564e-02,5.69839541e-03
2.98500000e+04,3.91270885e-02,1.53907462e-02,1.80380863e-02,5.69825595e-03
2.98600000e+04,3.91259567e-02,1.53904229e-02,1.80374193e-02,5.69811456e-03
2.98700000e+04,3.91248341e-02,1.53901012e-02,1.80367557e-02,5.69797715e-03
2.98800000e+04,3.91237073e-02,1.53897730e-02,1.80360907e-02,5.69784350e-03
2.98900000e+04,3.91225821e-02,1.53894454e-02,1.80354347e-02,5.69770199e-03
2.99000000e+04,3.91214776e-02,1.53891287e-02,1.80347835e-02,5.69756546e-03
2.99100000e+04,3.91203700e-02,1.53888133e-02,1.80341310e-02,5.69742562e-03
2.99200000e+04,3.91192622e-02,1.53885017e-02,1.80334753e-02,5.69728522e-03
2.99300000e+04,3.91181489e-02,1.53881804e-02,1.80328228e-02,5.69714570e-03
2.99400000e+04,3.91170487e-02,1.53878740e-02,1.80321690e-02,5.69700571e-03
2.99500000e+04,3.91159449e-02,1.53875638e-02,1.80315160e-02,5.69686515e-03
2.99600000e+04,3.91148342e-02,1.53872426e-02,1.80308618e-02,5.69672983e-03
2.99700000e+04,3.91137419e-02,1.53869342e-02,1.80302169e-02,5.69659081e-03
2.99800000e+04,3.91126448e-02,1.53866250e-02,1.80295684e-02,5.69645137e-03
2.99900000e+04,3.91115263e-02,1.53863029e-02,1.80289105e-02,5.69631291e-03
3.00000000e+04,3.91104419e-02,1.53859999e-02,1.80282644e-02,5.69617758e-03
3.00100000e+04,3.91093402e-02,1.53856851e-02,1.80276199e-02,5.69603512e-03
3.00200000e+04,3.91082373e-02,1.53853734e-02,1.80269650e-02,5.69589883e-03
3.00300000e+04,3.91071349e-02,1.53850592e-02,1.80263144e-02,5.69576121e-03
3.00400000e+04,3.91060401e-02,1.53847504e-02,1.80256651e-02,5.69562460e-03
3.00500000e+04,3.91049464e-02,1.53844425e-02,1.80250200e-02,5.69548389e-03
3.00600000e+04,3.91038355e-02,1.53841227e-02,1.80243662e-02,5.69534663e-03
3.00700000e+04,3.91027453e-02,1.53838196e-02,1.80237204e-02,5.69520537e-03
3.00800000e+04,3.91016502e-02,1.53835065e-02,1.80230707e-02,5.69507297e-03
3.00900000e+04,3.91005579e-02,1.53831979e-02,1.80224260e-02,5.69493403e-03
3.01000000e+04,3.90994601e-02,1.53828804e-02,1.80217809e-02,5.69479874e-03
3.01100000e+04,3.90983678e-02,1.53825724e-02,1.80211337e-02,5.69466180e-03
3.01200000e+04,3.90972796e-02,1.53822666e-02,1.80204895e-02,5.69452352e-03
3.01300000e+04,3.90961945e-02,1.53819569e-02,1.80198483e-02,5.69438933e-03
3.01400000e+04,3.90951055e-02,1.53816507e-02,1.80191969e-02,5.69425787e-03
3.01500000e+04,3.90940200e-02,1.53813430e-02,1.80185565e-02,5.69412038e-03
3.01600000e+04,3.90929303e-02,1.53810353e-02,1.80179121e-02,5.69398282e-03
3.01700000e+04,3.90918368e-02,1.53807259e-02,1.80172629e-02,5.69384791e-03
3.01800000e+04,3.90907487e-02,1.53804140e-02,1.80166237e-02,5.69371106e-03
3.01900000e+04,3.90896591e-02,1.53801085e-02,1.80159794e-02,5.69357107e-03
3.02000000e+04,3.90885867e-02,1.53798041e-02,1.80153456e-02,5.69343697e-03
3.02100000e+04,3.90874935e-02,1.53794926e-02,1.80147005e-02,5.69330045e-03
3.02200000e+04,3.90864084e-02,1.53791845e-02,1.80140564e-02,5.69316755e-03
3.02300000e+04,3.90853351e-02,1.53788787e-02,1.80134223e-02,5.69303413e-03
3.02400000e+04,3.90842446e-02,1.53785664e-02,1.80127820e-02,5.69289619e-03
3.02500000e+04,3.90831664e-02,1.53782576e-02,1.80121472e-02,5.69276161e-03
3.02600000e+04,3.90820891e-02,1.53779494e-02,1.80115117e-02,5.69262796e-03
3.02700000e+04,3.90810153e-02,1.53776463e-02,1.80108790e-02,5.69249008e-03
3.02800000e+04,3.90799540e-02,1.53773376e-02,1.80102565e-02,5.69235990e-03
3.02900000e+04,3.90789030e-02,1.53770335e-02,1.80096398e-02,5.69222973e-03
3.03000000e+04,3.90778539e-02,1.53767294e-02,1.80090352e-02,5.69208921e-03
3.03100000e+04,3.90768503e-02,1.53764376e-02,1.80084489e-02,5.69196374e-03
3.03200000e+04,3.90758460e-02,1.53761461e-02,1.80078693e-02,5.69183062e-03
3.03300000e+04,3.90748709e-02,1.53758630e-02,1.80073036e-02,5.69170421e-03
3.03400000e+04,3.90738821e-02,1.53755840e-02,1.80067217e-02,5.69157644e-03
3.03500000e+04,3.90728998e-02,1.53753038e-02,1.80061450e-02,5.69145097e-03
3.03600000e+04,3.90719268e-02,1.53750276e-02,1.80055762e-02,5.69132295e-03
3.03700000e+04,3.90709510e-02,1.53747552e-02,1.80049967e-02,5.69119912e-03
3.03800000e+04,3.90699740e-02,1.53744785e-02,1.80044213e-02,5.69107417e-03
3.03900000e+04,3.90690015e-02,1.53742046e-02,1.80038489e-02,5.69094803e-03
3.04000000e+04,3.90680305e-02,1.53739335e-02,1.80032718e-02,5.69082525e-03
3.04100000e+04,3.90670539e-02,1.53736563e-02,1.80027023e-02,5.69069535e-03
3.04200000e+04,3.90660802e-02,1.53733831e-02,1.80021256e-02,5.69057153e-03
3.04300000e+04,3.90651123e-02,1.53731056e-02,1.80015565e-02,5.69045029e-03
3.04400000e+04,3.90641425e-02,1.53728377e-02,1.80009814e-02,5.69032351e-03
3.04500000e+04,3.90631691e-02,1.53725646e-02,1.80004030e-02,5.69020156e-03
3.04600000e+04,3.90621927e-02,1.53722918e-02,1.79998289e-02,5.69007203e-03
3.04700000e+04,3.90612225e-02,1.53720171e-02,1.79992563e-02,5.68994911e-03
3.04800000e+04,3.90602525e-02,1.53717437e-02,1.79986823e-02,5.68982647e-03
3.04900000e+04,3.90592864e-02,1.53714681e-02,1.79981133e-02,5.68970495e-03
3.05000000e+04,3.90583139e-02,1.53711980e-02,1.79975369e-02,5.68957903e-03
3.05100000e+04,3.90573462e-02,1.53709218e-02,1.79969670e-02,5.68945743e-03
3.05200000e+04,3.90563815e-02,1.53706513e-02,1.79963937e-02,5.68933642e-03
3.05300000e+04,3.90554209e-02,1.53703814e-02,1.79958256e-02,5.68921398e-03
3.05400000e+04,3.90544546e-02,1.53701049e-02,1.79952568e-02,5.68909290e-03
3.05500000e+04,3.90534920e-02,1.53698391e-02,1.79946859e-02,5.68896697e-03
3.05600000e+04,3.90525292e-02,1.53695669e-02,1.79941144e-02,5.68884791e-03
3.05700000e+04,3.90515730e-02,1.53692987e-02,1.79935472e-02,5.68872713e-03
3.05800000e+04,3.90506064e-02,1.53690261e-02,1.79929763e-02,5.68860391e-03
3.05900000e+04,3.90496503e-02,1.53687550e-02,1.79924119e-02,5.68848331e-03
3.06000000e+04,3.90486905e-02,1.53684864e-02,1.79918434e-02,5.68836064e-03
3.06100000e+04,3.90477329e-02,1.53682196e-02,1.79912747e-02,5.68823862e-03
3.06200000e+04,3.90467765e-02,1.53679496e-02,1.79907107e-02,5.68811613e-03
3.06300000e+04,3.90458138e-02,1.53676803e-02,1.79901420e-02,5.68799152e-03
3.06400000e+04,3.90448575e-02,1.53674059e-02,1.79895764e-02,5.68787516e-03
3.06500000e+04,3.90439031e-02,1.53671372e-02,1.79890129e-02,5.68775302e-03
3.06600000e+04,3.90429401e-02,1.53668685e-02,1.79884402e-02,5.68763138e-03
3.06700000e+04,3.90419818e-02,1.53665961e-02,1.79878780e-02,5.68750772e-03
3.06800000e+04,3.90410277e-02,1.53663216e-02,1.79873155e-02,5.68739053e-03
3.06900000e+04,3.90400791e-02,1.53660527e-02,1.79867545e-02,5.68727186e-03
3.07000000e+04,3.90391202e-02,1.53657780e-02,1.79861870e-02,5.68715525e-03
3.07100000e+04,3.90381690e-02,1.53655026e-02,1.79856315e-02,5.68703483e-03
3.07200000e+04,3.90372058e-02,1.53652256e-02,1.79850620e-02,5.68691823e-03
3.07300000e+04,3.90362483e-02,1.53649502e-02,1.79845013e-02,5.68679678e-03
3.07400000e+04,3.90353020e-02,1.53646744e-02,1.79839422e-02,5.68668540e-03
3.07500000e+04,3.90343585e-02,1.53644017e-02,1.79833862e-02,5.68657065e-03
3.07600000e+04,3.90334173e-02,1.53641280e-02,1.79828332e-02,5.68645619e-03
3.07700000e+04,3.90324872e-02,1.53638599e-02,1.79822890e-02,5.68633829e-03
3.07800000e+04,3.90315658e-02,1.53635955e-02,1.79817433e-02,5.68622701e-03
3.07900000e+04,3.90306384e-02,1.53633307e-02,1.79811987e-02,5.68610900e-03
3.08000000e+04,3.90297029e-02,1.53630646e-02,1.79806473e-02,5.68599099e-03
3.08100000e+04,3.90287830e-02,1.53628045e-02,1.79801048e-02,5.68587373e-03
3.08200000e+04,3.90278559e-02,1.53625454e-02,1.79795537e-02,5.68575682e-03
3.08300000e+04,3.90269379e-02,1.53622780e-02,1.79790160e-02,5.68564386e-03
3.08400000e+04,3.90260152e-02,1.53620227e-02,1.79784702e-02,5.68552223e-03
3.08500000e+04,3.90250973e-02,1.53617610e-02,1.79779265e-02,5.68540977e-03
3.08600000e+04,3.90241649e-02,1.53614966e-02,1.79773779e-02,5.68529042e-03
3.08700000e+04,3.90232412e-02,1.53612312e-02,1.79768353e-02,5.68517466e-03
3.08800000e+04,3.90223259e-02,1.53609749e-02,1.79762931e-02,5.68505795e-03
3.08900000e+04,3.90214064e-02,1.53607138e-02,1.79757473e-02,5.68494540e-03
3.09000000e+04,3.90204950e-02,1.53604542e-02,1.79752110e-02,5.68482983e-03
3.09100000e+04,3.90195682e-02,1.53601907e-02,1.79746646e-02,5.68471284e-03
3.09200000e+04,3.90186478e-02,1.53599327e-02,1.79741195e-02,5.68459552e-03
3.09300000e+04,3.90177315e-02,1.53596704e-02,1.79735814e-02,5.68447969e-03
3.09400000e+04,3.90168092e-02,1.53594081e-02,1.79730378e-02,5.68436326e-03
3.09500000e+04,3.90158812e-02,1.53591425e-02,1.79724909e-02,5.68424781e-03
3.09600000e+04,3.90149816e-02,1.53588876e-02,1.79719579e-02,5.68413608e-03
3.09700000e+04,3.90140501e-02,1.53586228e-02,1.79714105e-02,5.68401680e-03
3.09800000e+04,3.90131379e-02,1.53583615e-02,1.79708706e-02,5.68390583e-03
3.09900000e+04,3.90122221e-02,1.53580981e-02,1.79703346e-02,5.68378937e-03
3.10000000e+04,3.90113076e-02,1.53578435e-02,1.79697893e-02,5.68367484e-03
3.10100000e+04,3.90103879e-02,1.53575751e-02,1.79692526e-02,5.68356022e-03
3.10200000e+04,3.90094878e-02,1.53573211e-02,1.79687213e-02,5.68344544e-03
3.10300000e+04,3.90085793e-02,1.53570623e-02,1.79681785e-02,5.68333850e-03
3.10400000e+04,3.90076556e-02,1.53567975e-02,1.79676413e-02,5.68321681e-03
3.10500000e+04,3.90067569e-02,1.53565416e-02,1.79671049e-02,5.68311033e-03
3.10600000e+04,3.90058446e-02,1.53562852e-02,1.79665668e-02,5.68299264e-03
3.10700000e+04,3.90049358e-02,1.53560240e-02,1.79660340e-02,5.68287783e-03
3.10800000e+04,3.90040308e-02,1.53557654e-02,1.79654958e-02,5.68276962e-03
3.10900000e+04,3.90031185e-02,1.53555026e-02,1.79649606e-02,5.68265539e-03
3.11000000e+04,3.90022056e-02,1.53552451e-02,1.79644224e-02,5.68253804e-03
3.11100000e+04,3.90013025e-02,1.53549832e-02,1.79638920e-02,5.68242733e-03
3.11200000e+04,3.90003914e-02,1.53547272e-02,1.79633530e-02,5.68231117e-03
3.11300000e+04,3.89994829e-02,1.53544647e-02,1.79628158e-02,5.68220241e-03
3.11400000e+04,3.89985902e-02,1.53542055e-02,1.79622910e-02,5.68209370e-03
3.11500000e+04,3.89976799e-02,1.53539405e-02,1.79617614e-02,5.68197797e-03
3.11600000e+04,3.89967797e-02,1.53536831e-02,1.79612283e-02,5.68186829e-03
3.11700000e+04,3.89958674e-02,1.53534185e-02,1.79606954e-02,5.68175346e-03
3.11800000e+04,3.89949687e-02,1.53531590e-02,1.79601692e-02,5.68164052e-03
3.11900000e+04,3.89940590e-02,1.53528963e-02,1.79596333e-02,5.68152948e-03
3.12000000e+04,3.89931641e-02,1.53526374e-02,1.79591114e-02,5.68141529e-03
3.12100000e+04,3.89922592e-02,1.53523719e-02,1.79585813e-02,5.68130596e-03
3.12200000e+04,3.89913591e-02,1.53521068e-02,1.79580568e-02,5.68119549e-03
3.12300000e+04,3.89904594e-02,1.53518432e-02,1.79575323e-02,5.68108387e-03
3.12400000e+04,3.89895754e-02,1.53515773e-02,1.79570248e-02,5.68097340e-03
3.12500000e+04,3.89886930e-02,1.53513095e-02,1.79565140e-02,5.68086953e-03
3.12600000e+04,3.89878214e-02,1.53510386e-02,1.79560181e-02,5.68076475e-03
3.12700000e+04,3.89869887e-02,1.53507861e-02,1.79555418e-02,5.68066079e-03
3.12800000e+04,3.89861881e-02,1.53505252e-02,1.79550984e-02,5.68056439e-03
3.12900000e+04,3.89854129e-02,1.53502759e-02,1.79546600e-02,5.68047698e-03
3.13000000e+04,3.89846530e-02,1.53500463e-02,1.79542228e-02,5.68038391e-03
3.13100000e+04,3.89839032e-02,1.53498234e-02,1.79537902e-02,5.68028965e-03
3.13200000e+04,3.89831538e-02,1.53495983e-02,1.79533548e-02,5.68020066e-03
3.13300000e+04,3.89824063e-02,1.53493834e-02,1.79529155e-02,5.68010733e-03
3.13400000e+04,3.89816509e-02,1.53491605e-02,1.79524753e-02,5.68001514e-03
3.13500000e+04,3.89809144e-02,1.53489564e-02,1.79520350e-02,5.67992298e-03
3.13600000e+04,3.89801702e-02,1.53487392e-02,1.79516010e-02,5.67983001e-03
3.13700000e+04,3.89794217e-02,1.53485254e-02,1.79511562e-02,5.67974012e-03
3.13800000e+04,3.89786737e-02,1.53483120e-02,1.79507181e-02,5.67964361e-03
3.13900000e+04,3.89779298e-02,1.53480997e-02,1.79502744e-02,5.67955571e-03
3.14000000e+04,3.89771792e-02,1.53478838e-02,1.79498354e-02,5.67945995e-03
3.14100000e+04,3.89764498e-02,1.53476762e-02,1.79494002e-02,5.67937330e-03
3.14200000e+04,3.89757031e-02,1.53474702e-02,1.79489571e-02,5.67927591e-03
3.14300000e+04,3.89749582e-02,1.53472536e-02,1.79485160e-02,5.67918861e-03
3.14400000e+04,3.89742239e-02,1.53470485e-02,1.79480807e-02,5.67909472e-03
3.14500000e+04,3.89734708e-02,1.53468376e-02,1.79476354e-02,5.67899778e-03
3.14600000e+04,3.89727319e-02,1.53466275e-02,1.79471957e-02,5.67890872e-03
3.14700000e+04,3.89719980e-02,1.53464179e-02,1.79467616e-02,5.67881850e-03
3.14800000e+04,3.89712560e-02,1.53462039e-02,1.79463234e-02,5.67872867e-03
3.14900000e+04,3.89705093e-02,1.53459960e-02,1.79458812e-02,5.67863202e-03
3.15000000e+04,3.89697712e-02,1.53457849e-02,1.79454460e-02,5.67854032e-03
3.15100000e+04,3.89690317e-02,1.53455746e-02,1.79450054e-02,5.67845167e-03
3.15200000e+04,3.89682915e-02,1.53453703e-02,1.79445621e-02,5.67835905e-03
3.15300000e+04,3.89675549e-02,1.53451619e-02,1.79441241e-02,5.67826882e-03
3.15400000e+04,3.89668127e-02,1.53449580e-02,1.79436789e-02,5.67817586e-03
3.15500000e+04,3.89660826e-02,1.53447489e-02,1.79432488e-02,5.67808487e-03
3.15600000e+04,3.89653431e-02,1.53445454e-02,1.79428015e-02,5.67799616e-03
3.15700000e+04,3.89646124e-02,1.53443395e-02,1.79423681e-02,5.67790486e-03
3.15800000e+04,3.89638816e-02,1.53441348e-02,1.79419307e-02,5.67781611e-03
3.15900000e+04,3.89631487e-02,1.53439276e-02,1.79414921e-02,5.67772900e-03
3.16000000e+04,3.89624182e-02,1.53437200e-02,1.79410619e-02,5.67763626e-03
3.16100000e+04,3.89616894e-02,1.53435151e-02,1.79406266e-02,5.67754765e-03
3.16200000e+04,3.89609502e-02,1.53433080e-02,1.79401844e-02,5.67745786e-03
3.16300000e+04,3.89602286e-02,1.53431052e-02,1.79397581e-02,5.67736528e-03
3.16400000e+04,3.89594967e-02,1.53429017e-02,1.79393168e-02,5.67727820e-03
3.16500000e+04,3.89587699e-02,1.53426935e-02,1.79388858e-02,5.67719059e-03
3.16600000e+04,3.89580275e-02,1.53424875e-02,1.79384472e-02,5.67709287e-03
3.16700000e+04,3.89573013e-02,1.53422834e-02,1.79380120e-02,5.67700590e-03
3.16800000e+04,3.89565726e-02,1.53420777e-02,1.79375794e-02,5.67691555e-03
3.16900000e+04,3.89558488e-02,1.53418757e-02,1.79371476e-02,5.67682555e-03
3.17000000e+04,3.89551057e-02,1.53416679e-02,1.79367057e-02,5.67673214e-03
3.17100000e+04,3.89543908e-02,1.53414685e-02,1.79362755e-02,5.67664686e-03
3.17200000e+04,3.89536566e-02,1.53412586e-02,1.79358449e-02,5.67655308e-03
3.17300000e+04,3.89529315e-02,1.53410611e-02,1.79354067e-02,5.67646367e-03
3.17400000e+04,3.89521990e-02,1.53408502e-02,1.79349737e-02,5.67637504e-03
3.17500000e+04,3.89514741e-02,1.53406391e-02,1.79345452e-02,5.67628983e-03
3.17600000e+04,3.89507565e-02,1.53404419e-02,1.79341143e-02,5.67620024e-03
3.17700000e+04,3.89500218e-02,1.53402392e-02,1.79336745e-02,5.67610807e-03
3.17800000e+04,3.89492987e-02,1.53400350e-02,1.79332431e-02,5.67602054e-03
3.17900000e+04,3.89485782e-02,1.53398307e-02,1.79328148e-02,5.67593271e-03
3.18000000e+04,3.89478448e-02,1.53396225e-02,1.79323814e-02,5.67584097e-03
3.18100000e+04,3.89471224e-02,1.53394275e-02,1.79319408e-02,5.67575417e-03
3.18200000e+04,3.89463891e-02,1.53392184e-02,1.79315075e-02,5.67566321e-03
3.18300000e+04,3.89456689e-02,1.53390167e-02,1.79310773e-02,5.67557493e-03
3.18400000e+04,3.89449527e-02,1.53388166e-02,1.79306496e-02,5.67548653e-03
3.18500000e+04,3.89442371e-02,1.53386159e-02,1.79302200e-02,5.67540118e-03
3.18600000e+04,3.89435297e-02,1.53384093e-02,1.79298033e-02,5.67531707e-03
3.18700000e+04,3.89428293e-02,1.53382054e-02,1.79293870e-02,5.67523681e-03
3.18800000e+04,3.89421389e-02,1.53380073e-02,1.79289748e-02,5.67515684e-03
3.18900000e+04,3.89414437e-02,1.53378057e-02,1.79285659e-02,5.67507203e-03
3.19000000e+04,3.89407458e-02,1.53376063e-02,1.79281525e-02,5.67498693e-03
3.19100000e+04,3.89400603e-02,1.53374077e-02,1.79277441e-02,5.67490854e-03
3.19200000e+04,3.89393534e-02,1.53372062e-02,1.79273257e-02,5.67482153e-03
3.19300000e+04,3.89386642e-02,1.53370046e-02,1.79269213e-02,5.67473824e-03
3.19400000e+04,3.89379791e-02,1.53368108e-02,1.79265138e-02,5.67465454e-03
3.19500000e+04,3.89372850e-02,1.53366108e-02,1.79261050e-02,5.67456928e-03
3.19600000e+04,3.89365868e-02,1.53364109e-02,1.79256927e-02,5.67448319e-03
3.19700000e+04,3.89359015e-02,1.53362191e-02,1.79252848e-02,5.67439758e-03
3.19800000e+04,3.89352028e-02,1.53360164e-02,1.79248724e-02,5.67431399e-03
3.19900000e+04,3.89345097e-02,1.53358231e-02,1.79244589e-02,5.67422771e-03
3.20000000e+04,3.89338208e-02,1.53356198e-02,1.79240568e-02,5.67414421e-03
3.20100000e+04,3.89331286e-02,1.53354221e-02,1.79236439e-02,5.67406255e-03
3.20200000e+04,3.89324361e-02,1.53352285e-02,1.79232289e-02,5.67397870e-03
3.20300000e+04,3.89317442e-02,1.53350344e-02,1.79228182e-02,5.67389154e-03
3.20400000e+04,3.89310564e-02,1.53348373e-02,1.79224107e-02,5.67380841e-03
3.20500000e+04,3.89303660e-02,1.53346351e-02,1.79220045e-02,5.67372644e-03
3.20600000e+04,3.89296769e-02,1.53344419e-02,1.79215922e-02,5.67364278e-03
3.20700000e+04,3.89289856e-02,1.53342439e-02,1.79211868e-02,5.67355482e-03
3.20800000e+04,3.89282988e-02,1.53340515e-02,1.79207745e-02,5.67347283e-03
3.20900000e+04,3.89276042e-02,1.53338512e-02,1.79203644e-02,5.67338858e-03
3.21000000e+04,3.89269178e-02,1.53336571e-02,1.79199550e-02,5.67330570e-03
3.21100000e+04,3.89262297e-02,1.53334644e-02,1.79195461e-02,5.67321919e-03
3.21200000e+04,3.89255454e-02,1.53332637e-02,1.79191437e-02,5.67313801e-03
3.21300000e+04,3.89248488e-02,1.53330710e-02,1.79187279e-02,5.67304989e-03
3.21400000e+04,3.89241595e-02,1.53328769e-02,1.79183160e-02,5.67296658e-03
3.21500000e+04,3.89234749e-02,1.53326847e-02,1.79179088e-02,5.67288131e-03
3.21600000e+04,3.89227831e-02,1.53324908e-02,1.79174993e-02,5.67279297e-03
3.21700000e+04,3.89221041e-02,1.53323051e-02,1.79170914e-02,5.67270763e-03
3.21800000e+04,3.89214139e-02,1.53321099e-02,1.79166814e-02,5.67262261e-03
3.21900000e+04,3.89207304e-02,1.53319157e-02,1.79162753e-02,5.67253936e-03
3.22000000e+04,3.89200451e-02,1.53317168e-02,1.79158689e-02,5.67245935e-03
3.22100000e+04,3.89193735e-02,1.53315301e-02,1.79154641e-02,5.67237921e-03
3.22200000e+04,3.89186936e-02,1.53313335e-02,1.79150602e-02,5.67229990e-03
3.22300000e+04,3.89180076e-02,1.53311408e-02,1.79146541e-02,5.67221261e-03
3.22400000e+04,3.89173329e-02,1.53309458e-02,1.79142528e-02,5.67213426e-03
3.22500000e+04,3.89166463e-02,1.53307497e-02,1.79138412e-02,5.67205531e-03
3.22600000e+04,3.89159724e-02,1.53305557e-02,1.79134412e-02,5.67197544e-03
3.22700000e+04,3.89152847e-02,1.53303632e-02,1.79130311e-02,5.67189039e-03
3.22800000e+04,3.89146090e-02,1.53301715e-02,1.79126273e-02,5.67181019e-03
3.22900000e+04,3.89139334e-02,1.53299843e-02,1.79122242e-02,5.67172485e-03
3.23000000e+04,3.89132488e-02,1.53297853e-02,1.79118176e-02,5.67164595e-03
3.23100000e+04,3.89125763e-02,1.53295946e-02,1.79114179e-02,5.67156380e-03
3.23200000e+04,3.89118945e-02,1.53294020e-02,1.79110127e-02,5.67147974e-03
3.23300000e+04,3.89112231e-02,1.53292100e-02,1.79106157e-02,5.67139742e-03
3.23400000e+04,3.89105369e-02,1.53290188e-02,1.79102036e-02,5.67131456e-03
3.23500000e+04,3.89098641e-02,1.53288335e-02,1.79097982e-02,5.67123236e-03
3.23600000e+04,3.89091860e-02,1.53286451e-02,1.79093966e-02,5.67114425e-03
3.23700000e+04,3.89085079e-02,1.53284519e-02,1.79089934e-02,5.67106266e-03
3.23800000e+04,3.89078332e-02,1.53282556e-02,1.79085948e-02,5.67098275e-03
3.23900000e+04,3.89071578e-02,1.53280658e-02,1.79081892e-02,5.67090279e-03
3.24000000e+04,3.89064792e-02,1.53278756e-02,1.79077901e-02,5.67081355e-03
3.24100000e+04,3.89058076e-02,1.53276889e-02,1.79073882e-02,5.67073050e-03
3.24200000e+04,3.89051261e-02,1.53274976e-02,1.79069786e-02,5.67065002e-03
3.24300000e+04,3.89044617e-02,1.53273125e-02,1.79065804e-02,5.67056882e-03
3.24400000e+04,3.89037847e-02,1.53271203e-02,1.79061744e-02,5.67048998e-03
3.24500000e+04,3.89031142e-02,1.53269360e-02,1.79057745e-02,5.67040367e-03
3.24600000e+04,3.89024387e-02,1.53267501e-02,1.79053721e-02,5.67031649e-03
3.24700000e+04,3.89017594e-02,1.53265655e-02,1.79049631e-02,5.67023081e-03
3.24800000e+04,3.89010947e-02,1.53263838e-02,1.79045639e-02,5.67014699e-03
3.24900000e+04,3.89004247e-02,1.53262001e-02,1.79041602e-02,5.67006440e-03
3.25000000e+04,3.88997600e-02,1.53260212e-02,1.79037616e-02,5.66997721e-03
3.25100000e+04,3.88991014e-02,1.53258443e-02,1.79033683e-02,5.66988886e-03
3.25200000e+04,3.88984581e-02,1.53256679e-02,1.79029935e-02,5.66979664e-03
3.25300000e+04,3.88978616e-02,1.53254973e-02,1.79026423e-02,5.66972192e-03
3.25400000e+04,3.88972875e-02,1.53253324e-02,1.79023107e-02,5.66964442e-03
3.25500000e+04,3.88966988e-02,1.53251499e-02,1.79019793e-02,5.66956959e-03
3.25600000e+04,3.88961293e-02,1.53249897e-02,1.79016442e-02,5.66949542e-03
3.25700000e+04,3.88955633e-02,1.53248228e-02,1.79013161e-02,5.66942437e-03
3.25800000e+04,3.88950030e-02,1.53246650e-02,1.79009861e-02,5.66935191e-03
3.25900000e+04,3.88944318e-02,1.53245031e-02,1.79006485e-02,5.66928029e-03
3.26000000e+04,3.88938685e-02,1.53243442e-02,1.79003190e-02,5.66920533e-03
3.26100000e+04,3.88933038e-02,1.53241801e-02,1.78999878e-02,5.66913578e-03
3.26200000e+04,3.88927438e-02,1.53240236e-02,1.78996525e-02,5.66906761e-03
3.26300000e+04,3.88921771e-02,1.53238622e-02,1.78993219e-02,5.66899300e-03
3.26400000e+04,3.88916113e-02,1.53237045e-02,1.78989868e-02,5.66892005e-03
3.26500000e+04,3.88910467e-02,1.53235398e-02,1.78986602e-02,5.66884670e-03
3.26600000e+04,3.88904804e-02,1.53233834e-02,1.78983174e-02,5.66877960e-03
3.26700000e+04,3.88899118e-02,1.53232219e-02,1.78979835e-02,5.66870647e-03
3.26800000e+04,3.88893408e-02,1.53230610e-02,1.78976485e-02,5.66863129e-03
3.26900000e+04,3.88887884e-02,1.53229052e-02,1.78973202e-02,5.66856299e-03
3.27000000e+04,3.88882195e-02,1.53227446e-02,1.78969860e-02,5.66848888e-03
3.27100000e+04,3.88876499e-02,1.53225779e-02,1.78966536e-02,5.66841842e-03
3.27200000e+04,3.88870910e-02,1.53224237e-02,1.78963218e-02,5.66834551e-03
3.27300000e+04,3.88865315e-02,1.53222663e-02,1.78959872e-02,5.66827797e-03
3.27400000e+04,3.88859696e-02,1.53221150e-02,1.78956522e-02,5.66820243e-03
3.27500000e+04,3.88854088e-02,1.53219513e-02,1.78953203e-02,5.66813714e-03
3.27600000e+04,3.88848414e-02,1.53217892e-02,1.78949875e-02,5.66806466e-03
3.27700000e+04,3.88842843e-02,1.53216343e-02,1.78946585e-02,5.66799157e-03
3.27800000e+04,3.88837229e-02,1.53214704e-02,1.78943273e-02,5.66792519e-03
3.27900000e+04,3.88831630e-02,1.53213185e-02,1.78939909e-02,5.66785362e-03
3.28000000e+04,3.88825964e-02,1.53211555e-02,1.78936565e-02,5.66778447e-03
3.28100000e+04,3.88820373e-02,1.53210007e-02,1.78933258e-02,5.66771079e-03
3.28200000e+04,3.88814685e-02,1.53208400e-02,1.78929919e-02,5.66763654e-03
3.28300000e+04,3.88809140e-02,1.53206873e-02,1.78926600e-02,5.66756671e-03
3.28400000e+04,3.88803596e-02,1.53205289e-02,1.78923280e-02,5.66750272e-03
3.28500000e+04,3.88797994e-02,1.53203725e-02,1.78919975e-02,5.66742939e-03
3.28600000e+04,3.88792348e-02,1.53202117e-02,1.78916621e-02,5.66736102e-03
3.28700000e+04,3.88786648e-02,1.53200498e-02,1.78913263e-02,5.66728863e-03
3.28800000e+04,3.88781157e-02,1.53198949e-02,1.78909982e-02,5.66722258e-03
3.28900000e+04,3.88775480e-02,1.53197349e-02,1.78906614e-02,5.66715175e-03
3.29000000e+04,3.88769974e-02,1.53195797e-02,1.78903334e-02,5.66708429e-03
3.29100000e+04,3.88764383e-02,1.53194246e-02,1.78899980e-02,5.66701572e-03
3.29200000e+04,3.88758881e-02,1.53192689e-02,1.78896712e-02,5.66694802e-03
3.29300000e+04,3.88753401e-02,1.53191123e-02,1.78893465e-02,5.66688133e-03
3.29400000e+04,3.88747791e-02,1.53189553e-02,1.78890145e-02,5.66680934e-03
3.29500000e+04,3.88742324e-02,1.53188061e-02,1.78886816e-02,5.66674466e-03
3.29600000e+04,3.88736833e-02,1.53186532e-02,1.78883593e-02,5.66667080e-03
3.29700000e+04,3.88731270e-02,1.53185003e-02,1.78880238e-02,5.66660287e-03
3.29800000e+04,3.88725784e-02,1.53183448e-02,1.78876977e-02,5.66653595e-03
3.29900000e+04,3.88720276e-02,1.53181900e-02,1.78873731e-02,5.66646450e-03
3.30000000e+04,3.88714671e-02,1.53180315e-02,1.78870390e-02,5.66639667e-03
3.30100000e+04,3.88709255e-02,1.53178795e-02,1.78867152e-02,5.66633083e-03
3.30200000e+04,3.88703793e-02,1.53177227e-02,1.78863926e-02,5.66626405e-03
3.30300000e+04,3.88698175e-02,1.53175653e-02,1.78860572e-02,5.66619501e-03
3.30400000e+04,3.88692678e-02,1.53174164e-02,1.78857298e-02,5.66612167e-03
3.30500000e+04,3.88687258e-02,1.53172640e-02,1.78854047e-02,5.66605718e-03
3.30600000e+04,3.88681678e-02,1.53171051e-02,1.78850762e-02,5.66598648e-03
3.30700000e+04,3.88676276e-02,1.53169546e-02,1.78847503e-02,5.66592270e-03
3.30800000e+04,3.88670646e-02,1.53167957e-02,1.78844177e-02,5.66585124e-03
3.30900000e+04,3.88665178e-02,1.53166441e-02,1.78840932e-02,5.66578052e-03
3.31000000e+04,3.88659641e-02,1.53164856e-02,1.78837694e-02,5.66570910e-03
3.31100000e+04,3.88654205e-02,1.53163319e-02,1.78834437e-02,5.66564495e-03
3.31200000e+04,3.88648723e-02,1.53161796e-02,1.78831158e-02,5.66557688e-03
3.31300000e+04,3.88643251e-02,1.53160282e-02,1.78827861e-02,5.66551085e-03
3.31400000e+04,3.88637660e-02,1.53158706e-02,1.78824557e-02,5.66543969e-03
3.31500000e+04,3.88632309e-02,1.53157156e-02,1.78821385e-02,5.66537678e-03
3.31600000e+04,3.88626798e-02,1.53155622e-02,1.78818091e-02,5.66530850e-03
3.31700000e+04,3.88621261e-02,1.53154072e-02,1.78814803e-02,5.66523854e-03
3.31800000e+04,3.88615802e-02,1.53152517e-02,1.78811577e-02,5.66517081e-03
3.31900000e+04,3.88610339e-02,1.53150972e-02,1.78808324e-02,5.66510430e-03
3.32000000e+04,3.88604775e-02,1.53149399e-02,1.78805043e-02,5.66503328e-03
3.32100000e+04,3.88599359e-02,1.53147868e-02,1.78801810e-02,5.66496801e-03
3.32200000e+04,3.88593926e-02,1.53146329e-02,1.78798560e-02,5.66490366e-03
3.32300000e+04,3.88588467e-02,1.53144808e-02,1.78795314e-02,5.66483455e-03
3.32400000e+04,3.88582994e-02,1.53143247e-02,1.78792065e-02,5.66476826e-03
3.32500000e+04,3.88577487e-02,1.53141722e-02,1.78788741e-02,5.66470237e-03
3.32600000e+04,3.88572018e-02,1.53140145e-02,1.78785532e-02,5.66463419e-03
3.32700000e+04,3.88566584e-02,1.53138603e-02,1.78782268e-02,5.66457141e-03
3.32800000e+04,3.88561118e-02,1.53137073e-02,1.78779016e-02,5.66450284e-03
3.32900000e+04,3.88555736e-02,1.53135527e-02,1.78775836e-02,5.66443730e-03
3.33000000e+04,3.88550256e-02,1.53133966e-02,1.78772556e-02,5.66437341e-03
3.33100000e+04,3.88544842e-02,1.53132457e-02,1.78769337e-02,5.66430477e-03
3.33200000e+04,3.88539576e-02,1.53130884e-02,1.78766220e-02,5.66424715e-03
3.33300000e+04,3.88534285e-02,1.53129342e-02,1.78763095e-02,5.66418482e-03
3.33400000e+04,3.88529174e-02,1.53127855e-02,1.78760074e-02,5.66412454e-03
3.33500000e+04,3.88524047e-02,1.53126329e-02,1.78757075e-02,5.66406426e-03
3.33600000e+04,3.88518877e-02,1.53124851e-02,1.78753979e-02,5.66400476e-03
3.33700000e+04,3.88513741e-02,1.53123346e-02,1.78750969e-02,5.66394256e-03
3.33800000e+04,3.88508614e-02,1.53121874e-02,1.78747951e-02,5.66387894e-03
3.33900000e+04,3.88503454e-02,1.53120434e-02,1.78744877e-02,5.66381434e-03
3.34000000e+04,3.88498255e-02,1.53118906e-02,1.78741808e-02,5.66375412e-03
3.34100000e+04,3.88493140e-02,1.53117448e-02,1.78738783e-02,5.66369086e-03
3.34200000e+04,3.88487988e-02,1.53115944e-02,1.78735722e-02,5.66363211e-03
3.34300000e+04,3.88482811e-02,1.53114480e-02,1.78732652e-02,5.66356787e-03
3.34400000e+04,3.88477764e-02,1.53113023e-02,1.78729655e-02,5.66350863e-03
3.34500000e+04,3.88472529e-02,1.53111534e-02,1.78726564e-02,5.66344312e-03
3.34600000e+04,3.88467479e-02,1.53110040e-02,1.78723601e-02,5.66338382e-03
3.34700000e+04,3.88462375e-02,1.53108615e-02,1.78720512e-02,5.66332481e-03
3.34800000e+04,3.88457126e-02,1.53107091e-02,1.78717453e-02,5.66325824e-03
3.34900000e+04,3.88452014e-02,1.53105625e-02,1.78714422e-02,5.66319670e-03
3.35000000e+04,3.88446919e-02,1.53104224e-02,1.78711339e-02,5.66313564e-03
3.35100000e+04,3.88441793e-02,1.53102711e-02,1.78708352e-02,5.66307306e-03
3.35200000e+04,3.88436594e-02,1.53101219e-02,1.78705293e-02,5.66300815e-03
3.35300000e+04,3.88431525e-02,1.53099783e-02,1.78702275e-02,5.66294667e-03
3.35400000e+04,3.88426370e-02,1.53098296e-02,1.78699218e-02,5.66288563e-03
3.35500000e+04,3.88421224e-02,1.53096806e-02,1.78696191e-02,5.66282274e-03
3.35600000e+04,3.88416180e-02,1.53095395e-02,1.78693184e-02,5.66276005e-03
3.35700000e+04,3.88411033e-02,1.53093940e-02,1.78690128e-02,5.66269641e-03
3.35800000e+04,3.88405885e-02,1.53092436e-02,1.78687100e-02,5.66263494e-03
3.35900000e+04,3.88400847e-02,1.53091010e-02,1.78684089e-02,5.66257474e-03
3.36000000e+04,3.88395698e-02,1.53089543e-02,1.78681037e-02,5.66251186e-03
3.36100000e+04,3.88390559e-02,1.53088079e-02,1.78678005e-02,5.66244738e-03
3.36200000e+04,3.88385509e-02,1.53086642e-02,1.78674992e-02,5.66238755e-03
3.36300000e+04,3.88380433e-02,1.53085163e-02,1.78671961e-02,5.66233090e-03
3.36400000e+04,3.88375247e-02,1.53083663e-02,1.78668928e-02,5.66226559e-03
3.36500000e+04,3.88370144e-02,1.53082237e-02,1.78665888e-02,5.66220185e-03
3.36600000e+04,3.88365103e-02,1.53080785e-02,1.78662925e-02,5.66213918e-03
3.36700000e+04,3.88359885e-02,1.53079357e-02,1.78659789e-02,5.66207383e-03
3.36800000e+04,3.88354899e-02,1.53077898e-02,1.78656796e-02,5.66202044e-03
3.36900000e+04,3.88349733e-02,1.53076405e-02,1.78653817e-02,5.66195101e-03
3.37000000e+04,3.88344653e-02,1.53074965e-02,1.78650767e-02,5.66189201e-03
3.37100000e+04,3.88339493e-02,1.53073528e-02,1.78647701e-02,5.66182639e-03
3.37200000e+04,3.88334571e-02,1.53072147e-02,1.78644749e-02,5.66176745e-03
3.37300000e+04,3.88329358e-02,1.53070669e-02,1.78641688e-02,5.66170010e-03
3.37400000e+04,3.88324274e-02,1.53069224e-02,1.78638669e-02,5.66163805e-03
3.37500000e+04,3.88319172e-02,1.53067804e-02,1.78635631e-02,5.66157366e-03
3.37600000e+04,3.88314102e-02,1.53066364e-02,1.78632610e-02,5.66151290e-03
3.37700000e+04,3.88308962e-02,1.53064965e-02,1.78629569e-02,5.66144288e-03
3.37800000e+04,3.88303940e-02,1.53063573e-02,1.78626545e-02,5.66138221e-03
3.37900000e+04,3.88299009e-02,1.53062186e-02,1.78623622e-02,5.66132010e-03
3.38000000e+04,3.88293926e-02,1.53060745e-02,1.78620556e-02,5.66126255e-03
3.38100000e+04,3.88288973e-02,1.53059353e-02,1.78617581e-02,5.66120393e-03
3.38200000e+04,3.88283905e-02,1.53057845e-02,1.78614610e-02,5.66114501e-03
3.38300000e+04,3.88278985e-02,1.53056437e-02,1.78611666e-02,5.66108829e-03
3.38400000e+04,3.88273942e-02,1.53054989e-02,1.78608667e-02,5.66102858e-03
3.38500000e+04,3.88268873e-02,1.53053510e-02,1.78605689e-02,5.66096739e-03
3.38600000e+04,3.88263905e-02,1.53052152e-02,1.78602648e-02,5.66091053e-03
3.38700000e+04,3.88258863e-02,1.53050666e-02,1.78599659e-02,5.66085381e-03
3.38800000e+04,3.88253849e-02,1.53049227e-02,1.78596679e-02,5.66079426e-03
3.38900000e+04,3.88248872e-02,1.53047848e-02,1.78593717e-02,5.66073065e-03
3.39000000e+04,3.88243824e-02,1.53046370e-02,1.78590721e-02,5.66067333e-03
3.39100000e+04,3.88238994e-02,1.53045061e-02,1.78587790e-02,5.66061428e-03
3.39200000e+04,3.88233883e-02,1.53043555e-02,1.78584785e-02,5.66055425e-03
3.39300000e+04,3.88228930e-02,1.53042167e-02,1.78581796e-02,5.66049680e-03
3.39400000e+04,3.88223901e-02,1.53040766e-02,1.78578791e-02,5.66043442e-03
3.39500000e+04,3.88218878e-02,1.53039326e-02,1.78575826e-02,5.66037262e-03
3.39600000e+04,3.88213819e-02,1.53037896e-02,1.78572811e-02,5.66031114e-03
3.39700000e+04,3.88208861e-02,1.53036475e-02,1.78569863e-02,5.66025230e-03
3.39800000e+04,3.88203860e-02,1.53035058e-02,1.78566886e-02,5.66019150e-03
3.39900000e+04,3.88198858e-02,1.53033644e-02,1.78563928e-02,5.66012860e-03
3.40000000e+04,3.88193875e-02,1.53032215e-02,1.78560957e-02,5.66007030e-03
3.40100000e+04,3.88188980e-02,1.53030894e-02,1.78558005e-02,5.66000810e-03
3.40200000e+04,3.88183936e-02,1.53029429e-02,1.78555016e-02,5.65994904e-03
3.40300000e+04,3.88178920e-02,1.53028013e-02,1.78552080e-02,5.65988271e-03
3.40400000e+04,3.88173910e-02,1.53026582e-02,1.78549074e-02,5.65982547e-03
3.40500000e+04,3.88168941e-02,1.53025159e-02,1.78546124e-02,5.65976584e-03
3.40600000e+04,3.88164025e-02,1.53023791e-02,1.78543163e-02,5.65970709e-03
3.40700000e+04,3.88159033e-02,1.53022407e-02,1.78540173e-02,5.65964530e-03
3.40800000e+04,3.88154153e-02,1.53021040e-02,1.78537272e-02,5.65958403e-03
3.40900000e+04,3.88149046e-02,1.53019554e-02,1.78534252e-02,5.65952408e-03
3.41000000e+04,3.88144164e-02,1.53018134e-02,1.78531382e-02,5.65946480e-03
3.41100000e+04,3.88139073e-02,1.53016721e-02,1.78528349e-02,5.65940037e-03
3.41200000e+04,3.88134213e-02,1.53015337e-02,1.78525439e-02,5.65934377e-03
3.41300000e+04,3.88129184e-02,1.53013915e-02,1.78522460e-02,5.65928090e-03
3.41400000e+04,3.88124239e-02,1.53012541e-02,1.78519537e-02,5.65921616e-03
3.41500000e+04,3.88119274e-02,1.53011113e-02,1.78516598e-02,5.65915635e-03
3.41600000e+04,3.88114357e-02,1.53009737e-02,1.78513650e-02,5.65909709e-03
3.41700000e+04,3.88109408e-02,1.53008327e-02,1.78510742e-02,5.65903396e-03
3.41800000e+04,3.88104435e-02,1.53006918e-02,1.78507767e-02,5.65897502e-03
3.41900000e+04,3.88099464e-02,1.53005544e-02,1.78504823e-02,5.65890970e-03
3.42000000e+04,3.88094493e-02,1.53004096e-02,1.78501878e-02,5.65885189e-03
3.42100000e+04,3.88089502e-02,1.53002680e-02,1.78498981e-02,5.65878416e-03
3.42200000e+04,3.88084567e-02,1.53001296e-02,1.78496044e-02,5.65872269e-03
3.42300000e+04,3.88079642e-02,1.52999868e-02,1.78493153e-02,5.65866214e-03
3.42400000e+04,3.88074703e-02,1.52998417e-02,1.78490279e-02,5.65860069e-03
3.42500000e+04,3.88069908e-02,1.52997038e-02,1.78487471e-02,5.65853993e-03
3.42600000e+04,3.88064884e-02,1.52995552e-02,1.78484594e-02,5.65847377e-03
3.42700000e+04,3.88060198e-02,1.52994113e-02,1.78481945e-02,5.65841400e-03
3.42800000e+04,3.88055814e-02,1.52992600e-02,1.78479645e-02,5.65835693e-03
3.42900000e+04,3.88052292e-02,1.52991164e-02,1.78478107e-02,5.65830214e-03
3.43000000e+04,3.88049512e-02,1.52990108e-02,1.78476813e-02,5.65825905e-03
3.43100000e+04,3.88047027e-02,1.52989306e-02,1.78475534e-02,5.65821871e-03
3.43200000e+04,3.88044483e-02,1.52988490e-02,1.78474130e-02,5.65818625e-03
3.43300000e+04,3.88041921e-02,1.52987707e-02,1.78472732e-02,5.65814816e-03
3.43400000e+04,3.88039493e-02,1.52987030e-02,1.78471344e-02,5.65811187e-03
3.43500000e+04,3.88037023e-02,1.52986322e-02,1.78469969e-02,5.65807326e-03
3.43600000e+04,3.88034538e-02,1.52985582e-02,1.78468584e-02,5.65803714e-03
3.43700000e+04,3.88032133e-02,1.52984970e-02,1.78467128e-02,5.65800343e-03
3.43800000e+04,3.88029703e-02,1.52984276e-02,1.78465758e-02,5.65796684e-03
3.43900000e+04,3.88027224e-02,1.52983582e-02,1.78464341e-02,5.65793013e-03
3.44000000e+04,3.88024676e-02,1.52982873e-02,1.78462878e-02,5.65789251e-03
3.44100000e+04,3.88022274e-02,1.52982236e-02,1.78461448e-02,5.65785894e-03
3.44200000e+04,3.88019750e-02,1.52981514e-02,1.78460019e-02,5.65782165e-03
3.44300000e+04,3.88017314e-02,1.52980819e-02,1.78458604e-02,5.65778906e-03
3.44400000e+04,3.88014941e-02,1.52980207e-02,1.78457218e-02,5.65775162e-03
3.44500000e+04,3.88012443e-02,1.52979488e-02,1.78455781e-02,5.65771746e-03
3.44600000e+04,3.88010041e-02,1.52978868e-02,1.78454368e-02,5.65768048e-03
3.44700000e+04,3.88007604e-02,1.52978168e-02,1.78452929e-02,5.65765062e-03
3.44800000e+04,3.88005111e-02,1.52977502e-02,1.78451458e-02,5.65761514e-03
3.44900000e+04,3.88002671e-02,1.52976821e-02,1.78450065e-02,5.65757859e-03
3.45000000e+04,3.88000215e-02,1.52976154e-02,1.78448630e-02,5.65754318e-03
3.45100000e+04,3.87997766e-02,1.52975488e-02,1.78447208e-02,5.65750699e-03
3.45200000e+04,3.87995361e-02,1.52974854e-02,1.78445775e-02,5.65747323e-03
3.45300000e+04,3.87992901e-02,1.52974167e-02,1.78444362e-02,5.65743721e-03
3.45400000e+04,3.87990392e-02,1.52973487e-02,1.78442885e-02,5.65740198e-03
3.45500000e+04,3.87987938e-02,1.52972763e-02,1.78441499e-02,5.65736755e-03
3.45600000e+04,3.87985530e-02,1.52972118e-02,1.78440036e-02,5.65733754e-03
3.45700000e+04,3.87983075e-02,1.52971416e-02,1.78438632e-02,5.65730265e-03
3.45800000e+04,3.87980695e-02,1.52970787e-02,1.78437204e-02,5.65727039e-03
3.45900000e+04,3.87978184e-02,1.52970108e-02,1.78435750e-02,5.65723268e-03
3.46000000e+04,3.87975812e-02,1.52969474e-02,1.78434366e-02,5.65719715e-03
3.46100000e+04,3.87973324e-02,1.52968792e-02,1.78432900e-02,5.65716326e-03
3.46200000e+04,3.87970955e-02,1.52968157e-02,1.78431482e-02,5.65713161e-03
3.46300000e+04,3.87968575e-02,1.52967550e-02,1.78430080e-02,5.65709450e-03
3.46400000e+04,3.87966109e-02,1.52966859e-02,1.78428633e-02,5.65706166e-03
3.46500000e+04,3.87963700e-02,1.52966188e-02,1.78427255e-02,5.65702572e-03
3.46600000e+04,3.87961280e-02,1.52965529e-02,1.78425810e-02,5.65699420e-03
3.46700000e+04,3.87958892e-02,1.52964845e-02,1.78424447e-02,5.65696003e-03
3.46800000e+04,3.87956510e-02,1.52964251e-02,1.78422966e-02,5.65692934e-03
3.46900000e+04,3.87954027e-02,1.52963601e-02,1.78421528e-02,5.65688979e-03
3.47000000e+04,3.87951576e-02,1.52962906e-02,1.78420113e-02,5.65685568e-03
3.47100000e+04,3.87949169e-02,1.52962262e-02,1.78418653e-02,5.65682535e-03
3.47200000e+04,3.87946682e-02,1.52961521e-02,1.78417264e-02,5.65678970e-03
3.47300000e+04,3.87944315e-02,1.52960886e-02,1.78415870e-02,5.65675598e-03
3.47400000e+04,3.87941849e-02,1.52960232e-02,1.78414382e-02,5.65672349e-03
3.47500000e+04,3.87939460e-02,1.52959583e-02,1.78412998e-02,5.65668792e-03
3.47600000e+04,3.87937063e-02,1.52958899e-02,1.78411598e-02,5.65665668e-03
3.47700000e+04,3.87934671e-02,1.52958255e-02,1.78410156e-02,5.65662603e-03
3.47800000e+04,3.87932236e-02,1.52957637e-02,1.78408676e-02,5.65659232e-03
3.47900000e+04,3.87929797e-02,1.52956931e-02,1.78407287e-02,5.65655794e-03
3.48000000e+04,3.87927449e-02,1.52956251e-02,1.78405919e-02,5.65652790e-03
3.48100000e+04,3.87924999e-02,1.52955593e-02,1.78404437e-02,5.65649698e-03
3.48200000e+04,3.87922545e-02,1.52954903e-02,1.78403014e-02,5.65646287e-03
3.48300000e+04,3.87920212e-02,1.52954249e-02,1.78401588e-02,5.65643751e-03
3.48400000e+04,3.87917787e-02,1.52953566e-02,1.78400159e-02,5.65640619e-03
3.48500000e+04,3.87915361e-02,1.52952907e-02,1.78398666e-02,5.65637880e-03
3.48600000e+04,3.87912969e-02,1.52952262e-02,1.78397221e-02,5.65634856e-03
3.48700000e+04,3.87910650e-02,1.52951606e-02,1.78395873e-02,5.65631706e-03
3.48800000e+04,3.87908248e-02,1.52950927e-02,1.78394458e-02,5.65628622e-03
3.48900000e+04,3.87905892e-02,1.52950317e-02,1.78393028e-02,5.65625468e-03
3.49000000e+04,3.87903715e-02,1.52949742e-02,1.78391722e-02,5.65622512e-03
3.49100000e+04,3.87901343e-02,1.52949071e-02,1.78390343e-02,5.65619286e-03
3.49200000e+04,3.87899016e-02,1.52948474e-02,1.78388942e-02,5.65615995e-03
3.49300000e+04,3.87896710e-02,1.52947897e-02,1.78387537e-02,5.65612769e-03
3.49400000e+04,3.87894366e-02,1.52947237e-02,1.78386189e-02,5.65609403e-03
3.49500000e+04,3.87891982e-02,1.52946612e-02,1.78384762e-02,5.65606077e-03
3.49600000e+04,3.87889634e-02,1.52946024e-02,1.78383350e-02,5.65602600e-03
3.49700000e+04,3.87887306e-02,1.52945356e-02,1.78382023e-02,5.65599274e-03
3.49800000e+04,3.87885031e-02,1.52944706e-02,1.78380661e-02,5.65596641e-03
3.49900000e+04,3.87882691e-02,1.52944125e-02,1.78379247e-02,5.65593189e-03
3.50000000e+04,3.87880424e-02,1.52943538e-02,1.78377899e-02,5.65589867e-03
3.50100000e+04,3.87878104e-02,1.52942900e-02,1.78376510e-02,5.65586941e-03
3.50200000e+04,3.87875766e-02,1.52942264e-02,1.78375143e-02,5.65583596e-03
3.50300000e+04,3.87873481e-02,1.52941594e-02,1.78373838e-02,5.65580496e-03
3.50400000e+04,3.87871171e-02,1.52941044e-02,1.78372396e-02,5.65577315e-03
3.50500000e+04,3.87868869e-02,1.52940412e-02,1.78371031e-02,5.65574262e-03
3.50600000e+04,3.87866470e-02,1.52939752e-02,1.78369645e-02,5.65570723e-03
3.50700000e+04,3.87864217e-02,1.52939147e-02,1.78368297e-02,5.65567735e-03
3.50800000e+04,3.87861856e-02,1.52938540e-02,1.78366890e-02,5.65564264e-03
3.50900000e+04,3.87859611e-02,1.52937911e-02,1.78365635e-02,5.65560642e-03
3.51000000e+04,3.87857274e-02,1.52937284e-02,1.78364225e-02,5.65557648e-03
3.51100000e+04,3.87854949e-02,1.52936615e-02,1.78362839e-02,5.65554941e-03
3.51200000e+04,3.87852705e-02,1.52936063e-02,1.78361424e-02,5.65552186e-03
3.51300000e+04,3.87850322e-02,1.52935389e-02,1.78360073e-02,5.65548604e-03
3.51400000e+04,3.87848014e-02,1.52934769e-02,1.78358726e-02,5.65545189e-03
3.51500000e+04,3.87845736e-02,1.52934134e-02,1.78357364e-02,5.65542383e-03
3.51600000e+04,3.87843337e-02,1.52933470e-02,1.78355930e-02,5.65539370e-03
3.51700000e+04,3.87841028e-02,1.52932881e-02,1.78354545e-02,5.65536019e-03
3.51800000e+04,3.87838769e-02,1.52932184e-02,1.78353250e-02,5.65533346e-03
3.51900000e+04,3.87836439e-02,1.52931579e-02,1.78351830e-02,5.65530301e-03
3.52000000e+04,3.87834162e-02,1.52930950e-02,1.78350488e-02,5.65527247e-03
3.52100000e+04,3.87831885e-02,1.52930319e-02,1.78349137e-02,5.65524289e-03
3.52200000e+04,3.87829598e-02,1.52929735e-02,1.78347719e-02,5.65521435e-03
3.52300000e+04,3.87827303e-02,1.52929077e-02,1.78346405e-02,5.65518220e-03
3.52400000e+04,3.87825001e-02,1.52928445e-02,1.78345087e-02,5.65514695e-03
3.52500000e+04,3.87822693e-02,1.52927836e-02,1.78343688e-02,5.65511688e-03
3.52600000e+04,3.87820411e-02,1.52927206e-02,1.78342315e-02,5.65508894e-03
3.52700000e+04,3.87818117e-02,1.52926584e-02,1.78340964e-02,5.65505695e-03
3.52800000e+04,3.87815804e-02,1.52925880e-02,1.78339648e-02,5.65502754e-03
3.52900000e+04,3.87813551e-02,1.52925305e-02,1.78338265e-02,5.65499807e-03
3.53000000e+04,3.87811266e-02,1.52924647e-02,1.78336937e-02,5.65496826e-03
3.53100000e+04,3.87808986e-02,1.52924040e-02,1.78335552e-02,5.65493932e-03
3.53200000e+04,3.87806734e-02,1.52923426e-02,1.78334245e-02,5.65490628e-03
3.53300000e+04,3.87804455e-02,1.52922745e-02,1.78332912e-02,5.65487979e-03
3.53400000e+04,3.87802135e-02,1.52922108e-02,1.78331545e-02,5.65484815e-03
3.53500000e+04,3.87799851e-02,1.52921481e-02,1.78330199e-02,5.65481712e-03
3.53600000e+04,3.87797586e-02,1.52920880e-02,1.78328848e-02,5.65478574e-03
3.53700000e+04,3.87795247e-02,1.52920187e-02,1.78327485e-02,5.65475739e-03
3.53800000e+04,3.87792981e-02,1.52919558e-02,1.78326136e-02,5.65472869e-03
3.53900000e+04,3.87790710e-02,1.52918898e-02,1.78324790e-02,5.65470214e-03
3.54000000e+04,3.87788337e-02,1.52918216e-02,1.78323411e-02,5.65467096e-03
3.54100000e+04,3.87786148e-02,1.52917656e-02,1.78322063e-02,5.65464292e-03
3.54200000e+04,3.87783876e-02,1.52916995e-02,1.78320725e-02,5.65461557e-03
3.54300000e+04,3.87781539e-02,1.52916247e-02,1.78319379e-02,5.65459129e-03
3.54400000e+04,3.87779357e-02,1.52915729e-02,1.78317992e-02,5.65456365e-03
3.54500000e+04,3.87777035e-02,1.52915026e-02,1.78316627e-02,5.65453823e-03
3.54600000e+04,3.87774748e-02,1.52914357e-02,1.78315256e-02,5.65451342e-03
