0.00000000e+00,9.38836906e+00,1.14178587e+01
1.00000000e+01,8.39505069e+00,1.03692874e+01
2.00000000e+01,7.54392850e+00,9.45112863e+00
3.00000000e+01,6.81419201e+00,8.63156852e+00
4.00000000e+01,6.19589453e+00,7.87932373e+00
5.00000000e+01,5.69231121e+00,7.17833475e+00
6.00000000e+01,5.31126399e+00,6.53601162e+00
7.00000000e+01,5.04703487e+00,5.98164890e+00
8.00000000e+01,4.85135358e+00,5.55058680e+00
9.00000000e+01,4.64923425e+00,5.25465909e+00
1.00000000e+02,4.53058875e+00,5.06278417e+00
1.10000000e+02,4.44659987e+00,4.92288727e+00
1.20000000e+02,4.37048690e+00,4.80149124e+00
1.30000000e+02,4.27780944e+00,4.68949524e+00
1.40000000e+02,4.17753591e+00,4.58545168e+00
1.50000000e+02,4.07943719e+00,4.48790909e+00
1.60000000e+02,3.98242848e+00,4.39526580e+00
1.70000000e+02,3.88557118e+00,4.30616750e+00
1.80000000e+02,3.78814863e+00,4.21957667e+00
1.90000000e+02,3.68969508e+00,4.13466261e+00
2.00000000e+02,3.59000169e+00,4.05075768e+00
2.10000000e+02,3.48912267e+00,3.96735677e+00
2.20000000e+02,3.38737271e+00,3.88410139e+00
2.30000000e+02,3.28531489e+00,3.80076617e+00
2.40000000e+02,3.18374005e+00,3.71724768e+00
2.50000000e+02,3.08361879e+00,3.63356519e+00
2.60000000e+02,2.98603339e+00,3.54985841e+00
2.70000000e+02,2.89208484e+00,3.46638570e+00
2.80000000e+02,2.80278783e+00,3.38351592e+00
2.90000000e+02,2.71897549e+00,3.30171109e+00
3.00000000e+02,2.64122780e+00,3.22149565e+00
3.10000000e+02,2.56983822e+00,3.14341594e+00
3.20000000e+02,2.50481638e+00,3.06799702e+00
3.30000000e+02,2.44592138e+00,2.99569650e+00
3.40000000e+02,2.39271738e+00,2.92686898e+00
3.50000000e+02,2.34463357e+00,2.86174651e+00
3.60000000e+02,2.30102663e+00,2.80042984e+00
3.70000000e+02,2.26123018e+00,2.74289730e+00
3.80000000e+02,2.22459811e+00,2.68902230e+00
3.90000000e+02,2.19053596e+00,2.63859560e+00
4.00000000e+02,2.15852223e+00,2.59134750e+00
4.10000000e+02,2.12811870e+00,2.54696816e+00
4.20000000e+02,2.09897048e+00,2.50512533e+00
4.30000000e+02,2.07079862e+00,2.46547993e+00
4.40000000e+02,2.04338825e+00,2.42770177e+00
4.50000000e+02,2.01657488e+00,2.39148381e+00
4.60000000e+02,1.99023326e+00,2.35655349e+00
4.70000000e+02,1.96426714e+00,2.32268130e+00
4.80000000e+02,1.93860225e+00,2.28968217e+00
4.90000000e+02,1.91318042e+00,2.25741339e+00
5.00000000e+02,1.88795523e+00,2.22576766e+00
5.10000000e+02,1.86289037e+00,2.19478392e+00
5.20000000e+02,1.83795644e+00,2.16679464e+00
5.30000000e+02,1.81313004e+00,2.13917293e+00
5.40000000e+02,1.78839299e+00,2.11184878e+00
5.50000000e+02,1.76373256e+00,2.08476121e+00
5.60000000e+02,1.73913947e+00,2.05785693e+00
5.70000000e+02,1.71460927e+00,2.03108849e+00
5.80000000e+02,1.69014122e+00,2.00441454e+00
5.90000000e+02,1.66573961e+00,1.97779886e+00
6.00000000e+02,1.64141222e+00,1.95121057e+00
6.10000000e+02,1.61717129e+00,1.92462332e+00
6.20000000e+02,1.59303259e+00,1.89801706e+00
6.30000000e+02,1.56901552e+00,1.87137521e+00
6.40000000e+02,1.54514340e+00,1.84468843e+00
6.50000000e+02,1.52144101e+00,1.81795236e+00
6.60000000e+02,1.49793680e+00,1.79116850e+00
6.70000000e+02,1.47465926e+00,1.76434447e+00
6.80000000e+02,1.45163810e+00,1.73749492e+00
6.90000000e+02,1.42890318e+00,1.71064106e+00
7.00000000e+02,1.40648258e+00,1.68381076e+00
7.10000000e+02,1.38440378e+00,1.65703861e+00
7.20000000e+02,1.36269104e+00,1.63036505e+00
7.30000000e+02,1.34136632e+00,1.60576376e+00
7.40000000e+02,1.32044816e+00,1.58124209e+00
7.50000000e+02,1.29995172e+00,1.55675083e+00
7.60000000e+02,1.27988825e+00,1.53234164e+00
7.70000000e+02,1.26026539e+00,1.50807250e+00
7.80000000e+02,1.24108735e+00,1.48400741e+00
7.90000000e+02,1.22235462e+00,1.46052338e+00
8.00000000e+02,1.20406440e+00,1.43937059e+00
8.10000000e+02,1.18621155e+00,1.41865917e+00
8.20000000e+02,1.16878767e+00,1.39839527e+00
8.30000000e+02,1.15178252e+00,1.37858480e+00
8.40000000e+02,1.13518449e+00,1.35923219e+00
8.50000000e+02,1.11897958e+00,1.34034067e+00
8.60000000e+02,1.10315394e+00,1.32191193e+00
8.70000000e+02,1.08769311e+00,1.30394650e+00
8.80000000e+02,1.07258194e+00,1.28644327e+00
8.90000000e+02,1.05780564e+00,1.26939941e+00
9.00000000e+02,1.04335040e+00,1.25281057e+00
9.10000000e+02,1.02920242e+00,1.23667079e+00
9.20000000e+02,1.01534896e+00,1.22097259e+00
9.30000000e+02,1.00177861e+00,1.20570678e+00
9.40000000e+02,9.88480505e-01,1.19086264e+00
9.50000000e+02,9.75445010e-01,1.17642855e+00
9.60000000e+02,9.62663244e-01,1.16239171e+00
9.70000000e+02,9.50127710e-01,1.14873780e+00
9.80000000e+02,9.37831458e-01,1.13545262e+00
9.90000000e+02,9.25768394e-01,1.12252089e+00
1.00000000e+03,9.13933136e-01,1.10992710e+00
1.01000000e+03,9.02320702e-01,1.09765574e+00
1.02000000e+03,8.90927222e-01,1.08569094e+00
1.03000000e+03,8.79748508e-01,1.07401736e+00
1.04000000e+03,8.68781414e-01,1.06262000e+00
1.05000000e+03,8.58022530e-01,1.05148388e+00
1.06000000e+03,8.47468931e-01,1.04059487e+00
1.07000000e+03,8.37117787e-01,1.02993923e+00
1.08000000e+03,8.26966316e-01,1.01950382e+00
1.09000000e+03,8.17011427e-01,1.00927624e+00
1.10000000e+03,8.07250738e-01,9.99244601e-01
1.11000000e+03,7.97681026e-01,9.89397872e-01
1.12000000e+03,7.88299507e-01,9.79725674e-01
1.13000000e+03,7.79102698e-01,9.70217999e-01
1.14000000e+03,7.70087404e-01,9.60865844e-01
1.15000000e+03,7.61250135e-01,9.51660577e-01
1.16000000e+03,7.52586968e-01,9.42594215e-01
1.17000000e+03,7.44094219e-01,9.33659330e-01
1.18000000e+03,7.35767527e-01,9.24849194e-01
1.19000000e+03,7.27602663e-01,9.16157085e-01
1.20000000e+03,7.19595356e-01,9.07577496e-01
1.21000000e+03,7.11740872e-01,8.99104528e-01
1.22000000e+03,7.04034531e-01,8.90733130e-01
1.23000000e+03,6.96471946e-01,8.82459018e-01
1.24000000e+03,6.89047890e-01,8.74276988e-01
1.25000000e+03,6.81758169e-01,8.66183471e-01
1.26000000e+03,6.74597757e-01,8.58174469e-01
1.27000000e+03,6.67562220e-01,8.50246493e-01
1.28000000e+03,6.60647044e-01,8.42396066e-01
1.29000000e+03,6.53848069e-01,8.34619902e-01
1.30000000e+03,6.47161148e-01,8.26915529e-01
1.31000000e+03,6.40582124e-01,8.19279712e-01
1.32000000e+03,6.34107523e-01,8.11710335e-01
1.33000000e+03,6.27733657e-01,8.04204781e-01
1.34000000e+03,6.21457128e-01,7.96760656e-01
1.35000000e+03,6.15274804e-01,7.89376026e-01
1.36000000e+03,6.09184051e-01,7.82048924e-01
1.37000000e+03,6.03181792e-01,7.74777403e-01
1.38000000e+03,5.97265648e-01,7.67559711e-01
1.39000000e+03,5.91433333e-01,7.60394210e-01
1.40000000e+03,5.85682372e-01,7.53279567e-01
1.41000000e+03,5.80010956e-01,7.46214019e-01
1.42000000e+03,5.74416932e-01,7.39196809e-01
1.43000000e+03,5.68898426e-01,7.32226390e-01
1.44000000e+03,5.63453685e-01,7.25301668e-01
1.45000000e+03,5.58081018e-01,7.18421627e-01
1.46000000e+03,5.52778717e-01,7.11585578e-01
1.47000000e+03,5.47545128e-01,7.04792650e-01
1.48000000e+03,5.42378517e-01,6.98042119e-01
1.49000000e+03,5.37277568e-01,6.91333486e-01
1.50000000e+03,5.32240482e-01,6.84666187e-01
1.51000000e+03,5.27265791e-01,6.78040005e-01
1.52000000e+03,5.22351803e-01,6.71454232e-01
1.53000000e+03,5.17496990e-01,6.64908960e-01
1.54000000e+03,5.12699731e-01,6.58404043e-01
1.55000000e+03,5.07958544e-01,6.51939178e-01
1.56000000e+03,5.03271746e-01,6.45514596e-01
1.57000000e+03,4.98637948e-01,6.39130300e-01
1.58000000e+03,4.94055370e-01,6.32786607e-01
1.59000000e+03,4.89522548e-01,6.26483543e-01
1.60000000e+03,4.85038020e-01,6.20221393e-01
1.61000000e+03,4.80600189e-01,6.14000605e-01
1.62000000e+03,4.76207625e-01,6.07821330e-01
1.63000000e+03,4.71858965e-01,6.02121787e-01
1.64000000e+03,4.67552615e-01,5.97474236e-01
1.65000000e+03,4.63287404e-01,5.92860276e-01
1.66000000e+03,4.59061934e-01,5.88278899e-01
1.67000000e+03,4.54875031e-01,5.83728984e-01
1.68000000e+03,4.50725336e-01,5.79209402e-01
1.69000000e+03,4.46611796e-01,5.74719172e-01
1.70000000e+03,4.42533370e-01,5.70257301e-01
1.71000000e+03,4.38488800e-01,5.65822961e-01
1.72000000e+03,4.34477327e-01,5.61415104e-01
1.73000000e+03,4.30497989e-01,5.57033133e-01
1.74000000e+03,4.26549919e-01,5.52675962e-01
1.75000000e+03,4.22632210e-01,5.48342966e-01
1.76000000e+03,4.18744147e-01,5.44033609e-01
1.77000000e+03,4.14885137e-01,5.39747205e-01
1.78000000e+03,4.11054533e-01,5.35483072e-01
1.79000000e+03,4.07251615e-01,5.31240923e-01
1.80000000e+03,4.03476125e-01,5.27020089e-01
1.81000000e+03,3.99727425e-01,5.22820456e-01
1.82000000e+03,3.96005198e-01,5.18641315e-01
1.83000000e+03,3.92308990e-01,5.14482571e-01
1.84000000e+03,3.88638657e-01,5.10343922e-01
1.85000000e+03,3.84993847e-01,5.06225238e-01
1.86000000e+03,3.81374329e-01,5.02126101e-01
1.87000000e+03,3.77779942e-01,4.98046655e-01
1.88000000e+03,3.74210609e-01,4.93986569e-01
1.89000000e+03,3.70666282e-01,4.89946043e-01
1.90000000e+03,3.67146927e-01,4.85924857e-01
1.91000000e+03,3.63652381e-01,4.81923079e-01
1.92000000e+03,3.60182709e-01,4.77940695e-01
1.93000000e+03,3.56738076e-01,4.73977786e-01
1.94000000e+03,3.53318512e-01,4.70034398e-01
1.95000000e+03,3.49924110e-01,4.66110768e-01
1.96000000e+03,3.46554989e-01,4.62206943e-01
1.97000000e+03,3.43211227e-01,4.58323024e-01
1.98000000e+03,3.39893100e-01,4.54459246e-01
1.99000000e+03,3.36600827e-01,4.50615855e-01
2.00000000e+03,3.33334469e-01,4.46792742e-01
2.01000000e+03,3.30094338e-01,4.42990473e-01
2.02000000e+03,3.26880500e-01,4.39208999e-01
2.03000000e+03,3.23693394e-01,4.35448634e-01
2.04000000e+03,3.20533169e-01,4.31709571e-01
2.05000000e+03,3.17400007e-01,4.27992169e-01
2.06000000e+03,3.14294212e-01,4.24296401e-01
2.07000000e+03,3.11215942e-01,4.20622764e-01
2.08000000e+03,3.08165570e-01,4.16971307e-01
2.09000000e+03,3.05143191e-01,4.13342308e-01
2.10000000e+03,3.02149116e-01,4.09735920e-01
2.11000000e+03,2.99183658e-01,4.06152422e-01
2.12000000e+03,2.96246794e-01,4.02592123e-01
2.13000000e+03,2.93338926e-01,3.99055058e-01
2.14000000e+03,2.90460157e-01,3.95541493e-01
2.15000000e+03,2.87610829e-01,3.92051645e-01
2.16000000e+03,2.84791013e-01,3.88585518e-01
2.17000000e+03,2.82000871e-01,3.85143483e-01
2.18000000e+03,2.79240578e-01,3.81725655e-01
2.19000000e+03,2.76510202e-01,3.78332007e-01
2.20000000e+03,2.73809893e-01,3.74962970e-01
2.21000000e+03,2.71139925e-01,3.71618301e-01
2.22000000e+03,2.68500186e-01,3.68298329e-01
2.23000000e+03,2.65890916e-01,3.65003152e-01
2.24000000e+03,2.63312011e-01,3.61732808e-01
2.25000000e+03,2.60763692e-01,3.58487228e-01
2.26000000e+03,2.58245791e-01,3.55266798e-01
2.27000000e+03,2.55758378e-01,3.52071275e-01
2.28000000e+03,2.53301486e-01,3.48900792e-01
2.29000000e+03,2.50875136e-01,3.45755465e-01
2.30000000e+03,2.48479117e-01,3.42635174e-01
2.31000000e+03,2.46113387e-01,3.39540071e-01
2.32000000e+03,2.43777897e-01,3.36470157e-01
2.33000000e+03,2.41472656e-01,3.33425218e-01
2.34000000e+03,2.39197259e-01,3.30405654e-01
2.35000000e+03,2.36951870e-01,3.27411093e-01
2.36000000e+03,2.34736163e-01,3.24441796e-01
2.37000000e+03,2.32549913e-01,3.21497650e-01
2.38000000e+03,2.30393082e-01,3.18578479e-01
2.39000000e+03,2.28265269e-01,3.15684633e-01
2.40000000e+03,2.26166478e-01,3.12815907e-01
2.41000000e+03,2.24096242e-01,3.09972246e-01
2.42000000e+03,2.22054512e-01,3.07153793e-01
2.43000000e+03,2.20040818e-01,3.04360452e-01
2.44000000e+03,2.18055168e-01,3.01592278e-01
2.45000000e+03,2.16097086e-01,2.98849200e-01
2.46000000e+03,2.14166190e-01,2.96131270e-01
2.47000000e+03,2.12262343e-01,2.93438540e-01
2.48000000e+03,2.10385200e-01,2.90770992e-01
2.49000000e+03,2.08534437e-01,2.88128620e-01
2.50000000e+03,2.06709635e-01,2.85511478e-01
2.51000000e+03,2.04910548e-01,2.82919437e-01
2.52000000e+03,2.03136842e-01,2.80352722e-01
2.53000000e+03,2.01388153e-01,2.77811313e-01
2.54000000e+03,1.99664150e-01,2.75295191e-01
2.55000000e+03,1.97964370e-01,2.72804370e-01
2.56000000e+03,1.96288635e-01,2.70338996e-01
2.57000000e+03,1.94636458e-01,2.67898902e-01
2.58000000e+03,1.93007521e-01,2.65484210e-01
2.59000000e+03,1.91401543e-01,2.63095004e-01
2.60000000e+03,1.89818078e-01,2.60731152e-01
2.61000000e+03,1.88256725e-01,2.58392896e-01
2.62000000e+03,1.86717210e-01,2.56080117e-01
2.63000000e+03,1.85199290e-01,2.53792789e-01
2.64000000e+03,1.83702369e-01,2.51531056e-01
2.65000000e+03,1.82226215e-01,2.49294838e-01
2.66000000e+03,1.80770501e-01,2.47084072e-01
2.67000000e+03,1.79334873e-01,2.44898845e-01
2.68000000e+03,1.77918947e-01,2.42739245e-01
2.69000000e+03,1.76522391e-01,2.40605056e-01
2.70000000e+03,1.75144934e-01,2.38496310e-01
2.71000000e+03,1.73786169e-01,2.36413010e-01
2.72000000e+03,1.72445857e-01,2.34355144e-01
2.73000000e+03,1.71123617e-01,2.32322567e-01
2.74000000e+03,1.69819072e-01,2.30315323e-01
2.75000000e+03,1.68532024e-01,2.28333274e-01
2.76000000e+03,1.67262115e-01,2.26376371e-01
2.77000000e+03,1.66008973e-01,2.24444531e-01
2.78000000e+03,1.64772427e-01,2.22537589e-01
2.79000000e+03,1.63552013e-01,2.20655526e-01
2.80000000e+03,1.62347648e-01,2.18798161e-01
2.81000000e+03,1.61158948e-01,2.16965425e-01
2.82000000e+03,1.59985596e-01,2.15157182e-01
2.83000000e+03,1.58827348e-01,2.13373194e-01
2.84000000e+03,1.57683861e-01,2.11613354e-01
2.85000000e+03,1.56555014e-01,2.09877540e-01
2.86000000e+03,1.55440416e-01,2.08165586e-01
2.87000000e+03,1.54339796e-01,2.06477176e-01
2.88000000e+03,1.53253088e-01,2.04812202e-01
2.89000000e+03,1.52179759e-01,2.03170498e-01
2.90000000e+03,1.51119795e-01,2.01551740e-01
2.91000000e+03,1.50072928e-01,1.99955855e-01
2.92000000e+03,1.49038755e-01,1.98382436e-01
2.93000000e+03,1.48017108e-01,1.96831418e-01
2.94000000e+03,1.47007977e-01,1.95302482e-01
2.95000000e+03,1.46010852e-01,1.93795412e-01
2.96000000e+03,1.45025610e-01,1.92309849e-01
2.97000000e+03,1.44052041e-01,1.90845598e-01
2.98000000e+03,1.43089950e-01,1.89402400e-01
2.99000000e+03,1.42139138e-01,1.87980040e-01
3.00000000e+03,1.41199370e-01,1.86578109e-01
3.01000000e+03,1.40270281e-01,1.85196367e-01
3.02000000e+03,1.39351982e-01,1.83834622e-01
3.03000000e+03,1.38444076e-01,1.82492498e-01
3.04000000e+03,1.37546489e-01,1.81169767e-01
3.05000000e+03,1.36658883e-01,1.79866015e-01
3.06000000e+03,1.35781209e-01,1.78580987e-01
3.07000000e+03,1.34913199e-01,1.77314519e-01
3.08000000e+03,1.34054698e-01,1.76066149e-01
3.09000000e+03,1.33205545e-01,1.74835706e-01
3.10000000e+03,1.32365572e-01,1.73622736e-01
3.11000000e+03,1.31534537e-01,1.72427150e-01
3.12000000e+03,1.30712426e-01,1.71248407e-01
3.13000000e+03,1.29898901e-01,1.70086391e-01
3.14000000e+03,1.29093925e-01,1.68940703e-01
3.15000000e+03,1.28297285e-01,1.67811079e-01
3.16000000e+03,1.27508882e-01,1.66697259e-01
3.17000000e+03,1.26728519e-01,1.65598867e-01
3.18000000e+03,1.25955995e-01,1.64515679e-01
3.19000000e+03,1.25191313e-01,1.63447537e-01
3.20000000e+03,1.24434178e-01,1.62393820e-01
3.21000000e+03,1.23684610e-01,1.61354507e-01
3.22000000e+03,1.22942289e-01,1.60329216e-01
3.23000000e+03,1.22207168e-01,1.59317759e-01
3.24000000e+03,1.21479204e-01,1.58319701e-01
3.25000000e+03,1.20758133e-01,1.57334981e-01
3.26000000e+03,1.20043904e-01,1.56363125e-01
3.27000000e+03,1.19336393e-01,1.55404037e-01
3.28000000e+03,1.18635415e-01,1.54457399e-01
3.29000000e+03,1.17940865e-01,1.53522870e-01
3.30000000e+03,1.17252703e-01,1.52600355e-01
3.31000000e+03,1.16570788e-01,1.51689456e-01
3.32000000e+03,1.15894970e-01,1.50790020e-01
3.33000000e+03,1.15225193e-01,1.49901892e-01
3.34000000e+03,1.14561318e-01,1.49024557e-01
3.35000000e+03,1.13903211e-01,1.48158078e-01
3.36000000e+03,1.13250823e-01,1.47302072e-01
3.37000000e+03,1.12604023e-01,1.46456342e-01
3.38000000e+03,1.11962759e-01,1.45620718e-01
3.39000000e+03,1.11326902e-01,1.44794947e-01
3.40000000e+03,1.10696374e-01,1.43978809e-01
3.41000000e+03,1.10071090e-01,1.43172111e-01
3.42000000e+03,1.09450883e-01,1.42374715e-01
3.43000000e+03,1.08835752e-01,1.41586291e-01
3.44000000e+03,1.08225623e-01,1.40806725e-01
3.45000000e+03,1.07620348e-01,1.40035838e-01
3.46000000e+03,1.07019908e-01,1.39273414e-01
3.47000000e+03,1.06424135e-01,1.38519324e-01
3.48000000e+03,1.05833074e-01,1.37773325e-01
3.49000000e+03,1.05246591e-01,1.37035261e-01
3.50000000e+03,1.04664534e-01,1.36304991e-01
3.51000000e+03,1.04086962e-01,1.35582312e-01
3.52000000e+03,1.03513744e-01,1.34867084e-01
3.53000000e+03,1.02944807e-01,1.34159175e-01
3.54000000e+03,1.02380150e-01,1.33458338e-01
3.55000000e+03,1.01819559e-01,1.32764469e-01
3.56000000e+03,1.01263147e-01,1.32077557e-01
3.57000000e+03,1.00710784e-01,1.31397185e-01
3.58000000e+03,1.00162327e-01,1.30723460e-01
3.59000000e+03,9.96177942e-02,1.30056171e-01
3.60000000e+03,9.90771698e-02,1.29395050e-01
3.61000000e+03,9.85402623e-02,1.28740115e-01
3.62000000e+03,9.80071654e-02,1.28091200e-01
3.63000000e+03,9.74777197e-02,1.27448195e-01
3.64000000e+03,9.69519422e-02,1.26810923e-01
3.65000000e+03,9.64297806e-02,1.26179338e-01
3.66000000e+03,9.59110791e-02,1.25553306e-01
3.67000000e+03,9.53959431e-02,1.24932575e-01
3.68000000e+03,9.48842110e-02,1.24317177e-01
3.69000000e+03,9.43758702e-02,1.23707013e-01
3.70000000e+03,9.38708805e-02,1.23101900e-01
3.71000000e+03,9.33692148e-02,1.22501839e-01
3.72000000e+03,9.28707994e-02,1.21906605e-01
3.73000000e+03,9.23756266e-02,1.21316144e-01
3.74000000e+03,9.18836319e-02,1.20730409e-01
3.75000000e+03,9.13947902e-02,1.20149295e-01
3.76000000e+03,9.09089886e-02,1.19572641e-01
3.77000000e+03,9.04263777e-02,1.19000358e-01
3.78000000e+03,8.99466854e-02,1.18432415e-01
3.79000000e+03,8.94700568e-02,1.17868754e-01
3.80000000e+03,8.89963384e-02,1.17309233e-01
3.81000000e+03,8.85255840e-02,1.16753762e-01
3.82000000e+03,8.80576919e-02,1.16202420e-01
3.83000000e+03,8.75926572e-02,1.15654883e-01
3.84000000e+03,8.71304695e-02,1.15111194e-01
3.85000000e+03,8.66710516e-02,1.14571295e-01
3.86000000e+03,8.62144653e-02,1.14035115e-01
3.87000000e+03,8.57605294e-02,1.13502552e-01
3.88000000e+03,8.53093592e-02,1.12973610e-01
3.89000000e+03,8.48608452e-02,1.12448065e-01
3.90000000e+03,8.44149876e-02,1.11926066e-01
3.91000000e+03,8.39717484e-02,1.11407354e-01
3.92000000e+03,8.35311157e-02,1.10891991e-01
3.93000000e+03,8.30930744e-02,1.10379912e-01
3.94000000e+03,8.26575959e-02,1.09870932e-01
3.95000000e+03,8.22246515e-02,1.09365170e-01
3.96000000e+03,8.17941453e-02,1.08862462e-01
3.97000000e+03,8.13662049e-02,1.08362761e-01
3.98000000e+03,8.09406880e-02,1.07866160e-01
3.99000000e+03,8.05176091e-02,1.07372333e-01
4.00000000e+03,8.00969813e-02,1.06881470e-01
4.01000000e+03,7.96786933e-02,1.06393405e-01
4.02000000e+03,7.92628573e-02,1.05908155e-01
4.03000000e+03,7.88493322e-02,1.05425613e-01
4.04000000e+03,7.84381197e-02,1.04945757e-01
4.05000000e+03,7.80292090e-02,1.04468594e-01
4.06000000e+03,7.76227033e-02,1.03994027e-01
4.07000000e+03,7.72184315e-02,1.03521997e-01
4.08000000e+03,7.68163865e-02,1.03052494e-01
4.09000000e+03,7.64166170e-02,1.02585513e-01
4.10000000e+03,7.60190948e-02,1.02120944e-01
4.11000000e+03,7.56237991e-02,1.01658866e-01
4.12000000e+03,7.52306560e-02,1.01199035e-01
4.13000000e+03,7.48397419e-02,1.00741688e-01
4.14000000e+03,7.44509737e-02,1.00286599e-01
4.15000000e+03,7.40643588e-02,9.98337739e-02
4.16000000e+03,7.36799017e-02,9.93832110e-02
4.17000000e+03,7.32975416e-02,9.89348451e-02
4.18000000e+03,7.29173382e-02,9.84886878e-02
4.19000000e+03,7.25391596e-02,9.80446669e-02
4.20000000e+03,7.21631434e-02,9.76027534e-02
4.21000000e+03,7.17891855e-02,9.71629047e-02
4.22000000e+03,7.14172728e-02,9.67251926e-02
4.23000000e+03,7.10474225e-02,9.62895704e-02
4.24000000e+03,7.06795747e-02,9.58558328e-02
4.25000000e+03,7.03137366e-02,9.54242179e-02
4.26000000e+03,6.99499778e-02,9.49944807e-02
4.27000000e+03,6.95882374e-02,9.45667515e-02
4.28000000e+03,6.92284473e-02,9.41408935e-02
4.29000000e+03,6.88705903e-02,9.37169380e-02
4.30000000e+03,6.85147429e-02,9.32948964e-02
4.31000000e+03,6.81608645e-02,9.28746841e-02
4.32000000e+03,6.78089063e-02,9.24563322e-02
4.33000000e+03,6.74589123e-02,9.20398231e-02
4.34000000e+03,6.71108027e-02,9.16250318e-02
4.35000000e+03,6.67646895e-02,9.12120298e-02
4.36000000e+03,6.64203516e-02,9.08008947e-02
4.37000000e+03,6.60779960e-02,9.03914045e-02
4.38000000e+03,6.57375352e-02,8.99836437e-02
4.39000000e+03,6.53989315e-02,8.95775934e-02
4.40000000e+03,6.50621958e-02,8.91732681e-02
4.41000000e+03,6.47273476e-02,8.87706175e-02
4.42000000e+03,6.43943183e-02,8.83696429e-02
4.43000000e+03,6.40631525e-02,8.79703201e-02
4.44000000e+03,6.37338222e-02,8.75726023e-02
4.45000000e+03,6.34062586e-02,8.71765176e-02
4.46000000e+03,6.30805385e-02,8.67819937e-02
4.47000000e+03,6.27566611e-02,8.63891386e-02
4.48000000e+03,6.24345168e-02,8.59977987e-02
4.49000000e+03,6.21141915e-02,8.56080197e-02
4.50000000e+03,6.17956673e-02,8.52198715e-02
4.51000000e+03,6.14789084e-02,8.48331803e-02
4.52000000e+03,6.11638990e-02,8.44480796e-02
4.53000000e+03,6.08506983e-02,8.40644720e-02
4.54000000e+03,6.05391917e-02,8.36823876e-02
4.55000000e+03,6.02294346e-02,8.33018085e-02
4.56000000e+03,5.99214451e-02,8.29227208e-02
4.57000000e+03,5.96151514e-02,8.25451098e-02
4.58000000e+03,5.93106217e-02,8.21689614e-02
4.59000000e+03,5.90077661e-02,8.17942913e-02
4.60000000e+03,5.87065789e-02,8.14210621e-02
4.61000000e+03,5.84071287e-02,8.10492430e-02
4.62000000e+03,5.81093144e-02,8.06789137e-02
4.63000000e+03,5.78133146e-02,8.03099845e-02
4.64000000e+03,5.75188526e-02,7.99425323e-02
4.65000000e+03,5.72261057e-02,7.95764946e-02
4.66000000e+03,5.69350248e-02,7.92117727e-02
4.67000000e+03,5.66455957e-02,7.88485229e-02
4.68000000e+03,5.63578402e-02,7.84866458e-02
4.69000000e+03,5.60716547e-02,7.81261225e-02
4.70000000e+03,5.57871246e-02,7.77670497e-02
4.71000000e+03,5.55042950e-02,7.74093273e-02
4.72000000e+03,5.52229944e-02,7.70529669e-02
4.73000000e+03,5.49433256e-02,7.66979493e-02
4.74000000e+03,5.46652509e-02,7.63443578e-02
4.75000000e+03,5.43887697e-02,7.59920762e-02
4.76000000e+03,5.41139026e-02,7.56411869e-02
4.77000000e+03,5.38405686e-02,7.52915945e-02
4.78000000e+03,5.35688623e-02,7.49433301e-02
4.79000000e+03,5.32986652e-02,7.45964390e-02
4.80000000e+03,5.30300862e-02,7.42508562e-02
4.81000000e+03,5.27630420e-02,7.39066002e-02
4.82000000e+03,5.24975114e-02,7.35637138e-02
4.83000000e+03,5.22335671e-02,7.32220882e-02
4.84000000e+03,5.19711277e-02,7.28818011e-02
4.85000000e+03,5.17102259e-02,7.25428718e-02
4.86000000e+03,5.14508104e-02,7.22051654e-02
4.87000000e+03,5.11929743e-02,7.18688329e-02
4.88000000e+03,5.09366087e-02,7.15337759e-02
4.89000000e+03,5.06817052e-02,7.12000215e-02
4.90000000e+03,5.04283340e-02,7.08675636e-02
4.91000000e+03,5.01764324e-02,7.05364440e-02
4.92000000e+03,4.99260133e-02,7.02065772e-02
4.93000000e+03,4.96770623e-02,6.98779828e-02
4.94000000e+03,4.94295841e-02,6.95506823e-02
4.95000000e+03,4.91835462e-02,6.92247034e-02
4.96000000e+03,4.89389760e-02,6.89000187e-02
4.97000000e+03,4.86958027e-02,6.85766141e-02
4.98000000e+03,4.84541460e-02,6.82544063e-02
4.99000000e+03,4.82138643e-02,6.79335610e-02
5.00000000e+03,4.79750342e-02,6.76139228e-02
5.01000000e+03,4.77375508e-02,6.72956330e-02
5.02000000e+03,4.75015477e-02,6.69785647e-02
5.03000000e+03,4.72669505e-02,6.66627968e-02
5.04000000e+03,4.70336898e-02,6.63482826e-02
5.05000000e+03,4.68018476e-02,6.60350556e-02
5.06000000e+03,4.65713870e-02,6.57230827e-02
5.07000000e+03,4.63423226e-02,6.54123649e-02
5.08000000e+03,4.61146182e-02,6.51029460e-02
5.09000000e+03,4.58882814e-02,6.47947341e-02
5.10000000e+03,4.56632664e-02,6.44878179e-02
5.11000000e+03,4.54396183e-02,6.41821444e-02
5.12000000e+03,4.52173104e-02,6.38777998e-02
5.13000000e+03,4.49963240e-02,6.35746457e-02
5.14000000e+03,4.47767096e-02,6.32727325e-02
5.15000000e+03,4.45584047e-02,6.29720993e-02
5.16000000e+03,4.43413559e-02,6.26727215e-02
5.17000000e+03,4.41256254e-02,6.23746214e-02
5.18000000e+03,4.39112452e-02,6.20777162e-02
5.19000000e+03,4.36981232e-02,6.17821270e-02
5.20000000e+03,4.34863030e-02,6.14877541e-02
5.21000000e+03,4.32757821e-02,6.11946245e-02
5.22000000e+03,4.30664775e-02,6.09028051e-02
5.23000000e+03,4.28585166e-02,6.06121640e-02
5.24000000e+03,4.26517457e-02,6.03227273e-02
5.25000000e+03,4.24462653e-02,6.00346616e-02
5.26000000e+03,4.22419866e-02,5.97477898e-02
5.27000000e+03,4.20389819e-02,5.94621284e-02
5.28000000e+03,4.18372189e-02,5.91777300e-02
5.29000000e+03,4.16366728e-02,5.88945837e-02
5.30000000e+03,4.14373520e-02,5.86126384e-02
5.31000000e+03,4.12392045e-02,5.83319811e-02
5.32000000e+03,4.10423161e-02,5.80525449e-02
5.33000000e+03,4.08466483e-02,5.77743121e-02
5.34000000e+03,4.06521072e-02,5.74973552e-02
5.35000000e+03,4.04587580e-02,5.72216405e-02
5.36000000e+03,4.02666277e-02,5.69471063e-02
5.37000000e+03,4.00756528e-02,5.66738424e-02
5.38000000e+03,3.98858307e-02,5.64017779e-02
5.39000000e+03,3.96971628e-02,5.61309959e-02
5.40000000e+03,3.95096408e-02,5.58613830e-02
5.41000000e+03,3.93232938e-02,5.55930103e-02
5.42000000e+03,3.91380992e-02,5.53259332e-02
5.43000000e+03,3.89540257e-02,5.50599977e-02
5.44000000e+03,3.87710636e-02,5.47953396e-02
5.45000000e+03,3.85892014e-02,5.45318001e-02
5.46000000e+03,3.84084787e-02,5.42695957e-02
5.47000000e+03,3.82288627e-02,5.40085639e-02
5.48000000e+03,3.80511363e-02,5.37487483e-02
5.49000000e+03,3.78816400e-02,5.34901691e-02
5.50000000e+03,3.76997334e-02,5.32327566e-02
5.51000000e+03,3.75256228e-02,5.29765780e-02
5.52000000e+03,3.73536967e-02,5.27215964e-02
5.53000000e+03,3.71823369e-02,5.24678251e-02
5.54000000e+03,3.70122743e-02,5.22152417e-02
5.55000000e+03,3.68432791e-02,5.19638931e-02
5.56000000e+03,3.66753676e-02,5.17137635e-02
5.57000000e+03,3.65083619e-02,5.14647417e-02
5.58000000e+03,3.63423990e-02,5.12170147e-02
5.59000000e+03,3.61774564e-02,5.09704257e-02
5.60000000e+03,3.60134890e-02,5.07250178e-02
5.61000000e+03,3.58505503e-02,5.04808326e-02
5.62000000e+03,3.56885415e-02,5.02378618e-02
5.63000000e+03,3.55275057e-02,4.99960291e-02
5.64000000e+03,3.53674802e-02,4.97553726e-02
5.65000000e+03,3.52083842e-02,4.95159304e-02
5.66000000e+03,3.50502367e-02,4.92776176e-02
5.67000000e+03,3.48930534e-02,4.90404967e-02
5.68000000e+03,3.47367695e-02,4.88046161e-02
5.69000000e+03,3.45815854e-02,4.85698250e-02
5.70000000e+03,3.44292159e-02,4.83362232e-02
5.71000000e+03,3.42776235e-02,4.81037949e-02
5.72000000e+03,3.41238612e-02,4.78725075e-02
5.73000000e+03,3.39732893e-02,4.76424062e-02
5.74000000e+03,3.38242868e-02,4.74134447e-02
5.75000000e+03,3.36761291e-02,4.71856634e-02
5.76000000e+03,3.35288605e-02,4.69589976e-02
5.77000000e+03,3.33824614e-02,4.67334863e-02
5.78000000e+03,3.32369499e-02,4.65091041e-02
5.79000000e+03,3.30922557e-02,4.62858733e-02
5.80000000e+03,3.29484739e-02,4.60637899e-02
5.81000000e+03,3.28054508e-02,4.58428616e-02
5.82000000e+03,3.26633222e-02,4.56230474e-02
5.83000000e+03,3.25220127e-02,4.54043340e-02
5.84000000e+03,3.23815208e-02,4.51868016e-02
5.85000000e+03,3.22418611e-02,4.49703642e-02
5.86000000e+03,3.21030228e-02,4.47550452e-02
5.87000000e+03,3.19650191e-02,4.45408310e-02
5.88000000e+03,3.18292923e-02,4.43277307e-02
5.89000000e+03,3.16988283e-02,4.41158040e-02
5.90000000e+03,3.15588261e-02,4.39048890e-02
5.91000000e+03,3.14247301e-02,4.36951128e-02
5.92000000e+03,3.12926657e-02,4.34864241e-02
5.93000000e+03,3.11611693e-02,4.32788513e-02
5.94000000e+03,3.10303969e-02,4.30723776e-02
5.95000000e+03,3.09004132e-02,4.28669490e-02
5.96000000e+03,3.07712468e-02,4.26626328e-02
5.97000000e+03,3.06427724e-02,4.24593863e-02
5.98000000e+03,3.05154203e-02,4.22572605e-02
5.99000000e+03,3.03926558e-02,4.20561761e-02
6.00000000e+03,3.02635605e-02,4.18561676e-02
6.01000000e+03,3.01383351e-02,4.16572021e-02
6.02000000e+03,3.00142694e-02,4.14593515e-02
6.03000000e+03,2.98910313e-02,4.12624964e-02
6.04000000e+03,2.97685195e-02,4.10667721e-02
6.05000000e+03,2.96466994e-02,4.08720353e-02
6.06000000e+03,2.95255798e-02,4.06783713e-02
6.07000000e+03,2.94051567e-02,4.04857590e-02
6.08000000e+03,2.92853556e-02,4.02941898e-02
6.09000000e+03,2.91662373e-02,4.01036277e-02
6.10000000e+03,2.90477906e-02,3.99141314e-02
6.11000000e+03,2.89299950e-02,3.97256368e-02
6.12000000e+03,2.88128089e-02,3.95381944e-02
6.13000000e+03,2.86963050e-02,3.93517168e-02
6.14000000e+03,2.85805715e-02,3.91663403e-02
6.15000000e+03,2.84777792e-02,3.89819121e-02
6.16000000e+03,2.83624257e-02,3.87985286e-02
6.17000000e+03,2.82416203e-02,3.86161448e-02
6.18000000e+03,2.81311484e-02,3.84347228e-02
6.19000000e+03,2.80215526e-02,3.82543566e-02
6.20000000e+03,2.79121575e-02,3.80749720e-02
6.21000000e+03,2.78035578e-02,3.78965705e-02
6.22000000e+03,2.76956615e-02,3.77191564e-02
6.23000000e+03,2.75882391e-02,3.75427094e-02
6.24000000e+03,2.74814433e-02,3.73672765e-02
6.25000000e+03,2.73751820e-02,3.71927705e-02
6.26000000e+03,2.72694734e-02,3.70192252e-02
6.27000000e+03,2.71642908e-02,3.68466877e-02
6.28000000e+03,2.70597136e-02,3.66751431e-02
6.29000000e+03,2.69556339e-02,3.65045090e-02
6.30000000e+03,2.68521158e-02,3.63348443e-02
6.31000000e+03,2.67491124e-02,3.61660999e-02
6.32000000e+03,2.66469966e-02,3.59983469e-02
6.33000000e+03,2.65534117e-02,3.58314845e-02
6.34000000e+03,2.64475544e-02,3.56655915e-02
6.35000000e+03,2.63455391e-02,3.55006536e-02
6.36000000e+03,2.62460724e-02,3.53365961e-02
6.37000000e+03,2.61476282e-02,3.51734944e-02
6.38000000e+03,2.60496183e-02,3.50113292e-02
6.39000000e+03,2.59521565e-02,3.48500507e-02
6.40000000e+03,2.58552033e-02,3.46899246e-02
6.41000000e+03,2.57587284e-02,3.45338356e-02
6.42000000e+03,2.56627435e-02,3.43735750e-02
6.43000000e+03,2.55672194e-02,3.42165924e-02
6.44000000e+03,2.54721667e-02,3.40607764e-02
6.45000000e+03,2.53776151e-02,3.39059894e-02
6.46000000e+03,2.52834987e-02,3.37521669e-02
6.47000000e+03,2.51898557e-02,3.35992301e-02
6.48000000e+03,2.50966613e-02,3.34471732e-02
6.49000000e+03,2.50039349e-02,3.32959676e-02
6.50000000e+03,2.49116692e-02,3.31456304e-02
6.51000000e+03,2.48199016e-02,3.29961340e-02
6.52000000e+03,2.47301843e-02,3.28475352e-02
6.53000000e+03,2.46454439e-02,3.26997119e-02
6.54000000e+03,2.45502271e-02,3.25527716e-02
6.55000000e+03,2.44602302e-02,3.24066805e-02
6.56000000e+03,2.43721671e-02,3.22614261e-02
6.57000000e+03,2.42844783e-02,3.21169748e-02
6.58000000e+03,2.41971626e-02,3.19735081e-02
6.59000000e+03,2.41102913e-02,3.18357524e-02
6.60000000e+03,2.40238650e-02,3.16915853e-02
6.61000000e+03,2.39378365e-02,3.15510572e-02
6.62000000e+03,2.38522922e-02,3.14115499e-02
6.63000000e+03,2.37691015e-02,3.12735901e-02
6.64000000e+03,2.36840407e-02,3.11364826e-02
6.65000000e+03,2.35993176e-02,3.10001218e-02
6.66000000e+03,2.35163256e-02,3.08645820e-02
6.67000000e+03,2.34338128e-02,3.07298213e-02
6.68000000e+03,2.33516034e-02,3.05958678e-02
6.69000000e+03,2.32697770e-02,3.04634928e-02
6.70000000e+03,2.31883751e-02,3.03314610e-02
6.71000000e+03,2.31073413e-02,3.01999095e-02
6.72000000e+03,2.30266765e-02,3.00694123e-02
6.73000000e+03,2.29463857e-02,2.99398239e-02
6.74000000e+03,2.28664485e-02,2.98110488e-02
6.75000000e+03,2.27868704e-02,2.96830697e-02
6.76000000e+03,2.27076899e-02,2.95558128e-02
6.77000000e+03,2.26297269e-02,2.94292974e-02
6.78000000e+03,2.25619480e-02,2.93034796e-02
6.79000000e+03,2.24768043e-02,2.91783693e-02
6.80000000e+03,2.23973622e-02,2.90539946e-02
6.81000000e+03,2.23212289e-02,2.89303162e-02
6.82000000e+03,2.22455965e-02,2.88073181e-02
6.83000000e+03,2.21702087e-02,2.86851790e-02
6.84000000e+03,2.20951486e-02,2.85666750e-02
6.85000000e+03,2.20204685e-02,2.84437102e-02
6.86000000e+03,2.19461402e-02,2.83247021e-02
6.87000000e+03,2.18721174e-02,2.82062899e-02
6.88000000e+03,2.17984410e-02,2.80887915e-02
6.89000000e+03,2.17250449e-02,2.79736794e-02
6.90000000e+03,2.16520678e-02,2.78559373e-02
6.91000000e+03,2.15825398e-02,2.77412037e-02
6.92000000e+03,2.15073985e-02,2.76269608e-02
6.93000000e+03,2.14362383e-02,2.75132948e-02
6.94000000e+03,2.13654977e-02,2.74003546e-02
6.95000000e+03,2.12948901e-02,2.72881245e-02
6.96000000e+03,2.12246070e-02,2.71764687e-02
6.97000000e+03,2.11546506e-02,2.70654608e-02
6.98000000e+03,2.10850007e-02,2.69550526e-02
6.99000000e+03,2.10156792e-02,2.68452725e-02
7.00000000e+03,2.09466275e-02,2.67361139e-02
7.01000000e+03,2.08778643e-02,2.66285175e-02
7.02000000e+03,2.08094275e-02,2.65229781e-02
7.03000000e+03,2.07420962e-02,2.64145423e-02
7.04000000e+03,2.06829162e-02,2.63081423e-02
7.05000000e+03,2.06098317e-02,2.62028325e-02
7.06000000e+03,2.05413482e-02,2.60982281e-02
7.07000000e+03,2.04747291e-02,2.59942373e-02
7.08000000e+03,2.04089973e-02,2.58909061e-02
7.09000000e+03,2.03436415e-02,2.57880908e-02
7.10000000e+03,2.02785167e-02,2.56858632e-02
7.11000000e+03,2.02136829e-02,2.55842018e-02
7.12000000e+03,2.01491129e-02,2.54833496e-02
7.13000000e+03,2.00848041e-02,2.53860314e-02
7.14000000e+03,2.00206962e-02,2.52837163e-02
7.15000000e+03,1.99569080e-02,2.51850247e-02
7.16000000e+03,1.98933492e-02,2.50870393e-02
7.17000000e+03,1.98301321e-02,2.49895871e-02
7.18000000e+03,1.97691854e-02,2.48927646e-02
7.19000000e+03,1.97055507e-02,2.47964379e-02
7.20000000e+03,1.96429276e-02,2.47006583e-02
7.21000000e+03,1.95817313e-02,2.46054300e-02
7.22000000e+03,1.95206166e-02,2.45109082e-02
7.23000000e+03,1.94596704e-02,2.44208517e-02
7.24000000e+03,1.93990098e-02,2.43243236e-02
7.25000000e+03,1.93386253e-02,2.42318764e-02
7.26000000e+03,1.92770553e-02,2.41400005e-02
7.27000000e+03,1.92118958e-02,2.40487973e-02
7.28000000e+03,1.91472206e-02,2.39581375e-02
7.29000000e+03,1.90830726e-02,2.38679710e-02
7.30000000e+03,1.90208504e-02,2.37783110e-02
7.31000000e+03,1.89562044e-02,2.36891345e-02
7.32000000e+03,1.88926777e-02,2.36004139e-02
7.33000000e+03,1.88292293e-02,2.35121892e-02
7.34000000e+03,1.87668365e-02,2.34244423e-02
7.35000000e+03,1.87045945e-02,2.33372946e-02
7.36000000e+03,1.86426770e-02,2.32526627e-02
7.37000000e+03,1.85810451e-02,2.31645729e-02
7.38000000e+03,1.85196641e-02,2.30793827e-02
7.39000000e+03,1.84585848e-02,2.29947894e-02
7.40000000e+03,1.83977699e-02,2.29106762e-02
7.41000000e+03,1.83376864e-02,2.28318446e-02
7.42000000e+03,1.82857686e-02,2.27627155e-02
7.43000000e+03,1.82203187e-02,2.26939210e-02
7.44000000e+03,1.81602019e-02,2.26253208e-02
7.45000000e+03,1.81008468e-02,2.25569807e-02
7.46000000e+03,1.80423604e-02,2.24888950e-02
7.47000000e+03,1.79843734e-02,2.24210621e-02
7.48000000e+03,1.79266697e-02,2.23534553e-02
7.49000000e+03,1.78692210e-02,2.22865967e-02
7.50000000e+03,1.78119938e-02,2.22257117e-02
7.51000000e+03,1.77550157e-02,2.21549404e-02
7.52000000e+03,1.76982824e-02,2.20876321e-02
7.53000000e+03,1.76417541e-02,2.20222203e-02
7.54000000e+03,1.75855077e-02,2.19571699e-02
7.55000000e+03,1.75298108e-02,2.18922280e-02
7.56000000e+03,1.74819147e-02,2.18275904e-02
7.57000000e+03,1.74218829e-02,2.17631727e-02
7.58000000e+03,1.73653013e-02,2.16989805e-02
7.59000000e+03,1.73104773e-02,2.16350137e-02
7.60000000e+03,1.72567006e-02,2.15712534e-02
7.61000000e+03,1.72030198e-02,2.15077274e-02
7.62000000e+03,1.71495710e-02,2.14445952e-02
7.63000000e+03,1.70963443e-02,2.13873228e-02
7.64000000e+03,1.70433623e-02,2.13208159e-02
7.65000000e+03,1.69905840e-02,2.12588228e-02
7.66000000e+03,1.69379875e-02,2.11965359e-02
7.67000000e+03,1.68856752e-02,2.11352891e-02
7.68000000e+03,1.68348929e-02,2.10744403e-02
7.69000000e+03,1.67879234e-02,2.10138074e-02
7.70000000e+03,1.67323659e-02,2.09533364e-02
7.71000000e+03,1.66803163e-02,2.08930888e-02
7.72000000e+03,1.66297167e-02,2.08330589e-02
7.73000000e+03,1.65794982e-02,2.07731958e-02
7.74000000e+03,1.65294944e-02,2.07135276e-02
7.75000000e+03,1.64796283e-02,2.06540561e-02
7.76000000e+03,1.64299682e-02,2.05947767e-02
7.77000000e+03,1.63805094e-02,2.05357110e-02
7.78000000e+03,1.63312164e-02,2.04767934e-02
7.79000000e+03,1.62821452e-02,2.04180951e-02
7.80000000e+03,1.62332237e-02,2.03596618e-02
7.81000000e+03,1.61844757e-02,2.03039822e-02
7.82000000e+03,1.61359290e-02,2.02438451e-02
7.83000000e+03,1.60875663e-02,2.01874776e-02
7.84000000e+03,1.60394680e-02,2.01304007e-02
7.85000000e+03,1.59938044e-02,2.00735289e-02
7.86000000e+03,1.59444715e-02,2.00172343e-02
7.87000000e+03,1.58969483e-02,1.99610979e-02
7.88000000e+03,1.58501142e-02,1.99051527e-02
7.89000000e+03,1.58035356e-02,1.98493652e-02
7.90000000e+03,1.57571429e-02,1.97938082e-02
7.91000000e+03,1.57109231e-02,1.97388814e-02
7.92000000e+03,1.56652462e-02,1.96875228e-02
7.93000000e+03,1.56239882e-02,1.96295480e-02
7.94000000e+03,1.55741018e-02,1.95746978e-02
7.95000000e+03,1.55288642e-02,1.95204713e-02
7.96000000e+03,1.54840205e-02,1.94665376e-02
7.97000000e+03,1.54394273e-02,1.94128859e-02
7.98000000e+03,1.53949903e-02,1.93593388e-02
7.99000000e+03,1.53507048e-02,1.93059614e-02
8.00000000e+03,1.53065737e-02,1.92527425e-02
8.01000000e+03,1.52625978e-02,1.91997031e-02
8.02000000e+03,1.52187799e-02,1.91467912e-02
8.03000000e+03,1.51750856e-02,1.90940851e-02
8.04000000e+03,1.51315739e-02,1.90414994e-02
8.05000000e+03,1.50882077e-02,1.89890573e-02
8.06000000e+03,1.50449750e-02,1.89368082e-02
8.07000000e+03,1.50019075e-02,1.88847182e-02
8.08000000e+03,1.49591089e-02,1.88341085e-02
8.09000000e+03,1.49194915e-02,1.87849185e-02
8.10000000e+03,1.48742007e-02,1.87307227e-02
8.11000000e+03,1.48321964e-02,1.86810161e-02
8.12000000e+03,1.47907372e-02,1.86303002e-02
8.13000000e+03,1.47493256e-02,1.85802085e-02
8.14000000e+03,1.47081981e-02,1.85303829e-02
8.15000000e+03,1.46681012e-02,1.84806327e-02
8.16000000e+03,1.46265635e-02,1.84311009e-02
8.17000000e+03,1.45856518e-02,1.83816677e-02
8.18000000e+03,1.45449722e-02,1.83324151e-02
8.19000000e+03,1.45047041e-02,1.82834605e-02
8.20000000e+03,1.44645092e-02,1.82371027e-02
8.21000000e+03,1.44244516e-02,1.81859424e-02
8.22000000e+03,1.43845338e-02,1.81377566e-02
8.23000000e+03,1.43447784e-02,1.80897763e-02
8.24000000e+03,1.42987047e-02,1.80419440e-02
8.25000000e+03,1.42496781e-02,1.79942574e-02
8.26000000e+03,1.42006226e-02,1.79466625e-02
8.27000000e+03,1.41510805e-02,1.78992325e-02
8.28000000e+03,1.41020055e-02,1.78519378e-02
8.29000000e+03,1.40533648e-02,1.78047605e-02
8.30000000e+03,1.40049847e-02,1.77577414e-02
8.31000000e+03,1.39568563e-02,1.77108218e-02
8.32000000e+03,1.39088673e-02,1.76640608e-02
8.33000000e+03,1.38610906e-02,1.76173901e-02
8.34000000e+03,1.38134441e-02,1.75708568e-02
8.35000000e+03,1.37660170e-02,1.75244345e-02
8.36000000e+03,1.37187408e-02,1.74782355e-02
8.37000000e+03,1.36716624e-02,1.74341016e-02
8.38000000e+03,1.36247705e-02,1.73870032e-02
8.39000000e+03,1.35782358e-02,1.73420995e-02
8.40000000e+03,1.35340868e-02,1.72969344e-02
8.41000000e+03,1.34859716e-02,1.72519695e-02
8.42000000e+03,1.34400586e-02,1.72073203e-02
8.43000000e+03,1.33944803e-02,1.71628984e-02
8.44000000e+03,1.33491546e-02,1.71185896e-02
8.45000000e+03,1.33040078e-02,1.70743980e-02
8.46000000e+03,1.32590610e-02,1.70303747e-02
8.47000000e+03,1.32142562e-02,1.69875990e-02
8.48000000e+03,1.31696269e-02,1.69455147e-02
8.49000000e+03,1.31251812e-02,1.69003822e-02
8.50000000e+03,1.30808689e-02,1.68569096e-02
8.51000000e+03,1.30367377e-02,1.68140891e-02
8.52000000e+03,1.29927730e-02,1.67715196e-02
8.53000000e+03,1.29489616e-02,1.67289617e-02
8.54000000e+03,1.29053304e-02,1.66865673e-02
8.55000000e+03,1.28619711e-02,1.66442435e-02
8.56000000e+03,1.28209535e-02,1.66020750e-02
8.57000000e+03,1.27764335e-02,1.65599819e-02
8.58000000e+03,1.27337724e-02,1.65179885e-02
8.59000000e+03,1.26912852e-02,1.64761316e-02
8.60000000e+03,1.26491359e-02,1.64343517e-02
8.61000000e+03,1.26072030e-02,1.63926873e-02
8.62000000e+03,1.25654290e-02,1.63511460e-02
8.63000000e+03,1.25239174e-02,1.63096745e-02
8.64000000e+03,1.24839899e-02,1.62683022e-02
8.65000000e+03,1.24414766e-02,1.62270861e-02
8.66000000e+03,1.24008040e-02,1.61864721e-02
8.67000000e+03,1.23603433e-02,1.61492670e-02
8.68000000e+03,1.23200224e-02,1.61069551e-02
8.69000000e+03,1.22798723e-02,1.60651490e-02
8.70000000e+03,1.22398841e-02,1.60248218e-02
8.71000000e+03,1.22000215e-02,1.59848906e-02
8.72000000e+03,1.21603157e-02,1.59452138e-02
8.73000000e+03,1.21207366e-02,1.59056009e-02
8.74000000e+03,1.20813045e-02,1.58661068e-02
8.75000000e+03,1.20420182e-02,1.58267113e-02
8.76000000e+03,1.20028766e-02,1.57874471e-02
8.77000000e+03,1.19638641e-02,1.57488814e-02
8.78000000e+03,1.19249995e-02,1.57116590e-02
8.79000000e+03,1.18862824e-02,1.56714481e-02
8.80000000e+03,1.18476957e-02,1.56324559e-02
8.81000000e+03,1.18093468e-02,1.55939386e-02
8.82000000e+03,1.17725876e-02,1.55556880e-02
8.83000000e+03,1.17331701e-02,1.55175211e-02
8.84000000e+03,1.16956172e-02,1.54794733e-02
8.85000000e+03,1.16582858e-02,1.54414813e-02
8.86000000e+03,1.16210675e-02,1.54036282e-02
8.87000000e+03,1.15840217e-02,1.53658204e-02
8.88000000e+03,1.15470860e-02,1.53281483e-02
8.89000000e+03,1.15103078e-02,1.52905388e-02
8.90000000e+03,1.14739789e-02,1.52530309e-02
8.91000000e+03,1.14385069e-02,1.52159085e-02
8.92000000e+03,1.14015057e-02,1.51830195e-02
8.93000000e+03,1.13653172e-02,1.51429520e-02
8.94000000e+03,1.13294382e-02,1.51056851e-02
8.95000000e+03,1.12937719e-02,1.50688587e-02
8.96000000e+03,1.12582512e-02,1.50324148e-02
8.97000000e+03,1.12228608e-02,1.49961571e-02
8.98000000e+03,1.11875936e-02,1.49600416e-02
8.99000000e+03,1.11524633e-02,1.49240093e-02
9.00000000e+03,1.11174287e-02,1.48886166e-02
9.01000000e+03,1.10825319e-02,1.48551267e-02
9.02000000e+03,1.10477708e-02,1.48178058e-02
9.03000000e+03,1.10131292e-02,1.47819991e-02
9.04000000e+03,1.09785981e-02,1.47468115e-02
9.05000000e+03,1.09442006e-02,1.47118554e-02
9.06000000e+03,1.09102117e-02,1.46769582e-02
9.07000000e+03,1.08801191e-02,1.46421376e-02
9.08000000e+03,1.08432734e-02,1.46074180e-02
9.09000000e+03,1.08092437e-02,1.45727753e-02
9.10000000e+03,1.07763127e-02,1.45381739e-02
9.11000000e+03,1.07432164e-02,1.45036812e-02
9.12000000e+03,1.07103827e-02,1.44692673e-02
9.13000000e+03,1.06776576e-02,1.44348986e-02
9.14000000e+03,1.06450748e-02,1.44006165e-02
9.15000000e+03,1.06125938e-02,1.43664321e-02
9.16000000e+03,1.05802921e-02,1.43323010e-02
9.17000000e+03,1.05491164e-02,1.42987247e-02
9.18000000e+03,1.05161011e-02,1.42688807e-02
9.19000000e+03,1.04844019e-02,1.42324614e-02
9.20000000e+03,1.04528560e-02,1.41981525e-02
9.21000000e+03,1.04214468e-02,1.41647726e-02
9.22000000e+03,1.03901197e-02,1.41317194e-02
9.23000000e+03,1.03589305e-02,1.40987858e-02
9.24000000e+03,1.03278104e-02,1.40659109e-02
9.25000000e+03,1.02968479e-02,1.40330885e-02
9.26000000e+03,1.02659363e-02,1.40004654e-02
9.27000000e+03,1.02351733e-02,1.39688575e-02
9.28000000e+03,1.02044993e-02,1.39359355e-02
9.29000000e+03,1.01739365e-02,1.39034802e-02
9.30000000e+03,1.01434748e-02,1.38713521e-02
9.31000000e+03,1.01131280e-02,1.38394464e-02
9.32000000e+03,1.00828665e-02,1.38076338e-02
9.33000000e+03,1.00527167e-02,1.37758675e-02
9.34000000e+03,1.00226776e-02,1.37442070e-02
9.35000000e+03,9.99274838e-03,1.37125870e-02
9.36000000e+03,9.96363279e-03,1.36810193e-02
9.37000000e+03,9.93384473e-03,1.36495373e-02
9.38000000e+03,9.90425854e-03,1.36181120e-02
9.39000000e+03,9.87539260e-03,1.35867585e-02
9.40000000e+03,9.84639389e-03,1.35554508e-02
9.41000000e+03,9.81756300e-03,1.35242604e-02
9.42000000e+03,9.78887070e-03,1.34932399e-02
9.43000000e+03,9.76027653e-03,1.34646230e-02
9.44000000e+03,9.73188464e-03,1.34314571e-02
9.45000000e+03,9.70538025e-03,1.34009853e-02
9.46000000e+03,9.67566221e-03,1.33706084e-02
9.47000000e+03,9.64784232e-03,1.33402600e-02
9.48000000e+03,9.62012203e-03,1.33100323e-02
9.49000000e+03,9.59249091e-03,1.32798760e-02
9.50000000e+03,9.56502231e-03,1.32497912e-02
9.51000000e+03,9.53763298e-03,1.32202184e-02
9.52000000e+03,9.51037678e-03,1.31917925e-02
9.53000000e+03,9.48317588e-03,1.31609626e-02
9.54000000e+03,9.45608923e-03,1.31311166e-02
9.55000000e+03,9.42908687e-03,1.31015662e-02
9.56000000e+03,9.40218318e-03,1.30722249e-02
9.57000000e+03,9.37535323e-03,1.30429610e-02
9.58000000e+03,9.34862951e-03,1.30137490e-02
9.59000000e+03,9.32197872e-03,1.29846281e-02
9.60000000e+03,9.29542864e-03,1.29555605e-02
9.61000000e+03,9.26894607e-03,1.29265357e-02
9.62000000e+03,9.24257160e-03,1.28975916e-02
9.63000000e+03,9.21630178e-03,1.28686735e-02
9.64000000e+03,9.19009780e-03,1.28398500e-02
9.65000000e+03,9.16447493e-03,1.28110813e-02
9.66000000e+03,9.13978837e-03,1.27829421e-02
9.67000000e+03,9.11288240e-03,1.27567093e-02
9.68000000e+03,9.08717443e-03,1.27264709e-02
9.69000000e+03,9.06190410e-03,1.26977717e-02
9.70000000e+03,9.03670740e-03,1.26697206e-02
9.71000000e+03,9.01158308e-03,1.26418658e-02
9.72000000e+03,8.98653979e-03,1.26139929e-02
9.73000000e+03,8.96159909e-03,1.25862627e-02
9.74000000e+03,8.93672829e-03,1.25585740e-02
9.75000000e+03,8.91196306e-03,1.25310819e-02
9.76000000e+03,8.88761462e-03,1.25059639e-02
9.77000000e+03,8.86365731e-03,1.24768419e-02
9.78000000e+03,8.83879565e-03,1.24494291e-02
9.79000000e+03,8.81439715e-03,1.24222523e-02
9.80000000e+03,8.79024726e-03,1.23952471e-02
9.81000000e+03,8.76622245e-03,1.23683562e-02
9.82000000e+03,8.74229442e-03,1.23415652e-02
9.83000000e+03,8.71845326e-03,1.23148014e-02
9.84000000e+03,8.69469158e-03,1.22880668e-02
9.85000000e+03,8.67100182e-03,1.22614231e-02
9.86000000e+03,8.64740601e-03,1.22348206e-02
9.87000000e+03,8.62386741e-03,1.22082706e-02
9.88000000e+03,8.60042090e-03,1.21817712e-02
9.89000000e+03,8.57705192e-03,1.21553232e-02
9.90000000e+03,8.55374651e-03,1.21289086e-02
9.91000000e+03,8.53054438e-03,1.21025488e-02
9.92000000e+03,8.50801269e-03,1.20766676e-02
9.93000000e+03,8.48528810e-03,1.20531110e-02
9.94000000e+03,8.46193411e-03,1.20252695e-02
9.95000000e+03,8.43935285e-03,1.19988860e-02
9.96000000e+03,8.41695597e-03,1.19730864e-02
9.97000000e+03,8.39458121e-03,1.19475116e-02
9.98000000e+03,8.37229690e-03,1.19220029e-02
9.99000000e+03,8.35009440e-03,1.18965475e-02
1.00000000e+04,8.32797165e-03,1.18711609e-02
1.00100000e+04,8.30592294e-03,1.18458187e-02
1.00200000e+04,8.28420525e-03,1.18205185e-02
1.00300000e+04,8.26318545e-03,1.17963515e-02
1.00400000e+04,8.24086848e-03,1.17704173e-02
1.00500000e+04,8.21911701e-03,1.17456456e-02
1.00600000e+04,8.19762156e-03,1.17211451e-02
1.00700000e+04,8.17625882e-03,1.16964765e-02
1.00800000e+04,8.15498308e-03,1.16719134e-02
1.00900000e+04,8.13376828e-03,1.16474597e-02
1.01000000e+04,8.11263087e-03,1.16230512e-02
1.01100000e+04,8.09155908e-03,1.15986753e-02
1.01200000e+04,8.07055854e-03,1.15743581e-02
1.01300000e+04,8.04960949e-03,1.15500799e-02
1.01400000e+04,8.02873535e-03,1.15258350e-02
1.01500000e+04,8.00793580e-03,1.15016733e-02
1.01600000e+04,7.98718250e-03,1.14774996e-02
1.01700000e+04,7.96649340e-03,1.14534207e-02
1.01800000e+04,7.94588716e-03,1.14293557e-02
1.01900000e+04,7.92548669e-03,1.14053530e-02
1.02000000e+04,7.90724187e-03,1.13819040e-02
1.02100000e+04,7.88559491e-03,1.13602489e-02
1.02200000e+04,7.86506382e-03,1.13343757e-02
1.02300000e+04,7.84495674e-03,1.13111371e-02
1.02400000e+04,7.82510600e-03,1.12879191e-02
1.02500000e+04,7.80536162e-03,1.12646698e-02
1.02600000e+04,7.78567587e-03,1.12415599e-02
1.02700000e+04,7.76604141e-03,1.12184961e-02
1.02800000e+04,7.74645936e-03,1.11954837e-02
1.02900000e+04,7.72694976e-03,1.11725217e-02
1.03000000e+04,7.70751215e-03,1.11495967e-02
1.03100000e+04,7.68855406e-03,1.11266954e-02
1.03200000e+04,7.66945560e-03,1.11038374e-02
1.03300000e+04,7.64995511e-03,1.10810322e-02
1.03400000e+04,7.63106550e-03,1.10582694e-02
1.03500000e+04,7.61226093e-03,1.10356578e-02
1.03600000e+04,7.59350561e-03,1.10154054e-02
1.03700000e+04,7.57477010e-03,1.09914056e-02
1.03800000e+04,7.55612465e-03,1.09687001e-02
1.03900000e+04,7.53754418e-03,1.09463243e-02
1.04000000e+04,7.51901336e-03,1.09242025e-02
1.04100000e+04,7.50054207e-03,1.09021582e-02
1.04200000e+04,7.48212138e-03,1.08801863e-02
1.04300000e+04,7.46376006e-03,1.08582156e-02
1.04400000e+04,7.44545134e-03,1.08363024e-02
1.04500000e+04,7.42720053e-03,1.08144080e-02
1.04600000e+04,7.40900033e-03,1.07925709e-02
1.04700000e+04,7.39086204e-03,1.07707604e-02
1.04800000e+04,7.37277447e-03,1.07490091e-02
1.04900000e+04,7.35495205e-03,1.07272774e-02
1.05000000e+04,7.33895096e-03,1.07055773e-02
1.05100000e+04,7.31980993e-03,1.06840946e-02
1.05200000e+04,7.30173182e-03,1.06643299e-02
1.05300000e+04,7.28423832e-03,1.06413187e-02
1.05400000e+04,7.26684599e-03,1.06200064e-02
1.05500000e+04,7.24949906e-03,1.05988013e-02
1.05600000e+04,7.23220271e-03,1.05776764e-02
1.05700000e+04,7.21494874e-03,1.05566338e-02
1.05800000e+04,7.19778438e-03,1.05356164e-02
1.05900000e+04,7.18064106e-03,1.05146478e-02
1.06000000e+04,7.16355979e-03,1.04937346e-02
1.06100000e+04,7.14650608e-03,1.04728217e-02
1.06200000e+04,7.12953351e-03,1.04519711e-02
1.06300000e+04,7.11264985e-03,1.04311550e-02
1.06400000e+04,7.09689289e-03,1.04106969e-02
1.06500000e+04,7.07929250e-03,1.03915190e-02
1.06600000e+04,7.06274388e-03,1.03697880e-02
1.06700000e+04,7.04616943e-03,1.03490823e-02
1.06800000e+04,7.02972527e-03,1.03288196e-02
1.06900000e+04,7.01336472e-03,1.03086419e-02
1.07000000e+04,6.99705206e-03,1.02884680e-02
1.07100000e+04,6.98080059e-03,1.02683501e-02
1.07200000e+04,6.96460041e-03,1.02482622e-02
1.07300000e+04,6.94843254e-03,1.02282058e-02
1.07400000e+04,6.93232002e-03,1.02081759e-02
1.07500000e+04,6.91625394e-03,1.01881935e-02
1.07600000e+04,6.90022434e-03,1.01683851e-02
1.07700000e+04,6.88425644e-03,1.01502676e-02
1.07800000e+04,6.86843731e-03,1.01290694e-02
1.07900000e+04,6.85366328e-03,1.01094149e-02
1.08000000e+04,6.83697403e-03,1.00898714e-02
1.08100000e+04,6.82129824e-03,1.00704013e-02
1.08200000e+04,6.80574845e-03,1.00510035e-02
1.08300000e+04,6.79027833e-03,1.00316724e-02
1.08400000e+04,6.77485499e-03,1.00123350e-02
1.08500000e+04,6.75947955e-03,9.99304996e-03
1.08600000e+04,6.74415388e-03,9.97381296e-03
1.08700000e+04,6.72886326e-03,9.95461090e-03
1.08800000e+04,6.71361596e-03,9.93542210e-03
1.08900000e+04,6.69841931e-03,9.91625938e-03
1.09000000e+04,6.68326457e-03,9.89715598e-03
1.09100000e+04,6.66815418e-03,9.87805513e-03
1.09200000e+04,6.65317662e-03,9.85901564e-03
1.09300000e+04,6.63908743e-03,9.84014518e-03
1.09400000e+04,6.62350503e-03,9.82342171e-03
1.09500000e+04,6.60862104e-03,9.80319083e-03
1.09600000e+04,6.59386860e-03,9.78398870e-03
1.09700000e+04,6.57920254e-03,9.76541638e-03
1.09800000e+04,6.56459812e-03,9.74698307e-03
1.09900000e+04,6.55003861e-03,9.72857000e-03
1.10000000e+04,6.53552168e-03,9.71018564e-03
1.10100000e+04,6.52113871e-03,9.69183771e-03
1.10200000e+04,6.50765817e-03,9.67353239e-03
1.10300000e+04,6.49251047e-03,9.65554744e-03
1.10400000e+04,6.47825870e-03,9.63874225e-03
1.10500000e+04,6.46412102e-03,9.61966120e-03
1.10600000e+04,6.45004227e-03,9.60142066e-03
1.10700000e+04,6.43601365e-03,9.58347670e-03
1.10800000e+04,6.42203065e-03,9.56566748e-03
1.10900000e+04,6.40805811e-03,9.54788231e-03
1.11000000e+04,6.39414642e-03,9.53015476e-03
1.11100000e+04,6.38026782e-03,9.51244752e-03
1.11200000e+04,6.36643366e-03,9.49476333e-03
1.11300000e+04,6.35261391e-03,9.47712036e-03
1.11400000e+04,6.33885374e-03,9.45949252e-03
1.11500000e+04,6.32512875e-03,9.44190536e-03
1.11600000e+04,6.31145845e-03,9.42432543e-03
1.11700000e+04,6.29801222e-03,9.40680713e-03
1.11800000e+04,6.28448601e-03,9.38935124e-03
1.11900000e+04,6.27099734e-03,9.37209971e-03
1.12000000e+04,6.25754887e-03,9.35451029e-03
1.12100000e+04,6.24420878e-03,9.33718396e-03
1.12200000e+04,6.23112221e-03,9.32000275e-03
1.12300000e+04,6.21794243e-03,9.30325140e-03
1.12400000e+04,6.20463412e-03,9.28567781e-03
1.12500000e+04,6.19159211e-03,9.26867971e-03
1.12600000e+04,6.17854143e-03,9.25160415e-03
1.12700000e+04,6.16554546e-03,9.23466485e-03
1.12800000e+04,6.15258364e-03,9.21804499e-03
1.12900000e+04,6.13966151e-03,9.20110644e-03
1.13000000e+04,6.12680957e-03,9.18422529e-03
1.13100000e+04,6.11424466e-03,9.16746829e-03
1.13200000e+04,6.10141642e-03,9.15080239e-03
1.13300000e+04,6.08863943e-03,9.13414377e-03
1.13400000e+04,6.07589807e-03,9.11755039e-03
1.13500000e+04,6.06328802e-03,9.10096470e-03
1.13600000e+04,6.05074837e-03,9.08441877e-03
1.13700000e+04,6.03825678e-03,9.06798779e-03
1.13800000e+04,6.02613151e-03,9.05221805e-03
1.13900000e+04,6.01345135e-03,9.03522561e-03
1.14000000e+04,6.00116167e-03,9.01900977e-03
1.14100000e+04,5.98886702e-03,9.00273136e-03
1.14200000e+04,5.97663896e-03,8.98660114e-03
1.14300000e+04,5.96443750e-03,8.97046702e-03
1.14400000e+04,5.95228473e-03,8.95439310e-03
1.14500000e+04,5.94015507e-03,8.93840584e-03
1.14600000e+04,5.92807258e-03,8.92261264e-03
1.14700000e+04,5.91601079e-03,8.90659267e-03
1.14800000e+04,5.90407176e-03,8.89059302e-03
1.14900000e+04,5.89284842e-03,8.87473818e-03
1.15000000e+04,5.88025842e-03,8.85892077e-03
1.15100000e+04,5.86841544e-03,8.84314202e-03
1.15200000e+04,5.85665723e-03,8.82741308e-03
1.15300000e+04,5.84496706e-03,8.81167513e-03
1.15400000e+04,5.83327605e-03,8.79600237e-03
1.15500000e+04,5.82164523e-03,8.78051517e-03
1.15600000e+04,5.81004043e-03,8.76587373e-03
1.15700000e+04,5.79844633e-03,8.74970842e-03
1.15800000e+04,5.78688618e-03,8.73417198e-03
1.15900000e+04,5.77537218e-03,8.71874340e-03
1.16000000e+04,5.76396703e-03,8.70345137e-03
1.16100000e+04,5.75347317e-03,8.68821493e-03
1.16200000e+04,5.74148059e-03,8.67303344e-03
1.16300000e+04,5.73001991e-03,8.65802821e-03
1.16400000e+04,5.71877579e-03,8.64310766e-03
1.16500000e+04,5.70761974e-03,8.62771214e-03
1.16600000e+04,5.69650557e-03,8.61272501e-03
1.16700000e+04,5.68541125e-03,8.59776948e-03
1.16800000e+04,5.67434554e-03,8.58282350e-03
1.16900000e+04,5.66330945e-03,8.56790988e-03
1.17000000e+04,5.65229627e-03,8.55304045e-03
1.17100000e+04,5.64131440e-03,8.53817258e-03
1.17200000e+04,5.63037660e-03,8.52335402e-03
1.17300000e+04,5.61980938e-03,8.50871892e-03
1.17400000e+04,5.60877583e-03,8.49442143e-03
1.17500000e+04,5.59794463e-03,8.47932906e-03
1.17600000e+04,5.58721699e-03,8.46463325e-03
1.17700000e+04,5.57655495e-03,8.45008413e-03
1.17800000e+04,5.56591747e-03,8.43557401e-03
1.17900000e+04,5.55531794e-03,8.42111325e-03
1.18000000e+04,5.54475331e-03,8.40677938e-03
1.18100000e+04,5.53418865e-03,8.39298387e-03
1.18200000e+04,5.52366447e-03,8.37802637e-03
1.18300000e+04,5.51315487e-03,8.36379005e-03
1.18400000e+04,5.50268768e-03,8.34960805e-03
1.18500000e+04,5.49223158e-03,8.33545753e-03
1.18600000e+04,5.48179526e-03,8.32130888e-03
1.18700000e+04,5.47144888e-03,8.30718462e-03
1.18800000e+04,5.46120715e-03,8.29311996e-03
1.18900000e+04,5.45080297e-03,8.27903964e-03
1.19000000e+04,5.44055688e-03,8.26499757e-03
1.19100000e+04,5.43053643e-03,8.25098797e-03
1.19200000e+04,5.42027885e-03,8.23754206e-03
1.19300000e+04,5.41014978e-03,8.22325778e-03
1.19400000e+04,5.40002435e-03,8.20949656e-03
1.19500000e+04,5.38999346e-03,8.19586049e-03
1.19600000e+04,5.37999411e-03,8.18218518e-03
1.19700000e+04,5.37003981e-03,8.16856272e-03
1.19800000e+04,5.36011549e-03,8.15501198e-03
1.19900000e+04,5.35030148e-03,8.14146595e-03
1.20000000e+04,5.34060263e-03,8.12793151e-03
1.20100000e+04,5.33051672e-03,8.11445172e-03
1.20200000e+04,5.32074465e-03,8.10104801e-03
1.20300000e+04,5.31101017e-03,8.08848580e-03
1.20400000e+04,5.30127820e-03,8.07437638e-03
1.20500000e+04,5.29158459e-03,8.06105381e-03
1.20600000e+04,5.28190998e-03,8.04782071e-03
1.20700000e+04,5.27224550e-03,8.03464610e-03
1.20800000e+04,5.26263335e-03,8.02150025e-03
1.20900000e+04,5.25311503e-03,8.00836348e-03
1.21000000e+04,5.24414360e-03,7.99527147e-03
1.21100000e+04,5.23425423e-03,7.98216113e-03
1.21200000e+04,5.22469639e-03,7.96909910e-03
1.21300000e+04,5.21529120e-03,7.95604364e-03
1.21400000e+04,5.20594028e-03,7.94300367e-03
1.21500000e+04,5.19662810e-03,7.93000113e-03
1.21600000e+04,5.18732748e-03,7.91737734e-03
1.21700000e+04,5.17805672e-03,7.90435763e-03
1.21800000e+04,5.16906497e-03,7.89147464e-03
1.21900000e+04,5.15990576e-03,7.87867839e-03
1.22000000e+04,5.15063299e-03,7.86594109e-03
1.22100000e+04,5.14152620e-03,7.85326061e-03
1.22200000e+04,5.13250995e-03,7.84061663e-03
1.22300000e+04,5.12351128e-03,7.82796054e-03
1.22400000e+04,5.11453932e-03,7.81533268e-03
1.22500000e+04,5.10558509e-03,7.80274312e-03
1.22600000e+04,5.09663994e-03,7.79052230e-03
1.22700000e+04,5.08773103e-03,7.77794560e-03
1.22800000e+04,5.07883189e-03,7.76541699e-03
1.22900000e+04,5.06994777e-03,7.75302364e-03
1.23000000e+04,5.06109296e-03,7.74070353e-03
1.23100000e+04,5.05224522e-03,7.72843778e-03
1.23200000e+04,5.04341227e-03,7.71619641e-03
1.23300000e+04,5.03462931e-03,7.70392735e-03
1.23400000e+04,5.02583385e-03,7.69172615e-03
1.23500000e+04,5.01707755e-03,7.67950859e-03
1.23600000e+04,5.00839547e-03,7.66733882e-03
1.23700000e+04,5.00000833e-03,7.65516330e-03
1.23800000e+04,4.99105701e-03,7.64304341e-03
1.23900000e+04,4.98242851e-03,7.63113663e-03
1.24000000e+04,4.97387417e-03,7.61913572e-03
1.24100000e+04,4.96537567e-03,7.60701048e-03
1.24200000e+04,4.95688006e-03,7.59497564e-03
1.24300000e+04,4.94835788e-03,7.58302817e-03
1.24400000e+04,4.93989963e-03,7.57113798e-03
1.24500000e+04,4.93146837e-03,7.55925791e-03
1.24600000e+04,4.92305859e-03,7.54738727e-03
1.24700000e+04,4.91466801e-03,7.53554783e-03
1.24800000e+04,4.90632956e-03,7.52378546e-03
1.24900000e+04,4.89844056e-03,7.51251949e-03
1.25000000e+04,4.88974070e-03,7.50028901e-03
1.25100000e+04,4.88148502e-03,7.48863301e-03
1.25200000e+04,4.87328685e-03,7.47704940e-03
1.25300000e+04,4.86513815e-03,7.46546334e-03
1.25400000e+04,4.85702994e-03,7.45388749e-03
1.25500000e+04,4.84908052e-03,7.44234928e-03
1.25600000e+04,4.84079425e-03,7.43081636e-03
1.25700000e+04,4.83278578e-03,7.41930856e-03
1.25800000e+04,4.82474320e-03,7.40799983e-03
1.25900000e+04,4.81674931e-03,7.39699104e-03
1.26000000e+04,4.80876642e-03,7.38528415e-03
1.26100000e+04,4.80079869e-03,7.37390170e-03
1.26200000e+04,4.79284787e-03,7.36260912e-03
1.26300000e+04,4.78491452e-03,7.35138354e-03
1.26400000e+04,4.77699979e-03,7.34019672e-03
1.26500000e+04,4.76909900e-03,7.32900365e-03
1.26600000e+04,4.76121964e-03,7.31783098e-03
1.26700000e+04,4.75352805e-03,7.30666373e-03
1.26800000e+04,4.74587950e-03,7.29554085e-03
1.26900000e+04,4.73789361e-03,7.28449615e-03
1.27000000e+04,4.73016038e-03,7.27380908e-03
1.27100000e+04,4.72250205e-03,7.26237113e-03
1.27200000e+04,4.71485636e-03,7.25144683e-03
1.27300000e+04,4.70723529e-03,7.24052938e-03
1.27400000e+04,4.69963081e-03,7.22964547e-03
1.27500000e+04,4.69204225e-03,7.21875275e-03
1.27600000e+04,4.68453232e-03,7.20788905e-03
1.27700000e+04,4.67718783e-03,7.19704927e-03
1.27800000e+04,4.66946524e-03,7.18623921e-03
1.27900000e+04,4.66197458e-03,7.17542582e-03
1.28000000e+04,4.65452726e-03,7.16469533e-03
1.28100000e+04,4.64709985e-03,7.15411466e-03
1.28200000e+04,4.63968684e-03,7.14333390e-03
1.28300000e+04,4.63228312e-03,7.13259564e-03
1.28400000e+04,4.62489101e-03,7.12194215e-03
1.28500000e+04,4.61753274e-03,7.11135668e-03
1.28600000e+04,4.61018214e-03,7.10075587e-03
1.28700000e+04,4.60283586e-03,7.09019805e-03
1.28800000e+04,4.59551992e-03,7.07967416e-03
1.28900000e+04,4.58833107e-03,7.06946844e-03
1.29000000e+04,4.58113677e-03,7.05877063e-03
1.29100000e+04,4.57379979e-03,7.04839520e-03
1.29200000e+04,4.56658527e-03,7.03802725e-03
1.29300000e+04,4.55942389e-03,7.02770994e-03
1.29400000e+04,4.55227221e-03,7.01741120e-03
1.29500000e+04,4.54514541e-03,7.00712332e-03
1.29600000e+04,4.53803406e-03,6.99684749e-03
1.29700000e+04,4.53096128e-03,6.98658754e-03
1.29800000e+04,4.52406684e-03,6.97636645e-03
1.29900000e+04,4.51686376e-03,6.96628125e-03
1.30000000e+04,4.50989109e-03,6.95675396e-03
1.30100000e+04,4.50287471e-03,6.94608176e-03
1.30200000e+04,4.49592198e-03,6.93605831e-03
1.30300000e+04,4.48897851e-03,6.92615286e-03
1.30400000e+04,4.48204498e-03,6.91619699e-03
1.30500000e+04,4.47513335e-03,6.90630512e-03
1.30600000e+04,4.46823149e-03,6.89643735e-03
1.30700000e+04,4.46146334e-03,6.88655704e-03
1.30800000e+04,4.45469728e-03,6.87672172e-03
1.30900000e+04,4.44779071e-03,6.86685770e-03
1.31000000e+04,4.44096493e-03,6.85705573e-03
1.31100000e+04,4.43420041e-03,6.84721750e-03
1.31200000e+04,4.42744457e-03,6.83742354e-03
1.31300000e+04,4.42072848e-03,6.82765766e-03
1.31400000e+04,4.41402642e-03,6.81785852e-03
1.31500000e+04,4.40732593e-03,6.80811307e-03
1.31600000e+04,4.40078718e-03,6.79837458e-03
1.31700000e+04,4.39415206e-03,6.78911511e-03
1.31800000e+04,4.38749132e-03,6.77908046e-03
1.31900000e+04,4.38087704e-03,6.76967538e-03
1.32000000e+04,4.37430109e-03,6.76017237e-03
1.32100000e+04,4.36776562e-03,6.75068711e-03
1.32200000e+04,4.36123554e-03,6.74125721e-03
1.32300000e+04,4.35471497e-03,6.73185836e-03
1.32400000e+04,4.34823122e-03,6.72245352e-03
1.32500000e+04,4.34173597e-03,6.71307577e-03
1.32600000e+04,4.33525277e-03,6.70370800e-03
1.32700000e+04,4.32881605e-03,6.69434498e-03
1.32800000e+04,4.32254991e-03,6.68501796e-03
1.32900000e+04,4.31598624e-03,6.67569079e-03
1.33000000e+04,4.30960237e-03,6.66637663e-03
1.33100000e+04,4.30325620e-03,6.65708867e-03
1.33200000e+04,4.29692716e-03,6.64781634e-03
1.33300000e+04,4.29061035e-03,6.63879197e-03
1.33400000e+04,4.28429418e-03,6.62934891e-03
1.33500000e+04,4.27800216e-03,6.62020509e-03
1.33600000e+04,4.27173136e-03,6.61104699e-03
1.33700000e+04,4.26553877e-03,6.60190432e-03
1.33800000e+04,4.25955158e-03,6.59279717e-03
1.33900000e+04,4.25318006e-03,6.58370304e-03
1.34000000e+04,4.24695908e-03,6.57462454e-03
1.34100000e+04,4.24080063e-03,6.56555366e-03
1.34200000e+04,4.23467948e-03,6.55652364e-03
1.34300000e+04,4.22856797e-03,6.54757753e-03
1.34400000e+04,4.22247595e-03,6.53858462e-03
1.34500000e+04,4.21638234e-03,6.52955016e-03
1.34600000e+04,4.21031407e-03,6.52062093e-03
1.34700000e+04,4.20425614e-03,6.51169047e-03
1.34800000e+04,4.19834798e-03,6.50280865e-03
1.34900000e+04,4.19229281e-03,6.49392579e-03
1.35000000e+04,4.18628272e-03,6.48513061e-03
1.35100000e+04,4.18032348e-03,6.47658907e-03
1.35200000e+04,4.17439951e-03,6.46753132e-03
1.35300000e+04,4.16849332e-03,6.45875291e-03
1.35400000e+04,4.16259083e-03,6.45002685e-03
1.35500000e+04,4.15670330e-03,6.44133415e-03
1.35600000e+04,4.15081746e-03,6.43264892e-03
1.35700000e+04,4.14494768e-03,6.42400866e-03
1.35800000e+04,4.13909703e-03,6.41553709e-03
1.35900000e+04,4.13326125e-03,6.40681305e-03
1.36000000e+04,4.12744249e-03,6.39826001e-03
1.36100000e+04,4.12176494e-03,6.38970878e-03
1.36200000e+04,4.11583035e-03,6.38118817e-03
1.36300000e+04,4.11009468e-03,6.37268712e-03
1.36400000e+04,4.10433678e-03,6.36420320e-03
1.36500000e+04,4.09860074e-03,6.35573184e-03
1.36600000e+04,4.09287706e-03,6.34727837e-03
1.36700000e+04,4.08716747e-03,6.33884314e-03
1.36800000e+04,4.08146394e-03,6.33042655e-03
1.36900000e+04,4.07579172e-03,6.32217279e-03
1.37000000e+04,4.07034426e-03,6.31369886e-03
1.37100000e+04,4.06450867e-03,6.30535535e-03
1.37200000e+04,4.05892725e-03,6.29700808e-03
1.37300000e+04,4.05335530e-03,6.28871704e-03
1.37400000e+04,4.04780441e-03,6.28042559e-03
1.37500000e+04,4.04225165e-03,6.27216612e-03
1.37600000e+04,4.03672094e-03,6.26391845e-03
1.37700000e+04,4.03120239e-03,6.25581775e-03
1.37800000e+04,4.02570493e-03,6.24767115e-03
1.37900000e+04,4.02030841e-03,6.23945930e-03
1.38000000e+04,4.01479949e-03,6.23129209e-03
1.38100000e+04,4.00934268e-03,6.22318877e-03
1.38200000e+04,4.00388200e-03,6.21511866e-03
1.38300000e+04,3.99846885e-03,6.20704037e-03
1.38400000e+04,3.99307118e-03,6.19901007e-03
1.38500000e+04,3.98768530e-03,6.19097447e-03
1.38600000e+04,3.98229522e-03,6.18301576e-03
1.38700000e+04,3.97692490e-03,6.17526317e-03
1.38800000e+04,3.97154340e-03,6.16708104e-03
1.38900000e+04,3.96621619e-03,6.15913077e-03
1.39000000e+04,3.96095935e-03,6.15123610e-03
1.39100000e+04,3.95560125e-03,6.14337355e-03
1.39200000e+04,3.95030848e-03,6.13551147e-03
1.39300000e+04,3.94501288e-03,6.12765714e-03
1.39400000e+04,3.93974462e-03,6.11982332e-03
1.39500000e+04,3.93451870e-03,6.11199721e-03
1.39600000e+04,3.92937199e-03,6.10418271e-03
1.39700000e+04,3.92411980e-03,6.09637817e-03
1.39800000e+04,3.91890532e-03,6.08860023e-03
1.39900000e+04,3.91371916e-03,6.08088233e-03
1.40000000e+04,3.90856563e-03,6.07314060e-03
1.40100000e+04,3.90342379e-03,6.06538678e-03
1.40200000e+04,3.89827680e-03,6.05771158e-03
1.40300000e+04,3.89315365e-03,6.05042605e-03
1.40400000e+04,3.88802105e-03,6.04254985e-03
1.40500000e+04,3.88291680e-03,6.03494901e-03
1.40600000e+04,3.87782855e-03,6.02740474e-03
1.40700000e+04,3.87278920e-03,6.01986930e-03
1.40800000e+04,3.86769076e-03,6.01237389e-03
1.40900000e+04,3.86269068e-03,6.00489782e-03
1.41000000e+04,3.85764433e-03,5.99740393e-03
1.41100000e+04,3.85259977e-03,5.98994017e-03
1.41200000e+04,3.84760665e-03,5.98246476e-03
1.41300000e+04,3.84262067e-03,5.97501901e-03
1.41400000e+04,3.83764505e-03,5.96756089e-03
1.41500000e+04,3.83268388e-03,5.96014553e-03
1.41600000e+04,3.82773725e-03,5.95281416e-03
1.41700000e+04,3.82283727e-03,5.94582528e-03
1.41800000e+04,3.81794087e-03,5.93813980e-03
1.41900000e+04,3.81295744e-03,5.93091678e-03
1.42000000e+04,3.80807302e-03,5.92371821e-03
1.42100000e+04,3.80319389e-03,5.91650658e-03
1.42200000e+04,3.79833039e-03,5.90932200e-03
1.42300000e+04,3.79350892e-03,5.90216098e-03
1.42400000e+04,3.78870334e-03,5.89499951e-03
1.42500000e+04,3.78382578e-03,5.88785578e-03
1.42600000e+04,3.77900027e-03,5.88070531e-03
1.42700000e+04,3.77420850e-03,5.87358355e-03
1.42800000e+04,3.76943320e-03,5.86646068e-03
1.42900000e+04,3.76465073e-03,5.85935108e-03
1.43000000e+04,3.75989424e-03,5.85228970e-03
1.43100000e+04,3.75525809e-03,5.84532323e-03
1.43200000e+04,3.75045638e-03,5.83813258e-03
1.43300000e+04,3.74575576e-03,5.83112537e-03
1.43400000e+04,3.74107093e-03,5.82412930e-03
1.43500000e+04,3.73638667e-03,5.81712654e-03
1.43600000e+04,3.73171271e-03,5.81013708e-03
1.43700000e+04,3.72706330e-03,5.80316191e-03
1.43800000e+04,3.72241659e-03,5.79619044e-03
1.43900000e+04,3.71778362e-03,5.78923957e-03
1.44000000e+04,3.71317417e-03,5.78230000e-03
1.44100000e+04,3.70854433e-03,5.77536941e-03
1.44200000e+04,3.70395508e-03,5.76854008e-03
1.44300000e+04,3.69943863e-03,5.76163651e-03
1.44400000e+04,3.69479523e-03,5.75474539e-03
1.44500000e+04,3.69026551e-03,5.74787558e-03
1.44600000e+04,3.68572412e-03,5.74105419e-03
1.44700000e+04,3.68120091e-03,5.73425260e-03
1.44800000e+04,3.67667813e-03,5.72745301e-03
1.44900000e+04,3.67217447e-03,5.72065226e-03
1.45000000e+04,3.66768679e-03,5.71401932e-03
1.45100000e+04,3.66331474e-03,5.70715734e-03
1.45200000e+04,3.65872507e-03,5.70045528e-03
1.45300000e+04,3.65429345e-03,5.69374973e-03
1.45400000e+04,3.64986315e-03,5.68705448e-03
1.45500000e+04,3.64544152e-03,5.68038615e-03
1.45600000e+04,3.64102010e-03,5.67373427e-03
1.45700000e+04,3.63661551e-03,5.66707479e-03
1.45800000e+04,3.63220689e-03,5.66043315e-03
1.45900000e+04,3.62781346e-03,5.65379762e-03
1.46000000e+04,3.62351527e-03,5.64720362e-03
1.46100000e+04,3.61911468e-03,5.64062729e-03
1.46200000e+04,3.61476981e-03,5.63439704e-03
1.46300000e+04,3.61044490e-03,5.62765548e-03
1.46400000e+04,3.60612650e-03,5.62110412e-03
1.46500000e+04,3.60183085e-03,5.61462415e-03
1.46600000e+04,3.59753675e-03,5.60818097e-03
1.46700000e+04,3.59325943e-03,5.60177609e-03
1.46800000e+04,3.58898300e-03,5.59535861e-03
1.46900000e+04,3.58479902e-03,5.58894518e-03
1.47000000e+04,3.58052958e-03,5.58256157e-03
1.47100000e+04,3.57629597e-03,5.57615553e-03
1.47200000e+04,3.57205726e-03,5.56978973e-03
1.47300000e+04,3.56784857e-03,5.56347379e-03
1.47400000e+04,3.56366897e-03,5.55743804e-03
1.47500000e+04,3.55947964e-03,5.55092993e-03
1.47600000e+04,3.55530997e-03,5.54462182e-03
1.47700000e+04,3.55113756e-03,5.53839194e-03
1.47800000e+04,3.54696572e-03,5.53218237e-03
1.47900000e+04,3.54281267e-03,5.52599650e-03
1.48000000e+04,3.53865846e-03,5.51981074e-03
1.48100000e+04,3.53452949e-03,5.51362222e-03
1.48200000e+04,3.53042368e-03,5.50747145e-03
1.48300000e+04,3.52632276e-03,5.50129273e-03
1.48400000e+04,3.52218955e-03,5.49514304e-03
1.48500000e+04,3.51813143e-03,5.48899986e-03
1.48600000e+04,3.51405742e-03,5.48284888e-03
1.48700000e+04,3.50999460e-03,5.47672555e-03
1.48800000e+04,3.50594708e-03,5.47060880e-03
1.48900000e+04,3.50189897e-03,5.46450642e-03
1.49000000e+04,3.49788116e-03,5.45848161e-03
1.49100000e+04,3.49390181e-03,5.45235674e-03
1.49200000e+04,3.48989904e-03,5.44630716e-03
1.49300000e+04,3.48587587e-03,5.44025365e-03
1.49400000e+04,3.48188693e-03,5.43423713e-03
1.49500000e+04,3.47792203e-03,5.42822326e-03
1.49600000e+04,3.47396267e-03,5.42221745e-03
1.49700000e+04,3.47000509e-03,5.41622814e-03
1.49800000e+04,3.46606133e-03,5.41022833e-03
1.49900000e+04,3.46218018e-03,5.40426653e-03
1.50000000e+04,3.45824120e-03,5.39836346e-03
1.50100000e+04,3.45432363e-03,5.39245343e-03
1.50200000e+04,3.45042700e-03,5.38653191e-03
1.50300000e+04,3.44653870e-03,5.38059833e-03
1.50400000e+04,3.44267164e-03,5.37471488e-03
1.50500000e+04,3.43879557e-03,5.36887633e-03
1.50600000e+04,3.43493835e-03,5.36303595e-03
1.50700000e+04,3.43108678e-03,5.35719842e-03
1.50800000e+04,3.42728122e-03,5.35142221e-03
1.50900000e+04,3.42352271e-03,5.34564065e-03
1.51000000e+04,3.41965002e-03,5.33980745e-03
1.51100000e+04,3.41582621e-03,5.33405459e-03
1.51200000e+04,3.41203467e-03,5.32829971e-03
1.51300000e+04,3.40826037e-03,5.32256073e-03
1.51400000e+04,3.40449487e-03,5.31683175e-03
1.51500000e+04,3.40073383e-03,5.31109158e-03
1.51600000e+04,3.39697594e-03,5.30538009e-03
1.51700000e+04,3.39321845e-03,5.29966966e-03
1.51800000e+04,3.38946523e-03,5.29397503e-03
1.51900000e+04,3.38572299e-03,5.28833043e-03
1.52000000e+04,3.38198681e-03,5.28272748e-03
1.52100000e+04,3.37832620e-03,5.27706157e-03
1.52200000e+04,3.37456906e-03,5.27139503e-03
1.52300000e+04,3.37088018e-03,5.26581242e-03
1.52400000e+04,3.36720966e-03,5.26023240e-03
1.52500000e+04,3.36355765e-03,5.25466251e-03
1.52600000e+04,3.35990294e-03,5.24910109e-03
1.52700000e+04,3.35626477e-03,5.24355113e-03
1.52800000e+04,3.35262425e-03,5.23801011e-03
1.52900000e+04,3.34898430e-03,5.23252052e-03
1.53000000e+04,3.34541016e-03,5.22701332e-03
1.53100000e+04,3.34179134e-03,5.22149861e-03
1.53200000e+04,3.33819652e-03,5.21599862e-03
1.53300000e+04,3.33459942e-03,5.21053208e-03
1.53400000e+04,3.33103015e-03,5.20508731e-03
1.53500000e+04,3.32746825e-03,5.19963846e-03
1.53600000e+04,3.32391514e-03,5.19418705e-03
1.53700000e+04,3.32036441e-03,5.18875913e-03
1.53800000e+04,3.31681146e-03,5.18333606e-03
1.53900000e+04,3.31327683e-03,5.17805602e-03
1.54000000e+04,3.30974384e-03,5.17255918e-03
1.54100000e+04,3.30621284e-03,5.16721394e-03
1.54200000e+04,3.30269375e-03,5.16191102e-03
1.54300000e+04,3.29918393e-03,5.15661502e-03
1.54400000e+04,3.29565608e-03,5.15131891e-03
1.54500000e+04,3.29217255e-03,5.14604486e-03
1.54600000e+04,3.28868916e-03,5.14077256e-03
1.54700000e+04,3.28520594e-03,5.13549236e-03
1.54800000e+04,3.28173519e-03,5.13024381e-03
1.54900000e+04,3.27830175e-03,5.12508728e-03
1.55000000e+04,3.27490260e-03,5.11979748e-03
1.55100000e+04,3.27143486e-03,5.11461150e-03
1.55200000e+04,3.26799866e-03,5.10943259e-03
1.55300000e+04,3.26459885e-03,5.10426605e-03
1.55400000e+04,3.26119742e-03,5.09910801e-03
1.55500000e+04,3.25780327e-03,5.09395634e-03
1.55600000e+04,3.25441631e-03,5.08882478e-03
1.55700000e+04,3.25103446e-03,5.08370125e-03
1.55800000e+04,3.24766176e-03,5.07856946e-03
1.55900000e+04,3.24431248e-03,5.07344562e-03
1.56000000e+04,3.24096144e-03,5.06833658e-03
1.56100000e+04,3.23758372e-03,5.06322895e-03
1.56200000e+04,3.23425343e-03,5.05812964e-03
1.56300000e+04,3.23091382e-03,5.05304264e-03
1.56400000e+04,3.22758392e-03,5.04794918e-03
1.56500000e+04,3.22426540e-03,5.04288537e-03
1.56600000e+04,3.22095207e-03,5.03790501e-03
1.56700000e+04,3.21763963e-03,5.03287956e-03
1.56800000e+04,3.21435450e-03,5.02785886e-03
1.56900000e+04,3.21111569e-03,5.02284282e-03
1.57000000e+04,3.20779630e-03,5.01786795e-03
1.57100000e+04,3.20451145e-03,5.01292426e-03
1.57200000e+04,3.20126336e-03,5.00798586e-03
1.57300000e+04,3.19801872e-03,5.00305698e-03
1.57400000e+04,3.19478766e-03,4.99812773e-03
1.57500000e+04,3.19154997e-03,4.99320633e-03
1.57600000e+04,3.18832585e-03,4.98830224e-03
1.57700000e+04,3.18510448e-03,4.98363495e-03
1.57800000e+04,3.18188942e-03,4.97862964e-03
1.57900000e+04,3.17868532e-03,4.97377134e-03
1.58000000e+04,3.17556686e-03,4.96895271e-03
1.58100000e+04,3.17230397e-03,4.96413719e-03
1.58200000e+04,3.16914239e-03,4.95936192e-03
1.58300000e+04,3.16598947e-03,4.95456095e-03
1.58400000e+04,3.16283289e-03,4.94980311e-03
1.58500000e+04,3.15969504e-03,4.94502697e-03
1.58600000e+04,3.15656338e-03,4.94026058e-03
1.58700000e+04,3.15342976e-03,4.93550062e-03
1.58800000e+04,3.15030466e-03,4.93075963e-03
1.58900000e+04,3.14717813e-03,4.92601574e-03
1.59000000e+04,3.14406575e-03,4.92130691e-03
1.59100000e+04,3.14094583e-03,4.91671110e-03
1.59200000e+04,3.13783181e-03,4.91189983e-03
1.59300000e+04,3.13478096e-03,4.90722980e-03
1.59400000e+04,3.13169716e-03,4.90256553e-03
1.59500000e+04,3.12860568e-03,4.89790377e-03
1.59600000e+04,3.12557130e-03,4.89328118e-03
1.59700000e+04,3.12254058e-03,4.88865099e-03
1.59800000e+04,3.11952154e-03,4.88401519e-03
1.59900000e+04,3.11649631e-03,4.87938485e-03
1.60000000e+04,3.11348718e-03,4.87477635e-03
1.60100000e+04,3.11047591e-03,4.87015603e-03
1.60200000e+04,3.10746532e-03,4.86555503e-03
1.60300000e+04,3.10446673e-03,4.86095113e-03
1.60400000e+04,3.10146794e-03,4.85636629e-03
1.60500000e+04,3.09847208e-03,4.85177012e-03
1.60600000e+04,3.09547379e-03,4.84724078e-03
1.60700000e+04,3.09251696e-03,4.84268606e-03
1.60800000e+04,3.08957724e-03,4.83810253e-03
1.60900000e+04,3.08657710e-03,4.83357100e-03
1.61000000e+04,3.08361460e-03,4.82907434e-03
1.61100000e+04,3.08067919e-03,4.82462460e-03
1.61200000e+04,3.07773145e-03,4.82006857e-03
1.61300000e+04,3.07480809e-03,4.81560177e-03
1.61400000e+04,3.07187508e-03,4.81113751e-03
1.61500000e+04,3.06893875e-03,4.80669981e-03
1.61600000e+04,3.06601993e-03,4.80224885e-03
1.61700000e+04,3.06310752e-03,4.79781203e-03
1.61800000e+04,3.06019110e-03,4.79337882e-03
1.61900000e+04,3.05728348e-03,4.78894639e-03
1.62000000e+04,3.05437931e-03,4.78455357e-03
1.62100000e+04,3.05151894e-03,4.78016585e-03
1.62200000e+04,3.04860953e-03,4.77575086e-03
1.62300000e+04,3.04573313e-03,4.77137661e-03
1.62400000e+04,3.04286715e-03,4.76698810e-03
1.62500000e+04,3.04001659e-03,4.76263682e-03
1.62600000e+04,3.03716543e-03,4.75827386e-03
1.62700000e+04,3.03431544e-03,4.75392680e-03
1.62800000e+04,3.03147509e-03,4.74962586e-03
1.62900000e+04,3.02865441e-03,4.74532353e-03
1.63000000e+04,3.02586969e-03,4.74100973e-03
1.63100000e+04,3.02301925e-03,4.73670493e-03
1.63200000e+04,3.02020618e-03,4.73241587e-03
1.63300000e+04,3.01740970e-03,4.72815710e-03
1.63400000e+04,3.01462426e-03,4.72389237e-03
1.63500000e+04,3.01183402e-03,4.71963143e-03
1.63600000e+04,3.00905283e-03,4.71540628e-03
1.63700000e+04,3.00627438e-03,4.71120197e-03
1.63800000e+04,3.00349455e-03,4.70693945e-03
1.63900000e+04,3.00072902e-03,4.70274157e-03
1.64000000e+04,2.99795612e-03,4.69852702e-03
1.64100000e+04,2.99519893e-03,4.69433484e-03
1.64200000e+04,2.99249946e-03,4.69016653e-03
1.64300000e+04,2.98970653e-03,4.68596959e-03
1.64400000e+04,2.98700902e-03,4.68180334e-03
1.64500000e+04,2.98430365e-03,4.67763163e-03
1.64600000e+04,2.98161198e-03,4.67348873e-03
1.64700000e+04,2.97891078e-03,4.66934402e-03
1.64800000e+04,2.97623286e-03,4.66525514e-03
1.64900000e+04,2.97355121e-03,4.66109026e-03
1.65000000e+04,2.97086732e-03,4.65698118e-03
1.65100000e+04,2.96819129e-03,4.65289573e-03
1.65200000e+04,2.96552778e-03,4.64882303e-03
1.65300000e+04,2.96285099e-03,4.64475041e-03
1.65400000e+04,2.96021732e-03,4.64068420e-03
1.65500000e+04,2.95757997e-03,4.63662075e-03
1.65600000e+04,2.95492334e-03,4.63256930e-03
1.65700000e+04,2.95228364e-03,4.62852418e-03
1.65800000e+04,2.94965820e-03,4.62448227e-03
1.65900000e+04,2.94702942e-03,4.62047858e-03
1.66000000e+04,2.94441372e-03,4.61649502e-03
1.66100000e+04,2.94179536e-03,4.61245625e-03
1.66200000e+04,2.93918539e-03,4.60846064e-03
1.66300000e+04,2.93658707e-03,4.60447342e-03
1.66400000e+04,2.93397052e-03,4.60051539e-03
1.66500000e+04,2.93137558e-03,4.59655255e-03
1.66600000e+04,2.92877735e-03,4.59260345e-03
1.66700000e+04,2.92619067e-03,4.58864987e-03
1.66800000e+04,2.92361787e-03,4.58473826e-03
1.66900000e+04,2.92102677e-03,4.58078898e-03
1.67000000e+04,2.91847410e-03,4.57687577e-03
1.67100000e+04,2.91590058e-03,4.57297140e-03
1.67200000e+04,2.91334836e-03,4.56905345e-03
1.67300000e+04,2.91079990e-03,4.56517708e-03
1.67400000e+04,2.90826213e-03,4.56128098e-03
1.67500000e+04,2.90571884e-03,4.55738706e-03
1.67600000e+04,2.90319222e-03,4.55351549e-03
1.67700000e+04,2.90066624e-03,4.54964663e-03
1.67800000e+04,2.89815663e-03,4.54578691e-03
1.67900000e+04,2.89562860e-03,4.54199157e-03
1.68000000e+04,2.89312417e-03,4.53811468e-03
1.68100000e+04,2.89060985e-03,4.53429311e-03
1.68200000e+04,2.88810539e-03,4.53047390e-03
1.68300000e+04,2.88562165e-03,4.52668057e-03
1.68400000e+04,2.88313319e-03,4.52293010e-03
1.68500000e+04,2.88067191e-03,4.51913953e-03
1.68600000e+04,2.87817045e-03,4.51537245e-03
1.68700000e+04,2.87570743e-03,4.51163651e-03
1.68800000e+04,2.87324638e-03,4.50789329e-03
1.68900000e+04,2.87078899e-03,4.50418238e-03
1.69000000e+04,2.86832226e-03,4.50044838e-03
1.69100000e+04,2.86589371e-03,4.49673604e-03
1.69200000e+04,2.86351079e-03,4.49302714e-03
1.69300000e+04,2.86102628e-03,4.48931367e-03
1.69400000e+04,2.85861609e-03,4.48561844e-03
1.69500000e+04,2.85619924e-03,4.48192551e-03
1.69600000e+04,2.85380773e-03,4.47822973e-03
1.69700000e+04,2.85140531e-03,4.47456344e-03
1.69800000e+04,2.84900071e-03,4.47087368e-03
1.69900000e+04,2.84661118e-03,4.46720424e-03
1.70000000e+04,2.84422080e-03,4.46352421e-03
1.70100000e+04,2.84184192e-03,4.45986958e-03
1.70200000e+04,2.83945682e-03,4.45628355e-03
1.70300000e+04,2.83707454e-03,4.45260998e-03
1.70400000e+04,2.83471053e-03,4.44899104e-03
1.70500000e+04,2.83234059e-03,4.44538167e-03
1.70600000e+04,2.82996660e-03,4.44178851e-03
1.70700000e+04,2.82761753e-03,4.43819651e-03
1.70800000e+04,2.82526799e-03,4.43460280e-03
1.70900000e+04,2.82291829e-03,4.43104643e-03
1.71000000e+04,2.82056839e-03,4.42749361e-03
1.71100000e+04,2.81823160e-03,4.42391413e-03
1.71200000e+04,2.81591057e-03,4.42036428e-03
1.71300000e+04,2.81357979e-03,4.41684027e-03
1.71400000e+04,2.81125680e-03,4.41329970e-03
1.71500000e+04,2.80894447e-03,4.40977426e-03
1.71600000e+04,2.80662862e-03,4.40625989e-03
1.71700000e+04,2.80432923e-03,4.40274322e-03
1.71800000e+04,2.80203519e-03,4.39922549e-03
1.71900000e+04,2.79974312e-03,4.39572774e-03
1.72000000e+04,2.79744979e-03,4.39223065e-03
1.72100000e+04,2.79517108e-03,4.38876078e-03
1.72200000e+04,2.79288233e-03,4.38529340e-03
1.72300000e+04,2.79061396e-03,4.38179885e-03
1.72400000e+04,2.78834547e-03,4.37833570e-03
1.72500000e+04,2.78609642e-03,4.37490328e-03
1.72600000e+04,2.78383568e-03,4.37144970e-03
1.72700000e+04,2.78157802e-03,4.36802360e-03
1.72800000e+04,2.77933481e-03,4.36460954e-03
1.72900000e+04,2.77710118e-03,4.36119709e-03
1.73000000e+04,2.77486822e-03,4.35777908e-03
1.73100000e+04,2.77264530e-03,4.35438016e-03
1.73200000e+04,2.77041759e-03,4.35097681e-03
1.73300000e+04,2.76819638e-03,4.34760633e-03
1.73400000e+04,2.76598315e-03,4.34423171e-03
1.73500000e+04,2.76377473e-03,4.34083981e-03
1.73600000e+04,2.76156425e-03,4.33747526e-03
1.73700000e+04,2.75936582e-03,4.33411336e-03
1.73800000e+04,2.75717233e-03,4.33075975e-03
1.73900000e+04,2.75498956e-03,4.32740009e-03
1.74000000e+04,2.75279046e-03,4.32409378e-03
1.74100000e+04,2.75060795e-03,4.32075508e-03
1.74200000e+04,2.74844571e-03,4.31743139e-03
1.74300000e+04,2.74627461e-03,4.31413739e-03
1.74400000e+04,2.74410896e-03,4.31085200e-03
1.74500000e+04,2.74194726e-03,4.30758286e-03
1.74600000e+04,2.73979112e-03,4.30429791e-03
1.74700000e+04,2.73764430e-03,4.30102905e-03
1.74800000e+04,2.73549510e-03,4.29777207e-03
1.74900000e+04,2.73336146e-03,4.29450526e-03
1.75000000e+04,2.73121418e-03,4.29128442e-03
1.75100000e+04,2.72908321e-03,4.28803425e-03
1.75200000e+04,2.72695585e-03,4.28480125e-03
1.75300000e+04,2.72484706e-03,4.28158324e-03
1.75400000e+04,2.72271491e-03,4.27836273e-03
1.75500000e+04,2.72060941e-03,4.27515921e-03
1.75600000e+04,2.71851399e-03,4.27194714e-03
1.75700000e+04,2.71640989e-03,4.26875465e-03
1.75800000e+04,2.71431422e-03,4.26555859e-03
1.75900000e+04,2.71222262e-03,4.26236860e-03
1.76000000e+04,2.71013701e-03,4.25919038e-03
1.76100000e+04,2.70804772e-03,4.25600589e-03
1.76200000e+04,2.70598574e-03,4.25281649e-03
1.76300000e+04,2.70389853e-03,4.24964452e-03
1.76400000e+04,2.70182890e-03,4.24651685e-03
1.76500000e+04,2.69976296e-03,4.24334066e-03
1.76600000e+04,2.69770005e-03,4.24019276e-03
1.76700000e+04,2.69565298e-03,4.23706125e-03
1.76800000e+04,2.69359605e-03,4.23393369e-03
1.76900000e+04,2.69154634e-03,4.23082625e-03
1.77000000e+04,2.68950863e-03,4.22771141e-03
1.77100000e+04,2.68746771e-03,4.22461887e-03
1.77200000e+04,2.68542649e-03,4.22153703e-03
1.77300000e+04,2.68340140e-03,4.21843151e-03
1.77400000e+04,2.68136780e-03,4.21536065e-03
1.77500000e+04,2.67936033e-03,4.21229453e-03
1.77600000e+04,2.67733706e-03,4.20922483e-03
1.77700000e+04,2.67532315e-03,4.20616119e-03
1.77800000e+04,2.67332071e-03,4.20311472e-03
1.77900000e+04,2.67131932e-03,4.20005599e-03
1.78000000e+04,2.66933239e-03,4.19700841e-03
1.78100000e+04,2.66733504e-03,4.19398266e-03
1.78200000e+04,2.66534659e-03,4.19094544e-03
1.78300000e+04,2.66336586e-03,4.18791542e-03
1.78400000e+04,2.66138243e-03,4.18489589e-03
1.78500000e+04,2.65941290e-03,4.18187780e-03
1.78600000e+04,2.65744381e-03,4.17886971e-03
1.78700000e+04,2.65546973e-03,4.17588616e-03
1.78800000e+04,2.65349761e-03,4.17290471e-03
1.78900000e+04,2.65153099e-03,4.16992069e-03
1.79000000e+04,2.64959052e-03,4.16694209e-03
1.79100000e+04,2.64765510e-03,4.16395956e-03
1.79200000e+04,2.64570011e-03,4.16100636e-03
1.79300000e+04,2.64376476e-03,4.15804228e-03
1.79400000e+04,2.64183465e-03,4.15509733e-03
1.79500000e+04,2.63991246e-03,4.15214640e-03
1.79600000e+04,2.63799017e-03,4.14921818e-03
1.79700000e+04,2.63607304e-03,4.14628614e-03
1.79800000e+04,2.63415569e-03,4.14334808e-03
1.79900000e+04,2.63223889e-03,4.14043240e-03
1.80000000e+04,2.63033045e-03,4.13751378e-03
1.80100000e+04,2.62842508e-03,4.13461082e-03
1.80200000e+04,2.62652195e-03,4.13171449e-03
1.80300000e+04,2.62462891e-03,4.12882725e-03
1.80400000e+04,2.62275005e-03,4.12593858e-03
1.80500000e+04,2.62085379e-03,4.12305476e-03
1.80600000e+04,2.61897447e-03,4.12018891e-03
1.80700000e+04,2.61709216e-03,4.11731398e-03
1.80800000e+04,2.61524036e-03,4.11445752e-03
1.80900000e+04,2.61336594e-03,4.11161169e-03
1.81000000e+04,2.61149574e-03,4.10876234e-03
1.81100000e+04,2.60964257e-03,4.10592288e-03
1.81200000e+04,2.60778192e-03,4.10309021e-03
1.81300000e+04,2.60593639e-03,4.10026286e-03
1.81400000e+04,2.60408198e-03,4.09744031e-03
1.81500000e+04,2.60223806e-03,4.09462224e-03
1.81600000e+04,2.60038710e-03,4.09181271e-03
1.81700000e+04,2.59854918e-03,4.08901420e-03
1.81800000e+04,2.59670819e-03,4.08621505e-03
1.81900000e+04,2.59487404e-03,4.08342513e-03
1.82000000e+04,2.59305580e-03,4.08064737e-03
1.82100000e+04,2.59122852e-03,4.07786277e-03
1.82200000e+04,2.58941241e-03,4.07509247e-03
1.82300000e+04,2.58760559e-03,4.07232370e-03
1.82400000e+04,2.58579064e-03,4.06954924e-03
1.82500000e+04,2.58398085e-03,4.06683402e-03
1.82600000e+04,2.58218897e-03,4.06406468e-03
1.82700000e+04,2.58038614e-03,4.06133130e-03
1.82800000e+04,2.57859712e-03,4.05860259e-03
1.82900000e+04,2.57680887e-03,4.05589389e-03
1.83000000e+04,2.57501725e-03,4.05317731e-03
1.83100000e+04,2.57323243e-03,4.05047036e-03
1.83200000e+04,2.57144943e-03,4.04776682e-03
1.83300000e+04,2.56967540e-03,4.04505534e-03
1.83400000e+04,2.56790081e-03,4.04236134e-03
1.83500000e+04,2.56612824e-03,4.03967238e-03
1.83600000e+04,2.56437159e-03,4.03700123e-03
1.83700000e+04,2.56260808e-03,4.03431285e-03
1.83800000e+04,2.56084464e-03,4.03163792e-03
1.83900000e+04,2.55910291e-03,4.02898155e-03
1.84000000e+04,2.55734831e-03,4.02631858e-03
1.84100000e+04,2.55560657e-03,4.02367002e-03
1.84200000e+04,2.55387233e-03,4.02100847e-03
1.84300000e+04,2.55213036e-03,4.01835330e-03
1.84400000e+04,2.55039395e-03,4.01570820e-03
1.84500000e+04,2.54866575e-03,4.01307005e-03
1.84600000e+04,2.54693620e-03,4.01044413e-03
1.84700000e+04,2.54521056e-03,4.00782411e-03
1.84800000e+04,2.54348693e-03,4.00521918e-03
1.84900000e+04,2.54176684e-03,4.00259957e-03
1.85000000e+04,2.54005716e-03,4.00000362e-03
1.85100000e+04,2.53836159e-03,3.99740727e-03
1.85200000e+04,2.53664149e-03,3.99481977e-03
1.85300000e+04,2.53495322e-03,3.99224492e-03
1.85400000e+04,2.53326427e-03,3.98965285e-03
1.85500000e+04,2.53158227e-03,3.98708371e-03
1.85600000e+04,2.52989733e-03,3.98450097e-03
1.85700000e+04,2.52821340e-03,3.98194956e-03
1.85800000e+04,2.52653769e-03,3.97938606e-03
1.85900000e+04,2.52485725e-03,3.97682557e-03
1.86000000e+04,2.52317802e-03,3.97429141e-03
1.86100000e+04,2.52151325e-03,3.97174584e-03
1.86200000e+04,2.51984445e-03,3.96921241e-03
1.86300000e+04,2.51818683e-03,3.96669179e-03
1.86400000e+04,2.51652305e-03,3.96415897e-03
1.86500000e+04,2.51485666e-03,3.96163369e-03
1.86600000e+04,2.51320584e-03,3.95911461e-03
1.86700000e+04,2.51156121e-03,3.95660926e-03
1.86800000e+04,2.50991053e-03,3.95409495e-03
1.86900000e+04,2.50826478e-03,3.95159697e-03
1.87000000e+04,2.50663429e-03,3.94910545e-03
1.87100000e+04,2.50499809e-03,3.94660936e-03
1.87200000e+04,2.50337482e-03,3.94415218e-03
1.87300000e+04,2.50174130e-03,3.94166322e-03
1.87400000e+04,2.50012857e-03,3.93921148e-03
1.87500000e+04,2.49850893e-03,3.93674342e-03
1.87600000e+04,2.49689945e-03,3.93428464e-03
1.87700000e+04,2.49528464e-03,3.93184499e-03
1.87800000e+04,2.49366049e-03,3.92939438e-03
1.87900000e+04,2.49205317e-03,3.92694472e-03
1.88000000e+04,2.49045870e-03,3.92450445e-03
1.88100000e+04,2.48886488e-03,3.92208018e-03
1.88200000e+04,2.48726428e-03,3.91965380e-03
1.88300000e+04,2.48567274e-03,3.91722386e-03
1.88400000e+04,2.48408689e-03,3.91481025e-03
1.88500000e+04,2.48250653e-03,3.91240418e-03
1.88600000e+04,2.48091950e-03,3.90999799e-03
1.88700000e+04,2.47935073e-03,3.90759314e-03
1.88800000e+04,2.47777210e-03,3.90520241e-03
1.88900000e+04,2.47619645e-03,3.90282279e-03
1.89000000e+04,2.47463187e-03,3.90043837e-03
1.89100000e+04,2.47305815e-03,3.89805692e-03
1.89200000e+04,2.47150040e-03,3.89568807e-03
1.89300000e+04,2.46993496e-03,3.89333541e-03
1.89400000e+04,2.46838188e-03,3.89097183e-03
1.89500000e+04,2.46682490e-03,3.88861870e-03
1.89600000e+04,2.46528187e-03,3.88625611e-03
1.89700000e+04,2.46372714e-03,3.88390949e-03
1.89800000e+04,2.46218769e-03,3.88157024e-03
1.89900000e+04,2.46064964e-03,3.87922063e-03
1.90000000e+04,2.45911028e-03,3.87688467e-03
1.90100000e+04,2.45757903e-03,3.87456189e-03
1.90200000e+04,2.45604661e-03,3.87222308e-03
1.90300000e+04,2.45452710e-03,3.86991943e-03
1.90400000e+04,2.45300034e-03,3.86760128e-03
1.90500000e+04,2.45147673e-03,3.86530175e-03
1.90600000e+04,2.44996634e-03,3.86299597e-03
1.90700000e+04,2.44844418e-03,3.86069939e-03
1.90800000e+04,2.44693196e-03,3.85840631e-03
1.90900000e+04,2.44543271e-03,3.85612018e-03
1.91000000e+04,2.44393031e-03,3.85382817e-03
1.91100000e+04,2.44242079e-03,3.85155917e-03
1.91200000e+04,2.44093509e-03,3.84928516e-03
1.91300000e+04,2.43944229e-03,3.84702029e-03
1.91400000e+04,2.43795740e-03,3.84476488e-03
1.91500000e+04,2.43647708e-03,3.84250228e-03
1.91600000e+04,2.43498317e-03,3.84024062e-03
1.91700000e+04,2.43350718e-03,3.83798583e-03
1.91800000e+04,2.43202911e-03,3.83574792e-03
1.91900000e+04,2.43056184e-03,3.83351074e-03
1.92000000e+04,2.42908239e-03,3.83128464e-03
1.92100000e+04,2.42761390e-03,3.82904279e-03
1.92200000e+04,2.42614541e-03,3.82681971e-03
1.92300000e+04,2.42468306e-03,3.82462375e-03
1.92400000e+04,2.42322570e-03,3.82241492e-03
1.92500000e+04,2.42177279e-03,3.82019792e-03
1.92600000e+04,2.42031939e-03,3.81799614e-03
1.92700000e+04,2.41886218e-03,3.81580897e-03
1.92800000e+04,2.41741739e-03,3.81360481e-03
1.92900000e+04,2.41598533e-03,3.81142240e-03
1.93000000e+04,2.41454499e-03,3.80923945e-03
1.93100000e+04,2.41311049e-03,3.80705205e-03
1.93200000e+04,2.41168380e-03,3.80488475e-03
1.93300000e+04,2.41025332e-03,3.80271286e-03
1.93400000e+04,2.40881828e-03,3.80055979e-03
1.93500000e+04,2.40739397e-03,3.79839246e-03
1.93600000e+04,2.40597638e-03,3.79624285e-03
1.93700000e+04,2.40454992e-03,3.79408254e-03
1.93800000e+04,2.40314061e-03,3.79193551e-03
1.93900000e+04,2.40172471e-03,3.78978816e-03
1.94000000e+04,2.40031396e-03,3.78763158e-03
1.94100000e+04,2.39890869e-03,3.78550380e-03
1.94200000e+04,2.39749989e-03,3.78338268e-03
1.94300000e+04,2.39610428e-03,3.78125063e-03
1.94400000e+04,2.39470458e-03,3.77913714e-03
1.94500000e+04,2.39330743e-03,3.77702482e-03
1.94600000e+04,2.39191609e-03,3.77491131e-03
1.94700000e+04,2.39052108e-03,3.77281160e-03
1.94800000e+04,2.38913640e-03,3.77070415e-03
1.94900000e+04,2.38774200e-03,3.76861529e-03
1.95000000e+04,2.38636402e-03,3.76652912e-03
1.95100000e+04,2.38499463e-03,3.76442929e-03
1.95200000e+04,2.38360887e-03,3.76235138e-03
1.95300000e+04,2.38223148e-03,3.76026622e-03
1.95400000e+04,2.38086763e-03,3.75820757e-03
1.95500000e+04,2.37949245e-03,3.75612546e-03
1.95600000e+04,2.37815642e-03,3.75407065e-03
1.95700000e+04,2.37678521e-03,3.75201160e-03
1.95800000e+04,2.37543428e-03,3.74996710e-03
1.95900000e+04,2.37408356e-03,3.74791834e-03
1.96000000e+04,2.37273981e-03,3.74588216e-03
1.96100000e+04,2.37140500e-03,3.74383174e-03
1.96200000e+04,2.37006391e-03,3.74179384e-03
1.96300000e+04,2.36873655e-03,3.73975588e-03
1.96400000e+04,2.36740029e-03,3.73773152e-03
1.96500000e+04,2.36607186e-03,3.73570692e-03
1.96600000e+04,2.36474110e-03,3.73368473e-03
1.96700000e+04,2.36341410e-03,3.73166089e-03
1.96800000e+04,2.36208858e-03,3.72964989e-03
1.96900000e+04,2.36076645e-03,3.72764027e-03
1.97000000e+04,2.35944139e-03,3.72563180e-03
1.97100000e+04,2.35813239e-03,3.72363564e-03
1.97200000e+04,2.35681678e-03,3.72162764e-03
1.97300000e+04,2.35549868e-03,3.71964370e-03
1.97400000e+04,2.35419320e-03,3.71764413e-03
1.97500000e+04,2.35287964e-03,3.71567039e-03
1.97600000e+04,2.35158020e-03,3.71367777e-03
1.97700000e+04,2.35027708e-03,3.71170562e-03
1.97800000e+04,2.34897337e-03,3.70973739e-03
1.97900000e+04,2.34767555e-03,3.70776988e-03
1.98000000e+04,2.34638507e-03,3.70581759e-03
1.98100000e+04,2.34508986e-03,3.70386064e-03
1.98200000e+04,2.34380136e-03,3.70190977e-03
1.98300000e+04,2.34250774e-03,3.69995738e-03
1.98400000e+04,2.34123379e-03,3.69801950e-03
1.98500000e+04,2.33994212e-03,3.69607209e-03
1.98600000e+04,2.33866549e-03,3.69413530e-03
1.98700000e+04,2.33739171e-03,3.69221164e-03
1.98800000e+04,2.33611780e-03,3.69027947e-03
1.98900000e+04,2.33484416e-03,3.68835079e-03
1.99000000e+04,2.33357983e-03,3.68643265e-03
1.99100000e+04,2.33230896e-03,3.68451704e-03
1.99200000e+04,2.33104503e-03,3.68260170e-03
1.99300000e+04,2.32978594e-03,3.68068661e-03
1.99400000e+04,2.32853428e-03,3.67878057e-03
1.99500000e+04,2.32726691e-03,3.67687987e-03
1.99600000e+04,2.32601863e-03,3.67499003e-03
1.99700000e+04,2.32477272e-03,3.67308909e-03
1.99800000e+04,2.32353192e-03,3.67120809e-03
1.99900000e+04,2.32229025e-03,3.66932762e-03
2.00000000e+04,2.32105140e-03,3.66745137e-03
2.00100000e+04,2.31981053e-03,3.66559655e-03
2.00200000e+04,2.31858023e-03,3.66372902e-03
2.00300000e+04,2.31734866e-03,3.66186679e-03
2.00400000e+04,2.31611304e-03,3.66000313e-03
2.00500000e+04,2.31488474e-03,3.65814287e-03
2.00600000e+04,2.31366143e-03,3.65630376e-03
2.00700000e+04,2.31244655e-03,3.65445641e-03
2.00800000e+04,2.31121574e-03,3.65261025e-03
2.00900000e+04,2.31001888e-03,3.65076338e-03
2.01000000e+04,2.30879927e-03,3.64893529e-03
2.01100000e+04,2.30758361e-03,3.64710647e-03
2.01200000e+04,2.30638227e-03,3.64527617e-03
2.01300000e+04,2.30518129e-03,3.64343697e-03
2.01400000e+04,2.30398060e-03,3.64162469e-03
2.01500000e+04,2.30277704e-03,3.63980951e-03
2.01600000e+04,2.30158151e-03,3.63799272e-03
2.01700000e+04,2.30037776e-03,3.63617187e-03
2.01800000e+04,2.29918283e-03,3.63436743e-03
2.01900000e+04,2.29798967e-03,3.63255820e-03
2.02000000e+04,2.29679821e-03,3.63076334e-03
2.02100000e+04,2.29560243e-03,3.62896112e-03
2.02200000e+04,2.29441427e-03,3.62716225e-03
2.02300000e+04,2.29323238e-03,3.62537819e-03
2.02400000e+04,2.29205370e-03,3.62359160e-03
2.02500000e+04,2.29088045e-03,3.62180843e-03
2.02600000e+04,2.28970707e-03,3.62003164e-03
2.02700000e+04,2.28853599e-03,3.61825374e-03
2.02800000e+04,2.28736427e-03,3.61648804e-03
2.02900000e+04,2.28620032e-03,3.61471990e-03
2.03000000e+04,2.28504733e-03,3.61295116e-03
2.03100000e+04,2.28388359e-03,3.61119356e-03
2.03200000e+04,2.28272253e-03,3.60943259e-03
2.03300000e+04,2.28156839e-03,3.60768911e-03
2.03400000e+04,2.28042273e-03,3.60592555e-03
2.03500000e+04,2.27926235e-03,3.60419520e-03
2.03600000e+04,2.27811170e-03,3.60244217e-03
2.03700000e+04,2.27696028e-03,3.60070734e-03
2.03800000e+04,2.27581683e-03,3.59897332e-03
2.03900000e+04,2.27466544e-03,3.59723905e-03
2.04000000e+04,2.27351964e-03,3.59551571e-03
2.04100000e+04,2.27238692e-03,3.59379833e-03
2.04200000e+04,2.27125599e-03,3.59207853e-03
2.04300000e+04,2.27012823e-03,3.59036479e-03
2.04400000e+04,2.26899576e-03,3.58864512e-03
2.04500000e+04,2.26786733e-03,3.58694828e-03
2.04600000e+04,2.26674334e-03,3.58524175e-03
2.04700000e+04,2.26562562e-03,3.58353379e-03
2.04800000e+04,2.26450714e-03,3.58182848e-03
2.04900000e+04,2.26338260e-03,3.58013742e-03
2.05000000e+04,2.26227101e-03,3.57844979e-03
2.05100000e+04,2.26116519e-03,3.57676914e-03
2.05200000e+04,2.26004615e-03,3.57508860e-03
2.05300000e+04,2.25893741e-03,3.57340284e-03
2.05400000e+04,2.25783273e-03,3.57173035e-03
2.05500000e+04,2.25672645e-03,3.57007141e-03
2.05600000e+04,2.25561250e-03,3.56839868e-03
2.05700000e+04,2.25450800e-03,3.56673698e-03
2.05800000e+04,2.25341403e-03,3.56507600e-03
2.05900000e+04,2.25232283e-03,3.56341781e-03
2.06000000e+04,2.25121844e-03,3.56175356e-03
2.06100000e+04,2.25012600e-03,3.56010557e-03
2.06200000e+04,2.24903868e-03,3.55845658e-03
2.06300000e+04,2.24795434e-03,3.55681170e-03
2.06400000e+04,2.24686562e-03,3.55517647e-03
2.06500000e+04,2.24578250e-03,3.55354867e-03
2.06600000e+04,2.24470210e-03,3.55191983e-03
2.06700000e+04,2.24362047e-03,3.55029300e-03
2.06800000e+04,2.24255063e-03,3.54866842e-03
2.06900000e+04,2.24146849e-03,3.54703932e-03
2.07000000e+04,2.24039052e-03,3.54543683e-03
2.07100000e+04,2.23932405e-03,3.54382170e-03
2.07200000e+04,2.23826077e-03,3.54220301e-03
2.07300000e+04,2.23718815e-03,3.54059946e-03
2.07400000e+04,2.23612158e-03,3.53899290e-03
2.07500000e+04,2.23506916e-03,3.53739769e-03
2.07600000e+04,2.23400962e-03,3.53578896e-03
2.07700000e+04,2.23295118e-03,3.53419287e-03
2.07800000e+04,2.23189886e-03,3.53260916e-03
2.07900000e+04,2.23084637e-03,3.53101623e-03
2.08000000e+04,2.22979748e-03,3.52942332e-03
2.08100000e+04,2.22875085e-03,3.52784738e-03
2.08200000e+04,2.22770874e-03,3.52626495e-03
2.08300000e+04,2.22666426e-03,3.52469315e-03
2.08400000e+04,2.22561808e-03,3.52311917e-03
2.08500000e+04,2.22458059e-03,3.52155913e-03
2.08600000e+04,2.22354927e-03,3.51999418e-03
2.08700000e+04,2.22251673e-03,3.51842311e-03
2.08800000e+04,2.22148048e-03,3.51686936e-03
2.08900000e+04,2.22045391e-03,3.51532002e-03
2.09000000e+04,2.21942585e-03,3.51377465e-03
2.09100000e+04,2.21839681e-03,3.51221618e-03
2.09200000e+04,2.21737292e-03,3.51069277e-03
2.09300000e+04,2.21635633e-03,3.50913782e-03
2.09400000e+04,2.21533318e-03,3.50760600e-03
2.09500000e+04,2.21432082e-03,3.50606660e-03
2.09600000e+04,2.21330387e-03,3.50452540e-03
2.09700000e+04,2.21229870e-03,3.50300223e-03
2.09800000e+04,2.21128689e-03,3.50148264e-03
2.09900000e+04,2.21027264e-03,3.49996325e-03
2.10000000e+04,2.20926237e-03,3.49843549e-03
2.10100000e+04,2.20826047e-03,3.49691474e-03
2.10200000e+04,2.20726158e-03,3.49540253e-03
2.10300000e+04,2.20624966e-03,3.49389050e-03
2.10400000e+04,2.20525695e-03,3.49238885e-03
2.10500000e+04,2.20426712e-03,3.49087156e-03
2.10600000e+04,2.20326798e-03,3.48937666e-03
2.10700000e+04,2.20228526e-03,3.48787780e-03
2.10800000e+04,2.20129278e-03,3.48638695e-03
2.10900000e+04,2.20030626e-03,3.48489816e-03
2.11000000e+04,2.19930770e-03,3.48342114e-03
2.11100000e+04,2.19833541e-03,3.48193296e-03
2.11200000e+04,2.19734282e-03,3.48044479e-03
2.11300000e+04,2.19637212e-03,3.47898046e-03
2.11400000e+04,2.19538916e-03,3.47749416e-03
2.11500000e+04,2.19441466e-03,3.47603302e-03
2.11600000e+04,2.19344129e-03,3.47455741e-03
2.11700000e+04,2.19247275e-03,3.47309343e-03
2.11800000e+04,2.19149202e-03,3.47161893e-03
2.11900000e+04,2.19053055e-03,3.47016106e-03
2.12000000e+04,2.18956648e-03,3.46869428e-03
2.12100000e+04,2.18860777e-03,3.46725550e-03
2.12200000e+04,2.18763367e-03,3.46579052e-03
2.12300000e+04,2.18667528e-03,3.46435270e-03
2.12400000e+04,2.18571284e-03,3.46291125e-03
2.12500000e+04,2.18475687e-03,3.46147043e-03
2.12600000e+04,2.18380849e-03,3.46002819e-03
2.12700000e+04,2.18284968e-03,3.45859461e-03
2.12800000e+04,2.18190416e-03,3.45715700e-03
2.12900000e+04,2.18096041e-03,3.45573504e-03
2.13000000e+04,2.18000925e-03,3.45430158e-03
2.13100000e+04,2.17906082e-03,3.45287604e-03
2.13200000e+04,2.17812345e-03,3.45146886e-03
2.13300000e+04,2.17718552e-03,3.45003896e-03
2.13400000e+04,2.17624173e-03,3.44862512e-03
2.13500000e+04,2.17531719e-03,3.44722094e-03
2.13600000e+04,2.17437379e-03,3.44582189e-03
2.13700000e+04,2.17344792e-03,3.44440200e-03
2.13800000e+04,2.17251344e-03,3.44300037e-03
2.13900000e+04,2.17157981e-03,3.44160227e-03
2.14000000e+04,2.17066084e-03,3.44021276e-03
2.14100000e+04,2.16973055e-03,3.43880734e-03
2.14200000e+04,2.16880334e-03,3.43742006e-03
2.14300000e+04,2.16789400e-03,3.43604221e-03
2.14400000e+04,2.16697225e-03,3.43465809e-03
2.14500000e+04,2.16605728e-03,3.43327245e-03
2.14600000e+04,2.16513772e-03,3.43189221e-03
2.14700000e+04,2.16422811e-03,3.43050716e-03
2.14800000e+04,2.16331513e-03,3.42914426e-03
2.14900000e+04,2.16241309e-03,3.42776606e-03
2.15000000e+04,2.16149709e-03,3.42640864e-03
2.15100000e+04,2.16059216e-03,3.42504353e-03
2.15200000e+04,2.15968919e-03,3.42368201e-03
2.15300000e+04,2.15879529e-03,3.42232091e-03
2.15400000e+04,2.15789024e-03,3.42096361e-03
2.15500000e+04,2.15699269e-03,3.41962346e-03
2.15600000e+04,2.15610494e-03,3.41827019e-03
2.15700000e+04,2.15520263e-03,3.41692248e-03
2.15800000e+04,2.15431616e-03,3.41557345e-03
2.15900000e+04,2.15343462e-03,3.41423180e-03
2.16000000e+04,2.15254258e-03,3.41289793e-03
2.16100000e+04,2.15165847e-03,3.41157187e-03
2.16200000e+04,2.15077121e-03,3.41023014e-03
2.16300000e+04,2.14988946e-03,3.40890989e-03
2.16400000e+04,2.14900779e-03,3.40758190e-03
2.16500000e+04,2.14813469e-03,3.40625641e-03
2.16600000e+04,2.14726127e-03,3.40493873e-03
2.16700000e+04,2.14638351e-03,3.40361911e-03
2.16800000e+04,2.14550714e-03,3.40231330e-03
2.16900000e+04,2.14464175e-03,3.40099681e-03
2.17000000e+04,2.14376845e-03,3.39968839e-03
2.17100000e+04,2.14290111e-03,3.39837889e-03
2.17200000e+04,2.14204317e-03,3.39708803e-03
2.17300000e+04,2.14118000e-03,3.39579119e-03
2.17400000e+04,2.14031884e-03,3.39448247e-03
2.17500000e+04,2.13945511e-03,3.39318937e-03
2.17600000e+04,2.13860099e-03,3.39189636e-03
2.17700000e+04,2.13774786e-03,3.39061637e-03
2.17800000e+04,2.13688584e-03,3.38931725e-03
2.17900000e+04,2.13603862e-03,3.38804521e-03
2.18000000e+04,2.13518209e-03,3.38675524e-03
2.18100000e+04,2.13433735e-03,3.38547885e-03
2.18200000e+04,2.13349095e-03,3.38420094e-03
2.18300000e+04,2.13263881e-03,3.38293990e-03
2.18400000e+04,2.13179868e-03,3.38165283e-03
2.18500000e+04,2.13095358e-03,3.38039992e-03
2.18600000e+04,2.13011053e-03,3.37912522e-03
2.18700000e+04,2.12927174e-03,3.37786175e-03
2.18800000e+04,2.12843879e-03,3.37660342e-03
2.18900000e+04,2.12760946e-03,3.37535101e-03
2.19000000e+04,2.12676615e-03,3.37409026e-03
2.19100000e+04,2.12593397e-03,3.37283844e-03
2.19200000e+04,2.12510643e-03,3.37158635e-03
2.19300000e+04,2.12427705e-03,3.37034352e-03
2.19400000e+04,2.12344613e-03,3.36909000e-03
2.19500000e+04,2.12262696e-03,3.36784575e-03
2.19600000e+04,2.12180188e-03,3.36661468e-03
2.19700000e+04,2.12097324e-03,3.36537248e-03
2.19800000e+04,2.12015724e-03,3.36413165e-03
2.19900000e+04,2.11933274e-03,3.36290446e-03
2.20000000e+04,2.11851975e-03,3.36167168e-03
2.20100000e+04,2.11769962e-03,3.36045600e-03
2.20200000e+04,2.11689156e-03,3.35922252e-03
2.20300000e+04,2.11607925e-03,3.35800223e-03
2.20400000e+04,2.11526825e-03,3.35678516e-03
2.20500000e+04,2.11445673e-03,3.35556168e-03
2.20600000e+04,2.11365150e-03,3.35434993e-03
2.20700000e+04,2.11284819e-03,3.35313480e-03
2.20800000e+04,2.11204408e-03,3.35192449e-03
2.20900000e+04,2.11123837e-03,3.35072125e-03
2.21000000e+04,2.11043315e-03,3.34950951e-03
2.21100000e+04,2.10962798e-03,3.34830325e-03
2.21200000e+04,2.10884334e-03,3.34711022e-03
2.21300000e+04,2.10803868e-03,3.34590355e-03
2.21400000e+04,2.10724800e-03,3.34470888e-03
2.21500000e+04,2.10644757e-03,3.34351817e-03
2.21600000e+04,2.10566779e-03,3.34232696e-03
2.21700000e+04,2.10487586e-03,3.34112922e-03
2.21800000e+04,2.10408613e-03,3.33994518e-03
2.21900000e+04,2.10329887e-03,3.33875978e-03
2.22000000e+04,2.10251856e-03,3.33759404e-03
2.22100000e+04,2.10173267e-03,3.33639930e-03
2.22200000e+04,2.10094108e-03,3.33523990e-03
2.22300000e+04,2.10017024e-03,3.33407367e-03
2.22400000e+04,2.09939330e-03,3.33288392e-03
2.22500000e+04,2.09862359e-03,3.33172579e-03
2.22600000e+04,2.09784054e-03,3.33055464e-03
2.22700000e+04,2.09706997e-03,3.32938634e-03
2.22800000e+04,2.09629911e-03,3.32823161e-03
2.22900000e+04,2.09552808e-03,3.32706681e-03
2.23000000e+04,2.09475667e-03,3.32590705e-03
2.23100000e+04,2.09399000e-03,3.32476151e-03
2.23200000e+04,2.09322425e-03,3.32361199e-03
2.23300000e+04,2.09246732e-03,3.32246842e-03
2.23400000e+04,2.09170273e-03,3.32132423e-03
2.23500000e+04,2.09093883e-03,3.32017327e-03
2.23600000e+04,2.09018390e-03,3.31903137e-03
2.23700000e+04,2.08942598e-03,3.31790169e-03
2.23800000e+04,2.08867375e-03,3.31676930e-03
2.23900000e+04,2.08791863e-03,3.31562212e-03
2.24000000e+04,2.08716634e-03,3.31450967e-03
2.24100000e+04,2.08641574e-03,3.31337287e-03
2.24200000e+04,2.08566681e-03,3.31224865e-03
2.24300000e+04,2.08492123e-03,3.31113514e-03
2.24400000e+04,2.08417614e-03,3.31001071e-03
2.24500000e+04,2.08343782e-03,3.30888665e-03
2.24600000e+04,2.08269610e-03,3.30778101e-03
2.24700000e+04,2.08195277e-03,3.30667586e-03
2.24800000e+04,2.08120770e-03,3.30555229e-03
2.24900000e+04,2.08047255e-03,3.30445035e-03
2.25000000e+04,2.07973932e-03,3.30333937e-03
2.25100000e+04,2.07900717e-03,3.30223664e-03
2.25200000e+04,2.07826872e-03,3.30112851e-03
2.25300000e+04,2.07753833e-03,3.30003251e-03
2.25400000e+04,2.07680941e-03,3.29893384e-03
2.25500000e+04,2.07608048e-03,3.29785350e-03
2.25600000e+04,2.07534886e-03,3.29675621e-03
2.25700000e+04,2.07462868e-03,3.29566428e-03
2.25800000e+04,2.07390462e-03,3.29456681e-03
2.25900000e+04,2.07318303e-03,3.29349803e-03
2.26000000e+04,2.07246693e-03,3.29240679e-03
2.26100000e+04,2.07174498e-03,3.29132643e-03
2.26200000e+04,2.07102553e-03,3.29024550e-03
2.26300000e+04,2.07031543e-03,3.28917983e-03
2.26400000e+04,2.06959854e-03,3.28809854e-03
2.26500000e+04,2.06888746e-03,3.28702731e-03
2.26600000e+04,2.06817786e-03,3.28596270e-03
2.26700000e+04,2.06746384e-03,3.28489453e-03
2.26800000e+04,2.06675369e-03,3.28383547e-03
2.26900000e+04,2.06604601e-03,3.28276660e-03
2.27000000e+04,2.06533822e-03,3.28171163e-03
2.27100000e+04,2.06463852e-03,3.28065506e-03
2.27200000e+04,2.06393251e-03,3.27959929e-03
2.27300000e+04,2.06323178e-03,3.27854369e-03
2.27400000e+04,2.06253916e-03,3.27750618e-03
2.27500000e+04,2.06183894e-03,3.27645717e-03
2.27600000e+04,2.06114708e-03,3.27540727e-03
2.27700000e+04,2.06045235e-03,3.27436598e-03
2.27800000e+04,2.05975361e-03,3.27332225e-03
2.27900000e+04,2.05906763e-03,3.27229101e-03
2.28000000e+04,2.05837857e-03,3.27124393e-03
2.28100000e+04,2.05769188e-03,3.27021965e-03
2.28200000e+04,2.05700772e-03,3.26918723e-03
2.28300000e+04,2.05631653e-03,3.26814350e-03
2.28400000e+04,2.05563572e-03,3.26711833e-03
2.28500000e+04,2.05495341e-03,3.26609873e-03
2.28600000e+04,2.05427510e-03,3.26507768e-03
2.28700000e+04,2.05358876e-03,3.26405953e-03
2.28800000e+04,2.05291134e-03,3.26303726e-03
2.28900000e+04,2.05224162e-03,3.26200762e-03
2.29000000e+04,2.05156826e-03,3.26100373e-03
2.29100000e+04,2.05088923e-03,3.25998418e-03
2.29200000e+04,2.05021567e-03,3.25897652e-03
2.29300000e+04,2.04954451e-03,3.25796717e-03
2.29400000e+04,2.04887326e-03,3.25696479e-03
2.29500000e+04,2.04820221e-03,3.25596519e-03
2.29600000e+04,2.04753561e-03,3.25495983e-03
2.29700000e+04,2.04686708e-03,3.25395433e-03
2.29800000e+04,2.04620576e-03,3.25297145e-03
2.29900000e+04,2.04554248e-03,3.25196968e-03
2.30000000e+04,2.04488421e-03,3.25097948e-03
2.30100000e+04,2.04422885e-03,3.24999429e-03
2.30200000e+04,2.04357227e-03,3.24899935e-03
2.30300000e+04,2.04291624e-03,3.24801396e-03
2.30400000e+04,2.04225854e-03,3.24702996e-03
2.30500000e+04,2.04160796e-03,3.24605325e-03
2.30600000e+04,2.04095314e-03,3.24506524e-03
2.30700000e+04,2.04030666e-03,3.24409506e-03
2.30800000e+04,2.03965654e-03,3.24311758e-03
2.30900000e+04,2.03900832e-03,3.24214988e-03
2.31000000e+04,2.03835066e-03,3.24118504e-03
2.31100000e+04,2.03770238e-03,3.24020117e-03
2.31200000e+04,2.03706264e-03,3.23923262e-03
2.31300000e+04,2.03642524e-03,3.23827838e-03
2.31400000e+04,2.03576891e-03,3.23731266e-03
2.31500000e+04,2.03513340e-03,3.23634429e-03
2.31600000e+04,2.03449294e-03,3.23538894e-03
2.31700000e+04,2.03385056e-03,3.23443470e-03
2.31800000e+04,2.03321454e-03,3.23347631e-03
2.31900000e+04,2.03257093e-03,3.23251700e-03
2.32000000e+04,2.03193903e-03,3.23156366e-03
2.32100000e+04,2.03130918e-03,3.23061088e-03
2.32200000e+04,2.03067994e-03,3.22966484e-03
2.32300000e+04,2.03004626e-03,3.22871117e-03
2.32400000e+04,2.02941745e-03,3.22776797e-03
2.32500000e+04,2.02878706e-03,3.22682441e-03
2.32600000e+04,2.02816182e-03,3.22588120e-03
2.32700000e+04,2.02753447e-03,3.22494489e-03
2.32800000e+04,2.02690292e-03,3.22400448e-03
2.32900000e+04,2.02627975e-03,3.22306687e-03
2.33000000e+04,2.02565404e-03,3.22214098e-03
2.33100000e+04,2.02504189e-03,3.22120717e-03
2.33200000e+04,2.02441117e-03,3.22026662e-03
2.33300000e+04,2.02379370e-03,3.21934352e-03
2.33400000e+04,2.02317220e-03,3.21841214e-03
2.33500000e+04,2.02256010e-03,3.21749051e-03
2.33600000e+04,2.02194013e-03,3.21656463e-03
2.33700000e+04,2.02133012e-03,3.21564618e-03
2.33800000e+04,2.02071264e-03,3.21471885e-03
2.33900000e+04,2.02010195e-03,3.21379903e-03
2.34000000e+04,2.01949324e-03,3.21287225e-03
2.34100000e+04,2.01887972e-03,3.21196599e-03
2.34200000e+04,2.01826960e-03,3.21105428e-03
2.34300000e+04,2.01765467e-03,3.21014773e-03
2.34400000e+04,2.01704614e-03,3.20922853e-03
2.34500000e+04,2.01644722e-03,3.20832021e-03
2.34600000e+04,2.01584579e-03,3.20742077e-03
2.34700000e+04,2.01524126e-03,3.20651491e-03
2.34800000e+04,2.01464063e-03,3.20561658e-03
2.34900000e+04,2.01404192e-03,3.20470904e-03
2.35000000e+04,2.01344023e-03,3.20381885e-03
2.35100000e+04,2.01284737e-03,3.20291474e-03
2.35200000e+04,2.01225416e-03,3.20202638e-03
2.35300000e+04,2.01165694e-03,3.20113484e-03
2.35400000e+04,2.01105695e-03,3.20025116e-03
2.35500000e+04,2.01046655e-03,3.19935688e-03
2.35600000e+04,2.00987683e-03,3.19847690e-03
2.35700000e+04,2.00929749e-03,3.19758542e-03
2.35800000e+04,2.00869582e-03,3.19671584e-03
2.35900000e+04,2.00810774e-03,3.19581607e-03
2.36000000e+04,2.00752629e-03,3.19495612e-03
2.36100000e+04,2.00693989e-03,3.19407352e-03
2.36200000e+04,2.00636059e-03,3.19320666e-03
2.36300000e+04,2.00577547e-03,3.19233176e-03
2.36400000e+04,2.00520104e-03,3.19145485e-03
2.36500000e+04,2.00462186e-03,3.19059547e-03
2.36600000e+04,2.00404420e-03,3.18972873e-03
2.36700000e+04,2.00347220e-03,3.18886501e-03
2.36800000e+04,2.00289660e-03,3.18801202e-03
2.36900000e+04,2.00231958e-03,3.18714564e-03
2.37000000e+04,2.00174841e-03,3.18629479e-03
2.37100000e+04,2.00118207e-03,3.18543146e-03
2.37200000e+04,2.00061144e-03,3.18458340e-03
2.37300000e+04,2.00004268e-03,3.18372661e-03
2.37400000e+04,1.99948528e-03,3.18288377e-03
2.37500000e+04,1.99891348e-03,3.18203673e-03
2.37600000e+04,1.99834946e-03,3.18118704e-03
2.37700000e+04,1.99778443e-03,3.18034778e-03
2.37800000e+04,1.99722784e-03,3.17950884e-03
2.37900000e+04,1.99666790e-03,3.17866627e-03
2.38000000e+04,1.99611120e-03,3.17783839e-03
2.38100000e+04,1.99555286e-03,3.17700100e-03
2.38200000e+04,1.99499790e-03,3.17616160e-03
2.38300000e+04,1.99444353e-03,3.17533694e-03
2.38400000e+04,1.99388857e-03,3.17450389e-03
2.38500000e+04,1.99333906e-03,3.17367284e-03
2.38600000e+04,1.99279543e-03,3.17285336e-03
2.38700000e+04,1.99224475e-03,3.17203252e-03
2.38800000e+04,1.99168821e-03,3.17121184e-03
2.38900000e+04,1.99114785e-03,3.17038335e-03
2.39000000e+04,1.99059866e-03,3.16956476e-03
2.39100000e+04,1.99005283e-03,3.16874769e-03
2.39200000e+04,1.98950291e-03,3.16794241e-03
2.39300000e+04,1.98896325e-03,3.16712406e-03
2.39400000e+04,1.98842018e-03,3.16631439e-03
2.39500000e+04,1.98788260e-03,3.16550746e-03
2.39600000e+04,1.98734403e-03,3.16470553e-03
2.39700000e+04,1.98680528e-03,3.16388869e-03
2.39800000e+04,1.98626685e-03,3.16308504e-03
2.39900000e+04,1.98572704e-03,3.16228277e-03
2.40000000e+04,1.98519902e-03,3.16148160e-03
2.40100000e+04,1.98466300e-03,3.16068002e-03
2.40200000e+04,1.98412682e-03,3.15989023e-03
2.40300000e+04,1.98360040e-03,3.15908567e-03
2.40400000e+04,1.98306880e-03,3.15829593e-03
2.40500000e+04,1.98253409e-03,3.15750598e-03
2.40600000e+04,1.98200443e-03,3.15671224e-03
2.40700000e+04,1.98147689e-03,3.15591716e-03
2.40800000e+04,1.98095614e-03,3.15512723e-03
2.40900000e+04,1.98043010e-03,3.15435254e-03
2.41000000e+04,1.97990896e-03,3.15356028e-03
2.41100000e+04,1.97938253e-03,3.15277676e-03
2.41200000e+04,1.97886553e-03,3.15200105e-03
2.41300000e+04,1.97833808e-03,3.15121964e-03
2.41400000e+04,1.97781857e-03,3.15044867e-03
2.41500000e+04,1.97730654e-03,3.14967446e-03
2.41600000e+04,1.97678763e-03,3.14888849e-03
2.41700000e+04,1.97627507e-03,3.14812605e-03
2.41800000e+04,1.97575967e-03,3.14735863e-03
2.41900000e+04,1.97523604e-03,3.14659953e-03
2.42000000e+04,1.97472682e-03,3.14582494e-03
2.42100000e+04,1.97421353e-03,3.14506069e-03
2.42200000e+04,1.97370625e-03,3.14430249e-03
2.42300000e+04,1.97319801e-03,3.14354182e-03
2.42400000e+04,1.97269195e-03,3.14277706e-03
2.42500000e+04,1.97218805e-03,3.14202803e-03
2.42600000e+04,1.97167896e-03,3.14126552e-03
2.42700000e+04,1.97117685e-03,3.14051553e-03
2.42800000e+04,1.97067851e-03,3.13975484e-03
2.42900000e+04,1.97017447e-03,3.13900532e-03
2.43000000e+04,1.96967577e-03,3.13826246e-03
2.43100000e+04,1.96917253e-03,3.13751197e-03
2.43200000e+04,1.96867931e-03,3.13676402e-03
2.43300000e+04,1.96818503e-03,3.13601295e-03
2.43400000e+04,1.96768437e-03,3.13527396e-03
2.43500000e+04,1.96719298e-03,3.13453421e-03
2.43600000e+04,1.96670211e-03,3.13379998e-03
2.43700000e+04,1.96620114e-03,3.13306130e-03
2.43800000e+04,1.96570983e-03,3.13232129e-03
2.43900000e+04,1.96522003e-03,3.13158822e-03
2.44000000e+04,1.96473089e-03,3.13085878e-03
2.44100000e+04,1.96424124e-03,3.13012194e-03
2.44200000e+04,1.96375874e-03,3.12939592e-03
2.44300000e+04,1.96326524e-03,3.12866505e-03
2.44400000e+04,1.96278367e-03,3.12793537e-03
2.44500000e+04,1.96230441e-03,3.12722367e-03
2.44600000e+04,1.96181497e-03,3.12649613e-03
2.44700000e+04,1.96133364e-03,3.12577316e-03
2.44800000e+04,1.96085693e-03,3.12505220e-03
2.44900000e+04,1.96037863e-03,3.12434237e-03
2.45000000e+04,1.95989545e-03,3.12362122e-03
2.45100000e+04,1.95941757e-03,3.12291534e-03
2.45200000e+04,1.95894677e-03,3.12219105e-03
2.45300000e+04,1.95846670e-03,3.12149343e-03
2.45400000e+04,1.95799527e-03,3.12078395e-03
2.45500000e+04,1.95752139e-03,3.12008261e-03
2.45600000e+04,1.95705114e-03,3.11935662e-03
2.45700000e+04,1.95658018e-03,3.11866614e-03
2.45800000e+04,1.95611166e-03,3.11796622e-03
2.45900000e+04,1.95564552e-03,3.11726485e-03
2.46000000e+04,1.95518503e-03,3.11656439e-03
2.46100000e+04,1.95471726e-03,3.11587966e-03
2.46200000e+04,1.95425242e-03,3.11517263e-03
2.46300000e+04,1.95379060e-03,3.11449598e-03
2.46400000e+04,1.95332975e-03,3.11380206e-03
2.46500000e+04,1.95287332e-03,3.11311609e-03
2.46600000e+04,1.95240717e-03,3.11243643e-03
2.46700000e+04,1.95194903e-03,3.11174338e-03
2.46800000e+04,1.95150018e-03,3.11106993e-03
2.46900000e+04,1.95103963e-03,3.11038952e-03
2.47000000e+04,1.95058903e-03,3.10970801e-03
2.47100000e+04,1.95014034e-03,3.10903919e-03
2.47200000e+04,1.94968414e-03,3.10836556e-03
2.47300000e+04,1.94924133e-03,3.10769018e-03
2.47400000e+04,1.94878592e-03,3.10701663e-03
2.47500000e+04,1.94833651e-03,3.10634075e-03
2.47600000e+04,1.94788790e-03,3.10567443e-03
2.47700000e+04,1.94743937e-03,3.10500813e-03
2.47800000e+04,1.94699512e-03,3.10434126e-03
2.47900000e+04,1.94655582e-03,3.10367481e-03
2.48000000e+04,1.94610296e-03,3.10300989e-03
2.48100000e+04,1.94566877e-03,3.10235197e-03
2.48200000e+04,1.94521844e-03,3.10168757e-03
2.48300000e+04,1.94477841e-03,3.10102959e-03
2.48400000e+04,1.94433633e-03,3.10037412e-03
2.48500000e+04,1.94389970e-03,3.09971064e-03
2.48600000e+04,1.94345572e-03,3.09905400e-03
2.48700000e+04,1.94301745e-03,3.09840108e-03
2.48800000e+04,1.94258059e-03,3.09774576e-03
2.48900000e+04,1.94214163e-03,3.09708748e-03
2.49000000e+04,1.94171016e-03,3.09644261e-03
2.49100000e+04,1.94127572e-03,3.09578792e-03
2.49200000e+04,1.94083995e-03,3.09514484e-03
2.49300000e+04,1.94040505e-03,3.09449928e-03
2.49400000e+04,1.93997630e-03,3.09385206e-03
2.49500000e+04,1.93954656e-03,3.09320894e-03
2.49600000e+04,1.93911076e-03,3.09255566e-03
2.49700000e+04,1.93867594e-03,3.09191406e-03
2.49800000e+04,1.93824558e-03,3.09127054e-03
2.49900000e+04,1.93781784e-03,3.09062174e-03
2.50000000e+04,1.93738659e-03,3.08998697e-03
2.50100000e+04,1.93695853e-03,3.08934656e-03
2.50200000e+04,1.93653488e-03,3.08871894e-03
2.50300000e+04,1.93610459e-03,3.08807168e-03
2.50400000e+04,1.93568585e-03,3.08743086e-03
2.50500000e+04,1.93525337e-03,3.08679409e-03
2.50600000e+04,1.93482514e-03,3.08616243e-03
2.50700000e+04,1.93440069e-03,3.08552713e-03
2.50800000e+04,1.93397536e-03,3.08489146e-03
2.50900000e+04,1.93355098e-03,3.08425096e-03
2.51000000e+04,1.93312763e-03,3.08362326e-03
2.51100000e+04,1.93270400e-03,3.08298376e-03
2.51200000e+04,1.93227520e-03,3.08236109e-03
2.51300000e+04,1.93185767e-03,3.08173116e-03
2.51400000e+04,1.93143424e-03,3.08108469e-03
2.51500000e+04,1.93101612e-03,3.08046535e-03
2.51600000e+04,1.93059670e-03,3.07983592e-03
2.51700000e+04,1.93017589e-03,3.07921220e-03
2.51800000e+04,1.92975316e-03,3.07858500e-03
2.51900000e+04,1.92934200e-03,3.07795103e-03
2.52000000e+04,1.92892287e-03,3.07733417e-03
2.52100000e+04,1.92849823e-03,3.07671177e-03
2.52200000e+04,1.92808291e-03,3.07609161e-03
2.52300000e+04,1.92767039e-03,3.07546748e-03
2.52400000e+04,1.92724813e-03,3.07485111e-03
2.52500000e+04,1.92684495e-03,3.07422453e-03
2.52600000e+04,1.92642883e-03,3.07360581e-03
2.52700000e+04,1.92601144e-03,3.07298482e-03
2.52800000e+04,1.92560197e-03,3.07237734e-03
2.52900000e+04,1.92519565e-03,3.07176395e-03
2.53000000e+04,1.92478254e-03,3.07115300e-03
2.53100000e+04,1.92437714e-03,3.07054204e-03
2.53200000e+04,1.92396563e-03,3.06993227e-03
2.53300000e+04,1.92355931e-03,3.06932660e-03
2.53400000e+04,1.92315403e-03,3.06870081e-03
2.53500000e+04,1.92274361e-03,3.06810971e-03
2.53600000e+04,1.92234448e-03,3.06749242e-03
2.53700000e+04,1.92193779e-03,3.06689032e-03
2.53800000e+04,1.92153324e-03,3.06629484e-03
2.53900000e+04,1.92113011e-03,3.06569396e-03
2.54000000e+04,1.92073490e-03,3.06509867e-03
2.54100000e+04,1.92033481e-03,3.06450276e-03
2.54200000e+04,1.91994174e-03,3.06390872e-03
2.54300000e+04,1.91953644e-03,3.06330278e-03
2.54400000e+04,1.91914215e-03,3.06271158e-03
2.54500000e+04,1.91875090e-03,3.06213059e-03
2.54600000e+04,1.91834808e-03,3.06153324e-03
2.54700000e+04,1.91795414e-03,3.06094084e-03
2.54800000e+04,1.91756056e-03,3.06035361e-03
2.54900000e+04,1.91717352e-03,3.05977024e-03
2.55000000e+04,1.91677875e-03,3.05918675e-03
2.55100000e+04,1.91639505e-03,3.05860418e-03
2.55200000e+04,1.91600055e-03,3.05802574e-03
2.55300000e+04,1.91561738e-03,3.05744458e-03
2.55400000e+04,1.91522472e-03,3.05685778e-03
2.55500000e+04,1.91483971e-03,3.05629690e-03
2.55600000e+04,1.91445732e-03,3.05570679e-03
2.55700000e+04,1.91406835e-03,3.05513263e-03
2.55800000e+04,1.91368675e-03,3.05455785e-03
2.55900000e+04,1.91329936e-03,3.05398730e-03
2.56000000e+04,1.91291807e-03,3.05340820e-03
2.56100000e+04,1.91254335e-03,3.05285069e-03
2.56200000e+04,1.91216286e-03,3.05228321e-03
2.56300000e+04,1.91178311e-03,3.05171691e-03
2.56400000e+04,1.91140821e-03,3.05115251e-03
2.56500000e+04,1.91103157e-03,3.05058349e-03
2.56600000e+04,1.91065488e-03,3.05002542e-03
2.56700000e+04,1.91027635e-03,3.04947258e-03
2.56800000e+04,1.90990451e-03,3.04891307e-03
2.56900000e+04,1.90953450e-03,3.04836176e-03
2.57000000e+04,1.90916370e-03,3.04780094e-03
2.57100000e+04,1.90879150e-03,3.04725002e-03
2.57200000e+04,1.90842629e-03,3.04670067e-03
2.57300000e+04,1.90806515e-03,3.04615531e-03
2.57400000e+04,1.90770048e-03,3.04560983e-03
2.57500000e+04,1.90733415e-03,3.04506962e-03
2.57600000e+04,1.90696727e-03,3.04452477e-03
2.57700000e+04,1.90661144e-03,3.04399987e-03
2.57800000e+04,1.90625071e-03,3.04345082e-03
2.57900000e+04,1.90588715e-03,3.04292944e-03
2.58000000e+04,1.90553367e-03,3.04238993e-03
2.58100000e+04,1.90518182e-03,3.04186066e-03
2.58200000e+04,1.90482968e-03,3.04132256e-03
2.58300000e+04,1.90447590e-03,3.04079545e-03
2.58400000e+04,1.90411884e-03,3.04025577e-03
2.58500000e+04,1.90376524e-03,3.03974940e-03
2.58600000e+04,1.90341296e-03,3.03921757e-03
2.58700000e+04,1.90306325e-03,3.03869539e-03
2.58800000e+04,1.90271137e-03,3.03816365e-03
2.58900000e+04,1.90236197e-03,3.03765041e-03
2.59000000e+04,1.90201426e-03,3.03712781e-03
2.59100000e+04,1.90166475e-03,3.03659994e-03
2.59200000e+04,1.90131756e-03,3.03608135e-03
2.59300000e+04,1.90097370e-03,3.03556643e-03
2.59400000e+04,1.90062891e-03,3.03504494e-03
2.59500000e+04,1.90028107e-03,3.03453358e-03
2.59600000e+04,1.89993456e-03,3.03401830e-03
2.59700000e+04,1.89958452e-03,3.03350009e-03
2.59800000e+04,1.89924337e-03,3.03298970e-03
2.59900000e+04,1.89889710e-03,3.03248265e-03
2.60000000e+04,1.89855738e-03,3.03197149e-03
2.60100000e+04,1.89820918e-03,3.03145515e-03
2.60200000e+04,1.89786348e-03,3.03094661e-03
2.60300000e+04,1.89752888e-03,3.03044166e-03
2.60400000e+04,1.89719671e-03,3.02992547e-03
2.60500000e+04,1.89685312e-03,3.02942775e-03
2.60600000e+04,1.89651585e-03,3.02891905e-03
2.60700000e+04,1.89617554e-03,3.02842578e-03
2.60800000e+04,1.89584173e-03,3.02791769e-03
2.60900000e+04,1.89551303e-03,3.02742010e-03
2.61000000e+04,1.89517278e-03,3.02691884e-03
2.61100000e+04,1.89483735e-03,3.02642367e-03
2.61200000e+04,1.89450717e-03,3.02592864e-03
2.61300000e+04,1.89417454e-03,3.02542881e-03
2.61400000e+04,1.89383951e-03,3.02493230e-03
2.61500000e+04,1.89351272e-03,3.02444739e-03
2.61600000e+04,1.89318047e-03,3.02395172e-03
2.61700000e+04,1.89285261e-03,3.02344833e-03
2.61800000e+04,1.89252543e-03,3.02295589e-03
2.61900000e+04,1.89218998e-03,3.02246574e-03
2.62000000e+04,1.89186550e-03,3.02198056e-03
2.62100000e+04,1.89153692e-03,3.02150277e-03
2.62200000e+04,1.89121262e-03,3.02100620e-03
2.62300000e+04,1.89088634e-03,3.02051535e-03
2.62400000e+04,1.89055962e-03,3.02003218e-03
2.62500000e+04,1.89023004e-03,3.01954501e-03
2.62600000e+04,1.88990647e-03,3.01905967e-03
2.62700000e+04,1.88957999e-03,3.01857301e-03
2.62800000e+04,1.88925831e-03,3.01809516e-03
2.62900000e+04,1.88893461e-03,3.01760942e-03
2.63000000e+04,1.88861881e-03,3.01713968e-03
2.63100000e+04,1.88829543e-03,3.01665641e-03
2.63200000e+04,1.88797060e-03,3.01616981e-03
2.63300000e+04,1.88765498e-03,3.01570338e-03
2.63400000e+04,1.88732498e-03,3.01521663e-03
2.63500000e+04,1.88701302e-03,3.01474884e-03
2.63600000e+04,1.88669436e-03,3.01426597e-03
2.63700000e+04,1.88638234e-03,3.01380109e-03
2.63800000e+04,1.88606165e-03,3.01333134e-03
2.63900000e+04,1.88574121e-03,3.01285190e-03
2.64000000e+04,1.88542979e-03,3.01239348e-03
2.64100000e+04,1.88511833e-03,3.01192803e-03
2.64200000e+04,1.88480214e-03,3.01145577e-03
2.64300000e+04,1.88449718e-03,3.01099500e-03
2.64400000e+04,1.88418601e-03,3.01053164e-03
2.64500000e+04,1.88387372e-03,3.01006901e-03
2.64600000e+04,1.88357249e-03,3.00961464e-03
2.64700000e+04,1.88326248e-03,3.00915682e-03
2.64800000e+04,1.88295322e-03,3.00869741e-03
2.64900000e+04,1.88265079e-03,3.00824053e-03
2.65000000e+04,1.88234655e-03,3.00778759e-03
2.65100000e+04,1.88204439e-03,3.00733706e-03
2.65200000e+04,1.88173613e-03,3.00688732e-03
2.65300000e+04,1.88143433e-03,3.00642672e-03
2.65400000e+04,1.88113350e-03,3.00597405e-03
2.65500000e+04,1.88082963e-03,3.00552795e-03
2.65600000e+04,1.88052348e-03,3.00507405e-03
2.65700000e+04,1.88022510e-03,3.00462944e-03
2.65800000e+04,1.87992628e-03,3.00417418e-03
2.65900000e+04,1.87962563e-03,3.00372847e-03
2.66000000e+04,1.87931710e-03,3.00329131e-03
2.66100000e+04,1.87902469e-03,3.00284478e-03
2.66200000e+04,1.87872467e-03,3.00239594e-03
2.66300000e+04,1.87842671e-03,3.00195301e-03
2.66400000e+04,1.87813232e-03,3.00150958e-03
2.66500000e+04,1.87783920e-03,3.00106691e-03
2.66600000e+04,1.87753903e-03,3.00063149e-03
2.66700000e+04,1.87723828e-03,3.00018239e-03
2.66800000e+04,1.87694542e-03,2.99974307e-03
2.66900000e+04,1.87665140e-03,2.99930133e-03
2.67000000e+04,1.87635647e-03,2.99886476e-03
2.67100000e+04,1.87606129e-03,2.99841985e-03
2.67200000e+04,1.87576355e-03,2.99798572e-03
2.67300000e+04,1.87547258e-03,2.99755759e-03
2.67400000e+04,1.87518285e-03,2.99712166e-03
2.67500000e+04,1.87489849e-03,2.99667490e-03
2.67600000e+04,1.87460259e-03,2.99625537e-03
2.67700000e+04,1.87431229e-03,2.99581654e-03
2.67800000e+04,1.87402094e-03,2.99538631e-03
2.67900000e+04,1.87373571e-03,2.99495776e-03
2.68000000e+04,1.87344807e-03,2.99452926e-03
2.68100000e+04,1.87316359e-03,2.99410537e-03
2.68200000e+04,1.87288068e-03,2.99367447e-03
2.68300000e+04,1.87259882e-03,2.99325174e-03
2.68400000e+04,1.87231255e-03,2.99282542e-03
2.68500000e+04,1.87203098e-03,2.99240543e-03
2.68600000e+04,1.87174481e-03,2.99198594e-03
2.68700000e+04,1.87146493e-03,2.99157175e-03
2.68800000e+04,1.87118797e-03,2.99114398e-03
2.68900000e+04,1.87089613e-03,2.99072968e-03
2.69000000e+04,1.87062094e-03,2.99031464e-03
2.69100000e+04,1.87034451e-03,2.98990807e-03
2.69200000e+04,1.87006343e-03,2.98947810e-03
2.69300000e+04,1.86978991e-03,2.98906867e-03
2.69400000e+04,1.86950419e-03,2.98864665e-03
2.69500000e+04,1.86922977e-03,2.98823394e-03
2.69600000e+04,1.86895187e-03,2.98782301e-03
2.69700000e+04,1.86867608e-03,2.98741236e-03
2.69800000e+04,1.86840065e-03,2.98699526e-03
2.69900000e+04,1.86812401e-03,2.98658396e-03
2.70000000e+04,1.86784135e-03,2.98617735e-03
2.70100000e+04,1.86757116e-03,2.98577023e-03
2.70200000e+04,1.86730382e-03,2.98535508e-03
2.70300000e+04,1.86703093e-03,2.98494849e-03
2.70400000e+04,1.86675987e-03,2.98454783e-03
2.70500000e+04,1.86648568e-03,2.98413823e-03
2.70600000e+04,1.86621326e-03,2.98374178e-03
2.70700000e+04,1.86594250e-03,2.98333772e-03
2.70800000e+04,1.86567444e-03,2.98292743e-03
2.70900000e+04,1.86540105e-03,2.98253553e-03
2.71000000e+04,1.86513329e-03,2.98212198e-03
2.71100000e+04,1.86486931e-03,2.98173110e-03
2.71200000e+04,1.86459920e-03,2.98133731e-03
2.71300000e+04,1.86433180e-03,2.98094504e-03
2.71400000e+04,1.86407245e-03,2.98054818e-03
2.71500000e+04,1.86380457e-03,2.98016089e-03
2.71600000e+04,1.86354730e-03,2.97976533e-03
2.71700000e+04,1.86328648e-03,2.97937516e-03
2.71800000e+04,1.86303059e-03,2.97899199e-03
2.71900000e+04,1.86276567e-03,2.97860193e-03
2.72000000e+04,1.86251174e-03,2.97821886e-03
2.72100000e+04,1.86225821e-03,2.97784434e-03
2.72200000e+04,1.86200134e-03,2.97747146e-03
2.72300000e+04,1.86174885e-03,2.97710292e-03
2.72400000e+04,1.86150384e-03,2.97672450e-03
2.72500000e+04,1.86125479e-03,2.97635970e-03
2.72600000e+04,1.86101534e-03,2.97599366e-03
2.72700000e+04,1.86076672e-03,2.97562924e-03
2.72800000e+04,1.86051935e-03,2.97525829e-03
2.72900000e+04,1.86028000e-03,2.97490598e-03
2.73000000e+04,1.86003218e-03,2.97454596e-03
2.73100000e+04,1.85979238e-03,2.97419097e-03
2.73200000e+04,1.85954654e-03,2.97382894e-03
2.73300000e+04,1.85931086e-03,2.97347181e-03
2.73400000e+04,1.85907533e-03,2.97312131e-03
2.73500000e+04,1.85883646e-03,2.97275976e-03
2.73600000e+04,1.85859247e-03,2.97239803e-03
2.73700000e+04,1.85835323e-03,2.97205016e-03
2.73800000e+04,1.85812056e-03,2.97168754e-03
2.73900000e+04,1.85787480e-03,2.97132805e-03
2.74000000e+04,1.85763888e-03,2.97097917e-03
2.74100000e+04,1.85740695e-03,2.97062508e-03
2.74200000e+04,1.85716649e-03,2.97027675e-03
2.74300000e+04,1.85693325e-03,2.96992196e-03
2.74400000e+04,1.85669086e-03,2.96957234e-03
2.74500000e+04,1.85645639e-03,2.96922249e-03
2.74600000e+04,1.85622458e-03,2.96887277e-03
2.74700000e+04,1.85599220e-03,2.96852777e-03
2.74800000e+04,1.85575533e-03,2.96817617e-03
2.74900000e+04,1.85551592e-03,2.96782554e-03
2.75000000e+04,1.85528614e-03,2.96747425e-03
2.75100000e+04,1.85505689e-03,2.96713115e-03
2.75200000e+04,1.85482154e-03,2.96678356e-03
2.75300000e+04,1.85458700e-03,2.96644504e-03
2.75400000e+04,1.85435095e-03,2.96608749e-03
2.75500000e+04,1.85412356e-03,2.96575582e-03
2.75600000e+04,1.85389985e-03,2.96540743e-03
2.75700000e+04,1.85365784e-03,2.96506421e-03
2.75800000e+04,1.85342830e-03,2.96472112e-03
2.75900000e+04,1.85319568e-03,2.96437931e-03
2.76000000e+04,1.85296888e-03,2.96402852e-03
2.76100000e+04,1.85273865e-03,2.96369690e-03
2.76200000e+04,1.85250292e-03,2.96335119e-03
2.76300000e+04,1.85228328e-03,2.96301147e-03
2.76400000e+04,1.85205919e-03,2.96267035e-03
2.76500000e+04,1.85182956e-03,2.96233302e-03
2.76600000e+04,1.85160549e-03,2.96199945e-03
2.76700000e+04,1.85137548e-03,2.96166728e-03
2.76800000e+04,1.85115061e-03,2.96133141e-03
2.76900000e+04,1.85092744e-03,2.96099987e-03
2.77000000e+04,1.85070268e-03,2.96067477e-03
2.77100000e+04,1.85048280e-03,2.96033635e-03
2.77200000e+04,1.85026060e-03,2.96000481e-03
2.77300000e+04,1.85004339e-03,2.95968117e-03
2.77400000e+04,1.84982035e-03,2.95935360e-03
2.77500000e+04,1.84960137e-03,2.95902501e-03
2.77600000e+04,1.84938171e-03,2.95869978e-03
2.77700000e+04,1.84916503e-03,2.95838474e-03
2.77800000e+04,1.84895071e-03,2.95805697e-03
2.77900000e+04,1.84873436e-03,2.95773524e-03
2.78000000e+04,1.84851290e-03,2.95741357e-03
2.78100000e+04,1.84830044e-03,2.95708652e-03
2.78200000e+04,1.84808113e-03,2.95676409e-03
2.78300000e+04,1.84786932e-03,2.95644856e-03
2.78400000e+04,1.84764313e-03,2.95612648e-03
2.78500000e+04,1.84742810e-03,2.95580238e-03
2.78600000e+04,1.84722211e-03,2.95547924e-03
2.78700000e+04,1.84700345e-03,2.95516607e-03
2.78800000e+04,1.84678699e-03,2.95483424e-03
2.78900000e+04,1.84657638e-03,2.95451662e-03
2.79000000e+04,1.84635789e-03,2.95420052e-03
2.79100000e+04,1.84614553e-03,2.95388525e-03
2.79200000e+04,1.84593135e-03,2.95356604e-03
2.79300000e+04,1.84571990e-03,2.95324644e-03
2.79400000e+04,1.84550740e-03,2.95293095e-03
2.79500000e+04,1.84529777e-03,2.95261307e-03
2.79600000e+04,1.84507843e-03,2.95230512e-03
2.79700000e+04,1.84486520e-03,2.95198789e-03
2.79800000e+04,1.84465703e-03,2.95167310e-03
2.79900000e+04,1.84444113e-03,2.95136198e-03
2.80000000e+04,1.84422819e-03,2.95103999e-03
2.80100000e+04,1.84401572e-03,2.95073185e-03
2.80200000e+04,1.84381095e-03,2.95041777e-03
2.80300000e+04,1.84359950e-03,2.95009989e-03
2.80400000e+04,1.84338903e-03,2.94979528e-03
2.80500000e+04,1.84318006e-03,2.94947732e-03
2.80600000e+04,1.84296738e-03,2.94915731e-03
2.80700000e+04,1.84276159e-03,2.94885536e-03
2.80800000e+04,1.84254931e-03,2.94853392e-03
2.80900000e+04,1.84233605e-03,2.94823658e-03
2.81000000e+04,1.84212517e-03,2.94792023e-03
2.81100000e+04,1.84192080e-03,2.94760097e-03
2.81200000e+04,1.84170740e-03,2.94729398e-03
2.81300000e+04,1.84150229e-03,2.94697694e-03
2.81400000e+04,1.84129245e-03,2.94667461e-03
2.81500000e+04,1.84108497e-03,2.94636322e-03
2.81600000e+04,1.84086724e-03,2.94604727e-03
2.81700000e+04,1.84066260e-03,2.94573289e-03
2.81800000e+04,1.84045459e-03,2.94543258e-03
2.81900000e+04,1.84024730e-03,2.94511714e-03
2.82000000e+04,1.84004373e-03,2.94481069e-03
2.82100000e+04,1.83983367e-03,2.94450464e-03
2.82200000e+04,1.83962297e-03,2.94419033e-03
2.82300000e+04,1.83941875e-03,2.94388307e-03
2.82400000e+04,1.83920478e-03,2.94356802e-03
2.82500000e+04,1.83899612e-03,2.94325725e-03
2.82600000e+04,1.83879439e-03,2.94295874e-03
2.82700000e+04,1.83858415e-03,2.94264962e-03
2.82800000e+04,1.83837124e-03,2.94234397e-03
2.82900000e+04,1.83817151e-03,2.94203087e-03
2.83000000e+04,1.83796333e-03,2.94172527e-03
2.83100000e+04,1.83775039e-03,2.94141778e-03
2.83200000e+04,1.83754729e-03,2.94111265e-03
2.83300000e+04,1.83734415e-03,2.94080655e-03
2.83400000e+04,1.83714112e-03,2.94049727e-03
2.83500000e+04,1.83693103e-03,2.94019733e-03
2.83600000e+04,1.83672929e-03,2.93988608e-03
2.83700000e+04,1.83652501e-03,2.93958379e-03
2.83800000e+04,1.83631825e-03,2.93927909e-03
2.83900000e+04,1.83611416e-03,2.93896860e-03
2.84000000e+04,1.83591331e-03,2.93865876e-03
2.84100000e+04,1.83570364e-03,2.93836732e-03
2.84200000e+04,1.83549814e-03,2.93806184e-03
2.84300000e+04,1.83528439e-03,2.93775757e-03
2.84400000e+04,1.83508827e-03,2.93745166e-03
2.84500000e+04,1.83488829e-03,2.93714639e-03
2.84600000e+04,1.83467829e-03,2.93684482e-03
2.84700000e+04,1.83447832e-03,2.93653563e-03
2.84800000e+04,1.83427231e-03,2.93623850e-03
2.84900000e+04,1.83407337e-03,2.93593414e-03
2.85000000e+04,1.83386838e-03,2.93564003e-03
2.85100000e+04,1.83366601e-03,2.93534009e-03
2.85200000e+04,1.83347337e-03,2.93504795e-03
2.85300000e+04,1.83326778e-03,2.93474161e-03
2.85400000e+04,1.83306610e-03,2.93444320e-03
2.85500000e+04,1.83286769e-03,2.93414835e-03
2.85600000e+04,1.83266858e-03,2.93384783e-03
2.85700000e+04,1.83246496e-03,2.93355412e-03
2.85800000e+04,1.83226392e-03,2.93325432e-03
2.85900000e+04,1.83206925e-03,2.93295803e-03
2.86000000e+04,1.83186922e-03,2.93265730e-03
2.86100000e+04,1.83166616e-03,2.93235910e-03
2.86200000e+04,1.83147117e-03,2.93207605e-03
2.86300000e+04,1.83126714e-03,2.93177548e-03
2.86400000e+04,1.83107008e-03,2.93148283e-03
2.86500000e+04,1.83087331e-03,2.93118942e-03
2.86600000e+04,1.83067063e-03,2.93088659e-03
2.86700000e+04,1.83047438e-03,2.93060523e-03
2.86800000e+04,1.83028322e-03,2.93030054e-03
2.86900000e+04,1.83008033e-03,2.93002209e-03
2.87000000e+04,1.82988228e-03,2.92972052e-03
2.87100000e+04,1.82969564e-03,2.92942794e-03
2.87200000e+04,1.82949163e-03,2.92913556e-03
2.87300000e+04,1.82929999e-03,2.92884492e-03
2.87400000e+04,1.82910199e-03,2.92855287e-03
2.87500000e+04,1.82891157e-03,2.92826770e-03
2.87600000e+04,1.82871898e-03,2.92798007e-03
2.87700000e+04,1.82852492e-03,2.92768987e-03
2.87800000e+04,1.82833794e-03,2.92740991e-03
2.87900000e+04,1.82814401e-03,2.92712945e-03
2.88000000e+04,1.82795358e-03,2.92685012e-03
2.88100000e+04,1.82776716e-03,2.92656472e-03
2.88200000e+04,1.82757922e-03,2.92628568e-03
2.88300000e+04,1.82739126e-03,2.92601151e-03
2.88400000e+04,1.82720474e-03,2.92573763e-03
2.88500000e+04,1.82702246e-03,2.92545912e-03
2.88600000e+04,1.82683582e-03,2.92518944e-03
2.88700000e+04,1.82665234e-03,2.92491930e-03
2.88800000e+04,1.82647003e-03,2.92464030e-03
2.88900000e+04,1.82628741e-03,2.92436517e-03
2.89000000e+04,1.82609797e-03,2.92409585e-03
2.89100000e+04,1.82592093e-03,2.92381893e-03
2.89200000e+04,1.82573876e-03,2.92355007e-03
2.89300000e+04,1.82555670e-03,2.92327478e-03
2.89400000e+04,1.82536414e-03,2.92299708e-03
2.89500000e+04,1.82517942e-03,2.92273243e-03
2.89600000e+04,1.82500544e-03,2.92245622e-03
2.89700000e+04,1.82482229e-03,2.92218906e-03
2.89800000e+04,1.82464015e-03,2.92191620e-03
2.89900000e+04,1.82445417e-03,2.92164508e-03
2.90000000e+04,1.82427769e-03,2.92137921e-03
2.90100000e+04,1.82409642e-03,2.92111162e-03
2.90200000e+04,1.82390965e-03,2.92083950e-03
2.90300000e+04,1.82373547e-03,2.92057039e-03
2.90400000e+04,1.82355136e-03,2.92030344e-03
2.90500000e+04,1.82337508e-03,2.92003872e-03
2.90600000e+04,1.82319486e-03,2.91977015e-03
2.90700000e+04,1.82300897e-03,2.91950445e-03
2.90800000e+04,1.82283053e-03,2.91923243e-03
2.90900000e+04,1.82265046e-03,2.91896398e-03
2.91000000e+04,1.82247141e-03,2.91869293e-03
2.91100000e+04,1.82229434e-03,2.91843468e-03
2.91200000e+04,1.82211246e-03,2.91815963e-03
2.91300000e+04,1.82193702e-03,2.91790199e-03
2.91400000e+04,1.82175681e-03,2.91763879e-03
2.91500000e+04,1.82157646e-03,2.91737942e-03
2.91600000e+04,1.82140361e-03,2.91710935e-03
2.91700000e+04,1.82122833e-03,2.91684248e-03
2.91800000e+04,1.82104367e-03,2.91659107e-03
2.91900000e+04,1.82087551e-03,2.91631825e-03
2.92000000e+04,1.82069592e-03,2.91606241e-03
2.92100000e+04,1.82052343e-03,2.91579700e-03
2.92200000e+04,1.82034598e-03,2.91553442e-03
2.92300000e+04,1.82016731e-03,2.91527546e-03
2.92400000e+04,1.81999714e-03,2.91501294e-03
2.92500000e+04,1.81981859e-03,2.91475460e-03
2.92600000e+04,1.81964730e-03,2.91449486e-03
2.92700000e+04,1.81947044e-03,2.91422750e-03
2.92800000e+04,1.81929192e-03,2.91397309e-03
2.92900000e+04,1.81912124e-03,2.91370509e-03
2.93000000e+04,1.81894444e-03,2.91345305e-03
2.93100000e+04,1.81877704e-03,2.91319049e-03
2.93200000e+04,1.81860098e-03,2.91294660e-03
2.93300000e+04,1.81842577e-03,2.91267975e-03
2.93400000e+04,1.81825997e-03,2.91242468e-03
2.93500000e+04,1.81809012e-03,2.91217267e-03
2.93600000e+04,1.81792657e-03,2.91192194e-03
2.93700000e+04,1.81775288e-03,2.91166152e-03
2.93800000e+04,1.81758226e-03,2.91141612e-03
2.93900000e+04,1.81741372e-03,2.91116073e-03
2.94000000e+04,1.81724296e-03,2.91091765e-03
2.94100000e+04,1.81707805e-03,2.91066917e-03
2.94200000e+04,1.81691471e-03,2.91042769e-03
2.94300000e+04,1.81675744e-03,2.91018542e-03
2.94400000e+04,1.81659024e-03,2.90994658e-03
2.94500000e+04,1.81643543e-03,2.90970609e-03
2.94600000e+04,1.81628313e-03,2.90947800e-03
2.94700000e+04,1.81613071e-03,2.90924717e-03
2.94800000e+04,1.81597291e-03,2.90902414e-03
2.94900000e+04,1.81582459e-03,2.90880178e-03
2.95000000e+04,1.81568416e-03,2.90858174e-03
2.95100000e+04,1.81553345e-03,2.90836769e-03
2.95200000e+04,1.81538102e-03,2.90814789e-03
2.95300000e+04,1.81523847e-03,2.90794295e-03
2.95400000e+04,1.81509987e-03,2.90772595e-03
2.95500000e+04,1.81495958e-03,2.90751204e-03
2.95600000e+04,1.81481701e-03,2.90729900e-03
2.95700000e+04,1.81467291e-03,2.90709146e-03
2.95800000e+04,1.81452915e-03,2.90688324e-03
2.95900000e+04,1.81438818e-03,2.90667191e-03
2.96000000e+04,1.81424294e-03,2.90645831e-03
2.96100000e+04,1.81410059e-03,2.90625094e-03
2.96200000e+04,1.81395739e-03,2.90602782e-03
2.96300000e+04,1.81381637e-03,2.90582464e-03
2.96400000e+04,1.81367510e-03,2.90561082e-03
2.96500000e+04,1.81353556e-03,2.90540112e-03
2.96600000e+04,1.81339161e-03,2.90519552e-03
2.96700000e+04,1.81325139e-03,2.90497266e-03
2.96800000e+04,1.81311084e-03,2.90475947e-03
2.96900000e+04,1.81296776e-03,2.90456708e-03
2.97000000e+04,1.81283183e-03,2.90435358e-03
2.97100000e+04,1.81268634e-03,2.90414013e-03
2.97200000e+04,1.81254991e-03,2.90394048e-03
2.97300000e+04,1.81240369e-03,2.90372979e-03
2.97400000e+04,1.81226707e-03,2.90352094e-03
2.97500000e+04,1.81213122e-03,2.90331809e-03
2.97600000e+04,1.81198612e-03,2.90309750e-03
2.97700000e+04,1.81184627e-03,2.90290019e-03
2.97800000e+04,1.81170371e-03,2.90268812e-03
2.97900000e+04,1.81156873e-03,2.90247596e-03
2.98000000e+04,1.81142562e-03,2.90226849e-03
2.98100000e+04,1.81128880e-03,2.90205941e-03
2.98200000e+04,1.81114976e-03,2.90185380e-03
2.98300000e+04,1.81100791e-03,2.90166015e-03
2.98400000e+04,1.81086827e-03,2.90144600e-03
2.98500000e+04,1.81074045e-03,2.90124690e-03
2.98600000e+04,1.81060208e-03,2.90103281e-03
2.98700000e+04,1.81046300e-03,2.90084601e-03
2.98800000e+04,1.81033105e-03,2.90063427e-03
2.98900000e+04,1.81019100e-03,2.90043137e-03
2.99000000e+04,1.81005555e-03,2.90022750e-03
2.99100000e+04,1.80991676e-03,2.90002984e-03
2.99200000e+04,1.80978333e-03,2.89983321e-03
2.99300000e+04,1.80963877e-03,2.89963046e-03
2.99400000e+04,1.80950647e-03,2.89942084e-03
2.99500000e+04,1.80936899e-03,2.89921675e-03
2.99600000e+04,1.80923939e-03,2.89901686e-03
2.99700000e+04,1.80910232e-03,2.89882813e-03
2.99800000e+04,1.80896703e-03,2.89861087e-03
2.99900000e+04,1.80883201e-03,2.89841366e-03
3.00000000e+04,1.80869184e-03,2.89820966e-03
3.00100000e+04,1.80856146e-03,2.89801243e-03
3.00200000e+04,1.80841813e-03,2.89781240e-03
3.00300000e+04,1.80828744e-03,2.89762132e-03
3.00400000e+04,1.80814854e-03,2.89740614e-03
3.00500000e+04,1.80801599e-03,2.89721570e-03
3.00600000e+04,1.80788662e-03,2.89701152e-03
3.00700000e+04,1.80775426e-03,2.89681485e-03
3.00800000e+04,1.80761606e-03,2.89661519e-03
3.00900000e+04,1.80748244e-03,2.89642224e-03
3.01000000e+04,1.80734627e-03,2.89621837e-03
3.01100000e+04,1.80721988e-03,2.89601981e-03
3.01200000e+04,1.80708033e-03,2.89582164e-03
3.01300000e+04,1.80695073e-03,2.89563077e-03
3.01400000e+04,1.80681504e-03,2.89542528e-03
3.01500000e+04,1.80668343e-03,2.89523466e-03
3.01600000e+04,1.80654959e-03,2.89503559e-03
3.01700000e+04,1.80641563e-03,2.89483012e-03
3.01800000e+04,1.80629165e-03,2.89463472e-03
3.01900000e+04,1.80615138e-03,2.89444368e-03
3.02000000e+04,1.80602538e-03,2.89423866e-03
3.02100000e+04,1.80589029e-03,2.89404241e-03
3.02200000e+04,1.80576098e-03,2.89386303e-03
3.02300000e+04,1.80563059e-03,2.89366147e-03
3.02400000e+04,1.80550227e-03,2.89347365e-03
3.02500000e+04,1.80537743e-03,2.89328748e-03
3.02600000e+04,1.80524829e-03,2.89309594e-03
3.02700000e+04,1.80511378e-03,2.89291060e-03
3.02800000e+04,1.80499690e-03,2.89271666e-03
3.02900000e+04,1.80487431e-03,2.89254556e-03
3.03000000e+04,1.80475324e-03,2.89236321e-03
3.03100000e+04,1.80462962e-03,2.89218462e-03
3.03200000e+04,1.80450654e-03,2.89199315e-03
3.03300000e+04,1.80438737e-03,2.89181976e-03
3.03400000e+04,1.80427098e-03,2.89164846e-03
3.03500000e+04,1.80414408e-03,2.89146192e-03
3.03600000e+04,1.80403212e-03,2.89128671e-03
3.03700000e+04,1.80390560e-03,2.89111603e-03
3.03800000e+04,1.80378587e-03,2.89093934e-03
3.03900000e+04,1.80366318e-03,2.89075176e-03
3.04000000e+04,1.80354861e-03,2.89057313e-03
3.04100000e+04,1.80342847e-03,2.89039344e-03
3.04200000e+04,1.80330841e-03,2.89022663e-03
3.04300000e+04,1.80318670e-03,2.89004802e-03
3.04400000e+04,1.80307159e-03,2.88986451e-03
3.04500000e+04,1.80295665e-03,2.88968896e-03
3.04600000e+04,1.80284197e-03,2.88951820e-03
3.04700000e+04,1.80271352e-03,2.88933607e-03
3.04800000e+04,1.80259637e-03,2.88915740e-03
3.04900000e+04,1.80247993e-03,2.88898409e-03
3.05000000e+04,1.80235615e-03,2.88881411e-03
3.05100000e+04,1.80224109e-03,2.88863518e-03
3.05200000e+04,1.80212942e-03,2.88845960e-03
3.05300000e+04,1.80200727e-03,2.88828580e-03
3.05400000e+04,1.80188925e-03,2.88810873e-03
3.05500000e+04,1.80176724e-03,2.88792694e-03
3.05600000e+04,1.80164984e-03,2.88775782e-03
3.05700000e+04,1.80153528e-03,2.88758066e-03
3.05800000e+04,1.80141365e-03,2.88741890e-03
3.05900000e+04,1.80129741e-03,2.88723367e-03
3.06000000e+04,1.80118385e-03,2.88705422e-03
3.06100000e+04,1.80106070e-03,2.88687815e-03
3.06200000e+04,1.80095266e-03,2.88671517e-03
3.06300000e+04,1.80083005e-03,2.88653467e-03
3.06400000e+04,1.80071897e-03,2.88636655e-03
3.06500000e+04,1.80059625e-03,2.88618631e-03
3.06600000e+04,1.80047887e-03,2.88601121e-03
3.06700000e+04,1.80036051e-03,2.88583037e-03
3.06800000e+04,1.80024245e-03,2.88566531e-03
3.06900000e+04,1.80012475e-03,2.88549300e-03
3.07000000e+04,1.80000626e-03,2.88532277e-03
3.07100000e+04,1.79989286e-03,2.88514110e-03
3.07200000e+04,1.79978275e-03,2.88498274e-03
3.07300000e+04,1.79966281e-03,2.88481111e-03
3.07400000e+04,1.79954142e-03,2.88463842e-03
3.07500000e+04,1.79943728e-03,2.88446798e-03
3.07600000e+04,1.79931761e-03,2.88429444e-03
3.07700000e+04,1.79920903e-03,2.88412494e-03
3.07800000e+04,1.79909261e-03,2.88396131e-03
3.07900000e+04,1.79898230e-03,2.88378635e-03
3.08000000e+04,1.79886833e-03,2.88362407e-03
3.08100000e+04,1.79875006e-03,2.88345384e-03
3.08200000e+04,1.79864457e-03,2.88328582e-03
3.08300000e+04,1.79852742e-03,2.88311245e-03
3.08400000e+04,1.79841630e-03,2.88294769e-03
3.08500000e+04,1.79830370e-03,2.88278834e-03
3.08600000e+04,1.79818365e-03,2.88261479e-03
3.08700000e+04,1.79807677e-03,2.88244391e-03
3.08800000e+04,1.79796756e-03,2.88228109e-03
3.08900000e+04,1.79784900e-03,2.88210795e-03
3.09000000e+04,1.79774019e-03,2.88194638e-03
3.09100000e+04,1.79763001e-03,2.88178404e-03
3.09200000e+04,1.79751451e-03,2.88160982e-03
3.09300000e+04,1.79740399e-03,2.88144864e-03
3.09400000e+04,1.79729003e-03,2.88128278e-03
3.09500000e+04,1.79717557e-03,2.88111385e-03
3.09600000e+04,1.79706352e-03,2.88094590e-03
3.09700000e+04,1.79695305e-03,2.88078036e-03
3.09800000e+04,1.79684036e-03,2.88061186e-03
3.09900000e+04,1.79673141e-03,2.88044600e-03
3.10000000e+04,1.79661678e-03,2.88028303e-03
3.10100000e+04,1.79651015e-03,2.88011608e-03
3.10200000e+04,1.79639737e-03,2.87995691e-03
3.10300000e+04,1.79627933e-03,2.87978977e-03
3.10400000e+04,1.79616888e-03,2.87962409e-03
3.10500000e+04,1.79606022e-03,2.87944972e-03
3.10600000e+04,1.79595303e-03,2.87929675e-03
3.10700000e+04,1.79583953e-03,2.87913279e-03
3.10800000e+04,1.79573047e-03,2.87895840e-03
3.10900000e+04,1.79561813e-03,2.87879513e-03
3.11000000e+04,1.79550749e-03,2.87862924e-03
3.11100000e+04,1.79540156e-03,2.87847313e-03
3.11200000e+04,1.79528522e-03,2.87830578e-03
3.11300000e+04,1.79517877e-03,2.87814594e-03
3.11400000e+04,1.79507081e-03,2.87798108e-03
3.11500000e+04,1.79495996e-03,2.87782161e-03
3.11600000e+04,1.79484950e-03,2.87765093e-03
3.11700000e+04,1.79473397e-03,2.87748399e-03
3.11800000e+04,1.79463802e-03,2.87732609e-03
3.11900000e+04,1.79452275e-03,2.87717080e-03
3.12000000e+04,1.79441044e-03,2.87700733e-03
3.12100000e+04,1.79430806e-03,2.87684362e-03
3.12200000e+04,1.79420791e-03,2.87669462e-03
3.12300000e+04,1.79410065e-03,2.87653629e-03
3.12400000e+04,1.79399479e-03,2.87638344e-03
3.12500000e+04,1.79389943e-03,2.87623420e-03
3.12600000e+04,1.79380328e-03,2.87610474e-03
3.12700000e+04,1.79370823e-03,2.87594373e-03
3.12800000e+04,1.79361419e-03,2.87580948e-03
3.12900000e+04,1.79351195e-03,2.87567437e-03
3.13000000e+04,1.79342875e-03,2.87553703e-03
3.13100000e+04,1.79332953e-03,2.87539382e-03
3.13200000e+04,1.79323918e-03,2.87525267e-03
3.13300000e+04,1.79314631e-03,2.87511677e-03
3.13400000e+04,1.79305422e-03,2.87498588e-03
3.13500000e+04,1.79295878e-03,2.87484626e-03
3.13600000e+04,1.79287215e-03,2.87470185e-03
3.13700000e+04,1.79277704e-03,2.87458050e-03
3.13800000e+04,1.79268570e-03,2.87443184e-03
3.13900000e+04,1.79258829e-03,2.87429531e-03
3.14000000e+04,1.79249976e-03,2.87415180e-03
3.14100000e+04,1.79240385e-03,2.87402055e-03
3.14200000e+04,1.79231651e-03,2.87387849e-03
3.14300000e+04,1.79221764e-03,2.87373875e-03
3.14400000e+04,1.79212645e-03,2.87360330e-03
3.14500000e+04,1.79203127e-03,2.87347277e-03
3.14600000e+04,1.79193889e-03,2.87334103e-03
3.14700000e+04,1.79185474e-03,2.87319685e-03
3.14800000e+04,1.79176019e-03,2.87306678e-03
3.14900000e+04,1.79166294e-03,2.87292659e-03
3.15000000e+04,1.79157472e-03,2.87279075e-03
3.15100000e+04,1.79148795e-03,2.87265860e-03
3.15200000e+04,1.79139140e-03,2.87252448e-03
3.15300000e+04,1.79130394e-03,2.87238121e-03
3.15400000e+04,1.79120922e-03,2.87224665e-03
3.15500000e+04,1.79111661e-03,2.87210858e-03
3.15600000e+04,1.79102352e-03,2.87197586e-03
3.15700000e+04,1.79092929e-03,2.87184076e-03
3.15800000e+04,1.79084618e-03,2.87170264e-03
3.15900000e+04,1.79075453e-03,2.87157042e-03
3.16000000e+04,1.79066166e-03,2.87143403e-03
3.16100000e+04,1.79057263e-03,2.87129835e-03
3.16200000e+04,1.79048560e-03,2.87116744e-03
3.16300000e+04,1.79039394e-03,2.87102906e-03
3.16400000e+04,1.79029717e-03,2.87089705e-03
3.16500000e+04,1.79020494e-03,2.87076531e-03
3.16600000e+04,1.79011529e-03,2.87062784e-03
3.16700000e+04,1.79002161e-03,2.87048960e-03
3.16800000e+04,1.78993814e-03,2.87036374e-03
3.16900000e+04,1.78984268e-03,2.87022465e-03
3.17000000e+04,1.78975098e-03,2.87009608e-03
3.17100000e+04,1.78966519e-03,2.86996203e-03
3.17200000e+04,1.78957531e-03,2.86981805e-03
3.17300000e+04,1.78948716e-03,2.86969327e-03
3.17400000e+04,1.78939338e-03,2.86956190e-03
3.17500000e+04,1.78930430e-03,2.86942002e-03
3.17600000e+04,1.78921191e-03,2.86928653e-03
3.17700000e+04,1.78912332e-03,2.86915724e-03
3.17800000e+04,1.78903395e-03,2.86901917e-03
3.17900000e+04,1.78893754e-03,2.86889127e-03
3.18000000e+04,1.78885926e-03,2.86875687e-03
3.18100000e+04,1.78876641e-03,2.86862595e-03
3.18200000e+04,1.78868166e-03,2.86849277e-03
3.18300000e+04,1.78859286e-03,2.86835960e-03
3.18400000e+04,1.78850450e-03,2.86823408e-03
3.18500000e+04,1.78841424e-03,2.86810505e-03
3.18600000e+04,1.78833507e-03,2.86797441e-03
3.18700000e+04,1.78823937e-03,2.86783796e-03
3.18800000e+04,1.78815870e-03,2.86771632e-03
3.18900000e+04,1.78806842e-03,2.86758886e-03
3.19000000e+04,1.78798020e-03,2.86746497e-03
3.19100000e+04,1.78789566e-03,2.86733359e-03
3.19200000e+04,1.78781220e-03,2.86720438e-03
3.19300000e+04,1.78772237e-03,2.86707014e-03
3.19400000e+04,1.78763470e-03,2.86695221e-03
3.19500000e+04,1.78755210e-03,2.86681953e-03
3.19600000e+04,1.78746263e-03,2.86669843e-03
3.19700000e+04,1.78738348e-03,2.86656572e-03
3.19800000e+04,1.78729164e-03,2.86643341e-03
3.19900000e+04,1.78720717e-03,2.86631520e-03
3.20000000e+04,1.78711924e-03,2.86618898e-03
3.20100000e+04,1.78703533e-03,2.86605743e-03
3.20200000e+04,1.78695052e-03,2.86592626e-03
3.20300000e+04,1.78687063e-03,2.86579800e-03
3.20400000e+04,1.78678001e-03,2.86568195e-03
3.20500000e+04,1.78669678e-03,2.86554942e-03
3.20600000e+04,1.78661459e-03,2.86542863e-03
3.20700000e+04,1.78652380e-03,2.86529043e-03
3.20800000e+04,1.78643676e-03,2.86517176e-03
3.20900000e+04,1.78635166e-03,2.86504287e-03
3.21000000e+04,1.78626878e-03,2.86491720e-03
3.21100000e+04,1.78618242e-03,2.86478995e-03
3.21200000e+04,1.78609831e-03,2.86465730e-03
3.21300000e+04,1.78601265e-03,2.86454165e-03
3.21400000e+04,1.78593126e-03,2.86440698e-03
3.21500000e+04,1.78584313e-03,2.86427559e-03
3.21600000e+04,1.78575420e-03,2.86415248e-03
3.21700000e+04,1.78567648e-03,2.86402559e-03
3.21800000e+04,1.78559080e-03,2.86390416e-03
3.21900000e+04,1.78550481e-03,2.86377959e-03
3.22000000e+04,1.78542084e-03,2.86365356e-03
3.22100000e+04,1.78533349e-03,2.86352188e-03
3.22200000e+04,1.78525162e-03,2.86339983e-03
3.22300000e+04,1.78516719e-03,2.86327497e-03
3.22400000e+04,1.78508430e-03,2.86314652e-03
3.22500000e+04,1.78499867e-03,2.86302713e-03
3.22600000e+04,1.78491462e-03,2.86290038e-03
3.22700000e+04,1.78483688e-03,2.86278198e-03
3.22800000e+04,1.78474608e-03,2.86265049e-03
3.22900000e+04,1.78465887e-03,2.86253000e-03
3.23000000e+04,1.78457695e-03,2.86240659e-03
3.23100000e+04,1.78449749e-03,2.86228055e-03
3.23200000e+04,1.78441106e-03,2.86215029e-03
3.23300000e+04,1.78432757e-03,2.86202478e-03
3.23400000e+04,1.78423817e-03,2.86190627e-03
3.23500000e+04,1.78415425e-03,2.86178227e-03
3.23600000e+04,1.78407761e-03,2.86165715e-03
3.23700000e+04,1.78399067e-03,2.86154226e-03
3.23800000e+04,1.78390911e-03,2.86140345e-03
3.23900000e+04,1.78382581e-03,2.86128206e-03
3.24000000e+04,1.78374914e-03,2.86116674e-03
3.24100000e+04,1.78365929e-03,2.86104191e-03
3.24200000e+04,1.78357810e-03,2.86091643e-03
3.24300000e+04,1.78349837e-03,2.86079336e-03
3.24400000e+04,1.78341049e-03,2.86067510e-03
3.24500000e+04,1.78333141e-03,2.86054911e-03
3.24600000e+04,1.78324451e-03,2.86043144e-03
3.24700000e+04,1.78316918e-03,2.86030908e-03
3.24800000e+04,1.78308837e-03,2.86018738e-03
3.24900000e+04,1.78301320e-03,2.86006171e-03
3.25000000e+04,1.78293174e-03,2.85995741e-03
3.25100000e+04,1.78285652e-03,2.85983445e-03
3.25200000e+04,1.78278521e-03,2.85973014e-03
3.25300000e+04,1.78270925e-03,2.85962338e-03
3.25400000e+04,1.78264645e-03,2.85952805e-03
3.25500000e+04,1.78257134e-03,2.85942253e-03
3.25600000e+04,1.78250302e-03,2.85931384e-03
3.25700000e+04,1.78242786e-03,2.85920627e-03
3.25800000e+04,1.78236115e-03,2.85910958e-03
3.25900000e+04,1.78229258e-03,2.85900467e-03
3.26000000e+04,1.78222168e-03,2.85890501e-03
3.26100000e+04,1.78215383e-03,2.85879167e-03
3.26200000e+04,1.78207998e-03,2.85869224e-03
3.26300000e+04,1.78201313e-03,2.85859221e-03
3.26400000e+04,1.78194103e-03,2.85849522e-03
3.26500000e+04,1.78187519e-03,2.85837962e-03
3.26600000e+04,1.78180302e-03,2.85828096e-03
3.26700000e+04,1.78173697e-03,2.85816945e-03
3.26800000e+04,1.78166103e-03,2.85806927e-03
3.26900000e+04,1.78159236e-03,2.85796917e-03
3.27000000e+04,1.78152021e-03,2.85786451e-03
3.27100000e+04,1.78145404e-03,2.85776245e-03
3.27200000e+04,1.78138611e-03,2.85765757e-03
3.27300000e+04,1.78131551e-03,2.85756165e-03
3.27400000e+04,1.78124046e-03,2.85744789e-03
3.27500000e+04,1.78117443e-03,2.85734409e-03
3.27600000e+04,1.78110346e-03,2.85724719e-03
3.27700000e+04,1.78103888e-03,2.85713717e-03
3.27800000e+04,1.78096811e-03,2.85703869e-03
3.27900000e+04,1.78089907e-03,2.85693732e-03
3.28000000e+04,1.78083060e-03,2.85683837e-03
3.28100000e+04,1.78076085e-03,2.85672140e-03
3.28200000e+04,1.78068799e-03,2.85663028e-03
3.28300000e+04,1.78062572e-03,2.85652571e-03
3.28400000e+04,1.78054805e-03,2.85642581e-03
3.28500000e+04,1.78048353e-03,2.85631366e-03
3.28600000e+04,1.78041705e-03,2.85620854e-03
3.28700000e+04,1.78034485e-03,2.85611408e-03
3.28800000e+04,1.78027813e-03,2.85601873e-03
3.28900000e+04,1.78020185e-03,2.85590944e-03
3.29000000e+04,1.78014250e-03,2.85580178e-03
3.29100000e+04,1.78007097e-03,2.85570958e-03
3.29200000e+04,1.78000558e-03,2.85560529e-03
3.29300000e+04,1.77993891e-03,2.85549826e-03
3.29400000e+04,1.77986585e-03,2.85540233e-03
3.29500000e+04,1.77979924e-03,2.85530079e-03
3.29600000e+04,1.77973047e-03,2.85519991e-03
3.29700000e+04,1.77966568e-03,2.85510789e-03
3.29800000e+04,1.77959647e-03,2.85500071e-03
3.29900000e+04,1.77953201e-03,2.85489233e-03
3.30000000e+04,1.77945938e-03,2.85479313e-03
3.30100000e+04,1.77938680e-03,2.85469177e-03
3.30200000e+04,1.77932334e-03,2.85459725e-03
3.30300000e+04,1.77925632e-03,2.85448966e-03
3.30400000e+04,1.77918860e-03,2.85439350e-03
3.30500000e+04,1.77911860e-03,2.85428636e-03
3.30600000e+04,1.77904795e-03,2.85418940e-03
3.30700000e+04,1.77898445e-03,2.85409376e-03
3.30800000e+04,1.77891349e-03,2.85399392e-03
3.30900000e+04,1.77885040e-03,2.85388752e-03
3.31000000e+04,1.77878785e-03,2.85378998e-03
3.31100000e+04,1.77871097e-03,2.85368753e-03
3.31200000e+04,1.77864274e-03,2.85358455e-03
3.31300000e+04,1.77857139e-03,2.85348746e-03
3.31400000e+04,1.77850696e-03,2.85339171e-03
3.31500000e+04,1.77843618e-03,2.85328123e-03
3.31600000e+04,1.77836842e-03,2.85318765e-03
3.31700000e+04,1.77830954e-03,2.85308917e-03
3.31800000e+04,1.77823625e-03,2.85297913e-03
3.31900000e+04,1.77816863e-03,2.85288763e-03
3.32000000e+04,1.77810591e-03,2.85279108e-03
3.32100000e+04,1.77803659e-03,2.85268709e-03
3.32200000e+04,1.77796956e-03,2.85258440e-03
3.32300000e+04,1.77789902e-03,2.85248221e-03
3.32400000e+04,1.77783269e-03,2.85238725e-03
3.32500000e+04,1.77776830e-03,2.85228730e-03
3.32600000e+04,1.77770069e-03,2.85218781e-03
3.32700000e+04,1.77763428e-03,2.85209052e-03
3.32800000e+04,1.77756773e-03,2.85198641e-03
3.32900000e+04,1.77750401e-03,2.85189820e-03
3.33000000e+04,1.77743677e-03,2.85178864e-03
3.33100000e+04,1.77737646e-03,2.85170667e-03
3.33200000e+04,1.77730903e-03,2.85159807e-03
3.33300000e+04,1.77723952e-03,2.85150664e-03
3.33400000e+04,1.77718021e-03,2.85142170e-03
3.33500000e+04,1.77711431e-03,2.85132325e-03
3.33600000e+04,1.77704763e-03,2.85122822e-03
3.33700000e+04,1.77699270e-03,2.85113073e-03
3.33800000e+04,1.77693325e-03,2.85103009e-03
3.33900000e+04,1.77686405e-03,2.85094322e-03
3.34000000e+04,1.77679753e-03,2.85084784e-03
3.34100000e+04,1.77673557e-03,2.85075439e-03
3.34200000e+04,1.77667662e-03,2.85065992e-03
3.34300000e+04,1.77661033e-03,2.85056549e-03
3.34400000e+04,1.77654712e-03,2.85048022e-03
3.34500000e+04,1.77648525e-03,2.85038214e-03
3.34600000e+04,1.77642287e-03,2.85028384e-03
3.34700000e+04,1.77636221e-03,2.85019372e-03
3.34800000e+04,1.77629318e-03,2.85009430e-03
3.34900000e+04,1.77623274e-03,2.85000328e-03
3.35000000e+04,1.77616318e-03,2.84990834e-03
3.35100000e+04,1.77611098e-03,2.84981645e-03
3.35200000e+04,1.77604172e-03,2.84972151e-03
3.35300000e+04,1.77597852e-03,2.84963017e-03
3.35400000e+04,1.77591343e-03,2.84953628e-03
3.35500000e+04,1.77584733e-03,2.84944105e-03
3.35600000e+04,1.77578481e-03,2.84934277e-03
3.35700000e+04,1.77572422e-03,2.84925837e-03
3.35800000e+04,1.77566036e-03,2.84916398e-03
3.35900000e+04,1.77559784e-03,2.84905954e-03
3.36000000e+04,1.77553980e-03,2.84897762e-03
3.36100000e+04,1.77546949e-03,2.84888381e-03
3.36200000e+04,1.77540578e-03,2.84878802e-03
3.36300000e+04,1.77535013e-03,2.84869019e-03
3.36400000e+04,1.77528650e-03,2.84859844e-03
3.36500000e+04,1.77522715e-03,2.84850954e-03
3.36600000e+04,1.77515962e-03,2.84841191e-03
3.36700000e+04,1.77509891e-03,2.84831622e-03
3.36800000e+04,1.77503550e-03,2.84823333e-03
3.36900000e+04,1.77496765e-03,2.84813734e-03
3.37000000e+04,1.77491178e-03,2.84803838e-03
3.37100000e+04,1.77484627e-03,2.84794949e-03
3.37200000e+04,1.77478512e-03,2.84785642e-03
3.37300000e+04,1.77472255e-03,2.84775990e-03
3.37400000e+04,1.77465613e-03,2.84766505e-03
3.37500000e+04,1.77459815e-03,2.84757740e-03
3.37600000e+04,1.77453241e-03,2.84748529e-03
3.37700000e+04,1.77447357e-03,2.84738652e-03
3.37800000e+04,1.77441384e-03,2.84730506e-03
3.37900000e+04,1.77435105e-03,2.84720706e-03
3.38000000e+04,1.77428732e-03,2.84711727e-03
3.38100000e+04,1.77423152e-03,2.84702305e-03
3.38200000e+04,1.77416644e-03,2.84693106e-03
3.38300000e+04,1.77410423e-03,2.84683591e-03
3.38400000e+04,1.77404268e-03,2.84674535e-03
3.38500000e+04,1.77398038e-03,2.84666047e-03
3.38600000e+04,1.77392169e-03,2.84656831e-03
3.38700000e+04,1.77385802e-03,2.84647509e-03
3.38800000e+04,1.77379428e-03,2.84638713e-03
3.38900000e+04,1.77373830e-03,2.84629689e-03
3.39000000e+04,1.77367993e-03,2.84620098e-03
3.39100000e+04,1.77361052e-03,2.84611547e-03
3.39200000e+04,1.77354729e-03,2.84602419e-03
3.39300000e+04,1.77349330e-03,2.84592809e-03
3.39400000e+04,1.77342479e-03,2.84584030e-03
3.39500000e+04,1.77336456e-03,2.84574777e-03
3.39600000e+04,1.77330402e-03,2.84565084e-03
3.39700000e+04,1.77324346e-03,2.84556574e-03
3.39800000e+04,1.77318717e-03,2.84547058e-03
3.39900000e+04,1.77312118e-03,2.84538095e-03
3.40000000e+04,1.77306413e-03,2.84529025e-03
3.40100000e+04,1.77300542e-03,2.84520369e-03
3.40200000e+04,1.77294051e-03,2.84511672e-03
3.40300000e+04,1.77287671e-03,2.84501130e-03
3.40400000e+04,1.77281945e-03,2.84492590e-03
3.40500000e+04,1.77275775e-03,2.84484100e-03
3.40600000e+04,1.77269732e-03,2.84474628e-03
3.40700000e+04,1.77263486e-03,2.84465599e-03
3.40800000e+04,1.77257955e-03,2.84456585e-03
3.40900000e+04,1.77251308e-03,2.84447549e-03
3.41000000e+04,1.77245547e-03,2.84438842e-03
3.41100000e+04,1.77239211e-03,2.84429429e-03
3.41200000e+04,1.77233303e-03,2.84420126e-03
3.41300000e+04,1.77227063e-03,2.84411444e-03
3.41400000e+04,1.77221627e-03,2.84402519e-03
3.41500000e+04,1.77214877e-03,2.84393877e-03
3.41600000e+04,1.77209779e-03,2.84384482e-03
3.41700000e+04,1.77202850e-03,2.84375920e-03
3.41800000e+04,1.77197294e-03,2.84367934e-03
3.41900000e+04,1.77191967e-03,2.84358423e-03
3.42000000e+04,1.77186151e-03,2.84350297e-03
3.42100000e+04,1.77180612e-03,2.84341899e-03
3.42200000e+04,1.77175029e-03,2.84332856e-03
3.42300000e+04,1.77169477e-03,2.84325841e-03
3.42400000e+04,1.77164662e-03,2.84317844e-03
3.42500000e+04,1.77159531e-03,2.84310964e-03
3.42600000e+04,1.77155473e-03,2.84302708e-03
3.42700000e+04,1.77151102e-03,2.84297098e-03
3.42800000e+04,1.77147090e-03,2.84291073e-03
3.42900000e+04,1.77143590e-03,2.84285971e-03
3.43000000e+04,1.77140474e-03,2.84281165e-03
3.43100000e+04,1.77137489e-03,2.84276275e-03
3.43200000e+04,1.77134742e-03,2.84271508e-03
3.43300000e+04,1.77130747e-03,2.84266668e-03
3.43400000e+04,1.77127876e-03,2.84261625e-03
3.43500000e+04,1.77125236e-03,2.84256499e-03
3.43600000e+04,1.77121884e-03,2.84252835e-03
3.43700000e+04,1.77118908e-03,2.84247084e-03
3.43800000e+04,1.77115812e-03,2.84242813e-03
3.43900000e+04,1.77112652e-03,2.84238487e-03
3.44000000e+04,1.77109598e-03,2.84233662e-03
3.44100000e+04,1.77106453e-03,2.84229529e-03
3.44200000e+04,1.77103085e-03,2.84224522e-03
3.44300000e+04,1.77100645e-03,2.84219981e-03
3.44400000e+04,1.77097647e-03,2.84216167e-03
3.44500000e+04,1.77094644e-03,2.84211744e-03
3.44600000e+04,1.77091091e-03,2.84206982e-03
3.44700000e+04,1.77088287e-03,2.84203123e-03
3.44800000e+04,1.77084935e-03,2.84197189e-03
3.44900000e+04,1.77082164e-03,2.84192804e-03
3.45000000e+04,1.77078765e-03,2.84189067e-03
3.45100000e+04,1.77075942e-03,2.84183426e-03
3.45200000e+04,1.77072670e-03,2.84179156e-03
3.45300000e+04,1.77070041e-03,2.84174648e-03
3.45400000e+04,1.77066730e-03,2.84170765e-03
3.45500000e+04,1.77063906e-03,2.84165741e-03
3.45600000e+04,1.77060690e-03,2.84161641e-03
3.45700000e+04,1.77057889e-03,2.84157156e-03
3.45800000e+04,1.77054307e-03,2.84152370e-03
3.45900000e+04,1.77051236e-03,2.84148111e-03
3.46000000e+04,1.77048102e-03,2.84143258e-03
3.46100000e+04,1.77044747e-03,2.84139745e-03
3.46200000e+04,1.77042467e-03,2.84135007e-03
3.46300000e+04,1.77039302e-03,2.84129885e-03
3.46400000e+04,1.77036663e-03,2.84124925e-03
3.46500000e+04,1.77033593e-03,2.84121209e-03
3.46600000e+04,1.77030286e-03,2.84116600e-03
3.46700000e+04,1.77026967e-03,2.84112705e-03
3.46800000e+04,1.77023897e-03,2.84107718e-03
3.46900000e+04,1.77021305e-03,2.84103266e-03
3.47000000e+04,1.77018450e-03,2.84099067e-03
3.47100000e+04,1.77015288e-03,2.84094119e-03
3.47200000e+04,1.77012278e-03,2.84090197e-03
3.47300000e+04,1.77008718e-03,2.84085255e-03
3.47400000e+04,1.77006478e-03,2.84081098e-03
3.47500000e+04,1.77003316e-03,2.84076828e-03
3.47600000e+04,1.76999602e-03,2.84072690e-03
3.47700000e+04,1.76996930e-03,2.84067624e-03
3.47800000e+04,1.76993931e-03,2.84064526e-03
3.47900000e+04,1.76990902e-03,2.84059063e-03
3.48000000e+04,1.76987873e-03,2.84055153e-03
3.48100000e+04,1.76985108e-03,2.84050063e-03
3.48200000e+04,1.76982317e-03,2.84046128e-03
3.48300000e+04,1.76979163e-03,2.84041486e-03
3.48400000e+04,1.76975840e-03,2.84037351e-03
3.48500000e+04,1.76973090e-03,2.84033977e-03
3.48600000e+04,1.76970600e-03,2.84028432e-03
3.48700000e+04,1.76967350e-03,2.84023894e-03
3.48800000e+04,1.76964317e-03,2.84019219e-03
3.48900000e+04,1.76961620e-03,2.84015856e-03
3.49000000e+04,1.76958594e-03,2.84011914e-03
3.49100000e+04,1.76956024e-03,2.84006854e-03
3.49200000e+04,1.76952846e-03,2.84003209e-03
3.49300000e+04,1.76949940e-03,2.83997676e-03
3.49400000e+04,1.76947390e-03,2.83994117e-03
3.49500000e+04,1.76944510e-03,2.83989860e-03
3.49600000e+04,1.76940974e-03,2.83985343e-03
3.49700000e+04,1.76938632e-03,2.83982123e-03
3.49800000e+04,1.76935777e-03,2.83976943e-03
3.49900000e+04,1.76932565e-03,2.83972854e-03
3.50000000e+04,1.76929645e-03,2.83969041e-03
3.50100000e+04,1.76926780e-03,2.83963993e-03
3.50200000e+04,1.76923271e-03,2.83959735e-03
3.50300000e+04,1.76920904e-03,2.83955979e-03
3.50400000e+04,1.76918495e-03,2.83950938e-03
3.50500000e+04,1.76915174e-03,2.83946222e-03
3.50600000e+04,1.76912425e-03,2.83943194e-03
3.50700000e+04,1.76909204e-03,2.83937865e-03
3.50800000e+04,1.76906574e-03,2.83934314e-03
3.50900000e+04,1.76903733e-03,2.83929981e-03
3.51000000e+04,1.76900900e-03,2.83925340e-03
3.51100000e+04,1.76897954e-03,2.83921410e-03
3.51200000e+04,1.76894756e-03,2.83917184e-03
3.51300000e+04,1.76892062e-03,2.83912139e-03
3.51400000e+04,1.76889384e-03,2.83908060e-03
3.51500000e+04,1.76885950e-03,2.83904039e-03
3.51600000e+04,1.76883598e-03,2.83899900e-03
3.51700000e+04,1.76880713e-03,2.83895718e-03
3.51800000e+04,1.76878183e-03,2.83891102e-03
3.51900000e+04,1.76874537e-03,2.83887246e-03
3.52000000e+04,1.76872277e-03,2.83882732e-03
3.52100000e+04,1.76869234e-03,2.83878279e-03
3.52200000e+04,1.76866267e-03,2.83874531e-03
3.52300000e+04,1.76863094e-03,2.83870760e-03
3.52400000e+04,1.76860148e-03,2.83866325e-03
3.52500000e+04,1.76857967e-03,2.83862016e-03
3.52600000e+04,1.76854577e-03,2.83857471e-03
3.52700000e+04,1.76851949e-03,2.83853884e-03
3.52800000e+04,1.76848941e-03,2.83850076e-03
3.52900000e+04,1.76846151e-03,2.83845431e-03
3.53000000e+04,1.76843521e-03,2.83841467e-03
3.53100000e+04,1.76840487e-03,2.83837267e-03
3.53200000e+04,1.76838416e-03,2.83833625e-03
3.53300000e+04,1.76834840e-03,2.83828317e-03
3.53400000e+04,1.76831405e-03,2.83823957e-03
3.53500000e+04,1.76829076e-03,2.83820141e-03
3.53600000e+04,1.76826694e-03,2.83815917e-03
3.53700000e+04,1.76823625e-03,2.83812065e-03
3.53800000e+04,1.76819919e-03,2.83807611e-03
3.53900000e+04,1.76817591e-03,2.83803444e-03
3.54000000e+04,1.76814910e-03,2.83798853e-03
3.54100000e+04,1.76811846e-03,2.83794993e-03
3.54200000e+04,1.76808569e-03,2.83790193e-03
3.54300000e+04,1.76806362e-03,2.83787344e-03
3.54400000e+04,1.76803453e-03,2.83782482e-03
3.54500000e+04,1.76801116e-03,2.83778577e-03
3.54600000e+04,1.76797607e-03,2.83774002e-03
3.54700000e+04,1.76794711e-03,2.83769901e-03
3.54800000e+04,1.76792063e-03,2.83765767e-03
3.54900000e+04,1.76789251e-03,2.83761266e-03
3.55000000e+04,1.76786913e-03,2.83757786e-03
3.55100000e+04,1.76784209e-03,2.83753757e-03
3.55200000e+04,1.76781615e-03,2.83751187e-03
3.55300000e+04,1.76778560e-03,2.83745714e-03
3.55400000e+04,1.76776441e-03,2.83741929e-03
3.55500000e+04,1.76773784e-03,2.83738418e-03
3.55600000e+04,1.76771590e-03,2.83734701e-03
3.55700000e+04,1.76769187e-03,2.83730980e-03
3.55800000e+04,1.76766588e-03,2.83727871e-03
3.55900000e+04,1.76764194e-03,2.83724703e-03
3.56000000e+04,1.76761740e-03,2.83719914e-03
3.56100000e+04,1.76758915e-03,2.83717318e-03
3.56200000e+04,1.76756768e-03,2.83713435e-03
3.56300000e+04,1.76754842e-03,2.83709457e-03
3.56400000e+04,1.76751838e-03,2.83706155e-03
3.56500000e+04,1.76749574e-03,2.83702160e-03
3.56600000e+04,1.76746739e-03,2.83698867e-03
3.56700000e+04,1.76744389e-03,2.83694622e-03
3.56800000e+04,1.76742244e-03,2.83691817e-03
3.56900000e+04,1.76739774e-03,2.83688103e-03
3.57000000e+04,1.76737068e-03,2.83684314e-03
3.57100000e+04,1.76735186e-03,2.83681226e-03
3.57200000e+04,1.76732432e-03,2.83677343e-03
3.57300000e+04,1.76729357e-03,2.83673385e-03
3.57400000e+04,1.76727495e-03,2.83670891e-03
3.57500000e+04,1.76724936e-03,2.83666934e-03
3.57600000e+04,1.76722334e-03,2.83662326e-03
3.57700000e+04,1.76720668e-03,2.83659383e-03
3.57800000e+04,1.76717663e-03,2.83656403e-03
3.57900000e+04,1.76715170e-03,2.83651665e-03
3.58000000e+04,1.76713016e-03,2.83648350e-03
3.58100000e+04,1.76710430e-03,2.83645022e-03
3.58200000e+04,1.76707778e-03,2.83641680e-03
3.58300000e+04,1.76704779e-03,2.83637598e-03
3.58400000e+04,1.76703093e-03,2.83633514e-03
3.58500000e+04,1.76700303e-03,2.83629769e-03
3.58600000e+04,1.76698771e-03,2.83627414e-03
3.58700000e+04,1.76695475e-03,2.83623284e-03
3.58800000e+04,1.76693105e-03,2.83620197e-03
3.58900000e+04,1.76691581e-03,2.83615648e-03
3.59000000e+04,1.76689139e-03,2.83613087e-03
3.59100000e+04,1.76685915e-03,2.83609219e-03
3.59200000e+04,1.76683520e-03,2.83604761e-03
3.59300000e+04,1.76680944e-03,2.83601964e-03
3.59400000e+04,1.76678591e-03,2.83598826e-03
3.59500000e+04,1.76676110e-03,2.83594454e-03
3.59600000e+04,1.76674328e-03,2.83590828e-03
3.59700000e+04,1.76671708e-03,2.83587688e-03
3.59800000e+04,1.76668893e-03,2.83584486e-03
3.59900000e+04,1.76666883e-03,2.83580209e-03
3.60000000e+04,1.76664395e-03,2.83577174e-03
3.60100000e+04,1.76661673e-03,2.83573705e-03
3.60200000e+04,1.76659324e-03,2.83568664e-03
3.60300000e+04,1.76657119e-03,2.83566324e-03
3.60400000e+04,1.76654198e-03,2.83563042e-03
3.60500000e+04,1.76652589e-03,2.83559423e-03
3.60600000e+04,1.76650244e-03,2.83555048e-03
3.60700000e+04,1.76647855e-03,2.83552398e-03
3.60800000e+04,1.76645190e-03,2.83548463e-03
3.60900000e+04,1.76642844e-03,2.83545160e-03
3.61000000e+04,1.76640551e-03,2.83541445e-03
3.61100000e+04,1.76638481e-03,2.83538403e-03
3.61200000e+04,1.76635638e-03,2.83534384e-03
3.61300000e+04,1.76633317e-03,2.83530819e-03
3.61400000e+04,1.76630787e-03,2.83527773e-03
3.61500000e+04,1.76628699e-03,2.83524250e-03
3.61600000e+04,1.76625670e-03,2.83519609e-03
3.61700000e+04,1.76623707e-03,2.83517421e-03
3.61800000e+04,1.76621875e-03,2.83513553e-03
3.61900000e+04,1.76619207e-03,2.83509692e-03
3.62000000e+04,1.76616134e-03,2.83506380e-03
3.62100000e+04,1.76614171e-03,2.83502530e-03
3.62200000e+04,1.76611666e-03,2.83498813e-03
3.62300000e+04,1.76610065e-03,2.83495926e-03
3.62400000e+04,1.76606810e-03,2.83491702e-03
3.62500000e+04,1.76604685e-03,2.83488593e-03
3.62600000e+04,1.76602030e-03,2.83484774e-03
3.62700000e+04,1.76599866e-03,2.83481105e-03
3.62800000e+04,1.76597942e-03,2.83478030e-03
3.62900000e+04,1.76594967e-03,2.83474270e-03
3.63000000e+04,1.76592709e-03,2.83471579e-03
3.63100000e+04,1.76590538e-03,2.83467793e-03
3.63200000e+04,1.76588021e-03,2.83463685e-03
3.63300000e+04,1.76585829e-03,2.83461026e-03
3.63400000e+04,1.76583808e-03,2.83457206e-03
3.63500000e+04,1.76581380e-03,2.83453905e-03
3.63600000e+04,1.76579240e-03,2.83451342e-03
3.63700000e+04,1.76576342e-03,2.83446965e-03
3.63800000e+04,1.76574215e-03,2.83444431e-03
3.63900000e+04,1.76571903e-03,2.83440405e-03
3.64000000e+04,1.76569306e-03,2.83438010e-03
3.64100000e+04,1.76567735e-03,2.83434331e-03
3.64200000e+04,1.76565549e-03,2.83430307e-03
3.64300000e+04,1.76563405e-03,2.83426694e-03
3.64400000e+04,1.76560507e-03,2.83424392e-03
3.64500000e+04,1.76558866e-03,2.83420509e-03
3.64600000e+04,1.76556165e-03,2.83417551e-03
3.64700000e+04,1.76554197e-03,2.83414042e-03
3.64800000e+04,1.76551884e-03,2.83410275e-03
3.64900000e+04,1.76550158e-03,2.83406676e-03
3.65000000e+04,1.76546798e-03,2.83404089e-03
3.65100000e+04,1.76544661e-03,2.83400729e-03
3.65200000e+04,1.76542788e-03,2.83397350e-03
3.65300000e+04,1.76540822e-03,2.83394635e-03
3.65400000e+04,1.76537907e-03,2.83390447e-03
3.65500000e+04,1.76535939e-03,2.83387178e-03
3.65600000e+04,1.76534140e-03,2.83384199e-03
3.65700000e+04,1.76531712e-03,2.83381258e-03
3.65800000e+04,1.76529407e-03,2.83377357e-03
3.65900000e+04,1.76526263e-03,2.83373348e-03
3.66000000e+04,1.76524389e-03,2.83370758e-03
3.66100000e+04,1.76522287e-03,2.83366628e-03
3.66200000e+04,1.76520507e-03,2.83363424e-03
3.66300000e+04,1.76517694e-03,2.83360340e-03
3.66400000e+04,1.76516206e-03,2.83356992e-03
3.66500000e+04,1.76513424e-03,2.83353969e-03
3.66600000e+04,1.76511273e-03,2.83350283e-03
3.66700000e+04,1.76509169e-03,2.83347486e-03
3.66800000e+04,1.76506400e-03,2.83343780e-03
3.66900000e+04,1.76504347e-03,2.83340902e-03
3.67000000e+04,1.76502026e-03,2.83336530e-03
3.67100000e+04,1.76500255e-03,2.83333258e-03
3.67200000e+04,1.76497344e-03,2.83330513e-03
3.67300000e+04,1.76494975e-03,2.83327665e-03
3.67400000e+04,1.76493027e-03,2.83323873e-03
3.67500000e+04,1.76490795e-03,2.83320731e-03
3.67600000e+04,1.76488111e-03,2.83317057e-03
3.67700000e+04,1.76485927e-03,2.83313141e-03
3.67800000e+04,1.76483759e-03,2.83310041e-03
3.67900000e+04,1.76481630e-03,2.83307592e-03
3.68000000e+04,1.76479697e-03,2.83303470e-03
3.68100000e+04,1.76477513e-03,2.83301018e-03
3.68200000e+04,1.76474989e-03,2.83297519e-03
3.68300000e+04,1.76472591e-03,2.83293401e-03
3.68400000e+04,1.76470821e-03,2.83290853e-03
3.68500000e+04,1.76468749e-03,2.83286984e-03
3.68600000e+04,1.76466227e-03,2.83283315e-03
3.68700000e+04,1.76463860e-03,2.83280578e-03
3.68800000e+04,1.76461270e-03,2.83277928e-03
3.68900000e+04,1.76459531e-03,2.83272981e-03
3.69000000e+04,1.76457325e-03,2.83270636e-03
3.69100000e+04,1.76454858e-03,2.83268084e-03
3.69200000e+04,1.76452794e-03,2.83263782e-03
3.69300000e+04,1.76450283e-03,2.83261423e-03
3.69400000e+04,1.76448632e-03,2.83257372e-03
3.69500000e+04,1.76446562e-03,2.83254999e-03
3.69600000e+04,1.76444311e-03,2.83251549e-03
3.69700000e+04,1.76441806e-03,2.83248359e-03
3.69800000e+04,1.76439858e-03,2.83244958e-03
3.69900000e+04,1.76437111e-03,2.83241474e-03
3.70000000e+04,1.76434944e-03,2.83237296e-03
3.70100000e+04,1.76432493e-03,2.83234900e-03
3.70200000e+04,1.76430607e-03,2.83230505e-03
3.70300000e+04,1.76428768e-03,2.83227710e-03
3.70400000e+04,1.76426604e-03,2.83224894e-03
3.70500000e+04,1.76423945e-03,2.83221656e-03
3.70600000e+04,1.76421522e-03,2.83218006e-03
3.70700000e+04,1.76419260e-03,2.83215907e-03
3.70800000e+04,1.76416983e-03,2.83211903e-03
3.70900000e+04,1.76415181e-03,2.83209038e-03
3.71000000e+04,1.76413701e-03,2.83205774e-03
3.71100000e+04,1.76411151e-03,2.83203012e-03
3.71200000e+04,1.76409367e-03,2.83199182e-03
3.71300000e+04,1.76406695e-03,2.83195353e-03
3.71400000e+04,1.76403955e-03,2.83192417e-03
3.71500000e+04,1.76402059e-03,2.83188814e-03
3.71600000e+04,1.76400041e-03,2.83185297e-03
3.71700000e+04,1.76397582e-03,2.83182654e-03
3.71800000e+04,1.76395517e-03,2.83179659e-03
3.71900000e+04,1.76393455e-03,2.83176424e-03
3.72000000e+04,1.76391230e-03,2.83172951e-03
3.72100000e+04,1.76388549e-03,2.83170117e-03
3.72200000e+04,1.76386103e-03,2.83166520e-03
3.72300000e+04,1.76384842e-03,2.83163707e-03
3.72400000e+04,1.76381968e-03,2.83159950e-03
3.72500000e+04,1.76379924e-03,2.83156760e-03
3.72600000e+04,1.76378049e-03,2.83154004e-03
3.72700000e+04,1.76375764e-03,2.83152319e-03
3.72800000e+04,1.76374605e-03,2.83148781e-03
3.72900000e+04,1.76372812e-03,2.83146017e-03
3.73000000e+04,1.76372118e-03,2.83144684e-03
3.73100000e+04,1.76371090e-03,2.83142591e-03
3.73200000e+04,1.76370074e-03,2.83141538e-03
3.73300000e+04,1.76369448e-03,2.83140349e-03
3.73400000e+04,1.76368525e-03,2.83138607e-03
3.73500000e+04,1.76367690e-03,2.83137595e-03
3.73600000e+04,1.76366494e-03,2.83136322e-03
3.73700000e+04,1.76365909e-03,2.83135366e-03
3.73800000e+04,1.76365118e-03,2.83133099e-03
3.73900000e+04,1.76363815e-03,2.83132662e-03
3.74000000e+04,1.76363594e-03,2.83130961e-03
3.74100000e+04,1.76362394e-03,2.83130317e-03
3.74200000e+04,1.76361101e-03,2.83128288e-03
3.74300000e+04,1.76360437e-03,2.83128051e-03
3.74400000e+04,1.76359354e-03,2.83126078e-03
3.74500000e+04,1.76358867e-03,2.83125103e-03
3.74600000e+04,1.76358019e-03,2.83124055e-03
3.74700000e+04,1.76356902e-03,2.83121975e-03
3.74800000e+04,1.76356361e-03,2.83121259e-03
3.74900000e+04,1.76355554e-03,2.83119842e-03
3.75000000e+04,1.76354255e-03,2.83118388e-03
3.75100000e+04,1.76353913e-03,2.83117306e-03
3.75200000e+04,1.76353256e-03,2.83115405e-03
3.75300000e+04,1.76352578e-03,2.83114184e-03
3.75400000e+04,1.76351345e-03,2.83113444e-03
3.75500000e+04,1.76350390e-03,2.83112675e-03
3.75600000e+04,1.76349607e-03,2.83110986e-03
3.75700000e+04,1.76348761e-03,2.83110110e-03
3.75800000e+04,1.76347842e-03,2.83107995e-03
3.75900000e+04,1.76347025e-03,2.83107207e-03
3.76000000e+04,1.76345809e-03,2.83105399e-03
3.76100000e+04,1.76344681e-03,2.83104117e-03
3.76200000e+04,1.76344131e-03,2.83103460e-03
3.76300000e+04,1.76343205e-03,2.83102349e-03
3.76400000e+04,1.76343472e-03,2.83101821e-03
3.76500000e+04,1.76341987e-03,2.83099560e-03
3.76600000e+04,1.76341396e-03,2.83098825e-03
3.76700000e+04,1.76339758e-03,2.83097706e-03
3.76800000e+04,1.76339330e-03,2.83096344e-03
3.76900000e+04,1.76338312e-03,2.83094880e-03
3.77000000e+04,1.76338065e-03,2.83093704e-03
3.77100000e+04,1.76336854e-03,2.83093035e-03
3.77200000e+04,1.76336436e-03,2.83091770e-03
3.77300000e+04,1.76335705e-03,2.83090206e-03
3.77400000e+04,1.76334797e-03,2.83088518e-03
3.77500000e+04,1.76333399e-03,2.83087121e-03
3.77600000e+04,1.76332559e-03,2.83086138e-03
3.77700000e+04,1.76331872e-03,2.83084967e-03
3.77800000e+04,1.76330747e-03,2.83082659e-03
3.77900000e+04,1.76330126e-03,2.83081998e-03
3.78000000e+04,1.76329260e-03,2.83081207e-03
3.78100000e+04,1.76328168e-03,2.83080491e-03
3.78200000e+04,1.76327511e-03,2.83077962e-03
3.78300000e+04,1.76326323e-03,2.83076421e-03
3.78400000e+04,1.76326264e-03,2.83076319e-03
3.78500000e+04,1.76324537e-03,2.83074961e-03
3.78600000e+04,1.76324253e-03,2.83074047e-03
3.78700000e+04,1.76323525e-03,2.83072895e-03
3.78800000e+04,1.76322873e-03,2.83070833e-03
3.78900000e+04,1.76321656e-03,2.83068865e-03
3.79000000e+04,1.76320659e-03,2.83068969e-03
3.79100000e+04,1.76320385e-03,2.83067724e-03
3.79200000e+04,1.76318991e-03,2.83067110e-03
3.79300000e+04,1.76318393e-03,2.83065205e-03
3.79400000e+04,1.76317983e-03,2.83063810e-03
3.79500000e+04,1.76317088e-03,2.83062938e-03
3.79600000e+04,1.76316203e-03,2.83061978e-03
3.79700000e+04,1.76315229e-03,2.83060169e-03
3.79800000e+04,1.76314457e-03,2.83059757e-03
3.79900000e+04,1.76313475e-03,2.83057842e-03
3.80000000e+04,1.76313570e-03,2.83056906e-03
3.80100000e+04,1.76312080e-03,2.83054731e-03
3.80200000e+04,1.76311033e-03,2.83054689e-03
3.80300000e+04,1.76311035e-03,2.83053274e-03
3.80400000e+04,1.76309783e-03,2.83052262e-03
3.80500000e+04,1.76308686e-03,2.83050584e-03
3.80600000e+04,1.76307946e-03,2.83049527e-03
3.80700000e+04,1.76306952e-03,2.83048020e-03
3.80800000e+04,1.76306682e-03,2.83047683e-03
3.80900000e+04,1.76305227e-03,2.83046642e-03
3.81000000e+04,1.76304909e-03,2.83045335e-03
3.81100000e+04,1.76303827e-03,2.83043968e-03
3.81200000e+04,1.76303251e-03,2.83042085e-03
3.81300000e+04,1.76302891e-03,2.83040782e-03
3.81400000e+04,1.76301553e-03,2.83040438e-03
3.81500000e+04,1.76300869e-03,2.83039191e-03
3.81600000e+04,1.76299860e-03,2.83038440e-03
3.81700000e+04,1.76299189e-03,2.83036969e-03
3.81800000e+04,1.76298663e-03,2.83035064e-03
3.81900000e+04,1.76297491e-03,2.83034128e-03
3.82000000e+04,1.76296831e-03,2.83033558e-03
3.82100000e+04,1.76295739e-03,2.83031169e-03
3.82200000e+04,1.76295048e-03,2.83030380e-03
3.82300000e+04,1.76294068e-03,2.83029681e-03
3.82400000e+04,1.76293854e-03,2.83027603e-03
3.82500000e+04,1.76292344e-03,2.83026703e-03
3.82600000e+04,1.76291535e-03,2.83025368e-03
3.82700000e+04,1.76291155e-03,2.83024251e-03
3.82800000e+04,1.76290543e-03,2.83023805e-03
3.82900000e+04,1.76289556e-03,2.83022577e-03
3.83000000e+04,1.76288564e-03,2.83021929e-03
3.83100000e+04,1.76287892e-03,2.83019937e-03
3.83200000e+04,1.76286766e-03,2.83019326e-03
3.83300000e+04,1.76286836e-03,2.83018751e-03
3.83400000e+04,1.76285351e-03,2.83016531e-03
3.83500000e+04,1.76284867e-03,2.83015525e-03
3.83600000e+04,1.76284134e-03,2.83015262e-03
3.83700000e+04,1.76283358e-03,2.83012830e-03
3.83800000e+04,1.76282549e-03,2.83012037e-03
3.83900000e+04,1.76281212e-03,2.83010557e-03
3.84000000e+04,1.76280419e-03,2.83009814e-03
3.84100000e+04,1.76279857e-03,2.83009106e-03
3.84200000e+04,1.76279296e-03,2.83007153e-03
3.84300000e+04,1.76278144e-03,2.83006908e-03
3.84400000e+04,1.76278061e-03,2.83005051e-03
3.84500000e+04,1.76276570e-03,2.83004154e-03
3.84600000e+04,1.76275524e-03,2.83002999e-03
3.84700000e+04,1.76274948e-03,2.83001909e-03
3.84800000e+04,1.76274846e-03,2.82999765e-03
3.84900000e+04,1.76273415e-03,2.82998872e-03
3.85000000e+04,1.76273289e-03,2.82998031e-03
3.85100000e+04,1.76272540e-03,2.82996737e-03
3.85200000e+04,1.76271317e-03,2.82996333e-03
3.85300000e+04,1.76270178e-03,2.82995061e-03
3.85400000e+04,1.76270034e-03,2.82993907e-03
3.85500000e+04,1.76269047e-03,2.82992897e-03
3.85600000e+04,1.76268583e-03,2.82991397e-03
3.85700000e+04,1.76268005e-03,2.82990480e-03
3.85800000e+04,1.76267172e-03,2.82989262e-03
3.85900000e+04,1.76266308e-03,2.82988217e-03
3.86000000e+04,1.76265922e-03,2.82987408e-03
3.86100000e+04,1.76265088e-03,2.82986782e-03
3.86200000e+04,1.76264524e-03,2.82985353e-03
3.86300000e+04,1.76263571e-03,2.82984812e-03
3.86400000e+04,1.76263347e-03,2.82983809e-03
3.86500000e+04,1.76261890e-03,2.82982980e-03
3.86600000e+04,1.76261448e-03,2.82981111e-03
3.86700000e+04,1.76260954e-03,2.82980595e-03
3.86800000e+04,1.76260748e-03,2.82979390e-03
3.86900000e+04,1.76259236e-03,2.82978601e-03
3.87000000e+04,1.76258784e-03,2.82976805e-03
3.87100000e+04,1.76258157e-03,2.82975998e-03
3.87200000e+04,1.76257477e-03,2.82974752e-03
3.87300000e+04,1.76256606e-03,2.82974963e-03
3.87400000e+04,1.76255483e-03,2.82973181e-03
3.87500000e+04,1.76255116e-03,2.82972082e-03
3.87600000e+04,1.76255114e-03,2.82971079e-03
3.87700000e+04,1.76254494e-03,2.82970662e-03
3.87800000e+04,1.76253421e-03,2.82969564e-03
3.87900000e+04,1.76252785e-03,2.82968198e-03
3.88000000e+04,1.76251648e-03,2.82967516e-03
3.88100000e+04,1.76251324e-03,2.82966440e-03
3.88200000e+04,1.76250964e-03,2.82966184e-03
3.88300000e+04,1.76250136e-03,2.82964740e-03
3.88400000e+04,1.76249623e-03,2.82963805e-03
