0.00000000e+00,9.94125777e+00,2.12630860e-07,3.58645298e+00,6.35480458e+00
1.00000000e+01,9.85790810e+00,3.16697844e-08,3.55678376e+00,6.30112431e+00
2.00000000e+01,9.76540648e+00,1.44992820e-08,3.52403404e+00,6.24137243e+00
3.00000000e+01,9.65328729e+00,1.45297465e-08,3.48457718e+00,6.16871010e+00
4.00000000e+01,9.50693847e+00,2.50906409e-08,3.43351984e+00,6.07341861e+00
5.00000000e+01,9.30318755e+00,6.25140876e-08,3.36355948e+00,5.93962801e+00
6.00000000e+01,9.01597365e+00,1.70167384e-07,3.26856067e+00,5.74741281e+00
7.00000000e+01,8.65205517e+00,3.79236456e-07,3.15843961e+00,5.49361519e+00
8.00000000e+01,8.28840490e+00,9.91497423e-07,3.06752896e+00,5.22087494e+00
9.00000000e+01,8.00167339e+00,9.35917074e-07,3.01760277e+00,4.98406968e+00
1.00000000e+02,7.79096122e+00,8.82344148e-07,2.99060836e+00,4.80035198e+00
1.10000000e+02,7.62046813e+00,9.41821494e-07,2.96535481e+00,4.65511237e+00
1.20000000e+02,7.48040194e+00,7.42472349e-07,2.93882222e+00,4.54157897e+00
1.30000000e+02,7.37224667e+00,6.89931699e-07,2.92189699e+00,4.45034899e+00
1.40000000e+02,7.29879578e+00,1.51418066e-06,2.91666153e+00,4.38213273e+00
1.50000000e+02,7.25487694e+00,2.68816298e-06,2.91493785e+00,4.33993640e+00
1.60000000e+02,7.22911445e+00,1.11958122e-06,2.91077725e+00,4.31833608e+00
1.70000000e+02,7.21018486e+00,1.82126631e-06,2.90370988e+00,4.30647316e+00
1.80000000e+02,7.19193636e+00,1.92842116e-06,2.89433084e+00,4.29760360e+00
1.90000000e+02,7.17338117e+00,1.64346772e-06,2.88552515e+00,4.28785437e+00
2.00000000e+02,7.15386109e+00,1.86819217e-06,2.87695357e+00,4.27690566e+00
2.10000000e+02,7.13052085e+00,3.58097995e-06,2.86766800e+00,4.26284927e+00
2.20000000e+02,7.10780225e+00,5.46784688e-06,2.85694898e+00,4.25084780e+00
2.30000000e+02,7.08918232e+00,4.39180945e-06,2.84519022e+00,4.24398770e+00
2.40000000e+02,7.07262730e+00,3.04333030e-06,2.83431848e+00,4.23830577e+00
2.50000000e+02,7.05092556e+00,5.73624524e-06,2.82501862e+00,4.22590120e+00
2.60000000e+02,7.03298073e+00,4.02565901e-06,2.81717654e+00,4.21580016e+00
2.70000000e+02,7.01266424e+00,4.22655089e-06,2.80929168e+00,4.20336833e+00
2.80000000e+02,6.99259997e+00,5.49259594e-06,2.80087140e+00,4.19172307e+00
2.90000000e+02,6.97214487e+00,3.98097717e-06,2.79226009e+00,4.17988080e+00
3.00000000e+02,6.95076706e+00,5.50090620e-06,2.78315865e+00,4.16760291e+00
3.10000000e+02,6.92014463e+00,9.43940179e-06,2.77097854e+00,4.14915665e+00
3.20000000e+02,6.89347578e+00,7.53240856e-06,2.75561799e+00,4.13785025e+00
3.30000000e+02,6.86834687e+00,7.01841385e-06,2.74106971e+00,4.12727014e+00
3.40000000e+02,6.84178963e+00,5.43505621e-06,2.72841345e+00,4.11337074e+00
3.50000000e+02,6.80970564e+00,6.53005872e-06,2.71640841e+00,4.09329070e+00
3.60000000e+02,6.77849694e+00,1.15553587e-05,2.70407585e+00,4.07440953e+00
3.70000000e+02,6.74665474e+00,6.39180117e-06,2.69095652e+00,4.05569182e+00
3.80000000e+02,6.71735291e+00,8.83507930e-06,2.67711552e+00,4.04022856e+00
3.90000000e+02,6.70044427e+00,1.71584546e-05,2.66316777e+00,4.03725934e+00
4.00000000e+02,6.68201822e+00,7.84158874e-06,2.65011690e+00,4.03189348e+00
4.10000000e+02,6.64242087e+00,1.23812726e-05,2.63263736e+00,4.00977113e+00
4.20000000e+02,6.60124433e+00,8.80757285e-06,2.61469516e+00,3.98654037e+00
4.30000000e+02,6.55443810e+00,9.59800805e-06,2.59835993e+00,3.95606857e+00
4.40000000e+02,6.51336501e+00,1.05060265e-05,2.58363086e+00,3.92972364e+00
4.50000000e+02,6.47056804e+00,1.16632995e-05,2.56786132e+00,3.90269507e+00
4.60000000e+02,6.44003710e+00,1.72146257e-05,2.55242485e+00,3.88759503e+00
4.70000000e+02,6.41664895e+00,2.19291612e-05,2.53860679e+00,3.87802023e+00
4.80000000e+02,6.39133334e+00,1.35733336e-05,2.52593908e+00,3.86538069e+00
4.90000000e+02,6.36137507e+00,1.19455116e-05,2.51511747e+00,3.84624565e+00
5.00000000e+02,6.33491726e+00,1.44002069e-05,2.50609744e+00,3.82880542e+00
5.10000000e+02,6.30345568e+00,2.33742303e-05,2.49278373e+00,3.81064858e+00
5.20000000e+02,6.27191386e+00,2.38774987e-05,2.47820354e+00,3.79368644e+00
5.30000000e+02,6.23433715e+00,2.44876692e-05,2.46449017e+00,3.76982249e+00
5.40000000e+02,6.19931313e+00,2.48523811e-05,2.45439971e+00,3.74488856e+00
5.50000000e+02,6.16446607e+00,2.36015641e-05,2.44557259e+00,3.71886988e+00
5.60000000e+02,6.13921594e+00,2.10836412e-05,2.43661731e+00,3.70257754e+00
5.70000000e+02,6.11514758e+00,2.23042177e-05,2.42632016e+00,3.68880512e+00
5.80000000e+02,6.10091823e+00,2.21800676e-05,2.41631371e+00,3.68458234e+00
5.90000000e+02,6.08007839e+00,2.53979022e-05,2.40717905e+00,3.67287394e+00
6.00000000e+02,6.06077005e+00,2.60598998e-05,2.39848740e+00,3.66225659e+00
6.10000000e+02,6.01304769e+00,2.89606680e-05,2.37997218e+00,3.63304655e+00
6.20000000e+02,5.95114189e+00,4.23993344e-05,2.35417472e+00,3.59692477e+00
6.30000000e+02,5.90722453e+00,4.06645471e-05,2.33194821e+00,3.57523565e+00
6.40000000e+02,5.85513843e+00,4.12474689e-05,2.31047310e+00,3.54462409e+00
6.50000000e+02,5.80951169e+00,4.15318406e-05,2.29075572e+00,3.51871444e+00
6.60000000e+02,5.76234142e+00,5.42148701e-05,2.27141210e+00,3.49087510e+00
6.70000000e+02,5.74055733e+00,5.30871496e-05,2.25635513e+00,3.48414910e+00
6.80000000e+02,5.71159884e+00,4.94541383e-05,2.24199014e+00,3.46955925e+00
6.90000000e+02,5.68398003e+00,5.94488388e-05,2.22863880e+00,3.45528179e+00
7.00000000e+02,5.64846997e+00,4.92480149e-05,2.21557716e+00,3.43284357e+00
7.10000000e+02,5.60617753e+00,7.83660547e-05,2.19923990e+00,3.40685927e+00
7.20000000e+02,5.57917717e+00,5.95300805e-05,2.18352584e+00,3.39559180e+00
7.30000000e+02,5.55144726e+00,6.30531417e-05,2.17121255e+00,3.38017166e+00
7.40000000e+02,5.51206337e+00,7.12330187e-05,2.16090637e+00,3.35108576e+00
7.50000000e+02,5.46730444e+00,6.52756980e-05,2.14950193e+00,3.31773724e+00
7.60000000e+02,5.42406650e+00,7.82171213e-05,2.13797381e+00,3.28601447e+00
7.70000000e+02,5.38916982e+00,1.18705066e-04,2.12482983e+00,3.26422128e+00
7.80000000e+02,5.36868877e+00,1.09465987e-04,2.11190176e+00,3.25667755e+00
7.90000000e+02,5.36213228e+00,1.07170511e-04,2.10399720e+00,3.25802791e+00
8.00000000e+02,5.34769621e+00,9.28268436e-05,2.09647664e+00,3.25112674e+00
8.10000000e+02,5.30936979e+00,1.21277466e-04,2.08630556e+00,3.22294295e+00
8.20000000e+02,5.26936330e+00,1.08679165e-04,2.07541259e+00,3.19384203e+00
8.30000000e+02,5.23698369e+00,1.11604674e-04,2.06370783e+00,3.17316426e+00
8.40000000e+02,5.21440757e+00,1.20663385e-04,2.05174769e+00,3.16253922e+00
8.50000000e+02,5.18708616e+00,1.05491961e-04,2.04452125e+00,3.14245942e+00
8.60000000e+02,5.16522081e+00,1.13606664e-04,2.03904085e+00,3.12606635e+00
8.70000000e+02,5.15470835e+00,1.30561242e-04,2.03419447e+00,3.12038332e+00
8.80000000e+02,5.14424627e+00,1.16034199e-04,2.02695370e+00,3.11717654e+00
8.90000000e+02,5.13057878e+00,1.11146117e-04,2.02090260e+00,3.10956503e+00
9.00000000e+02,5.11210256e+00,1.23414511e-04,2.01580384e+00,3.09617530e+00
9.10000000e+02,5.08723855e+00,1.94983378e-04,2.00953731e+00,3.07750626e+00
9.20000000e+02,5.07087483e+00,1.35320441e-04,2.00112792e+00,3.06961158e+00
9.30000000e+02,5.05857502e+00,1.53396531e-04,1.99385423e+00,3.06456739e+00
9.40000000e+02,5.04464819e+00,1.93465225e-04,1.98946467e+00,3.05499006e+00
9.50000000e+02,5.02785650e+00,1.31175747e-04,1.98686030e+00,3.04086502e+00
9.60000000e+02,5.01073280e+00,1.28024652e-04,1.98420828e+00,3.02639650e+00
9.70000000e+02,4.99388760e+00,1.28860275e-04,1.98085238e+00,3.01290636e+00
9.80000000e+02,4.97932533e+00,1.34860303e-04,1.97638085e+00,3.00280962e+00
9.90000000e+02,4.96636093e+00,1.28058689e-04,1.97187501e+00,2.99435787e+00
1.00000000e+03,4.95276090e+00,1.32272142e-04,1.96795284e+00,2.98467579e+00
1.01000000e+03,4.93425957e+00,5.46861384e-04,1.96363081e+00,2.97008190e+00
1.02000000e+03,4.92718496e+00,2.25838394e-04,1.95631051e+00,2.97064860e+00
1.03000000e+03,4.91858149e+00,1.70454440e-04,1.95165749e+00,2.96675354e+00
1.04000000e+03,4.90549945e+00,1.57402332e-04,1.94703073e+00,2.95831132e+00
1.05000000e+03,4.89032941e+00,1.48504461e-04,1.94399994e+00,2.94618097e+00
1.06000000e+03,4.87607116e+00,1.47701613e-04,1.94038660e+00,2.93553686e+00
1.07000000e+03,4.86135642e+00,1.47911857e-04,1.93619353e+00,2.92501498e+00
1.08000000e+03,4.84883003e+00,2.20305489e-04,1.93050700e+00,2.91810273e+00
1.09000000e+03,4.84316208e+00,1.50460154e-04,1.92445084e+00,2.91856078e+00
1.10000000e+03,4.83140163e+00,1.41763986e-04,1.92052529e+00,2.91073458e+00
1.11000000e+03,4.81562749e+00,1.43281588e-04,1.91702833e+00,2.89845588e+00
1.12000000e+03,4.79886282e+00,1.47771477e-04,1.91305958e+00,2.88565546e+00
1.13000000e+03,4.78222254e+00,2.15045652e-04,1.90824014e+00,2.87376735e+00
1.14000000e+03,4.77343146e+00,1.59845551e-04,1.90141665e+00,2.87185496e+00
1.15000000e+03,4.76452196e+00,1.72686730e-04,1.89496227e+00,2.86938700e+00
1.16000000e+03,4.75247760e+00,1.54116078e-04,1.88961418e+00,2.86270931e+00
1.17000000e+03,4.73716235e+00,1.52595152e-04,1.88576835e+00,2.85124141e+00
1.18000000e+03,4.72091521e+00,2.13918694e-04,1.88198957e+00,2.83871172e+00
1.19000000e+03,4.71412420e+00,1.75207995e-04,1.87719626e+00,2.83675273e+00
1.20000000e+03,4.70433517e+00,2.00373434e-04,1.87323449e+00,2.83090031e+00
1.21000000e+03,4.68472086e+00,2.14797540e-04,1.86741292e+00,2.81709315e+00
1.22000000e+03,4.66308403e+00,1.97436889e-04,1.86242875e+00,2.80045784e+00
1.23000000e+03,4.64425646e+00,2.04156484e-04,1.85654741e+00,2.78750490e+00
1.24000000e+03,4.62978196e+00,2.37692540e-04,1.85102368e+00,2.77852059e+00
1.25000000e+03,4.61919688e+00,2.24838798e-04,1.84611055e+00,2.77286150e+00
1.26000000e+03,4.60621534e+00,2.33443165e-04,1.84227603e+00,2.76370586e+00
1.27000000e+03,4.59523708e+00,2.08733209e-04,1.83900708e+00,2.75602127e+00
1.28000000e+03,4.58396834e+00,2.15142376e-04,1.83563130e+00,2.74812190e+00
1.29000000e+03,4.57583841e+00,2.95438981e-04,1.83253661e+00,2.74300636e+00
1.30000000e+03,4.57194600e+00,3.40149343e-04,1.82884963e+00,2.74275622e+00
1.31000000e+03,4.55306554e+00,2.88358962e-04,1.82316199e+00,2.72961519e+00
1.32000000e+03,4.53366684e+00,2.77344106e-04,1.81748667e+00,2.71590282e+00
1.33000000e+03,4.51625403e+00,3.06232596e-04,1.81216004e+00,2.70378776e+00
1.34000000e+03,4.50051828e+00,3.51056257e-04,1.80757862e+00,2.69258861e+00
1.35000000e+03,4.48880143e+00,3.87975247e-04,1.80290001e+00,2.68551345e+00
1.36000000e+03,4.47817088e+00,4.35017914e-04,1.79895773e+00,2.67877813e+00
1.37000000e+03,4.47224469e+00,3.83392106e-04,1.79667840e+00,2.67518291e+00
1.38000000e+03,4.46222588e+00,3.97338224e-04,1.79448441e+00,2.66734413e+00
1.39000000e+03,4.45722218e+00,4.27660523e-04,1.79212481e+00,2.66466971e+00
1.40000000e+03,4.45253682e+00,3.97649790e-04,1.79032329e+00,2.66181588e+00
1.41000000e+03,4.44906222e+00,4.45474027e-04,1.78892413e+00,2.65969262e+00
1.42000000e+03,4.44157524e+00,5.00586268e-04,1.78753662e+00,2.65353804e+00
1.43000000e+03,4.43370958e+00,5.41273761e-04,1.78693973e+00,2.64622858e+00
1.44000000e+03,4.43024597e+00,4.36225350e-04,1.78637252e+00,2.64343723e+00
1.45000000e+03,4.42070820e+00,4.45578429e-04,1.78509614e+00,2.63516648e+00
1.46000000e+03,4.41419500e+00,4.63557852e-04,1.78410879e+00,2.62962266e+00
1.47000000e+03,4.40869321e+00,4.53702469e-04,1.78243378e+00,2.62580573e+00
1.48000000e+03,4.40336868e+00,4.79777964e-04,1.78070581e+00,2.62218310e+00
1.49000000e+03,4.39940073e+00,4.65977090e-04,1.77798941e+00,2.62094534e+00
1.50000000e+03,4.39522354e+00,4.68728203e-04,1.77603659e+00,2.61871822e+00
1.51000000e+03,4.38858301e+00,4.86835464e-04,1.77444175e+00,2.61365443e+00
1.52000000e+03,4.38145275e+00,5.08092701e-04,1.77291273e+00,2.60803193e+00
1.53000000e+03,4.37552897e+00,5.05906096e-04,1.77186482e+00,2.60315824e+00
1.54000000e+03,4.37183539e+00,5.52653312e-04,1.77063846e+00,2.60064428e+00
1.55000000e+03,4.36352088e+00,4.98967854e-04,1.76818750e+00,2.59483442e+00
1.56000000e+03,4.35841564e+00,4.92342155e-04,1.76607061e+00,2.59185268e+00
1.57000000e+03,4.35447850e+00,5.23477047e-04,1.76402234e+00,2.58993269e+00
1.58000000e+03,4.34771848e+00,4.77845468e-04,1.76212085e+00,2.58511979e+00
1.59000000e+03,4.33969441e+00,4.94808172e-04,1.76070633e+00,2.57849327e+00
1.60000000e+03,4.33245853e+00,4.99044365e-04,1.75899240e+00,2.57296709e+00
1.61000000e+03,4.32400359e+00,5.09499161e-04,1.75664283e+00,2.56685126e+00
1.62000000e+03,4.31314182e+00,5.18622347e-04,1.75434928e+00,2.55827391e+00
1.63000000e+03,4.30471871e+00,5.34102799e-04,1.75186732e+00,2.55231729e+00
1.64000000e+03,4.29724217e+00,5.39603408e-04,1.74880128e+00,2.54790129e+00
1.65000000e+03,4.28908051e+00,5.31469544e-04,1.74585581e+00,2.54269323e+00
1.66000000e+03,4.28264093e+00,5.72643609e-04,1.74298971e+00,2.53907857e+00
1.67000000e+03,4.27503633e+00,5.69919703e-04,1.73958723e+00,2.53487918e+00
1.68000000e+03,4.26778354e+00,6.62749986e-04,1.73556437e+00,2.53155641e+00
1.69000000e+03,4.26176537e+00,5.43322858e-04,1.73215855e+00,2.52906350e+00
1.70000000e+03,4.25569038e+00,5.35627653e-04,1.72825941e+00,2.52689534e+00
1.71000000e+03,4.24468537e+00,5.36475910e-04,1.72510174e+00,2.51904715e+00
1.72000000e+03,4.23129291e+00,5.61305822e-04,1.72210352e+00,2.50862808e+00
1.73000000e+03,4.22020996e+00,5.77651246e-04,1.71850060e+00,2.50113171e+00
1.74000000e+03,4.21003545e+00,5.88472041e-04,1.71455608e+00,2.49489089e+00
1.75000000e+03,4.20065297e+00,5.94730567e-04,1.71075085e+00,2.48930739e+00
1.76000000e+03,4.19121167e+00,5.93476594e-04,1.70685018e+00,2.48376801e+00
1.77000000e+03,4.18021460e+00,6.22039972e-04,1.70308177e+00,2.47651079e+00
1.78000000e+03,4.17112599e+00,7.61550117e-04,1.69807581e+00,2.47228863e+00
1.79000000e+03,4.16829066e+00,6.75972831e-04,1.69348886e+00,2.47412583e+00
1.80000000e+03,4.16355617e+00,6.21710914e-04,1.68914413e+00,2.47379032e+00
1.81000000e+03,4.14971053e+00,6.35823075e-04,1.68539644e+00,2.46367827e+00
1.82000000e+03,4.13639421e+00,6.65624522e-04,1.68246797e+00,2.45326062e+00
1.83000000e+03,4.12339547e+00,6.79270334e-04,1.67912884e+00,2.44358736e+00
1.84000000e+03,4.11225818e+00,6.89499663e-04,1.67535152e+00,2.43621716e+00
1.85000000e+03,4.10162529e+00,7.25740960e-04,1.67087768e+00,2.43002187e+00
1.86000000e+03,4.09098499e+00,7.14090898e-04,1.66650378e+00,2.42376712e+00
1.87000000e+03,4.07984452e+00,8.16351678e-04,1.66191292e+00,2.41711525e+00
1.88000000e+03,4.07147205e+00,7.86258866e-04,1.65774159e+00,2.41294420e+00
1.89000000e+03,4.06524145e+00,8.50743871e-04,1.65283643e+00,2.41155428e+00
1.90000000e+03,4.06497992e+00,9.04713320e-04,1.64794162e+00,2.41613359e+00
1.91000000e+03,4.05116898e+00,8.29610693e-04,1.64242010e+00,2.40791928e+00
1.92000000e+03,4.03583182e+00,8.16201560e-04,1.63807312e+00,2.39694250e+00
1.93000000e+03,4.02172318e+00,8.36465162e-04,1.63335610e+00,2.38753062e+00
1.94000000e+03,4.01055503e+00,9.36353009e-04,1.62808880e+00,2.38152988e+00
1.95000000e+03,3.99777542e+00,9.11995082e-04,1.62245580e+00,2.37440763e+00
1.96000000e+03,3.98803095e+00,8.94642951e-04,1.61741984e+00,2.36971647e+00
1.97000000e+03,3.97563014e+00,9.11936763e-04,1.61297003e+00,2.36174817e+00
1.98000000e+03,3.96310111e+00,9.31614639e-04,1.60818187e+00,2.35398763e+00
1.99000000e+03,3.95308569e+00,1.09367322e-03,1.60345942e+00,2.34853259e+00
2.00000000e+03,3.94164459e+00,1.10369856e-03,1.59775967e+00,2.34278123e+00
2.01000000e+03,3.92246137e+00,1.07801717e-03,1.58924317e+00,2.33214018e+00
2.02000000e+03,3.90281989e+00,1.10761704e-03,1.58199974e+00,2.31971253e+00
2.03000000e+03,3.88582878e+00,1.13575186e-03,1.57484137e+00,2.30985166e+00
2.04000000e+03,3.86711511e+00,1.34562938e-03,1.56676051e+00,2.29900896e+00
2.05000000e+03,3.85946599e+00,1.28091969e-03,1.55912565e+00,2.29905943e+00
2.06000000e+03,3.84259175e+00,1.21823092e-03,1.55141951e+00,2.28995401e+00
2.07000000e+03,3.82593283e+00,1.24362896e-03,1.54542575e+00,2.27926346e+00
2.08000000e+03,3.81319042e+00,1.36167643e-03,1.53927798e+00,2.27255076e+00
2.09000000e+03,3.80205744e+00,1.44159330e-03,1.53296123e+00,2.26765462e+00
2.10000000e+03,3.78673174e+00,1.31733374e-03,1.52628002e+00,2.25913439e+00
2.11000000e+03,3.76766073e+00,1.43204343e-03,1.51843118e+00,2.24779750e+00
2.12000000e+03,3.74872828e+00,1.58326410e-03,1.51136892e+00,2.23577609e+00
2.13000000e+03,3.73327495e+00,1.53315650e-03,1.50407005e+00,2.22767175e+00
2.14000000e+03,3.72308081e+00,1.63894887e-03,1.49788661e+00,2.22355526e+00
2.15000000e+03,3.70688769e+00,1.74847519e-03,1.49079088e+00,2.21434834e+00
2.16000000e+03,3.69788504e+00,1.79985984e-03,1.48468498e+00,2.21140020e+00
2.17000000e+03,3.68475812e+00,1.74017404e-03,1.47901219e+00,2.20400575e+00
2.18000000e+03,3.67224435e+00,1.71543426e-03,1.47359537e+00,2.19693355e+00
2.19000000e+03,3.65801694e+00,1.73692890e-03,1.46828833e+00,2.18799168e+00
2.20000000e+03,3.64581863e+00,1.74806818e-03,1.46296046e+00,2.18111010e+00
2.21000000e+03,3.62855676e+00,1.82565233e-03,1.45581609e+00,2.17091501e+00
2.22000000e+03,3.60851760e+00,2.13886536e-03,1.44878136e+00,2.15759738e+00
2.23000000e+03,3.59174619e+00,2.47319377e-03,1.44213302e+00,2.14713998e+00
2.24000000e+03,3.58525866e+00,1.99348082e-03,1.43787974e+00,2.14538544e+00
2.25000000e+03,3.56992131e+00,1.99974808e-03,1.43197565e+00,2.13594591e+00
2.26000000e+03,3.55723517e+00,2.06182318e-03,1.42489127e+00,2.13028207e+00
2.27000000e+03,3.54549245e+00,2.06421819e-03,1.41814751e+00,2.12528072e+00
2.28000000e+03,3.53037020e+00,2.08256720e-03,1.41241861e+00,2.11586902e+00
2.29000000e+03,3.51527438e+00,2.36972728e-03,1.40681991e+00,2.10608474e+00
2.30000000e+03,3.50624751e+00,2.25252042e-03,1.40167467e+00,2.10232032e+00
2.31000000e+03,3.48717451e+00,2.50106042e-03,1.39450743e+00,2.09016601e+00
2.32000000e+03,3.47073946e+00,2.63626184e-03,1.38796759e+00,2.08013561e+00
2.33000000e+03,3.45382054e+00,2.65398265e-03,1.38127788e+00,2.06988868e+00
2.34000000e+03,3.44250072e+00,2.87843740e-03,1.37585256e+00,2.06376973e+00
2.35000000e+03,3.42927005e+00,2.73984936e-03,1.36987085e+00,2.05665935e+00
2.36000000e+03,3.41266032e+00,2.82095037e-03,1.36371358e+00,2.04612578e+00
2.37000000e+03,3.39739768e+00,2.94939022e-03,1.35787274e+00,2.03657554e+00
2.38000000e+03,3.38263467e+00,3.06906592e-03,1.35171376e+00,2.02785184e+00
2.39000000e+03,3.36866603e+00,3.13759893e-03,1.34551222e+00,2.02001622e+00
2.40000000e+03,3.35612906e+00,3.27267959e-03,1.33948551e+00,2.01337087e+00
2.41000000e+03,3.33723935e+00,3.55952247e-03,1.33153533e+00,2.00214450e+00
2.42000000e+03,3.31954151e+00,3.74955352e-03,1.32416850e+00,1.99162345e+00
2.43000000e+03,3.30712356e+00,3.69022209e-03,1.31863846e+00,1.98479488e+00
2.44000000e+03,3.29351046e+00,3.69161401e-03,1.31243487e+00,1.97738398e+00
2.45000000e+03,3.27626108e+00,3.66934479e-03,1.30585705e+00,1.96673468e+00
2.46000000e+03,3.25970318e+00,3.72824979e-03,1.29976073e+00,1.95621420e+00
2.47000000e+03,3.24766012e+00,3.71150591e-03,1.29465683e+00,1.94929179e+00
2.48000000e+03,3.23304130e+00,3.57291645e-03,1.28905559e+00,1.94041279e+00
2.49000000e+03,3.22066458e+00,3.37464648e-03,1.28477800e+00,1.93251194e+00
2.50000000e+03,3.20512166e+00,3.40693336e-03,1.28042425e+00,1.92129047e+00
2.51000000e+03,3.19540488e+00,4.77548180e-03,1.27554884e+00,1.91508056e+00
2.52000000e+03,3.18235305e+00,3.11951269e-03,1.27124796e+00,1.90798558e+00
2.53000000e+03,3.17092426e+00,3.06511622e-03,1.26734920e+00,1.90050995e+00
2.54000000e+03,3.15534582e+00,3.02456568e-03,1.26271464e+00,1.88960661e+00
2.55000000e+03,3.13965687e+00,2.78948626e-03,1.25820884e+00,1.87865855e+00
2.56000000e+03,3.12747365e+00,2.65866630e-03,1.25431116e+00,1.87050383e+00
2.57000000e+03,3.11515180e+00,2.56807354e-03,1.25038658e+00,1.86219715e+00
2.58000000e+03,3.10349649e+00,2.49935343e-03,1.24670079e+00,1.85429635e+00
2.59000000e+03,3.09216093e+00,2.44226493e-03,1.24281081e+00,1.84690786e+00
2.60000000e+03,3.08262544e+00,2.46999358e-03,1.23933042e+00,1.84082502e+00
2.61000000e+03,3.07160180e+00,2.36869516e-03,1.23510172e+00,1.83413139e+00
2.62000000e+03,3.06050104e+00,2.33639105e-03,1.23105142e+00,1.82711323e+00
2.63000000e+03,3.05066504e+00,2.37081077e-03,1.22720850e+00,1.82108572e+00
2.64000000e+03,3.03989624e+00,2.28759650e-03,1.22332524e+00,1.81428340e+00
2.65000000e+03,3.02937437e+00,2.27741715e-03,1.21956292e+00,1.80753404e+00
2.66000000e+03,3.02376634e+00,2.49222674e-03,1.21596559e+00,1.80530852e+00
2.67000000e+03,3.01541474e+00,2.26005605e-03,1.21218696e+00,1.80096772e+00
2.68000000e+03,3.00585537e+00,2.18413679e-03,1.20864503e+00,1.79502620e+00
2.69000000e+03,2.99614909e+00,2.17151155e-03,1.20536546e+00,1.78861212e+00
2.70000000e+03,2.98634072e+00,2.15545284e-03,1.20215431e+00,1.78203096e+00
2.71000000e+03,2.97589648e+00,2.15163856e-03,1.19845450e+00,1.77529034e+00
2.72000000e+03,2.96610286e+00,2.18757306e-03,1.19470735e+00,1.76920794e+00
2.73000000e+03,2.96230573e+00,2.50359645e-03,1.19132818e+00,1.76847395e+00
2.74000000e+03,2.95401929e+00,2.16448405e-03,1.18781184e+00,1.76404296e+00
2.75000000e+03,2.94446900e+00,2.07682209e-03,1.18418105e+00,1.75821112e+00
2.76000000e+03,2.93594439e+00,2.13524179e-03,1.17999413e+00,1.75381502e+00
2.77000000e+03,2.92582572e+00,2.11391679e-03,1.17599261e+00,1.74771919e+00
2.78000000e+03,2.91674551e+00,2.06050615e-03,1.17204321e+00,1.74264179e+00
2.79000000e+03,2.90854752e+00,2.06898365e-03,1.16839508e+00,1.73808346e+00
2.80000000e+03,2.89964697e+00,2.09923139e-03,1.16486476e+00,1.73268298e+00
2.81000000e+03,2.88976189e+00,2.11985152e-03,1.16061982e+00,1.72702222e+00
2.82000000e+03,2.88036212e+00,2.18545416e-03,1.15654437e+00,1.72163230e+00
2.83000000e+03,2.87137665e+00,2.07532527e-03,1.15247985e+00,1.71682148e+00
2.84000000e+03,2.86112681e+00,2.03136351e-03,1.14861436e+00,1.71048109e+00
2.85000000e+03,2.84953952e+00,2.08814670e-03,1.14470017e+00,1.70275120e+00
2.86000000e+03,2.84027232e+00,2.03194265e-03,1.14089271e+00,1.69734768e+00
2.87000000e+03,2.82999849e+00,2.02482253e-03,1.13700771e+00,1.69096595e+00
2.88000000e+03,2.81989061e+00,2.02114019e-03,1.13310193e+00,1.68476754e+00
2.89000000e+03,2.80936556e+00,2.09023666e-03,1.12900626e+00,1.67826906e+00
2.90000000e+03,2.80162727e+00,2.02086225e-03,1.12517886e+00,1.67442755e+00
2.91000000e+03,2.78830948e+00,2.03065491e-03,1.12000714e+00,1.66627168e+00
2.92000000e+03,2.77393033e+00,2.04852572e-03,1.11455222e+00,1.65732958e+00
2.93000000e+03,2.76026231e+00,2.05663042e-03,1.10925955e+00,1.64894613e+00
2.94000000e+03,2.74928550e+00,2.20293498e-03,1.10422242e+00,1.64286015e+00
2.95000000e+03,2.73914702e+00,2.14410828e-03,1.09928892e+00,1.63771399e+00
2.96000000e+03,2.72830713e+00,2.08031146e-03,1.09474280e+00,1.63148402e+00
2.97000000e+03,2.71553239e+00,2.07232448e-03,1.09038253e+00,1.62307754e+00
2.98000000e+03,2.70461430e+00,2.06099636e-03,1.08620029e+00,1.61635302e+00
2.99000000e+03,2.69329224e+00,2.06915088e-03,1.08217910e+00,1.60904399e+00
3.00000000e+03,2.68345666e+00,2.04665543e-03,1.07794799e+00,1.60346202e+00
3.01000000e+03,2.67125698e+00,2.13504491e-03,1.07348646e+00,1.59563547e+00
3.02000000e+03,2.66109129e+00,2.17741411e-03,1.06951563e+00,1.58939825e+00
3.03000000e+03,2.65232722e+00,2.13537984e-03,1.06576894e+00,1.58442289e+00
3.04000000e+03,2.64282871e+00,2.04987472e-03,1.06201017e+00,1.57876866e+00
3.05000000e+03,2.63263561e+00,2.02017490e-03,1.05831402e+00,1.57230141e+00
3.06000000e+03,2.62217337e+00,2.00954216e-03,1.05470059e+00,1.56546324e+00
3.07000000e+03,2.61331424e+00,2.37089692e-03,1.05132204e+00,1.55962130e+00
3.08000000e+03,2.60613520e+00,2.09744102e-03,1.04755312e+00,1.55648464e+00
3.09000000e+03,2.59944278e+00,2.00554429e-03,1.04423553e+00,1.55320171e+00
3.10000000e+03,2.58886983e+00,2.01833794e-03,1.04069053e+00,1.54616096e+00
3.11000000e+03,2.57380773e+00,2.10967583e-03,1.03546542e+00,1.53623264e+00
3.12000000e+03,2.55824348e+00,2.15999264e-03,1.03028533e+00,1.52579816e+00
3.13000000e+03,2.54448379e+00,2.19399068e-03,1.02473938e+00,1.51755041e+00
3.14000000e+03,2.53389721e+00,2.25519874e-03,1.01990777e+00,1.51173424e+00
3.15000000e+03,2.52038672e+00,2.24445676e-03,1.01506407e+00,1.50307819e+00
3.16000000e+03,2.50966345e+00,2.23829451e-03,1.01054367e+00,1.49688148e+00
3.17000000e+03,2.49884579e+00,2.24690911e-03,1.00604950e+00,1.49054938e+00
3.18000000e+03,2.48865298e+00,2.27599556e-03,1.00193848e+00,1.48443850e+00
3.19000000e+03,2.47807175e+00,2.31361011e-03,9.97405501e-01,1.47835263e+00
3.20000000e+03,2.46937686e+00,2.26819282e-03,9.93879927e-01,1.47322874e+00
3.21000000e+03,2.45800310e+00,2.62624523e-03,9.88665570e-01,1.46671128e+00
3.22000000e+03,2.44387706e+00,2.43037130e-03,9.83788799e-01,1.45765789e+00
3.23000000e+03,2.43028530e+00,2.53792799e-03,9.78815726e-01,1.44893165e+00
3.24000000e+03,2.41885786e+00,2.54651290e-03,9.74394733e-01,1.44191662e+00
3.25000000e+03,2.40788766e+00,2.55785506e-03,9.69954053e-01,1.43537575e+00
3.26000000e+03,2.39842264e+00,2.74313893e-03,9.65676352e-01,1.43000315e+00
3.27000000e+03,2.38888893e+00,2.54684307e-03,9.61670185e-01,1.42467190e+00
3.28000000e+03,2.37900416e+00,2.55810643e-03,9.57717401e-01,1.41872865e+00
3.29000000e+03,2.36882705e+00,2.62131800e-03,9.53813574e-01,1.41239216e+00
3.30000000e+03,2.35917826e+00,2.64351840e-03,9.50468996e-01,1.40606575e+00
3.31000000e+03,2.34216001e+00,3.18335697e-03,9.44074953e-01,1.39490170e+00
3.32000000e+03,2.32551820e+00,3.30797164e-03,9.37987842e-01,1.38422238e+00
3.33000000e+03,2.31224348e+00,3.32862003e-03,9.32580543e-01,1.37633432e+00
3.34000000e+03,2.30028795e+00,3.32383211e-03,9.27878413e-01,1.36908571e+00
3.35000000e+03,2.28925026e+00,3.33212392e-03,9.24033954e-01,1.36188418e+00
3.36000000e+03,2.27944904e+00,3.32367647e-03,9.20385667e-01,1.35573970e+00
3.37000000e+03,2.27094386e+00,3.42739590e-03,9.16894570e-01,1.35062190e+00
3.38000000e+03,2.26186521e+00,3.29769174e-03,9.13705388e-01,1.34486213e+00
3.39000000e+03,2.25371849e+00,3.24642208e-03,9.10814475e-01,1.33965760e+00
3.40000000e+03,2.24586941e+00,3.21102796e-03,9.07920357e-01,1.33473802e+00
3.41000000e+03,2.23791764e+00,3.26503821e-03,9.05017179e-01,1.32963542e+00
3.42000000e+03,2.23049588e+00,3.17396109e-03,9.02107882e-01,1.32521404e+00
3.43000000e+03,2.22297071e+00,3.35524325e-03,8.99539641e-01,1.32007583e+00
3.44000000e+03,2.21589975e+00,3.16701027e-03,8.96995647e-01,1.31573709e+00
3.45000000e+03,2.20941558e+00,3.20225995e-03,8.94471335e-01,1.31174199e+00
3.46000000e+03,2.20336783e+00,3.09333760e-03,8.91984544e-01,1.30828995e+00
3.47000000e+03,2.19676839e+00,3.13065838e-03,8.89564554e-01,1.30407317e+00
3.48000000e+03,2.19158670e+00,3.10741141e-03,8.86971328e-01,1.30150796e+00
3.49000000e+03,2.18530696e+00,3.07294808e-03,8.84583229e-01,1.29765079e+00
3.50000000e+03,2.18001088e+00,3.09191220e-03,8.82498359e-01,1.29442061e+00
3.51000000e+03,2.17071902e+00,3.27979097e-03,8.77200744e-01,1.29023849e+00
3.52000000e+03,2.16196699e+00,3.34669486e-03,8.73987539e-01,1.28463275e+00
3.53000000e+03,2.15409490e+00,3.37280260e-03,8.71152990e-01,1.27956911e+00
3.54000000e+03,2.14488523e+00,3.25181793e-03,8.67993036e-01,1.27364038e+00
3.55000000e+03,2.13800535e+00,3.21247677e-03,8.64790478e-01,1.27000239e+00
3.56000000e+03,2.12933500e+00,3.22030971e-03,8.61337864e-01,1.26477683e+00
3.57000000e+03,2.12275829e+00,3.24010555e-03,8.58228092e-01,1.26129009e+00
3.58000000e+03,2.11652924e+00,3.31552117e-03,8.55462525e-01,1.25775119e+00
3.59000000e+03,2.10907045e+00,3.27955700e-03,8.52319824e-01,1.25347107e+00
3.60000000e+03,2.10200493e+00,3.29483847e-03,8.49262546e-01,1.24944755e+00
3.61000000e+03,2.09251781e+00,3.32256978e-03,8.45596201e-01,1.24359904e+00
3.62000000e+03,2.08428215e+00,3.34283900e-03,8.42577844e-01,1.23836147e+00
3.63000000e+03,2.07676936e+00,3.35308863e-03,8.39505035e-01,1.23391124e+00
3.64000000e+03,2.06937826e+00,3.44648423e-03,8.36419199e-01,1.22951258e+00
3.65000000e+03,2.06203924e+00,3.40692916e-03,8.33155891e-01,1.22547642e+00
3.66000000e+03,2.05438764e+00,3.40043219e-03,8.29839401e-01,1.22114781e+00
3.67000000e+03,2.04658524e+00,3.41693597e-03,8.26421135e-01,1.21674717e+00
3.68000000e+03,2.04017556e+00,3.42135871e-03,8.23368327e-01,1.21338587e+00
3.69000000e+03,2.03281393e+00,3.44288997e-03,8.20010351e-01,1.20936068e+00
3.70000000e+03,2.02516559e+00,3.45085895e-03,8.16730983e-01,1.20498374e+00
3.71000000e+03,2.01484287e+00,3.64993014e-03,8.12312920e-01,1.19888002e+00
3.72000000e+03,2.00971768e+00,3.57896231e-03,8.09116667e-01,1.19702205e+00
3.73000000e+03,2.00124682e+00,3.57301754e-03,8.05452820e-01,1.19222099e+00
3.74000000e+03,1.99288411e+00,3.58922537e-03,8.01826724e-01,1.18746816e+00
3.75000000e+03,1.98411689e+00,3.58498939e-03,7.98254797e-01,1.18227711e+00
3.76000000e+03,1.97512654e+00,3.59788208e-03,7.94562212e-01,1.17696645e+00
3.77000000e+03,1.96646971e+00,3.60409228e-03,7.90979144e-01,1.17188648e+00
3.78000000e+03,1.95765197e+00,3.68214910e-03,7.87192249e-01,1.16677757e+00
3.79000000e+03,1.95124271e+00,3.62955025e-03,7.84165805e-01,1.16344736e+00
3.80000000e+03,1.94400392e+00,3.70166912e-03,7.80771313e-01,1.15953093e+00
3.81000000e+03,1.93125622e+00,4.42504731e-03,7.76274259e-01,1.15055691e+00
3.82000000e+03,1.91830332e+00,4.24983380e-03,7.70440876e-01,1.14361261e+00
3.83000000e+03,1.90813675e+00,4.10180489e-03,7.66967208e-01,1.13706774e+00
3.84000000e+03,1.89690953e+00,4.15240279e-03,7.62607816e-01,1.13014931e+00
3.85000000e+03,1.88691359e+00,4.15629922e-03,7.58502813e-01,1.12425447e+00
3.86000000e+03,1.87708838e+00,4.16442209e-03,7.54646160e-01,1.11827780e+00
3.87000000e+03,1.86750245e+00,4.17179514e-03,7.50886521e-01,1.11244413e+00
3.88000000e+03,1.85808913e+00,4.17279508e-03,7.47205365e-01,1.10671097e+00
3.89000000e+03,1.84844335e+00,4.17694141e-03,7.43574178e-01,1.10069223e+00
3.90000000e+03,1.84115388e+00,4.23896581e-03,7.40352848e-01,1.09656207e+00
3.91000000e+03,1.82469433e+00,4.68194032e-03,7.33677981e-01,1.08633441e+00
3.92000000e+03,1.81374148e+00,4.54357707e-03,7.29430987e-01,1.07976692e+00
3.93000000e+03,1.80093042e+00,4.43315034e-03,7.25399340e-01,1.07109793e+00
3.94000000e+03,1.78970097e+00,4.46484940e-03,7.21316558e-01,1.06391957e+00
3.95000000e+03,1.77929589e+00,4.48531029e-03,7.17506778e-01,1.05730380e+00
3.96000000e+03,1.76965494e+00,4.49518761e-03,7.13881426e-01,1.05127833e+00
3.97000000e+03,1.76053584e+00,4.51527565e-03,7.10418275e-01,1.04560229e+00
3.98000000e+03,1.75184072e+00,4.50817111e-03,7.07082517e-01,1.04025003e+00
3.99000000e+03,1.74426282e+00,4.49986004e-03,7.03793910e-01,1.03596905e+00
4.00000000e+03,1.73635603e+00,4.49488071e-03,7.00666842e-01,1.03119430e+00
4.01000000e+03,1.73117796e+00,4.92784648e-03,6.97931179e-01,1.02831893e+00
4.02000000e+03,1.72065005e+00,4.67202040e-03,6.94125500e-01,1.02185253e+00
4.03000000e+03,1.71362502e+00,4.59396550e-03,6.91348631e-01,1.01768243e+00
4.04000000e+03,1.70631279e+00,4.52447252e-03,6.88473293e-01,1.01331503e+00
4.05000000e+03,1.69965406e+00,4.48876310e-03,6.85679310e-01,1.00948599e+00
4.06000000e+03,1.69269530e+00,4.46728178e-03,6.82920367e-01,1.00530765e+00
4.07000000e+03,1.68491765e+00,4.49939967e-03,6.80059330e-01,1.00035892e+00
4.08000000e+03,1.68081048e+00,4.43845982e-03,6.77547605e-01,9.98824416e-01
4.09000000e+03,1.67395251e+00,4.41784932e-03,6.74678199e-01,9.94856463e-01
4.10000000e+03,1.66842742e+00,4.35245567e-03,6.72372643e-01,9.91702326e-01
4.11000000e+03,1.66123495e+00,4.33843133e-03,6.69714572e-01,9.87181944e-01
4.12000000e+03,1.65473520e+00,4.30682228e-03,6.67247056e-01,9.83181317e-01
4.13000000e+03,1.64802235e+00,4.28438044e-03,6.64657955e-01,9.79080010e-01
4.14000000e+03,1.64182097e+00,4.30887905e-03,6.62119375e-01,9.75392714e-01
4.15000000e+03,1.63588616e+00,4.32394848e-03,6.59438576e-01,9.72123633e-01
4.16000000e+03,1.62943614e+00,4.30489614e-03,6.56857827e-01,9.68273412e-01
4.17000000e+03,1.62364680e+00,4.18703037e-03,6.54214410e-01,9.65245358e-01
4.18000000e+03,1.61742620e+00,4.16457276e-03,6.51639566e-01,9.61622061e-01
4.19000000e+03,1.61129961e+00,4.14581236e-03,6.49033293e-01,9.58120502e-01
4.20000000e+03,1.60475977e+00,4.22624137e-03,6.46312265e-01,9.54221264e-01
4.21000000e+03,1.59686266e+00,4.38394457e-03,6.42889369e-01,9.49589342e-01
4.22000000e+03,1.58660014e+00,4.34371559e-03,6.38604608e-01,9.43651821e-01
4.23000000e+03,1.57957080e+00,4.24725249e-03,6.35523782e-01,9.39799765e-01
4.24000000e+03,1.57261040e+00,4.20583868e-03,6.32197634e-01,9.36206928e-01
4.25000000e+03,1.56570557e+00,4.18864742e-03,6.29007071e-01,9.32509853e-01
4.26000000e+03,1.55868480e+00,4.18731732e-03,6.25835869e-01,9.28661618e-01
4.27000000e+03,1.55175215e+00,4.25751010e-03,6.22654463e-01,9.24840176e-01
4.28000000e+03,1.54514124e+00,4.18977170e-03,6.19681470e-01,9.21269996e-01
4.29000000e+03,1.53847791e+00,4.18176037e-03,6.16686053e-01,9.17610095e-01
4.30000000e+03,1.53184479e+00,4.19091212e-03,6.13755719e-01,9.13898157e-01
4.31000000e+03,1.52446080e+00,4.53212954e-03,6.10502434e-01,9.09426238e-01
4.32000000e+03,1.51761100e+00,4.24596423e-03,6.07281103e-01,9.06083934e-01
4.33000000e+03,1.51051694e+00,4.29156095e-03,6.03956086e-01,9.02269293e-01
4.34000000e+03,1.50426481e+00,4.29383731e-03,6.00753273e-01,8.99217702e-01
4.35000000e+03,1.49725472e+00,4.30351470e-03,5.97605051e-01,8.95346159e-01
4.36000000e+03,1.49095076e+00,4.31770206e-03,5.94765011e-01,8.91868050e-01
4.37000000e+03,1.48430970e+00,4.29523328e-03,5.91998078e-01,8.88016391e-01
4.38000000e+03,1.47770362e+00,4.31400749e-03,5.89176334e-01,8.84213282e-01
4.39000000e+03,1.47085219e+00,4.31105479e-03,5.86337255e-01,8.80203884e-01
4.40000000e+03,1.46436912e+00,4.31386911e-03,5.83521387e-01,8.76533864e-01
4.41000000e+03,1.45778766e+00,4.72957102e-03,5.80506949e-01,8.72551138e-01
4.42000000e+03,1.45236918e+00,4.35417403e-03,5.77924218e-01,8.70090784e-01
4.43000000e+03,1.44575791e+00,4.39727582e-03,5.75170250e-01,8.66190381e-01
4.44000000e+03,1.44007438e+00,4.34682719e-03,5.72861793e-01,8.62865756e-01
4.45000000e+03,1.43433480e+00,4.32750125e-03,5.70563051e-01,8.59444253e-01
4.46000000e+03,1.42864950e+00,4.36270363e-03,5.68185790e-01,8.56101002e-01
4.47000000e+03,1.42402057e+00,4.39203872e-03,5.65802747e-01,8.53825780e-01
4.48000000e+03,1.41790829e+00,4.33896872e-03,5.63313162e-01,8.50256163e-01
4.49000000e+03,1.41182121e+00,4.32451903e-03,5.60858036e-01,8.46638655e-01
4.50000000e+03,1.40576318e+00,4.31973901e-03,5.58409390e-01,8.43034053e-01
4.51000000e+03,1.39932286e+00,4.50046520e-03,5.55783520e-01,8.39038871e-01
4.52000000e+03,1.39368278e+00,4.33521029e-03,5.53129195e-01,8.36218380e-01
4.53000000e+03,1.38784305e+00,4.42249745e-03,5.50781167e-01,8.32639385e-01
4.54000000e+03,1.38145108e+00,4.37338245e-03,5.48107404e-01,8.28970297e-01
4.55000000e+03,1.37505729e+00,4.33415948e-03,5.45696259e-01,8.25026876e-01
4.56000000e+03,1.36893209e+00,4.33296583e-03,5.43246295e-01,8.21352828e-01
4.57000000e+03,1.36270529e+00,4.33929966e-03,5.40756054e-01,8.17609936e-01
4.58000000e+03,1.35657629e+00,4.35431870e-03,5.38299947e-01,8.13922028e-01
4.59000000e+03,1.35112181e+00,4.32547526e-03,5.35962556e-01,8.10833778e-01
4.60000000e+03,1.34587162e+00,4.29889623e-03,5.33733017e-01,8.07839711e-01
4.61000000e+03,1.33815407e+00,4.65849353e-03,5.30896375e-01,8.02599206e-01
4.62000000e+03,1.33557397e+00,4.37151503e-03,5.29021871e-01,8.02180585e-01
4.63000000e+03,1.33258196e+00,4.29157949e-03,5.27340487e-01,8.00949894e-01
4.64000000e+03,1.32651147e+00,4.27313497e-03,5.25253115e-01,7.96985219e-01
4.65000000e+03,1.32103120e+00,4.25996996e-03,5.23275191e-01,7.93496039e-01
4.66000000e+03,1.31642168e+00,4.25072602e-03,5.21387011e-01,7.90783940e-01
4.67000000e+03,1.31077080e+00,4.28297048e-03,5.19197724e-01,7.87290103e-01
4.68000000e+03,1.30642486e+00,4.24885067e-03,5.17344614e-01,7.84831395e-01
4.69000000e+03,1.30169717e+00,4.23815135e-03,5.15476566e-01,7.81982451e-01
4.70000000e+03,1.29677668e+00,4.22493568e-03,5.13596359e-01,7.78955386e-01
4.71000000e+03,1.29148246e+00,4.22343624e-03,5.11585157e-01,7.75673862e-01
4.72000000e+03,1.28654885e+00,4.21490730e-03,5.09676692e-01,7.72657253e-01
4.73000000e+03,1.28166431e+00,4.22887111e-03,5.07775086e-01,7.69660354e-01
4.74000000e+03,1.27703747e+00,4.21685621e-03,5.05925775e-01,7.66894837e-01
4.75000000e+03,1.27217385e+00,4.19004654e-03,5.04065069e-01,7.63918737e-01
4.76000000e+03,1.26737864e+00,4.18214160e-03,5.02223949e-01,7.60972555e-01
4.77000000e+03,1.26264598e+00,4.17568457e-03,5.00391149e-01,7.58079149e-01
4.78000000e+03,1.25791410e+00,4.25135791e-03,4.98459767e-01,7.55202978e-01
4.79000000e+03,1.25406753e+00,4.19069685e-03,4.96992449e-01,7.52884380e-01
4.80000000e+03,1.24932742e+00,4.15109556e-03,4.95118803e-01,7.50057522e-01
4.81000000e+03,1.24490993e+00,4.72247129e-03,4.93191505e-01,7.46995949e-01
4.82000000e+03,1.23978180e+00,4.22887064e-03,4.91477335e-01,7.44075598e-01
4.83000000e+03,1.23533720e+00,4.21213848e-03,4.89768425e-01,7.41356639e-01
4.84000000e+03,1.23084969e+00,4.19088783e-03,4.88034280e-01,7.38624526e-01
4.85000000e+03,1.22662429e+00,4.26611349e-03,4.86402927e-01,7.35955254e-01
4.86000000e+03,1.22304823e+00,4.17033752e-03,4.84671791e-01,7.34206099e-01
4.87000000e+03,1.21886349e+00,4.15724018e-03,4.83103115e-01,7.31603132e-01
4.88000000e+03,1.21463750e+00,4.15589200e-03,4.81564386e-01,7.28917221e-01
4.89000000e+03,1.21086438e+00,4.15704531e-03,4.80051964e-01,7.26655372e-01
4.90000000e+03,1.20662347e+00,4.14542935e-03,4.78435353e-01,7.24042685e-01
4.91000000e+03,1.20032924e+00,4.18363602e-03,4.76147949e-01,7.19997658e-01
4.92000000e+03,1.19550181e+00,4.20586117e-03,4.74082924e-01,7.17213028e-01
4.93000000e+03,1.19066703e+00,4.17940585e-03,4.71634094e-01,7.14853533e-01
4.94000000e+03,1.18559381e+00,4.17959867e-03,4.69578164e-01,7.11836049e-01
4.95000000e+03,1.18067097e+00,4.19064949e-03,4.67630186e-01,7.08850135e-01
4.96000000e+03,1.17658946e+00,4.16075563e-03,4.66090175e-01,7.06338524e-01
4.97000000e+03,1.17150595e+00,4.15595505e-03,4.64295000e-01,7.03054998e-01
4.98000000e+03,1.16717434e+00,4.14134765e-03,4.62689765e-01,7.00343228e-01
4.99000000e+03,1.16248341e+00,4.13155795e-03,4.60958402e-01,6.97393446e-01
5.00000000e+03,1.15782177e+00,4.12230000e-03,4.59209654e-01,6.94489816e-01
5.01000000e+03,1.15328480e+00,4.13063619e-03,4.57294650e-01,6.91859510e-01
5.02000000e+03,1.14901334e+00,4.12713879e-03,4.55482697e-01,6.89403507e-01
5.03000000e+03,1.14460218e+00,4.10803051e-03,4.53933289e-01,6.86560862e-01
5.04000000e+03,1.14005685e+00,4.10367637e-03,4.52399057e-01,6.83554121e-01
5.05000000e+03,1.13600470e+00,4.08686908e-03,4.50850096e-01,6.81067738e-01
5.06000000e+03,1.13176791e+00,4.07660423e-03,4.49296588e-01,6.78394713e-01
5.07000000e+03,1.12762974e+00,4.06524542e-03,4.47741577e-01,6.75822919e-01
5.08000000e+03,1.12350040e+00,4.05307788e-03,4.46171749e-01,6.73275577e-01
5.09000000e+03,1.11945044e+00,4.05445355e-03,4.44609819e-01,6.70786172e-01
5.10000000e+03,1.11556835e+00,4.07686263e-03,4.43059855e-01,6.68431630e-01
5.11000000e+03,1.11053649e+00,4.30363784e-03,4.41142370e-01,6.65090485e-01
5.12000000e+03,1.10511787e+00,4.19865190e-03,4.39356343e-01,6.61562872e-01
5.13000000e+03,1.10031255e+00,4.20133218e-03,4.37549948e-01,6.58561266e-01
5.14000000e+03,1.09567020e+00,4.17835964e-03,4.35813083e-01,6.55678762e-01
5.15000000e+03,1.09120009e+00,4.17306863e-03,4.34107303e-01,6.52919723e-01
5.16000000e+03,1.08678604e+00,4.16925383e-03,4.32432255e-01,6.50184534e-01
5.17000000e+03,1.08235063e+00,4.16888431e-03,4.30757801e-01,6.47423945e-01
5.18000000e+03,1.07749914e+00,4.30858054e-03,4.28913940e-01,6.44276621e-01
5.19000000e+03,1.07454876e+00,4.15620530e-03,4.27598608e-01,6.42793951e-01
5.20000000e+03,1.07065351e+00,4.14521274e-03,4.26028353e-01,6.40479942e-01
5.21000000e+03,1.06467300e+00,4.16348929e-03,4.24049539e-01,6.36459973e-01
5.22000000e+03,1.05842000e+00,4.22723884e-03,4.22009700e-01,6.32183064e-01
5.23000000e+03,1.05482998e+00,4.20367535e-03,4.20304943e-01,6.30321361e-01
5.24000000e+03,1.04997640e+00,4.17644787e-03,4.18497870e-01,6.27302085e-01
5.25000000e+03,1.04497837e+00,4.16684701e-03,4.16755946e-01,6.24055581e-01
5.26000000e+03,1.04012129e+00,4.16427058e-03,4.15094775e-01,6.20862244e-01
5.27000000e+03,1.03605095e+00,4.14544373e-03,4.13619723e-01,6.18285787e-01
5.28000000e+03,1.03180000e+00,4.17452820e-03,4.12108639e-01,6.15516836e-01
5.29000000e+03,1.02752656e+00,4.15065599e-03,4.10583634e-01,6.12792275e-01
5.30000000e+03,1.02342994e+00,4.13711698e-03,4.09113273e-01,6.10179549e-01
5.31000000e+03,1.01889968e+00,4.18070961e-03,4.07461043e-01,6.07257923e-01
5.32000000e+03,1.01458102e+00,4.21701934e-03,4.05913532e-01,6.04450473e-01
5.33000000e+03,1.01019038e+00,4.16480686e-03,4.04370972e-01,6.01654604e-01
5.34000000e+03,1.00591677e+00,4.14682957e-03,4.02915960e-01,5.98853985e-01
5.35000000e+03,1.00178867e+00,4.13765659e-03,4.01490560e-01,5.96160455e-01
5.36000000e+03,9.97766215e-01,4.12973244e-03,4.00070842e-01,5.93565640e-01
5.37000000e+03,9.93531465e-01,4.18412904e-03,3.98614761e-01,5.90732575e-01
5.38000000e+03,9.89461313e-01,4.29019743e-03,3.97218435e-01,5.87952680e-01
5.39000000e+03,9.86752837e-01,4.14843011e-03,3.96113462e-01,5.86490945e-01
5.40000000e+03,9.83802059e-01,4.08923487e-03,3.95009711e-01,5.84703114e-01
5.41000000e+03,9.79263374e-01,4.13352511e-03,3.93434181e-01,5.81695668e-01
5.42000000e+03,9.75086105e-01,4.17383354e-03,3.91865965e-01,5.79046307e-01
5.43000000e+03,9.70718454e-01,4.12083599e-03,3.90264883e-01,5.76332735e-01
5.44000000e+03,9.66876552e-01,4.11462869e-03,3.88788445e-01,5.73973478e-01
5.45000000e+03,9.62894771e-01,4.10923544e-03,3.87404602e-01,5.71380933e-01
5.46000000e+03,9.58988970e-01,4.10278871e-03,3.86115340e-01,5.68770841e-01
5.47000000e+03,9.55227112e-01,4.09456084e-03,3.84887868e-01,5.66244684e-01
5.48000000e+03,9.51555145e-01,4.08607185e-03,3.83686969e-01,5.63782105e-01
5.49000000e+03,9.48016064e-01,4.07545528e-03,3.82513815e-01,5.61426794e-01
5.50000000e+03,9.44528751e-01,4.06452030e-03,3.81357029e-01,5.59107202e-01
5.51000000e+03,9.41100124e-01,4.05235903e-03,3.80180963e-01,5.56866802e-01
5.52000000e+03,9.37834110e-01,4.03730314e-03,3.79052081e-01,5.54744725e-01
5.53000000e+03,9.34587901e-01,4.02354118e-03,3.77951402e-01,5.52612959e-01
5.54000000e+03,9.31396593e-01,4.00962961e-03,3.76880004e-01,5.50506960e-01
5.55000000e+03,9.28791240e-01,4.03323593e-03,3.75899963e-01,5.48858041e-01
5.56000000e+03,9.25233057e-01,4.12071563e-03,3.74780288e-01,5.46332053e-01
5.57000000e+03,9.22802894e-01,3.98236949e-03,3.73887752e-01,5.44932772e-01
5.58000000e+03,9.20162712e-01,3.95467321e-03,3.73006572e-01,5.43201467e-01
5.59000000e+03,9.17249362e-01,3.93902779e-03,3.72088915e-01,5.41221420e-01
5.60000000e+03,9.14379826e-01,3.95401220e-03,3.71170693e-01,5.39255120e-01
5.61000000e+03,9.11164539e-01,4.13634100e-03,3.70060664e-01,5.36967534e-01
5.62000000e+03,9.08371455e-01,4.02204125e-03,3.68923533e-01,5.35425881e-01
5.63000000e+03,9.04984187e-01,4.01691648e-03,3.67656458e-01,5.33310813e-01
5.64000000e+03,9.02812333e-01,3.99400334e-03,3.66619828e-01,5.32198501e-01
5.65000000e+03,9.00161683e-01,4.02749824e-03,3.65711198e-01,5.30422986e-01
5.66000000e+03,8.96960760e-01,3.97513964e-03,3.64813628e-01,5.28171993e-01
5.67000000e+03,8.93897002e-01,3.97974398e-03,3.63982784e-01,5.25934474e-01
5.68000000e+03,8.91382083e-01,3.96001613e-03,3.63201742e-01,5.24220324e-01
5.69000000e+03,8.88603295e-01,3.99056130e-03,3.62401318e-01,5.22211416e-01
5.70000000e+03,8.86218278e-01,3.96041810e-03,3.61637832e-01,5.20620028e-01
5.71000000e+03,8.82663629e-01,3.97176900e-03,3.60609255e-01,5.18082605e-01
5.72000000e+03,8.79493132e-01,3.97833532e-03,3.59669945e-01,5.15844852e-01
5.73000000e+03,8.76770751e-01,3.96994994e-03,3.58771331e-01,5.14029469e-01
5.74000000e+03,8.74048074e-01,3.96337234e-03,3.57881738e-01,5.12202964e-01
5.75000000e+03,8.71336731e-01,3.96309610e-03,3.57017299e-01,5.10356336e-01
5.76000000e+03,8.68464726e-01,4.08675217e-03,3.56165910e-01,5.08212064e-01
5.77000000e+03,8.66513184e-01,3.97689046e-03,3.55385935e-01,5.07150359e-01
5.78000000e+03,8.64482300e-01,3.93448785e-03,3.54632091e-01,5.05915721e-01
5.79000000e+03,8.62229406e-01,3.92988352e-03,3.53875112e-01,5.04424411e-01
5.80000000e+03,8.59841126e-01,3.91969502e-03,3.53121233e-01,5.02800197e-01
5.81000000e+03,8.57397257e-01,3.91872313e-03,3.52294286e-01,5.01184248e-01
5.82000000e+03,8.55048800e-01,3.90857572e-03,3.51478836e-01,4.99661389e-01
5.83000000e+03,8.52781737e-01,3.90812650e-03,3.50699736e-01,4.98173874e-01
5.84000000e+03,8.50540713e-01,3.90931221e-03,3.49950775e-01,4.96680626e-01
5.85000000e+03,8.48338884e-01,3.88686860e-03,3.49226427e-01,4.95225588e-01
5.86000000e+03,8.46180505e-01,3.87965204e-03,3.48507432e-01,4.93793420e-01
5.87000000e+03,8.44035545e-01,3.87132361e-03,3.47803271e-01,4.92360950e-01
5.88000000e+03,8.41986634e-01,3.86171381e-03,3.47102901e-01,4.91022020e-01
5.89000000e+03,8.39965141e-01,3.85374406e-03,3.46410329e-01,4.89701068e-01
5.90000000e+03,8.38071852e-01,3.86212485e-03,3.45711451e-01,4.88498276e-01
5.91000000e+03,8.36000616e-01,3.84189774e-03,3.45022462e-01,4.87136256e-01
5.92000000e+03,8.33988664e-01,3.83482044e-03,3.44327751e-01,4.85826093e-01
5.93000000e+03,8.32211014e-01,3.84551406e-03,3.43628150e-01,4.84737351e-01
5.94000000e+03,8.30138119e-01,3.82450202e-03,3.42884553e-01,4.83429063e-01
5.95000000e+03,8.28005908e-01,3.83875528e-03,3.42198405e-01,4.81968748e-01
5.96000000e+03,8.26570857e-01,3.78953600e-03,3.41537090e-01,4.81244231e-01
5.97000000e+03,8.24577424e-01,3.78148197e-03,3.40933481e-01,4.79862462e-01
5.98000000e+03,8.23006664e-01,3.75819305e-03,3.40326151e-01,4.78922320e-01
5.99000000e+03,8.21212435e-01,3.74789902e-03,3.39725133e-01,4.77739403e-01
6.00000000e+03,8.19364553e-01,3.73936690e-03,3.39124146e-01,4.76501040e-01
6.01000000e+03,8.17512000e-01,3.75411529e-03,3.38467254e-01,4.75290631e-01
6.02000000e+03,8.16237025e-01,3.82618810e-03,3.37729295e-01,4.74681541e-01
6.03000000e+03,8.14478029e-01,3.72960342e-03,3.37009703e-01,4.73738722e-01
6.04000000e+03,8.12685765e-01,3.71278689e-03,3.36349909e-01,4.72623069e-01
6.05000000e+03,8.10922238e-01,3.70812097e-03,3.35732197e-01,4.71481920e-01
6.06000000e+03,8.09072497e-01,3.70749800e-03,3.35152206e-01,4.70212793e-01
6.07000000e+03,8.07608010e-01,3.68275134e-03,3.34565251e-01,4.69360007e-01
6.08000000e+03,8.05939446e-01,3.67001381e-03,3.33987819e-01,4.68281613e-01
6.09000000e+03,8.04206148e-01,3.66123226e-03,3.33411372e-01,4.67133543e-01
6.10000000e+03,8.02532810e-01,3.65223636e-03,3.32830867e-01,4.66049706e-01
6.11000000e+03,8.00907197e-01,3.64187760e-03,3.32255217e-01,4.65010103e-01
6.12000000e+03,7.99184287e-01,3.70822898e-03,3.31703562e-01,4.63772496e-01
6.13000000e+03,7.98171567e-01,3.61684465e-03,3.31104260e-01,4.63450463e-01
6.14000000e+03,7.96685787e-01,3.60506812e-03,3.30542350e-01,4.62538369e-01
6.15000000e+03,7.95029663e-01,3.58915642e-03,3.29989577e-01,4.61450930e-01
6.16000000e+03,7.93437094e-01,3.58227455e-03,3.29439833e-01,4.60414987e-01
6.17000000e+03,7.91989481e-01,3.57012246e-03,3.28884949e-01,4.59534410e-01
6.18000000e+03,7.90545929e-01,3.56395710e-03,3.28342257e-01,4.58639715e-01
6.19000000e+03,7.89064366e-01,3.55093231e-03,3.27799683e-01,4.57713751e-01
6.20000000e+03,7.87596414e-01,3.54008641e-03,3.27256682e-01,4.56799646e-01
6.21000000e+03,7.86436948e-01,3.53648428e-03,3.26687211e-01,4.56213252e-01
6.22000000e+03,7.86110454e-01,3.59125442e-03,3.26115633e-01,4.56403567e-01
6.23000000e+03,7.84212070e-01,3.52084202e-03,3.25410391e-01,4.55280837e-01
6.24000000e+03,7.83222785e-01,3.49323333e-03,3.24862096e-01,4.54867455e-01
6.25000000e+03,7.81851482e-01,3.50369107e-03,3.24343661e-01,4.54004130e-01
6.26000000e+03,7.80308085e-01,3.47982180e-03,3.23883762e-01,4.52944501e-01
6.27000000e+03,7.78971421e-01,3.46985461e-03,3.23440294e-01,4.52061272e-01
6.28000000e+03,7.77542125e-01,3.45780544e-03,3.22984800e-01,4.51099520e-01
6.29000000e+03,7.76213655e-01,3.44807720e-03,3.22531036e-01,4.50234542e-01
6.30000000e+03,7.74873349e-01,3.44033088e-03,3.22064624e-01,4.49368394e-01
6.31000000e+03,7.75571295e-01,5.24858168e-03,3.21645381e-01,4.48677333e-01
6.32000000e+03,7.72895800e-01,3.69521865e-03,3.21172535e-01,4.48028047e-01
6.33000000e+03,7.71510416e-01,3.47711842e-03,3.20716167e-01,4.47317131e-01
6.34000000e+03,7.70273154e-01,3.40468626e-03,3.20261280e-01,4.46607188e-01
6.35000000e+03,7.69080893e-01,3.39900725e-03,3.19804752e-01,4.45877134e-01
6.36000000e+03,7.67851011e-01,3.38131743e-03,3.19349797e-01,4.45119897e-01
6.37000000e+03,7.66633494e-01,3.37162155e-03,3.18892438e-01,4.44369434e-01
6.38000000e+03,7.65415455e-01,3.36317291e-03,3.18435165e-01,4.43617117e-01
6.39000000e+03,7.64199290e-01,3.35643043e-03,3.17977749e-01,4.42865110e-01
6.40000000e+03,7.62983561e-01,3.34992099e-03,3.17520118e-01,4.42113522e-01
6.41000000e+03,7.61925738e-01,3.33819094e-03,3.17068829e-01,4.41518719e-01
6.42000000e+03,7.60946610e-01,3.33053938e-03,3.16627174e-01,4.40988897e-01
6.43000000e+03,7.59983080e-01,3.34568015e-03,3.16178217e-01,4.40459183e-01
6.44000000e+03,7.58845911e-01,3.31940907e-03,3.15762418e-01,4.39764085e-01
6.45000000e+03,7.57706542e-01,3.30062324e-03,3.15317056e-01,4.39088863e-01
6.46000000e+03,7.56568558e-01,3.29454153e-03,3.14881776e-01,4.38392240e-01
6.47000000e+03,7.55434354e-01,3.28714638e-03,3.14448463e-01,4.37698745e-01
6.48000000e+03,7.54308563e-01,3.28047914e-03,3.14009556e-01,4.37018528e-01
6.49000000e+03,7.53205472e-01,3.27916371e-03,3.13573875e-01,4.36352434e-01
6.50000000e+03,7.52191528e-01,3.27764005e-03,3.13123766e-01,4.35790122e-01
6.51000000e+03,7.50953772e-01,3.26207884e-03,3.12677861e-01,4.35013833e-01
6.52000000e+03,7.49891758e-01,3.25745996e-03,3.12237754e-01,4.34396543e-01
6.53000000e+03,7.48574305e-01,3.24786764e-03,3.11713757e-01,4.33612681e-01
6.54000000e+03,7.47545570e-01,3.25450249e-03,3.11233612e-01,4.33057455e-01
6.55000000e+03,7.46279091e-01,3.23506997e-03,3.10819884e-01,4.32224138e-01
6.56000000e+03,7.45195633e-01,3.22874269e-03,3.10409505e-01,4.31557386e-01
6.57000000e+03,7.43967903e-01,3.22414899e-03,3.10014178e-01,4.30729576e-01
6.58000000e+03,7.42877336e-01,3.22173774e-03,3.09605369e-01,4.30050229e-01
6.59000000e+03,7.41735297e-01,3.22320748e-03,3.09202422e-01,4.29309667e-01
6.60000000e+03,7.40596179e-01,3.20852816e-03,3.08800840e-01,4.28586811e-01
6.61000000e+03,7.39569892e-01,3.20062699e-03,3.08388591e-01,4.27980674e-01
6.62000000e+03,7.38653560e-01,3.21700926e-03,3.07982698e-01,4.27453853e-01
6.63000000e+03,7.37616148e-01,3.18709583e-03,3.07598461e-01,4.26830591e-01
6.64000000e+03,7.36587414e-01,3.17885207e-03,3.07201429e-01,4.26207133e-01
6.65000000e+03,7.35548677e-01,3.17197750e-03,3.06802400e-01,4.25574300e-01
6.66000000e+03,7.34495069e-01,3.16548548e-03,3.06404458e-01,4.24925126e-01
6.67000000e+03,7.33439362e-01,3.16017655e-03,3.06006154e-01,4.24273032e-01
6.68000000e+03,7.32374833e-01,3.15484907e-03,3.05608824e-01,4.23611160e-01
6.69000000e+03,7.31265991e-01,3.15199884e-03,3.05216140e-01,4.22897852e-01
6.70000000e+03,7.30089661e-01,3.17350385e-03,3.04836304e-01,4.22079853e-01
6.71000000e+03,7.28472828e-01,3.49438151e-03,3.04219558e-01,4.20758888e-01
6.72000000e+03,7.26180311e-01,3.34077997e-03,3.03447257e-01,4.19392274e-01
6.73000000e+03,7.25136672e-01,3.34750081e-03,3.02736264e-01,4.19052907e-01
6.74000000e+03,7.23859461e-01,3.32778896e-03,3.02006632e-01,4.18525040e-01
6.75000000e+03,7.21875484e-01,3.35129946e-03,3.01451096e-01,4.17073089e-01
6.76000000e+03,7.20292303e-01,3.35748989e-03,3.00883324e-01,4.16051489e-01
6.77000000e+03,7.18743948e-01,3.36721837e-03,3.00392264e-01,4.14984465e-01
6.78000000e+03,7.17328518e-01,3.37674793e-03,2.99902645e-01,4.14049124e-01
6.79000000e+03,7.15964087e-01,3.38595520e-03,2.99424001e-01,4.13154130e-01
6.80000000e+03,7.14630961e-01,3.39399156e-03,2.98949831e-01,4.12287138e-01
6.81000000e+03,7.13439966e-01,3.39559290e-03,2.98487800e-01,4.11556573e-01
6.82000000e+03,7.12359690e-01,3.43144160e-03,2.98038444e-01,4.10889804e-01
6.83000000e+03,7.11178556e-01,3.40711878e-03,2.97608776e-01,4.10162662e-01
6.84000000e+03,7.10002605e-01,3.39892017e-03,2.97167262e-01,4.09436423e-01
6.85000000e+03,7.08836910e-01,3.40218205e-03,2.96723913e-01,4.08710814e-01
6.86000000e+03,7.07670186e-01,3.40268400e-03,2.96287563e-01,4.07979939e-01
6.87000000e+03,7.06511553e-01,3.40217274e-03,2.95857167e-01,4.07252214e-01
6.88000000e+03,7.05356999e-01,3.40216898e-03,2.95428976e-01,4.06525854e-01
6.89000000e+03,7.04205669e-01,3.40198758e-03,2.95002711e-01,4.05800970e-01
6.90000000e+03,7.03060933e-01,3.40131253e-03,2.94578783e-01,4.05080837e-01
6.91000000e+03,7.02048779e-01,3.39543235e-03,2.94164029e-01,4.04489318e-01
6.92000000e+03,7.01094650e-01,3.38920798e-03,2.93762132e-01,4.03943310e-01
6.93000000e+03,7.00102623e-01,3.38471836e-03,2.93359852e-01,4.03358052e-01
6.94000000e+03,6.99087757e-01,3.38009710e-03,2.92961200e-01,4.02746460e-01
6.95000000e+03,6.98063072e-01,3.37567568e-03,2.92563200e-01,4.02124196e-01
6.96000000e+03,6.97038993e-01,3.37892093e-03,2.92163693e-01,4.01496379e-01
6.97000000e+03,6.95970355e-01,3.36736574e-03,2.91780549e-01,4.00822441e-01
6.98000000e+03,6.94905166e-01,3.38252263e-03,2.91398993e-01,4.00123651e-01
6.99000000e+03,6.93940814e-01,3.36485592e-03,2.90986186e-01,3.99589772e-01
7.00000000e+03,6.92819321e-01,3.36022889e-03,2.90616158e-01,3.98842934e-01
7.01000000e+03,6.91428031e-01,3.41137005e-03,2.90107500e-01,3.97909161e-01
7.02000000e+03,6.89688291e-01,3.37140583e-03,2.89687138e-01,3.96629747e-01
7.03000000e+03,6.88003482e-01,3.34688824e-03,2.89241143e-01,3.95415451e-01
7.04000000e+03,6.86532017e-01,3.33952076e-03,2.88786008e-01,3.94406488e-01
7.05000000e+03,6.85158811e-01,3.33575649e-03,2.88344433e-01,3.93478621e-01
7.06000000e+03,6.83843817e-01,3.33088786e-03,2.87908699e-01,3.92604230e-01
7.07000000e+03,6.82597693e-01,3.32568896e-03,2.87472064e-01,3.91799941e-01
7.08000000e+03,6.81378310e-01,3.32007870e-03,2.87041998e-01,3.91016234e-01
7.09000000e+03,6.80193225e-01,3.31420956e-03,2.86613604e-01,3.90265412e-01
7.10000000e+03,6.79035246e-01,3.30816578e-03,2.86186367e-01,3.89540713e-01
7.11000000e+03,6.78134357e-01,3.30386801e-03,2.85780958e-01,3.89049531e-01
7.12000000e+03,6.77924038e-01,3.32027042e-03,2.85298986e-01,3.89304781e-01
7.13000000e+03,6.77031348e-01,3.30206970e-03,2.84787732e-01,3.88941546e-01
7.14000000e+03,6.76109634e-01,3.27316118e-03,2.84345574e-01,3.88490899e-01
7.15000000e+03,6.75065359e-01,3.25932113e-03,2.83972342e-01,3.87833697e-01
7.16000000e+03,6.73992795e-01,3.25167079e-03,2.83625077e-01,3.87116047e-01
7.17000000e+03,6.72909022e-01,3.24477821e-03,2.83291030e-01,3.86373214e-01
7.18000000e+03,6.71910840e-01,3.24684787e-03,2.82951815e-01,3.85712177e-01
7.19000000e+03,6.70805661e-01,3.23268791e-03,2.82619447e-01,3.84953527e-01
7.20000000e+03,6.69864464e-01,3.24324300e-03,2.82269389e-01,3.84351832e-01
7.21000000e+03,6.68970703e-01,3.59957202e-03,2.81772694e-01,3.83598437e-01
7.22000000e+03,6.67691520e-01,3.38801540e-03,2.81464220e-01,3.82839285e-01
7.23000000e+03,6.66512592e-01,3.26603560e-03,2.81017092e-01,3.82229464e-01
7.24000000e+03,6.65482980e-01,3.24444910e-03,2.80657056e-01,3.81581475e-01
7.25000000e+03,6.64462861e-01,3.23269878e-03,2.80280099e-01,3.80950063e-01
7.26000000e+03,6.63458094e-01,3.22910966e-03,2.79902388e-01,3.80326597e-01
7.27000000e+03,6.62452797e-01,3.22843176e-03,2.79537285e-01,3.79687080e-01
7.28000000e+03,6.61472099e-01,3.22817914e-03,2.79170429e-01,3.79073490e-01
7.29000000e+03,6.60526750e-01,3.21738807e-03,2.78798856e-01,3.78510505e-01
7.30000000e+03,6.59578703e-01,3.21453662e-03,2.78427753e-01,3.77936413e-01
7.31000000e+03,6.58526443e-01,3.20899694e-03,2.78048287e-01,3.77269160e-01
7.32000000e+03,6.57510475e-01,3.20523390e-03,2.77666224e-01,3.76639018e-01
7.33000000e+03,6.56545394e-01,3.20178090e-03,2.77288643e-01,3.76054970e-01
7.34000000e+03,6.55606581e-01,3.19884481e-03,2.76924569e-01,3.75483167e-01
7.35000000e+03,6.54643254e-01,3.22054997e-03,2.76575610e-01,3.74847094e-01
7.36000000e+03,6.53896437e-01,3.18400612e-03,2.76203723e-01,3.74508708e-01
7.37000000e+03,6.53017686e-01,3.18078771e-03,2.75848190e-01,3.73988709e-01
7.38000000e+03,6.52053801e-01,3.17396635e-03,2.75503714e-01,3.73376121e-01
7.39000000e+03,6.51153507e-01,3.16863447e-03,2.75155839e-01,3.72829034e-01
7.40000000e+03,6.50281864e-01,3.16241497e-03,2.74806572e-01,3.72312877e-01
7.41000000e+03,6.49472677e-01,3.15328204e-03,2.74470686e-01,3.71848709e-01
7.42000000e+03,6.48726909e-01,3.14380568e-03,2.74138434e-01,3.71444669e-01
7.43000000e+03,6.47934996e-01,3.13635071e-03,2.73802048e-01,3.70996597e-01
7.44000000e+03,6.47108401e-01,3.13873840e-03,2.73469478e-01,3.70500185e-01
7.45000000e+03,6.46366274e-01,3.12501585e-03,2.73137450e-01,3.70103808e-01
7.46000000e+03,6.45510418e-01,3.12200428e-03,2.72805755e-01,3.69582658e-01
7.47000000e+03,6.44659493e-01,3.10649574e-03,2.72481253e-01,3.69071744e-01
7.48000000e+03,6.43825512e-01,3.09925536e-03,2.72152874e-01,3.68573382e-01
7.49000000e+03,6.42954656e-01,3.09383405e-03,2.71832536e-01,3.68028286e-01
7.50000000e+03,6.42106833e-01,3.09741160e-03,2.71514715e-01,3.67494706e-01
7.51000000e+03,6.40829670e-01,3.09779229e-03,2.71091029e-01,3.66640848e-01
7.52000000e+03,6.39634097e-01,3.10088827e-03,2.70650843e-01,3.65882366e-01
7.53000000e+03,6.38644515e-01,3.10521914e-03,2.70249871e-01,3.65289425e-01
7.54000000e+03,6.37833479e-01,3.11651421e-03,2.69888805e-01,3.64828160e-01
7.55000000e+03,6.36975313e-01,3.09178184e-03,2.69458439e-01,3.64425093e-01
7.56000000e+03,6.36242454e-01,3.08549449e-03,2.69104973e-01,3.64051987e-01
7.57000000e+03,6.35246902e-01,3.08300765e-03,2.68739617e-01,3.63424278e-01
7.58000000e+03,6.34401873e-01,3.08640619e-03,2.68390284e-01,3.62925183e-01
7.59000000e+03,6.33673118e-01,3.07404959e-03,2.68037305e-01,3.62561764e-01
7.60000000e+03,6.32753310e-01,3.06711985e-03,2.67696174e-01,3.61990016e-01
7.61000000e+03,6.31896684e-01,3.05671815e-03,2.67359457e-01,3.61480508e-01
7.62000000e+03,6.31002036e-01,3.05201939e-03,2.67022413e-01,3.60927603e-01
7.63000000e+03,6.30164355e-01,3.06012705e-03,2.66679063e-01,3.60425166e-01
7.64000000e+03,6.29245140e-01,3.03404542e-03,2.66366558e-01,3.59844537e-01
7.65000000e+03,6.28385260e-01,3.03083564e-03,2.66036488e-01,3.59317936e-01
7.66000000e+03,6.27536109e-01,3.01984555e-03,2.65697500e-01,3.58818763e-01
7.67000000e+03,6.26668580e-01,3.01228025e-03,2.65372790e-01,3.58283510e-01
7.68000000e+03,6.25826866e-01,3.00500028e-03,2.65045070e-01,3.57776796e-01
7.69000000e+03,6.24985890e-01,2.99796116e-03,2.64717116e-01,3.57270813e-01
7.70000000e+03,6.24147305e-01,2.99081670e-03,2.64392135e-01,3.56764354e-01
7.71000000e+03,6.23803839e-01,2.98571246e-03,2.64127928e-01,3.56690198e-01
7.72000000e+03,6.23008872e-01,3.01052941e-03,2.63556444e-01,3.56441899e-01
7.73000000e+03,6.22639039e-01,2.99477799e-03,2.63243582e-01,3.56400679e-01
7.74000000e+03,6.22120523e-01,2.95901792e-03,2.62965633e-01,3.56195872e-01
7.75000000e+03,6.21545611e-01,2.94681475e-03,2.62710988e-01,3.55887809e-01
7.76000000e+03,6.20713184e-01,2.94192965e-03,2.62456032e-01,3.55315223e-01
7.77000000e+03,6.19840137e-01,2.92780201e-03,2.62197525e-01,3.54714810e-01
7.78000000e+03,6.19027209e-01,2.92055440e-03,2.61937658e-01,3.54168996e-01
7.79000000e+03,6.18238400e-01,2.91267104e-03,2.61679266e-01,3.53646462e-01
7.80000000e+03,6.17471531e-01,2.90480633e-03,2.61417926e-01,3.53148798e-01
7.81000000e+03,6.16775505e-01,2.89469579e-03,2.61160208e-01,3.52720601e-01
7.82000000e+03,6.16115509e-01,2.88513446e-03,2.60906390e-01,3.52323984e-01
7.83000000e+03,6.15431244e-01,2.92976816e-03,2.60665727e-01,3.51835749e-01
7.84000000e+03,6.14850008e-01,2.86970979e-03,2.60386167e-01,3.51594131e-01
7.85000000e+03,6.14157068e-01,2.86391990e-03,2.60112715e-01,3.51180433e-01
7.86000000e+03,6.13392259e-01,2.85148507e-03,2.59861545e-01,3.50679229e-01
7.87000000e+03,6.12689841e-01,2.84340798e-03,2.59599231e-01,3.50247202e-01
7.88000000e+03,6.11996496e-01,2.83585347e-03,2.59333019e-01,3.49827624e-01
7.89000000e+03,6.11284803e-01,2.82818896e-03,2.59072619e-01,3.49383995e-01
7.90000000e+03,6.10581893e-01,2.82081298e-03,2.58810866e-01,3.48950214e-01
7.91000000e+03,6.09949675e-01,2.81141587e-03,2.58546348e-01,3.48591911e-01
7.92000000e+03,6.09356204e-01,2.80175980e-03,2.58287721e-01,3.48266723e-01
7.93000000e+03,6.08745204e-01,2.79317455e-03,2.58023977e-01,3.47928052e-01
7.94000000e+03,6.08112039e-01,2.78503023e-03,2.57762151e-01,3.47564858e-01
7.95000000e+03,6.07467884e-01,2.77737501e-03,2.57500087e-01,3.47190423e-01
7.96000000e+03,6.06871783e-01,2.78099346e-03,2.57233141e-01,3.46857648e-01
7.97000000e+03,6.06182846e-01,2.76762668e-03,2.56981717e-01,3.46433502e-01
7.98000000e+03,6.05569002e-01,2.75895327e-03,2.56722011e-01,3.46088038e-01
7.99000000e+03,6.04851590e-01,2.74833048e-03,2.56469792e-01,3.45633468e-01
8.00000000e+03,6.04168779e-01,2.74158372e-03,2.56216562e-01,3.45210633e-01
8.01000000e+03,6.03553971e-01,2.95435990e-03,2.55985872e-01,3.44613739e-01
8.02000000e+03,6.03108311e-01,2.73538777e-03,2.55690377e-01,3.44682546e-01
8.03000000e+03,6.02428222e-01,2.72279134e-03,2.55429454e-01,3.44275977e-01
8.04000000e+03,6.01731065e-01,2.71896244e-03,2.55170894e-01,3.43841209e-01
8.05000000e+03,6.01062220e-01,2.72065525e-03,2.54919809e-01,3.43421756e-01
8.06000000e+03,6.00495140e-01,2.71123814e-03,2.54669900e-01,3.43114002e-01
8.07000000e+03,5.99850119e-01,2.70478045e-03,2.54423853e-01,3.42721486e-01
8.08000000e+03,5.99231192e-01,2.69783133e-03,2.54176958e-01,3.42356403e-01
8.09000000e+03,5.98629964e-01,2.69224811e-03,2.53931587e-01,3.42006129e-01
8.10000000e+03,5.98082107e-01,2.69571507e-03,2.53683320e-01,3.41703072e-01
8.11000000e+03,5.97220896e-01,2.69090018e-03,2.53420447e-01,3.41109549e-01
8.12000000e+03,5.96390634e-01,2.68067670e-03,2.53154158e-01,3.40555799e-01
8.13000000e+03,5.95644919e-01,2.68236825e-03,2.52884879e-01,3.40077672e-01
8.14000000e+03,5.94902210e-01,2.66991531e-03,2.52627580e-01,3.39604715e-01
8.15000000e+03,5.94209220e-01,2.66238251e-03,2.52350386e-01,3.39196451e-01
8.16000000e+03,5.93505332e-01,2.65556318e-03,2.52082552e-01,3.38767217e-01
8.17000000e+03,5.92799373e-01,2.65457879e-03,2.51813414e-01,3.38331380e-01
8.18000000e+03,5.92176952e-01,2.64567361e-03,2.51566816e-01,3.37964462e-01
8.19000000e+03,5.91503695e-01,2.64669710e-03,2.51306777e-01,3.37550221e-01
8.20000000e+03,5.90830208e-01,2.63755827e-03,2.51062378e-01,3.37130272e-01
8.21000000e+03,5.90263714e-01,2.67206681e-03,2.50772013e-01,3.36819634e-01
8.22000000e+03,5.89892496e-01,2.77700656e-03,2.50516125e-01,3.36599364e-01
8.23000000e+03,5.89095610e-01,2.70861571e-03,2.50258144e-01,3.36128849e-01
8.24000000e+03,5.88339939e-01,2.63239487e-03,2.49968478e-01,3.35739066e-01
8.25000000e+03,5.87695482e-01,2.63896586e-03,2.49686463e-01,3.35370054e-01
8.26000000e+03,5.87007091e-01,2.62279986e-03,2.49431170e-01,3.34953121e-01
8.27000000e+03,5.86362354e-01,2.61824899e-03,2.49179702e-01,3.34564403e-01
8.28000000e+03,5.85734099e-01,2.61387390e-03,2.48926862e-01,3.34193364e-01
8.29000000e+03,5.85102768e-01,2.60988154e-03,2.48676150e-01,3.33816736e-01
8.30000000e+03,5.84470730e-01,2.60609117e-03,2.48425744e-01,3.33438895e-01
8.31000000e+03,5.84005648e-01,2.59935581e-03,2.48188185e-01,3.33218107e-01
8.32000000e+03,5.84266884e-01,2.59839758e-03,2.47968191e-01,3.33700296e-01
8.33000000e+03,5.83867195e-01,2.58587138e-03,2.47655620e-01,3.33625703e-01
8.34000000e+03,5.83280222e-01,2.58107636e-03,2.47396324e-01,3.33302822e-01
8.35000000e+03,5.82625983e-01,2.57759317e-03,2.47172986e-01,3.32875404e-01
8.36000000e+03,5.82000305e-01,2.57401858e-03,2.46966810e-01,3.32459477e-01
8.37000000e+03,5.81385819e-01,2.56977680e-03,2.46769119e-01,3.32046923e-01
8.38000000e+03,5.80804136e-01,2.56507201e-03,2.46574677e-01,3.31664387e-01
8.39000000e+03,5.80226585e-01,2.56062473e-03,2.46377066e-01,3.31288895e-01
8.40000000e+03,5.79649450e-01,2.55638641e-03,2.46175011e-01,3.30918052e-01
8.41000000e+03,5.79124869e-01,2.55092355e-03,2.45968721e-01,3.30605225e-01
8.42000000e+03,5.78646107e-01,2.54473914e-03,2.45764942e-01,3.30336426e-01
8.43000000e+03,5.78147523e-01,2.53949677e-03,2.45556084e-01,3.30051942e-01
8.44000000e+03,5.77622359e-01,2.53881763e-03,2.45347906e-01,3.29735635e-01
8.45000000e+03,5.77063515e-01,2.54142388e-03,2.45143920e-01,3.29378172e-01
8.46000000e+03,5.76637488e-01,2.53415297e-03,2.44930086e-01,3.29173249e-01
8.47000000e+03,5.76080885e-01,2.52210077e-03,2.44716437e-01,3.28842347e-01
8.48000000e+03,5.75536517e-01,2.51785360e-03,2.44510753e-01,3.28507911e-01
8.49000000e+03,5.74985488e-01,2.51217349e-03,2.44301112e-01,3.28172203e-01
8.50000000e+03,5.74430138e-01,2.50815666e-03,2.44093894e-01,3.27828087e-01
8.51000000e+03,5.73836846e-01,2.54234187e-03,2.43862917e-01,3.27431587e-01
8.52000000e+03,5.73307203e-01,2.51557599e-03,2.43640643e-01,3.27150984e-01
8.53000000e+03,5.72778711e-01,2.49831511e-03,2.43418876e-01,3.26861519e-01
8.54000000e+03,5.72238424e-01,2.49756610e-03,2.43202843e-01,3.26538015e-01
8.55000000e+03,5.71703737e-01,2.49188619e-03,2.42970422e-01,3.26241428e-01
8.56000000e+03,5.71172659e-01,2.48718308e-03,2.42754494e-01,3.25930983e-01
8.57000000e+03,5.70630621e-01,2.48322252e-03,2.42542976e-01,3.25604423e-01
8.58000000e+03,5.70096261e-01,2.47931213e-03,2.42326208e-01,3.25290740e-01
8.59000000e+03,5.69563031e-01,2.47529254e-03,2.42112807e-01,3.24974932e-01
8.60000000e+03,5.69028392e-01,2.47133588e-03,2.41900019e-01,3.24657036e-01
8.61000000e+03,5.68553081e-01,2.46643999e-03,2.41682018e-01,3.24404624e-01
8.62000000e+03,5.68116682e-01,2.46092284e-03,2.41464923e-01,3.24190836e-01
8.63000000e+03,5.67661087e-01,2.45609300e-03,2.41246038e-01,3.23958956e-01
8.64000000e+03,5.67175258e-01,2.45167933e-03,2.41028614e-01,3.23694964e-01
8.65000000e+03,5.66670971e-01,2.44739750e-03,2.40813863e-01,3.23409710e-01
8.66000000e+03,5.66154266e-01,2.44415682e-03,2.40602804e-01,3.23107306e-01
8.67000000e+03,5.65633949e-01,2.44515399e-03,2.40395950e-01,3.22792846e-01
8.68000000e+03,5.65141073e-01,2.43520296e-03,2.40174903e-01,3.22530967e-01
8.69000000e+03,5.64621064e-01,2.43093245e-03,2.39961958e-01,3.22228173e-01
8.70000000e+03,5.64087497e-01,2.42699485e-03,2.39753485e-01,3.21907018e-01
8.71000000e+03,5.63615279e-01,2.42361451e-03,2.39525984e-01,3.21665681e-01
8.72000000e+03,5.63520490e-01,2.41855037e-03,2.39354481e-01,3.21747458e-01
8.73000000e+03,5.63010679e-01,2.41261463e-03,2.39079027e-01,3.21519038e-01
8.74000000e+03,5.62425810e-01,2.41390998e-03,2.38836849e-01,3.21175051e-01
8.75000000e+03,5.62096166e-01,2.40478806e-03,2.38668972e-01,3.21022406e-01
8.76000000e+03,5.61534347e-01,2.40213078e-03,2.38465082e-01,3.20667134e-01
8.77000000e+03,5.61014212e-01,2.39858385e-03,2.38268816e-01,3.20346812e-01
8.78000000e+03,5.60517168e-01,2.39502739e-03,2.38087463e-01,3.20034678e-01
8.79000000e+03,5.60012331e-01,2.39068595e-03,2.37881424e-01,3.19740222e-01
8.80000000e+03,5.59505320e-01,2.38729930e-03,2.37693422e-01,3.19424599e-01
8.81000000e+03,5.58699331e-01,2.38766574e-03,2.37484450e-01,3.18827214e-01
8.82000000e+03,5.57942687e-01,2.38215138e-03,2.37223432e-01,3.18337104e-01
8.83000000e+03,5.57231724e-01,2.38000692e-03,2.36970395e-01,3.17881322e-01
8.84000000e+03,5.56567470e-01,2.38537707e-03,2.36735457e-01,3.17446636e-01
8.85000000e+03,5.55933423e-01,2.38083707e-03,2.36501417e-01,3.17051168e-01
8.86000000e+03,5.55321765e-01,2.36954127e-03,2.36267036e-01,3.16685187e-01
8.87000000e+03,5.54737023e-01,2.36654556e-03,2.36034106e-01,3.16336372e-01
8.88000000e+03,5.54150782e-01,2.36297981e-03,2.35804496e-01,3.15983306e-01
8.89000000e+03,5.53576358e-01,2.36359759e-03,2.35574509e-01,3.15638252e-01
8.90000000e+03,5.53099377e-01,2.35737547e-03,2.35335236e-01,3.15406765e-01
8.91000000e+03,5.52398391e-01,2.35192047e-03,2.35088348e-01,3.14958123e-01
8.92000000e+03,5.51697220e-01,2.34865697e-03,2.34833475e-01,3.14515088e-01
8.93000000e+03,5.51022345e-01,2.34583471e-03,2.34580692e-01,3.14095818e-01
8.94000000e+03,5.50362622e-01,2.35072398e-03,2.34335069e-01,3.13676829e-01
8.95000000e+03,5.49798368e-01,2.34608460e-03,2.34067516e-01,3.13384768e-01
8.96000000e+03,5.49163482e-01,2.33636471e-03,2.33826559e-01,3.13000557e-01
8.97000000e+03,5.48554927e-01,2.33294121e-03,2.33582407e-01,3.12639579e-01
8.98000000e+03,5.47958759e-01,2.32974586e-03,2.33338092e-01,3.12290922e-01
8.99000000e+03,5.47372474e-01,2.32605684e-03,2.33095326e-01,3.11951091e-01
9.00000000e+03,5.46854263e-01,2.32043232e-03,2.32866026e-01,3.11667804e-01
9.01000000e+03,5.46234089e-01,2.31774172e-03,2.32605106e-01,3.11311241e-01
9.02000000e+03,5.45657900e-01,2.31441128e-03,2.32350125e-01,3.10993364e-01
9.03000000e+03,5.45095218e-01,2.31114538e-03,2.32103151e-01,3.10680922e-01
9.04000000e+03,5.44544959e-01,2.31279971e-03,2.31855922e-01,3.10376237e-01
9.05000000e+03,5.43931641e-01,2.30502366e-03,2.31613966e-01,3.10012651e-01
9.06000000e+03,5.43363733e-01,2.30010055e-03,2.31370785e-01,3.09692847e-01
9.07000000e+03,5.42781124e-01,2.29703556e-03,2.31128103e-01,3.09355985e-01
9.08000000e+03,5.42185760e-01,2.29382234e-03,2.30886225e-01,3.09005712e-01
9.09000000e+03,5.41604978e-01,2.29040948e-03,2.30645347e-01,3.08669221e-01
9.10000000e+03,5.41020759e-01,2.28713229e-03,2.30405839e-01,3.08327787e-01
9.11000000e+03,5.40546583e-01,2.28612216e-03,2.30191963e-01,3.08068498e-01
9.12000000e+03,5.40095479e-01,2.28649067e-03,2.29866155e-01,3.07942833e-01
9.13000000e+03,5.39859351e-01,2.27566204e-03,2.29662911e-01,3.07920778e-01
9.14000000e+03,5.39468090e-01,2.27021050e-03,2.29468924e-01,3.07728955e-01
9.15000000e+03,5.38825445e-01,2.26821011e-03,2.29236642e-01,3.07320593e-01
9.16000000e+03,5.38285263e-01,2.26580508e-03,2.29032513e-01,3.06986945e-01
9.17000000e+03,5.37768916e-01,2.26568392e-03,2.28830345e-01,3.06672887e-01
9.18000000e+03,5.37225166e-01,2.25875944e-03,2.28619860e-01,3.06346547e-01
9.19000000e+03,5.36668495e-01,2.25440579e-03,2.28409300e-01,3.06004789e-01
9.20000000e+03,5.36142616e-01,2.25041758e-03,2.28200462e-01,3.05691736e-01
9.21000000e+03,5.35615093e-01,2.24827648e-03,2.27976584e-01,3.05390233e-01
9.22000000e+03,5.35131485e-01,2.24499449e-03,2.27755015e-01,3.05131475e-01
9.23000000e+03,5.34649967e-01,2.24194524e-03,2.27533839e-01,3.04874183e-01
9.24000000e+03,5.34143315e-01,2.23979591e-03,2.27310079e-01,3.04593440e-01
9.25000000e+03,5.33648903e-01,2.24343316e-03,2.27083586e-01,3.04321884e-01
9.26000000e+03,5.33073886e-01,2.23491297e-03,2.26878472e-01,3.03960501e-01
9.27000000e+03,5.32572715e-01,2.23138121e-03,2.26652480e-01,3.03688854e-01
9.28000000e+03,5.32028147e-01,2.22848884e-03,2.26438713e-01,3.03360945e-01
9.29000000e+03,5.31505115e-01,2.22521611e-03,2.26218563e-01,3.03061336e-01
9.30000000e+03,5.30971230e-01,2.22207447e-03,2.26002382e-01,3.02746774e-01
9.31000000e+03,5.30448250e-01,2.22015640e-03,2.25773906e-01,3.02454187e-01
9.32000000e+03,5.29957508e-01,2.21743337e-03,2.25542430e-01,3.02197644e-01
9.33000000e+03,5.29457985e-01,2.21511608e-03,2.25311798e-01,3.01931071e-01
9.34000000e+03,5.28946236e-01,2.21581400e-03,2.25084097e-01,3.01646325e-01
9.35000000e+03,5.28431359e-01,2.21699372e-03,2.24859557e-01,3.01354808e-01
9.36000000e+03,5.27875337e-01,2.21011408e-03,2.24640509e-01,3.01024713e-01
9.37000000e+03,5.27359729e-01,2.20508549e-03,2.24416205e-01,3.00738438e-01
9.38000000e+03,5.26834603e-01,2.20230669e-03,2.24192428e-01,3.00439869e-01
9.39000000e+03,5.26297499e-01,2.20136849e-03,2.23974171e-01,3.00121959e-01
9.40000000e+03,5.25758490e-01,2.19727039e-03,2.23753943e-01,2.99807277e-01
9.41000000e+03,5.25153427e-01,2.19787165e-03,2.23516854e-01,2.99438702e-01
9.42000000e+03,5.24553025e-01,2.19576147e-03,2.23271172e-01,2.99086092e-01
9.43000000e+03,5.23971233e-01,2.19309640e-03,2.23034549e-01,2.98743588e-01
9.44000000e+03,5.23488237e-01,2.18755576e-03,2.22816170e-01,2.98484511e-01
9.45000000e+03,5.22786664e-01,2.19823233e-03,2.22529468e-01,2.98058963e-01
9.46000000e+03,5.22341086e-01,2.18614479e-03,2.22342268e-01,2.97812673e-01
9.47000000e+03,5.21766482e-01,2.18693295e-03,2.22098889e-01,2.97480660e-01
9.48000000e+03,5.21188529e-01,2.18426116e-03,2.21887100e-01,2.97117168e-01
9.49000000e+03,5.20664362e-01,2.18093779e-03,2.21663796e-01,2.96819628e-01
9.50000000e+03,5.20104485e-01,2.17954976e-03,2.21436030e-01,2.96488905e-01
9.51000000e+03,5.19436744e-01,2.23541271e-03,2.21188989e-01,2.96012341e-01
9.52000000e+03,5.19254815e-01,2.20911240e-03,2.20933606e-01,2.96112097e-01
9.53000000e+03,5.18670733e-01,2.19270920e-03,2.20702776e-01,2.95775247e-01
9.54000000e+03,5.18156432e-01,2.19199481e-03,2.20472557e-01,2.95491880e-01
9.55000000e+03,5.17506759e-01,2.18434751e-03,2.20232382e-01,2.95090029e-01
9.56000000e+03,5.16877675e-01,2.17950756e-03,2.20015202e-01,2.94682965e-01
9.57000000e+03,5.16270545e-01,2.17737127e-03,2.19792786e-01,2.94300387e-01
9.58000000e+03,5.15708785e-01,2.17606619e-03,2.19566673e-01,2.93966046e-01
9.59000000e+03,5.15153178e-01,2.17654069e-03,2.19349844e-01,2.93626793e-01
9.60000000e+03,5.14614955e-01,2.17494483e-03,2.19129027e-01,2.93310983e-01
9.61000000e+03,5.14213574e-01,2.16877206e-03,2.18929198e-01,2.93115605e-01
9.62000000e+03,5.14190644e-01,2.16067114e-03,2.18742626e-01,2.93287348e-01
9.63000000e+03,5.13653022e-01,2.16695490e-03,2.18495266e-01,2.92990801e-01
9.64000000e+03,5.13135843e-01,2.17051394e-03,2.18285075e-01,2.92680254e-01
9.65000000e+03,5.12676812e-01,2.16832904e-03,2.18105326e-01,2.92403157e-01
9.66000000e+03,5.12200560e-01,2.16630906e-03,2.17924082e-01,2.92110169e-01
9.67000000e+03,5.11720479e-01,2.16432335e-03,2.17739485e-01,2.91816671e-01
9.68000000e+03,5.11260121e-01,2.16245639e-03,2.17558448e-01,2.91539216e-01
9.69000000e+03,5.10806917e-01,2.16692079e-03,2.17377620e-01,2.91262377e-01
9.70000000e+03,5.10323921e-01,2.16004264e-03,2.17196268e-01,2.90967610e-01
9.71000000e+03,5.09354034e-01,2.16958598e-03,2.16909031e-01,2.90275417e-01
9.72000000e+03,5.08301304e-01,2.17708402e-03,2.16626942e-01,2.89497278e-01
9.73000000e+03,5.07509044e-01,2.18093350e-03,2.16356439e-01,2.88971672e-01
9.74000000e+03,5.06899072e-01,2.19227676e-03,2.16098039e-01,2.88608757e-01
9.75000000e+03,5.06269451e-01,2.18762724e-03,2.15869886e-01,2.88211938e-01
9.76000000e+03,5.05725052e-01,2.18539825e-03,2.15629189e-01,2.87910464e-01
9.77000000e+03,5.05143800e-01,2.18558124e-03,2.15401291e-01,2.87556928e-01
9.78000000e+03,5.04586165e-01,2.18555383e-03,2.15175128e-01,2.87225483e-01
9.79000000e+03,5.04043207e-01,2.18548399e-03,2.14950179e-01,2.86907544e-01
9.80000000e+03,5.03510295e-01,2.18519965e-03,2.14728853e-01,2.86596242e-01
9.81000000e+03,5.02973304e-01,2.18722096e-03,2.14504377e-01,2.86281706e-01
9.82000000e+03,5.02498195e-01,2.18721210e-03,2.14279608e-01,2.86031375e-01
9.83000000e+03,5.02018353e-01,2.18897822e-03,2.14057380e-01,2.85771995e-01
9.84000000e+03,5.01515284e-01,2.19226463e-03,2.13836510e-01,2.85486509e-01
9.85000000e+03,5.01006443e-01,2.18780892e-03,2.13618439e-01,2.85200195e-01
9.86000000e+03,5.00502220e-01,2.18746825e-03,2.13401465e-01,2.84913287e-01
9.87000000e+03,4.99998707e-01,2.18647456e-03,2.13186777e-01,2.84625456e-01
9.88000000e+03,4.99497396e-01,2.18584638e-03,2.12973644e-01,2.84337906e-01
9.89000000e+03,4.98998105e-01,2.18509730e-03,2.12761018e-01,2.84051990e-01
9.90000000e+03,4.98501113e-01,2.18424365e-03,2.12549590e-01,2.83767279e-01
9.91000000e+03,4.97986251e-01,2.18815346e-03,2.12330712e-01,2.83467385e-01
9.92000000e+03,4.97522933e-01,2.18710100e-03,2.12111337e-01,2.83224495e-01
9.93000000e+03,4.97054509e-01,2.18820189e-03,2.11893063e-01,2.82973245e-01
9.94000000e+03,4.96552715e-01,2.18780706e-03,2.11677644e-01,2.82687264e-01
9.95000000e+03,4.96059222e-01,2.18749410e-03,2.11463338e-01,2.82408390e-01
9.96000000e+03,4.95566415e-01,2.18709743e-03,2.11250267e-01,2.82129051e-01
9.97000000e+03,4.95072693e-01,2.18657250e-03,2.11039015e-01,2.81847106e-01
9.98000000e+03,4.94580196e-01,2.18597128e-03,2.10829077e-01,2.81565148e-01
9.99000000e+03,4.94088759e-01,2.18523675e-03,2.10619772e-01,2.81283751e-01
1.00000000e+04,4.93596148e-01,2.18472175e-03,2.10411463e-01,2.80999964e-01
1.00100000e+04,4.93034730e-01,2.18947641e-03,2.10185465e-01,2.80659788e-01
1.00200000e+04,4.92524917e-01,2.20081559e-03,2.09938615e-01,2.80385486e-01
1.00300000e+04,4.92432135e-01,2.18210763e-03,2.09784650e-01,2.80465378e-01
1.00400000e+04,4.91993928e-01,2.18595052e-03,2.09597408e-01,2.80210569e-01
1.00500000e+04,4.91430535e-01,2.19177949e-03,2.09387363e-01,2.79851393e-01
1.00600000e+04,4.91010989e-01,2.18647315e-03,2.09213300e-01,2.79611216e-01
1.00700000e+04,4.90575799e-01,2.18347395e-03,2.09036056e-01,2.79356269e-01
1.00800000e+04,4.90105094e-01,2.18696835e-03,2.08840613e-01,2.79077512e-01
1.00900000e+04,4.89623535e-01,2.19144009e-03,2.08664285e-01,2.78767809e-01
1.01000000e+04,4.89184888e-01,2.18621941e-03,2.08484655e-01,2.78514014e-01
1.01100000e+04,4.88517291e-01,2.21266926e-03,2.08205784e-01,2.78098838e-01
1.01200000e+04,4.87780891e-01,2.22538777e-03,2.07986155e-01,2.77569348e-01
1.01300000e+04,4.87284104e-01,2.21876728e-03,2.07736469e-01,2.77328868e-01
1.01400000e+04,4.86760810e-01,2.23042971e-03,2.07506027e-01,2.77024353e-01
1.01500000e+04,4.86199948e-01,2.22823110e-03,2.07294671e-01,2.76677046e-01
1.01600000e+04,4.85681941e-01,2.22967983e-03,2.07080260e-01,2.76372001e-01
1.01700000e+04,4.85168507e-01,2.23180719e-03,2.06871637e-01,2.76065062e-01
1.01800000e+04,4.84674849e-01,2.23363571e-03,2.06660182e-01,2.75781032e-01
1.01900000e+04,4.84186199e-01,2.23516109e-03,2.06452129e-01,2.75498909e-01
1.02000000e+04,4.83703893e-01,2.23646799e-03,2.06244703e-01,2.75222722e-01
1.02100000e+04,4.83191984e-01,2.24228673e-03,2.06032796e-01,2.74916902e-01
1.02200000e+04,4.82755577e-01,2.25297892e-03,2.05814880e-01,2.74687718e-01
1.02300000e+04,4.82275550e-01,2.25035042e-03,2.05608732e-01,2.74416468e-01
1.02400000e+04,4.81802530e-01,2.25066242e-03,2.05408448e-01,2.74143419e-01
1.02500000e+04,4.81326399e-01,2.25102268e-03,2.05194223e-01,2.73881153e-01
1.02600000e+04,4.80847605e-01,2.25207509e-03,2.04995558e-01,2.73599972e-01
1.02700000e+04,4.80378443e-01,2.25327901e-03,2.04790026e-01,2.73335138e-01
1.02800000e+04,4.79917444e-01,2.25690325e-03,2.04590171e-01,2.73070370e-01
1.02900000e+04,4.79434045e-01,2.25528507e-03,2.04392300e-01,2.72786460e-01
1.03000000e+04,4.78972979e-01,2.25489530e-03,2.04193148e-01,2.72524936e-01
1.03100000e+04,4.78391810e-01,2.26465228e-03,2.03971092e-01,2.72156066e-01
1.03200000e+04,4.77880122e-01,2.27011790e-03,2.03745795e-01,2.71864208e-01
1.03300000e+04,4.77387842e-01,2.27642517e-03,2.03527163e-01,2.71584254e-01
1.03400000e+04,4.76888642e-01,2.27572022e-03,2.03311992e-01,2.71300930e-01
1.03500000e+04,4.76397691e-01,2.27730571e-03,2.03099088e-01,2.71021297e-01
1.03600000e+04,4.75907980e-01,2.27807930e-03,2.02886757e-01,2.70743144e-01
1.03700000e+04,4.75418841e-01,2.27932815e-03,2.02677061e-01,2.70462451e-01
1.03800000e+04,4.74932853e-01,2.28030022e-03,2.02469064e-01,2.70183489e-01
1.03900000e+04,4.74449894e-01,2.28123280e-03,2.02261883e-01,2.69906778e-01
1.04000000e+04,4.73972692e-01,2.28287371e-03,2.02056841e-01,2.69632978e-01
1.04100000e+04,4.73376518e-01,2.29063585e-03,2.01832632e-01,2.69253250e-01
1.04200000e+04,4.72672499e-01,2.32639905e-03,2.01536160e-01,2.68809940e-01
1.04300000e+04,4.72238233e-01,2.33153104e-03,2.01332699e-01,2.68574004e-01
1.04400000e+04,4.71759077e-01,2.32228754e-03,2.01119360e-01,2.68317430e-01
1.04500000e+04,4.71297046e-01,2.31528202e-03,2.00910239e-01,2.68071525e-01
1.04600000e+04,4.70799181e-01,2.31627909e-03,2.00705207e-01,2.67777695e-01
1.04700000e+04,4.70311750e-01,2.31668581e-03,2.00489257e-01,2.67505807e-01
1.04800000e+04,4.69820398e-01,2.31846870e-03,2.00280006e-01,2.67221923e-01
1.04900000e+04,4.69329927e-01,2.31984707e-03,2.00072497e-01,2.66937583e-01
1.05000000e+04,4.68847888e-01,2.32104405e-03,1.99865424e-01,2.66661420e-01
1.05100000e+04,4.68321322e-01,2.32956512e-03,1.99651381e-01,2.66340376e-01
1.05200000e+04,4.67847125e-01,2.33413720e-03,1.99433066e-01,2.66079922e-01
1.05300000e+04,4.67381957e-01,2.33676997e-03,1.99217183e-01,2.65828004e-01
1.05400000e+04,4.66903565e-01,2.34143516e-03,1.98999832e-01,2.65562297e-01
1.05500000e+04,4.66412766e-01,2.34276211e-03,1.98791397e-01,2.65278606e-01
1.05600000e+04,4.65928732e-01,2.34461476e-03,1.98582050e-01,2.65002067e-01
1.05700000e+04,4.65435098e-01,2.34680860e-03,1.98377210e-01,2.64711079e-01
1.05800000e+04,4.64926124e-01,2.35417207e-03,1.98157164e-01,2.64414788e-01
1.05900000e+04,4.64488813e-01,2.35399382e-03,1.97957663e-01,2.64177156e-01
1.06000000e+04,4.64041129e-01,2.35682563e-03,1.97755279e-01,2.63929025e-01
1.06100000e+04,4.63610943e-01,2.35338434e-03,1.97581819e-01,2.63675740e-01
1.06200000e+04,4.63055362e-01,2.36588836e-03,1.97358805e-01,2.63330669e-01
1.06300000e+04,4.62564744e-01,2.37550340e-03,1.97152897e-01,2.63036343e-01
1.06400000e+04,4.62071556e-01,2.37330200e-03,1.96949761e-01,2.62748492e-01
1.06500000e+04,4.61555700e-01,2.37832577e-03,1.96740567e-01,2.62436808e-01
1.06600000e+04,4.61058611e-01,2.38195758e-03,1.96533861e-01,2.62142793e-01
1.06700000e+04,4.60581595e-01,2.38678558e-03,1.96326324e-01,2.61868485e-01
1.06800000e+04,4.60105265e-01,2.38790960e-03,1.96141649e-01,2.61575706e-01
1.06900000e+04,4.59641569e-01,2.38918289e-03,1.95935576e-01,2.61316810e-01
1.07000000e+04,4.59165577e-01,2.39014945e-03,1.95741647e-01,2.61033780e-01
1.07100000e+04,4.58544881e-01,2.40309079e-03,1.95523319e-01,2.60618472e-01
1.07200000e+04,4.57962188e-01,2.41101415e-03,1.95293036e-01,2.60258138e-01
1.07300000e+04,4.57422216e-01,2.41625223e-03,1.95067688e-01,2.59938276e-01
1.07400000e+04,4.56898738e-01,2.42137917e-03,1.94848889e-01,2.59628470e-01
1.07500000e+04,4.56387357e-01,2.42515332e-03,1.94634582e-01,2.59327622e-01
1.07600000e+04,4.55886442e-01,2.42830665e-03,1.94421118e-01,2.59037017e-01
1.07700000e+04,4.55389879e-01,2.43098135e-03,1.94211164e-01,2.58747734e-01
1.07800000e+04,4.54898728e-01,2.43355588e-03,1.94002258e-01,2.58462915e-01
1.07900000e+04,4.54412727e-01,2.43676408e-03,1.93793932e-01,2.58182031e-01
1.08000000e+04,4.53931329e-01,2.44024456e-03,1.93584534e-01,2.57906550e-01
1.08100000e+04,4.53343208e-01,2.45692647e-03,1.93352365e-01,2.57533916e-01
1.08200000e+04,4.52658385e-01,2.50646340e-03,1.93061055e-01,2.57090867e-01
1.08300000e+04,4.52465936e-01,2.46992523e-03,1.92912302e-01,2.57083709e-01
1.08400000e+04,4.52084004e-01,2.46518007e-03,1.92733958e-01,2.56884866e-01
1.08500000e+04,4.51513837e-01,2.48597197e-03,1.92510340e-01,2.56517525e-01
1.08600000e+04,4.51110862e-01,2.47946083e-03,1.92333198e-01,2.56298203e-01
1.08700000e+04,4.50626477e-01,2.48603206e-03,1.92133671e-01,2.56006774e-01
1.08800000e+04,4.50162213e-01,2.49018332e-03,1.91940986e-01,2.55731044e-01
1.08900000e+04,4.49719545e-01,2.49243144e-03,1.91759509e-01,2.55467605e-01
1.09000000e+04,4.49294083e-01,2.49682253e-03,1.91547633e-01,2.55249628e-01
1.09100000e+04,4.48749574e-01,2.58297484e-03,1.91282542e-01,2.54884057e-01
1.09200000e+04,4.48233788e-01,2.57261677e-03,1.91089930e-01,2.54571241e-01
1.09300000e+04,4.47642412e-01,2.57881107e-03,1.90853073e-01,2.54210528e-01
1.09400000e+04,4.46920649e-01,2.55341178e-03,1.90646945e-01,2.53720292e-01
1.09500000e+04,4.46255487e-01,2.55632031e-03,1.90462601e-01,2.53236566e-01
1.09600000e+04,4.45707675e-01,2.55994568e-03,1.90256799e-01,2.52890931e-01
1.09700000e+04,4.45212634e-01,2.56497205e-03,1.90047000e-01,2.52600662e-01
1.09800000e+04,4.44726512e-01,2.56957843e-03,1.89855616e-01,2.52301318e-01
1.09900000e+04,4.44258397e-01,2.57393090e-03,1.89666277e-01,2.52018189e-01
1.10000000e+04,4.43805352e-01,2.57834136e-03,1.89474618e-01,2.51752393e-01
1.10100000e+04,4.43366237e-01,2.62531692e-03,1.89263666e-01,2.51477254e-01
1.10200000e+04,4.42879414e-01,2.62353204e-03,1.89073540e-01,2.51182342e-01
1.10300000e+04,4.42434110e-01,2.63023354e-03,1.88851491e-01,2.50952386e-01
1.10400000e+04,4.41976259e-01,2.63537390e-03,1.88669761e-01,2.50671124e-01
1.10500000e+04,4.41611628e-01,2.63065059e-03,1.88505391e-01,2.50475586e-01
1.10600000e+04,4.41201531e-01,2.63316452e-03,1.88333821e-01,2.50234546e-01
1.10700000e+04,4.40769698e-01,2.64107577e-03,1.88154739e-01,2.49973883e-01
1.10800000e+04,4.40352381e-01,2.64634301e-03,1.87975715e-01,2.49730323e-01
1.10900000e+04,4.39939788e-01,2.65075328e-03,1.87802787e-01,2.49486248e-01
1.11000000e+04,4.39538715e-01,2.65440742e-03,1.87629727e-01,2.49254581e-01
1.11100000e+04,4.39060260e-01,2.67379313e-03,1.87441820e-01,2.48944647e-01
1.11200000e+04,4.38618494e-01,2.68836935e-03,1.87248443e-01,2.48681681e-01
1.11300000e+04,4.38196876e-01,2.69757666e-03,1.87058232e-01,2.48441068e-01
1.11400000e+04,4.37768304e-01,2.70646786e-03,1.86871376e-01,2.48190460e-01
1.11500000e+04,4.37336810e-01,2.71464256e-03,1.86686650e-01,2.47935518e-01
1.11600000e+04,4.36910051e-01,2.72182512e-03,1.86503269e-01,2.47684958e-01
1.11700000e+04,4.36489279e-01,2.72782954e-03,1.86322861e-01,2.47438588e-01
1.11800000e+04,4.36072820e-01,2.73358866e-03,1.86144216e-01,2.47195016e-01
1.11900000e+04,4.35658994e-01,2.73904967e-03,1.85966418e-01,2.46953527e-01
1.12000000e+04,4.35247721e-01,2.74420142e-03,1.85789284e-01,2.46714236e-01
1.12100000e+04,4.34807672e-01,2.75877314e-03,1.85609046e-01,2.46439853e-01
1.12200000e+04,4.34313944e-01,2.79986267e-03,1.85380461e-01,2.46133620e-01
1.12300000e+04,4.33962789e-01,2.80915922e-03,1.85199610e-01,2.45954020e-01
1.12400000e+04,4.33703213e-01,2.79332934e-03,1.85066925e-01,2.45842959e-01
1.12500000e+04,4.33299512e-01,2.80397676e-03,1.84901827e-01,2.45593708e-01
1.12600000e+04,4.32872496e-01,2.81682062e-03,1.84723191e-01,2.45332485e-01
1.12700000e+04,4.32503161e-01,2.81788444e-03,1.84566223e-01,2.45119054e-01
1.12800000e+04,4.32127130e-01,2.82185465e-03,1.84404748e-01,2.44900527e-01
1.12900000e+04,4.31738760e-01,2.82882408e-03,1.84240181e-01,2.44669755e-01
1.13000000e+04,4.31358323e-01,2.83432088e-03,1.84077127e-01,2.44446876e-01
1.13100000e+04,4.30908586e-01,2.85726577e-03,1.83899403e-01,2.44151917e-01
1.13200000e+04,4.30484515e-01,2.87622567e-03,1.83715439e-01,2.43892851e-01
1.13300000e+04,4.30081944e-01,2.89048638e-03,1.83534354e-01,2.43657104e-01
1.13400000e+04,4.29656676e-01,2.90091228e-03,1.83356701e-01,2.43399062e-01
1.13500000e+04,4.29297313e-01,2.90986169e-03,1.83180911e-01,2.43206541e-01
1.13600000e+04,4.28870472e-01,2.91834610e-03,1.83008138e-01,2.42943988e-01
1.13700000e+04,4.28475100e-01,2.92557253e-03,1.82837003e-01,2.42712525e-01
1.13800000e+04,4.28084397e-01,2.93268447e-03,1.82667519e-01,2.42484194e-01
1.13900000e+04,4.27684470e-01,2.93953735e-03,1.82499081e-01,2.42245851e-01
1.14000000e+04,4.27287060e-01,2.94607368e-03,1.82331301e-01,2.42009686e-01
1.14100000e+04,4.26814442e-01,2.97225140e-03,1.82148052e-01,2.41694139e-01
1.14200000e+04,4.26372074e-01,2.99231795e-03,1.81963236e-01,2.41416521e-01
1.14300000e+04,4.26031794e-01,2.98766317e-03,1.81788697e-01,2.41255433e-01
1.14400000e+04,4.25486651e-01,3.03199987e-03,1.81570577e-01,2.40884074e-01
1.14500000e+04,4.25126213e-01,3.02884213e-03,1.81413215e-01,2.40684156e-01
1.14600000e+04,4.24717391e-01,3.03887288e-03,1.81239593e-01,2.40438925e-01
1.14700000e+04,4.24296652e-01,3.05092953e-03,1.81064758e-01,2.40180965e-01
1.14800000e+04,4.23910625e-01,3.05548243e-03,1.80899754e-01,2.39955388e-01
1.14900000e+04,4.23511545e-01,3.06891304e-03,1.80728639e-01,2.39713993e-01
1.15000000e+04,4.23113806e-01,3.07232472e-03,1.80561061e-01,2.39480420e-01
1.15100000e+04,4.22667140e-01,3.09732346e-03,1.80380247e-01,2.39189570e-01
1.15200000e+04,4.22318091e-01,3.10478832e-03,1.80207075e-01,2.39006228e-01
1.15300000e+04,4.21916028e-01,3.12574571e-03,1.80017424e-01,2.38772858e-01
1.15400000e+04,4.21491766e-01,3.15142831e-03,1.79832474e-01,2.38507864e-01
1.15500000e+04,4.21076921e-01,3.16980389e-03,1.79659848e-01,2.38247269e-01
1.15600000e+04,4.20680446e-01,3.18197929e-03,1.79491639e-01,2.38006828e-01
1.15700000e+04,4.20296157e-01,3.19049996e-03,1.79328181e-01,2.37777476e-01
1.15800000e+04,4.19916926e-01,3.19842315e-03,1.79166050e-01,2.37552453e-01
1.15900000e+04,4.19538611e-01,3.20624197e-03,1.79004142e-01,2.37328227e-01
1.16000000e+04,4.19162413e-01,3.21384303e-03,1.78842363e-01,2.37106208e-01
1.16100000e+04,4.18711185e-01,3.24682909e-03,1.78661654e-01,2.36802702e-01
1.16200000e+04,4.18281719e-01,3.27611719e-03,1.78473513e-01,2.36532089e-01
1.16300000e+04,4.17872048e-01,3.29402283e-03,1.78286411e-01,2.36291614e-01
1.16400000e+04,4.17465535e-01,3.30931533e-03,1.78106278e-01,2.36049941e-01
1.16500000e+04,4.17055240e-01,3.32339813e-03,1.77929332e-01,2.35802510e-01
1.16600000e+04,4.16646866e-01,3.33663047e-03,1.77753657e-01,2.35556578e-01
1.16700000e+04,4.16244695e-01,3.34774811e-03,1.77580524e-01,2.35316423e-01
1.16800000e+04,4.15846688e-01,3.35824866e-03,1.77408977e-01,2.35079463e-01
1.16900000e+04,4.15450022e-01,3.36839416e-03,1.77238432e-01,2.34843196e-01
1.17000000e+04,4.15051508e-01,3.37903703e-03,1.77069543e-01,2.34602928e-01
1.17100000e+04,4.14871165e-01,3.43799776e-03,1.76896738e-01,2.34536430e-01
1.17200000e+04,4.14374957e-01,3.42866024e-03,1.76736341e-01,2.34209956e-01
1.17300000e+04,4.14041942e-01,3.44367660e-03,1.76533844e-01,2.34064422e-01
1.17400000e+04,4.13575956e-01,3.48242890e-03,1.76357610e-01,2.33735917e-01
1.17500000e+04,4.13174204e-01,3.50253998e-03,1.76205860e-01,2.33465804e-01
1.17600000e+04,4.12841065e-01,3.50857792e-03,1.76060917e-01,2.33271571e-01
1.17700000e+04,4.12505111e-01,3.51210845e-03,1.75923540e-01,2.33069463e-01
1.17800000e+04,4.12164951e-01,3.52126140e-03,1.75780923e-01,2.32862768e-01
1.17900000e+04,4.11817441e-01,3.53084571e-03,1.75633831e-01,2.32652765e-01
1.18000000e+04,4.11472741e-01,3.54118822e-03,1.75488709e-01,2.32442844e-01
1.18100000e+04,4.11064744e-01,3.57756109e-03,1.75321574e-01,2.32165608e-01
1.18200000e+04,4.10677328e-01,3.61036818e-03,1.75151338e-01,2.31915622e-01
1.18300000e+04,4.10311634e-01,3.63310834e-03,1.74983237e-01,2.31695288e-01
1.18400000e+04,4.09948177e-01,3.65170833e-03,1.74817414e-01,2.31479055e-01
1.18500000e+04,4.09585328e-01,3.66658865e-03,1.74656214e-01,2.31262525e-01
1.18600000e+04,4.09221591e-01,3.68176894e-03,1.74498686e-01,2.31041136e-01
1.18700000e+04,4.08863699e-01,3.69517087e-03,1.74341784e-01,2.30826744e-01
1.18800000e+04,4.08506515e-01,3.70741737e-03,1.74187306e-01,2.30611792e-01
1.18900000e+04,4.08153657e-01,3.71904199e-03,1.74032978e-01,2.30401637e-01
1.19000000e+04,4.07801887e-01,3.73013533e-03,1.73880054e-01,2.30191698e-01
1.19100000e+04,4.07392779e-01,3.77105771e-03,1.73707913e-01,2.29913808e-01
1.19200000e+04,4.06997062e-01,3.81063435e-03,1.73529838e-01,2.29656589e-01
1.19300000e+04,4.06625549e-01,3.83547161e-03,1.73354411e-01,2.29435666e-01
1.19400000e+04,4.06257797e-01,3.85413518e-03,1.73183927e-01,2.29219735e-01
1.19500000e+04,4.05881806e-01,3.87182523e-03,1.73017601e-01,2.28992379e-01
1.19600000e+04,4.05502528e-01,3.89042405e-03,1.72853327e-01,2.28758777e-01
1.19700000e+04,4.05168706e-01,3.90377451e-03,1.72690604e-01,2.28574327e-01
1.19800000e+04,4.04803092e-01,3.91755615e-03,1.72529863e-01,2.28355673e-01
1.19900000e+04,4.04430511e-01,3.93256589e-03,1.72370630e-01,2.28127315e-01
1.20000000e+04,4.04066733e-01,3.94489796e-03,1.72211463e-01,2.27910373e-01
1.20100000e+04,4.03598300e-01,4.01022384e-03,1.72003437e-01,2.27584639e-01
1.20200000e+04,4.03115387e-01,4.04500856e-03,1.71795912e-01,2.27274467e-01
1.20300000e+04,4.02686542e-01,4.07523974e-03,1.71596831e-01,2.27014471e-01
1.20400000e+04,4.02279264e-01,4.09718022e-03,1.71409632e-01,2.26772452e-01
1.20500000e+04,4.01873833e-01,4.11795672e-03,1.71225982e-01,2.26529893e-01
1.20600000e+04,4.01467914e-01,4.13857525e-03,1.71044617e-01,2.26284722e-01
1.20700000e+04,4.01067810e-01,4.15654316e-03,1.70866210e-01,2.26045057e-01
1.20800000e+04,4.00671743e-01,4.17381236e-03,1.70689278e-01,2.25808653e-01
1.20900000e+04,4.00272382e-01,4.19370186e-03,1.70511245e-01,2.25567436e-01
1.21000000e+04,3.99814061e-01,4.24658955e-03,1.70309190e-01,2.25258282e-01
1.21100000e+04,3.99382156e-01,4.28727989e-03,1.70126532e-01,2.24968344e-01
1.21200000e+04,3.98938663e-01,4.33143862e-03,1.69931573e-01,2.24675652e-01
1.21300000e+04,3.98504418e-01,4.36253646e-03,1.69739294e-01,2.24402588e-01
1.21400000e+04,3.98072450e-01,4.38944533e-03,1.69548845e-01,2.24134159e-01
1.21500000e+04,3.97641147e-01,4.41461908e-03,1.69360452e-01,2.23866076e-01
1.21600000e+04,3.97212632e-01,4.44084849e-03,1.69172366e-01,2.23599418e-01
1.21700000e+04,3.96790844e-01,4.46197207e-03,1.68990447e-01,2.23338425e-01
1.21800000e+04,3.96377001e-01,4.48144654e-03,1.68809150e-01,2.23086405e-01
1.21900000e+04,3.95967300e-01,4.49948082e-03,1.68629938e-01,2.22837882e-01
1.22000000e+04,3.95562151e-01,4.51639108e-03,1.68450770e-01,2.22594989e-01
1.22100000e+04,3.95095162e-01,4.57528994e-03,1.68249337e-01,2.22270534e-01
1.22200000e+04,3.94672112e-01,4.61368396e-03,1.68050688e-01,2.22007740e-01
1.22300000e+04,3.94205155e-01,4.68032834e-03,1.67824809e-01,2.21700018e-01
1.22400000e+04,3.93843791e-01,4.68569134e-03,1.67658260e-01,2.21499839e-01
1.22500000e+04,3.93412536e-01,4.72791785e-03,1.67454465e-01,2.21230153e-01
1.22600000e+04,3.93005647e-01,4.75276784e-03,1.67271430e-01,2.20981449e-01
1.22700000e+04,3.92620255e-01,4.76355816e-03,1.67098875e-01,2.20757822e-01
1.22800000e+04,3.92212913e-01,4.78898846e-03,1.66916827e-01,2.20507097e-01
1.22900000e+04,3.91823017e-01,4.80450171e-03,1.66741756e-01,2.20276759e-01
1.23000000e+04,3.91427110e-01,4.82427083e-03,1.66563986e-01,2.20038853e-01
1.23100000e+04,3.90968174e-01,4.88513139e-03,1.66364300e-01,2.19718743e-01
1.23200000e+04,3.90562214e-01,4.91775697e-03,1.66172889e-01,2.19471568e-01
1.23300000e+04,3.90046579e-01,5.02581706e-03,1.65925797e-01,2.19094965e-01
1.23400000e+04,3.89703080e-01,5.02041938e-03,1.65759646e-01,2.18923015e-01
1.23500000e+04,3.89292310e-01,5.04731425e-03,1.65573843e-01,2.18671153e-01
1.23600000e+04,3.88866206e-01,5.08662805e-03,1.65382325e-01,2.18397253e-01
1.23700000e+04,3.88476847e-01,5.10039774e-03,1.65207410e-01,2.18169039e-01
1.23800000e+04,3.88074202e-01,5.12434857e-03,1.65026361e-01,2.17923492e-01
1.23900000e+04,3.87680128e-01,5.14359144e-03,1.64848512e-01,2.17688025e-01
1.24000000e+04,3.87286888e-01,5.16534132e-03,1.64669849e-01,2.17451697e-01
1.24100000e+04,3.86819298e-01,5.26564582e-03,1.64436002e-01,2.17117650e-01
1.24200000e+04,3.86362321e-01,5.27267924e-03,1.64231142e-01,2.16858500e-01
1.24300000e+04,3.85892448e-01,5.33805066e-03,1.63999109e-01,2.16555288e-01
1.24400000e+04,3.85452883e-01,5.38746706e-03,1.63792966e-01,2.16272450e-01
1.24500000e+04,3.85028712e-01,5.42484268e-03,1.63597551e-01,2.16006318e-01
1.24600000e+04,3.84610135e-01,5.45745375e-03,1.63405828e-01,2.15746853e-01
1.24700000e+04,3.84200088e-01,5.48261185e-03,1.63220344e-01,2.15497132e-01
1.24800000e+04,3.83790386e-01,5.50429991e-03,1.63038596e-01,2.15247490e-01
1.24900000e+04,3.83427216e-01,5.52302609e-03,1.62857643e-01,2.15046547e-01
1.25000000e+04,3.83013781e-01,5.54508617e-03,1.62677080e-01,2.14791615e-01
1.25100000e+04,3.82540491e-01,5.58741803e-03,1.62480239e-01,2.14472834e-01
1.25200000e+04,3.81918779e-01,5.75886024e-03,1.62214121e-01,2.13945797e-01
1.25300000e+04,3.81489105e-01,5.76886158e-03,1.62026282e-01,2.13693961e-01
1.25400000e+04,3.81077918e-01,5.77640984e-03,1.61849903e-01,2.13451605e-01
1.25500000e+04,3.80661368e-01,5.79561268e-03,1.61669970e-01,2.13195786e-01
1.25600000e+04,3.80240609e-01,5.82384307e-03,1.61490024e-01,2.12926742e-01
1.25700000e+04,3.79826255e-01,5.85171547e-03,1.61307879e-01,2.12666660e-01
1.25800000e+04,3.79419167e-01,5.87708291e-03,1.61130979e-01,2.12411105e-01
1.25900000e+04,3.79020575e-01,5.90012828e-03,1.60953951e-01,2.12166496e-01
1.26000000e+04,3.78626776e-01,5.92191558e-03,1.60779149e-01,2.11925711e-01
1.26100000e+04,3.78184423e-01,6.00177823e-03,1.60578379e-01,2.11604266e-01
1.26200000e+04,3.77750205e-01,6.08347263e-03,1.60369749e-01,2.11296983e-01
1.26300000e+04,3.77332352e-01,6.13703223e-03,1.60164358e-01,2.11030962e-01
1.26400000e+04,3.76929829e-01,6.17401207e-03,1.59967886e-01,2.10787930e-01
1.26500000e+04,3.76527426e-01,6.20609840e-03,1.59777679e-01,2.10543649e-01
1.26600000e+04,3.76124090e-01,6.23723325e-03,1.59589840e-01,2.10297016e-01
1.26700000e+04,3.75722992e-01,6.26488374e-03,1.59404831e-01,2.10053277e-01
1.26800000e+04,3.75328731e-01,6.28625220e-03,1.59223524e-01,2.09818954e-01
1.26900000e+04,3.74995975e-01,6.25373960e-03,1.59071892e-01,2.09670343e-01
1.27000000e+04,3.74540165e-01,6.36331920e-03,1.58850139e-01,2.09326707e-01
1.27100000e+04,3.74151669e-01,6.40790246e-03,1.58675419e-01,2.09068347e-01
1.27200000e+04,3.73685471e-01,6.52826920e-03,1.58455701e-01,2.08701501e-01
1.27300000e+04,3.73242744e-01,6.60509692e-03,1.58249149e-01,2.08388498e-01
1.27400000e+04,3.72830334e-01,6.64168787e-03,1.58056877e-01,2.08131770e-01
1.27500000e+04,3.72414243e-01,6.67715346e-03,1.57864698e-01,2.07872392e-01
1.27600000e+04,3.71997073e-01,6.71850286e-03,1.57672608e-01,2.07605962e-01
1.27700000e+04,3.71584713e-01,6.75271832e-03,1.57484533e-01,2.07347462e-01
1.27800000e+04,3.71178011e-01,6.78213754e-03,1.57299094e-01,2.07096779e-01
1.27900000e+04,3.70774473e-01,6.80955595e-03,1.57115085e-01,2.06849832e-01
1.28000000e+04,3.70373408e-01,6.83539445e-03,1.56931608e-01,2.06606405e-01
1.28100000e+04,3.69926855e-01,6.94080550e-03,1.56718841e-01,2.06267209e-01
1.28200000e+04,3.69483381e-01,7.03925300e-03,1.56497815e-01,2.05946313e-01
1.28300000e+04,3.69043545e-01,7.09932669e-03,1.56282437e-01,2.05661781e-01
1.28400000e+04,3.68626389e-01,7.14387449e-03,1.56075099e-01,2.05407415e-01
1.28500000e+04,3.68207920e-01,7.18082084e-03,1.55874583e-01,2.05152516e-01
1.28600000e+04,3.67787442e-01,7.21782255e-03,1.55676460e-01,2.04893160e-01
1.28700000e+04,3.67370777e-01,7.25071268e-03,1.55480958e-01,2.04639107e-01
1.28800000e+04,3.66961133e-01,7.28152787e-03,1.55285413e-01,2.04394193e-01
1.28900000e+04,3.66534827e-01,7.31045073e-03,1.55095792e-01,2.04128585e-01
1.29000000e+04,3.66133239e-01,7.33820224e-03,1.54901467e-01,2.03893570e-01
1.29100000e+04,3.65744982e-01,7.31493378e-03,1.54762772e-01,2.03667276e-01
1.29200000e+04,3.65410395e-01,7.61824904e-03,1.54452214e-01,2.03339932e-01
1.29300000e+04,3.65054850e-01,7.54670687e-03,1.54327439e-01,2.03180704e-01
1.29400000e+04,3.64757015e-01,7.58839598e-03,1.54152100e-01,2.03016519e-01
1.29500000e+04,3.64350781e-01,7.64893446e-03,1.53980467e-01,2.02721380e-01
1.29600000e+04,3.63937184e-01,7.70038655e-03,1.53814212e-01,2.02422585e-01
1.29700000e+04,3.63571273e-01,7.73398499e-03,1.53651493e-01,2.02185795e-01
1.29800000e+04,3.63206727e-01,7.75718194e-03,1.53494142e-01,2.01955403e-01
1.29900000e+04,3.62848251e-01,7.77824785e-03,1.53337965e-01,2.01732038e-01
1.30000000e+04,3.62497562e-01,7.80225530e-03,1.53180639e-01,2.01514668e-01
1.30100000e+04,3.62093280e-01,7.89771610e-03,1.52991199e-01,2.01204365e-01
1.30200000e+04,3.61695259e-01,7.99465505e-03,1.52799364e-01,2.00901239e-01
1.30300000e+04,3.61313975e-01,8.06512455e-03,1.52610938e-01,2.00637913e-01
1.30400000e+04,3.60945875e-01,8.11223595e-03,1.52429394e-01,2.00404246e-01
1.30500000e+04,3.60581626e-01,8.15123734e-03,1.52252430e-01,2.00177958e-01
1.30600000e+04,3.60219563e-01,8.18763666e-03,1.52078764e-01,1.99953162e-01
1.30700000e+04,3.59859098e-01,8.22114913e-03,1.51907778e-01,1.99730171e-01
1.30800000e+04,3.59499460e-01,8.25139477e-03,1.51737768e-01,1.99510297e-01
1.30900000e+04,3.59142341e-01,8.28059217e-03,1.51569007e-01,1.99292742e-01
1.31000000e+04,3.58787521e-01,8.30847309e-03,1.51400614e-01,1.99078433e-01
1.31100000e+04,3.58513394e-01,8.52050965e-03,1.51187029e-01,1.98805856e-01
1.31200000e+04,3.58057251e-01,8.56081386e-03,1.51001533e-01,1.98494904e-01
1.31300000e+04,3.57630889e-01,8.61592159e-03,1.50804512e-01,1.98210456e-01
1.31400000e+04,3.57243419e-01,8.66905741e-03,1.50612045e-01,1.97962317e-01
1.31500000e+04,3.56869692e-01,8.70817205e-03,1.50424690e-01,1.97736830e-01
1.31600000e+04,3.56489270e-01,8.74931072e-03,1.50241546e-01,1.97498413e-01
1.31700000e+04,3.56113101e-01,8.78697759e-03,1.50061416e-01,1.97264707e-01
1.31800000e+04,3.55744389e-01,8.82102992e-03,1.49882419e-01,1.97040940e-01
1.31900000e+04,3.55375094e-01,8.85346502e-03,1.49705038e-01,1.96816592e-01
1.32000000e+04,3.55006362e-01,8.88452163e-03,1.49528588e-01,1.96593253e-01
1.32100000e+04,3.54601903e-01,9.00536764e-03,1.49322943e-01,1.96273593e-01
1.32200000e+04,3.54197866e-01,9.13375005e-03,1.49109136e-01,1.95954980e-01
1.32300000e+04,3.53797755e-01,9.22008403e-03,1.48898542e-01,1.95679128e-01
1.32400000e+04,3.53410825e-01,9.27789263e-03,1.48696341e-01,1.95436592e-01
1.32500000e+04,3.53023657e-01,9.32498494e-03,1.48500656e-01,1.95198016e-01
1.32600000e+04,3.52636411e-01,9.36974143e-03,1.48308130e-01,1.94958539e-01
1.32700000e+04,3.52248709e-01,9.41025709e-03,1.48118378e-01,1.94720074e-01
1.32800000e+04,3.51862046e-01,9.44794219e-03,1.47930003e-01,1.94484101e-01
1.32900000e+04,3.51473494e-01,9.48870950e-03,1.47740612e-01,1.94244173e-01
1.33000000e+04,3.51051717e-01,9.62482271e-03,1.47518553e-01,1.93908342e-01
1.33100000e+04,3.50686541e-01,9.69122744e-03,1.47335030e-01,1.93660284e-01
1.33200000e+04,3.50298152e-01,9.78818820e-03,1.47137626e-01,1.93372337e-01
1.33300000e+04,3.49870444e-01,9.94204231e-03,1.46912348e-01,1.93016054e-01
1.33400000e+04,3.49469168e-01,1.00231828e-02,1.46703806e-01,1.92742179e-01
1.33500000e+04,3.49068078e-01,1.00606279e-02,1.46510436e-01,1.92497014e-01
1.33600000e+04,3.48669596e-01,1.01145916e-02,1.46313460e-01,1.92241544e-01
1.33700000e+04,3.48272860e-01,1.01683362e-02,1.46117900e-01,1.91986624e-01
1.33800000e+04,3.47876888e-01,1.02121791e-02,1.45926772e-01,1.91737937e-01
1.33900000e+04,3.47484315e-01,1.02503717e-02,1.45737347e-01,1.91496596e-01
1.34000000e+04,3.47091695e-01,1.02854565e-02,1.45550272e-01,1.91255967e-01
1.34100000e+04,3.46562419e-01,1.04315476e-02,1.45307985e-01,1.90822886e-01
1.34200000e+04,3.46018701e-01,1.05872909e-02,1.45052411e-01,1.90378999e-01
1.34300000e+04,3.45523723e-01,1.06888304e-02,1.44801871e-01,1.90033021e-01
1.34400000e+04,3.45066895e-01,1.07531302e-02,1.44565194e-01,1.89748571e-01
1.34500000e+04,3.44619159e-01,1.08072316e-02,1.44339306e-01,1.89472621e-01
1.34600000e+04,3.44177291e-01,1.08593728e-02,1.44119602e-01,1.89198316e-01
1.34700000e+04,3.43738070e-01,1.09061451e-02,1.43905557e-01,1.88926369e-01
1.34800000e+04,3.43311161e-01,1.09472573e-02,1.43689092e-01,1.88674811e-01
1.34900000e+04,3.42877889e-01,1.09861801e-02,1.43478642e-01,1.88413067e-01
1.35000000e+04,3.42452371e-01,1.10237351e-02,1.43267044e-01,1.88161592e-01
1.35100000e+04,3.42011620e-01,1.11442174e-02,1.43035077e-01,1.87832326e-01
1.35200000e+04,3.41568315e-01,1.14091687e-02,1.42760618e-01,1.87398528e-01
1.35300000e+04,3.41171372e-01,1.14815289e-02,1.42543283e-01,1.87146560e-01
1.35400000e+04,3.40782012e-01,1.15346862e-02,1.42335161e-01,1.86912165e-01
1.35500000e+04,3.40387821e-01,1.15742741e-02,1.42133452e-01,1.86680096e-01
1.35600000e+04,3.39993074e-01,1.16163339e-02,1.41932917e-01,1.86443823e-01
1.35700000e+04,3.39596501e-01,1.16582316e-02,1.41733839e-01,1.86204430e-01
1.35800000e+04,3.39200620e-01,1.16985500e-02,1.41535657e-01,1.85966412e-01
1.35900000e+04,3.38804781e-01,1.17374211e-02,1.41338271e-01,1.85729089e-01
1.36000000e+04,3.38409589e-01,1.17748891e-02,1.41141774e-01,1.85492926e-01
1.36100000e+04,3.37999808e-01,1.19392670e-02,1.40913133e-01,1.85147408e-01
1.36200000e+04,3.37592815e-01,1.21095185e-02,1.40678152e-01,1.84805145e-01
1.36300000e+04,3.37180449e-01,1.22208917e-02,1.40446972e-01,1.84512585e-01
1.36400000e+04,3.36773406e-01,1.22948279e-02,1.40223771e-01,1.84254807e-01
1.36500000e+04,3.36360992e-01,1.23538735e-02,1.40007069e-01,1.84000049e-01
1.36600000e+04,3.35947895e-01,1.24116213e-02,1.39793386e-01,1.83742887e-01
1.36700000e+04,3.35533623e-01,1.24618527e-02,1.39583314e-01,1.83488456e-01
1.36800000e+04,3.35119933e-01,1.25061483e-02,1.39375213e-01,1.83238571e-01
1.36900000e+04,3.34705853e-01,1.25471633e-02,1.39168275e-01,1.82990415e-01
1.37000000e+04,3.34292043e-01,1.25848937e-02,1.38962713e-01,1.82744437e-01
1.37100000e+04,3.33927757e-01,1.25096977e-02,1.38800772e-01,1.82617287e-01
1.37200000e+04,3.33579404e-01,1.30035666e-02,1.38499525e-01,1.82076312e-01
1.37300000e+04,3.33268581e-01,1.30157673e-02,1.38336740e-01,1.81916074e-01
1.37400000e+04,3.32958003e-01,1.30281885e-02,1.38175470e-01,1.81754344e-01
1.37500000e+04,3.32629748e-01,1.30860025e-02,1.38000912e-01,1.81542834e-01
1.37600000e+04,3.32307288e-01,1.31584838e-02,1.37821331e-01,1.81327473e-01
1.37700000e+04,3.31970889e-01,1.32150777e-02,1.37652289e-01,1.81103522e-01
1.37800000e+04,3.31644398e-01,1.32523378e-02,1.37482969e-01,1.80909091e-01
1.37900000e+04,3.31312417e-01,1.32828897e-02,1.37318369e-01,1.80711158e-01
1.38000000e+04,3.30981908e-01,1.33168280e-02,1.37151678e-01,1.80513402e-01
1.38100000e+04,3.30657978e-01,1.34696608e-02,1.36959905e-01,1.80228412e-01
1.38200000e+04,3.30337958e-01,1.36309891e-02,1.36763883e-01,1.79943086e-01
1.38300000e+04,3.30009679e-01,1.37462762e-02,1.36568996e-01,1.79694407e-01
1.38400000e+04,3.29677838e-01,1.38242719e-02,1.36379076e-01,1.79474490e-01
1.38500000e+04,3.29339592e-01,1.38842595e-02,1.36193402e-01,1.79261930e-01
1.38600000e+04,3.28999906e-01,1.39407593e-02,1.36011179e-01,1.79047967e-01
1.38700000e+04,3.28657335e-01,1.39918167e-02,1.35831442e-01,1.78834076e-01
1.38800000e+04,3.28312154e-01,1.40370502e-02,1.35653334e-01,1.78621770e-01
1.38900000e+04,3.27965860e-01,1.40784898e-02,1.35476351e-01,1.78411019e-01
1.39000000e+04,3.27618209e-01,1.41170687e-02,1.35300132e-01,1.78201009e-01
1.39100000e+04,3.27276045e-01,1.42887718e-02,1.35095791e-01,1.77891482e-01
1.39200000e+04,3.26936512e-01,1.44766548e-02,1.34884471e-01,1.77575386e-01
1.39300000e+04,3.26584589e-01,1.46022129e-02,1.34676595e-01,1.77305781e-01
1.39400000e+04,3.26229549e-01,1.46858504e-02,1.34474300e-01,1.77069399e-01
1.39500000e+04,3.25863589e-01,1.47544766e-02,1.34278391e-01,1.76830722e-01
1.39600000e+04,3.25508809e-01,1.48163382e-02,1.34079784e-01,1.76612687e-01
1.39700000e+04,3.25138634e-01,1.48718721e-02,1.33889834e-01,1.76376927e-01
1.39800000e+04,3.24769374e-01,1.49205525e-02,1.33701206e-01,1.76147616e-01
1.39900000e+04,3.24402790e-01,1.49652567e-02,1.33512030e-01,1.75925503e-01
1.40000000e+04,3.24036120e-01,1.50066267e-02,1.33323573e-01,1.75705920e-01
1.40100000e+04,3.23512667e-01,1.52155121e-02,1.33073536e-01,1.75223618e-01
1.40200000e+04,3.22979993e-01,1.54125918e-02,1.32802118e-01,1.74765283e-01
1.40300000e+04,3.22512551e-01,1.55493411e-02,1.32539720e-01,1.74423490e-01
1.40400000e+04,3.22065809e-01,1.56331962e-02,1.32291123e-01,1.74141490e-01
1.40500000e+04,3.21626863e-01,1.57061010e-02,1.32055054e-01,1.73865709e-01
1.40600000e+04,3.21194701e-01,1.57753566e-02,1.31825123e-01,1.73594221e-01
1.40700000e+04,3.20764766e-01,1.58353848e-02,1.31599055e-01,1.73330327e-01
1.40800000e+04,3.20335294e-01,1.58864579e-02,1.31375936e-01,1.73072900e-01
1.40900000e+04,3.19906104e-01,1.59329251e-02,1.31155633e-01,1.72817545e-01
1.41000000e+04,3.19478201e-01,1.59772153e-02,1.30937698e-01,1.72563287e-01
1.41100000e+04,3.19075011e-01,1.61789610e-02,1.30693251e-01,1.72202800e-01
1.41200000e+04,3.18674409e-01,1.63646448e-02,1.30448640e-01,1.71861124e-01
1.41300000e+04,3.18272993e-01,1.65570692e-02,1.30191987e-01,1.71523938e-01
1.41400000e+04,3.17862198e-01,1.66227060e-02,1.29962877e-01,1.71276616e-01
1.41500000e+04,3.17449795e-01,1.67227272e-02,1.29730618e-01,1.70996450e-01
1.41600000e+04,3.17031662e-01,1.67793662e-02,1.29510701e-01,1.70741596e-01
1.41700000e+04,3.16612591e-01,1.68435667e-02,1.29290561e-01,1.70478463e-01
1.41800000e+04,3.16192835e-01,1.69010598e-02,1.29072571e-01,1.70219204e-01
1.41900000e+04,3.15770524e-01,1.69432634e-02,1.28858555e-01,1.69968706e-01
1.42000000e+04,3.15348114e-01,1.69864363e-02,1.28645333e-01,1.69716345e-01
1.42100000e+04,3.14952223e-01,1.71664687e-02,1.28411193e-01,1.69374561e-01
1.42200000e+04,3.14597213e-01,1.75004980e-02,1.28146606e-01,1.68950109e-01
1.42300000e+04,3.14214700e-01,1.75961492e-02,1.27926081e-01,1.68692470e-01
1.42400000e+04,3.13832991e-01,1.76797187e-02,1.27708246e-01,1.68445026e-01
1.42500000e+04,3.13442335e-01,1.77515435e-02,1.27495149e-01,1.68195642e-01
1.42600000e+04,3.13053057e-01,1.78168630e-02,1.27284483e-01,1.67951711e-01
1.42700000e+04,3.12649888e-01,1.78718198e-02,1.27081413e-01,1.67696655e-01
1.42800000e+04,3.12254067e-01,1.79188283e-02,1.26876021e-01,1.67459217e-01
1.42900000e+04,3.11852642e-01,1.79625875e-02,1.26673611e-01,1.67216443e-01
1.43000000e+04,3.11451305e-01,1.80048936e-02,1.26471998e-01,1.66974414e-01
1.43100000e+04,3.11088993e-01,1.82335003e-02,1.26240084e-01,1.66615408e-01
1.43200000e+04,3.10728732e-01,1.84703697e-02,1.26002405e-01,1.66255957e-01
1.43300000e+04,3.10340206e-01,1.86147259e-02,1.25768401e-01,1.65957080e-01
1.43400000e+04,3.09940499e-01,1.87075699e-02,1.25540563e-01,1.65692366e-01
1.43500000e+04,3.09536400e-01,1.87901097e-02,1.25314804e-01,1.65431486e-01
1.43600000e+04,3.09125699e-01,1.88691132e-02,1.25095320e-01,1.65161265e-01
1.43700000e+04,3.08711182e-01,1.89346211e-02,1.24879112e-01,1.64897449e-01
1.43800000e+04,3.08294364e-01,1.89880645e-02,1.24664958e-01,1.64641342e-01
1.43900000e+04,3.07873927e-01,1.90369636e-02,1.24452798e-01,1.64384165e-01
1.44000000e+04,3.07453472e-01,1.90865408e-02,1.24240952e-01,1.64125979e-01
1.44100000e+04,3.07087407e-01,1.93499866e-02,1.23998579e-01,1.63738841e-01
1.44200000e+04,3.06677177e-01,1.95413298e-02,1.23757207e-01,1.63378641e-01
1.44300000e+04,3.06299703e-01,1.97987644e-02,1.23496120e-01,1.63004819e-01
1.44400000e+04,3.05874856e-01,1.98073567e-02,1.23281209e-01,1.62786290e-01
1.44500000e+04,3.05464308e-01,1.99106157e-02,1.23055032e-01,1.62498661e-01
1.44600000e+04,3.05057753e-01,2.00237240e-02,1.22829772e-01,1.62204257e-01
1.44700000e+04,3.04637488e-01,2.00794683e-02,1.22615781e-01,1.61942239e-01
1.44800000e+04,3.04214126e-01,2.01235191e-02,1.22404158e-01,1.61686449e-01
1.44900000e+04,3.03792326e-01,2.01803568e-02,1.22190943e-01,1.61421026e-01
1.45000000e+04,3.03366363e-01,2.02204807e-02,1.21981841e-01,1.61164041e-01
1.45100000e+04,3.03001322e-01,2.04578989e-02,1.21747190e-01,1.60796233e-01
1.45200000e+04,3.02628808e-01,2.06570581e-02,1.21514288e-01,1.60457462e-01
1.45300000e+04,3.02269938e-01,2.09112685e-02,1.21259889e-01,1.60098780e-01
1.45400000e+04,3.01851007e-01,2.09290093e-02,1.21046050e-01,1.59875948e-01
1.45500000e+04,3.01456844e-01,2.10666101e-02,1.20815718e-01,1.59574516e-01
1.45600000e+04,3.01040001e-01,2.11212852e-02,1.20602169e-01,1.59316547e-01
1.45700000e+04,3.00628057e-01,2.12043851e-02,1.20384080e-01,1.59039593e-01
1.45800000e+04,3.00204114e-01,2.12474336e-02,1.20173402e-01,1.58783279e-01
1.45900000e+04,2.99778598e-01,2.12934297e-02,1.19963587e-01,1.58521581e-01
1.46000000e+04,2.99356025e-01,2.13375276e-02,1.19753113e-01,1.58265384e-01
1.46100000e+04,2.98945391e-01,2.13543218e-02,1.19562626e-01,1.58028443e-01
1.46200000e+04,2.98742105e-01,2.19076752e-02,1.19297103e-01,1.57537327e-01
1.46300000e+04,2.98370924e-01,2.18316008e-02,1.19133330e-01,1.57405994e-01
1.46400000e+04,2.98072558e-01,2.20184720e-02,1.18928008e-01,1.57126078e-01
1.46500000e+04,2.97738191e-01,2.20984051e-02,1.18739438e-01,1.56900348e-01
1.46600000e+04,2.97387913e-01,2.21380220e-02,1.18560584e-01,1.56689306e-01
1.46700000e+04,2.97048871e-01,2.22243715e-02,1.18374302e-01,1.56450197e-01
1.46800000e+04,2.96694576e-01,2.22665673e-02,1.18195171e-01,1.56232837e-01
1.46900000e+04,2.96340997e-01,2.23145123e-02,1.18015531e-01,1.56010954e-01
1.47000000e+04,2.95985224e-01,2.23600475e-02,1.17836765e-01,1.55788412e-01
1.47100000e+04,2.95691037e-01,2.26018791e-02,1.17633712e-01,1.55455445e-01
1.47200000e+04,2.95396176e-01,2.28501882e-02,1.17426566e-01,1.55119422e-01
1.47300000e+04,2.95061229e-01,2.30008829e-02,1.17220860e-01,1.54839486e-01
1.47400000e+04,2.94706884e-01,2.31009474e-02,1.17017108e-01,1.54588829e-01
1.47500000e+04,2.94341992e-01,2.31879142e-02,1.16816832e-01,1.54337245e-01
1.47600000e+04,2.93976933e-01,2.32733786e-02,1.16619957e-01,1.54083598e-01
1.47700000e+04,2.93607171e-01,2.33477398e-02,1.16425610e-01,1.53833821e-01
1.47800000e+04,2.93230219e-01,2.34054668e-02,1.16233933e-01,1.53590819e-01
1.47900000e+04,2.92849287e-01,2.34552231e-02,1.16044270e-01,1.53349793e-01
1.48000000e+04,2.92464400e-01,2.35021373e-02,1.15856858e-01,1.53105405e-01
1.48100000e+04,2.92074370e-01,2.37666921e-02,1.15614769e-01,1.52692909e-01
1.48200000e+04,2.91670096e-01,2.40298267e-02,1.15368964e-01,1.52271306e-01
1.48300000e+04,2.91255891e-01,2.41773010e-02,1.15130131e-01,1.51948459e-01
1.48400000e+04,2.90842796e-01,2.42761152e-02,1.14898658e-01,1.51668022e-01
1.48500000e+04,2.90430194e-01,2.43714685e-02,1.14673854e-01,1.51384871e-01
1.48600000e+04,2.90020571e-01,2.44617004e-02,1.14454703e-01,1.51104168e-01
1.48700000e+04,2.89606054e-01,2.45350488e-02,1.14239245e-01,1.50831761e-01
1.48800000e+04,2.89185471e-01,2.45907312e-02,1.14027325e-01,1.50567415e-01
1.48900000e+04,2.88764193e-01,2.46405446e-02,1.13817998e-01,1.50305650e-01
1.49000000e+04,2.88343068e-01,2.46878949e-02,1.13610982e-01,1.50044191e-01
1.49100000e+04,2.88012927e-01,2.49692660e-02,1.13381111e-01,1.49662550e-01
1.49200000e+04,2.87673223e-01,2.52379156e-02,1.13147619e-01,1.49287689e-01
1.49300000e+04,2.87277784e-01,2.53788361e-02,1.12916622e-01,1.48982325e-01
1.49400000e+04,2.86864392e-01,2.54775780e-02,1.12688806e-01,1.48698008e-01
1.49500000e+04,2.86448921e-01,2.55807647e-02,1.12464840e-01,1.48403317e-01
1.49600000e+04,2.86031148e-01,2.56719893e-02,1.12245437e-01,1.48113722e-01
1.49700000e+04,2.85604784e-01,2.57399475e-02,1.12029865e-01,1.47834971e-01
1.49800000e+04,2.85173418e-01,2.57920499e-02,1.11816825e-01,1.47564544e-01
1.49900000e+04,2.84735052e-01,2.58407929e-02,1.11608384e-01,1.47285876e-01
1.50000000e+04,2.84301970e-01,2.58869230e-02,1.11398988e-01,1.47016059e-01
1.50100000e+04,2.83966577e-01,2.61889694e-02,1.11164830e-01,1.46612777e-01
1.50200000e+04,2.83609357e-01,2.64554559e-02,1.10927419e-01,1.46226482e-01
1.50300000e+04,2.83192572e-01,2.65899407e-02,1.10691967e-01,1.45910665e-01
1.50400000e+04,2.82760242e-01,2.66883437e-02,1.10460641e-01,1.45611257e-01
1.50500000e+04,2.82330461e-01,2.67971732e-02,1.10233023e-01,1.45300264e-01
1.50600000e+04,2.81893672e-01,2.68855201e-02,1.10010260e-01,1.44997892e-01
1.50700000e+04,2.81444999e-01,2.69429760e-02,1.09791707e-01,1.44710317e-01
1.50800000e+04,2.80983652e-01,2.69690116e-02,1.09578849e-01,1.44435791e-01
1.50900000e+04,2.80512482e-01,2.69477799e-02,1.09376860e-01,1.44187842e-01
1.51000000e+04,2.80099347e-01,2.70290371e-02,1.09170161e-01,1.43900149e-01
1.51100000e+04,2.79774360e-01,2.73592828e-02,1.08939784e-01,1.43475294e-01
1.51200000e+04,2.79417516e-01,2.76512358e-02,1.08705961e-01,1.43060319e-01
1.51300000e+04,2.78994007e-01,2.77934673e-02,1.08476149e-01,1.42724391e-01
1.51400000e+04,2.78556119e-01,2.78975307e-02,1.08249662e-01,1.42408927e-01
1.51500000e+04,2.78120037e-01,2.80045477e-02,1.08027783e-01,1.42087706e-01
1.51600000e+04,2.77679468e-01,2.80886765e-02,1.07811049e-01,1.41779743e-01
1.51700000e+04,2.77230640e-01,2.81469658e-02,1.07598085e-01,1.41485589e-01
1.51800000e+04,2.76776502e-01,2.81896873e-02,1.07388544e-01,1.41198271e-01
1.51900000e+04,2.76324121e-01,2.82315769e-02,1.07181363e-01,1.40911181e-01
1.52000000e+04,2.75871665e-01,2.82697849e-02,1.06976369e-01,1.40625511e-01
1.52100000e+04,2.75533240e-01,2.85775719e-02,1.06750923e-01,1.40204745e-01
1.52200000e+04,2.75167185e-01,2.88271029e-02,1.06518423e-01,1.39821659e-01
1.52300000e+04,2.74735461e-01,2.89375936e-02,1.06288136e-01,1.39509732e-01
1.52400000e+04,2.74292628e-01,2.90355953e-02,1.06063946e-01,1.39193087e-01
1.52500000e+04,2.73856917e-01,2.91421446e-02,1.05842857e-01,1.38871916e-01
1.52600000e+04,2.73409715e-01,2.92179702e-02,1.05627613e-01,1.38564131e-01
1.52700000e+04,2.72952886e-01,2.92680407e-02,1.05415606e-01,1.38269240e-01
1.52800000e+04,2.72492021e-01,2.93085805e-02,1.05206772e-01,1.37976668e-01
1.52900000e+04,2.72032872e-01,2.93490424e-02,1.05000077e-01,1.37683752e-01
1.53000000e+04,2.71572837e-01,2.93840031e-02,1.04795341e-01,1.37393493e-01
1.53100000e+04,2.71239695e-01,2.96874197e-02,1.04571093e-01,1.36981183e-01
1.53200000e+04,2.70861598e-01,2.99245316e-02,1.04343065e-01,1.36594002e-01
1.53300000e+04,2.70400928e-01,2.99945273e-02,1.04120497e-01,1.36285903e-01
1.53400000e+04,2.69968881e-01,3.01085951e-02,1.03898485e-01,1.35961800e-01
1.53500000e+04,2.69552888e-01,3.02380197e-02,1.03683041e-01,1.35631827e-01
1.53600000e+04,2.69114985e-01,3.03077116e-02,1.03476520e-01,1.35330754e-01
1.53700000e+04,2.68655344e-01,3.03379868e-02,1.03275890e-01,1.35041468e-01
1.53800000e+04,2.68206420e-01,3.03770569e-02,1.03075073e-01,1.34754290e-01
1.53900000e+04,2.67755523e-01,3.04180661e-02,1.02877217e-01,1.34460239e-01
1.54000000e+04,2.67301522e-01,3.04399802e-02,1.02681664e-01,1.34179878e-01
1.54100000e+04,2.66978559e-01,3.07314429e-02,1.02468312e-01,1.33778804e-01
1.54200000e+04,2.66609255e-01,3.09551789e-02,1.02250731e-01,1.33403345e-01
1.54300000e+04,2.66164290e-01,3.10334649e-02,1.02036635e-01,1.33094189e-01
1.54400000e+04,2.65703593e-01,3.10667744e-02,1.01831497e-01,1.32805321e-01
1.54500000e+04,2.65343056e-01,3.12866884e-02,1.01615590e-01,1.32440777e-01
1.54600000e+04,2.64885653e-01,3.12820400e-02,1.01425957e-01,1.32177656e-01
1.54700000e+04,2.64447902e-01,3.13289582e-02,1.01234927e-01,1.31884018e-01
1.54800000e+04,2.64015813e-01,3.13720651e-02,1.01042552e-01,1.31601195e-01
1.54900000e+04,2.63569568e-01,3.13884281e-02,1.00856841e-01,1.31324299e-01
1.55000000e+04,2.63134378e-01,3.14212704e-02,1.00669557e-01,1.31043551e-01
1.55100000e+04,2.62815799e-01,3.17115935e-02,1.00462399e-01,1.30641807e-01
1.55200000e+04,2.62436785e-01,3.19168697e-02,1.00251938e-01,1.30267978e-01
1.55300000e+04,2.61999445e-01,3.20056158e-02,1.00043030e-01,1.29950799e-01
1.55400000e+04,2.61572034e-01,3.21058790e-02,9.98371172e-02,1.29629038e-01
1.55500000e+04,2.61143039e-01,3.21966563e-02,9.96363907e-02,1.29309992e-01
1.55600000e+04,2.60698715e-01,3.22485995e-02,9.94402226e-02,1.29009893e-01
1.55700000e+04,2.60248667e-01,3.22830041e-02,9.92473681e-02,1.28718294e-01
1.55800000e+04,2.59799613e-01,3.23124565e-02,9.90571086e-02,1.28430048e-01
1.55900000e+04,2.59353418e-01,3.23450357e-02,9.88687897e-02,1.28139592e-01
1.56000000e+04,2.58952542e-01,3.24663443e-02,9.86748064e-02,1.27811391e-01
1.56100000e+04,2.58627559e-01,3.27339265e-02,9.84773815e-02,1.27416251e-01
1.56200000e+04,2.58218360e-01,3.28894936e-02,9.82784558e-02,1.27050411e-01
1.56300000e+04,2.57765589e-01,3.29624072e-02,9.80800096e-02,1.26723172e-01
1.56400000e+04,2.57341225e-01,3.30707921e-02,9.78818713e-02,1.26388562e-01
1.56500000e+04,2.56919709e-01,3.31631461e-02,9.76874523e-02,1.26069111e-01
1.56600000e+04,2.56477923e-01,3.32155738e-02,9.75003804e-02,1.25761969e-01
1.56700000e+04,2.56038608e-01,3.32534937e-02,9.73151551e-02,1.25469959e-01
1.56800000e+04,2.55596201e-01,3.32811166e-02,9.71342185e-02,1.25180866e-01
1.56900000e+04,2.55158885e-01,3.33074431e-02,9.69550820e-02,1.24896360e-01
1.57000000e+04,2.54719874e-01,3.33277375e-02,9.67796810e-02,1.24612456e-01
1.57100000e+04,2.54395663e-01,3.35965658e-02,9.65809821e-02,1.24218115e-01
1.57200000e+04,2.54002444e-01,3.37669669e-02,9.63801024e-02,1.23855374e-01
1.57300000e+04,2.53567693e-01,3.38440034e-02,9.61814199e-02,1.23542270e-01
1.57400000e+04,2.53154641e-01,3.39456041e-02,9.59873884e-02,1.23221649e-01
1.57500000e+04,2.52734129e-01,3.40207610e-02,9.57988603e-02,1.22914508e-01
1.57600000e+04,2.52300955e-01,3.40615948e-02,9.56142930e-02,1.22625067e-01
1.57700000e+04,2.51861014e-01,3.40939602e-02,9.54349729e-02,1.22332081e-01
1.57800000e+04,2.51425875e-01,3.41181931e-02,9.52568094e-02,1.22050872e-01
1.57900000e+04,2.50990861e-01,3.41403246e-02,9.50817283e-02,1.21768808e-01
1.58000000e+04,2.50559839e-01,3.41583263e-02,9.49078635e-02,1.21493649e-01
1.58100000e+04,2.50260697e-01,3.44197055e-02,9.47222272e-02,1.21118765e-01
1.58200000e+04,2.49887015e-01,3.45681342e-02,9.45347506e-02,1.20784130e-01
1.58300000e+04,2.49473957e-01,3.46462943e-02,9.43483480e-02,1.20479315e-01
1.58400000e+04,2.49078562e-01,3.47501030e-02,9.41659358e-02,1.20162523e-01
1.58500000e+04,2.48671730e-01,3.48155735e-02,9.39858068e-02,1.19870350e-01
1.58600000e+04,2.48250384e-01,3.48515723e-02,9.38104337e-02,1.19588378e-01
1.58700000e+04,2.47823222e-01,3.48829483e-02,9.36418711e-02,1.19298402e-01
1.58800000e+04,2.47403640e-01,3.49073134e-02,9.34706672e-02,1.19025660e-01
1.58900000e+04,2.46990297e-01,3.49492181e-02,9.33032769e-02,1.18737802e-01
1.59000000e+04,2.46591274e-01,3.49868952e-02,9.31382632e-02,1.18466116e-01
1.59100000e+04,2.46226835e-01,3.51615727e-02,9.29727429e-02,1.18092519e-01
1.59200000e+04,2.45881941e-01,3.53408859e-02,9.27880006e-02,1.17753054e-01
1.59300000e+04,2.45490352e-01,3.54570084e-02,9.26109032e-02,1.17422440e-01
1.59400000e+04,2.45110583e-01,3.55540640e-02,9.24390038e-02,1.17117515e-01
1.59500000e+04,2.44721008e-01,3.56203121e-02,9.22738862e-02,1.16826809e-01
1.59600000e+04,2.44322992e-01,3.56640821e-02,9.21130812e-02,1.16545829e-01
1.59700000e+04,2.43931576e-01,3.57037182e-02,9.19552455e-02,1.16272612e-01
1.59800000e+04,2.43539230e-01,3.57326418e-02,9.17996398e-02,1.16006949e-01
1.59900000e+04,2.43148820e-01,3.57568473e-02,9.16460114e-02,1.15745961e-01
1.60000000e+04,2.42761517e-01,3.57792479e-02,9.14942117e-02,1.15488057e-01
1.60100000e+04,2.42493410e-01,3.60038815e-02,9.13335869e-02,1.15155942e-01
1.60200000e+04,2.42167341e-01,3.61376110e-02,9.11713381e-02,1.14858392e-01
1.60300000e+04,2.41808008e-01,3.62166346e-02,9.10100659e-02,1.14581308e-01
1.60400000e+04,2.41469413e-01,3.63218759e-02,9.08516557e-02,1.14295882e-01
1.60500000e+04,2.41111288e-01,3.63868093e-02,9.06971388e-02,1.14027340e-01
1.60600000e+04,2.40740941e-01,3.64266406e-02,9.05456475e-02,1.13768653e-01
1.60700000e+04,2.40375601e-01,3.64657378e-02,9.03962619e-02,1.13513601e-01
1.60800000e+04,2.40008590e-01,3.64955411e-02,9.02480914e-02,1.13264958e-01
1.60900000e+04,2.39637624e-01,3.65219932e-02,9.01040953e-02,1.13011535e-01
1.61000000e+04,2.39274200e-01,3.65481735e-02,8.99592789e-02,1.12766748e-01
1.61100000e+04,2.39018617e-01,3.67622252e-02,8.98045394e-02,1.12451852e-01
1.61200000e+04,2.38707354e-01,3.68885304e-02,8.96481885e-02,1.12170636e-01
1.61300000e+04,2.38371461e-01,3.69723922e-02,8.94934123e-02,1.11905656e-01
1.61400000e+04,2.38055171e-01,3.70793461e-02,8.93412078e-02,1.11634617e-01
1.61500000e+04,2.37716494e-01,3.71416162e-02,8.91922031e-02,1.11382674e-01
1.61600000e+04,2.37361119e-01,3.71840360e-02,8.90496796e-02,1.11127404e-01
1.61700000e+04,2.37018214e-01,3.72269978e-02,8.89046497e-02,1.10886566e-01
1.61800000e+04,2.36665914e-01,3.72592944e-02,8.87639402e-02,1.10642679e-01
1.61900000e+04,2.36318762e-01,3.72904949e-02,8.86229874e-02,1.10405280e-01
1.62000000e+04,2.35972652e-01,3.73215796e-02,8.84841720e-02,1.10166900e-01
1.62100000e+04,2.35732847e-01,3.75258886e-02,8.83369242e-02,1.09870034e-01
1.62200000e+04,2.35440424e-01,3.76479160e-02,8.81881424e-02,1.09604365e-01
1.62300000e+04,2.35128265e-01,3.77372039e-02,8.80404621e-02,1.09350599e-01
1.62400000e+04,2.34832062e-01,3.78463230e-02,8.78953556e-02,1.09090384e-01
1.62500000e+04,2.34510755e-01,3.79087619e-02,8.77538289e-02,1.08848164e-01
1.62600000e+04,2.34182348e-01,3.79563559e-02,8.76147597e-02,1.08611233e-01
1.62700000e+04,2.33857716e-01,3.80041504e-02,8.74773579e-02,1.08376208e-01
1.62800000e+04,2.33528021e-01,3.80408530e-02,8.73413954e-02,1.08145772e-01
1.62900000e+04,2.33201123e-01,3.80782297e-02,8.72066366e-02,1.07916257e-01
1.63000000e+04,2.32876855e-01,3.81155833e-02,8.70728267e-02,1.07688445e-01
1.63100000e+04,2.32652262e-01,3.83093990e-02,8.69317580e-02,1.07411105e-01
1.63200000e+04,2.32383759e-01,3.84296630e-02,8.67890383e-02,1.07165058e-01
1.63300000e+04,2.32101878e-01,3.85289640e-02,8.66473069e-02,1.06925607e-01
1.63400000e+04,2.31829585e-01,3.86379004e-02,8.65075220e-02,1.06684163e-01
1.63500000e+04,2.31530326e-01,3.87022315e-02,8.63717502e-02,1.06456344e-01
1.63600000e+04,2.31223714e-01,3.87573624e-02,8.62396426e-02,1.06226709e-01
1.63700000e+04,2.30923504e-01,3.88103598e-02,8.61060712e-02,1.06007073e-01
1.63800000e+04,2.30615041e-01,3.88535143e-02,8.59756443e-02,1.05785883e-01
1.63900000e+04,2.30312937e-01,3.89007333e-02,8.58451771e-02,1.05567027e-01
1.64000000e+04,2.30026144e-01,3.89715338e-02,8.57153452e-02,1.05339265e-01
1.64100000e+04,2.29798313e-01,3.91404591e-02,8.55766033e-02,1.05081250e-01
1.64200000e+04,2.29532264e-01,3.92741931e-02,8.54386185e-02,1.04819453e-01
1.64300000e+04,2.29276071e-01,3.94003573e-02,8.52989331e-02,1.04576781e-01
1.64400000e+04,2.29021815e-01,3.95266813e-02,8.51632058e-02,1.04331928e-01
1.64500000e+04,2.28738363e-01,3.95985689e-02,8.50311292e-02,1.04108665e-01
1.64600000e+04,2.28454797e-01,3.96661496e-02,8.49015231e-02,1.03887125e-01
1.64700000e+04,2.28173018e-01,3.97294573e-02,8.47734571e-02,1.03670104e-01
1.64800000e+04,2.27887149e-01,3.97812732e-02,8.46461658e-02,1.03459710e-01
1.64900000e+04,2.27606657e-01,3.98361068e-02,8.45191832e-02,1.03251367e-01
1.65000000e+04,2.27326174e-01,3.98903835e-02,8.43943183e-02,1.03041472e-01
1.65100000e+04,2.27091096e-01,4.00676570e-02,8.42580451e-02,1.02765394e-01
1.65200000e+04,2.26821021e-01,4.01956660e-02,8.41150797e-02,1.02510275e-01
1.65300000e+04,2.26543304e-01,4.03039200e-02,8.39774086e-02,1.02261976e-01
1.65400000e+04,2.26283754e-01,4.04167071e-02,8.38431256e-02,1.02023922e-01
1.65500000e+04,2.26012782e-01,4.04924286e-02,8.37118276e-02,1.01808526e-01
1.65600000e+04,2.25743038e-01,4.05627628e-02,8.35831868e-02,1.01597089e-01
1.65700000e+04,2.25473972e-01,4.06290968e-02,8.34561085e-02,1.01388767e-01
1.65800000e+04,2.25201643e-01,4.06874370e-02,8.33301352e-02,1.01184070e-01
1.65900000e+04,2.24932728e-01,4.07477547e-02,8.32050755e-02,1.00979898e-01
1.66000000e+04,2.24665790e-01,4.08076688e-02,8.30808975e-02,1.00777223e-01
1.66100000e+04,2.24485822e-01,4.09832702e-02,8.29516020e-02,1.00550949e-01
1.66200000e+04,2.24270246e-01,4.11024312e-02,8.28208522e-02,1.00346962e-01
1.66300000e+04,2.24046909e-01,4.12087994e-02,8.26917986e-02,1.00146311e-01
1.66400000e+04,2.23826081e-01,4.13181156e-02,8.25652403e-02,9.99427253e-02
1.66500000e+04,2.23586830e-01,4.13962165e-02,8.24410358e-02,9.97495782e-02
1.66600000e+04,2.23350777e-01,4.14712834e-02,8.23161076e-02,9.95633861e-02
1.66700000e+04,2.23110678e-01,4.15413592e-02,8.21931101e-02,9.93762090e-02
1.66800000e+04,2.22866913e-01,4.16046537e-02,8.20718347e-02,9.91904246e-02
1.66900000e+04,2.22613712e-01,4.16627258e-02,8.19532479e-02,9.89977385e-02
1.67000000e+04,2.22350375e-01,4.16834653e-02,8.18328065e-02,9.88341033e-02
1.67100000e+04,2.22177390e-01,4.18787412e-02,8.17144278e-02,9.85842214e-02
1.67200000e+04,2.22022812e-01,4.20440408e-02,8.15839558e-02,9.83948155e-02
1.67300000e+04,2.21833443e-01,4.21682032e-02,8.14589656e-02,9.82062742e-02
1.67400000e+04,2.21638666e-01,4.22900897e-02,8.13401382e-02,9.80084384e-02
1.67500000e+04,2.21429649e-01,4.23794194e-02,8.12217476e-02,9.78284820e-02
1.67600000e+04,2.21219426e-01,4.24616539e-02,8.11040378e-02,9.76537340e-02
1.67700000e+04,2.21005174e-01,4.25393857e-02,8.09887887e-02,9.74769992e-02
1.67800000e+04,2.20783941e-01,4.26093448e-02,8.08765717e-02,9.72980241e-02
1.67900000e+04,2.20570505e-01,4.26802934e-02,8.07613179e-02,9.71288939e-02
1.68000000e+04,2.20353582e-01,4.27510712e-02,8.06492193e-02,9.69532912e-02
1.68100000e+04,2.20188771e-01,4.28976058e-02,8.05307640e-02,9.67604014e-02
1.68200000e+04,2.20008135e-01,4.30194900e-02,8.04124571e-02,9.65761879e-02
1.68300000e+04,2.19808869e-01,4.31159771e-02,8.02952256e-02,9.63976668e-02
1.68400000e+04,2.19617686e-01,4.32208633e-02,8.01802301e-02,9.62165932e-02
1.68500000e+04,2.19416971e-01,4.33040733e-02,8.00665198e-02,9.60463784e-02
1.68600000e+04,2.19218813e-01,4.33852860e-02,7.99530854e-02,9.58804420e-02
1.68700000e+04,2.19016287e-01,4.34622499e-02,7.98415799e-02,9.57124570e-02
1.68800000e+04,2.18811101e-01,4.35334080e-02,7.97307166e-02,9.55469768e-02
1.68900000e+04,2.18606498e-01,4.36049087e-02,7.96207352e-02,9.53808541e-02
1.69000000e+04,2.18403992e-01,4.36756811e-02,7.95111897e-02,9.52171209e-02
1.69100000e+04,2.18220450e-01,4.38107893e-02,7.93962063e-02,9.50134542e-02
1.69200000e+04,2.17987526e-01,4.39226194e-02,7.92802222e-02,9.47846847e-02
1.69300000e+04,2.17758192e-01,4.40122147e-02,7.91654155e-02,9.45805615e-02
1.69400000e+04,2.17538063e-01,4.41092096e-02,7.90515173e-02,9.43773364e-02
1.69500000e+04,2.17312928e-01,4.41895570e-02,7.89389645e-02,9.41844066e-02
1.69600000e+04,2.17087455e-01,4.42687350e-02,7.88310713e-02,9.39876485e-02
1.69700000e+04,2.16871064e-01,4.43435637e-02,7.87197703e-02,9.38077304e-02
1.69800000e+04,2.16651688e-01,4.44133248e-02,7.86117882e-02,9.36265746e-02
1.69900000e+04,2.16438661e-01,4.44833602e-02,7.85031679e-02,9.34521333e-02
1.70000000e+04,2.16227053e-01,4.45524535e-02,7.83960558e-02,9.32785440e-02
1.70100000e+04,2.16067399e-01,4.46754019e-02,7.82874080e-02,9.31045891e-02
1.70200000e+04,2.15902102e-01,4.47766089e-02,7.81797586e-02,9.29457343e-02
1.70300000e+04,2.15722774e-01,4.48589786e-02,7.80726925e-02,9.27911031e-02
1.70400000e+04,2.15544942e-01,4.49473643e-02,7.79677522e-02,9.26298255e-02
1.70500000e+04,2.15360665e-01,4.50227759e-02,7.78628084e-02,9.24750812e-02
1.70600000e+04,2.15175149e-01,4.50978735e-02,7.77588498e-02,9.23184256e-02
1.70700000e+04,2.14987973e-01,4.51686532e-02,7.76551757e-02,9.21641442e-02
1.70800000e+04,2.14797892e-01,4.52347034e-02,7.75522443e-02,9.20109438e-02
1.70900000e+04,2.14608267e-01,4.53008330e-02,7.74497411e-02,9.18576930e-02
1.71000000e+04,2.14419038e-01,4.53657243e-02,7.73476273e-02,9.17056865e-02
1.71100000e+04,2.14276207e-01,4.54756858e-02,7.72452549e-02,9.15552660e-02
1.71200000e+04,2.14128963e-01,4.55649924e-02,7.71439224e-02,9.14200478e-02
1.71300000e+04,2.13967304e-01,4.56384703e-02,7.70435278e-02,9.12853055e-02
1.71400000e+04,2.13806598e-01,4.57171874e-02,7.69438396e-02,9.11455714e-02
1.71500000e+04,2.13637222e-01,4.57859389e-02,7.68448403e-02,9.10064429e-02
1.71600000e+04,2.13464970e-01,4.58545865e-02,7.67473162e-02,9.08630674e-02
1.71700000e+04,2.13294706e-01,4.59189592e-02,7.66465806e-02,9.07291659e-02
1.71800000e+04,2.13116529e-01,4.59796822e-02,7.65495318e-02,9.05873152e-02
1.71900000e+04,2.12939511e-01,4.60398379e-02,7.64514789e-02,9.04481944e-02
1.72000000e+04,2.12762746e-01,4.60986165e-02,7.63538636e-02,9.03102659e-02
1.72100000e+04,2.12622864e-01,4.61953918e-02,7.62562941e-02,9.01711785e-02
1.72200000e+04,2.12476729e-01,4.62717413e-02,7.61589809e-02,9.00460072e-02
1.72300000e+04,2.12319671e-01,4.63355174e-02,7.60627273e-02,8.99214267e-02
1.72400000e+04,2.12163173e-01,4.64037054e-02,7.59680433e-02,8.97914246e-02
1.72500000e+04,2.12000011e-01,4.64642640e-02,7.58735369e-02,8.96622101e-02
1.72600000e+04,2.11836449e-01,4.65247013e-02,7.57793702e-02,8.95323770e-02
1.72700000e+04,2.11672854e-01,4.65815199e-02,7.56845810e-02,8.94067528e-02
1.72800000e+04,2.11501028e-01,4.66348676e-02,7.55915691e-02,8.92745914e-02
1.72900000e+04,2.11331980e-01,4.66876445e-02,7.54981006e-02,8.91462351e-02
1.73000000e+04,2.11159556e-01,4.67390105e-02,7.54055128e-02,8.90150327e-02
1.73100000e+04,2.11019924e-01,4.68204351e-02,7.53116709e-02,8.88878180e-02
1.73200000e+04,2.10872393e-01,4.68841685e-02,7.52193225e-02,8.87689016e-02
1.73300000e+04,2.10716519e-01,4.69376054e-02,7.51278438e-02,8.86510698e-02
1.73400000e+04,2.10560292e-01,4.69943486e-02,7.50370754e-02,8.85288684e-02
1.73500000e+04,2.10399039e-01,4.70457773e-02,7.49464640e-02,8.84067980e-02
1.73600000e+04,2.10236447e-01,4.70970913e-02,7.48560793e-02,8.82832759e-02
1.73700000e+04,2.10070594e-01,4.71450692e-02,7.47659960e-02,8.81595288e-02
1.73800000e+04,2.09901895e-01,4.71901131e-02,7.46764900e-02,8.80352915e-02
1.73900000e+04,2.09730723e-01,4.72346153e-02,7.45886906e-02,8.79074172e-02
1.74000000e+04,2.09565714e-01,4.72773159e-02,7.44963012e-02,8.77920968e-02
1.74100000e+04,2.09391808e-01,4.73457212e-02,7.44094400e-02,8.76366472e-02
1.74200000e+04,2.09220500e-01,4.73956624e-02,7.43114174e-02,8.75134206e-02
1.74300000e+04,2.09039237e-01,4.74388892e-02,7.42213901e-02,8.73789580e-02
1.74400000e+04,2.08863048e-01,4.74843193e-02,7.41340071e-02,8.72447215e-02
1.74500000e+04,2.08689933e-01,4.75261036e-02,7.40458482e-02,8.71179811e-02
1.74600000e+04,2.08516928e-01,4.75680565e-02,7.39591821e-02,8.69896898e-02
1.74700000e+04,2.08349723e-01,4.76067124e-02,7.38705719e-02,8.68724382e-02
1.74800000e+04,2.08175412e-01,4.76431573e-02,7.37844146e-02,8.67478396e-02
1.74900000e+04,2.08003537e-01,4.76788643e-02,7.36978640e-02,8.66268084e-02
1.75000000e+04,2.07830328e-01,4.77134662e-02,7.36117642e-02,8.65050976e-02
1.75100000e+04,2.07680953e-01,4.77678465e-02,7.35264905e-02,8.63866159e-02
1.75200000e+04,2.07528753e-01,4.78091539e-02,7.34416996e-02,8.62779000e-02
1.75300000e+04,2.07370851e-01,4.78438966e-02,7.33575393e-02,8.61694155e-02
1.75400000e+04,2.07212198e-01,4.78797808e-02,7.32733556e-02,8.60590611e-02
1.75500000e+04,2.07050186e-01,4.79127899e-02,7.31903169e-02,8.59470793e-02
1.75600000e+04,2.06887287e-01,4.79459901e-02,7.31067349e-02,8.58345621e-02
1.75700000e+04,2.06721865e-01,4.79771706e-02,7.30241717e-02,8.57205232e-02
1.75800000e+04,2.06558215e-01,4.80120000e-02,7.29415147e-02,8.56046998e-02
1.75900000e+04,2.06402389e-01,4.80588819e-02,7.28602648e-02,8.54832425e-02
1.76000000e+04,2.06211600e-01,4.80424835e-02,7.27777055e-02,8.53914105e-02
1.76100000e+04,2.05972877e-01,4.81065493e-02,7.26939386e-02,8.51723887e-02
1.76200000e+04,2.05752075e-01,4.81551239e-02,7.26054469e-02,8.49915037e-02
1.76300000e+04,2.05513225e-01,4.81918051e-02,7.25186118e-02,8.48028080e-02
1.76400000e+04,2.05264469e-01,4.82281259e-02,7.24382833e-02,8.45980603e-02
1.76500000e+04,2.05041836e-01,4.82601378e-02,7.23537542e-02,8.44279440e-02
1.76600000e+04,2.04822460e-01,4.82903241e-02,7.22707443e-02,8.42613916e-02
1.76700000e+04,2.04606121e-01,4.83161228e-02,7.21891858e-02,8.41008127e-02
1.76800000e+04,2.04397791e-01,4.83389841e-02,7.21072701e-02,8.39515369e-02
1.76900000e+04,2.04192836e-01,4.83609159e-02,7.20258712e-02,8.38060488e-02
1.77000000e+04,2.03991973e-01,4.83817897e-02,7.19448183e-02,8.36653651e-02
1.77100000e+04,2.03815485e-01,4.84113586e-02,7.18666112e-02,8.35375150e-02
1.77200000e+04,2.03641626e-01,4.84304164e-02,7.17894022e-02,8.34218074e-02
1.77300000e+04,2.03467944e-01,4.84473987e-02,7.17126432e-02,8.33079026e-02
1.77400000e+04,2.03291595e-01,4.84642236e-02,7.16362933e-02,8.31910778e-02
1.77500000e+04,2.03115582e-01,4.84808756e-02,7.15594866e-02,8.30752195e-02
1.77600000e+04,2.02939452e-01,4.84978128e-02,7.14827483e-02,8.29588904e-02
1.77700000e+04,2.02762391e-01,4.85126683e-02,7.14060799e-02,8.28436429e-02
1.77800000e+04,2.02584771e-01,4.85265093e-02,7.13297232e-02,8.27285388e-02
1.77900000e+04,2.02407352e-01,4.85391233e-02,7.12533413e-02,8.26148872e-02
1.78000000e+04,2.02229796e-01,4.85507692e-02,7.11771274e-02,8.25018993e-02
1.78100000e+04,2.02072240e-01,4.85677332e-02,7.11042344e-02,8.24002723e-02
1.78200000e+04,2.01916708e-01,4.85766716e-02,7.10325809e-02,8.23074557e-02
1.78300000e+04,2.01759674e-01,4.85846211e-02,7.09609879e-02,8.22140648e-02
1.78400000e+04,2.01599272e-01,4.85923051e-02,7.08890482e-02,8.21179187e-02
1.78500000e+04,2.01436596e-01,4.86002268e-02,7.08168164e-02,8.20195531e-02
1.78600000e+04,2.01273075e-01,4.86087464e-02,7.07444142e-02,8.19199149e-02
1.78700000e+04,2.01106566e-01,4.86158384e-02,7.06724092e-02,8.18183188e-02
1.78800000e+04,2.00939395e-01,4.86219961e-02,7.06004650e-02,8.17169338e-02
1.78900000e+04,2.00773091e-01,4.86271648e-02,7.05278789e-02,8.16180470e-02
1.79000000e+04,2.00604809e-01,4.86316337e-02,7.04558500e-02,8.15173254e-02
1.79100000e+04,2.00452715e-01,4.86400741e-02,7.03861594e-02,8.14264813e-02
1.79200000e+04,2.00303768e-01,4.86438131e-02,7.03175880e-02,8.13423664e-02
1.79300000e+04,2.00156308e-01,4.86507037e-02,7.02488157e-02,8.12567891e-02
1.79400000e+04,2.00012960e-01,4.86690439e-02,7.01824776e-02,8.11614389e-02
1.79500000e+04,1.99835787e-01,4.86327721e-02,7.01126350e-02,8.10903793e-02
1.79600000e+04,1.99693370e-01,4.86569439e-02,7.00456996e-02,8.09907270e-02
1.79700000e+04,1.99530507e-01,4.86488467e-02,6.99771899e-02,8.09044706e-02
1.79800000e+04,1.99373725e-01,4.86520787e-02,6.99093645e-02,8.08122813e-02
1.79900000e+04,1.99215143e-01,4.86529110e-02,6.98415579e-02,8.07206744e-02
1.80000000e+04,1.99055040e-01,4.86513055e-02,6.97736798e-02,8.06300543e-02
1.80100000e+04,1.98909006e-01,4.86489275e-02,6.97092811e-02,8.05507972e-02
1.80200000e+04,1.98767533e-01,4.86441853e-02,6.96460507e-02,8.04772969e-02
1.80300000e+04,1.98624825e-01,4.86387662e-02,6.95826216e-02,8.04034370e-02
1.80400000e+04,1.98477958e-01,4.86331306e-02,6.95187490e-02,8.03260784e-02
1.80500000e+04,1.98328836e-01,4.86290419e-02,6.94544992e-02,8.02452950e-02
1.80600000e+04,1.98177937e-01,4.86251854e-02,6.93899985e-02,8.01627531e-02
1.80700000e+04,1.98025260e-01,4.86207322e-02,6.93253965e-02,8.00791313e-02
1.80800000e+04,1.97870628e-01,4.86166219e-02,6.92612089e-02,7.99927967e-02
1.80900000e+04,1.97718883e-01,4.86156375e-02,6.91967412e-02,7.99065043e-02
1.81000000e+04,1.97573072e-01,4.86266388e-02,6.91332980e-02,7.98131352e-02
1.81100000e+04,1.97448028e-01,4.86526601e-02,6.90701510e-02,7.97252164e-02
1.81200000e+04,1.97320111e-01,4.86707895e-02,6.90080262e-02,7.96412957e-02
1.81300000e+04,1.97184276e-01,4.86788174e-02,6.89465053e-02,7.95589534e-02
1.81400000e+04,1.97043202e-01,4.86837402e-02,6.88854492e-02,7.94740128e-02
1.81500000e+04,1.96902860e-01,4.86895181e-02,6.88234582e-02,7.93898835e-02
1.81600000e+04,1.96760293e-01,4.86938103e-02,6.87613573e-02,7.93051259e-02
1.81700000e+04,1.96612882e-01,4.86930614e-02,6.86992711e-02,7.92205491e-02
1.81800000e+04,1.96464449e-01,4.86911995e-02,6.86371130e-02,7.91361368e-02
1.81900000e+04,1.96315212e-01,4.86885318e-02,6.85748514e-02,7.90518286e-02
1.82000000e+04,1.96165565e-01,4.86853304e-02,6.85125201e-02,7.89677148e-02
1.82100000e+04,1.96025046e-01,4.86771476e-02,6.84534950e-02,7.88944034e-02
1.82200000e+04,1.95890645e-01,4.86685637e-02,6.83952837e-02,7.88267980e-02
1.82300000e+04,1.95756596e-01,4.86613976e-02,6.83369578e-02,7.87582405e-02
1.82400000e+04,1.95617297e-01,4.86514062e-02,6.82781542e-02,7.86877371e-02
1.82500000e+04,1.95475966e-01,4.86429314e-02,6.82188928e-02,7.86141417e-02
1.82600000e+04,1.95332536e-01,4.86344991e-02,6.81595245e-02,7.85385128e-02
1.82700000e+04,1.95187496e-01,4.86253109e-02,6.80999921e-02,7.84621934e-02
1.82800000e+04,1.95040523e-01,4.86161127e-02,6.80407357e-02,7.83836747e-02
1.82900000e+04,1.94893483e-01,4.86060293e-02,6.79811132e-02,7.83063407e-02
1.83000000e+04,1.94745200e-01,4.85956596e-02,6.79217184e-02,7.82278218e-02
1.83100000e+04,1.94604201e-01,4.85789933e-02,6.78640656e-02,7.81611423e-02
1.83200000e+04,1.94470371e-01,4.85649303e-02,6.78075289e-02,7.80979114e-02
1.83300000e+04,1.94337065e-01,4.85519381e-02,6.77513067e-02,7.80338201e-02
1.83400000e+04,1.94198864e-01,4.85360454e-02,6.76946575e-02,7.79681613e-02
1.83500000e+04,1.94058881e-01,4.85222124e-02,6.76375934e-02,7.78990752e-02
1.83600000e+04,1.93916881e-01,4.85086273e-02,6.75803687e-02,7.78278854e-02
1.83700000e+04,1.93772851e-01,4.84943376e-02,6.75230044e-02,7.77555086e-02
1.83800000e+04,1.93628174e-01,4.84802041e-02,6.74655365e-02,7.76824333e-02
1.83900000e+04,1.93482604e-01,4.84656623e-02,6.74079807e-02,7.76089612e-02
1.84000000e+04,1.93336466e-01,4.84508788e-02,6.73503708e-02,7.75352166e-02
1.84100000e+04,1.93196566e-01,4.84240828e-02,6.72963281e-02,7.74761547e-02
1.84200000e+04,1.93058009e-01,4.83880044e-02,6.72425781e-02,7.74274270e-02
1.84300000e+04,1.92952814e-01,4.84072422e-02,6.71924826e-02,7.73530896e-02
1.84400000e+04,1.92807831e-01,4.83669020e-02,6.71384642e-02,7.73024652e-02
1.84500000e+04,1.92679058e-01,4.83568168e-02,6.70853909e-02,7.72368507e-02
1.84600000e+04,1.92545334e-01,4.83450386e-02,6.70328184e-02,7.71674770e-02
1.84700000e+04,1.92406190e-01,4.83240578e-02,6.69787938e-02,7.71033383e-02
1.84800000e+04,1.92268705e-01,4.83093269e-02,6.69254401e-02,7.70339378e-02
1.84900000e+04,1.92130506e-01,4.82933668e-02,6.68716321e-02,7.69655070e-02
1.85000000e+04,1.91990703e-01,4.82761705e-02,6.68177791e-02,7.68967537e-02
1.85100000e+04,1.91858804e-01,4.82511893e-02,6.67674356e-02,7.68401787e-02
1.85200000e+04,1.91736800e-01,4.82318605e-02,6.67178242e-02,7.67871155e-02
1.85300000e+04,1.91614976e-01,4.82142658e-02,6.66690591e-02,7.67316514e-02
1.85400000e+04,1.91486322e-01,4.81924580e-02,6.66186285e-02,7.66752351e-02
1.85500000e+04,1.91356017e-01,4.81736603e-02,6.65679875e-02,7.66143693e-02
1.85600000e+04,1.91223241e-01,4.81551340e-02,6.65172216e-02,7.65508852e-02
1.85700000e+04,1.91088352e-01,4.81363293e-02,6.64663918e-02,7.64856314e-02
1.85800000e+04,1.90954834e-01,4.81179306e-02,6.64144934e-02,7.64224095e-02
1.85900000e+04,1.90818111e-01,4.80992950e-02,6.63635007e-02,7.63553155e-02
1.86000000e+04,1.90682299e-01,4.80809794e-02,6.63118262e-02,7.62894934e-02
1.86100000e+04,1.90543512e-01,4.80539792e-02,6.62607532e-02,7.62287795e-02
1.86200000e+04,1.90413669e-01,4.80351946e-02,6.62096775e-02,7.61687966e-02
1.86300000e+04,1.90283777e-01,4.80106486e-02,6.61577789e-02,7.61153496e-02
1.86400000e+04,1.90144476e-01,4.79739874e-02,6.61056692e-02,7.60648196e-02
1.86500000e+04,1.90031393e-01,4.79812491e-02,6.60560154e-02,7.59941282e-02
1.86600000e+04,1.89899884e-01,4.79646524e-02,6.60071676e-02,7.59280635e-02
1.86700000e+04,1.89763523e-01,4.79364351e-02,6.59552714e-02,7.58718168e-02
1.86800000e+04,1.89632435e-01,4.79209748e-02,6.59054891e-02,7.58059712e-02
1.86900000e+04,1.89501754e-01,4.79052078e-02,6.58547910e-02,7.57417552e-02
1.87000000e+04,1.89367260e-01,4.78847348e-02,6.58043134e-02,7.56782118e-02
1.87100000e+04,1.89240675e-01,4.78570934e-02,6.57572403e-02,7.56263413e-02
1.87200000e+04,1.89125380e-01,4.78375935e-02,6.57115700e-02,7.55762164e-02
1.87300000e+04,1.89009785e-01,4.78191097e-02,6.56656643e-02,7.55250105e-02
1.87400000e+04,1.88887670e-01,4.77961594e-02,6.56190038e-02,7.54725071e-02
1.87500000e+04,1.88764936e-01,4.77762216e-02,6.55716739e-02,7.54170403e-02
1.87600000e+04,1.88639080e-01,4.77564067e-02,6.55244093e-02,7.53582638e-02
1.87700000e+04,1.88512072e-01,4.77361993e-02,6.54767350e-02,7.52991374e-02
1.87800000e+04,1.88384514e-01,4.77168342e-02,6.54290388e-02,7.52386410e-02
1.87900000e+04,1.88255498e-01,4.76973116e-02,6.53814207e-02,7.51767660e-02
1.88000000e+04,1.88127205e-01,4.76779526e-02,6.53333670e-02,7.51158851e-02
1.88100000e+04,1.88000703e-01,4.76481014e-02,6.52881763e-02,7.50644249e-02
1.88200000e+04,1.87887593e-01,4.76297653e-02,6.52436879e-02,7.50141402e-02
1.88300000e+04,1.87773671e-01,4.76110105e-02,6.51987966e-02,7.49638635e-02
1.88400000e+04,1.87653984e-01,4.75873521e-02,6.51530115e-02,7.49136208e-02
1.88500000e+04,1.87531827e-01,4.75664713e-02,6.51070334e-02,7.48583218e-02
1.88600000e+04,1.87404110e-01,4.75409058e-02,6.50613466e-02,7.48018574e-02
1.88700000e+04,1.87272749e-01,4.75095877e-02,6.50147273e-02,7.47484335e-02
1.88800000e+04,1.87165281e-01,4.75174667e-02,6.49705527e-02,7.46772620e-02
1.88900000e+04,1.87033302e-01,4.74853607e-02,6.49238537e-02,7.46240878e-02
1.89000000e+04,1.86912160e-01,4.74712324e-02,6.48779272e-02,7.45630004e-02
1.89100000e+04,1.86794582e-01,4.74447582e-02,6.48352343e-02,7.45145894e-02
1.89200000e+04,1.86688937e-01,4.74256224e-02,6.47935804e-02,7.44697343e-02
1.89300000e+04,1.86586595e-01,4.74110935e-02,6.47519253e-02,7.44235766e-02
1.89400000e+04,1.86468106e-01,4.73878997e-02,6.47089528e-02,7.43712539e-02
1.89500000e+04,1.86356783e-01,4.73701460e-02,6.46659225e-02,7.43207143e-02
1.89600000e+04,1.86238691e-01,4.73513923e-02,6.46228505e-02,7.42644480e-02
1.89700000e+04,1.86121715e-01,4.73322151e-02,6.45787953e-02,7.42107041e-02
1.89800000e+04,1.86002838e-01,4.73136168e-02,6.45353731e-02,7.41538480e-02
1.89900000e+04,1.85883709e-01,4.72953938e-02,6.44913730e-02,7.40969425e-02
1.90000000e+04,1.85764991e-01,4.72772018e-02,6.44471221e-02,7.40406667e-02
1.90100000e+04,1.85642633e-01,4.72478568e-02,6.44032338e-02,7.39915426e-02
1.90200000e+04,1.85525527e-01,4.72316117e-02,6.43645452e-02,7.39293697e-02
1.90300000e+04,1.85415060e-01,4.72145739e-02,6.43209727e-02,7.38795131e-02
1.90400000e+04,1.85296416e-01,4.71920826e-02,6.42792183e-02,7.38251151e-02
1.90500000e+04,1.85180046e-01,4.71735953e-02,6.42368568e-02,7.37695937e-02
1.90600000e+04,1.85062943e-01,4.71544819e-02,6.41937879e-02,7.37146728e-02
1.90700000e+04,1.84943566e-01,4.71341897e-02,6.41511703e-02,7.36582061e-02
1.90800000e+04,1.84821856e-01,4.71097035e-02,6.41076501e-02,7.36045027e-02
1.90900000e+04,1.84700881e-01,4.70863413e-02,6.40644058e-02,7.35501339e-02
1.91000000e+04,1.84595395e-01,4.70874718e-02,6.40228774e-02,7.34850463e-02
1.91100000e+04,1.84486827e-01,4.70755803e-02,6.39816511e-02,7.34295953e-02
1.91200000e+04,1.84388063e-01,4.70702823e-02,6.39413313e-02,7.33764490e-02
1.91300000e+04,1.84286542e-01,4.70611906e-02,6.39007574e-02,7.33245937e-02
1.91400000e+04,1.84178843e-01,4.70463594e-02,6.38597613e-02,7.32727228e-02
1.91500000e+04,1.84072317e-01,4.70362641e-02,6.38184084e-02,7.32176445e-02
1.91600000e+04,1.83964497e-01,4.70260982e-02,6.37767712e-02,7.31616272e-02
1.91700000e+04,1.83853878e-01,4.70133937e-02,6.37349831e-02,7.31055009e-02
1.91800000e+04,1.83742293e-01,4.70009127e-02,6.36930868e-02,7.30482931e-02
1.91900000e+04,1.83631389e-01,4.69883205e-02,6.36509287e-02,7.29921395e-02
1.92000000e+04,1.83520129e-01,4.69759332e-02,6.36086350e-02,7.29355604e-02
1.92100000e+04,1.83401342e-01,4.69516653e-02,6.35687664e-02,7.28809107e-02
1.92200000e+04,1.83303429e-01,4.69386856e-02,6.35286663e-02,7.28360775e-02
1.92300000e+04,1.83205004e-01,4.69266831e-02,6.34889855e-02,7.27893355e-02
1.92400000e+04,1.83099424e-01,4.69086751e-02,6.34494092e-02,7.27413393e-02
1.92500000e+04,1.82994398e-01,4.68944300e-02,6.34092948e-02,7.26906726e-02
1.92600000e+04,1.82887911e-01,4.68798272e-02,6.33690087e-02,7.26390754e-02
1.92700000e+04,1.82779922e-01,4.68647465e-02,6.33286403e-02,7.25865352e-02
1.92800000e+04,1.82672190e-01,4.68506271e-02,6.32881580e-02,7.25334052e-02
1.92900000e+04,1.82565495e-01,4.68364414e-02,6.32477073e-02,7.24813460e-02
1.93000000e+04,1.82454631e-01,4.68225013e-02,6.32069333e-02,7.24251965e-02
1.93100000e+04,1.82339854e-01,4.67965234e-02,6.31683425e-02,7.23749880e-02
1.93200000e+04,1.82234740e-01,4.67830604e-02,6.31305669e-02,7.23211125e-02
1.93300000e+04,1.82128456e-01,4.67699180e-02,6.30924510e-02,7.22660874e-02
1.93400000e+04,1.82016397e-01,4.67512969e-02,6.30538856e-02,7.22112147e-02
1.93500000e+04,1.81905655e-01,4.67369662e-02,6.30150322e-02,7.21536562e-02
1.93600000e+04,1.81794506e-01,4.67221650e-02,6.29758424e-02,7.20964989e-02
1.93700000e+04,1.81682898e-01,4.67071032e-02,6.29366519e-02,7.20391429e-02
1.93800000e+04,1.81571474e-01,4.66930627e-02,6.28975548e-02,7.19808562e-02
1.93900000e+04,1.81460450e-01,4.66790280e-02,6.28583684e-02,7.19230530e-02
1.94000000e+04,1.81353317e-01,4.66655015e-02,6.28182931e-02,7.18695226e-02
1.94100000e+04,1.81232449e-01,4.66380609e-02,6.27773442e-02,7.18170435e-02
1.94200000e+04,1.81117088e-01,4.66260871e-02,6.27381628e-02,7.17528380e-02
1.94300000e+04,1.81007736e-01,4.66139961e-02,6.26979573e-02,7.16957829e-02
1.94400000e+04,1.80895115e-01,4.65960859e-02,6.26579263e-02,7.16411028e-02
1.94500000e+04,1.80786610e-01,4.65831898e-02,6.26184919e-02,7.15849283e-02
1.94600000e+04,1.80679628e-01,4.65720407e-02,6.25793110e-02,7.15282760e-02
1.94700000e+04,1.80577705e-01,4.65693861e-02,6.25410937e-02,7.14672251e-02
1.94800000e+04,1.80457110e-01,4.65319800e-02,6.24998894e-02,7.14252404e-02
1.94900000e+04,1.80359336e-01,4.65334614e-02,6.24621412e-02,7.13637332e-02
1.95000000e+04,1.80250057e-01,4.65142053e-02,6.24224173e-02,7.13134342e-02
1.95100000e+04,1.80148916e-01,4.64919996e-02,6.23868260e-02,7.12700899e-02
1.95200000e+04,1.80064080e-01,4.64842775e-02,6.23528437e-02,7.12269585e-02
1.95300000e+04,1.79976369e-01,4.64735664e-02,6.23181286e-02,7.11846738e-02
1.95400000e+04,1.79882094e-01,4.64580957e-02,6.22827582e-02,7.11412406e-02
1.95500000e+04,1.79788298e-01,4.64475660e-02,6.22468435e-02,7.10938886e-02
1.95600000e+04,1.79691923e-01,4.64357936e-02,6.22105942e-02,7.10455354e-02
1.95700000e+04,1.79594383e-01,4.64242392e-02,6.21745150e-02,7.09956289e-02
1.95800000e+04,1.79496024e-01,4.64133862e-02,6.21379950e-02,7.09446432e-02
1.95900000e+04,1.79399928e-01,4.64025619e-02,6.21003787e-02,7.08969876e-02
1.96000000e+04,1.79302287e-01,4.63922060e-02,6.20634641e-02,7.08466171e-02
1.96100000e+04,1.79204907e-01,4.63695601e-02,6.20285073e-02,7.08068400e-02
1.96200000e+04,1.79119357e-01,4.63575411e-02,6.19948286e-02,7.07669874e-02
1.96300000e+04,1.79036158e-01,4.63481620e-02,6.19608326e-02,7.07271634e-02
1.96400000e+04,1.78945728e-01,4.63326869e-02,6.19263434e-02,7.06866973e-02
1.96500000e+04,1.78855910e-01,4.63221019e-02,6.18913353e-02,7.06424731e-02
1.96600000e+04,1.78763953e-01,4.63108584e-02,6.18560243e-02,7.05970703e-02
1.96700000e+04,1.78670810e-01,4.62997004e-02,6.18204751e-02,7.05506343e-02
1.96800000e+04,1.78578130e-01,4.62898076e-02,6.17848692e-02,7.05034530e-02
1.96900000e+04,1.78485303e-01,4.62798344e-02,6.17490021e-02,7.04564666e-02
1.97000000e+04,1.78392991e-01,4.62704588e-02,6.17131703e-02,7.04093620e-02
1.97100000e+04,1.78249985e-01,4.62459694e-02,6.16764333e-02,7.03275824e-02
1.97200000e+04,1.78094786e-01,4.62371683e-02,6.16387286e-02,7.02188895e-02
1.97300000e+04,1.77939800e-01,4.62285294e-02,6.16010355e-02,7.01102353e-02
1.97400000e+04,1.77786402e-01,4.62142549e-02,6.15623104e-02,7.00098369e-02
1.97500000e+04,1.77641568e-01,4.62048001e-02,6.15245561e-02,6.99122116e-02
1.97600000e+04,1.77504304e-01,4.61944802e-02,6.14863960e-02,6.98234283e-02
1.97700000e+04,1.77372309e-01,4.61832812e-02,6.14480228e-02,6.97410054e-02
1.97800000e+04,1.77243799e-01,4.61680241e-02,6.14090710e-02,6.96667040e-02
1.97900000e+04,1.77122990e-01,4.61638518e-02,6.13724748e-02,6.95866636e-02
1.98000000e+04,1.77009090e-01,4.61609576e-02,6.13349038e-02,6.95132284e-02
1.98100000e+04,1.76894893e-01,4.61415311e-02,6.13003155e-02,6.94530460e-02
1.98200000e+04,1.76795658e-01,4.61304169e-02,6.12662044e-02,6.93990364e-02
1.98300000e+04,1.76700648e-01,4.61253404e-02,6.12323379e-02,6.93429697e-02
1.98400000e+04,1.76600218e-01,4.61143168e-02,6.11980071e-02,6.92878937e-02
1.98500000e+04,1.76500892e-01,4.61062010e-02,6.11629529e-02,6.92317377e-02
1.98600000e+04,1.76401067e-01,4.60989034e-02,6.11278749e-02,6.91742884e-02
1.98700000e+04,1.76300830e-01,4.60909738e-02,6.10925340e-02,6.91173224e-02
1.98800000e+04,1.76201764e-01,4.60843770e-02,6.10570414e-02,6.90603461e-02
1.98900000e+04,1.76103100e-01,4.60777941e-02,6.10214281e-02,6.90038775e-02
1.99000000e+04,1.76004190e-01,4.60717984e-02,6.09860262e-02,6.89463655e-02
1.99100000e+04,1.75896688e-01,4.60503335e-02,6.09512987e-02,6.88950557e-02
1.99200000e+04,1.75801510e-01,4.60433308e-02,6.09166305e-02,6.88415483e-02
1.99300000e+04,1.75708597e-01,4.60380405e-02,6.08830263e-02,6.87875298e-02
1.99400000e+04,1.75611673e-01,4.60267707e-02,6.08486049e-02,6.87362977e-02
1.99500000e+04,1.75518044e-01,4.60204736e-02,6.08141882e-02,6.86833823e-02
1.99600000e+04,1.75425498e-01,4.60135447e-02,6.07793843e-02,6.86325691e-02
1.99700000e+04,1.75331843e-01,4.60067588e-02,6.07453288e-02,6.85797554e-02
1.99800000e+04,1.75239054e-01,4.60011953e-02,6.07106829e-02,6.85271762e-02
1.99900000e+04,1.75147759e-01,4.59957194e-02,6.06756358e-02,6.84764043e-02
2.00000000e+04,1.75056714e-01,4.59909703e-02,6.06403709e-02,6.84253725e-02
2.00100000e+04,1.74941819e-01,4.59701867e-02,6.06042758e-02,6.83673562e-02
2.00200000e+04,1.74832624e-01,4.59646969e-02,6.05685276e-02,6.82993994e-02
2.00300000e+04,1.74726098e-01,4.59600432e-02,6.05344732e-02,6.82315816e-02
2.00400000e+04,1.74622911e-01,4.59501413e-02,6.04994328e-02,6.81733369e-02
2.00500000e+04,1.74526957e-01,4.59451162e-02,6.04644953e-02,6.81173451e-02
2.00600000e+04,1.74432236e-01,4.59393585e-02,6.04298129e-02,6.80630651e-02
2.00700000e+04,1.74338506e-01,4.59337637e-02,6.03950975e-02,6.80096452e-02
2.00800000e+04,1.74245848e-01,4.59291584e-02,6.03602326e-02,6.79564566e-02
2.00900000e+04,1.74153123e-01,4.59234139e-02,6.03252910e-02,6.79044178e-02
2.01000000e+04,1.74058417e-01,4.59136158e-02,6.02896416e-02,6.78551591e-02
2.01100000e+04,1.73981145e-01,4.59212228e-02,6.02580211e-02,6.78019010e-02
2.01200000e+04,1.73914802e-01,4.59349559e-02,6.02279328e-02,6.77519138e-02
2.01300000e+04,1.73843273e-01,4.59422150e-02,6.01968278e-02,6.77042301e-02
2.01400000e+04,1.73766107e-01,4.59442365e-02,6.01646204e-02,6.76572501e-02
2.01500000e+04,1.73690719e-01,4.59504082e-02,6.01317120e-02,6.76085991e-02
2.01600000e+04,1.73611707e-01,4.59561072e-02,6.00994394e-02,6.75561603e-02
2.01700000e+04,1.73532963e-01,4.59607429e-02,6.00662914e-02,6.75059284e-02
2.01800000e+04,1.73454215e-01,4.59652181e-02,6.00328134e-02,6.74561839e-02
2.01900000e+04,1.73374422e-01,4.59692473e-02,5.99994036e-02,6.74057711e-02
2.02000000e+04,1.73295001e-01,4.59735679e-02,5.99655514e-02,6.73558821e-02
2.02100000e+04,1.73200765e-01,4.59600483e-02,5.99342033e-02,6.73065133e-02
2.02200000e+04,1.73113206e-01,4.59603705e-02,5.99032029e-02,6.72496327e-02
2.02300000e+04,1.73023306e-01,4.59624384e-02,5.98733478e-02,6.71875194e-02
2.02400000e+04,1.72930421e-01,4.59587180e-02,5.98414730e-02,6.71302303e-02
2.02500000e+04,1.72840766e-01,4.59596056e-02,5.98093222e-02,6.70718378e-02
2.02600000e+04,1.72751517e-01,4.59598334e-02,5.97770564e-02,6.70146273e-02
2.02700000e+04,1.72663195e-01,4.59600753e-02,5.97446097e-02,6.69585102e-02
2.02800000e+04,1.72576540e-01,4.59614076e-02,5.97121625e-02,6.69029697e-02
2.02900000e+04,1.72490773e-01,4.59624736e-02,5.96798519e-02,6.68484472e-02
2.03000000e+04,1.72408775e-01,4.59640389e-02,5.96462042e-02,6.67985320e-02
2.03100000e+04,1.72291622e-01,4.59483097e-02,5.96127427e-02,6.67305697e-02
2.03200000e+04,1.72174404e-01,4.59467016e-02,5.95790617e-02,6.66486404e-02
2.03300000e+04,1.72060126e-01,4.59472110e-02,5.95442897e-02,6.65686254e-02
2.03400000e+04,1.71943230e-01,4.59422500e-02,5.95117514e-02,6.64892288e-02
2.03500000e+04,1.71835487e-01,4.59421374e-02,5.94774346e-02,6.64159152e-02
2.03600000e+04,1.71731395e-01,4.59413712e-02,5.94434948e-02,6.63465288e-02
2.03700000e+04,1.71630635e-01,4.59409224e-02,5.94095782e-02,6.62801345e-02
2.03800000e+04,1.71533438e-01,4.59416019e-02,5.93756160e-02,6.62162197e-02
2.03900000e+04,1.71438412e-01,4.59422818e-02,5.93416921e-02,6.61544378e-02
2.04000000e+04,1.71345803e-01,4.59435107e-02,5.93075296e-02,6.60947627e-02
2.04100000e+04,1.71254318e-01,4.59270156e-02,5.92763448e-02,6.60509573e-02
2.04200000e+04,1.71179267e-01,4.59249967e-02,5.92471901e-02,6.60070804e-02
2.04300000e+04,1.71105451e-01,4.59248605e-02,5.92175768e-02,6.59630138e-02
2.04400000e+04,1.71026989e-01,4.59197293e-02,5.91866559e-02,6.59206037e-02
2.04500000e+04,1.70948141e-01,4.59196175e-02,5.91560621e-02,6.58724614e-02
2.04600000e+04,1.70868176e-01,4.59188429e-02,5.91253620e-02,6.58239711e-02
2.04700000e+04,1.70790450e-01,4.59186249e-02,5.90935394e-02,6.57782855e-02
2.04800000e+04,1.70710901e-01,4.59194757e-02,5.90623896e-02,6.57290355e-02
2.04900000e+04,1.70631862e-01,4.59201585e-02,5.90306892e-02,6.56810147e-02
2.05000000e+04,1.70553440e-01,4.59214581e-02,5.89988484e-02,6.56331337e-02
2.05100000e+04,1.70472770e-01,4.59056121e-02,5.89701973e-02,6.55969603e-02
2.05200000e+04,1.70407683e-01,4.59040795e-02,5.89428154e-02,6.55607884e-02
2.05300000e+04,1.70344092e-01,4.59038384e-02,5.89146213e-02,6.55256324e-02
2.05400000e+04,1.70270119e-01,4.58990709e-02,5.88866474e-02,6.54844003e-02
2.05500000e+04,1.70201030e-01,4.58993593e-02,5.88571421e-02,6.54445281e-02
2.05600000e+04,1.70128201e-01,4.58989976e-02,5.88277832e-02,6.54014199e-02
2.05700000e+04,1.70055913e-01,4.58989226e-02,5.87980638e-02,6.53589271e-02
2.05800000e+04,1.69983355e-01,4.58989110e-02,5.87678997e-02,6.53165447e-02
2.05900000e+04,1.69907529e-01,4.58948662e-02,5.87374244e-02,6.52752386e-02
2.06000000e+04,1.69840072e-01,4.59050032e-02,5.87084422e-02,6.52266260e-02
2.06100000e+04,1.69759303e-01,4.58876925e-02,5.86791852e-02,6.51924255e-02
2.06200000e+04,1.69697395e-01,4.58900445e-02,5.86503928e-02,6.51569579e-02
2.06300000e+04,1.69632284e-01,4.58891478e-02,5.86219101e-02,6.51212257e-02
2.06400000e+04,1.69564023e-01,4.58860871e-02,5.85932089e-02,6.50847265e-02
2.06500000e+04,1.69498361e-01,4.58871938e-02,5.85636136e-02,6.50475536e-02
2.06600000e+04,1.69430217e-01,4.58877488e-02,5.85344432e-02,6.50080246e-02
2.06700000e+04,1.69361769e-01,4.58888448e-02,5.85051393e-02,6.49677846e-02
2.06800000e+04,1.69293354e-01,4.58909926e-02,5.84757337e-02,6.49266281e-02
2.06900000e+04,1.69224055e-01,4.58932064e-02,5.84462251e-02,6.48846237e-02
2.07000000e+04,1.69155581e-01,4.58960930e-02,5.84166167e-02,6.48428709e-02
2.07100000e+04,1.69066554e-01,4.58811515e-02,5.83886697e-02,6.47967326e-02
2.07200000e+04,1.68980534e-01,4.58800972e-02,5.83612973e-02,6.47391394e-02
2.07300000e+04,1.68894789e-01,4.58813150e-02,5.83335260e-02,6.46799480e-02
2.07400000e+04,1.68806529e-01,4.58779816e-02,5.83052468e-02,6.46233004e-02
2.07500000e+04,1.68722468e-01,4.58794320e-02,5.82764880e-02,6.45665482e-02
2.07600000e+04,1.68640649e-01,4.58804330e-02,5.82475260e-02,6.45126902e-02
2.07700000e+04,1.68560909e-01,4.58820490e-02,5.82184267e-02,6.44604333e-02
2.07800000e+04,1.68483429e-01,4.58846192e-02,5.81888603e-02,6.44099495e-02
2.07900000e+04,1.68407496e-01,4.58873464e-02,5.81594910e-02,6.43606586e-02
2.08000000e+04,1.68332118e-01,4.58907672e-02,5.81302034e-02,6.43111475e-02
2.08100000e+04,1.68256211e-01,4.58762215e-02,5.81036831e-02,6.42763062e-02
2.08200000e+04,1.68196223e-01,4.58757114e-02,5.80790162e-02,6.42414959e-02
2.08300000e+04,1.68139118e-01,4.58769318e-02,5.80518834e-02,6.42103026e-02
2.08400000e+04,1.68074468e-01,4.58740901e-02,5.80263550e-02,6.41740233e-02
2.08500000e+04,1.68012075e-01,4.58760830e-02,5.79990654e-02,6.41369262e-02
2.08600000e+04,1.67947464e-01,4.58774986e-02,5.79720048e-02,6.40979605e-02
2.08700000e+04,1.67881746e-01,4.58794683e-02,5.79448933e-02,6.40573844e-02
2.08800000e+04,1.67817275e-01,4.58827086e-02,5.79175862e-02,6.40169804e-02
2.08900000e+04,1.67753142e-01,4.58857245e-02,5.78895935e-02,6.39778239e-02
2.09000000e+04,1.67688526e-01,4.58890715e-02,5.78617140e-02,6.39377401e-02
2.09100000e+04,1.67622685e-01,4.58760746e-02,5.78369870e-02,6.39096238e-02
2.09200000e+04,1.67573096e-01,4.58770639e-02,5.78134189e-02,6.38826134e-02
2.09300000e+04,1.67523082e-01,4.58791970e-02,5.77893787e-02,6.38545062e-02
2.09400000e+04,1.67467778e-01,4.58770973e-02,5.77643667e-02,6.38263142e-02
2.09500000e+04,1.67411968e-01,4.58798288e-02,5.77391528e-02,6.37929865e-02
2.09600000e+04,1.67354689e-01,4.58823709e-02,5.77134077e-02,6.37589103e-02
2.09700000e+04,1.67296998e-01,4.58865814e-02,5.76876704e-02,6.37227460e-02
2.09800000e+04,1.67241176e-01,4.58954626e-02,5.76622672e-02,6.36834464e-02
2.09900000e+04,1.67177917e-01,4.58910317e-02,5.76351556e-02,6.36517302e-02
2.10000000e+04,1.67120634e-01,4.58970711e-02,5.76085560e-02,6.36150065e-02
2.10100000e+04,1.67056926e-01,4.58827822e-02,5.75844837e-02,6.35896603e-02
2.10200000e+04,1.67009661e-01,4.58848415e-02,5.75613795e-02,6.35634403e-02
2.10300000e+04,1.66961752e-01,4.58865061e-02,5.75373480e-02,6.35378974e-02
2.10400000e+04,1.66906822e-01,4.58851656e-02,5.75138833e-02,6.35077734e-02
2.10500000e+04,1.66854383e-01,4.58882064e-02,5.74899050e-02,6.34762718e-02
2.10600000e+04,1.66801005e-01,4.58907631e-02,5.74650704e-02,6.34451719e-02
2.10700000e+04,1.66745784e-01,4.58938677e-02,5.74404302e-02,6.34114865e-02
2.10800000e+04,1.66690956e-01,4.58980664e-02,5.74153434e-02,6.33775464e-02
2.10900000e+04,1.66635721e-01,4.59022701e-02,5.73902449e-02,6.33432062e-02
2.11000000e+04,1.66580493e-01,4.59071725e-02,5.73648201e-02,6.33085000e-02
2.11100000e+04,1.66524350e-01,4.58944449e-02,5.73416601e-02,6.32882449e-02
2.11200000e+04,1.66479607e-01,4.58943772e-02,5.73223388e-02,6.32628911e-02
2.11300000e+04,1.66439631e-01,4.58969263e-02,5.72999614e-02,6.32427429e-02
2.11400000e+04,1.66388837e-01,4.58953258e-02,5.72781642e-02,6.32153469e-02
2.11500000e+04,1.66343522e-01,4.58983989e-02,5.72549189e-02,6.31902039e-02
2.11600000e+04,1.66293324e-01,4.59009682e-02,5.72315559e-02,6.31607995e-02
2.11700000e+04,1.66242241e-01,4.59042385e-02,5.72084415e-02,6.31295612e-02
2.11800000e+04,1.66191510e-01,4.59086167e-02,5.71850027e-02,6.30978901e-02
2.11900000e+04,1.66140549e-01,4.59129474e-02,5.71609238e-02,6.30666773e-02
2.12000000e+04,1.66088183e-01,4.59179961e-02,5.71375392e-02,6.30326474e-02
2.12100000e+04,1.66032825e-01,4.59055023e-02,5.71157137e-02,6.30116086e-02
2.12200000e+04,1.65990681e-01,4.59058677e-02,5.70948876e-02,6.29899260e-02
2.12300000e+04,1.65949025e-01,4.59083500e-02,5.70735408e-02,6.29671340e-02
2.12400000e+04,1.65901761e-01,4.59069890e-02,5.70517664e-02,6.29430059e-02
2.12500000e+04,1.65855242e-01,4.59102612e-02,5.70294662e-02,6.29155143e-02
2.12600000e+04,1.65806843e-01,4.59132121e-02,5.70068764e-02,6.28867547e-02
2.12700000e+04,1.65757815e-01,4.59166918e-02,5.69840732e-02,6.28570496e-02
2.12800000e+04,1.65708700e-01,4.59213204e-02,5.69612010e-02,6.28261785e-02
2.12900000e+04,1.65658980e-01,4.59259572e-02,5.69382141e-02,6.27948087e-02
2.13000000e+04,1.65609964e-01,4.59312543e-02,5.69147712e-02,6.27639385e-02
2.13100000e+04,1.65556964e-01,4.59189468e-02,5.68938054e-02,6.27442120e-02
2.13200000e+04,1.65518431e-01,4.59196480e-02,5.68739267e-02,6.27248564e-02
2.13300000e+04,1.65480578e-01,4.59223672e-02,5.68534613e-02,6.27047499e-02
2.13400000e+04,1.65437313e-01,4.59215563e-02,5.68327768e-02,6.26829795e-02
2.13500000e+04,1.65394328e-01,4.59250780e-02,5.68114350e-02,6.26578149e-02
2.13600000e+04,1.65349149e-01,4.59283289e-02,5.67898699e-02,6.26309500e-02
2.13700000e+04,1.65303378e-01,4.59324225e-02,5.67681783e-02,6.26027768e-02
2.13800000e+04,1.65258551e-01,4.59384981e-02,5.67457607e-02,6.25742920e-02
2.13900000e+04,1.65214467e-01,4.59480549e-02,5.67243438e-02,6.25420679e-02
2.14000000e+04,1.65164257e-01,4.59456769e-02,5.67007267e-02,6.25178536e-02
2.14100000e+04,1.65119156e-01,4.59414212e-02,5.66774576e-02,6.25002774e-02
2.14200000e+04,1.65069335e-01,4.59387837e-02,5.66610424e-02,6.24695089e-02
2.14300000e+04,1.65033462e-01,4.59428086e-02,5.66396467e-02,6.24510065e-02
2.14400000e+04,1.64989710e-01,4.59441941e-02,5.66200250e-02,6.24254907e-02
2.14500000e+04,1.64947584e-01,4.59481856e-02,5.65992776e-02,6.24001211e-02
2.14600000e+04,1.64904558e-01,4.59527169e-02,5.65783619e-02,6.23734790e-02
2.14700000e+04,1.64860526e-01,4.59573729e-02,5.65575118e-02,6.23456417e-02
2.14800000e+04,1.64816823e-01,4.59628866e-02,5.65362641e-02,6.23176725e-02
2.14900000e+04,1.64772637e-01,4.59685756e-02,5.65150368e-02,6.22890245e-02
2.15000000e+04,1.64728428e-01,4.59746814e-02,5.64934784e-02,6.22602682e-02
2.15100000e+04,1.64655392e-01,4.59640625e-02,5.64754742e-02,6.22158557e-02
2.15200000e+04,1.64599172e-01,4.59644808e-02,5.64545851e-02,6.21801065e-02
2.15300000e+04,1.64540855e-01,4.59676598e-02,5.64352267e-02,6.21379681e-02
2.15400000e+04,1.64479938e-01,4.59671643e-02,5.64146902e-02,6.20980833e-02
2.15500000e+04,1.64423161e-01,4.59709497e-02,5.63941028e-02,6.20581084e-02
2.15600000e+04,1.64366636e-01,4.59744968e-02,5.63731916e-02,6.20189473e-02
2.15700000e+04,1.64311263e-01,4.59785925e-02,5.63522128e-02,6.19804574e-02
2.15800000e+04,1.64257401e-01,4.59836703e-02,5.63312098e-02,6.19425211e-02
2.15900000e+04,1.64204449e-01,4.59888571e-02,5.63099509e-02,6.19056412e-02
2.16000000e+04,1.64152480e-01,4.59945731e-02,5.62887144e-02,6.18691926e-02
2.16100000e+04,1.64092047e-01,4.59835416e-02,5.62662904e-02,6.18422147e-02
2.16200000e+04,1.64041704e-01,4.59840420e-02,5.62463840e-02,6.18112783e-02
2.16300000e+04,1.63991790e-01,4.59866897e-02,5.62283125e-02,6.17767882e-02
2.16400000e+04,1.63940875e-01,4.59860438e-02,5.62088004e-02,6.17460309e-02
2.16500000e+04,1.63893076e-01,4.59895360e-02,5.61884547e-02,6.17150850e-02
2.16600000e+04,1.63844881e-01,4.59929734e-02,5.61690633e-02,6.16828445e-02
2.16700000e+04,1.63797594e-01,4.59968365e-02,5.61487357e-02,6.16520221e-02
2.16800000e+04,1.63750884e-01,4.60016730e-02,5.61285168e-02,6.16206943e-02
2.16900000e+04,1.63704501e-01,4.60066399e-02,5.61081580e-02,6.15897027e-02
2.17000000e+04,1.63658644e-01,4.60121735e-02,5.60876668e-02,6.15588035e-02
2.17100000e+04,1.63608514e-01,4.60010083e-02,5.60690871e-02,6.15384189e-02
2.17200000e+04,1.63571737e-01,4.60014948e-02,5.60516243e-02,6.15186184e-02
2.17300000e+04,1.63535627e-01,4.60039466e-02,5.60337630e-02,6.14979173e-02
2.17400000e+04,1.63495980e-01,4.60031107e-02,5.60152897e-02,6.14775799e-02
2.17500000e+04,1.63456391e-01,4.60064228e-02,5.59967073e-02,6.14532611e-02
2.17600000e+04,1.63416064e-01,4.60094896e-02,5.59775940e-02,6.14289805e-02
2.17700000e+04,1.63375187e-01,4.60130847e-02,5.59583654e-02,6.14037365e-02
2.17800000e+04,1.63334000e-01,4.60174160e-02,5.59390822e-02,6.13775018e-02
2.17900000e+04,1.63292119e-01,4.60209253e-02,5.59194695e-02,6.13517238e-02
2.18000000e+04,1.63249713e-01,4.60240539e-02,5.58996460e-02,6.13260134e-02
2.18100000e+04,1.63211867e-01,4.60285111e-02,5.58821512e-02,6.13012047e-02
2.18200000e+04,1.63183013e-01,4.60394293e-02,5.58656668e-02,6.12779172e-02
2.18300000e+04,1.63152098e-01,4.60480729e-02,5.58484679e-02,6.12555569e-02
2.18400000e+04,1.63118866e-01,4.60554517e-02,5.58306389e-02,6.12327752e-02
2.18500000e+04,1.63086731e-01,4.60664800e-02,5.58124740e-02,6.12077774e-02
2.18600000e+04,1.63052734e-01,4.60763220e-02,5.57940722e-02,6.11823395e-02
2.18700000e+04,1.63018047e-01,4.60860469e-02,5.57754068e-02,6.11565936e-02
2.18800000e+04,1.62982897e-01,4.60958326e-02,5.57565357e-02,6.11305291e-02
2.18900000e+04,1.62947169e-01,4.61054536e-02,5.57375245e-02,6.11041908e-02
2.19000000e+04,1.62911145e-01,4.61152709e-02,5.57183865e-02,6.10774880e-02
2.19100000e+04,1.62871386e-01,4.61076987e-02,5.57013180e-02,6.10623693e-02
2.19200000e+04,1.62843776e-01,4.61107918e-02,5.56849723e-02,6.10480121e-02
2.19300000e+04,1.62816135e-01,4.61160143e-02,5.56693128e-02,6.10308077e-02
2.19400000e+04,1.62784741e-01,4.61177014e-02,5.56523968e-02,6.10146429e-02
2.19500000e+04,1.62753479e-01,4.61231592e-02,5.56351938e-02,6.09951257e-02
2.19600000e+04,1.62720513e-01,4.61283587e-02,5.56177629e-02,6.09743915e-02
2.19700000e+04,1.62686817e-01,4.61340135e-02,5.56001544e-02,6.09526492e-02
2.19800000e+04,1.62652953e-01,4.61404865e-02,5.55823239e-02,6.09301424e-02
2.19900000e+04,1.62618330e-01,4.61468787e-02,5.55644923e-02,6.09069588e-02
2.20000000e+04,1.62583578e-01,4.61537720e-02,5.55464388e-02,6.08833671e-02
2.20100000e+04,1.62544408e-01,4.61438420e-02,5.55301894e-02,6.08703767e-02
2.20200000e+04,1.62516654e-01,4.61447282e-02,5.55148134e-02,6.08571129e-02
2.20300000e+04,1.62489867e-01,4.61477323e-02,5.54990575e-02,6.08430776e-02
2.20400000e+04,1.62458811e-01,4.61474832e-02,5.54829194e-02,6.08284082e-02
2.20500000e+04,1.62428079e-01,4.61511245e-02,5.54664023e-02,6.08105517e-02
2.20600000e+04,1.62395912e-01,4.61546236e-02,5.54495524e-02,6.07917356e-02
2.20700000e+04,1.62363029e-01,4.61586611e-02,5.54325398e-02,6.07718286e-02
2.20800000e+04,1.62329977e-01,4.61636445e-02,5.54153674e-02,6.07509648e-02
2.20900000e+04,1.62296319e-01,4.61687432e-02,5.53980670e-02,6.07295087e-02
2.21000000e+04,1.62262435e-01,4.61742434e-02,5.53806268e-02,6.07075648e-02
2.21100000e+04,1.62225007e-01,4.61633619e-02,5.53651325e-02,6.06965126e-02
2.21200000e+04,1.62199230e-01,4.61632350e-02,5.53505812e-02,6.06854137e-02
2.21300000e+04,1.62173859e-01,4.61650428e-02,5.53357004e-02,6.06731156e-02
2.21400000e+04,1.62144249e-01,4.61640418e-02,5.53204288e-02,6.06597786e-02
2.21500000e+04,1.62114883e-01,4.61667120e-02,5.53046614e-02,6.06435092e-02
2.21600000e+04,1.62084073e-01,4.61693886e-02,5.52885728e-02,6.06261120e-02
2.21700000e+04,1.62052602e-01,4.61726454e-02,5.52723034e-02,6.06076527e-02
2.21800000e+04,1.62020830e-01,4.61768485e-02,5.52558431e-02,6.05881381e-02
2.21900000e+04,1.61988542e-01,4.61810663e-02,5.52391733e-02,6.05683027e-02
2.22000000e+04,1.61955990e-01,4.61859356e-02,5.52224488e-02,6.05476057e-02
2.22100000e+04,1.61919145e-01,4.61746463e-02,5.52072262e-02,6.05372724e-02
2.22200000e+04,1.61893737e-01,4.61741254e-02,5.51930279e-02,6.05265838e-02
2.22300000e+04,1.61868772e-01,4.61752472e-02,5.51785165e-02,6.05150086e-02
2.22400000e+04,1.61840027e-01,4.61737491e-02,5.51637353e-02,6.05025430e-02
2.22500000e+04,1.61811767e-01,4.61759704e-02,5.51484829e-02,6.04873140e-02
2.22600000e+04,1.61782079e-01,4.61781029e-02,5.51329338e-02,6.04710421e-02
2.22700000e+04,1.61751890e-01,4.61809955e-02,5.51172138e-02,6.04536808e-02
2.22800000e+04,1.61721138e-01,4.61847308e-02,5.51013756e-02,6.04350316e-02
2.22900000e+04,1.61689994e-01,4.61885397e-02,5.50853861e-02,6.04160682e-02
2.23000000e+04,1.61658644e-01,4.61928982e-02,5.50692862e-02,6.03964598e-02
2.23100000e+04,1.61623420e-01,4.61809736e-02,5.50549237e-02,6.03875223e-02
2.23200000e+04,1.61599186e-01,4.61790327e-02,5.50413478e-02,6.03788056e-02
2.23300000e+04,1.61574564e-01,4.61776370e-02,5.50272951e-02,6.03696317e-02
2.23400000e+04,1.61549023e-01,4.61791352e-02,5.50136312e-02,6.03562569e-02
2.23500000e+04,1.61523012e-01,4.61828068e-02,5.49993213e-02,6.03408837e-02
2.23600000e+04,1.61493213e-01,4.61822195e-02,5.49841499e-02,6.03268439e-02
2.23700000e+04,1.61464587e-01,4.61855159e-02,5.49692314e-02,6.03098393e-02
2.23800000e+04,1.61435308e-01,4.61891151e-02,5.49540728e-02,6.02921206e-02
2.23900000e+04,1.61405042e-01,4.61921224e-02,5.49386729e-02,6.02742466e-02
2.24000000e+04,1.61374920e-01,4.61962745e-02,5.49232340e-02,6.02554116e-02
2.24100000e+04,1.61340796e-01,4.61847592e-02,5.49093950e-02,6.02466416e-02
2.24200000e+04,1.61317680e-01,4.61835104e-02,5.48962270e-02,6.02379424e-02
2.24300000e+04,1.61294807e-01,4.61840594e-02,5.48828641e-02,6.02278836e-02
2.24400000e+04,1.61268304e-01,4.61819916e-02,5.48691008e-02,6.02172118e-02
2.24500000e+04,1.61242000e-01,4.61834041e-02,5.48549389e-02,6.02036569e-02
2.24600000e+04,1.61214370e-01,4.61849895e-02,5.48404867e-02,6.01888936e-02
2.24700000e+04,1.61186156e-01,4.61871927e-02,5.48258692e-02,6.01730941e-02
2.24800000e+04,1.61157790e-01,4.61903143e-02,5.48110291e-02,6.01564465e-02
2.24900000e+04,1.61128663e-01,4.61935938e-02,5.47962012e-02,6.01388684e-02
2.25000000e+04,1.61099314e-01,4.61974190e-02,5.47812518e-02,6.01206435e-02
2.25100000e+04,1.61066261e-01,4.61857590e-02,5.47675820e-02,6.01129198e-02
2.25200000e+04,1.61043879e-01,4.61836641e-02,5.47548767e-02,6.01053383e-02
2.25300000e+04,1.61020678e-01,4.61814794e-02,5.47415720e-02,6.00976263e-02
2.25400000e+04,1.60995902e-01,4.61806299e-02,5.47284466e-02,6.00868257e-02
2.25500000e+04,1.60972817e-01,4.61858692e-02,5.47153025e-02,6.00716458e-02
2.25600000e+04,1.60944403e-01,4.61839224e-02,5.47009121e-02,6.00595688e-02
2.25700000e+04,1.60918243e-01,4.61878703e-02,5.46870923e-02,6.00432801e-02
2.25800000e+04,1.60890194e-01,4.61895862e-02,5.46726916e-02,6.00279165e-02
2.25900000e+04,1.60862307e-01,4.61927751e-02,5.46583629e-02,6.00111694e-02
2.26000000e+04,1.60834153e-01,4.61965023e-02,5.46439129e-02,5.99937377e-02
2.26100000e+04,1.60802591e-01,4.61848628e-02,5.46310402e-02,5.99866875e-02
2.26200000e+04,1.60781785e-01,4.61833802e-02,5.46190707e-02,5.99793344e-02
2.26300000e+04,1.60761359e-01,4.61834367e-02,5.46067064e-02,5.99712159e-02
2.26400000e+04,1.60736487e-01,4.61811495e-02,5.45942599e-02,5.99610773e-02
2.26500000e+04,1.60712725e-01,4.61822005e-02,5.45810768e-02,5.99494479e-02
2.26600000e+04,1.60687219e-01,4.61833368e-02,5.45678146e-02,5.99360676e-02
2.26700000e+04,1.60661201e-01,4.61852770e-02,5.45544311e-02,5.99214934e-02
2.26800000e+04,1.60634930e-01,4.61879241e-02,5.45408726e-02,5.99061329e-02
2.26900000e+04,1.60608221e-01,4.61909271e-02,5.45271625e-02,5.98901316e-02
2.27000000e+04,1.60581166e-01,4.61944200e-02,5.45133717e-02,5.98733739e-02
2.27100000e+04,1.60550644e-01,4.61829725e-02,5.45010351e-02,5.98666365e-02
2.27200000e+04,1.60530490e-01,4.61813489e-02,5.44894417e-02,5.98596990e-02
2.27300000e+04,1.60510517e-01,4.61813341e-02,5.44775621e-02,5.98516205e-02
2.27400000e+04,1.60487002e-01,4.61791224e-02,5.44653431e-02,5.98425368e-02
2.27500000e+04,1.60463493e-01,4.61800113e-02,5.44526654e-02,5.98308158e-02
2.27600000e+04,1.60438481e-01,4.61805150e-02,5.44396617e-02,5.98183043e-02
2.27700000e+04,1.60411463e-01,4.61792089e-02,5.44261594e-02,5.98060948e-02
2.27800000e+04,1.60387748e-01,4.61850529e-02,5.44134269e-02,5.97892684e-02
2.27900000e+04,1.60362167e-01,4.61885555e-02,5.44002493e-02,5.97733618e-02
2.28000000e+04,1.60335908e-01,4.61918414e-02,5.43868212e-02,5.97572455e-02
2.28100000e+04,1.60304027e-01,4.61799653e-02,5.43746009e-02,5.97494608e-02
2.28200000e+04,1.60281721e-01,4.61791530e-02,5.43632478e-02,5.97393202e-02
2.28300000e+04,1.60258516e-01,4.61783192e-02,5.43514452e-02,5.97287517e-02
2.28400000e+04,1.60232594e-01,4.61763159e-02,5.43395255e-02,5.97167521e-02
2.28500000e+04,1.60207224e-01,4.61768904e-02,5.43269235e-02,5.97034105e-02
2.28600000e+04,1.60180733e-01,4.61779945e-02,5.43142693e-02,5.96884690e-02
2.28700000e+04,1.60153924e-01,4.61795111e-02,5.43013626e-02,5.96730499e-02
2.28800000e+04,1.60127078e-01,4.61819285e-02,5.42883617e-02,5.96567877e-02
2.28900000e+04,1.60099854e-01,4.61844711e-02,5.42753126e-02,5.96400702e-02
2.29000000e+04,1.60072608e-01,4.61876081e-02,5.42621560e-02,5.96228439e-02
2.29100000e+04,1.60027335e-01,4.61765761e-02,5.42490238e-02,5.96017355e-02
2.29200000e+04,1.59982128e-01,4.61747778e-02,5.42359875e-02,5.95713623e-02
2.29300000e+04,1.59937055e-01,4.61744562e-02,5.42225128e-02,5.95400860e-02
2.29400000e+04,1.59890057e-01,4.61721088e-02,5.42090493e-02,5.95088985e-02
2.29500000e+04,1.59846459e-01,4.61726801e-02,5.41952068e-02,5.94785725e-02
2.29600000e+04,1.59804032e-01,4.61735376e-02,5.41814220e-02,5.94490728e-02
2.29700000e+04,1.59763414e-01,4.61750019e-02,5.41674581e-02,5.94209535e-02
2.29800000e+04,1.59724191e-01,4.61771919e-02,5.41535140e-02,5.93934852e-02
2.29900000e+04,1.59686004e-01,4.61796048e-02,5.41394928e-02,5.93669067e-02
2.30000000e+04,1.59648800e-01,4.61824965e-02,5.41254793e-02,5.93408247e-02
2.30100000e+04,1.59600057e-01,4.61717246e-02,5.41117906e-02,5.93165419e-02
2.30200000e+04,1.59557115e-01,4.61702228e-02,5.40981441e-02,5.92887484e-02
2.30300000e+04,1.59516160e-01,4.61698799e-02,5.40843507e-02,5.92619298e-02
2.30400000e+04,1.59473565e-01,4.61673587e-02,5.40703872e-02,5.92358190e-02
2.30500000e+04,1.59432821e-01,4.61675565e-02,5.40562694e-02,5.92089948e-02
2.30600000e+04,1.59392048e-01,4.61666986e-02,5.40419605e-02,5.91833891e-02
2.30700000e+04,1.59352500e-01,4.61668605e-02,5.40276578e-02,5.91579817e-02
2.30800000e+04,1.59317936e-01,4.61746826e-02,5.40142714e-02,5.91289816e-02
2.30900000e+04,1.59278915e-01,4.61737597e-02,5.39996759e-02,5.91054793e-02
2.31000000e+04,1.59243007e-01,4.61781609e-02,5.39858490e-02,5.90789975e-02
2.31100000e+04,1.59204111e-01,4.61670941e-02,5.39727228e-02,5.90642945e-02
2.31200000e+04,1.59176075e-01,4.61658858e-02,5.39603937e-02,5.90497954e-02
2.31300000e+04,1.59148680e-01,4.61653029e-02,5.39476414e-02,5.90357353e-02
2.31400000e+04,1.59118648e-01,4.61631668e-02,5.39350273e-02,5.90204537e-02
2.31500000e+04,1.59089241e-01,4.61638542e-02,5.39219371e-02,5.90034499e-02
2.31600000e+04,1.59058712e-01,4.61646498e-02,5.39086194e-02,5.89854431e-02
2.31700000e+04,1.59028418e-01,4.61661827e-02,5.38955701e-02,5.89666654e-02
2.31800000e+04,1.58997759e-01,4.61682703e-02,5.38821557e-02,5.89473333e-02
2.31900000e+04,1.58967058e-01,4.61706543e-02,5.38687625e-02,5.89276415e-02
2.32000000e+04,1.58936262e-01,4.61735380e-02,5.38551958e-02,5.89075280e-02
2.32100000e+04,1.58902515e-01,4.61628917e-02,5.38431252e-02,5.88964985e-02
2.32200000e+04,1.58877986e-01,4.61611051e-02,5.38316881e-02,5.88851924e-02
2.32300000e+04,1.58853508e-01,4.61605619e-02,5.38200451e-02,5.88729013e-02
2.32400000e+04,1.58826002e-01,4.61579681e-02,5.38080879e-02,5.88599461e-02
2.32500000e+04,1.58798707e-01,4.61582259e-02,5.37957565e-02,5.88447241e-02
2.32600000e+04,1.58770447e-01,4.61586716e-02,5.37831837e-02,5.88285916e-02
2.32700000e+04,1.58741726e-01,4.61595444e-02,5.37704547e-02,5.88117265e-02
2.32800000e+04,1.58712173e-01,4.61599114e-02,5.37574579e-02,5.87948042e-02
2.32900000e+04,1.58682425e-01,4.61605299e-02,5.37443611e-02,5.87775338e-02
2.33000000e+04,1.58656892e-01,4.61689766e-02,5.37321334e-02,5.87557817e-02
2.33100000e+04,1.58625633e-01,4.61614226e-02,5.37198605e-02,5.87443501e-02
2.33200000e+04,1.58604032e-01,4.61629533e-02,5.37083883e-02,5.87326899e-02
2.33300000e+04,1.58582860e-01,4.61659314e-02,5.36968536e-02,5.87200748e-02
2.33400000e+04,1.58559189e-01,4.61671183e-02,5.36851185e-02,5.87069526e-02
2.33500000e+04,1.58536083e-01,4.61708960e-02,5.36727684e-02,5.86924182e-02
2.33600000e+04,1.58511526e-01,4.61743427e-02,5.36604825e-02,5.86767005e-02
2.33700000e+04,1.58486499e-01,4.61779787e-02,5.36478851e-02,5.86606353e-02
2.33800000e+04,1.58461007e-01,4.61820142e-02,5.36352903e-02,5.86437024e-02
2.33900000e+04,1.58435264e-01,4.61862351e-02,5.36226448e-02,5.86263845e-02
2.34000000e+04,1.58409239e-01,4.61907140e-02,5.36097214e-02,5.86088035e-02
2.34100000e+04,1.58378095e-01,4.61818628e-02,5.35980582e-02,5.85981745e-02
2.34200000e+04,1.58354397e-01,4.61811281e-02,5.35869840e-02,5.85862847e-02
2.34300000e+04,1.58330151e-01,4.61816519e-02,5.35757565e-02,5.85727428e-02
2.34400000e+04,1.58303100e-01,4.61800593e-02,5.35642592e-02,5.85587812e-02
2.34500000e+04,1.58276667e-01,4.61811562e-02,5.35523993e-02,5.85431118e-02
2.34600000e+04,1.58249771e-01,4.61826034e-02,5.35402792e-02,5.85268879e-02
2.34700000e+04,1.58222499e-01,4.61845453e-02,5.35281037e-02,5.85098504e-02
2.34800000e+04,1.58195076e-01,4.61869655e-02,5.35158263e-02,5.84922846e-02
2.34900000e+04,1.58167767e-01,4.61897352e-02,5.35034305e-02,5.84746007e-02
2.35000000e+04,1.58140385e-01,4.61929801e-02,5.34910271e-02,5.84563782e-02
2.35100000e+04,1.58110016e-01,4.61830173e-02,5.34797676e-02,5.84472315e-02
2.35200000e+04,1.58089175e-01,4.61816754e-02,5.34689281e-02,5.84385714e-02
2.35300000e+04,1.58067939e-01,4.61812085e-02,5.34579999e-02,5.84287310e-02
2.35400000e+04,1.58043745e-01,4.61787244e-02,5.34467196e-02,5.84183009e-02
2.35500000e+04,1.58020025e-01,4.61790560e-02,5.34352737e-02,5.84056952e-02
2.35600000e+04,1.57995490e-01,4.61799102e-02,5.34236160e-02,5.83919637e-02
2.35700000e+04,1.57970608e-01,4.61814121e-02,5.34118942e-02,5.83773021e-02
2.35800000e+04,1.57945695e-01,4.61839269e-02,5.34000975e-02,5.83616706e-02
2.35900000e+04,1.57920628e-01,4.61870984e-02,5.33882904e-02,5.83452396e-02
2.36000000e+04,1.57893941e-01,4.61880437e-02,5.33760673e-02,5.83298299e-02
2.36100000e+04,1.57864689e-01,4.61774764e-02,5.33649239e-02,5.83222885e-02
2.36200000e+04,1.57845264e-01,4.61776199e-02,5.33544178e-02,5.83132259e-02
2.36300000e+04,1.57824110e-01,4.61765361e-02,5.33438075e-02,5.83037668e-02
2.36400000e+04,1.57801412e-01,4.61746063e-02,5.33326974e-02,5.82941078e-02
2.36500000e+04,1.57778670e-01,4.61754726e-02,5.33215662e-02,5.82816310e-02
2.36600000e+04,1.57755291e-01,4.61764175e-02,5.33101556e-02,5.82687178e-02
2.36700000e+04,1.57731116e-01,4.61777664e-02,5.32986540e-02,5.82546953e-02
2.36800000e+04,1.57706693e-01,4.61796423e-02,5.32871320e-02,5.82399191e-02
2.36900000e+04,1.57682095e-01,4.61818282e-02,5.32753658e-02,5.82249010e-02
2.37000000e+04,1.57657226e-01,4.61844089e-02,5.32635825e-02,5.82092351e-02
2.37100000e+04,1.57629416e-01,4.61743536e-02,5.32528734e-02,5.82021887e-02
2.37200000e+04,1.57609951e-01,4.61719946e-02,5.32425873e-02,5.81953688e-02
2.37300000e+04,1.57590128e-01,4.61694581e-02,5.32319681e-02,5.81887015e-02
2.37400000e+04,1.57568950e-01,4.61674782e-02,5.32214247e-02,5.81800469e-02
2.37500000e+04,1.57549300e-01,4.61703811e-02,5.32109036e-02,5.81680155e-02
2.37600000e+04,1.57525831e-01,4.61686981e-02,5.31996026e-02,5.81575307e-02
2.37700000e+04,1.57502824e-01,4.61696965e-02,5.31885104e-02,5.81446170e-02
2.37800000e+04,1.57479897e-01,4.61714991e-02,5.31772605e-02,5.81311374e-02
2.37900000e+04,1.57456068e-01,4.61727487e-02,5.31658281e-02,5.81174915e-02
2.38000000e+04,1.57432152e-01,4.61747173e-02,5.31544081e-02,5.81030267e-02
2.38100000e+04,1.57406099e-01,4.61646530e-02,5.31440864e-02,5.80973594e-02
2.38200000e+04,1.57388378e-01,4.61624394e-02,5.31343765e-02,5.80915619e-02
2.38300000e+04,1.57370503e-01,4.61610700e-02,5.31244183e-02,5.80850143e-02
2.38400000e+04,1.57349896e-01,4.61581003e-02,5.31143513e-02,5.80774445e-02
2.38500000e+04,1.57329258e-01,4.61573796e-02,5.31038466e-02,5.80680322e-02
2.38600000e+04,1.57307314e-01,4.61566932e-02,5.30931233e-02,5.80574978e-02
2.38700000e+04,1.57284325e-01,4.61555405e-02,5.30821544e-02,5.80466303e-02
2.38800000e+04,1.57262841e-01,4.61580207e-02,5.30715305e-02,5.80332894e-02
2.38900000e+04,1.57241533e-01,4.61617902e-02,5.30609681e-02,5.80187746e-02
2.39000000e+04,1.57217638e-01,4.61617904e-02,5.30497679e-02,5.80060796e-02
2.39100000e+04,1.57185987e-01,4.61528228e-02,5.30381240e-02,5.79950407e-02
2.39200000e+04,1.57148301e-01,4.61511030e-02,5.30284636e-02,5.79687340e-02
2.39300000e+04,1.57116767e-01,4.61494844e-02,5.30173328e-02,5.79499496e-02
2.39400000e+04,1.57084903e-01,4.61466763e-02,5.30059654e-02,5.79322617e-02
2.39500000e+04,1.57053423e-01,4.61463252e-02,5.29946295e-02,5.79124682e-02
2.39600000e+04,1.57022081e-01,4.61465578e-02,5.29833531e-02,5.78921698e-02
2.39700000e+04,1.56991402e-01,4.61472484e-02,5.29720268e-02,5.78721272e-02
2.39800000e+04,1.56961495e-01,4.61483535e-02,5.29606140e-02,5.78525270e-02
2.39900000e+04,1.56932318e-01,4.61497572e-02,5.29491018e-02,5.78334586e-02
2.40000000e+04,1.56903566e-01,4.61516418e-02,5.29375900e-02,5.78143339e-02
2.40100000e+04,1.56869846e-01,4.61420647e-02,5.29264837e-02,5.78012974e-02
2.40200000e+04,1.56842266e-01,4.61410010e-02,5.29164060e-02,5.77848593e-02
2.40300000e+04,1.56816648e-01,4.61415736e-02,5.29055610e-02,5.77695138e-02
2.40400000e+04,1.56784911e-01,4.61326209e-02,5.28940325e-02,5.77582576e-02
2.40500000e+04,1.56759764e-01,4.61350154e-02,5.28836101e-02,5.77411390e-02
2.40600000e+04,1.56731887e-01,4.61327216e-02,5.28724290e-02,5.77267359e-02
2.40700000e+04,1.56706078e-01,4.61340168e-02,5.28615402e-02,5.77105210e-02
2.40800000e+04,1.56679376e-01,4.61340976e-02,5.28504656e-02,5.76948130e-02
2.40900000e+04,1.56653442e-01,4.61355452e-02,5.28394593e-02,5.76784380e-02
2.41000000e+04,1.56627391e-01,4.61368679e-02,5.28283354e-02,5.76621877e-02
2.41100000e+04,1.56599786e-01,4.61271738e-02,5.28181254e-02,5.76544869e-02
2.41200000e+04,1.56580608e-01,4.61245311e-02,5.28089226e-02,5.76471545e-02
2.41300000e+04,1.56561387e-01,4.61226335e-02,5.27993204e-02,5.76394327e-02
2.41400000e+04,1.56539786e-01,4.61193526e-02,5.27895364e-02,5.76308970e-02
2.41500000e+04,1.56518222e-01,4.61183741e-02,5.27794030e-02,5.76204447e-02
2.41600000e+04,1.56496081e-01,4.61179162e-02,5.27691571e-02,5.76090074e-02
2.41700000e+04,1.56473472e-01,4.61179407e-02,5.27587710e-02,5.75967601e-02
2.41800000e+04,1.56450771e-01,4.61186180e-02,5.27483355e-02,5.75838178e-02
2.41900000e+04,1.56427646e-01,4.61195774e-02,5.27378466e-02,5.75702221e-02
2.42000000e+04,1.56404569e-01,4.61209824e-02,5.27272951e-02,5.75562910e-02
2.42100000e+04,1.56378893e-01,4.61111342e-02,5.27180544e-02,5.75497046e-02
2.42200000e+04,1.56361822e-01,4.61084598e-02,5.27082947e-02,5.75450676e-02
2.42300000e+04,1.56343536e-01,4.61060751e-02,5.26993436e-02,5.75381169e-02
2.42400000e+04,1.56321623e-01,4.61001547e-02,5.26896439e-02,5.75318245e-02
2.42500000e+04,1.56303441e-01,4.61022852e-02,5.26804245e-02,5.75207318e-02
2.42600000e+04,1.56282226e-01,4.61006240e-02,5.26704762e-02,5.75111257e-02
2.42700000e+04,1.56262463e-01,4.61026717e-02,5.26608801e-02,5.74989112e-02
2.42800000e+04,1.56240020e-01,4.61012156e-02,5.26506958e-02,5.74881086e-02
2.42900000e+04,1.56218837e-01,4.61027053e-02,5.26408019e-02,5.74753294e-02
2.43000000e+04,1.56196890e-01,4.61037642e-02,5.26307862e-02,5.74623399e-02
2.43100000e+04,1.56168420e-01,4.60940568e-02,5.26202905e-02,5.74540731e-02
2.43200000e+04,1.56143410e-01,4.60912826e-02,5.26104336e-02,5.74416940e-02
2.43300000e+04,1.56119046e-01,4.60893693e-02,5.26002348e-02,5.74294422e-02
2.43400000e+04,1.56093708e-01,4.60860766e-02,5.25900698e-02,5.74175614e-02
2.43500000e+04,1.56069447e-01,4.60847989e-02,5.25799122e-02,5.74047359e-02
2.43600000e+04,1.56045836e-01,4.60841831e-02,5.25696649e-02,5.73919878e-02
2.43700000e+04,1.56022316e-01,4.60840385e-02,5.25594779e-02,5.73787995e-02
2.43800000e+04,1.55999125e-01,4.60844089e-02,5.25492119e-02,5.73655045e-02
2.43900000e+04,1.55975989e-01,4.60851510e-02,5.25389415e-02,5.73518968e-02
2.44000000e+04,1.55953021e-01,4.60863200e-02,5.25286186e-02,5.73380828e-02
2.44100000e+04,1.55928667e-01,4.60768587e-02,5.25193914e-02,5.73324166e-02
2.44200000e+04,1.55911959e-01,4.60740777e-02,5.25106510e-02,5.73272300e-02
2.44300000e+04,1.55895292e-01,4.60720718e-02,5.25017524e-02,5.73214682e-02
2.44400000e+04,1.55876291e-01,4.60688046e-02,5.24926941e-02,5.73147926e-02
2.44500000e+04,1.55857238e-01,4.60675947e-02,5.24833650e-02,5.73062786e-02
2.44600000e+04,1.55837649e-01,4.60670401e-02,5.24738822e-02,5.72967263e-02
2.44700000e+04,1.55817566e-01,4.60669398e-02,5.24642572e-02,5.72863687e-02
2.44800000e+04,1.55797346e-01,4.60675871e-02,5.24545948e-02,5.72751637e-02
2.44900000e+04,1.55777322e-01,4.60692395e-02,5.24449462e-02,5.72631365e-02
2.45000000e+04,1.55757388e-01,4.60715581e-02,5.24352083e-02,5.72506214e-02
2.45100000e+04,1.55735251e-01,4.60660405e-02,5.24251070e-02,5.72441038e-02
2.45200000e+04,1.55718450e-01,4.60677062e-02,5.24169168e-02,5.72338276e-02
2.45300000e+04,1.55702001e-01,4.60696356e-02,5.24081315e-02,5.72242340e-02
2.45400000e+04,1.55684676e-01,4.60711647e-02,5.23987769e-02,5.72147344e-02
2.45500000e+04,1.55667540e-01,4.60742374e-02,5.23893294e-02,5.72039736e-02
2.45600000e+04,1.55649526e-01,4.60769720e-02,5.23798012e-02,5.71927524e-02
2.45700000e+04,1.55631121e-01,4.60797312e-02,5.23700997e-02,5.71812906e-02
2.45800000e+04,1.55612569e-01,4.60828346e-02,5.23603401e-02,5.71693948e-02
2.45900000e+04,1.55593623e-01,4.60860399e-02,5.23505466e-02,5.71570362e-02
2.46000000e+04,1.55574504e-01,4.60894289e-02,5.23406739e-02,5.71444012e-02
2.46100000e+04,1.55553706e-01,4.60820841e-02,5.23318570e-02,5.71397646e-02
2.46200000e+04,1.55540098e-01,4.60810071e-02,5.23234919e-02,5.71355995e-02
2.46300000e+04,1.55526467e-01,4.60807966e-02,5.23149821e-02,5.71306885e-02
2.46400000e+04,1.55510174e-01,4.60788534e-02,5.23062723e-02,5.71250487e-02
2.46500000e+04,1.55493777e-01,4.60789403e-02,5.22973240e-02,5.71175130e-02
2.46600000e+04,1.55476638e-01,4.60795156e-02,5.22882018e-02,5.71089202e-02
2.46700000e+04,1.55458957e-01,4.60804724e-02,5.22789807e-02,5.70995035e-02
2.46800000e+04,1.55440828e-01,4.60819344e-02,5.22697159e-02,5.70891776e-02
2.46900000e+04,1.55422505e-01,4.60836400e-02,5.22603258e-02,5.70785394e-02
2.47000000e+04,1.55404038e-01,4.60856210e-02,5.22508342e-02,5.70675827e-02
2.47100000e+04,1.55383469e-01,4.60770839e-02,5.22422853e-02,5.70640996e-02
2.47200000e+04,1.55369843e-01,4.60749554e-02,5.22341091e-02,5.70607790e-02
2.47300000e+04,1.55356135e-01,4.60734478e-02,5.22259740e-02,5.70567133e-02
2.47400000e+04,1.55339974e-01,4.60703055e-02,5.22174536e-02,5.70522154e-02
2.47500000e+04,1.55322831e-01,4.60678108e-02,5.22086020e-02,5.70464182e-02
2.47600000e+04,1.55306564e-01,4.60682758e-02,5.21999417e-02,5.70383463e-02
2.47700000e+04,1.55290794e-01,4.60709625e-02,5.21914398e-02,5.70283918e-02
2.47800000e+04,1.55272000e-01,4.60695946e-02,5.21822554e-02,5.70201498e-02
2.47900000e+04,1.55254797e-01,4.60717655e-02,5.21733481e-02,5.70096834e-02
2.48000000e+04,1.55236176e-01,4.60721815e-02,5.21643600e-02,5.69996344e-02
2.48100000e+04,1.55215283e-01,4.60639127e-02,5.21561664e-02,5.69952036e-02
2.48200000e+04,1.55199882e-01,4.60614599e-02,5.21482906e-02,5.69901311e-02
2.48300000e+04,1.55184040e-01,4.60594331e-02,5.21403267e-02,5.69842798e-02
2.48400000e+04,1.55166467e-01,4.60565719e-02,5.21319845e-02,5.69779101e-02
2.48500000e+04,1.55148698e-01,4.60553150e-02,5.21234090e-02,5.69699736e-02
2.48600000e+04,1.55129961e-01,4.60546806e-02,5.21150751e-02,5.69602051e-02
2.48700000e+04,1.55111635e-01,4.60545147e-02,5.21062343e-02,5.69508862e-02
2.48800000e+04,1.55092701e-01,4.60547576e-02,5.20974918e-02,5.69404512e-02
2.48900000e+04,1.55073791e-01,4.60554003e-02,5.20886343e-02,5.69297563e-02
2.49000000e+04,1.55054760e-01,4.60564266e-02,5.20797368e-02,5.69185962e-02
2.49100000e+04,1.55033764e-01,4.60473052e-02,5.20714602e-02,5.69149988e-02
2.49200000e+04,1.55018935e-01,4.60435425e-02,5.20634514e-02,5.69119409e-02
2.49300000e+04,1.55002696e-01,4.60381021e-02,5.20550356e-02,5.69095581e-02
2.49400000e+04,1.54990604e-01,4.60414836e-02,5.20478441e-02,5.69012759e-02
2.49500000e+04,1.54972622e-01,4.60369303e-02,5.20391908e-02,5.68965009e-02
2.49600000e+04,1.54955558e-01,4.60357745e-02,5.20306150e-02,5.68891688e-02
2.49700000e+04,1.54938874e-01,4.60361995e-02,5.20225476e-02,5.68801273e-02
2.49800000e+04,1.54920834e-01,4.60353298e-02,5.20138169e-02,5.68716870e-02
2.49900000e+04,1.54903291e-01,4.60358021e-02,5.20052172e-02,5.68622718e-02
2.50000000e+04,1.54885426e-01,4.60364082e-02,5.19965137e-02,5.68525045e-02
2.50100000e+04,1.54866019e-01,4.60274328e-02,5.19883257e-02,5.68502601e-02
2.50200000e+04,1.54851521e-01,4.60243261e-02,5.19810847e-02,5.68461104e-02
2.50300000e+04,1.54837328e-01,4.60219312e-02,5.19734726e-02,5.68419245e-02
2.50400000e+04,1.54821608e-01,4.60184253e-02,5.19655043e-02,5.68376788e-02
2.50500000e+04,1.54805940e-01,4.60166115e-02,5.19572633e-02,5.68320649e-02
2.50600000e+04,1.54788940e-01,4.60154715e-02,5.19494446e-02,5.68240236e-02
2.50700000e+04,1.54772260e-01,4.60147339e-02,5.19410551e-02,5.68164715e-02
2.50800000e+04,1.54754916e-01,4.60144218e-02,5.19328754e-02,5.68076189e-02
2.50900000e+04,1.54737704e-01,4.60145701e-02,5.19244419e-02,5.67986922e-02
2.51000000e+04,1.54720227e-01,4.60152089e-02,5.19160799e-02,5.67889379e-02
2.51100000e+04,1.54701045e-01,4.60063714e-02,5.19084409e-02,5.67862328e-02
2.51200000e+04,1.54687910e-01,4.60031466e-02,5.19011807e-02,5.67835823e-02
2.51300000e+04,1.54674736e-01,4.60006445e-02,5.18937933e-02,5.67802982e-02
2.51400000e+04,1.54659524e-01,4.59969946e-02,5.18861488e-02,5.67763802e-02
2.51500000e+04,1.54644299e-01,4.59951325e-02,5.18782069e-02,5.67709592e-02
2.51600000e+04,1.54628494e-01,4.59938545e-02,5.18704375e-02,5.67642023e-02
2.51700000e+04,1.54611872e-01,4.59928531e-02,5.18626034e-02,5.67564154e-02
2.51800000e+04,1.54595079e-01,4.59918499e-02,5.18543496e-02,5.67488799e-02
2.51900000e+04,1.54577309e-01,4.59902707e-02,5.18461090e-02,5.67409294e-02
2.52000000e+04,1.54562365e-01,4.59937178e-02,5.18383121e-02,5.67303353e-02
2.52100000e+04,1.54544111e-01,4.59853528e-02,5.18310038e-02,5.67277540e-02
2.52200000e+04,1.54531266e-01,4.59810575e-02,5.18239229e-02,5.67262852e-02
2.52300000e+04,1.54519721e-01,4.59797233e-02,5.18168925e-02,5.67231055e-02
2.52400000e+04,1.54505107e-01,4.59758211e-02,5.18096060e-02,5.67196803e-02
2.52500000e+04,1.54490854e-01,4.59740037e-02,5.18020772e-02,5.67147728e-02
2.52600000e+04,1.54476058e-01,4.59731238e-02,5.17945533e-02,5.67083809e-02
2.52700000e+04,1.54460557e-01,4.59723276e-02,5.17868943e-02,5.67013347e-02
2.52800000e+04,1.54444839e-01,4.59719816e-02,5.17791178e-02,5.66937392e-02
2.52900000e+04,1.54429002e-01,4.59721656e-02,5.17713136e-02,5.66855232e-02
2.53000000e+04,1.54412854e-01,4.59725502e-02,5.17634219e-02,5.66768819e-02
2.53100000e+04,1.54395030e-01,4.59639395e-02,5.17562571e-02,5.66748339e-02
2.53200000e+04,1.54383077e-01,4.59611132e-02,5.17495225e-02,5.66724409e-02
2.53300000e+04,1.54371552e-01,4.59598664e-02,5.17428325e-02,5.66688533e-02
2.53400000e+04,1.54358497e-01,4.59571550e-02,5.17354546e-02,5.66658873e-02
2.53500000e+04,1.54341799e-01,4.59512493e-02,5.17277819e-02,5.66627675e-02
2.53600000e+04,1.54328453e-01,4.59523055e-02,5.17208187e-02,5.66553293e-02
2.53700000e+04,1.54312301e-01,4.59499035e-02,5.17132696e-02,5.66491277e-02
2.53800000e+04,1.54297678e-01,4.59503820e-02,5.17056902e-02,5.66416060e-02
2.53900000e+04,1.54281734e-01,4.59498150e-02,5.16981425e-02,5.66337767e-02
2.54000000e+04,1.54266046e-01,4.59500986e-02,5.16904656e-02,5.66254815e-02
2.54100000e+04,1.54249014e-01,4.59417779e-02,5.16835592e-02,5.66236768e-02
2.54200000e+04,1.54237629e-01,4.59386010e-02,5.16770007e-02,5.66220269e-02
2.54300000e+04,1.54226141e-01,4.59360707e-02,5.16703109e-02,5.66197592e-02
2.54400000e+04,1.54212754e-01,4.59325695e-02,5.16634627e-02,5.66167222e-02
2.54500000e+04,1.54199208e-01,4.59305958e-02,5.16563696e-02,5.66122430e-02
2.54600000e+04,1.54185284e-01,4.59293285e-02,5.16491701e-02,5.66067857e-02
2.54700000e+04,1.54170543e-01,4.59284045e-02,5.16420138e-02,5.66001249e-02
2.54800000e+04,1.54155698e-01,4.59279301e-02,5.16346858e-02,5.65930820e-02
2.54900000e+04,1.54140636e-01,4.59276272e-02,5.16271636e-02,5.65858455e-02
2.55000000e+04,1.54125259e-01,4.59273560e-02,5.16195894e-02,5.65783138e-02
2.55100000e+04,1.54103304e-01,4.59197446e-02,5.16121987e-02,5.65713610e-02
2.55200000e+04,1.54083677e-01,4.59189386e-02,5.16051354e-02,5.65596031e-02
2.55300000e+04,1.54063420e-01,4.59186333e-02,5.15979496e-02,5.65468369e-02
2.55400000e+04,1.54040915e-01,4.59152674e-02,5.15903382e-02,5.65353091e-02
2.55500000e+04,1.54020024e-01,4.59146359e-02,5.15825487e-02,5.65228397e-02
2.55600000e+04,1.53999044e-01,4.59143191e-02,5.15748621e-02,5.65098623e-02
2.55700000e+04,1.53978156e-01,4.59138834e-02,5.15670867e-02,5.64971861e-02
2.55800000e+04,1.53957560e-01,4.59139622e-02,5.15593004e-02,5.64842973e-02
2.55900000e+04,1.53937623e-01,4.59144578e-02,5.15513776e-02,5.64717876e-02
2.56000000e+04,1.53917937e-01,4.59151950e-02,5.15434020e-02,5.64593399e-02
2.56100000e+04,1.53896861e-01,4.59072681e-02,5.15361714e-02,5.64534218e-02
2.56200000e+04,1.53881589e-01,4.59037873e-02,5.15290401e-02,5.64487612e-02
2.56300000e+04,1.53866126e-01,4.59007802e-02,5.15220208e-02,5.64433253e-02
2.56400000e+04,1.53851437e-01,4.59006183e-02,5.15153849e-02,5.64354333e-02
2.56500000e+04,1.53834611e-01,4.58982139e-02,5.15080713e-02,5.64283260e-02
2.56600000e+04,1.53817772e-01,4.58967974e-02,5.15006952e-02,5.64202793e-02
2.56700000e+04,1.53801416e-01,4.58967154e-02,5.14933315e-02,5.64113695e-02
2.56800000e+04,1.53784091e-01,4.58960887e-02,5.14859216e-02,5.64020808e-02
2.56900000e+04,1.53766975e-01,4.58961947e-02,5.14785392e-02,5.63922415e-02
2.57000000e+04,1.53749886e-01,4.58967358e-02,5.14709189e-02,5.63822314e-02
2.57100000e+04,1.53726142e-01,4.58887762e-02,5.14627916e-02,5.63745745e-02
2.57200000e+04,1.53703722e-01,4.58856749e-02,5.14546377e-02,5.63634098e-02
2.57300000e+04,1.53681476e-01,4.58831016e-02,5.14463254e-02,5.63520488e-02
2.57400000e+04,1.53658194e-01,4.58791540e-02,5.14381051e-02,5.63409351e-02
2.57500000e+04,1.53635999e-01,4.58766579e-02,5.14298705e-02,5.63294706e-02
2.57600000e+04,1.53615966e-01,4.58773184e-02,5.14219433e-02,5.63167040e-02
2.57700000e+04,1.53595293e-01,4.58766821e-02,5.14138705e-02,5.63047406e-02
2.57800000e+04,1.53574328e-01,4.58754033e-02,5.14057275e-02,5.62931970e-02
2.57900000e+04,1.53554339e-01,4.58755186e-02,5.13977004e-02,5.62811198e-02
2.58000000e+04,1.53534361e-01,4.58758994e-02,5.13897690e-02,5.62686924e-02
2.58100000e+04,1.53509451e-01,4.58679880e-02,5.13818386e-02,5.62596241e-02
2.58200000e+04,1.53488561e-01,4.58650490e-02,5.13736376e-02,5.62498741e-02
2.58300000e+04,1.53468263e-01,4.58633900e-02,5.13652838e-02,5.62395897e-02
2.58400000e+04,1.53447352e-01,4.58608068e-02,5.13574774e-02,5.62290678e-02
2.58500000e+04,1.53425111e-01,4.58562126e-02,5.13490995e-02,5.62197993e-02
2.58600000e+04,1.53404812e-01,4.58550996e-02,5.13413423e-02,5.62083701e-02
2.58700000e+04,1.53385393e-01,4.58546347e-02,5.13333228e-02,5.61974358e-02
2.58800000e+04,1.53365485e-01,4.58535381e-02,5.13252361e-02,5.61867112e-02
2.58900000e+04,1.53346057e-01,4.58534223e-02,5.13172752e-02,5.61753598e-02
2.59000000e+04,1.53326756e-01,4.58534276e-02,5.13092600e-02,5.61640688e-02
2.59100000e+04,1.53306739e-01,4.58454286e-02,5.13019959e-02,5.61593148e-02
2.59200000e+04,1.53292242e-01,4.58420723e-02,5.12950750e-02,5.61550943e-02
2.59300000e+04,1.53278014e-01,4.58395179e-02,5.12882063e-02,5.61502893e-02
2.59400000e+04,1.53261937e-01,4.58356751e-02,5.12811554e-02,5.61451064e-02
2.59500000e+04,1.53245234e-01,4.58322430e-02,5.12738004e-02,5.61391909e-02
2.59600000e+04,1.53229681e-01,4.58319866e-02,5.12666697e-02,5.61310244e-02
2.59700000e+04,1.53213966e-01,4.58322359e-02,5.12595258e-02,5.61222043e-02
2.59800000e+04,1.53196363e-01,4.58302323e-02,5.12520168e-02,5.61141142e-02
2.59900000e+04,1.53180058e-01,4.58306137e-02,5.12446343e-02,5.61048098e-02
2.60000000e+04,1.53163029e-01,4.58301558e-02,5.12370530e-02,5.60958202e-02
2.60100000e+04,1.53144342e-01,4.58221765e-02,5.12299570e-02,5.60922083e-02
2.60200000e+04,1.53130797e-01,4.58190245e-02,5.12230540e-02,5.60887187e-02
2.60300000e+04,1.53117577e-01,4.58167379e-02,5.12160893e-02,5.60847496e-02
2.60400000e+04,1.53102786e-01,4.58135460e-02,5.12092452e-02,5.60799950e-02
2.60500000e+04,1.53087775e-01,4.58114188e-02,5.12018419e-02,5.60745140e-02
2.60600000e+04,1.53072784e-01,4.58100483e-02,5.11946957e-02,5.60680399e-02
2.60700000e+04,1.53057216e-01,4.58091704e-02,5.11875127e-02,5.60605325e-02
2.60800000e+04,1.53042030e-01,4.58090110e-02,5.11801962e-02,5.60528224e-02
2.60900000e+04,1.53026185e-01,4.58088831e-02,5.11730420e-02,5.60442600e-02
2.61000000e+04,1.53009408e-01,4.58073567e-02,5.11655052e-02,5.60365466e-02
2.61100000e+04,1.52990913e-01,4.57988177e-02,5.11584934e-02,5.60336018e-02
2.61200000e+04,1.52977596e-01,4.57955285e-02,5.11515920e-02,5.60304751e-02
2.61300000e+04,1.52965060e-01,4.57943570e-02,5.11449119e-02,5.60257915e-02
2.61400000e+04,1.52950389e-01,4.57911623e-02,5.11380215e-02,5.60212052e-02
2.61500000e+04,1.52935335e-01,4.57884779e-02,5.11309584e-02,5.60158987e-02
2.61600000e+04,1.52920461e-01,4.57870132e-02,5.11238643e-02,5.60095832e-02
2.61700000e+04,1.52905319e-01,4.57859581e-02,5.11167409e-02,5.60026195e-02
2.61800000e+04,1.52890061e-01,4.57852180e-02,5.11095056e-02,5.59953371e-02
2.61900000e+04,1.52874488e-01,4.57848163e-02,5.11024926e-02,5.59871787e-02
2.62000000e+04,1.52859057e-01,4.57847645e-02,5.10952668e-02,5.59790254e-02
2.62100000e+04,1.52843047e-01,4.57778125e-02,5.10886314e-02,5.59766030e-02
2.62200000e+04,1.52832857e-01,4.57768918e-02,5.10825750e-02,5.59733901e-02
2.62300000e+04,1.52818125e-01,4.57693403e-02,5.10756942e-02,5.59730900e-02
2.62400000e+04,1.52806930e-01,4.57687950e-02,5.10695522e-02,5.59685831e-02
2.62500000e+04,1.52792781e-01,4.57649944e-02,5.10627466e-02,5.59650404e-02
2.62600000e+04,1.52779431e-01,4.57635972e-02,5.10560740e-02,5.59597596e-02
2.62700000e+04,1.52765834e-01,4.57626203e-02,5.10493088e-02,5.59539045e-02
2.62800000e+04,1.52751430e-01,4.57614118e-02,5.10424485e-02,5.59475701e-02
2.62900000e+04,1.52736842e-01,4.57610254e-02,5.10356323e-02,5.59401847e-02
2.63000000e+04,1.52722155e-01,4.57606637e-02,5.10287011e-02,5.59327900e-02
2.63100000e+04,1.52705696e-01,4.57533176e-02,5.10222810e-02,5.59300972e-02
2.63200000e+04,1.52692785e-01,4.57498784e-02,5.10160307e-02,5.59268761e-02
2.63300000e+04,1.52680133e-01,4.57474018e-02,5.10095919e-02,5.59231397e-02
2.63400000e+04,1.52665961e-01,4.57440472e-02,5.10032065e-02,5.59187073e-02
2.63500000e+04,1.52651533e-01,4.57417921e-02,5.09967234e-02,5.59130172e-02
2.63600000e+04,1.52637172e-01,4.57401952e-02,5.09900099e-02,5.59069667e-02
2.63700000e+04,1.52622624e-01,4.57389255e-02,5.09831866e-02,5.59005124e-02
2.63800000e+04,1.52607543e-01,4.57381343e-02,5.09766200e-02,5.58927887e-02
2.63900000e+04,1.52592408e-01,4.57375731e-02,5.09699259e-02,5.58849092e-02
2.64000000e+04,1.52577332e-01,4.57372829e-02,5.09630991e-02,5.58769504e-02
2.64100000e+04,1.52560522e-01,4.57298463e-02,5.09567052e-02,5.58739706e-02
2.64200000e+04,1.52547799e-01,4.57260245e-02,5.09504845e-02,5.58712904e-02
2.64300000e+04,1.52533938e-01,4.57225199e-02,5.09440775e-02,5.58673408e-02
2.64400000e+04,1.52521189e-01,4.57201831e-02,5.09379063e-02,5.58630996e-02
2.64500000e+04,1.52507597e-01,4.57192092e-02,5.09317174e-02,5.58566700e-02
2.64600000e+04,1.52493124e-01,4.57164113e-02,5.09250194e-02,5.58516934e-02
2.64700000e+04,1.52479005e-01,4.57156071e-02,5.09185090e-02,5.58448889e-02
2.64800000e+04,1.52464551e-01,4.57147472e-02,5.09119849e-02,5.58378189e-02
2.64900000e+04,1.52449641e-01,4.57139869e-02,5.09054635e-02,5.58301912e-02
2.65000000e+04,1.52435289e-01,4.57137305e-02,5.08985962e-02,5.58229619e-02
2.65100000e+04,1.52418584e-01,4.57065289e-02,5.08923169e-02,5.58197382e-02
2.65200000e+04,1.52405948e-01,4.57030976e-02,5.08861229e-02,5.58167274e-02
2.65300000e+04,1.52393993e-01,4.57003324e-02,5.08797449e-02,5.58139160e-02
2.65400000e+04,1.52380454e-01,4.56963164e-02,5.08733665e-02,5.58107714e-02
2.65500000e+04,1.52367159e-01,4.56940057e-02,5.08670284e-02,5.58061247e-02
2.65600000e+04,1.52354867e-01,4.56941292e-02,5.08608319e-02,5.57999061e-02
2.65700000e+04,1.52341272e-01,4.56922406e-02,5.08541449e-02,5.57948868e-02
2.65800000e+04,1.52327421e-01,4.56909807e-02,5.08475431e-02,5.57888970e-02
2.65900000e+04,1.52313747e-01,4.56908711e-02,5.08410985e-02,5.57817769e-02
2.66000000e+04,1.52299738e-01,4.56904492e-02,5.08344912e-02,5.57747979e-02
2.66100000e+04,1.52283141e-01,4.56832034e-02,5.08278592e-02,5.57720786e-02
2.66200000e+04,1.52268657e-01,4.56797119e-02,5.08219685e-02,5.57669770e-02
2.66300000e+04,1.52255054e-01,4.56771689e-02,5.08157534e-02,5.57621320e-02
2.66400000e+04,1.52240174e-01,4.56735399e-02,5.08092256e-02,5.57574089e-02
2.66500000e+04,1.52224932e-01,4.56701208e-02,5.08027146e-02,5.57520963e-02
2.66600000e+04,1.52211239e-01,4.56694170e-02,5.07964386e-02,5.57453835e-02
2.66700000e+04,1.52197815e-01,4.56693598e-02,5.07900617e-02,5.57383931e-02
2.66800000e+04,1.52182599e-01,4.56671841e-02,5.07835064e-02,5.57319082e-02
2.66900000e+04,1.52168505e-01,4.56672974e-02,5.07771907e-02,5.57240172e-02
2.67000000e+04,1.52153811e-01,4.56664356e-02,5.07706183e-02,5.57167576e-02
2.67100000e+04,1.52134702e-01,4.56596045e-02,5.07644070e-02,5.57106907e-02
2.67200000e+04,1.52119744e-01,4.56564051e-02,5.07584883e-02,5.57048508e-02
2.67300000e+04,1.52105025e-01,4.56540372e-02,5.07523212e-02,5.56986670e-02
2.67400000e+04,1.52089698e-01,4.56508454e-02,5.07460208e-02,5.56928320e-02
2.67500000e+04,1.52072859e-01,4.56486074e-02,5.07397930e-02,5.56844588e-02
2.67600000e+04,1.52057139e-01,4.56469175e-02,5.07333982e-02,5.56768235e-02
2.67700000e+04,1.52040804e-01,4.56454813e-02,5.07270147e-02,5.56683081e-02
2.67800000e+04,1.52024512e-01,4.56442090e-02,5.07206475e-02,5.56596552e-02
2.67900000e+04,1.52008417e-01,4.56431595e-02,5.07141702e-02,5.56510875e-02
2.68000000e+04,1.51992941e-01,4.56433255e-02,5.07077796e-02,5.56418357e-02
2.68100000e+04,1.51977542e-01,4.56382634e-02,5.07019826e-02,5.56372961e-02
2.68200000e+04,1.51965532e-01,4.56356583e-02,5.06964201e-02,5.56334533e-02
2.68300000e+04,1.51953691e-01,4.56337161e-02,5.06907602e-02,5.56292144e-02
2.68400000e+04,1.51940916e-01,4.56313729e-02,5.06850218e-02,5.56245210e-02
2.68500000e+04,1.51927884e-01,4.56297326e-02,5.06791334e-02,5.56190179e-02
2.68600000e+04,1.51914510e-01,4.56284212e-02,5.06731518e-02,5.56129368e-02
2.68700000e+04,1.51900729e-01,4.56272514e-02,5.06671361e-02,5.56063413e-02
2.68800000e+04,1.51886859e-01,4.56263943e-02,5.06610835e-02,5.55993812e-02
2.68900000e+04,1.51873009e-01,4.56259392e-02,5.06549666e-02,5.55921035e-02
2.69000000e+04,1.51859045e-01,4.56256676e-02,5.06487979e-02,5.55845790e-02
2.69100000e+04,1.51843712e-01,4.56187133e-02,5.06428691e-02,5.55821296e-02
2.69200000e+04,1.51831632e-01,4.56145619e-02,5.06370785e-02,5.55799913e-02
2.69300000e+04,1.51822647e-01,4.56158490e-02,5.06318059e-02,5.55749921e-02
2.69400000e+04,1.51809438e-01,4.56113532e-02,5.06258760e-02,5.55722092e-02
2.69500000e+04,1.51797502e-01,4.56099687e-02,5.06201446e-02,5.55673884e-02
2.69600000e+04,1.51784922e-01,4.56084457e-02,5.06142697e-02,5.55622070e-02
2.69700000e+04,1.51772186e-01,4.56072288e-02,5.06083169e-02,5.55566403e-02
2.69800000e+04,1.51759409e-01,4.56065667e-02,5.06023863e-02,5.55504560e-02
2.69900000e+04,1.51746373e-01,4.56059074e-02,5.05963730e-02,5.55440922e-02
2.70000000e+04,1.51733356e-01,4.56057279e-02,5.05903679e-02,5.55372604e-02
2.70100000e+04,1.51718476e-01,4.55991642e-02,5.05843798e-02,5.55349317e-02
2.70200000e+04,1.51706436e-01,4.55959818e-02,5.05788223e-02,5.55316319e-02
2.70300000e+04,1.51695317e-01,4.55936716e-02,5.05728141e-02,5.55288314e-02
2.70400000e+04,1.51683004e-01,4.55906004e-02,5.05670207e-02,5.55253828e-02
2.70500000e+04,1.51670730e-01,4.55884456e-02,5.05611403e-02,5.55211438e-02
2.70600000e+04,1.51658433e-01,4.55869360e-02,5.05552066e-02,5.55162901e-02
2.70700000e+04,1.51645823e-01,4.55855960e-02,5.05492454e-02,5.55109814e-02
2.70800000e+04,1.51633101e-01,4.55845934e-02,5.05432609e-02,5.55052467e-02
2.70900000e+04,1.51620346e-01,4.55840118e-02,5.05372761e-02,5.54990580e-02
2.71000000e+04,1.51607465e-01,4.55836035e-02,5.05312869e-02,5.54925751e-02
2.71100000e+04,1.51594100e-01,4.55772219e-02,5.05258443e-02,5.54910333e-02
2.71200000e+04,1.51584846e-01,4.55746830e-02,5.05207581e-02,5.54894047e-02
2.71300000e+04,1.51576033e-01,4.55732919e-02,5.05156604e-02,5.54870803e-02
2.71400000e+04,1.51563368e-01,4.55669573e-02,5.05099782e-02,5.54864325e-02
2.71500000e+04,1.51553194e-01,4.55660046e-02,5.05047268e-02,5.54824624e-02
2.71600000e+04,1.51541708e-01,4.55639411e-02,5.04991839e-02,5.54785831e-02
2.71700000e+04,1.51529911e-01,4.55622316e-02,5.04936115e-02,5.54740678e-02
2.71800000e+04,1.51518304e-01,4.55614470e-02,5.04880471e-02,5.54688100e-02
2.71900000e+04,1.51506270e-01,4.55603784e-02,5.04823057e-02,5.54635862e-02
2.72000000e+04,1.51494219e-01,4.55599158e-02,5.04766875e-02,5.54576154e-02
2.72100000e+04,1.51481399e-01,4.55534245e-02,5.04714380e-02,5.54565363e-02
2.72200000e+04,1.51472082e-01,4.55499273e-02,5.04664068e-02,5.54557477e-02
2.72300000e+04,1.51462963e-01,4.55473530e-02,5.04612633e-02,5.54543470e-02
2.72400000e+04,1.51452727e-01,4.55443128e-02,5.04561753e-02,5.54522386e-02
2.72500000e+04,1.51442065e-01,4.55418941e-02,5.04509569e-02,5.54492144e-02
2.72600000e+04,1.51431303e-01,4.55401273e-02,5.04456364e-02,5.54455394e-02
2.72700000e+04,1.51420229e-01,4.55386315e-02,5.04402125e-02,5.54413847e-02
2.72800000e+04,1.51409102e-01,4.55374999e-02,5.04346768e-02,5.54369251e-02
2.72900000e+04,1.51397444e-01,4.55367048e-02,5.04293603e-02,5.54313791e-02
2.73000000e+04,1.51385798e-01,4.55360162e-02,5.04238380e-02,5.54259442e-02
2.73100000e+04,1.51373148e-01,4.55295682e-02,5.04187511e-02,5.54248288e-02
2.73200000e+04,1.51363894e-01,4.55259033e-02,5.04136995e-02,5.54242910e-02
2.73300000e+04,1.51354529e-01,4.55227429e-02,5.04086221e-02,5.54231635e-02
2.73400000e+04,1.51344337e-01,4.55193991e-02,5.04035312e-02,5.54214067e-02
2.73500000e+04,1.51335144e-01,4.55191369e-02,5.03987311e-02,5.54172756e-02
2.73600000e+04,1.51324018e-01,4.55160568e-02,5.03932449e-02,5.54147160e-02
2.73700000e+04,1.51313528e-01,4.55151392e-02,5.03880276e-02,5.54103612e-02
2.73800000e+04,1.51302262e-01,4.55137530e-02,5.03827665e-02,5.54057428e-02
2.73900000e+04,1.51291218e-01,4.55129699e-02,5.03773754e-02,5.54008726e-02
2.74000000e+04,1.51280000e-01,4.55122584e-02,5.03719273e-02,5.53958145e-02
2.74100000e+04,1.51267805e-01,4.55058990e-02,5.03669743e-02,5.53949315e-02
2.74200000e+04,1.51258944e-01,4.55024759e-02,5.03621881e-02,5.53942797e-02
2.74300000e+04,1.51250266e-01,4.55000473e-02,5.03573787e-02,5.53928404e-02
2.74400000e+04,1.51240512e-01,4.54968734e-02,5.03524897e-02,5.53911490e-02
2.74500000e+04,1.51230360e-01,4.54943769e-02,5.03475189e-02,5.53884642e-02
2.74600000e+04,1.51220007e-01,4.54924286e-02,5.03424427e-02,5.53851359e-02
2.74700000e+04,1.51209245e-01,4.54904843e-02,5.03372784e-02,5.53814823e-02
2.74800000e+04,1.51198329e-01,4.54888991e-02,5.03320921e-02,5.53773377e-02
2.74900000e+04,1.51187939e-01,4.54888137e-02,5.03270338e-02,5.53720914e-02
2.75000000e+04,1.51177300e-01,4.54886916e-02,5.03218865e-02,5.53667218e-02
2.75100000e+04,1.51165417e-01,4.54826999e-02,5.03170893e-02,5.53656282e-02
2.75200000e+04,1.51156331e-01,4.54793262e-02,5.03125233e-02,5.53644820e-02
2.75300000e+04,1.51147167e-01,4.54767503e-02,5.03079193e-02,5.53624968e-02
2.75400000e+04,1.51137199e-01,4.54737082e-02,5.03031851e-02,5.53603059e-02
2.75500000e+04,1.51126938e-01,4.54714208e-02,5.02983538e-02,5.53571631e-02
2.75600000e+04,1.51116448e-01,4.54696562e-02,5.02934393e-02,5.53533525e-02
2.75700000e+04,1.51105647e-01,4.54681851e-02,5.02885331e-02,5.53489286e-02
2.75800000e+04,1.51094832e-01,4.54670030e-02,5.02835061e-02,5.53443229e-02
2.75900000e+04,1.51083684e-01,4.54660529e-02,5.02785191e-02,5.53391117e-02
2.76000000e+04,1.51072599e-01,4.54653323e-02,5.02734171e-02,5.53338494e-02
2.76100000e+04,1.51059000e-01,4.54597150e-02,5.02684431e-02,5.53308417e-02
2.76200000e+04,1.51046919e-01,4.54572377e-02,5.02633882e-02,5.53262934e-02
2.76300000e+04,1.51033344e-01,4.54524710e-02,5.02581040e-02,5.53227691e-02
2.76400000e+04,1.51020642e-01,4.54503282e-02,5.02531424e-02,5.53171715e-02
2.76500000e+04,1.51007512e-01,4.54476608e-02,5.02479426e-02,5.53119082e-02
2.76600000e+04,1.50994590e-01,4.54457703e-02,5.02427658e-02,5.53060536e-02
2.76700000e+04,1.50981693e-01,4.54443875e-02,5.02375910e-02,5.52997149e-02
2.76800000e+04,1.50968737e-01,4.54430554e-02,5.02323775e-02,5.52933037e-02
2.76900000e+04,1.50955882e-01,4.54421563e-02,5.02271692e-02,5.52865565e-02
2.77000000e+04,1.50943053e-01,4.54413850e-02,5.02219076e-02,5.52797601e-02
2.77100000e+04,1.50929908e-01,4.54354003e-02,5.02170954e-02,5.52774124e-02
2.77200000e+04,1.50919907e-01,4.54319513e-02,5.02125008e-02,5.52754549e-02
2.77300000e+04,1.50910320e-01,4.54295476e-02,5.02078730e-02,5.52728996e-02
2.77400000e+04,1.50899790e-01,4.54265281e-02,5.02031855e-02,5.52700768e-02
2.77500000e+04,1.50888956e-01,4.54241092e-02,5.01984108e-02,5.52664356e-02
2.77600000e+04,1.50877993e-01,4.54222056e-02,5.01935511e-02,5.52622367e-02
2.77700000e+04,1.50866713e-01,4.54204888e-02,5.01886272e-02,5.52575968e-02
2.77800000e+04,1.50855186e-01,4.54188356e-02,5.01836313e-02,5.52527188e-02
2.77900000e+04,1.50843762e-01,4.54176680e-02,5.01785423e-02,5.52475522e-02
2.78000000e+04,1.50832850e-01,4.54180633e-02,5.01738674e-02,5.52409193e-02
2.78100000e+04,1.50817161e-01,4.54127759e-02,5.01683595e-02,5.52360253e-02
2.78200000e+04,1.50801913e-01,4.54087859e-02,5.01623310e-02,5.52307966e-02
2.78300000e+04,1.50786428e-01,4.54057204e-02,5.01570124e-02,5.52236948e-02
2.78400000e+04,1.50771991e-01,4.54029826e-02,5.01514777e-02,5.52175303e-02
2.78500000e+04,1.50757568e-01,4.54007287e-02,5.01462064e-02,5.52106332e-02
2.78600000e+04,1.50743802e-01,4.53987595e-02,5.01407763e-02,5.52042660e-02
2.78700000e+04,1.50730157e-01,4.53971380e-02,5.01355013e-02,5.51975182e-02
2.78800000e+04,1.50716953e-01,4.53959559e-02,5.01301902e-02,5.51908067e-02
2.78900000e+04,1.50703854e-01,4.53949147e-02,5.01249150e-02,5.51840245e-02
2.79000000e+04,1.50690945e-01,4.53941080e-02,5.01196206e-02,5.51772168e-02
2.79100000e+04,1.50674036e-01,4.53882874e-02,5.01145556e-02,5.51711930e-02
2.79200000e+04,1.50660198e-01,4.53849134e-02,5.01095699e-02,5.51657144e-02
2.79300000e+04,1.50648780e-01,4.53829978e-02,5.01045746e-02,5.51612074e-02
2.79400000e+04,1.50635579e-01,4.53820709e-02,5.00999249e-02,5.51535827e-02
2.79500000e+04,1.50619155e-01,4.53758413e-02,5.00944329e-02,5.51488812e-02
2.79600000e+04,1.50606374e-01,4.53747838e-02,5.00894293e-02,5.51421610e-02
2.79700000e+04,1.50593304e-01,4.53738757e-02,5.00844302e-02,5.51349979e-02
2.79800000e+04,1.50579417e-01,4.53720766e-02,5.00792852e-02,5.51280556e-02
2.79900000e+04,1.50565975e-01,4.53708048e-02,5.00741378e-02,5.51210322e-02
2.80000000e+04,1.50552794e-01,4.53700234e-02,5.00690193e-02,5.51137517e-02
2.80100000e+04,1.50539450e-01,4.53643297e-02,5.00643119e-02,5.51108082e-02
2.80200000e+04,1.50528962e-01,4.53606951e-02,5.00598087e-02,5.51084586e-02
2.80300000e+04,1.50518943e-01,4.53583367e-02,5.00554320e-02,5.51051741e-02
2.80400000e+04,1.50508254e-01,4.53554042e-02,5.00508354e-02,5.51020148e-02
2.80500000e+04,1.50497159e-01,4.53529552e-02,5.00462369e-02,5.50979672e-02
2.80600000e+04,1.50486106e-01,4.53510623e-02,5.00415377e-02,5.50935064e-02
2.80700000e+04,1.50474744e-01,4.53493532e-02,5.00367858e-02,5.50886055e-02
2.80800000e+04,1.50463379e-01,4.53480428e-02,5.00320197e-02,5.50833163e-02
2.80900000e+04,1.50451924e-01,4.53469968e-02,5.00272214e-02,5.50777062e-02
2.81000000e+04,1.50440397e-01,4.53460735e-02,5.00223757e-02,5.50719479e-02
2.81100000e+04,1.50428415e-01,4.53404467e-02,5.00178810e-02,5.50700868e-02
2.81200000e+04,1.50419044e-01,4.53369438e-02,5.00135513e-02,5.50685486e-02
2.81300000e+04,1.50410356e-01,4.53345582e-02,5.00091439e-02,5.50666535e-02
2.81400000e+04,1.50400640e-01,4.53316373e-02,5.00047775e-02,5.50642252e-02
2.81500000e+04,1.50390756e-01,4.53292598e-02,5.00003395e-02,5.50611571e-02
2.81600000e+04,1.50380722e-01,4.53274004e-02,4.99958096e-02,5.50575115e-02
2.81700000e+04,1.50370459e-01,4.53257510e-02,4.99912387e-02,5.50534695e-02
2.81800000e+04,1.50360130e-01,4.53244674e-02,4.99866097e-02,5.50490524e-02
2.81900000e+04,1.50349632e-01,4.53233531e-02,4.99819848e-02,5.50442938e-02
2.82000000e+04,1.50338842e-01,4.53224156e-02,4.99774149e-02,5.50390120e-02
2.82100000e+04,1.50327526e-01,4.53166500e-02,4.99729595e-02,5.50379166e-02
2.82200000e+04,1.50318106e-01,4.53122715e-02,4.99685405e-02,5.50372942e-02
2.82300000e+04,1.50310218e-01,4.53108504e-02,4.99644068e-02,5.50349604e-02
2.82400000e+04,1.50301299e-01,4.53086072e-02,4.99601915e-02,5.50325006e-02
2.82500000e+04,1.50291562e-01,4.53057862e-02,4.99558031e-02,5.50299729e-02
2.82600000e+04,1.50282092e-01,4.53041367e-02,4.99514228e-02,5.50265321e-02
2.82700000e+04,1.50272148e-01,4.53023061e-02,4.99469772e-02,5.50228649e-02
2.82800000e+04,1.50262342e-01,4.53011894e-02,4.99425574e-02,5.50185948e-02
2.82900000e+04,1.50252234e-01,4.52999634e-02,4.99380196e-02,5.50142510e-02
2.83000000e+04,1.50242166e-01,4.52990326e-02,4.99334685e-02,5.50096647e-02
2.83100000e+04,1.50231631e-01,4.52936297e-02,4.99292646e-02,5.50087368e-02
2.83200000e+04,1.50223606e-01,4.52902066e-02,4.99252217e-02,5.50081780e-02
2.83300000e+04,1.50216007e-01,4.52879172e-02,4.99211594e-02,5.50069302e-02
2.83400000e+04,1.50207577e-01,4.52852387e-02,4.99170588e-02,5.50052796e-02
2.83500000e+04,1.50198849e-01,4.52829777e-02,4.99128802e-02,5.50029908e-02
2.83600000e+04,1.50189952e-01,4.52811912e-02,4.99086385e-02,5.50001225e-02
2.83700000e+04,1.50180695e-01,4.52795763e-02,4.99043716e-02,5.49967469e-02
2.83800000e+04,1.50171270e-01,4.52781513e-02,4.99000508e-02,5.49930677e-02
2.83900000e+04,1.50161751e-01,4.52770248e-02,4.98956877e-02,5.49890384e-02
2.84000000e+04,1.50152157e-01,4.52761594e-02,4.98913262e-02,5.49846711e-02
2.84100000e+04,1.50141827e-01,4.52712267e-02,4.98871881e-02,5.49834122e-02
2.84200000e+04,1.50134207e-01,4.52688377e-02,4.98830578e-02,5.49823112e-02
2.84300000e+04,1.50124366e-01,4.52639061e-02,4.98788144e-02,5.49816454e-02
2.84400000e+04,1.50116706e-01,4.52625400e-02,4.98748367e-02,5.49793292e-02
2.84500000e+04,1.50107464e-01,4.52592573e-02,4.98705133e-02,5.49776933e-02
2.84600000e+04,1.50098835e-01,4.52576983e-02,4.98663047e-02,5.49748322e-02
2.84700000e+04,1.50089674e-01,4.52558601e-02,4.98620197e-02,5.49717947e-02
2.84800000e+04,1.50080483e-01,4.52545106e-02,4.98577271e-02,5.49682452e-02
2.84900000e+04,1.50071179e-01,4.52533612e-02,4.98534159e-02,5.49644023e-02
2.85000000e+04,1.50061747e-01,4.52523386e-02,4.98490771e-02,5.49603308e-02
2.85100000e+04,1.50052112e-01,4.52471140e-02,4.98450974e-02,5.49599005e-02
2.85200000e+04,1.50044857e-01,4.52435867e-02,4.98412346e-02,5.49600353e-02
2.85300000e+04,1.50037951e-01,4.52413079e-02,4.98374452e-02,5.49591981e-02
2.85400000e+04,1.50030154e-01,4.52385185e-02,4.98335855e-02,5.49580505e-02
2.85500000e+04,1.50022072e-01,4.52361164e-02,4.98296472e-02,5.49563083e-02
2.85600000e+04,1.50013846e-01,4.52342640e-02,4.98256330e-02,5.49539495e-02
2.85700000e+04,1.50005332e-01,4.52325824e-02,4.98215677e-02,5.49511822e-02
2.85800000e+04,1.49996691e-01,4.52312395e-02,4.98174804e-02,5.49479712e-02
2.85900000e+04,1.49987905e-01,4.52300661e-02,4.98133663e-02,5.49444722e-02
2.86000000e+04,1.49979003e-01,4.52291527e-02,4.98091976e-02,5.49406532e-02
2.86100000e+04,1.49969550e-01,4.52239716e-02,4.98053014e-02,5.49402768e-02
2.86200000e+04,1.49962329e-01,4.52205947e-02,4.98015418e-02,5.49401928e-02
2.86300000e+04,1.49955569e-01,4.52183249e-02,4.97977654e-02,5.49394785e-02
2.86400000e+04,1.49948306e-01,4.52160513e-02,4.97940096e-02,5.49382453e-02
2.86500000e+04,1.49941284e-01,4.52150160e-02,4.97903092e-02,5.49359588e-02
2.86600000e+04,1.49931525e-01,4.52102469e-02,4.97860390e-02,5.49352388e-02
2.86700000e+04,1.49924129e-01,4.52100222e-02,4.97822926e-02,5.49318146e-02
2.86800000e+04,1.49915514e-01,4.52081975e-02,4.97782036e-02,5.49291129e-02
2.86900000e+04,1.49906936e-01,4.52068036e-02,4.97741417e-02,5.49259909e-02
2.87000000e+04,1.49898380e-01,4.52060204e-02,4.97701622e-02,5.49221977e-02
2.87100000e+04,1.49889030e-01,4.52007557e-02,4.97663297e-02,5.49219450e-02
2.87200000e+04,1.49881737e-01,4.51972704e-02,4.97626313e-02,5.49218353e-02
2.87300000e+04,1.49875022e-01,4.51950208e-02,4.97589090e-02,5.49210925e-02
2.87400000e+04,1.49867571e-01,4.51922820e-02,4.97551540e-02,5.49201351e-02
2.87500000e+04,1.49859875e-01,4.51899463e-02,4.97513543e-02,5.49185742e-02
2.87600000e+04,1.49851953e-01,4.51879528e-02,4.97474706e-02,5.49165301e-02
2.87700000e+04,1.49843883e-01,4.51862795e-02,4.97435751e-02,5.49140280e-02
2.87800000e+04,1.49835623e-01,4.51848771e-02,4.97396449e-02,5.49111010e-02
2.87900000e+04,1.49827234e-01,4.51837110e-02,4.97356902e-02,5.49078329e-02
2.88000000e+04,1.49818650e-01,4.51826638e-02,4.97317417e-02,5.49042446e-02
2.88100000e+04,1.49807477e-01,4.51775861e-02,4.97278448e-02,5.49020458e-02
2.88200000e+04,1.49797174e-01,4.51742113e-02,4.97237125e-02,5.48992502e-02
2.88300000e+04,1.49786791e-01,4.51719563e-02,4.97197850e-02,5.48950495e-02
2.88400000e+04,1.49775776e-01,4.51691715e-02,4.97157951e-02,5.48908091e-02
2.88500000e+04,1.49764996e-01,4.51668403e-02,4.97117264e-02,5.48864293e-02
2.88600000e+04,1.49754347e-01,4.51650801e-02,4.97076493e-02,5.48816180e-02
2.88700000e+04,1.49743616e-01,4.51634445e-02,4.97035319e-02,5.48766395e-02
2.88800000e+04,1.49732955e-01,4.51620337e-02,4.96994342e-02,5.48714869e-02
2.88900000e+04,1.49722417e-01,4.51609174e-02,4.96953301e-02,5.48661700e-02
2.89000000e+04,1.49711851e-01,4.51598810e-02,4.96911956e-02,5.48607743e-02
2.89100000e+04,1.49701161e-01,4.51548923e-02,4.96873577e-02,5.48589114e-02
2.89200000e+04,1.49692661e-01,4.51514220e-02,4.96836316e-02,5.48576073e-02
2.89300000e+04,1.49683960e-01,4.51477891e-02,4.96797293e-02,5.48564412e-02
2.89400000e+04,1.49677029e-01,4.51478683e-02,4.96764083e-02,5.48527522e-02
2.89500000e+04,1.49667240e-01,4.51438483e-02,4.96724575e-02,5.48509343e-02
2.89600000e+04,1.49658308e-01,4.51417397e-02,4.96686481e-02,5.48479204e-02
2.89700000e+04,1.49649464e-01,4.51403274e-02,4.96648378e-02,5.48442987e-02
2.89800000e+04,1.49640471e-01,4.51390894e-02,4.96609976e-02,5.48403838e-02
2.89900000e+04,1.49631377e-01,4.51379044e-02,4.96571030e-02,5.48363696e-02
2.90000000e+04,1.49622034e-01,4.51367401e-02,4.96532105e-02,5.48320830e-02
2.90100000e+04,1.49610476e-01,4.51317930e-02,4.96493570e-02,5.48293260e-02
2.90200000e+04,1.49599390e-01,4.51282933e-02,4.96455771e-02,5.48255199e-02
2.90300000e+04,1.49588554e-01,4.51259712e-02,4.96417618e-02,5.48208213e-02
2.90400000e+04,1.49577327e-01,4.51233981e-02,4.96378910e-02,5.48160379e-02
2.90500000e+04,1.49565991e-01,4.51210530e-02,4.96339832e-02,5.48109547e-02
2.90600000e+04,1.49554735e-01,4.51190765e-02,4.96300559e-02,5.48056024e-02
2.90700000e+04,1.49543567e-01,4.51174517e-02,4.96261084e-02,5.48000074e-02
2.90800000e+04,1.49532416e-01,4.51159844e-02,4.96221383e-02,5.47942931e-02
2.90900000e+04,1.49521414e-01,4.51147776e-02,4.96181641e-02,5.47884723e-02
2.91000000e+04,1.49510438e-01,4.51136884e-02,4.96141650e-02,5.47825849e-02
2.91100000e+04,1.49498404e-01,4.51088278e-02,4.96103476e-02,5.47792282e-02
2.91200000e+04,1.49487834e-01,4.51054999e-02,4.96066504e-02,5.47756839e-02
2.91300000e+04,1.49477847e-01,4.51031534e-02,4.96027697e-02,5.47719239e-02
2.91400000e+04,1.49467348e-01,4.51007040e-02,4.95990344e-02,5.47676096e-02
2.91500000e+04,1.49456430e-01,4.50983196e-02,4.95953557e-02,5.47627541e-02
2.91600000e+04,1.49445787e-01,4.50964472e-02,4.95914886e-02,5.47578517e-02
2.91700000e+04,1.49435118e-01,4.50948018e-02,4.95875920e-02,5.47527245e-02
2.91800000e+04,1.49424408e-01,4.50933925e-02,4.95837349e-02,5.47472811e-02
2.91900000e+04,1.49413803e-01,4.50921968e-02,4.95798288e-02,5.47417775e-02
2.92000000e+04,1.49403153e-01,4.50911012e-02,4.95759056e-02,5.47361463e-02
2.92100000e+04,1.49392323e-01,4.50864207e-02,4.95721285e-02,5.47337733e-02
2.92200000e+04,1.49383317e-01,4.50830975e-02,4.95684523e-02,5.47317674e-02
2.92300000e+04,1.49374941e-01,4.50808682e-02,4.95647785e-02,5.47292948e-02
2.92400000e+04,1.49366007e-01,4.50782976e-02,4.95611119e-02,5.47265980e-02
2.92500000e+04,1.49357000e-01,4.50760522e-02,4.95573578e-02,5.47235901e-02
2.92600000e+04,1.49347926e-01,4.50742356e-02,4.95535790e-02,5.47201118e-02
2.92700000e+04,1.49338666e-01,4.50725438e-02,4.95498071e-02,5.47163150e-02
2.92800000e+04,1.49329306e-01,4.50711065e-02,4.95460431e-02,5.47121564e-02
2.92900000e+04,1.49320044e-01,4.50699919e-02,4.95421680e-02,5.47078844e-02
2.93000000e+04,1.49310553e-01,4.50689507e-02,4.95384170e-02,5.47031856e-02
2.93100000e+04,1.49300154e-01,4.50641581e-02,4.95344246e-02,5.47015717e-02
2.93200000e+04,1.49290736e-01,4.50603208e-02,4.95304951e-02,5.46999201e-02
2.93300000e+04,1.49282209e-01,4.50582062e-02,4.95266346e-02,5.46973682e-02
2.93400000e+04,1.49273832e-01,4.50568064e-02,4.95229558e-02,5.46940698e-02
2.93500000e+04,1.49264332e-01,4.50538784e-02,4.95190373e-02,5.46914167e-02
2.93600000e+04,1.49255418e-01,4.50523170e-02,4.95152288e-02,5.46878722e-02
2.93700000e+04,1.49246104e-01,4.50504312e-02,4.95113911e-02,5.46842818e-02
2.93800000e+04,1.49236993e-01,4.50492119e-02,4.95075973e-02,5.46801835e-02
2.93900000e+04,1.49227675e-01,4.50479095e-02,4.95037806e-02,5.46759849e-02
2.94000000e+04,1.49218383e-01,4.50468224e-02,4.94999585e-02,5.46716020e-02
2.94100000e+04,1.49206330e-01,4.50423316e-02,4.94955650e-02,5.46684329e-02
2.94200000e+04,1.49194048e-01,4.50392370e-02,4.94911386e-02,5.46636723e-02
2.94300000e+04,1.49182132e-01,4.50370440e-02,4.94867266e-02,5.46583618e-02
2.94400000e+04,1.49170198e-01,4.50345607e-02,4.94823554e-02,5.46532818e-02
2.94500000e+04,1.49158581e-01,4.50323485e-02,4.94780995e-02,5.46481324e-02
2.94600000e+04,1.49147339e-01,4.50304655e-02,4.94738642e-02,5.46430092e-02
2.94700000e+04,1.49136340e-01,4.50288374e-02,4.94697083e-02,5.46377940e-02
2.94800000e+04,1.49125582e-01,4.50274427e-02,4.94655389e-02,5.46326001e-02
2.94900000e+04,1.49114931e-01,4.50261600e-02,4.94613872e-02,5.46273834e-02
2.95000000e+04,1.49104424e-01,4.50250876e-02,4.94572788e-02,5.46220572e-02
2.95100000e+04,1.49093956e-01,4.50208456e-02,4.94534577e-02,5.46196529e-02
2.95200000e+04,1.49084904e-01,4.50171769e-02,4.94497005e-02,5.46180267e-02
2.95300000e+04,1.49077446e-01,4.50162256e-02,4.94461537e-02,5.46150670e-02
2.95400000e+04,1.49068732e-01,4.50138966e-02,4.94424826e-02,5.46123525e-02
2.95500000e+04,1.49059905e-01,4.50118746e-02,4.94387922e-02,5.46092378e-02
2.95600000e+04,1.49050979e-01,4.50100854e-02,4.94350272e-02,5.46058668e-02
2.95700000e+04,1.49041937e-01,4.50085638e-02,4.94312528e-02,5.46021204e-02
2.95800000e+04,1.49032918e-01,4.50073105e-02,4.94274579e-02,5.45981498e-02
2.95900000e+04,1.49023737e-01,4.50061177e-02,4.94236506e-02,5.45939690e-02
2.96000000e+04,1.49014594e-01,4.50052414e-02,4.94198787e-02,5.45894739e-02
2.96100000e+04,1.49005036e-01,4.50007764e-02,4.94162846e-02,5.45879753e-02
2.96200000e+04,1.48997319e-01,4.49976010e-02,4.94128250e-02,5.45868924e-02
2.96300000e+04,1.48990367e-01,4.49955770e-02,4.94092697e-02,5.45855201e-02
2.96400000e+04,1.48982714e-01,4.49933418e-02,4.94058401e-02,5.45835320e-02
2.96500000e+04,1.48974832e-01,4.49911968e-02,4.94022866e-02,5.45813487e-02
2.96600000e+04,1.48966671e-01,4.49891933e-02,4.93986847e-02,5.45787933e-02
2.96700000e+04,1.48958519e-01,4.49876583e-02,4.93950931e-02,5.45757675e-02
2.96800000e+04,1.48950226e-01,4.49862695e-02,4.93914628e-02,5.45724939e-02
2.96900000e+04,1.48941789e-01,4.49850561e-02,4.93878226e-02,5.45689100e-02
2.97000000e+04,1.48933226e-01,4.49840128e-02,4.93842604e-02,5.45649524e-02
2.97100000e+04,1.48922390e-01,4.49795211e-02,4.93801055e-02,5.45627630e-02
2.97200000e+04,1.48911654e-01,4.49757365e-02,4.93761307e-02,5.45597867e-02
2.97300000e+04,1.48902728e-01,4.49749760e-02,4.93722034e-02,5.45555491e-02
2.97400000e+04,1.48892374e-01,4.49721849e-02,4.93683049e-02,5.45518841e-02
2.97500000e+04,1.48882659e-01,4.49703296e-02,4.93644667e-02,5.45478632e-02
2.97600000e+04,1.48872912e-01,4.49683686e-02,4.93605991e-02,5.45439438e-02
2.97700000e+04,1.48863419e-01,4.49668664e-02,4.93567872e-02,5.45397655e-02
2.97800000e+04,1.48853892e-01,4.49654013e-02,4.93529732e-02,5.45355179e-02
2.97900000e+04,1.48844613e-01,4.49643328e-02,4.93491624e-02,5.45311180e-02
2.98000000e+04,1.48835312e-01,4.49631809e-02,4.93453410e-02,5.45267904e-02
2.98100000e+04,1.48824019e-01,4.49590292e-02,4.93415586e-02,5.45234313e-02
2.98200000e+04,1.48812871e-01,4.49559461e-02,4.93378265e-02,5.45190982e-02
2.98300000e+04,1.48801750e-01,4.49538179e-02,4.93341772e-02,5.45137549e-02
2.98400000e+04,1.48790544e-01,4.49515273e-02,4.93304108e-02,5.45086059e-02
2.98500000e+04,1.48779321e-01,4.49494820e-02,4.93266711e-02,5.45031674e-02
2.98600000e+04,1.48768146e-01,4.49476078e-02,4.93229193e-02,5.44976193e-02
2.98700000e+04,1.48757214e-01,4.49460856e-02,4.93191532e-02,5.44919751e-02
2.98800000e+04,1.48746426e-01,4.49447044e-02,4.93153640e-02,5.44863581e-02
2.98900000e+04,1.48735770e-01,4.49435790e-02,4.93115813e-02,5.44806098e-02
2.99000000e+04,1.48725034e-01,4.49424637e-02,4.93078102e-02,5.44747596e-02
2.99100000e+04,1.48714635e-01,4.49382117e-02,4.93042952e-02,5.44721282e-02
2.99200000e+04,1.48705981e-01,4.49348083e-02,4.93008904e-02,5.44702825e-02
2.99300000e+04,1.48697660e-01,4.49319926e-02,4.92974085e-02,5.44682592e-02
2.99400000e+04,1.48690339e-01,4.49312740e-02,4.92942581e-02,5.44648069e-02
2.99500000e+04,1.48681342e-01,4.49282810e-02,4.92907397e-02,5.44623212e-02
2.99600000e+04,1.48673073e-01,4.49270138e-02,4.92873978e-02,5.44586611e-02
2.99700000e+04,1.48664077e-01,4.49249419e-02,4.92839120e-02,5.44552234e-02
2.99800000e+04,1.48655717e-01,4.49237662e-02,4.92803861e-02,5.44515649e-02
2.99900000e+04,1.48646797e-01,4.49224033e-02,4.92769074e-02,5.44474863e-02
3.00000000e+04,1.48638118e-01,4.49213916e-02,4.92733943e-02,5.44433318e-02
3.00100000e+04,1.48629403e-01,4.49171859e-02,4.92701292e-02,5.44420882e-02
3.00200000e+04,1.48622301e-01,4.49139486e-02,4.92669884e-02,5.44413644e-02
3.00300000e+04,1.48615679e-01,4.49117910e-02,4.92638474e-02,5.44400402e-02
3.00400000e+04,1.48608637e-01,4.49095490e-02,4.92606972e-02,5.44383907e-02
3.00500000e+04,1.48601287e-01,4.49074109e-02,4.92575025e-02,5.44363734e-02
3.00600000e+04,1.48593752e-01,4.49055526e-02,4.92542727e-02,5.44339270e-02
3.00700000e+04,1.48586049e-01,4.49038533e-02,4.92510172e-02,5.44311784e-02
3.00800000e+04,1.48578232e-01,4.49024358e-02,4.92477342e-02,5.44280619e-02
3.00900000e+04,1.48570462e-01,4.49012525e-02,4.92444241e-02,5.44247853e-02
3.01000000e+04,1.48562724e-01,4.49001537e-02,4.92410578e-02,5.44215127e-02
3.01100000e+04,1.48554523e-01,4.48960393e-02,4.92379519e-02,5.44205314e-02
3.01200000e+04,1.48547772e-01,4.48930815e-02,4.92349405e-02,5.44197496e-02
3.01300000e+04,1.48541680e-01,4.48913028e-02,4.92318802e-02,5.44184971e-02
3.01400000e+04,1.48534346e-01,4.48882656e-02,4.92287389e-02,5.44173419e-02
3.01500000e+04,1.48527189e-01,4.48860043e-02,4.92256267e-02,5.44155581e-02
3.01600000e+04,1.48520116e-01,4.48843924e-02,4.92225322e-02,5.44131917e-02
3.01700000e+04,1.48512618e-01,4.48825074e-02,4.92193274e-02,5.44107830e-02
3.01800000e+04,1.48505247e-01,4.48811420e-02,4.92161447e-02,5.44079601e-02
3.01900000e+04,1.48497666e-01,4.48798060e-02,4.92129261e-02,5.44049340e-02
3.02000000e+04,1.48490050e-01,4.48786906e-02,4.92096922e-02,5.44016671e-02
3.02100000e+04,1.48481935e-01,4.48745811e-02,4.92066905e-02,5.44006639e-02
3.02200000e+04,1.48475476e-01,4.48713120e-02,4.92036791e-02,5.44004845e-02
3.02300000e+04,1.48468977e-01,4.48690404e-02,4.92006724e-02,5.43992638e-02
3.02400000e+04,1.48462442e-01,4.48667683e-02,4.91976568e-02,5.43980172e-02
3.02500000e+04,1.48455485e-01,4.48646787e-02,4.91946762e-02,5.43961306e-02
3.02600000e+04,1.48448533e-01,4.48628812e-02,4.91916274e-02,5.43940245e-02
3.02700000e+04,1.48441409e-01,4.48613014e-02,4.91885456e-02,5.43915622e-02
3.02800000e+04,1.48434225e-01,4.48599173e-02,4.91854643e-02,5.43888438e-02
3.02900000e+04,1.48426964e-01,4.48587828e-02,4.91823740e-02,5.43858073e-02
3.03000000e+04,1.48419570e-01,4.48576041e-02,4.91792617e-02,5.43827040e-02
3.03100000e+04,1.48412010e-01,4.48536549e-02,4.91763326e-02,5.43820226e-02
3.03200000e+04,1.48406287e-01,4.48509125e-02,4.91733854e-02,5.43819888e-02
3.03300000e+04,1.48400422e-01,4.48485402e-02,4.91705212e-02,5.43813605e-02
3.03400000e+04,1.48393945e-01,4.48455533e-02,4.91675034e-02,5.43808888e-02
3.03500000e+04,1.48387860e-01,4.48438736e-02,4.91646413e-02,5.43793450e-02
3.03600000e+04,1.48381220e-01,4.48417437e-02,4.91616496e-02,5.43778264e-02
3.03700000e+04,1.48374653e-01,4.48401626e-02,4.91586775e-02,5.43758131e-02
3.03800000e+04,1.48367877e-01,4.48386003e-02,4.91556506e-02,5.43736263e-02
3.03900000e+04,1.48361057e-01,4.48373131e-02,4.91526423e-02,5.43711012e-02
3.04000000e+04,1.48354219e-01,4.48362008e-02,4.91496171e-02,5.43684015e-02
3.04100000e+04,1.48347187e-01,4.48321830e-02,4.91466973e-02,5.43683062e-02
3.04200000e+04,1.48341571e-01,4.48291126e-02,4.91439107e-02,5.43685476e-02
3.04300000e+04,1.48336430e-01,4.48269752e-02,4.91410972e-02,5.43683578e-02
3.04400000e+04,1.48330787e-01,4.48247697e-02,4.91383056e-02,5.43677114e-02
3.04500000e+04,1.48324825e-01,4.48226969e-02,4.91354672e-02,5.43666606e-02
3.04600000e+04,1.48318821e-01,4.48209129e-02,4.91325803e-02,5.43653276e-02
3.04700000e+04,1.48312618e-01,4.48192377e-02,4.91297004e-02,5.43636798e-02
3.04800000e+04,1.48306219e-01,4.48176948e-02,4.91267887e-02,5.43617353e-02
3.04900000e+04,1.48299898e-01,4.48164972e-02,4.91238592e-02,5.43595413e-02
3.05000000e+04,1.48293399e-01,4.48153599e-02,4.91209221e-02,5.43571169e-02
3.05100000e+04,1.48286973e-01,4.48115571e-02,4.91181914e-02,5.43572244e-02
3.05200000e+04,1.48282060e-01,4.48087631e-02,4.91155951e-02,5.43577023e-02
3.05300000e+04,1.48277697e-01,4.48071907e-02,4.91130282e-02,5.43574783e-02
3.05400000e+04,1.48271701e-01,4.48035608e-02,4.91102272e-02,5.43579134e-02
3.05500000e+04,1.48266717e-01,4.48021996e-02,4.91076384e-02,5.43568790e-02
3.05600000e+04,1.48260888e-01,4.48000062e-02,4.91048826e-02,5.43559989e-02
3.05700000e+04,1.48255177e-01,4.47984646e-02,4.91021307e-02,5.43545820e-02
3.05800000e+04,1.48249217e-01,4.47969444e-02,4.90993714e-02,5.43529016e-02
3.05900000e+04,1.48243197e-01,4.47956711e-02,4.90965876e-02,5.43509380e-02
3.06000000e+04,1.48237030e-01,4.47944657e-02,4.90937845e-02,5.43487794e-02
3.06100000e+04,1.48230654e-01,4.47907527e-02,4.90909741e-02,5.43489270e-02
3.06200000e+04,1.48225132e-01,4.47876056e-02,4.90882004e-02,5.43493258e-02
3.06300000e+04,1.48220128e-01,4.47855174e-02,4.90854328e-02,5.43491783e-02
3.06400000e+04,1.48214708e-01,4.47833417e-02,4.90826828e-02,5.43486840e-02
3.06500000e+04,1.48209097e-01,4.47812668e-02,4.90799150e-02,5.43479148e-02
3.06600000e+04,1.48203386e-01,4.47794535e-02,4.90771288e-02,5.43468039e-02
3.06700000e+04,1.48197529e-01,4.47778185e-02,4.90743288e-02,5.43453822e-02
3.06800000e+04,1.48191628e-01,4.47763950e-02,4.90715213e-02,5.43437114e-02
3.06900000e+04,1.48185641e-01,4.47751518e-02,4.90687080e-02,5.43417815e-02
3.07000000e+04,1.48179517e-01,4.47740055e-02,4.90658768e-02,5.43396346e-02
3.07100000e+04,1.48173380e-01,4.47701845e-02,4.90632245e-02,5.43399706e-02
3.07200000e+04,1.48168479e-01,4.47670768e-02,4.90606641e-02,5.43407378e-02
3.07300000e+04,1.48164242e-01,4.47649860e-02,4.90580500e-02,5.43412065e-02
3.07400000e+04,1.48158915e-01,4.47627812e-02,4.90555773e-02,5.43405562e-02
3.07500000e+04,1.48154050e-01,4.47607551e-02,4.90529317e-02,5.43403636e-02
3.07600000e+04,1.48148729e-01,4.47590679e-02,4.90503387e-02,5.43393226e-02
3.07700000e+04,1.48143240e-01,4.47574143e-02,4.90476721e-02,5.43381541e-02
3.07800000e+04,1.48137700e-01,4.47559897e-02,4.90449852e-02,5.43367255e-02
3.07900000e+04,1.48132085e-01,4.47547584e-02,4.90422874e-02,5.43350395e-02
3.08000000e+04,1.48126352e-01,4.47535872e-02,4.90395491e-02,5.43332158e-02
3.08100000e+04,1.48120322e-01,4.47496897e-02,4.90368915e-02,5.43337403e-02
3.08200000e+04,1.48115273e-01,4.47464932e-02,4.90343987e-02,5.43343810e-02
3.08300000e+04,1.48111310e-01,4.47453634e-02,4.90320428e-02,5.43339040e-02
3.08400000e+04,1.48106184e-01,4.47427658e-02,4.90294408e-02,5.43339774e-02
3.08500000e+04,1.48101353e-01,4.47410902e-02,4.90269436e-02,5.43333197e-02
3.08600000e+04,1.48096050e-01,4.47391027e-02,4.90243379e-02,5.43326092e-02
3.08700000e+04,1.48090710e-01,4.47375865e-02,4.90217611e-02,5.43313625e-02
3.08800000e+04,1.48085311e-01,4.47361905e-02,4.90191610e-02,5.43299592e-02
3.08900000e+04,1.48079797e-01,4.47349030e-02,4.90165285e-02,5.43283651e-02
3.09000000e+04,1.48074212e-01,4.47337153e-02,4.90139058e-02,5.43265914e-02
3.09100000e+04,1.48066494e-01,4.47301411e-02,4.90112827e-02,5.43250699e-02
3.09200000e+04,1.48058697e-01,4.47272013e-02,4.90086133e-02,5.43228822e-02
3.09300000e+04,1.48050710e-01,4.47250852e-02,4.90059665e-02,5.43196581e-02
3.09400000e+04,1.48042557e-01,4.47229113e-02,4.90032557e-02,5.43163898e-02
3.09500000e+04,1.48034412e-01,4.47209986e-02,4.90005679e-02,5.43128455e-02
3.09600000e+04,1.48026238e-01,4.47191951e-02,4.89978478e-02,5.43091956e-02
3.09700000e+04,1.48018134e-01,4.47176288e-02,4.89951045e-02,5.43054006e-02
3.09800000e+04,1.48010117e-01,4.47162113e-02,4.89923567e-02,5.43015495e-02
3.09900000e+04,1.48002129e-01,4.47148519e-02,4.89895800e-02,5.42976973e-02
3.10000000e+04,1.47994247e-01,4.47137036e-02,4.89868303e-02,5.42937128e-02
3.10100000e+04,1.47986418e-01,4.47101950e-02,4.89840860e-02,5.42921371e-02
3.10200000e+04,1.47979742e-01,4.47072760e-02,4.89813829e-02,5.42910832e-02
3.10300000e+04,1.47973490e-01,4.47053837e-02,4.89787826e-02,5.42893237e-02
3.10400000e+04,1.47967311e-01,4.47037169e-02,4.89761792e-02,5.42874153e-02
3.10500000e+04,1.47960693e-01,4.47017874e-02,4.89735440e-02,5.42853617e-02
3.10600000e+04,1.47954061e-01,4.47000395e-02,4.89708880e-02,5.42831339e-02
3.10700000e+04,1.47947506e-01,4.46985060e-02,4.89681834e-02,5.42808169e-02
3.10800000e+04,1.47940722e-01,4.46970822e-02,4.89655751e-02,5.42780646e-02
3.10900000e+04,1.47934178e-01,4.46959371e-02,4.89628727e-02,5.42753681e-02
3.11000000e+04,1.47927407e-01,4.46947692e-02,4.89602005e-02,5.42724375e-02
3.11100000e+04,1.47920483e-01,4.46912439e-02,4.89576303e-02,5.42716085e-02
3.11200000e+04,1.47914628e-01,4.46885553e-02,4.89551955e-02,5.42708774e-02
3.11300000e+04,1.47909352e-01,4.46870526e-02,4.89527958e-02,5.42695037e-02
3.11400000e+04,1.47903628e-01,4.46850310e-02,4.89502709e-02,5.42683258e-02
3.11500000e+04,1.47897624e-01,4.46831359e-02,4.89478214e-02,5.42666669e-02
3.11600000e+04,1.47891699e-01,4.46816262e-02,4.89453058e-02,5.42647669e-02
3.11700000e+04,1.47885506e-01,4.46801092e-02,4.89427719e-02,5.42626249e-02
3.11800000e+04,1.47879260e-01,4.46787080e-02,4.89402081e-02,5.42603442e-02
3.11900000e+04,1.47873052e-01,4.46775732e-02,4.89376495e-02,5.42578292e-02
3.12000000e+04,1.47866828e-01,4.46765610e-02,4.89350656e-02,5.42552016e-02
3.12100000e+04,1.47860331e-01,4.46733091e-02,4.89326252e-02,5.42543971e-02
3.12200000e+04,1.47854514e-01,4.46705061e-02,4.89302305e-02,5.42537772e-02
3.12300000e+04,1.47849134e-01,4.46684623e-02,4.89278166e-02,5.42528550e-02
3.12400000e+04,1.47843389e-01,4.46663000e-02,4.89253462e-02,5.42517423e-02
3.12500000e+04,1.47837506e-01,4.46644367e-02,4.89229042e-02,5.42501648e-02
3.12600000e+04,1.47831628e-01,4.46627897e-02,4.89204334e-02,5.42484048e-02
3.12700000e+04,1.47825675e-01,4.46612745e-02,4.89179253e-02,5.42464753e-02
3.12800000e+04,1.47819467e-01,4.46598413e-02,4.89154410e-02,5.42441848e-02
3.12900000e+04,1.47813382e-01,4.46586901e-02,4.89129434e-02,5.42417484e-02
3.13000000e+04,1.47807264e-01,4.46576438e-02,4.89103860e-02,5.42392345e-02
3.13100000e+04,1.47801255e-01,4.46543648e-02,4.89080644e-02,5.42388262e-02
3.13200000e+04,1.47796525e-01,4.46517910e-02,4.89058099e-02,5.42389241e-02
3.13300000e+04,1.47792076e-01,4.46497651e-02,4.89034951e-02,5.42388159e-02
3.13400000e+04,1.47786935e-01,4.46471832e-02,4.89011302e-02,5.42386215e-02
3.13500000e+04,1.47782175e-01,4.46457052e-02,4.88988471e-02,5.42376230e-02
3.13600000e+04,1.47777030e-01,4.46438186e-02,4.88964414e-02,5.42367698e-02
3.13700000e+04,1.47771698e-01,4.46423571e-02,4.88941112e-02,5.42352299e-02
3.13800000e+04,1.47766208e-01,4.46408812e-02,4.88917602e-02,5.42335662e-02
3.13900000e+04,1.47760865e-01,4.46396751e-02,4.88893344e-02,5.42318558e-02
3.14000000e+04,1.47755287e-01,4.46385457e-02,4.88869357e-02,5.42298053e-02
3.14100000e+04,1.47749553e-01,4.46352986e-02,4.88846182e-02,5.42296360e-02
3.14200000e+04,1.47744479e-01,4.46325344e-02,4.88823872e-02,5.42295578e-02
3.14300000e+04,1.47739656e-01,4.46304834e-02,4.88801256e-02,5.42290475e-02
3.14400000e+04,1.47734567e-01,4.46284677e-02,4.88778568e-02,5.42282428e-02
3.14500000e+04,1.47729443e-01,4.46266402e-02,4.88755214e-02,5.42272812e-02
3.14600000e+04,1.47724111e-01,4.46249694e-02,4.88732396e-02,5.42259022e-02
3.14700000e+04,1.47718619e-01,4.46234098e-02,4.88709179e-02,5.42242913e-02
3.14800000e+04,1.47713043e-01,4.46219470e-02,4.88685805e-02,5.42225155e-02
3.14900000e+04,1.47707494e-01,4.46206801e-02,4.88661910e-02,5.42206233e-02
3.15000000e+04,1.47701842e-01,4.46195484e-02,4.88638050e-02,5.42184885e-02
3.15100000e+04,1.47695656e-01,4.46166081e-02,4.88615237e-02,5.42175246e-02
3.15200000e+04,1.47689146e-01,4.46134807e-02,4.88591911e-02,5.42164738e-02
3.15300000e+04,1.47683091e-01,4.46111768e-02,4.88568353e-02,5.42150791e-02
3.15400000e+04,1.47676798e-01,4.46092578e-02,4.88545491e-02,5.42129911e-02
3.15500000e+04,1.47670526e-01,4.46074265e-02,4.88522276e-02,5.42108719e-02
3.15600000e+04,1.47664177e-01,4.46055229e-02,4.88498002e-02,5.42088544e-02
3.15700000e+04,1.47657810e-01,4.46040484e-02,4.88474647e-02,5.42062971e-02
3.15800000e+04,1.47651424e-01,4.46025314e-02,4.88450590e-02,5.42038333e-02
3.15900000e+04,1.47645064e-01,4.46012354e-02,4.88426658e-02,5.42011626e-02
3.16000000e+04,1.47638751e-01,4.46000885e-02,4.88402766e-02,5.41983857e-02
3.16100000e+04,1.47632610e-01,4.45968019e-02,4.88380090e-02,5.41977993e-02
3.16200000e+04,1.47627559e-01,4.45939823e-02,4.88358494e-02,5.41977278e-02
3.16300000e+04,1.47622924e-01,4.45919760e-02,4.88336697e-02,5.41972786e-02
3.16400000e+04,1.47618113e-01,4.45899961e-02,4.88314870e-02,5.41966304e-02
3.16500000e+04,1.47612970e-01,4.45881534e-02,4.88293588e-02,5.41954581e-02
3.16600000e+04,1.47607921e-01,4.45864230e-02,4.88271206e-02,5.41943775e-02
3.16700000e+04,1.47602568e-01,4.45848241e-02,4.88249195e-02,5.41928249e-02
3.16800000e+04,1.47597195e-01,4.45834428e-02,4.88226983e-02,5.41910537e-02
3.16900000e+04,1.47591785e-01,4.45821119e-02,4.88204554e-02,5.41892173e-02
3.17000000e+04,1.47586365e-01,4.45809682e-02,4.88181832e-02,5.41872133e-02
3.17100000e+04,1.47580931e-01,4.45777789e-02,4.88159396e-02,5.41872124e-02
3.17200000e+04,1.47576390e-01,4.45750419e-02,4.88137718e-02,5.41875765e-02
3.17300000e+04,1.47572111e-01,4.45729880e-02,4.88115796e-02,5.41875429e-02
3.17400000e+04,1.47567760e-01,4.45711680e-02,4.88094234e-02,5.41871688e-02
3.17500000e+04,1.47563104e-01,4.45693043e-02,4.88072426e-02,5.41865574e-02
3.17600000e+04,1.47558351e-01,4.45675644e-02,4.88050473e-02,5.41857395e-02
3.17700000e+04,1.47553551e-01,4.45660809e-02,4.88028542e-02,5.41846158e-02
3.17800000e+04,1.47548650e-01,4.45646603e-02,4.88006183e-02,5.41833716e-02
3.17900000e+04,1.47543709e-01,4.45634373e-02,4.87983843e-02,5.41818878e-02
3.18000000e+04,1.47538650e-01,4.45622050e-02,4.87961349e-02,5.41803102e-02
3.18100000e+04,1.47533489e-01,4.45589703e-02,4.87939803e-02,5.41805388e-02
3.18200000e+04,1.47529091e-01,4.45560236e-02,4.87918539e-02,5.41812137e-02
3.18300000e+04,1.47525308e-01,4.45542689e-02,4.87897792e-02,5.41812596e-02
3.18400000e+04,1.47521501e-01,4.45527930e-02,4.87877375e-02,5.41809709e-02
3.18500000e+04,1.47517229e-01,4.45506763e-02,4.87855065e-02,5.41810464e-02
3.18600000e+04,1.47512927e-01,4.45492068e-02,4.87834568e-02,5.41802630e-02
3.18700000e+04,1.47508426e-01,4.45475417e-02,4.87812938e-02,5.41795904e-02
3.18800000e+04,1.47503964e-01,4.45462297e-02,4.87791357e-02,5.41785987e-02
3.18900000e+04,1.47499399e-01,4.45450083e-02,4.87769518e-02,5.41774385e-02
3.19000000e+04,1.47494667e-01,4.45438279e-02,4.87747881e-02,5.41760511e-02
3.19100000e+04,1.47489705e-01,4.45407903e-02,4.87726538e-02,5.41762610e-02
3.19200000e+04,1.47485402e-01,4.45381058e-02,4.87705489e-02,5.41767471e-02
3.19300000e+04,1.47481484e-01,4.45362199e-02,4.87684629e-02,5.41768012e-02
3.19400000e+04,1.47477267e-01,4.45343469e-02,4.87663767e-02,5.41765431e-02
3.19500000e+04,1.47472925e-01,4.45325793e-02,4.87642756e-02,5.41760698e-02
3.19600000e+04,1.47468506e-01,4.45310028e-02,4.87621675e-02,5.41753357e-02
3.19700000e+04,1.47463933e-01,4.45295010e-02,4.87600386e-02,5.41743938e-02
3.19800000e+04,1.47459243e-01,4.45280512e-02,4.87579032e-02,5.41732891e-02
3.19900000e+04,1.47454653e-01,4.45269804e-02,4.87557638e-02,5.41719089e-02
3.20000000e+04,1.47449799e-01,4.45257115e-02,4.87535904e-02,5.41704969e-02
3.20100000e+04,1.47445266e-01,4.45226872e-02,4.87515807e-02,5.41709986e-02
3.20200000e+04,1.47441797e-01,4.45201952e-02,4.87496673e-02,5.41719348e-02
3.20300000e+04,1.47438658e-01,4.45184344e-02,4.87477607e-02,5.41724634e-02
3.20400000e+04,1.47435299e-01,4.45166749e-02,4.87458189e-02,5.41728056e-02
3.20500000e+04,1.47431558e-01,4.45149796e-02,4.87439139e-02,5.41726645e-02
3.20600000e+04,1.47427653e-01,4.45133218e-02,4.87419381e-02,5.41723926e-02
3.20700000e+04,1.47423695e-01,4.45119160e-02,4.87399431e-02,5.41718361e-02
3.20800000e+04,1.47419530e-01,4.45106131e-02,4.87379250e-02,5.41709919e-02
3.20900000e+04,1.47415473e-01,4.45093890e-02,4.87359239e-02,5.41701601e-02
3.21000000e+04,1.47411270e-01,4.45083246e-02,4.87338333e-02,5.41691122e-02
3.21100000e+04,1.47406964e-01,4.45054871e-02,4.87319264e-02,5.41695502e-02
3.21200000e+04,1.47403451e-01,4.45029163e-02,4.87300422e-02,5.41704929e-02
3.21300000e+04,1.47400271e-01,4.45010662e-02,4.87281394e-02,5.41710649e-02
3.21400000e+04,1.47396946e-01,4.44993488e-02,4.87262514e-02,5.41713455e-02
3.21500000e+04,1.47393363e-01,4.44976595e-02,4.87243392e-02,5.41713645e-02
3.21600000e+04,1.47389630e-01,4.44960804e-02,4.87223810e-02,5.41711690e-02
3.21700000e+04,1.47385759e-01,4.44945439e-02,4.87204315e-02,5.41707840e-02
3.21800000e+04,1.47381846e-01,4.44932371e-02,4.87184593e-02,5.41701498e-02
3.21900000e+04,1.47377858e-01,4.44920576e-02,4.87164694e-02,5.41693308e-02
3.22000000e+04,1.47373821e-01,4.44909822e-02,4.87144600e-02,5.41683783e-02
3.22100000e+04,1.47369805e-01,4.44881606e-02,4.87125695e-02,5.41690751e-02
3.22200000e+04,1.47366511e-01,4.44857031e-02,4.87107277e-02,5.41700799e-02
3.22300000e+04,1.47363454e-01,4.44840156e-02,4.87089275e-02,5.41705106e-02
3.22400000e+04,1.47360176e-01,4.44822694e-02,4.87070894e-02,5.41708172e-02
3.22500000e+04,1.47356485e-01,4.44801835e-02,4.87051790e-02,5.41711230e-02
3.22600000e+04,1.47353041e-01,4.44788849e-02,4.87033317e-02,5.41708247e-02
3.22700000e+04,1.47349255e-01,4.44773191e-02,4.87014020e-02,5.41705342e-02
3.22800000e+04,1.47345514e-01,4.44761078e-02,4.86994945e-02,5.41699119e-02
3.22900000e+04,1.47341518e-01,4.44748097e-02,4.86975756e-02,5.41691329e-02
3.23000000e+04,1.47337565e-01,4.44737700e-02,4.86956649e-02,5.41681305e-02
3.23100000e+04,1.47333641e-01,4.44709292e-02,4.86938496e-02,5.41688626e-02
3.23200000e+04,1.47330540e-01,4.44684394e-02,4.86920867e-02,5.41700138e-02
3.23300000e+04,1.47327581e-01,4.44664976e-02,4.86903226e-02,5.41707610e-02
3.23400000e+04,1.47324523e-01,4.44647332e-02,4.86885236e-02,5.41712661e-02
3.23500000e+04,1.47321161e-01,4.44630320e-02,4.86867598e-02,5.41713694e-02
3.23600000e+04,1.47317745e-01,4.44614617e-02,4.86849567e-02,5.41713271e-02
3.23700000e+04,1.47314164e-01,4.44600239e-02,4.86831273e-02,5.41710123e-02
3.23800000e+04,1.47310576e-01,4.44587696e-02,4.86812808e-02,5.41705253e-02
3.23900000e+04,1.47306794e-01,4.44575113e-02,4.86794202e-02,5.41698624e-02
3.24000000e+04,1.47302922e-01,4.44562981e-02,4.86775412e-02,5.41690823e-02
3.24100000e+04,1.47298882e-01,4.44532734e-02,4.86757448e-02,5.41698635e-02
3.24200000e+04,1.47295909e-01,4.44512302e-02,4.86740877e-02,5.41705910e-02
3.24300000e+04,1.47292968e-01,4.44495787e-02,4.86724206e-02,5.41709690e-02
3.24400000e+04,1.47289721e-01,4.44477349e-02,4.86706710e-02,5.41713145e-02
3.24500000e+04,1.47286432e-01,4.44462249e-02,4.86689373e-02,5.41712699e-02
3.24600000e+04,1.47282726e-01,4.44446479e-02,4.86672243e-02,5.41708540e-02
3.24700000e+04,1.47279139e-01,4.44432770e-02,4.86654412e-02,5.41704213e-02
3.24800000e+04,1.47275410e-01,4.44419515e-02,4.86636514e-02,5.41698074e-02
3.24900000e+04,1.47271596e-01,4.44408391e-02,4.86618507e-02,5.41689066e-02
3.25000000e+04,1.47267633e-01,4.44397354e-02,4.86600610e-02,5.41678371e-02
3.25100000e+04,1.47263531e-01,4.44369469e-02,4.86582966e-02,5.41682880e-02
3.25200000e+04,1.47259987e-01,4.44345426e-02,4.86566067e-02,5.41688374e-02
3.25300000e+04,1.47256569e-01,4.44327129e-02,4.86548816e-02,5.41689748e-02
3.25400000e+04,1.47252976e-01,4.44310016e-02,4.86531832e-02,5.41687907e-02
3.25500000e+04,1.47249284e-01,4.44294132e-02,4.86514649e-02,5.41684056e-02
3.25600000e+04,1.47245461e-01,4.44279075e-02,4.86497095e-02,5.41678440e-02
3.25700000e+04,1.47241496e-01,4.44264053e-02,4.86479372e-02,5.41671539e-02
3.25800000e+04,1.47237517e-01,4.44251354e-02,4.86461558e-02,5.41662259e-02
3.25900000e+04,1.47233499e-01,4.44239768e-02,4.86443770e-02,5.41651456e-02
3.26000000e+04,1.47229495e-01,4.44229856e-02,4.86425776e-02,5.41639321e-02
3.26100000e+04,1.47225587e-01,4.44205758e-02,4.86409070e-02,5.41641042e-02
3.26200000e+04,1.47221874e-01,4.44176373e-02,4.86391868e-02,5.41650502e-02
3.26300000e+04,1.47218777e-01,4.44158923e-02,4.86375204e-02,5.41653645e-02
3.26400000e+04,1.47215383e-01,4.44141187e-02,4.86358406e-02,5.41654239e-02
3.26500000e+04,1.47211958e-01,4.44125516e-02,4.86341675e-02,5.41652386e-02
3.26600000e+04,1.47208332e-01,4.44109278e-02,4.86324390e-02,5.41649649e-02
3.26700000e+04,1.47204593e-01,4.44095615e-02,4.86307694e-02,5.41642617e-02
3.26800000e+04,1.47200827e-01,4.44082470e-02,4.86290181e-02,5.41635624e-02
3.26900000e+04,1.47197104e-01,4.44070401e-02,4.86272377e-02,5.41628262e-02
3.27000000e+04,1.47193125e-01,4.44059119e-02,4.86255054e-02,5.41617074e-02
3.27100000e+04,1.47189009e-01,4.44032909e-02,4.86238047e-02,5.41619135e-02
3.27200000e+04,1.47185352e-01,4.44008633e-02,4.86221585e-02,5.41623300e-02
3.27300000e+04,1.47182054e-01,4.43991054e-02,4.86204729e-02,5.41624759e-02
3.27400000e+04,1.47178479e-01,4.43974085e-02,4.86188200e-02,5.41622501e-02
3.27500000e+04,1.47174836e-01,4.43958547e-02,4.86171519e-02,5.41618297e-02
3.27600000e+04,1.47171115e-01,4.43943532e-02,4.86154698e-02,5.41612918e-02
3.27700000e+04,1.47167274e-01,4.43929413e-02,4.86137677e-02,5.41605653e-02
3.27800000e+04,1.47163457e-01,4.43917076e-02,4.86120616e-02,5.41596875e-02
3.27900000e+04,1.47159542e-01,4.43905320e-02,4.86103463e-02,5.41586637e-02
3.28000000e+04,1.47155607e-01,4.43894132e-02,4.86086209e-02,5.41575734e-02
3.28100000e+04,1.47151563e-01,4.43867444e-02,4.86069423e-02,5.41578762e-02
3.28200000e+04,1.47148192e-01,4.43845109e-02,4.86053192e-02,5.41583618e-02
3.28300000e+04,1.47144897e-01,4.43825909e-02,4.86036469e-02,5.41586595e-02
3.28400000e+04,1.47141699e-01,4.43810979e-02,4.86019950e-02,5.41586066e-02
3.28500000e+04,1.47138138e-01,4.43794187e-02,4.86003672e-02,5.41583521e-02
3.28600000e+04,1.47134540e-01,4.43779475e-02,4.85986959e-02,5.41578967e-02
3.28700000e+04,1.47130992e-01,4.43766081e-02,4.85970140e-02,5.41573703e-02
3.28800000e+04,1.47127265e-01,4.43753034e-02,4.85953209e-02,5.41566406e-02
3.28900000e+04,1.47123495e-01,4.43741064e-02,4.85936327e-02,5.41557561e-02
3.29000000e+04,1.47119765e-01,4.43730660e-02,4.85919163e-02,5.41547829e-02
3.29100000e+04,1.47115907e-01,4.43704502e-02,4.85902865e-02,5.41551706e-02
3.29200000e+04,1.47112710e-01,4.43680855e-02,4.85887121e-02,5.41559123e-02
3.29300000e+04,1.47109734e-01,4.43662670e-02,4.85871220e-02,5.41563449e-02
3.29400000e+04,1.47106621e-01,4.43646526e-02,4.85855835e-02,5.41563853e-02
3.29500000e+04,1.47103382e-01,4.43631110e-02,4.85839939e-02,5.41562775e-02
3.29600000e+04,1.47099946e-01,4.43616140e-02,4.85823950e-02,5.41559369e-02
3.29700000e+04,1.47096487e-01,4.43602972e-02,4.85807913e-02,5.41553983e-02
3.29800000e+04,1.47092981e-01,4.43590143e-02,4.85791637e-02,5.41548030e-02
3.29900000e+04,1.47089453e-01,4.43578621e-02,4.85775198e-02,5.41540711e-02
3.30000000e+04,1.47085833e-01,4.43568195e-02,4.85758610e-02,5.41531526e-02
3.30100000e+04,1.47082310e-01,4.43542966e-02,4.85742969e-02,5.41537169e-02
3.30200000e+04,1.47079484e-01,4.43519572e-02,4.85727751e-02,5.41547516e-02
3.30300000e+04,1.47076921e-01,4.43502824e-02,4.85712759e-02,5.41553625e-02
3.30400000e+04,1.47074172e-01,4.43487275e-02,4.85698106e-02,5.41556342e-02
3.30500000e+04,1.47071364e-01,4.43472756e-02,4.85682739e-02,5.41558149e-02
3.30600000e+04,1.47068203e-01,4.43456174e-02,4.85666888e-02,5.41558966e-02
3.30700000e+04,1.47065034e-01,4.43442065e-02,4.85651351e-02,5.41556922e-02
3.30800000e+04,1.47061870e-01,4.43430321e-02,4.85635689e-02,5.41552687e-02
3.30900000e+04,1.47058560e-01,4.43418674e-02,4.85619909e-02,5.41547019e-02
3.31000000e+04,1.47055304e-01,4.43409048e-02,4.85603983e-02,5.41540010e-02
3.31100000e+04,1.47051883e-01,4.43383461e-02,4.85588997e-02,5.41546372e-02
3.31200000e+04,1.47049013e-01,4.43359566e-02,4.85574398e-02,5.41556166e-02
3.31300000e+04,1.47046633e-01,4.43342960e-02,4.85559459e-02,5.41563907e-02
3.31400000e+04,1.47043910e-01,4.43327132e-02,4.85544701e-02,5.41567268e-02
3.31500000e+04,1.47041190e-01,4.43311880e-02,4.85529716e-02,5.41570305e-02
3.31600000e+04,1.47038195e-01,4.43297819e-02,4.85514849e-02,5.41569281e-02
3.31700000e+04,1.47035240e-01,4.43284891e-02,4.85499733e-02,5.41567778e-02
3.31800000e+04,1.47032107e-01,4.43272372e-02,4.85484325e-02,5.41564371e-02
3.31900000e+04,1.47029004e-01,4.43261800e-02,4.85469030e-02,5.41559205e-02
3.32000000e+04,1.47025733e-01,4.43250779e-02,4.85453691e-02,5.41552861e-02
3.32100000e+04,1.47022634e-01,4.43227278e-02,4.85438956e-02,5.41560111e-02
3.32200000e+04,1.47020189e-01,4.43205254e-02,4.85424766e-02,5.41571871e-02
3.32300000e+04,1.47017981e-01,4.43189124e-02,4.85410527e-02,5.41580157e-02
3.32400000e+04,1.47015552e-01,4.43173481e-02,4.85396526e-02,5.41585514e-02
3.32500000e+04,1.47013016e-01,4.43158468e-02,4.85382078e-02,5.41589618e-02
3.32600000e+04,1.47010308e-01,4.43144252e-02,4.85367530e-02,5.41591303e-02
3.32700000e+04,1.47007525e-01,4.43131124e-02,4.85352946e-02,5.41591183e-02
3.32800000e+04,1.47004703e-01,4.43120271e-02,4.85338311e-02,5.41588449e-02
3.32900000e+04,1.47001739e-01,4.43108301e-02,4.85323295e-02,5.41585790e-02
3.33000000e+04,1.46998759e-01,4.43098668e-02,4.85308456e-02,5.41580467e-02
3.33100000e+04,1.46995845e-01,4.43075264e-02,4.85294337e-02,5.41588850e-02
3.33200000e+04,1.46993487e-01,4.43053572e-02,4.85280582e-02,5.41600712e-02
3.33300000e+04,1.46991358e-01,4.43037252e-02,4.85266680e-02,5.41609646e-02
3.33400000e+04,1.46989080e-01,4.43021947e-02,4.85252706e-02,5.41616146e-02
3.33500000e+04,1.46986687e-01,4.43008052e-02,4.85238610e-02,5.41620211e-02
3.33600000e+04,1.46984087e-01,4.42994421e-02,4.85224662e-02,5.41621786e-02
3.33700000e+04,1.46981445e-01,4.42981650e-02,4.85210351e-02,5.41622453e-02
3.33800000e+04,1.46978720e-01,4.42970066e-02,4.85195886e-02,5.41621247e-02
3.33900000e+04,1.46975888e-01,4.42959284e-02,4.85181504e-02,5.41618094e-02
3.34000000e+04,1.46973014e-01,4.42949399e-02,4.85166812e-02,5.41613934e-02
3.34100000e+04,1.46969946e-01,4.42926013e-02,4.85152593e-02,5.41620858e-02
3.34200000e+04,1.46967234e-01,4.42904478e-02,4.85138729e-02,5.41629131e-02
3.34300000e+04,1.46964701e-01,4.42889148e-02,4.85124915e-02,5.41632946e-02
3.34400000e+04,1.46962004e-01,4.42873972e-02,4.85110790e-02,5.41635276e-02
3.34500000e+04,1.46959210e-01,4.42860315e-02,4.85096798e-02,5.41634984e-02
3.34600000e+04,1.46956284e-01,4.42847079e-02,4.85082618e-02,5.41633143e-02
3.34700000e+04,1.46953309e-01,4.42834396e-02,4.85068269e-02,5.41630422e-02
3.34800000e+04,1.46950255e-01,4.42822768e-02,4.85053657e-02,5.41626129e-02
3.34900000e+04,1.46947147e-01,4.42811934e-02,4.85039016e-02,5.41620524e-02
3.35000000e+04,1.46944055e-01,4.42802250e-02,4.85024372e-02,5.41613927e-02
3.35100000e+04,1.46940449e-01,4.42779909e-02,4.85009577e-02,5.41615006e-02
3.35200000e+04,1.46936801e-01,4.42758769e-02,4.84995259e-02,5.41613981e-02
3.35300000e+04,1.46933562e-01,4.42743321e-02,4.84980379e-02,5.41611922e-02
3.35400000e+04,1.46930137e-01,4.42728953e-02,4.84965758e-02,5.41606659e-02
3.35500000e+04,1.46926731e-01,4.42715017e-02,4.84950894e-02,5.41601400e-02
3.35600000e+04,1.46923200e-01,4.42701971e-02,4.84936316e-02,5.41593714e-02
3.35700000e+04,1.46919680e-01,4.42689481e-02,4.84921288e-02,5.41586027e-02
3.35800000e+04,1.46916132e-01,4.42678150e-02,4.84906400e-02,5.41576775e-02
3.35900000e+04,1.46912579e-01,4.42667535e-02,4.84891565e-02,5.41566692e-02
3.36000000e+04,1.46909033e-01,4.42657510e-02,4.84876548e-02,5.41556271e-02
3.36100000e+04,1.46905403e-01,4.42635479e-02,4.84861975e-02,5.41556578e-02
3.36200000e+04,1.46902197e-01,4.42614847e-02,4.84847750e-02,5.41559375e-02
3.36300000e+04,1.46899290e-01,4.42599665e-02,4.84833445e-02,5.41559795e-02
3.36400000e+04,1.46896202e-01,4.42584959e-02,4.84819176e-02,5.41557888e-02
3.36500000e+04,1.46893007e-01,4.42570793e-02,4.84804900e-02,5.41554379e-02
3.36600000e+04,1.46889859e-01,4.42559191e-02,4.84790708e-02,5.41548688e-02
3.36700000e+04,1.46886531e-01,4.42546325e-02,4.84776189e-02,5.41542799e-02
3.36800000e+04,1.46883144e-01,4.42533553e-02,4.84761457e-02,5.41536427e-02
3.36900000e+04,1.46879781e-01,4.42523255e-02,4.84746944e-02,5.41527607e-02
3.37000000e+04,1.46876470e-01,4.42514712e-02,4.84732697e-02,5.41517294e-02
3.37100000e+04,1.46873031e-01,4.42494108e-02,4.84718707e-02,5.41517496e-02
3.37200000e+04,1.46869824e-01,4.42472178e-02,4.84704508e-02,5.41521554e-02
3.37300000e+04,1.46866763e-01,4.42455026e-02,4.84690157e-02,5.41522448e-02
3.37400000e+04,1.46863754e-01,4.42442011e-02,4.84676434e-02,5.41519091e-02
3.37500000e+04,1.46860624e-01,4.42428526e-02,4.84662541e-02,5.41515172e-02
3.37600000e+04,1.46857362e-01,4.42415099e-02,4.84648278e-02,5.41510248e-02
3.37700000e+04,1.46854132e-01,4.42402975e-02,4.84633959e-02,5.41504389e-02
3.37800000e+04,1.46850858e-01,4.42392009e-02,4.84619802e-02,5.41496771e-02
3.37900000e+04,1.46847545e-01,4.42381427e-02,4.84605415e-02,5.41488604e-02
3.38000000e+04,1.46844088e-01,4.42370632e-02,4.84591050e-02,5.41479197e-02
3.38100000e+04,1.46840699e-01,4.42348841e-02,4.84576988e-02,5.41481163e-02
3.38200000e+04,1.46837698e-01,4.42328610e-02,4.84563352e-02,5.41485018e-02
3.38300000e+04,1.46834960e-01,4.42312833e-02,4.84549488e-02,5.41487281e-02
3.38400000e+04,1.46832121e-01,4.42298475e-02,4.84535638e-02,5.41487098e-02
3.38500000e+04,1.46829151e-01,4.42284193e-02,4.84521735e-02,5.41485578e-02
3.38600000e+04,1.46826039e-01,4.42269654e-02,4.84507941e-02,5.41482800e-02
3.38700000e+04,1.46822934e-01,4.42257045e-02,4.84494140e-02,5.41478159e-02
3.38800000e+04,1.46819761e-01,4.42244686e-02,4.84480071e-02,5.41472855e-02
3.38900000e+04,1.46816660e-01,4.42234678e-02,4.84466048e-02,5.41465870e-02
3.39000000e+04,1.46813486e-01,4.42224479e-02,4.84451908e-02,5.41458471e-02
3.39100000e+04,1.46810183e-01,4.42203609e-02,4.84437993e-02,5.41460226e-02
3.39200000e+04,1.46807313e-01,4.42185594e-02,4.84424221e-02,5.41463314e-02
3.39300000e+04,1.46804419e-01,4.42170718e-02,4.84410708e-02,5.41462762e-02
3.39400000e+04,1.46801594e-01,4.42157682e-02,4.84396948e-02,5.41461310e-02
3.39500000e+04,1.46798576e-01,4.42143682e-02,4.84383194e-02,5.41458885e-02
3.39600000e+04,1.46795513e-01,4.42130161e-02,4.84369353e-02,5.41455616e-02
3.39700000e+04,1.46792465e-01,4.42118959e-02,4.84355731e-02,5.41449958e-02
3.39800000e+04,1.46789408e-01,4.42108346e-02,4.84341895e-02,5.41443836e-02
3.39900000e+04,1.46786317e-01,4.42098749e-02,4.84328098e-02,5.41436320e-02
3.40000000e+04,1.46783194e-01,4.42089630e-02,4.84314348e-02,5.41427964e-02
3.40100000e+04,1.46779999e-01,4.42069315e-02,4.84301137e-02,5.41429543e-02
3.40200000e+04,1.46777140e-01,4.42048598e-02,4.84287965e-02,5.41434835e-02
3.40300000e+04,1.46774469e-01,4.42033903e-02,4.84275034e-02,5.41435751e-02
3.40400000e+04,1.46771748e-01,4.42020128e-02,4.84262197e-02,5.41435156e-02
3.40500000e+04,1.46768941e-01,4.42006954e-02,4.84249157e-02,5.41433297e-02
3.40600000e+04,1.46766038e-01,4.41994460e-02,4.84235863e-02,5.41430062e-02
3.40700000e+04,1.46763090e-01,4.41982977e-02,4.84222757e-02,5.41425167e-02
3.40800000e+04,1.46760116e-01,4.41972325e-02,4.84209522e-02,5.41419312e-02
3.40900000e+04,1.46757025e-01,4.41961845e-02,4.84196337e-02,5.41412065e-02
3.41000000e+04,1.46754003e-01,4.41952926e-02,4.84182988e-02,5.41404116e-02
3.41100000e+04,1.46750908e-01,4.41932247e-02,4.84170024e-02,5.41406809e-02
3.41200000e+04,1.46748207e-01,4.41912861e-02,4.84156911e-02,5.41412302e-02
3.41300000e+04,1.46745744e-01,4.41898245e-02,4.84143972e-02,5.41415224e-02
3.41400000e+04,1.46743220e-01,4.41884609e-02,4.84131113e-02,5.41416482e-02
3.41500000e+04,1.46740639e-01,4.41871682e-02,4.84118301e-02,5.41416407e-02
3.41600000e+04,1.46737989e-01,4.41859686e-02,4.84105426e-02,5.41414773e-02
3.41700000e+04,1.46735261e-01,4.41847895e-02,4.84092388e-02,5.41412328e-02
3.41800000e+04,1.46732500e-01,4.41837257e-02,4.84079262e-02,5.41408476e-02
3.41900000e+04,1.46729634e-01,4.41826813e-02,4.84066308e-02,5.41403218e-02
3.42000000e+04,1.46726817e-01,4.41817781e-02,4.84053326e-02,5.41397065e-02
3.42100000e+04,1.46723806e-01,4.41797170e-02,4.84040149e-02,5.41400744e-02
3.42200000e+04,1.46721133e-01,4.41778141e-02,4.84027159e-02,5.41406035e-02
3.42300000e+04,1.46718615e-01,4.41763334e-02,4.84014028e-02,5.41408790e-02
3.42400000e+04,1.46716067e-01,4.41749539e-02,4.84001086e-02,5.41410048e-02
3.42500000e+04,1.46713453e-01,4.41736651e-02,4.83988139e-02,5.41409742e-02
3.42600000e+04,1.46710757e-01,4.41724885e-02,4.83975310e-02,5.41407372e-02
3.42700000e+04,1.46708022e-01,4.41712959e-02,4.83962236e-02,5.41405028e-02
3.42800000e+04,1.46705238e-01,4.41701922e-02,4.83949279e-02,5.41401175e-02
3.42900000e+04,1.46702442e-01,4.41692051e-02,4.83936252e-02,5.41396118e-02
3.43000000e+04,1.46699574e-01,4.41682223e-02,4.83922998e-02,5.41390522e-02
3.43100000e+04,1.46696797e-01,4.41662449e-02,4.83910448e-02,5.41395071e-02
3.43200000e+04,1.46694430e-01,4.41643283e-02,4.83898016e-02,5.41403001e-02
3.43300000e+04,1.46692212e-01,4.41628617e-02,4.83886071e-02,5.41407428e-02
3.43400000e+04,1.46689987e-01,4.41615132e-02,4.83873658e-02,5.41411076e-02
3.43500000e+04,1.46687604e-01,4.41601934e-02,4.83861423e-02,5.41412686e-02
3.43600000e+04,1.46685152e-01,4.41589726e-02,4.83849087e-02,5.41412707e-02
3.43700000e+04,1.46682672e-01,4.41578174e-02,4.83836720e-02,5.41411829e-02
3.43800000e+04,1.46680153e-01,4.41567760e-02,4.83824190e-02,5.41409580e-02
3.43900000e+04,1.46677544e-01,4.41557306e-02,4.83811846e-02,5.41406288e-02
3.44000000e+04,1.46674919e-01,4.41547709e-02,4.83799355e-02,5.41402127e-02
3.44100000e+04,1.46672356e-01,4.41528096e-02,4.83787271e-02,5.41408197e-02
3.44200000e+04,1.46670263e-01,4.41509288e-02,4.83775594e-02,5.41417743e-02
3.44300000e+04,1.46668240e-01,4.41494227e-02,4.83763977e-02,5.41424195e-02
3.44400000e+04,1.46666192e-01,4.41481120e-02,4.83752424e-02,5.41428378e-02
3.44500000e+04,1.46664083e-01,4.41468313e-02,4.83740516e-02,5.41432000e-02
3.44600000e+04,1.46661890e-01,4.41456394e-02,4.83728799e-02,5.41433703e-02
3.44700000e+04,1.46659578e-01,4.41445207e-02,4.83716933e-02,5.41433636e-02
3.44800000e+04,1.46657241e-01,4.41434549e-02,4.83704999e-02,5.41432867e-02
3.44900000e+04,1.46654872e-01,4.41424719e-02,4.83693070e-02,5.41430932e-02
3.45000000e+04,1.46652414e-01,4.41415284e-02,4.83681007e-02,5.41427851e-02
3.45100000e+04,1.46649803e-01,4.41396312e-02,4.83669305e-02,5.41432413e-02
3.45200000e+04,1.46647452e-01,4.41378227e-02,4.83657988e-02,5.41438300e-02
3.45300000e+04,1.46645145e-01,4.41363371e-02,4.83646275e-02,5.41441801e-02
3.45400000e+04,1.46642877e-01,4.41351115e-02,4.83635022e-02,5.41442636e-02
3.45500000e+04,1.46640461e-01,4.41338655e-02,4.83623373e-02,5.41442586e-02
3.45600000e+04,1.46637996e-01,4.41327114e-02,4.83611896e-02,5.41440952e-02
3.45700000e+04,1.46635438e-01,4.41315897e-02,4.83600137e-02,5.41438343e-02
3.45800000e+04,1.46632870e-01,4.41306068e-02,4.83588483e-02,5.41434145e-02
