0.00000000e+00,9.94130838e+00,2.63882349e-07,3.58648266e+00,6.35482546e+00
1.00000000e+01,9.83799003e+00,1.71346563e-06,3.54790618e+00,6.29008213e+00
2.00000000e+01,9.67706701e+00,3.08507596e-05,3.48599962e+00,6.19103653e+00
3.00000000e+01,9.35524493e+00,9.16480361e-04,3.35593044e+00,5.99839801e+00
4.00000000e+01,8.58482016e+00,1.86400818e-02,3.02792811e+00,5.53825196e+00
5.00000000e+01,7.00331470e+00,3.76544783e-01,2.26437750e+00,4.36239243e+00
6.00000000e+01,6.49274830e+00,1.07103745e+00,1.94258144e+00,3.47912942e+00
7.00000000e+01,6.13782551e+00,3.91635177e-01,2.11287355e+00,3.63331678e+00
8.00000000e+01,5.84249092e+00,4.92293159e-01,2.13522528e+00,3.21497248e+00
9.00000000e+01,5.62335535e+00,3.57360742e-01,2.11847178e+00,3.14752283e+00
1.00000000e+02,5.32513376e+00,2.74798963e-01,2.01140621e+00,3.03892858e+00
1.10000000e+02,5.02041159e+00,3.33860735e-01,1.86015915e+00,2.82639171e+00
1.20000000e+02,4.77636513e+00,3.77514611e-01,1.71416596e+00,2.68468456e+00
1.30000000e+02,4.55662801e+00,4.06316245e-01,1.60345172e+00,2.54686005e+00
1.40000000e+02,4.37820948e+00,4.63472786e-01,1.50704538e+00,2.40769131e+00
1.50000000e+02,4.21190227e+00,4.62283329e-01,1.44141635e+00,2.30820259e+00
1.60000000e+02,4.04419488e+00,4.73739254e-01,1.37285176e+00,2.19760386e+00
1.70000000e+02,3.86858236e+00,4.65770804e-01,1.30016560e+00,2.10264595e+00
1.80000000e+02,3.66099301e+00,4.57430707e-01,1.22323978e+00,1.98032252e+00
1.90000000e+02,3.41746770e+00,4.39108572e-01,1.13547768e+00,1.84288146e+00
2.00000000e+02,3.16472887e+00,4.54177612e-01,1.03496968e+00,1.67558158e+00
2.10000000e+02,2.94734012e+00,4.64487837e-01,9.43752736e-01,1.53909954e+00
2.20000000e+02,2.78166817e+00,4.85190264e-01,8.65613024e-01,1.43086488e+00
2.30000000e+02,2.62438619e+00,4.57977050e-01,8.12086481e-01,1.35432266e+00
2.40000000e+02,2.46127722e+00,4.37428782e-01,7.66909993e-01,1.25693845e+00
2.50000000e+02,2.28268623e+00,4.09829029e-01,7.15171166e-01,1.15768603e+00
2.60000000e+02,2.07922391e+00,3.86090418e-01,6.56368524e-01,1.03676497e+00
2.70000000e+02,1.86126325e+00,3.61903858e-01,5.94709525e-01,9.04649869e-01
2.80000000e+02,1.66599170e+00,3.31537097e-01,5.51644185e-01,7.82810415e-01
2.90000000e+02,1.47042189e+00,2.65921929e-01,5.29341823e-01,6.75158136e-01
3.00000000e+02,1.30995912e+00,2.20331000e-01,5.06573749e-01,5.83054366e-01
3.10000000e+02,1.17185665e+00,1.79103200e-01,4.82878901e-01,5.09874545e-01
3.20000000e+02,1.05771651e+00,1.52362692e-01,4.67056896e-01,4.38296918e-01
3.30000000e+02,9.70889784e-01,1.29574520e-01,4.47534271e-01,3.93780993e-01
3.40000000e+02,9.01397405e-01,1.12284370e-01,4.31827459e-01,3.57285576e-01
3.50000000e+02,8.44225323e-01,1.01211976e-01,4.14433812e-01,3.28579535e-01
3.60000000e+02,7.95835450e-01,9.52915332e-02,3.97690452e-01,3.02853465e-01
3.70000000e+02,7.53119947e-01,9.09590526e-02,3.80278827e-01,2.81882068e-01
3.80000000e+02,7.14245618e-01,8.71425549e-02,3.63515661e-01,2.63587403e-01
3.90000000e+02,6.78098615e-01,8.48162644e-02,3.47095950e-01,2.46186401e-01
4.00000000e+02,6.43992856e-01,8.30418375e-02,3.30648868e-01,2.30302151e-01
4.10000000e+02,6.11671226e-01,8.16210176e-02,3.14430217e-01,2.15619992e-01
4.20000000e+02,5.80883847e-01,8.02128278e-02,2.99184830e-01,2.01486190e-01
4.30000000e+02,5.51665324e-01,7.89428264e-02,2.84278180e-01,1.88444317e-01
4.40000000e+02,5.23879872e-01,7.75760149e-02,2.70135393e-01,1.76168464e-01
4.50000000e+02,4.97702812e-01,7.65447636e-02,2.56090055e-01,1.65067993e-01
4.60000000e+02,4.71961047e-01,7.45816370e-02,2.43665255e-01,1.53714154e-01
4.70000000e+02,4.47528276e-01,7.29027616e-02,2.31531549e-01,1.43093966e-01
4.80000000e+02,4.24235098e-01,7.14479479e-02,2.19197656e-01,1.33589494e-01
4.90000000e+02,4.01123793e-01,6.95208427e-02,2.07644901e-01,1.23958049e-01
5.00000000e+02,3.79692891e-01,6.83487574e-02,1.95881607e-01,1.15462527e-01
5.10000000e+02,3.58140695e-01,6.63436885e-02,1.85331490e-01,1.06465516e-01
5.20000000e+02,3.37969369e-01,6.47896746e-02,1.74966825e-01,9.82128694e-02
5.30000000e+02,3.19104491e-01,6.34889465e-02,1.64821245e-01,9.07942997e-02
5.40000000e+02,3.01224880e-01,6.19721805e-02,1.55564749e-01,8.36879505e-02
5.50000000e+02,2.84640647e-01,6.05289107e-02,1.46730933e-01,7.73808041e-02
5.60000000e+02,2.69336200e-01,5.91273641e-02,1.38675130e-01,7.15337058e-02
5.70000000e+02,2.54966214e-01,5.75207805e-02,1.31397344e-01,6.60480890e-02
5.80000000e+02,2.41713033e-01,5.58917081e-02,1.24795325e-01,6.10259997e-02
5.90000000e+02,2.29570233e-01,5.43104737e-02,1.18840038e-01,5.64197216e-02
6.00000000e+02,2.18910818e-01,5.31133531e-02,1.13007064e-01,5.27904007e-02
6.10000000e+02,2.08515327e-01,5.13527809e-02,1.08448626e-01,4.87139198e-02
6.20000000e+02,1.99077392e-01,4.96567059e-02,1.04216524e-01,4.52041622e-02
6.30000000e+02,1.90672437e-01,4.81748577e-02,1.00221825e-01,4.22757535e-02
6.40000000e+02,1.83047852e-01,4.67588090e-02,9.66929531e-02,3.95960903e-02
6.50000000e+02,1.75980419e-01,4.52140628e-02,9.37894087e-02,3.69769476e-02
6.60000000e+02,1.69507426e-01,4.37127902e-02,9.09170739e-02,3.48775621e-02
6.70000000e+02,1.63750301e-01,4.24211030e-02,8.83349586e-02,3.29942393e-02
6.80000000e+02,1.58363268e-01,4.10981301e-02,8.60660618e-02,3.11990760e-02
6.90000000e+02,1.53695923e-01,4.01167401e-02,8.38725768e-02,2.97066063e-02
7.00000000e+02,1.48935916e-01,3.87811996e-02,8.18183059e-02,2.83364101e-02
7.10000000e+02,1.44730553e-01,3.76773206e-02,8.00646912e-02,2.69885415e-02
7.20000000e+02,1.40236976e-01,3.61705026e-02,7.82940770e-02,2.57723960e-02
7.30000000e+02,1.36520734e-01,3.52081007e-02,7.65229385e-02,2.47896953e-02
7.40000000e+02,1.33060748e-01,3.43523059e-02,7.50239816e-02,2.36844607e-02
7.50000000e+02,1.29799747e-01,3.35709253e-02,7.34202409e-02,2.28085812e-02
7.60000000e+02,1.26571618e-01,3.26871267e-02,7.19677836e-02,2.19167081e-02
7.70000000e+02,1.23530224e-01,3.19074082e-02,7.04227813e-02,2.12000342e-02
7.80000000e+02,1.20879268e-01,3.14019785e-02,6.89752156e-02,2.05020743e-02
7.90000000e+02,1.18036343e-01,3.06317354e-02,6.75558682e-02,1.98487396e-02
8.00000000e+02,1.15578974e-01,3.01851194e-02,6.61803931e-02,1.92134619e-02
8.10000000e+02,1.13223088e-01,2.97556445e-02,6.47791250e-02,1.86883181e-02
8.20000000e+02,1.11528753e-01,2.98065062e-02,6.37632661e-02,1.79589808e-02
8.30000000e+02,1.08568584e-01,2.87069218e-02,6.23490484e-02,1.75126139e-02
8.40000000e+02,1.06317481e-01,2.82128235e-02,6.10005283e-02,1.71041290e-02
8.50000000e+02,1.04257529e-01,2.78223919e-02,5.98907352e-02,1.65444020e-02
8.60000000e+02,1.02003083e-01,2.72318303e-02,5.85669878e-02,1.62042652e-02
8.70000000e+02,1.00468956e-01,2.72328656e-02,5.74569378e-02,1.57791522e-02
8.80000000e+02,9.81546868e-02,2.64890651e-02,5.62807282e-02,1.53848935e-02
8.90000000e+02,9.62773205e-02,2.61199253e-02,5.52062117e-02,1.49511836e-02
9.00000000e+02,9.45075022e-02,2.57880269e-02,5.40988874e-02,1.46205879e-02
9.10000000e+02,9.27373477e-02,2.54473231e-02,5.30558825e-02,1.42341422e-02
9.20000000e+02,9.13479989e-02,2.54215182e-02,5.21092769e-02,1.38172038e-02
9.30000000e+02,8.97634375e-02,2.51627718e-02,5.09097224e-02,1.36909433e-02
9.40000000e+02,8.81209163e-02,2.48182721e-02,5.00630317e-02,1.32396125e-02
9.50000000e+02,8.63048236e-02,2.43011702e-02,4.90313835e-02,1.29722699e-02
9.60000000e+02,8.47552085e-02,2.39978221e-02,4.80567506e-02,1.27006359e-02
9.70000000e+02,8.38215521e-02,2.42240120e-02,4.71114608e-02,1.24860794e-02
9.80000000e+02,8.27134894e-02,2.42308313e-02,4.63200977e-02,1.21625604e-02
9.90000000e+02,8.09481773e-02,2.36585412e-02,4.54062836e-02,1.18833525e-02
1.00000000e+03,7.92060651e-02,2.30438464e-02,4.44704175e-02,1.16918012e-02
1.01000000e+03,7.77951855e-02,2.27197523e-02,4.36229563e-02,1.14524770e-02
1.02000000e+03,7.65719129e-02,2.25474017e-02,4.27883880e-02,1.12361231e-02
1.03000000e+03,7.61032857e-02,2.30275249e-02,4.19884402e-02,1.10873206e-02
1.04000000e+03,7.40615147e-02,2.20585719e-02,4.11694217e-02,1.08335212e-02
1.05000000e+03,7.27526154e-02,2.17489287e-02,4.03912549e-02,1.06124318e-02
1.06000000e+03,7.22133182e-02,2.21272735e-02,3.95903844e-02,1.04956603e-02
1.07000000e+03,7.06476921e-02,2.15208802e-02,3.88717380e-02,1.02550739e-02
1.08000000e+03,7.02287732e-02,2.19538571e-02,3.80295276e-02,1.02453886e-02
1.09000000e+03,6.88168333e-02,2.14367521e-02,3.74406471e-02,9.93943403e-03
1.10000000e+03,6.74871715e-02,2.09995924e-02,3.67858652e-02,9.70171390e-03
1.11000000e+03,6.60125276e-02,2.04088443e-02,3.60609922e-02,9.54269117e-03
1.12000000e+03,6.49984629e-02,2.02312238e-02,3.53719403e-02,9.39529882e-03
1.13000000e+03,6.42225852e-02,2.02508864e-02,3.47444711e-02,9.22722765e-03
1.14000000e+03,6.31263533e-02,1.99442150e-02,3.40967141e-02,9.08542422e-03
1.15000000e+03,6.20696095e-02,1.96779746e-02,3.34145703e-02,8.97706458e-03
1.16000000e+03,6.10562479e-02,1.94400256e-02,3.28084300e-02,8.80779229e-03
1.17000000e+03,6.02613551e-02,1.93755206e-02,3.22193973e-02,8.66643721e-03
1.18000000e+03,5.91277504e-02,1.89960967e-02,3.15833816e-02,8.54827213e-03
1.19000000e+03,5.82617006e-02,1.88501679e-02,3.09744519e-02,8.43708070e-03
1.20000000e+03,5.74511347e-02,1.87329881e-02,3.04094842e-02,8.30866243e-03
1.21000000e+03,5.69498424e-02,1.89085961e-02,2.98445234e-02,8.19672296e-03
1.22000000e+03,5.56204370e-02,1.82886732e-02,2.92870998e-02,8.04466401e-03
1.23000000e+03,5.47158887e-02,1.80575156e-02,2.87280312e-02,7.93034195e-03
1.24000000e+03,5.38760987e-02,1.78738093e-02,2.81754067e-02,7.82688268e-03
1.25000000e+03,5.35220694e-02,1.81287981e-02,2.76251331e-02,7.76813825e-03
1.26000000e+03,5.24309240e-02,1.76786347e-02,2.71276086e-02,7.62468071e-03
1.27000000e+03,5.19011631e-02,1.77462802e-02,2.66471880e-02,7.50769499e-03
1.28000000e+03,5.08440719e-02,1.73004938e-02,2.61025369e-02,7.44104123e-03
1.29000000e+03,5.03016338e-02,1.73494429e-02,2.56126180e-02,7.33957281e-03
1.30000000e+03,4.96739763e-02,1.72736474e-02,2.52015311e-02,7.19879777e-03
1.31000000e+03,4.87646044e-02,1.69611276e-02,2.46786602e-02,7.12481661e-03
1.32000000e+03,4.77399157e-02,1.65123598e-02,2.42048182e-02,7.02273767e-03
1.33000000e+03,4.69855845e-02,1.63076840e-02,2.37593280e-02,6.91857252e-03
1.34000000e+03,4.62578967e-02,1.61142287e-02,2.33130727e-02,6.83059529e-03
1.35000000e+03,4.56696656e-02,1.60470449e-02,2.28899102e-02,6.73271042e-03
1.36000000e+03,4.51998502e-02,1.60763441e-02,2.24914939e-02,6.63201215e-03
1.37000000e+03,4.46033609e-02,1.59701261e-02,2.20073986e-02,6.62583619e-03
1.38000000e+03,4.38007653e-02,1.56845759e-02,2.16412915e-02,6.47489801e-03
1.39000000e+03,4.29715623e-02,1.53494289e-02,2.12239138e-02,6.39821956e-03
1.40000000e+03,4.23604160e-02,1.52243698e-02,2.07941006e-02,6.34194560e-03
1.41000000e+03,4.17152637e-02,1.50533998e-02,2.04110874e-02,6.25077649e-03
1.42000000e+03,4.12640368e-02,1.50488510e-02,2.00498210e-02,6.16536493e-03
1.43000000e+03,4.05409496e-02,1.47786147e-02,1.96324912e-02,6.12984371e-03
1.44000000e+03,3.98811015e-02,1.45848773e-02,1.92711469e-02,6.02507726e-03
1.45000000e+03,3.94034671e-02,1.45297582e-02,1.89206808e-02,5.95302818e-03
1.46000000e+03,3.88009818e-02,1.43626520e-02,1.85719573e-02,5.86637252e-03
1.47000000e+03,3.82306596e-02,1.42244254e-02,1.82095421e-02,5.79669203e-03
1.48000000e+03,3.75673439e-02,1.39815897e-02,1.78610833e-02,5.72467095e-03
1.49000000e+03,3.71153559e-02,1.39343207e-02,1.75306945e-02,5.65034078e-03
1.50000000e+03,3.64761803e-02,1.36985289e-02,1.71866993e-02,5.59095207e-03
1.51000000e+03,3.64227754e-02,1.40011535e-02,1.69023402e-02,5.51928175e-03
1.52000000e+03,3.55822415e-02,1.35692927e-02,1.65431484e-02,5.46980037e-03
1.53000000e+03,3.49883448e-02,1.33551052e-02,1.62512649e-02,5.38197469e-03
1.54000000e+03,3.44018361e-02,1.31480645e-02,1.59335118e-02,5.32025982e-03
1.55000000e+03,3.39016156e-02,1.30139593e-02,1.56127589e-02,5.27489745e-03
1.56000000e+03,3.36573412e-02,1.30849389e-02,1.53172893e-02,5.25511299e-03
1.57000000e+03,3.29542652e-02,1.27651969e-02,1.50478971e-02,5.14117122e-03
1.58000000e+03,3.25449015e-02,1.26900216e-02,1.47621201e-02,5.09275985e-03
1.59000000e+03,3.21698270e-02,1.26525707e-02,1.45039049e-02,5.01335143e-03
1.60000000e+03,3.16042242e-02,1.24060336e-02,1.42193566e-02,4.97883401e-03
1.61000000e+03,3.10816610e-02,1.22213274e-02,1.39660159e-02,4.89431771e-03
1.62000000e+03,3.05924981e-02,1.20436645e-02,1.36920751e-02,4.85675845e-03
1.63000000e+03,3.01119871e-02,1.18766781e-02,1.34433357e-02,4.79197331e-03
1.64000000e+03,2.98888409e-02,1.19502296e-02,1.32026619e-02,4.73594941e-03
1.65000000e+03,2.96093014e-02,1.19527233e-02,1.29719714e-02,4.68460667e-03
1.66000000e+03,2.88873915e-02,1.15364998e-02,1.27114745e-02,4.63941717e-03
1.67000000e+03,2.85595830e-02,1.14894343e-02,1.24807297e-02,4.58941905e-03
1.68000000e+03,2.82454295e-02,1.14472082e-02,1.22496463e-02,4.54857502e-03
1.69000000e+03,2.76040881e-02,1.11062273e-02,1.20374984e-02,4.46036238e-03
1.70000000e+03,2.73681766e-02,1.11301234e-02,1.18332479e-02,4.40480527e-03
1.71000000e+03,2.69495375e-02,1.09715897e-02,1.16052195e-02,4.37272831e-03
1.72000000e+03,2.64619361e-02,1.07550337e-02,1.13897667e-02,4.31713574e-03
1.73000000e+03,2.60565180e-02,1.06035529e-02,1.11849583e-02,4.26800679e-03
1.74000000e+03,2.57656785e-02,1.05541005e-02,1.09738664e-02,4.23771159e-03
1.75000000e+03,2.56533439e-02,1.06633130e-02,1.07571698e-02,4.23286108e-03
1.76000000e+03,2.51415444e-02,1.04061443e-02,1.06301865e-02,4.10521367e-03
1.77000000e+03,2.48066980e-02,1.03028144e-02,1.04178823e-02,4.08600122e-03
1.78000000e+03,2.43049109e-02,1.00437741e-02,1.02143425e-02,4.04679427e-03
1.79000000e+03,2.39087528e-02,9.88021712e-03,1.00390446e-02,3.98949111e-03
1.80000000e+03,2.36330735e-02,9.82370897e-03,9.87023362e-03,3.93913092e-03
1.81000000e+03,2.33737365e-02,9.77122704e-03,9.69183187e-03,3.91067761e-03
1.82000000e+03,2.31305756e-02,9.74499370e-03,9.53782023e-03,3.84776167e-03
1.83000000e+03,2.28328738e-02,9.63772860e-03,9.35563607e-03,3.83950915e-03
1.84000000e+03,2.23719095e-02,9.39891904e-03,9.19708747e-03,3.77590299e-03
1.85000000e+03,2.21791324e-02,9.39102614e-03,9.03014080e-03,3.75796548e-03
1.86000000e+03,2.16465201e-02,9.07998274e-03,8.87614853e-03,3.69038888e-03
1.87000000e+03,2.14431413e-02,9.06218240e-03,8.73126730e-03,3.64969156e-03
1.88000000e+03,2.12716404e-02,9.07216248e-03,8.57698899e-03,3.62248897e-03
1.89000000e+03,2.08477989e-02,8.84687699e-03,8.43321061e-03,3.56771135e-03
1.90000000e+03,2.05828255e-02,8.75708915e-03,8.30040954e-03,3.52532679e-03
1.91000000e+03,2.02312978e-02,8.58565668e-03,8.15082904e-03,3.49481212e-03
1.92000000e+03,2.00742229e-02,8.58736784e-03,8.02364752e-03,3.46320749e-03
1.93000000e+03,1.98417990e-02,8.53320236e-03,7.88065969e-03,3.42793699e-03
1.94000000e+03,1.94654237e-02,8.33315443e-03,7.74658804e-03,3.38568123e-03
1.95000000e+03,1.91084648e-02,8.14647605e-03,7.61920564e-03,3.34278307e-03
1.96000000e+03,1.88968972e-02,8.09602834e-03,7.49496223e-03,3.30590659e-03
1.97000000e+03,1.86076308e-02,7.96525195e-03,7.36705743e-03,3.27532141e-03
1.98000000e+03,1.84268907e-02,7.92824237e-03,7.24721351e-03,3.25143478e-03
1.99000000e+03,1.81391353e-02,7.79972920e-03,7.12217388e-03,3.21723224e-03
2.00000000e+03,1.81100798e-02,7.90446113e-03,6.99666586e-03,3.20895278e-03
2.01000000e+03,1.78398273e-02,7.79058917e-03,6.91566189e-03,3.13357622e-03
2.02000000e+03,1.76376801e-02,7.72148418e-03,6.81269362e-03,3.10350229e-03
2.03000000e+03,1.72171687e-02,7.45842196e-03,6.68091204e-03,3.07783469e-03
2.04000000e+03,1.71276133e-02,7.49732848e-03,6.58455971e-03,3.04572511e-03
2.05000000e+03,1.67921053e-02,7.30054063e-03,6.48096655e-03,3.01059810e-03
2.06000000e+03,1.65605706e-02,7.20044096e-03,6.37730587e-03,2.98282372e-03
2.07000000e+03,1.64521618e-02,7.21563636e-03,6.28511906e-03,2.95140638e-03
2.08000000e+03,1.61392257e-02,7.03962314e-03,6.17989171e-03,2.91971090e-03
2.09000000e+03,1.60001081e-02,7.01853202e-03,6.08732412e-03,2.89425197e-03
2.10000000e+03,1.57629953e-02,6.90653872e-03,5.99500714e-03,2.86144945e-03
2.11000000e+03,1.55154857e-02,6.78057838e-03,5.90368008e-03,2.83122723e-03
2.12000000e+03,1.53242861e-02,6.70683961e-03,5.81481780e-03,2.80262867e-03
2.13000000e+03,1.52272948e-02,6.71976612e-03,5.73221036e-03,2.77531834e-03
2.14000000e+03,1.50343333e-02,6.63446725e-03,5.64755204e-03,2.75231398e-03
2.15000000e+03,1.49651832e-02,6.66611347e-03,5.57067253e-03,2.72839719e-03
2.16000000e+03,1.49747043e-02,6.76868815e-03,5.49870136e-03,2.70731483e-03
2.17000000e+03,1.44910110e-02,6.41033346e-03,5.40515863e-03,2.67551892e-03
2.18000000e+03,1.44840853e-02,6.49864295e-03,5.33517075e-03,2.65027164e-03
2.19000000e+03,1.41736766e-02,6.29336915e-03,5.25031531e-03,2.62999216e-03
2.20000000e+03,1.41174367e-02,6.33058005e-03,5.18392940e-03,2.60292722e-03
2.21000000e+03,1.38242333e-02,6.13952217e-03,5.11129214e-03,2.57341902e-03
2.22000000e+03,1.36190397e-02,6.03392090e-03,5.03929358e-03,2.54582519e-03
2.23000000e+03,1.37458625e-02,6.23405366e-03,4.97992924e-03,2.53187958e-03
2.24000000e+03,1.33743858e-02,5.96453566e-03,4.90614272e-03,2.50370741e-03
2.25000000e+03,1.34354005e-02,6.10153432e-03,4.85361484e-03,2.48025130e-03
2.26000000e+03,1.31617278e-02,5.92178093e-03,4.76693255e-03,2.47301431e-03
2.27000000e+03,1.28912263e-02,5.74290359e-03,4.71473713e-03,2.43358561e-03
2.28000000e+03,1.27339178e-02,5.67187103e-03,4.64858775e-03,2.41345897e-03
2.29000000e+03,1.26055662e-02,5.62451936e-03,4.58699682e-03,2.39405001e-03
2.30000000e+03,1.28697446e-02,5.93515116e-03,4.53829505e-03,2.39629839e-03
2.31000000e+03,1.23676633e-02,5.54195122e-03,4.47503173e-03,2.35068030e-03
2.32000000e+03,1.22734055e-02,5.52211984e-03,4.41917884e-03,2.33210680e-03
2.33000000e+03,1.21284102e-02,5.45317557e-03,4.36266529e-03,2.31256936e-03
2.34000000e+03,1.19894574e-02,5.38752957e-03,4.30830725e-03,2.29362057e-03
2.35000000e+03,1.18859761e-02,5.35551624e-03,4.25557945e-03,2.27488046e-03
2.36000000e+03,1.19387107e-02,5.46844350e-03,4.20755827e-03,2.26270889e-03
2.37000000e+03,1.16498911e-02,5.26009701e-03,4.15587595e-03,2.23391814e-03
2.38000000e+03,1.15494179e-02,5.22736266e-03,4.10531962e-03,2.21673566e-03
2.39000000e+03,1.14277686e-02,5.17453057e-03,4.05671202e-03,2.19652601e-03
2.40000000e+03,1.13330011e-02,5.14113845e-03,4.01709260e-03,2.17477006e-03
2.41000000e+03,1.12517924e-02,5.11750694e-03,3.96689843e-03,2.16738708e-03
2.42000000e+03,1.11302133e-02,5.06825271e-03,3.92196869e-03,2.13999191e-03
2.43000000e+03,1.10906836e-02,5.08349724e-03,3.87359031e-03,2.13359604e-03
2.44000000e+03,1.08589362e-02,4.92207699e-03,3.82669764e-03,2.11016159e-03
2.45000000e+03,1.08432722e-02,4.96221462e-03,3.78354812e-03,2.09750944e-03
2.46000000e+03,1.06758654e-02,4.85408398e-03,3.74520749e-03,2.07657394e-03
2.47000000e+03,1.05175791e-02,4.76061379e-03,3.69946162e-03,2.05750372e-03
2.48000000e+03,1.05791244e-02,4.86666546e-03,3.66406646e-03,2.04839247e-03
2.49000000e+03,1.03733552e-02,4.72262906e-03,3.62128438e-03,2.02944179e-03
2.50000000e+03,1.03779095e-02,4.77999126e-03,3.58648465e-03,2.01143362e-03
2.51000000e+03,1.01480371e-02,4.61092446e-03,3.54340769e-03,1.99370491e-03
2.52000000e+03,1.00527144e-02,4.56670924e-03,3.50513525e-03,1.98086996e-03
2.53000000e+03,9.95174340e-03,4.52169101e-03,3.46663897e-03,1.96341343e-03
2.54000000e+03,1.00896843e-02,4.69858011e-03,3.42942325e-03,1.96168092e-03
2.55000000e+03,1.00193638e-02,4.66682973e-03,3.40951430e-03,1.94301981e-03
2.56000000e+03,9.85753600e-03,4.56447647e-03,3.36775191e-03,1.92530762e-03
2.57000000e+03,9.63994790e-03,4.40677937e-03,3.32934273e-03,1.90382580e-03
2.58000000e+03,9.55438678e-03,4.36933374e-03,3.29245460e-03,1.89259844e-03
2.59000000e+03,9.45532209e-03,4.31844499e-03,3.25995958e-03,1.87691752e-03
2.60000000e+03,9.46647993e-03,4.37080475e-03,3.23050819e-03,1.86516700e-03
2.61000000e+03,9.32553937e-03,4.27773306e-03,3.19634152e-03,1.85146479e-03
2.62000000e+03,9.57146512e-03,4.54868503e-03,3.17504332e-03,1.84773677e-03
2.63000000e+03,9.33815419e-03,4.36532842e-03,3.13951191e-03,1.83331386e-03
2.64000000e+03,9.12216433e-03,4.20461184e-03,3.10858576e-03,1.80896674e-03
2.65000000e+03,9.07204681e-03,4.19611787e-03,3.07610433e-03,1.79982461e-03
2.66000000e+03,8.99449532e-03,4.15658695e-03,3.04913883e-03,1.78876953e-03
2.67000000e+03,8.98122757e-03,4.18598446e-03,3.02421689e-03,1.77102622e-03
2.68000000e+03,8.94193506e-03,4.18439482e-03,2.99619245e-03,1.76134779e-03
2.69000000e+03,8.77640913e-03,4.06857697e-03,2.95909265e-03,1.74873951e-03
2.70000000e+03,8.69476446e-03,4.02624545e-03,2.93827783e-03,1.73024118e-03
2.71000000e+03,8.57448395e-03,3.94913520e-03,2.90465366e-03,1.72069508e-03
2.72000000e+03,8.57282732e-03,3.97892037e-03,2.88112247e-03,1.71278448e-03
2.73000000e+03,8.45858094e-03,3.91038365e-03,2.85072212e-03,1.69747517e-03
2.74000000e+03,8.40595356e-03,3.89284035e-03,2.82672476e-03,1.68638845e-03
2.75000000e+03,8.38920789e-03,3.90991987e-03,2.80226421e-03,1.67702380e-03
2.76000000e+03,8.49176515e-03,4.03189372e-03,2.78337291e-03,1.67649853e-03
2.77000000e+03,8.24421476e-03,3.83904538e-03,2.75392656e-03,1.65124281e-03
2.78000000e+03,8.20926530e-03,3.83259529e-03,2.73175820e-03,1.64491180e-03
2.79000000e+03,8.11596483e-03,3.78036356e-03,2.70706428e-03,1.62853698e-03
2.80000000e+03,8.00368218e-03,3.70741418e-03,2.67880909e-03,1.61745891e-03
2.81000000e+03,7.96028686e-03,3.69905239e-03,2.65650009e-03,1.60473437e-03
2.82000000e+03,7.85003225e-03,3.62485512e-03,2.63273602e-03,1.59244111e-03
2.83000000e+03,7.85917678e-03,3.66402862e-03,2.61004097e-03,1.58510719e-03
2.84000000e+03,7.77567067e-03,3.61357866e-03,2.59015818e-03,1.57193382e-03
2.85000000e+03,7.76600801e-03,3.63110909e-03,2.56693892e-03,1.56796000e-03
2.86000000e+03,7.67663755e-03,3.57389062e-03,2.54636844e-03,1.55637849e-03
2.87000000e+03,7.68466383e-03,3.60994224e-03,2.52869933e-03,1.54602227e-03
2.88000000e+03,7.62486167e-03,3.58433364e-03,2.50761957e-03,1.53290846e-03
2.89000000e+03,7.55013367e-03,3.54106228e-03,2.48691129e-03,1.52216009e-03
2.90000000e+03,7.43017443e-03,3.45558471e-03,2.46329676e-03,1.51129297e-03
2.91000000e+03,7.34788153e-03,3.40695459e-03,2.44036314e-03,1.50056381e-03
2.92000000e+03,7.30887236e-03,3.39717350e-03,2.41956667e-03,1.49213219e-03
2.93000000e+03,7.27415804e-03,3.39007039e-03,2.40217783e-03,1.48190981e-03
2.94000000e+03,7.19662348e-03,3.34141525e-03,2.38335616e-03,1.47185206e-03
2.95000000e+03,7.24160864e-03,3.40751973e-03,2.36787137e-03,1.46621755e-03
2.96000000e+03,7.14947411e-03,3.34885024e-03,2.34621726e-03,1.45440660e-03
2.97000000e+03,7.18951771e-03,3.40561075e-03,2.32856452e-03,1.45534243e-03
2.98000000e+03,7.10558572e-03,3.35371907e-03,2.31147429e-03,1.44039235e-03
2.99000000e+03,7.02829716e-03,3.30780182e-03,2.29201602e-03,1.42847931e-03
3.00000000e+03,6.91623241e-03,3.22636146e-03,2.27183524e-03,1.41803570e-03
3.01000000e+03,6.98544077e-03,3.31269602e-03,2.25977323e-03,1.41297152e-03
3.02000000e+03,6.88226933e-03,3.24021301e-03,2.23677249e-03,1.40528383e-03
3.03000000e+03,6.88785475e-03,3.27051408e-03,2.22104563e-03,1.39629504e-03
3.04000000e+03,6.74784664e-03,3.16221734e-03,2.20193560e-03,1.38369370e-03
3.05000000e+03,6.70176045e-03,3.14182665e-03,2.18276136e-03,1.37717245e-03
3.06000000e+03,6.64309545e-03,3.10959286e-03,2.16902857e-03,1.36447402e-03
3.07000000e+03,6.58025527e-03,3.07199185e-03,2.15200904e-03,1.35625438e-03
3.08000000e+03,6.70778431e-03,3.21665184e-03,2.13798166e-03,1.35315081e-03
3.09000000e+03,6.83026772e-03,3.34648922e-03,2.12923060e-03,1.35454790e-03
3.10000000e+03,6.55044160e-03,3.10588614e-03,2.10778576e-03,1.33676969e-03
3.11000000e+03,6.42639955e-03,3.01262622e-03,2.08747248e-03,1.32630085e-03
3.12000000e+03,6.49687666e-03,3.10004656e-03,2.06950040e-03,1.32732971e-03
3.13000000e+03,6.42504416e-03,3.05249099e-03,2.06157544e-03,1.31097773e-03
3.14000000e+03,6.30731636e-03,2.95916985e-03,2.04521538e-03,1.30293113e-03
3.15000000e+03,6.29018278e-03,2.96481194e-03,2.02983695e-03,1.29553389e-03
3.16000000e+03,6.21943176e-03,2.91981293e-03,2.01403421e-03,1.28558462e-03
3.17000000e+03,6.17857199e-03,2.90034448e-03,1.99986099e-03,1.27836652e-03
3.18000000e+03,6.12007072e-03,2.86583942e-03,1.98480600e-03,1.26942529e-03
3.19000000e+03,6.19614607e-03,2.95291281e-03,1.97526855e-03,1.26796470e-03
3.20000000e+03,6.20717416e-03,2.98086431e-03,1.96406383e-03,1.26224601e-03
3.21000000e+03,6.08568437e-03,2.89000429e-03,1.94679069e-03,1.24888938e-03
3.22000000e+03,6.01701192e-03,2.84481394e-03,1.93140259e-03,1.24079539e-03
3.23000000e+03,6.04864657e-03,2.89400819e-03,1.91832612e-03,1.23631225e-03
3.24000000e+03,6.03781848e-03,2.89811016e-03,1.90656852e-03,1.23313981e-03
3.25000000e+03,5.93905561e-03,2.82283508e-03,1.89263609e-03,1.22358443e-03
3.26000000e+03,5.81391763e-03,2.72638402e-03,1.87476344e-03,1.21277017e-03
3.27000000e+03,5.77750952e-03,2.71017961e-03,1.86160196e-03,1.20572795e-03
3.28000000e+03,5.74122614e-03,2.69307856e-03,1.84932423e-03,1.19882335e-03
3.29000000e+03,5.70774578e-03,2.67934317e-03,1.83579102e-03,1.19261160e-03
3.30000000e+03,5.72444550e-03,2.71165648e-03,1.82422522e-03,1.18856380e-03
3.31000000e+03,5.68608670e-03,2.69278136e-03,1.81322512e-03,1.18008022e-03
3.32000000e+03,5.67202780e-03,2.69608120e-03,1.80150414e-03,1.17444246e-03
3.33000000e+03,5.58899903e-03,2.63568774e-03,1.78774773e-03,1.16556355e-03
3.34000000e+03,5.68846359e-03,2.74537092e-03,1.78014526e-03,1.16294741e-03
3.35000000e+03,5.68835600e-03,2.76032352e-03,1.77017958e-03,1.15785290e-03
3.36000000e+03,5.51092165e-03,2.61118231e-03,1.75149919e-03,1.14824016e-03
3.37000000e+03,5.47341450e-03,2.59115305e-03,1.74192292e-03,1.14033853e-03
3.38000000e+03,5.62199211e-03,2.74257196e-03,1.73233798e-03,1.14708217e-03
3.39000000e+03,5.67961848e-03,2.81583017e-03,1.72631980e-03,1.13746852e-03
3.40000000e+03,5.34949806e-03,2.52011804e-03,1.70728747e-03,1.12209255e-03
3.41000000e+03,5.33326052e-03,2.52201275e-03,1.69464366e-03,1.11660411e-03
3.42000000e+03,5.42199266e-03,2.61413740e-03,1.68614646e-03,1.12170880e-03
3.43000000e+03,5.28219446e-03,2.50441560e-03,1.67535652e-03,1.10242233e-03
3.44000000e+03,5.28453435e-03,2.51854432e-03,1.66468378e-03,1.10130625e-03
3.45000000e+03,5.31563613e-03,2.56348809e-03,1.65585497e-03,1.09629307e-03
3.46000000e+03,5.19142711e-03,2.46269778e-03,1.64168273e-03,1.08704660e-03
3.47000000e+03,5.22297924e-03,2.50387729e-03,1.63366119e-03,1.08544076e-03
3.48000000e+03,5.21989271e-03,2.51760725e-03,1.62213442e-03,1.08015104e-03
3.49000000e+03,5.07714131e-03,2.39667955e-03,1.61160823e-03,1.06885353e-03
3.50000000e+03,5.04565848e-03,2.38166890e-03,1.60078609e-03,1.06320348e-03
3.51000000e+03,5.01509894e-03,2.36761238e-03,1.58962836e-03,1.05785820e-03
3.52000000e+03,4.98312184e-03,2.35106584e-03,1.57991782e-03,1.05213818e-03
3.53000000e+03,4.98028427e-03,2.36224924e-03,1.57030401e-03,1.04773102e-03
3.54000000e+03,4.93249004e-03,2.33113693e-03,1.56028912e-03,1.04106400e-03
3.55000000e+03,5.04986979e-03,2.45303604e-03,1.55477153e-03,1.04206222e-03
3.56000000e+03,4.92295706e-03,2.34618268e-03,1.54561383e-03,1.03116056e-03
3.57000000e+03,4.96485124e-03,2.40210694e-03,1.53597417e-03,1.02677013e-03
3.58000000e+03,4.87864506e-03,2.33302590e-03,1.52243703e-03,1.02318213e-03
3.59000000e+03,4.87320405e-03,2.34056310e-03,1.51539381e-03,1.01724714e-03
3.60000000e+03,4.83606792e-03,2.31840982e-03,1.50591931e-03,1.01173879e-03
3.61000000e+03,4.74686674e-03,2.24707847e-03,1.49505232e-03,1.00473595e-03
3.62000000e+03,4.71654503e-03,2.23101064e-03,1.48625640e-03,9.99277996e-04
3.63000000e+03,4.69426250e-03,2.22212300e-03,1.47782651e-03,9.94312989e-04
3.64000000e+03,4.69396024e-03,2.23298445e-03,1.47050773e-03,9.90468060e-04
3.65000000e+03,4.70010253e-03,2.25112471e-03,1.46229071e-03,9.86687109e-04
3.66000000e+03,4.64155706e-03,2.20989641e-03,1.45057869e-03,9.81081957e-04
3.67000000e+03,4.66001238e-03,2.24031555e-03,1.44287965e-03,9.76817176e-04
3.68000000e+03,4.79490328e-03,2.37778787e-03,1.43756459e-03,9.79550822e-04
3.69000000e+03,4.61362755e-03,2.21679577e-03,1.42567413e-03,9.71157654e-04
3.70000000e+03,4.58206563e-03,2.20129852e-03,1.41828883e-03,9.62478282e-04
3.71000000e+03,4.51532551e-03,2.15012056e-03,1.41015716e-03,9.55047796e-04
3.72000000e+03,4.46918080e-03,2.11814737e-03,1.39966044e-03,9.51372979e-04
3.73000000e+03,4.45408168e-03,2.11599220e-03,1.39102145e-03,9.47068019e-04
3.74000000e+03,4.50730409e-03,2.17720518e-03,1.38321801e-03,9.46880902e-04
3.75000000e+03,4.53121103e-03,2.20736930e-03,1.37643391e-03,9.47407821e-04
3.76000000e+03,4.39768612e-03,2.09538623e-03,1.36963823e-03,9.32661655e-04
3.77000000e+03,4.41103174e-03,2.11828858e-03,1.36285992e-03,9.29883234e-04
3.78000000e+03,4.37070038e-03,2.09016046e-03,1.35572403e-03,9.24815897e-04
3.79000000e+03,4.43387872e-03,2.16048134e-03,1.35055157e-03,9.22845812e-04
3.80000000e+03,4.37667698e-03,2.11925222e-03,1.33876581e-03,9.18658946e-04
3.81000000e+03,4.29848615e-03,2.05609788e-03,1.33191418e-03,9.10474098e-04
3.82000000e+03,4.29162104e-03,2.06012002e-03,1.32410387e-03,9.07397141e-04
3.83000000e+03,4.32334357e-03,2.09906505e-03,1.31789067e-03,9.06387845e-04
3.84000000e+03,4.22970696e-03,2.02298796e-03,1.30735427e-03,8.99364729e-04
3.85000000e+03,4.21564214e-03,2.01959795e-03,1.30085404e-03,8.95190144e-04
3.86000000e+03,4.15835768e-03,1.97640596e-03,1.29275800e-03,8.89193722e-04
3.87000000e+03,4.13943683e-03,1.96863069e-03,1.28545642e-03,8.85349723e-04
3.88000000e+03,4.11997709e-03,1.96042640e-03,1.27793665e-03,8.81614050e-04
3.89000000e+03,4.13233937e-03,1.98179721e-03,1.27106597e-03,8.79476192e-04
3.90000000e+03,4.13006023e-03,1.99013521e-03,1.26615206e-03,8.73772959e-04
3.91000000e+03,4.17620202e-03,2.04248805e-03,1.25895942e-03,8.74754555e-04
3.92000000e+03,4.17041640e-03,2.04673756e-03,1.25332509e-03,8.70353749e-04
3.93000000e+03,4.14410930e-03,2.03135444e-03,1.24553350e-03,8.67221363e-04
3.94000000e+03,4.08439843e-03,1.98395060e-03,1.24076200e-03,8.59685832e-04
3.95000000e+03,4.01756098e-03,1.93059219e-03,1.23236877e-03,8.54600019e-04
3.96000000e+03,3.96662900e-03,1.89295106e-03,1.22523654e-03,8.48441399e-04
3.97000000e+03,3.94418443e-03,1.88105401e-03,1.21775790e-03,8.45372514e-04
3.98000000e+03,4.01441269e-03,1.95493130e-03,1.21444590e-03,8.45035486e-04
3.99000000e+03,3.93958708e-03,1.89592535e-03,1.20416227e-03,8.39499450e-04
4.00000000e+03,3.98924384e-03,1.95159206e-03,1.19972904e-03,8.37922745e-04
4.01000000e+03,3.91971613e-03,1.89385527e-03,1.19255280e-03,8.33308058e-04
4.02000000e+03,3.88755480e-03,1.87287470e-03,1.18635903e-03,8.28321063e-04
4.03000000e+03,3.90181249e-03,1.89598718e-03,1.18137315e-03,8.24452162e-04
4.04000000e+03,3.83743315e-03,1.84333299e-03,1.17301029e-03,8.21089877e-04
4.05000000e+03,3.83890198e-03,1.85381093e-03,1.16637828e-03,8.18712765e-04
4.06000000e+03,3.82561847e-03,1.84986606e-03,1.16172645e-03,8.14025958e-04
4.07000000e+03,3.78087399e-03,1.81556149e-03,1.15655778e-03,8.08754719e-04
4.08000000e+03,3.82220683e-03,1.86270308e-03,1.15136990e-03,8.08133854e-04
4.09000000e+03,3.78473571e-03,1.83548689e-03,1.14528865e-03,8.03960173e-04
4.10000000e+03,3.72324110e-03,1.78611509e-03,1.13759601e-03,7.99529999e-04
4.11000000e+03,3.75778078e-03,1.82804604e-03,1.13145939e-03,7.98275348e-04
4.12000000e+03,3.66919175e-03,1.75236086e-03,1.12579335e-03,7.91037528e-04
4.13000000e+03,3.65159046e-03,1.74439005e-03,1.11989329e-03,7.87307112e-04
4.14000000e+03,3.63196705e-03,1.73399966e-03,1.11363968e-03,7.84327708e-04
4.15000000e+03,3.71573118e-03,1.81988999e-03,1.11154612e-03,7.84295080e-04
4.16000000e+03,3.72443146e-03,1.83345547e-03,1.10744073e-03,7.83535259e-04
4.17000000e+03,3.62405037e-03,1.74980104e-03,1.09896570e-03,7.75283626e-04
4.18000000e+03,3.57109899e-03,1.70774765e-03,1.09252081e-03,7.70830533e-04
4.19000000e+03,3.57719625e-03,1.72205606e-03,1.08608516e-03,7.69055031e-04
4.20000000e+03,3.60839830e-03,1.75868077e-03,1.08192228e-03,7.67795258e-04
4.21000000e+03,3.63570070e-03,1.79134323e-03,1.07902419e-03,7.65333284e-04
4.22000000e+03,3.55473246e-03,1.72337306e-03,1.07118500e-03,7.60174403e-04
4.23000000e+03,3.56802476e-03,1.74153178e-03,1.06836739e-03,7.58125586e-04
4.24000000e+03,3.48554791e-03,1.67348557e-03,1.05994924e-03,7.52113094e-04
4.25000000e+03,3.47700669e-03,1.67294731e-03,1.05430867e-03,7.49750706e-04
4.26000000e+03,3.45592970e-03,1.66090651e-03,1.04911977e-03,7.45903426e-04
4.27000000e+03,3.42746092e-03,1.64062830e-03,1.04399359e-03,7.42839019e-04
4.28000000e+03,3.43330964e-03,1.65372322e-03,1.03824759e-03,7.41338820e-04
4.29000000e+03,3.46320223e-03,1.68821893e-03,1.03282042e-03,7.42162882e-04
4.30000000e+03,3.42785240e-03,1.66216064e-03,1.03024677e-03,7.35444989e-04
4.31000000e+03,3.42001403e-03,1.66036062e-03,1.02493938e-03,7.34714039e-04
4.32000000e+03,3.43792780e-03,1.68699422e-03,1.02083270e-03,7.30100881e-04
4.33000000e+03,3.40366858e-03,1.66082333e-03,1.01664281e-03,7.26202449e-04
4.34000000e+03,3.33537267e-03,1.60427967e-03,1.00934480e-03,7.21748202e-04
4.35000000e+03,3.40273975e-03,1.67376723e-03,1.00856362e-03,7.20408895e-04
4.36000000e+03,3.30093772e-03,1.58532305e-03,9.98794097e-04,7.16820570e-04
4.37000000e+03,3.28049902e-03,1.57310545e-03,9.94274530e-04,7.13119046e-04
4.38000000e+03,3.27395444e-03,1.57351757e-03,9.89921963e-04,7.10514908e-04
4.39000000e+03,3.31082780e-03,1.61438608e-03,9.86105100e-04,7.10336621e-04
4.40000000e+03,3.25241985e-03,1.56527953e-03,9.81413759e-04,7.05726563e-04
4.41000000e+03,3.33549227e-03,1.65140448e-03,9.77130439e-04,7.06957346e-04
4.42000000e+03,3.25880317e-03,1.58548341e-03,9.72873543e-04,7.00446226e-04
4.43000000e+03,3.20192877e-03,1.53818076e-03,9.67294777e-04,6.96453229e-04
4.44000000e+03,3.19494009e-03,1.53817541e-03,9.62812062e-04,6.93952618e-04
4.45000000e+03,3.17076469e-03,1.52215025e-03,9.57788571e-04,6.90825871e-04
4.46000000e+03,3.23910469e-03,1.59314756e-03,9.55217252e-04,6.90739886e-04
4.47000000e+03,3.18111881e-03,1.54447100e-03,9.49994109e-04,6.86653702e-04
4.48000000e+03,3.12798335e-03,1.50098718e-03,9.44709034e-04,6.82287135e-04
4.49000000e+03,3.12205049e-03,1.50132111e-03,9.40130992e-04,6.80598388e-04
4.50000000e+03,3.19023336e-03,1.57135434e-03,9.36729115e-04,6.82149903e-04
4.51000000e+03,3.16144973e-03,1.54946395e-03,9.34918395e-04,6.77067394e-04
4.52000000e+03,3.10478535e-03,1.50308932e-03,9.28883169e-04,6.72812863e-04
4.53000000e+03,3.07026270e-03,1.47658436e-03,9.23884952e-04,6.69793384e-04
4.54000000e+03,3.05064165e-03,1.46467406e-03,9.18744832e-04,6.67222764e-04
4.55000000e+03,3.03826206e-03,1.45900973e-03,9.14940058e-04,6.64312272e-04
4.56000000e+03,3.12682777e-03,1.54680881e-03,9.12304388e-04,6.67714571e-04
4.57000000e+03,3.03551952e-03,1.46767100e-03,9.08137894e-04,6.59710620e-04
4.58000000e+03,3.09825897e-03,1.53371798e-03,9.04195906e-04,6.60345085e-04
4.59000000e+03,3.02124501e-03,1.46584193e-03,9.01294798e-04,6.54108285e-04
4.60000000e+03,3.00751249e-03,1.45893904e-03,8.95930572e-04,6.52642873e-04
4.61000000e+03,2.98317142e-03,1.44193655e-03,8.90765825e-04,6.50469046e-04
4.62000000e+03,2.98682756e-03,1.45062945e-03,8.87463553e-04,6.48734563e-04
4.63000000e+03,3.00763290e-03,1.47527058e-03,8.83727150e-04,6.48635178e-04
4.64000000e+03,2.93693475e-03,1.41527050e-03,8.79636825e-04,6.42027428e-04
4.65000000e+03,2.92100208e-03,1.40598380e-03,8.75210710e-04,6.39807575e-04
4.66000000e+03,2.90449554e-03,1.39555674e-03,8.71473427e-04,6.37465369e-04
4.67000000e+03,2.89021510e-03,1.38800591e-03,8.67242266e-04,6.34966926e-04
4.68000000e+03,2.90255762e-03,1.40489203e-03,8.64232662e-04,6.33432929e-04
4.69000000e+03,2.88152771e-03,1.39031933e-03,8.60557742e-04,6.30650637e-04
4.70000000e+03,2.90926608e-03,1.42040916e-03,8.58664641e-04,6.30192281e-04
4.71000000e+03,2.91966392e-03,1.43363214e-03,8.56106295e-04,6.29925489e-04
4.72000000e+03,2.86558143e-03,1.39148641e-03,8.49000177e-04,6.25094844e-04
4.73000000e+03,2.93021212e-03,1.45510263e-03,8.47122146e-04,6.27987346e-04
4.74000000e+03,2.84559382e-03,1.38301295e-03,8.42476518e-04,6.20104349e-04
4.75000000e+03,2.82047003e-03,1.36454657e-03,8.38452457e-04,6.17471001e-04
4.76000000e+03,2.81509602e-03,1.36551909e-03,8.35437610e-04,6.14139327e-04
4.77000000e+03,2.77875722e-03,1.33548421e-03,8.30989574e-04,6.12283443e-04
4.78000000e+03,2.76506961e-03,1.32803400e-03,8.26832355e-04,6.10203258e-04
4.79000000e+03,2.75569333e-03,1.32444446e-03,8.23660145e-04,6.07588718e-04
4.80000000e+03,2.77553934e-03,1.34785217e-03,8.20704967e-04,6.06982203e-04
4.81000000e+03,2.75066450e-03,1.32952682e-03,8.16798957e-04,6.04338730e-04
4.82000000e+03,2.75184844e-03,1.33579656e-03,8.13137599e-04,6.02914273e-04
4.83000000e+03,2.72096992e-03,1.31117619e-03,8.10045270e-04,5.99748456e-04
4.84000000e+03,2.72756101e-03,1.32256310e-03,8.06764192e-04,5.98233718e-04
4.85000000e+03,2.69588856e-03,1.29759920e-03,8.03043353e-04,5.95246001e-04
4.86000000e+03,2.72258659e-03,1.32734028e-03,8.00488281e-04,5.94758024e-04
4.87000000e+03,2.73256105e-03,1.34196093e-03,7.98250381e-04,5.92349740e-04
4.88000000e+03,2.68238268e-03,1.29945017e-03,7.93475907e-04,5.89456601e-04
4.89000000e+03,2.70588888e-03,1.32630150e-03,7.90752388e-04,5.88834992e-04
4.90000000e+03,2.67774832e-03,1.30393614e-03,7.87778571e-04,5.86033607e-04
4.91000000e+03,2.65856973e-03,1.29108956e-03,7.82757557e-04,5.84722620e-04
4.92000000e+03,2.68635738e-03,1.32181719e-03,7.80548035e-04,5.83992152e-04
4.93000000e+03,2.67989297e-03,1.32010731e-03,7.78793084e-04,5.80992574e-04
4.94000000e+03,2.66696025e-03,1.31317413e-03,7.74900170e-04,5.78885950e-04
4.95000000e+03,2.64827361e-03,1.29901501e-03,7.72752101e-04,5.76506498e-04
4.96000000e+03,2.63400284e-03,1.29004838e-03,7.69015592e-04,5.74938866e-04
4.97000000e+03,2.58052218e-03,1.24488517e-03,7.64911615e-04,5.70725394e-04
4.98000000e+03,2.57088931e-03,1.23999913e-03,7.61713911e-04,5.69176265e-04
4.99000000e+03,2.55449473e-03,1.22948856e-03,7.58226622e-04,5.66779547e-04
5.00000000e+03,2.55200706e-03,1.23151442e-03,7.55175624e-04,5.65317020e-04
5.01000000e+03,2.56345412e-03,1.24701028e-03,7.51871806e-04,5.64572038e-04
5.02000000e+03,2.53549979e-03,1.22464764e-03,7.49374002e-04,5.61478147e-04
5.03000000e+03,2.52739628e-03,1.22100961e-03,7.47023344e-04,5.59363328e-04
5.04000000e+03,2.55835013e-03,1.25344233e-03,7.46221204e-04,5.58686595e-04
5.05000000e+03,2.54619763e-03,1.24645398e-03,7.41279309e-04,5.58464349e-04
5.06000000e+03,2.49672144e-03,1.20500292e-03,7.37413214e-04,5.54305305e-04
5.07000000e+03,2.51869739e-03,1.22942824e-03,7.35397567e-04,5.53871580e-04
5.08000000e+03,2.50245814e-03,1.21903069e-03,7.32366910e-04,5.51060548e-04
5.09000000e+03,2.52364764e-03,1.24292092e-03,7.30317681e-04,5.50409038e-04
5.10000000e+03,2.51412593e-03,1.23782668e-03,7.26822148e-04,5.49477103e-04
5.11000000e+03,2.45880430e-03,1.18955396e-03,7.24274392e-04,5.44975952e-04
5.12000000e+03,2.44488171e-03,1.18117869e-03,7.20542925e-04,5.43160091e-04
5.13000000e+03,2.44626503e-03,1.18596653e-03,7.18485673e-04,5.41812824e-04
5.14000000e+03,2.44085997e-03,1.18585079e-03,7.14843116e-04,5.40166066e-04
5.15000000e+03,2.41196603e-03,1.16246977e-03,7.12036603e-04,5.37459655e-04
5.16000000e+03,2.42460636e-03,1.17768520e-03,7.09881810e-04,5.37039350e-04
5.17000000e+03,2.47251242e-03,1.22602266e-03,7.06818969e-04,5.39670785e-04
5.18000000e+03,2.47610356e-03,1.23053151e-03,7.07923899e-04,5.37648146e-04
5.19000000e+03,2.40791669e-03,1.17498674e-03,7.01912293e-04,5.31017657e-04
5.20000000e+03,2.40028664e-03,1.16991483e-03,6.99645182e-04,5.30726636e-04
5.21000000e+03,2.36388487e-03,1.14103021e-03,6.95839674e-04,5.27014986e-04
5.22000000e+03,2.38743804e-03,1.16651716e-03,6.93244844e-04,5.27676034e-04
5.23000000e+03,2.39214002e-03,1.17489561e-03,6.91925461e-04,5.25318945e-04
5.24000000e+03,2.35863594e-03,1.14745120e-03,6.88138379e-04,5.23046358e-04
5.25000000e+03,2.38180878e-03,1.17291446e-03,6.86441884e-04,5.22452436e-04
5.26000000e+03,2.33450626e-03,1.13248289e-03,6.82578508e-04,5.19444862e-04
5.27000000e+03,2.32461655e-03,1.12663426e-03,6.80735575e-04,5.17246719e-04
5.28000000e+03,2.34808646e-03,1.15309635e-03,6.78591330e-04,5.16398783e-04
5.29000000e+03,2.30053924e-03,1.11128281e-03,6.75063208e-04,5.14193215e-04
5.30000000e+03,2.29448076e-03,1.10947517e-03,6.72305163e-04,5.12700426e-04
5.31000000e+03,2.29973997e-03,1.11796528e-03,6.69615937e-04,5.12158753e-04
5.32000000e+03,2.28226331e-03,1.10509690e-03,6.67559833e-04,5.09606573e-04
5.33000000e+03,2.32479977e-03,1.14940096e-03,6.64678226e-04,5.10720592e-04
5.34000000e+03,2.27043815e-03,1.10126551e-03,6.63351262e-04,5.05821375e-04
5.35000000e+03,2.28756131e-03,1.12089077e-03,6.61115479e-04,5.05555062e-04
5.36000000e+03,2.34671716e-03,1.17802958e-03,6.61252358e-04,5.07435227e-04
5.37000000e+03,2.27724762e-03,1.11790247e-03,6.55978793e-04,5.03366352e-04
5.38000000e+03,2.23236677e-03,1.07915699e-03,6.53198548e-04,5.00011233e-04
5.39000000e+03,2.24459361e-03,1.09474976e-03,6.50883815e-04,4.98960033e-04
5.40000000e+03,2.21923238e-03,1.07422898e-03,6.48189518e-04,4.96813878e-04
5.41000000e+03,2.24084075e-03,1.09788607e-03,6.46228889e-04,4.96725795e-04
5.42000000e+03,2.21327260e-03,1.07526525e-03,6.44024166e-04,4.93983189e-04
5.43000000e+03,2.19980013e-03,1.06636987e-03,6.40992064e-04,4.92438196e-04
5.44000000e+03,2.18484089e-03,1.05539001e-03,6.38826512e-04,4.90624374e-04
5.45000000e+03,2.18980316e-03,1.06390091e-03,6.36350217e-04,4.89552032e-04
5.46000000e+03,2.20654210e-03,1.08293968e-03,6.34593598e-04,4.89008827e-04
5.47000000e+03,2.19014258e-03,1.07037136e-03,6.31884538e-04,4.87886680e-04
5.48000000e+03,2.18230387e-03,1.06591074e-03,6.31020172e-04,4.85372960e-04
5.49000000e+03,2.15636517e-03,1.04551389e-03,6.27169207e-04,4.83682070e-04
5.50000000e+03,2.19620845e-03,1.08655545e-03,6.25294559e-04,4.84358441e-04
5.51000000e+03,2.16793971e-03,1.06255994e-03,6.23382520e-04,4.81997254e-04
5.52000000e+03,2.15064525e-03,1.04960235e-03,6.20942736e-04,4.80100165e-04
5.53000000e+03,2.12672458e-03,1.03023999e-03,6.18391859e-04,4.78092735e-04
5.54000000e+03,2.15698214e-03,1.06221415e-03,6.15853805e-04,4.78914185e-04
5.55000000e+03,2.12869398e-03,1.03850480e-03,6.14881259e-04,4.75307917e-04
5.56000000e+03,2.10487399e-03,1.01897663e-03,6.12383377e-04,4.73513985e-04
5.57000000e+03,2.09550131e-03,1.01360239e-03,6.09910033e-04,4.71988886e-04
5.58000000e+03,2.11500857e-03,1.03487735e-03,6.09054348e-04,4.71076874e-04
5.59000000e+03,2.08308097e-03,1.00817694e-03,6.05483043e-04,4.69420983e-04
5.60000000e+03,2.08414465e-03,1.01190975e-03,6.03884656e-04,4.68350239e-04
5.61000000e+03,2.13529167e-03,1.06294890e-03,6.02863450e-04,4.69479322e-04
5.62000000e+03,2.09438052e-03,1.02717143e-03,6.00169880e-04,4.67039210e-04
5.63000000e+03,2.08279343e-03,1.01999210e-03,5.97161938e-04,4.65639398e-04
5.64000000e+03,2.05831671e-03,9.99806962e-04,5.95999081e-04,4.62510665e-04
5.65000000e+03,2.09027501e-03,1.03334532e-03,5.94320278e-04,4.62609406e-04
5.66000000e+03,2.05172637e-03,9.99955446e-04,5.91692231e-04,4.60078695e-04
5.67000000e+03,2.03343243e-03,9.85495740e-04,5.89643071e-04,4.58293621e-04
5.68000000e+03,2.08496877e-03,1.03522058e-03,5.90482303e-04,4.59265890e-04
5.69000000e+03,2.02035047e-03,9.79241967e-04,5.85037572e-04,4.56070931e-04
5.70000000e+03,2.06234132e-03,1.02146185e-03,5.84247384e-04,4.56632092e-04
5.71000000e+03,2.02550453e-03,9.89672601e-04,5.82096483e-04,4.53735451e-04
5.72000000e+03,2.03535496e-03,1.00140353e-03,5.81000034e-04,4.52951388e-04
5.73000000e+03,1.99502624e-03,9.66918028e-04,5.77084559e-04,4.51023657e-04
5.74000000e+03,1.98450537e-03,9.60034342e-04,5.75213590e-04,4.49257442e-04
5.75000000e+03,1.98251916e-03,9.60742096e-04,5.73170419e-04,4.48606644e-04
5.76000000e+03,2.06214227e-03,1.03612847e-03,5.73457379e-04,4.52556423e-04
5.77000000e+03,1.97819279e-03,9.62906028e-04,5.70029218e-04,4.45257548e-04
5.78000000e+03,1.96394393e-03,9.52360233e-04,5.67402640e-04,4.44181056e-04
5.79000000e+03,1.96443888e-03,9.55179607e-04,5.65846341e-04,4.43412933e-04
5.80000000e+03,1.97035902e-03,9.62937181e-04,5.64722941e-04,4.42698899e-04
5.81000000e+03,2.04365986e-03,1.03445451e-03,5.64838016e-04,4.44367334e-04
5.82000000e+03,1.95045803e-03,9.50245874e-04,5.60262824e-04,4.39949331e-04
5.83000000e+03,1.96409557e-03,9.65982942e-04,5.59140748e-04,4.38971883e-04
5.84000000e+03,1.95738050e-03,9.62292500e-04,5.57455999e-04,4.37632002e-04
5.85000000e+03,1.92322243e-03,9.32901925e-04,5.54493153e-04,4.35827348e-04
5.86000000e+03,1.93874448e-03,9.50044792e-04,5.52058168e-04,4.36641522e-04
5.87000000e+03,1.92630291e-03,9.40928048e-04,5.50825612e-04,4.34549252e-04
5.88000000e+03,1.90331217e-03,9.22143398e-04,5.48914725e-04,4.32254044e-04
5.89000000e+03,1.89848764e-03,9.20134684e-04,5.47758242e-04,4.30594715e-04
5.90000000e+03,1.89078254e-03,9.15599921e-04,5.45156815e-04,4.30025801e-04
5.91000000e+03,1.91704635e-03,9.42673467e-04,5.44264368e-04,4.30108519e-04
5.92000000e+03,1.89658185e-03,9.26232547e-04,5.42607307e-04,4.27741994e-04
5.93000000e+03,1.92254605e-03,9.52454166e-04,5.41212165e-04,4.28879716e-04
5.94000000e+03,1.90415044e-03,9.38269422e-04,5.39483205e-04,4.26397812e-04
5.95000000e+03,1.89530216e-03,9.32588242e-04,5.37437883e-04,4.25276036e-04
5.96000000e+03,1.86990877e-03,9.11157209e-04,5.35523726e-04,4.23227838e-04
5.97000000e+03,1.85524114e-03,9.00103804e-04,5.33381919e-04,4.21755418e-04
5.98000000e+03,1.84647147e-03,8.94363293e-04,5.31512818e-04,4.20595358e-04
5.99000000e+03,1.84146905e-03,8.92072133e-04,5.29990100e-04,4.19406815e-04
6.00000000e+03,1.86657930e-03,9.17128164e-04,5.29247301e-04,4.20203832e-04
6.01000000e+03,1.87219256e-03,9.25818826e-04,5.27004678e-04,4.19369060e-04
6.02000000e+03,1.87408949e-03,9.29864604e-04,5.26840181e-04,4.17384702e-04
6.03000000e+03,1.83163528e-03,8.92725469e-04,5.23132984e-04,4.15776827e-04
6.04000000e+03,1.81976190e-03,8.83927806e-04,5.22051773e-04,4.13782323e-04
6.05000000e+03,1.82358237e-03,8.89760816e-04,5.20442068e-04,4.13379489e-04
6.06000000e+03,1.81472652e-03,8.84089332e-04,5.18696242e-04,4.11940943e-04
6.07000000e+03,1.79996339e-03,8.72659589e-04,5.16615308e-04,4.10688490e-04
6.08000000e+03,1.80414230e-03,8.79117016e-04,5.15099285e-04,4.09925998e-04
6.09000000e+03,1.81754506e-03,8.93924826e-04,5.13034305e-04,4.10585928e-04
6.10000000e+03,1.80074037e-03,8.80123675e-04,5.12694215e-04,4.07922485e-04
6.11000000e+03,1.78875539e-03,8.71761922e-04,5.10112232e-04,4.06881239e-04
6.12000000e+03,1.77361999e-03,8.59674855e-04,5.08734598e-04,4.05210537e-04
6.13000000e+03,1.76784685e-03,8.56619910e-04,5.07192429e-04,4.04034513e-04
6.14000000e+03,1.76264460e-03,8.54115495e-04,5.05412244e-04,4.03116856e-04
6.15000000e+03,1.76170599e-03,8.55490872e-04,5.04089952e-04,4.02125163e-04
6.16000000e+03,1.80284651e-03,8.96164872e-04,5.03871738e-04,4.02809898e-04
6.17000000e+03,1.76532088e-03,8.62967083e-04,5.01318250e-04,4.01035544e-04
6.18000000e+03,1.80238299e-03,8.98354631e-04,5.01788946e-04,4.02239416e-04
6.19000000e+03,1.80147355e-03,9.01844804e-04,4.99745803e-04,3.99882940e-04
6.20000000e+03,1.75037272e-03,8.56117104e-04,4.96523516e-04,3.97732104e-04
6.21000000e+03,1.80182609e-03,9.05192926e-04,4.97917813e-04,3.98715350e-04
6.22000000e+03,1.74721401e-03,8.57587071e-04,4.93412357e-04,3.96214582e-04
6.23000000e+03,1.75795893e-03,8.69570739e-04,4.92353449e-04,3.96034741e-04
6.24000000e+03,1.76495439e-03,8.78421428e-04,4.91706154e-04,3.94826807e-04
6.25000000e+03,1.72271137e-03,8.41562639e-04,4.89141164e-04,3.92007569e-04
6.26000000e+03,1.70978066e-03,8.31237875e-04,4.87253861e-04,3.91288925e-04
6.27000000e+03,1.70311183e-03,8.27262897e-04,4.85632032e-04,3.90216900e-04
6.28000000e+03,1.73047860e-03,8.54976129e-04,4.84682708e-04,3.90819768e-04
6.29000000e+03,1.69382276e-03,8.22813177e-04,4.83074680e-04,3.87934902e-04
6.30000000e+03,1.69588459e-03,8.26904309e-04,4.81671900e-04,3.87308379e-04
6.31000000e+03,1.68880779e-03,8.22279793e-04,4.80230052e-04,3.86297941e-04
6.32000000e+03,1.75781759e-03,8.88962419e-04,4.80667692e-04,3.88187479e-04
6.33000000e+03,1.70613052e-03,8.42892943e-04,4.78163348e-04,3.85074232e-04
6.34000000e+03,1.68230206e-03,8.22359078e-04,4.76665783e-04,3.83277200e-04
6.35000000e+03,1.67309124e-03,8.15827552e-04,4.74427685e-04,3.82835999e-04
6.36000000e+03,1.66804550e-03,8.13088223e-04,4.73420610e-04,3.81536668e-04
6.37000000e+03,1.65620244e-03,8.04307574e-04,4.71655156e-04,3.80239714e-04
6.38000000e+03,1.65029623e-03,8.00802144e-04,4.70166656e-04,3.79327434e-04
6.39000000e+03,1.64588129e-03,7.98643705e-04,4.68877604e-04,3.78359976e-04
6.40000000e+03,1.64182392e-03,7.96970773e-04,4.67472397e-04,3.77380753e-04
6.41000000e+03,1.65263333e-03,8.09419068e-04,4.66695071e-04,3.76519196e-04
6.42000000e+03,1.65521175e-03,8.13557435e-04,4.64875968e-04,3.76778346e-04
6.43000000e+03,1.65289721e-03,8.12849551e-04,4.64641007e-04,3.75406648e-04
6.44000000e+03,1.67379542e-03,8.34187123e-04,4.62737834e-04,3.76870462e-04
6.45000000e+03,1.66217232e-03,8.25741669e-04,4.61971406e-04,3.74459250e-04
6.46000000e+03,1.64114823e-03,8.08297470e-04,4.60127257e-04,3.72723505e-04
6.47000000e+03,1.63379849e-03,8.03484389e-04,4.58746732e-04,3.71567373e-04
6.48000000e+03,1.61492506e-03,7.87539310e-04,4.56716441e-04,3.70669305e-04
6.49000000e+03,1.60530030e-03,7.80461486e-04,4.55540215e-04,3.69298604e-04
6.50000000e+03,1.59895508e-03,7.76473603e-04,4.54158822e-04,3.68322652e-04
6.51000000e+03,1.59503829e-03,7.74726253e-04,4.52797070e-04,3.67514971e-04
6.52000000e+03,1.60041201e-03,7.81836196e-04,4.51500863e-04,3.67074955e-04
6.53000000e+03,1.61032346e-03,7.93011532e-04,4.50464124e-04,3.66847802e-04
6.54000000e+03,1.58833801e-03,7.74107171e-04,4.49372458e-04,3.64858380e-04
6.55000000e+03,1.59464709e-03,7.81891261e-04,4.48049236e-04,3.64706593e-04
6.56000000e+03,1.60121990e-03,7.89569969e-04,4.47751845e-04,3.63898085e-04
6.57000000e+03,1.58660076e-03,7.77542729e-04,4.45314045e-04,3.63743984e-04
6.58000000e+03,1.59108260e-03,7.82792161e-04,4.45514809e-04,3.62775626e-04
6.59000000e+03,1.59323948e-03,7.88329188e-04,4.43149912e-04,3.61760376e-04
6.60000000e+03,1.57143231e-03,7.69650096e-04,4.41844892e-04,3.59937318e-04
6.61000000e+03,1.57506925e-03,7.74290314e-04,4.40567267e-04,3.60211673e-04
6.62000000e+03,1.55255383e-03,7.55350706e-04,4.39226119e-04,3.57977008e-04
6.63000000e+03,1.55021360e-03,7.55012227e-04,4.37733399e-04,3.57467974e-04
6.64000000e+03,1.54763951e-03,7.54343836e-04,4.36752103e-04,3.56543573e-04
6.65000000e+03,1.56047483e-03,7.68119970e-04,4.35703622e-04,3.56651234e-04
6.66000000e+03,1.53530833e-03,7.46435989e-04,4.34193564e-04,3.54678778e-04
6.67000000e+03,1.53532549e-03,7.48149249e-04,4.33137144e-04,3.54039096e-04
6.68000000e+03,1.59789437e-03,8.07211490e-04,4.34063721e-04,3.56619154e-04
6.69000000e+03,1.55876587e-03,7.73600015e-04,4.31627716e-04,3.53538142e-04
6.70000000e+03,1.53609698e-03,7.53879797e-04,4.30103919e-04,3.52113262e-04
6.71000000e+03,1.53539017e-03,7.55668939e-04,4.28488488e-04,3.51232744e-04
6.72000000e+03,1.53955454e-03,7.61075418e-04,4.27390559e-04,3.51088562e-04
6.73000000e+03,1.52561030e-03,7.49551522e-04,4.26486266e-04,3.49572513e-04
6.74000000e+03,1.50555969e-03,7.32666309e-04,4.24715776e-04,3.48177604e-04
6.75000000e+03,1.50106353e-03,7.30165829e-04,4.23514445e-04,3.47383256e-04
6.76000000e+03,1.50196472e-03,7.32759151e-04,4.22302559e-04,3.46903013e-04
6.77000000e+03,1.49665335e-03,7.29550439e-04,4.21118320e-04,3.45984592e-04
6.78000000e+03,1.51591112e-03,7.49680134e-04,4.20321339e-04,3.45909651e-04
6.79000000e+03,1.50062130e-03,7.36652235e-04,4.19714266e-04,3.44254797e-04
6.80000000e+03,1.51499942e-03,7.51569774e-04,4.18936843e-04,3.44492804e-04
6.81000000e+03,1.48260368e-03,7.22877918e-04,4.16656843e-04,3.43068919e-04
6.82000000e+03,1.48302695e-03,7.25198156e-04,4.15417727e-04,3.42411072e-04
6.83000000e+03,1.49185532e-03,7.35230328e-04,4.14773793e-04,3.41851199e-04
6.84000000e+03,1.50673897e-03,7.50315948e-04,4.15046400e-04,3.41376626e-04
6.85000000e+03,1.49762628e-03,7.43923466e-04,4.12622272e-04,3.41080538e-04
6.86000000e+03,1.46986329e-03,7.19276062e-04,4.11624168e-04,3.38963060e-04
6.87000000e+03,1.46139244e-03,7.13043139e-04,4.10246976e-04,3.38102329e-04
6.88000000e+03,1.45411164e-03,7.07811864e-04,4.09034168e-04,3.37265606e-04
6.89000000e+03,1.45060313e-03,7.06026714e-04,4.07958123e-04,3.36618290e-04
6.90000000e+03,1.46058139e-03,7.16337205e-04,4.07463785e-04,3.36780399e-04
6.91000000e+03,1.44438602e-03,7.03668717e-04,4.05799131e-04,3.34918173e-04
6.92000000e+03,1.44378629e-03,7.04303136e-04,4.04828441e-04,3.34654716e-04
6.93000000e+03,1.46356752e-03,7.24508491e-04,4.04187848e-04,3.34871182e-04
6.94000000e+03,1.44136214e-03,7.05461120e-04,4.02632656e-04,3.33268368e-04
6.95000000e+03,1.43812779e-03,7.03888727e-04,4.01841371e-04,3.32397688e-04
6.96000000e+03,1.45665564e-03,7.23001222e-04,4.00565889e-04,3.33088528e-04
6.97000000e+03,1.43676485e-03,7.05759161e-04,3.99903985e-04,3.31101706e-04
6.98000000e+03,1.43059222e-03,7.01592174e-04,3.99018672e-04,3.29981372e-04
6.99000000e+03,1.41811575e-03,6.91442876e-04,3.97442714e-04,3.29230163e-04
7.00000000e+03,1.41537719e-03,6.90462140e-04,3.96361999e-04,3.28553053e-04
7.01000000e+03,1.42765818e-03,7.03416707e-04,3.95834322e-04,3.28407151e-04
7.02000000e+03,1.41819597e-03,6.96148279e-04,3.94781234e-04,3.27266461e-04
7.03000000e+03,1.42552707e-03,7.04200588e-04,3.93940858e-04,3.27385623e-04
7.04000000e+03,1.40692588e-03,6.88755480e-04,3.92338020e-04,3.25832378e-04
7.05000000e+03,1.40970249e-03,6.92755830e-04,3.91755861e-04,3.25190798e-04
7.06000000e+03,1.40058258e-03,6.85507878e-04,3.90841546e-04,3.24233156e-04
7.07000000e+03,1.40027490e-03,6.86706212e-04,3.89826055e-04,3.23742635e-04
7.08000000e+03,1.40985292e-03,6.97244085e-04,3.88940326e-04,3.23668506e-04
7.09000000e+03,1.38572429e-03,6.76137276e-04,3.87474826e-04,3.22112184e-04
7.10000000e+03,1.39151201e-03,6.83015824e-04,3.86834703e-04,3.21661488e-04
7.11000000e+03,1.38920658e-03,6.82351695e-04,3.85978201e-04,3.20876684e-04
7.12000000e+03,1.38003187e-03,6.75270565e-04,3.84361643e-04,3.20399664e-04
7.13000000e+03,1.37558382e-03,6.72392883e-04,3.83607128e-04,3.19583810e-04
7.14000000e+03,1.37204119e-03,6.70537119e-04,3.82694782e-04,3.18809289e-04
7.15000000e+03,1.37598187e-03,6.75573337e-04,3.82119284e-04,3.18289253e-04
7.16000000e+03,1.36475441e-03,6.66646434e-04,3.80619114e-04,3.17488858e-04
7.17000000e+03,1.38768605e-03,6.89810130e-04,3.79639377e-04,3.18236538e-04
7.18000000e+03,1.36495757e-03,6.69952490e-04,3.79165060e-04,3.15840015e-04
7.19000000e+03,1.35801471e-03,6.64595547e-04,3.77633177e-04,3.15785985e-04
7.20000000e+03,1.37152941e-03,6.78359623e-04,3.77385278e-04,3.15784507e-04
7.21000000e+03,1.36456457e-03,6.73551223e-04,3.76611658e-04,3.14401688e-04
7.22000000e+03,1.35357681e-03,6.64555684e-04,3.75308071e-04,3.13713055e-04
7.23000000e+03,1.36337616e-03,6.75124650e-04,3.74655052e-04,3.13596459e-04
7.24000000e+03,1.35475121e-03,6.68367888e-04,3.73872671e-04,3.12510653e-04
7.25000000e+03,1.34645807e-03,6.62266422e-04,3.72357048e-04,3.11834597e-04
7.26000000e+03,1.33507462e-03,6.52790088e-04,3.71548028e-04,3.10736503e-04
7.27000000e+03,1.33232342e-03,6.51682488e-04,3.70452173e-04,3.10188758e-04
7.28000000e+03,1.34868134e-03,6.67832763e-04,3.70211527e-04,3.10637050e-04
7.29000000e+03,1.33812719e-03,6.59705985e-04,3.68785201e-04,3.09636005e-04
7.30000000e+03,1.32723474e-03,6.50506227e-04,3.68346353e-04,3.08382158e-04
7.31000000e+03,1.31924913e-03,6.44882749e-04,3.66698064e-04,3.07668318e-04
7.32000000e+03,1.31376943e-03,6.40888618e-04,3.66047260e-04,3.06833553e-04
7.33000000e+03,1.31198281e-03,6.40609937e-04,3.65000829e-04,3.06372049e-04
7.34000000e+03,1.31333285e-03,6.43131403e-04,3.64266853e-04,3.05934598e-04
7.35000000e+03,1.31076816e-03,6.42199427e-04,3.63449159e-04,3.05119574e-04
7.36000000e+03,1.30974724e-03,6.42666480e-04,3.62563033e-04,3.04517729e-04
7.37000000e+03,1.31024247e-03,6.44432813e-04,3.61805486e-04,3.04004174e-04
7.38000000e+03,1.30395770e-03,6.39778592e-04,3.60782793e-04,3.03396314e-04
7.39000000e+03,1.31094901e-03,6.47880630e-04,3.59533203e-04,3.03535176e-04
7.40000000e+03,1.29023983e-03,6.29503910e-04,3.58894855e-04,3.01841064e-04
7.41000000e+03,1.29089875e-03,6.31422861e-04,3.58345412e-04,3.01130476e-04
7.42000000e+03,1.30432280e-03,6.45653060e-04,3.57606405e-04,3.01063339e-04
7.43000000e+03,1.29877147e-03,6.41419770e-04,3.56517811e-04,3.00833890e-04
7.44000000e+03,1.29344373e-03,6.37772286e-04,3.55646911e-04,3.00024535e-04
7.45000000e+03,1.28441032e-03,6.30374227e-04,3.54887031e-04,2.99149066e-04
7.46000000e+03,1.28109942e-03,6.28594956e-04,3.53798240e-04,2.98706228e-04
7.47000000e+03,1.27635917e-03,6.25430130e-04,3.53095922e-04,2.97833118e-04
7.48000000e+03,1.29763188e-03,6.46401750e-04,3.52539729e-04,2.98690402e-04
7.49000000e+03,1.28472360e-03,6.35364444e-04,3.52497410e-04,2.96861741e-04
7.50000000e+03,1.27945469e-03,6.31742558e-04,3.51014670e-04,2.96697461e-04
7.51000000e+03,1.26563769e-03,6.20266153e-04,3.50213690e-04,2.95157847e-04
7.52000000e+03,1.26100655e-03,6.17255502e-04,3.48838881e-04,2.94912163e-04
7.53000000e+03,1.25426215e-03,6.12091111e-04,3.48215629e-04,2.93955406e-04
7.54000000e+03,1.25757554e-03,6.16365407e-04,3.47669288e-04,2.93540843e-04
7.55000000e+03,1.25707188e-03,6.17237219e-04,3.46702772e-04,2.93131886e-04
7.56000000e+03,1.24780894e-03,6.09676595e-04,3.45791242e-04,2.92341099e-04
7.57000000e+03,1.27029715e-03,6.31057705e-04,3.45976983e-04,2.93262463e-04
7.58000000e+03,1.27468221e-03,6.36863731e-04,3.45275857e-04,2.92542619e-04
7.59000000e+03,1.25002341e-03,6.15115721e-04,3.43718268e-04,2.91189417e-04
7.60000000e+03,1.24931074e-03,6.16132111e-04,3.42784664e-04,2.90393969e-04
7.61000000e+03,1.23639714e-03,6.04914748e-04,3.41910942e-04,2.89571453e-04
7.62000000e+03,1.23658487e-03,6.06401272e-04,3.41056982e-04,2.89126613e-04
7.63000000e+03,1.22950009e-03,6.00907771e-04,3.40320737e-04,2.88271583e-04
7.64000000e+03,1.23116707e-03,6.03552579e-04,3.39632254e-04,2.87982239e-04
7.65000000e+03,1.22745363e-03,6.01431836e-04,3.38619573e-04,2.87402219e-04
7.66000000e+03,1.22031850e-03,5.95870543e-04,3.37819398e-04,2.86628555e-04
7.67000000e+03,1.22267933e-03,5.99172059e-04,3.37134999e-04,2.86372269e-04
7.68000000e+03,1.22392668e-03,6.01562803e-04,3.36251985e-04,2.86111893e-04
7.69000000e+03,1.22460084e-03,6.03232840e-04,3.35612645e-04,2.85755351e-04
7.70000000e+03,1.21709594e-03,5.97470530e-04,3.35024432e-04,2.84600980e-04
7.71000000e+03,1.22276699e-03,6.04006348e-04,3.34063209e-04,2.84697429e-04
7.72000000e+03,1.21839313e-03,6.00985507e-04,3.34073636e-04,2.83333992e-04
7.73000000e+03,1.20664260e-03,5.91020443e-04,3.32487349e-04,2.83134804e-04
7.74000000e+03,1.21021874e-03,5.95560692e-04,3.31922577e-04,2.82735475e-04
7.75000000e+03,1.22072607e-03,6.06865303e-04,3.31685519e-04,2.82175244e-04
7.76000000e+03,1.19642352e-03,5.84863196e-04,3.30392804e-04,2.81167519e-04
7.77000000e+03,1.19562841e-03,5.85175873e-04,3.29664977e-04,2.80787561e-04
7.78000000e+03,1.20552969e-03,5.95372960e-04,3.29495777e-04,2.80660948e-04
7.79000000e+03,1.21042169e-03,6.00735532e-04,3.28943946e-04,2.80742208e-04
7.80000000e+03,1.18962077e-03,5.83027877e-04,3.27420728e-04,2.79172166e-04
7.81000000e+03,1.18583853e-03,5.80341894e-04,3.26804350e-04,2.78692282e-04
7.82000000e+03,1.19339299e-03,5.88545654e-04,3.26039459e-04,2.78807877e-04
7.83000000e+03,1.19157998e-03,5.87969717e-04,3.25735153e-04,2.77875107e-04
7.84000000e+03,1.19548865e-03,5.93223824e-04,3.25017949e-04,2.77246872e-04
7.85000000e+03,1.19127254e-03,5.90061735e-04,3.23960465e-04,2.77250342e-04
7.86000000e+03,1.18917712e-03,5.89331680e-04,3.23390296e-04,2.76455147e-04
7.87000000e+03,1.17311982e-03,5.75123230e-04,3.22511634e-04,2.75484955e-04
7.88000000e+03,1.17385732e-03,5.76822587e-04,3.21575686e-04,2.75459044e-04
7.89000000e+03,1.17254949e-03,5.76824346e-04,3.20889049e-04,2.74836094e-04
7.90000000e+03,1.18153438e-03,5.86398482e-04,3.20374209e-04,2.74761693e-04
7.91000000e+03,1.16446147e-03,5.71291075e-04,3.19837896e-04,2.73332500e-04
7.92000000e+03,1.15973260e-03,5.67829271e-04,3.19061063e-04,2.72842264e-04
7.93000000e+03,1.18102669e-03,5.88678740e-04,3.18829358e-04,2.73518591e-04
7.94000000e+03,1.15812810e-03,5.68330377e-04,3.17795350e-04,2.72002376e-04
7.95000000e+03,1.16262936e-03,5.73441179e-04,3.17322171e-04,2.71866006e-04
7.96000000e+03,1.15878490e-03,5.71043272e-04,3.16458413e-04,2.71283216e-04
7.97000000e+03,1.15390063e-03,5.67317563e-04,3.15906778e-04,2.70676291e-04
7.98000000e+03,1.14596398e-03,5.61008095e-04,3.14988333e-04,2.69967548e-04
7.99000000e+03,1.14231791e-03,5.58714364e-04,3.14231841e-04,2.69371700e-04
8.00000000e+03,1.14583768e-03,5.63139997e-04,3.13536076e-04,2.69161602e-04
8.01000000e+03,1.14491575e-03,5.63201215e-04,3.12996050e-04,2.68718485e-04
8.02000000e+03,1.14240884e-03,5.61906592e-04,3.12092512e-04,2.68409734e-04
8.03000000e+03,1.14070668e-03,5.61042807e-04,3.11895456e-04,2.67768420e-04
8.04000000e+03,1.13336174e-03,5.55309060e-04,3.10978116e-04,2.67074567e-04
8.05000000e+03,1.13116098e-03,5.54285309e-04,3.10349291e-04,2.66526380e-04
8.06000000e+03,1.13925384e-03,5.62992625e-04,3.09920820e-04,2.66340391e-04
8.07000000e+03,1.12830818e-03,5.53619024e-04,3.09105865e-04,2.65583286e-04
8.08000000e+03,1.12414694e-03,5.50758890e-04,3.08350183e-04,2.65037867e-04
8.09000000e+03,1.13611041e-03,5.62869753e-04,3.08015563e-04,2.65225092e-04
8.10000000e+03,1.12853790e-03,5.56936187e-04,3.07416255e-04,2.64185463e-04
8.11000000e+03,1.12856840e-03,5.57933215e-04,3.06647325e-04,2.63987857e-04
8.12000000e+03,1.11924279e-03,5.50132442e-04,3.05983017e-04,2.63127333e-04
8.13000000e+03,1.11462051e-03,5.46711066e-04,3.05239292e-04,2.62670151e-04
8.14000000e+03,1.12036694e-03,5.52819382e-04,3.04811224e-04,2.62736332e-04
8.15000000e+03,1.12009709e-03,5.53777249e-04,3.04506859e-04,2.61812984e-04
8.16000000e+03,1.11358188e-03,5.48761785e-04,3.03601904e-04,2.61218188e-04
8.17000000e+03,1.10470043e-03,5.41211014e-04,3.02757228e-04,2.60732189e-04
8.18000000e+03,1.10164543e-03,5.39347337e-04,3.01953058e-04,2.60345036e-04
8.19000000e+03,1.10068270e-03,5.39356511e-04,3.01603483e-04,2.59722706e-04
8.20000000e+03,1.09934517e-03,5.39018426e-04,3.00968064e-04,2.59358679e-04
8.21000000e+03,1.09558207e-03,5.36492986e-04,3.00116026e-04,2.58973055e-04
8.22000000e+03,1.09472185e-03,5.36728682e-04,2.99705360e-04,2.58287810e-04
8.23000000e+03,1.09516288e-03,5.38137687e-04,2.99085818e-04,2.57939377e-04
8.24000000e+03,1.09689505e-03,5.40423959e-04,2.98411027e-04,2.58060067e-04
8.25000000e+03,1.11769481e-03,5.60978311e-04,2.98018633e-04,2.58697869e-04
8.26000000e+03,1.09072128e-03,5.36470283e-04,2.97543286e-04,2.56707716e-04
8.27000000e+03,1.08585962e-03,5.32972717e-04,2.96529476e-04,2.56357424e-04
8.28000000e+03,1.09705873e-03,5.44513625e-04,2.96177794e-04,2.56367310e-04
8.29000000e+03,1.08693884e-03,5.36041978e-04,2.95377907e-04,2.55518953e-04
8.30000000e+03,1.08255853e-03,5.32779472e-04,2.94828809e-04,2.54950246e-04
8.31000000e+03,1.07679813e-03,5.28212843e-04,2.94079803e-04,2.54505489e-04
8.32000000e+03,1.07516152e-03,5.27526771e-04,2.93543592e-04,2.54091152e-04
8.33000000e+03,1.07457895e-03,5.27816255e-04,2.92988672e-04,2.53774024e-04
8.34000000e+03,1.07106654e-03,5.25460536e-04,2.92323138e-04,2.53282870e-04
8.35000000e+03,1.07586689e-03,5.30620263e-04,2.92046738e-04,2.53199888e-04
8.36000000e+03,1.06605812e-03,5.22474431e-04,2.91326894e-04,2.52256799e-04
8.37000000e+03,1.06653956e-03,5.23813545e-04,2.90645272e-04,2.52080740e-04
8.38000000e+03,1.06214160e-03,5.20580783e-04,2.90172254e-04,2.51388565e-04
8.39000000e+03,1.05918346e-03,5.18794604e-04,2.89494553e-04,2.50894305e-04
8.40000000e+03,1.06119814e-03,5.21451500e-04,2.88995304e-04,2.50751333e-04
8.41000000e+03,1.06094668e-03,5.22202784e-04,2.88467425e-04,2.50276476e-04
8.42000000e+03,1.08137507e-03,5.42519332e-04,2.88250812e-04,2.50604927e-04
8.43000000e+03,1.06255532e-03,5.25272828e-04,2.87656531e-04,2.49625960e-04
8.44000000e+03,1.05103740e-03,5.15446714e-04,2.86635038e-04,2.48955646e-04
8.45000000e+03,1.04870099e-03,5.14217166e-04,2.86133050e-04,2.48350776e-04
8.46000000e+03,1.06469968e-03,5.29989654e-04,2.85992786e-04,2.48717239e-04
8.47000000e+03,1.04772742e-03,5.14991016e-04,2.85130242e-04,2.47606165e-04
8.48000000e+03,1.04203223e-03,5.10506336e-04,2.84405644e-04,2.47120252e-04
8.49000000e+03,1.04260668e-03,5.11903926e-04,2.83952805e-04,2.46749950e-04
8.50000000e+03,1.04191864e-03,5.12112219e-04,2.83371088e-04,2.46435328e-04
8.51000000e+03,1.04785826e-03,5.18556987e-04,2.83019459e-04,2.46281817e-04
8.52000000e+03,1.04022019e-03,5.12181720e-04,2.82339175e-04,2.45699292e-04
8.53000000e+03,1.03367074e-03,5.06928372e-04,2.81801170e-04,2.44941200e-04
8.54000000e+03,1.03655601e-03,5.10599815e-04,2.81337207e-04,2.44618992e-04
8.55000000e+03,1.03596309e-03,5.10707101e-04,2.80573097e-04,2.44682888e-04
8.56000000e+03,1.02733483e-03,5.03446066e-04,2.80226906e-04,2.43661854e-04
8.57000000e+03,1.02825237e-03,5.05165279e-04,2.79665780e-04,2.43421306e-04
8.58000000e+03,1.02353088e-03,5.01542196e-04,2.79043009e-04,2.42945672e-04
8.59000000e+03,1.02370298e-03,5.02524998e-04,2.78612477e-04,2.42565504e-04
8.60000000e+03,1.03725576e-03,5.16122324e-04,2.78436578e-04,2.42696861e-04
8.61000000e+03,1.02274341e-03,5.03200608e-04,2.77501642e-04,2.42041160e-04
8.62000000e+03,1.02504719e-03,5.06119067e-04,2.77164696e-04,2.41763427e-04
8.63000000e+03,1.03635578e-03,5.17654042e-04,2.76798276e-04,2.41903461e-04
8.64000000e+03,1.01737800e-03,5.00580625e-04,2.76078257e-04,2.40719123e-04
8.65000000e+03,1.01185967e-03,4.96304844e-04,2.75502202e-04,2.40052629e-04
8.66000000e+03,1.00865205e-03,4.94045555e-04,2.74867423e-04,2.39739075e-04
8.67000000e+03,1.00752924e-03,4.93785406e-04,2.74425944e-04,2.39317887e-04
8.68000000e+03,1.01852387e-03,5.04804080e-04,2.74561794e-04,2.39157994e-04
8.69000000e+03,1.00863699e-03,4.96375233e-04,2.73495945e-04,2.38765811e-04
8.70000000e+03,1.00376502e-03,4.92692497e-04,2.72802652e-04,2.38269867e-04
8.71000000e+03,1.00473759e-03,4.94303372e-04,2.72651745e-04,2.37782472e-04
8.72000000e+03,1.00839551e-03,4.98326756e-04,2.72250487e-04,2.37818266e-04
8.73000000e+03,1.00095571e-03,4.92302013e-04,2.71428317e-04,2.37225382e-04
8.74000000e+03,9.99693603e-04,4.91921105e-04,2.71152894e-04,2.36619605e-04
8.75000000e+03,1.00440758e-03,4.96829849e-04,2.70710426e-04,2.36867308e-04
8.76000000e+03,9.95417383e-04,4.89381683e-04,2.70016533e-04,2.36019167e-04
8.77000000e+03,9.91175184e-04,4.86223779e-04,2.69299456e-04,2.35651948e-04
8.78000000e+03,9.97495736e-04,4.93092270e-04,2.68771821e-04,2.35631645e-04
8.79000000e+03,9.95813406e-04,4.92250508e-04,2.68540411e-04,2.35022487e-04
8.80000000e+03,9.90538492e-04,4.87832557e-04,2.67955911e-04,2.34750024e-04
8.81000000e+03,9.83412321e-04,4.82101199e-04,2.67412036e-04,2.33899087e-04
8.82000000e+03,9.87523632e-04,4.86750135e-04,2.67033974e-04,2.33739523e-04
8.83000000e+03,9.81644171e-04,4.81949867e-04,2.66339571e-04,2.33354733e-04
8.84000000e+03,9.88429422e-04,4.89069577e-04,2.65979083e-04,2.33380762e-04
8.85000000e+03,9.78188597e-04,4.80151648e-04,2.65575303e-04,2.32461646e-04
8.86000000e+03,9.82591033e-04,4.84904970e-04,2.65115453e-04,2.32570609e-04
8.87000000e+03,9.76543406e-04,4.80068864e-04,2.64741546e-04,2.31732996e-04
8.88000000e+03,9.73137608e-04,4.77660267e-04,2.63984884e-04,2.31492457e-04
8.89000000e+03,9.80452550e-04,4.85214389e-04,2.63633664e-04,2.31604497e-04
8.90000000e+03,9.69381705e-04,4.75657875e-04,2.63040849e-04,2.30682981e-04
8.91000000e+03,9.69146039e-04,4.76142623e-04,2.62605099e-04,2.30398316e-04
8.92000000e+03,9.71764363e-04,4.79278122e-04,2.62215899e-04,2.30270342e-04
8.93000000e+03,9.67243854e-04,4.75792022e-04,2.61769213e-04,2.29682618e-04
8.94000000e+03,9.68286913e-04,4.77625794e-04,2.61458983e-04,2.29202136e-04
8.95000000e+03,9.66374049e-04,4.76522878e-04,2.60919934e-04,2.28931238e-04
8.96000000e+03,9.63973427e-04,4.74860316e-04,2.60557258e-04,2.28555853e-04
8.97000000e+03,9.60936429e-04,4.72798221e-04,2.59930022e-04,2.28208186e-04
8.98000000e+03,9.57747958e-04,4.70588200e-04,2.59317346e-04,2.27842412e-04
8.99000000e+03,9.62557516e-04,4.75674723e-04,2.59157113e-04,2.27725680e-04
9.00000000e+03,9.59909020e-04,4.73989250e-04,2.58589739e-04,2.27330031e-04
9.01000000e+03,9.52921383e-04,4.68156766e-04,2.57973846e-04,2.26790771e-04
9.02000000e+03,9.54873283e-04,4.70657905e-04,2.57641045e-04,2.26574333e-04
9.03000000e+03,9.50052152e-04,4.66821140e-04,2.57022114e-04,2.26208898e-04
9.04000000e+03,9.46260590e-04,4.64074679e-04,2.56608510e-04,2.25577400e-04
9.05000000e+03,9.44647633e-04,4.63244086e-04,2.56131733e-04,2.25271813e-04
9.06000000e+03,9.48449903e-04,4.67531032e-04,2.55782429e-04,2.25136442e-04
9.07000000e+03,9.53589821e-04,4.73125750e-04,2.55724999e-04,2.24739072e-04
9.08000000e+03,9.43098927e-04,4.63941188e-04,2.54730324e-04,2.24427416e-04
9.09000000e+03,9.40127215e-04,4.61771317e-04,2.54510270e-04,2.23845628e-04
9.10000000e+03,9.41426741e-04,4.63733463e-04,2.54041137e-04,2.23652141e-04
9.11000000e+03,9.44181490e-04,4.66834701e-04,2.53906231e-04,2.23440558e-04
9.12000000e+03,9.36649622e-04,4.60627667e-04,2.53007912e-04,2.23014042e-04
9.13000000e+03,9.35490281e-04,4.60097552e-04,2.52873268e-04,2.22519461e-04
9.14000000e+03,9.31872749e-04,4.57492148e-04,2.52114025e-04,2.22266576e-04
9.15000000e+03,9.30882781e-04,4.57218112e-04,2.51872334e-04,2.21792336e-04
9.16000000e+03,9.41999256e-04,4.68185240e-04,2.51911811e-04,2.21902206e-04
9.17000000e+03,9.29943014e-04,4.57653753e-04,2.50882820e-04,2.21406440e-04
9.18000000e+03,9.36096131e-04,4.64092534e-04,2.50755459e-04,2.21248138e-04
9.19000000e+03,9.29957222e-04,4.59133723e-04,2.49851164e-04,2.20972335e-04
9.20000000e+03,9.22682801e-04,4.52901165e-04,2.49714253e-04,2.20067382e-04
9.21000000e+03,9.20732048e-04,4.51750161e-04,2.49171597e-04,2.19810290e-04
9.22000000e+03,9.20093898e-04,4.51806415e-04,2.48717842e-04,2.19569642e-04
9.23000000e+03,9.18139354e-04,4.50655662e-04,2.48385843e-04,2.19097849e-04
9.24000000e+03,9.16139902e-04,4.49464953e-04,2.47873661e-04,2.18801288e-04
9.25000000e+03,9.18259631e-04,4.52116982e-04,2.47507446e-04,2.18635203e-04
9.26000000e+03,9.15510354e-04,4.50261671e-04,2.47010448e-04,2.18238234e-04
9.27000000e+03,9.17373175e-04,4.52720359e-04,2.46573416e-04,2.18079400e-04
9.28000000e+03,9.22911575e-04,4.58501923e-04,2.46438138e-04,2.17971513e-04
9.29000000e+03,9.14640911e-04,4.51394798e-04,2.45926223e-04,2.17319890e-04
9.30000000e+03,9.12475992e-04,4.49867432e-04,2.45573620e-04,2.17034940e-04
9.31000000e+03,9.08601133e-04,4.46946364e-04,2.45130192e-04,2.16524578e-04
9.32000000e+03,9.09260850e-04,4.48190871e-04,2.44917315e-04,2.16152665e-04
9.33000000e+03,9.04327757e-04,4.44219990e-04,2.44148549e-04,2.15959218e-04
9.34000000e+03,9.03433381e-04,4.44016904e-04,2.43819313e-04,2.15597164e-04
9.35000000e+03,9.03924756e-04,4.45054302e-04,2.43672878e-04,2.15197576e-04
9.36000000e+03,9.05736757e-04,4.47205058e-04,2.43356814e-04,2.15174884e-04
9.37000000e+03,9.03123104e-04,4.45579552e-04,2.42701653e-04,2.14841899e-04
9.38000000e+03,9.03801262e-04,4.46807962e-04,2.42232048e-04,2.14761252e-04
9.39000000e+03,9.02707112e-04,4.46504525e-04,2.41898391e-04,2.14304195e-04
9.40000000e+03,8.95329355e-04,4.40156145e-04,2.41474817e-04,2.13698392e-04
9.41000000e+03,8.92776726e-04,4.38447861e-04,2.40898611e-04,2.13430254e-04
9.42000000e+03,8.97081143e-04,4.42997982e-04,2.40728337e-04,2.13354825e-04
9.43000000e+03,8.91038979e-04,4.38070812e-04,2.40120522e-04,2.12847646e-04
9.44000000e+03,8.89082110e-04,4.36834053e-04,2.39855087e-04,2.12392969e-04
9.45000000e+03,8.89614328e-04,4.37979949e-04,2.39409341e-04,2.12225039e-04
9.46000000e+03,8.87779401e-04,4.36855458e-04,2.38895392e-04,2.12028551e-04
9.47000000e+03,8.85008598e-04,4.34824275e-04,2.38750931e-04,2.11433392e-04
9.48000000e+03,8.87576617e-04,4.37645642e-04,2.38482309e-04,2.11448666e-04
9.49000000e+03,8.84536551e-04,4.35782133e-04,2.37850788e-04,2.10903629e-04
9.50000000e+03,8.83155772e-04,4.34952971e-04,2.37456321e-04,2.10746480e-04
9.51000000e+03,8.82631599e-04,4.35068797e-04,2.37103037e-04,2.10459765e-04
9.52000000e+03,8.85993870e-04,4.38629447e-04,2.36827157e-04,2.10537266e-04
9.53000000e+03,8.77995558e-04,4.31974821e-04,2.36335696e-04,2.09685041e-04
9.54000000e+03,8.75288700e-04,4.30036576e-04,2.35783847e-04,2.09468278e-04
9.55000000e+03,8.77530625e-04,4.32714610e-04,2.35416275e-04,2.09399739e-04
9.56000000e+03,8.74936980e-04,4.30911022e-04,2.35081116e-04,2.08944843e-04
9.57000000e+03,8.74216153e-04,4.30727806e-04,2.34961793e-04,2.08526554e-04
9.58000000e+03,8.70062866e-04,4.27517998e-04,2.34476951e-04,2.08067917e-04
9.59000000e+03,8.70879143e-04,4.28879171e-04,2.34192990e-04,2.07806982e-04
9.60000000e+03,8.70517477e-04,4.29061093e-04,2.33650958e-04,2.07805426e-04
9.61000000e+03,8.67930783e-04,4.27202076e-04,2.33402540e-04,2.07326166e-04
9.62000000e+03,8.66020552e-04,4.26132797e-04,2.32932799e-04,2.06954957e-04
9.63000000e+03,8.63468576e-04,4.24257738e-04,2.32551143e-04,2.06659695e-04
9.64000000e+03,8.65111083e-04,4.26459603e-04,2.32217772e-04,2.06433709e-04
9.65000000e+03,8.61257124e-04,4.23392634e-04,2.31848139e-04,2.06016351e-04
9.66000000e+03,8.61637567e-04,4.24282858e-04,2.31648867e-04,2.05705842e-04
9.67000000e+03,8.58668583e-04,4.22098736e-04,2.31203290e-04,2.05366556e-04
9.68000000e+03,8.63750712e-04,4.27502926e-04,2.30980341e-04,2.05267444e-04
9.69000000e+03,8.63193353e-04,4.27390028e-04,2.30722599e-04,2.05080725e-04
9.70000000e+03,8.57877365e-04,4.22958647e-04,2.30091626e-04,2.04827092e-04
9.71000000e+03,8.58888596e-04,4.24725810e-04,2.29736038e-04,2.04426747e-04
9.72000000e+03,8.52800017e-04,4.19484790e-04,2.29188813e-04,2.04126414e-04
9.73000000e+03,8.51209991e-04,4.18589041e-04,2.28843393e-04,2.03777557e-04
9.74000000e+03,8.50602023e-04,4.18546917e-04,2.28428553e-04,2.03626554e-04
9.75000000e+03,8.48171459e-04,4.16773894e-04,2.28227162e-04,2.03170404e-04
9.76000000e+03,8.48269078e-04,4.17440030e-04,2.27866597e-04,2.02962451e-04
9.77000000e+03,8.51189706e-04,4.20701657e-04,2.27861282e-04,2.02626766e-04
9.78000000e+03,8.49194027e-04,4.19470963e-04,2.27391105e-04,2.02331959e-04
9.79000000e+03,8.45561479e-04,4.16565048e-04,2.26708066e-04,2.02288365e-04
9.80000000e+03,8.41706004e-04,4.13558466e-04,2.26465975e-04,2.01681563e-04
9.81000000e+03,8.40578295e-04,4.13030403e-04,2.26087370e-04,2.01460521e-04
9.82000000e+03,8.43631780e-04,4.16353509e-04,2.25961250e-04,2.01317021e-04
9.83000000e+03,8.38933550e-04,4.12573210e-04,2.25291648e-04,2.01068692e-04
9.84000000e+03,8.39868429e-04,4.13896731e-04,2.25172913e-04,2.00798786e-04
9.85000000e+03,8.35860557e-04,4.10761619e-04,2.24622670e-04,2.00476267e-04
9.86000000e+03,8.41806539e-04,4.16732606e-04,2.24419199e-04,2.00654734e-04
9.87000000e+03,8.37891669e-04,4.13859713e-04,2.23837426e-04,2.00194530e-04
9.88000000e+03,8.35036246e-04,4.11655194e-04,2.23842501e-04,1.99538551e-04
9.89000000e+03,8.32883549e-04,4.10170513e-04,2.23376374e-04,1.99336662e-04
9.90000000e+03,8.29389730e-04,4.07457561e-04,2.22933767e-04,1.98998402e-04
9.91000000e+03,8.28689770e-04,4.07382767e-04,2.22581132e-04,1.98725871e-04
9.92000000e+03,8.26431796e-04,4.05773399e-04,2.22259038e-04,1.98399360e-04
9.93000000e+03,8.27519337e-04,4.07329958e-04,2.22020327e-04,1.98169052e-04
9.94000000e+03,8.26449137e-04,4.06843271e-04,2.21746085e-04,1.97859781e-04
9.95000000e+03,8.25002375e-04,4.06049041e-04,2.21395250e-04,1.97558084e-04
9.96000000e+03,8.29415248e-04,4.10810879e-04,2.21354403e-04,1.97249966e-04
9.97000000e+03,8.28925565e-04,4.10681814e-04,2.20948252e-04,1.97295499e-04
9.98000000e+03,8.23904179e-04,4.06694838e-04,2.20218620e-04,1.96990721e-04
9.99000000e+03,8.19549088e-04,4.02964636e-04,2.20070524e-04,1.96513927e-04
1.00000000e+04,8.17224674e-04,4.01365670e-04,2.19540541e-04,1.96318463e-04
1.00100000e+04,8.15644455e-04,4.00358632e-04,2.19313986e-04,1.95971838e-04
1.00200000e+04,8.14342074e-04,3.99685552e-04,2.18916872e-04,1.95739650e-04
1.00300000e+04,8.13223602e-04,3.99144972e-04,2.18618422e-04,1.95460207e-04
1.00400000e+04,8.13198468e-04,3.99645238e-04,2.18257375e-04,1.95295854e-04
1.00500000e+04,8.18346857e-04,4.05049933e-04,2.18072004e-04,1.95224920e-04
1.00600000e+04,8.16591087e-04,4.03668420e-04,2.17935716e-04,1.94986951e-04
1.00700000e+04,8.10592099e-04,3.98683412e-04,2.17373336e-04,1.94535351e-04
1.00800000e+04,8.10418971e-04,3.99109388e-04,2.17065167e-04,1.94244416e-04
1.00900000e+04,8.12808170e-04,4.01729183e-04,2.16722348e-04,1.94356639e-04
1.01000000e+04,8.08420651e-04,3.98246821e-04,2.16520757e-04,1.93653073e-04
1.01100000e+04,8.12033429e-04,4.01980606e-04,2.16229577e-04,1.93823246e-04
1.01200000e+04,8.10451483e-04,4.01160098e-04,2.15839607e-04,1.93451778e-04
1.01300000e+04,8.04022072e-04,3.95611148e-04,2.15512763e-04,1.92898162e-04
1.01400000e+04,8.01488592e-04,3.93740644e-04,2.15137094e-04,1.92610854e-04
1.01500000e+04,7.99846170e-04,3.92699181e-04,2.14805692e-04,1.92341296e-04
1.01600000e+04,7.98596622e-04,3.92026062e-04,2.14466231e-04,1.92104329e-04
1.01700000e+04,7.97460641e-04,3.91459225e-04,2.14158833e-04,1.91842583e-04
1.01800000e+04,7.96550883e-04,3.91105767e-04,2.13833416e-04,1.91611701e-04
1.01900000e+04,7.97242948e-04,3.92254859e-04,2.13546756e-04,1.91441334e-04
1.02000000e+04,7.99576730e-04,3.95019501e-04,2.13378211e-04,1.91179019e-04
1.02100000e+04,8.03346044e-04,3.98911400e-04,2.12880539e-04,1.91554104e-04
1.02200000e+04,7.95070406e-04,3.91655529e-04,2.12767246e-04,1.90647631e-04
1.02300000e+04,7.92531134e-04,3.89757078e-04,2.12234744e-04,1.90539312e-04
1.02400000e+04,7.90936220e-04,3.88777976e-04,2.12123300e-04,1.90034943e-04
1.02500000e+04,7.93070509e-04,3.91251446e-04,2.11846365e-04,1.89972698e-04
1.02600000e+04,7.89848170e-04,3.88694587e-04,2.11518218e-04,1.89635365e-04
1.02700000e+04,7.87906049e-04,3.87366009e-04,2.11135123e-04,1.89404917e-04
1.02800000e+04,7.87480916e-04,3.87483869e-04,2.10775443e-04,1.89221603e-04
1.02900000e+04,7.87164298e-04,3.87716961e-04,2.10582565e-04,1.88864771e-04
1.03000000e+04,7.85003800e-04,3.86138038e-04,2.10235229e-04,1.88630533e-04
1.03100000e+04,7.84912873e-04,3.86533424e-04,2.10029913e-04,1.88349536e-04
1.03200000e+04,7.91882511e-04,3.93579006e-04,2.09915778e-04,1.88387726e-04
1.03300000e+04,7.84721962e-04,3.87345163e-04,2.09466851e-04,1.87909948e-04
1.03400000e+04,7.82722281e-04,3.85953405e-04,2.09182849e-04,1.87586027e-04
1.03500000e+04,7.79306319e-04,3.83098010e-04,2.08691391e-04,1.87516918e-04
1.03600000e+04,7.78764072e-04,3.83174978e-04,2.08505804e-04,1.87083290e-04
1.03700000e+04,7.76397408e-04,3.81360500e-04,2.08125455e-04,1.86911454e-04
1.03800000e+04,7.76872689e-04,3.82282402e-04,2.07939159e-04,1.86651128e-04
1.03900000e+04,7.75178730e-04,3.81155892e-04,2.07534128e-04,1.86488710e-04
1.04000000e+04,7.74587926e-04,3.81107020e-04,2.07202663e-04,1.86278244e-04
1.04100000e+04,7.75573300e-04,3.82481514e-04,2.07126932e-04,1.85964854e-04
1.04200000e+04,7.73908404e-04,3.81320299e-04,2.06803778e-04,1.85784327e-04
1.04300000e+04,7.73318968e-04,3.81226533e-04,2.06456615e-04,1.85635821e-04
1.04400000e+04,7.72819878e-04,3.81090553e-04,2.06243446e-04,1.85485878e-04
1.04500000e+04,7.73690211e-04,3.82496222e-04,2.05835258e-04,1.85358731e-04
1.04600000e+04,7.68805486e-04,3.78389416e-04,2.05613028e-04,1.84803042e-04
1.04700000e+04,7.70939139e-04,3.80759003e-04,2.05333663e-04,1.84846474e-04
1.04800000e+04,7.69057030e-04,3.79425852e-04,2.05097274e-04,1.84533904e-04
1.04900000e+04,7.65911162e-04,3.76978019e-04,2.04731374e-04,1.84201769e-04
1.05000000e+04,7.64466543e-04,3.76170197e-04,2.04378187e-04,1.83918158e-04
1.05100000e+04,7.62434181e-04,3.74667901e-04,2.04160365e-04,1.83605915e-04
1.05200000e+04,7.63180800e-04,3.75875333e-04,2.03830028e-04,1.83475438e-04
1.05300000e+04,7.59983789e-04,3.73297107e-04,2.03557765e-04,1.83128916e-04
1.05400000e+04,7.58968646e-04,3.72807544e-04,2.03246957e-04,1.82914145e-04
1.05500000e+04,7.59377305e-04,3.73676327e-04,2.02896805e-04,1.82804173e-04
1.05600000e+04,7.58189623e-04,3.72975468e-04,2.02712943e-04,1.82501212e-04
1.05700000e+04,7.63860996e-04,3.78673318e-04,2.02516521e-04,1.82671156e-04
1.05800000e+04,7.58031585e-04,3.73757319e-04,2.02191367e-04,1.82082898e-04
1.05900000e+04,7.56956467e-04,3.73037078e-04,2.01983120e-04,1.81936269e-04
1.06000000e+04,7.53949390e-04,3.70766252e-04,2.01594203e-04,1.81588934e-04
1.06100000e+04,7.52768478e-04,3.70043841e-04,2.01431922e-04,1.81292714e-04
1.06200000e+04,7.51606874e-04,3.69442320e-04,2.01135004e-04,1.81029550e-04
1.06300000e+04,7.50035581e-04,3.68397591e-04,2.00821180e-04,1.80816810e-04
1.06400000e+04,7.48979138e-04,3.67829482e-04,2.00501438e-04,1.80648219e-04
1.06500000e+04,7.50124260e-04,3.69358864e-04,2.00158185e-04,1.80607211e-04
1.06600000e+04,7.47591885e-04,3.67430194e-04,2.00083558e-04,1.80078133e-04
1.06700000e+04,7.48080152e-04,3.68281719e-04,1.99779398e-04,1.80019034e-04
1.06800000e+04,7.48776667e-04,3.69376261e-04,1.99583254e-04,1.79817151e-04
1.06900000e+04,7.45349105e-04,3.66593098e-04,1.99154826e-04,1.79601181e-04
1.07000000e+04,7.48382056e-04,3.69902892e-04,1.98892151e-04,1.79587013e-04
1.07100000e+04,7.46595603e-04,3.68645624e-04,1.98806953e-04,1.79143027e-04
1.07200000e+04,7.42510324e-04,3.65212929e-04,1.98383140e-04,1.78914254e-04
1.07300000e+04,7.42411798e-04,3.65502466e-04,1.98284064e-04,1.78625269e-04
1.07400000e+04,7.41447114e-04,3.65079024e-04,1.97933802e-04,1.78434288e-04
1.07500000e+04,7.38870738e-04,3.63077131e-04,1.97602553e-04,1.78191054e-04
1.07600000e+04,7.38015166e-04,3.62700286e-04,1.97322565e-04,1.77992315e-04
1.07700000e+04,7.41532983e-04,3.66299645e-04,1.97225609e-04,1.78007729e-04
1.07800000e+04,7.37209227e-04,3.62812544e-04,1.96797896e-04,1.77598787e-04
1.07900000e+04,7.36067944e-04,3.62097325e-04,1.96603749e-04,1.77366870e-04
1.08000000e+04,7.40536189e-04,3.66640815e-04,1.96455549e-04,1.77439825e-04
1.08100000e+04,7.37985400e-04,3.64755700e-04,1.96141144e-04,1.77088556e-04
1.08200000e+04,7.32910427e-04,3.60408899e-04,1.95853713e-04,1.76647815e-04
1.08300000e+04,7.34507897e-04,3.62261660e-04,1.95682686e-04,1.76563552e-04
1.08400000e+04,7.30640296e-04,3.59146069e-04,1.95219130e-04,1.76275097e-04
1.08500000e+04,7.29236403e-04,3.58228818e-04,1.94988350e-04,1.76019235e-04
1.08600000e+04,7.28474984e-04,3.57935545e-04,1.94743179e-04,1.75796260e-04
1.08700000e+04,7.31108104e-04,3.60880250e-04,1.94541095e-04,1.75686760e-04
1.08800000e+04,7.27042149e-04,3.57418097e-04,1.94247525e-04,1.75376526e-04
1.08900000e+04,7.27511704e-04,3.58273399e-04,1.94030839e-04,1.75207466e-04
1.09000000e+04,7.28807077e-04,3.59892422e-04,1.93785020e-04,1.75129634e-04
1.09100000e+04,7.25062447e-04,3.56766481e-04,1.93524247e-04,1.74771719e-04
1.09200000e+04,7.24237319e-04,3.56393843e-04,1.93304407e-04,1.74539069e-04
1.09300000e+04,7.22826824e-04,3.55500201e-04,1.93041341e-04,1.74285282e-04
1.09400000e+04,7.23138393e-04,3.56194378e-04,1.92795582e-04,1.74148433e-04
1.09500000e+04,7.22461333e-04,3.55993318e-04,1.92442507e-04,1.74025508e-04
1.09600000e+04,7.19574134e-04,3.53629783e-04,1.92140809e-04,1.73803542e-04
1.09700000e+04,7.18371798e-04,3.52889419e-04,1.91968222e-04,1.73514157e-04
1.09800000e+04,7.17506539e-04,3.52494594e-04,1.91728784e-04,1.73283161e-04
1.09900000e+04,7.20521138e-04,3.55746546e-04,1.91527086e-04,1.73247506e-04
1.10000000e+04,7.19623833e-04,3.55183360e-04,1.91325951e-04,1.73114521e-04
1.10100000e+04,7.16241420e-04,3.52478553e-04,1.91063256e-04,1.72699610e-04
1.10200000e+04,7.20505870e-04,3.56867613e-04,1.91051860e-04,1.72586397e-04
1.10300000e+04,7.17221839e-04,3.54180137e-04,1.90594231e-04,1.72447470e-04
1.10400000e+04,7.14564787e-04,3.52141229e-04,1.90335915e-04,1.72087643e-04
1.10500000e+04,7.12184568e-04,3.50236238e-04,1.90120253e-04,1.71828077e-04
1.10600000e+04,7.10870752e-04,3.49440128e-04,1.89769801e-04,1.71660823e-04
1.10700000e+04,7.10212728e-04,3.49205251e-04,1.89507219e-04,1.71500257e-04
1.10800000e+04,7.12081377e-04,3.51374624e-04,1.89290849e-04,1.71415903e-04
1.10900000e+04,7.08360497e-04,3.48208494e-04,1.89111600e-04,1.71040403e-04
1.11000000e+04,7.07060445e-04,3.47406329e-04,1.88765401e-04,1.70888716e-04
1.11100000e+04,7.06534466e-04,3.47284234e-04,1.88573767e-04,1.70676465e-04
1.11200000e+04,7.08306479e-04,3.49305775e-04,1.88379823e-04,1.70620882e-04
1.11300000e+04,7.05967794e-04,3.47541834e-04,1.88187117e-04,1.70238844e-04
1.11400000e+04,7.04364104e-04,3.46399976e-04,1.87809040e-04,1.70155088e-04
1.11500000e+04,7.07290936e-04,3.49517819e-04,1.87557752e-04,1.70215365e-04
1.11600000e+04,7.07400331e-04,3.49924674e-04,1.87598725e-04,1.69876932e-04
1.11700000e+04,7.04180045e-04,3.47344670e-04,1.87148540e-04,1.69686836e-04
1.11800000e+04,7.01485708e-04,3.45272255e-04,1.86952491e-04,1.69260962e-04
1.11900000e+04,6.99778021e-04,3.43980819e-04,1.86665679e-04,1.69131523e-04
1.12000000e+04,7.00320675e-04,3.44835146e-04,1.86441011e-04,1.69044517e-04
1.12100000e+04,6.98142782e-04,3.43223065e-04,1.86273618e-04,1.68646099e-04
1.12200000e+04,6.97070147e-04,3.42585134e-04,1.85944495e-04,1.68540518e-04
1.12300000e+04,6.99215216e-04,3.45009236e-04,1.85723113e-04,1.68482867e-04
1.12400000e+04,6.97417962e-04,3.43653643e-04,1.85648522e-04,1.68115797e-04
1.12500000e+04,6.96619235e-04,3.43339745e-04,1.85215147e-04,1.68064342e-04
1.12600000e+04,6.95885605e-04,3.42983460e-04,1.85132279e-04,1.67769866e-04
1.12700000e+04,6.94481028e-04,3.42005812e-04,1.84866906e-04,1.67608309e-04
1.12800000e+04,6.99202295e-04,3.46734570e-04,1.84784077e-04,1.67683648e-04
1.12900000e+04,6.92906200e-04,3.41321731e-04,1.84421820e-04,1.67162649e-04
1.13000000e+04,6.91273547e-04,3.40142400e-04,1.84187525e-04,1.66943622e-04
1.13100000e+04,6.89574919e-04,3.38908309e-04,1.83940961e-04,1.66725649e-04
1.13200000e+04,6.91857529e-04,3.41397593e-04,1.83846203e-04,1.66613732e-04
1.13300000e+04,6.89585981e-04,3.39652624e-04,1.83399904e-04,1.66533453e-04
1.13400000e+04,6.87365889e-04,3.37897906e-04,1.83337500e-04,1.66130484e-04
1.13500000e+04,6.86116060e-04,3.37105545e-04,1.82989145e-04,1.66021371e-04
1.13600000e+04,6.86165797e-04,3.37456643e-04,1.82871362e-04,1.65837793e-04
1.13700000e+04,6.86182267e-04,3.37842564e-04,1.82567646e-04,1.65772057e-04
1.13800000e+04,6.84899215e-04,3.37056687e-04,1.82292180e-04,1.65550348e-04
1.13900000e+04,6.85561721e-04,3.37982599e-04,1.82188972e-04,1.65390149e-04
1.14000000e+04,6.82762724e-04,3.35740559e-04,1.81925957e-04,1.65096207e-04
1.14100000e+04,6.81378806e-04,3.34827665e-04,1.81732805e-04,1.64818336e-04
1.14200000e+04,6.80358153e-04,3.34227806e-04,1.81440512e-04,1.64689835e-04
1.14300000e+04,6.79992371e-04,3.34214508e-04,1.81246188e-04,1.64531675e-04
1.14400000e+04,6.79738108e-04,3.34320958e-04,1.81020708e-04,1.64396442e-04
1.14500000e+04,6.78566138e-04,3.33625538e-04,1.80849564e-04,1.64091036e-04
1.14600000e+04,6.81798669e-04,3.37019559e-04,1.80625083e-04,1.64154028e-04
1.14700000e+04,6.82154733e-04,3.37726519e-04,1.80503230e-04,1.63924984e-04
1.14800000e+04,6.76872109e-04,3.33099591e-04,1.80124638e-04,1.63647880e-04
1.14900000e+04,6.75977887e-04,3.32622970e-04,1.79876336e-04,1.63478581e-04
1.15000000e+04,6.74280628e-04,3.31372665e-04,1.79698579e-04,1.63209384e-04
1.15100000e+04,6.75894461e-04,3.33303462e-04,1.79487446e-04,1.63103552e-04
1.15200000e+04,6.75439109e-04,3.33204950e-04,1.79273619e-04,1.62960540e-04
1.15300000e+04,6.74128491e-04,3.32244761e-04,1.79214789e-04,1.62668941e-04
1.15400000e+04,6.72636790e-04,3.31280662e-04,1.78869299e-04,1.62486830e-04
1.15500000e+04,6.71497220e-04,3.30472195e-04,1.78725505e-04,1.62299520e-04
1.15600000e+04,6.71087312e-04,3.30423799e-04,1.78508213e-04,1.62155300e-04
1.15700000e+04,6.68763933e-04,3.28617021e-04,1.78231639e-04,1.61915274e-04
1.15800000e+04,6.69103805e-04,3.29269371e-04,1.78050303e-04,1.61784131e-04
1.15900000e+04,6.69750400e-04,3.30220667e-04,1.77889511e-04,1.61640222e-04
1.16000000e+04,6.67747033e-04,3.28682465e-04,1.77651458e-04,1.61413111e-04
1.16100000e+04,6.68408072e-04,3.29652705e-04,1.77542608e-04,1.61212759e-04
1.16200000e+04,6.65474538e-04,3.27210893e-04,1.77166786e-04,1.61096859e-04
1.16300000e+04,6.64443012e-04,3.26626207e-04,1.76972405e-04,1.60844400e-04
1.16400000e+04,6.64812535e-04,3.27298916e-04,1.76770753e-04,1.60742866e-04
1.16500000e+04,6.67179844e-04,3.29868235e-04,1.76694855e-04,1.60616753e-04
1.16600000e+04,6.62734300e-04,3.26015185e-04,1.76342785e-04,1.60376330e-04
1.16700000e+04,6.62726062e-04,3.26350137e-04,1.76151530e-04,1.60224395e-04
1.16800000e+04,6.61059222e-04,3.25118110e-04,1.75966370e-04,1.59974741e-04
1.16900000e+04,6.61583149e-04,3.25962346e-04,1.75707140e-04,1.59913663e-04
1.17000000e+04,6.59321129e-04,3.24162508e-04,1.75558421e-04,1.59600200e-04
1.17100000e+04,6.59529550e-04,3.24684625e-04,1.75404056e-04,1.59440870e-04
1.17200000e+04,6.57866166e-04,3.23453985e-04,1.75152702e-04,1.59259480e-04
1.17300000e+04,6.59020033e-04,3.24797278e-04,1.75112872e-04,1.59109883e-04
1.17400000e+04,6.58947206e-04,3.25140687e-04,1.74815159e-04,1.58991359e-04
1.17500000e+04,6.56936763e-04,3.23563884e-04,1.74467377e-04,1.58905502e-04
1.17600000e+04,6.55497703e-04,3.22530141e-04,1.74312609e-04,1.58654953e-04
1.17700000e+04,6.55554646e-04,3.22956148e-04,1.74206519e-04,1.58391979e-04
1.17800000e+04,6.53654910e-04,3.21491561e-04,1.73878851e-04,1.58284498e-04
1.17900000e+04,6.54555008e-04,3.22694008e-04,1.73733817e-04,1.58127183e-04
1.18000000e+04,6.53816287e-04,3.22311128e-04,1.73577832e-04,1.57927327e-04
1.18100000e+04,6.52495612e-04,3.21359526e-04,1.73376651e-04,1.57759435e-04
1.18200000e+04,6.50452748e-04,3.19771671e-04,1.73084227e-04,1.57596849e-04
1.18300000e+04,6.49624237e-04,3.19335456e-04,1.72924823e-04,1.57363958e-04
1.18400000e+04,6.48622076e-04,3.18709113e-04,1.72694363e-04,1.57218600e-04
1.18500000e+04,6.48725650e-04,3.19130847e-04,1.72452776e-04,1.57142027e-04
1.18600000e+04,6.47317173e-04,3.18128865e-04,1.72305736e-04,1.56882573e-04
1.18700000e+04,6.49838240e-04,3.20710391e-04,1.72135415e-04,1.56992435e-04
1.18800000e+04,6.47453972e-04,3.18956318e-04,1.71955428e-04,1.56542226e-04
1.18900000e+04,6.45817581e-04,3.17706897e-04,1.71661985e-04,1.56448699e-04
1.19000000e+04,6.45698252e-04,3.17942466e-04,1.71499005e-04,1.56256781e-04
1.19100000e+04,6.43748896e-04,3.16393450e-04,1.71362094e-04,1.55993352e-04
1.19200000e+04,6.42838949e-04,3.15856908e-04,1.71131312e-04,1.55850729e-04
1.19300000e+04,6.44166354e-04,3.17409967e-04,1.71028630e-04,1.55727757e-04
1.19400000e+04,6.45196432e-04,3.18687263e-04,1.70791791e-04,1.55717378e-04
1.19500000e+04,6.41940736e-04,3.15987550e-04,1.70633739e-04,1.55319447e-04
1.19600000e+04,6.40658583e-04,3.15061186e-04,1.70409013e-04,1.55188384e-04
1.19700000e+04,6.39719552e-04,3.14528985e-04,1.70174736e-04,1.55015831e-04
1.19800000e+04,6.40368365e-04,3.15436574e-04,1.70058287e-04,1.54873504e-04
1.19900000e+04,6.38519156e-04,3.13999633e-04,1.69774989e-04,1.54744534e-04
1.20000000e+04,6.39724256e-04,3.15525754e-04,1.69575647e-04,1.54622856e-04
1.20100000e+04,6.41331557e-04,3.17279488e-04,1.69390710e-04,1.54661359e-04
1.20200000e+04,6.37064535e-04,3.13551365e-04,1.69356019e-04,1.54157151e-04
1.20300000e+04,6.38077403e-04,3.14782193e-04,1.69150951e-04,1.54144258e-04
1.20400000e+04,6.35446379e-04,3.12690400e-04,1.68787477e-04,1.53968502e-04
1.20500000e+04,6.35322049e-04,3.12853437e-04,1.68668757e-04,1.53799854e-04
1.20600000e+04,6.34154801e-04,3.12024897e-04,1.68522400e-04,1.53607504e-04
1.20700000e+04,6.32490218e-04,3.10841322e-04,1.68266851e-04,1.53382045e-04
1.20800000e+04,6.31778738e-04,3.10447068e-04,1.68088549e-04,1.53243121e-04
1.20900000e+04,6.30985449e-04,3.10035432e-04,1.67894458e-04,1.53055559e-04
1.21000000e+04,6.30265689e-04,3.09652353e-04,1.67707296e-04,1.52906040e-04
1.21100000e+04,6.29904083e-04,3.09635255e-04,1.67528955e-04,1.52739873e-04
1.21200000e+04,6.30567617e-04,3.10567256e-04,1.67376034e-04,1.52624327e-04
1.21300000e+04,6.29408632e-04,3.09761135e-04,1.67182206e-04,1.52465291e-04
1.21400000e+04,6.30064856e-04,3.10696334e-04,1.67031806e-04,1.52336716e-04
1.21500000e+04,6.27375835e-04,3.08454704e-04,1.66798469e-04,1.52122662e-04
1.21600000e+04,6.26594663e-04,3.08042728e-04,1.66590146e-04,1.51961790e-04
1.21700000e+04,6.26801296e-04,3.08538407e-04,1.66429036e-04,1.51833854e-04
1.21800000e+04,6.26963587e-04,3.08971748e-04,1.66332802e-04,1.51659037e-04
1.21900000e+04,6.25371228e-04,3.07753619e-04,1.66106090e-04,1.51511518e-04
1.22000000e+04,6.23696604e-04,3.06497985e-04,1.65877448e-04,1.51321171e-04
1.22100000e+04,6.25926868e-04,3.08824113e-04,1.65772778e-04,1.51329977e-04
1.22200000e+04,6.23300169e-04,3.06720555e-04,1.65492856e-04,1.51086759e-04
1.22300000e+04,6.21931300e-04,3.05740937e-04,1.65266013e-04,1.50924351e-04
1.22400000e+04,6.21723935e-04,3.05847347e-04,1.65101864e-04,1.50774725e-04
1.22500000e+04,6.21468450e-04,3.05921396e-04,1.64939370e-04,1.50607684e-04
1.22600000e+04,6.23792859e-04,3.08288210e-04,1.64864148e-04,1.50640501e-04
1.22700000e+04,6.20397096e-04,3.05463575e-04,1.64655994e-04,1.50277527e-04
1.22800000e+04,6.19134214e-04,3.04565521e-04,1.64454138e-04,1.50114555e-04
1.22900000e+04,6.19473946e-04,3.05215690e-04,1.64301757e-04,1.49956499e-04
1.23000000e+04,6.19148266e-04,3.05181415e-04,1.64155967e-04,1.49810884e-04
1.23100000e+04,6.17614047e-04,3.04053148e-04,1.63821495e-04,1.49739404e-04
1.23200000e+04,6.16388839e-04,3.03166364e-04,1.63753593e-04,1.49468881e-04
1.23300000e+04,6.17465488e-04,3.04462142e-04,1.63609796e-04,1.49393550e-04
1.23400000e+04,6.14585123e-04,3.02069046e-04,1.63325736e-04,1.49190341e-04
1.23500000e+04,6.13824837e-04,3.01640403e-04,1.63203176e-04,1.48981258e-04
1.23600000e+04,6.13457533e-04,3.01576566e-04,1.62997768e-04,1.48883200e-04
1.23700000e+04,6.12773759e-04,3.01229520e-04,1.62840343e-04,1.48703897e-04
1.23800000e+04,6.13110305e-04,3.01820317e-04,1.62659288e-04,1.48630699e-04
1.23900000e+04,6.11446373e-04,3.00564539e-04,1.62446222e-04,1.48435611e-04
1.24000000e+04,6.10675045e-04,3.00104586e-04,1.62337589e-04,1.48232870e-04
1.24100000e+04,6.10480679e-04,3.00203680e-04,1.62095997e-04,1.48181002e-04
1.24200000e+04,6.10349792e-04,3.00358855e-04,1.61950300e-04,1.48040637e-04
1.24300000e+04,6.09606017e-04,3.00017330e-04,1.61767803e-04,1.47820883e-04
1.24400000e+04,6.08391186e-04,2.99130944e-04,1.61605077e-04,1.47655165e-04
1.24500000e+04,6.07903212e-04,2.98968368e-04,1.61424986e-04,1.47509858e-04
1.24600000e+04,6.08754332e-04,3.00025230e-04,1.61349901e-04,1.47379200e-04
1.24700000e+04,6.06976578e-04,2.98631689e-04,1.61110243e-04,1.47234646e-04
1.24800000e+04,6.05983373e-04,2.98005273e-04,1.60916908e-04,1.47061191e-04
1.24900000e+04,6.04996228e-04,2.97340022e-04,1.60751541e-04,1.46904665e-04
1.25000000e+04,6.05312117e-04,2.97937789e-04,1.60562844e-04,1.46811484e-04
1.25100000e+04,6.04291171e-04,2.97220458e-04,1.60389915e-04,1.46680798e-04
1.25200000e+04,6.03815700e-04,2.97081482e-04,1.60225798e-04,1.46508420e-04
1.25300000e+04,6.04534961e-04,2.98074299e-04,1.60154405e-04,1.46306258e-04
1.25400000e+04,6.02148571e-04,2.96064154e-04,1.59887121e-04,1.46197297e-04
1.25500000e+04,6.02419881e-04,2.96624977e-04,1.59761398e-04,1.46033506e-04
1.25600000e+04,6.02855186e-04,2.97290140e-04,1.59505865e-04,1.46059181e-04
1.25700000e+04,6.01908572e-04,2.96634077e-04,1.59498959e-04,1.45775536e-04
1.25800000e+04,5.99563533e-04,2.94744267e-04,1.59222238e-04,1.45597028e-04
1.25900000e+04,5.99406840e-04,2.94874065e-04,1.59143218e-04,1.45389557e-04
1.26000000e+04,5.99461246e-04,2.95161608e-04,1.59015949e-04,1.45283690e-04
1.26100000e+04,5.98478743e-04,2.94517527e-04,1.58726203e-04,1.45235013e-04
1.26200000e+04,5.98649861e-04,2.94908834e-04,1.58638463e-04,1.45102563e-04
1.26300000e+04,5.96779888e-04,2.93495995e-04,1.58391953e-04,1.44891941e-04
1.26400000e+04,5.95745633e-04,2.92788138e-04,1.58254875e-04,1.44702620e-04
1.26500000e+04,5.95182574e-04,2.92559534e-04,1.58045910e-04,1.44577129e-04
1.26600000e+04,5.95076294e-04,2.92747314e-04,1.57886546e-04,1.44442434e-04
1.26700000e+04,5.94439172e-04,2.92384949e-04,1.57774073e-04,1.44280150e-04
1.26800000e+04,5.94039587e-04,2.92303615e-04,1.57625550e-04,1.44110422e-04
1.26900000e+04,5.92808534e-04,2.91383026e-04,1.57392021e-04,1.44033487e-04
1.27000000e+04,5.94087952e-04,2.92903208e-04,1.57225487e-04,1.43959257e-04
1.27100000e+04,5.94017339e-04,2.93087106e-04,1.57082563e-04,1.43847670e-04
1.27200000e+04,5.91353221e-04,2.90837108e-04,1.56934590e-04,1.43581524e-04
1.27300000e+04,5.90365090e-04,2.90156100e-04,1.56765449e-04,1.43443541e-04
1.27400000e+04,5.91222962e-04,2.91258331e-04,1.56564124e-04,1.43400506e-04
1.27500000e+04,5.89793679e-04,2.90153629e-04,1.56431367e-04,1.43208683e-04
1.27600000e+04,5.89486236e-04,2.90116950e-04,1.56329247e-04,1.43040039e-04
1.27700000e+04,5.88381888e-04,2.89359896e-04,1.56093510e-04,1.42928482e-04
1.27800000e+04,5.87846008e-04,2.89084387e-04,1.56017033e-04,1.42744589e-04
1.27900000e+04,5.87301167e-04,2.88840110e-04,1.55839216e-04,1.42621841e-04
1.28000000e+04,5.86025381e-04,2.87935773e-04,1.55632501e-04,1.42457106e-04
1.28100000e+04,5.85975721e-04,2.88151480e-04,1.55480581e-04,1.42343660e-04
1.28200000e+04,5.84988680e-04,2.87496321e-04,1.55323247e-04,1.42169112e-04
1.28300000e+04,5.85804556e-04,2.88502900e-04,1.55202251e-04,1.42099405e-04
1.28400000e+04,5.84211465e-04,2.87281285e-04,1.54987546e-04,1.41942634e-04
1.28500000e+04,5.84180285e-04,2.87547350e-04,1.54853989e-04,1.41778946e-04
1.28600000e+04,5.84960766e-04,2.88521144e-04,1.54700497e-04,1.41739125e-04
1.28700000e+04,5.82676424e-04,2.86629898e-04,1.54569218e-04,1.41477309e-04
1.28800000e+04,5.81643401e-04,2.85922825e-04,1.54383722e-04,1.41336854e-04
1.28900000e+04,5.82281446e-04,2.86761214e-04,1.54335702e-04,1.41184530e-04
1.29000000e+04,5.81873118e-04,2.86679062e-04,1.54120250e-04,1.41073806e-04
1.29100000e+04,5.80695429e-04,2.85787198e-04,1.53912666e-04,1.40995565e-04
1.29200000e+04,5.79873114e-04,2.85281837e-04,1.53765304e-04,1.40825973e-04
1.29300000e+04,5.78759839e-04,2.84494171e-04,1.53594373e-04,1.40671295e-04
1.29400000e+04,5.78016045e-04,2.84044395e-04,1.53435978e-04,1.40535671e-04
1.29500000e+04,5.78837740e-04,2.85055470e-04,1.53253557e-04,1.40528713e-04
1.29600000e+04,5.77321307e-04,2.83915318e-04,1.53189135e-04,1.40216855e-04
1.29700000e+04,5.76757419e-04,2.83607043e-04,1.52994805e-04,1.40155572e-04
1.29800000e+04,5.77688642e-04,2.84683811e-04,1.52944849e-04,1.40059981e-04
1.29900000e+04,5.75700609e-04,2.83168634e-04,1.52702384e-04,1.39829592e-04
1.30000000e+04,5.74947867e-04,2.82682914e-04,1.52489506e-04,1.39775447e-04
1.30100000e+04,5.74496858e-04,2.82499544e-04,1.52411735e-04,1.39585580e-04
1.30200000e+04,5.73796263e-04,2.82100094e-04,1.52230286e-04,1.39465883e-04
1.30300000e+04,5.73247939e-04,2.81828980e-04,1.52067183e-04,1.39351776e-04
1.30400000e+04,5.72462481e-04,2.81375508e-04,1.51914970e-04,1.39172003e-04
1.30500000e+04,5.72667031e-04,2.81780941e-04,1.51825117e-04,1.39060972e-04
1.30600000e+04,5.71522723e-04,2.81006128e-04,1.51596227e-04,1.38920368e-04
1.30700000e+04,5.70650149e-04,2.80406223e-04,1.51468843e-04,1.38775082e-04
1.30800000e+04,5.70369831e-04,2.80406806e-04,1.51292480e-04,1.38670545e-04
1.30900000e+04,5.71933387e-04,2.82095521e-04,1.51235113e-04,1.38602753e-04
1.31000000e+04,5.71244786e-04,2.81717408e-04,1.51072773e-04,1.38454605e-04
1.31100000e+04,5.69264716e-04,2.80081149e-04,1.50872727e-04,1.38310840e-04
1.31200000e+04,5.69027747e-04,2.80112578e-04,1.50758889e-04,1.38156280e-04
1.31300000e+04,5.67830051e-04,2.79249926e-04,1.50556560e-04,1.38023565e-04
1.31400000e+04,5.67486943e-04,2.79167372e-04,1.50429225e-04,1.37890346e-04
1.31500000e+04,5.66415712e-04,2.78403076e-04,1.50264401e-04,1.37748235e-04
1.31600000e+04,5.65765004e-04,2.78035686e-04,1.50114118e-04,1.37615201e-04
1.31700000e+04,5.65209065e-04,2.77758100e-04,1.49977029e-04,1.37473936e-04
1.31800000e+04,5.65544863e-04,2.78291645e-04,1.49885716e-04,1.37367502e-04
1.31900000e+04,5.64649625e-04,2.77753420e-04,1.49696134e-04,1.37200071e-04
1.32000000e+04,5.64039505e-04,2.77385051e-04,1.49541699e-04,1.37112756e-04
1.32100000e+04,5.63862991e-04,2.77488248e-04,1.49404156e-04,1.36970587e-04
1.32200000e+04,5.62794031e-04,2.76697424e-04,1.49279081e-04,1.36817527e-04
1.32300000e+04,5.63009623e-04,2.77136650e-04,1.49140454e-04,1.36732519e-04
1.32400000e+04,5.61957756e-04,2.76428547e-04,1.48930715e-04,1.36598495e-04
1.32500000e+04,5.62213672e-04,2.76878645e-04,1.48806097e-04,1.36528930e-04
1.32600000e+04,5.60751247e-04,2.75754856e-04,1.48680596e-04,1.36315795e-04
1.32700000e+04,5.59751670e-04,2.75064716e-04,1.48497641e-04,1.36189313e-04
1.32800000e+04,5.59237739e-04,2.74823157e-04,1.48364274e-04,1.36050307e-04
1.32900000e+04,5.59125323e-04,2.74959728e-04,1.48270683e-04,1.35894912e-04
1.33000000e+04,5.58808366e-04,2.74895872e-04,1.48145842e-04,1.35766652e-04
1.33100000e+04,5.57821868e-04,2.74200179e-04,1.47887621e-04,1.35734068e-04
1.33200000e+04,5.57892518e-04,2.74495226e-04,1.47821465e-04,1.35575827e-04
1.33300000e+04,5.57133714e-04,2.74023197e-04,1.47661213e-04,1.35449304e-04
1.33400000e+04,5.57264002e-04,2.74416308e-04,1.47532278e-04,1.35315416e-04
1.33500000e+04,5.56123566e-04,2.73556796e-04,1.47359875e-04,1.35206896e-04
1.33600000e+04,5.55499936e-04,2.73187240e-04,1.47265874e-04,1.35046822e-04
1.33700000e+04,5.55785685e-04,2.73677670e-04,1.47155630e-04,1.34952384e-04
1.33800000e+04,5.55388486e-04,2.73552546e-04,1.46879859e-04,1.34956081e-04
1.33900000e+04,5.53727007e-04,2.72261277e-04,1.46809073e-04,1.34656657e-04
1.34000000e+04,5.53004362e-04,2.71793057e-04,1.46629051e-04,1.34582255e-04
1.34100000e+04,5.52384111e-04,2.71451610e-04,1.46494964e-04,1.34437537e-04
1.34200000e+04,5.52128474e-04,2.71425787e-04,1.46374454e-04,1.34328234e-04
1.34300000e+04,5.51618147e-04,2.71178016e-04,1.46240192e-04,1.34199939e-04
1.34400000e+04,5.52600268e-04,2.72289219e-04,1.46190153e-04,1.34120895e-04
1.34500000e+04,5.50758460e-04,2.70876078e-04,1.45937757e-04,1.33944624e-04
1.34600000e+04,5.50090090e-04,2.70451562e-04,1.45826389e-04,1.33812139e-04
1.34700000e+04,5.49910048e-04,2.70551244e-04,1.45628352e-04,1.33730451e-04
1.34800000e+04,5.49428343e-04,2.70289391e-04,1.45525373e-04,1.33613579e-04
1.34900000e+04,5.48956142e-04,2.70102545e-04,1.45404301e-04,1.33449296e-04
1.35000000e+04,5.48464096e-04,2.69863498e-04,1.45259893e-04,1.33340705e-04
1.35100000e+04,5.47608662e-04,2.69278672e-04,1.45093261e-04,1.33236728e-04
1.35200000e+04,5.46784887e-04,2.68741403e-04,1.44963326e-04,1.33080158e-04
1.35300000e+04,5.46344046e-04,2.68558419e-04,1.44815755e-04,1.32969872e-04
1.35400000e+04,5.46536798e-04,2.68971131e-04,1.44672765e-04,1.32892902e-04
1.35500000e+04,5.46395792e-04,2.69058781e-04,1.44583865e-04,1.32753145e-04
1.35600000e+04,5.44849491e-04,2.67830562e-04,1.44392147e-04,1.32626782e-04
1.35700000e+04,5.44340804e-04,2.67577834e-04,1.44305668e-04,1.32457302e-04
1.35800000e+04,5.43978057e-04,2.67473314e-04,1.44120017e-04,1.32384725e-04
1.35900000e+04,5.43757989e-04,2.67476700e-04,1.44068087e-04,1.32213202e-04
1.36000000e+04,5.43508530e-04,2.67467900e-04,1.43958394e-04,1.32082237e-04
1.36100000e+04,5.42399924e-04,2.66679054e-04,1.43693176e-04,1.32027694e-04
1.36200000e+04,5.42467307e-04,2.66928290e-04,1.43633982e-04,1.31905035e-04
1.36300000e+04,5.41599470e-04,2.66358840e-04,1.43436194e-04,1.31804436e-04
1.36400000e+04,5.40997370e-04,2.65988569e-04,1.43355054e-04,1.31653747e-04
1.36500000e+04,5.40805115e-04,2.66040660e-04,1.43227951e-04,1.31536505e-04
1.36600000e+04,5.41608299e-04,2.67010406e-04,1.43138375e-04,1.31459519e-04
1.36700000e+04,5.40195769e-04,2.65916715e-04,1.42946345e-04,1.31332709e-04
1.36800000e+04,5.39227469e-04,2.65233265e-04,1.42799507e-04,1.31194696e-04
1.36900000e+04,5.38329824e-04,2.64634613e-04,1.42650309e-04,1.31044902e-04
1.37000000e+04,5.37758850e-04,2.64308051e-04,1.42525681e-04,1.30925118e-04
1.37100000e+04,5.37749426e-04,2.64541307e-04,1.42394444e-04,1.30813676e-04
1.37200000e+04,5.36814996e-04,2.63853370e-04,1.42258551e-04,1.30703074e-04
1.37300000e+04,5.36556319e-04,2.63849514e-04,1.42119839e-04,1.30586966e-04
1.37400000e+04,5.35634786e-04,2.63192357e-04,1.41990278e-04,1.30452151e-04
1.37500000e+04,5.35167133e-04,2.62973536e-04,1.41854854e-04,1.30338744e-04
1.37600000e+04,5.34970448e-04,2.63004290e-04,1.41745720e-04,1.30220438e-04
1.37700000e+04,5.34774415e-04,2.63011358e-04,1.41624852e-04,1.30138205e-04
1.37800000e+04,5.34100467e-04,2.62630351e-04,1.41450111e-04,1.30020004e-04
1.37900000e+04,5.34663368e-04,2.63361343e-04,1.41311781e-04,1.29990243e-04
1.38000000e+04,5.33773562e-04,2.62803120e-04,1.41203192e-04,1.29767249e-04
1.38100000e+04,5.32944733e-04,2.62187203e-04,1.41125491e-04,1.29632039e-04
1.38200000e+04,5.32580349e-04,2.62081906e-04,1.40947683e-04,1.29550760e-04
1.38300000e+04,5.31774178e-04,2.61542437e-04,1.40858844e-04,1.29372897e-04
1.38400000e+04,5.30894000e-04,2.60914898e-04,1.40659268e-04,1.29319834e-04
1.38500000e+04,5.30374068e-04,2.60650121e-04,1.40555094e-04,1.29168852e-04
1.38600000e+04,5.30126592e-04,2.60628199e-04,1.40416057e-04,1.29082336e-04
1.38700000e+04,5.29726087e-04,2.60468686e-04,1.40288535e-04,1.28968866e-04
1.38800000e+04,5.30045646e-04,2.60939050e-04,1.40185229e-04,1.28921367e-04
1.38900000e+04,5.29669843e-04,2.60838060e-04,1.40035005e-04,1.28796777e-04
1.39000000e+04,5.28126134e-04,2.59595055e-04,1.39921376e-04,1.28609702e-04
1.39100000e+04,5.27647288e-04,2.59358416e-04,1.39786978e-04,1.28501894e-04
1.39200000e+04,5.27468234e-04,2.59404247e-04,1.39686402e-04,1.28377585e-04
1.39300000e+04,5.26881872e-04,2.59075225e-04,1.39535315e-04,1.28271333e-04
1.39400000e+04,5.26213562e-04,2.58658291e-04,1.39392475e-04,1.28162795e-04
1.39500000e+04,5.26511652e-04,2.59160234e-04,1.39254257e-04,1.28097161e-04
1.39600000e+04,5.25216096e-04,2.58145007e-04,1.39143377e-04,1.27927713e-04
1.39700000e+04,5.24925594e-04,2.58073671e-04,1.39030893e-04,1.27821029e-04
1.39800000e+04,5.24701992e-04,2.58090668e-04,1.38869419e-04,1.27741904e-04
1.39900000e+04,5.23913536e-04,2.57546230e-04,1.38777211e-04,1.27590095e-04
1.40000000e+04,5.24298632e-04,2.58145123e-04,1.38644933e-04,1.27508576e-04
1.40100000e+04,5.23454137e-04,2.57520126e-04,1.38535041e-04,1.27398970e-04
1.40200000e+04,5.22477109e-04,2.56835653e-04,1.38378549e-04,1.27262908e-04
1.40300000e+04,5.22022297e-04,2.56601928e-04,1.38262086e-04,1.27158283e-04
1.40400000e+04,5.21681167e-04,2.56497396e-04,1.38121769e-04,1.27062002e-04
1.40500000e+04,5.21364835e-04,2.56408980e-04,1.37993006e-04,1.26962850e-04
1.40600000e+04,5.21131423e-04,2.56384699e-04,1.37892117e-04,1.26854606e-04
1.40700000e+04,5.20503851e-04,2.56002978e-04,1.37753282e-04,1.26747591e-04
1.40800000e+04,5.19634618e-04,2.55410048e-04,1.37633397e-04,1.26591173e-04
1.40900000e+04,5.19252122e-04,2.55250998e-04,1.37514385e-04,1.26486739e-04
1.41000000e+04,5.19797654e-04,2.55972005e-04,1.37432674e-04,1.26392976e-04
1.41100000e+04,5.18471861e-04,2.54926560e-04,1.37242415e-04,1.26302886e-04
1.41200000e+04,5.18055994e-04,2.54751213e-04,1.37108865e-04,1.26195916e-04
1.41300000e+04,5.18379649e-04,2.55201941e-04,1.37060471e-04,1.26117237e-04
1.41400000e+04,5.17750276e-04,2.54872198e-04,1.36915305e-04,1.25962773e-04
1.41500000e+04,5.18137910e-04,2.55446125e-04,1.36777126e-04,1.25914659e-04
1.41600000e+04,5.16904190e-04,2.54449520e-04,1.36620639e-04,1.25834032e-04
1.41700000e+04,5.15878870e-04,2.53709506e-04,1.36565075e-04,1.25604289e-04
1.41800000e+04,5.15198152e-04,2.53263072e-04,1.36426290e-04,1.25508789e-04
1.41900000e+04,5.14760717e-04,2.53078641e-04,1.36286081e-04,1.25395995e-04
1.42000000e+04,5.14320876e-04,2.52864826e-04,1.36182272e-04,1.25273779e-04
1.42100000e+04,5.13804886e-04,2.52570680e-04,1.36024780e-04,1.25209427e-04
1.42200000e+04,5.13342453e-04,2.52343893e-04,1.35929983e-04,1.25068577e-04
1.42300000e+04,5.12867289e-04,2.52095724e-04,1.35815590e-04,1.24955975e-04
1.42400000e+04,5.12955514e-04,2.52403190e-04,1.35694472e-04,1.24857852e-04
1.42500000e+04,5.12384831e-04,2.52026252e-04,1.35611289e-04,1.24747290e-04
1.42600000e+04,5.12312064e-04,2.52179810e-04,1.35410325e-04,1.24721928e-04
1.42700000e+04,5.11363276e-04,2.51491874e-04,1.35370047e-04,1.24501354e-04
1.42800000e+04,5.10659573e-04,2.51029663e-04,1.35167180e-04,1.24462730e-04
1.42900000e+04,5.10881951e-04,2.51447218e-04,1.35105267e-04,1.24329466e-04
1.43000000e+04,5.10065067e-04,2.50881876e-04,1.34944820e-04,1.24238371e-04
1.43100000e+04,5.09412425e-04,2.50452174e-04,1.34842589e-04,1.24117661e-04
1.43200000e+04,5.09075698e-04,2.50333611e-04,1.34743346e-04,1.23998740e-04
1.43300000e+04,5.08421362e-04,2.49908697e-04,1.34618317e-04,1.23894347e-04
1.43400000e+04,5.08121029e-04,2.49835377e-04,1.34476450e-04,1.23809202e-04
1.43500000e+04,5.08231111e-04,2.50106437e-04,1.34380172e-04,1.23744503e-04
1.43600000e+04,5.07400587e-04,2.49562519e-04,1.34267751e-04,1.23570316e-04
1.43700000e+04,5.06901376e-04,2.49270841e-04,1.34129910e-04,1.23500625e-04
1.43800000e+04,5.06746436e-04,2.49306770e-04,1.34077971e-04,1.23361695e-04
1.43900000e+04,5.06294994e-04,2.49115823e-04,1.33893915e-04,1.23285256e-04
1.44000000e+04,5.05823129e-04,2.48826450e-04,1.33847877e-04,1.23148801e-04
1.44100000e+04,5.05551475e-04,2.48791953e-04,1.33721523e-04,1.23037999e-04
1.44200000e+04,5.05110161e-04,2.48557176e-04,1.33566439e-04,1.22986546e-04
1.44300000e+04,5.04605152e-04,2.48286749e-04,1.33442977e-04,1.22875426e-04
1.44400000e+04,5.03721417e-04,2.47659992e-04,1.33306451e-04,1.22754975e-04
1.44500000e+04,5.03854823e-04,2.47990170e-04,1.33181514e-04,1.22683139e-04
1.44600000e+04,5.02855639e-04,2.47217447e-04,1.33103974e-04,1.22534218e-04
1.44700000e+04,5.02357428e-04,2.46945006e-04,1.32960335e-04,1.22452087e-04
1.44800000e+04,5.02386783e-04,2.47134191e-04,1.32892319e-04,1.22360273e-04
1.44900000e+04,5.02084975e-04,2.47047938e-04,1.32765698e-04,1.22271339e-04
1.45000000e+04,5.01400531e-04,2.46643279e-04,1.32603008e-04,1.22154244e-04
1.45100000e+04,5.01035653e-04,2.46494371e-04,1.32511000e-04,1.22030282e-04
1.45200000e+04,5.00397831e-04,2.46078179e-04,1.32410088e-04,1.21909564e-04
1.45300000e+04,4.99839621e-04,2.45738051e-04,1.32285335e-04,1.21816236e-04
1.45400000e+04,4.99314403e-04,2.45444597e-04,1.32158185e-04,1.21711620e-04
1.45500000e+04,4.98882816e-04,2.45211303e-04,1.32047001e-04,1.21624512e-04
1.45600000e+04,4.98388467e-04,2.44948517e-04,1.31932008e-04,1.21507942e-04
1.45700000e+04,4.97983950e-04,2.44759940e-04,1.31815368e-04,1.21408642e-04
1.45800000e+04,4.98218173e-04,2.45167195e-04,1.31724324e-04,1.21326654e-04
1.45900000e+04,4.97799263e-04,2.44984545e-04,1.31561503e-04,1.21253215e-04
1.46000000e+04,4.97258341e-04,2.44641905e-04,1.31507817e-04,1.21108619e-04
1.46100000e+04,4.96830634e-04,2.44422887e-04,1.31392382e-04,1.21015366e-04
1.46200000e+04,4.96213034e-04,2.44035857e-04,1.31229860e-04,1.20947317e-04
1.46300000e+04,4.95623663e-04,2.43677415e-04,1.31156079e-04,1.20790168e-04
1.46400000e+04,4.95271505e-04,2.43515696e-04,1.31033084e-04,1.20722725e-04
1.46500000e+04,4.94730389e-04,2.43200751e-04,1.30928637e-04,1.20601002e-04
1.46600000e+04,4.94294906e-04,2.42981740e-04,1.30804862e-04,1.20508304e-04
1.46700000e+04,4.93933635e-04,2.42833617e-04,1.30696542e-04,1.20403476e-04
1.46800000e+04,4.93443251e-04,2.42553258e-04,1.30564125e-04,1.20325868e-04
1.46900000e+04,4.93708239e-04,2.42977806e-04,1.30438006e-04,1.20292427e-04
1.47000000e+04,4.93914189e-04,2.43335550e-04,1.30456504e-04,1.20122136e-04
1.47100000e+04,4.92690328e-04,2.42408645e-04,1.30252626e-04,1.20029057e-04
1.47200000e+04,4.92290109e-04,2.42183157e-04,1.30195210e-04,1.19911743e-04
1.47300000e+04,4.91450822e-04,2.41623934e-04,1.30007985e-04,1.19818904e-04
1.47400000e+04,4.91155060e-04,2.41521341e-04,1.29926206e-04,1.19707513e-04
1.47500000e+04,4.91176241e-04,2.41729871e-04,1.29820568e-04,1.19625801e-04
1.47600000e+04,4.90506304e-04,2.41283868e-04,1.29702676e-04,1.19519760e-04
1.47700000e+04,4.89829580e-04,2.40815191e-04,1.29588373e-04,1.19426016e-04
1.47800000e+04,4.89395525e-04,2.40602687e-04,1.29477507e-04,1.19315332e-04
1.47900000e+04,4.89659663e-04,2.41033536e-04,1.29365412e-04,1.19260715e-04
1.48000000e+04,4.88708609e-04,2.40317117e-04,1.29250490e-04,1.19141001e-04
1.48100000e+04,4.88136459e-04,2.39958565e-04,1.29148305e-04,1.19029588e-04
1.48200000e+04,4.87692677e-04,2.39728665e-04,1.29032122e-04,1.18931890e-04
1.48300000e+04,4.87440791e-04,2.39672118e-04,1.28923417e-04,1.18845257e-04
1.48400000e+04,4.87051925e-04,2.39492657e-04,1.28797417e-04,1.18761852e-04
1.48500000e+04,4.86558638e-04,2.39199493e-04,1.28705650e-04,1.18653495e-04
1.48600000e+04,4.86087212e-04,2.38941529e-04,1.28607458e-04,1.18538225e-04
1.48700000e+04,4.85663369e-04,2.38724260e-04,1.28498222e-04,1.18440887e-04
1.48800000e+04,4.85640193e-04,2.38886483e-04,1.28392568e-04,1.18361142e-04
1.48900000e+04,4.85923872e-04,2.39338069e-04,1.28266599e-04,1.18319203e-04
1.49000000e+04,4.84666955e-04,2.38324430e-04,1.28195173e-04,1.18147353e-04
1.49100000e+04,4.84237302e-04,2.38110105e-04,1.28059693e-04,1.18067504e-04
1.49200000e+04,4.84051299e-04,2.38104858e-04,1.27968530e-04,1.17977910e-04
1.49300000e+04,4.83577274e-04,2.37842762e-04,1.27861022e-04,1.17873490e-04
1.49400000e+04,4.83302234e-04,2.37766538e-04,1.27736950e-04,1.17798746e-04
1.49500000e+04,4.83221381e-04,2.37873885e-04,1.27640876e-04,1.17706620e-04
1.49600000e+04,4.82322665e-04,2.37196732e-04,1.27558897e-04,1.17567035e-04
1.49700000e+04,4.81791636e-04,2.36874070e-04,1.27413445e-04,1.17504120e-04
1.49800000e+04,4.81769894e-04,2.37050995e-04,1.27314588e-04,1.17404311e-04
1.49900000e+04,4.81028693e-04,2.36515802e-04,1.27223461e-04,1.17289431e-04
1.50000000e+04,4.80543178e-04,2.36230795e-04,1.27114058e-04,1.17198325e-04
1.50100000e+04,4.80217063e-04,2.36095425e-04,1.27017458e-04,1.17104180e-04
1.50200000e+04,4.79837594e-04,2.35909508e-04,1.26929149e-04,1.16998937e-04
1.50300000e+04,4.79975124e-04,2.36212739e-04,1.26860935e-04,1.16901450e-04
1.50400000e+04,4.79535427e-04,2.36001295e-04,1.26708847e-04,1.16825285e-04
1.50500000e+04,4.79038189e-04,2.35675912e-04,1.26596892e-04,1.16765385e-04
1.50600000e+04,4.78875522e-04,2.35725412e-04,1.26515821e-04,1.16634289e-04
1.50700000e+04,4.78030909e-04,2.35095069e-04,1.26368450e-04,1.16567390e-04
1.50800000e+04,4.77549437e-04,2.34828782e-04,1.26284933e-04,1.16435723e-04
1.50900000e+04,4.77223830e-04,2.34707223e-04,1.26162931e-04,1.16353676e-04
1.51000000e+04,4.76742001e-04,2.34420783e-04,1.26061467e-04,1.16259751e-04
1.51100000e+04,4.76339462e-04,2.34184088e-04,1.25969672e-04,1.16185701e-04
1.51200000e+04,4.76550072e-04,2.34532795e-04,1.25877510e-04,1.16139767e-04
1.51300000e+04,4.75686061e-04,2.33958954e-04,1.25756199e-04,1.15970908e-04
1.51400000e+04,4.75332424e-04,2.33766466e-04,1.25651977e-04,1.15913980e-04
1.51500000e+04,4.75068869e-04,2.33704365e-04,1.25509878e-04,1.15854627e-04
1.51600000e+04,4.74424088e-04,2.33268441e-04,1.25476582e-04,1.15679065e-04
1.51700000e+04,4.73998148e-04,2.33048497e-04,1.25332748e-04,1.15616903e-04
1.51800000e+04,4.74010943e-04,2.33222714e-04,1.25259486e-04,1.15528743e-04
1.51900000e+04,4.73877580e-04,2.33229913e-04,1.25198554e-04,1.15449113e-04
1.52000000e+04,4.73316023e-04,2.32902588e-04,1.25031964e-04,1.15381471e-04
1.52100000e+04,4.72643918e-04,2.32450767e-04,1.24962612e-04,1.15230539e-04
1.52200000e+04,4.72271070e-04,2.32297853e-04,1.24810655e-04,1.15162562e-04
1.52300000e+04,4.71701434e-04,2.31917946e-04,1.24726174e-04,1.15057313e-04
1.52400000e+04,4.71892461e-04,2.32265410e-04,1.24663716e-04,1.14963335e-04
1.52500000e+04,4.71178167e-04,2.31766238e-04,1.24527467e-04,1.14884462e-04
1.52600000e+04,4.70664393e-04,2.31445642e-04,1.24441448e-04,1.14777304e-04
1.52700000e+04,4.70427252e-04,2.31394006e-04,1.24336412e-04,1.14696834e-04
1.52800000e+04,4.69922472e-04,2.31086956e-04,1.24202744e-04,1.14632772e-04
1.52900000e+04,4.70198332e-04,2.31518278e-04,1.24121206e-04,1.14558848e-04
1.53000000e+04,4.69461119e-04,2.30986169e-04,1.24026207e-04,1.14448742e-04
1.53100000e+04,4.68680939e-04,2.30436120e-04,1.23907370e-04,1.14337449e-04
1.53200000e+04,4.68417826e-04,2.30360861e-04,1.23808895e-04,1.14248070e-04
1.53300000e+04,4.68367383e-04,2.30490489e-04,1.23669374e-04,1.14207520e-04
1.53400000e+04,4.67800203e-04,2.30110362e-04,1.23645662e-04,1.14044178e-04
1.53500000e+04,4.67371618e-04,2.29874806e-04,1.23530330e-04,1.13966481e-04
1.53600000e+04,4.67032460e-04,2.29706341e-04,1.23436201e-04,1.13889918e-04
1.53700000e+04,4.66594792e-04,2.29479195e-04,1.23310080e-04,1.13805517e-04
1.53800000e+04,4.66110620e-04,2.29184957e-04,1.23225362e-04,1.13700301e-04
1.53900000e+04,4.65710022e-04,2.28975414e-04,1.23119378e-04,1.13615229e-04
1.54000000e+04,4.65626991e-04,2.29072339e-04,1.23009926e-04,1.13544726e-04
1.54100000e+04,4.65203704e-04,2.28823000e-04,1.22933791e-04,1.13446913e-04
1.54200000e+04,4.64771270e-04,2.28593544e-04,1.22839257e-04,1.13338469e-04
1.54300000e+04,4.64298498e-04,2.28310088e-04,1.22743069e-04,1.13245341e-04
1.54400000e+04,4.64141468e-04,2.28319167e-04,1.22643583e-04,1.13178718e-04
1.54500000e+04,4.63987325e-04,2.28336173e-04,1.22556511e-04,1.13094641e-04
1.54600000e+04,4.63781046e-04,2.28302526e-04,1.22469029e-04,1.13009492e-04
1.54700000e+04,4.63050139e-04,2.27796926e-04,1.22347147e-04,1.12906066e-04
1.54800000e+04,4.62466245e-04,2.27407193e-04,1.22237452e-04,1.12821600e-04
1.54900000e+04,4.62045540e-04,2.27178578e-04,1.22140871e-04,1.12726091e-04
1.55000000e+04,4.61681714e-04,2.26999646e-04,1.22045507e-04,1.12636560e-04
1.55100000e+04,4.61461868e-04,2.26961054e-04,1.21954822e-04,1.12545992e-04
1.55200000e+04,4.61298865e-04,2.26975893e-04,1.21855895e-04,1.12467077e-04
1.55300000e+04,4.60919033e-04,2.26772083e-04,1.21746037e-04,1.12400912e-04
1.55400000e+04,4.60592927e-04,2.26623803e-04,1.21683446e-04,1.12285678e-04
1.55500000e+04,4.60167414e-04,2.26381715e-04,1.21569864e-04,1.12215835e-04
1.55600000e+04,4.59594753e-04,2.26003232e-04,1.21464747e-04,1.12126774e-04
1.55700000e+04,4.59363380e-04,2.25942922e-04,1.21394856e-04,1.12025601e-04
1.55800000e+04,4.59062427e-04,2.25825264e-04,1.21277791e-04,1.11959372e-04
1.55900000e+04,4.58526187e-04,2.25494682e-04,1.21161019e-04,1.11870486e-04
1.56000000e+04,4.58327106e-04,2.25468517e-04,1.21046724e-04,1.11811865e-04
1.56100000e+04,4.58118755e-04,2.25425973e-04,1.20975293e-04,1.11717489e-04
1.56200000e+04,4.57559371e-04,2.25063330e-04,1.20881379e-04,1.11614661e-04
1.56300000e+04,4.57192772e-04,2.24875285e-04,1.20813953e-04,1.11503533e-04
1.56400000e+04,4.56794386e-04,2.24652536e-04,1.20686771e-04,1.11455079e-04
1.56500000e+04,4.56665838e-04,2.24669203e-04,1.20595259e-04,1.11401376e-04
1.56600000e+04,4.56123604e-04,2.24347506e-04,1.20544864e-04,1.11231235e-04
1.56700000e+04,4.55831391e-04,2.24219746e-04,1.20448141e-04,1.11163504e-04
1.56800000e+04,4.55354176e-04,2.23955687e-04,1.20317480e-04,1.11081008e-04
1.56900000e+04,4.55038895e-04,2.23807996e-04,1.20234358e-04,1.10996541e-04
1.57000000e+04,4.54560653e-04,2.23521445e-04,1.20123764e-04,1.10915444e-04
1.57100000e+04,4.54208495e-04,2.23342848e-04,1.20034455e-04,1.10831192e-04
1.57200000e+04,4.53998293e-04,2.23305399e-04,1.19937660e-04,1.10755234e-04
1.57300000e+04,4.53912399e-04,2.23387630e-04,1.19833620e-04,1.10691149e-04
1.57400000e+04,4.53604156e-04,2.23219461e-04,1.19812927e-04,1.10571767e-04
1.57500000e+04,4.53240287e-04,2.23031594e-04,1.19689422e-04,1.10519271e-04
1.57600000e+04,4.52726096e-04,2.22744139e-04,1.19544949e-04,1.10437007e-04
1.57700000e+04,4.52690947e-04,2.22840598e-04,1.19479415e-04,1.10370935e-04
1.57800000e+04,4.51948002e-04,2.22317813e-04,1.19375157e-04,1.10255032e-04
1.57900000e+04,4.51638350e-04,2.22186519e-04,1.19301374e-04,1.10150457e-04
1.58000000e+04,4.51278593e-04,2.21989989e-04,1.19204814e-04,1.10083790e-04
1.58100000e+04,4.50790416e-04,2.21704074e-04,1.19095619e-04,1.09990724e-04
1.58200000e+04,4.50673093e-04,2.21738624e-04,1.19017837e-04,1.09916632e-04
1.58300000e+04,4.50219447e-04,2.21471851e-04,1.18941079e-04,1.09806517e-04
1.58400000e+04,4.49724227e-04,2.21168592e-04,1.18815465e-04,1.09740171e-04
1.58500000e+04,4.49358400e-04,2.20975662e-04,1.18736447e-04,1.09646291e-04
1.58600000e+04,4.49059798e-04,2.20855018e-04,1.18634491e-04,1.09570289e-04
1.58700000e+04,4.48741367e-04,2.20709309e-04,1.18545945e-04,1.09486113e-04
1.58800000e+04,4.48411103e-04,2.20548034e-04,1.18465395e-04,1.09397674e-04
1.58900000e+04,4.48045553e-04,2.20362590e-04,1.18366395e-04,1.09316568e-04
1.59000000e+04,4.48094203e-04,2.20566969e-04,1.18271493e-04,1.09255741e-04
1.59100000e+04,4.47867020e-04,2.20503416e-04,1.18140030e-04,1.09223574e-04
1.59200000e+04,4.47307551e-04,2.20134869e-04,1.18093923e-04,1.09078759e-04
1.59300000e+04,4.47196631e-04,2.20195881e-04,1.17966174e-04,1.09034576e-04
1.59400000e+04,4.46594854e-04,2.19775512e-04,1.17934969e-04,1.08884374e-04
1.59500000e+04,4.46031267e-04,2.19386863e-04,1.17826303e-04,1.08818101e-04
1.59600000e+04,4.45949237e-04,2.19461600e-04,1.17726643e-04,1.08760993e-04
1.59700000e+04,4.45547026e-04,2.19248424e-04,1.17634654e-04,1.08663948e-04
1.59800000e+04,4.45049215e-04,2.18900567e-04,1.17558306e-04,1.08590342e-04
1.59900000e+04,4.44837131e-04,2.18854047e-04,1.17476391e-04,1.08506693e-04
1.60000000e+04,4.44299158e-04,2.18519854e-04,1.17357606e-04,1.08421698e-04
1.60100000e+04,4.43977332e-04,2.18363301e-04,1.17275721e-04,1.08338310e-04
1.60200000e+04,4.43684528e-04,2.18250185e-04,1.17178857e-04,1.08255486e-04
1.60300000e+04,4.43871633e-04,2.18576299e-04,1.17111690e-04,1.08183644e-04
1.60400000e+04,4.43085198e-04,2.17965991e-04,1.17018833e-04,1.08100373e-04
1.60500000e+04,4.42700311e-04,2.17764330e-04,1.16926779e-04,1.08009202e-04
1.60600000e+04,4.42501084e-04,2.17723282e-04,1.16838336e-04,1.07939466e-04
1.60700000e+04,4.42025852e-04,2.17427851e-04,1.16745498e-04,1.07852503e-04
1.60800000e+04,4.41779516e-04,2.17346564e-04,1.16649483e-04,1.07783469e-04
1.60900000e+04,4.41498817e-04,2.17235206e-04,1.16553606e-04,1.07710005e-04
1.61000000e+04,4.41112219e-04,2.17020408e-04,1.16488599e-04,1.07603213e-04
1.61100000e+04,4.40819431e-04,2.16893814e-04,1.16391169e-04,1.07534448e-04
1.61200000e+04,4.40315063e-04,2.16571910e-04,1.16295512e-04,1.07447640e-04
1.61300000e+04,4.40114304e-04,2.16532482e-04,1.16196498e-04,1.07385324e-04
1.61400000e+04,4.40132000e-04,2.16706467e-04,1.16113732e-04,1.07311801e-04
1.61500000e+04,4.39501474e-04,2.16255483e-04,1.16050057e-04,1.07195934e-04
1.61600000e+04,4.39204706e-04,2.16127767e-04,1.15973445e-04,1.07103494e-04
1.61700000e+04,4.38817057e-04,2.15907548e-04,1.15853136e-04,1.07056374e-04
1.61800000e+04,4.38935557e-04,2.16156288e-04,1.15781005e-04,1.06998264e-04
1.61900000e+04,4.38195102e-04,2.15622587e-04,1.15676425e-04,1.06896091e-04
1.62000000e+04,4.37710092e-04,2.15305805e-04,1.15587406e-04,1.06816881e-04
1.62100000e+04,4.37394226e-04,2.15158656e-04,1.15497281e-04,1.06738290e-04
1.62200000e+04,4.37202314e-04,2.15120411e-04,1.15401839e-04,1.06680063e-04
1.62300000e+04,4.37048785e-04,2.15101323e-04,1.15343432e-04,1.06604029e-04
1.62400000e+04,4.36542011e-04,2.14792536e-04,1.15240930e-04,1.06508545e-04
1.62500000e+04,4.36289884e-04,2.14700071e-04,1.15184723e-04,1.06405090e-04
1.62600000e+04,4.35939082e-04,2.14517360e-04,1.15079826e-04,1.06341896e-04
1.62700000e+04,4.35515341e-04,2.14250262e-04,1.14988102e-04,1.06276976e-04
1.62800000e+04,4.35349420e-04,2.14237094e-04,1.14930010e-04,1.06182315e-04
1.62900000e+04,4.34930433e-04,2.14010464e-04,1.14795116e-04,1.06124853e-04
1.63000000e+04,4.34545033e-04,2.13786624e-04,1.14736015e-04,1.06022394e-04
1.63100000e+04,4.34173843e-04,2.13589701e-04,1.14632806e-04,1.05951336e-04
1.63200000e+04,4.33963464e-04,2.13516808e-04,1.14564944e-04,1.05881712e-04
1.63300000e+04,4.33527996e-04,2.13270582e-04,1.14459525e-04,1.05797889e-04
1.63400000e+04,4.33340388e-04,2.13236740e-04,1.14371443e-04,1.05732205e-04
1.63500000e+04,4.33213212e-04,2.13255328e-04,1.14308276e-04,1.05649608e-04
1.63600000e+04,4.32848127e-04,2.13059245e-04,1.14240821e-04,1.05548061e-04
1.63700000e+04,4.32458030e-04,2.12841819e-04,1.14113694e-04,1.05502516e-04
1.63800000e+04,4.32294402e-04,2.12815978e-04,1.14065153e-04,1.05413270e-04
1.63900000e+04,4.31812187e-04,2.12507589e-04,1.13964252e-04,1.05340347e-04
1.64000000e+04,4.31329737e-04,2.12201714e-04,1.13881640e-04,1.05246383e-04
1.64100000e+04,4.31007855e-04,2.12045451e-04,1.13787906e-04,1.05174498e-04
1.64200000e+04,4.30923005e-04,2.12111991e-04,1.13707219e-04,1.05103795e-04
1.64300000e+04,4.30665410e-04,2.12019272e-04,1.13612132e-04,1.05034006e-04
1.64400000e+04,4.30223606e-04,2.11726024e-04,1.13553499e-04,1.04944083e-04
1.64500000e+04,4.29875532e-04,2.11555651e-04,1.13434770e-04,1.04885111e-04
1.64600000e+04,4.29582970e-04,2.11422600e-04,1.13360058e-04,1.04800312e-04
1.64700000e+04,4.29192558e-04,2.11196876e-04,1.13273771e-04,1.04721911e-04
1.64800000e+04,4.28784351e-04,2.10947036e-04,1.13196538e-04,1.04640778e-04
1.64900000e+04,4.28480962e-04,2.10802781e-04,1.13110738e-04,1.04567443e-04
1.65000000e+04,4.28183685e-04,2.10667287e-04,1.13017736e-04,1.04498662e-04
1.65100000e+04,4.27842693e-04,2.10490397e-04,1.12940252e-04,1.04412044e-04
1.65200000e+04,4.27692034e-04,2.10496240e-04,1.12849946e-04,1.04345848e-04
1.65300000e+04,4.27713478e-04,2.10662791e-04,1.12767260e-04,1.04283427e-04
1.65400000e+04,4.27223663e-04,2.10363775e-04,1.12678385e-04,1.04181503e-04
1.65500000e+04,4.26919479e-04,2.10174646e-04,1.12629646e-04,1.04115187e-04
1.65600000e+04,4.26358504e-04,2.09794762e-04,1.12534785e-04,1.04028956e-04
1.65700000e+04,4.26024625e-04,2.09621774e-04,1.12440705e-04,1.03962146e-04
1.65800000e+04,4.25798834e-04,2.09541881e-04,1.12357329e-04,1.03899624e-04
1.65900000e+04,4.25431557e-04,2.09342040e-04,1.12272225e-04,1.03817292e-04
1.66000000e+04,4.25281283e-04,2.09342027e-04,1.12206658e-04,1.03732599e-04
1.66100000e+04,4.24817883e-04,2.09039713e-04,1.12126210e-04,1.03651960e-04
1.66200000e+04,4.24505768e-04,2.08896018e-04,1.12027382e-04,1.03582369e-04
1.66300000e+04,4.24249041e-04,2.08791283e-04,1.11939711e-04,1.03518047e-04
1.66400000e+04,4.24349182e-04,2.09009819e-04,1.11869910e-04,1.03469453e-04
1.66500000e+04,4.24004889e-04,2.08840110e-04,1.11785421e-04,1.03379357e-04
1.66600000e+04,4.23351361e-04,2.08356912e-04,1.11705806e-04,1.03288643e-04
1.66700000e+04,4.23027588e-04,2.08193808e-04,1.11607467e-04,1.03226312e-04
1.66800000e+04,4.22767275e-04,2.08080932e-04,1.11538353e-04,1.03147989e-04
1.66900000e+04,4.22449212e-04,2.07925914e-04,1.11472353e-04,1.03050945e-04
1.67000000e+04,4.22027466e-04,2.07664971e-04,1.11380371e-04,1.02982125e-04
1.67100000e+04,4.21803462e-04,2.07592021e-04,1.11304899e-04,1.02906541e-04
1.67200000e+04,4.21502171e-04,2.07442190e-04,1.11227220e-04,1.02832760e-04
1.67300000e+04,4.21176367e-04,2.07270573e-04,1.11148042e-04,1.02757752e-04
1.67400000e+04,4.21044036e-04,2.07296075e-04,1.11073888e-04,1.02674073e-04
1.67500000e+04,4.20605977e-04,2.07005300e-04,1.10985488e-04,1.02615189e-04
1.67600000e+04,4.20415222e-04,2.06966794e-04,1.10919764e-04,1.02528664e-04
1.67700000e+04,4.20028802e-04,2.06742225e-04,1.10812298e-04,1.02474279e-04
1.67800000e+04,4.19668576e-04,2.06538082e-04,1.10731768e-04,1.02398726e-04
1.67900000e+04,4.19425823e-04,2.06438621e-04,1.10645921e-04,1.02341281e-04
1.68000000e+04,4.19143625e-04,2.06305717e-04,1.10575260e-04,1.02262648e-04
1.68100000e+04,4.19164003e-04,2.06435936e-04,1.10498309e-04,1.02229759e-04
1.68200000e+04,4.18551899e-04,2.06033664e-04,1.10420317e-04,1.02097918e-04
1.68300000e+04,4.18393670e-04,2.05999367e-04,1.10341283e-04,1.02053021e-04
1.68400000e+04,4.17929784e-04,2.05718276e-04,1.10251413e-04,1.01960095e-04
1.68500000e+04,4.17646954e-04,2.05572714e-04,1.10189405e-04,1.01884834e-04
1.68600000e+04,4.17416095e-04,2.05504905e-04,1.10096231e-04,1.01814959e-04
1.68700000e+04,4.16983568e-04,2.05224904e-04,1.10017575e-04,1.01741089e-04
1.68800000e+04,4.16681266e-04,2.05076598e-04,1.09927119e-04,1.01677550e-04
1.68900000e+04,4.16508414e-04,2.05047026e-04,1.09843974e-04,1.01617413e-04
1.69000000e+04,4.16202696e-04,2.04884054e-04,1.09776942e-04,1.01541700e-04
1.69100000e+04,4.15988732e-04,2.04816942e-04,1.09712989e-04,1.01458801e-04
1.69200000e+04,4.15553232e-04,2.04548485e-04,1.09626992e-04,1.01377755e-04
1.69300000e+04,4.15283123e-04,2.04420086e-04,1.09562986e-04,1.01300051e-04
1.69400000e+04,4.15036963e-04,2.04322377e-04,1.09486598e-04,1.01227988e-04
1.69500000e+04,4.14804601e-04,2.04253486e-04,1.09393736e-04,1.01157379e-04
1.69600000e+04,4.14506194e-04,2.04099471e-04,1.09294454e-04,1.01112270e-04
1.69700000e+04,4.14037348e-04,2.03781746e-04,1.09231320e-04,1.01024281e-04
1.69800000e+04,4.13740566e-04,2.03642466e-04,1.09145331e-04,1.00952769e-04
1.69900000e+04,4.13490852e-04,2.03539098e-04,1.09058648e-04,1.00893106e-04
1.70000000e+04,4.13269758e-04,2.03466221e-04,1.08968673e-04,1.00834864e-04
1.70100000e+04,4.13080119e-04,2.03424189e-04,1.08900999e-04,1.00754930e-04
1.70200000e+04,4.12666891e-04,2.03154603e-04,1.08847256e-04,1.00665031e-04
1.70300000e+04,4.12552182e-04,2.03190175e-04,1.08756319e-04,1.00605687e-04
1.70400000e+04,4.12064921e-04,2.02845068e-04,1.08685188e-04,1.00534665e-04
1.70500000e+04,4.11725122e-04,2.02663864e-04,1.08605786e-04,1.00455472e-04
1.70600000e+04,4.11416267e-04,2.02502672e-04,1.08533607e-04,1.00379987e-04
1.70700000e+04,4.11226950e-04,2.02454732e-04,1.08468846e-04,1.00303371e-04
1.70800000e+04,4.11158426e-04,2.02500020e-04,1.08436923e-04,1.00221482e-04
1.70900000e+04,4.10665318e-04,2.02198236e-04,1.08296254e-04,1.00170829e-04
1.71000000e+04,4.10500219e-04,2.02166844e-04,1.08219788e-04,1.00113587e-04
1.71100000e+04,4.10084165e-04,2.01898322e-04,1.08143943e-04,1.00041901e-04
1.71200000e+04,4.09745534e-04,2.01719675e-04,1.08058856e-04,9.99670030e-05
1.71300000e+04,4.09482909e-04,2.01597212e-04,1.08004229e-04,9.98814674e-05
1.71400000e+04,4.09129207e-04,2.01396829e-04,1.07910541e-04,9.98218375e-05
1.71500000e+04,4.08865433e-04,2.01275073e-04,1.07829787e-04,9.97605732e-05
1.71600000e+04,4.08603363e-04,2.01158953e-04,1.07750628e-04,9.96937822e-05
1.71700000e+04,4.08401271e-04,2.01103219e-04,1.07685843e-04,9.96122093e-05
1.71800000e+04,4.08150091e-04,2.00988608e-04,1.07608919e-04,9.95525641e-05
1.71900000e+04,4.07984162e-04,2.00964914e-04,1.07535969e-04,9.94832782e-05
1.72000000e+04,4.07579882e-04,2.00706146e-04,1.07461152e-04,9.94125836e-05
1.72100000e+04,4.07291392e-04,2.00553112e-04,1.07389509e-04,9.93487716e-05
1.72200000e+04,4.06995805e-04,2.00417428e-04,1.07312429e-04,9.92659479e-05
1.72300000e+04,4.06599247e-04,2.00168088e-04,1.07238437e-04,9.91927216e-05
1.72400000e+04,4.06350987e-04,2.00067583e-04,1.07154926e-04,9.91284782e-05
1.72500000e+04,4.06134711e-04,1.99981801e-04,1.07092831e-04,9.90600793e-05
1.72600000e+04,4.05762520e-04,1.99770247e-04,1.07000990e-04,9.89912829e-05
1.72700000e+04,4.05500083e-04,1.99644994e-04,1.06932261e-04,9.89228287e-05
1.72800000e+04,4.05224664e-04,1.99514720e-04,1.06861135e-04,9.88488084e-05
1.72900000e+04,4.04953943e-04,1.99390969e-04,1.06776204e-04,9.87867697e-05
1.73000000e+04,4.04954448e-04,1.99515831e-04,1.06711550e-04,9.87270672e-05
1.73100000e+04,4.04487379e-04,1.99197063e-04,1.06634361e-04,9.86559555e-05
1.73200000e+04,4.04165139e-04,1.99028454e-04,1.06537640e-04,9.85990446e-05
1.73300000e+04,4.03810986e-04,1.98816733e-04,1.06484335e-04,9.85099190e-05
1.73400000e+04,4.03694922e-04,1.98826314e-04,1.06410873e-04,9.84577344e-05
1.73500000e+04,4.03303405e-04,1.98599542e-04,1.06323473e-04,9.83803897e-05
1.73600000e+04,4.03074873e-04,1.98511042e-04,1.06257112e-04,9.83067193e-05
1.73700000e+04,4.02813896e-04,1.98385495e-04,1.06183716e-04,9.82446843e-05
1.73800000e+04,4.02451277e-04,1.98169404e-04,1.06103913e-04,9.81779596e-05
1.73900000e+04,4.02335287e-04,1.98180115e-04,1.06036101e-04,9.81190708e-05
1.74000000e+04,4.02068486e-04,1.98048676e-04,1.05973584e-04,9.80462264e-05
1.74100000e+04,4.01778583e-04,1.97897678e-04,1.05902876e-04,9.79780289e-05
1.74200000e+04,4.01363255e-04,1.97648296e-04,1.05814343e-04,9.79006152e-05
1.74300000e+04,4.01079622e-04,1.97500650e-04,1.05738392e-04,9.78405798e-05
1.74400000e+04,4.00909141e-04,1.97457419e-04,1.05673961e-04,9.77777607e-05
1.74500000e+04,4.00695312e-04,1.97382543e-04,1.05587148e-04,9.77256208e-05
1.74600000e+04,4.00326894e-04,1.97164337e-04,1.05527628e-04,9.76349285e-05
1.74700000e+04,4.00020071e-04,1.96996068e-04,1.05438522e-04,9.75854806e-05
1.74800000e+04,3.99786550e-04,1.96901946e-04,1.05372196e-04,9.75124080e-05
1.74900000e+04,3.99644096e-04,1.96898154e-04,1.05304930e-04,9.74410115e-05
1.75000000e+04,3.99227242e-04,1.96618616e-04,1.05241000e-04,9.73676262e-05
1.75100000e+04,3.98929912e-04,1.96465517e-04,1.05164758e-04,9.72996369e-05
1.75200000e+04,3.98661063e-04,1.96338947e-04,1.05077650e-04,9.72444661e-05
1.75300000e+04,3.98528983e-04,1.96341484e-04,1.05001609e-04,9.71858895e-05
1.75400000e+04,3.98141342e-04,1.96093748e-04,1.04939211e-04,9.71083840e-05
1.75500000e+04,3.97839821e-04,1.95926979e-04,1.04875808e-04,9.70370347e-05
1.75600000e+04,3.97600461e-04,1.95826438e-04,1.04806867e-04,9.69671561e-05
1.75700000e+04,3.97374676e-04,1.95737699e-04,1.04731027e-04,9.69059503e-05
1.75800000e+04,3.97061256e-04,1.95564168e-04,1.04653166e-04,9.68439219e-05
1.75900000e+04,3.96891715e-04,1.95524177e-04,1.04572036e-04,9.67955028e-05
1.76000000e+04,3.96530104e-04,1.95305742e-04,1.04509348e-04,9.67150134e-05
1.76100000e+04,3.96222181e-04,1.95141443e-04,1.04434659e-04,9.66460781e-05
1.76200000e+04,3.95986215e-04,1.95042949e-04,1.04370166e-04,9.65731002e-05
1.76300000e+04,3.95835638e-04,1.95029345e-04,1.04291456e-04,9.65148374e-05
1.76400000e+04,3.95590361e-04,1.94897096e-04,1.04225799e-04,9.64674658e-05
1.76500000e+04,3.95290701e-04,1.94753520e-04,1.04138991e-04,9.63981893e-05
1.76600000e+04,3.95098947e-04,1.94684617e-04,1.04062804e-04,9.63515255e-05
1.76700000e+04,3.94677275e-04,1.94408236e-04,1.04022705e-04,9.62463351e-05
1.76800000e+04,3.94384368e-04,1.94254540e-04,1.03930104e-04,9.61997235e-05
1.76900000e+04,3.94193239e-04,1.94192664e-04,1.03859224e-04,9.61413507e-05
1.77000000e+04,3.93935024e-04,1.94068873e-04,1.03785673e-04,9.60804780e-05
1.77100000e+04,3.93624200e-04,1.93906248e-04,1.03721466e-04,9.59964860e-05
1.77200000e+04,3.93326832e-04,1.93740094e-04,1.03657444e-04,9.59292942e-05
1.77300000e+04,3.93056678e-04,1.93609614e-04,1.03579072e-04,9.58679917e-05
1.77400000e+04,3.92907624e-04,1.93597117e-04,1.03516400e-04,9.57941065e-05
1.77500000e+04,3.92622294e-04,1.93444926e-04,1.03440948e-04,9.57364196e-05
1.77600000e+04,3.92363902e-04,1.93312412e-04,1.03373724e-04,9.56777665e-05
1.77700000e+04,3.92085197e-04,1.93175506e-04,1.03291449e-04,9.56182419e-05
1.77800000e+04,3.91767693e-04,1.92985743e-04,1.03239383e-04,9.55425676e-05
1.77900000e+04,3.91555025e-04,1.92916985e-04,1.03156233e-04,9.54818068e-05
1.78000000e+04,3.91314414e-04,1.92803260e-04,1.03091279e-04,9.54198758e-05
1.78100000e+04,3.91090206e-04,1.92707214e-04,1.03021073e-04,9.53619194e-05
1.78200000e+04,3.90736293e-04,1.92493100e-04,1.02948922e-04,9.52942717e-05
1.78300000e+04,3.90561154e-04,1.92447648e-04,1.02880603e-04,9.52329028e-05
1.78400000e+04,3.90354423e-04,1.92374225e-04,1.02816686e-04,9.51635117e-05
1.78500000e+04,3.89984001e-04,1.92139554e-04,1.02746942e-04,9.50975049e-05
1.78600000e+04,3.89727581e-04,1.92016051e-04,1.02671741e-04,9.50397893e-05
1.78700000e+04,3.89477273e-04,1.91900750e-04,1.02599813e-04,9.49767098e-05
1.78800000e+04,3.89202910e-04,1.91763108e-04,1.02525449e-04,9.49143521e-05
1.78900000e+04,3.88951842e-04,1.91646780e-04,1.02457836e-04,9.48472256e-05
1.79000000e+04,3.88751875e-04,1.91579819e-04,1.02387059e-04,9.47849965e-05
1.79100000e+04,3.88411400e-04,1.91362392e-04,1.02324894e-04,9.47241144e-05
1.79200000e+04,3.88224064e-04,1.91302823e-04,1.02248600e-04,9.46726414e-05
1.79300000e+04,3.88063635e-04,1.91271099e-04,1.02190519e-04,9.46020182e-05
1.79400000e+04,3.87680336e-04,1.91023636e-04,1.02129975e-04,9.45267258e-05
1.79500000e+04,3.87496887e-04,1.90963015e-04,1.02057717e-04,9.44761559e-05
1.79600000e+04,3.87242144e-04,1.90851794e-04,1.02008294e-04,9.43820563e-05
1.79700000e+04,3.86886063e-04,1.90629334e-04,1.01909398e-04,9.43473300e-05
1.79800000e+04,3.86688681e-04,1.90568281e-04,1.01849931e-04,9.42704695e-05
1.79900000e+04,3.86367436e-04,1.90367865e-04,1.01782255e-04,9.42173167e-05
1.80000000e+04,3.86099051e-04,1.90235843e-04,1.01711270e-04,9.41519378e-05
1.80100000e+04,3.85867642e-04,1.90134028e-04,1.01643496e-04,9.40901173e-05
1.80200000e+04,3.85792825e-04,1.90181040e-04,1.01575655e-04,9.40361300e-05
1.80300000e+04,3.85483151e-04,1.90009892e-04,1.01504704e-04,9.39685546e-05
1.80400000e+04,3.85155736e-04,1.89802117e-04,1.01451346e-04,9.39022735e-05
1.80500000e+04,3.84870836e-04,1.89651156e-04,1.01379028e-04,9.38406516e-05
1.80600000e+04,3.84655252e-04,1.89558012e-04,1.01319525e-04,9.37777160e-05
1.80700000e+04,3.84434588e-04,1.89470652e-04,1.01251803e-04,9.37121327e-05
1.80800000e+04,3.84135066e-04,1.89300534e-04,1.01189913e-04,9.36446202e-05
1.80900000e+04,3.83880644e-04,1.89178295e-04,1.01107771e-04,9.35945776e-05
1.81000000e+04,3.83683262e-04,1.89106379e-04,1.01048710e-04,9.35281732e-05
1.81100000e+04,3.83367751e-04,1.88931752e-04,1.00965145e-04,9.34708538e-05
1.81200000e+04,3.83106852e-04,1.88795280e-04,1.00900175e-04,9.34113970e-05
1.81300000e+04,3.82903192e-04,1.88716120e-04,1.00828846e-04,9.33582254e-05
1.81400000e+04,3.82732559e-04,1.88669452e-04,1.00762522e-04,9.33005836e-05
1.81500000e+04,3.82395800e-04,1.88476112e-04,1.00687153e-04,9.32325336e-05
1.81600000e+04,3.82132159e-04,1.88333733e-04,1.00635899e-04,9.31625273e-05
1.81700000e+04,3.81943588e-04,1.88275295e-04,1.00564863e-04,9.31034307e-05
1.81800000e+04,3.81773937e-04,1.88221189e-04,1.00508222e-04,9.30445247e-05
1.81900000e+04,3.81479016e-04,1.88063173e-04,1.00437557e-04,9.29782856e-05
1.82000000e+04,3.81150919e-04,1.87861966e-04,1.00368949e-04,9.29200041e-05
1.82100000e+04,3.80920940e-04,1.87758889e-04,1.00304254e-04,9.28577978e-05
1.82200000e+04,3.80791130e-04,1.87745088e-04,1.00247446e-04,9.27985970e-05
1.82300000e+04,3.80457055e-04,1.87541050e-04,1.00175673e-04,9.27403320e-05
1.82400000e+04,3.80209683e-04,1.87417993e-04,1.00114703e-04,9.26769872e-05
1.82500000e+04,3.79933945e-04,1.87286517e-04,1.00044180e-04,9.26032479e-05
1.82600000e+04,3.79732460e-04,1.87201095e-04,9.99881762e-05,9.25431890e-05
1.82700000e+04,3.79473356e-04,1.87072541e-04,9.98839478e-05,9.25168668e-05
1.82800000e+04,3.79163478e-04,1.86891939e-04,9.98423164e-05,9.24292219e-05
1.82900000e+04,3.78922785e-04,1.86774868e-04,9.97661728e-05,9.23817435e-05
1.83000000e+04,3.78712789e-04,1.86687751e-04,9.96987128e-05,9.23263251e-05
1.83100000e+04,3.78540914e-04,1.86629345e-04,9.96683535e-05,9.22432158e-05
1.83200000e+04,3.78231327e-04,1.86457121e-04,9.95836992e-05,9.21905072e-05
1.83300000e+04,3.77953289e-04,1.86307067e-04,9.95091012e-05,9.21371213e-05
1.83400000e+04,3.77791512e-04,1.86268742e-04,9.94385275e-05,9.20842427e-05
1.83500000e+04,3.77484691e-04,1.86088498e-04,9.93880119e-05,9.20081808e-05
1.83600000e+04,3.77309533e-04,1.86034303e-04,9.93111142e-05,9.19641163e-05
1.83700000e+04,3.77013198e-04,1.85868992e-04,9.92445806e-05,9.18996251e-05
1.83800000e+04,3.76750411e-04,1.85729385e-04,9.91861856e-05,9.18348409e-05
1.83900000e+04,3.76572338e-04,1.85667713e-04,9.91244715e-05,9.17801535e-05
1.84000000e+04,3.76344507e-04,1.85566152e-04,9.90665736e-05,9.17117817e-05
1.84100000e+04,3.76083471e-04,1.85429407e-04,9.89990189e-05,9.16550447e-05
1.84200000e+04,3.75865869e-04,1.85331714e-04,9.89366785e-05,9.15974771e-05
1.84300000e+04,3.75591252e-04,1.85185025e-04,9.88739734e-05,9.15322536e-05
1.84400000e+04,3.75357690e-04,1.85076579e-04,9.88096735e-05,9.14714376e-05
1.84500000e+04,3.75072288e-04,1.84921759e-04,9.87325458e-05,9.14179836e-05
1.84600000e+04,3.74884997e-04,1.84852860e-04,9.86592266e-05,9.13729107e-05
1.84700000e+04,3.74617405e-04,1.84703520e-04,9.85998153e-05,9.13140701e-05
1.84800000e+04,3.74383819e-04,1.84599188e-04,9.85361234e-05,9.12485073e-05
1.84900000e+04,3.74193888e-04,1.84532321e-04,9.84734337e-05,9.11881332e-05
1.85000000e+04,3.73902735e-04,1.84366478e-04,9.84075188e-05,9.11287385e-05
1.85100000e+04,3.73646222e-04,1.84228886e-04,9.83511925e-05,9.10661432e-05
1.85200000e+04,3.73450941e-04,1.84155740e-04,9.82809881e-05,9.10142126e-05
1.85300000e+04,3.73198380e-04,1.84027956e-04,9.82225836e-05,9.09478402e-05
1.85400000e+04,3.73019118e-04,1.83966003e-04,9.81524599e-05,9.09006554e-05
1.85500000e+04,3.72722938e-04,1.83791803e-04,9.80967316e-05,9.08344042e-05
1.85600000e+04,3.72567477e-04,1.83746407e-04,9.80450417e-05,9.07760275e-05
1.85700000e+04,3.72230340e-04,1.83545261e-04,9.79712195e-05,9.07138587e-05
1.85800000e+04,3.72015329e-04,1.83450468e-04,9.79077771e-05,9.06570835e-05
1.85900000e+04,3.71826905e-04,1.83374195e-04,9.78516993e-05,9.06010102e-05
1.86000000e+04,3.71575261e-04,1.83248330e-04,9.77792068e-05,9.05477245e-05
1.86100000e+04,3.71332945e-04,1.83136640e-04,9.77118640e-05,9.04844408e-05
1.86200000e+04,3.71144689e-04,1.83063181e-04,9.76532590e-05,9.04282488e-05
1.86300000e+04,3.70859941e-04,1.82896575e-04,9.75952036e-05,9.03681617e-05
1.86400000e+04,3.70609599e-04,1.82768829e-04,9.75231920e-05,9.03175778e-05
1.86500000e+04,3.70384741e-04,1.82663296e-04,9.74712144e-05,9.02502303e-05
1.86600000e+04,3.70159472e-04,1.82559144e-04,9.74073044e-05,9.01930231e-05
1.86700000e+04,3.69989753e-04,1.82508572e-04,9.73413169e-05,9.01398644e-05
1.86800000e+04,3.69706252e-04,1.82351400e-04,9.72745464e-05,9.00803054e-05
1.86900000e+04,3.69539304e-04,1.82301648e-04,9.72226708e-05,9.00149853e-05
1.87000000e+04,3.69270307e-04,1.82147212e-04,9.71501071e-05,8.99729881e-05
1.87100000e+04,3.69014591e-04,1.82014346e-04,9.70881034e-05,8.99121416e-05
1.87200000e+04,3.68753200e-04,1.81875165e-04,9.70228912e-05,8.98551443e-05
1.87300000e+04,3.68544217e-04,1.81788665e-04,9.69534965e-05,8.98020549e-05
1.87400000e+04,3.68388461e-04,1.81757145e-04,9.68872455e-05,8.97440706e-05
1.87500000e+04,3.68140022e-04,1.81611910e-04,9.68639772e-05,8.96641342e-05
1.87600000e+04,3.67848232e-04,1.81441590e-04,9.67804792e-05,8.96261627e-05
1.87700000e+04,3.67611817e-04,1.81324232e-04,9.67170692e-05,8.95705156e-05
1.87800000e+04,3.67412636e-04,1.81240767e-04,9.66503832e-05,8.95214855e-05
1.87900000e+04,3.67146158e-04,1.81096709e-04,9.66006986e-05,8.94487499e-05
1.88000000e+04,3.66922205e-04,1.80989313e-04,9.65360032e-05,8.93968892e-05
1.88100000e+04,3.66721742e-04,1.80902906e-04,9.64766135e-05,8.93422226e-05
1.88200000e+04,3.66480774e-04,1.80781262e-04,9.64107647e-05,8.92887474e-05
1.88300000e+04,3.66346195e-04,1.80755941e-04,9.63415778e-05,8.92486756e-05
1.88400000e+04,3.66143298e-04,1.80678619e-04,9.62968117e-05,8.91678677e-05
1.88500000e+04,3.65808813e-04,1.80463655e-04,9.62350676e-05,8.91100904e-05
1.88600000e+04,3.65598671e-04,1.80368196e-04,9.61694979e-05,8.90609768e-05
1.88700000e+04,3.65450817e-04,1.80331086e-04,9.61015454e-05,8.90181853e-05
1.88800000e+04,3.65149505e-04,1.80158404e-04,9.60392601e-05,8.89518409e-05
1.88900000e+04,3.64923242e-04,1.80050590e-04,9.59800447e-05,8.88926077e-05
1.89000000e+04,3.64749511e-04,1.79992050e-04,9.59175062e-05,8.88399547e-05
1.89100000e+04,3.64456218e-04,1.79811406e-04,9.58678958e-05,8.87769163e-05
1.89200000e+04,3.64201277e-04,1.79678603e-04,9.57991284e-05,8.87235459e-05
1.89300000e+04,3.63991070e-04,1.79579455e-04,9.57472619e-05,8.86643529e-05
1.89400000e+04,3.63873596e-04,1.79567851e-04,9.56912960e-05,8.86144488e-05
1.89500000e+04,3.63611989e-04,1.79444972e-04,9.56030310e-05,8.85639869e-05
1.89600000e+04,3.63364609e-04,1.79293792e-04,9.55690175e-05,8.85017997e-05
1.89700000e+04,3.63126191e-04,1.79179359e-04,9.55034271e-05,8.84434054e-05
1.89800000e+04,3.62878560e-04,1.79047771e-04,9.54435285e-05,8.83872601e-05
1.89900000e+04,3.62698808e-04,1.78979093e-04,9.53862882e-05,8.83334265e-05
1.90000000e+04,3.62410261e-04,1.78813329e-04,9.53204835e-05,8.82764480e-05
1.90100000e+04,3.62192134e-04,1.78711712e-04,9.52581882e-05,8.82222337e-05
1.90200000e+04,3.62037745e-04,1.78666115e-04,9.52057515e-05,8.81658789e-05
1.90300000e+04,3.61757038e-04,1.78505698e-04,9.51416709e-05,8.81096690e-05
1.90400000e+04,3.61587232e-04,1.78449471e-04,9.50890839e-05,8.80486772e-05
1.90500000e+04,3.61380530e-04,1.78352189e-04,9.50225023e-05,8.80058386e-05
1.90600000e+04,3.61112339e-04,1.78202262e-04,9.49574052e-05,8.79526717e-05
1.90700000e+04,3.60890238e-04,1.78098216e-04,9.48938627e-05,8.78981597e-05
1.90800000e+04,3.60639018e-04,1.77962191e-04,9.48431150e-05,8.78337125e-05
1.90900000e+04,3.60425083e-04,1.77862737e-04,9.47841305e-05,8.77782155e-05
1.91000000e+04,3.60237894e-04,1.77789330e-04,9.47284621e-05,8.77201011e-05
1.91100000e+04,3.60041651e-04,1.77700049e-04,9.46646005e-05,8.76770013e-05
1.91200000e+04,3.59781148e-04,1.77561765e-04,9.46027871e-05,8.76165959e-05
1.91300000e+04,3.59635169e-04,1.77519032e-04,9.45514499e-05,8.75646872e-05
1.91400000e+04,3.59442877e-04,1.77446730e-04,9.44809542e-05,8.75151925e-05
1.91500000e+04,3.59225157e-04,1.77328217e-04,9.44434609e-05,8.74534786e-05
1.91600000e+04,3.58902076e-04,1.77136131e-04,9.43613326e-05,8.74046125e-05
1.91700000e+04,3.58705156e-04,1.77050678e-04,9.43056368e-05,8.73488414e-05
1.91800000e+04,3.58467898e-04,1.76922719e-04,9.42499264e-05,8.72952531e-05
1.91900000e+04,3.58305030e-04,1.76871481e-04,9.41880748e-05,8.72454742e-05
1.92000000e+04,3.58035926e-04,1.76715703e-04,9.41361892e-05,8.71840333e-05
1.92100000e+04,3.57807964e-04,1.76602078e-04,9.40713040e-05,8.71345816e-05
1.92200000e+04,3.57626921e-04,1.76526340e-04,9.40137110e-05,8.70868704e-05
1.92300000e+04,3.57457666e-04,1.76467879e-04,9.39616210e-05,8.70281656e-05
1.92400000e+04,3.57232509e-04,1.76352805e-04,9.39039866e-05,8.69757176e-05
1.92500000e+04,3.56970516e-04,1.76211936e-04,9.38443425e-05,8.69142377e-05
1.92600000e+04,3.56772243e-04,1.76115697e-04,9.37952445e-05,8.68613013e-05
1.92700000e+04,3.56618145e-04,1.76070891e-04,9.37302320e-05,8.68170222e-05
1.92800000e+04,3.56343168e-04,1.75920519e-04,9.36648523e-05,8.67577970e-05
1.92900000e+04,3.56116551e-04,1.75804176e-04,9.36109251e-05,8.67014502e-05
1.93000000e+04,3.55874514e-04,1.75672408e-04,9.35517053e-05,8.66504010e-05
1.93100000e+04,3.55686998e-04,1.75592074e-04,9.34978960e-05,8.65970278e-05
1.93200000e+04,3.55484247e-04,1.75502953e-04,9.34388863e-05,8.65424081e-05
1.93300000e+04,3.55276746e-04,1.75405929e-04,9.33798658e-05,8.64909516e-05
1.93400000e+04,3.55031434e-04,1.75268576e-04,9.33240311e-05,8.64388263e-05
1.93500000e+04,3.54808268e-04,1.75159436e-04,9.32648232e-05,8.63840083e-05
1.93600000e+04,3.54596024e-04,1.75055630e-04,9.32107920e-05,8.63296018e-05
1.93700000e+04,3.54429587e-04,1.74998503e-04,9.31614064e-05,8.62696776e-05
1.93800000e+04,3.54265250e-04,1.74937862e-04,9.30939814e-05,8.62334067e-05
1.93900000e+04,3.54000100e-04,1.74785336e-04,9.30430420e-05,8.61717219e-05
1.94000000e+04,3.53790057e-04,1.74681779e-04,9.29849261e-05,8.61233526e-05
1.94100000e+04,3.53564552e-04,1.74573027e-04,9.29227881e-05,8.60687369e-05
1.94200000e+04,3.53364226e-04,1.74475947e-04,9.28677962e-05,8.60204822e-05
1.94300000e+04,3.53202240e-04,1.74421381e-04,9.28065157e-05,8.59743433e-05
1.94400000e+04,3.52925768e-04,1.74262056e-04,9.27530680e-05,8.59106434e-05
1.94500000e+04,3.52704975e-04,1.74147844e-04,9.26967559e-05,8.58603753e-05
1.94600000e+04,3.52510462e-04,1.74061731e-04,9.26453427e-05,8.58033882e-05
1.94700000e+04,3.52309090e-04,1.73966348e-04,9.25889242e-05,8.57538174e-05
1.94800000e+04,3.52100432e-04,1.73870576e-04,9.25227449e-05,8.57071114e-05
1.94900000e+04,3.51891314e-04,1.73771944e-04,9.24645208e-05,8.56548488e-05
1.95000000e+04,3.51712734e-04,1.73704008e-04,9.24169297e-05,8.55917970e-05
1.95100000e+04,3.51510310e-04,1.73604845e-04,9.23557316e-05,8.55497339e-05
1.95200000e+04,3.51290958e-04,1.73496807e-04,9.23018599e-05,8.54922910e-05
1.95300000e+04,3.51120557e-04,1.73421019e-04,9.22510633e-05,8.54484746e-05
1.95400000e+04,3.50842371e-04,1.73267006e-04,9.21843293e-05,8.53910362e-05
1.95500000e+04,3.50628668e-04,1.73156147e-04,9.21326973e-05,8.53398233e-05
1.95600000e+04,3.50430702e-04,1.73069483e-04,9.20713290e-05,8.52898900e-05
1.95700000e+04,3.50217950e-04,1.72962899e-04,9.20198871e-05,8.52351648e-05
1.95800000e+04,3.50058016e-04,1.72908808e-04,9.19677945e-05,8.51814129e-05
1.95900000e+04,3.49831124e-04,1.72786997e-04,9.19117181e-05,8.51324088e-05
1.96000000e+04,3.49590482e-04,1.72657428e-04,9.18503974e-05,8.50826569e-05
1.96100000e+04,3.49393249e-04,1.72566105e-04,9.17967476e-05,8.50303963e-05
1.96200000e+04,3.49217517e-04,1.72496732e-04,9.17394562e-05,8.49813288e-05
1.96300000e+04,3.49025906e-04,1.72416637e-04,9.16883235e-05,8.49209458e-05
1.96400000e+04,3.48887840e-04,1.72381582e-04,9.16263110e-05,8.48799466e-05
1.96500000e+04,3.48606382e-04,1.72200520e-04,9.15806020e-05,8.48252599e-05
1.96600000e+04,3.48379555e-04,1.72086219e-04,9.15169747e-05,8.47763613e-05
1.96700000e+04,3.48181648e-04,1.71988258e-04,9.14672544e-05,8.47261357e-05
1.96800000e+04,3.47958504e-04,1.71876270e-04,9.14104467e-05,8.46717867e-05
1.96900000e+04,3.47819968e-04,1.71835380e-04,9.13563017e-05,8.46282859e-05
1.97000000e+04,3.47556895e-04,1.71688010e-04,9.13024600e-05,8.45664246e-05
1.97100000e+04,3.47355629e-04,1.71594389e-04,9.12387883e-05,8.45224518e-05
1.97200000e+04,3.47151103e-04,1.71495264e-04,9.11940737e-05,8.44617654e-05
1.97300000e+04,3.47008636e-04,1.71454743e-04,9.11395491e-05,8.44143433e-05
1.97400000e+04,3.46740477e-04,1.71291150e-04,9.10801877e-05,8.43691392e-05
1.97500000e+04,3.46552807e-04,1.71210253e-04,9.10346587e-05,8.43078948e-05
1.97600000e+04,3.46324251e-04,1.71087937e-04,9.09668861e-05,8.42694271e-05
1.97700000e+04,3.46125640e-04,1.70995254e-04,9.09154429e-05,8.42149429e-05
1.97800000e+04,3.45958021e-04,1.70930209e-04,9.08590329e-05,8.41687786e-05
1.97900000e+04,3.45744876e-04,1.70823413e-04,9.07960082e-05,8.41254545e-05
1.98000000e+04,3.45525788e-04,1.70708284e-04,9.07601263e-05,8.40573783e-05
1.98100000e+04,3.45333176e-04,1.70620580e-04,9.06994610e-05,8.40131352e-05
1.98200000e+04,3.45118764e-04,1.70510294e-04,9.06431596e-05,8.39653099e-05
1.98300000e+04,3.44959347e-04,1.70449015e-04,9.05905836e-05,8.39197488e-05
1.98400000e+04,3.44775581e-04,1.70371037e-04,9.05463734e-05,8.38581705e-05
1.98500000e+04,3.44606586e-04,1.70310280e-04,9.04791958e-05,8.38171105e-05
1.98600000e+04,3.44381694e-04,1.70186050e-04,9.04267907e-05,8.37688529e-05
1.98700000e+04,3.44155180e-04,1.70070996e-04,9.03703638e-05,8.37138210e-05
1.98800000e+04,3.43964545e-04,1.69986835e-04,9.03091815e-05,8.36685284e-05
1.98900000e+04,3.43732114e-04,1.69855461e-04,9.02600112e-05,8.36166422e-05
1.99000000e+04,3.43550695e-04,1.69773162e-04,9.02108262e-05,8.35667075e-05
1.99100000e+04,3.43332270e-04,1.69659451e-04,9.01571460e-05,8.35156732e-05
1.99200000e+04,3.43147177e-04,1.69575734e-04,9.01040119e-05,8.34674313e-05
1.99300000e+04,3.42978276e-04,1.69507165e-04,9.00565739e-05,8.34145369e-05
1.99400000e+04,3.42752823e-04,1.69384978e-04,9.00002364e-05,8.33676091e-05
1.99500000e+04,3.42541307e-04,1.69279607e-04,8.99435654e-05,8.33181350e-05
1.99600000e+04,3.42360092e-04,1.69198256e-04,8.98937105e-05,8.32681259e-05
1.99700000e+04,3.42148706e-04,1.69090305e-04,8.98398694e-05,8.32185311e-05
1.99800000e+04,3.41949852e-04,1.68996744e-04,8.97819606e-05,8.31711475e-05
1.99900000e+04,3.41777172e-04,1.68923268e-04,8.97298487e-05,8.31240544e-05
2.00000000e+04,3.41603033e-04,1.68851222e-04,8.96824622e-05,8.30693487e-05
2.00100000e+04,3.41392739e-04,1.68744134e-04,8.96234635e-05,8.30251409e-05
2.00200000e+04,3.41201094e-04,1.68654343e-04,8.95748142e-05,8.29719364e-05
2.00300000e+04,3.41012929e-04,1.68564932e-04,8.95104733e-05,8.29375240e-05
2.00400000e+04,3.40776184e-04,1.68436199e-04,8.94678673e-05,8.28721184e-05
2.00500000e+04,3.40604225e-04,1.68360867e-04,8.94184011e-05,8.28249571e-05
2.00600000e+04,3.40390045e-04,1.68253738e-04,8.93595081e-05,8.27767988e-05
2.00700000e+04,3.40193507e-04,1.68155775e-04,8.93136872e-05,8.27240448e-05
2.00800000e+04,3.40011280e-04,1.68073809e-04,8.92626469e-05,8.26748235e-05
2.00900000e+04,3.39822172e-04,1.67980863e-04,8.92047092e-05,8.26365995e-05
2.01000000e+04,3.39649762e-04,1.67909682e-04,8.91511878e-05,8.25888923e-05
2.01100000e+04,3.39469121e-04,1.67836270e-04,8.90890891e-05,8.25437617e-05
2.01200000e+04,3.39243986e-04,1.67705900e-04,8.90567740e-05,8.24813122e-05
2.01300000e+04,3.39063628e-04,1.67629248e-04,8.89886067e-05,8.24457731e-05
2.01400000e+04,3.38895923e-04,1.67559829e-04,8.89522213e-05,8.23838727e-05
2.01500000e+04,3.38695624e-04,1.67462085e-04,8.88876448e-05,8.23458937e-05
2.01600000e+04,3.38465483e-04,1.67336681e-04,8.88367786e-05,8.22920229e-05
2.01700000e+04,3.38257481e-04,1.67229767e-04,8.87836706e-05,8.22440441e-05
2.01800000e+04,3.38079401e-04,1.67149424e-04,8.87336419e-05,8.21963353e-05
2.01900000e+04,3.37893235e-04,1.67062138e-04,8.86843081e-05,8.21467886e-05
2.02000000e+04,3.37703977e-04,1.66973537e-04,8.86320973e-05,8.20983427e-05
2.02100000e+04,3.37493274e-04,1.66863395e-04,8.85798259e-05,8.20500531e-05
2.02200000e+04,3.37309462e-04,1.66779914e-04,8.85287738e-05,8.20007741e-05
2.02300000e+04,3.37138764e-04,1.66707544e-04,8.84655741e-05,8.19656458e-05
2.02400000e+04,3.36944768e-04,1.66614935e-04,8.84163524e-05,8.19134804e-05
2.02500000e+04,3.36758878e-04,1.66525571e-04,8.83753257e-05,8.18579812e-05
2.02600000e+04,3.36572808e-04,1.66439937e-04,8.83107559e-05,8.18221148e-05
2.02700000e+04,3.36400795e-04,1.66365174e-04,8.82644743e-05,8.17711458e-05
2.02800000e+04,3.36173792e-04,1.66237392e-04,8.82175753e-05,8.17188245e-05
2.02900000e+04,3.35971964e-04,1.66138785e-04,8.81630835e-05,8.16700951e-05
2.03000000e+04,3.35800862e-04,1.66066409e-04,8.81126909e-05,8.16217624e-05
2.03100000e+04,3.35596457e-04,1.65958192e-04,8.80641504e-05,8.15741152e-05
2.03200000e+04,3.35422770e-04,1.65883083e-04,8.80188734e-05,8.15208135e-05
2.03300000e+04,3.35256682e-04,1.65810807e-04,8.79711264e-05,8.14747495e-05
2.03400000e+04,3.35060845e-04,1.65714254e-04,8.79037963e-05,8.14427951e-05
2.03500000e+04,3.34843765e-04,1.65601495e-04,8.78572753e-05,8.13849954e-05
2.03600000e+04,3.34672801e-04,1.65524891e-04,8.78079589e-05,8.13399505e-05
2.03700000e+04,3.34512636e-04,1.65458828e-04,8.77562354e-05,8.12975732e-05
2.03800000e+04,3.34293648e-04,1.65343928e-04,8.77039551e-05,8.12457643e-05
2.03900000e+04,3.34087672e-04,1.65234906e-04,8.76547532e-05,8.11980126e-05
2.04000000e+04,3.33899066e-04,1.65145560e-04,8.76017717e-05,8.11517346e-05
2.04100000e+04,3.33713590e-04,1.65058033e-04,8.75503049e-05,8.11052516e-05
2.04200000e+04,3.33539089e-04,1.64980108e-04,8.74996229e-05,8.10593585e-05
2.04300000e+04,3.33359091e-04,1.64898786e-04,8.74519685e-05,8.10083358e-05
2.04400000e+04,3.33184578e-04,1.64822946e-04,8.73930770e-05,8.09685549e-05
2.04500000e+04,3.33009044e-04,1.64740931e-04,8.73463850e-05,8.09217281e-05
2.04600000e+04,3.32793743e-04,1.64626674e-04,8.72936756e-05,8.08733937e-05
2.04700000e+04,3.32610946e-04,1.64536365e-04,8.72533035e-05,8.08212775e-05
2.04800000e+04,3.32499982e-04,1.64510755e-04,8.72129498e-05,8.07762774e-05
2.04900000e+04,3.32264647e-04,1.64382140e-04,8.71517064e-05,8.07308010e-05
2.05000000e+04,3.32051036e-04,1.64273927e-04,8.70880427e-05,8.06890665e-05
2.05100000e+04,3.31860205e-04,1.64173836e-04,8.70524176e-05,8.06339520e-05
2.05200000e+04,3.31680023e-04,1.64094276e-04,8.69991012e-05,8.05866461e-05
2.05300000e+04,3.31532596e-04,1.64041433e-04,8.69527486e-05,8.05384139e-05
2.05400000e+04,3.31324216e-04,1.63925489e-04,8.68933605e-05,8.05053665e-05
2.05500000e+04,3.31129305e-04,1.63833226e-04,8.68420790e-05,8.04540005e-05
2.05600000e+04,3.30942623e-04,1.63740631e-04,8.67935883e-05,8.04084044e-05
2.05700000e+04,3.30749798e-04,1.63643190e-04,8.67436549e-05,8.03629526e-05
2.05800000e+04,3.30588519e-04,1.63573923e-04,8.66974839e-05,8.03171120e-05
2.05900000e+04,3.30389081e-04,1.63473490e-04,8.66496403e-05,8.02659502e-05
2.06000000e+04,3.30221326e-04,1.63399765e-04,8.65934462e-05,8.02281143e-05
2.06100000e+04,3.30068149e-04,1.63336756e-04,8.65490201e-05,8.01823728e-05
2.06200000e+04,3.29853129e-04,1.63223708e-04,8.64964204e-05,8.01330010e-05
2.06300000e+04,3.29663773e-04,1.63128143e-04,8.64537638e-05,8.00818654e-05
2.06400000e+04,3.29470609e-04,1.63031145e-04,8.63987274e-05,8.00407368e-05
2.06500000e+04,3.29299607e-04,1.62953608e-04,8.63523426e-05,7.99936568e-05
2.06600000e+04,3.29131257e-04,1.62877841e-04,8.63036894e-05,7.99497266e-05
2.06700000e+04,3.28957139e-04,1.62800507e-04,8.62521767e-05,7.99044554e-05
2.06800000e+04,3.28762050e-04,1.62701995e-04,8.62114735e-05,7.98485817e-05
2.06900000e+04,3.28573730e-04,1.62607313e-04,8.61578248e-05,7.98085915e-05
2.07000000e+04,3.28397262e-04,1.62527313e-04,8.61057688e-05,7.97641807e-05
2.07100000e+04,3.28202850e-04,1.62426828e-04,8.60573971e-05,7.97186245e-05
2.07200000e+04,3.28026079e-04,1.62344211e-04,8.60097247e-05,7.96721433e-05
2.07300000e+04,3.27866415e-04,1.62278024e-04,8.59605778e-05,7.96278127e-05
2.07400000e+04,3.27683584e-04,1.62186586e-04,8.59145684e-05,7.95824299e-05
2.07500000e+04,3.27554807e-04,1.62149492e-04,8.58672654e-05,7.95380498e-05
2.07600000e+04,3.27351461e-04,1.62048412e-04,8.58067959e-05,7.94962532e-05
2.07700000e+04,3.27173738e-04,1.61960137e-04,8.57775041e-05,7.94360973e-05
2.07800000e+04,3.26958187e-04,1.61837449e-04,8.57109049e-05,7.94098336e-05
2.07900000e+04,3.26771778e-04,1.61745371e-04,8.56717226e-05,7.93546842e-05
2.08000000e+04,3.26597770e-04,1.61664929e-04,8.56193970e-05,7.93134437e-05
2.08100000e+04,3.26413506e-04,1.61572979e-04,8.55730503e-05,7.92674769e-05
2.08200000e+04,3.26242342e-04,1.61493334e-04,8.55285994e-05,7.92204086e-05
2.08300000e+04,3.26077729e-04,1.61419982e-04,8.54822347e-05,7.91755125e-05
2.08400000e+04,3.25892561e-04,1.61335444e-04,8.54189788e-05,7.91381381e-05
2.08500000e+04,3.25712152e-04,1.61248082e-04,8.53737705e-05,7.90902988e-05
2.08600000e+04,3.25545337e-04,1.61173869e-04,8.53250602e-05,7.90464084e-05
2.08700000e+04,3.25382555e-04,1.61096632e-04,8.52790938e-05,7.90068290e-05
2.08800000e+04,3.25194875e-04,1.61005255e-04,8.52251900e-05,7.89644304e-05
2.08900000e+04,3.25019847e-04,1.60923125e-04,8.51836950e-05,7.89130267e-05
2.09000000e+04,3.24821763e-04,1.60816334e-04,8.51393610e-05,7.88660678e-05
2.09100000e+04,3.24648191e-04,1.60735951e-04,8.50878805e-05,7.88243604e-05
2.09200000e+04,3.24501523e-04,1.60677622e-04,8.50421951e-05,7.87817062e-05
2.09300000e+04,3.24302981e-04,1.60574002e-04,8.49912412e-05,7.87377387e-05
2.09400000e+04,3.24129347e-04,1.60493842e-04,8.49435617e-05,7.86919436e-05
2.09500000e+04,3.23938439e-04,1.60395146e-04,8.48980590e-05,7.86452347e-05
2.09600000e+04,3.23770410e-04,1.60317403e-04,8.48511245e-05,7.86018825e-05
2.09700000e+04,3.23603037e-04,1.60241040e-04,8.48034968e-05,7.85585007e-05
2.09800000e+04,3.23461247e-04,1.60184499e-04,8.47601195e-05,7.85166285e-05
2.09900000e+04,3.23280695e-04,1.60099226e-04,8.47093326e-05,7.84721366e-05
2.10000000e+04,3.23090790e-04,1.60003166e-04,8.46689409e-05,7.84186830e-05
2.10100000e+04,3.22900847e-04,1.59905845e-04,8.46163264e-05,7.83786760e-05
2.10200000e+04,3.22725163e-04,1.59821995e-04,8.45703558e-05,7.83328123e-05
2.10300000e+04,3.22547850e-04,1.59735298e-04,8.45219976e-05,7.82905543e-05
2.10400000e+04,3.22371826e-04,1.59653052e-04,8.44720116e-05,7.82467629e-05
2.10500000e+04,3.22222412e-04,1.59593769e-04,8.44269560e-05,7.82016878e-05
2.10600000e+04,3.22047003e-04,1.59510430e-04,8.43736823e-05,7.81628903e-05
2.10700000e+04,3.21868280e-04,1.59419253e-04,8.43302392e-05,7.81187879e-05
2.10800000e+04,3.21728337e-04,1.59372933e-04,8.42894358e-05,7.80659686e-05
2.10900000e+04,3.21526081e-04,1.59255307e-04,8.42377323e-05,7.80330422e-05
2.11000000e+04,3.21339635e-04,1.59160867e-04,8.41941088e-05,7.79846590e-05
2.11100000e+04,3.21161721e-04,1.59071616e-04,8.41436813e-05,7.79464230e-05
2.11200000e+04,3.20990042e-04,1.58992276e-04,8.40975828e-05,7.79001834e-05
2.11300000e+04,3.20829502e-04,1.58919714e-04,8.40510327e-05,7.78587551e-05
2.11400000e+04,3.20660674e-04,1.58841093e-04,8.40045059e-05,7.78150757e-05
2.11500000e+04,3.20492353e-04,1.58764475e-04,8.39523887e-05,7.77754891e-05
2.11600000e+04,3.20317181e-04,1.58676817e-04,8.39091150e-05,7.77312498e-05
2.11700000e+04,3.20143192e-04,1.58592444e-04,8.38657503e-05,7.76849971e-05
2.11800000e+04,3.19973446e-04,1.58513250e-04,8.38239197e-05,7.76362758e-05
2.11900000e+04,3.19795759e-04,1.58426310e-04,8.37688502e-05,7.76005993e-05
2.12000000e+04,3.19625461e-04,1.58345673e-04,8.37269778e-05,7.75528108e-05
2.12100000e+04,3.19502041e-04,1.58315411e-04,8.36755718e-05,7.75110584e-05
2.12200000e+04,3.19333462e-04,1.58227759e-04,8.36443080e-05,7.74613945e-05
2.12300000e+04,3.19132000e-04,1.58119760e-04,8.35900024e-05,7.74222375e-05
2.12400000e+04,3.18948862e-04,1.58025325e-04,8.35397313e-05,7.73838059e-05
2.12500000e+04,3.18786368e-04,1.57953011e-04,8.34961747e-05,7.73371828e-05
2.12600000e+04,3.18609815e-04,1.57860864e-04,8.34536477e-05,7.72953039e-05
2.12700000e+04,3.18436116e-04,1.57779160e-04,8.34020553e-05,7.72549012e-05
2.12800000e+04,3.18275518e-04,1.57706937e-04,8.33552580e-05,7.72133224e-05
2.12900000e+04,3.18102481e-04,1.57622178e-04,8.33144040e-05,7.71658992e-05
2.13000000e+04,3.17933733e-04,1.57541847e-04,8.32691263e-05,7.71227602e-05
2.13100000e+04,3.17786382e-04,1.57482720e-04,8.32240841e-05,7.70795774e-05
2.13200000e+04,3.17600759e-04,1.57384489e-04,8.31761890e-05,7.70400811e-05
2.13300000e+04,3.17445778e-04,1.57318761e-04,8.31215029e-05,7.70055143e-05
2.13400000e+04,3.17308003e-04,1.57264092e-04,8.30873563e-05,7.69565548e-05
2.13500000e+04,3.17112866e-04,1.57160748e-04,8.30393863e-05,7.69127315e-05
2.13600000e+04,3.16942071e-04,1.57075721e-04,8.29949002e-05,7.68714497e-05
2.13700000e+04,3.16756776e-04,1.56979718e-04,8.29441575e-05,7.68329008e-05
2.13800000e+04,3.16588016e-04,1.56900020e-04,8.28997589e-05,7.67882379e-05
2.13900000e+04,3.16435041e-04,1.56833926e-04,8.28516164e-05,7.67494988e-05
2.14000000e+04,3.16282165e-04,1.56765320e-04,8.28140466e-05,7.67027981e-05
2.14100000e+04,3.16118932e-04,1.56693648e-04,8.27661055e-05,7.66591793e-05
2.14200000e+04,3.15931806e-04,1.56589824e-04,8.27183057e-05,7.66236764e-05
2.14300000e+04,3.15762214e-04,1.56510451e-04,8.26744668e-05,7.65772957e-05
2.14400000e+04,3.15607489e-04,1.56442103e-04,8.26255524e-05,7.65398338e-05
2.14500000e+04,3.15448032e-04,1.56370776e-04,8.25772262e-05,7.65000295e-05
2.14600000e+04,3.15267701e-04,1.56275352e-04,8.25451076e-05,7.64472416e-05
2.14700000e+04,3.15098454e-04,1.56191319e-04,8.24948664e-05,7.64122695e-05
2.14800000e+04,3.14940455e-04,1.56117969e-04,8.24547864e-05,7.63677002e-05
2.14900000e+04,3.14775547e-04,1.56040708e-04,8.24077673e-05,7.63270711e-05
2.15000000e+04,3.14608447e-04,1.55961717e-04,8.23629063e-05,7.62838234e-05
2.15100000e+04,3.14453422e-04,1.55892346e-04,8.23216033e-05,7.62394737e-05
2.15200000e+04,3.14292388e-04,1.55817189e-04,8.22770722e-05,7.61981270e-05
2.15300000e+04,3.14123731e-04,1.55733976e-04,8.22292217e-05,7.61605335e-05
2.15400000e+04,3.13950597e-04,1.55651135e-04,8.21833915e-05,7.61160702e-05
2.15500000e+04,3.13789660e-04,1.55574488e-04,8.21366959e-05,7.60784767e-05
2.15600000e+04,3.13639485e-04,1.55509402e-04,8.20921325e-05,7.60379506e-05
2.15700000e+04,3.13466196e-04,1.55425293e-04,8.20437808e-05,7.59971226e-05
2.15800000e+04,3.13299948e-04,1.55343655e-04,8.19990568e-05,7.59572364e-05
2.15900000e+04,3.13137237e-04,1.55262587e-04,8.19563300e-05,7.59183193e-05
2.16000000e+04,3.12979620e-04,1.55189171e-04,8.19139961e-05,7.58764527e-05
2.16100000e+04,3.12829772e-04,1.55126779e-04,8.18733819e-05,7.58296110e-05
2.16200000e+04,3.12647329e-04,1.55030801e-04,8.18261708e-05,7.57903566e-05
2.16300000e+04,3.12480464e-04,1.54947337e-04,8.17841519e-05,7.57489748e-05
2.16400000e+04,3.12331574e-04,1.54881402e-04,8.17404371e-05,7.57097356e-05
2.16500000e+04,3.12158231e-04,1.54795453e-04,8.16951697e-05,7.56676076e-05
2.16600000e+04,3.12008622e-04,1.54730273e-04,8.16501737e-05,7.56281754e-05
2.16700000e+04,3.11856966e-04,1.54659102e-04,8.16130218e-05,7.55848425e-05
2.16800000e+04,3.11678983e-04,1.54572478e-04,8.15652938e-05,7.55412113e-05
2.16900000e+04,3.11541042e-04,1.54515187e-04,8.15263604e-05,7.54994951e-05
2.17000000e+04,3.11368792e-04,1.54430134e-04,8.14719435e-05,7.54667140e-05
2.17100000e+04,3.11211152e-04,1.54359965e-04,8.14319272e-05,7.54192601e-05
2.17200000e+04,3.11044682e-04,1.54275558e-04,8.13825141e-05,7.53866092e-05
2.17300000e+04,3.10875473e-04,1.54189618e-04,8.13456998e-05,7.53401551e-05
2.17400000e+04,3.10724632e-04,1.54120173e-04,8.13025808e-05,7.53018789e-05
2.17500000e+04,3.10552033e-04,1.54036749e-04,8.12589980e-05,7.52562863e-05
2.17600000e+04,3.10394122e-04,1.53960991e-04,8.12140141e-05,7.52191170e-05
2.17700000e+04,3.10246468e-04,1.53900894e-04,8.11642327e-05,7.51813412e-05
2.17800000e+04,3.10068400e-04,1.53803938e-04,8.11242413e-05,7.51402205e-05
2.17900000e+04,3.09913226e-04,1.53730898e-04,8.10823538e-05,7.50999738e-05
2.18000000e+04,3.09783833e-04,1.53685131e-04,8.10389309e-05,7.50597706e-05
2.18100000e+04,3.09599668e-04,1.53584070e-04,8.09989539e-05,7.50166437e-05
2.18200000e+04,3.09465449e-04,1.53533697e-04,8.09559302e-05,7.49758219e-05
2.18300000e+04,3.09294921e-04,1.53445735e-04,8.08997844e-05,7.49494018e-05
2.18400000e+04,3.09123234e-04,1.53357303e-04,8.08709339e-05,7.48949971e-05
2.18500000e+04,3.08961671e-04,1.53279116e-04,8.08212933e-05,7.48612620e-05
2.18600000e+04,3.08807548e-04,1.53207852e-04,8.07790735e-05,7.48206217e-05
2.18700000e+04,3.08647013e-04,1.53130621e-04,8.07398916e-05,7.47765002e-05
2.18800000e+04,3.08503902e-04,1.53069921e-04,8.06967731e-05,7.47372076e-05
2.18900000e+04,3.08343860e-04,1.52990555e-04,8.06545737e-05,7.46987307e-05
2.19000000e+04,3.08223551e-04,1.52952102e-04,8.06161597e-05,7.46552891e-05
2.19100000e+04,3.08051730e-04,1.52866572e-04,8.05649461e-05,7.46202124e-05
2.19200000e+04,3.07888937e-04,1.52781363e-04,8.05286014e-05,7.45789726e-05
2.19300000e+04,3.07713392e-04,1.52693178e-04,8.04814150e-05,7.45387993e-05
2.19400000e+04,3.07554179e-04,1.52613212e-04,8.04409668e-05,7.45000010e-05
2.19500000e+04,3.07399599e-04,1.52542861e-04,8.03964373e-05,7.44602999e-05
2.19600000e+04,3.07241635e-04,1.52466070e-04,8.03543209e-05,7.44212441e-05
2.19700000e+04,3.07089130e-04,1.52395703e-04,8.03110370e-05,7.43823897e-05
2.19800000e+04,3.06940440e-04,1.52327446e-04,8.02692803e-05,7.43437138e-05
2.19900000e+04,3.06783586e-04,1.52251255e-04,8.02281038e-05,7.43042268e-05
2.20000000e+04,3.06640822e-04,1.52189064e-04,8.01874072e-05,7.42643508e-05
2.20100000e+04,3.06469783e-04,1.52101039e-04,8.01433203e-05,7.42254231e-05
2.20200000e+04,3.06314813e-04,1.52028382e-04,8.00989888e-05,7.41874426e-05
2.20300000e+04,3.06154455e-04,1.51948466e-04,8.00580274e-05,7.41479620e-05
2.20400000e+04,3.06000259e-04,1.51877110e-04,8.00162328e-05,7.41069156e-05
2.20500000e+04,3.05848583e-04,1.51805263e-04,7.99725596e-05,7.40707605e-05
2.20600000e+04,3.05698142e-04,1.51735217e-04,7.99310848e-05,7.40318401e-05
2.20700000e+04,3.05565618e-04,1.51681635e-04,7.98865092e-05,7.39974732e-05
2.20800000e+04,3.05402557e-04,1.51603120e-04,7.98584539e-05,7.39409834e-05
2.20900000e+04,3.05243871e-04,1.51524913e-04,7.98093864e-05,7.39095713e-05
2.21000000e+04,3.05081668e-04,1.51445708e-04,7.97688050e-05,7.38671550e-05
2.21100000e+04,3.04928083e-04,1.51372537e-04,7.97272263e-05,7.38283201e-05
2.21200000e+04,3.04775827e-04,1.51300852e-04,7.96828763e-05,7.37920991e-05
2.21300000e+04,3.04623087e-04,1.51227028e-04,7.96438269e-05,7.37522318e-05
2.21400000e+04,3.04468550e-04,1.51154772e-04,7.95953831e-05,7.37183947e-05
2.21500000e+04,3.04318530e-04,1.51087008e-04,7.95536951e-05,7.36778276e-05
2.21600000e+04,3.04174194e-04,1.51023689e-04,7.95118958e-05,7.36386093e-05
2.21700000e+04,3.04008813e-04,1.50932765e-04,7.94760808e-05,7.35999676e-05
2.21800000e+04,3.03854281e-04,1.50863257e-04,7.94305741e-05,7.35604499e-05
2.21900000e+04,3.03707640e-04,1.50794668e-04,7.93907495e-05,7.35222227e-05
2.22000000e+04,3.03560549e-04,1.50727604e-04,7.93521020e-05,7.34808425e-05
2.22100000e+04,3.03407756e-04,1.50655393e-04,7.93075524e-05,7.34448102e-05
2.22200000e+04,3.03272958e-04,1.50597001e-04,7.92626703e-05,7.34132869e-05
2.22300000e+04,3.03124696e-04,1.50536210e-04,7.92159703e-05,7.33725157e-05
2.22400000e+04,3.02948124e-04,1.50434269e-04,7.91812634e-05,7.33325918e-05
2.22500000e+04,3.02795689e-04,1.50360415e-04,7.91438088e-05,7.32914659e-05
2.22600000e+04,3.02641532e-04,1.50288250e-04,7.90995968e-05,7.32536855e-05
2.22700000e+04,3.02490631e-04,1.50214402e-04,7.90609525e-05,7.32152757e-05
2.22800000e+04,3.02341190e-04,1.50144057e-04,7.90206115e-05,7.31765216e-05
2.22900000e+04,3.02201520e-04,1.50081909e-04,7.89804208e-05,7.31391903e-05
2.23000000e+04,3.02045963e-04,1.50008806e-04,7.89382373e-05,7.30989190e-05
2.23100000e+04,3.01897093e-04,1.49938758e-04,7.88980493e-05,7.30602858e-05
2.23200000e+04,3.01768697e-04,1.49888458e-04,7.88579486e-05,7.30222904e-05
2.23300000e+04,3.01618262e-04,1.49815514e-04,7.88155061e-05,7.29872421e-05
2.23400000e+04,3.01449209e-04,1.49727797e-04,7.87747276e-05,7.29466852e-05
2.23500000e+04,3.01295043e-04,1.49650426e-04,7.87347170e-05,7.29099009e-05
2.23600000e+04,3.01149417e-04,1.49580813e-04,7.86962017e-05,7.28724028e-05
2.23700000e+04,3.00995548e-04,1.49508767e-04,7.86547516e-05,7.28320294e-05
2.23800000e+04,3.00859950e-04,1.49453209e-04,7.86159406e-05,7.27908009e-05
2.23900000e+04,3.00699527e-04,1.49369749e-04,7.85683635e-05,7.27614144e-05
2.24000000e+04,3.00558319e-04,1.49307102e-04,7.85288097e-05,7.27224075e-05
2.24100000e+04,3.00414273e-04,1.49240029e-04,7.84963979e-05,7.26778462e-05
2.24200000e+04,3.00257801e-04,1.49163889e-04,7.84499613e-05,7.26439506e-05
2.24300000e+04,3.00122854e-04,1.49106049e-04,7.84082413e-05,7.26085644e-05
2.24400000e+04,2.99974173e-04,1.49036675e-04,7.83710366e-05,7.25664613e-05
2.24500000e+04,2.99818781e-04,1.48955539e-04,7.83268641e-05,7.25363772e-05
2.24600000e+04,2.99666785e-04,1.48881965e-04,7.82898047e-05,7.24950147e-05
2.24700000e+04,2.99526051e-04,1.48818106e-04,7.82497738e-05,7.24581707e-05
2.24800000e+04,2.99373932e-04,1.48742722e-04,7.82082041e-05,7.24230056e-05
2.24900000e+04,2.99232357e-04,1.48679820e-04,7.81659828e-05,7.23865533e-05
2.25000000e+04,2.99081590e-04,1.48608173e-04,7.81265257e-05,7.23468920e-05
2.25100000e+04,2.98939806e-04,1.48545190e-04,7.80851342e-05,7.23094812e-05
2.25200000e+04,2.98788882e-04,1.48471434e-04,7.80452128e-05,7.22722360e-05
2.25300000e+04,2.98639530e-04,1.48395213e-04,7.80093616e-05,7.22349550e-05
2.25400000e+04,2.98495776e-04,1.48330824e-04,7.79664049e-05,7.21985471e-05
2.25500000e+04,2.98354825e-04,1.48264463e-04,7.79312319e-05,7.21591301e-05
2.25600000e+04,2.98212556e-04,1.48200521e-04,7.78883572e-05,7.21236780e-05
2.25700000e+04,2.98078480e-04,1.48143817e-04,7.78435568e-05,7.20911064e-05
2.25800000e+04,2.97919176e-04,1.48059293e-04,7.78100684e-05,7.20498145e-05
2.25900000e+04,2.97767839e-04,1.47986928e-04,7.77711784e-05,7.20097332e-05
2.26000000e+04,2.97628234e-04,1.47924411e-04,7.77298063e-05,7.19740170e-05
2.26100000e+04,2.97498961e-04,1.47866378e-04,7.76990744e-05,7.19335083e-05
2.26200000e+04,2.97344310e-04,1.47790725e-04,7.76469862e-05,7.19065989e-05
2.26300000e+04,2.97187360e-04,1.47710049e-04,7.76134746e-05,7.18638365e-05
2.26400000e+04,2.97047564e-04,1.47645899e-04,7.75747247e-05,7.18269404e-05
2.26500000e+04,2.96913078e-04,1.47588344e-04,7.75374023e-05,7.17873310e-05
2.26600000e+04,2.96760448e-04,1.47512278e-04,7.74957114e-05,7.17524588e-05
2.26700000e+04,2.96620548e-04,1.47447491e-04,7.74541184e-05,7.17189389e-05
2.26800000e+04,2.96476231e-04,1.47374715e-04,7.74191854e-05,7.16823304e-05
2.26900000e+04,2.96331751e-04,1.47307466e-04,7.73797557e-05,7.16445298e-05
2.27000000e+04,2.96193621e-04,1.47245438e-04,7.73437238e-05,7.16044597e-05
2.27100000e+04,2.96046371e-04,1.47173461e-04,7.73001633e-05,7.15727467e-05
2.27200000e+04,2.95902047e-04,1.47102557e-04,7.72645850e-05,7.15349042e-05
2.27300000e+04,2.95763114e-04,1.47043663e-04,7.72173769e-05,7.15020744e-05
2.27400000e+04,2.95613075e-04,1.46967686e-04,7.71834357e-05,7.14619531e-05
2.27500000e+04,2.95473032e-04,1.46902310e-04,7.71450923e-05,7.14256297e-05
2.27600000e+04,2.95338523e-04,1.46841754e-04,7.71085659e-05,7.13882033e-05
2.27700000e+04,2.95188044e-04,1.46767709e-04,7.70655706e-05,7.13547650e-05
2.27800000e+04,2.95046007e-04,1.46700158e-04,7.70265238e-05,7.13193253e-05
2.27900000e+04,2.94908353e-04,1.46638383e-04,7.69894135e-05,7.12805560e-05
2.28000000e+04,2.94768343e-04,1.46572199e-04,7.69466593e-05,7.12494850e-05
2.28100000e+04,2.94635070e-04,1.46514290e-04,7.69140219e-05,7.12067582e-05
2.28200000e+04,2.94482152e-04,1.46436629e-04,7.68713793e-05,7.11741433e-05
2.28300000e+04,2.94352159e-04,1.46382706e-04,7.68322327e-05,7.11372206e-05
2.28400000e+04,2.94212783e-04,1.46315546e-04,7.67917692e-05,7.11054674e-05
2.28500000e+04,2.94059548e-04,1.46234092e-04,7.67594365e-05,7.10660197e-05
2.28600000e+04,2.93916975e-04,1.46166566e-04,7.67201645e-05,7.10302442e-05
2.28700000e+04,2.93781465e-04,1.46105272e-04,7.66808016e-05,7.09953911e-05
2.28800000e+04,2.93638607e-04,1.46037282e-04,7.66416977e-05,7.09596268e-05
2.28900000e+04,2.93501752e-04,1.45973754e-04,7.66026355e-05,7.09253622e-05
2.29000000e+04,2.93362869e-04,1.45909454e-04,7.65680827e-05,7.08853328e-05
2.29100000e+04,2.93226576e-04,1.45846732e-04,7.65309425e-05,7.08489024e-05
2.29200000e+04,2.93078949e-04,1.45773731e-04,7.64893575e-05,7.08158605e-05
2.29300000e+04,2.92944100e-04,1.45712985e-04,7.64525836e-05,7.07785317e-05
2.29400000e+04,2.92804581e-04,1.45642187e-04,7.64205695e-05,7.07418247e-05
2.29500000e+04,2.92663230e-04,1.45577689e-04,7.63763732e-05,7.07091678e-05
2.29600000e+04,2.92523262e-04,1.45507594e-04,7.63396474e-05,7.06760207e-05
2.29700000e+04,2.92384192e-04,1.45444888e-04,7.62977079e-05,7.06415964e-05
2.29800000e+04,2.92248115e-04,1.45379896e-04,7.62603117e-05,7.06079074e-05
2.29900000e+04,2.92101698e-04,1.45310607e-04,7.62219704e-05,7.05691205e-05
2.30000000e+04,2.91976070e-04,1.45258201e-04,7.61865562e-05,7.05313134e-05
2.30100000e+04,2.91832070e-04,1.45184904e-04,7.61496900e-05,7.04974753e-05
2.30200000e+04,2.91709367e-04,1.45133224e-04,7.61148412e-05,7.04613021e-05
2.30300000e+04,2.91558756e-04,1.45061644e-04,7.60747418e-05,7.04223710e-05
2.30400000e+04,2.91413424e-04,1.44987512e-04,7.60376615e-05,7.03882511e-05
2.30500000e+04,2.91275231e-04,1.44922017e-04,7.59995310e-05,7.03536828e-05
2.30600000e+04,2.91135845e-04,1.44855852e-04,7.59590157e-05,7.03209769e-05
2.30700000e+04,2.91010355e-04,1.44803437e-04,7.59190511e-05,7.02878667e-05
2.30800000e+04,2.90865788e-04,1.44729710e-04,7.58859782e-05,7.02500999e-05
2.30900000e+04,2.90732313e-04,1.44667715e-04,7.58473743e-05,7.02172241e-05
2.31000000e+04,2.90596972e-04,1.44606844e-04,7.58072601e-05,7.01828677e-05
2.31100000e+04,2.90456925e-04,1.44538304e-04,7.57722783e-05,7.01463430e-05
2.31200000e+04,2.90322563e-04,1.44476755e-04,7.57371050e-05,7.01087033e-05
2.31300000e+04,2.90181953e-04,1.44407933e-04,7.56992904e-05,7.00747293e-05
2.31400000e+04,2.90047745e-04,1.44345860e-04,7.56627067e-05,7.00391779e-05
2.31500000e+04,2.89911157e-04,1.44280143e-04,7.56233505e-05,7.00076635e-05
2.31600000e+04,2.89771581e-04,1.44212683e-04,7.55845173e-05,6.99743806e-05
2.31700000e+04,2.89651279e-04,1.44163441e-04,7.55461286e-05,6.99417090e-05
2.31800000e+04,2.89508501e-04,1.44095750e-04,7.55070378e-05,6.99057136e-05
2.31900000e+04,2.89365754e-04,1.44023803e-04,7.54756504e-05,6.98663009e-05
2.32000000e+04,2.89231684e-04,1.43959857e-04,7.54422550e-05,6.98295720e-05
2.32100000e+04,2.89095412e-04,1.43895573e-04,7.54020932e-05,6.97977456e-05
2.32200000e+04,2.88965005e-04,1.43835918e-04,7.53636694e-05,6.97654184e-05
2.32300000e+04,2.88826059e-04,1.43767868e-04,7.53286802e-05,6.97295106e-05
2.32400000e+04,2.88695963e-04,1.43707783e-04,7.52942584e-05,6.96939213e-05
2.32500000e+04,2.88559915e-04,1.43643443e-04,7.52547563e-05,6.96617160e-05
2.32600000e+04,2.88424503e-04,1.43580081e-04,7.52191925e-05,6.96252289e-05
2.32700000e+04,2.88296946e-04,1.43524795e-04,7.51827971e-05,6.95893546e-05
2.32800000e+04,2.88155658e-04,1.43454044e-04,7.51446461e-05,6.95569680e-05
2.32900000e+04,2.88020294e-04,1.43389728e-04,7.51054144e-05,6.95251514e-05
2.33000000e+04,2.87889277e-04,1.43329461e-04,7.50697498e-05,6.94900661e-05
2.33100000e+04,2.87767178e-04,1.43278713e-04,7.50365407e-05,6.94519244e-05
2.33200000e+04,2.87624082e-04,1.43205954e-04,7.49993273e-05,6.94188001e-05
2.33300000e+04,2.87484986e-04,1.43137698e-04,7.49615643e-05,6.93857237e-05
2.33400000e+04,2.87353951e-04,1.43077310e-04,7.49253013e-05,6.93513393e-05
2.33500000e+04,2.87227038e-04,1.43020789e-04,7.48904547e-05,6.93157943e-05
2.33600000e+04,2.87090205e-04,1.42953697e-04,7.48538923e-05,6.92826161e-05
2.33700000e+04,2.86969045e-04,1.42898098e-04,7.48217562e-05,6.92491904e-05
2.33800000e+04,2.86824799e-04,1.42830655e-04,7.47767179e-05,6.92174260e-05
2.33900000e+04,2.86693131e-04,1.42765209e-04,7.47454949e-05,6.91824271e-05
2.34000000e+04,2.86555793e-04,1.42700830e-04,7.47053844e-05,6.91495793e-05
2.34100000e+04,2.86423751e-04,1.42637527e-04,7.46706322e-05,6.91155920e-05
2.34200000e+04,2.86297157e-04,1.42581295e-04,7.46350981e-05,6.90807634e-05
2.34300000e+04,2.86165655e-04,1.42519432e-04,7.45973470e-05,6.90488767e-05
2.34400000e+04,2.86038972e-04,1.42462388e-04,7.45618914e-05,6.90146923e-05
2.34500000e+04,2.85912437e-04,1.42405621e-04,7.45259224e-05,6.89808930e-05
2.34600000e+04,2.85770853e-04,1.42334027e-04,7.44922332e-05,6.89445933e-05
2.34700000e+04,2.85635362e-04,1.42267844e-04,7.44549345e-05,6.89125834e-05
2.34800000e+04,2.85503598e-04,1.42204838e-04,7.44182365e-05,6.88805230e-05
2.34900000e+04,2.85373312e-04,1.42144463e-04,7.43843984e-05,6.88444506e-05
2.35000000e+04,2.85245553e-04,1.42085259e-04,7.43486256e-05,6.88116682e-05
2.35100000e+04,2.85112009e-04,1.42021414e-04,7.43111133e-05,6.87794822e-05
2.35200000e+04,2.84981432e-04,1.41960572e-04,7.42747699e-05,6.87460897e-05
2.35300000e+04,2.84861440e-04,1.41909343e-04,7.42353393e-05,6.87167577e-05
2.35400000e+04,2.84728858e-04,1.41846006e-04,7.42057899e-05,6.86770627e-05
2.35500000e+04,2.84605418e-04,1.41790082e-04,7.41686952e-05,6.86466410e-05
2.35600000e+04,2.84463489e-04,1.41718217e-04,7.41333160e-05,6.86119557e-05
2.35700000e+04,2.84335310e-04,1.41658724e-04,7.40968879e-05,6.85796979e-05
2.35800000e+04,2.84215416e-04,1.41606818e-04,7.40646272e-05,6.85439710e-05
2.35900000e+04,2.84075752e-04,1.41537018e-04,7.40266420e-05,6.85120923e-05
2.36000000e+04,2.83946623e-04,1.41476706e-04,7.39925579e-05,6.84773599e-05
2.36100000e+04,2.83814268e-04,1.41412137e-04,7.39568282e-05,6.84453030e-05
2.36200000e+04,2.83685158e-04,1.41351951e-04,7.39197616e-05,6.84134453e-05
2.36300000e+04,2.83560578e-04,1.41297127e-04,7.38840619e-05,6.83793894e-05
2.36400000e+04,2.83433305e-04,1.41235777e-04,7.38504419e-05,6.83470864e-05
2.36500000e+04,2.83306738e-04,1.41177388e-04,7.38171753e-05,6.83121751e-05
2.36600000e+04,2.83179678e-04,1.41116328e-04,7.37784265e-05,6.82849236e-05
2.36700000e+04,2.83044039e-04,1.41050772e-04,7.37451519e-05,6.82481154e-05
2.36800000e+04,2.82914180e-04,1.40989425e-04,7.37101325e-05,6.82146223e-05
2.36900000e+04,2.82792200e-04,1.40935715e-04,7.36763488e-05,6.81801364e-05
2.37000000e+04,2.82659174e-04,1.40870005e-04,7.36402306e-05,6.81489383e-05
2.37100000e+04,2.82531692e-04,1.40810774e-04,7.36026390e-05,6.81182791e-05
2.37200000e+04,2.82411298e-04,1.40756723e-04,7.35683738e-05,6.80862016e-05
2.37300000e+04,2.82283258e-04,1.40695643e-04,7.35357025e-05,6.80519119e-05
2.37400000e+04,2.82159608e-04,1.40640122e-04,7.35020732e-05,6.80174134e-05
2.37500000e+04,2.82027336e-04,1.40574118e-04,7.34657851e-05,6.79874322e-05
2.37600000e+04,2.81898864e-04,1.40514984e-04,7.34302643e-05,6.79536157e-05
2.37700000e+04,2.81772171e-04,1.40455006e-04,7.33955074e-05,6.79216578e-05
2.37800000e+04,2.81645146e-04,1.40393974e-04,7.33620944e-05,6.78890777e-05
2.37900000e+04,2.81519348e-04,1.40336604e-04,7.33255478e-05,6.78571962e-05
2.38000000e+04,2.81396074e-04,1.40280823e-04,7.32930916e-05,6.78221591e-05
2.38100000e+04,2.81266077e-04,1.40216901e-04,7.32575470e-05,6.77916295e-05
2.38200000e+04,2.81143233e-04,1.40160331e-04,7.32240738e-05,6.77588289e-05
2.38300000e+04,2.81013643e-04,1.40097830e-04,7.31879956e-05,6.77278164e-05
2.38400000e+04,2.80887492e-04,1.40038677e-04,7.31530597e-05,6.76957549e-05
2.38500000e+04,2.80760592e-04,1.39978119e-04,7.31203914e-05,6.76620813e-05
2.38600000e+04,2.80640740e-04,1.39924329e-04,7.30867210e-05,6.76296900e-05
2.38700000e+04,2.80519953e-04,1.39868076e-04,7.30485302e-05,6.76033469e-05
2.38800000e+04,2.80394122e-04,1.39812108e-04,7.30121455e-05,6.75698686e-05
2.38900000e+04,2.80268491e-04,1.39751668e-04,7.29802219e-05,6.75366005e-05
2.39000000e+04,2.80136584e-04,1.39687412e-04,7.29484527e-05,6.75007190e-05
2.39100000e+04,2.80009019e-04,1.39625229e-04,7.29136207e-05,6.74701692e-05
2.39200000e+04,2.79885545e-04,1.39568557e-04,7.28791052e-05,6.74378828e-05
2.39300000e+04,2.79763592e-04,1.39511607e-04,7.28447230e-05,6.74072618e-05
2.39400000e+04,2.79640251e-04,1.39455500e-04,7.28094157e-05,6.73753349e-05
2.39500000e+04,2.79518692e-04,1.39400089e-04,7.27773322e-05,6.73412704e-05
2.39600000e+04,2.79391433e-04,1.39337327e-04,7.27438724e-05,6.73102335e-05
2.39700000e+04,2.79273187e-04,1.39284925e-04,7.27076282e-05,6.72806336e-05
2.39800000e+04,2.79152256e-04,1.39229043e-04,7.26762097e-05,6.72470032e-05
2.39900000e+04,2.79022218e-04,1.39166226e-04,7.26419987e-05,6.72139937e-05
2.40000000e+04,2.78894995e-04,1.39103916e-04,7.26074511e-05,6.71836276e-05
2.40100000e+04,2.78772157e-04,1.39047443e-04,7.25741675e-05,6.71505465e-05
2.40200000e+04,2.78649599e-04,1.38990911e-04,7.25400087e-05,6.71186795e-05
2.40300000e+04,2.78524983e-04,1.38930726e-04,7.25073562e-05,6.70869014e-05
2.40400000e+04,2.78402773e-04,1.38875662e-04,7.24714060e-05,6.70557049e-05
2.40500000e+04,2.78280157e-04,1.38817410e-04,7.24392577e-05,6.70234894e-05
2.40600000e+04,2.78159015e-04,1.38760941e-04,7.24048637e-05,6.69932097e-05
2.40700000e+04,2.78043593e-04,1.38711618e-04,7.23691341e-05,6.69628404e-05
2.40800000e+04,2.77918236e-04,1.38648858e-04,7.23382062e-05,6.69311720e-05
2.40900000e+04,2.77790493e-04,1.38587066e-04,7.23018442e-05,6.69015827e-05
2.41000000e+04,2.77667012e-04,1.38527735e-04,7.22715689e-05,6.68677080e-05
2.41100000e+04,2.77547096e-04,1.38473617e-04,7.22361972e-05,6.68372820e-05
2.41200000e+04,2.77421238e-04,1.38413238e-04,7.22038088e-05,6.68041916e-05
2.41300000e+04,2.77301896e-04,1.38357500e-04,7.21717828e-05,6.67726133e-05
2.41400000e+04,2.77190153e-04,1.38310098e-04,7.21379402e-05,6.67421148e-05
2.41500000e+04,2.77065921e-04,1.38252131e-04,7.21001912e-05,6.67135985e-05
2.41600000e+04,2.76944251e-04,1.38196082e-04,7.20686443e-05,6.66795252e-05
2.41700000e+04,2.76815721e-04,1.38128701e-04,7.20384778e-05,6.66485425e-05
2.41800000e+04,2.76694676e-04,1.38072621e-04,7.20044642e-05,6.66175906e-05
2.41900000e+04,2.76574474e-04,1.38016322e-04,7.19714231e-05,6.65867291e-05
2.42000000e+04,2.76456519e-04,1.37961540e-04,7.19378115e-05,6.65571674e-05
2.42100000e+04,2.76339971e-04,1.37909419e-04,7.19035188e-05,6.65270332e-05
2.42200000e+04,2.76214152e-04,1.37847502e-04,7.18722546e-05,6.64943948e-05
2.42300000e+04,2.76100229e-04,1.37796842e-04,7.18355235e-05,6.64678632e-05
2.42400000e+04,2.75974080e-04,1.37734829e-04,7.18060195e-05,6.64332317e-05
2.42500000e+04,2.75865271e-04,1.37688325e-04,7.17780074e-05,6.63989385e-05
2.42600000e+04,2.75740845e-04,1.37629841e-04,7.17375644e-05,6.63734395e-05
2.42700000e+04,2.75618508e-04,1.37569991e-04,7.17097559e-05,6.63387611e-05
2.42800000e+04,2.75495283e-04,1.37510589e-04,7.16757606e-05,6.63089330e-05
2.42900000e+04,2.75375843e-04,1.37455066e-04,7.16428571e-05,6.62779194e-05
2.43000000e+04,2.75256657e-04,1.37399245e-04,7.16096740e-05,6.62477378e-05
2.43100000e+04,2.75142032e-04,1.37347974e-04,7.15762655e-05,6.62177931e-05
2.43200000e+04,2.75019914e-04,1.37290385e-04,7.15435503e-05,6.61859793e-05
2.43300000e+04,2.74901359e-04,1.37234155e-04,7.15124022e-05,6.61548019e-05
2.43400000e+04,2.74783377e-04,1.37179110e-04,7.14791513e-05,6.61251152e-05
2.43500000e+04,2.74668830e-04,1.37129314e-04,7.14454782e-05,6.60940387e-05
2.43600000e+04,2.74552392e-04,1.37073460e-04,7.14135067e-05,6.60654251e-05
2.43700000e+04,2.74431155e-04,1.37017829e-04,7.13787200e-05,6.60346055e-05
2.43800000e+04,2.74310750e-04,1.36958909e-04,7.13504789e-05,6.60013616e-05
2.43900000e+04,2.74189278e-04,1.36899468e-04,7.13166475e-05,6.59731629e-05
2.44000000e+04,2.74071348e-04,1.36844395e-04,7.12849425e-05,6.59420103e-05
2.44100000e+04,2.73954017e-04,1.36788131e-04,7.12547044e-05,6.59111814e-05
2.44200000e+04,2.73836451e-04,1.36734035e-04,7.12211648e-05,6.58812514e-05
2.44300000e+04,2.73721851e-04,1.36684057e-04,7.11865232e-05,6.58512708e-05
2.44400000e+04,2.73606791e-04,1.36630464e-04,7.11570832e-05,6.58192439e-05
2.44500000e+04,2.73485146e-04,1.36571083e-04,7.11270241e-05,6.57870388e-05
2.44600000e+04,2.73367329e-04,1.36515782e-04,7.10911039e-05,6.57604437e-05
2.44700000e+04,2.73251527e-04,1.36462939e-04,7.10602810e-05,6.57283068e-05
2.44800000e+04,2.73133155e-04,1.36406121e-04,7.10277794e-05,6.56992548e-05
2.44900000e+04,2.73021479e-04,1.36356545e-04,7.09956417e-05,6.56692920e-05
2.45000000e+04,2.72901091e-04,1.36297140e-04,7.09636914e-05,6.56402593e-05
2.45100000e+04,2.72785465e-04,1.36244735e-04,7.09315651e-05,6.56091656e-05
2.45200000e+04,2.72667673e-04,1.36189568e-04,7.08994479e-05,6.55786572e-05
2.45300000e+04,2.72555545e-04,1.36138713e-04,7.08684536e-05,6.55483785e-05
2.45400000e+04,2.72435098e-04,1.36080941e-04,7.08356029e-05,6.55185541e-05
2.45500000e+04,2.72320285e-04,1.36028004e-04,7.07999323e-05,6.54923480e-05
2.45600000e+04,2.72203192e-04,1.35972594e-04,7.07700161e-05,6.54605820e-05
2.45700000e+04,2.72086434e-04,1.35916070e-04,7.07404150e-05,6.54299493e-05
2.45800000e+04,2.71973948e-04,1.35865616e-04,7.07054265e-05,6.54029056e-05
2.45900000e+04,2.71863136e-04,1.35815841e-04,7.06750840e-05,6.53722104e-05
2.46000000e+04,2.71742727e-04,1.35756351e-04,7.06464643e-05,6.53399115e-05
2.46100000e+04,2.71625592e-04,1.35701818e-04,7.06135485e-05,6.53102261e-05
2.46200000e+04,2.71509448e-04,1.35646592e-04,7.05813280e-05,6.52815277e-05
2.46300000e+04,2.71397559e-04,1.35594922e-04,7.05514725e-05,6.52511649e-05
2.46400000e+04,2.71280602e-04,1.35540852e-04,7.05176544e-05,6.52220964e-05
2.46500000e+04,2.71168257e-04,1.35488534e-04,7.04874885e-05,6.51922342e-05
2.46600000e+04,2.71053126e-04,1.35436052e-04,7.04557458e-05,6.51613287e-05
2.46700000e+04,2.70944506e-04,1.35386093e-04,7.04275248e-05,6.51308881e-05
2.46800000e+04,2.70828169e-04,1.35332128e-04,7.03904487e-05,6.51055918e-05
2.46900000e+04,2.70713740e-04,1.35277256e-04,7.03610063e-05,6.50754778e-05
2.47000000e+04,2.70594948e-04,1.35220316e-04,7.03301912e-05,6.50444410e-05
2.47100000e+04,2.70480837e-04,1.35166822e-04,7.02982632e-05,6.50157520e-05
2.47200000e+04,2.70366667e-04,1.35112177e-04,7.02682710e-05,6.49862189e-05
2.47300000e+04,2.70255104e-04,1.35060401e-04,7.02381945e-05,6.49565081e-05
2.47400000e+04,2.70141237e-04,1.35008931e-04,7.02049607e-05,6.49273457e-05
2.47500000e+04,2.70029178e-04,1.34957798e-04,7.01736699e-05,6.48977100e-05
2.47600000e+04,2.69916986e-04,1.34904398e-04,7.01427804e-05,6.48698085e-05
2.47700000e+04,2.69805196e-04,1.34853400e-04,7.01110628e-05,6.48407336e-05
2.47800000e+04,2.69691932e-04,1.34799529e-04,7.00834593e-05,6.48089437e-05
2.47900000e+04,2.69576287e-04,1.34744925e-04,7.00493561e-05,6.47820060e-05
2.48000000e+04,2.69462612e-04,1.34691883e-04,7.00175260e-05,6.47532035e-05
2.48100000e+04,2.69351359e-04,1.34640202e-04,6.99880806e-05,6.47230766e-05
2.48200000e+04,2.69238574e-04,1.34588262e-04,6.99565762e-05,6.46937359e-05
2.48300000e+04,2.69128473e-04,1.34537606e-04,6.99264370e-05,6.46644303e-05
2.48400000e+04,2.69014521e-04,1.34482273e-04,6.98960994e-05,6.46361485e-05
2.48500000e+04,2.68903756e-04,1.34432459e-04,6.98655158e-05,6.46057816e-05
2.48600000e+04,2.68791444e-04,1.34378675e-04,6.98342581e-05,6.45785108e-05
2.48700000e+04,2.68677586e-04,1.34325132e-04,6.98034619e-05,6.45489921e-05
2.48800000e+04,2.68566053e-04,1.34272621e-04,6.97737569e-05,6.45196747e-05
2.48900000e+04,2.68456961e-04,1.34222443e-04,6.97448831e-05,6.44896348e-05
2.49000000e+04,2.68347822e-04,1.34172467e-04,6.97134430e-05,6.44619121e-05
2.49100000e+04,2.68234696e-04,1.34119053e-04,6.96820107e-05,6.44336316e-05
2.49200000e+04,2.68124859e-04,1.34067221e-04,6.96543626e-05,6.44032753e-05
2.49300000e+04,2.68011288e-04,1.34014424e-04,6.96200119e-05,6.43768519e-05
2.49400000e+04,2.67901263e-04,1.33964225e-04,6.95889888e-05,6.43480488e-05
2.49500000e+04,2.67790304e-04,1.33912338e-04,6.95579205e-05,6.43200452e-05
2.49600000e+04,2.67678069e-04,1.33858483e-04,6.95289527e-05,6.42906329e-05
2.49700000e+04,2.67567766e-04,1.33807304e-04,6.94978173e-05,6.42626447e-05
2.49800000e+04,2.67458326e-04,1.33756173e-04,6.94683134e-05,6.42338390e-05
2.49900000e+04,2.67348799e-04,1.33705604e-04,6.94362878e-05,6.42069072e-05
2.50000000e+04,2.67242741e-04,1.33659782e-04,6.94026699e-05,6.41802895e-05
2.50100000e+04,2.67126979e-04,1.33600824e-04,6.93775910e-05,6.41485636e-05
2.50200000e+04,2.67018478e-04,1.33550591e-04,6.93489797e-05,6.41189075e-05
2.50300000e+04,2.66909693e-04,1.33500298e-04,6.93166035e-05,6.40927908e-05
2.50400000e+04,2.66800596e-04,1.33451119e-04,6.92859508e-05,6.40635260e-05
2.50500000e+04,2.66689151e-04,1.33397281e-04,6.92561509e-05,6.40357188e-05
2.50600000e+04,2.66579570e-04,1.33346912e-04,6.92260086e-05,6.40066492e-05
2.50700000e+04,2.66474911e-04,1.33300345e-04,6.91961273e-05,6.39784388e-05
2.50800000e+04,2.66364769e-04,1.33246466e-04,6.91677003e-05,6.39506024e-05
2.50900000e+04,2.66251427e-04,1.33192914e-04,6.91370376e-05,6.39214758e-05
2.51000000e+04,2.66142886e-04,1.33141646e-04,6.91070198e-05,6.38942205e-05
2.51100000e+04,2.66036841e-04,1.33091962e-04,6.90794976e-05,6.38653807e-05
2.51200000e+04,2.65926443e-04,1.33042611e-04,6.90463332e-05,6.38374985e-05
2.51300000e+04,2.65821279e-04,1.32994020e-04,6.90179293e-05,6.38093300e-05
2.51400000e+04,2.65714304e-04,1.32945150e-04,6.89861086e-05,6.37830451e-05
2.51500000e+04,2.65604133e-04,1.32891759e-04,6.89579218e-05,6.37544523e-05
2.51600000e+04,2.65493329e-04,1.32839630e-04,6.89287790e-05,6.37249203e-05
2.51700000e+04,2.65385371e-04,1.32789506e-04,6.88979464e-05,6.36979179e-05
2.51800000e+04,2.65277405e-04,1.32738592e-04,6.88685290e-05,6.36702840e-05
2.51900000e+04,2.65172591e-04,1.32691523e-04,6.88371400e-05,6.36439281e-05
2.52000000e+04,2.65062909e-04,1.32639800e-04,6.88093594e-05,6.36137500e-05
2.52100000e+04,2.64955848e-04,1.32590406e-04,6.87806189e-05,6.35848228e-05
2.52200000e+04,2.64851061e-04,1.32542024e-04,6.87501408e-05,6.35588962e-05
2.52300000e+04,2.64745054e-04,1.32492565e-04,6.87220214e-05,6.35304673e-05
2.52400000e+04,2.64638995e-04,1.32445285e-04,6.86893549e-05,6.35043547e-05
2.52500000e+04,2.64528534e-04,1.32389567e-04,6.86628875e-05,6.34760791e-05
2.52600000e+04,2.64422630e-04,1.32341518e-04,6.86331299e-05,6.34479823e-05
2.52700000e+04,2.64315861e-04,1.32290815e-04,6.86037807e-05,6.34212659e-05
2.52800000e+04,2.64212211e-04,1.32243504e-04,6.85752297e-05,6.33934771e-05
2.52900000e+04,2.64104679e-04,1.32192347e-04,6.85469051e-05,6.33654266e-05
2.53000000e+04,2.63998605e-04,1.32142946e-04,6.85179621e-05,6.33376962e-05
2.53100000e+04,2.63891438e-04,1.32094086e-04,6.84878360e-05,6.33095160e-05
2.53200000e+04,2.63786247e-04,1.32045438e-04,6.84569684e-05,6.32838412e-05
2.53300000e+04,2.63682636e-04,1.31997643e-04,6.84252629e-05,6.32597296e-05
2.53400000e+04,2.63574796e-04,1.31946603e-04,6.83994820e-05,6.32287107e-05
2.53500000e+04,2.63471486e-04,1.31898182e-04,6.83713419e-05,6.32019621e-05
2.53600000e+04,2.63363803e-04,1.31847252e-04,6.83436529e-05,6.31728984e-05
2.53700000e+04,2.63258983e-04,1.31800164e-04,6.83113565e-05,6.31474625e-05
2.53800000e+04,2.63153879e-04,1.31749904e-04,6.82847645e-05,6.31192107e-05
2.53900000e+04,2.63049209e-04,1.31701506e-04,6.82541746e-05,6.30935278e-05
2.54000000e+04,2.62948119e-04,1.31656225e-04,6.82242482e-05,6.30676456e-05
2.54100000e+04,2.62838883e-04,1.31603279e-04,6.81981346e-05,6.30374688e-05
2.54200000e+04,2.62734679e-04,1.31554729e-04,6.81687759e-05,6.30111742e-05
2.54300000e+04,2.62630294e-04,1.31506748e-04,6.81407579e-05,6.29827882e-05
2.54400000e+04,2.62524363e-04,1.31457348e-04,6.81108200e-05,6.29561950e-05
2.54500000e+04,2.62423162e-04,1.31411581e-04,6.80828171e-05,6.29287641e-05
2.54600000e+04,2.62316268e-04,1.31360006e-04,6.80532785e-05,6.29029829e-05
2.54700000e+04,2.62214048e-04,1.31313130e-04,6.80256917e-05,6.28752272e-05
2.54800000e+04,2.62111517e-04,1.31267954e-04,6.79973340e-05,6.28462287e-05
2.54900000e+04,2.62004783e-04,1.31215544e-04,6.79675040e-05,6.28217344e-05
2.55000000e+04,2.61901740e-04,1.31169015e-04,6.79373428e-05,6.27953818e-05
2.55100000e+04,2.61796520e-04,1.31118339e-04,6.79108087e-05,6.27673730e-05
2.55200000e+04,2.61696521e-04,1.31073432e-04,6.78807361e-05,6.27423523e-05
2.55300000e+04,2.61591882e-04,1.31023478e-04,6.78542203e-05,6.27141836e-05
2.55400000e+04,2.61488300e-04,1.30974904e-04,6.78257255e-05,6.26876704e-05
2.55500000e+04,2.61386993e-04,1.30927533e-04,6.77989701e-05,6.26604902e-05
2.55600000e+04,2.61283263e-04,1.30881222e-04,6.77671775e-05,6.26348635e-05
2.55700000e+04,2.61178595e-04,1.30829871e-04,6.77416630e-05,6.26070611e-05
2.55800000e+04,2.61075766e-04,1.30783097e-04,6.77124872e-05,6.25801817e-05
2.55900000e+04,2.60972587e-04,1.30734722e-04,6.76831078e-05,6.25547575e-05
2.56000000e+04,2.60871708e-04,1.30688591e-04,6.76542753e-05,6.25288419e-05
2.56100000e+04,2.60769009e-04,1.30640499e-04,6.76268812e-05,6.25016292e-05
2.56200000e+04,2.60665999e-04,1.30592936e-04,6.75989397e-05,6.24741228e-05
2.56300000e+04,2.60567134e-04,1.30548611e-04,6.75705514e-05,6.24479723e-05
2.56400000e+04,2.60465512e-04,1.30500634e-04,6.75437284e-05,6.24211496e-05
2.56500000e+04,2.60362277e-04,1.30454402e-04,6.75125171e-05,6.23953582e-05
2.56600000e+04,2.60258563e-04,1.30402949e-04,6.74876190e-05,6.23679949e-05
2.56700000e+04,2.60155558e-04,1.30355493e-04,6.74585146e-05,6.23415508e-05
2.56800000e+04,2.60054514e-04,1.30308256e-04,6.74307894e-05,6.23154686e-05
2.56900000e+04,2.59954939e-04,1.30263103e-04,6.74036379e-05,6.22881978e-05
2.57000000e+04,2.59851924e-04,1.30213403e-04,6.73756289e-05,6.22628915e-05
2.57100000e+04,2.59751042e-04,1.30167302e-04,6.73479019e-05,6.22358378e-05
2.57200000e+04,2.59652669e-04,1.30122710e-04,6.73221504e-05,6.22078087e-05
2.57300000e+04,2.59553499e-04,1.30077493e-04,6.72915186e-05,6.21844866e-05
2.57400000e+04,2.59450434e-04,1.30029424e-04,6.72643802e-05,6.21566300e-05
2.57500000e+04,2.59348859e-04,1.29980828e-04,6.72350101e-05,6.21330208e-05
2.57600000e+04,2.59249650e-04,1.29935171e-04,6.72080543e-05,6.21064243e-05
2.57700000e+04,2.59148677e-04,1.29888312e-04,6.71802101e-05,6.20801547e-05
2.57800000e+04,2.59047124e-04,1.29840633e-04,6.71524938e-05,6.20539970e-05
2.57900000e+04,2.58945597e-04,1.29793336e-04,6.71250533e-05,6.20272069e-05
2.58000000e+04,2.58846776e-04,1.29747798e-04,6.70975080e-05,6.20014702e-05
2.58100000e+04,2.58746239e-04,1.29701569e-04,6.70691192e-05,6.19755507e-05
2.58200000e+04,2.58646442e-04,1.29654357e-04,6.70431708e-05,6.19489139e-05
2.58300000e+04,2.58546974e-04,1.29608833e-04,6.70152948e-05,6.19228466e-05
2.58400000e+04,2.58446712e-04,1.29560855e-04,6.69876591e-05,6.18981975e-05
2.58500000e+04,2.58346002e-04,1.29515444e-04,6.69582890e-05,6.18722691e-05
2.58600000e+04,2.58249539e-04,1.29471452e-04,6.69315275e-05,6.18465590e-05
2.58700000e+04,2.58156424e-04,1.29429246e-04,6.69076308e-05,6.18195467e-05
2.58800000e+04,2.58050107e-04,1.29378041e-04,6.68787796e-05,6.17932859e-05
2.58900000e+04,2.57951345e-04,1.29332378e-04,6.68481981e-05,6.17707688e-05
2.59000000e+04,2.57850598e-04,1.29284590e-04,6.68230872e-05,6.17429214e-05
2.59100000e+04,2.57751808e-04,1.29238345e-04,6.67958646e-05,6.17175981e-05
2.59200000e+04,2.57654591e-04,1.29193659e-04,6.67683133e-05,6.16926186e-05
2.59300000e+04,2.57556169e-04,1.29147199e-04,6.67427454e-05,6.16662247e-05
2.59400000e+04,2.57457222e-04,1.29102038e-04,6.67144094e-05,6.16407748e-05
2.59500000e+04,2.57359654e-04,1.29057978e-04,6.66870339e-05,6.16146423e-05
2.59600000e+04,2.57260357e-04,1.29010453e-04,6.66609629e-05,6.15889415e-05
2.59700000e+04,2.57163279e-04,1.28964950e-04,6.66343458e-05,6.15639834e-05
2.59800000e+04,2.57065898e-04,1.28920346e-04,6.66076528e-05,6.15378995e-05
2.59900000e+04,2.56968589e-04,1.28876671e-04,6.65810437e-05,6.15108743e-05
2.60000000e+04,2.56869920e-04,1.28830935e-04,6.65516131e-05,6.14873722e-05
2.60100000e+04,2.56773421e-04,1.28786562e-04,6.65257027e-05,6.14611563e-05
2.60200000e+04,2.56676044e-04,1.28739173e-04,6.65004422e-05,6.14364289e-05
2.60300000e+04,2.56577374e-04,1.28694010e-04,6.64726525e-05,6.14107120e-05
2.60400000e+04,2.56481353e-04,1.28649855e-04,6.64465334e-05,6.13849645e-05
2.60500000e+04,2.56383031e-04,1.28603617e-04,6.64181424e-05,6.13612719e-05
2.60600000e+04,2.56286160e-04,1.28558526e-04,6.63921153e-05,6.13355183e-05
2.60700000e+04,2.56190392e-04,1.28514393e-04,6.63655515e-05,6.13104481e-05
2.60800000e+04,2.56095249e-04,1.28471252e-04,6.63387605e-05,6.12852368e-05
2.60900000e+04,2.55996796e-04,1.28425306e-04,6.63104639e-05,6.12610253e-05
2.61000000e+04,2.55900747e-04,1.28379996e-04,6.62859162e-05,6.12348348e-05
2.61100000e+04,2.55802977e-04,1.28333693e-04,6.62589047e-05,6.12103789e-05
2.61200000e+04,2.55706551e-04,1.28289032e-04,6.62311355e-05,6.11863843e-05
2.61300000e+04,2.55611066e-04,1.28244927e-04,6.62050111e-05,6.11611280e-05
2.61400000e+04,2.55517203e-04,1.28202746e-04,6.61789199e-05,6.11355375e-05
2.61500000e+04,2.55419260e-04,1.28156877e-04,6.61530605e-05,6.11093222e-05
2.61600000e+04,2.55324005e-04,1.28112497e-04,6.61256085e-05,6.10858994e-05
2.61700000e+04,2.55226299e-04,1.28067044e-04,6.60999680e-05,6.10592876e-05
2.61800000e+04,2.55131172e-04,1.28024073e-04,6.60722676e-05,6.10348317e-05
2.61900000e+04,2.55035591e-04,1.27979688e-04,6.60468362e-05,6.10090667e-05
2.62000000e+04,2.54939800e-04,1.27933868e-04,6.60205852e-05,6.09853468e-05
2.62100000e+04,2.54843814e-04,1.27889574e-04,6.59942292e-05,6.09600105e-05
2.62200000e+04,2.54752490e-04,1.27848843e-04,6.59695886e-05,6.09340589e-05
2.62300000e+04,2.54654566e-04,1.27803326e-04,6.59406904e-05,6.09105493e-05
2.62400000e+04,2.54559874e-04,1.27758291e-04,6.59157953e-05,6.08857883e-05
2.62500000e+04,2.54466004e-04,1.27717365e-04,6.58883377e-05,6.08603016e-05
2.62600000e+04,2.54369745e-04,1.27671221e-04,6.58628956e-05,6.08356280e-05
2.62700000e+04,2.54275580e-04,1.27627790e-04,6.58365955e-05,6.08111944e-05
2.62800000e+04,2.54180790e-04,1.27581633e-04,6.58123879e-05,6.07867694e-05
2.62900000e+04,2.54085145e-04,1.27538102e-04,6.57852450e-05,6.07617981e-05
2.63000000e+04,2.53992792e-04,1.27495339e-04,6.57595573e-05,6.07378962e-05
2.63100000e+04,2.53898187e-04,1.27450966e-04,6.57342218e-05,6.07129996e-05
2.63200000e+04,2.53804275e-04,1.27407940e-04,6.57065632e-05,6.06897725e-05
2.63300000e+04,2.53710299e-04,1.27364256e-04,6.56820713e-05,6.06639712e-05
2.63400000e+04,2.53617891e-04,1.27322282e-04,6.56573841e-05,6.06382256e-05
2.63500000e+04,2.53522193e-04,1.27276693e-04,6.56300810e-05,6.06154190e-05
2.63600000e+04,2.53427620e-04,1.27232680e-04,6.56047820e-05,6.05901586e-05
2.63700000e+04,2.53334667e-04,1.27189871e-04,6.55783368e-05,6.05664590e-05
2.63800000e+04,2.53241202e-04,1.27146730e-04,6.55516392e-05,6.05428324e-05
2.63900000e+04,2.53149429e-04,1.27104540e-04,6.55266076e-05,6.05182812e-05
2.64000000e+04,2.53054556e-04,1.27059903e-04,6.55018415e-05,6.04928114e-05
2.64100000e+04,2.52963589e-04,1.27018014e-04,6.54764382e-05,6.04691373e-05
2.64200000e+04,2.52869260e-04,1.26973559e-04,6.54512637e-05,6.04444372e-05
2.64300000e+04,2.52775201e-04,1.26930617e-04,6.54247912e-05,6.04197926e-05
2.64400000e+04,2.52683197e-04,1.26888523e-04,6.54002940e-05,6.03943793e-05
2.64500000e+04,2.52589923e-04,1.26845363e-04,6.53727047e-05,6.03718551e-05
2.64600000e+04,2.52497080e-04,1.26802455e-04,6.53459154e-05,6.03487089e-05
2.64700000e+04,2.52405034e-04,1.26759656e-04,6.53211087e-05,6.03242698e-05
2.64800000e+04,2.52312818e-04,1.26716649e-04,6.52961818e-05,6.02999875e-05
2.64900000e+04,2.52221158e-04,1.26675117e-04,6.52705479e-05,6.02754928e-05
2.65000000e+04,2.52128803e-04,1.26633245e-04,6.52450708e-05,6.02504876e-05
2.65100000e+04,2.52036129e-04,1.26589409e-04,6.52192599e-05,6.02274602e-05
2.65200000e+04,2.51942401e-04,1.26545119e-04,6.51940944e-05,6.02031872e-05
2.65300000e+04,2.51850598e-04,1.26502462e-04,6.51688746e-05,6.01792620e-05
2.65400000e+04,2.51758806e-04,1.26459884e-04,6.51437431e-05,6.01551790e-05
2.65500000e+04,2.51667841e-04,1.26418631e-04,6.51189019e-05,6.01303074e-05
2.65600000e+04,2.51576874e-04,1.26377009e-04,6.50939719e-05,6.01058928e-05
2.65700000e+04,2.51484434e-04,1.26333414e-04,6.50678233e-05,6.00831967e-05
2.65800000e+04,2.51394163e-04,1.26292033e-04,6.50432958e-05,6.00588342e-05
2.65900000e+04,2.51301111e-04,1.26249933e-04,6.50150594e-05,6.00361187e-05
2.66000000e+04,2.51211075e-04,1.26208049e-04,6.49913595e-05,6.00116668e-05
2.66100000e+04,2.51119676e-04,1.26164789e-04,6.49671991e-05,5.99876883e-05
2.66200000e+04,2.51028245e-04,1.26122185e-04,6.49417820e-05,5.99642776e-05
2.66300000e+04,2.50936915e-04,1.26079722e-04,6.49164298e-05,5.99407629e-05
2.66400000e+04,2.50846757e-04,1.26038220e-04,6.48917361e-05,5.99168007e-05
2.66500000e+04,2.50758211e-04,1.25997868e-04,6.48677164e-05,5.98926269e-05
2.66600000e+04,2.50667616e-04,1.25955289e-04,6.48406844e-05,5.98716428e-05
2.66700000e+04,2.50575651e-04,1.25912031e-04,6.48171060e-05,5.98465138e-05
2.66800000e+04,2.50485132e-04,1.25871583e-04,6.47898801e-05,5.98236697e-05
2.66900000e+04,2.50396008e-04,1.25829702e-04,6.47653766e-05,5.98009293e-05
2.67000000e+04,2.50306281e-04,1.25789227e-04,6.47428639e-05,5.97741900e-05
2.67100000e+04,2.50217544e-04,1.25748706e-04,6.47179569e-05,5.97508812e-05
2.67200000e+04,2.50127639e-04,1.25707053e-04,6.46912747e-05,5.97293115e-05
2.67300000e+04,2.50036288e-04,1.25663217e-04,6.46676624e-05,5.97054079e-05
2.67400000e+04,2.49947349e-04,1.25623332e-04,6.46414636e-05,5.96825530e-05
2.67500000e+04,2.49860302e-04,1.25584536e-04,6.46165204e-05,5.96592454e-05
2.67600000e+04,2.49769915e-04,1.25541502e-04,6.45928734e-05,5.96355401e-05
2.67700000e+04,2.49679558e-04,1.25498164e-04,6.45689927e-05,5.96124016e-05
2.67800000e+04,2.49591066e-04,1.25457611e-04,6.45446608e-05,5.95887938e-05
2.67900000e+04,2.49503457e-04,1.25417513e-04,6.45200359e-05,5.95659079e-05
2.68000000e+04,2.49413881e-04,1.25375546e-04,6.44963819e-05,5.95419528e-05
2.68100000e+04,2.49324869e-04,1.25334209e-04,6.44712192e-05,5.95194409e-05
2.68200000e+04,2.49236797e-04,1.25294181e-04,6.44467904e-05,5.94958255e-05
2.68300000e+04,2.49147546e-04,1.25251645e-04,6.44219058e-05,5.94739954e-05
2.68400000e+04,2.49059752e-04,1.25211686e-04,6.43966408e-05,5.94514253e-05
2.68500000e+04,2.48971233e-04,1.25171159e-04,6.43737189e-05,5.94263555e-05
2.68600000e+04,2.48883985e-04,1.25131659e-04,6.43494733e-05,5.94028529e-05
2.68700000e+04,2.48794740e-04,1.25089955e-04,6.43230811e-05,5.93817038e-05
2.68800000e+04,2.48705860e-04,1.25048489e-04,6.43002687e-05,5.93571032e-05
2.68900000e+04,2.48618766e-04,1.25008601e-04,6.42753259e-05,5.93348389e-05
2.69000000e+04,2.48529972e-04,1.24967172e-04,6.42514442e-05,5.93113564e-05
2.69100000e+04,2.48442574e-04,1.24927260e-04,6.42264718e-05,5.92888423e-05
2.69200000e+04,2.48354120e-04,1.24886074e-04,6.42027060e-05,5.92653400e-05
2.69300000e+04,2.48268076e-04,1.24846619e-04,6.41792833e-05,5.92421745e-05
2.69400000e+04,2.48180319e-04,1.24807858e-04,6.41526251e-05,5.92198362e-05
2.69500000e+04,2.48092392e-04,1.24766910e-04,6.41291183e-05,5.91963641e-05
2.69600000e+04,2.48004837e-04,1.24724521e-04,6.41073851e-05,5.91729302e-05
2.69700000e+04,2.47917771e-04,1.24685502e-04,6.40824966e-05,5.91497724e-05
2.69800000e+04,2.47830569e-04,1.24644951e-04,6.40578013e-05,5.91278161e-05
2.69900000e+04,2.47744017e-04,1.24604541e-04,6.40345029e-05,5.91049728e-05
2.70000000e+04,2.47656275e-04,1.24563645e-04,6.40099295e-05,5.90827000e-05
2.70100000e+04,2.47570320e-04,1.24523952e-04,6.39852717e-05,5.90610961e-05
2.70200000e+04,2.47482880e-04,1.24484100e-04,6.39611569e-05,5.90376223e-05
2.70300000e+04,2.47396506e-04,1.24443776e-04,6.39377528e-05,5.90149779e-05
2.70400000e+04,2.47309576e-04,1.24403986e-04,6.39140665e-05,5.89915236e-05
2.70500000e+04,2.47224270e-04,1.24364801e-04,6.38909136e-05,5.89685559e-05
2.70600000e+04,2.47137757e-04,1.24323860e-04,6.38663089e-05,5.89475872e-05
2.70700000e+04,2.47050811e-04,1.24284525e-04,6.38422958e-05,5.89239897e-05
2.70800000e+04,2.46965323e-04,1.24245601e-04,6.38181789e-05,5.89015433e-05
2.70900000e+04,2.46879328e-04,1.24205518e-04,6.37948665e-05,5.88789437e-05
2.71000000e+04,2.46793984e-04,1.24167111e-04,6.37708415e-05,5.88560310e-05
2.71100000e+04,2.46707183e-04,1.24126450e-04,6.37470072e-05,5.88337259e-05
2.71200000e+04,2.46621810e-04,1.24086422e-04,6.37242412e-05,5.88111471e-05
2.71300000e+04,2.46536543e-04,1.24046910e-04,6.37020623e-05,5.87875705e-05
2.71400000e+04,2.46450280e-04,1.24006784e-04,6.36781855e-05,5.87653105e-05
2.71500000e+04,2.46365968e-04,1.23968592e-04,6.36531262e-05,5.87442501e-05
2.71600000e+04,2.46280965e-04,1.23929887e-04,6.36294482e-05,5.87216295e-05
2.71700000e+04,2.46194781e-04,1.23889096e-04,6.36072255e-05,5.86984597e-05
2.71800000e+04,2.46110272e-04,1.23850201e-04,6.35826917e-05,5.86773795e-05
2.71900000e+04,2.46025081e-04,1.23810960e-04,6.35590608e-05,5.86550602e-05
2.72000000e+04,2.45940725e-04,1.23771861e-04,6.35355073e-05,5.86333575e-05
2.72100000e+04,2.45856520e-04,1.23733565e-04,6.35118855e-05,5.86110696e-05
2.72200000e+04,2.45772742e-04,1.23695993e-04,6.34891330e-05,5.85876159e-05
2.72300000e+04,2.45686812e-04,1.23654706e-04,6.34649451e-05,5.85671609e-05
2.72400000e+04,2.45601773e-04,1.23615270e-04,6.34420883e-05,5.85444152e-05
2.72500000e+04,2.45517672e-04,1.23576756e-04,6.34181169e-05,5.85227988e-05
2.72600000e+04,2.45433505e-04,1.23537974e-04,6.33963656e-05,5.84991655e-05
2.72700000e+04,2.45349802e-04,1.23499431e-04,6.33724251e-05,5.84779456e-05
2.72800000e+04,2.45266594e-04,1.23461623e-04,6.33495267e-05,5.84554441e-05
2.72900000e+04,2.45181855e-04,1.23422168e-04,6.33262732e-05,5.84334134e-05
2.73000000e+04,2.45098950e-04,1.23384956e-04,6.33034812e-05,5.84105127e-05
2.73100000e+04,2.45014869e-04,1.23346310e-04,6.32794046e-05,5.83891550e-05
2.73200000e+04,2.44930339e-04,1.23306271e-04,6.32554053e-05,5.83686630e-05
2.73300000e+04,2.44846809e-04,1.23268112e-04,6.32331416e-05,5.83455558e-05
2.73400000e+04,2.44764424e-04,1.23229529e-04,6.32103402e-05,5.83245544e-05
2.73500000e+04,2.44680382e-04,1.23190886e-04,6.31874545e-05,5.83020414e-05
2.73600000e+04,2.44598027e-04,1.23153035e-04,6.31641057e-05,5.82808867e-05
2.73700000e+04,2.44515241e-04,1.23115152e-04,6.31402781e-05,5.82598102e-05
2.73800000e+04,2.44431733e-04,1.23076523e-04,6.31182526e-05,5.82369567e-05
2.73900000e+04,2.44349177e-04,1.23037868e-04,6.30964440e-05,5.82148657e-05
2.74000000e+04,2.44266737e-04,1.22999119e-04,6.30743155e-05,5.81933021e-05
2.74100000e+04,2.44183658e-04,1.22962210e-04,6.30500554e-05,5.81713924e-05
2.74200000e+04,2.44101484e-04,1.22923918e-04,6.30283948e-05,5.81491709e-05
2.74300000e+04,2.44019205e-04,1.22886960e-04,6.30045106e-05,5.81277341e-05
2.74400000e+04,2.43936665e-04,1.22848451e-04,6.29805931e-05,5.81076203e-05
2.74500000e+04,2.43854360e-04,1.22810213e-04,6.29583248e-05,5.80858222e-05
2.74600000e+04,2.43771591e-04,1.22772626e-04,6.29351185e-05,5.80638459e-05
2.74700000e+04,2.43689776e-04,1.22734739e-04,6.29129854e-05,5.80420508e-05
2.74800000e+04,2.43608890e-04,1.22698068e-04,6.28903837e-05,5.80204383e-05
2.74900000e+04,2.43526612e-04,1.22659679e-04,6.28673333e-05,5.79995997e-05
2.75000000e+04,2.43445727e-04,1.22622243e-04,6.28442981e-05,5.79791859e-05
2.75100000e+04,2.43364259e-04,1.22584733e-04,6.28226538e-05,5.79568727e-05
2.75200000e+04,2.43282716e-04,1.22547406e-04,6.28002007e-05,5.79351088e-05
2.75300000e+04,2.43200947e-04,1.22509271e-04,6.27784428e-05,5.79132338e-05
2.75400000e+04,2.43119018e-04,1.22471136e-04,6.27553753e-05,5.78925071e-05
2.75500000e+04,2.43038461e-04,1.22434184e-04,6.27332729e-05,5.78710044e-05
2.75600000e+04,2.42957259e-04,1.22397122e-04,6.27111188e-05,5.78490188e-05
2.75700000e+04,2.42876796e-04,1.22359706e-04,6.26887059e-05,5.78283834e-05
2.75800000e+04,2.42796228e-04,1.22323091e-04,6.26659546e-05,5.78071825e-05
2.75900000e+04,2.42714974e-04,1.22285443e-04,6.26438607e-05,5.77856703e-05
2.76000000e+04,2.42635169e-04,1.22249067e-04,6.26212370e-05,5.77648656e-05
2.76100000e+04,2.42553636e-04,1.22210568e-04,6.25988878e-05,5.77441804e-05
2.76200000e+04,2.42472689e-04,1.22173327e-04,6.25760145e-05,5.77233473e-05
2.76300000e+04,2.42392448e-04,1.22136736e-04,6.25527390e-05,5.77029728e-05
2.76400000e+04,2.42312354e-04,1.22100121e-04,6.25312843e-05,5.76809487e-05
2.76500000e+04,2.42232315e-04,1.22063106e-04,6.25082092e-05,5.76609996e-05
2.76600000e+04,2.42152752e-04,1.22027377e-04,6.24872143e-05,5.76381611e-05
2.76700000e+04,2.42072139e-04,1.21989488e-04,6.24655794e-05,5.76170719e-05
2.76800000e+04,2.41992040e-04,1.21952734e-04,6.24437953e-05,5.75955099e-05
2.76900000e+04,2.41912396e-04,1.21915812e-04,6.24210451e-05,5.75755387e-05
2.77000000e+04,2.41833427e-04,1.21880021e-04,6.23998070e-05,5.75535986e-05
2.77100000e+04,2.41752972e-04,1.21842580e-04,6.23765867e-05,5.75338055e-05
2.77200000e+04,2.41673848e-04,1.21806044e-04,6.23556634e-05,5.75121413e-05
2.77300000e+04,2.41594697e-04,1.21769135e-04,6.23337634e-05,5.74917978e-05
2.77400000e+04,2.41516293e-04,1.21734186e-04,6.23105112e-05,5.74715957e-05
2.77500000e+04,2.41436482e-04,1.21697531e-04,6.22885093e-05,5.74504421e-05
2.77600000e+04,2.41356906e-04,1.21661023e-04,6.22662636e-05,5.74296189e-05
2.77700000e+04,2.41278187e-04,1.21624259e-04,6.22444872e-05,5.74094402e-05
2.77800000e+04,2.41199251e-04,1.21587653e-04,6.22236888e-05,5.73879089e-05
2.77900000e+04,2.41121107e-04,1.21552574e-04,6.22004342e-05,5.73680979e-05
2.78000000e+04,2.41041871e-04,1.21515899e-04,6.21795427e-05,5.73464294e-05
2.78100000e+04,2.40962363e-04,1.21478994e-04,6.21576040e-05,5.73257644e-05
2.78200000e+04,2.40884286e-04,1.21443301e-04,6.21361492e-05,5.73048362e-05
2.78300000e+04,2.40806613e-04,1.21407732e-04,6.21144942e-05,5.72843861e-05
2.78400000e+04,2.40728689e-04,1.21372264e-04,6.20927600e-05,5.72636648e-05
2.78500000e+04,2.40650435e-04,1.21335714e-04,6.20721195e-05,5.72426007e-05
2.78600000e+04,2.40571336e-04,1.21299027e-04,6.20499964e-05,5.72223124e-05
2.78700000e+04,2.40493559e-04,1.21263269e-04,6.20286914e-05,5.72015982e-05
2.78800000e+04,2.40416165e-04,1.21228022e-04,6.20064705e-05,5.71816719e-05
2.78900000e+04,2.40337122e-04,1.21191643e-04,6.19854481e-05,5.71600312e-05
2.79000000e+04,2.40260419e-04,1.21156504e-04,6.19636801e-05,5.71402355e-05
2.79100000e+04,2.40182302e-04,1.21120316e-04,6.19423049e-05,5.71196813e-05
2.79200000e+04,2.40104584e-04,1.21084520e-04,6.19205263e-05,5.70995377e-05
2.79300000e+04,2.40027353e-04,1.21049022e-04,6.18990844e-05,5.70792459e-05
2.79400000e+04,2.39950663e-04,1.21014073e-04,6.18770056e-05,5.70595845e-05
2.79500000e+04,2.39872916e-04,1.20978220e-04,6.18560402e-05,5.70386563e-05
2.79600000e+04,2.39796236e-04,1.20942521e-04,6.18350050e-05,5.70187110e-05
2.79700000e+04,2.39718675e-04,1.20906921e-04,6.18133229e-05,5.69984303e-05
2.79800000e+04,2.39641877e-04,1.20871812e-04,6.17917091e-05,5.69783556e-05
2.79900000e+04,2.39565554e-04,1.20837654e-04,6.17696322e-05,5.69582679e-05
2.80000000e+04,2.39488642e-04,1.20802196e-04,6.17498550e-05,5.69365909e-05
2.80100000e+04,2.39411870e-04,1.20766480e-04,6.17278138e-05,5.69175758e-05
2.80200000e+04,2.39334663e-04,1.20730984e-04,6.17065584e-05,5.68971206e-05
2.80300000e+04,2.39258919e-04,1.20696827e-04,6.16849570e-05,5.68771351e-05
2.80400000e+04,2.39182913e-04,1.20661667e-04,6.16640662e-05,5.68571805e-05
2.80500000e+04,2.39106233e-04,1.20626800e-04,6.16428999e-05,5.68365334e-05
2.80600000e+04,2.39029600e-04,1.20591989e-04,6.16215726e-05,5.68160393e-05
2.80700000e+04,2.38953737e-04,1.20555649e-04,6.16021651e-05,5.67959230e-05
2.80800000e+04,2.38877447e-04,1.20521515e-04,6.15807740e-05,5.67751580e-05
2.80900000e+04,2.38801803e-04,1.20485941e-04,6.15603300e-05,5.67555329e-05
2.81000000e+04,2.38725561e-04,1.20450814e-04,6.15382654e-05,5.67364810e-05
2.81100000e+04,2.38649702e-04,1.20415938e-04,6.15179610e-05,5.67158034e-05
2.81200000e+04,2.38574850e-04,1.20382411e-04,6.14973489e-05,5.66950905e-05
2.81300000e+04,2.38499209e-04,1.20347587e-04,6.14751585e-05,5.66764634e-05
2.81400000e+04,2.38423975e-04,1.20312628e-04,6.14544681e-05,5.66568796e-05
2.81500000e+04,2.38348755e-04,1.20277894e-04,6.14333202e-05,5.66375415e-05
2.81600000e+04,2.38273450e-04,1.20244194e-04,6.14125683e-05,5.66166886e-05
2.81700000e+04,2.38197287e-04,1.20208270e-04,6.13921271e-05,5.65968897e-05
2.81800000e+04,2.38122494e-04,1.20174131e-04,6.13711792e-05,5.65771834e-05
2.81900000e+04,2.38048648e-04,1.20140240e-04,6.13508952e-05,5.65575121e-05
2.82000000e+04,2.37973253e-04,1.20105552e-04,6.13301400e-05,5.65375617e-05
2.82100000e+04,2.37898991e-04,1.20071233e-04,6.13097702e-05,5.65179872e-05
2.82200000e+04,2.37823784e-04,1.20036756e-04,6.12893215e-05,5.64977061e-05
2.82300000e+04,2.37749502e-04,1.20003221e-04,6.12673547e-05,5.64789257e-05
2.82400000e+04,2.37675632e-04,1.19969737e-04,6.12464480e-05,5.64594470e-05
2.82500000e+04,2.37600834e-04,1.19934704e-04,6.12264083e-05,5.64397223e-05
2.82600000e+04,2.37526508e-04,1.19900785e-04,6.12052912e-05,5.64204309e-05
2.82700000e+04,2.37452227e-04,1.19866343e-04,6.11852761e-05,5.64006079e-05
2.82800000e+04,2.37378149e-04,1.19832222e-04,6.11645932e-05,5.63813337e-05
2.82900000e+04,2.37303940e-04,1.19798512e-04,6.11441176e-05,5.63613103e-05
2.83000000e+04,2.37230011e-04,1.19764741e-04,6.11240705e-05,5.63411996e-05
2.83100000e+04,2.37156404e-04,1.19731088e-04,6.11035231e-05,5.63217928e-05
2.83200000e+04,2.37082566e-04,1.19697713e-04,6.10827722e-05,5.63020815e-05
2.83300000e+04,2.37009497e-04,1.19664698e-04,6.10611804e-05,5.62836190e-05
2.83400000e+04,2.36935591e-04,1.19630317e-04,6.10417927e-05,5.62634818e-05
2.83500000e+04,2.36861734e-04,1.19595158e-04,6.10221084e-05,5.62444674e-05
2.83600000e+04,2.36788880e-04,1.19562094e-04,6.10013091e-05,5.62254771e-05
2.83700000e+04,2.36715399e-04,1.19528767e-04,6.09812949e-05,5.62053378e-05
2.83800000e+04,2.36641618e-04,1.19494553e-04,6.09609765e-05,5.61860892e-05
2.83900000e+04,2.36569010e-04,1.19461581e-04,6.09400498e-05,5.61673797e-05
2.84000000e+04,2.36495730e-04,1.19427860e-04,6.09203315e-05,5.61475390e-05
2.84100000e+04,2.36423223e-04,1.19394807e-04,6.08998842e-05,5.61285322e-05
2.84200000e+04,2.36350375e-04,1.19361700e-04,6.08785745e-05,5.61101006e-05
2.84300000e+04,2.36277837e-04,1.19327708e-04,6.08597711e-05,5.60903584e-05
2.84400000e+04,2.36205285e-04,1.19294982e-04,6.08382205e-05,5.60720824e-05
2.84500000e+04,2.36131925e-04,1.19261032e-04,6.08187009e-05,5.60521920e-05
2.84600000e+04,2.36059942e-04,1.19228852e-04,6.07976684e-05,5.60334220e-05
2.84700000e+04,2.35988735e-04,1.19194674e-04,6.07790792e-05,5.60149823e-05
2.84800000e+04,2.35915142e-04,1.19161782e-04,6.07589293e-05,5.59944303e-05
2.84900000e+04,2.35843454e-04,1.19128561e-04,6.07392142e-05,5.59756783e-05
2.85000000e+04,2.35771050e-04,1.19095219e-04,6.07201267e-05,5.59557046e-05
2.85100000e+04,2.35699755e-04,1.19062857e-04,6.07003069e-05,5.59365918e-05
2.85200000e+04,2.35627757e-04,1.19029682e-04,6.06805255e-05,5.59175494e-05
2.85300000e+04,2.35555968e-04,1.18996912e-04,6.06598293e-05,5.58992272e-05
2.85400000e+04,2.35484204e-04,1.18963846e-04,6.06394460e-05,5.58809121e-05
2.85500000e+04,2.35412644e-04,1.18930903e-04,6.06198822e-05,5.58618583e-05
2.85600000e+04,2.35341122e-04,1.18898084e-04,6.05999517e-05,5.58430860e-05
2.85700000e+04,2.35269868e-04,1.18865642e-04,6.05798980e-05,5.58243278e-05
2.85800000e+04,2.35198464e-04,1.18833374e-04,6.05601171e-05,5.58049727e-05
2.85900000e+04,2.35126882e-04,1.18800497e-04,6.05413075e-05,5.57850773e-05
2.86000000e+04,2.35055939e-04,1.18767884e-04,6.05216171e-05,5.57664383e-05
2.86100000e+04,2.34984557e-04,1.18735193e-04,6.05007369e-05,5.57486269e-05
2.86200000e+04,2.34913429e-04,1.18702921e-04,6.04808845e-05,5.57296241e-05
2.86300000e+04,2.34842586e-04,1.18670363e-04,6.04614469e-05,5.57107757e-05
2.86400000e+04,2.34771690e-04,1.18637916e-04,6.04418551e-05,5.56919186e-05
2.86500000e+04,2.34701291e-04,1.18606117e-04,6.04222500e-05,5.56729246e-05
2.86600000e+04,2.34630544e-04,1.18573985e-04,6.04022207e-05,5.56543381e-05
2.86700000e+04,2.34559378e-04,1.18540315e-04,6.03826850e-05,5.56363779e-05
2.86800000e+04,2.34489496e-04,1.18508046e-04,6.03637228e-05,5.56177271e-05
2.86900000e+04,2.34418907e-04,1.18476466e-04,6.03437828e-05,5.55986587e-05
2.87000000e+04,2.34348400e-04,1.18443860e-04,6.03249749e-05,5.55795651e-05
2.87100000e+04,2.34278011e-04,1.18411471e-04,6.03051429e-05,5.55613972e-05
2.87200000e+04,2.34207418e-04,1.18378831e-04,6.02854258e-05,5.55431608e-05
2.87300000e+04,2.34138042e-04,1.18346817e-04,6.02665442e-05,5.55246801e-05
2.87400000e+04,2.34068337e-04,1.18315406e-04,6.02467069e-05,5.55062244e-05
2.87500000e+04,2.33998186e-04,1.18284444e-04,6.02263238e-05,5.54874183e-05
2.87600000e+04,2.33928758e-04,1.18252045e-04,6.02080614e-05,5.54686519e-05
2.87700000e+04,2.33859040e-04,1.18219573e-04,6.01887958e-05,5.54506705e-05
2.87800000e+04,2.33789786e-04,1.18188145e-04,6.01690478e-05,5.54325929e-05
2.87900000e+04,2.33719886e-04,1.18155871e-04,6.01506442e-05,5.54133711e-05
2.88000000e+04,2.33650475e-04,1.18124197e-04,6.01315799e-05,5.53946984e-05
2.88100000e+04,2.33581605e-04,1.18092835e-04,6.01121237e-05,5.53766460e-05
2.88200000e+04,2.33511529e-04,1.18060788e-04,6.00925796e-05,5.53581606e-05
2.88300000e+04,2.33442754e-04,1.18029609e-04,6.00736612e-05,5.53394835e-05
2.88400000e+04,2.33373851e-04,1.17997580e-04,6.00549641e-05,5.53213070e-05
2.88500000e+04,2.33305210e-04,1.17966108e-04,6.00349114e-05,5.53041902e-05
2.88600000e+04,2.33236342e-04,1.17934826e-04,6.00155116e-05,5.52860040e-05
2.88700000e+04,2.33168008e-04,1.17904035e-04,5.99968508e-05,5.52671225e-05
2.88800000e+04,2.33099034e-04,1.17872098e-04,5.99779770e-05,5.52489597e-05
2.88900000e+04,2.33030170e-04,1.17840618e-04,5.99582285e-05,5.52313230e-05
2.89000000e+04,2.32961812e-04,1.17809288e-04,5.99402123e-05,5.52123121e-05
2.89100000e+04,2.32893219e-04,1.17777651e-04,5.99205779e-05,5.51949898e-05
2.89200000e+04,2.32824963e-04,1.17746895e-04,5.99021433e-05,5.51759247e-05
2.89300000e+04,2.32757100e-04,1.17715577e-04,5.98831202e-05,5.51584030e-05
2.89400000e+04,2.32689013e-04,1.17684577e-04,5.98638929e-05,5.51405433e-05
2.89500000e+04,2.32621425e-04,1.17654009e-04,5.98450049e-05,5.51224104e-05
2.89600000e+04,2.32552981e-04,1.17622815e-04,5.98265146e-05,5.51036515e-05
2.89700000e+04,2.32484872e-04,1.17591308e-04,5.98075300e-05,5.50860345e-05
2.89800000e+04,2.32417640e-04,1.17560870e-04,5.97877796e-05,5.50689903e-05
2.89900000e+04,2.32349780e-04,1.17529192e-04,5.97699919e-05,5.50505969e-05
2.90000000e+04,2.32281771e-04,1.17498847e-04,5.97505899e-05,5.50323339e-05
2.90100000e+04,2.32214187e-04,1.17467400e-04,5.97325874e-05,5.50142002e-05
2.90200000e+04,2.32147528e-04,1.17436972e-04,5.97145250e-05,5.49960310e-05
2.90300000e+04,2.32079604e-04,1.17405476e-04,5.96960417e-05,5.49780862e-05
2.90400000e+04,2.32011877e-04,1.17375055e-04,5.96763673e-05,5.49604544e-05
2.90500000e+04,2.31945425e-04,1.17344535e-04,5.96580902e-05,5.49427991e-05
2.90600000e+04,2.31878152e-04,1.17313775e-04,5.96396288e-05,5.49247487e-05
2.90700000e+04,2.31811405e-04,1.17283179e-04,5.96208300e-05,5.49073958e-05
2.90800000e+04,2.31744176e-04,1.17252788e-04,5.96012253e-05,5.48901625e-05
2.90900000e+04,2.31676950e-04,1.17221954e-04,5.95826861e-05,5.48723093e-05
2.91000000e+04,2.31610792e-04,1.17191775e-04,5.95639230e-05,5.48550938e-05
2.91100000e+04,2.31544028e-04,1.17161172e-04,5.95454449e-05,5.48374112e-05
2.91200000e+04,2.31477057e-04,1.17130373e-04,5.95273948e-05,5.48192893e-05
2.91300000e+04,2.31411339e-04,1.17100464e-04,5.95088743e-05,5.48020009e-05
2.91400000e+04,2.31344131e-04,1.17069516e-04,5.94906934e-05,5.47839215e-05
2.91500000e+04,2.31278074e-04,1.17039564e-04,5.94722819e-05,5.47662275e-05
2.91600000e+04,2.31212636e-04,1.17009859e-04,5.94534607e-05,5.47493170e-05
2.91700000e+04,2.31146495e-04,1.16979685e-04,5.94353456e-05,5.47314646e-05
2.91800000e+04,2.31080612e-04,1.16949501e-04,5.94176505e-05,5.47134609e-05
2.91900000e+04,2.31014487e-04,1.16919556e-04,5.93992578e-05,5.46956730e-05
2.92000000e+04,2.30948560e-04,1.16889564e-04,5.93799972e-05,5.46789989e-05
2.92100000e+04,2.30882133e-04,1.16858919e-04,5.93622842e-05,5.46609294e-05
2.92200000e+04,2.30816928e-04,1.16828980e-04,5.93442011e-05,5.46437476e-05
2.92300000e+04,2.30751380e-04,1.16799115e-04,5.93263603e-05,5.46259044e-05
2.92400000e+04,2.30685825e-04,1.16769281e-04,5.93073343e-05,5.46092100e-05
2.92500000e+04,2.30620667e-04,1.16739994e-04,5.92883821e-05,5.45922911e-05
2.92600000e+04,2.30554642e-04,1.16709789e-04,5.92706433e-05,5.45742093e-05
2.92700000e+04,2.30489536e-04,1.16680020e-04,5.92528985e-05,5.45566172e-05
2.92800000e+04,2.30424112e-04,1.16649459e-04,5.92355924e-05,5.45390611e-05
2.92900000e+04,2.30359415e-04,1.16620076e-04,5.92170199e-05,5.45223198e-05
2.93000000e+04,2.30294445e-04,1.16590502e-04,5.91989126e-05,5.45050306e-05
2.93100000e+04,2.30229554e-04,1.16561219e-04,5.91805148e-05,5.44878201e-05
2.93200000e+04,2.30164770e-04,1.16531974e-04,5.91625795e-05,5.44702166e-05
2.93300000e+04,2.30100040e-04,1.16501414e-04,5.91449189e-05,5.44537067e-05
2.93400000e+04,2.30034891e-04,1.16471972e-04,5.91268152e-05,5.44361037e-05
2.93500000e+04,2.29971172e-04,1.16442599e-04,5.91089010e-05,5.44196712e-05
2.93600000e+04,2.29906423e-04,1.16412973e-04,5.90909980e-05,5.44024518e-05
2.93700000e+04,2.29841971e-04,1.16383524e-04,5.90730305e-05,5.43854166e-05
2.93800000e+04,2.29778452e-04,1.16354743e-04,5.90554289e-05,5.43682807e-05
2.93900000e+04,2.29713146e-04,1.16325469e-04,5.90375485e-05,5.43501284e-05
2.94000000e+04,2.29649700e-04,1.16296493e-04,5.90193379e-05,5.43338688e-05
2.94100000e+04,2.29585020e-04,1.16266599e-04,5.90018471e-05,5.43165746e-05
2.94200000e+04,2.29521492e-04,1.16237740e-04,5.89839629e-05,5.42997892e-05
2.94300000e+04,2.29457194e-04,1.16208256e-04,5.89662598e-05,5.42826786e-05
2.94400000e+04,2.29393733e-04,1.16179377e-04,5.89487459e-05,5.42656101e-05
2.94500000e+04,2.29329368e-04,1.16150143e-04,5.89309466e-05,5.42482790e-05
2.94600000e+04,2.29266134e-04,1.16121637e-04,5.89125381e-05,5.42319593e-05
2.94700000e+04,2.29202530e-04,1.16092169e-04,5.88951597e-05,5.42152015e-05
2.94800000e+04,2.29139625e-04,1.16063709e-04,5.88767931e-05,5.41991233e-05
2.94900000e+04,2.29076063e-04,1.16035013e-04,5.88605929e-05,5.41804568e-05
2.95000000e+04,2.29012855e-04,1.16005497e-04,5.88427735e-05,5.41645849e-05
2.95100000e+04,2.28949290e-04,1.15977052e-04,5.88249471e-05,5.41472913e-05
2.95200000e+04,2.28886100e-04,1.15948194e-04,5.88069223e-05,5.41309839e-05
2.95300000e+04,2.28823442e-04,1.15919479e-04,5.87902469e-05,5.41137160e-05
2.95400000e+04,2.28760501e-04,1.15890595e-04,5.87721730e-05,5.40977329e-05
2.95500000e+04,2.28697816e-04,1.15861930e-04,5.87554473e-05,5.40804391e-05
2.95600000e+04,2.28635227e-04,1.15833799e-04,5.87378227e-05,5.40636050e-05
2.95700000e+04,2.28572296e-04,1.15804403e-04,5.87205990e-05,5.40472940e-05
2.95800000e+04,2.28509203e-04,1.15775744e-04,5.87032368e-05,5.40302225e-05
2.95900000e+04,2.28447280e-04,1.15747576e-04,5.86855068e-05,5.40141970e-05
2.96000000e+04,2.28384509e-04,1.15719124e-04,5.86678918e-05,5.39974928e-05
2.96100000e+04,2.28322213e-04,1.15690642e-04,5.86510027e-05,5.39805678e-05
2.96200000e+04,2.28260530e-04,1.15662808e-04,5.86331811e-05,5.39645412e-05
2.96300000e+04,2.28197676e-04,1.15634146e-04,5.86156133e-05,5.39479172e-05
2.96400000e+04,2.28135481e-04,1.15605678e-04,5.85983134e-05,5.39314897e-05
2.96500000e+04,2.28072914e-04,1.15577365e-04,5.85813274e-05,5.39142210e-05
2.96600000e+04,2.28011209e-04,1.15549243e-04,5.85639578e-05,5.38980085e-05
2.96700000e+04,2.27949472e-04,1.15521203e-04,5.85465858e-05,5.38816832e-05
2.96800000e+04,2.27887575e-04,1.15492362e-04,5.85303384e-05,5.38648745e-05
2.96900000e+04,2.27826198e-04,1.15464222e-04,5.85131278e-05,5.38488485e-05
2.97000000e+04,2.27764005e-04,1.15436669e-04,5.84948811e-05,5.38324553e-05
2.97100000e+04,2.27702781e-04,1.15408521e-04,5.84781156e-05,5.38161444e-05
2.97200000e+04,2.27641356e-04,1.15380898e-04,5.84610233e-05,5.37994355e-05
2.97300000e+04,2.27580114e-04,1.15352897e-04,5.84445920e-05,5.37826256e-05
2.97400000e+04,2.27519157e-04,1.15324952e-04,5.84272433e-05,5.37669610e-05
2.97500000e+04,2.27457493e-04,1.15296651e-04,5.84101301e-05,5.37507116e-05
2.97600000e+04,2.27395897e-04,1.15268498e-04,5.83929829e-05,5.37344152e-05
2.97700000e+04,2.27335479e-04,1.15240801e-04,5.83760646e-05,5.37186131e-05
2.97800000e+04,2.27274815e-04,1.15213350e-04,5.83594391e-05,5.37020259e-05
2.97900000e+04,2.27213078e-04,1.15185441e-04,5.83421369e-05,5.36855008e-05
2.98000000e+04,2.27152601e-04,1.15158079e-04,5.83253773e-05,5.36691445e-05
2.98100000e+04,2.27091685e-04,1.15130241e-04,5.83083118e-05,5.36531320e-05
2.98200000e+04,2.27031543e-04,1.15102810e-04,5.82911003e-05,5.36376322e-05
2.98300000e+04,2.26971305e-04,1.15075390e-04,5.82749683e-05,5.36209464e-05
2.98400000e+04,2.26910135e-04,1.15047368e-04,5.82585345e-05,5.36042321e-05
2.98500000e+04,2.26849882e-04,1.15020070e-04,5.82416622e-05,5.35881494e-05
2.98600000e+04,2.26789758e-04,1.14992639e-04,5.82246579e-05,5.35724612e-05
2.98700000e+04,2.26729817e-04,1.14965908e-04,5.82069770e-05,5.35569313e-05
2.98800000e+04,2.26669743e-04,1.14938236e-04,5.81911455e-05,5.35403616e-05
2.98900000e+04,2.26609671e-04,1.14910690e-04,5.81744486e-05,5.35245323e-05
2.99000000e+04,2.26549552e-04,1.14883284e-04,5.81577130e-05,5.35085550e-05
2.99100000e+04,2.26489495e-04,1.14855977e-04,5.81410281e-05,5.34924897e-05
2.99200000e+04,2.26429720e-04,1.14828442e-04,5.81246685e-05,5.34766089e-05
2.99300000e+04,2.26370430e-04,1.14801305e-04,5.81081924e-05,5.34609318e-05
2.99400000e+04,2.26310888e-04,1.14774224e-04,5.80915746e-05,5.34450895e-05
2.99500000e+04,2.26250743e-04,1.14747432e-04,5.80743276e-05,5.34289826e-05
2.99600000e+04,2.26192415e-04,1.14721012e-04,5.80579202e-05,5.34134827e-05
2.99700000e+04,2.26132305e-04,1.14693391e-04,5.80415077e-05,5.33974057e-05
2.99800000e+04,2.26072801e-04,1.14666808e-04,5.80244080e-05,5.33815856e-05
2.99900000e+04,2.26013841e-04,1.14640114e-04,5.80083893e-05,5.33653376e-05
3.00000000e+04,2.25954285e-04,1.14612545e-04,5.79919104e-05,5.33498303e-05
3.00100000e+04,2.25895668e-04,1.14586185e-04,5.79757609e-05,5.33337223e-05
3.00200000e+04,2.25836748e-04,1.14559149e-04,5.79592289e-05,5.33183696e-05
3.00300000e+04,2.25777450e-04,1.14531804e-04,5.79432314e-05,5.33024148e-05
3.00400000e+04,2.25718325e-04,1.14504816e-04,5.79268316e-05,5.32866769e-05
3.00500000e+04,2.25659906e-04,1.14478320e-04,5.79100512e-05,5.32715347e-05
3.00600000e+04,2.25600890e-04,1.14451685e-04,5.78930745e-05,5.32561302e-05
3.00700000e+04,2.25542721e-04,1.14425405e-04,5.78772804e-05,5.32400359e-05
3.00800000e+04,2.25484017e-04,1.14398762e-04,5.78608996e-05,5.32243548e-05
3.00900000e+04,2.25425721e-04,1.14372481e-04,5.78446652e-05,5.32085751e-05
3.01000000e+04,2.25366840e-04,1.14345924e-04,5.78279110e-05,5.31930047e-05
3.01100000e+04,2.25308370e-04,1.14319177e-04,5.78114573e-05,5.31777356e-05
3.01200000e+04,2.25249992e-04,1.14292422e-04,5.77956948e-05,5.31618746e-05
3.01300000e+04,2.25192363e-04,1.14266022e-04,5.77802518e-05,5.31460889e-05
3.01400000e+04,2.25133976e-04,1.14239424e-04,5.77639910e-05,5.31305612e-05
3.01500000e+04,2.25076293e-04,1.14213035e-04,5.77481791e-05,5.31150788e-05
3.01600000e+04,2.25018257e-04,1.14187175e-04,5.77317613e-05,5.30993215e-05
3.01700000e+04,2.24960529e-04,1.14161120e-04,5.77148351e-05,5.30845738e-05
3.01800000e+04,2.24902477e-04,1.14134346e-04,5.76993843e-05,5.30687466e-05
3.01900000e+04,2.24845651e-04,1.14108298e-04,5.76838557e-05,5.30534978e-05
3.02000000e+04,2.24787719e-04,1.14082012e-04,5.76681027e-05,5.30376039e-05
3.02100000e+04,2.24730551e-04,1.14056295e-04,5.76508442e-05,5.30234114e-05
3.02200000e+04,2.24673411e-04,1.14030445e-04,5.76345376e-05,5.30084279e-05
3.02300000e+04,2.24615792e-04,1.14003666e-04,5.76200749e-05,5.29920506e-05
3.02400000e+04,2.24558368e-04,1.13977873e-04,5.76034857e-05,5.29770090e-05
3.02500000e+04,2.24501082e-04,1.13951891e-04,5.75876094e-05,5.29615816e-05
3.02600000e+04,2.24444616e-04,1.13925936e-04,5.75719089e-05,5.29467709e-05
3.02700000e+04,2.24387216e-04,1.13899874e-04,5.75559449e-05,5.29313974e-05
3.02800000e+04,2.24330526e-04,1.13874402e-04,5.75400573e-05,5.29160669e-05
3.02900000e+04,2.24273592e-04,1.13848746e-04,5.75241464e-05,5.29007003e-05
3.03000000e+04,2.24216723e-04,1.13822488e-04,5.75086803e-05,5.28855543e-05
3.03100000e+04,2.24160070e-04,1.13796880e-04,5.74928531e-05,5.28703371e-05
3.03200000e+04,2.24103284e-04,1.13770986e-04,5.74766778e-05,5.28556202e-05
3.03300000e+04,2.24046179e-04,1.13745221e-04,5.74608840e-05,5.28400747e-05
3.03400000e+04,2.23990061e-04,1.13719704e-04,5.74456148e-05,5.28247429e-05
3.03500000e+04,2.23933406e-04,1.13693874e-04,5.74297970e-05,5.28097357e-05
3.03600000e+04,2.23876996e-04,1.13668500e-04,5.74133912e-05,5.27951045e-05
3.03700000e+04,2.23820688e-04,1.13642981e-04,5.73981975e-05,5.27795093e-05
3.03800000e+04,2.23764788e-04,1.13617304e-04,5.73829914e-05,5.27644920e-05
3.03900000e+04,2.23708695e-04,1.13591851e-04,5.73674794e-05,5.27493649e-05
3.04000000e+04,2.23652535e-04,1.13566587e-04,5.73514016e-05,5.27345461e-05
3.04100000e+04,2.23596865e-04,1.13541097e-04,5.73355102e-05,5.27202576e-05
3.04200000e+04,2.23540515e-04,1.13515642e-04,5.73199659e-05,5.27049076e-05
3.04300000e+04,2.23484317e-04,1.13490177e-04,5.73046357e-05,5.26895039e-05
3.04400000e+04,2.23429133e-04,1.13464631e-04,5.72895667e-05,5.26749352e-05
3.04500000e+04,2.23373228e-04,1.13439378e-04,5.72739433e-05,5.26599072e-05
3.04600000e+04,2.23317275e-04,1.13414129e-04,5.72583299e-05,5.26448154e-05
3.04700000e+04,2.23261831e-04,1.13389020e-04,5.72424960e-05,5.26303153e-05
3.04800000e+04,2.23206476e-04,1.13363985e-04,5.72269943e-05,5.26154970e-05
3.04900000e+04,2.23151326e-04,1.13338382e-04,5.72120593e-05,5.26008844e-05
3.05000000e+04,2.23095921e-04,1.13313530e-04,5.71966340e-05,5.25857577e-05
3.05100000e+04,2.23040702e-04,1.13289011e-04,5.71810478e-05,5.25706438e-05
3.05200000e+04,2.22985298e-04,1.13263348e-04,5.71656341e-05,5.25563155e-05
3.05300000e+04,2.22931026e-04,1.13239096e-04,5.71499831e-05,5.25419467e-05
3.05400000e+04,2.22875897e-04,1.13213912e-04,5.71350820e-05,5.25269033e-05
3.05500000e+04,2.22820979e-04,1.13189219e-04,5.71193388e-05,5.25124214e-05
3.05600000e+04,2.22766192e-04,1.13164254e-04,5.71042159e-05,5.24977212e-05
3.05700000e+04,2.22711555e-04,1.13139207e-04,5.70891995e-05,5.24831486e-05
3.05800000e+04,2.22656955e-04,1.13114363e-04,5.70740682e-05,5.24685242e-05
3.05900000e+04,2.22602542e-04,1.13089734e-04,5.70587470e-05,5.24540601e-05
3.06000000e+04,2.22547738e-04,1.13065008e-04,5.70436300e-05,5.24390997e-05
3.06100000e+04,2.22493492e-04,1.13040187e-04,5.70284599e-05,5.24248449e-05
3.06200000e+04,2.22439746e-04,1.13015773e-04,5.70132496e-05,5.24107227e-05
3.06300000e+04,2.22384879e-04,1.12990909e-04,5.69978681e-05,5.23961016e-05
3.06400000e+04,2.22330927e-04,1.12966412e-04,5.69829836e-05,5.23815313e-05
3.06500000e+04,2.22277057e-04,1.12942202e-04,5.69678079e-05,5.23670471e-05
3.06600000e+04,2.22222949e-04,1.12917615e-04,5.69531031e-05,5.23522303e-05
3.06700000e+04,2.22168834e-04,1.12892700e-04,5.69381850e-05,5.23379487e-05
3.06800000e+04,2.22114881e-04,1.12868173e-04,5.69227443e-05,5.23239643e-05
3.06900000e+04,2.22061075e-04,1.12844212e-04,5.69077675e-05,5.23090956e-05
3.07000000e+04,2.22007144e-04,1.12820010e-04,5.68924865e-05,5.22946478e-05
3.07100000e+04,2.21953626e-04,1.12795560e-04,5.68773392e-05,5.22807267e-05
3.07200000e+04,2.21900380e-04,1.12771635e-04,5.68625403e-05,5.22662043e-05
3.07300000e+04,2.21846613e-04,1.12747363e-04,5.68479762e-05,5.22512737e-05
3.07400000e+04,2.21792931e-04,1.12722534e-04,5.68330026e-05,5.22373948e-05
3.07500000e+04,2.21739250e-04,1.12698150e-04,5.68180172e-05,5.22230824e-05
3.07600000e+04,2.21686353e-04,1.12674591e-04,5.68030143e-05,5.22087476e-05
3.07700000e+04,2.21632925e-04,1.12650497e-04,5.67881813e-05,5.21942467e-05
3.07800000e+04,2.21579713e-04,1.12625829e-04,5.67738395e-05,5.21800445e-05
3.07900000e+04,2.21526631e-04,1.12601960e-04,5.67589912e-05,5.21656799e-05
3.08000000e+04,2.21473945e-04,1.12577926e-04,5.67439956e-05,5.21520230e-05
3.08100000e+04,2.21420539e-04,1.12554070e-04,5.67288110e-05,5.21376582e-05
3.08200000e+04,2.21368303e-04,1.12530204e-04,5.67146668e-05,5.21234320e-05
3.08300000e+04,2.21315320e-04,1.12505931e-04,5.67004497e-05,5.21089389e-05
3.08400000e+04,2.21262650e-04,1.12482096e-04,5.66857608e-05,5.20947935e-05
3.08500000e+04,2.21210197e-04,1.12458510e-04,5.66707352e-05,5.20809520e-05
3.08600000e+04,2.21157233e-04,1.12434631e-04,5.66561873e-05,5.20664146e-05
3.08700000e+04,2.21105176e-04,1.12411436e-04,5.66408272e-05,5.20529127e-05
3.08800000e+04,2.21052804e-04,1.12387505e-04,5.66265225e-05,5.20387765e-05
3.08900000e+04,2.21000855e-04,1.12363741e-04,5.66121149e-05,5.20249985e-05
3.09000000e+04,2.20948075e-04,1.12340026e-04,5.65974263e-05,5.20106236e-05
3.09100000e+04,2.20895654e-04,1.12316229e-04,5.65828337e-05,5.19965916e-05
3.09200000e+04,2.20844052e-04,1.12292914e-04,5.65683452e-05,5.19827927e-05
3.09300000e+04,2.20792247e-04,1.12269468e-04,5.65538027e-05,5.19689763e-05
3.09400000e+04,2.20740211e-04,1.12246245e-04,5.65392483e-05,5.19547169e-05
3.09500000e+04,2.20688257e-04,1.12222333e-04,5.65252989e-05,5.19406257e-05
3.09600000e+04,2.20636344e-04,1.12198803e-04,5.65106558e-05,5.19268850e-05
3.09700000e+04,2.20584417e-04,1.12175457e-04,5.64960604e-05,5.19129004e-05
3.09800000e+04,2.20533196e-04,1.12152367e-04,5.64818413e-05,5.18989874e-05
3.09900000e+04,2.20481423e-04,1.12128602e-04,5.64671162e-05,5.18857048e-05
3.10000000e+04,2.20429682e-04,1.12104935e-04,5.64528947e-05,5.18718529e-05
3.10100000e+04,2.20378529e-04,1.12082006e-04,5.64388596e-05,5.18576642e-05
3.10200000e+04,2.20326820e-04,1.12058845e-04,5.64242823e-05,5.18436923e-05
3.10300000e+04,2.20275451e-04,1.12035520e-04,5.64099645e-05,5.18299667e-05
3.10400000e+04,2.20224485e-04,1.12012065e-04,5.63959166e-05,5.18165034e-05
3.10500000e+04,2.20173009e-04,1.11989115e-04,5.63816974e-05,5.18021970e-05
3.10600000e+04,2.20121621e-04,1.11965833e-04,5.63670374e-05,5.17887505e-05
3.10700000e+04,2.20071306e-04,1.11943029e-04,5.63529760e-05,5.17753004e-05
3.10800000e+04,2.20020229e-04,1.11919963e-04,5.63384553e-05,5.17618109e-05
3.10900000e+04,2.19969210e-04,1.11896863e-04,5.63246158e-05,5.17477318e-05
3.11000000e+04,2.19918615e-04,1.11874069e-04,5.63101176e-05,5.17344286e-05
3.11100000e+04,2.19867448e-04,1.11850637e-04,5.62958901e-05,5.17209207e-05
3.11200000e+04,2.19816831e-04,1.11828017e-04,5.62819940e-05,5.17068202e-05
3.11300000e+04,2.19766386e-04,1.11804899e-04,5.62679634e-05,5.16935239e-05
3.11400000e+04,2.19715647e-04,1.11782188e-04,5.62535789e-05,5.16798799e-05
3.11500000e+04,2.19665334e-04,1.11759365e-04,5.62398724e-05,5.16660962e-05
3.11600000e+04,2.19614970e-04,1.11736444e-04,5.62257530e-05,5.16527725e-05
3.11700000e+04,2.19564462e-04,1.11713464e-04,5.62117476e-05,5.16392504e-05
3.11800000e+04,2.19514452e-04,1.11691244e-04,5.61972095e-05,5.16259983e-05
3.11900000e+04,2.19464396e-04,1.11668454e-04,5.61838216e-05,5.16121205e-05
3.12000000e+04,2.19414036e-04,1.11645424e-04,5.61699469e-05,5.15986652e-05
3.12100000e+04,2.19364111e-04,1.11622952e-04,5.61557917e-05,5.15853668e-05
3.12200000e+04,2.19314152e-04,1.11600400e-04,5.61423743e-05,5.15713780e-05
3.12300000e+04,2.19264723e-04,1.11577812e-04,5.61287437e-05,5.15581671e-05
3.12400000e+04,2.19214602e-04,1.11555285e-04,5.61144037e-05,5.15449138e-05
3.12500000e+04,2.19164784e-04,1.11532583e-04,5.61003787e-05,5.15318226e-05
3.12600000e+04,2.19115269e-04,1.11510320e-04,5.60865050e-05,5.15184440e-05
3.12700000e+04,2.19065788e-04,1.11487981e-04,5.60729092e-05,5.15048972e-05
3.12800000e+04,2.19015858e-04,1.11465049e-04,5.60591117e-05,5.14916969e-05
3.12900000e+04,2.18966848e-04,1.11443099e-04,5.60450877e-05,5.14786620e-05
3.13000000e+04,2.18917089e-04,1.11420565e-04,5.60310498e-05,5.14654747e-05
3.13100000e+04,2.18867457e-04,1.11397954e-04,5.60172476e-05,5.14522554e-05
3.13200000e+04,2.18818575e-04,1.11375820e-04,5.60041135e-05,5.14386423e-05
3.13300000e+04,2.18769207e-04,1.11353852e-04,5.59902186e-05,5.14251370e-05
3.13400000e+04,2.18720712e-04,1.11331909e-04,5.59766186e-05,5.14121843e-05
3.13500000e+04,2.18671314e-04,1.11309343e-04,5.59626713e-05,5.13993002e-05
3.13600000e+04,2.18622644e-04,1.11287361e-04,5.59491296e-05,5.13861538e-05
3.13700000e+04,2.18573314e-04,1.11265316e-04,5.59354746e-05,5.13725236e-05
3.13800000e+04,2.18524969e-04,1.11243330e-04,5.59216390e-05,5.13600006e-05
3.13900000e+04,2.18476033e-04,1.11221513e-04,5.59079628e-05,5.13465576e-05
3.14000000e+04,2.18427470e-04,1.11199365e-04,5.58945060e-05,5.13335993e-05
3.14100000e+04,2.18378942e-04,1.11177397e-04,5.58811229e-05,5.13204218e-05
3.14200000e+04,2.18330164e-04,1.11155580e-04,5.58675212e-05,5.13070628e-05
3.14300000e+04,2.18281728e-04,1.11133515e-04,5.58539497e-05,5.12942629e-05
3.14400000e+04,2.18233722e-04,1.11112039e-04,5.58400863e-05,5.12815957e-05
3.14500000e+04,2.18184933e-04,1.11090018e-04,5.58262382e-05,5.12686771e-05
3.14600000e+04,2.18136859e-04,1.11068085e-04,5.58131110e-05,5.12556630e-05
3.14700000e+04,2.18088598e-04,1.11046717e-04,5.57997716e-05,5.12421092e-05
3.14800000e+04,2.18040108e-04,1.11024773e-04,5.57861687e-05,5.12291662e-05
3.14900000e+04,2.17992963e-04,1.11003423e-04,5.57732078e-05,5.12163318e-05
3.15000000e+04,2.17944536e-04,1.10981457e-04,5.57594218e-05,5.12036572e-05
3.15100000e+04,2.17896738e-04,1.10959729e-04,5.57466454e-05,5.11903634e-05
3.15200000e+04,2.17848131e-04,1.10938105e-04,5.57327202e-05,5.11773059e-05
3.15300000e+04,2.17801202e-04,1.10916879e-04,5.57192849e-05,5.11650374e-05
3.15400000e+04,2.17753215e-04,1.10895180e-04,5.57059982e-05,5.11520367e-05
3.15500000e+04,2.17705513e-04,1.10873456e-04,5.56931535e-05,5.11389038e-05
3.15600000e+04,2.17658075e-04,1.10851971e-04,5.56795738e-05,5.11265305e-05
3.15700000e+04,2.17610666e-04,1.10830789e-04,5.56661040e-05,5.11137739e-05
3.15800000e+04,2.17563588e-04,1.10809259e-04,5.56532193e-05,5.11011099e-05
3.15900000e+04,2.17516212e-04,1.10788008e-04,5.56397831e-05,5.10884210e-05
3.16000000e+04,2.17469285e-04,1.10766998e-04,5.56264373e-05,5.10758493e-05
3.16100000e+04,2.17422027e-04,1.10745221e-04,5.56143743e-05,5.10624319e-05
3.16200000e+04,2.17374430e-04,1.10723522e-04,5.56008066e-05,5.10501017e-05
3.16300000e+04,2.17327827e-04,1.10702639e-04,5.55877185e-05,5.10374694e-05
3.16400000e+04,2.17280307e-04,1.10681319e-04,5.55744547e-05,5.10245338e-05
3.16500000e+04,2.17233605e-04,1.10660525e-04,5.55613105e-05,5.10117692e-05
3.16600000e+04,2.17186889e-04,1.10639500e-04,5.55483381e-05,5.09990511e-05
3.16700000e+04,2.17140456e-04,1.10618240e-04,5.55353286e-05,5.09868874e-05
3.16800000e+04,2.17093643e-04,1.10597227e-04,5.55219834e-05,5.09744325e-05
3.16900000e+04,2.17047165e-04,1.10576379e-04,5.55091439e-05,5.09616417e-05
3.17000000e+04,2.17000791e-04,1.10555304e-04,5.54963263e-05,5.09491605e-05
3.17100000e+04,2.16953959e-04,1.10534298e-04,5.54830973e-05,5.09365638e-05
3.17200000e+04,2.16907421e-04,1.10513302e-04,5.54702307e-05,5.09238884e-05
3.17300000e+04,2.16861067e-04,1.10492133e-04,5.54573588e-05,5.09115746e-05
3.17400000e+04,2.16814569e-04,1.10471208e-04,5.54441935e-05,5.08991666e-05
3.17500000e+04,2.16768885e-04,1.10450768e-04,5.54313367e-05,5.08867808e-05
3.17600000e+04,2.16722505e-04,1.10429841e-04,5.54183766e-05,5.08742874e-05
3.17700000e+04,2.16676403e-04,1.10408959e-04,5.54055531e-05,5.08618910e-05
3.17800000e+04,2.16630165e-04,1.10388278e-04,5.53927051e-05,5.08491819e-05
3.17900000e+04,2.16584601e-04,1.10367767e-04,5.53798106e-05,5.08370234e-05
3.18000000e+04,2.16538781e-04,1.10346929e-04,5.53671145e-05,5.08247375e-05
3.18100000e+04,2.16492620e-04,1.10326259e-04,5.53543838e-05,5.08119773e-05
3.18200000e+04,2.16446915e-04,1.10305577e-04,5.53417073e-05,5.07996308e-05
3.18300000e+04,2.16401301e-04,1.10285153e-04,5.53287759e-05,5.07873727e-05
3.18400000e+04,2.16355906e-04,1.10264596e-04,5.53160118e-05,5.07752980e-05
3.18500000e+04,2.16310030e-04,1.10243959e-04,5.53028313e-05,5.07632401e-05
3.18600000e+04,2.16264680e-04,1.10223444e-04,5.52904838e-05,5.07507522e-05
3.18700000e+04,2.16219121e-04,1.10203368e-04,5.52775095e-05,5.07382436e-05
3.18800000e+04,2.16174059e-04,1.10182642e-04,5.52651287e-05,5.07262879e-05
3.18900000e+04,2.16128324e-04,1.10162238e-04,5.52524857e-05,5.07135999e-05
3.19000000e+04,2.16083578e-04,1.10141845e-04,5.52396533e-05,5.07020797e-05
3.19100000e+04,2.16038353e-04,1.10121834e-04,5.52271469e-05,5.06893713e-05
3.19200000e+04,2.15993065e-04,1.10101455e-04,5.52142134e-05,5.06773968e-05
3.19300000e+04,2.15948004e-04,1.10080979e-04,5.52020541e-05,5.06649706e-05
3.19400000e+04,2.15903495e-04,1.10060751e-04,5.51895498e-05,5.06531933e-05
3.19500000e+04,2.15858329e-04,1.10040582e-04,5.51766813e-05,5.06410656e-05
3.19600000e+04,2.15813908e-04,1.10020359e-04,5.51642897e-05,5.06292597e-05
3.19700000e+04,2.15768919e-04,1.10000264e-04,5.51518678e-05,5.06167878e-05
3.19800000e+04,2.15724181e-04,1.09979799e-04,5.51394797e-05,5.06049026e-05
3.19900000e+04,2.15679515e-04,1.09959823e-04,5.51274447e-05,5.05922477e-05
3.20000000e+04,2.15634769e-04,1.09939964e-04,5.51145723e-05,5.05802328e-05
3.20100000e+04,2.15590817e-04,1.09920212e-04,5.51024712e-05,5.05681337e-05
3.20200000e+04,2.15546649e-04,1.09899886e-04,5.50900910e-05,5.05566726e-05
3.20300000e+04,2.15502092e-04,1.09879783e-04,5.50775508e-05,5.05447588e-05
3.20400000e+04,2.15457789e-04,1.09859939e-04,5.50650543e-05,5.05327952e-05
3.20500000e+04,2.15413099e-04,1.09839534e-04,5.50525649e-05,5.05209996e-05
3.20600000e+04,2.15369540e-04,1.09820094e-04,5.50406874e-05,5.05087582e-05
3.20700000e+04,2.15325349e-04,1.09800107e-04,5.50283442e-05,5.04968983e-05
3.20800000e+04,2.15280762e-04,1.09780267e-04,5.50157288e-05,5.04847659e-05
3.20900000e+04,2.15236611e-04,1.09760183e-04,5.50034606e-05,5.04729672e-05
3.21000000e+04,2.15192941e-04,1.09740664e-04,5.49910752e-05,5.04612027e-05
3.21100000e+04,2.15148661e-04,1.09720674e-04,5.49787484e-05,5.04492379e-05
3.21200000e+04,2.15104871e-04,1.09701088e-04,5.49664468e-05,5.04373369e-05
3.21300000e+04,2.15061546e-04,1.09681445e-04,5.49546079e-05,5.04254936e-05
3.21400000e+04,2.15017797e-04,1.09661989e-04,5.49421337e-05,5.04136744e-05
3.21500000e+04,2.14974287e-04,1.09642357e-04,5.49299800e-05,5.04019502e-05
3.21600000e+04,2.14930873e-04,1.09622603e-04,5.49179656e-05,5.03903048e-05
3.21700000e+04,2.14886677e-04,1.09602670e-04,5.49057687e-05,5.03782386e-05
3.21800000e+04,2.14843649e-04,1.09583221e-04,5.48938446e-05,5.03665837e-05
3.21900000e+04,2.14800449e-04,1.09563446e-04,5.48818241e-05,5.03551796e-05
3.22000000e+04,2.14756801e-04,1.09544358e-04,5.48694070e-05,5.03430363e-05
3.22100000e+04,2.14713854e-04,1.09524595e-04,5.48573891e-05,5.03318697e-05
3.22200000e+04,2.14670894e-04,1.09505571e-04,5.48453801e-05,5.03199433e-05
3.22300000e+04,2.14627639e-04,1.09486193e-04,5.48331248e-05,5.03083214e-05
3.22400000e+04,2.14584174e-04,1.09466860e-04,5.48207272e-05,5.02965861e-05
3.22500000e+04,2.14541875e-04,1.09447186e-04,5.48089522e-05,5.02857369e-05
3.22600000e+04,2.14498976e-04,1.09428026e-04,5.47970132e-05,5.02739374e-05
3.22700000e+04,2.14455432e-04,1.09408626e-04,5.47848545e-05,5.02619513e-05
3.22800000e+04,2.14413354e-04,1.09389254e-04,5.47732005e-05,5.02508993e-05
3.22900000e+04,2.14370970e-04,1.09370211e-04,5.47615223e-05,5.02392375e-05
3.23000000e+04,2.14327929e-04,1.09350971e-04,5.47492878e-05,5.02276701e-05
3.23100000e+04,2.14285651e-04,1.09331819e-04,5.47374260e-05,5.02164063e-05
3.23200000e+04,2.14242427e-04,1.09312369e-04,5.47258479e-05,5.02042103e-05
3.23300000e+04,2.14200288e-04,1.09293425e-04,5.47139423e-05,5.01929207e-05
3.23400000e+04,2.14158201e-04,1.09274573e-04,5.47020980e-05,5.01815302e-05
3.23500000e+04,2.14115815e-04,1.09255342e-04,5.46902697e-05,5.01702038e-05
3.23600000e+04,2.14073121e-04,1.09236422e-04,5.46784763e-05,5.01582228e-05
3.23700000e+04,2.14030923e-04,1.09217517e-04,5.46664480e-05,5.01469576e-05
3.23800000e+04,2.13988647e-04,1.09198241e-04,5.46544440e-05,5.01359611e-05
3.23900000e+04,2.13947015e-04,1.09179232e-04,5.46430035e-05,5.01247792e-05
3.24000000e+04,2.13905609e-04,1.09160602e-04,5.46315897e-05,5.01134175e-05
3.24100000e+04,2.13863179e-04,1.09141740e-04,5.46197807e-05,5.01016586e-05
3.24200000e+04,2.13821370e-04,1.09122949e-04,5.46081500e-05,5.00902715e-05
3.24300000e+04,2.13779716e-04,1.09104170e-04,5.45964444e-05,5.00791015e-05
3.24400000e+04,2.13737707e-04,1.09085359e-04,5.45843503e-05,5.00679977e-05
3.24500000e+04,2.13696103e-04,1.09066402e-04,5.45726830e-05,5.00570183e-05
3.24600000e+04,2.13654299e-04,1.09047791e-04,5.45610706e-05,5.00454382e-05
3.24700000e+04,2.13612690e-04,1.09029210e-04,5.45495830e-05,5.00338972e-05
3.24800000e+04,2.13571221e-04,1.09010395e-04,5.45379485e-05,5.00228773e-05
3.24900000e+04,2.13530180e-04,1.08992063e-04,5.45266291e-05,5.00114877e-05
3.25000000e+04,2.13488708e-04,1.08973222e-04,5.45150521e-05,5.00004335e-05
3.25100000e+04,2.13447193e-04,1.08954620e-04,5.45035962e-05,4.99889768e-05
3.25200000e+04,2.13406906e-04,1.08936476e-04,5.44920454e-05,4.99783842e-05
3.25300000e+04,2.13365329e-04,1.08917745e-04,5.44806756e-05,4.99669081e-05
3.25400000e+04,2.13324373e-04,1.08899267e-04,5.44691256e-05,4.99559799e-05
3.25500000e+04,2.13283313e-04,1.08880903e-04,5.44575559e-05,4.99448544e-05
3.25600000e+04,2.13242441e-04,1.08862726e-04,5.44460202e-05,4.99336955e-05
3.25700000e+04,2.13201361e-04,1.08844160e-04,5.44343121e-05,4.99228884e-05
3.25800000e+04,2.13160757e-04,1.08825834e-04,5.44234005e-05,4.99115225e-05
3.25900000e+04,2.13119843e-04,1.08807620e-04,5.44119863e-05,4.99002366e-05
3.26000000e+04,2.13079328e-04,1.08789370e-04,5.44004328e-05,4.98895246e-05
3.26100000e+04,2.13038646e-04,1.08771020e-04,5.43891190e-05,4.98785072e-05
3.26200000e+04,2.12997706e-04,1.08752509e-04,5.43776224e-05,4.98675749e-05
3.26300000e+04,2.12957278e-04,1.08734568e-04,5.43660965e-05,4.98566125e-05
3.26400000e+04,2.12916984e-04,1.08716721e-04,5.43550132e-05,4.98452500e-05
3.26500000e+04,2.12877025e-04,1.08698748e-04,5.43437317e-05,4.98345453e-05
3.26600000e+04,2.12836678e-04,1.08680490e-04,5.43327106e-05,4.98234776e-05
3.26700000e+04,2.12795894e-04,1.08662108e-04,5.43211761e-05,4.98126101e-05
3.26800000e+04,2.12756006e-04,1.08643951e-04,5.43102433e-05,4.98018126e-05
3.26900000e+04,2.12715805e-04,1.08625977e-04,5.42988687e-05,4.97909587e-05
3.27000000e+04,2.12675558e-04,1.08608084e-04,5.42875090e-05,4.97799651e-05
3.27100000e+04,2.12635882e-04,1.08590200e-04,5.42763660e-05,4.97693155e-05
3.27200000e+04,2.12595581e-04,1.08572103e-04,5.42653041e-05,4.97581739e-05
3.27300000e+04,2.12555290e-04,1.08553840e-04,5.42539616e-05,4.97474882e-05
3.27400000e+04,2.12516513e-04,1.08536561e-04,5.42430861e-05,4.97368650e-05
3.27500000e+04,2.12476442e-04,1.08518743e-04,5.42320111e-05,4.97256873e-05
3.27600000e+04,2.12437084e-04,1.08500825e-04,5.42208079e-05,4.97154517e-05
3.27700000e+04,2.12396980e-04,1.08482877e-04,5.42095342e-05,4.97045692e-05
3.27800000e+04,2.12357736e-04,1.08465378e-04,5.41984776e-05,4.96938804e-05
3.27900000e+04,2.12318002e-04,1.08447352e-04,5.41876462e-05,4.96830041e-05
3.28000000e+04,2.12278625e-04,1.08429746e-04,5.41766271e-05,4.96722521e-05
3.28100000e+04,2.12238941e-04,1.08411984e-04,5.41653864e-05,4.96615700e-05
3.28200000e+04,2.12200362e-04,1.08394517e-04,5.41546812e-05,4.96511641e-05
3.28300000e+04,2.12160951e-04,1.08376977e-04,5.41439443e-05,4.96400303e-05
3.28400000e+04,2.12121551e-04,1.08359169e-04,5.41324942e-05,4.96298882e-05
3.28500000e+04,2.12082751e-04,1.08341865e-04,5.41218997e-05,4.96189867e-05
3.28600000e+04,2.12043690e-04,1.08324489e-04,5.41107186e-05,4.96084818e-05
3.28700000e+04,2.12005070e-04,1.08306901e-04,5.40997522e-05,4.95984168e-05
3.28800000e+04,2.11965615e-04,1.08289598e-04,5.40887813e-05,4.95872354e-05
3.28900000e+04,2.11926780e-04,1.08272154e-04,5.40779219e-05,4.95767041e-05
3.29000000e+04,2.11888466e-04,1.08254894e-04,5.40673806e-05,4.95661907e-05
3.29100000e+04,2.11849807e-04,1.08237569e-04,5.40563910e-05,4.95558465e-05
3.29200000e+04,2.11810856e-04,1.08219966e-04,5.40457990e-05,4.95450909e-05
3.29300000e+04,2.11772376e-04,1.08202681e-04,5.40352822e-05,4.95344131e-05
3.29400000e+04,2.11733928e-04,1.08185198e-04,5.40242377e-05,4.95244924e-05
3.29500000e+04,2.11695548e-04,1.08168056e-04,5.40136268e-05,4.95138656e-05
3.29600000e+04,2.11656492e-04,1.08150713e-04,5.40023721e-05,4.95034068e-05
3.29700000e+04,2.11617768e-04,1.08133339e-04,5.39916227e-05,4.94928063e-05
3.29800000e+04,2.11579969e-04,1.08116383e-04,5.39812160e-05,4.94823690e-05
3.29900000e+04,2.11541854e-04,1.08099261e-04,5.39704550e-05,4.94721384e-05
3.30000000e+04,2.11503430e-04,1.08082274e-04,5.39594039e-05,4.94617522e-05
3.30100000e+04,2.11465139e-04,1.08065193e-04,5.39485914e-05,4.94513542e-05
3.30200000e+04,2.11427022e-04,1.08047926e-04,5.39379840e-05,4.94411118e-05
3.30300000e+04,2.11389104e-04,1.08030901e-04,5.39275989e-05,4.94306041e-05
3.30400000e+04,2.11351323e-04,1.08013942e-04,5.39168933e-05,4.94204871e-05
3.30500000e+04,2.11313267e-04,1.07997124e-04,5.39060427e-05,4.94101007e-05
3.30600000e+04,2.11275119e-04,1.07979946e-04,5.38953511e-05,4.93998227e-05
3.30700000e+04,2.11238106e-04,1.07963462e-04,5.38849564e-05,4.93896879e-05
3.30800000e+04,2.11199891e-04,1.07946474e-04,5.38744596e-05,4.93789571e-05
3.30900000e+04,2.11162309e-04,1.07929266e-04,5.38641156e-05,4.93689268e-05
3.31000000e+04,2.11124891e-04,1.07912478e-04,5.38536638e-05,4.93587490e-05
3.31100000e+04,2.11087303e-04,1.07895954e-04,5.38430126e-05,4.93483358e-05
3.31200000e+04,2.11049768e-04,1.07879127e-04,5.38327986e-05,4.93378422e-05
3.31300000e+04,2.11012571e-04,1.07862258e-04,5.38221180e-05,4.93281949e-05
3.31400000e+04,2.10974937e-04,1.07845656e-04,5.38113770e-05,4.93179043e-05
3.31500000e+04,2.10937502e-04,1.07828545e-04,5.38010411e-05,4.93079154e-05
3.31600000e+04,2.10900339e-04,1.07812187e-04,5.37903516e-05,4.92977996e-05
3.31700000e+04,2.10862943e-04,1.07795492e-04,5.37802135e-05,4.92872374e-05
3.31800000e+04,2.10826092e-04,1.07778792e-04,5.37698324e-05,4.92774679e-05
3.31900000e+04,2.10788774e-04,1.07762243e-04,5.37592661e-05,4.92672655e-05
3.32000000e+04,2.10751794e-04,1.07745785e-04,5.37488364e-05,4.92571722e-05
3.32100000e+04,2.10714708e-04,1.07728915e-04,5.37385761e-05,4.92472167e-05
3.32200000e+04,2.10677687e-04,1.07712430e-04,5.37282300e-05,4.92370273e-05
3.32300000e+04,2.10640829e-04,1.07696087e-04,5.37178984e-05,4.92268440e-05
3.32400000e+04,2.10604181e-04,1.07679501e-04,5.37074361e-05,4.92172436e-05
3.32500000e+04,2.10567632e-04,1.07663074e-04,5.36973835e-05,4.92071751e-05
3.32600000e+04,2.10531452e-04,1.07646891e-04,5.36870489e-05,4.91975123e-05
3.32700000e+04,2.10494001e-04,1.07629925e-04,5.36769519e-05,4.91871242e-05
3.32800000e+04,2.10457713e-04,1.07614039e-04,5.36665772e-05,4.91770972e-05
3.32900000e+04,2.10421204e-04,1.07597409e-04,5.36566277e-05,4.91671673e-05
3.33000000e+04,2.10384313e-04,1.07581039e-04,5.36459713e-05,4.91573031e-05
3.33100000e+04,2.10348237e-04,1.07564967e-04,5.36359320e-05,4.91473382e-05
3.33200000e+04,2.10311481e-04,1.07548528e-04,5.36255774e-05,4.91373753e-05
3.33300000e+04,2.10275195e-04,1.07532212e-04,5.36157749e-05,4.91272081e-05
3.33400000e+04,2.10238921e-04,1.07515757e-04,5.36053952e-05,4.91177687e-05
3.33500000e+04,2.10202529e-04,1.07499705e-04,5.35946217e-05,4.91082029e-05
3.33600000e+04,2.10166326e-04,1.07483363e-04,5.35848612e-05,4.90981020e-05
3.33700000e+04,2.10130176e-04,1.07466903e-04,5.35751360e-05,4.90881364e-05
3.33800000e+04,2.10093916e-04,1.07451100e-04,5.35644916e-05,4.90783248e-05
3.33900000e+04,2.10057662e-04,1.07434784e-04,5.35547305e-05,4.90681475e-05
3.34000000e+04,2.10022462e-04,1.07418870e-04,5.35446466e-05,4.90589458e-05
3.34100000e+04,2.09986040e-04,1.07402467e-04,5.35347091e-05,4.90488640e-05
3.34200000e+04,2.09949771e-04,1.07386186e-04,5.35243967e-05,4.90391883e-05
3.34300000e+04,2.09914178e-04,1.07370329e-04,5.35144908e-05,4.90293581e-05
3.34400000e+04,2.09878386e-04,1.07354137e-04,5.35046995e-05,4.90195494e-05
3.34500000e+04,2.09842443e-04,1.07337968e-04,5.34946023e-05,4.90098719e-05
3.34600000e+04,2.09807597e-04,1.07322788e-04,5.34845020e-05,4.90003075e-05
3.34700000e+04,2.09771147e-04,1.07306187e-04,5.34744127e-05,4.89905475e-05
3.34800000e+04,2.09736108e-04,1.07290459e-04,5.34643486e-05,4.89813008e-05
3.34900000e+04,2.09700507e-04,1.07274851e-04,5.34543690e-05,4.89712869e-05
3.35000000e+04,2.09664521e-04,1.07258387e-04,5.34447241e-05,4.89614103e-05
3.35100000e+04,2.09629116e-04,1.07242363e-04,5.34349219e-05,4.89518311e-05
3.35200000e+04,2.09593730e-04,1.07226723e-04,5.34248985e-05,4.89421078e-05
3.35300000e+04,2.09558488e-04,1.07211049e-04,5.34148904e-05,4.89325486e-05
3.35400000e+04,2.09523643e-04,1.07195640e-04,5.34049736e-05,4.89230293e-05
3.35500000e+04,2.09488485e-04,1.07179381e-04,5.33954493e-05,4.89136552e-05
3.35600000e+04,2.09453055e-04,1.07163582e-04,5.33852707e-05,4.89042022e-05
3.35700000e+04,2.09418236e-04,1.07148269e-04,5.33756321e-05,4.88943350e-05
3.35800000e+04,2.09383206e-04,1.07132175e-04,5.33657819e-05,4.88852495e-05
3.35900000e+04,2.09348458e-04,1.07116617e-04,5.33562546e-05,4.88755866e-05
3.36000000e+04,2.09313699e-04,1.07101172e-04,5.33464228e-05,4.88661045e-05
3.36100000e+04,2.09278881e-04,1.07085562e-04,5.33365953e-05,4.88567238e-05
3.36200000e+04,2.09243807e-04,1.07069855e-04,5.33269003e-05,4.88470510e-05
3.36300000e+04,2.09209333e-04,1.07054357e-04,5.33172133e-05,4.88377636e-05
3.36400000e+04,2.09174563e-04,1.07038805e-04,5.33075619e-05,4.88281961e-05
3.36500000e+04,2.09140631e-04,1.07023660e-04,5.32978284e-05,4.88191422e-05
3.36600000e+04,2.09105664e-04,1.07008018e-04,5.32884033e-05,4.88092425e-05
3.36700000e+04,2.09071944e-04,1.06992819e-04,5.32786979e-05,4.88004272e-05
3.36800000e+04,2.09037091e-04,1.06977212e-04,5.32688316e-05,4.87910474e-05
3.36900000e+04,2.09002789e-04,1.06961923e-04,5.32593309e-05,4.87815346e-05
3.37000000e+04,2.08968702e-04,1.06946714e-04,5.32497568e-05,4.87722305e-05
3.37100000e+04,2.08934723e-04,1.06931466e-04,5.32400659e-05,4.87631912e-05
3.37200000e+04,2.08900187e-04,1.06915879e-04,5.32306724e-05,4.87536357e-05
3.37300000e+04,2.08865543e-04,1.06900470e-04,5.32209363e-05,4.87441362e-05
3.37400000e+04,2.08831630e-04,1.06885343e-04,5.32113664e-05,4.87349210e-05
3.37500000e+04,2.08798223e-04,1.06870386e-04,5.32020847e-05,4.87257520e-05
3.37600000e+04,2.08763722e-04,1.06855001e-04,5.31926459e-05,4.87160749e-05
3.37700000e+04,2.08730490e-04,1.06840126e-04,5.31833491e-05,4.87070150e-05
3.37800000e+04,2.08696656e-04,1.06824919e-04,5.31738033e-05,4.86979337e-05
3.37900000e+04,2.08662567e-04,1.06809715e-04,5.31641127e-05,4.86887395e-05
3.38000000e+04,2.08629389e-04,1.06795127e-04,5.31547686e-05,4.86794931e-05
3.38100000e+04,2.08595576e-04,1.06780039e-04,5.31452078e-05,4.86703296e-05
3.38200000e+04,2.08561860e-04,1.06764574e-04,5.31359317e-05,4.86613543e-05
3.38300000e+04,2.08528679e-04,1.06749999e-04,5.31262526e-05,4.86524282e-05
3.38400000e+04,2.08495361e-04,1.06734969e-04,5.31170874e-05,4.86433046e-05
3.38500000e+04,2.08462066e-04,1.06720212e-04,5.31078219e-05,4.86340326e-05
3.38600000e+04,2.08428809e-04,1.06705378e-04,5.30986354e-05,4.86247955e-05
3.38700000e+04,2.08395344e-04,1.06690373e-04,5.30892436e-05,4.86157275e-05
3.38800000e+04,2.08361774e-04,1.06675260e-04,5.30797500e-05,4.86067636e-05
3.38900000e+04,2.08329331e-04,1.06660995e-04,5.30706679e-05,4.85976689e-05
3.39000000e+04,2.08295645e-04,1.06645898e-04,5.30607806e-05,4.85889665e-05
3.39100000e+04,2.08263165e-04,1.06631551e-04,5.30518424e-05,4.85797713e-05
3.39200000e+04,2.08229911e-04,1.06616321e-04,5.30428707e-05,4.85707193e-05
3.39300000e+04,2.08197315e-04,1.06601723e-04,5.30337689e-05,4.85618230e-05
3.39400000e+04,2.08164422e-04,1.06587248e-04,5.30241716e-05,4.85530027e-05
3.39500000e+04,2.08131354e-04,1.06572300e-04,5.30154093e-05,4.85436445e-05
3.39600000e+04,2.08098491e-04,1.06557673e-04,5.30061438e-05,4.85346741e-05
3.39700000e+04,2.08065870e-04,1.06543024e-04,5.29969475e-05,4.85258979e-05
3.39800000e+04,2.08033669e-04,1.06528590e-04,5.29877911e-05,4.85172875e-05
3.39900000e+04,2.08000644e-04,1.06513765e-04,5.29787041e-05,4.85081756e-05
3.40000000e+04,2.07967926e-04,1.06499312e-04,5.29694801e-05,4.84991340e-05
3.40100000e+04,2.07935885e-04,1.06484805e-04,5.29605170e-05,4.84905630e-05
3.40200000e+04,2.07903410e-04,1.06470418e-04,5.29511426e-05,4.84818494e-05
3.40300000e+04,2.07871346e-04,1.06456057e-04,5.29420131e-05,4.84732761e-05
3.40400000e+04,2.07838939e-04,1.06441608e-04,5.29330843e-05,4.84642460e-05
3.40500000e+04,2.07806555e-04,1.06427386e-04,5.29239165e-05,4.84552525e-05
3.40600000e+04,2.07774518e-04,1.06412932e-04,5.29151092e-05,4.84464769e-05
3.40700000e+04,2.07742256e-04,1.06398607e-04,5.29061444e-05,4.84375048e-05
3.40800000e+04,2.07710163e-04,1.06384091e-04,5.28971175e-05,4.84289550e-05
3.40900000e+04,2.07678392e-04,1.06369914e-04,5.28882440e-05,4.84202347e-05
3.41000000e+04,2.07646160e-04,1.06355468e-04,5.28789816e-05,4.84117101e-05
3.41100000e+04,2.07614187e-04,1.06341391e-04,5.28701115e-05,4.84026844e-05
3.41200000e+04,2.07582021e-04,1.06326776e-04,5.28613355e-05,4.83939092e-05
3.41300000e+04,2.07550198e-04,1.06312813e-04,5.28523095e-05,4.83850761e-05
3.41400000e+04,2.07518796e-04,1.06298656e-04,5.28435510e-05,4.83765885e-05
3.41500000e+04,2.07486974e-04,1.06284449e-04,5.28343850e-05,4.83681392e-05
3.41600000e+04,2.07455349e-04,1.06270618e-04,5.28253933e-05,4.83593374e-05
3.41700000e+04,2.07423390e-04,1.06256289e-04,5.28164151e-05,4.83506863e-05
3.41800000e+04,2.07392318e-04,1.06242280e-04,5.28078228e-05,4.83422153e-05
3.41900000e+04,2.07360420e-04,1.06227930e-04,5.27992333e-05,4.83332564e-05
3.42000000e+04,2.07329386e-04,1.06214169e-04,5.27901327e-05,4.83250847e-05
3.42100000e+04,2.07297631e-04,1.06199797e-04,5.27817053e-05,4.83161290e-05
3.42200000e+04,2.07266827e-04,1.06186312e-04,5.27727728e-05,4.83077418e-05
3.42300000e+04,2.07235134e-04,1.06172106e-04,5.27638291e-05,4.82991987e-05
3.42400000e+04,2.07204406e-04,1.06158753e-04,5.27551580e-05,4.82904950e-05
3.42500000e+04,2.07173072e-04,1.06144546e-04,5.27464777e-05,4.82820486e-05
3.42600000e+04,2.07142254e-04,1.06130474e-04,5.27378524e-05,4.82739272e-05
3.42700000e+04,2.07110777e-04,1.06116653e-04,5.27289773e-05,4.82651461e-05
3.42800000e+04,2.07079908e-04,1.06102953e-04,5.27203813e-05,4.82565730e-05
3.42900000e+04,2.07049146e-04,1.06089333e-04,5.27115837e-05,4.82482297e-05
3.43000000e+04,2.07018038e-04,1.06075489e-04,5.27028065e-05,4.82397417e-05
3.43100000e+04,2.06987281e-04,1.06061882e-04,5.26938914e-05,4.82315078e-05
3.43200000e+04,2.06956497e-04,1.06048092e-04,5.26855727e-05,4.82228322e-05
3.43300000e+04,2.06926075e-04,1.06034542e-04,5.26769171e-05,4.82146162e-05
3.43400000e+04,2.06895151e-04,1.06020587e-04,5.26681088e-05,4.82064544e-05
3.43500000e+04,2.06864235e-04,1.06007104e-04,5.26594057e-05,4.81977251e-05
3.43600000e+04,2.06833642e-04,1.05993344e-04,5.26509819e-05,4.81893168e-05
3.43700000e+04,2.06803541e-04,1.05980032e-04,5.26424048e-05,4.81811038e-05
3.43800000e+04,2.06773123e-04,1.05966444e-04,5.26339780e-05,4.81727014e-05
3.43900000e+04,2.06742149e-04,1.05952649e-04,5.26253268e-05,4.81641727e-05
3.44000000e+04,2.06711945e-04,1.05939429e-04,5.26167933e-05,4.81557235e-05
3.44100000e+04,2.06681730e-04,1.05925874e-04,5.26081869e-05,4.81476692e-05
3.44200000e+04,2.06651215e-04,1.05912035e-04,5.25999983e-05,4.81391815e-05
3.44300000e+04,2.06621391e-04,1.05898876e-04,5.25916550e-05,4.81308600e-05
3.44400000e+04,2.06591192e-04,1.05885543e-04,5.25830111e-05,4.81226375e-05
3.44500000e+04,2.06561370e-04,1.05872145e-04,5.25746751e-05,4.81145500e-05
3.44600000e+04,2.06530784e-04,1.05858588e-04,5.25660575e-05,4.81061379e-05
3.44700000e+04,2.06501401e-04,1.05845409e-04,5.25579740e-05,4.80980180e-05
3.44800000e+04,2.06470733e-04,1.05831947e-04,5.25493376e-05,4.80894488e-05
3.44900000e+04,2.06441346e-04,1.05818743e-04,5.25410959e-05,4.80815071e-05
3.45000000e+04,2.06411451e-04,1.05805367e-04,5.25322965e-05,4.80737873e-05
3.45100000e+04,2.06381533e-04,1.05792085e-04,5.25241458e-05,4.80653019e-05
3.45200000e+04,2.06351778e-04,1.05778868e-04,5.25156192e-05,4.80572907e-05
3.45300000e+04,2.06321603e-04,1.05765427e-04,5.25072801e-05,4.80488961e-05
3.45400000e+04,2.06292582e-04,1.05752458e-04,5.24990787e-05,4.80410461e-05
3.45500000e+04,2.06262472e-04,1.05739109e-04,5.24906652e-05,4.80326968e-05
3.45600000e+04,2.06233171e-04,1.05726075e-04,5.24822459e-05,4.80248495e-05
3.45700000e+04,2.06203673e-04,1.05713372e-04,5.24740890e-05,4.80162119e-05
3.45800000e+04,2.06173777e-04,1.05699671e-04,5.24658692e-05,4.80082368e-05
3.45900000e+04,2.06144717e-04,1.05686687e-04,5.24573604e-05,4.80006692e-05
3.46000000e+04,2.06115627e-04,1.05673914e-04,5.24494736e-05,4.79922398e-05
3.46100000e+04,2.06086161e-04,1.05660584e-04,5.24409647e-05,4.79846123e-05
3.46200000e+04,2.06057125e-04,1.05647927e-04,5.24328072e-05,4.79763912e-05
3.46300000e+04,2.06027693e-04,1.05634654e-04,5.24245785e-05,4.79684597e-05
3.46400000e+04,2.05999055e-04,1.05621953e-04,5.24166269e-05,4.79604754e-05
3.46500000e+04,2.05970195e-04,1.05608982e-04,5.24085285e-05,4.79526846e-05
3.46600000e+04,2.05941034e-04,1.05596043e-04,5.24003947e-05,4.79445962e-05
3.46700000e+04,2.05911950e-04,1.05582975e-04,5.23922219e-05,4.79367524e-05
3.46800000e+04,2.05883130e-04,1.05570361e-04,5.23841358e-05,4.79286328e-05
3.46900000e+04,2.05854288e-04,1.05557549e-04,5.23761130e-05,4.79206261e-05
3.47000000e+04,2.05825945e-04,1.05545048e-04,5.23679383e-05,4.79129591e-05
3.47100000e+04,2.05796769e-04,1.05532049e-04,5.23596961e-05,4.79050233e-05
3.47200000e+04,2.05767834e-04,1.05519266e-04,5.23517682e-05,4.78967995e-05
3.47300000e+04,2.05739665e-04,1.05506635e-04,5.23439046e-05,4.78891253e-05
3.47400000e+04,2.05710796e-04,1.05494155e-04,5.23355507e-05,4.78810902e-05
3.47500000e+04,2.05682787e-04,1.05481479e-04,5.23278237e-05,4.78734843e-05
3.47600000e+04,2.05653916e-04,1.05468743e-04,5.23196167e-05,4.78655563e-05
3.47700000e+04,2.05625605e-04,1.05455938e-04,5.23118145e-05,4.78578522e-05
3.47800000e+04,2.05597212e-04,1.05443600e-04,5.23038671e-05,4.78497446e-05
3.47900000e+04,2.05568502e-04,1.05430847e-04,5.22957384e-05,4.78419161e-05
3.48000000e+04,2.05540335e-04,1.05418435e-04,5.22877508e-05,4.78341496e-05
3.48100000e+04,2.05512083e-04,1.05405621e-04,5.22799087e-05,4.78265536e-05
3.48200000e+04,2.05483560e-04,1.05393375e-04,5.22717938e-05,4.78183919e-05
3.48300000e+04,2.05455376e-04,1.05380713e-04,5.22637940e-05,4.78108684e-05
3.48400000e+04,2.05427760e-04,1.05368415e-04,5.22561360e-05,4.78032089e-05
3.48500000e+04,2.05398891e-04,1.05355447e-04,5.22481810e-05,4.77952623e-05
3.48600000e+04,2.05370827e-04,1.05343161e-04,5.22401676e-05,4.77874984e-05
3.48700000e+04,2.05343002e-04,1.05331010e-04,5.22322428e-05,4.77797495e-05
3.48800000e+04,2.05315066e-04,1.05318566e-04,5.22242246e-05,4.77722752e-05
3.48900000e+04,2.05287095e-04,1.05305928e-04,5.22166739e-05,4.77644930e-05
3.49000000e+04,2.05258878e-04,1.05293503e-04,5.22084721e-05,4.77569029e-05
3.49100000e+04,2.05231328e-04,1.05281063e-04,5.22009673e-05,4.77492981e-05
3.49200000e+04,2.05203108e-04,1.05268554e-04,5.21929896e-05,4.77415644e-05
3.49300000e+04,2.05175923e-04,1.05256568e-04,5.21853076e-05,4.77340470e-05
3.49400000e+04,2.05147408e-04,1.05243960e-04,5.21771208e-05,4.77263277e-05
3.49500000e+04,2.05120431e-04,1.05232162e-04,5.21695205e-05,4.77187480e-05
3.49600000e+04,2.05092699e-04,1.05219929e-04,5.21618113e-05,4.77109583e-05
3.49700000e+04,2.05065163e-04,1.05207418e-04,5.21540541e-05,4.77036904e-05
3.49800000e+04,2.05037720e-04,1.05195291e-04,5.21463284e-05,4.76961011e-05
3.49900000e+04,2.05009617e-04,1.05183096e-04,5.21383402e-05,4.76881809e-05
3.50000000e+04,2.04982134e-04,1.05170740e-04,5.21307565e-05,4.76806384e-05
3.50100000e+04,2.04954411e-04,1.05158445e-04,5.21230599e-05,4.76729060e-05
3.50200000e+04,2.04927449e-04,1.05146157e-04,5.21156360e-05,4.76656557e-05
3.50300000e+04,2.04900012e-04,1.05134092e-04,5.21074872e-05,4.76584331e-05
3.50400000e+04,2.04872630e-04,1.05122029e-04,5.20998987e-05,4.76507021e-05
3.50500000e+04,2.04845028e-04,1.05109797e-04,5.20922481e-05,4.76429826e-05
3.50600000e+04,2.04817557e-04,1.05097431e-04,5.20848651e-05,4.76352606e-05
3.50700000e+04,2.04790528e-04,1.05085451e-04,5.20770763e-05,4.76279999e-05
3.50800000e+04,2.04762937e-04,1.05073427e-04,5.20690790e-05,4.76204310e-05
3.50900000e+04,2.04736414e-04,1.05061408e-04,5.20618908e-05,4.76131147e-05
3.51000000e+04,2.04709058e-04,1.05049145e-04,5.20539518e-05,4.76059614e-05
3.51100000e+04,2.04682350e-04,1.05037256e-04,5.20468210e-05,4.75982730e-05
3.51200000e+04,2.04654771e-04,1.05025056e-04,5.20390765e-05,4.75906385e-05
3.51300000e+04,2.04627522e-04,1.05013177e-04,5.20312336e-05,4.75831116e-05
3.51400000e+04,2.04600757e-04,1.05001095e-04,5.20238416e-05,4.75758205e-05
3.51500000e+04,2.04573719e-04,1.04989162e-04,5.20162892e-05,4.75682676e-05
3.51600000e+04,2.04546447e-04,1.04977154e-04,5.20083458e-05,4.75609475e-05
3.51700000e+04,2.04520411e-04,1.04965474e-04,5.20011534e-05,4.75537834e-05
3.51800000e+04,2.04493263e-04,1.04953086e-04,5.19937363e-05,4.75464411e-05
3.51900000e+04,2.04466291e-04,1.04941126e-04,5.19858768e-05,4.75392882e-05
3.52000000e+04,2.04439108e-04,1.04929149e-04,5.19786068e-05,4.75313521e-05
3.52100000e+04,2.04412413e-04,1.04917168e-04,5.19709177e-05,4.75243269e-05
3.52200000e+04,2.04386265e-04,1.04905547e-04,5.19634096e-05,4.75173092e-05
3.52300000e+04,2.04359274e-04,1.04893600e-04,5.19560102e-05,4.75096640e-05
3.52400000e+04,2.04332535e-04,1.04881730e-04,5.19486335e-05,4.75021712e-05
3.52500000e+04,2.04305758e-04,1.04869868e-04,5.19408546e-05,4.74950351e-05
3.52600000e+04,2.04279883e-04,1.04858342e-04,5.19335797e-05,4.74879621e-05
3.52700000e+04,2.04252599e-04,1.04846235e-04,5.19262214e-05,4.74801418e-05
3.52800000e+04,2.04226620e-04,1.04834580e-04,5.19186040e-05,4.74734355e-05
3.52900000e+04,2.04199789e-04,1.04822639e-04,5.19111240e-05,4.74660256e-05
3.53000000e+04,2.04173823e-04,1.04811180e-04,5.19039465e-05,4.74586965e-05
3.53100000e+04,2.04147670e-04,1.04799416e-04,5.18966342e-05,4.74516192e-05
3.53200000e+04,2.04120926e-04,1.04787454e-04,5.18890101e-05,4.74444611e-05
3.53300000e+04,2.04094864e-04,1.04775942e-04,5.18817931e-05,4.74371280e-05
3.53400000e+04,2.04068856e-04,1.04764371e-04,5.18745851e-05,4.74298996e-05
3.53500000e+04,2.04042690e-04,1.04752608e-04,5.18670990e-05,4.74229824e-05
3.53600000e+04,2.04016555e-04,1.04740753e-04,5.18600361e-05,4.74157667e-05
3.53700000e+04,2.03990563e-04,1.04729315e-04,5.18525922e-05,4.74086553e-05
3.53800000e+04,2.03964667e-04,1.04717848e-04,5.18452188e-05,4.74015999e-05
3.53900000e+04,2.03938538e-04,1.04705975e-04,5.18381571e-05,4.73944056e-05
3.54000000e+04,2.03913085e-04,1.04694748e-04,5.18309515e-05,4.73873853e-05
3.54100000e+04,2.03887285e-04,1.04683187e-04,5.18235567e-05,4.73805413e-05
3.54200000e+04,2.03861610e-04,1.04671937e-04,5.18162256e-05,4.73734473e-05
3.54300000e+04,2.03835253e-04,1.04659903e-04,5.18091138e-05,4.73662366e-05
3.54400000e+04,2.03809828e-04,1.04648771e-04,5.18017881e-05,4.73592688e-05
3.54500000e+04,2.03784440e-04,1.04637420e-04,5.17948041e-05,4.73522161e-05
3.54600000e+04,2.03758092e-04,1.04625598e-04,5.17874585e-05,4.73450357e-05
3.54700000e+04,2.03733048e-04,1.04614254e-04,5.17803905e-05,4.73384036e-05
3.54800000e+04,2.03707477e-04,1.04602920e-04,5.17733506e-05,4.73312065e-05
3.54900000e+04,2.03681966e-04,1.04591760e-04,5.17661440e-05,4.73240621e-05
3.55000000e+04,2.03656755e-04,1.04580334e-04,5.17593588e-05,4.73170628e-05
3.55100000e+04,2.03631606e-04,1.04569076e-04,5.17520903e-05,4.73104398e-05
3.55200000e+04,2.03605878e-04,1.04557840e-04,5.17447871e-05,4.73032504e-05
3.55300000e+04,2.03580979e-04,1.04546674e-04,5.17378591e-05,4.72964463e-05
3.55400000e+04,2.03555983e-04,1.04535539e-04,5.17308475e-05,4.72895968e-05
3.55500000e+04,2.03530454e-04,1.04523927e-04,5.17237854e-05,4.72827423e-05
3.55600000e+04,2.03504911e-04,1.04512764e-04,5.17165624e-05,4.72755846e-05
3.55700000e+04,2.03480396e-04,1.04501621e-04,5.17096679e-05,4.72691067e-05
3.55800000e+04,2.03455375e-04,1.04490576e-04,5.17025891e-05,4.72622098e-05
3.55900000e+04,2.03430427e-04,1.04479492e-04,5.16958917e-05,4.72550435e-05
3.56000000e+04,2.03405480e-04,1.04468530e-04,5.16887091e-05,4.72482413e-05
3.56100000e+04,2.03380669e-04,1.04457295e-04,5.16817963e-05,4.72415777e-05
3.56200000e+04,2.03355805e-04,1.04446202e-04,5.16748491e-05,4.72347545e-05
3.56300000e+04,2.03331394e-04,1.04435388e-04,5.16680834e-05,4.72279221e-05
3.56400000e+04,2.03306599e-04,1.04424397e-04,5.16610511e-05,4.72211510e-05
3.56500000e+04,2.03281383e-04,1.04413110e-04,5.16539487e-05,4.72143241e-05
3.56600000e+04,2.03256815e-04,1.04401980e-04,5.16472389e-05,4.72075964e-05
3.56700000e+04,2.03232549e-04,1.04391439e-04,5.16401946e-05,4.72009156e-05
3.56800000e+04,2.03208076e-04,1.04380442e-04,5.16335649e-05,4.71940697e-05
3.56900000e+04,2.03183447e-04,1.04369667e-04,5.16264665e-05,4.71873138e-05
3.57000000e+04,2.03159024e-04,1.04358381e-04,5.16199409e-05,4.71807018e-05
3.57100000e+04,2.03134992e-04,1.04347992e-04,5.16129747e-05,4.71740252e-05
3.57200000e+04,2.03110665e-04,1.04336860e-04,5.16063316e-05,4.71674734e-05
3.57300000e+04,2.03086445e-04,1.04326340e-04,5.15992508e-05,4.71608547e-05
3.57400000e+04,2.03062072e-04,1.04315529e-04,5.15923720e-05,4.71541718e-05
3.57500000e+04,2.03037983e-04,1.04304655e-04,5.15858623e-05,4.71474663e-05
3.57600000e+04,2.03013691e-04,1.04293747e-04,5.15792285e-05,4.71407148e-05
3.57700000e+04,2.02990029e-04,1.04283506e-04,5.15723272e-05,4.71341950e-05
3.57800000e+04,2.02966152e-04,1.04272681e-04,5.15657249e-05,4.71277457e-05
3.57900000e+04,2.02942492e-04,1.04262329e-04,5.15589704e-05,4.71211930e-05
3.58000000e+04,2.02918950e-04,1.04251779e-04,5.15524918e-05,4.71146793e-05
3.58100000e+04,2.02895168e-04,1.04241257e-04,5.15456915e-05,4.71082198e-05
3.58200000e+04,2.02871180e-04,1.04230707e-04,5.15391720e-05,4.71013006e-05
3.58300000e+04,2.02847832e-04,1.04220116e-04,5.15324959e-05,4.70952207e-05
3.58400000e+04,2.02824058e-04,1.04209755e-04,5.15257330e-05,4.70885695e-05
3.58500000e+04,2.02800282e-04,1.04199275e-04,5.15193118e-05,4.70816951e-05
3.58600000e+04,2.02776917e-04,1.04188787e-04,5.15124846e-05,4.70756457e-05
3.58700000e+04,2.02753476e-04,1.04178597e-04,5.15060710e-05,4.70688076e-05
3.58800000e+04,2.02729708e-04,1.04168047e-04,5.14991601e-05,4.70625013e-05
3.58900000e+04,2.02706633e-04,1.04157881e-04,5.14926955e-05,4.70560560e-05
3.59000000e+04,2.02683378e-04,1.04147224e-04,5.14864432e-05,4.70497107e-05
3.59100000e+04,2.02660079e-04,1.04137053e-04,5.14797779e-05,4.70432482e-05
3.59200000e+04,2.02636203e-04,1.04126456e-04,5.14730747e-05,4.70366724e-05
3.59300000e+04,2.02613462e-04,1.04116425e-04,5.14666612e-05,4.70303758e-05
3.59400000e+04,2.02590016e-04,1.04105921e-04,5.14600993e-05,4.70239951e-05
3.59500000e+04,2.02566939e-04,1.04095627e-04,5.14537150e-05,4.70175976e-05
3.59600000e+04,2.02543796e-04,1.04085368e-04,5.14472128e-05,4.70112150e-05
3.59700000e+04,2.02520265e-04,1.04075014e-04,5.14405824e-05,4.70046689e-05
3.59800000e+04,2.02497022e-04,1.04064684e-04,5.14340405e-05,4.69982974e-05
3.59900000e+04,2.02474340e-04,1.04054542e-04,5.14275274e-05,4.69922707e-05
3.60000000e+04,2.02451204e-04,1.04044244e-04,5.14211338e-05,4.69858267e-05
3.60100000e+04,2.02427776e-04,1.04034015e-04,5.14147431e-05,4.69790185e-05
3.60200000e+04,2.02405420e-04,1.04024085e-04,5.14083036e-05,4.69730317e-05
3.60300000e+04,2.02382763e-04,1.04013924e-04,5.14020467e-05,4.69667923e-05
3.60400000e+04,2.02359723e-04,1.04003540e-04,5.13954595e-05,4.69607234e-05
3.60500000e+04,2.02337336e-04,1.03993790e-04,5.13892315e-05,4.69543149e-05
3.60600000e+04,2.02313754e-04,1.03983303e-04,5.13825648e-05,4.69478862e-05
3.60700000e+04,2.02291359e-04,1.03973336e-04,5.13762237e-05,4.69417999e-05
3.60800000e+04,2.02268544e-04,1.03963211e-04,5.13699158e-05,4.69354171e-05
3.60900000e+04,2.02245870e-04,1.03953195e-04,5.13635541e-05,4.69291211e-05
3.61000000e+04,2.02223125e-04,1.03943032e-04,5.13573345e-05,4.69227589e-05
3.61100000e+04,2.02200915e-04,1.03933019e-04,5.13511338e-05,4.69167625e-05
3.61200000e+04,2.02178357e-04,1.03923326e-04,5.13446924e-05,4.69103382e-05
3.61300000e+04,2.02156056e-04,1.03913159e-04,5.13385033e-05,4.69043944e-05
3.61400000e+04,2.02133294e-04,1.03903010e-04,5.13319590e-05,4.68983249e-05
3.61500000e+04,2.02111076e-04,1.03893265e-04,5.13255967e-05,4.68922136e-05
3.61600000e+04,2.02088283e-04,1.03883272e-04,5.13194478e-05,4.68855635e-05
3.61700000e+04,2.02066500e-04,1.03873565e-04,5.13132646e-05,4.68796708e-05
3.61800000e+04,2.02044197e-04,1.03863518e-04,5.13072247e-05,4.68734545e-05
3.61900000e+04,2.02021886e-04,1.03853753e-04,5.13007723e-05,4.68673605e-05
3.62000000e+04,2.01999726e-04,1.03843819e-04,5.12947285e-05,4.68611790e-05
3.62100000e+04,2.01977487e-04,1.03834035e-04,5.12884092e-05,4.68550425e-05
3.62200000e+04,2.01955079e-04,1.03824006e-04,5.12823188e-05,4.68487537e-05
3.62300000e+04,2.01932960e-04,1.03814404e-04,5.12758654e-05,4.68426910e-05
3.62400000e+04,2.01910813e-04,1.03804477e-04,5.12695816e-05,4.68367542e-05
3.62500000e+04,2.01889080e-04,1.03794625e-04,5.12637358e-05,4.68307186e-05
3.62600000e+04,2.01866886e-04,1.03785042e-04,5.12572165e-05,4.68246270e-05
