0.00000000e+00,9.13066213e+00,1.06938842e+01
1.00000000e+01,9.04024352e+00,1.05776650e+01
2.00000000e+01,8.90500874e+00,1.04063625e+01
3.00000000e+01,8.64755231e+00,1.00765459e+01
4.00000000e+01,8.04891786e+00,9.27042601e+00
5.00000000e+01,6.67429304e+00,7.44195792e+00
6.00000000e+01,6.20296476e+00,6.81717388e+00
7.00000000e+01,5.74017686e+00,6.54366789e+00
8.00000000e+01,4.90340775e+00,6.34119310e+00
9.00000000e+01,4.71780191e+00,6.20956979e+00
1.00000000e+02,4.54564999e+00,6.09022045e+00
1.10000000e+02,4.44892196e+00,5.95896680e+00
1.20000000e+02,4.37054275e+00,5.81709566e+00
1.30000000e+02,4.13018456e+00,5.64874509e+00
1.40000000e+02,3.65780485e+00,5.39875642e+00
1.50000000e+02,3.35335791e+00,4.98983410e+00
1.60000000e+02,3.20893770e+00,4.59563312e+00
1.70000000e+02,3.05917085e+00,4.40481415e+00
1.80000000e+02,2.91273808e+00,4.16063358e+00
1.90000000e+02,2.76317082e+00,3.80129978e+00
2.00000000e+02,2.60945268e+00,3.68949252e+00
2.10000000e+02,2.45734944e+00,3.61589406e+00
2.20000000e+02,2.31188429e+00,3.53557231e+00
2.30000000e+02,2.11705762e+00,3.44237993e+00
2.40000000e+02,1.87026908e+00,3.32390516e+00
2.50000000e+02,1.62911087e+00,3.15094983e+00
2.60000000e+02,1.40718191e+00,2.85613687e+00
2.70000000e+02,1.24625835e+00,2.41774873e+00
2.80000000e+02,1.13695980e+00,2.22227729e+00
2.90000000e+02,1.04532712e+00,1.97359702e+00
3.00000000e+02,9.71905120e-01,1.78797963e+00
3.10000000e+02,9.04475497e-01,1.61767238e+00
3.20000000e+02,8.41484731e-01,1.40804153e+00
3.30000000e+02,7.91341953e-01,1.21574858e+00
3.40000000e+02,7.48912428e-01,1.08066558e+00
3.50000000e+02,7.00860286e-01,9.76889953e-01
3.60000000e+02,6.54692967e-01,9.26407762e-01
3.70000000e+02,6.09242127e-01,8.82854506e-01
3.80000000e+02,5.64018740e-01,8.43901945e-01
3.90000000e+02,5.19451142e-01,8.06926209e-01
4.00000000e+02,4.76302754e-01,7.72279946e-01
4.10000000e+02,4.36320672e-01,7.40105389e-01
4.20000000e+02,3.99134075e-01,7.10169503e-01
4.30000000e+02,3.65216904e-01,6.82057278e-01
4.40000000e+02,3.34524933e-01,6.55335737e-01
4.50000000e+02,3.06897786e-01,6.29680850e-01
4.60000000e+02,2.82346541e-01,6.04883041e-01
4.70000000e+02,2.60668832e-01,5.81087252e-01
4.80000000e+02,2.41712035e-01,5.57544904e-01
4.90000000e+02,2.25245688e-01,5.34088209e-01
5.00000000e+02,2.13024052e-01,5.10817531e-01
5.10000000e+02,1.99354551e-01,4.87725016e-01
5.20000000e+02,1.88614254e-01,4.64894360e-01
5.30000000e+02,1.79573049e-01,4.42517756e-01
5.40000000e+02,1.71518835e-01,4.20864401e-01
5.50000000e+02,1.64444583e-01,4.00137178e-01
5.60000000e+02,1.59758918e-01,3.80512098e-01
5.70000000e+02,1.52760743e-01,3.61703165e-01
5.80000000e+02,1.47629377e-01,3.43949616e-01
5.90000000e+02,1.43085835e-01,3.27121438e-01
6.00000000e+02,1.38823276e-01,3.11150264e-01
6.10000000e+02,1.34914760e-01,2.96147947e-01
6.20000000e+02,1.32194140e-01,2.81988044e-01
6.30000000e+02,1.28298887e-01,2.69060768e-01
6.40000000e+02,1.24793838e-01,2.56583179e-01
6.50000000e+02,1.21567770e-01,2.44868235e-01
6.60000000e+02,1.18692582e-01,2.34036127e-01
6.70000000e+02,1.15879538e-01,2.26252872e-01
6.80000000e+02,1.13198189e-01,2.15538994e-01
6.90000000e+02,1.11899399e-01,2.06520044e-01
7.00000000e+02,1.09114247e-01,1.98497821e-01
7.10000000e+02,1.06217895e-01,1.91156263e-01
7.20000000e+02,1.03762754e-01,1.84354587e-01
7.30000000e+02,1.01521506e-01,1.78739361e-01
7.40000000e+02,9.93684479e-02,1.73934751e-01
7.50000000e+02,9.72829580e-02,1.67658761e-01
7.60000000e+02,9.52683375e-02,1.62506104e-01
7.70000000e+02,9.33093762e-02,1.57956939e-01
7.80000000e+02,9.41082118e-02,1.53713105e-01
7.90000000e+02,8.98644803e-02,1.49688404e-01
8.00000000e+02,8.79430135e-02,1.45856791e-01
8.10000000e+02,8.61545675e-02,1.42220057e-01
8.20000000e+02,8.44303246e-02,1.43422103e-01
8.30000000e+02,8.27679739e-02,1.36728079e-01
8.40000000e+02,8.11554305e-02,1.32949162e-01
8.50000000e+02,7.95802588e-02,1.29547792e-01
8.60000000e+02,7.80485542e-02,1.26635418e-01
8.70000000e+02,7.92102150e-02,1.23867734e-01
8.80000000e+02,7.52945004e-02,1.21183227e-01
8.90000000e+02,7.38386041e-02,1.18579844e-01
9.00000000e+02,7.24307573e-02,1.16047654e-01
9.10000000e+02,7.10939111e-02,1.13596987e-01
9.20000000e+02,6.97856047e-02,1.12736118e-01
9.30000000e+02,6.84943935e-02,1.10348992e-01
9.40000000e+02,6.72398135e-02,1.07187010e-01
9.50000000e+02,6.60110761e-02,1.04864329e-01
9.60000000e+02,6.48027338e-02,1.02785078e-01
9.70000000e+02,6.36155282e-02,1.02604039e-01
9.80000000e+02,6.25390332e-02,9.89032020e-02
9.90000000e+02,6.14517241e-02,9.70358704e-02
1.00000000e+03,6.05743177e-02,9.52282236e-02
1.01000000e+03,5.92604433e-02,9.34666181e-02
1.02000000e+03,5.81177009e-02,9.21227494e-02
1.03000000e+03,5.70932492e-02,9.40605295e-02
1.04000000e+03,5.60740656e-02,8.95434893e-02
1.05000000e+03,5.50720958e-02,8.82841870e-02
1.06000000e+03,5.40878380e-02,8.70485287e-02
1.07000000e+03,5.31132640e-02,8.58911374e-02
1.08000000e+03,5.18802018e-02,8.87588458e-02
1.09000000e+03,5.06658424e-02,8.38274145e-02
1.10000000e+03,4.94764075e-02,8.28793948e-02
1.11000000e+03,4.83178208e-02,8.13915036e-02
1.12000000e+03,4.73581308e-02,8.02222583e-02
1.13000000e+03,4.67097540e-02,7.91760115e-02
1.14000000e+03,4.54865097e-02,7.81024145e-02
1.15000000e+03,4.40302232e-02,7.70669766e-02
1.16000000e+03,4.31046812e-02,7.60415830e-02
1.17000000e+03,4.20788182e-02,7.50290761e-02
1.18000000e+03,4.11467246e-02,7.40291183e-02
1.19000000e+03,4.06042289e-02,7.30409510e-02
1.20000000e+03,4.01230128e-02,7.20641520e-02
1.21000000e+03,3.84894822e-02,7.10982461e-02
1.22000000e+03,3.78495358e-02,7.01430775e-02
1.23000000e+03,3.68666897e-02,6.91997204e-02
1.24000000e+03,3.60373855e-02,6.84304740e-02
1.25000000e+03,3.52708028e-02,7.00470996e-02
1.26000000e+03,3.45203670e-02,6.76283906e-02
1.27000000e+03,3.37892785e-02,6.59336969e-02
1.28000000e+03,3.30813793e-02,6.48590918e-02
1.29000000e+03,3.26249087e-02,6.39572991e-02
1.30000000e+03,3.17293225e-02,6.31180312e-02
1.31000000e+03,3.12237726e-02,6.22999016e-02
1.32000000e+03,3.04775119e-02,6.14854691e-02
1.33000000e+03,2.98429989e-02,6.06767132e-02
1.34000000e+03,2.92671677e-02,5.98778776e-02
1.35000000e+03,2.97145705e-02,5.91045313e-02
1.36000000e+03,2.90996354e-02,5.95852865e-02
1.37000000e+03,2.76975145e-02,5.82584094e-02
1.38000000e+03,2.72750147e-02,5.71218685e-02
1.39000000e+03,2.66418533e-02,5.60826769e-02
1.40000000e+03,2.61225079e-02,5.53901964e-02
1.41000000e+03,2.56570262e-02,5.46077951e-02
1.42000000e+03,2.51891788e-02,5.38839425e-02
1.43000000e+03,2.47486648e-02,5.31699178e-02
1.44000000e+03,2.45677156e-02,5.24605797e-02
1.45000000e+03,2.52520997e-02,5.17566109e-02
1.46000000e+03,2.35045636e-02,5.10582144e-02
1.47000000e+03,2.32578142e-02,5.03648366e-02
1.48000000e+03,2.27603846e-02,4.96765242e-02
1.49000000e+03,2.23358663e-02,4.89937200e-02
1.50000000e+03,2.19713416e-02,4.83312882e-02
1.51000000e+03,2.16131904e-02,4.86657734e-02
1.52000000e+03,2.12631428e-02,4.73370433e-02
1.53000000e+03,2.09220005e-02,4.68373124e-02
1.54000000e+03,2.05889224e-02,4.57804562e-02
1.55000000e+03,2.02637196e-02,4.51516996e-02
1.56000000e+03,1.99459774e-02,4.44848575e-02
1.57000000e+03,1.96354626e-02,4.38743907e-02
1.58000000e+03,1.93370660e-02,4.32538651e-02
1.59000000e+03,1.94431635e-02,4.26455212e-02
1.60000000e+03,1.94734427e-02,4.20431534e-02
1.61000000e+03,1.88199534e-02,4.14497345e-02
1.62000000e+03,1.83736599e-02,4.13423334e-02
1.63000000e+03,1.79728490e-02,4.04341766e-02
1.64000000e+03,1.77066540e-02,4.00249641e-02
1.65000000e+03,1.74623315e-02,3.93466421e-02
1.66000000e+03,1.72901962e-02,3.86343873e-02
1.67000000e+03,1.80141731e-02,3.80865554e-02
1.68000000e+03,1.69675786e-02,3.75400374e-02
1.69000000e+03,1.66321345e-02,3.69978726e-02
1.70000000e+03,1.63312366e-02,3.64662674e-02
1.71000000e+03,1.60896475e-02,3.59385952e-02
1.72000000e+03,1.58648168e-02,3.54151798e-02
1.73000000e+03,1.56638295e-02,3.48970017e-02
1.74000000e+03,1.55879739e-02,3.44149503e-02
1.75000000e+03,1.65024609e-02,3.60037272e-02
1.76000000e+03,1.53943285e-02,3.47185287e-02
1.77000000e+03,1.49978966e-02,3.29241345e-02
1.78000000e+03,1.47292251e-02,3.26050946e-02
1.79000000e+03,1.45092338e-02,3.19577226e-02
1.80000000e+03,1.43166443e-02,3.15144463e-02
1.81000000e+03,1.41396523e-02,3.10305638e-02
1.82000000e+03,1.39780306e-02,3.05718289e-02
1.83000000e+03,1.40811694e-02,3.01185303e-02
1.84000000e+03,1.42150098e-02,2.96687253e-02
1.85000000e+03,1.35512391e-02,2.92235988e-02
1.86000000e+03,1.33067670e-02,2.87831331e-02
1.87000000e+03,1.31631597e-02,2.83514881e-02
1.88000000e+03,1.30041542e-02,2.84414241e-02
1.89000000e+03,1.28483561e-02,2.77788291e-02
1.90000000e+03,1.26969747e-02,2.72901577e-02
1.91000000e+03,1.25570804e-02,2.68871941e-02
1.92000000e+03,1.25577686e-02,2.63600351e-02
1.93000000e+03,1.35654172e-02,2.59267163e-02
1.94000000e+03,1.25387969e-02,2.55509225e-02
1.95000000e+03,1.21325378e-02,2.51655888e-02
1.96000000e+03,1.19002733e-02,2.47912795e-02
1.97000000e+03,1.17396901e-02,2.44208055e-02
1.98000000e+03,1.16001071e-02,2.40589771e-02
1.99000000e+03,1.14664777e-02,2.38581577e-02
2.00000000e+03,1.13378183e-02,2.57945007e-02
2.01000000e+03,1.12131396e-02,2.30779587e-02
2.02000000e+03,1.10937066e-02,2.29206847e-02
2.03000000e+03,1.11001761e-02,2.23615000e-02
2.04000000e+03,1.21176038e-02,2.20398474e-02
2.05000000e+03,1.08467207e-02,2.17080204e-02
2.06000000e+03,1.06911521e-02,2.13808441e-02
2.07000000e+03,1.05598652e-02,2.10691248e-02
2.08000000e+03,1.04023292e-02,2.07617832e-02
2.09000000e+03,1.02976041e-02,2.04585188e-02
2.10000000e+03,1.01880567e-02,2.01596849e-02
2.11000000e+03,1.00815294e-02,1.98652786e-02
2.12000000e+03,9.99716530e-03,1.95752927e-02
2.13000000e+03,1.02822644e-02,1.92896249e-02
2.14000000e+03,1.01048282e-02,1.90086621e-02
2.15000000e+03,9.77638300e-03,1.87644457e-02
2.16000000e+03,9.59576352e-03,2.13314845e-02
2.17000000e+03,9.48351715e-03,1.83550197e-02
2.18000000e+03,9.38627071e-03,1.82234839e-02
2.19000000e+03,9.29924002e-03,1.78332980e-02
2.20000000e+03,9.44044645e-03,1.74991414e-02
2.21000000e+03,9.35843016e-03,1.72319036e-02
2.22000000e+03,9.06496885e-03,1.70014660e-02
2.23000000e+03,8.97362467e-03,1.73448685e-02
2.24000000e+03,8.86194175e-03,1.67249111e-02
2.25000000e+03,8.76072951e-03,1.78089206e-02
2.26000000e+03,8.67350015e-03,1.64408935e-02
2.27000000e+03,8.58928583e-03,1.59045519e-02
2.28000000e+03,8.50613922e-03,1.57147320e-02
2.29000000e+03,8.42439226e-03,1.55137052e-02
2.30000000e+03,8.34358600e-03,1.53640170e-02
2.31000000e+03,8.26440120e-03,1.51042546e-02
2.32000000e+03,8.20224878e-03,1.49102238e-02
2.33000000e+03,8.72532808e-03,1.47208307e-02
2.34000000e+03,8.04041279e-03,1.45355927e-02
2.35000000e+03,8.08789339e-03,1.43535532e-02
2.36000000e+03,8.00190686e-03,1.41745746e-02
2.37000000e+03,7.82596844e-03,1.39986777e-02
2.38000000e+03,7.73980899e-03,1.41451707e-02
2.39000000e+03,7.67115731e-03,1.36647654e-02
2.40000000e+03,7.60080150e-03,1.39295089e-02
2.41000000e+03,7.54100707e-03,1.35527868e-02
2.42000000e+03,7.86957226e-03,1.33777113e-02
2.43000000e+03,7.41995830e-03,1.31259449e-02
2.44000000e+03,7.41855649e-03,1.29064237e-02
2.45000000e+03,7.35380602e-03,1.27370584e-02
2.46000000e+03,7.21115584e-03,1.26237746e-02
2.47000000e+03,7.13830729e-03,1.25270176e-02
2.48000000e+03,7.07769318e-03,1.32946021e-02
2.49000000e+03,7.01510676e-03,1.26256153e-02
2.50000000e+03,6.95317212e-03,1.25033149e-02
2.51000000e+03,6.89237684e-03,1.21062552e-02
2.52000000e+03,6.83264117e-03,1.20320869e-02
2.53000000e+03,6.77941454e-03,1.18909127e-02
2.54000000e+03,6.97955969e-03,1.28787697e-02
2.55000000e+03,6.69786753e-03,1.24643659e-02
2.56000000e+03,6.69106512e-03,1.16059250e-02
2.57000000e+03,6.60297976e-03,1.15044054e-02
2.58000000e+03,6.49445658e-03,1.14106155e-02
2.59000000e+03,6.44300869e-03,1.13179033e-02
2.60000000e+03,6.38876040e-03,1.13505470e-02
2.61000000e+03,6.33860991e-03,1.11380123e-02
2.62000000e+03,6.36426941e-03,1.13164852e-02
2.63000000e+03,6.97705874e-03,1.16538071e-02
2.64000000e+03,6.40624555e-03,1.09009554e-02
2.65000000e+03,6.23008754e-03,1.09109768e-02
2.66000000e+03,6.12282415e-03,1.07371694e-02
2.67000000e+03,6.04765493e-03,1.06436370e-02
2.68000000e+03,5.98860515e-03,1.13840555e-02
2.69000000e+03,5.93696270e-03,1.07370915e-02
2.70000000e+03,5.88908439e-03,1.03890313e-02
2.71000000e+03,5.84315465e-03,1.03103202e-02
2.72000000e+03,5.80314000e-03,1.02330042e-02
2.73000000e+03,5.96300280e-03,1.01565443e-02
2.74000000e+03,6.10211815e-03,1.00811654e-02
2.75000000e+03,5.67786951e-03,1.00224542e-02
2.76000000e+03,5.64736605e-03,1.10628129e-02
2.77000000e+03,5.60874396e-03,1.05327149e-02
2.78000000e+03,5.54503934e-03,9.89948743e-03
2.79000000e+03,5.49508983e-03,9.82513069e-03
2.80000000e+03,5.45233508e-03,9.65690741e-03
2.81000000e+03,5.41126344e-03,9.60211066e-03
2.82000000e+03,5.37076392e-03,9.52077846e-03
2.83000000e+03,5.33099362e-03,9.45561531e-03
2.84000000e+03,5.30105105e-03,9.38895330e-03
2.85000000e+03,5.70074708e-03,9.32360743e-03
2.86000000e+03,5.25939823e-03,9.26726151e-03
2.87000000e+03,5.32569402e-03,9.64402378e-03
2.88000000e+03,5.23744695e-03,9.26300045e-03
2.89000000e+03,5.10323883e-03,9.23286472e-03
2.90000000e+03,5.07742891e-03,9.01289872e-03
2.91000000e+03,5.03561797e-03,8.97322063e-03
2.92000000e+03,4.99591712e-03,8.89568575e-03
2.93000000e+03,4.96047951e-03,8.83613795e-03
2.94000000e+03,4.92573177e-03,8.77825604e-03
2.95000000e+03,4.89125308e-03,8.71991483e-03
2.96000000e+03,4.85710561e-03,8.66263176e-03
2.97000000e+03,4.82359080e-03,8.60601518e-03
2.98000000e+03,4.80039156e-03,8.54987584e-03
2.99000000e+03,5.19187492e-03,8.49419832e-03
3.00000000e+03,4.83349315e-03,8.43902718e-03
3.01000000e+03,4.81170800e-03,8.38568513e-03
3.02000000e+03,4.66964641e-03,8.44980750e-03
3.03000000e+03,4.63987910e-03,8.91861029e-03
3.04000000e+03,4.60674902e-03,8.34365937e-03
3.05000000e+03,4.57101705e-03,8.22295318e-03
3.06000000e+03,4.54330951e-03,8.16605185e-03
3.07000000e+03,4.57794874e-03,8.07470540e-03
3.08000000e+03,5.17231121e-03,8.03073135e-03
3.09000000e+03,4.66307049e-03,8.78612281e-03
3.10000000e+03,4.50730798e-03,7.92770294e-03
3.11000000e+03,4.42494714e-03,7.87900441e-03
3.12000000e+03,4.37745746e-03,7.87118907e-03
3.13000000e+03,4.34337027e-03,8.64573228e-03
3.14000000e+03,4.31352179e-03,8.05731883e-03
3.15000000e+03,4.28518749e-03,7.90176247e-03
3.16000000e+03,4.25790439e-03,7.64702033e-03
3.17000000e+03,4.23323436e-03,7.62931327e-03
3.18000000e+03,4.26300173e-03,7.56219108e-03
3.19000000e+03,4.96061024e-03,7.51354077e-03
3.20000000e+03,4.54062477e-03,7.47061477e-03
3.21000000e+03,4.24596880e-03,7.42660396e-03
3.22000000e+03,4.10899738e-03,7.38304830e-03
3.23000000e+03,4.08066879e-03,7.34006907e-03
3.24000000e+03,4.05818352e-03,7.29747408e-03
3.25000000e+03,4.03208789e-03,7.25516593e-03
3.26000000e+03,4.00666169e-03,7.21314977e-03
3.27000000e+03,3.98223120e-03,7.17142233e-03
3.28000000e+03,3.95835847e-03,7.12999367e-03
3.29000000e+03,3.93479623e-03,7.09016368e-03
3.30000000e+03,3.91149083e-03,7.15163958e-03
3.31000000e+03,3.88842134e-03,7.39082036e-03
3.32000000e+03,3.86616625e-03,7.05200137e-03
3.33000000e+03,3.88155614e-03,6.97375982e-03
3.34000000e+03,4.54339312e-03,6.91530123e-03
3.35000000e+03,4.10500304e-03,6.85666877e-03
3.36000000e+03,3.81705489e-03,6.82004410e-03
3.37000000e+03,3.79238102e-03,6.77923555e-03
3.38000000e+03,3.74174463e-03,6.90103235e-03
3.39000000e+03,3.71960920e-03,7.68098910e-03
3.40000000e+03,3.69405581e-03,6.66905582e-03
3.41000000e+03,3.67417584e-03,6.66496664e-03
3.42000000e+03,3.65301434e-03,7.45395335e-03
3.43000000e+03,3.63272344e-03,6.82388133e-03
3.44000000e+03,3.61268756e-03,6.67594740e-03
3.45000000e+03,3.59287027e-03,6.51417646e-03
3.46000000e+03,3.57575479e-03,6.45590384e-03
3.47000000e+03,3.65034163e-03,6.42365342e-03
3.48000000e+03,4.19229109e-03,6.38936143e-03
3.49000000e+03,3.57802739e-03,6.35458034e-03
3.50000000e+03,3.54634666e-03,6.32044085e-03
3.51000000e+03,3.50506505e-03,6.28705011e-03
3.52000000e+03,3.46348780e-03,6.26050893e-03
3.53000000e+03,3.44672473e-03,6.48419975e-03
3.54000000e+03,3.42493079e-03,6.20062760e-03
3.55000000e+03,3.40689124e-03,6.21154805e-03
3.56000000e+03,3.38918524e-03,6.17883593e-03
3.57000000e+03,3.37163340e-03,6.10012148e-03
3.58000000e+03,3.35536789e-03,6.06290982e-03
3.59000000e+03,3.35836606e-03,6.03296261e-03
3.60000000e+03,3.73947214e-03,6.00155492e-03
3.61000000e+03,3.30621790e-03,5.97033362e-03
3.62000000e+03,3.29414048e-03,5.93961473e-03
3.63000000e+03,3.27935824e-03,5.90920000e-03
3.64000000e+03,3.25910321e-03,5.87900708e-03
3.65000000e+03,3.23947695e-03,5.84908016e-03
3.66000000e+03,3.22172721e-03,5.82138012e-03
3.67000000e+03,3.20529248e-03,5.87212018e-03
3.68000000e+03,3.18951327e-03,6.79178617e-03
3.69000000e+03,3.17379394e-03,5.94762948e-03
3.70000000e+03,3.15804375e-03,5.70522714e-03
3.71000000e+03,3.14248419e-03,5.71102361e-03
3.72000000e+03,3.12702594e-03,5.65803357e-03
3.73000000e+03,3.11168229e-03,5.62013336e-03
3.74000000e+03,3.09644590e-03,5.59301348e-03
3.75000000e+03,3.08143333e-03,5.56551167e-03
3.76000000e+03,3.07099900e-03,5.53785459e-03
3.77000000e+03,3.32016105e-03,5.51048733e-03
3.78000000e+03,3.05149065e-03,5.48334769e-03
3.79000000e+03,3.19712059e-03,5.45638034e-03
3.80000000e+03,3.02643812e-03,5.42958835e-03
3.81000000e+03,3.01283099e-03,5.40422529e-03
3.82000000e+03,2.98672610e-03,5.46539252e-03
3.83000000e+03,2.97239477e-03,5.66132768e-03
3.84000000e+03,2.98789969e-03,5.36830613e-03
3.85000000e+03,3.22351935e-03,5.35282964e-03
3.86000000e+03,2.94483853e-03,5.28357943e-03
3.87000000e+03,2.95495687e-03,5.25669532e-03
3.88000000e+03,2.92519701e-03,5.22779886e-03
3.89000000e+03,2.89280860e-03,5.21212327e-03
3.90000000e+03,2.87343949e-03,5.29127882e-03
3.91000000e+03,2.86196730e-03,5.30644550e-03
3.92000000e+03,2.84766595e-03,5.20041364e-03
3.93000000e+03,2.83518214e-03,5.12882546e-03
3.94000000e+03,2.82232778e-03,5.08538890e-03
3.95000000e+03,2.80980994e-03,5.05688184e-03
3.96000000e+03,2.79924169e-03,5.03442099e-03
3.97000000e+03,2.83268126e-03,5.01047011e-03
3.98000000e+03,3.32662923e-03,4.98725908e-03
3.99000000e+03,2.91564074e-03,4.97583693e-03
4.00000000e+03,2.75299657e-03,5.46328904e-03
4.01000000e+03,2.74606288e-03,5.02969880e-03
4.02000000e+03,2.73283922e-03,5.06819948e-03
4.03000000e+03,2.71647458e-03,4.88486429e-03
4.04000000e+03,2.72554741e-03,4.86357079e-03
4.05000000e+03,3.00537632e-03,4.83783771e-03
4.06000000e+03,2.68187796e-03,4.80980126e-03
4.07000000e+03,2.67381160e-03,4.78809397e-03
4.08000000e+03,2.66085194e-03,4.76662186e-03
4.09000000e+03,2.64919267e-03,4.74509256e-03
4.10000000e+03,2.63752320e-03,4.72374738e-03
4.11000000e+03,2.62515324e-03,4.70255743e-03
4.12000000e+03,2.61293392e-03,4.68146391e-03
4.13000000e+03,2.60195571e-03,4.66082757e-03
4.14000000e+03,2.59125668e-03,4.66616428e-03
4.15000000e+03,2.58050206e-03,5.55485376e-03
4.16000000e+03,2.56987613e-03,4.72650450e-03
4.17000000e+03,2.55933109e-03,4.65447968e-03
4.18000000e+03,2.54892184e-03,4.56218721e-03
4.19000000e+03,2.53969312e-03,4.55272579e-03
4.20000000e+03,2.55861718e-03,4.52025156e-03
4.21000000e+03,2.97145241e-03,4.50240236e-03
4.22000000e+03,2.70182842e-03,4.48133229e-03
4.23000000e+03,2.61973005e-03,4.46219902e-03
4.24000000e+03,2.54950805e-03,4.44277635e-03
4.25000000e+03,2.48766161e-03,4.42354762e-03
4.26000000e+03,2.47088264e-03,4.40443464e-03
4.27000000e+03,2.46377462e-03,4.38539631e-03
4.28000000e+03,2.46561610e-03,4.36642868e-03
4.29000000e+03,2.54298106e-03,4.34753302e-03
4.30000000e+03,2.60435877e-03,4.32880546e-03
4.31000000e+03,2.45598609e-03,4.31339376e-03
4.32000000e+03,2.41223851e-03,4.46834826e-03
4.33000000e+03,2.41117805e-03,4.44875940e-03
4.34000000e+03,2.39395075e-03,4.30667624e-03
4.35000000e+03,2.38562447e-03,4.30861820e-03
4.36000000e+03,2.37497159e-03,4.22029148e-03
4.37000000e+03,2.36581429e-03,4.21195265e-03
4.38000000e+03,2.35698280e-03,4.18611245e-03
4.39000000e+03,2.34947668e-03,4.16773166e-03
4.40000000e+03,2.36402372e-03,4.15056726e-03
4.41000000e+03,2.71620364e-03,4.13295985e-03
4.42000000e+03,2.36297167e-03,4.11559161e-03
4.43000000e+03,2.33381688e-03,4.09844055e-03
4.44000000e+03,2.31924534e-03,4.08260344e-03
4.45000000e+03,2.30352873e-03,4.11413194e-03
4.46000000e+03,2.29035453e-03,4.42163651e-03
4.47000000e+03,2.28014245e-03,4.09131058e-03
4.48000000e+03,2.27268439e-03,4.02584281e-03
4.49000000e+03,2.28422834e-03,4.01240595e-03
4.50000000e+03,2.45313757e-03,3.98513435e-03
4.51000000e+03,2.26252755e-03,3.96600082e-03
4.52000000e+03,2.24833778e-03,3.94995791e-03
4.53000000e+03,2.23666278e-03,3.93381988e-03
4.54000000e+03,2.22286438e-03,3.91767322e-03
4.55000000e+03,2.21460243e-03,3.90163044e-03
4.56000000e+03,2.20701168e-03,4.01590583e-03
4.57000000e+03,2.20594647e-03,3.86983376e-03
4.58000000e+03,2.43113916e-03,3.85402048e-03
4.59000000e+03,2.18682946e-03,3.83830606e-03
4.60000000e+03,2.22185857e-03,3.82409431e-03
4.61000000e+03,2.20209283e-03,3.90775764e-03
4.62000000e+03,2.16541755e-03,3.94241075e-03
4.63000000e+03,2.15317591e-03,3.84470240e-03
4.64000000e+03,2.14639671e-03,3.79255414e-03
4.65000000e+03,2.13892416e-03,3.75853601e-03
4.66000000e+03,2.13139116e-03,3.73532389e-03
4.67000000e+03,2.12425270e-03,3.71885952e-03
4.68000000e+03,2.12114160e-03,3.70378378e-03
4.69000000e+03,2.21664659e-03,3.69032481e-03
4.70000000e+03,2.40980169e-03,3.70936983e-03
4.71000000e+03,2.16803575e-03,4.10868299e-03
4.72000000e+03,2.09426020e-03,3.75396722e-03
4.73000000e+03,2.08176758e-03,3.68200471e-03
4.74000000e+03,2.07587873e-03,3.63824170e-03
4.75000000e+03,2.06871280e-03,3.61101444e-03
4.76000000e+03,2.06143466e-03,3.59213076e-03
4.77000000e+03,2.05441406e-03,3.57636524e-03
4.78000000e+03,2.04759740e-03,3.56176743e-03
4.79000000e+03,2.04088667e-03,3.54767547e-03
4.80000000e+03,2.03420791e-03,3.53388743e-03
4.81000000e+03,2.02758388e-03,3.52018906e-03
4.82000000e+03,2.02206054e-03,3.50649643e-03
4.83000000e+03,2.05666516e-03,3.49289957e-03
4.84000000e+03,2.23630351e-03,3.47995140e-03
4.85000000e+03,2.02638272e-03,3.48864826e-03
4.86000000e+03,1.99933833e-03,3.84811069e-03
4.87000000e+03,1.99890954e-03,3.56794838e-03
4.88000000e+03,1.98533263e-03,3.43357029e-03
4.89000000e+03,1.97636297e-03,3.42009730e-03
4.90000000e+03,1.97011269e-03,3.40658928e-03
4.91000000e+03,1.96398103e-03,3.38875366e-03
4.92000000e+03,1.95801219e-03,3.37549522e-03
4.93000000e+03,1.95565046e-03,3.37009480e-03
4.94000000e+03,2.04001269e-03,3.47690548e-03
4.95000000e+03,2.21532534e-03,3.46494641e-03
4.96000000e+03,2.01961148e-03,3.37841551e-03
4.97000000e+03,1.94673458e-03,3.33117897e-03
4.98000000e+03,1.92710018e-03,3.30734234e-03
4.99000000e+03,1.91960024e-03,3.29079655e-03
5.00000000e+03,1.91437705e-03,3.27640037e-03
5.01000000e+03,1.92058442e-03,3.26298163e-03
5.02000000e+03,2.00428605e-03,3.25048972e-03
5.03000000e+03,1.91945193e-03,3.23842505e-03
5.04000000e+03,1.91588586e-03,3.22622112e-03
5.05000000e+03,1.88756565e-03,3.21415413e-03
5.06000000e+03,1.87630602e-03,3.20210388e-03
5.07000000e+03,1.87224600e-03,3.19063303e-03
5.08000000e+03,1.86493146e-03,3.20287757e-03
5.09000000e+03,1.85971819e-03,3.65343933e-03
5.10000000e+03,1.85420171e-03,3.27464231e-03
5.11000000e+03,1.84890826e-03,3.14396515e-03
5.12000000e+03,1.84547553e-03,3.15014971e-03
5.13000000e+03,1.86476994e-03,3.12243370e-03
5.14000000e+03,2.03757202e-03,3.10957780e-03
5.15000000e+03,1.84801332e-03,3.09863148e-03
5.16000000e+03,1.82318108e-03,3.08788430e-03
5.17000000e+03,1.81627837e-03,3.10830599e-03
5.18000000e+03,1.81204119e-03,3.53755488e-03
5.19000000e+03,1.80711968e-03,3.20889977e-03
5.20000000e+03,1.80174458e-03,3.08742013e-03
5.21000000e+03,1.81034697e-03,3.03540484e-03
5.22000000e+03,2.02825369e-03,3.02061095e-03
5.23000000e+03,1.81307160e-03,3.01042579e-03
5.24000000e+03,1.80909143e-03,2.99949876e-03
5.25000000e+03,1.79432796e-03,2.98851743e-03
5.26000000e+03,1.77828415e-03,2.97768427e-03
5.27000000e+03,1.76805515e-03,2.96696898e-03
5.28000000e+03,1.76126416e-03,2.95631928e-03
5.29000000e+03,1.75573411e-03,2.94572119e-03
5.30000000e+03,1.75060007e-03,2.93514424e-03
5.31000000e+03,1.74561163e-03,2.92471312e-03
5.32000000e+03,1.74079014e-03,2.91931456e-03
5.33000000e+03,1.73743576e-03,3.14200362e-03
5.34000000e+03,1.77337252e-03,2.99077615e-03
5.35000000e+03,1.88947679e-03,2.92866002e-03
5.36000000e+03,1.75383706e-03,2.89809777e-03
5.37000000e+03,1.71822444e-03,2.87041397e-03
5.38000000e+03,1.71548597e-03,2.85361326e-03
5.39000000e+03,1.71101734e-03,2.84368306e-03
5.40000000e+03,1.70865784e-03,2.83366002e-03
5.41000000e+03,1.74665005e-03,2.82345666e-03
5.42000000e+03,1.83044691e-03,2.81351550e-03
5.43000000e+03,1.72890576e-03,2.80381262e-03
5.44000000e+03,1.69229028e-03,2.79808648e-03
5.45000000e+03,1.68072816e-03,2.92891191e-03
5.46000000e+03,1.67676255e-03,2.81104290e-03
5.47000000e+03,1.67262860e-03,2.77282680e-03
5.48000000e+03,1.66736688e-03,2.78334443e-03
5.49000000e+03,1.66320717e-03,2.75601042e-03
5.50000000e+03,1.66210777e-03,2.73760466e-03
5.51000000e+03,1.74704373e-03,2.72750777e-03
5.52000000e+03,1.80240697e-03,2.71816994e-03
5.53000000e+03,1.66865782e-03,2.70874074e-03
5.54000000e+03,1.64141940e-03,2.69935986e-03
5.55000000e+03,1.64032985e-03,2.69007903e-03
5.56000000e+03,1.63584820e-03,2.68162847e-03
5.57000000e+03,1.63020106e-03,2.70451698e-03
5.58000000e+03,1.62521613e-03,2.96525806e-03
5.59000000e+03,1.62072446e-03,2.70029332e-03
5.60000000e+03,1.61645414e-03,2.64804304e-03
5.61000000e+03,1.61228405e-03,2.64763297e-03
5.62000000e+03,1.60817346e-03,2.62934674e-03
5.63000000e+03,1.60441763e-03,2.61813682e-03
5.64000000e+03,1.61483262e-03,2.60959637e-03
5.65000000e+03,1.82265670e-03,2.60074946e-03
5.66000000e+03,1.73441268e-03,2.59186939e-03
5.67000000e+03,1.59296703e-03,2.58307636e-03
5.68000000e+03,1.59544781e-03,2.57434454e-03
5.69000000e+03,1.58481980e-03,2.56564384e-03
5.70000000e+03,1.57644167e-03,2.55695778e-03
5.71000000e+03,1.57317474e-03,2.54829579e-03
5.72000000e+03,1.56896881e-03,2.53965345e-03
5.73000000e+03,1.56488841e-03,2.53104352e-03
5.74000000e+03,1.56102414e-03,2.52299837e-03
5.75000000e+03,1.55720172e-03,2.54697130e-03
5.76000000e+03,1.55339076e-03,3.05808269e-03
5.77000000e+03,1.54958887e-03,2.53202274e-03
5.78000000e+03,1.54581777e-03,2.53488623e-03
5.79000000e+03,1.54260935e-03,2.48509410e-03
5.80000000e+03,1.56223391e-03,2.47898536e-03
5.81000000e+03,1.65463859e-03,2.56462750e-03
5.82000000e+03,1.62225636e-03,2.45716849e-03
5.83000000e+03,1.53311027e-03,2.44889146e-03
5.84000000e+03,1.54004444e-03,2.44057497e-03
5.85000000e+03,1.52031466e-03,2.43258257e-03
5.86000000e+03,1.51855108e-03,2.42456712e-03
5.87000000e+03,1.51334329e-03,2.41656230e-03
5.88000000e+03,1.50956961e-03,2.40859497e-03
5.89000000e+03,1.50608650e-03,2.40071314e-03
5.90000000e+03,1.50249482e-03,2.39527493e-03
5.91000000e+03,1.49896926e-03,2.49740928e-03
5.92000000e+03,1.49555095e-03,2.38244994e-03
5.93000000e+03,1.49327720e-03,2.40205452e-03
5.94000000e+03,1.51626974e-03,2.37140627e-03
5.95000000e+03,1.62568268e-03,2.35738583e-03
5.96000000e+03,1.55364117e-03,2.34929430e-03
5.97000000e+03,1.50373272e-03,2.33969434e-03
5.98000000e+03,1.48386937e-03,2.33179357e-03
5.99000000e+03,1.47470706e-03,2.32489192e-03
6.00000000e+03,1.46938785e-03,2.33437057e-03
6.01000000e+03,1.46534343e-03,2.54403836e-03
6.02000000e+03,1.46170136e-03,2.37895685e-03
6.03000000e+03,1.45824948e-03,2.31465977e-03
6.04000000e+03,1.45491835e-03,2.28887328e-03
6.05000000e+03,1.45162799e-03,2.28031191e-03
6.06000000e+03,1.44840121e-03,2.27338892e-03
6.07000000e+03,1.44725168e-03,2.26608079e-03
6.08000000e+03,1.52403660e-03,2.25876705e-03
6.09000000e+03,1.46504287e-03,2.25152919e-03
6.10000000e+03,1.44223677e-03,2.24435452e-03
6.11000000e+03,1.45142827e-03,2.23721303e-03
6.12000000e+03,1.43359003e-03,2.23009591e-03
6.13000000e+03,1.42592728e-03,2.22298825e-03
6.14000000e+03,1.42319623e-03,2.21590156e-03
6.15000000e+03,1.41999366e-03,2.20884720e-03
6.16000000e+03,1.41667257e-03,2.20237160e-03
6.17000000e+03,1.41347406e-03,2.21769678e-03
6.18000000e+03,1.41034373e-03,2.57777266e-03
6.19000000e+03,1.40723686e-03,2.28849299e-03
6.20000000e+03,1.40414500e-03,2.17558891e-03
6.21000000e+03,1.40115185e-03,2.44616725e-03
6.22000000e+03,1.40389208e-03,2.16529227e-03
6.23000000e+03,1.48141246e-03,2.15409366e-03
6.24000000e+03,1.46551449e-03,2.14747722e-03
6.25000000e+03,1.39232785e-03,2.14081024e-03
6.26000000e+03,1.41183291e-03,2.13399759e-03
6.27000000e+03,1.38376209e-03,2.12726428e-03
6.28000000e+03,1.38307608e-03,2.12059537e-03
6.29000000e+03,1.37763703e-03,2.11395631e-03
6.30000000e+03,1.37488844e-03,2.10763017e-03
6.31000000e+03,1.37165249e-03,2.11462370e-03
6.32000000e+03,1.36882057e-03,2.38609999e-03
6.33000000e+03,1.36590008e-03,2.16254709e-03
6.34000000e+03,1.36302909e-03,2.08179076e-03
6.35000000e+03,1.36016534e-03,2.08613181e-03
6.36000000e+03,1.35730394e-03,2.06981782e-03
6.37000000e+03,1.35445498e-03,2.06292806e-03
6.38000000e+03,1.35161058e-03,2.05670065e-03
6.39000000e+03,1.34877589e-03,2.04996955e-03
6.40000000e+03,1.34622773e-03,2.04361397e-03
6.41000000e+03,1.35812602e-03,2.03736829e-03
6.42000000e+03,1.39596053e-03,2.03113358e-03
6.43000000e+03,1.35488920e-03,2.02561322e-03
6.44000000e+03,1.34680530e-03,2.06142374e-03
6.45000000e+03,1.33690261e-03,2.05886031e-03
6.46000000e+03,1.33002054e-03,2.02474499e-03
6.47000000e+03,1.32771303e-03,2.01555066e-03
6.48000000e+03,1.32413959e-03,1.99590176e-03
6.49000000e+03,1.32144448e-03,1.99103093e-03
6.50000000e+03,1.31878282e-03,1.98284756e-03
6.51000000e+03,1.31629092e-03,1.97716369e-03
6.52000000e+03,1.31844616e-03,1.97108114e-03
6.53000000e+03,1.35577552e-03,1.96511333e-03
6.54000000e+03,1.31634589e-03,1.95923763e-03
6.55000000e+03,1.32120206e-03,1.95340390e-03
6.56000000e+03,1.31378765e-03,1.94851028e-03
6.57000000e+03,1.30396566e-03,1.98368155e-03
6.58000000e+03,1.29856946e-03,2.13228075e-03
6.59000000e+03,1.29538262e-03,1.93832848e-03
6.60000000e+03,1.29271961e-03,1.93943801e-03
6.61000000e+03,1.29015205e-03,1.95989069e-03
6.62000000e+03,1.28759948e-03,1.91389854e-03
6.63000000e+03,1.28504367e-03,1.90858079e-03
6.64000000e+03,1.28250220e-03,1.90271028e-03
6.65000000e+03,1.27997372e-03,1.89685528e-03
6.66000000e+03,1.27774311e-03,1.89124501e-03
6.67000000e+03,1.28683502e-03,1.88569997e-03
6.68000000e+03,1.31697526e-03,1.88015778e-03
6.69000000e+03,1.38142832e-03,1.87463594e-03
6.70000000e+03,1.27868581e-03,1.86912657e-03
6.71000000e+03,1.26904710e-03,1.86361708e-03
6.72000000e+03,1.26748042e-03,1.85813122e-03
6.73000000e+03,1.26064460e-03,1.85264319e-03
6.74000000e+03,1.25793142e-03,1.84719619e-03
6.75000000e+03,1.25561927e-03,1.84275396e-03
6.76000000e+03,1.25311394e-03,1.88912905e-03
6.77000000e+03,1.25065432e-03,1.85500715e-03
6.78000000e+03,1.24824054e-03,1.84205050e-03
6.79000000e+03,1.24584432e-03,1.83664642e-03
6.80000000e+03,1.24345385e-03,1.81521531e-03
6.81000000e+03,1.24106627e-03,1.81210716e-03
6.82000000e+03,1.23869294e-03,1.80516864e-03
6.83000000e+03,1.23650746e-03,1.79961008e-03
6.84000000e+03,1.24091810e-03,1.79449494e-03
6.85000000e+03,1.35290263e-03,1.78927767e-03
6.86000000e+03,1.26273269e-03,1.78407837e-03
6.87000000e+03,1.24778815e-03,1.77892626e-03
6.88000000e+03,1.22470158e-03,1.77395071e-03
6.89000000e+03,1.22491495e-03,1.77338380e-03
6.90000000e+03,1.22134265e-03,1.90707913e-03
6.91000000e+03,1.21799421e-03,1.77568485e-03
6.92000000e+03,1.21560174e-03,1.78539560e-03
6.93000000e+03,1.21335113e-03,1.76081951e-03
6.94000000e+03,1.21108571e-03,1.74436827e-03
6.95000000e+03,1.20882232e-03,1.73908891e-03
6.96000000e+03,1.20655996e-03,1.73435485e-03
6.97000000e+03,1.20430175e-03,1.72922643e-03
6.98000000e+03,1.20206283e-03,1.72418672e-03
6.99000000e+03,1.20005242e-03,1.71925544e-03
7.00000000e+03,1.21045199e-03,1.71438925e-03
7.01000000e+03,1.20770596e-03,1.70988638e-03
7.02000000e+03,1.20130362e-03,1.71523550e-03
7.03000000e+03,1.20210667e-03,1.84458213e-03
7.04000000e+03,1.19560335e-03,1.73867091e-03
7.05000000e+03,1.19285745e-03,1.70001824e-03
7.06000000e+03,1.19206115e-03,1.68677929e-03
7.07000000e+03,1.19882610e-03,1.68178797e-03
7.08000000e+03,1.19171129e-03,1.67690492e-03
7.09000000e+03,1.18208302e-03,1.67197524e-03
7.10000000e+03,1.17735194e-03,1.66721202e-03
7.11000000e+03,1.17708249e-03,1.66251427e-03
7.12000000e+03,1.17563159e-03,1.65785601e-03
7.13000000e+03,1.17748812e-03,1.65322371e-03
7.14000000e+03,1.17368211e-03,1.64860862e-03
7.15000000e+03,1.17267408e-03,1.64400046e-03
7.16000000e+03,1.16374718e-03,1.63939284e-03
7.17000000e+03,1.16543163e-03,1.63480787e-03
7.18000000e+03,1.16062162e-03,1.63061743e-03
7.19000000e+03,1.15757846e-03,1.65035451e-03
7.20000000e+03,1.15562203e-03,1.74271021e-03
7.21000000e+03,1.15412751e-03,1.65220716e-03
7.22000000e+03,1.15791602e-03,1.63200560e-03
7.23000000e+03,1.15846394e-03,1.60912208e-03
7.24000000e+03,1.14980206e-03,1.60636393e-03
7.25000000e+03,1.14521155e-03,1.59965830e-03
7.26000000e+03,1.14203960e-03,1.59615975e-03
7.27000000e+03,1.13963641e-03,1.59700454e-03
7.28000000e+03,1.14207453e-03,1.64847915e-03
7.29000000e+03,1.14139802e-03,1.59121451e-03
7.30000000e+03,1.13713193e-03,1.58900023e-03
7.31000000e+03,1.13351613e-03,1.57986673e-03
7.32000000e+03,1.13056869e-03,1.57163983e-03
7.33000000e+03,1.12620911e-03,1.56548126e-03
7.34000000e+03,1.12284561e-03,1.56115685e-03
7.35000000e+03,1.12006420e-03,1.55702608e-03
7.36000000e+03,1.11751315e-03,1.55269866e-03
7.37000000e+03,1.11505073e-03,1.55390701e-03
7.38000000e+03,1.11266005e-03,1.54437400e-03
7.39000000e+03,1.11028199e-03,1.54022292e-03
7.40000000e+03,1.10790770e-03,1.53642838e-03
7.41000000e+03,1.10554759e-03,1.54293526e-03
7.42000000e+03,1.10334004e-03,1.64665411e-03
7.43000000e+03,1.10470412e-03,1.55611745e-03
7.44000000e+03,1.11054631e-03,1.52192739e-03
7.45000000e+03,1.11341229e-03,1.51828645e-03
7.46000000e+03,1.11028228e-03,1.51681939e-03
7.47000000e+03,1.09809482e-03,1.52715541e-03
7.48000000e+03,1.09017848e-03,1.54975159e-03
7.49000000e+03,1.08709204e-03,1.58424975e-03
7.50000000e+03,1.08486012e-03,1.49893585e-03
7.51000000e+03,1.08261353e-03,1.49417226e-03
7.52000000e+03,1.08049189e-03,1.48836306e-03
7.53000000e+03,1.08090998e-03,1.48464298e-03
7.54000000e+03,1.09631183e-03,1.48074024e-03
7.55000000e+03,1.07707477e-03,1.47679808e-03
7.56000000e+03,1.07366690e-03,1.47328477e-03
7.57000000e+03,1.07181847e-03,1.50104206e-03
7.58000000e+03,1.06844980e-03,1.50802262e-03
7.59000000e+03,1.06553887e-03,1.48454311e-03
7.60000000e+03,1.06301930e-03,1.47298754e-03
7.61000000e+03,1.06078693e-03,1.45983029e-03
7.62000000e+03,1.05921563e-03,1.45127537e-03
7.63000000e+03,1.06523339e-03,1.44619806e-03
7.64000000e+03,1.07407612e-03,1.44258697e-03
7.65000000e+03,1.06039583e-03,1.43872458e-03
7.66000000e+03,1.05143277e-03,1.43496546e-03
7.67000000e+03,1.04854145e-03,1.43624027e-03
7.68000000e+03,1.04628396e-03,1.44825859e-03
7.69000000e+03,1.04389705e-03,1.49360753e-03
7.70000000e+03,1.04155235e-03,1.43213444e-03
7.71000000e+03,1.03948756e-03,1.41659947e-03
7.72000000e+03,1.03735863e-03,1.41417296e-03
7.73000000e+03,1.03528187e-03,1.41050418e-03
7.74000000e+03,1.03319957e-03,1.40627178e-03
7.75000000e+03,1.03114147e-03,1.40237957e-03
7.76000000e+03,1.02941351e-03,1.39876510e-03
7.77000000e+03,1.03847362e-03,1.39603171e-03
7.78000000e+03,1.04840496e-03,1.41045088e-03
7.79000000e+03,1.04654462e-03,1.49773392e-03
7.80000000e+03,1.02122998e-03,1.41985028e-03
7.81000000e+03,1.02151066e-03,1.39164749e-03
7.82000000e+03,1.01866530e-03,1.46532121e-03
7.83000000e+03,1.01523513e-03,1.38459268e-03
7.84000000e+03,1.01301212e-03,1.40079900e-03
7.85000000e+03,1.01106087e-03,1.36743075e-03
7.86000000e+03,1.00918188e-03,1.36397176e-03
7.87000000e+03,1.00907779e-03,1.36063349e-03
7.88000000e+03,1.04851586e-03,1.35953018e-03
7.89000000e+03,1.00361808e-03,1.40931761e-03
7.90000000e+03,1.00322814e-03,1.35541470e-03
7.91000000e+03,1.00290511e-03,1.35411846e-03
7.92000000e+03,9.99544107e-04,1.34826106e-03
7.93000000e+03,9.96354676e-04,1.42679322e-03
7.94000000e+03,9.93958383e-04,1.33753376e-03
7.95000000e+03,9.91908841e-04,1.33397239e-03
7.96000000e+03,9.89974658e-04,1.33063493e-03
7.97000000e+03,9.88082495e-04,1.32734697e-03
7.98000000e+03,9.86306062e-04,1.32408080e-03
7.99000000e+03,9.87086620e-04,1.32081209e-03
8.00000000e+03,1.01359449e-03,1.31755940e-03
8.01000000e+03,9.92219320e-04,1.31435886e-03
8.02000000e+03,9.85779414e-04,1.31271051e-03
8.03000000e+03,9.79660530e-04,1.36760559e-03
8.04000000e+03,9.75797440e-04,1.32207062e-03
8.05000000e+03,9.73429938e-04,1.32227106e-03
8.06000000e+03,9.71520778e-04,1.30541228e-03
8.07000000e+03,9.69687026e-04,1.29564812e-03
8.08000000e+03,9.67875276e-04,1.29366652e-03
8.09000000e+03,9.66064941e-04,1.36312313e-03
8.10000000e+03,9.64255440e-04,1.29740346e-03
8.11000000e+03,9.62459675e-04,1.28306295e-03
8.12000000e+03,9.60763180e-04,1.28013502e-03
8.13000000e+03,9.61365837e-04,1.27930311e-03
8.14000000e+03,9.97199604e-04,1.31749197e-03
8.15000000e+03,9.59977406e-04,1.28074993e-03
8.16000000e+03,9.61851489e-04,1.27053673e-03
8.17000000e+03,9.57175049e-04,1.26515327e-03
8.18000000e+03,9.51661048e-04,1.26189827e-03
8.19000000e+03,9.48620618e-04,1.27380554e-03
8.20000000e+03,9.46653607e-04,1.28104211e-03
8.21000000e+03,9.44899410e-04,1.26055390e-03
8.22000000e+03,9.43180748e-04,1.25008566e-03
8.23000000e+03,9.41623242e-04,1.24710701e-03
8.24000000e+03,9.48954086e-04,1.24415781e-03
8.25000000e+03,1.01218922e-03,1.24122061e-03
8.26000000e+03,9.40260470e-04,1.23828358e-03
8.27000000e+03,9.43527633e-04,1.23537248e-03
8.28000000e+03,9.34404106e-04,1.23326835e-03
8.29000000e+03,9.32204573e-04,1.28147594e-03
8.30000000e+03,9.30167967e-04,1.24357040e-03
8.31000000e+03,9.28164289e-04,1.24121030e-03
8.32000000e+03,9.26585893e-04,1.22199701e-03
8.33000000e+03,9.24900018e-04,1.22039900e-03
8.34000000e+03,9.23252788e-04,1.21711189e-03
8.35000000e+03,9.21622479e-04,1.27208226e-03
8.36000000e+03,9.19990813e-04,1.21163082e-03
8.37000000e+03,9.18360012e-04,1.21058990e-03
8.38000000e+03,9.16730591e-04,1.20798936e-03
8.39000000e+03,9.15104025e-04,1.20520812e-03
8.40000000e+03,9.13488777e-04,1.21427362e-03
8.41000000e+03,9.12047617e-04,1.22193591e-03
8.42000000e+03,9.17995243e-04,1.29571854e-03
8.43000000e+03,9.56809257e-04,1.19705402e-03
8.44000000e+03,9.11673480e-04,1.19409007e-03
8.45000000e+03,9.07841826e-04,1.18977395e-03
8.46000000e+03,9.06277859e-04,1.18600491e-03
8.47000000e+03,9.02454729e-04,1.18351346e-03
8.48000000e+03,9.00951072e-04,1.18125220e-03
8.49000000e+03,8.99419334e-04,1.17896495e-03
8.50000000e+03,8.97996586e-04,1.17773032e-03
8.51000000e+03,8.99299277e-04,1.20565575e-03
8.52000000e+03,9.34880845e-04,1.17416505e-03
8.53000000e+03,8.93467102e-04,1.17493447e-03
8.54000000e+03,8.91630680e-04,1.17261256e-03
8.55000000e+03,8.90105457e-04,1.22996015e-03
8.56000000e+03,8.88608760e-04,1.16600620e-03
8.57000000e+03,8.87150407e-04,1.16099010e-03
8.58000000e+03,8.85672453e-04,1.15876457e-03
8.59000000e+03,8.84129240e-04,1.15656077e-03
8.60000000e+03,8.82574983e-04,1.15443276e-03
8.61000000e+03,8.81070180e-04,1.15439502e-03
8.62000000e+03,8.79568866e-04,1.20756695e-03
8.63000000e+03,8.78067989e-04,1.16115902e-03
8.64000000e+03,8.76570910e-04,1.15642348e-03
8.65000000e+03,8.75077581e-04,1.14638923e-03
8.66000000e+03,8.73650832e-04,1.14150639e-03
8.67000000e+03,8.75335460e-04,1.13931703e-03
8.68000000e+03,9.25449734e-04,1.13724205e-03
8.69000000e+03,9.01251129e-04,1.13509896e-03
8.70000000e+03,8.67863844e-04,1.13318266e-03
8.71000000e+03,8.70063275e-04,1.13753039e-03
8.72000000e+03,8.65210721e-04,1.21707956e-03
8.73000000e+03,8.63679703e-04,1.15549584e-03
8.74000000e+03,8.62185690e-04,1.13184308e-03
8.75000000e+03,8.60603275e-04,1.13913711e-03
8.76000000e+03,8.59224710e-04,1.12464372e-03
8.77000000e+03,8.58532261e-04,1.11865212e-03
8.78000000e+03,8.75345879e-04,1.11653523e-03
8.79000000e+03,8.72874640e-04,1.11442490e-03
8.80000000e+03,8.55823550e-04,1.11235297e-03
8.81000000e+03,8.52261706e-04,1.11030671e-03
8.82000000e+03,8.51345809e-04,1.10826678e-03
8.83000000e+03,8.49858723e-04,1.10623524e-03
8.84000000e+03,8.48255862e-04,1.10419998e-03
8.85000000e+03,8.46759525e-04,1.10217194e-03
8.86000000e+03,8.45333827e-04,1.10014434e-03
8.87000000e+03,8.43946633e-04,1.09811817e-03
8.88000000e+03,8.42569891e-04,1.09609486e-03
8.89000000e+03,8.41201727e-04,1.09541559e-03
8.90000000e+03,8.39835728e-04,1.09235057e-03
8.91000000e+03,8.38467826e-04,1.10217410e-03
8.92000000e+03,8.37104188e-04,1.10500352e-03
8.93000000e+03,8.35740808e-04,1.08625581e-03
8.94000000e+03,8.34396102e-04,1.08810324e-03
8.95000000e+03,8.33771199e-04,1.08334635e-03
8.96000000e+03,8.64969312e-04,1.08025106e-03
8.97000000e+03,8.41269739e-04,1.07847331e-03
8.98000000e+03,8.37345477e-04,1.07672995e-03
8.99000000e+03,8.27740500e-04,1.07911171e-03
9.00000000e+03,8.27345317e-04,1.11685463e-03
9.01000000e+03,8.25286788e-04,1.08321639e-03
9.02000000e+03,8.23795563e-04,1.08363909e-03
9.03000000e+03,8.22539580e-04,1.08401179e-03
9.04000000e+03,8.21336525e-04,1.06711156e-03
9.05000000e+03,8.22211223e-04,1.06435839e-03
9.06000000e+03,8.56827020e-04,1.06180996e-03
9.07000000e+03,8.19734094e-04,1.06565787e-03
9.08000000e+03,8.17936983e-04,1.05755531e-03
9.09000000e+03,8.16126867e-04,1.05575316e-03
9.10000000e+03,8.14179759e-04,1.05402287e-03
9.11000000e+03,8.12502731e-04,1.05309825e-03
9.12000000e+03,8.11056969e-04,1.06123535e-03
9.13000000e+03,8.09728801e-04,1.07644604e-03
9.14000000e+03,8.08457400e-04,1.05485981e-03
9.15000000e+03,8.07198550e-04,1.04615714e-03
9.16000000e+03,8.06009270e-04,1.07138852e-03
9.17000000e+03,8.07145156e-04,1.04121481e-03
9.18000000e+03,8.64205031e-04,1.03944218e-03
9.19000000e+03,8.24799885e-04,1.03744843e-03
9.20000000e+03,8.05055064e-04,1.03565922e-03
9.21000000e+03,8.00034384e-04,1.03382693e-03
9.22000000e+03,7.99462905e-04,1.03202839e-03
9.23000000e+03,7.97585126e-04,1.03023387e-03
9.24000000e+03,7.96154978e-04,1.02848816e-03
9.25000000e+03,7.94947304e-04,1.02759464e-03
9.26000000e+03,7.93737076e-04,1.04627919e-03
9.27000000e+03,7.92524475e-04,1.02621018e-03
9.28000000e+03,7.91311901e-04,1.02375419e-03
9.29000000e+03,7.90104728e-04,1.02333172e-03
9.30000000e+03,7.88898575e-04,1.02067687e-03
9.31000000e+03,7.87694331e-04,1.01771214e-03
9.32000000e+03,7.86488468e-04,1.02004746e-03
9.33000000e+03,7.85283202e-04,1.01680315e-03
9.34000000e+03,7.84181251e-04,1.02243037e-03
9.35000000e+03,7.91231541e-04,1.01229148e-03
9.36000000e+03,8.34758455e-04,1.00874826e-03
9.37000000e+03,7.85553271e-04,1.00657580e-03
9.38000000e+03,7.84261483e-04,1.00406756e-03
9.39000000e+03,7.80739279e-04,1.00252530e-03
9.40000000e+03,7.77140885e-04,1.00113086e-03
9.41000000e+03,7.76370209e-04,1.00126183e-03
9.42000000e+03,7.74851094e-04,1.01163049e-03
9.43000000e+03,7.73753611e-04,1.00169808e-03
9.44000000e+03,7.72569700e-04,9.98577900e-04
9.45000000e+03,7.71437633e-04,9.94803260e-04
9.46000000e+03,7.70295519e-04,1.00463349e-03
9.47000000e+03,7.69162565e-04,9.90418539e-04
9.48000000e+03,7.68024391e-04,9.97278221e-04
9.49000000e+03,7.66889294e-04,9.86450246e-04
9.50000000e+03,7.65754878e-04,9.84275946e-04
9.51000000e+03,7.64621724e-04,9.82350983e-04
9.52000000e+03,7.63489705e-04,9.80770630e-04
9.53000000e+03,7.62372565e-04,9.79086042e-04
9.54000000e+03,7.61824438e-04,9.77496104e-04
9.55000000e+03,7.82472875e-04,9.76194744e-04
9.56000000e+03,7.65375771e-04,9.78888558e-04
9.57000000e+03,7.65239467e-04,1.00575116e-03
9.58000000e+03,7.58239075e-04,9.76435309e-04
9.59000000e+03,7.55973644e-04,9.71397742e-04
9.60000000e+03,7.55051024e-04,9.69205044e-04
9.61000000e+03,7.53577740e-04,9.68982440e-04
9.62000000e+03,7.52463438e-04,9.69668628e-04
9.63000000e+03,7.51390631e-04,9.65574473e-04
9.64000000e+03,7.50342668e-04,9.61753845e-04
9.65000000e+03,7.49816223e-04,9.60885067e-04
9.66000000e+03,7.58412505e-04,9.61390120e-04
9.67000000e+03,7.54434393e-04,9.63314720e-04
9.68000000e+03,7.49023551e-04,9.58075678e-04
9.69000000e+03,7.45968260e-04,9.72203008e-04
9.70000000e+03,7.44278408e-04,9.54182673e-04
9.71000000e+03,7.43009725e-04,9.51086426e-04
9.72000000e+03,7.41857242e-04,9.49183574e-04
9.73000000e+03,7.40738134e-04,9.47957167e-04
9.74000000e+03,7.39650695e-04,9.47587923e-04
9.75000000e+03,7.38593368e-04,9.52340968e-04
9.76000000e+03,7.37534989e-04,9.52398914e-04
9.77000000e+03,7.36480320e-04,9.42953076e-04
9.78000000e+03,7.35424954e-04,9.40269489e-04
9.79000000e+03,7.34373134e-04,9.38804696e-04
9.80000000e+03,7.33343906e-04,9.37568573e-04
9.81000000e+03,7.33294852e-04,9.44609303e-04
9.82000000e+03,7.70190785e-04,9.50237340e-04
9.83000000e+03,7.42887023e-04,9.39008070e-04
9.84000000e+03,7.37712235e-04,9.33292031e-04
9.85000000e+03,7.28242296e-04,9.30144019e-04
9.86000000e+03,7.27938223e-04,9.28168174e-04
9.87000000e+03,7.26452923e-04,9.27603040e-04
9.88000000e+03,7.25129103e-04,9.35389242e-04
9.89000000e+03,7.24138270e-04,9.27228619e-04
9.90000000e+03,7.23125311e-04,9.24663495e-04
9.91000000e+03,7.22109256e-04,9.21638002e-04
9.92000000e+03,7.21129752e-04,9.19375470e-04
9.93000000e+03,7.21016924e-04,9.17904505e-04
9.94000000e+03,7.43351513e-04,9.17398400e-04
9.95000000e+03,7.21290045e-04,9.22928819e-04
9.96000000e+03,7.21504090e-04,9.25233795e-04
9.97000000e+03,7.18127299e-04,9.15079116e-04
9.98000000e+03,7.15434991e-04,9.10625386e-04
9.99000000e+03,7.14184273e-04,9.09434442e-04
1.00000000e+04,7.13220761e-04,9.07851521e-04
1.00100000e+04,7.12243804e-04,9.06274407e-04
1.00200000e+04,7.11261800e-04,9.04890483e-04
1.00300000e+04,7.10280325e-04,9.03628865e-04
1.00400000e+04,7.09308541e-04,9.04154331e-04
1.00500000e+04,7.08330957e-04,9.22454117e-04
1.00600000e+04,7.07396965e-04,9.00508534e-04
1.00700000e+04,7.07310071e-04,8.97917409e-04
1.00800000e+04,7.24723286e-04,8.96551977e-04
1.00900000e+04,7.08182375e-04,8.95248526e-04
1.01000000e+04,7.06349943e-04,8.94390098e-04
1.01100000e+04,7.03743488e-04,8.97989576e-04
1.01200000e+04,7.01888159e-04,9.02596494e-04
1.01300000e+04,7.00709483e-04,8.95980327e-04
1.01400000e+04,6.99730161e-04,8.89687908e-04
1.01500000e+04,6.98786316e-04,8.87011625e-04
1.01600000e+04,6.97838670e-04,8.85681846e-04
1.01700000e+04,6.96893647e-04,8.84660927e-04
1.01800000e+04,6.95953084e-04,8.85077974e-04
1.01900000e+04,6.95025192e-04,8.94292443e-04
1.02000000e+04,6.94589507e-04,8.81632946e-04
1.02100000e+04,7.12357538e-04,8.81453412e-04
1.02200000e+04,6.92412992e-04,8.78149949e-04
1.02300000e+04,6.96019855e-04,8.76356109e-04
1.02400000e+04,6.92954076e-04,8.75043334e-04
1.02500000e+04,6.89542085e-04,8.73657395e-04
1.02600000e+04,6.88670822e-04,8.72315039e-04
1.02700000e+04,6.87773423e-04,8.70985179e-04
1.02800000e+04,6.86780353e-04,8.69683950e-04
1.02900000e+04,6.85852210e-04,8.68687006e-04
1.03000000e+04,6.85080846e-04,8.75577207e-04
1.03100000e+04,6.87255822e-04,8.77906685e-04
1.03200000e+04,7.07386083e-04,8.67348252e-04
1.03300000e+04,6.89938635e-04,8.63838261e-04
1.03400000e+04,6.83793311e-04,8.62440207e-04
1.03500000e+04,6.81077927e-04,8.60999284e-04
1.03600000e+04,6.79719218e-04,8.59670614e-04
1.03700000e+04,6.78735847e-04,8.59433851e-04
1.03800000e+04,6.77832388e-04,8.69478870e-04
1.03900000e+04,6.76939519e-04,8.58922536e-04
1.04000000e+04,6.76053907e-04,8.57442679e-04
1.04100000e+04,6.75165640e-04,8.54589962e-04
1.04200000e+04,6.74279581e-04,8.52269437e-04
1.04300000e+04,6.73399147e-04,8.50652777e-04
1.04400000e+04,6.72515755e-04,8.49735734e-04
1.04500000e+04,6.71634563e-04,8.52942292e-04
1.04600000e+04,6.70767753e-04,8.54971368e-04
1.04700000e+04,6.70346977e-04,8.49035132e-04
1.04800000e+04,6.84390645e-04,8.45720864e-04
1.04900000e+04,6.71524187e-04,8.43689093e-04
1.05000000e+04,6.70952784e-04,8.42144836e-04
1.05100000e+04,6.67194050e-04,8.40813711e-04
1.05200000e+04,6.65575957e-04,8.39588458e-04
1.05300000e+04,6.64829324e-04,8.38382690e-04
1.05400000e+04,6.63921150e-04,8.37157542e-04
1.05500000e+04,6.63019542e-04,8.35962066e-04
1.05600000e+04,6.62156373e-04,8.35142087e-04
1.05700000e+04,6.61325856e-04,8.45729704e-04
1.05800000e+04,6.61252609e-04,8.37684511e-04
1.05900000e+04,6.85217150e-04,8.31152822e-04
1.06000000e+04,6.65984549e-04,8.31283807e-04
1.06100000e+04,6.63847404e-04,8.29821216e-04
1.06200000e+04,6.57740336e-04,8.27925087e-04
1.06300000e+04,6.56478805e-04,8.26505868e-04
1.06400000e+04,6.55763619e-04,8.25292613e-04
1.06500000e+04,6.54832318e-04,8.24115206e-04
1.06600000e+04,6.54442618e-04,8.22946557e-04
1.06700000e+04,6.58186622e-04,8.21778198e-04
1.06800000e+04,6.58109268e-04,8.20610279e-04
1.06900000e+04,6.53993502e-04,8.19522560e-04
1.07000000e+04,6.51041504e-04,8.21262867e-04
1.07100000e+04,6.49790974e-04,8.46007129e-04
1.07200000e+04,6.49087731e-04,8.22252234e-04
1.07300000e+04,6.48218207e-04,8.15138661e-04
1.07400000e+04,6.47381246e-04,8.14918978e-04
1.07500000e+04,6.46572575e-04,8.12822331e-04
1.07600000e+04,6.45768363e-04,8.11506059e-04
1.07700000e+04,6.44962609e-04,8.10400830e-04
1.07800000e+04,6.44168555e-04,8.09255464e-04
1.07900000e+04,6.43506377e-04,8.08116842e-04
1.08000000e+04,6.44813255e-04,8.06989643e-04
1.08100000e+04,6.57540444e-04,8.05875530e-04
1.08200000e+04,6.44610478e-04,8.04956333e-04
1.08300000e+04,6.41330214e-04,8.12156100e-04
1.08400000e+04,6.39745107e-04,8.04412255e-04
1.08500000e+04,6.38664624e-04,8.03163617e-04
1.08600000e+04,6.37789683e-04,8.02016228e-04
1.08700000e+04,6.37001842e-04,7.99440160e-04
1.08800000e+04,6.36219109e-04,7.98343714e-04
1.08900000e+04,6.35424698e-04,7.97197674e-04
1.09000000e+04,6.34651744e-04,7.96046595e-04
1.09100000e+04,6.34221447e-04,7.94956017e-04
1.09200000e+04,6.42207186e-04,7.93906427e-04
1.09300000e+04,6.35325821e-04,7.93294872e-04
1.09400000e+04,6.31539897e-04,8.01180002e-04
1.09500000e+04,6.31214196e-04,7.95826192e-04
1.09600000e+04,6.30455448e-04,7.91066774e-04
1.09700000e+04,6.29447415e-04,7.88765643e-04
1.09800000e+04,6.28530914e-04,7.87507724e-04
1.09900000e+04,6.27715544e-04,7.86437733e-04
1.10000000e+04,6.26936344e-04,7.85388638e-04
1.10100000e+04,6.26174478e-04,7.84340948e-04
1.10200000e+04,6.25494125e-04,7.83287069e-04
1.10300000e+04,6.26663539e-04,7.82234409e-04
1.10400000e+04,6.40369137e-04,7.81176444e-04
1.10500000e+04,6.28258291e-04,7.80123726e-04
1.10600000e+04,6.23790202e-04,7.79073656e-04
1.10700000e+04,6.21887128e-04,7.78022360e-04
1.10800000e+04,6.20926839e-04,7.76974113e-04
1.10900000e+04,6.20189334e-04,7.75924233e-04
1.11000000e+04,6.19664937e-04,7.74952114e-04
1.11100000e+04,6.21626357e-04,7.76260604e-04
1.11200000e+04,6.26831370e-04,7.95984317e-04
1.11300000e+04,6.19946211e-04,7.78050402e-04
1.11400000e+04,6.17156209e-04,7.71203093e-04
1.11500000e+04,6.15845740e-04,7.69829938e-04
1.11600000e+04,6.15014942e-04,7.68956466e-04
1.11700000e+04,6.14313554e-04,7.67829624e-04
1.11800000e+04,6.13575165e-04,7.66902715e-04
1.11900000e+04,6.12823162e-04,7.68985152e-04
1.12000000e+04,6.12099389e-04,7.84041800e-04
1.12100000e+04,6.11367068e-04,7.69876395e-04
1.12200000e+04,6.10636922e-04,7.64891574e-04
1.12300000e+04,6.09925381e-04,7.62459502e-04
1.12400000e+04,6.09638580e-04,7.60974668e-04
1.12500000e+04,6.22338288e-04,7.59812992e-04
1.12600000e+04,6.08458169e-04,7.58757356e-04
1.12700000e+04,6.09708233e-04,7.57736510e-04
1.12800000e+04,6.07819828e-04,7.56737933e-04
1.12900000e+04,6.05798999e-04,7.55753208e-04
1.13000000e+04,6.04907320e-04,7.54822417e-04
1.13100000e+04,6.04229346e-04,7.55340614e-04
1.13200000e+04,6.03516462e-04,7.68680991e-04
1.13300000e+04,6.02801581e-04,7.56735386e-04
1.13400000e+04,6.02091230e-04,7.51854466e-04
1.13500000e+04,6.01385051e-04,7.49938346e-04
1.13600000e+04,6.00803851e-04,7.48966169e-04
1.13700000e+04,6.07189973e-04,7.48023369e-04
1.13800000e+04,6.00002521e-04,7.47046895e-04
1.13900000e+04,6.02586995e-04,7.46077625e-04
1.14000000e+04,5.98752918e-04,7.45114907e-04
1.14100000e+04,5.97580700e-04,7.44169316e-04
1.14200000e+04,5.96736605e-04,7.43437271e-04
1.14300000e+04,5.95895344e-04,7.47546204e-04
1.14400000e+04,5.95242651e-04,7.51961699e-04
1.14500000e+04,5.94533081e-04,7.43272249e-04
1.14600000e+04,5.93854878e-04,7.42404041e-04
1.14700000e+04,5.93174333e-04,7.38504921e-04
1.14800000e+04,5.92498945e-04,7.37545121e-04
1.14900000e+04,5.91816886e-04,7.36612121e-04
1.15000000e+04,5.91144333e-04,7.35684029e-04
1.15100000e+04,5.90513162e-04,7.34750811e-04
1.15200000e+04,5.91530745e-04,7.33817873e-04
1.15300000e+04,6.00464376e-04,7.32886885e-04
1.15400000e+04,5.90573214e-04,7.32020377e-04
1.15500000e+04,5.87870891e-04,7.34094388e-04
1.15600000e+04,5.87396677e-04,7.45323279e-04
1.15700000e+04,5.86635131e-04,7.29960288e-04
1.15800000e+04,5.85848346e-04,7.29309995e-04
1.15900000e+04,5.85163300e-04,7.28092647e-04
1.16000000e+04,5.84503228e-04,7.26507842e-04
1.16100000e+04,5.83856028e-04,7.25644510e-04
1.16200000e+04,5.83341771e-04,7.24737805e-04
1.16300000e+04,5.85081681e-04,7.23811467e-04
1.16400000e+04,5.93650257e-04,7.22902612e-04
1.16500000e+04,5.85091690e-04,7.22003737e-04
1.16600000e+04,5.81955537e-04,7.21109427e-04
1.16700000e+04,5.80432497e-04,7.20213011e-04
1.16800000e+04,5.79472904e-04,7.19320509e-04
1.16900000e+04,5.78707779e-04,7.18551579e-04
1.17000000e+04,5.78017192e-04,7.20499542e-04
1.17100000e+04,5.77362171e-04,7.28545743e-04
1.17200000e+04,5.76714527e-04,7.19618667e-04
1.17300000e+04,5.76070815e-04,7.15254730e-04
1.17400000e+04,5.75425816e-04,7.14132369e-04
1.17500000e+04,5.74781679e-04,7.13238289e-04
1.17600000e+04,5.74136073e-04,7.12359502e-04
1.17700000e+04,5.73489531e-04,7.11458739e-04
1.17800000e+04,5.72852907e-04,7.10638302e-04
1.17900000e+04,5.72495981e-04,7.10338129e-04
1.18000000e+04,5.83850993e-04,7.14629772e-04
1.18100000e+04,5.74142450e-04,7.09744643e-04
1.18200000e+04,5.73684461e-04,7.08751708e-04
1.18300000e+04,5.69774427e-04,7.06839492e-04
1.18400000e+04,5.69311753e-04,7.05428625e-04
1.18500000e+04,5.68554235e-04,7.04533362e-04
1.18600000e+04,5.67807649e-04,7.03704536e-04
1.18700000e+04,5.67193427e-04,7.02809826e-04
1.18800000e+04,5.66582494e-04,7.01966183e-04
1.18900000e+04,5.66248902e-04,7.01109821e-04
1.19000000e+04,5.72995112e-04,7.00252695e-04
1.19100000e+04,5.64816495e-04,6.99404460e-04
1.19200000e+04,5.64337453e-04,6.98640994e-04
1.19300000e+04,5.64083082e-04,6.99590688e-04
1.19400000e+04,5.63246322e-04,7.10041102e-04
1.19500000e+04,5.62408681e-04,7.00350985e-04
1.19600000e+04,5.61711469e-04,6.96878971e-04
1.19700000e+04,5.61077119e-04,6.95432809e-04
1.19800000e+04,5.60464152e-04,6.94960712e-04
1.19900000e+04,5.59857013e-04,6.93937483e-04
1.20000000e+04,5.59247957e-04,6.92154164e-04
1.20100000e+04,5.58642041e-04,6.91052330e-04
1.20200000e+04,5.58033946e-04,6.90231020e-04
1.20300000e+04,5.57463612e-04,6.89466400e-04
1.20400000e+04,5.58453758e-04,6.89234606e-04
1.20500000e+04,5.63932233e-04,6.94916293e-04
1.20600000e+04,5.56001160e-04,6.87403804e-04
1.20700000e+04,5.55570550e-04,6.86783616e-04
1.20800000e+04,5.54812381e-04,6.85763938e-04
1.20900000e+04,5.53877762e-04,6.84760456e-04
1.21000000e+04,5.53302321e-04,6.83798593e-04
1.21100000e+04,5.52711135e-04,6.82930222e-04
1.21200000e+04,5.52110589e-04,6.82324393e-04
1.21300000e+04,5.51516794e-04,6.85213607e-04
1.21400000e+04,5.50928537e-04,6.82086917e-04
1.21500000e+04,5.50337725e-04,6.80180437e-04
1.21600000e+04,5.49751472e-04,6.78953154e-04
1.21700000e+04,5.49161799e-04,6.78159784e-04
1.21800000e+04,5.48571585e-04,6.77351856e-04
1.21900000e+04,5.47992509e-04,6.76561584e-04
1.22000000e+04,5.47891985e-04,6.75772477e-04
1.22100000e+04,5.70019802e-04,6.74983739e-04
1.22200000e+04,5.55512477e-04,6.74195764e-04
1.22300000e+04,5.45811705e-04,6.73413258e-04
1.22400000e+04,5.46104071e-04,6.72721475e-04
1.22500000e+04,5.44650007e-04,6.73995306e-04
1.22600000e+04,5.44082854e-04,6.83890516e-04
1.22700000e+04,5.43437585e-04,6.74415258e-04
1.22800000e+04,5.42874655e-04,6.70755529e-04
1.22900000e+04,5.42296606e-04,6.69048937e-04
1.23000000e+04,5.41736506e-04,6.68053974e-04
1.23100000e+04,5.41182853e-04,6.67292441e-04
1.23200000e+04,5.40916386e-04,6.67273145e-04
1.23300000e+04,5.47050651e-04,6.73166482e-04
1.23400000e+04,5.39698329e-04,6.65525649e-04
1.23500000e+04,5.39517805e-04,6.64230978e-04
1.23600000e+04,5.38910852e-04,6.63413372e-04
1.23700000e+04,5.38072280e-04,6.62671995e-04
1.23800000e+04,5.37362270e-04,6.61937482e-04
1.23900000e+04,5.36758369e-04,6.61176284e-04
1.24000000e+04,5.36192667e-04,6.60405387e-04
1.24100000e+04,5.35639145e-04,6.59652331e-04
1.24200000e+04,5.35086845e-04,6.58901776e-04
1.24300000e+04,5.34532581e-04,6.58147981e-04
1.24400000e+04,5.33983231e-04,6.57408962e-04
1.24500000e+04,5.33435301e-04,6.57106430e-04
1.24600000e+04,5.32880560e-04,6.66152102e-04
1.24700000e+04,5.32329159e-04,6.58804096e-04
1.24800000e+04,5.31773712e-04,6.55607506e-04
1.24900000e+04,5.31222318e-04,6.53741861e-04
1.25000000e+04,5.30668687e-04,6.53014356e-04
1.25100000e+04,5.30118246e-04,6.52294093e-04
1.25200000e+04,5.29680772e-04,6.51524080e-04
1.25300000e+04,5.33726077e-04,6.50779422e-04
1.25400000e+04,5.28800676e-04,6.50049995e-04
1.25500000e+04,5.29365439e-04,6.49441570e-04
1.25600000e+04,5.27801760e-04,6.51853561e-04
1.25700000e+04,5.26856296e-04,6.54650408e-04
1.25800000e+04,5.26382104e-04,6.48571189e-04
1.25900000e+04,5.25829480e-04,6.46891229e-04
1.26000000e+04,5.25456704e-04,6.46186571e-04
1.26100000e+04,5.27687724e-04,6.45224731e-04
1.26200000e+04,5.26003070e-04,6.44351971e-04
1.26300000e+04,5.24594539e-04,6.43636906e-04
1.26400000e+04,5.23519979e-04,6.42940171e-04
1.26500000e+04,5.22771006e-04,6.42248760e-04
1.26600000e+04,5.22143051e-04,6.41628461e-04
1.26700000e+04,5.21570415e-04,6.41973851e-04
1.26800000e+04,5.21067468e-04,6.47384015e-04
1.26900000e+04,5.21417067e-04,6.40423557e-04
1.27000000e+04,5.29776764e-04,6.38841619e-04
1.27100000e+04,5.22332852e-04,6.38048845e-04
1.27200000e+04,5.20100606e-04,6.37392546e-04
1.27300000e+04,5.18816094e-04,6.36707440e-04
1.27400000e+04,5.18030149e-04,6.35986278e-04
1.27500000e+04,5.17435885e-04,6.35280849e-04
1.27600000e+04,5.16896682e-04,6.34594981e-04
1.27700000e+04,5.16373642e-04,6.33900403e-04
1.27800000e+04,5.15856700e-04,6.33205405e-04
1.27900000e+04,5.15337422e-04,6.32515288e-04
1.28000000e+04,5.14822837e-04,6.31826304e-04
1.28100000e+04,5.14309464e-04,6.31144818e-04
1.28200000e+04,5.13789946e-04,6.30646697e-04
1.28300000e+04,5.13275358e-04,6.33896234e-04
1.28400000e+04,5.12770104e-04,6.30821836e-04
1.28500000e+04,5.12652688e-04,6.28759204e-04
1.28600000e+04,5.22731065e-04,6.27734178e-04
1.28700000e+04,5.15390668e-04,6.27038049e-04
1.28800000e+04,5.11663224e-04,6.26364523e-04
1.28900000e+04,5.10238217e-04,6.25690809e-04
1.29000000e+04,5.09894544e-04,6.25067427e-04
1.29100000e+04,5.09269685e-04,6.25289207e-04
1.29200000e+04,5.08720394e-04,6.29984623e-04
1.29300000e+04,5.08221478e-04,6.25451950e-04
1.29400000e+04,5.07721699e-04,6.23129259e-04
1.29500000e+04,5.07224744e-04,6.21941446e-04
1.29600000e+04,5.06796994e-04,6.21144412e-04
1.29700000e+04,5.07975750e-04,6.20462355e-04
1.29800000e+04,5.11758692e-04,6.19944793e-04
1.29900000e+04,5.07014527e-04,6.20398108e-04
1.30000000e+04,5.05094304e-04,6.21259896e-04
1.30100000e+04,5.04289412e-04,6.18017488e-04
1.30200000e+04,5.03762582e-04,6.17224088e-04
1.30300000e+04,5.03270250e-04,6.16567526e-04
1.30400000e+04,5.02779840e-04,6.15820194e-04
1.30500000e+04,5.02292194e-04,6.15159981e-04
1.30600000e+04,5.01800096e-04,6.14504803e-04
1.30700000e+04,5.01309944e-04,6.13863816e-04
1.30800000e+04,5.00819151e-04,6.13268761e-04
1.30900000e+04,5.00328144e-04,6.13161059e-04
1.31000000e+04,4.99865684e-04,6.16980686e-04
1.31100000e+04,5.00307884e-04,6.11316778e-04
1.31200000e+04,5.03488402e-04,6.10897334e-04
1.31300000e+04,4.99227001e-04,6.10357816e-04
1.31400000e+04,4.97902824e-04,6.09896415e-04
1.31500000e+04,4.97507754e-04,6.09972263e-04
1.31600000e+04,4.97011439e-04,6.08858150e-04
1.31700000e+04,4.96489451e-04,6.07478347e-04
1.31800000e+04,4.95990669e-04,6.06969448e-04
1.31900000e+04,4.95504893e-04,6.06191206e-04
1.32000000e+04,4.95024313e-04,6.05546031e-04
1.32100000e+04,4.94548913e-04,6.05036557e-04
1.32200000e+04,4.94066717e-04,6.06028811e-04
1.32300000e+04,4.93606029e-04,6.05334850e-04
1.32400000e+04,4.93722353e-04,6.04068937e-04
1.32500000e+04,5.02729850e-04,6.02888835e-04
1.32600000e+04,4.96424280e-04,6.02007325e-04
1.32700000e+04,4.92197269e-04,6.01343019e-04
1.32800000e+04,4.91382947e-04,6.01027294e-04
1.32900000e+04,4.90934181e-04,6.01697029e-04
1.33000000e+04,4.90345548e-04,5.99971359e-04
1.33100000e+04,4.89854618e-04,5.99379620e-04
1.33200000e+04,4.89407535e-04,5.99839646e-04
1.33300000e+04,4.89048933e-04,5.99035178e-04
1.33400000e+04,4.89666480e-04,5.97119246e-04
1.33500000e+04,4.91157625e-04,5.96336866e-04
1.33600000e+04,4.88324735e-04,5.95699717e-04
1.33700000e+04,4.87145357e-04,5.95052910e-04
1.33800000e+04,4.86625620e-04,5.94416024e-04
1.33900000e+04,4.86208930e-04,5.93812558e-04
1.34000000e+04,4.85716799e-04,5.93233823e-04
1.34100000e+04,4.85247601e-04,5.92888087e-04
1.34200000e+04,4.84789663e-04,5.94964240e-04
1.34300000e+04,4.84329641e-04,5.91702346e-04
1.34400000e+04,4.83868625e-04,5.91477992e-04
1.34500000e+04,4.83408585e-04,5.92023916e-04
1.34600000e+04,4.82950702e-04,5.90929441e-04
1.34700000e+04,4.82504754e-04,5.89259733e-04
1.34800000e+04,4.82332183e-04,5.88552321e-04
1.34900000e+04,4.87357662e-04,5.87863475e-04
1.35000000e+04,4.82015672e-04,5.87277960e-04
1.35100000e+04,4.81392384e-04,5.86657261e-04
1.35200000e+04,4.80606792e-04,5.86096403e-04
1.35300000e+04,4.79902195e-04,5.86009441e-04
1.35400000e+04,4.79361559e-04,5.88385952e-04
1.35500000e+04,4.78884933e-04,5.85408017e-04
1.35600000e+04,4.78432896e-04,5.84659048e-04
1.35700000e+04,4.77993726e-04,5.83489644e-04
1.35800000e+04,4.77754751e-04,5.82559884e-04
1.35900000e+04,4.80404567e-04,5.81986460e-04
1.36000000e+04,4.77200025e-04,5.81469038e-04
1.36100000e+04,4.76423502e-04,5.81221861e-04
1.36200000e+04,4.75912158e-04,5.82495790e-04
1.36300000e+04,4.75400517e-04,5.80335167e-04
1.36400000e+04,4.74920340e-04,5.79666550e-04
1.36500000e+04,4.74492546e-04,5.78537976e-04
1.36600000e+04,4.74302999e-04,5.77999355e-04
1.36700000e+04,4.75882509e-04,5.77381332e-04
1.36800000e+04,4.73366714e-04,5.76813703e-04
1.36900000e+04,4.73121714e-04,5.76257547e-04
1.37000000e+04,4.72441510e-04,5.76463268e-04
1.37100000e+04,4.71839076e-04,5.81228327e-04
1.37200000e+04,4.71397630e-04,5.76335240e-04
1.37300000e+04,4.70961770e-04,5.74277397e-04
1.37400000e+04,4.70517407e-04,5.73420044e-04
1.37500000e+04,4.70083567e-04,5.72861396e-04
1.37600000e+04,4.69650180e-04,5.72308823e-04
1.37700000e+04,4.69225224e-04,5.71747889e-04
1.37800000e+04,4.68975566e-04,5.71186143e-04
1.37900000e+04,4.71432309e-04,5.70630347e-04
1.38000000e+04,4.68252956e-04,5.70155255e-04
1.38100000e+04,4.67626121e-04,5.72526385e-04
1.38200000e+04,4.67062297e-04,5.69675174e-04
1.38300000e+04,4.66652033e-04,5.68581598e-04
1.38400000e+04,4.66236490e-04,5.68451995e-04
1.38500000e+04,4.65866076e-04,5.67529683e-04
1.38600000e+04,4.65873200e-04,5.66806975e-04
1.38700000e+04,4.67147947e-04,5.66260729e-04
1.38800000e+04,4.64503861e-04,5.65724617e-04
1.38900000e+04,4.64307934e-04,5.65180713e-04
1.39000000e+04,4.63765487e-04,5.64639282e-04
1.39100000e+04,4.63239245e-04,5.64095410e-04
1.39200000e+04,4.62837330e-04,5.63551497e-04
1.39300000e+04,4.62402673e-04,5.63024842e-04
1.39400000e+04,4.62045844e-04,5.63181415e-04
1.39500000e+04,4.62796021e-04,5.66930610e-04
1.39600000e+04,4.61724945e-04,5.61595416e-04
1.39700000e+04,4.60937981e-04,5.61354620e-04
1.39800000e+04,4.60361285e-04,5.60481636e-04
1.39900000e+04,4.59907109e-04,5.59855682e-04
1.40000000e+04,4.59480691e-04,5.59344480e-04
1.40100000e+04,4.59064056e-04,5.58790663e-04
1.40200000e+04,4.58647257e-04,5.58265729e-04
1.40300000e+04,4.58290735e-04,5.57743209e-04
1.40400000e+04,4.59671077e-04,5.57217654e-04
1.40500000e+04,4.58688075e-04,5.56692730e-04
1.40600000e+04,4.57017630e-04,5.56166780e-04
1.40700000e+04,4.56733418e-04,5.55643939e-04
1.40800000e+04,4.56340003e-04,5.55142151e-04
1.40900000e+04,4.55841129e-04,5.55240915e-04
1.41000000e+04,4.55392670e-04,5.59700951e-04
1.41100000e+04,4.54976514e-04,5.55214152e-04
1.41200000e+04,4.54574973e-04,5.53288532e-04
1.41300000e+04,4.54176341e-04,5.52553667e-04
1.41400000e+04,4.53993536e-04,5.52052405e-04
1.41500000e+04,4.58650684e-04,5.51531557e-04
1.41600000e+04,4.54674258e-04,5.51008894e-04
1.41700000e+04,4.53327468e-04,5.50496869e-04
1.41800000e+04,4.52249513e-04,5.50069657e-04
1.41900000e+04,4.51788359e-04,5.51241070e-04
1.42000000e+04,4.51407332e-04,5.50871464e-04
1.42100000e+04,4.51005335e-04,5.49087452e-04
1.42200000e+04,4.50600395e-04,5.48104787e-04
1.42300000e+04,4.50202857e-04,5.47491081e-04
1.42400000e+04,4.49806414e-04,5.46967531e-04
1.42500000e+04,4.49411269e-04,5.46461522e-04
1.42600000e+04,4.49015830e-04,5.45957857e-04
1.42700000e+04,4.48617509e-04,5.45454015e-04
1.42800000e+04,4.48221706e-04,5.44951465e-04
1.42900000e+04,4.47827410e-04,5.44447359e-04
1.43000000e+04,4.47441609e-04,5.43946981e-04
1.43100000e+04,4.47276754e-04,5.43442799e-04
1.43200000e+04,4.49347153e-04,5.42941223e-04
1.43300000e+04,4.47052042e-04,5.42436017e-04
1.43400000e+04,4.46230231e-04,5.41933685e-04
1.43500000e+04,4.45605441e-04,5.41429861e-04
1.43600000e+04,4.45124257e-04,5.40924348e-04
1.43700000e+04,4.44706498e-04,5.40423009e-04
1.43800000e+04,4.44314446e-04,5.40010451e-04
1.43900000e+04,4.44031368e-04,5.43518028e-04
1.44000000e+04,4.45585983e-04,5.41347663e-04
1.44100000e+04,4.43355730e-04,5.39113018e-04
1.44200000e+04,4.42810115e-04,5.38215663e-04
1.44300000e+04,4.42383274e-04,5.37695534e-04
1.44400000e+04,4.41994509e-04,5.37484522e-04
1.44500000e+04,4.41612750e-04,5.37628581e-04
1.44600000e+04,4.41229629e-04,5.36125974e-04
1.44700000e+04,4.40849763e-04,5.35693014e-04
1.44800000e+04,4.40487018e-04,5.35105462e-04
1.44900000e+04,4.40413110e-04,5.34584640e-04
1.45000000e+04,4.42864617e-04,5.34122300e-04
1.45100000e+04,4.39954410e-04,5.33672086e-04
1.45200000e+04,4.39181116e-04,5.33387552e-04
1.45300000e+04,4.38664159e-04,5.34066554e-04
1.45400000e+04,4.38229456e-04,5.32520700e-04
1.45500000e+04,4.37829538e-04,5.32069458e-04
1.45600000e+04,4.37448571e-04,5.31281519e-04
1.45700000e+04,4.37072487e-04,5.30923277e-04
1.45800000e+04,4.36696864e-04,5.33615594e-04
1.45900000e+04,4.36317769e-04,5.30022442e-04
1.46000000e+04,4.35940614e-04,5.29710109e-04
1.46100000e+04,4.35564178e-04,5.29167883e-04
1.46200000e+04,4.35188493e-04,5.28545876e-04
1.46300000e+04,4.34862530e-04,5.28003824e-04
1.46400000e+04,4.36103794e-04,5.27518027e-04
1.46500000e+04,4.34550502e-04,5.27051523e-04
1.46600000e+04,4.33744564e-04,5.26587264e-04
1.46700000e+04,4.33592319e-04,5.26122920e-04
1.46800000e+04,4.33075904e-04,5.25658774e-04
1.46900000e+04,4.32601617e-04,5.25195954e-04
1.47000000e+04,4.32221517e-04,5.24731939e-04
1.47100000e+04,4.31857656e-04,5.24266006e-04
1.47200000e+04,4.31489098e-04,5.23804747e-04
1.47300000e+04,4.31122286e-04,5.23387844e-04
1.47400000e+04,4.30765544e-04,5.24343866e-04
1.47500000e+04,4.30649796e-04,5.23643826e-04
1.47600000e+04,4.33326313e-04,5.22019584e-04
1.47700000e+04,4.30736925e-04,5.21635553e-04
1.47800000e+04,4.29732259e-04,5.21190663e-04
1.47900000e+04,4.29061367e-04,5.20654554e-04
1.48000000e+04,4.28616966e-04,5.20168147e-04
1.48100000e+04,4.28241645e-04,5.19707186e-04
1.48200000e+04,4.27907242e-04,5.19254188e-04
1.48300000e+04,4.27763951e-04,5.18800138e-04
1.48400000e+04,4.28120926e-04,5.18347582e-04
1.48500000e+04,4.26788849e-04,5.17894438e-04
1.48600000e+04,4.26554770e-04,5.17443405e-04
1.48700000e+04,4.26094650e-04,5.16991735e-04
1.48800000e+04,4.25724416e-04,5.16631208e-04
1.48900000e+04,4.25357084e-04,5.19355030e-04
1.49000000e+04,4.25003343e-04,5.16085462e-04
1.49100000e+04,4.24647393e-04,5.16013824e-04
1.49200000e+04,4.24289143e-04,5.14957976e-04
1.49300000e+04,4.23976591e-04,5.14320944e-04
1.49400000e+04,4.24092117e-04,5.13910356e-04
1.49500000e+04,4.24558024e-04,5.13456378e-04
1.49600000e+04,4.23280773e-04,5.13006060e-04
1.49700000e+04,4.22614388e-04,5.12562005e-04
1.49800000e+04,4.22168396e-04,5.12123572e-04
1.49900000e+04,4.21834720e-04,5.11684644e-04
1.50000000e+04,4.21618921e-04,5.11246315e-04
1.50100000e+04,4.22213854e-04,5.10813159e-04
1.50200000e+04,4.21089915e-04,5.10532413e-04
1.50300000e+04,4.20705906e-04,5.11966129e-04
1.50400000e+04,4.20107503e-04,5.09813162e-04
1.50500000e+04,4.19703969e-04,5.09192780e-04
1.50600000e+04,4.19366903e-04,5.08684070e-04
1.50700000e+04,4.19008269e-04,5.08215433e-04
1.50800000e+04,4.18756721e-04,5.07764169e-04
1.50900000e+04,4.19521928e-04,5.07327488e-04
1.51000000e+04,4.18094314e-04,5.06901761e-04
1.51100000e+04,4.17714989e-04,5.06780181e-04
1.51200000e+04,4.17316580e-04,5.10818452e-04
1.51300000e+04,4.16957715e-04,5.07149538e-04
1.51400000e+04,4.16595056e-04,5.05448692e-04
1.51500000e+04,4.16239389e-04,5.04773006e-04
1.51600000e+04,4.15892533e-04,5.04383897e-04
1.51700000e+04,4.15550921e-04,5.03946199e-04
1.51800000e+04,4.15272318e-04,5.03507839e-04
1.51900000e+04,4.16466532e-04,5.03083367e-04
1.52000000e+04,4.14663753e-04,5.02659015e-04
1.52100000e+04,4.14198201e-04,5.02236706e-04
1.52200000e+04,4.13931522e-04,5.01816223e-04
1.52300000e+04,4.13580065e-04,5.01393057e-04
1.52400000e+04,4.13202937e-04,5.00972206e-04
1.52500000e+04,4.12846681e-04,5.00546004e-04
1.52600000e+04,4.12502670e-04,5.00125283e-04
1.52700000e+04,4.12166512e-04,4.99707490e-04
1.52800000e+04,4.11888215e-04,4.99602816e-04
1.52900000e+04,4.12679885e-04,5.03337944e-04
1.53000000e+04,4.11265652e-04,4.99531205e-04
1.53100000e+04,4.10852477e-04,4.98062969e-04
1.53200000e+04,4.10498604e-04,4.97764784e-04
1.53300000e+04,4.10172592e-04,4.97255991e-04
1.53400000e+04,4.09836321e-04,4.96809802e-04
1.53500000e+04,4.09503522e-04,4.96400819e-04
1.53600000e+04,4.09171109e-04,4.95988990e-04
1.53700000e+04,4.08836622e-04,4.95579416e-04
1.53800000e+04,4.08508109e-04,4.95166572e-04
1.53900000e+04,4.08176917e-04,4.94757620e-04
1.54000000e+04,4.07901347e-04,4.94349681e-04
1.54100000e+04,4.08744138e-04,4.93991520e-04
1.54200000e+04,4.07259271e-04,4.95183287e-04
1.54300000e+04,4.06940115e-04,4.93398918e-04
1.54400000e+04,4.06612857e-04,4.93001342e-04
1.54500000e+04,4.06249494e-04,4.92491175e-04
1.54600000e+04,4.05899385e-04,4.91939298e-04
1.54700000e+04,4.05564191e-04,4.91529465e-04
1.54800000e+04,4.05234146e-04,4.91132945e-04
1.54900000e+04,4.04910748e-04,4.90739707e-04
1.55000000e+04,4.04616283e-04,4.90405755e-04
1.55100000e+04,4.04901426e-04,4.90630249e-04
1.55200000e+04,4.05340981e-04,4.90371223e-04
1.55300000e+04,4.04094440e-04,4.89474804e-04
1.55400000e+04,4.03432690e-04,4.88781079e-04
1.55500000e+04,4.03011107e-04,4.88340373e-04
1.55600000e+04,4.02664855e-04,4.87957437e-04
1.55700000e+04,4.02338503e-04,4.87550516e-04
1.55800000e+04,4.02014914e-04,4.87154693e-04
1.55900000e+04,4.01694666e-04,4.86756267e-04
1.56000000e+04,4.01376603e-04,4.86360183e-04
1.56100000e+04,4.01125189e-04,4.85963326e-04
1.56200000e+04,4.02089681e-04,4.85565921e-04
1.56300000e+04,4.00450084e-04,4.85185561e-04
1.56400000e+04,4.00159288e-04,4.85087852e-04
1.56500000e+04,3.99843710e-04,4.86814422e-04
1.56600000e+04,3.99500603e-04,4.84621489e-04
1.56700000e+04,3.99167042e-04,4.83832120e-04
1.56800000e+04,3.98847164e-04,4.83297275e-04
1.56900000e+04,3.98527882e-04,4.82851570e-04
1.57000000e+04,3.98211570e-04,4.82453657e-04
1.57100000e+04,3.97894393e-04,4.82215119e-04
1.57200000e+04,3.97580297e-04,4.83001690e-04
1.57300000e+04,3.97274369e-04,4.81298453e-04
1.57400000e+04,3.97048627e-04,4.80895993e-04
1.57500000e+04,3.97992046e-04,4.80527227e-04
1.57600000e+04,3.96329431e-04,4.80136072e-04
1.57700000e+04,3.96014530e-04,4.79735110e-04
1.57800000e+04,3.95703215e-04,4.79345388e-04
1.57900000e+04,3.95393481e-04,4.78963100e-04
1.58000000e+04,3.95100100e-04,4.78592827e-04
1.58100000e+04,3.94956131e-04,4.78385195e-04
1.58200000e+04,3.95430734e-04,4.79235085e-04
1.58300000e+04,3.94198183e-04,4.77717491e-04
1.58400000e+04,3.93864724e-04,4.77138226e-04
1.58500000e+04,3.93564496e-04,4.76696425e-04
1.58600000e+04,3.93245746e-04,4.76295158e-04
1.58700000e+04,3.92920052e-04,4.75916369e-04
1.58800000e+04,3.92614242e-04,4.75540504e-04
1.58900000e+04,3.92305434e-04,4.75188906e-04
1.59000000e+04,3.91995773e-04,4.75083934e-04
1.59100000e+04,3.91688853e-04,4.75953253e-04
1.59200000e+04,3.91393725e-04,4.74225977e-04
1.59300000e+04,3.91561884e-04,4.73664921e-04
1.59400000e+04,3.91713031e-04,4.73302227e-04
1.59500000e+04,3.90506371e-04,4.73030441e-04
1.59600000e+04,3.90224788e-04,4.73305518e-04
1.59700000e+04,3.89932682e-04,4.72295629e-04
1.59800000e+04,3.89578630e-04,4.71961470e-04
1.59900000e+04,3.89263305e-04,4.71468768e-04
1.60000000e+04,3.88963879e-04,4.71058484e-04
1.60100000e+04,3.88669889e-04,4.70693576e-04
1.60200000e+04,3.88461451e-04,4.70317838e-04
1.60300000e+04,3.89588629e-04,4.69948889e-04
1.60400000e+04,3.87837681e-04,4.69578648e-04
1.60500000e+04,3.87513051e-04,4.69208328e-04
1.60600000e+04,3.87202999e-04,4.68837801e-04
1.60700000e+04,3.86891305e-04,4.68523109e-04
1.60800000e+04,3.86586811e-04,4.69228764e-04
1.60900000e+04,3.86289255e-04,4.68115784e-04
1.61000000e+04,3.85995176e-04,4.67424343e-04
1.61100000e+04,3.85704279e-04,4.67133405e-04
1.61200000e+04,3.85526639e-04,4.66692723e-04
1.61300000e+04,3.86405731e-04,4.66303040e-04
1.61400000e+04,3.85039375e-04,4.65927033e-04
1.61500000e+04,3.84596922e-04,4.65563651e-04
1.61600000e+04,3.84257411e-04,4.65205179e-04
1.61700000e+04,3.83951188e-04,4.64991739e-04
1.61800000e+04,3.83654124e-04,4.66960846e-04
1.61900000e+04,3.83362707e-04,4.64970761e-04
1.62000000e+04,3.83066144e-04,4.63963073e-04
1.62100000e+04,3.82774693e-04,4.63422706e-04
1.62200000e+04,3.82483599e-04,4.63080763e-04
1.62300000e+04,3.82190490e-04,4.62729471e-04
1.62400000e+04,3.81896652e-04,4.62376720e-04
1.62500000e+04,3.81604479e-04,4.62084219e-04
1.62600000e+04,3.81311729e-04,4.62450038e-04
1.62700000e+04,3.81023663e-04,4.61621770e-04
1.62800000e+04,3.80799363e-04,4.61186726e-04
1.62900000e+04,3.81552805e-04,4.60722331e-04
1.63000000e+04,3.80832405e-04,4.60309948e-04
1.63100000e+04,3.80112651e-04,4.59932313e-04
1.63200000e+04,3.79844461e-04,4.59578656e-04
1.63300000e+04,3.79368221e-04,4.59233606e-04
1.63400000e+04,3.79016939e-04,4.58884004e-04
1.63500000e+04,3.78727653e-04,4.58536077e-04
1.63600000e+04,3.78441951e-04,4.58187786e-04
1.63700000e+04,3.78157400e-04,4.57839767e-04
1.63800000e+04,3.77871309e-04,4.57490065e-04
1.63900000e+04,3.77587343e-04,4.57140877e-04
1.64000000e+04,3.77303473e-04,4.56791680e-04
1.64100000e+04,3.77019362e-04,4.56464430e-04
1.64200000e+04,3.76733740e-04,4.56662832e-04
1.64300000e+04,3.76472946e-04,4.56782054e-04
1.64400000e+04,3.76567612e-04,4.55556346e-04
1.64500000e+04,3.76338827e-04,4.55061796e-04
1.64600000e+04,3.75966089e-04,4.54743149e-04
1.64700000e+04,3.75353584e-04,4.54400664e-04
1.64800000e+04,3.75066624e-04,4.54049667e-04
1.64900000e+04,3.74775191e-04,4.53703105e-04
1.65000000e+04,3.74485900e-04,4.53365301e-04
1.65100000e+04,3.74204683e-04,4.53102391e-04
1.65200000e+04,3.73924200e-04,4.53577342e-04
1.65300000e+04,3.73660725e-04,4.52412552e-04
1.65400000e+04,3.73589239e-04,4.52446428e-04
1.65500000e+04,3.74267482e-04,4.51674809e-04
1.65600000e+04,3.73145662e-04,4.51345184e-04
1.65700000e+04,3.72642469e-04,4.51097472e-04
1.65800000e+04,3.72294067e-04,4.51378124e-04
1.65900000e+04,3.71996761e-04,4.50330892e-04
1.66000000e+04,3.71714310e-04,4.50056765e-04
1.66100000e+04,3.71437549e-04,4.49710917e-04
1.66200000e+04,3.71161712e-04,4.49376985e-04
1.66300000e+04,3.70887055e-04,4.49110184e-04
1.66400000e+04,3.70614060e-04,4.48666562e-04
1.66500000e+04,3.70377635e-04,4.48330598e-04
1.66600000e+04,3.70670650e-04,4.47997831e-04
1.66700000e+04,3.69904299e-04,4.47665332e-04
1.66800000e+04,3.69584888e-04,4.47331222e-04
1.66900000e+04,3.69273353e-04,4.46999984e-04
1.67000000e+04,3.68987468e-04,4.46697744e-04
1.67100000e+04,3.68705612e-04,4.46808162e-04
1.67200000e+04,3.68431398e-04,4.46387427e-04
1.67300000e+04,3.68153291e-04,4.46118898e-04
1.67400000e+04,3.67884048e-04,4.46870601e-04
1.67500000e+04,3.67673110e-04,4.45403817e-04
1.67600000e+04,3.68176408e-04,4.44730607e-04
1.67700000e+04,3.67092927e-04,4.44386600e-04
1.67800000e+04,3.66805216e-04,4.44044046e-04
1.67900000e+04,3.66534619e-04,4.43718627e-04
1.68000000e+04,3.66264370e-04,4.43414830e-04
1.68100000e+04,3.65995951e-04,4.43127205e-04
1.68200000e+04,3.65727870e-04,4.42992932e-04
1.68300000e+04,3.65459937e-04,4.44500491e-04
1.68400000e+04,3.65199228e-04,4.42833303e-04
1.68500000e+04,3.65023108e-04,4.42199922e-04
1.68600000e+04,3.65393584e-04,4.41901739e-04
1.68700000e+04,3.64506590e-04,4.41401067e-04
1.68800000e+04,3.64159851e-04,4.41104630e-04
1.68900000e+04,3.63870953e-04,4.40814785e-04
1.69000000e+04,3.63592178e-04,4.40527663e-04
1.69100000e+04,3.63330637e-04,4.40241542e-04
1.69200000e+04,3.63064923e-04,4.39954971e-04
1.69300000e+04,3.62797786e-04,4.39701944e-04
1.69400000e+04,3.62540641e-04,4.40003636e-04
1.69500000e+04,3.62551014e-04,4.39358260e-04
1.69600000e+04,3.62964174e-04,4.38935513e-04
1.69700000e+04,3.61794117e-04,4.38568148e-04
1.69800000e+04,3.61556802e-04,4.38256015e-04
1.69900000e+04,3.61282695e-04,4.37963536e-04
1.70000000e+04,3.60973569e-04,4.37677356e-04
1.70100000e+04,3.60714512e-04,4.37393121e-04
1.70200000e+04,3.60456692e-04,4.37106637e-04
1.70300000e+04,3.60195721e-04,4.37443481e-04
1.70400000e+04,3.59938942e-04,4.36538627e-04
1.70500000e+04,3.59680036e-04,4.36252483e-04
1.70600000e+04,3.59449758e-04,4.35967833e-04
1.70700000e+04,3.59836762e-04,4.35683211e-04
1.70800000e+04,3.58941417e-04,4.35405087e-04
1.70900000e+04,3.58650270e-04,4.35262516e-04
1.71000000e+04,3.58408995e-04,4.36767972e-04
1.71100000e+04,3.58156027e-04,4.35154565e-04
1.71200000e+04,3.57895786e-04,4.34487942e-04
1.71300000e+04,3.57637660e-04,4.34032385e-04
1.71400000e+04,3.57381503e-04,4.33712270e-04
1.71500000e+04,3.57127390e-04,4.33426738e-04
1.71600000e+04,3.56872628e-04,4.33148452e-04
1.71700000e+04,3.56616738e-04,4.32867972e-04
1.71800000e+04,3.56360959e-04,4.32590605e-04
1.71900000e+04,3.56107248e-04,4.32332965e-04
1.72000000e+04,3.55872424e-04,4.32456807e-04
1.72100000e+04,3.56089038e-04,4.32120130e-04
1.72200000e+04,3.55355573e-04,4.31611446e-04
1.72300000e+04,3.55114560e-04,4.31245080e-04
1.72400000e+04,3.54863460e-04,4.30938304e-04
1.72500000e+04,3.54603382e-04,4.30652808e-04
1.72600000e+04,3.54345344e-04,4.30371610e-04
1.72700000e+04,3.54091597e-04,4.30098073e-04
1.72800000e+04,3.53839205e-04,4.29826743e-04
1.72900000e+04,3.53585818e-04,4.29629568e-04
1.73000000e+04,3.53334335e-04,4.29862523e-04
1.73100000e+04,3.53081072e-04,4.29059131e-04
1.73200000e+04,3.52832960e-04,4.28731015e-04
1.73300000e+04,3.52674580e-04,4.28450028e-04
1.73400000e+04,3.54051526e-04,4.28180283e-04
1.73500000e+04,3.52654346e-04,4.27909163e-04
1.73600000e+04,3.51893706e-04,4.27631698e-04
1.73700000e+04,3.51600318e-04,4.27359235e-04
1.73800000e+04,3.51367582e-04,4.27107718e-04
1.73900000e+04,3.51104205e-04,4.27110233e-04
1.74000000e+04,3.50854551e-04,4.27438648e-04
1.74100000e+04,3.50609425e-04,4.26587876e-04
1.74200000e+04,3.50369124e-04,4.26109371e-04
1.74300000e+04,3.50245775e-04,4.25766146e-04
1.74400000e+04,3.50731314e-04,4.25470756e-04
1.74500000e+04,3.49900229e-04,4.25191243e-04
1.74600000e+04,3.49479518e-04,4.24919554e-04
1.74700000e+04,3.49174525e-04,4.24653766e-04
1.74800000e+04,3.48915728e-04,4.24474196e-04
1.74900000e+04,3.48669819e-04,4.25011664e-04
1.75000000e+04,3.48426565e-04,4.24048205e-04
1.75100000e+04,3.48183401e-04,4.23655109e-04
1.75200000e+04,3.47943764e-04,4.23341764e-04
1.75300000e+04,3.47698224e-04,4.23054884e-04
1.75400000e+04,3.47455178e-04,4.22783558e-04
1.75500000e+04,3.47213007e-04,4.22515730e-04
1.75600000e+04,3.46969917e-04,4.22247498e-04
1.75700000e+04,3.46727662e-04,4.21988554e-04
1.75800000e+04,3.46491397e-04,4.21842949e-04
1.75900000e+04,3.46450070e-04,4.22039766e-04
1.76000000e+04,3.46258839e-04,4.21410823e-04
1.76100000e+04,3.45804525e-04,4.21007659e-04
1.76200000e+04,3.45521003e-04,4.20690658e-04
1.76300000e+04,3.45280625e-04,4.20409171e-04
1.76400000e+04,3.45040147e-04,4.20154374e-04
1.76500000e+04,3.44802871e-04,4.20022485e-04
1.76600000e+04,3.44562201e-04,4.20289560e-04
1.76700000e+04,3.44327706e-04,4.19390226e-04
1.76800000e+04,3.44158172e-04,4.19097676e-04
1.76900000e+04,3.44481936e-04,4.18856675e-04
1.77000000e+04,3.43730702e-04,4.18581732e-04
1.77100000e+04,3.43452248e-04,4.18311762e-04
1.77200000e+04,3.43222322e-04,4.18054231e-04
1.77300000e+04,3.42950007e-04,4.17791589e-04
1.77400000e+04,3.42678904e-04,4.17530089e-04
1.77500000e+04,3.42434831e-04,4.17281970e-04
1.77600000e+04,3.42196250e-04,4.17229530e-04
1.77700000e+04,3.41969569e-04,4.17199208e-04
1.77800000e+04,3.41823947e-04,4.16655928e-04
1.77900000e+04,3.42148407e-04,4.16290726e-04
1.78000000e+04,3.41355651e-04,4.15998562e-04
1.78100000e+04,3.41040135e-04,4.15727307e-04
1.78200000e+04,3.40794453e-04,4.15470156e-04
1.78300000e+04,3.40564429e-04,4.15274522e-04
1.78400000e+04,3.40332590e-04,4.16014676e-04
1.78500000e+04,3.40097000e-04,4.14848520e-04
1.78600000e+04,3.39861956e-04,4.14543996e-04
1.78700000e+04,3.39633205e-04,4.14246128e-04
1.78800000e+04,3.39396462e-04,4.13963213e-04
1.78900000e+04,3.39164388e-04,4.13696092e-04
1.79000000e+04,3.38932217e-04,4.13438058e-04
1.79100000e+04,3.38706395e-04,4.13181309e-04
1.79200000e+04,3.38651607e-04,4.12928121e-04
1.79300000e+04,3.38695476e-04,4.12675103e-04
1.79400000e+04,3.38145879e-04,4.12421257e-04
1.79500000e+04,3.37805615e-04,4.12192179e-04
1.79600000e+04,3.37549627e-04,4.12246358e-04
1.79700000e+04,3.37313933e-04,4.11680188e-04
1.79800000e+04,3.37086009e-04,4.11424164e-04
1.79900000e+04,3.36855241e-04,4.11168585e-04
1.80000000e+04,3.36630381e-04,4.10916258e-04
1.80100000e+04,3.36464773e-04,4.10664217e-04
1.80200000e+04,3.36897072e-04,4.10412340e-04
1.80300000e+04,3.36288082e-04,4.10162620e-04
1.80400000e+04,3.35859413e-04,4.09927383e-04
1.80500000e+04,3.35521008e-04,4.09850223e-04
1.80600000e+04,3.35271203e-04,4.09721162e-04
1.80700000e+04,3.35048124e-04,4.09293434e-04
1.80800000e+04,3.34825068e-04,4.08962669e-04
1.80900000e+04,3.34599201e-04,4.08727943e-04
1.81000000e+04,3.34376831e-04,4.08731961e-04
1.81100000e+04,3.34152433e-04,4.08310498e-04
1.81200000e+04,3.33925809e-04,4.08016098e-04
1.81300000e+04,3.33702001e-04,4.07684583e-04
1.81400000e+04,3.33476888e-04,4.07447904e-04
1.81500000e+04,3.33258718e-04,4.07196272e-04
1.81600000e+04,3.33140564e-04,4.06947360e-04
1.81700000e+04,3.33390588e-04,4.06698357e-04
1.81800000e+04,3.32764892e-04,4.06453064e-04
1.81900000e+04,3.32419990e-04,4.06205965e-04
1.82000000e+04,3.32159132e-04,4.05965988e-04
1.82100000e+04,3.31926662e-04,4.05789677e-04
1.82200000e+04,3.31702578e-04,4.06178320e-04
1.82300000e+04,3.31478355e-04,4.05292027e-04
1.82400000e+04,3.31256082e-04,4.04987553e-04
1.82500000e+04,3.31036157e-04,4.04735387e-04
1.82600000e+04,3.30833172e-04,4.04491771e-04
1.82700000e+04,3.30915296e-04,4.04249718e-04
1.82800000e+04,3.30391213e-04,4.04006421e-04
1.82900000e+04,3.30165836e-04,4.03762329e-04
1.83000000e+04,3.29939530e-04,4.03540385e-04
1.83100000e+04,3.29717686e-04,4.03764110e-04
1.83200000e+04,3.29500075e-04,4.03191107e-04
1.83300000e+04,3.29278977e-04,4.02883910e-04
1.83400000e+04,3.29061560e-04,4.02613312e-04
1.83500000e+04,3.28843065e-04,4.02331380e-04
1.83600000e+04,3.28636666e-04,4.02081781e-04
1.83700000e+04,3.28683704e-04,4.01844409e-04
1.83800000e+04,3.28265838e-04,4.01607513e-04
1.83900000e+04,3.27993110e-04,4.01367233e-04
1.84000000e+04,3.27756534e-04,4.01138705e-04
1.84100000e+04,3.27538986e-04,4.01004840e-04
1.84200000e+04,3.27324624e-04,4.01041485e-04
1.84300000e+04,3.27108492e-04,4.00530453e-04
1.84400000e+04,3.26891477e-04,4.00204686e-04
1.84500000e+04,3.26678881e-04,3.99948989e-04
1.84600000e+04,3.26462678e-04,3.99713497e-04
1.84700000e+04,3.26246636e-04,3.99484125e-04
1.84800000e+04,3.26047155e-04,3.99300852e-04
1.84900000e+04,3.26068388e-04,3.99392251e-04
1.85000000e+04,3.25648129e-04,3.98779843e-04
1.85100000e+04,3.25415516e-04,3.98585482e-04
1.85200000e+04,3.25183761e-04,3.98327549e-04
1.85300000e+04,3.24964007e-04,3.98070748e-04
1.85400000e+04,3.24753111e-04,3.97838699e-04
1.85500000e+04,3.24569537e-04,3.97601627e-04
1.85600000e+04,3.24649180e-04,3.97368292e-04
1.85700000e+04,3.24111881e-04,3.97130369e-04
1.85800000e+04,3.23907119e-04,3.96895310e-04
1.85900000e+04,3.23697623e-04,3.96662994e-04
1.86000000e+04,3.23487058e-04,3.96448697e-04
1.86100000e+04,3.23272778e-04,3.96481410e-04
1.86200000e+04,3.23060043e-04,3.96042577e-04
1.86300000e+04,3.22849242e-04,3.95831152e-04
1.86400000e+04,3.22639462e-04,3.95553800e-04
1.86500000e+04,3.22428479e-04,3.95265988e-04
1.86600000e+04,3.22222990e-04,3.95036757e-04
1.86700000e+04,3.22145685e-04,3.94812118e-04
1.86800000e+04,3.22130722e-04,3.94599212e-04
1.86900000e+04,3.21680554e-04,3.94490500e-04
1.87000000e+04,3.21395552e-04,3.94338907e-04
1.87100000e+04,3.21176902e-04,3.93911299e-04
1.87200000e+04,3.20966907e-04,3.93667575e-04
1.87300000e+04,3.20757830e-04,3.93440276e-04
1.87400000e+04,3.20552641e-04,3.93210628e-04
1.87500000e+04,3.20344889e-04,3.93057531e-04
1.87600000e+04,3.20140529e-04,3.92874686e-04
1.87700000e+04,3.19986450e-04,3.92539250e-04
1.87800000e+04,3.20098097e-04,3.92284581e-04
1.87900000e+04,3.19587214e-04,3.92063743e-04
1.88000000e+04,3.19324743e-04,3.91827605e-04
1.88100000e+04,3.19109577e-04,3.91601681e-04
1.88200000e+04,3.18899314e-04,3.91377156e-04
1.88300000e+04,3.18695755e-04,3.91202817e-04
1.88400000e+04,3.18490725e-04,3.91717454e-04
1.88500000e+04,3.18286164e-04,3.90906058e-04
1.88600000e+04,3.18162585e-04,3.90567579e-04
1.88700000e+04,3.18236984e-04,3.90280657e-04
1.88800000e+04,3.17783783e-04,3.90029823e-04
1.88900000e+04,3.17503815e-04,3.89800236e-04
1.89000000e+04,3.17278547e-04,3.89573514e-04
1.89100000e+04,3.17068674e-04,3.89351793e-04
1.89200000e+04,3.16865844e-04,3.89133418e-04
1.89300000e+04,3.16663829e-04,3.88976905e-04
1.89400000e+04,3.16459051e-04,3.88993119e-04
1.89500000e+04,3.16256188e-04,3.88525572e-04
1.89600000e+04,3.16052874e-04,3.88242861e-04
1.89700000e+04,3.15853116e-04,3.88010261e-04
1.89800000e+04,3.15668538e-04,3.87788868e-04
1.89900000e+04,3.15691726e-04,3.87569798e-04
1.90000000e+04,3.15266770e-04,3.87346925e-04
1.90100000e+04,3.15063771e-04,3.87142863e-04
1.90200000e+04,3.14852683e-04,3.87216944e-04
1.90300000e+04,3.14648967e-04,3.86711197e-04
1.90400000e+04,3.14460098e-04,3.86476851e-04
1.90500000e+04,3.14383584e-04,3.86250485e-04
1.90600000e+04,3.14136130e-04,3.86026182e-04
1.90700000e+04,3.13901410e-04,3.85805279e-04
1.90800000e+04,3.13665148e-04,3.85586063e-04
1.90900000e+04,3.13453951e-04,3.85367004e-04
1.91000000e+04,3.13255516e-04,3.85144724e-04
1.91100000e+04,3.13056120e-04,3.84929912e-04
1.91200000e+04,3.12856690e-04,3.84755844e-04
1.91300000e+04,3.12660957e-04,3.85178066e-04
1.91400000e+04,3.12461831e-04,3.84465096e-04
1.91500000e+04,3.12264905e-04,3.84144527e-04
1.91600000e+04,3.12084916e-04,3.83874651e-04
1.91700000e+04,3.12247941e-04,3.83633407e-04
1.91800000e+04,3.11717804e-04,3.83412862e-04
1.91900000e+04,3.11508220e-04,3.83194740e-04
1.92000000e+04,3.11298125e-04,3.82978043e-04
1.92100000e+04,3.11091571e-04,3.82763525e-04
1.92200000e+04,3.10892050e-04,3.82547654e-04
1.92300000e+04,3.10695250e-04,3.82337910e-04
1.92400000e+04,3.10500400e-04,3.82466054e-04
1.92500000e+04,3.10302206e-04,3.81936794e-04
1.92600000e+04,3.10111860e-04,3.81808708e-04
1.92700000e+04,3.10096260e-04,3.81499303e-04
1.92800000e+04,3.09754518e-04,3.81273434e-04
1.92900000e+04,3.09535148e-04,3.81066118e-04
1.93000000e+04,3.09367562e-04,3.80850348e-04
1.93100000e+04,3.09157473e-04,3.80638759e-04
1.93200000e+04,3.08955106e-04,3.80428015e-04
1.93300000e+04,3.08762810e-04,3.80219157e-04
1.93400000e+04,3.08572462e-04,3.80004836e-04
1.93500000e+04,3.08379505e-04,3.79796302e-04
1.93600000e+04,3.08187713e-04,3.79582445e-04
1.93700000e+04,3.08010962e-04,3.79371601e-04
1.93800000e+04,3.08080320e-04,3.79160048e-04
1.93900000e+04,3.07641687e-04,3.78967679e-04
1.94000000e+04,3.07456694e-04,3.78985751e-04
1.94100000e+04,3.07260038e-04,3.78573493e-04
1.94200000e+04,3.07059167e-04,3.78382312e-04
1.94300000e+04,3.06866214e-04,3.78125615e-04
1.94400000e+04,3.06675711e-04,3.77902341e-04
1.94500000e+04,3.06487183e-04,3.77696631e-04
1.94600000e+04,3.06298190e-04,3.77492343e-04
1.94700000e+04,3.06111471e-04,3.77300636e-04
1.94800000e+04,3.05919826e-04,3.77175862e-04
1.94900000e+04,3.05731890e-04,3.76957316e-04
1.95000000e+04,3.05541098e-04,3.76665497e-04
1.95100000e+04,3.05353651e-04,3.76451715e-04
1.95200000e+04,3.05197638e-04,3.76237356e-04
1.95300000e+04,3.05354501e-04,3.76032889e-04
1.95400000e+04,3.04882347e-04,3.75818085e-04
1.95500000e+04,3.04642865e-04,3.75611466e-04
1.95600000e+04,3.04431429e-04,3.75404114e-04
1.95700000e+04,3.04235160e-04,3.75195184e-04
1.95800000e+04,3.04045663e-04,3.74998517e-04
1.95900000e+04,3.03858131e-04,3.75067215e-04
1.96000000e+04,3.03670102e-04,3.74583509e-04
1.96100000e+04,3.03483210e-04,3.74365791e-04
1.96200000e+04,3.03298177e-04,3.74165000e-04
1.96300000e+04,3.03150548e-04,3.73960764e-04
1.96400000e+04,3.03249448e-04,3.73751811e-04
1.96500000e+04,3.02836992e-04,3.73549334e-04
1.96600000e+04,3.02591168e-04,3.73366120e-04
1.96700000e+04,3.02383554e-04,3.73351362e-04
1.96800000e+04,3.02191131e-04,3.72934019e-04
1.96900000e+04,3.02004286e-04,3.72732115e-04
1.97000000e+04,3.01819242e-04,3.72530001e-04
1.97100000e+04,3.01636412e-04,3.72327042e-04
1.97200000e+04,3.01470467e-04,3.72121493e-04
1.97300000e+04,3.01468785e-04,3.71917247e-04
1.97400000e+04,3.01106573e-04,3.71714619e-04
1.97500000e+04,3.00912239e-04,3.71508249e-04
1.97600000e+04,3.00723372e-04,3.71307964e-04
1.97700000e+04,3.00540985e-04,3.71146478e-04
1.97800000e+04,3.00357726e-04,3.71219623e-04
1.97900000e+04,3.00176345e-04,3.70790855e-04
1.98000000e+04,2.99995212e-04,3.70519032e-04
1.98100000e+04,2.99812960e-04,3.70300771e-04
1.98200000e+04,2.99630206e-04,3.70101014e-04
1.98300000e+04,2.99471818e-04,3.69900958e-04
1.98400000e+04,2.99502679e-04,3.69700949e-04
1.98500000e+04,2.99100118e-04,3.69497766e-04
1.98600000e+04,2.98907788e-04,3.69299702e-04
1.98700000e+04,2.98725710e-04,3.69114603e-04
1.98800000e+04,2.98546018e-04,3.69125230e-04
1.98900000e+04,2.98364708e-04,3.68728361e-04
1.99000000e+04,2.98185434e-04,3.68522102e-04
1.99100000e+04,2.98004834e-04,3.68306582e-04
1.99200000e+04,2.97833381e-04,3.68108722e-04
1.99300000e+04,2.97783703e-04,3.67910789e-04
1.99400000e+04,2.97482839e-04,3.67713570e-04
1.99500000e+04,2.97293844e-04,3.67532548e-04
1.99600000e+04,2.97111139e-04,3.67456609e-04
1.99700000e+04,2.96932973e-04,3.67175893e-04
1.99800000e+04,2.96754384e-04,3.66970671e-04
1.99900000e+04,2.96577482e-04,3.66743858e-04
2.00000000e+04,2.96399252e-04,3.66538374e-04
2.00100000e+04,2.96222162e-04,3.66343325e-04
2.00200000e+04,2.96067508e-04,3.66146527e-04
2.00300000e+04,2.96087142e-04,3.65951430e-04
2.00400000e+04,2.95739424e-04,3.65754511e-04
2.00500000e+04,2.95534473e-04,3.65556849e-04
2.00600000e+04,2.95347967e-04,3.65358963e-04
2.00700000e+04,2.95169280e-04,3.65163403e-04
2.00800000e+04,2.94988693e-04,3.64971303e-04
2.00900000e+04,2.94813297e-04,3.64834334e-04
2.01000000e+04,2.94638063e-04,3.64936441e-04
2.01100000e+04,2.94462523e-04,3.64496762e-04
2.01200000e+04,2.94286816e-04,3.64227857e-04
2.01300000e+04,2.94120049e-04,3.64006301e-04
2.01400000e+04,2.94156525e-04,3.63802545e-04
2.01500000e+04,2.93775469e-04,3.63608066e-04
2.01600000e+04,2.93619581e-04,3.63410581e-04
2.01700000e+04,2.93435880e-04,3.63220479e-04
2.01800000e+04,2.93248493e-04,3.63090987e-04
2.01900000e+04,2.93074143e-04,3.63012388e-04
2.02000000e+04,2.92899620e-04,3.62702276e-04
2.02100000e+04,2.92729410e-04,3.62464323e-04
2.02200000e+04,2.92555233e-04,3.62261620e-04
2.02300000e+04,2.92383309e-04,3.62067884e-04
2.02400000e+04,2.92228129e-04,3.61872935e-04
2.02500000e+04,2.92233381e-04,3.61682007e-04
2.02600000e+04,2.91887665e-04,3.61519709e-04
2.02700000e+04,2.91703211e-04,3.61470127e-04
2.02800000e+04,2.91530803e-04,3.61154947e-04
2.02900000e+04,2.91357026e-04,3.60936479e-04
2.03000000e+04,2.91186923e-04,3.60735419e-04
2.03100000e+04,2.91015613e-04,3.60546033e-04
2.03200000e+04,2.90845443e-04,3.60353866e-04
2.03300000e+04,2.90675967e-04,3.60164619e-04
2.03400000e+04,2.90505788e-04,3.59976075e-04
2.03500000e+04,2.90350463e-04,3.59789299e-04
2.03600000e+04,2.90362581e-04,3.59630027e-04
2.03700000e+04,2.90025398e-04,3.59712290e-04
2.03800000e+04,2.89843192e-04,3.59270247e-04
2.03900000e+04,2.89666621e-04,3.59047317e-04
2.04000000e+04,2.89492291e-04,3.58851177e-04
2.04100000e+04,2.89321912e-04,3.58659143e-04
2.04200000e+04,2.89155943e-04,3.58471427e-04
2.04300000e+04,2.88985580e-04,3.58286188e-04
2.04400000e+04,2.88815252e-04,3.58098239e-04
2.04500000e+04,2.88649180e-04,3.57910323e-04
2.04600000e+04,2.88479225e-04,3.57721674e-04
2.04700000e+04,2.88327015e-04,3.57534718e-04
2.04800000e+04,2.88330826e-04,3.57389035e-04
2.04900000e+04,2.87994593e-04,3.57420131e-04
2.05000000e+04,2.87813233e-04,3.57037159e-04
2.05100000e+04,2.87643532e-04,3.56794308e-04
2.05200000e+04,2.87473393e-04,3.56607752e-04
2.05300000e+04,2.87309484e-04,3.56424422e-04
2.05400000e+04,2.87164101e-04,3.56239339e-04
2.05500000e+04,2.87099661e-04,3.56053979e-04
2.05600000e+04,2.86815655e-04,3.55867949e-04
2.05700000e+04,2.86646384e-04,3.55684442e-04
2.05800000e+04,2.86484110e-04,3.55501012e-04
2.05900000e+04,2.86317201e-04,3.55327400e-04
2.06000000e+04,2.86149814e-04,3.55338600e-04
2.06100000e+04,2.85984901e-04,3.55018943e-04
2.06200000e+04,2.85818291e-04,3.54800775e-04
2.06300000e+04,2.85651849e-04,3.54605485e-04
2.06400000e+04,2.85488288e-04,3.54411239e-04
2.06500000e+04,2.85324564e-04,3.54225636e-04
2.06600000e+04,2.85206472e-04,3.54046229e-04
2.06700000e+04,2.85072385e-04,3.53863597e-04
2.06800000e+04,2.84850868e-04,3.53683776e-04
2.06900000e+04,2.84669617e-04,3.53519097e-04
2.07000000e+04,2.84503218e-04,3.53464098e-04
2.07100000e+04,2.84340415e-04,3.53141420e-04
2.07200000e+04,2.84178082e-04,3.52973684e-04
2.07300000e+04,2.84015159e-04,3.52792156e-04
2.07400000e+04,2.83854919e-04,3.52605317e-04
2.07500000e+04,2.83746980e-04,3.52422981e-04
2.07600000e+04,2.83594505e-04,3.52244550e-04
2.07700000e+04,2.83395588e-04,3.52064046e-04
2.07800000e+04,2.83217752e-04,3.51884652e-04
2.07900000e+04,2.83061181e-04,3.51702547e-04
2.08000000e+04,2.82962725e-04,3.51521667e-04
2.08100000e+04,2.82732835e-04,3.51345921e-04
2.08200000e+04,2.82577990e-04,3.51188488e-04
2.08300000e+04,2.82405485e-04,3.51112261e-04
2.08400000e+04,2.82244198e-04,3.50822993e-04
2.08500000e+04,2.82084864e-04,3.50641320e-04
2.08600000e+04,2.81926110e-04,3.50517528e-04
2.08700000e+04,2.81765617e-04,3.50299695e-04
2.08800000e+04,2.81605086e-04,3.50105347e-04
2.08900000e+04,2.81446131e-04,3.49913322e-04
2.09000000e+04,2.81284980e-04,3.49738171e-04
2.09100000e+04,2.81137751e-04,3.49558319e-04
2.09200000e+04,2.81123348e-04,3.49380469e-04
2.09300000e+04,2.80817530e-04,3.49204192e-04
2.09400000e+04,2.80651009e-04,3.49026706e-04
2.09500000e+04,2.80490902e-04,3.48855205e-04
2.09600000e+04,2.80330629e-04,3.48749078e-04
2.09700000e+04,2.80172271e-04,3.48555948e-04
2.09800000e+04,2.80015483e-04,3.48375996e-04
2.09900000e+04,2.79857228e-04,3.48156047e-04
2.10000000e+04,2.79698366e-04,3.47974123e-04
2.10100000e+04,2.79543339e-04,3.47792853e-04
2.10200000e+04,2.79446576e-04,3.47614328e-04
2.10300000e+04,2.79285090e-04,3.47437403e-04
2.10400000e+04,2.79080517e-04,3.47262634e-04
2.10500000e+04,2.78915488e-04,3.47086936e-04
2.10600000e+04,2.78759440e-04,3.46909925e-04
2.10700000e+04,2.78604160e-04,3.46745528e-04
2.10800000e+04,2.78449554e-04,3.46748067e-04
2.10900000e+04,2.78291365e-04,3.46435945e-04
2.11000000e+04,2.78136384e-04,3.46255740e-04
2.11100000e+04,2.77982748e-04,3.46053997e-04
2.11200000e+04,2.77847890e-04,3.45873612e-04
2.11300000e+04,2.77740663e-04,3.45697765e-04
2.11400000e+04,2.77534991e-04,3.45524802e-04
2.11500000e+04,2.77365200e-04,3.45354601e-04
2.11600000e+04,2.77209947e-04,3.45179693e-04
2.11700000e+04,2.77056335e-04,3.45007906e-04
2.11800000e+04,2.76905947e-04,3.44835868e-04
2.11900000e+04,2.76776644e-04,3.44662534e-04
2.12000000e+04,2.76643173e-04,3.44503129e-04
2.12100000e+04,2.76440012e-04,3.44759745e-04
2.12200000e+04,2.76289764e-04,3.44271595e-04
2.12300000e+04,2.76132370e-04,3.43989563e-04
2.12400000e+04,2.75979350e-04,3.43828959e-04
2.12500000e+04,2.75826074e-04,3.43651865e-04
2.12600000e+04,2.75670596e-04,3.43485421e-04
2.12700000e+04,2.75516253e-04,3.43317353e-04
2.12800000e+04,2.75368357e-04,3.43150337e-04
2.12900000e+04,2.75263879e-04,3.42981977e-04
2.13000000e+04,2.75083930e-04,3.42816493e-04
2.13100000e+04,2.74928754e-04,3.42647025e-04
2.13200000e+04,2.74784063e-04,3.42481550e-04
2.13300000e+04,2.74646774e-04,3.42312347e-04
2.13400000e+04,2.74448796e-04,3.42145875e-04
2.13500000e+04,2.74301618e-04,3.41989116e-04
2.13600000e+04,2.74147858e-04,3.41943040e-04
2.13700000e+04,2.73994830e-04,3.41646923e-04
2.13800000e+04,2.73844707e-04,3.41478488e-04
2.13900000e+04,2.73693031e-04,3.41311914e-04
2.14000000e+04,2.73561756e-04,3.41145207e-04
2.14100000e+04,2.73464262e-04,3.40980350e-04
2.14200000e+04,2.73266354e-04,3.40812809e-04
2.14300000e+04,2.73101381e-04,3.40645876e-04
2.14400000e+04,2.72945434e-04,3.40478095e-04
2.14500000e+04,2.72791956e-04,3.40311413e-04
2.14600000e+04,2.72643723e-04,3.40144417e-04
2.14700000e+04,2.72510677e-04,3.39978536e-04
2.14800000e+04,2.72449019e-04,3.39810074e-04
2.14900000e+04,2.72207239e-04,3.39647107e-04
2.15000000e+04,2.72049045e-04,3.39543303e-04
2.15100000e+04,2.71902674e-04,3.39356036e-04
2.15200000e+04,2.71756577e-04,3.39153166e-04
2.15300000e+04,2.71606792e-04,3.38981774e-04
2.15400000e+04,2.71459547e-04,3.38816670e-04
2.15500000e+04,2.71322833e-04,3.38651007e-04
2.15600000e+04,2.71263665e-04,3.38488375e-04
2.15700000e+04,2.71027002e-04,3.38323061e-04
2.15800000e+04,2.70871744e-04,3.38159292e-04
2.15900000e+04,2.70726110e-04,3.37996140e-04
2.16000000e+04,2.70579036e-04,3.37867528e-04
2.16100000e+04,2.70433351e-04,3.37763417e-04
2.16200000e+04,2.70285587e-04,3.37534004e-04
2.16300000e+04,2.70139808e-04,3.37347023e-04
2.16400000e+04,2.69991955e-04,3.37179210e-04
2.16500000e+04,2.69846421e-04,3.37014066e-04
2.16600000e+04,2.69699112e-04,3.36852572e-04
2.16700000e+04,2.69552878e-04,3.36689527e-04
2.16800000e+04,2.69425671e-04,3.36525491e-04
2.16900000e+04,2.69447459e-04,3.36367675e-04
2.17000000e+04,2.69163336e-04,3.36270043e-04
2.17100000e+04,2.68974198e-04,3.36043946e-04
2.17200000e+04,2.68829002e-04,3.35882385e-04
2.17300000e+04,2.68687108e-04,3.35717483e-04
2.17400000e+04,2.68541227e-04,3.35553452e-04
2.17500000e+04,2.68398759e-04,3.35390485e-04
2.17600000e+04,2.68254264e-04,3.35230230e-04
2.17700000e+04,2.68111267e-04,3.35066843e-04
2.17800000e+04,2.67968022e-04,3.34905744e-04
2.17900000e+04,2.67840809e-04,3.34751840e-04
2.18000000e+04,2.67765952e-04,3.34710545e-04
2.18100000e+04,2.67567262e-04,3.34424107e-04
2.18200000e+04,2.67405827e-04,3.34263181e-04
2.18300000e+04,2.67257439e-04,3.34102862e-04
2.18400000e+04,2.67112049e-04,3.33943532e-04
2.18500000e+04,2.66968724e-04,3.33783764e-04
2.18600000e+04,2.66828765e-04,3.33624561e-04
2.18700000e+04,2.66700506e-04,3.33463089e-04
2.18800000e+04,2.66599371e-04,3.33303506e-04
2.18900000e+04,2.66414638e-04,3.33144608e-04
2.19000000e+04,2.66262925e-04,3.33000378e-04
2.19100000e+04,2.66121910e-04,3.32930120e-04
2.19200000e+04,2.65981402e-04,3.32696589e-04
2.19300000e+04,2.65840032e-04,3.32518937e-04
2.19400000e+04,2.65699651e-04,3.32356429e-04
2.19500000e+04,2.65558603e-04,3.32193802e-04
2.19600000e+04,2.65416305e-04,3.32035725e-04
2.19700000e+04,2.65275175e-04,3.31878560e-04
2.19800000e+04,2.65136052e-04,3.31720059e-04
2.19900000e+04,2.64997292e-04,3.31574854e-04
2.20000000e+04,2.64890494e-04,3.31502535e-04
2.20100000e+04,2.64741067e-04,3.31269464e-04
2.20200000e+04,2.64589633e-04,3.31097564e-04
2.20300000e+04,2.64442524e-04,3.30937868e-04
2.20400000e+04,2.64306209e-04,3.30780820e-04
2.20500000e+04,2.64169597e-04,3.30624929e-04
2.20600000e+04,2.64015174e-04,3.30467299e-04
2.20700000e+04,2.63875263e-04,3.30325143e-04
2.20800000e+04,2.63737309e-04,3.30265095e-04
2.20900000e+04,2.63597209e-04,3.30007410e-04
2.21000000e+04,2.63458378e-04,3.29847871e-04
2.21100000e+04,2.63334665e-04,3.29692102e-04
2.21200000e+04,2.63209551e-04,3.29539058e-04
2.21300000e+04,2.63063379e-04,3.29383487e-04
2.21400000e+04,2.62913751e-04,3.29230108e-04
2.21500000e+04,2.62764152e-04,3.29073880e-04
2.21600000e+04,2.62629903e-04,3.28916894e-04
2.21700000e+04,2.62492027e-04,3.28763430e-04
2.21800000e+04,2.62351750e-04,3.28608439e-04
2.21900000e+04,2.62217567e-04,3.28453005e-04
2.22000000e+04,2.62096213e-04,3.28297485e-04
2.22100000e+04,2.61979971e-04,3.28152211e-04
2.22200000e+04,2.61812549e-04,3.28177986e-04
2.22300000e+04,2.61672973e-04,3.27901838e-04
2.22400000e+04,2.61547422e-04,3.27693215e-04
2.22500000e+04,2.61410070e-04,3.27533313e-04
2.22600000e+04,2.61258532e-04,3.27383621e-04
2.22700000e+04,2.61125648e-04,3.27228790e-04
2.22800000e+04,2.60990484e-04,3.27077614e-04
2.22900000e+04,2.60853823e-04,3.26926127e-04
2.23000000e+04,2.60719426e-04,3.26773677e-04
2.23100000e+04,2.60590423e-04,3.26621772e-04
2.23200000e+04,2.60461808e-04,3.26497746e-04
2.23300000e+04,2.60311599e-04,3.26428861e-04
2.23400000e+04,2.60176159e-04,3.26206535e-04
2.23500000e+04,2.60052459e-04,3.26030724e-04
2.23600000e+04,2.59924573e-04,3.25873300e-04
2.23700000e+04,2.59773928e-04,3.25719628e-04
2.23800000e+04,2.59640083e-04,3.25572533e-04
2.23900000e+04,2.59508179e-04,3.25419558e-04
2.24000000e+04,2.59374468e-04,3.25268924e-04
2.24100000e+04,2.59232016e-04,3.25120785e-04
2.24200000e+04,2.59100547e-04,3.24978568e-04
2.24300000e+04,2.58976217e-04,3.24900100e-04
2.24400000e+04,2.58863123e-04,3.24696101e-04
2.24500000e+04,2.58697692e-04,3.24533205e-04
2.24600000e+04,2.58567656e-04,3.24379593e-04
2.24700000e+04,2.58432498e-04,3.24229854e-04
2.24800000e+04,2.58298871e-04,3.24079787e-04
2.24900000e+04,2.58167971e-04,3.23932678e-04
2.25000000e+04,2.58057082e-04,3.23783479e-04
2.25100000e+04,2.57911266e-04,3.23635273e-04
2.25200000e+04,2.57773776e-04,3.23487922e-04
2.25300000e+04,2.57634056e-04,3.23338510e-04
2.25400000e+04,2.57503842e-04,3.23189568e-04
2.25500000e+04,2.57371450e-04,3.23055745e-04
2.25600000e+04,2.57240248e-04,3.23019412e-04
2.25700000e+04,2.57155942e-04,3.22780370e-04
2.25800000e+04,2.56981548e-04,3.22613403e-04
2.25900000e+04,2.56849135e-04,3.22456399e-04
2.26000000e+04,2.56713944e-04,3.22307473e-04
2.26100000e+04,2.56586707e-04,3.22156609e-04
2.26200000e+04,2.56455041e-04,3.22013124e-04
2.26300000e+04,2.56326100e-04,3.21866302e-04
2.26400000e+04,2.56207210e-04,3.21717993e-04
2.26500000e+04,2.56093535e-04,3.21571590e-04
2.26600000e+04,2.55934017e-04,3.21437463e-04
2.26700000e+04,2.55807712e-04,3.21342624e-04
2.26800000e+04,2.55676303e-04,3.21151190e-04
2.26900000e+04,2.55547069e-04,3.20992105e-04
2.27000000e+04,2.55416924e-04,3.20843323e-04
2.27100000e+04,2.55288389e-04,3.20695997e-04
2.27200000e+04,2.55158497e-04,3.20550198e-04
2.27300000e+04,2.55069064e-04,3.20402531e-04
2.27400000e+04,2.54904262e-04,3.20259101e-04
2.27500000e+04,2.54775066e-04,3.20114885e-04
2.27600000e+04,2.54650548e-04,3.19997560e-04
2.27700000e+04,2.54521352e-04,3.19827484e-04
2.27800000e+04,2.54392489e-04,3.19682909e-04
2.27900000e+04,2.54265015e-04,3.19535520e-04
2.28000000e+04,2.54138087e-04,3.19391320e-04
2.28100000e+04,2.54012675e-04,3.19247205e-04
2.28200000e+04,2.53886908e-04,3.19101888e-04
2.28300000e+04,2.53793154e-04,3.18980037e-04
2.28400000e+04,2.53639761e-04,3.18916713e-04
2.28500000e+04,2.53512166e-04,3.18702292e-04
2.28600000e+04,2.53383216e-04,3.18535929e-04
2.28700000e+04,2.53256549e-04,3.18391942e-04
2.28800000e+04,2.53128210e-04,3.18249329e-04
2.28900000e+04,2.53001350e-04,3.18105667e-04
2.29000000e+04,2.52876345e-04,3.17964557e-04
2.29100000e+04,2.52751250e-04,3.17823218e-04
2.29200000e+04,2.52627520e-04,3.17680995e-04
2.29300000e+04,2.52521244e-04,3.17539612e-04
2.29400000e+04,2.52383132e-04,3.17395776e-04
2.29500000e+04,2.52254942e-04,3.17271777e-04
2.29600000e+04,2.52126265e-04,3.17149008e-04
2.29700000e+04,2.52002090e-04,3.16984846e-04
2.29800000e+04,2.51875703e-04,3.16834228e-04
2.29900000e+04,2.51749940e-04,3.16690879e-04
2.30000000e+04,2.51626350e-04,3.16548607e-04
2.30100000e+04,2.51501715e-04,3.16406737e-04
2.30200000e+04,2.51381318e-04,3.16266092e-04
2.30300000e+04,2.51302064e-04,3.16125599e-04
2.30400000e+04,2.51128204e-04,3.15986152e-04
2.30500000e+04,2.51003905e-04,3.15842759e-04
2.30600000e+04,2.50880321e-04,3.15706106e-04
2.30700000e+04,2.50757326e-04,3.15620409e-04
2.30800000e+04,2.50633306e-04,3.15454274e-04
2.30900000e+04,2.50508245e-04,3.15291654e-04
2.31000000e+04,2.50385201e-04,3.15149635e-04
2.31100000e+04,2.50262949e-04,3.15005223e-04
2.31200000e+04,2.50159257e-04,3.14865500e-04
2.31300000e+04,2.50050998e-04,3.14728082e-04
2.31400000e+04,2.49901443e-04,3.14588535e-04
2.31500000e+04,2.49773420e-04,3.14453508e-04
2.31600000e+04,2.49650697e-04,3.14318695e-04
2.31700000e+04,2.49531240e-04,3.14217057e-04
2.31800000e+04,2.49407956e-04,3.14037094e-04
2.31900000e+04,2.49287028e-04,3.13902097e-04
2.32000000e+04,2.49165050e-04,3.13765660e-04
2.32100000e+04,2.49042338e-04,3.13625284e-04
2.32200000e+04,2.48921542e-04,3.13489074e-04
2.32300000e+04,2.48799537e-04,3.13353134e-04
2.32400000e+04,2.48689759e-04,3.13215161e-04
2.32500000e+04,2.48577198e-04,3.13074810e-04
2.32600000e+04,2.48446426e-04,3.12934804e-04
2.32700000e+04,2.48323158e-04,3.12799284e-04
2.32800000e+04,2.48200513e-04,3.12661179e-04
2.32900000e+04,2.48076567e-04,3.12525428e-04
2.33000000e+04,2.47954968e-04,3.12399745e-04
2.33100000e+04,2.47834565e-04,3.12308672e-04
2.33200000e+04,2.47716116e-04,3.12134483e-04
2.33300000e+04,2.47599073e-04,3.11985135e-04
2.33400000e+04,2.47503507e-04,3.11843771e-04
2.33500000e+04,2.47359982e-04,3.11707227e-04
2.33600000e+04,2.47243855e-04,3.11573311e-04
2.33700000e+04,2.47120262e-04,3.11439191e-04
2.33800000e+04,2.46999807e-04,3.11316006e-04
2.33900000e+04,2.46881445e-04,3.11213777e-04
2.34000000e+04,2.46762083e-04,3.11040214e-04
2.34100000e+04,2.46644795e-04,3.10896385e-04
2.34200000e+04,2.46524944e-04,3.10765026e-04
2.34300000e+04,2.46405803e-04,3.10629272e-04
2.34400000e+04,2.46291147e-04,3.10494690e-04
2.34500000e+04,2.46217838e-04,3.10359903e-04
2.34600000e+04,2.46059271e-04,3.10227011e-04
2.34700000e+04,2.45936137e-04,3.10092984e-04
2.34800000e+04,2.45814792e-04,3.09956124e-04
2.34900000e+04,2.45698706e-04,3.09826497e-04
2.35000000e+04,2.45580584e-04,3.09722964e-04
2.35100000e+04,2.45462990e-04,3.09565585e-04
2.35200000e+04,2.45344787e-04,3.09424391e-04
2.35300000e+04,2.45231102e-04,3.09286994e-04
2.35400000e+04,2.45140687e-04,3.09153400e-04
2.35500000e+04,2.44996467e-04,3.09021678e-04
2.35600000e+04,2.44878658e-04,3.08889157e-04
2.35700000e+04,2.44762665e-04,3.08763534e-04
2.35800000e+04,2.44646841e-04,3.08672268e-04
2.35900000e+04,2.44531117e-04,3.08498895e-04
2.36000000e+04,2.44413564e-04,3.08361687e-04
2.36100000e+04,2.44298073e-04,3.08227236e-04
2.36200000e+04,2.44181370e-04,3.08097075e-04
2.36300000e+04,2.44065424e-04,3.07964223e-04
2.36400000e+04,2.43959737e-04,3.07832639e-04
2.36500000e+04,2.43849478e-04,3.07710467e-04
2.36600000e+04,2.43724249e-04,3.07589593e-04
2.36700000e+04,2.43604105e-04,3.07439910e-04
2.36800000e+04,2.43489267e-04,3.07310900e-04
2.36900000e+04,2.43374474e-04,3.07177204e-04
2.37000000e+04,2.43259881e-04,3.07047749e-04
2.37100000e+04,2.43145118e-04,3.06916740e-04
2.37200000e+04,2.43031282e-04,3.06784237e-04
2.37300000e+04,2.42916263e-04,3.06651022e-04
2.37400000e+04,2.42810947e-04,3.06522701e-04
2.37500000e+04,2.42709257e-04,3.06393078e-04
2.37600000e+04,2.42592010e-04,3.06274962e-04
2.37700000e+04,2.42461070e-04,3.06160888e-04
2.37800000e+04,2.42349692e-04,3.06021424e-04
2.37900000e+04,2.42234131e-04,3.05876743e-04
2.38000000e+04,2.42120663e-04,3.05742418e-04
2.38100000e+04,2.42007403e-04,3.05613188e-04
2.38200000e+04,2.41895008e-04,3.05485579e-04
2.38300000e+04,2.41782558e-04,3.05356078e-04
2.38400000e+04,2.41668295e-04,3.05227377e-04
2.38500000e+04,2.41555235e-04,3.05098210e-04
2.38600000e+04,2.41441083e-04,3.04971627e-04
2.38700000e+04,2.41328438e-04,3.04860234e-04
2.38800000e+04,2.41225494e-04,3.04727484e-04
2.38900000e+04,2.41135509e-04,3.04594001e-04
2.39000000e+04,2.41000987e-04,3.04461706e-04
2.39100000e+04,2.40879248e-04,3.04331781e-04
2.39200000e+04,2.40768339e-04,3.04207362e-04
2.39300000e+04,2.40654881e-04,3.04079020e-04
2.39400000e+04,2.40544834e-04,3.03950697e-04
2.39500000e+04,2.40434199e-04,3.03823877e-04
2.39600000e+04,2.40324729e-04,3.03697558e-04
2.39700000e+04,2.40239540e-04,3.03573421e-04
2.39800000e+04,2.40099633e-04,3.03544219e-04
2.39900000e+04,2.39989293e-04,3.03353985e-04
2.40000000e+04,2.39879897e-04,3.03198585e-04
2.40100000e+04,2.39767769e-04,3.03068979e-04
2.40200000e+04,2.39658932e-04,3.02946059e-04
2.40300000e+04,2.39547977e-04,3.02818618e-04
2.40400000e+04,2.39434321e-04,3.02695913e-04
2.40500000e+04,2.39326035e-04,3.02571007e-04
2.40600000e+04,2.39215478e-04,3.02447730e-04
2.40700000e+04,2.39120920e-04,3.02321665e-04
2.40800000e+04,2.38996925e-04,3.02198901e-04
2.40900000e+04,2.38885863e-04,3.02072660e-04
2.41000000e+04,2.38777300e-04,3.01945405e-04
2.41100000e+04,2.38668250e-04,3.01821596e-04
2.41200000e+04,2.38558090e-04,3.01697457e-04
2.41300000e+04,2.38451519e-04,3.01579883e-04
2.41400000e+04,2.38342856e-04,3.01463191e-04
2.41500000e+04,2.38235481e-04,3.01326138e-04
2.41600000e+04,2.38148665e-04,3.01198481e-04
2.41700000e+04,2.38014874e-04,3.01074688e-04
2.41800000e+04,2.37908251e-04,3.00951040e-04
2.41900000e+04,2.37801692e-04,3.00828948e-04
2.42000000e+04,2.37691951e-04,3.00717918e-04
2.42100000e+04,2.37584116e-04,3.00582651e-04
2.42200000e+04,2.37474083e-04,3.00458669e-04
2.42300000e+04,2.37368429e-04,3.00333602e-04
2.42400000e+04,2.37261089e-04,3.00208460e-04
2.42500000e+04,2.37181221e-04,3.00085194e-04
2.42600000e+04,2.37045882e-04,2.99961364e-04
2.42700000e+04,2.36939910e-04,2.99839945e-04
2.42800000e+04,2.36833690e-04,2.99717121e-04
2.42900000e+04,2.36726926e-04,2.99590847e-04
2.43000000e+04,2.36619979e-04,2.99470317e-04
2.43100000e+04,2.36513435e-04,2.99389825e-04
2.43200000e+04,2.36407437e-04,2.99224115e-04
2.43300000e+04,2.36299902e-04,2.99101843e-04
2.43400000e+04,2.36194668e-04,2.98980422e-04
2.43500000e+04,2.36088379e-04,2.98859130e-04
2.43600000e+04,2.35992635e-04,2.98734920e-04
2.43700000e+04,2.35880971e-04,2.98617000e-04
2.43800000e+04,2.35772921e-04,2.98502144e-04
2.43900000e+04,2.35663987e-04,2.98371357e-04
2.44000000e+04,2.35556359e-04,2.98250758e-04
2.44100000e+04,2.35451085e-04,2.98127999e-04
2.44200000e+04,2.35345879e-04,2.98007721e-04
2.44300000e+04,2.35240212e-04,2.97892242e-04
2.44400000e+04,2.35133955e-04,2.97773224e-04
2.44500000e+04,2.35027563e-04,2.97645476e-04
2.44600000e+04,2.34926883e-04,2.97525159e-04
2.44700000e+04,2.34838199e-04,2.97404158e-04
2.44800000e+04,2.34719184e-04,2.97282624e-04
2.44900000e+04,2.34609639e-04,2.97161590e-04
2.45000000e+04,2.34500701e-04,2.97042669e-04
2.45100000e+04,2.34397108e-04,2.96921035e-04
2.45200000e+04,2.34295489e-04,2.96807639e-04
2.45300000e+04,2.34205625e-04,2.96689961e-04
2.45400000e+04,2.34084082e-04,2.96573322e-04
2.45500000e+04,2.33983123e-04,2.96447397e-04
2.45600000e+04,2.33877574e-04,2.96339180e-04
2.45700000e+04,2.33772960e-04,2.96202814e-04
2.45800000e+04,2.33682720e-04,2.96085429e-04
2.45900000e+04,2.33572813e-04,2.95966935e-04
2.46000000e+04,2.33467987e-04,2.95848189e-04
2.46100000e+04,2.33362849e-04,2.95730575e-04
2.46200000e+04,2.33258095e-04,2.95612050e-04
2.46300000e+04,2.33156672e-04,2.95494381e-04
2.46400000e+04,2.33054556e-04,2.95377007e-04
2.46500000e+04,2.32950440e-04,2.95260290e-04
2.46600000e+04,2.32848390e-04,2.95148702e-04
2.46700000e+04,2.32744631e-04,2.95022328e-04
2.46800000e+04,2.32644068e-04,2.94912770e-04
2.46900000e+04,2.32552939e-04,2.94794147e-04
2.47000000e+04,2.32443215e-04,2.94668582e-04
2.47100000e+04,2.32341166e-04,2.94552345e-04
2.47200000e+04,2.32235747e-04,2.94434702e-04
2.47300000e+04,2.32131939e-04,2.94315596e-04
2.47400000e+04,2.32031296e-04,2.94198688e-04
2.47500000e+04,2.31928338e-04,2.94083355e-04
2.47600000e+04,2.31828066e-04,2.93970106e-04
2.47700000e+04,2.31731448e-04,2.93862557e-04
2.47800000e+04,2.31639278e-04,2.93733125e-04
2.47900000e+04,2.31527460e-04,2.93617431e-04
2.48000000e+04,2.31422391e-04,2.93501103e-04
2.48100000e+04,2.31322134e-04,2.93386884e-04
2.48200000e+04,2.31220316e-04,2.93269886e-04
2.48300000e+04,2.31119655e-04,2.93156480e-04
2.48400000e+04,2.31018816e-04,2.93034542e-04
2.48500000e+04,2.30919586e-04,2.92920333e-04
2.48600000e+04,2.30824848e-04,2.92803283e-04
2.48700000e+04,2.30721464e-04,2.92690616e-04
2.48800000e+04,2.30618722e-04,2.92572522e-04
2.48900000e+04,2.30516122e-04,2.92459872e-04
2.49000000e+04,2.30417523e-04,2.92358613e-04
2.49100000e+04,2.30319856e-04,2.92234778e-04
2.49200000e+04,2.30228237e-04,2.92116840e-04
2.49300000e+04,2.30116095e-04,2.92000694e-04
2.49400000e+04,2.30020474e-04,2.91884726e-04
2.49500000e+04,2.29920221e-04,2.91770129e-04
2.49600000e+04,2.29819752e-04,2.91656701e-04
2.49700000e+04,2.29721256e-04,2.91542856e-04
2.49800000e+04,2.29621868e-04,2.91434120e-04
2.49900000e+04,2.29522915e-04,2.91325990e-04
2.50000000e+04,2.29437928e-04,2.91204646e-04
2.50100000e+04,2.29323712e-04,2.91087264e-04
2.50200000e+04,2.29226127e-04,2.90974378e-04
2.50300000e+04,2.29128096e-04,2.90860040e-04
2.50400000e+04,2.29029232e-04,2.90752305e-04
2.50500000e+04,2.28930610e-04,2.90646974e-04
2.50600000e+04,2.28834879e-04,2.90524518e-04
2.50700000e+04,2.28739142e-04,2.90410895e-04
2.50800000e+04,2.28650311e-04,2.90297776e-04
2.50900000e+04,2.28540870e-04,2.90185197e-04
2.51000000e+04,2.28442950e-04,2.90072443e-04
2.51100000e+04,2.28345847e-04,2.89960626e-04
2.51200000e+04,2.28248444e-04,2.89850759e-04
2.51300000e+04,2.28151908e-04,2.89744363e-04
2.51400000e+04,2.28053348e-04,2.89623515e-04
2.51500000e+04,2.27956705e-04,2.89510845e-04
2.51600000e+04,2.27858740e-04,2.89399371e-04
2.51700000e+04,2.27760347e-04,2.89290801e-04
2.51800000e+04,2.27663730e-04,2.89182966e-04
2.51900000e+04,2.27574008e-04,2.89066851e-04
2.52000000e+04,2.27474584e-04,2.88952533e-04
2.52100000e+04,2.27376977e-04,2.88841646e-04
2.52200000e+04,2.27281764e-04,2.88731528e-04
2.52300000e+04,2.27182823e-04,2.88645597e-04
2.52400000e+04,2.27090013e-04,2.88511203e-04
2.52500000e+04,2.26994422e-04,2.88402298e-04
2.52600000e+04,2.26900427e-04,2.88293981e-04
2.52700000e+04,2.26804682e-04,2.88183766e-04
2.52800000e+04,2.26711832e-04,2.88074520e-04
2.52900000e+04,2.26619785e-04,2.87965053e-04
2.53000000e+04,2.26521754e-04,2.87856217e-04
2.53100000e+04,2.26427643e-04,2.87746743e-04
2.53200000e+04,2.26338078e-04,2.87636227e-04
2.53300000e+04,2.26236825e-04,2.87528275e-04
2.53400000e+04,2.26145748e-04,2.87423958e-04
2.53500000e+04,2.26049037e-04,2.87327586e-04
2.53600000e+04,2.25953488e-04,2.87207291e-04
2.53700000e+04,2.25861441e-04,2.87096402e-04
2.53800000e+04,2.25767863e-04,2.86985223e-04
2.53900000e+04,2.25674583e-04,2.86876611e-04
2.54000000e+04,2.25581007e-04,2.86769931e-04
2.54100000e+04,2.25486824e-04,2.86661369e-04
2.54200000e+04,2.25397197e-04,2.86552082e-04
2.54300000e+04,2.25303653e-04,2.86445609e-04
2.54400000e+04,2.25204516e-04,2.86337472e-04
2.54500000e+04,2.25112622e-04,2.86241679e-04
2.54600000e+04,2.25018464e-04,2.86122806e-04
2.54700000e+04,2.24928601e-04,2.86014065e-04
2.54800000e+04,2.24839703e-04,2.85907930e-04
2.54900000e+04,2.24739461e-04,2.85799500e-04
2.55000000e+04,2.24647652e-04,2.85693428e-04
2.55100000e+04,2.24554988e-04,2.85588369e-04
2.55200000e+04,2.24461693e-04,2.85478802e-04
2.55300000e+04,2.24371510e-04,2.85371367e-04
2.55400000e+04,2.24275827e-04,2.85268952e-04
2.55500000e+04,2.24185856e-04,2.85164344e-04
2.55600000e+04,2.24097973e-04,2.85054773e-04
2.55700000e+04,2.24002314e-04,2.84947999e-04
2.55800000e+04,2.23910254e-04,2.84843876e-04
2.55900000e+04,2.23817180e-04,2.84733636e-04
2.56000000e+04,2.23723730e-04,2.84625970e-04
2.56100000e+04,2.23630604e-04,2.84519581e-04
2.56200000e+04,2.23540501e-04,2.84414655e-04
2.56300000e+04,2.23450109e-04,2.84306721e-04
2.56400000e+04,2.23371122e-04,2.84200485e-04
2.56500000e+04,2.23267023e-04,2.84096659e-04
2.56600000e+04,2.23175336e-04,2.84002908e-04
2.56700000e+04,2.23083437e-04,2.83886508e-04
2.56800000e+04,2.22993024e-04,2.83780177e-04
2.56900000e+04,2.22901554e-04,2.83674472e-04
2.57000000e+04,2.22811250e-04,2.83570975e-04
2.57100000e+04,2.22720881e-04,2.83466659e-04
2.57200000e+04,2.22631635e-04,2.83362117e-04
2.57300000e+04,2.22554370e-04,2.83257348e-04
2.57400000e+04,2.22450898e-04,2.83152358e-04
2.57500000e+04,2.22358714e-04,2.83048485e-04
2.57600000e+04,2.22269204e-04,2.82950043e-04
2.57700000e+04,2.22178867e-04,2.82844730e-04
2.57800000e+04,2.22089348e-04,2.82738907e-04
2.57900000e+04,2.21999846e-04,2.82633071e-04
2.58000000e+04,2.21909412e-04,2.82530382e-04
2.58100000e+04,2.21819738e-04,2.82426881e-04
2.58200000e+04,2.21735695e-04,2.82322666e-04
2.58300000e+04,2.21641612e-04,2.82219944e-04
2.58400000e+04,2.21550852e-04,2.82116578e-04
2.58500000e+04,2.21461021e-04,2.82014349e-04
2.58600000e+04,2.21372415e-04,2.81910559e-04
2.58700000e+04,2.21285131e-04,2.81821602e-04
2.58800000e+04,2.21195086e-04,2.81706753e-04
2.58900000e+04,2.21106110e-04,2.81601780e-04
2.59000000e+04,2.21018217e-04,2.81497922e-04
2.59100000e+04,2.20932873e-04,2.81396471e-04
2.59200000e+04,2.20851663e-04,2.81294557e-04
2.59300000e+04,2.20755283e-04,2.81192688e-04
2.59400000e+04,2.20664129e-04,2.81091698e-04
2.59500000e+04,2.20577975e-04,2.80994494e-04
2.59600000e+04,2.20489878e-04,2.80887685e-04
2.59700000e+04,2.20402174e-04,2.80786468e-04
2.59800000e+04,2.20314724e-04,2.80685403e-04
2.59900000e+04,2.20233229e-04,2.80582022e-04
2.60000000e+04,2.20147034e-04,2.80481499e-04
2.60100000e+04,2.20055126e-04,2.80378159e-04
2.60200000e+04,2.19967288e-04,2.80279563e-04
2.60300000e+04,2.19880830e-04,2.80183387e-04
2.60400000e+04,2.19793587e-04,2.80077376e-04
2.60500000e+04,2.19707971e-04,2.79978582e-04
2.60600000e+04,2.19619236e-04,2.79875347e-04
2.60700000e+04,2.19534309e-04,2.79775400e-04
2.60800000e+04,2.19445202e-04,2.79674807e-04
2.60900000e+04,2.19361229e-04,2.79574133e-04
2.61000000e+04,2.19272220e-04,2.79472988e-04
2.61100000e+04,2.19187840e-04,2.79373236e-04
2.61200000e+04,2.19099930e-04,2.79272890e-04
2.61300000e+04,2.19015630e-04,2.79172813e-04
2.61400000e+04,2.18934763e-04,2.79074327e-04
2.61500000e+04,2.18843063e-04,2.78979360e-04
2.61600000e+04,2.18753092e-04,2.78872501e-04
2.61700000e+04,2.18668646e-04,2.78773257e-04
2.61800000e+04,2.18583052e-04,2.78671409e-04
2.61900000e+04,2.18497192e-04,2.78573427e-04
2.62000000e+04,2.18410875e-04,2.78473872e-04
2.62100000e+04,2.18325918e-04,2.78372254e-04
2.62200000e+04,2.18244146e-04,2.78280053e-04
2.62300000e+04,2.18155217e-04,2.78181260e-04
2.62400000e+04,2.18070547e-04,2.78077936e-04
2.62500000e+04,2.17984460e-04,2.77978927e-04
2.62600000e+04,2.17900247e-04,2.77879954e-04
2.62700000e+04,2.17814675e-04,2.77783329e-04
2.62800000e+04,2.17730291e-04,2.77685791e-04
2.62900000e+04,2.17645576e-04,2.77584082e-04
2.63000000e+04,2.17563344e-04,2.77491843e-04
2.63100000e+04,2.17478064e-04,2.77399608e-04
2.63200000e+04,2.17391355e-04,2.77298375e-04
2.63300000e+04,2.17307691e-04,2.77198686e-04
2.63400000e+04,2.17225835e-04,2.77101424e-04
2.63500000e+04,2.17140269e-04,2.77003752e-04
2.63600000e+04,2.17054804e-04,2.76905263e-04
2.63700000e+04,2.16970028e-04,2.76810650e-04
2.63800000e+04,2.16886948e-04,2.76714400e-04
2.63900000e+04,2.16802020e-04,2.76624418e-04
2.64000000e+04,2.16719281e-04,2.76520006e-04
2.64100000e+04,2.16642789e-04,2.76425450e-04
2.64200000e+04,2.16550589e-04,2.76327884e-04
2.64300000e+04,2.16466797e-04,2.76232577e-04
2.64400000e+04,2.16383835e-04,2.76136228e-04
2.64500000e+04,2.16302673e-04,2.76038112e-04
2.64600000e+04,2.16219122e-04,2.75943767e-04
2.64700000e+04,2.16136569e-04,2.75846975e-04
2.64800000e+04,2.16056771e-04,2.75750175e-04
2.64900000e+04,2.15977248e-04,2.75658051e-04
2.65000000e+04,2.15888930e-04,2.75567098e-04
2.65100000e+04,2.15808088e-04,2.75467173e-04
2.65200000e+04,2.15726879e-04,2.75367032e-04
2.65300000e+04,2.15642421e-04,2.75272572e-04
2.65400000e+04,2.15560636e-04,2.75175833e-04
2.65500000e+04,2.15479136e-04,2.75082284e-04
2.65600000e+04,2.15396783e-04,2.74986693e-04
2.65700000e+04,2.15315952e-04,2.74890643e-04
2.65800000e+04,2.15233858e-04,2.74794636e-04
2.65900000e+04,2.15150004e-04,2.74705468e-04
2.66000000e+04,2.15072610e-04,2.74610027e-04
2.66100000e+04,2.14988664e-04,2.74511991e-04
2.66200000e+04,2.14906888e-04,2.74417531e-04
2.66300000e+04,2.14825760e-04,2.74322785e-04
2.66400000e+04,2.14745836e-04,2.74228785e-04
2.66500000e+04,2.14663869e-04,2.74131828e-04
2.66600000e+04,2.14585124e-04,2.74040027e-04
2.66700000e+04,2.14502887e-04,2.73947329e-04
2.66800000e+04,2.14423268e-04,2.73854837e-04
2.66900000e+04,2.14344106e-04,2.73757663e-04
2.67000000e+04,2.14262327e-04,2.73667438e-04
2.67100000e+04,2.14184835e-04,2.73580965e-04
2.67200000e+04,2.14100561e-04,2.73482667e-04
2.67300000e+04,2.14021882e-04,2.73386881e-04
2.67400000e+04,2.13941325e-04,2.73293805e-04
2.67500000e+04,2.13860952e-04,2.73200858e-04
2.67600000e+04,2.13781045e-04,2.73111835e-04
2.67700000e+04,2.13700322e-04,2.73018388e-04
2.67800000e+04,2.13623117e-04,2.72926758e-04
2.67900000e+04,2.13544724e-04,2.72833226e-04
2.68000000e+04,2.13465186e-04,2.72741809e-04
2.68100000e+04,2.13383060e-04,2.72649435e-04
2.68200000e+04,2.13303995e-04,2.72555868e-04
2.68300000e+04,2.13225601e-04,2.72465737e-04
2.68400000e+04,2.13145848e-04,2.72372154e-04
2.68500000e+04,2.13068104e-04,2.72285579e-04
2.68600000e+04,2.12991648e-04,2.72189503e-04
2.68700000e+04,2.12909402e-04,2.72096771e-04
2.68800000e+04,2.12829419e-04,2.72007263e-04
2.68900000e+04,2.12751455e-04,2.71914143e-04
2.69000000e+04,2.12673865e-04,2.71823712e-04
2.69100000e+04,2.12594584e-04,2.71733155e-04
2.69200000e+04,2.12516397e-04,2.71639681e-04
2.69300000e+04,2.12437634e-04,2.71552961e-04
2.69400000e+04,2.12363312e-04,2.71458437e-04
2.69500000e+04,2.12281836e-04,2.71367970e-04
2.69600000e+04,2.12203798e-04,2.71276831e-04
2.69700000e+04,2.12125786e-04,2.71184601e-04
2.69800000e+04,2.12046049e-04,2.71095218e-04
2.69900000e+04,2.11970183e-04,2.71004414e-04
2.70000000e+04,2.11893662e-04,2.70915320e-04
2.70100000e+04,2.11816708e-04,2.70827344e-04
2.70200000e+04,2.11737752e-04,2.70734297e-04
2.70300000e+04,2.11660534e-04,2.70642717e-04
2.70400000e+04,2.11582337e-04,2.70552660e-04
2.70500000e+04,2.11505743e-04,2.70462486e-04
2.70600000e+04,2.11431087e-04,2.70375360e-04
2.70700000e+04,2.11351286e-04,2.70285585e-04
2.70800000e+04,2.11274013e-04,2.70194087e-04
2.70900000e+04,2.11195910e-04,2.70104640e-04
2.71000000e+04,2.11120382e-04,2.70015475e-04
2.71100000e+04,2.11043885e-04,2.69924931e-04
2.71200000e+04,2.10969091e-04,2.69836988e-04
2.71300000e+04,2.10891323e-04,2.69749607e-04
2.71400000e+04,2.10812656e-04,2.69660262e-04
2.71500000e+04,2.10736657e-04,2.69569211e-04
2.71600000e+04,2.10662788e-04,2.69480212e-04
2.71700000e+04,2.10590640e-04,2.69389691e-04
2.71800000e+04,2.10511304e-04,2.69301991e-04
2.71900000e+04,2.10433345e-04,2.69214172e-04
2.72000000e+04,2.10358446e-04,2.69127799e-04
2.72100000e+04,2.10284820e-04,2.69039909e-04
2.72200000e+04,2.10207928e-04,2.68950869e-04
2.72300000e+04,2.10132970e-04,2.68861790e-04
2.72400000e+04,2.10056979e-04,2.68773374e-04
2.72500000e+04,2.09979399e-04,2.68685684e-04
2.72600000e+04,2.09907822e-04,2.68596976e-04
2.72700000e+04,2.09839785e-04,2.68510343e-04
2.72800000e+04,2.09758179e-04,2.68425014e-04
2.72900000e+04,2.09681290e-04,2.68337151e-04
2.73000000e+04,2.09608776e-04,2.68250205e-04
2.73100000e+04,2.09534831e-04,2.68160597e-04
2.73200000e+04,2.09458682e-04,2.68073471e-04
2.73300000e+04,2.09383816e-04,2.67986148e-04
2.73400000e+04,2.09310831e-04,2.67900183e-04
2.73500000e+04,2.09238583e-04,2.67812255e-04
2.73600000e+04,2.09161953e-04,2.67730018e-04
2.73700000e+04,2.09088837e-04,2.67644242e-04
2.73800000e+04,2.09014374e-04,2.67555108e-04
2.73900000e+04,2.08939695e-04,2.67467813e-04
2.74000000e+04,2.08867416e-04,2.67379832e-04
2.74100000e+04,2.08793150e-04,2.67295218e-04
2.74200000e+04,2.08720690e-04,2.67208621e-04
2.74300000e+04,2.08646120e-04,2.67122643e-04
2.74400000e+04,2.08572883e-04,2.67038409e-04
2.74500000e+04,2.08498044e-04,2.66952176e-04
2.74600000e+04,2.08424232e-04,2.66866602e-04
2.74700000e+04,2.08352354e-04,2.66781193e-04
2.74800000e+04,2.08278873e-04,2.66694662e-04
2.74900000e+04,2.08205197e-04,2.66609173e-04
2.75000000e+04,2.08137410e-04,2.66524550e-04
2.75100000e+04,2.08059696e-04,2.66441188e-04
2.75200000e+04,2.07987150e-04,2.66352396e-04
2.75300000e+04,2.07912983e-04,2.66267369e-04
2.75400000e+04,2.07842671e-04,2.66183377e-04
2.75500000e+04,2.07769058e-04,2.66097773e-04
2.75600000e+04,2.07697346e-04,2.66015257e-04
2.75700000e+04,2.07625593e-04,2.65934552e-04
2.75800000e+04,2.07552212e-04,2.65846042e-04
2.75900000e+04,2.07479882e-04,2.65761080e-04
2.76000000e+04,2.07409244e-04,2.65675460e-04
2.76100000e+04,2.07337260e-04,2.65591863e-04
2.76200000e+04,2.07263286e-04,2.65509214e-04
2.76300000e+04,2.07192904e-04,2.65424851e-04
2.76400000e+04,2.07122622e-04,2.65340097e-04
2.76500000e+04,2.07048884e-04,2.65257428e-04
2.76600000e+04,2.06978195e-04,2.65175848e-04
2.76700000e+04,2.06905276e-04,2.65091850e-04
2.76800000e+04,2.06834696e-04,2.65004612e-04
2.76900000e+04,2.06764117e-04,2.64922568e-04
2.77000000e+04,2.06694745e-04,2.64840633e-04
2.77100000e+04,2.06619835e-04,2.64758368e-04
2.77200000e+04,2.06549653e-04,2.64675147e-04
2.77300000e+04,2.06479423e-04,2.64591758e-04
2.77400000e+04,2.06408310e-04,2.64509708e-04
2.77500000e+04,2.06337480e-04,2.64427490e-04
2.77600000e+04,2.06266019e-04,2.64344972e-04
2.77700000e+04,2.06201790e-04,2.64261467e-04
2.77800000e+04,2.06125359e-04,2.64179267e-04
2.77900000e+04,2.06055461e-04,2.64103512e-04
2.78000000e+04,2.05985632e-04,2.64015096e-04
2.78100000e+04,2.05916012e-04,2.63932618e-04
2.78200000e+04,2.05845550e-04,2.63852002e-04
2.78300000e+04,2.05778012e-04,2.63769889e-04
2.78400000e+04,2.05707773e-04,2.63688751e-04
2.78500000e+04,2.05637223e-04,2.63607280e-04
2.78600000e+04,2.05567419e-04,2.63525055e-04
2.78700000e+04,2.05497663e-04,2.63442713e-04
2.78800000e+04,2.05430830e-04,2.63361802e-04
2.78900000e+04,2.05360026e-04,2.63280146e-04
2.79000000e+04,2.05289719e-04,2.63204858e-04
2.79100000e+04,2.05219907e-04,2.63123671e-04
2.79200000e+04,2.05151462e-04,2.63039254e-04
2.79300000e+04,2.05083760e-04,2.62959689e-04
2.79400000e+04,2.05013805e-04,2.62879723e-04
2.79500000e+04,2.04944176e-04,2.62800077e-04
2.79600000e+04,2.04877450e-04,2.62720567e-04
2.79700000e+04,2.04807146e-04,2.62640568e-04
2.79800000e+04,2.04740081e-04,2.62560628e-04
2.79900000e+04,2.04672740e-04,2.62479727e-04
2.80000000e+04,2.04601703e-04,2.62401183e-04
2.80100000e+04,2.04533920e-04,2.62321539e-04
2.80200000e+04,2.04465233e-04,2.62242156e-04
2.80300000e+04,2.04396120e-04,2.62164822e-04
2.80400000e+04,2.04330755e-04,2.62082534e-04
2.80500000e+04,2.04265022e-04,2.62001178e-04
2.80600000e+04,2.04193459e-04,2.61922976e-04
2.80700000e+04,2.04126185e-04,2.61844243e-04
2.80800000e+04,2.04058922e-04,2.61764326e-04
2.80900000e+04,2.03990182e-04,2.61686531e-04
2.81000000e+04,2.03923405e-04,2.61607223e-04
2.81100000e+04,2.03855422e-04,2.61527832e-04
2.81200000e+04,2.03788957e-04,2.61448073e-04
2.81300000e+04,2.03721112e-04,2.61369183e-04
2.81400000e+04,2.03654190e-04,2.61289870e-04
2.81500000e+04,2.03589193e-04,2.61217871e-04
2.81600000e+04,2.03519819e-04,2.61132534e-04
2.81700000e+04,2.03453063e-04,2.61054447e-04
2.81800000e+04,2.03386562e-04,2.60975830e-04
2.81900000e+04,2.03319520e-04,2.60900246e-04
2.82000000e+04,2.03251534e-04,2.60821893e-04
2.82100000e+04,2.03184078e-04,2.60742861e-04
2.82200000e+04,2.03116233e-04,2.60665847e-04
2.82300000e+04,2.03051816e-04,2.60588362e-04
2.82400000e+04,2.02987277e-04,2.60509476e-04
2.82500000e+04,2.02918695e-04,2.60431874e-04
2.82600000e+04,2.02854028e-04,2.60354494e-04
2.82700000e+04,2.02786779e-04,2.60276402e-04
2.82800000e+04,2.02719844e-04,2.60199891e-04
2.82900000e+04,2.02654907e-04,2.60121478e-04
2.83000000e+04,2.02589749e-04,2.60044935e-04
2.83100000e+04,2.02523539e-04,2.59966451e-04
2.83200000e+04,2.02457089e-04,2.59891409e-04
2.83300000e+04,2.02392018e-04,2.59816368e-04
2.83400000e+04,2.02326731e-04,2.59736498e-04
2.83500000e+04,2.02262318e-04,2.59659602e-04
2.83600000e+04,2.02197592e-04,2.59582906e-04
2.83700000e+04,2.02129855e-04,2.59506882e-04
2.83800000e+04,2.02065089e-04,2.59429709e-04
2.83900000e+04,2.02000398e-04,2.59352688e-04
2.84000000e+04,2.01937529e-04,2.59277223e-04
2.84100000e+04,2.01870963e-04,2.59202261e-04
2.84200000e+04,2.01805939e-04,2.59125070e-04
2.84300000e+04,2.01742676e-04,2.59048273e-04
2.84400000e+04,2.01676532e-04,2.58973148e-04
2.84500000e+04,2.01611424e-04,2.58895176e-04
2.84600000e+04,2.01547256e-04,2.58819373e-04
2.84700000e+04,2.01484285e-04,2.58747539e-04
2.84800000e+04,2.01419058e-04,2.58667260e-04
2.84900000e+04,2.01353574e-04,2.58592994e-04
2.85000000e+04,2.01289709e-04,2.58518747e-04
2.85100000e+04,2.01228444e-04,2.58444716e-04
2.85200000e+04,2.01161343e-04,2.58369224e-04
2.85300000e+04,2.01096936e-04,2.58293840e-04
2.85400000e+04,2.01032793e-04,2.58218506e-04
2.85500000e+04,2.00970674e-04,2.58142327e-04
2.85600000e+04,2.00906191e-04,2.58069200e-04
2.85700000e+04,2.00844253e-04,2.57992544e-04
2.85800000e+04,2.00777848e-04,2.57918935e-04
2.85900000e+04,2.00716109e-04,2.57844860e-04
2.86000000e+04,2.00652904e-04,2.57770109e-04
2.86100000e+04,2.00589289e-04,2.57694426e-04
2.86200000e+04,2.00526087e-04,2.57620166e-04
2.86300000e+04,2.00462542e-04,2.57549205e-04
2.86400000e+04,2.00398893e-04,2.57473539e-04
2.86500000e+04,2.00338213e-04,2.57398722e-04
2.86600000e+04,2.00273503e-04,2.57325322e-04
2.86700000e+04,2.00210010e-04,2.57251711e-04
2.86800000e+04,2.00147552e-04,2.57179227e-04
2.86900000e+04,2.00084420e-04,2.57104783e-04
2.87000000e+04,2.00021401e-04,2.57029722e-04
2.87100000e+04,1.99961742e-04,2.56958163e-04
2.87200000e+04,1.99897935e-04,2.56884503e-04
2.87300000e+04,1.99834696e-04,2.56811900e-04
2.87400000e+04,1.99774178e-04,2.56737887e-04
2.87500000e+04,1.99711695e-04,2.56664567e-04
2.87600000e+04,1.99648071e-04,2.56591711e-04
2.87700000e+04,1.99587400e-04,2.56518390e-04
2.87800000e+04,1.99525260e-04,2.56446705e-04
2.87900000e+04,1.99464189e-04,2.56372023e-04
2.88000000e+04,1.99402102e-04,2.56299803e-04
2.88100000e+04,1.99339174e-04,2.56227737e-04
2.88200000e+04,1.99277763e-04,2.56154382e-04
2.88300000e+04,1.99217366e-04,2.56081161e-04
2.88400000e+04,1.99155462e-04,2.56009975e-04
2.88500000e+04,1.99094539e-04,2.55939096e-04
2.88600000e+04,1.99032027e-04,2.55867128e-04
2.88700000e+04,1.98974159e-04,2.55793941e-04
2.88800000e+04,1.98911455e-04,2.55721965e-04
2.88900000e+04,1.98848860e-04,2.55650299e-04
2.89000000e+04,1.98788333e-04,2.55578994e-04
2.89100000e+04,1.98728310e-04,2.55508074e-04
2.89200000e+04,1.98666482e-04,2.55434530e-04
2.89300000e+04,1.98606958e-04,2.55364335e-04
2.89400000e+04,1.98546783e-04,2.55293799e-04
2.89500000e+04,1.98486947e-04,2.55222199e-04
2.89600000e+04,1.98424932e-04,2.55149744e-04
2.89700000e+04,1.98365589e-04,2.55080646e-04
2.89800000e+04,1.98306420e-04,2.55008672e-04
2.89900000e+04,1.98246596e-04,2.54936858e-04
2.90000000e+04,1.98183942e-04,2.54867744e-04
2.90100000e+04,1.98125061e-04,2.54794943e-04
2.90200000e+04,1.98066253e-04,2.54726025e-04
2.90300000e+04,1.98004406e-04,2.54655211e-04
2.90400000e+04,1.97946427e-04,2.54583454e-04
2.90500000e+04,1.97886377e-04,2.54515089e-04
2.90600000e+04,1.97824968e-04,2.54443125e-04
2.90700000e+04,1.97765467e-04,2.54373748e-04
2.90800000e+04,1.97705897e-04,2.54303652e-04
2.90900000e+04,1.97646786e-04,2.54232778e-04
2.91000000e+04,1.97589815e-04,2.54161369e-04
2.91100000e+04,1.97528867e-04,2.54091601e-04
2.91200000e+04,1.97469343e-04,2.54021545e-04
2.91300000e+04,1.97409724e-04,2.53953905e-04
2.91400000e+04,1.97352627e-04,2.53883629e-04
2.91500000e+04,1.97293320e-04,2.53812657e-04
2.91600000e+04,1.97233754e-04,2.53746195e-04
2.91700000e+04,1.97174670e-04,2.53677044e-04
2.91800000e+04,1.97118150e-04,2.53607996e-04
2.91900000e+04,1.97058096e-04,2.53537932e-04
2.92000000e+04,1.96999937e-04,2.53468748e-04
2.92100000e+04,1.96940068e-04,2.53400787e-04
2.92200000e+04,1.96881793e-04,2.53332561e-04
2.92300000e+04,1.96823217e-04,2.53262710e-04
2.92400000e+04,1.96765944e-04,2.53193302e-04
2.92500000e+04,1.96707932e-04,2.53126176e-04
2.92600000e+04,1.96648640e-04,2.53058326e-04
2.92700000e+04,1.96590932e-04,2.52988908e-04
2.92800000e+04,1.96532901e-04,2.52919273e-04
2.92900000e+04,1.96476010e-04,2.52851927e-04
2.93000000e+04,1.96419288e-04,2.52784130e-04
2.93100000e+04,1.96363215e-04,2.52715026e-04
2.93200000e+04,1.96303938e-04,2.52647707e-04
2.93300000e+04,1.96247059e-04,2.52580261e-04
2.93400000e+04,1.96188375e-04,2.52513726e-04
2.93500000e+04,1.96132808e-04,2.52446003e-04
2.93600000e+04,1.96075312e-04,2.52376138e-04
2.93700000e+04,1.96017423e-04,2.52308630e-04
2.93800000e+04,1.95961255e-04,2.52242267e-04
2.93900000e+04,1.95903024e-04,2.52174630e-04
2.94000000e+04,1.95846567e-04,2.52111065e-04
2.94100000e+04,1.95787807e-04,2.52042026e-04
2.94200000e+04,1.95732748e-04,2.51974801e-04
2.94300000e+04,1.95675350e-04,2.51907390e-04
2.94400000e+04,1.95618776e-04,2.51841820e-04
2.94500000e+04,1.95561580e-04,2.51774576e-04
2.94600000e+04,1.95505334e-04,2.51707823e-04
2.94700000e+04,1.95448452e-04,2.51642899e-04
2.94800000e+04,1.95393282e-04,2.51577725e-04
2.94900000e+04,1.95338117e-04,2.51511012e-04
2.95000000e+04,1.95281772e-04,2.51444169e-04
2.95100000e+04,1.95224821e-04,2.51377500e-04
2.95200000e+04,1.95168091e-04,2.51311716e-04
2.95300000e+04,1.95113976e-04,2.51245154e-04
2.95400000e+04,1.95056563e-04,2.51182097e-04
2.95500000e+04,1.95000825e-04,2.51114667e-04
2.95600000e+04,1.94946619e-04,2.51048830e-04
2.95700000e+04,1.94889843e-04,2.50983319e-04
2.95800000e+04,1.94833799e-04,2.50918485e-04
2.95900000e+04,1.94780133e-04,2.50852969e-04
2.96000000e+04,1.94722992e-04,2.50785928e-04
2.96100000e+04,1.94667517e-04,2.50721181e-04
2.96200000e+04,1.94612045e-04,2.50657018e-04
2.96300000e+04,1.94555723e-04,2.50590369e-04
2.96400000e+04,1.94501230e-04,2.50525742e-04
2.96500000e+04,1.94446281e-04,2.50460487e-04
2.96600000e+04,1.94392456e-04,2.50396030e-04
2.96700000e+04,1.94335971e-04,2.50333331e-04
2.96800000e+04,1.94281535e-04,2.50266083e-04
2.96900000e+04,1.94225751e-04,2.50202031e-04
2.97000000e+04,1.94172828e-04,2.50136743e-04
2.97100000e+04,1.94118135e-04,2.50072071e-04
2.97200000e+04,1.94063071e-04,2.50008387e-04
2.97300000e+04,1.94009189e-04,2.49943052e-04
2.97400000e+04,1.93956517e-04,2.49879786e-04
2.97500000e+04,1.93901603e-04,2.49816727e-04
2.97600000e+04,1.93846685e-04,2.49749006e-04
2.97700000e+04,1.93793993e-04,2.49687717e-04
2.97800000e+04,1.93738629e-04,2.49623075e-04
2.97900000e+04,1.93685529e-04,2.49559531e-04
2.98000000e+04,1.93630392e-04,2.49496430e-04
2.98100000e+04,1.93576341e-04,2.49430610e-04
2.98200000e+04,1.93523224e-04,2.49367671e-04
2.98300000e+04,1.93469046e-04,2.49304898e-04
2.98400000e+04,1.93416345e-04,2.49239643e-04
2.98500000e+04,1.93362913e-04,2.49178338e-04
2.98600000e+04,1.93309524e-04,2.49113376e-04
2.98700000e+04,1.93254615e-04,2.49052029e-04
2.98800000e+04,1.93202374e-04,2.48990476e-04
2.98900000e+04,1.93150086e-04,2.48923325e-04
2.99000000e+04,1.93095241e-04,2.48862827e-04
2.99100000e+04,1.93042310e-04,2.48798180e-04
2.99200000e+04,1.92988246e-04,2.48736173e-04
2.99300000e+04,1.92935300e-04,2.48674331e-04
2.99400000e+04,1.92883422e-04,2.48609889e-04
2.99500000e+04,1.92829342e-04,2.48548289e-04
2.99600000e+04,1.92777425e-04,2.48487002e-04
2.99700000e+04,1.92724636e-04,2.48423934e-04
2.99800000e+04,1.92672548e-04,2.48361424e-04
2.99900000e+04,1.92618733e-04,2.48300952e-04
3.00000000e+04,1.92565076e-04,2.48236000e-04
3.00100000e+04,1.92515468e-04,2.48175733e-04
3.00200000e+04,1.92460623e-04,2.48113722e-04
3.00300000e+04,1.92408657e-04,2.48051987e-04
3.00400000e+04,1.92357172e-04,2.47988586e-04
3.00500000e+04,1.92304267e-04,2.47928860e-04
3.00600000e+04,1.92251905e-04,2.47866419e-04
3.00700000e+04,1.92199181e-04,2.47807227e-04
3.00800000e+04,1.92148132e-04,2.47746688e-04
3.00900000e+04,1.92097058e-04,2.47684979e-04
3.01000000e+04,1.92043570e-04,2.47623841e-04
3.01100000e+04,1.91992135e-04,2.47560829e-04
3.01200000e+04,1.91939491e-04,2.47500850e-04
3.01300000e+04,1.91888924e-04,2.47440617e-04
3.01400000e+04,1.91838044e-04,2.47379003e-04
3.01500000e+04,1.91785670e-04,2.47318623e-04
3.01600000e+04,1.91735345e-04,2.47257565e-04
3.01700000e+04,1.91681937e-04,2.47194837e-04
3.01800000e+04,1.91630775e-04,2.47137365e-04
3.01900000e+04,1.91580981e-04,2.47076505e-04
3.02000000e+04,1.91529475e-04,2.47015838e-04
3.02100000e+04,1.91479513e-04,2.46956699e-04
3.02200000e+04,1.91428754e-04,2.46896068e-04
3.02300000e+04,1.91378287e-04,2.46834079e-04
3.02400000e+04,1.91327680e-04,2.46774751e-04
3.02500000e+04,1.91276566e-04,2.46713949e-04
3.02600000e+04,1.91226307e-04,2.46653852e-04
3.02700000e+04,1.91176540e-04,2.46594003e-04
3.02800000e+04,1.91125086e-04,2.46534973e-04
3.02900000e+04,1.91075140e-04,2.46474803e-04
3.03000000e+04,1.91025722e-04,2.46413587e-04
3.03100000e+04,1.90973383e-04,2.46354924e-04
3.03200000e+04,1.90923339e-04,2.46296353e-04
3.03300000e+04,1.90873945e-04,2.46235892e-04
3.03400000e+04,1.90822829e-04,2.46178059e-04
3.03500000e+04,1.90774195e-04,2.46118629e-04
3.03600000e+04,1.90723769e-04,2.46059230e-04
3.03700000e+04,1.90673060e-04,2.45999772e-04
3.03800000e+04,1.90623416e-04,2.45939807e-04
3.03900000e+04,1.90573977e-04,2.45881238e-04
3.04000000e+04,1.90524215e-04,2.45823174e-04
3.04100000e+04,1.90475308e-04,2.45763606e-04
3.04200000e+04,1.90424426e-04,2.45705070e-04
3.04300000e+04,1.90374827e-04,2.45644826e-04
3.04400000e+04,1.90325275e-04,2.45587897e-04
3.04500000e+04,1.90275968e-04,2.45528838e-04
3.04600000e+04,1.90226927e-04,2.45469657e-04
3.04700000e+04,1.90177603e-04,2.45410794e-04
3.04800000e+04,1.90127960e-04,2.45353449e-04
3.04900000e+04,1.90078336e-04,2.45297870e-04
3.05000000e+04,1.90030886e-04,2.45238483e-04
3.05100000e+04,1.89981577e-04,2.45181363e-04
3.05200000e+04,1.89932132e-04,2.45123743e-04
3.05300000e+04,1.89884672e-04,2.45067031e-04
3.05400000e+04,1.89833934e-04,2.45008785e-04
3.05500000e+04,1.89784071e-04,2.44951309e-04
3.05600000e+04,1.89737039e-04,2.44892173e-04
3.05700000e+04,1.89687372e-04,2.44837760e-04
3.05800000e+04,1.89640310e-04,2.44781068e-04
3.05900000e+04,1.89591716e-04,2.44723071e-04
3.06000000e+04,1.89543295e-04,2.44665480e-04
3.06100000e+04,1.89494763e-04,2.44608993e-04
3.06200000e+04,1.89445345e-04,2.44553321e-04
3.06300000e+04,1.89398771e-04,2.44495381e-04
3.06400000e+04,1.89350062e-04,2.44436567e-04
3.06500000e+04,1.89302626e-04,2.44382680e-04
3.06600000e+04,1.89253563e-04,2.44325651e-04
3.06700000e+04,1.89206216e-04,2.44267914e-04
3.06800000e+04,1.89157699e-04,2.44210949e-04
3.06900000e+04,1.89109323e-04,2.44154820e-04
3.07000000e+04,1.89061994e-04,2.44097902e-04
3.07100000e+04,1.89014619e-04,2.44042350e-04
3.07200000e+04,1.88966891e-04,2.43985975e-04
3.07300000e+04,1.88919558e-04,2.43929771e-04
3.07400000e+04,1.88871993e-04,2.43873624e-04
3.07500000e+04,1.88824720e-04,2.43816932e-04
3.07600000e+04,1.88777155e-04,2.43761481e-04
3.07700000e+04,1.88729942e-04,2.43703669e-04
3.07800000e+04,1.88681568e-04,2.43649571e-04
3.07900000e+04,1.88635121e-04,2.43593485e-04
3.08000000e+04,1.88588377e-04,2.43538011e-04
3.08100000e+04,1.88540816e-04,2.43482077e-04
3.08200000e+04,1.88495226e-04,2.43426736e-04
3.08300000e+04,1.88447515e-04,2.43371864e-04
3.08400000e+04,1.88401896e-04,2.43314978e-04
3.08500000e+04,1.88354518e-04,2.43261147e-04
3.08600000e+04,1.88308819e-04,2.43205978e-04
3.08700000e+04,1.88261090e-04,2.43151945e-04
3.08800000e+04,1.88215558e-04,2.43094166e-04
3.08900000e+04,1.88170638e-04,2.43041797e-04
3.09000000e+04,1.88122587e-04,2.42987128e-04
3.09100000e+04,1.88075378e-04,2.42930539e-04
3.09200000e+04,1.88029850e-04,2.42877052e-04
3.09300000e+04,1.87984656e-04,2.42823834e-04
3.09400000e+04,1.87936905e-04,2.42768464e-04
3.09500000e+04,1.87892554e-04,2.42713970e-04
3.09600000e+04,1.87846237e-04,2.42658061e-04
3.09700000e+04,1.87801133e-04,2.42603457e-04
3.09800000e+04,1.87755591e-04,2.42550714e-04
3.09900000e+04,1.87708693e-04,2.42495692e-04
3.10000000e+04,1.87662531e-04,2.42441914e-04
3.10100000e+04,1.87617184e-04,2.42388297e-04
3.10200000e+04,1.87571493e-04,2.42334735e-04
3.10300000e+04,1.87525305e-04,2.42279929e-04
3.10400000e+04,1.87481083e-04,2.42225690e-04
3.10500000e+04,1.87435509e-04,2.42172047e-04
3.10600000e+04,1.87388985e-04,2.42117257e-04
3.10700000e+04,1.87344119e-04,2.42064831e-04
3.10800000e+04,1.87298629e-04,2.42011688e-04
3.10900000e+04,1.87254138e-04,2.41957884e-04
3.11000000e+04,1.87209753e-04,2.41905002e-04
3.11100000e+04,1.87163392e-04,2.41850022e-04
3.11200000e+04,1.87118885e-04,2.41796115e-04
3.11300000e+04,1.87074139e-04,2.41744646e-04
3.11400000e+04,1.87029328e-04,2.41691141e-04
3.11500000e+04,1.86984497e-04,2.41637130e-04
3.11600000e+04,1.86939046e-04,2.41586093e-04
3.11700000e+04,1.86896741e-04,2.41532950e-04
3.11800000e+04,1.86851486e-04,2.41479291e-04
3.11900000e+04,1.86806577e-04,2.41427318e-04
3.12000000e+04,1.86761862e-04,2.41373549e-04
3.12100000e+04,1.86718984e-04,2.41321993e-04
3.12200000e+04,1.86674677e-04,2.41269809e-04
3.12300000e+04,1.86630595e-04,2.41217530e-04
3.12400000e+04,1.86585096e-04,2.41163490e-04
3.12500000e+04,1.86541682e-04,2.41111828e-04
3.12600000e+04,1.86497817e-04,2.41060647e-04
3.12700000e+04,1.86454221e-04,2.41006921e-04
3.12800000e+04,1.86409085e-04,2.40954155e-04
3.12900000e+04,1.86365534e-04,2.40904731e-04
3.13000000e+04,1.86322558e-04,2.40850751e-04
3.13100000e+04,1.86278949e-04,2.40798426e-04
3.13200000e+04,1.86235040e-04,2.40749259e-04
3.13300000e+04,1.86190601e-04,2.40695495e-04
3.13400000e+04,1.86149013e-04,2.40644564e-04
3.13500000e+04,1.86103639e-04,2.40594522e-04
3.13600000e+04,1.86060820e-04,2.40541950e-04
3.13700000e+04,1.86017837e-04,2.40490655e-04
3.13800000e+04,1.85974824e-04,2.40439714e-04
3.13900000e+04,1.85930787e-04,2.40387663e-04
3.14000000e+04,1.85888873e-04,2.40335799e-04
3.14100000e+04,1.85844621e-04,2.40285485e-04
3.14200000e+04,1.85801179e-04,2.40235454e-04
3.14300000e+04,1.85758519e-04,2.40184389e-04
3.14400000e+04,1.85716493e-04,2.40132512e-04
3.14500000e+04,1.85673111e-04,2.40082078e-04
3.14600000e+04,1.85630779e-04,2.40029903e-04
3.14700000e+04,1.85587895e-04,2.39980555e-04
3.14800000e+04,1.85543196e-04,2.39927665e-04
3.14900000e+04,1.85502383e-04,2.39879671e-04
3.15000000e+04,1.85459610e-04,2.39827938e-04
3.15100000e+04,1.85416214e-04,2.39778508e-04
3.15200000e+04,1.85375329e-04,2.39726973e-04
3.15300000e+04,1.85332520e-04,2.39678538e-04
3.15400000e+04,1.85291285e-04,2.39626977e-04
3.15500000e+04,1.85248200e-04,2.39577069e-04
3.15600000e+04,1.85205764e-04,2.39527125e-04
3.15700000e+04,1.85164108e-04,2.39477732e-04
3.15800000e+04,1.85122959e-04,2.39426877e-04
3.15900000e+04,1.85079509e-04,2.39377046e-04
3.16000000e+04,1.85039772e-04,2.39327243e-04
3.16100000e+04,1.84997452e-04,2.39275773e-04
3.16200000e+04,1.84955400e-04,2.39225895e-04
3.16300000e+04,1.84913100e-04,2.39178215e-04
3.16400000e+04,1.84872711e-04,2.39127828e-04
3.16500000e+04,1.84829141e-04,2.39079941e-04
3.16600000e+04,1.84789169e-04,2.39031296e-04
3.16700000e+04,1.84746526e-04,2.38981696e-04
3.16800000e+04,1.84705384e-04,2.38931489e-04
3.16900000e+04,1.84665410e-04,2.38882866e-04
3.17000000e+04,1.84623918e-04,2.38834253e-04
3.17100000e+04,1.84582544e-04,2.38783098e-04
3.17200000e+04,1.84539622e-04,2.38733304e-04
3.17300000e+04,1.84499414e-04,2.38686857e-04
3.17400000e+04,1.84458797e-04,2.38637654e-04
3.17500000e+04,1.84417328e-04,2.38588730e-04
3.17600000e+04,1.84376502e-04,2.38540715e-04
3.17700000e+04,1.84333947e-04,2.38491504e-04
3.17800000e+04,1.84295398e-04,2.38443489e-04
3.17900000e+04,1.84253740e-04,2.38394930e-04
3.18000000e+04,1.84214267e-04,2.38347093e-04
3.18100000e+04,1.84173858e-04,2.38297353e-04
3.18200000e+04,1.84132803e-04,2.38251012e-04
3.18300000e+04,1.84092632e-04,2.38202288e-04
3.18400000e+04,1.84053967e-04,2.38154379e-04
3.18500000e+04,1.84011844e-04,2.38107049e-04
3.18600000e+04,1.83971806e-04,2.38058893e-04
3.18700000e+04,1.83932356e-04,2.38009175e-04
3.18800000e+04,1.83891137e-04,2.37964200e-04
3.18900000e+04,1.83850821e-04,2.37916101e-04
3.19000000e+04,1.83811363e-04,2.37866864e-04
3.19100000e+04,1.83770333e-04,2.37821899e-04
3.19200000e+04,1.83731166e-04,2.37773826e-04
3.19300000e+04,1.83691915e-04,2.37724866e-04
3.19400000e+04,1.83651348e-04,2.37678431e-04
3.19500000e+04,1.83612024e-04,2.37629898e-04
3.19600000e+04,1.83572464e-04,2.37582653e-04
3.19700000e+04,1.83531568e-04,2.37535421e-04
3.19800000e+04,1.83491889e-04,2.37488342e-04
3.19900000e+04,1.83454070e-04,2.37442003e-04
3.20000000e+04,1.83413632e-04,2.37394239e-04
3.20100000e+04,1.83374378e-04,2.37348772e-04
3.20200000e+04,1.83334574e-04,2.37301308e-04
3.20300000e+04,1.83296320e-04,2.37254942e-04
3.20400000e+04,1.83256838e-04,2.37208633e-04
3.20500000e+04,1.83217182e-04,2.37160803e-04
3.20600000e+04,1.83178375e-04,2.37114191e-04
3.20700000e+04,1.83138557e-04,2.37068110e-04
3.20800000e+04,1.83099587e-04,2.37020168e-04
3.20900000e+04,1.83059426e-04,2.36976091e-04
3.21000000e+04,1.83021361e-04,2.36929998e-04
3.21100000e+04,1.82982491e-04,2.36881959e-04
3.21200000e+04,1.82944816e-04,2.36836398e-04
3.21300000e+04,1.82904868e-04,2.36791820e-04
3.21400000e+04,1.82866420e-04,2.36745405e-04
3.21500000e+04,1.82827299e-04,2.36699241e-04
3.21600000e+04,1.82788692e-04,2.36655494e-04
3.21700000e+04,1.82749548e-04,2.36607560e-04
3.21800000e+04,1.82713303e-04,2.36562993e-04
3.21900000e+04,1.82673576e-04,2.36515377e-04
3.22000000e+04,1.82635168e-04,2.36469996e-04
3.22100000e+04,1.82595270e-04,2.36426589e-04
3.22200000e+04,1.82559206e-04,2.36380437e-04
3.22300000e+04,1.82520028e-04,2.36333668e-04
3.22400000e+04,1.82481495e-04,2.36289705e-04
3.22500000e+04,1.82445076e-04,2.36245016e-04
3.22600000e+04,1.82405020e-04,2.36199979e-04
3.22700000e+04,1.82367538e-04,2.36154395e-04
3.22800000e+04,1.82330354e-04,2.36109883e-04
3.22900000e+04,1.82293426e-04,2.36065128e-04
3.23000000e+04,1.82252755e-04,2.36019770e-04
3.23100000e+04,1.82216068e-04,2.35974276e-04
3.23200000e+04,1.82178580e-04,2.35930310e-04
3.23300000e+04,1.82141112e-04,2.35884886e-04
3.23400000e+04,1.82102156e-04,2.35840103e-04
3.23500000e+04,1.82065376e-04,2.35796772e-04
3.23600000e+04,1.82028417e-04,2.35750796e-04
3.23700000e+04,1.81990662e-04,2.35707056e-04
3.23800000e+04,1.81953034e-04,2.35660992e-04
3.23900000e+04,1.81916665e-04,2.35619104e-04
3.24000000e+04,1.81879639e-04,2.35573691e-04
3.24100000e+04,1.81841972e-04,2.35529118e-04
3.24200000e+04,1.81805271e-04,2.35484795e-04
3.24300000e+04,1.81767824e-04,2.35441470e-04
3.24400000e+04,1.81731144e-04,2.35397045e-04
3.24500000e+04,1.81694327e-04,2.35352986e-04
3.24600000e+04,1.81657580e-04,2.35309337e-04
3.24700000e+04,1.81620898e-04,2.35266207e-04
3.24800000e+04,1.81583439e-04,2.35221230e-04
3.24900000e+04,1.81547820e-04,2.35177142e-04
3.25000000e+04,1.81511538e-04,2.35135619e-04
3.25100000e+04,1.81474283e-04,2.35092196e-04
3.25200000e+04,1.81439422e-04,2.35047556e-04
3.25300000e+04,1.81402290e-04,2.35004090e-04
3.25400000e+04,1.81365389e-04,2.34961326e-04
3.25500000e+04,1.81329420e-04,2.34918312e-04
3.25600000e+04,1.81290917e-04,2.34877015e-04
3.25700000e+04,1.81255864e-04,2.34832006e-04
3.25800000e+04,1.81220713e-04,2.34790043e-04
3.25900000e+04,1.81184328e-04,2.34745963e-04
3.26000000e+04,1.81148200e-04,2.34704013e-04
3.26100000e+04,1.81112328e-04,2.34660309e-04
3.26200000e+04,1.81076100e-04,2.34618289e-04
3.26300000e+04,1.81039284e-04,2.34575929e-04
3.26400000e+04,1.81004720e-04,2.34532585e-04
3.26500000e+04,1.80969901e-04,2.34490567e-04
3.26600000e+04,1.80932056e-04,2.34448087e-04
3.26700000e+04,1.80898144e-04,2.34404867e-04
3.26800000e+04,1.80861485e-04,2.34365074e-04
3.26900000e+04,1.80825303e-04,2.34322833e-04
3.27000000e+04,1.80790928e-04,2.34280059e-04
3.27100000e+04,1.80754454e-04,2.34238265e-04
3.27200000e+04,1.80718380e-04,2.34197496e-04
3.27300000e+04,1.80684434e-04,2.34153775e-04
3.27400000e+04,1.80649591e-04,2.34112849e-04
3.27500000e+04,1.80613502e-04,2.34071310e-04
3.27600000e+04,1.80578797e-04,2.34029896e-04
3.27700000e+04,1.80544122e-04,2.33986665e-04
3.27800000e+04,1.80508956e-04,2.33945938e-04
3.27900000e+04,1.80473333e-04,2.33902799e-04
3.28000000e+04,1.80439835e-04,2.33861996e-04
3.28100000e+04,1.80403399e-04,2.33820366e-04
3.28200000e+04,1.80368742e-04,2.33779640e-04
3.28300000e+04,1.80333987e-04,2.33738773e-04
3.28400000e+04,1.80300202e-04,2.33696820e-04
3.28500000e+04,1.80265098e-04,2.33656311e-04
3.28600000e+04,1.80230983e-04,2.33614255e-04
3.28700000e+04,1.80196399e-04,2.33573034e-04
3.28800000e+04,1.80160276e-04,2.33532693e-04
3.28900000e+04,1.80127193e-04,2.33490468e-04
3.29000000e+04,1.80092991e-04,2.33450472e-04
3.29100000e+04,1.80057890e-04,2.33410896e-04
3.29200000e+04,1.80025276e-04,2.33368555e-04
3.29300000e+04,1.79991402e-04,2.33327938e-04
3.29400000e+04,1.79955416e-04,2.33288114e-04
3.29500000e+04,1.79921979e-04,2.33246611e-04
3.29600000e+04,1.79887817e-04,2.33207201e-04
3.29700000e+04,1.79853841e-04,2.33165561e-04
3.29800000e+04,1.79820219e-04,2.33125477e-04
3.29900000e+04,1.79785833e-04,2.33085555e-04
3.30000000e+04,1.79752222e-04,2.33044286e-04
3.30100000e+04,1.79718753e-04,2.33005885e-04
3.30200000e+04,1.79684816e-04,2.32963676e-04
3.30300000e+04,1.79651017e-04,2.32924916e-04
3.30400000e+04,1.79617473e-04,2.32884628e-04
3.30500000e+04,1.79582727e-04,2.32844767e-04
3.30600000e+04,1.79550872e-04,2.32803292e-04
3.30700000e+04,1.79516987e-04,2.32765045e-04
3.30800000e+04,1.79482066e-04,2.32723982e-04
3.30900000e+04,1.79450554e-04,2.32684070e-04
3.31000000e+04,1.79416926e-04,2.32645515e-04
3.31100000e+04,1.79384273e-04,2.32605916e-04
3.31200000e+04,1.79350935e-04,2.32565024e-04
3.31300000e+04,1.79317054e-04,2.32527573e-04
3.31400000e+04,1.79283849e-04,2.32488245e-04
3.31500000e+04,1.79251284e-04,2.32449112e-04
3.31600000e+04,1.79217703e-04,2.32409279e-04
3.31700000e+04,1.79186150e-04,2.32368851e-04
3.31800000e+04,1.79152597e-04,2.32332413e-04
3.31900000e+04,1.79120290e-04,2.32293312e-04
3.32000000e+04,1.79087202e-04,2.32252994e-04
3.32100000e+04,1.79054828e-04,2.32213883e-04
3.32200000e+04,1.79021389e-04,2.32175616e-04
3.32300000e+04,1.78988847e-04,2.32135309e-04
3.32400000e+04,1.78955671e-04,2.32096521e-04
3.32500000e+04,1.78924717e-04,2.32060218e-04
3.32600000e+04,1.78891852e-04,2.32020874e-04
3.32700000e+04,1.78858819e-04,2.31980928e-04
3.32800000e+04,1.78826795e-04,2.31942151e-04
3.32900000e+04,1.78794003e-04,2.31902904e-04
3.33000000e+04,1.78762043e-04,2.31865882e-04
3.33100000e+04,1.78729297e-04,2.31827921e-04
3.33200000e+04,1.78697289e-04,2.31788262e-04
3.33300000e+04,1.78666066e-04,2.31749596e-04
3.33400000e+04,1.78633122e-04,2.31710426e-04
3.33500000e+04,1.78600939e-04,2.31673444e-04
3.33600000e+04,1.78569253e-04,2.31635406e-04
3.33700000e+04,1.78535855e-04,2.31597814e-04
3.33800000e+04,1.78505080e-04,2.31558412e-04
3.33900000e+04,1.78472653e-04,2.31521788e-04
3.34000000e+04,1.78441863e-04,2.31483763e-04
3.34100000e+04,1.78408418e-04,2.31444940e-04
3.34200000e+04,1.78376984e-04,2.31407071e-04
3.34300000e+04,1.78344842e-04,2.31369646e-04
3.34400000e+04,1.78313958e-04,2.31331931e-04
3.34500000e+04,1.78281861e-04,2.31294113e-04
3.34600000e+04,1.78252036e-04,2.31256499e-04
3.34700000e+04,1.78219439e-04,2.31218398e-04
3.34800000e+04,1.78188370e-04,2.31181485e-04
3.34900000e+04,1.78156958e-04,2.31143983e-04
3.35000000e+04,1.78125312e-04,2.31105647e-04
3.35100000e+04,1.78093609e-04,2.31068199e-04
3.35200000e+04,1.78062699e-04,2.31032292e-04
3.35300000e+04,1.78031179e-04,2.30995467e-04
3.35400000e+04,1.77999937e-04,2.30957444e-04
3.35500000e+04,1.77969161e-04,2.30920999e-04
3.35600000e+04,1.77937520e-04,2.30883959e-04
3.35700000e+04,1.77906591e-04,2.30847830e-04
3.35800000e+04,1.77874881e-04,2.30809420e-04
3.35900000e+04,1.77845518e-04,2.30773428e-04
3.36000000e+04,1.77814290e-04,2.30737185e-04
3.36100000e+04,1.77783514e-04,2.30699717e-04
3.36200000e+04,1.77752033e-04,2.30663472e-04
3.36300000e+04,1.77722450e-04,2.30625626e-04
3.36400000e+04,1.77691061e-04,2.30589618e-04
3.36500000e+04,1.77661142e-04,2.30554359e-04
3.36600000e+04,1.77630357e-04,2.30518127e-04
3.36700000e+04,1.77600347e-04,2.30482540e-04
3.36800000e+04,1.77569942e-04,2.30445135e-04
3.36900000e+04,1.77539430e-04,2.30407673e-04
3.37000000e+04,1.77508501e-04,2.30373046e-04
3.37100000e+04,1.77479982e-04,2.30335788e-04
3.37200000e+04,1.77449020e-04,2.30300535e-04
3.37300000e+04,1.77417602e-04,2.30264327e-04
3.37400000e+04,1.77387903e-04,2.30229376e-04
3.37500000e+04,1.77358269e-04,2.30193222e-04
3.37600000e+04,1.77328457e-04,2.30155568e-04
3.37700000e+04,1.77298494e-04,2.30120808e-04
3.37800000e+04,1.77267333e-04,2.30085330e-04
3.37900000e+04,1.77238366e-04,2.30050598e-04
3.38000000e+04,1.77208718e-04,2.30014368e-04
3.38100000e+04,1.77179687e-04,2.29979832e-04
3.38200000e+04,1.77150664e-04,2.29942480e-04
3.38300000e+04,1.77120137e-04,2.29909506e-04
3.38400000e+04,1.77091238e-04,2.29873492e-04
3.38500000e+04,1.77062101e-04,2.29839141e-04
3.38600000e+04,1.77031279e-04,2.29802711e-04
3.38700000e+04,1.77002804e-04,2.29766912e-04
3.38800000e+04,1.76974013e-04,2.29732816e-04
3.38900000e+04,1.76945106e-04,2.29698015e-04
3.39000000e+04,1.76915179e-04,2.29662970e-04
3.39100000e+04,1.76885438e-04,2.29628637e-04
3.39200000e+04,1.76856463e-04,2.29593264e-04
3.39300000e+04,1.76828098e-04,2.29560272e-04
3.39400000e+04,1.76799473e-04,2.29525550e-04
3.39500000e+04,1.76771470e-04,2.29488711e-04
3.39600000e+04,1.76740628e-04,2.29454153e-04
3.39700000e+04,1.76712150e-04,2.29419828e-04
3.39800000e+04,1.76683703e-04,2.29387236e-04
3.39900000e+04,1.76654171e-04,2.29352378e-04
3.40000000e+04,1.76624022e-04,2.29316508e-04
3.40100000e+04,1.76597096e-04,2.29284573e-04
3.40200000e+04,1.76567966e-04,2.29250045e-04
3.40300000e+04,1.76540785e-04,2.29216595e-04
3.40400000e+04,1.76512810e-04,2.29181618e-04
3.40500000e+04,1.76483097e-04,2.29145647e-04
3.40600000e+04,1.76454131e-04,2.29113484e-04
3.40700000e+04,1.76425699e-04,2.29080697e-04
3.40800000e+04,1.76397705e-04,2.29045233e-04
3.40900000e+04,1.76368817e-04,2.29010532e-04
3.41000000e+04,1.76341819e-04,2.28977703e-04
3.41100000e+04,1.76312818e-04,2.28945889e-04
3.41200000e+04,1.76284087e-04,2.28910594e-04
3.41300000e+04,1.76257180e-04,2.28876895e-04
3.41400000e+04,1.76229113e-04,2.28843893e-04
3.41500000e+04,1.76200042e-04,2.28810863e-04
3.41600000e+04,1.76172311e-04,2.28776078e-04
3.41700000e+04,1.76143252e-04,2.28743929e-04
3.41800000e+04,1.76116523e-04,2.28709870e-04
3.41900000e+04,1.76088217e-04,2.28676140e-04
3.42000000e+04,1.76061143e-04,2.28644410e-04
3.42100000e+04,1.76031996e-04,2.28613004e-04
3.42200000e+04,1.76006087e-04,2.28577531e-04
3.42300000e+04,1.75978109e-04,2.28546062e-04
3.42400000e+04,1.75949644e-04,2.28512625e-04
3.42500000e+04,1.75921074e-04,2.28480120e-04
3.42600000e+04,1.75895348e-04,2.28447419e-04
3.42700000e+04,1.75868449e-04,2.28413204e-04
3.42800000e+04,1.75840645e-04,2.28381056e-04
3.42900000e+04,1.75813186e-04,2.28349465e-04
3.43000000e+04,1.75785561e-04,2.28316028e-04
3.43100000e+04,1.75758925e-04,2.28282371e-04
3.43200000e+04,1.75731679e-04,2.28252384e-04
3.43300000e+04,1.75705203e-04,2.28219402e-04
3.43400000e+04,1.75678886e-04,2.28187568e-04
3.43500000e+04,1.75649573e-04,2.28153720e-04
3.43600000e+04,1.75622861e-04,2.28122750e-04
3.43700000e+04,1.75596503e-04,2.28091165e-04
3.43800000e+04,1.75570746e-04,2.28058092e-04
3.43900000e+04,1.75541778e-04,2.28023582e-04
3.44000000e+04,1.75515793e-04,2.27993717e-04
3.44100000e+04,1.75488711e-04,2.27960652e-04
3.44200000e+04,1.75463422e-04,2.27930264e-04
3.44300000e+04,1.75436074e-04,2.27898237e-04
3.44400000e+04,1.75408267e-04,2.27863862e-04
3.44500000e+04,1.75382136e-04,2.27835341e-04
3.44600000e+04,1.75356019e-04,2.27801404e-04
3.44700000e+04,1.75331790e-04,2.27771260e-04
3.44800000e+04,1.75302646e-04,2.27739210e-04
3.44900000e+04,1.75277201e-04,2.27707208e-04
3.45000000e+04,1.75251276e-04,2.27676560e-04
3.45100000e+04,1.75224662e-04,2.27646665e-04
3.45200000e+04,1.75198611e-04,2.27614407e-04
3.45300000e+04,1.75171175e-04,2.27580193e-04
3.45400000e+04,1.75146007e-04,2.27551546e-04
3.45500000e+04,1.75119094e-04,2.27520598e-04
3.45600000e+04,1.75092857e-04,2.27489106e-04
3.45700000e+04,1.75067537e-04,2.27456865e-04
3.45800000e+04,1.75040314e-04,2.27425043e-04
3.45900000e+04,1.75014879e-04,2.27395201e-04
3.46000000e+04,1.74989558e-04,2.27364643e-04
3.46100000e+04,1.74962543e-04,2.27334067e-04
3.46200000e+04,1.74937695e-04,2.27304493e-04
3.46300000e+04,1.74912936e-04,2.27272440e-04
3.46400000e+04,1.74886620e-04,2.27242887e-04
3.46500000e+04,1.74861453e-04,2.27211227e-04
3.46600000e+04,1.74835037e-04,2.27179531e-04
3.46700000e+04,1.74811623e-04,2.27151062e-04
3.46800000e+04,1.74784650e-04,2.27119372e-04
3.46900000e+04,1.74758822e-04,2.27089443e-04
3.47000000e+04,1.74733683e-04,2.27059470e-04
3.47100000e+04,1.74709012e-04,2.27029562e-04
3.47200000e+04,1.74684288e-04,2.26997564e-04
3.47300000e+04,1.74657013e-04,2.26969220e-04
3.47400000e+04,1.74633676e-04,2.26937624e-04
3.47500000e+04,1.74607909e-04,2.26908852e-04
3.47600000e+04,1.74582197e-04,2.26877862e-04
3.47700000e+04,1.74557553e-04,2.26847298e-04
3.47800000e+04,1.74533867e-04,2.26817836e-04
3.47900000e+04,1.74507369e-04,2.26788001e-04
3.48000000e+04,1.74482970e-04,2.26759065e-04
3.48100000e+04,1.74457895e-04,2.26727097e-04
3.48200000e+04,1.74431513e-04,2.26698146e-04
3.48300000e+04,1.74407177e-04,2.26668558e-04
3.48400000e+04,1.74384512e-04,2.26639698e-04
3.48500000e+04,1.74357430e-04,2.26608447e-04
3.48600000e+04,1.74333417e-04,2.26580088e-04
3.48700000e+04,1.74308661e-04,2.26551263e-04
3.48800000e+04,1.74283160e-04,2.26521153e-04
3.48900000e+04,1.74259685e-04,2.26491316e-04
3.49000000e+04,1.74233866e-04,2.26461323e-04
3.49100000e+04,1.74209914e-04,2.26432639e-04
3.49200000e+04,1.74184989e-04,2.26402474e-04
3.49300000e+04,1.74161184e-04,2.26374317e-04
3.49400000e+04,1.74135821e-04,2.26344074e-04
3.49500000e+04,1.74112432e-04,2.26315955e-04
3.49600000e+04,1.74088617e-04,2.26286332e-04
3.49700000e+04,1.74063804e-04,2.26257660e-04
3.49800000e+04,1.74039682e-04,2.26229307e-04
3.49900000e+04,1.74014660e-04,2.26198874e-04
3.50000000e+04,1.73989767e-04,2.26171472e-04
3.50100000e+04,1.73965960e-04,2.26139409e-04
3.50200000e+04,1.73941571e-04,2.26113328e-04
3.50300000e+04,1.73918004e-04,2.26083326e-04
3.50400000e+04,1.73894785e-04,2.26054475e-04
3.50500000e+04,1.73868772e-04,2.26026124e-04
3.50600000e+04,1.73844651e-04,2.25996987e-04
3.50700000e+04,1.73820918e-04,2.25967412e-04
3.50800000e+04,1.73797360e-04,2.25938601e-04
3.50900000e+04,1.73773038e-04,2.25911995e-04
3.51000000e+04,1.73748376e-04,2.25882265e-04
3.51100000e+04,1.73726042e-04,2.25854380e-04
3.51200000e+04,1.73702183e-04,2.25822861e-04
3.51300000e+04,1.73677685e-04,2.25796083e-04
3.51400000e+04,1.73653102e-04,2.25768255e-04
3.51500000e+04,1.73629805e-04,2.25739665e-04
3.51600000e+04,1.73606320e-04,2.25709936e-04
3.51700000e+04,1.73582689e-04,2.25683354e-04
3.51800000e+04,1.73557896e-04,2.25655059e-04
3.51900000e+04,1.73535669e-04,2.25626709e-04
3.52000000e+04,1.73511336e-04,2.25598321e-04
3.52100000e+04,1.73487737e-04,2.25568685e-04
3.52200000e+04,1.73464752e-04,2.25540453e-04
3.52300000e+04,1.73441626e-04,2.25512939e-04
3.52400000e+04,1.73418294e-04,2.25484835e-04
3.52500000e+04,1.73394747e-04,2.25456640e-04
3.52600000e+04,1.73369934e-04,2.25428962e-04
3.52700000e+04,1.73346485e-04,2.25400025e-04
3.52800000e+04,1.73324479e-04,2.25373202e-04
3.52900000e+04,1.73300592e-04,2.25344257e-04
3.53000000e+04,1.73276696e-04,2.25316687e-04
3.53100000e+04,1.73253550e-04,2.25289193e-04
3.53200000e+04,1.73231417e-04,2.25261277e-04
3.53300000e+04,1.73209184e-04,2.25235041e-04
3.53400000e+04,1.73185408e-04,2.25206911e-04
3.53500000e+04,1.73161487e-04,2.25181465e-04
3.53600000e+04,1.73139164e-04,2.25152393e-04
3.53700000e+04,1.73117137e-04,2.25124052e-04
3.53800000e+04,1.73092946e-04,2.25096845e-04
3.53900000e+04,1.73070440e-04,2.25069044e-04
3.54000000e+04,1.73047195e-04,2.25041482e-04
3.54100000e+04,1.73025500e-04,2.25014651e-04
3.54200000e+04,1.73003623e-04,2.24987620e-04
3.54300000e+04,1.72979851e-04,2.24959995e-04
3.54400000e+04,1.72958181e-04,2.24933493e-04
3.54500000e+04,1.72934589e-04,2.24908108e-04
3.54600000e+04,1.72912344e-04,2.24877567e-04
3.54700000e+04,1.72889661e-04,2.24851909e-04
3.54800000e+04,1.72868124e-04,2.24823543e-04
3.54900000e+04,1.72844451e-04,2.24797095e-04
3.55000000e+04,1.72821807e-04,2.24771935e-04
3.55100000e+04,1.72800800e-04,2.24744776e-04
3.55200000e+04,1.72778073e-04,2.24717945e-04
3.55300000e+04,1.72755741e-04,2.24691641e-04
3.55400000e+04,1.72734721e-04,2.24665331e-04
3.55500000e+04,1.72710283e-04,2.24636220e-04
3.55600000e+04,1.72689800e-04,2.24610587e-04
3.55700000e+04,1.72667977e-04,2.24585862e-04
3.55800000e+04,1.72644924e-04,2.24559121e-04
3.55900000e+04,1.72624363e-04,2.24533082e-04
3.56000000e+04,1.72600820e-04,2.24505310e-04
3.56100000e+04,1.72579915e-04,2.24479438e-04
3.56200000e+04,1.72558448e-04,2.24452460e-04
3.56300000e+04,1.72536738e-04,2.24427699e-04
3.56400000e+04,1.72513936e-04,2.24401012e-04
3.56500000e+04,1.72493679e-04,2.24374610e-04
3.56600000e+04,1.72470889e-04,2.24349224e-04
3.56700000e+04,1.72449822e-04,2.24322839e-04
3.56800000e+04,1.72428085e-04,2.24295018e-04
3.56900000e+04,1.72408802e-04,2.24271452e-04
3.57000000e+04,1.72385494e-04,2.24244974e-04
3.57100000e+04,1.72365166e-04,2.24219575e-04
3.57200000e+04,1.72342742e-04,2.24194156e-04
3.57300000e+04,1.72320769e-04,2.24169088e-04
3.57400000e+04,1.72299357e-04,2.24142826e-04
3.57500000e+04,1.72279278e-04,2.24118626e-04
3.57600000e+04,1.72258879e-04,2.24091238e-04
3.57700000e+04,1.72236224e-04,2.24067043e-04
3.57800000e+04,1.72215719e-04,2.24040461e-04
3.57900000e+04,1.72194494e-04,2.24017125e-04
3.58000000e+04,1.72173049e-04,2.23991003e-04
3.58100000e+04,1.72153270e-04,2.23966968e-04
3.58200000e+04,1.72133006e-04,2.23940910e-04
3.58300000e+04,1.72110909e-04,2.23916439e-04
3.58400000e+04,1.72091683e-04,2.23891847e-04
3.58500000e+04,1.72070538e-04,2.23866919e-04
3.58600000e+04,1.72050204e-04,2.23841768e-04
3.58700000e+04,1.72029476e-04,2.23817773e-04
3.58800000e+04,1.72007495e-04,2.23791994e-04
3.58900000e+04,1.71987920e-04,2.23766507e-04
3.59000000e+04,1.71967854e-04,2.23743454e-04
3.59100000e+04,1.71946869e-04,2.23718088e-04
3.59200000e+04,1.71926034e-04,2.23694306e-04
3.59300000e+04,1.71905705e-04,2.23667582e-04
3.59400000e+04,1.71884763e-04,2.23644777e-04
3.59500000e+04,1.71866431e-04,2.23620145e-04
3.59600000e+04,1.71843717e-04,2.23595124e-04
3.59700000e+04,1.71824133e-04,2.23570843e-04
3.59800000e+04,1.71803885e-04,2.23546573e-04
3.59900000e+04,1.71783449e-04,2.23523552e-04
3.60000000e+04,1.71762244e-04,2.23497917e-04
3.60100000e+04,1.71742433e-04,2.23472656e-04
3.60200000e+04,1.71722078e-04,2.23448740e-04
3.60300000e+04,1.71703110e-04,2.23425891e-04
3.60400000e+04,1.71682274e-04,2.23401295e-04
3.60500000e+04,1.71663088e-04,2.23377044e-04
3.60600000e+04,1.71641646e-04,2.23352564e-04
3.60700000e+04,1.71623117e-04,2.23331297e-04
3.60800000e+04,1.71602967e-04,2.23304247e-04
3.60900000e+04,1.71582363e-04,2.23280662e-04
3.61000000e+04,1.71563825e-04,2.23255548e-04
3.61100000e+04,1.71541547e-04,2.23232844e-04
3.61200000e+04,1.71523357e-04,2.23209718e-04
3.61300000e+04,1.71504925e-04,2.23186596e-04
3.61400000e+04,1.71483380e-04,2.23161949e-04
3.61500000e+04,1.71464096e-04,2.23138089e-04
3.61600000e+04,1.71444132e-04,2.23115950e-04
3.61700000e+04,1.71425330e-04,2.23091479e-04
3.61800000e+04,1.71404685e-04,2.23068517e-04
3.61900000e+04,1.71386469e-04,2.23043363e-04
3.62000000e+04,1.71366194e-04,2.23020488e-04
3.62100000e+04,1.71347956e-04,2.22997912e-04
3.62200000e+04,1.71326838e-04,2.22974561e-04
3.62300000e+04,1.71307262e-04,2.22950358e-04
3.62400000e+04,1.71287427e-04,2.22926959e-04
3.62500000e+04,1.71269757e-04,2.22904211e-04
3.62600000e+04,1.71250271e-04,2.22882300e-04
