6.00010000e+04,1.11722316e+01,1.11602993e+01,1.19322692e-02
6.00110000e+04,3.75977637e+03,3.75777696e+03,1.99941023e+00
6.00210000e+04,1.84702120e+03,1.84661858e+03,4.02620354e-01
6.00310000e+04,5.84716247e+02,5.84339450e+02,3.76796879e-01
6.00410000e+04,2.50872807e+02,2.50660128e+02,2.12679409e-01
6.00510000e+04,1.37693857e+02,1.37539213e+02,1.54643300e-01
6.00610000e+04,7.39354556e+01,7.38190371e+01,1.16418547e-01
6.00710000e+04,4.55365087e+01,4.54420267e+01,9.44819944e-02
6.00810000e+04,3.48126530e+01,3.47343823e+01,7.82706991e-02
6.00910000e+04,2.78526525e+01,2.77859040e+01,6.67485743e-02
6.01010000e+04,2.36032811e+01,2.35454872e+01,5.77939344e-02
6.01110000e+04,2.04772746e+01,2.04267186e+01,5.05559548e-02
6.01210000e+04,1.84351457e+01,1.83906288e+01,4.45169634e-02
6.01310000e+04,1.67838448e+01,1.67443417e+01,3.95031598e-02
6.01410000e+04,1.54964156e+01,1.54611021e+01,3.53134722e-02
6.01510000e+04,1.44292775e+01,1.43974545e+01,3.18229267e-02
6.01610000e+04,1.35546973e+01,1.35258204e+01,2.88769494e-02
6.01710000e+04,1.28021740e+01,1.27757934e+01,2.63805752e-02
6.01810000e+04,1.21656575e+01,1.21414114e+01,2.42460990e-02
6.01910000e+04,1.16173139e+01,1.15948983e+01,2.24156602e-02
6.02010000e+04,1.11393636e+01,1.11185262e+01,2.08373720e-02
6.02110000e+04,1.07230431e+01,1.07035994e+01,1.94436861e-02
6.02210000e+04,1.03608923e+01,1.03426731e+01,1.82192100e-02
6.02310000e+04,1.00412906e+01,1.00241413e+01,1.71492706e-02
6.02410000e+04,9.75543112e+00,9.73921815e+00,1.62129766e-02
6.02510000e+04,9.49984068e+00,9.48444968e+00,1.53909996e-02
6.02610000e+04,9.27050513e+00,9.25583884e+00,1.46662820e-02
6.02710000e+04,9.06397087e+00,9.04994598e+00,1.40248949e-02
6.02810000e+04,8.87751564e+00,8.86406041e+00,1.34552324e-02
6.02910000e+04,8.70863794e+00,8.69569038e+00,1.29475596e-02
6.03010000e+04,8.55532586e+00,8.54283223e+00,1.24936378e-02
6.03020000e+04,1.85823768e+01,1.85606151e+01,2.17617234e-02
6.03120000e+04,2.72246699e+03,2.72046708e+03,1.99990965e+00
6.03220000e+04,1.08579525e+03,1.08510317e+03,6.92075710e-01
6.03320000e+04,6.92022628e+02,6.91514044e+02,5.08584246e-01
6.03420000e+04,2.56610410e+02,2.56205348e+02,4.05062493e-01
6.03520000e+04,1.39348721e+02,1.39003728e+02,3.44993460e-01
6.03620000e+04,9.52563620e+01,9.49766732e+01,2.79688814e-01
6.03720000e+04,7.50032556e+01,7.47709875e+01,2.32268005e-01
6.03820000e+04,6.12522238e+01,6.10581486e+01,1.94075294e-01
6.03920000e+04,5.28229676e+01,5.26594171e+01,1.63550463e-01
6.04020000e+04,4.70483431e+01,4.69094032e+01,1.38939900e-01
6.04120000e+04,4.22548249e+01,4.21348263e+01,1.19998569e-01
6.04220000e+04,3.85431747e+01,3.84383381e+01,1.04836618e-01
6.04320000e+04,3.56148814e+01,3.55222641e+01,9.26172860e-02
6.04420000e+04,3.31427553e+01,3.30600255e+01,8.27297785e-02
6.04520000e+04,3.10527268e+01,3.09781471e+01,7.45796957e-02
6.04620000e+04,2.92834167e+01,2.92156356e+01,6.77811064e-02
6.04720000e+04,2.77776894e+01,2.77156603e+01,6.20290591e-02
6.04820000e+04,2.64680881e+01,2.64109622e+01,5.71259192e-02
6.04920000e+04,2.53236368e+01,2.52707034e+01,5.29333797e-02
6.05020000e+04,2.43197580e+01,2.42704113e+01,4.93467125e-02
6.05120000e+04,2.34216533e+01,2.33754685e+01,4.61848265e-02
6.05220000e+04,2.26244944e+01,2.25810336e+01,4.34607664e-02
6.05320000e+04,2.19241368e+01,2.18830313e+01,4.11054544e-02
6.05420000e+04,2.12980557e+01,2.12590158e+01,3.90399025e-02
6.05520000e+04,2.07406009e+01,2.07033915e+01,3.72093757e-02
6.05620000e+04,2.02389991e+01,2.02034226e+01,3.55765306e-02
6.05720000e+04,1.97866581e+01,1.97525453e+01,3.41128124e-02
6.05820000e+04,1.93776965e+01,1.93448987e+01,3.27978570e-02
6.05920000e+04,1.90071693e+01,1.89755551e+01,3.16141906e-02
6.06020000e+04,1.86707302e+01,1.86401828e+01,3.05473222e-02
6.06030000e+04,2.02338671e+01,2.01945351e+01,3.93320054e-02
6.06130000e+04,2.33216884e+03,2.33107737e+03,1.09146310e+00
6.06230000e+04,1.72014028e+03,1.71971069e+03,4.29589854e-01
6.06330000e+04,4.20431082e+02,4.20129836e+02,3.01246138e-01
6.06430000e+04,1.71454760e+02,1.71278068e+02,1.76692006e-01
6.06530000e+04,1.00166717e+02,1.00038542e+02,1.28175027e-01
6.06630000e+04,4.47017394e+01,4.46042167e+01,9.75226793e-02
6.06730000e+04,2.95514518e+01,2.94741271e+01,7.73247010e-02
6.06830000e+04,2.50120149e+01,2.49507330e+01,6.12818196e-02
6.06930000e+04,2.18273442e+01,2.17768796e+01,5.04645536e-02
6.07030000e+04,1.99165134e+01,1.98742438e+01,4.22695286e-02
6.07130000e+04,1.86727899e+01,1.86367707e+01,3.60191614e-02
6.07230000e+04,1.79133168e+01,1.78820954e+01,3.12214475e-02
6.07330000e+04,1.73712077e+01,1.73437351e+01,2.74726214e-02
6.07430000e+04,1.69126711e+01,1.68881943e+01,2.44768899e-02
6.07530000e+04,1.65487054e+01,1.65266708e+01,2.20345715e-02
6.07630000e+04,1.62637594e+01,1.62437532e+01,2.00062834e-02
6.07730000e+04,1.60107487e+01,1.59924198e+01,1.83288878e-02
6.07830000e+04,1.57962083e+01,1.57792517e+01,1.69566045e-02
6.07930000e+04,1.56194936e+01,1.56036670e+01,1.58266688e-02
6.08030000e+04,1.54695588e+01,1.54546821e+01,1.48767535e-02
6.08130000e+04,1.53648084e+01,1.53508297e+01,1.39786777e-02
6.08230000e+04,1.52553983e+01,1.52422310e+01,1.31673112e-02
6.08330000e+04,1.51514199e+01,1.51389541e+01,1.24657874e-02
6.08430000e+04,1.50590031e+01,1.50471413e+01,1.18618309e-02
6.08530000e+04,1.49732465e+01,1.49619068e+01,1.13396864e-02
6.08630000e+04,1.48962555e+01,1.48853705e+01,1.08850014e-02
6.08730000e+04,1.48265494e+01,1.48160630e+01,1.04863623e-02
6.08830000e+04,1.47634413e+01,1.47533066e+01,1.01346776e-02
6.08930000e+04,1.47060060e+01,1.46961831e+01,9.82283722e-03
6.09030000e+04,1.46538161e+01,1.46442711e+01,9.54507597e-03
6.09040000e+04,2.25370681e+01,2.25185393e+01,1.85288162e-02
6.09140000e+04,2.11543183e+03,2.11414711e+03,1.28472239e+00
6.09240000e+04,1.19475071e+03,1.19422914e+03,5.21571740e-01
6.09340000e+04,3.98634887e+02,3.98348795e+02,2.86092145e-01
6.09440000e+04,1.59092724e+02,1.58856178e+02,2.36545647e-01
6.09540000e+04,9.59101237e+01,9.57443910e+01,1.65732759e-01
6.09640000e+04,7.06850150e+01,7.05637184e+01,1.21296596e-01
6.09740000e+04,5.03365320e+01,5.02445106e+01,9.20213660e-02
6.09840000e+04,3.96658794e+01,3.95942126e+01,7.16668479e-02
6.09940000e+04,3.37984696e+01,3.37412841e+01,5.71854581e-02
6.10040000e+04,3.07920702e+01,3.07452198e+01,4.68504841e-02
6.10140000e+04,2.83913193e+01,2.83521818e+01,3.91375563e-02
6.10240000e+04,2.62674504e+01,2.62341683e+01,3.32820378e-02
6.10340000e+04,2.44663702e+01,2.44375306e+01,2.88396217e-02
6.10440000e+04,2.31185926e+01,2.30931899e+01,2.54027184e-02
6.10540000e+04,2.20615726e+01,2.20389026e+01,2.26699467e-02
6.10640000e+04,2.11910174e+01,2.11705319e+01,2.04854898e-02
6.10740000e+04,2.04221933e+01,2.04034301e+01,1.87631752e-02
6.10840000e+04,1.97792194e+01,1.97618652e+01,1.73541083e-02
6.10940000e+04,1.92457135e+01,1.92295532e+01,1.61603052e-02
6.11040000e+04,1.87886525e+01,1.87735191e+01,1.51333390e-02
6.11140000e+04,1.84671159e+01,1.84529716e+01,1.41442994e-02
6.11240000e+04,1.81173540e+01,1.81040420e+01,1.33119876e-02
6.11340000e+04,1.77968026e+01,1.77841872e+01,1.26154201e-02
6.11440000e+04,1.75170726e+01,1.75050539e+01,1.20187447e-02
6.11540000e+04,1.72715798e+01,1.72600774e+01,1.15024265e-02
6.11640000e+04,1.70532300e+01,1.70421789e+01,1.10511068e-02
6.11740000e+04,1.68605661e+01,1.68499123e+01,1.06537295e-02
6.11840000e+04,1.66874768e+01,1.66771749e+01,1.03019299e-02
6.11940000e+04,1.65322948e+01,1.65223061e+01,9.98873776e-03
6.12040000e+04,1.63925277e+01,1.63828191e+01,9.70859260e-03
6.12050000e+04,2.29033639e+01,2.28847304e+01,1.86334913e-02
6.12150000e+04,1.75985291e+03,1.75904154e+03,8.11367313e-01
6.12250000e+04,1.35697474e+03,1.35663658e+03,3.38154127e-01
6.12350000e+04,3.42705167e+02,3.42514505e+02,1.90661884e-01
6.12450000e+04,1.30695363e+02,1.30586233e+02,1.09130013e-01
6.12550000e+04,7.42990885e+01,7.42183571e+01,8.07314400e-02
6.12650000e+04,4.19830718e+01,4.19248475e+01,5.82242786e-02
6.12750000e+04,3.17174490e+01,3.16723324e+01,4.51166424e-02
6.12850000e+04,2.76467665e+01,2.76101097e+01,3.66568589e-02
6.12950000e+04,2.50596157e+01,2.50282764e+01,3.13393187e-02
6.13050000e+04,2.32435689e+01,2.32161251e+01,2.74437736e-02
6.13150000e+04,2.19651133e+01,2.19409387e+01,2.41746121e-02
6.13250000e+04,2.12245078e+01,2.12029746e+01,2.15332067e-02
6.13350000e+04,2.05279727e+01,2.05085267e+01,1.94460093e-02
6.13450000e+04,1.99099860e+01,1.98922040e+01,1.77819517e-02
6.13550000e+04,1.93984635e+01,1.93820553e+01,1.64082206e-02
6.13650000e+04,1.90239130e+01,1.90086767e+01,1.52362676e-02
6.13750000e+04,1.86855797e+01,1.86713517e+01,1.42280397e-02
6.13850000e+04,1.83788216e+01,1.83654792e+01,1.33423933e-02
6.13950000e+04,1.81102063e+01,1.80976538e+01,1.25524799e-02
6.14050000e+04,1.78693804e+01,1.78575353e+01,1.18450318e-02
6.14150000e+04,1.77262595e+01,1.77151500e+01,1.11095102e-02
6.14250000e+04,1.75242188e+01,1.75137781e+01,1.04407138e-02
6.14350000e+04,1.73174295e+01,1.73075375e+01,9.89199220e-03
6.14450000e+04,1.71318825e+01,1.71224323e+01,9.45015911e-03
6.14550000e+04,1.69623064e+01,1.69532178e+01,9.08852085e-03
6.14650000e+04,1.68149316e+01,1.68061508e+01,8.78079641e-03
6.14750000e+04,1.66834948e+01,1.66749823e+01,8.51246935e-03
6.14850000e+04,1.65647617e+01,1.65564871e+01,8.27463387e-03
6.14950000e+04,1.64577654e+01,1.64497038e+01,8.06159823e-03
6.15050000e+04,1.63604373e+01,1.63525676e+01,7.86969451e-03
6.15060000e+04,2.48813589e+01,2.48648008e+01,1.65581865e-02
6.15160000e+04,1.63498298e+03,1.63409771e+03,8.85274652e-01
6.15260000e+04,1.15835784e+03,1.15799349e+03,3.64354720e-01
6.15360000e+04,2.68563976e+02,2.68401442e+02,1.62533334e-01
6.15460000e+04,1.04901769e+02,1.04795025e+02,1.06743716e-01
6.15560000e+04,5.92853058e+01,5.92208835e+01,6.44223200e-02
6.15660000e+04,4.13544273e+01,4.13134032e+01,4.10240709e-02
6.15760000e+04,3.21534866e+01,3.21244758e+01,2.90107740e-02
6.15860000e+04,2.57089916e+01,2.56864467e+01,2.25449106e-02
6.15960000e+04,2.25193973e+01,2.25008778e+01,1.85194811e-02
6.16060000e+04,2.10029596e+01,2.09871503e+01,1.58092699e-02
6.16160000e+04,2.03184495e+01,2.03047918e+01,1.36577582e-02
6.16260000e+04,1.95552710e+01,1.95432018e+01,1.20691217e-02
6.16360000e+04,1.88895906e+01,1.88786887e+01,1.09019164e-02
6.16460000e+04,1.83338115e+01,1.83238006e+01,1.00108792e-02
6.16560000e+04,1.79481376e+01,1.79388368e+01,9.30077732e-03
6.16660000e+04,1.76335776e+01,1.76248533e+01,8.72431378e-03
6.16760000e+04,1.73577171e+01,1.73494696e+01,8.24751885e-03
6.16860000e+04,1.71183439e+01,1.71105006e+01,7.84335719e-03
6.16960000e+04,1.69183750e+01,1.69108803e+01,7.49471003e-03
6.17060000e+04,1.67464299e+01,1.67392384e+01,7.19146721e-03
6.17160000e+04,1.66876870e+01,1.66808451e+01,6.84196829e-03
6.17260000e+04,1.65602340e+01,1.65537149e+01,6.51917976e-03
6.17360000e+04,1.64287061e+01,1.64224602e+01,6.24583383e-03
6.17460000e+04,1.63104505e+01,1.63044360e+01,6.01447013e-03
6.17560000e+04,1.62136979e+01,1.62078834e+01,5.81452545e-03
6.17660000e+04,1.61257132e+01,1.61200729e+01,5.64028315e-03
6.17760000e+04,1.60501837e+01,1.60446978e+01,5.48593477e-03
6.17860000e+04,1.59832325e+01,1.59778841e+01,5.34838241e-03
6.17960000e+04,1.59234804e+01,1.59182553e+01,5.22504528e-03
6.18060000e+04,1.58701835e+01,1.58650697e+01,5.11380287e-03
6.18070000e+04,2.48907434e+01,2.48770825e+01,1.36608195e-02
6.18170000e+04,1.37447714e+03,1.37391037e+03,5.66766293e-01
6.18270000e+04,1.14050537e+03,1.14027875e+03,2.26618396e-01
6.18370000e+04,2.35058035e+02,2.34921050e+02,1.36984384e-01
6.18470000e+04,1.00381083e+02,1.00310474e+02,7.06088084e-02
6.18570000e+04,5.78508985e+01,5.78090478e+01,4.18506256e-02
6.18670000e+04,3.37580948e+01,3.37300464e+01,2.80483266e-02
6.18770000e+04,2.83939531e+01,2.83730591e+01,2.08940087e-02
6.18870000e+04,2.42044381e+01,2.41882594e+01,1.61786303e-02
6.18970000e+04,2.19235981e+01,2.19101158e+01,1.34823205e-02
6.19070000e+04,2.05687398e+01,2.05570787e+01,1.16611213e-02
6.19170000e+04,1.95533336e+01,1.95431368e+01,1.01967844e-02
6.19270000e+04,1.88667160e+01,1.88576931e+01,9.02281304e-03
6.19370000e+04,1.83784298e+01,1.83703072e+01,8.12255353e-03
6.19470000e+04,1.79698599e+01,1.79624153e+01,7.44460845e-03
6.19570000e+04,1.75560080e+01,1.75490815e+01,6.92646798e-03
6.19670000e+04,1.72446528e+01,1.72381462e+01,6.50653752e-03
6.19770000e+04,1.69965910e+01,1.69904318e+01,6.15915977e-03
6.19870000e+04,1.67670852e+01,1.67612156e+01,5.86961152e-03
6.19970000e+04,1.65668980e+01,1.65612749e+01,5.62316345e-03
6.20070000e+04,1.63949899e+01,1.63895792e+01,5.41074691e-03
6.20170000e+04,1.63433006e+01,1.63381504e+01,5.15023240e-03
6.20270000e+04,1.62081929e+01,1.62032857e+01,4.90720110e-03
6.20370000e+04,1.60668535e+01,1.60621465e+01,4.70699004e-03
6.20470000e+04,1.59444087e+01,1.59398683e+01,4.54040295e-03
6.20570000e+04,1.58364273e+01,1.58320280e+01,4.39930807e-03
6.20670000e+04,1.57385102e+01,1.57342322e+01,4.27805605e-03
6.20770000e+04,1.56520313e+01,1.56478591e+01,4.17212226e-03
6.20870000e+04,1.55737677e+01,1.55696891e+01,4.07859427e-03
6.20970000e+04,1.55028439e+01,1.54988485e+01,3.99532388e-03
6.21070000e+04,1.54381570e+01,1.54342362e+01,3.92071265e-03
6.21080000e+04,2.56693669e+01,2.56571536e+01,1.22132215e-02
6.21180000e+04,1.23696504e+03,1.23632002e+03,6.45017158e-01
6.21280000e+04,9.74949681e+02,9.74707262e+02,2.42418522e-01
6.21380000e+04,2.20826724e+02,2.20716360e+02,1.10363969e-01
6.21480000e+04,8.01522833e+01,8.00908073e+01,6.14760363e-02
6.21580000e+04,4.88442025e+01,4.88111407e+01,3.30618283e-02
6.21680000e+04,3.53550571e+01,3.53341385e+01,2.09186169e-02
6.21780000e+04,2.92872411e+01,2.92725198e+01,1.47213041e-02
6.21880000e+04,2.37512075e+01,2.37393074e+01,1.19001258e-02
6.21980000e+04,2.14628466e+01,2.14528756e+01,9.97099838e-03
6.22080000e+04,2.03095256e+01,2.03008321e+01,8.69346188e-03
6.22180000e+04,1.95287824e+01,1.95211417e+01,7.64076089e-03
6.22280000e+04,1.89066105e+01,1.88997766e+01,6.83392465e-03
6.22380000e+04,1.83725630e+01,1.83663286e+01,6.23445358e-03
6.22480000e+04,1.79509211e+01,1.79451389e+01,5.78225906e-03
6.22580000e+04,1.76125782e+01,1.76071515e+01,5.42673786e-03
6.22680000e+04,1.73193459e+01,1.73142081e+01,5.13778547e-03
6.22780000e+04,1.70739659e+01,1.70690691e+01,4.89676253e-03
6.22880000e+04,1.68639918e+01,1.68593003e+01,4.69149249e-03
6.22980000e+04,1.66779039e+01,1.66733888e+01,4.51513911e-03
6.23080000e+04,1.65126411e+01,1.65082793e+01,4.36186234e-03
6.23180000e+04,1.64567000e+01,1.64525369e+01,4.16312795e-03
6.23280000e+04,1.63215641e+01,1.63175879e+01,3.97621133e-03
6.23380000e+04,1.61840225e+01,1.61802014e+01,3.82116452e-03
6.23480000e+04,1.60569624e+01,1.60532703e+01,3.69213139e-03
6.23580000e+04,1.59549960e+01,1.59514144e+01,3.58153737e-03
6.23680000e+04,1.58619049e+01,1.58584188e+01,3.48608423e-03
6.23780000e+04,1.57797365e+01,1.57763343e+01,3.40224499e-03
6.23880000e+04,1.57046374e+01,1.57013095e+01,3.32796109e-03
6.23980000e+04,1.56362108e+01,1.56329492e+01,3.26164058e-03
6.24080000e+04,1.55738621e+01,1.55706600e+01,3.20208038e-03
6.24090000e+04,2.50681598e+01,2.50568666e+01,1.12931448e-02
6.24190000e+04,1.09281950e+03,1.09238592e+03,4.33583422e-01
6.24290000e+04,9.31919656e+02,9.31752172e+02,1.67484296e-01
6.24390000e+04,1.90271574e+02,1.90180291e+02,9.12826397e-02
6.24490000e+04,8.47372731e+01,8.46935929e+01,4.36801837e-02
6.24590000e+04,4.79892457e+01,4.79646060e+01,2.46396624e-02
6.24690000e+04,3.13371155e+01,3.13201529e+01,1.69626374e-02
6.24790000e+04,2.72280025e+01,2.72160740e+01,1.19285856e-02
6.24890000e+04,2.21641697e+01,2.21544215e+01,9.74827029e-03
6.24990000e+04,2.02426229e+01,2.02343105e+01,8.31235529e-03
6.25090000e+04,1.94546870e+01,1.94473861e+01,7.30085579e-03
6.25190000e+04,1.88144393e+01,1.88080012e+01,6.43809126e-03
6.25290000e+04,1.82399908e+01,1.82342328e+01,5.75790245e-03
6.25390000e+04,1.77719275e+01,1.77666611e+01,5.26632994e-03
6.25490000e+04,1.73691531e+01,1.73642552e+01,4.89790063e-03
6.25590000e+04,1.70453405e+01,1.70407317e+01,4.60875279e-03
6.25690000e+04,1.67848950e+01,1.67805214e+01,4.37360134e-03
6.25790000e+04,1.65560388e+01,1.65518607e+01,4.17805160e-03
6.25890000e+04,1.63527303e+01,1.63487181e+01,4.01214679e-03
6.25990000e+04,1.61764592e+01,1.61725904e+01,3.86877777e-03
6.26090000e+04,1.60191959e+01,1.60154518e+01,3.74411040e-03
6.26190000e+04,1.59878117e+01,1.59842375e+01,3.57428334e-03
6.26290000e+04,1.58504995e+01,1.58470837e+01,3.41576277e-03
6.26390000e+04,1.57173980e+01,1.57141131e+01,3.28493307e-03
6.26490000e+04,1.55988573e+01,1.55956810e+01,3.17625080e-03
6.26590000e+04,1.54989937e+01,1.54959100e+01,3.08367525e-03
6.26690000e+04,1.54084195e+01,1.54054156e+01,3.00389789e-03
6.26790000e+04,1.53279318e+01,1.53249979e+01,2.93396729e-03
6.26890000e+04,1.52544464e+01,1.52515744e+01,2.87203419e-03
6.26990000e+04,1.51872313e+01,1.51844145e+01,2.81676862e-03
6.27090000e+04,1.51257079e+01,1.51229407e+01,2.76715797e-03
6.27100000e+04,2.60063450e+01,2.59957571e+01,1.05878991e-02
6.27200000e+04,9.89853197e+02,9.89419711e+02,4.33486443e-01
6.27300000e+04,8.57206816e+02,8.57016830e+02,1.89985412e-01
6.27400000e+04,1.75661517e+02,1.75573498e+02,8.80190769e-02
6.27500000e+04,8.23964696e+01,8.23505071e+01,4.59624927e-02
6.27600000e+04,4.56785556e+01,4.56540179e+01,2.45377044e-02
6.27700000e+04,3.32083213e+01,3.31923733e+01,1.59480257e-02
6.27800000e+04,2.72075146e+01,2.71967248e+01,1.07897959e-02
6.27900000e+04,2.35702547e+01,2.35616630e+01,8.59167426e-03
6.28000000e+04,2.12553199e+01,2.12479971e+01,7.32275734e-03
6.28100000e+04,2.02889961e+01,2.02825772e+01,6.41888102e-03
6.28200000e+04,1.96704742e+01,1.96648574e+01,5.61677187e-03
6.28300000e+04,1.90641468e+01,1.90591384e+01,5.00844718e-03
6.28400000e+04,1.85088243e+01,1.85042422e+01,4.58206812e-03
6.28500000e+04,1.80859072e+01,1.80816471e+01,4.26002479e-03
6.28600000e+04,1.77527307e+01,1.77487221e+01,4.00862750e-03
6.28700000e+04,1.74695654e+01,1.74657619e+01,3.80357805e-03
6.28800000e+04,1.72093782e+01,1.72057456e+01,3.63264972e-03
6.28900000e+04,1.69932362e+01,1.69897489e+01,3.48724897e-03
6.29000000e+04,1.68005190e+01,1.67971564e+01,3.36262411e-03
6.29100000e+04,1.66304020e+01,1.66271473e+01,3.25463995e-03
6.29200000e+04,1.65823507e+01,1.65792448e+01,3.10592457e-03
6.29300000e+04,1.64373981e+01,1.64344295e+01,2.96852960e-03
6.29400000e+04,1.62984068e+01,1.62955518e+01,2.85498299e-03
6.29500000e+04,1.61756216e+01,1.61728614e+01,2.76015621e-03
6.29600000e+04,1.60695302e+01,1.60668511e+01,2.67917276e-03
6.29700000e+04,1.59786632e+01,1.59760544e+01,2.60879802e-03
6.29800000e+04,1.58936487e+01,1.58911016e+01,2.54708832e-03
6.29900000e+04,1.58168243e+01,1.58143320e+01,2.49234447e-03
6.30000000e+04,1.57459902e+01,1.57435467e+01,2.44352465e-03
6.30100000e+04,1.56810147e+01,1.56786150e+01,2.39969277e-03
6.30110000e+04,2.55159085e+01,2.55059296e+01,9.97893453e-03
6.30210000e+04,8.70480183e+02,8.70121090e+02,3.59093295e-01
6.30310000e+04,7.92839102e+02,7.92704784e+02,1.34318352e-01
6.30410000e+04,1.57928988e+02,1.57852561e+02,7.64274862e-02
6.30510000e+04,7.78885391e+01,7.78531876e+01,3.53514593e-02
6.30610000e+04,4.46754237e+01,4.46571977e+01,1.82259678e-02
6.30710000e+04,3.02145523e+01,3.02023623e+01,1.21899937e-02
6.30810000e+04,2.54359540e+01,2.54271976e+01,8.75639638e-03
6.30910000e+04,2.25492795e+01,2.25422613e+01,7.01826961e-03
6.31010000e+04,2.01905213e+01,2.01844086e+01,6.11273476e-03
6.31110000e+04,1.96671866e+01,1.96618027e+01,5.38393085e-03
6.31210000e+04,1.91950644e+01,1.91903168e+01,4.74762910e-03
6.31310000e+04,1.85794210e+01,1.85751404e+01,4.28058664e-03
6.31410000e+04,1.81052682e+01,1.81013277e+01,3.94051892e-03
6.31510000e+04,1.77735875e+01,1.77699072e+01,3.68034861e-03
6.31610000e+04,1.74614766e+01,1.74579979e+01,3.47877444e-03
6.31710000e+04,1.72141873e+01,1.72108749e+01,3.31242196e-03
6.31810000e+04,1.70078161e+01,1.70046435e+01,3.17261816e-03
6.31910000e+04,1.68117879e+01,1.68087335e+01,3.05444032e-03
6.32010000e+04,1.66418647e+01,1.66389127e+01,2.95195908e-03
6.32110000e+04,1.64911661e+01,1.64883037e+01,2.86246685e-03
6.32210000e+04,1.64667163e+01,1.64639825e+01,2.73373540e-03
6.32310000e+04,1.63297529e+01,1.63271360e+01,2.61687973e-03
6.32410000e+04,1.61952326e+01,1.61927116e+01,2.52104338e-03
6.32510000e+04,1.60843010e+01,1.60818605e+01,2.44047332e-03
6.32610000e+04,1.59871355e+01,1.59847638e+01,2.37175539e-03
6.32710000e+04,1.59017012e+01,1.58993893e+01,2.31193785e-03
6.32810000e+04,1.58222077e+01,1.58199483e+01,2.25935782e-03
6.32910000e+04,1.57492495e+01,1.57470368e+01,2.21265544e-03
6.33010000e+04,1.56825059e+01,1.56803350e+01,2.17087403e-03
6.33110000e+04,1.56209243e+01,1.56187910e+01,2.13331173e-03
6.33120000e+04,2.63288666e+01,2.63194369e+01,9.42977916e-03
6.33220000e+04,8.13373603e+02,8.13069052e+02,3.04550901e-01
6.33320000e+04,7.04804725e+02,7.04664193e+02,1.40532104e-01
6.33420000e+04,1.50508375e+02,1.50438239e+02,7.01360214e-02
6.33520000e+04,7.13672764e+01,7.13374310e+01,2.98453697e-02
6.33620000e+04,4.30866267e+01,4.30703767e+01,1.62500289e-02
6.33720000e+04,2.95847381e+01,2.95744726e+01,1.02654464e-02
6.33820000e+04,2.47350568e+01,2.47274938e+01,7.56306527e-03
6.33920000e+04,2.26485989e+01,2.26425290e+01,6.06988923e-03
6.34020000e+04,2.07465727e+01,2.07412997e+01,5.27298830e-03
6.34120000e+04,1.99126334e+01,1.99079074e+01,4.72600962e-03
6.34220000e+04,1.95382988e+01,1.95341266e+01,4.17228531e-03
6.34320000e+04,1.90175867e+01,1.90138253e+01,3.76137265e-03
6.34420000e+04,1.85671200e+01,1.85636530e+01,3.46707325e-03
6.34520000e+04,1.82666544e+01,1.82634202e+01,3.23413819e-03
6.34620000e+04,1.79868241e+01,1.79837695e+01,3.05459243e-03
6.34720000e+04,1.77401573e+01,1.77372489e+01,2.90843381e-03
6.34820000e+04,1.75331375e+01,1.75303526e+01,2.78489613e-03
6.34920000e+04,1.73447547e+01,1.73420745e+01,2.68019794e-03
6.35020000e+04,1.71786704e+01,1.71760807e+01,2.58969458e-03
6.35120000e+04,1.70304598e+01,1.70279492e+01,2.51060169e-03
6.35220000e+04,1.70127026e+01,1.70103102e+01,2.39240096e-03
6.35320000e+04,1.68707283e+01,1.68684423e+01,2.28609153e-03
6.35420000e+04,1.67367964e+01,1.67345983e+01,2.19808755e-03
6.35520000e+04,1.66298479e+01,1.66277244e+01,2.12347506e-03
6.35620000e+04,1.65324006e+01,1.65303403e+01,2.06025256e-03
6.35720000e+04,1.64485505e+01,1.64465452e+01,2.00535887e-03
6.35820000e+04,1.63683604e+01,1.63664029e+01,1.95742076e-03
6.35920000e+04,1.62952386e+01,1.62933236e+01,1.91498658e-03
6.36020000e+04,1.62275035e+01,1.62256263e+01,1.87719592e-03
6.36120000e+04,1.61652203e+01,1.61633770e+01,1.84329858e-03
6.36130000e+04,2.58555224e+01,2.58466232e+01,8.89919493e-03
6.36230000e+04,6.99051297e+02,6.98780878e+02,2.70418852e-01
6.36330000e+04,6.53124879e+02,6.53015131e+02,1.09747311e-01
6.36430000e+04,1.32851232e+02,1.32791182e+02,6.00494743e-02
6.36530000e+04,7.40591572e+01,7.40325926e+01,2.65645640e-02
6.36630000e+04,4.33847570e+01,4.33713924e+01,1.33646169e-02
6.36730000e+04,2.85671857e+01,2.85583411e+01,8.84459754e-03
6.36830000e+04,2.40055822e+01,2.39992024e+01,6.37979760e-03
6.36930000e+04,2.22951733e+01,2.22900901e+01,5.08322105e-03
6.37030000e+04,2.01689816e+01,2.01645648e+01,4.41684292e-03
6.37130000e+04,1.94603818e+01,1.94564533e+01,3.92849116e-03
6.37230000e+04,1.90487607e+01,1.90452881e+01,3.47261562e-03
6.37330000e+04,1.86104248e+01,1.86072950e+01,3.12980930e-03
6.37430000e+04,1.81673847e+01,1.81644909e+01,2.89380111e-03
6.37530000e+04,1.78499692e+01,1.78472575e+01,2.71174133e-03
6.37630000e+04,1.75693178e+01,1.75667464e+01,2.57147638e-03
6.37730000e+04,1.73380128e+01,1.73355574e+01,2.45541581e-03
6.37830000e+04,1.71355936e+01,1.71332354e+01,2.35813853e-03
6.37930000e+04,1.69538328e+01,1.69515573e+01,2.27549151e-03
6.38030000e+04,1.67916818e+01,1.67894779e+01,2.20390413e-03
6.38130000e+04,1.66448850e+01,1.66427435e+01,2.14147514e-03
6.38230000e+04,1.66262408e+01,1.66241953e+01,2.04543951e-03
6.38330000e+04,1.64854342e+01,1.64834743e+01,1.95992081e-03
6.38430000e+04,1.63539099e+01,1.63520208e+01,1.88908221e-03
6.38530000e+04,1.62539467e+01,1.62521180e+01,1.82866604e-03
6.38630000e+04,1.61613548e+01,1.61595776e+01,1.77725814e-03
6.38730000e+04,1.60777863e+01,1.60760538e+01,1.73250320e-03
6.38830000e+04,1.59995111e+01,1.59978179e+01,1.69324748e-03
6.38930000e+04,1.59277665e+01,1.59261082e+01,1.65838735e-03
6.39030000e+04,1.58617792e+01,1.58601519e+01,1.62723479e-03
6.39130000e+04,1.58010478e+01,1.57994486e+01,1.59923324e-03
6.39140000e+04,2.62435748e+01,2.62351733e+01,8.40147953e-03
6.39240000e+04,6.96505268e+02,6.96244014e+02,2.61253905e-01
6.39340000e+04,6.10749494e+02,6.10627448e+02,1.22046433e-01
6.39440000e+04,1.31397130e+02,1.31337692e+02,5.94374375e-02
6.39540000e+04,6.44705050e+01,6.44440627e+01,2.64423459e-02
6.39640000e+04,4.05644677e+01,4.05505612e+01,1.39065044e-02
6.39740000e+04,2.88862700e+01,2.88779237e+01,8.34634834e-03
6.39840000e+04,2.49943969e+01,2.49884524e+01,5.94449916e-03
6.39940000e+04,2.26563957e+01,2.26515990e+01,4.79667016e-03
6.40040000e+04,2.08348986e+01,2.08307643e+01,4.13430744e-03
6.40140000e+04,2.00098701e+01,2.00061628e+01,3.70735171e-03
6.40240000e+04,1.95926456e+01,1.95893622e+01,3.28338965e-03
6.40340000e+04,1.91988338e+01,1.91958800e+01,2.95374273e-03
6.40440000e+04,1.87854175e+01,1.87826943e+01,2.72317050e-03
6.40540000e+04,1.84728419e+01,1.84702994e+01,2.54250204e-03
6.40640000e+04,1.81928200e+01,1.81904180e+01,2.40202562e-03
6.40740000e+04,1.79566714e+01,1.79543827e+01,2.28872236e-03
6.40840000e+04,1.77482798e+01,1.77460857e+01,2.19413005e-03
6.40940000e+04,1.75655523e+01,1.75634390e+01,2.11338256e-03
6.41040000e+04,1.73987795e+01,1.73967356e+01,2.04385448e-03
6.41140000e+04,1.72509960e+01,1.72490127e+01,1.98335474e-03
6.41240000e+04,1.72340906e+01,1.72322003e+01,1.89026468e-03
6.41340000e+04,1.70891404e+01,1.70873316e+01,1.80875859e-03
6.41440000e+04,1.69593118e+01,1.69575710e+01,1.74075672e-03
6.41540000e+04,1.68553837e+01,1.68537006e+01,1.68318090e-03
6.41640000e+04,1.67599072e+01,1.67582729e+01,1.63431975e-03
6.41740000e+04,1.66745692e+01,1.66729774e+01,1.59189076e-03
6.41840000e+04,1.65933700e+01,1.65918152e+01,1.55479457e-03
6.41940000e+04,1.65193412e+01,1.65178193e+01,1.52190977e-03
6.42040000e+04,1.64511711e+01,1.64496785e+01,1.49259093e-03
6.42140000e+04,1.63878578e+01,1.63863915e+01,1.46631215e-03
6.42150000e+04,2.60643777e+01,2.60563555e+01,8.02215146e-03
6.42250000e+04,6.26613576e+02,6.26393652e+02,2.19923750e-01
6.42350000e+04,5.72509478e+02,5.72420596e+02,8.88813599e-02
6.42450000e+04,1.21242579e+02,1.21191159e+02,5.14202562e-02
6.42550000e+04,7.10079302e+01,7.09850725e+01,2.28576804e-02
6.42650000e+04,4.10995700e+01,4.10881593e+01,1.14106817e-02
6.42750000e+04,2.72138406e+01,2.72064621e+01,7.37852044e-03
6.42850000e+04,2.34335593e+01,2.34283676e+01,5.19166898e-03
6.42950000e+04,2.21770524e+01,2.21729548e+01,4.09755629e-03
6.43050000e+04,2.02876906e+01,2.02841565e+01,3.53412924e-03
6.43150000e+04,1.96499523e+01,1.96468050e+01,3.14728955e-03
6.43250000e+04,1.93264841e+01,1.93237114e+01,2.77266548e-03
6.43350000e+04,1.88681698e+01,1.88656619e+01,2.50784770e-03
6.43450000e+04,1.84492905e+01,1.84469688e+01,2.32168403e-03
6.43550000e+04,1.81764071e+01,1.81742275e+01,2.17963415e-03
6.43650000e+04,1.79102845e+01,1.79082139e+01,2.07059358e-03
6.43750000e+04,1.76751662e+01,1.76731844e+01,1.98178562e-03
6.43850000e+04,1.74824218e+01,1.74805158e+01,1.90596925e-03
6.43950000e+04,1.73071557e+01,1.73053142e+01,1.84148530e-03
6.44050000e+04,1.71483196e+01,1.71465339e+01,1.78568172e-03
6.44150000e+04,1.70050720e+01,1.70033352e+01,1.73684123e-03
6.44250000e+04,1.69916190e+01,1.69899593e+01,1.65975029e-03
6.44350000e+04,1.68489477e+01,1.68473552e+01,1.59257279e-03
6.44450000e+04,1.67202494e+01,1.67187133e+01,1.53614738e-03
6.44550000e+04,1.66259929e+01,1.66245055e+01,1.48737225e-03
6.44650000e+04,1.65337928e+01,1.65323468e+01,1.44608610e-03
6.44750000e+04,1.64495324e+01,1.64481222e+01,1.41020235e-03
6.44850000e+04,1.63712792e+01,1.63699004e+01,1.37872632e-03
6.44950000e+04,1.62991451e+01,1.62977943e+01,1.35084722e-03
6.45050000e+04,1.62327058e+01,1.62313798e+01,1.32595777e-03
6.45150000e+04,1.61712607e+01,1.61699571e+01,1.30361488e-03
6.45160000e+04,2.63150562e+01,2.63074435e+01,7.61271791e-03
6.45260000e+04,6.18295519e+02,6.18088244e+02,2.07275176e-01
6.45360000e+04,5.33265231e+02,5.33166018e+02,9.92134930e-02
6.45460000e+04,1.17897683e+02,1.17848249e+02,4.94336724e-02
6.45560000e+04,6.02578772e+01,6.02373430e+01,2.05342256e-02
6.45660000e+04,4.05689940e+01,4.05584764e+01,1.05175709e-02
6.45760000e+04,2.78745824e+01,2.78681311e+01,6.45134672e-03
6.45860000e+04,2.35094398e+01,2.35047789e+01,4.66090191e-03
6.45960000e+04,2.21515880e+01,2.21478606e+01,3.72746887e-03
6.46060000e+04,2.08244845e+01,2.08213130e+01,3.17152312e-03
6.46160000e+04,1.99205600e+01,1.99177092e+01,2.85077325e-03
6.46260000e+04,1.96043908e+01,1.96018639e+01,2.52694344e-03
6.46360000e+04,1.92743089e+01,1.92720318e+01,2.27708687e-03
6.46460000e+04,1.88534421e+01,1.88513317e+01,2.11033018e-03
6.46560000e+04,1.85710189e+01,1.85690353e+01,1.98364864e-03
6.46660000e+04,1.83319434e+01,1.83300601e+01,1.88329198e-03
6.46760000e+04,1.81029956e+01,1.81011928e+01,1.80278192e-03
6.46860000e+04,1.79130593e+01,1.79113248e+01,1.73448979e-03
6.46960000e+04,1.77427483e+01,1.77410724e+01,1.67590946e-03
6.47060000e+04,1.75842263e+01,1.75826010e+01,1.62532865e-03
6.47160000e+04,1.74419646e+01,1.74403838e+01,1.58078952e-03
6.47260000e+04,1.74288603e+01,1.74273524e+01,1.50782809e-03
6.47360000e+04,1.72854974e+01,1.72840521e+01,1.44532175e-03
6.47460000e+04,1.71667161e+01,1.71653241e+01,1.39200618e-03
6.47560000e+04,1.70694607e+01,1.70681142e+01,1.34654725e-03
6.47660000e+04,1.69795077e+01,1.69781998e+01,1.30797391e-03
6.47760000e+04,1.68934789e+01,1.68922042e+01,1.27472683e-03
6.47860000e+04,1.68141668e+01,1.68129212e+01,1.24561964e-03
6.47960000e+04,1.67405334e+01,1.67393136e+01,1.21985005e-03
6.48060000e+04,1.66726896e+01,1.66714927e+01,1.19686000e-03
6.48160000e+04,1.66095716e+01,1.66083953e+01,1.17624529e-03
6.48170000e+04,2.59504170e+01,2.59431617e+01,7.25535139e-03
6.48270000e+04,5.47168554e+02,5.46978253e+02,1.90300767e-01
6.48370000e+04,5.13807171e+02,5.13730939e+02,7.62313075e-02
6.48470000e+04,1.07338938e+02,1.07292405e+02,4.65326944e-02
6.48570000e+04,6.69227286e+01,6.69034715e+01,1.92571392e-02
6.48670000e+04,4.03467828e+01,4.03379232e+01,8.85960981e-03
6.48770000e+04,2.59747528e+01,2.59689871e+01,5.76576302e-03
6.48870000e+04,2.29460414e+01,2.29419987e+01,4.04267153e-03
6.48970000e+04,2.18585207e+01,2.18553107e+01,3.21004428e-03
6.49070000e+04,2.00598775e+01,2.00570933e+01,2.78425578e-03
6.49170000e+04,1.93564004e+01,1.93539077e+01,2.49266323e-03
6.49270000e+04,1.90803627e+01,1.90781643e+01,2.19842842e-03
6.49370000e+04,1.87098258e+01,1.87078348e+01,1.99106523e-03
6.49470000e+04,1.82909489e+01,1.82890968e+01,1.85213101e-03
6.49570000e+04,1.80261075e+01,1.80243616e+01,1.74585521e-03
6.49670000e+04,1.77926664e+01,1.77910039e+01,1.66254605e-03
6.49770000e+04,1.75718971e+01,1.75703013e+01,1.59579081e-03
6.49870000e+04,1.73818353e+01,1.73802961e+01,1.53917725e-03
6.49970000e+04,1.72168762e+01,1.72153856e+01,1.49062597e-03
6.50070000e+04,1.70620386e+01,1.70605897e+01,1.44891143e-03
6.50170000e+04,1.69256537e+01,1.69242416e+01,1.41211788e-03
6.50270000e+04,1.69154380e+01,1.69140869e+01,1.35106480e-03
6.50370000e+04,1.67779583e+01,1.67766599e+01,1.29838271e-03
6.50470000e+04,1.66605989e+01,1.66593455e+01,1.25337594e-03
6.50570000e+04,1.65721593e+01,1.65709450e+01,1.21435976e-03
6.50670000e+04,1.64836911e+01,1.64825099e+01,1.18126626e-03
6.50770000e+04,1.64032268e+01,1.64020745e+01,1.15233600e-03
6.50870000e+04,1.63272265e+01,1.63260995e+01,1.12699130e-03
6.50970000e+04,1.62570142e+01,1.62559096e+01,1.10458749e-03
6.51070000e+04,1.61924238e+01,1.61913393e+01,1.08453391e-03
6.51170000e+04,1.61324064e+01,1.61313399e+01,1.06654079e-03
6.51180000e+04,2.58797218e+01,2.58728014e+01,6.92039839e-03
6.51280000e+04,5.61570984e+02,5.61388656e+02,1.82328052e-01
6.51380000e+04,4.65177719e+02,4.65090050e+02,8.76693143e-02
6.51480000e+04,1.03306502e+02,1.03262140e+02,4.43625463e-02
6.51580000e+04,5.48460267e+01,5.48273677e+01,1.86590500e-02
6.51680000e+04,3.77977416e+01,3.77891678e+01,8.57382567e-03
6.51780000e+04,2.71381966e+01,2.71328315e+01,5.36515025e-03
6.51880000e+04,2.26332461e+01,2.26293973e+01,3.84882796e-03
6.51980000e+04,2.14145603e+01,2.14115222e+01,3.03805494e-03
6.52080000e+04,2.01752441e+01,2.01726802e+01,2.56392385e-03
6.52180000e+04,1.96118049e+01,1.96095160e+01,2.28890658e-03
6.52280000e+04,1.92751791e+01,1.92731501e+01,2.02895205e-03
6.52380000e+04,1.88739342e+01,1.88720924e+01,1.84174612e-03
6.52480000e+04,1.85162904e+01,1.85145808e+01,1.70957269e-03
6.52580000e+04,1.82415785e+01,1.82399679e+01,1.61064842e-03
6.52680000e+04,1.80180323e+01,1.80164998e+01,1.53246620e-03
6.52780000e+04,1.77953501e+01,1.77938804e+01,1.46970827e-03
6.52880000e+04,1.76090141e+01,1.76075979e+01,1.41619775e-03
6.52980000e+04,1.74442350e+01,1.74428646e+01,1.37034343e-03
6.53080000e+04,1.72930762e+01,1.72917455e+01,1.33073488e-03
6.53180000e+04,1.71544899e+01,1.71531937e+01,1.29623526e-03
6.53280000e+04,1.71366248e+01,1.71353864e+01,1.23838057e-03
6.53380000e+04,1.70008943e+01,1.69997057e+01,1.18864328e-03
6.53480000e+04,1.68873627e+01,1.68862166e+01,1.14610994e-03
6.53580000e+04,1.67948169e+01,1.67937073e+01,1.10956272e-03
6.53680000e+04,1.67067836e+01,1.67057050e+01,1.07861254e-03
6.53780000e+04,1.66243240e+01,1.66232722e+01,1.05182500e-03
6.53880000e+04,1.65484338e+01,1.65474055e+01,1.02833915e-03
6.53980000e+04,1.64776711e+01,1.64766636e+01,1.00758602e-03
6.54080000e+04,1.64116076e+01,1.64106185e+01,9.89094122e-04
6.54180000e+04,1.63504471e+01,1.63494746e+01,9.72504661e-04
6.54190000e+04,2.55115362e+01,2.55049287e+01,6.60752928e-03
6.54290000e+04,4.85260732e+02,4.85098778e+02,1.61954363e-01
6.54390000e+04,4.55045037e+02,4.54977438e+02,6.75996778e-02
6.54490000e+04,9.79571549e+01,9.79173261e+01,3.98288633e-02
6.54590000e+04,6.23008147e+01,6.22849780e+01,1.58366154e-02
6.54690000e+04,3.77470632e+01,3.77395454e+01,7.51778304e-03
6.54790000e+04,2.56825765e+01,2.56778305e+01,4.74598397e-03
6.54890000e+04,2.23526422e+01,2.23492897e+01,3.35250755e-03
6.54990000e+04,2.13005224e+01,2.12978961e+01,2.62634540e-03
6.55090000e+04,1.98711055e+01,1.98688418e+01,2.26375178e-03
6.55190000e+04,1.90657473e+01,1.90637103e+01,2.03693390e-03
6.55290000e+04,1.88085136e+01,1.88067060e+01,1.80760061e-03
6.55390000e+04,1.84716855e+01,1.84700430e+01,1.64250386e-03
6.55490000e+04,1.80814140e+01,1.80798796e+01,1.53438084e-03
6.55590000e+04,1.78173547e+01,1.78159031e+01,1.45156975e-03
6.55690000e+04,1.75978697e+01,1.75964851e+01,1.38464325e-03
6.55790000e+04,1.73813105e+01,1.73799786e+01,1.33187381e-03
6.55890000e+04,1.71944608e+01,1.71931738e+01,1.28701553e-03
6.55990000e+04,1.70282279e+01,1.70269806e+01,1.24739115e-03
6.56090000e+04,1.68737416e+01,1.68725284e+01,1.21320646e-03
6.56190000e+04,1.67353747e+01,1.67341919e+01,1.18283260e-03
6.56290000e+04,1.67172239e+01,1.67160925e+01,1.13144959e-03
6.56390000e+04,1.65907785e+01,1.65896902e+01,1.08828938e-03
6.56490000e+04,1.64802251e+01,1.64791736e+01,1.05152185e-03
6.56590000e+04,1.63913897e+01,1.63903701e+01,1.01960397e-03
6.56690000e+04,1.63047115e+01,1.63037187e+01,9.92732103e-04
6.56790000e+04,1.62246919e+01,1.62237225e+01,9.69434325e-04
6.56890000e+04,1.61506355e+01,1.61496865e+01,9.48982936e-04
6.56990000e+04,1.60820740e+01,1.60811431e+01,9.30883654e-04
6.57090000e+04,1.60184675e+01,1.60175528e+01,9.14733754e-04
6.57190000e+04,1.59592639e+01,1.59583636e+01,9.00269558e-04
6.57200000e+04,2.53478907e+01,2.53415690e+01,6.32165674e-03
6.57300000e+04,4.95561258e+02,4.95402921e+02,1.58336363e-01
6.57400000e+04,4.16111027e+02,4.16031854e+02,7.91736315e-02
6.57500000e+04,9.22481622e+01,9.22083387e+01,3.98235254e-02
6.57600000e+04,5.66848646e+01,5.66682721e+01,1.65925076e-02
6.57700000e+04,3.67786867e+01,3.67715254e+01,7.16131699e-03
6.57800000e+04,2.55894365e+01,2.55848987e+01,4.53779671e-03
6.57900000e+04,2.21138657e+01,2.21106825e+01,3.18312115e-03
6.58000000e+04,2.10308994e+01,2.10284203e+01,2.47909988e-03
6.58100000e+04,1.98946385e+01,1.98925090e+01,2.12948790e-03
6.58200000e+04,1.92279134e+01,1.92259967e+01,1.91666950e-03
6.58300000e+04,1.88616928e+01,1.88599767e+01,1.71604804e-03
6.58400000e+04,1.85757759e+01,1.85742153e+01,1.56056038e-03
6.58500000e+04,1.82416134e+01,1.82401587e+01,1.45472742e-03
6.58600000e+04,1.79599257e+01,1.79585496e+01,1.37607059e-03
6.58700000e+04,1.77473237e+01,1.77460119e+01,1.31181139e-03
6.58800000e+04,1.75457463e+01,1.75444866e+01,1.25976012e-03
6.58900000e+04,1.73679818e+01,1.73667658e+01,1.21595689e-03
6.59000000e+04,1.72121880e+01,1.72110097e+01,1.17832213e-03
6.59100000e+04,1.70656423e+01,1.70644963e+01,1.14605045e-03
6.59200000e+04,1.69345061e+01,1.69333884e+01,1.11771071e-03
6.59300000e+04,1.69231736e+01,1.69221046e+01,1.06899941e-03
6.59400000e+04,1.67977187e+01,1.67966908e+01,1.02783558e-03
6.59500000e+04,1.66943097e+01,1.66933170e+01,9.92714318e-04
6.59600000e+04,1.66068019e+01,1.66058392e+01,9.62744344e-04
6.59700000e+04,1.65258292e+01,1.65248918e+01,9.37379830e-04
6.59800000e+04,1.64480712e+01,1.64471557e+01,9.15489104e-04
6.59900000e+04,1.63753528e+01,1.63744564e+01,8.96400583e-04
6.60000000e+04,1.63084382e+01,1.63075587e+01,8.79491175e-04
6.60100000e+04,1.62462664e+01,1.62454020e+01,8.64432223e-04
6.60200000e+04,1.61886832e+01,1.61878322e+01,8.50929847e-04
6.60210000e+04,2.52535348e+01,2.52474678e+01,6.06703720e-03
6.60310000e+04,4.24604276e+02,4.24463853e+02,1.40422913e-01
6.60410000e+04,4.04348088e+02,4.04292384e+02,5.57037800e-02
6.60510000e+04,9.08496392e+01,9.08134662e+01,3.61730065e-02
6.60610000e+04,5.92426198e+01,5.92277783e+01,1.48415067e-02
6.60710000e+04,3.65977640e+01,3.65910455e+01,6.71845125e-03
6.60810000e+04,2.49636670e+01,2.49594344e+01,4.23264116e-03
6.60910000e+04,2.18770095e+01,2.18740519e+01,2.95756775e-03
6.61010000e+04,2.07598793e+01,2.07575924e+01,2.28686508e-03
6.61110000e+04,1.95457027e+01,1.95437396e+01,1.96307422e-03
6.61210000e+04,1.87706533e+01,1.87688845e+01,1.76880908e-03
6.61310000e+04,1.85299501e+01,1.85283771e+01,1.57299638e-03
6.61410000e+04,1.81948159e+01,1.81933833e+01,1.43257363e-03
6.61510000e+04,1.78393361e+01,1.78379966e+01,1.33950660e-03
6.61610000e+04,1.75806853e+01,1.75794163e+01,1.26899393e-03
6.61710000e+04,1.73726770e+01,1.73714650e+01,1.21194684e-03
6.61810000e+04,1.71748220e+01,1.71736561e+01,1.16594058e-03
6.61910000e+04,1.70028052e+01,1.70016779e+01,1.12726008e-03
6.62010000e+04,1.68483194e+01,1.68472253e+01,1.09408449e-03
6.62110000e+04,1.67078261e+01,1.67067607e+01,1.06540565e-03
6.62210000e+04,1.65798124e+01,1.65787721e+01,1.04033358e-03
6.62310000e+04,1.65738434e+01,1.65728468e+01,9.96657821e-04
6.62410000e+04,1.64560175e+01,1.64550572e+01,9.60278979e-04
6.62510000e+04,1.63542758e+01,1.63533468e+01,9.28961415e-04
6.62610000e+04,1.62725165e+01,1.62716146e+01,9.01837111e-04
6.62710000e+04,1.61926303e+01,1.61917514e+01,8.78962500e-04
6.62810000e+04,1.61179925e+01,1.61171335e+01,8.59052540e-04
6.62910000e+04,1.60482217e+01,1.60473801e+01,8.41631481e-04
6.63010000e+04,1.59834307e+01,1.59826045e+01,8.26223622e-04
6.63110000e+04,1.59232049e+01,1.59223923e+01,8.12515261e-04
6.63210000e+04,1.58670791e+01,1.58662788e+01,8.00254541e-04
6.63220000e+04,2.64265351e+01,2.49891282e+01,1.43740688e+00
6.63320000e+04,4.90232058e+02,4.89239593e+02,9.92464506e-01
6.63420000e+04,3.47292917e+02,3.46391397e+02,9.01520085e-01
6.63520000e+04,8.45269518e+01,8.36876997e+01,8.39252080e-01
6.63620000e+04,5.59036578e+01,5.50996752e+01,8.03982576e-01
6.63720000e+04,3.73239076e+01,3.65268013e+01,7.97106285e-01
6.63820000e+04,2.68667108e+01,2.60717386e+01,7.94972196e-01
6.63920000e+04,2.38784087e+01,2.30875061e+01,7.90902592e-01
6.64020000e+04,2.26566852e+01,2.18685199e+01,7.88165244e-01
6.64120000e+04,2.16143619e+01,2.08282373e+01,7.86124669e-01
6.64220000e+04,2.09838419e+01,2.01997114e+01,7.84130481e-01
6.64320000e+04,2.07193308e+01,1.99385845e+01,7.80746256e-01
6.64420000e+04,2.03771990e+01,1.95996255e+01,7.77573488e-01
6.64520000e+04,2.00829655e+01,1.93079775e+01,7.74987980e-01
6.64620000e+04,1.98462664e+01,1.90735832e+01,7.72683248e-01
6.64720000e+04,1.96400103e+01,1.88692916e+01,7.70718745e-01
6.64820000e+04,1.94576841e+01,1.86886890e+01,7.68995053e-01
6.64920000e+04,1.92969664e+01,1.85295012e+01,7.67465167e-01
6.65020000e+04,1.91538515e+01,1.83877331e+01,7.66118377e-01
6.65120000e+04,1.90236195e+01,1.82587299e+01,7.64889557e-01
6.65220000e+04,1.89051440e+01,1.81413798e+01,7.63764219e-01
6.65320000e+04,1.89555972e+01,1.81937356e+01,7.61861575e-01
6.65420000e+04,1.89655961e+01,1.82062404e+01,7.59355729e-01
6.65520000e+04,1.89902487e+01,1.82333899e+01,7.56858743e-01
6.65620000e+04,1.89313381e+01,1.81762283e+01,7.55109728e-01
6.65720000e+04,1.88970322e+01,1.81436219e+01,7.53410259e-01
6.65820000e+04,1.88539014e+01,1.81020595e+01,7.51841901e-01
6.65920000e+04,1.88122916e+01,1.80619021e+01,7.50389450e-01
6.66020000e+04,1.87266659e+01,1.79773859e+01,7.49280005e-01
6.66120000e+04,1.86904983e+01,1.79425486e+01,7.47949708e-01
6.66220000e+04,1.86604434e+01,1.79137431e+01,7.46700225e-01
6.66230000e+04,2.88094168e+01,2.82588736e+01,5.50543163e-01
6.66330000e+04,4.52772615e+02,4.52473853e+02,2.98761543e-01
6.66430000e+04,3.51390063e+02,3.51248353e+02,1.41710341e-01
6.66530000e+04,8.65905224e+01,8.65185284e+01,7.19939829e-02
6.66630000e+04,5.82533696e+01,5.82200389e+01,3.33307059e-02
6.66730000e+04,3.61002626e+01,3.60789085e+01,2.13541782e-02
6.66830000e+04,2.70668256e+01,2.70494540e+01,1.73715841e-02
6.66930000e+04,2.47438657e+01,2.47285465e+01,1.53191919e-02
6.67030000e+04,2.36985898e+01,2.36855610e+01,1.30287628e-02
6.67130000e+04,2.26489493e+01,2.26376280e+01,1.13213669e-02
6.67230000e+04,2.19276336e+01,2.19174545e+01,1.01790830e-02
6.67330000e+04,2.16665610e+01,2.16578950e+01,8.66603204e-03
6.67430000e+04,2.13794786e+01,2.13720534e+01,7.42518225e-03
6.67530000e+04,2.10323593e+01,2.10258323e+01,6.52702057e-03
6.67630000e+04,2.07344776e+01,2.07286159e+01,5.86168562e-03
6.67730000e+04,2.04490571e+01,2.04437063e+01,5.35086629e-03
6.67830000e+04,2.02117571e+01,2.02068187e+01,4.93843510e-03
6.67930000e+04,1.99957228e+01,1.99911215e+01,4.60129875e-03
6.68030000e+04,1.97969113e+01,1.97925892e+01,4.32214304e-03
6.68130000e+04,1.96087880e+01,1.96046941e+01,4.09385059e-03
6.68230000e+04,1.94399207e+01,1.94360261e+01,3.89454013e-03
6.68330000e+04,1.94382930e+01,1.94348188e+01,3.47421318e-03
6.68430000e+04,1.92930013e+01,1.92898748e+01,3.12650203e-03
6.68530000e+04,1.91529174e+01,1.91500444e+01,2.87296708e-03
6.68630000e+04,1.90263434e+01,1.90236617e+01,2.68169702e-03
6.68730000e+04,1.89069025e+01,1.89043683e+01,2.53417893e-03
6.68830000e+04,1.87902287e+01,1.87878137e+01,2.41500186e-03
6.68930000e+04,1.86843208e+01,1.86820056e+01,2.31515846e-03
6.69030000e+04,1.85898792e+01,1.85876506e+01,2.22858964e-03
6.69130000e+04,1.84952851e+01,1.84931301e+01,2.15498976e-03
6.69230000e+04,1.84053176e+01,1.84032244e+01,2.09323591e-03
6.69240000e+04,2.43387752e+01,2.43322882e+01,6.48698746e-03
6.69340000e+04,6.30964149e+02,6.30831123e+02,1.33025568e-01
6.69440000e+04,3.54858611e+02,3.54787937e+02,7.06743806e-02
6.69540000e+04,9.18169618e+01,9.17826600e+01,3.43018140e-02
6.69640000e+04,5.36814572e+01,5.36659461e+01,1.55111395e-02
6.69740000e+04,3.48382239e+01,3.48293966e+01,8.82735279e-03
6.69840000e+04,2.50261064e+01,2.50210471e+01,5.05930116e-03
6.69940000e+04,2.20574789e+01,2.20539313e+01,3.54761301e-03
6.70040000e+04,1.97298541e+01,1.97269829e+01,2.87117248e-03
6.70140000e+04,1.87720087e+01,1.87695724e+01,2.43630911e-03
6.70240000e+04,1.81868861e+01,1.81847351e+01,2.15096100e-03
6.70340000e+04,1.77963200e+01,1.77944017e+01,1.91828769e-03
6.70440000e+04,1.73907362e+01,1.73889908e+01,1.74537776e-03
6.70540000e+04,1.70898409e+01,1.70882224e+01,1.61848954e-03
6.70640000e+04,1.68250580e+01,1.68235352e+01,1.52270920e-03
6.70740000e+04,1.65857163e+01,1.65842679e+01,1.44835675e-03
6.70840000e+04,1.63864680e+01,1.63850803e+01,1.38772621e-03
6.70940000e+04,1.62035248e+01,1.62021882e+01,1.33656196e-03
6.71040000e+04,1.60412338e+01,1.60399408e+01,1.29295693e-03
6.71140000e+04,1.58928635e+01,1.58916079e+01,1.25560681e-03
6.71240000e+04,1.57575762e+01,1.57563534e+01,1.22280887e-03
6.71340000e+04,1.57357661e+01,1.57345945e+01,1.17165963e-03
6.71440000e+04,1.56192045e+01,1.56180770e+01,1.12743094e-03
6.71540000e+04,1.55185604e+01,1.55174694e+01,1.09095954e-03
6.71640000e+04,1.54335981e+01,1.54325385e+01,1.05960880e-03
6.71740000e+04,1.53514683e+01,1.53504354e+01,1.03288451e-03
6.71840000e+04,1.52742896e+01,1.52732799e+01,1.00975455e-03
6.71940000e+04,1.51999731e+01,1.51989835e+01,9.89594515e-04
6.72040000e+04,1.51336250e+01,1.51326531e+01,9.71921642e-04
6.72140000e+04,1.50717097e+01,1.50707536e+01,9.56185330e-04
6.72240000e+04,1.50130234e+01,1.50120811e+01,9.42249398e-04
6.72250000e+04,2.24182767e+01,2.24129238e+01,5.35294545e-03
6.72350000e+04,3.99659082e+02,3.99529850e+02,1.29232258e-01
6.72450000e+04,3.62259951e+02,3.62205288e+02,5.46638497e-02
6.72550000e+04,8.87761600e+01,8.87410084e+01,3.51516062e-02
6.72650000e+04,5.52381751e+01,5.52226919e+01,1.54832250e-02
6.72750000e+04,3.28695500e+01,3.28616062e+01,7.94379679e-03
6.72850000e+04,2.32024352e+01,2.31974161e+01,5.01909803e-03
6.72950000e+04,2.07348266e+01,2.07312866e+01,3.54003375e-03
6.73050000e+04,1.88758290e+01,1.88730603e+01,2.76871008e-03
6.73150000e+04,1.77778981e+01,1.77755833e+01,2.31477785e-03
6.73250000e+04,1.72067244e+01,1.72047212e+01,2.00318266e-03
6.73350000e+04,1.68401861e+01,1.68384326e+01,1.75351897e-03
6.73450000e+04,1.64658942e+01,1.64643151e+01,1.57913251e-03
6.73550000e+04,1.61844541e+01,1.61830026e+01,1.45152860e-03
6.73650000e+04,1.59791694e+01,1.59778141e+01,1.35533120e-03
6.73750000e+04,1.57547546e+01,1.57534716e+01,1.28300352e-03
6.73850000e+04,1.55605257e+01,1.55593042e+01,1.22153004e-03
6.73950000e+04,1.53888319e+01,1.53876614e+01,1.17057857e-03
6.74050000e+04,1.52422606e+01,1.52411320e+01,1.12861153e-03
6.74150000e+04,1.51100699e+01,1.51089750e+01,1.09493245e-03
6.74250000e+04,1.49915456e+01,1.49904791e+01,1.06648389e-03
6.74350000e+04,1.49783665e+01,1.49773450e+01,1.02147887e-03
6.74450000e+04,1.48784957e+01,1.48775110e+01,9.84693712e-04
6.74550000e+04,1.47872697e+01,1.47863161e+01,9.53579795e-04
6.74650000e+04,1.47145198e+01,1.47135928e+01,9.27027507e-04
6.74750000e+04,1.46411028e+01,1.46401979e+01,9.04861638e-04
6.74850000e+04,1.45740832e+01,1.45731977e+01,8.85513503e-04
6.74950000e+04,1.45113673e+01,1.45104989e+01,8.68376205e-04
6.75050000e+04,1.44529175e+01,1.44520644e+01,8.53142669e-04
6.75150000e+04,1.43979894e+01,1.43971496e+01,8.39868669e-04
6.75250000e+04,1.43472414e+01,1.43464137e+01,8.27701755e-04
6.75260000e+04,2.23401621e+01,2.23350647e+01,5.09737256e-03
6.75360000e+04,4.37665878e+02,4.37538330e+02,1.27548129e-01
6.75460000e+04,3.30984279e+02,3.30924580e+02,5.96988347e-02
6.75560000e+04,7.83315057e+01,7.83009980e+01,3.05076493e-02
6.75660000e+04,4.61098174e+01,4.60960728e+01,1.37446197e-02
6.75760000e+04,3.12057941e+01,3.11996523e+01,6.14172402e-03
6.75860000e+04,2.33913797e+01,2.33877196e+01,3.66011542e-03
6.75960000e+04,2.00174741e+01,2.00148923e+01,2.58178969e-03
6.76060000e+04,1.84832506e+01,1.84811914e+01,2.05914621e-03
6.76160000e+04,1.77021689e+01,1.77004010e+01,1.76782163e-03
6.76260000e+04,1.70956506e+01,1.70940560e+01,1.59462558e-03
6.76360000e+04,1.68402404e+01,1.68388198e+01,1.42061300e-03
6.76460000e+04,1.65053384e+01,1.65040389e+01,1.29949456e-03
6.76560000e+04,1.62334933e+01,1.62322789e+01,1.21439528e-03
6.76660000e+04,1.60090384e+01,1.60078886e+01,1.14981719e-03
6.76760000e+04,1.58042479e+01,1.58031486e+01,1.09930703e-03
6.76860000e+04,1.56198027e+01,1.56187448e+01,1.05786408e-03
6.76960000e+04,1.54580841e+01,1.54570612e+01,1.02282189e-03
6.77060000e+04,1.53116021e+01,1.53106093e+01,9.92813746e-04
6.77160000e+04,1.51780049e+01,1.51770380e+01,9.66853769e-04
6.77260000e+04,1.50584331e+01,1.50574895e+01,9.43599631e-04
6.77360000e+04,1.50496939e+01,1.50487921e+01,9.01724188e-04
6.77460000e+04,1.49440177e+01,1.49431487e+01,8.69040199e-04
6.77560000e+04,1.48473309e+01,1.48464901e+01,8.40873823e-04
6.77660000e+04,1.47617661e+01,1.47609486e+01,8.17565985e-04
6.77760000e+04,1.46796804e+01,1.46788830e+01,7.97406935e-04
6.77860000e+04,1.46020390e+01,1.46012584e+01,7.80597640e-04
6.77960000e+04,1.45268855e+01,1.45261194e+01,7.66037719e-04
6.78060000e+04,1.44608849e+01,1.44601320e+01,7.52932352e-04
6.78160000e+04,1.43989312e+01,1.43981898e+01,7.41358344e-04
6.78260000e+04,1.43412192e+01,1.43404882e+01,7.31034740e-04
6.78270000e+04,2.16503330e+01,2.16454776e+01,4.85540432e-03
6.78370000e+04,3.59415668e+02,3.59297957e+02,1.17711041e-01
6.78470000e+04,2.99297046e+02,2.99240875e+02,5.61710673e-02
6.78570000e+04,7.17316163e+01,7.17025215e+01,2.90947197e-02
6.78670000e+04,4.84165136e+01,4.84049700e+01,1.15435400e-02
6.78770000e+04,3.01089540e+01,3.01038652e+01,5.08879269e-03
6.78870000e+04,2.13277780e+01,2.13244425e+01,3.33550572e-03
6.78970000e+04,1.91520682e+01,1.91497713e+01,2.29694108e-03
6.79070000e+04,1.76793192e+01,1.76774637e+01,1.85553114e-03
6.79170000e+04,1.67031934e+01,1.67016012e+01,1.59218529e-03
6.79270000e+04,1.62956790e+01,1.62942591e+01,1.41991881e-03
6.79370000e+04,1.60320268e+01,1.60307633e+01,1.26348503e-03
6.79470000e+04,1.56999123e+01,1.56987520e+01,1.16034746e-03
6.79570000e+04,1.54091710e+01,1.54080842e+01,1.08683909e-03
6.79670000e+04,1.51987936e+01,1.51977632e+01,1.03035362e-03
6.79770000e+04,1.50060138e+01,1.50050277e+01,9.86105631e-04
6.79870000e+04,1.48323971e+01,1.48314471e+01,9.49993495e-04
6.79970000e+04,1.46791709e+01,1.46782511e+01,9.19765368e-04
6.80070000e+04,1.45362402e+01,1.45353459e+01,8.94350400e-04
6.80170000e+04,1.44074830e+01,1.44066107e+01,8.72299381e-04
6.80270000e+04,1.42901345e+01,1.42892815e+01,8.52992532e-04
6.80370000e+04,1.42734962e+01,1.42726779e+01,8.18275210e-04
6.80470000e+04,1.41782048e+01,1.41774148e+01,7.89989241e-04
6.80570000e+04,1.40874641e+01,1.40866973e+01,7.66777538e-04
6.80670000e+04,1.40140361e+01,1.40132893e+01,7.46826542e-04
6.80770000e+04,1.39402161e+01,1.39394860e+01,7.30056644e-04
6.80870000e+04,1.38734633e+01,1.38727478e+01,7.15498902e-04
6.80970000e+04,1.38098669e+01,1.38091640e+01,7.02883245e-04
6.81070000e+04,1.37505472e+01,1.37498555e+01,6.91715689e-04
6.81170000e+04,1.36957567e+01,1.36950749e+01,6.81750452e-04
6.81270000e+04,1.36443260e+01,1.36436531e+01,6.72852439e-04
6.81280000e+04,2.11924727e+01,2.11878246e+01,4.64814288e-03
6.81380000e+04,3.74212674e+02,3.74098874e+02,1.13799478e-01
6.81480000e+04,2.87236761e+02,2.87180890e+02,5.58714944e-02
6.81580000e+04,6.87704828e+01,6.87439485e+01,2.65342963e-02
6.81680000e+04,4.33981324e+01,4.33869663e+01,1.11661440e-02
6.81780000e+04,2.80449689e+01,2.80396848e+01,5.28406013e-03
6.81880000e+04,2.11410384e+01,2.11379420e+01,3.09636326e-03
6.81980000e+04,1.89007635e+01,1.88985705e+01,2.19299352e-03
6.82080000e+04,1.72019126e+01,1.72001355e+01,1.77711441e-03
6.82180000e+04,1.65622957e+01,1.65608013e+01,1.49439130e-03
6.82280000e+04,1.60025758e+01,1.60012261e+01,1.34970109e-03
6.82380000e+04,1.56803195e+01,1.56791107e+01,1.20880779e-03
6.82480000e+04,1.54224829e+01,1.54213803e+01,1.10265476e-03
6.82580000e+04,1.51617834e+01,1.51607525e+01,1.03091101e-03
6.82680000e+04,1.49321660e+01,1.49311894e+01,9.76688997e-04
6.82780000e+04,1.47545341e+01,1.47536017e+01,9.32442579e-04
6.82880000e+04,1.45889124e+01,1.45880157e+01,8.96777505e-04
6.82980000e+04,1.44346392e+01,1.44337718e+01,8.67381154e-04
6.83080000e+04,1.42997390e+01,1.42988969e+01,8.42024509e-04
6.83180000e+04,1.41773553e+01,1.41765350e+01,8.20290488e-04
6.83280000e+04,1.40650733e+01,1.40642719e+01,8.01398863e-04
6.83380000e+04,1.40567443e+01,1.40559759e+01,7.68459819e-04
6.83480000e+04,1.39642392e+01,1.39634974e+01,7.41777254e-04
6.83580000e+04,1.38795952e+01,1.38788757e+01,7.19429514e-04
6.83680000e+04,1.38122817e+01,1.38115816e+01,7.00021474e-04
6.83780000e+04,1.37425863e+01,1.37419025e+01,6.83837905e-04
6.83880000e+04,1.36789356e+01,1.36782659e+01,6.69670604e-04
6.83980000e+04,1.36195749e+01,1.36189176e+01,6.57279862e-04
6.84080000e+04,1.35625662e+01,1.35619197e+01,6.46495644e-04
6.84180000e+04,1.35091324e+01,1.35084955e+01,6.36880642e-04
6.84280000e+04,1.34600988e+01,1.34594705e+01,6.28286108e-04
6.84290000e+04,2.08004677e+01,2.07960151e+01,4.45265090e-03
6.84390000e+04,3.33159775e+02,3.33055157e+02,1.04618569e-01
6.84490000e+04,2.61663674e+02,2.61613650e+02,5.00248228e-02
6.84590000e+04,6.76221211e+01,6.75967205e+01,2.54006044e-02
6.84690000e+04,4.39125975e+01,4.39029929e+01,9.60464840e-03
6.84790000e+04,2.77446576e+01,2.77402645e+01,4.39308879e-03
6.84890000e+04,1.96119567e+01,1.96090604e+01,2.89632030e-03
6.84990000e+04,1.77266589e+01,1.77247319e+01,1.92702466e-03
6.85090000e+04,1.65404781e+01,1.65389613e+01,1.51677986e-03
6.85190000e+04,1.57364119e+01,1.57351044e+01,1.30751483e-03
6.85290000e+04,1.53511566e+01,1.53499795e+01,1.17712645e-03
6.85390000e+04,1.50920067e+01,1.50909465e+01,1.06023327e-03
6.85490000e+04,1.48125417e+01,1.48115632e+01,9.78526777e-04
6.85590000e+04,1.45735930e+01,1.45726704e+01,9.22632480e-04
6.85690000e+04,1.43908049e+01,1.43899256e+01,8.79319624e-04
6.85790000e+04,1.42175718e+01,1.42167266e+01,8.45218191e-04
6.85890000e+04,1.40657865e+01,1.40649693e+01,8.17219639e-04
6.85990000e+04,1.39274618e+01,1.39266680e+01,7.93815201e-04
6.86090000e+04,1.38031939e+01,1.38024203e+01,7.73602757e-04
6.86190000e+04,1.36902855e+01,1.36895293e+01,7.56233326e-04
6.86290000e+04,1.35848661e+01,1.35841250e+01,7.41079041e-04
6.86390000e+04,1.35679977e+01,1.35672836e+01,7.14073472e-04
6.86490000e+04,1.34903204e+01,1.34896291e+01,6.91276229e-04
6.86590000e+04,1.34126263e+01,1.34119540e+01,6.72229382e-04
6.86690000e+04,1.33480533e+01,1.33473975e+01,6.55761774e-04
6.86790000e+04,1.32836664e+01,1.32830244e+01,6.42007923e-04
6.86890000e+04,1.32240826e+01,1.32234525e+01,6.30102202e-04
6.86990000e+04,1.31673744e+01,1.31667546e+01,6.19770273e-04
6.87090000e+04,1.31148955e+01,1.31142849e+01,6.10622392e-04
6.87190000e+04,1.30658351e+01,1.30652326e+01,6.02485637e-04
6.87290000e+04,1.30197815e+01,1.30191863e+01,5.95215380e-04
6.87300000e+04,2.02734526e+01,2.02691746e+01,4.27800423e-03
6.87400000e+04,3.29778171e+02,3.29680996e+02,9.71750015e-02
6.87500000e+04,2.55726588e+02,2.55671494e+02,5.50937105e-02
6.87600000e+04,6.20784290e+01,6.20531476e+01,2.52814643e-02
6.87700000e+04,3.98937249e+01,3.98833011e+01,1.04237961e-02
6.87800000e+04,2.64894640e+01,2.64850274e+01,4.43657329e-03
6.87900000e+04,2.04049286e+01,2.04021317e+01,2.79688273e-03
6.88000000e+04,1.76930054e+01,1.76911165e+01,1.88891106e-03
6.88100000e+04,1.64213898e+01,1.64198543e+01,1.53550398e-03
6.88200000e+04,1.56834405e+01,1.56821320e+01,1.30853280e-03
6.88300000e+04,1.52320257e+01,1.52308490e+01,1.17676900e-03
6.88400000e+04,1.49836754e+01,1.49826241e+01,1.05128056e-03
6.88500000e+04,1.47104468e+01,1.47094803e+01,9.66465524e-04
6.88600000e+04,1.44596566e+01,1.44587496e+01,9.07081091e-04
6.88700000e+04,1.42616566e+01,1.42607947e+01,8.61942333e-04
6.88800000e+04,1.40900035e+01,1.40891777e+01,8.25860199e-04
6.88900000e+04,1.39279409e+01,1.39271438e+01,7.97093498e-04
6.89000000e+04,1.37849846e+01,1.37842116e+01,7.72960758e-04
6.89100000e+04,1.36562867e+01,1.36555344e+01,7.52318225e-04
6.89200000e+04,1.35383674e+01,1.35376328e+01,7.34604426e-04
6.89300000e+04,1.34314751e+01,1.34307560e+01,7.19107556e-04
6.89400000e+04,1.34166660e+01,1.34159743e+01,6.91712742e-04
6.89500000e+04,1.33268074e+01,1.33261379e+01,6.69475439e-04
6.89600000e+04,1.32529841e+01,1.32523337e+01,6.50347643e-04
6.89700000e+04,1.31870083e+01,1.31863744e+01,6.33967545e-04
6.89800000e+04,1.31205613e+01,1.31199410e+01,6.20358677e-04
6.89900000e+04,1.30594397e+01,1.30588312e+01,6.08497654e-04
6.90000000e+04,1.30009366e+01,1.30003384e+01,5.98242292e-04
6.90100000e+04,1.29462288e+01,1.29456396e+01,5.89181128e-04
6.90200000e+04,1.28957583e+01,1.28951772e+01,5.81090897e-04
6.90300000e+04,1.28483720e+01,1.28477982e+01,5.73874263e-04
6.90310000e+04,1.97970924e+01,1.97929753e+01,4.11702881e-03
6.90410000e+04,3.10139979e+02,3.10041304e+02,9.86752715e-02
6.90510000e+04,2.40697357e+02,2.40648339e+02,4.90175916e-02
6.90610000e+04,6.27639990e+01,6.27398726e+01,2.41264075e-02
6.90710000e+04,3.92140934e+01,3.92045582e+01,9.53522394e-03
6.90810000e+04,2.61180181e+01,2.61137829e+01,4.23521163e-03
6.90910000e+04,1.85390097e+01,1.85362524e+01,2.75726413e-03
6.91010000e+04,1.69170441e+01,1.69151694e+01,1.87468388e-03
6.91110000e+04,1.58316459e+01,1.58301947e+01,1.45117080e-03
6.91210000e+04,1.49975380e+01,1.49962870e+01,1.25098806e-03
6.91310000e+04,1.46006928e+01,1.45995670e+01,1.12586694e-03
6.91410000e+04,1.43857785e+01,1.43847750e+01,1.00354147e-03
6.91510000e+04,1.41041850e+01,1.41032617e+01,9.23249601e-04
6.91610000e+04,1.38584158e+01,1.38575486e+01,8.67278617e-04
6.91710000e+04,1.36832583e+01,1.36824344e+01,8.23878804e-04
6.91810000e+04,1.35084211e+01,1.35076307e+01,7.90419600e-04
6.91910000e+04,1.33601809e+01,1.33594176e+01,7.63291324e-04
6.92010000e+04,1.32256841e+01,1.32249433e+01,7.40798717e-04
6.92110000e+04,1.31016593e+01,1.31009375e+01,7.21835061e-04
6.92210000e+04,1.29924287e+01,1.29917232e+01,7.05416213e-04
6.92310000e+04,1.28902062e+01,1.28895150e+01,6.91223027e-04
6.92410000e+04,1.28697862e+01,1.28691201e+01,6.66081631e-04
6.92510000e+04,1.27957244e+01,1.27950794e+01,6.44995313e-04
6.92610000e+04,1.27253805e+01,1.27247531e+01,6.27414523e-04
6.92710000e+04,1.26622786e+01,1.26616661e+01,6.12591742e-04
6.92810000e+04,1.26003289e+01,1.25997287e+01,6.00212201e-04
6.92910000e+04,1.25424081e+01,1.25418185e+01,5.89582803e-04
6.93010000e+04,1.24880016e+01,1.24874212e+01,5.80328684e-04
6.93110000e+04,1.24366187e+01,1.24360465e+01,5.72198619e-04
6.93210000e+04,1.23888931e+01,1.23883281e+01,5.64958148e-04
6.93310000e+04,1.23443028e+01,1.23437443e+01,5.58486935e-04
6.93320000e+04,1.91786599e+01,1.91746871e+01,3.97284593e-03
6.93420000e+04,3.15157802e+02,3.15067200e+02,9.06019403e-02
6.93520000e+04,2.33996597e+02,2.33944105e+02,5.24921209e-02
6.93620000e+04,6.01109045e+01,6.00882650e+01,2.26394529e-02
6.93720000e+04,3.85382257e+01,3.85291151e+01,9.11064537e-03
6.93820000e+04,2.47746640e+01,2.47706066e+01,4.05741465e-03
6.93920000e+04,1.86684278e+01,1.86658630e+01,2.56481208e-03
6.94020000e+04,1.64673058e+01,1.64655651e+01,1.74073189e-03
6.94120000e+04,1.51713699e+01,1.51699400e+01,1.42986879e-03
6.94220000e+04,1.45929141e+01,1.45917006e+01,1.21350884e-03
6.94320000e+04,1.42403258e+01,1.42392333e+01,1.09245987e-03
6.94420000e+04,1.39978633e+01,1.39968854e+01,9.77912334e-04
6.94520000e+04,1.37468187e+01,1.37459176e+01,9.01063137e-04
6.94620000e+04,1.35202654e+01,1.35194198e+01,8.45627689e-04
6.94720000e+04,1.33308022e+01,1.33299984e+01,8.03820602e-04
6.94820000e+04,1.31563019e+01,1.31555307e+01,7.71200984e-04
6.94920000e+04,1.30054775e+01,1.30047334e+01,7.44021623e-04
6.95020000e+04,1.28689315e+01,1.28682100e+01,7.21479307e-04
6.95120000e+04,1.27442817e+01,1.27435792e+01,7.02435602e-04
6.95220000e+04,1.26325877e+01,1.26319016e+01,6.86054826e-04
6.95320000e+04,1.25310586e+01,1.25303868e+01,6.71784777e-04
6.95420000e+04,1.25169369e+01,1.25162907e+01,6.46296902e-04
6.95520000e+04,1.24363749e+01,1.24357490e+01,6.25829965e-04
6.95620000e+04,1.23667032e+01,1.23660947e+01,6.08489006e-04
6.95720000e+04,1.23061667e+01,1.23055730e+01,5.93687457e-04
6.95820000e+04,1.22443142e+01,1.22437327e+01,5.81537468e-04
6.95920000e+04,1.21869881e+01,1.21864171e+01,5.71019705e-04
6.96020000e+04,1.21322248e+01,1.21316629e+01,5.61922158e-04
6.96120000e+04,1.20813247e+01,1.20807707e+01,5.53912908e-04
6.96220000e+04,1.20337106e+01,1.20331637e+01,5.46819918e-04
6.96320000e+04,1.19893386e+01,1.19887981e+01,5.40475900e-04
6.96330000e+04,1.84446107e+01,1.84407815e+01,3.82923238e-03
6.96430000e+04,2.79045018e+02,2.78959627e+02,8.53905916e-02
6.96530000e+04,2.19036360e+02,2.18993298e+02,4.30624454e-02
6.96630000e+04,5.82526255e+01,5.82296667e+01,2.29588325e-02
6.96730000e+04,3.90602987e+01,3.90522035e+01,8.09526709e-03
6.96830000e+04,2.40537055e+01,2.40499244e+01,3.78112285e-03
6.96930000e+04,1.69786733e+01,1.69762360e+01,2.43730682e-03
6.97030000e+04,1.55929149e+01,1.55913083e+01,1.60656468e-03
6.97130000e+04,1.45097841e+01,1.45085063e+01,1.27779708e-03
6.97230000e+04,1.38682956e+01,1.38671883e+01,1.10724933e-03
6.97330000e+04,1.35259378e+01,1.35249393e+01,9.98449633e-04
6.97430000e+04,1.32640716e+01,1.32631666e+01,9.04989321e-04
6.97530000e+04,1.30402953e+01,1.30394573e+01,8.37995178e-04
6.97630000e+04,1.28167955e+01,1.28160025e+01,7.93027846e-04
6.97730000e+04,1.26573703e+01,1.26566131e+01,7.57124298e-04
6.97830000e+04,1.25026473e+01,1.25019184e+01,7.28944093e-04
6.97930000e+04,1.23580983e+01,1.23573921e+01,7.06192851e-04
6.98030000e+04,1.22334482e+01,1.22327615e+01,6.86712978e-04
6.98130000e+04,1.21191080e+01,1.21184378e+01,6.70129375e-04
6.98230000e+04,1.20155318e+01,1.20148759e+01,6.55904465e-04
6.98330000e+04,1.19181564e+01,1.19175127e+01,6.43731421e-04
6.98430000e+04,1.19014421e+01,1.19008206e+01,6.21539269e-04
6.98530000e+04,1.18310321e+01,1.18304283e+01,6.03821421e-04
6.98630000e+04,1.17643004e+01,1.17637116e+01,5.88858451e-04
6.98730000e+04,1.17072740e+01,1.17066980e+01,5.76001381e-04
6.98830000e+04,1.16495595e+01,1.16489942e+01,5.65306938e-04
6.98930000e+04,1.15946948e+01,1.15941387e+01,5.56067326e-04
6.99030000e+04,1.15429498e+01,1.15424017e+01,5.48013127e-04
6.99130000e+04,1.14942314e+01,1.14936905e+01,5.40893571e-04
6.99230000e+04,1.14487413e+01,1.14482068e+01,5.34522391e-04
6.99330000e+04,1.14059414e+01,1.14054125e+01,5.28839638e-04
6.99340000e+04,1.78544560e+01,1.78507614e+01,3.69464559e-03
6.99440000e+04,2.85113450e+02,2.85035724e+02,7.77264979e-02
6.99540000e+04,2.20192240e+02,2.20142864e+02,4.93767172e-02
6.99640000e+04,5.57499173e+01,5.57291787e+01,2.07386207e-02
6.99740000e+04,3.45381991e+01,3.45305195e+01,7.67951091e-03
6.99840000e+04,2.29885440e+01,2.29848252e+01,3.71878298e-03
6.99940000e+04,1.69706476e+01,1.69683880e+01,2.25960719e-03
7.00040000e+04,1.53031203e+01,1.53015701e+01,1.55018810e-03
7.00140000e+04,1.41487410e+01,1.41474673e+01,1.27375752e-03
7.00240000e+04,1.35221351e+01,1.35210411e+01,1.09402927e-03
7.00340000e+04,1.32171817e+01,1.32161965e+01,9.85174979e-04
7.00440000e+04,1.29842658e+01,1.29833784e+01,8.87415300e-04
7.00540000e+04,1.27198916e+01,1.27190686e+01,8.22909177e-04
7.00640000e+04,1.25157687e+01,1.25149930e+01,7.75715312e-04
7.00740000e+04,1.23453328e+01,1.23445935e+01,7.39274101e-04
7.00840000e+04,1.21941062e+01,1.21933954e+01,7.10823340e-04
7.00940000e+04,1.20523369e+01,1.20516488e+01,6.88054607e-04
7.01040000e+04,1.19272932e+01,1.19266244e+01,6.68790976e-04
7.01140000e+04,1.18170774e+01,1.18164253e+01,6.52064123e-04
7.01240000e+04,1.17154983e+01,1.17148606e+01,6.37722521e-04
7.01340000e+04,1.16239152e+01,1.16232902e+01,6.25017360e-04
7.01440000e+04,1.16121907e+01,1.16115881e+01,6.02620481e-04
7.01540000e+04,1.15371266e+01,1.15365412e+01,5.85473341e-04
7.01640000e+04,1.14728256e+01,1.14722549e+01,5.70703437e-04
7.01740000e+04,1.14140979e+01,1.14135398e+01,5.58125099e-04
7.01840000e+04,1.13540366e+01,1.13534888e+01,5.47847582e-04
7.01940000e+04,1.12991720e+01,1.12986331e+01,5.38923719e-04
7.02040000e+04,1.12473055e+01,1.12467744e+01,5.31155439e-04
7.02140000e+04,1.11990044e+01,1.11984801e+01,5.24292985e-04
7.02240000e+04,1.11538358e+01,1.11533176e+01,5.18179543e-04
7.02340000e+04,1.11116007e+01,1.11110880e+01,5.12703599e-04
7.02350000e+04,1.72799354e+01,1.72763754e+01,3.56000290e-03
7.02450000e+04,2.69571071e+02,2.69481693e+02,8.93781318e-02
7.02550000e+04,2.02868396e+02,2.02823807e+02,4.45892655e-02
7.02650000e+04,5.74757952e+01,5.74516640e+01,2.41312322e-02
7.02750000e+04,3.62910650e+01,3.62828267e+01,8.23826200e-03
7.02850000e+04,2.26641216e+01,2.26603161e+01,3.80541201e-03
7.02950000e+04,1.61510640e+01,1.61484614e+01,2.60256448e-03
7.03050000e+04,1.47758696e+01,1.47742102e+01,1.65938341e-03
7.03150000e+04,1.38019667e+01,1.38006364e+01,1.33033658e-03
7.03250000e+04,1.29996802e+01,1.29985320e+01,1.14819461e-03
7.03350000e+04,1.27020314e+01,1.27010101e+01,1.02134870e-03
7.03450000e+04,1.24433090e+01,1.24423937e+01,9.15339891e-04
7.03550000e+04,1.21683236e+01,1.21674799e+01,8.43631818e-04
7.03650000e+04,1.19570308e+01,1.19562387e+01,7.92096193e-04
7.03750000e+04,1.17831756e+01,1.17824237e+01,7.51920781e-04
7.03850000e+04,1.16281009e+01,1.16273805e+01,7.20388242e-04
7.03950000e+04,1.14896574e+01,1.14889625e+01,6.94860287e-04
7.04050000e+04,1.13693526e+01,1.13686793e+01,6.73346263e-04
7.04150000e+04,1.12604345e+01,1.12597793e+01,6.55172439e-04
7.04250000e+04,1.11616511e+01,1.11610115e+01,6.39610599e-04
7.04350000e+04,1.10714686e+01,1.10708427e+01,6.25897072e-04
7.04450000e+04,1.10505137e+01,1.10499097e+01,6.04018428e-04
7.04550000e+04,1.09833907e+01,1.09828044e+01,5.86241444e-04
7.04650000e+04,1.09217532e+01,1.09211821e+01,5.71147318e-04
7.04750000e+04,1.08637382e+01,1.08631797e+01,5.58524935e-04
7.04850000e+04,1.08071899e+01,1.08066419e+01,5.47965278e-04
7.04950000e+04,1.07546787e+01,1.07541399e+01,5.38756994e-04
7.05050000e+04,1.07052418e+01,1.07047112e+01,5.30670203e-04
7.05150000e+04,1.06589203e+01,1.06583968e+01,5.23497351e-04
7.05250000e+04,1.06160372e+01,1.06155201e+01,5.17095373e-04
7.05350000e+04,1.05761083e+01,1.05755969e+01,5.11370102e-04
7.05360000e+04,1.66336930e+01,1.66302464e+01,3.44653076e-03
7.05460000e+04,2.73823847e+02,2.73747668e+02,7.61788468e-02
7.05560000e+04,1.99413630e+02,1.99367498e+02,4.61313964e-02
7.05660000e+04,5.80581459e+01,5.80376606e+01,2.04852415e-02
7.05760000e+04,3.36721871e+01,3.36651249e+01,7.06223918e-03
7.05860000e+04,2.11075361e+01,2.11039584e+01,3.57768586e-03
7.05960000e+04,1.62172726e+01,1.62150804e+01,2.19220488e-03
7.06060000e+04,1.43611100e+01,1.43596171e+01,1.49288108e-03
7.06160000e+04,1.32496330e+01,1.32484136e+01,1.21948302e-03
7.06260000e+04,1.26155130e+01,1.26144631e+01,1.04988441e-03
7.06360000e+04,1.22867379e+01,1.22857908e+01,9.47090556e-04
7.06460000e+04,1.20836617e+01,1.20828092e+01,8.52549266e-04
7.06560000e+04,1.18541893e+01,1.18533998e+01,7.89544046e-04
7.06660000e+04,1.16437174e+01,1.16429719e+01,7.45587148e-04
7.06760000e+04,1.14712855e+01,1.14705739e+01,7.11632000e-04
7.06860000e+04,1.13335745e+01,1.13328901e+01,6.84346420e-04
7.06960000e+04,1.12009136e+01,1.12002509e+01,6.62715853e-04
7.07060000e+04,1.10811368e+01,1.10804919e+01,6.44962479e-04
7.07160000e+04,1.09741007e+01,1.09734708e+01,6.29897055e-04
7.07260000e+04,1.08767268e+01,1.08761100e+01,6.16858849e-04
7.07360000e+04,1.07894375e+01,1.07888321e+01,6.05449157e-04
7.07460000e+04,1.07731381e+01,1.07725525e+01,5.85588333e-04
7.07560000e+04,1.07033343e+01,1.07027644e+01,5.69959369e-04
7.07660000e+04,1.06455528e+01,1.06449964e+01,5.56304200e-04
7.07760000e+04,1.05902801e+01,1.05897351e+01,5.44985041e-04
7.07860000e+04,1.05379876e+01,1.05374522e+01,5.35440902e-04
7.07960000e+04,1.04878571e+01,1.04873298e+01,5.27272642e-04
7.08060000e+04,1.04412395e+01,1.04407194e+01,5.20091944e-04
7.08160000e+04,1.03976076e+01,1.03970938e+01,5.13736325e-04
7.08260000e+04,1.03570516e+01,1.03565435e+01,5.08046005e-04
7.08360000e+04,1.03189914e+01,1.03184884e+01,5.02951582e-04
7.08370000e+04,1.63291164e+01,1.63257874e+01,3.32907368e-03
7.08470000e+04,2.44873460e+02,2.44797253e+02,7.62061537e-02
7.08570000e+04,1.87692654e+02,1.87655201e+02,3.74537391e-02
7.08670000e+04,5.39890667e+01,5.39676476e+01,2.14190417e-02
7.08770000e+04,3.44251864e+01,3.44175663e+01,7.62013274e-03
7.08870000e+04,2.03086160e+01,2.03053768e+01,3.23918592e-03
7.08970000e+04,1.47880196e+01,1.47857893e+01,2.23031308e-03
7.09070000e+04,1.40095296e+01,1.40081317e+01,1.39788450e-03
7.09170000e+04,1.29435308e+01,1.29424126e+01,1.11822319e-03
7.09270000e+04,1.21757912e+01,1.21748070e+01,9.84239950e-04
7.09370000e+04,1.18922593e+01,1.18913707e+01,8.88597363e-04
7.09470000e+04,1.17164998e+01,1.17156973e+01,8.02558352e-04
7.09570000e+04,1.14731442e+01,1.14723955e+01,7.48669522e-04
7.09670000e+04,1.12787347e+01,1.12780241e+01,7.10522235e-04
7.09770000e+04,1.11272365e+01,1.11265564e+01,6.80073135e-04
7.09870000e+04,1.09862540e+01,1.09855972e+01,6.56779309e-04
7.09970000e+04,1.08597897e+01,1.08591522e+01,6.37576124e-04
7.10070000e+04,1.07491999e+01,1.07485789e+01,6.20991005e-04
7.10170000e+04,1.06411993e+01,1.06405917e+01,6.07560164e-04
7.10270000e+04,1.05476190e+01,1.05470236e+01,5.95368975e-04
7.10370000e+04,1.04602851e+01,1.04597001e+01,5.84958631e-04
7.10470000e+04,1.04385403e+01,1.04379730e+01,5.67230160e-04
7.10570000e+04,1.03735229e+01,1.03729700e+01,5.52867985e-04
7.10670000e+04,1.03142348e+01,1.03136944e+01,5.40439605e-04
7.10770000e+04,1.02570108e+01,1.02564807e+01,5.30132318e-04
7.10870000e+04,1.02033560e+01,1.02028347e+01,5.21322259e-04
7.10970000e+04,1.01526153e+01,1.01521015e+01,5.13702232e-04
7.11070000e+04,1.01052279e+01,1.01047209e+01,5.06996885e-04
7.11170000e+04,1.00609878e+01,1.00604867e+01,5.01058975e-04
7.11270000e+04,1.00198245e+01,1.00193288e+01,4.95741814e-04
7.11370000e+04,9.98136492e+00,9.98087395e+00,4.90969099e-04
7.11380000e+04,1.55678692e+01,1.55646587e+01,3.21047724e-03
7.11480000e+04,2.45290924e+02,2.45222544e+02,6.83803070e-02
7.11580000e+04,1.81365956e+02,1.81325681e+02,4.02745812e-02
7.11680000e+04,5.32862265e+01,5.32674236e+01,1.88029647e-02
7.11780000e+04,3.13099797e+01,3.13037732e+01,6.20650612e-03
7.11880000e+04,1.98879756e+01,1.98846534e+01,3.32215667e-03
7.11980000e+04,1.47139776e+01,1.47120115e+01,1.96612429e-03
7.12080000e+04,1.31321075e+01,1.31307263e+01,1.38119388e-03
7.12180000e+04,1.22308057e+01,1.22296975e+01,1.10819262e-03
7.12280000e+04,1.16741401e+01,1.16731691e+01,9.70939008e-04
7.12380000e+04,1.13550791e+01,1.13541988e+01,8.80294757e-04
7.12480000e+04,1.11588461e+01,1.11580489e+01,7.97255519e-04
7.12580000e+04,1.09411674e+01,1.09404244e+01,7.42904048e-04
7.12680000e+04,1.07566351e+01,1.07559317e+01,7.03388150e-04
7.12780000e+04,1.06039073e+01,1.06032339e+01,6.73304956e-04
7.12880000e+04,1.04666748e+01,1.04660253e+01,6.49522572e-04
7.12980000e+04,1.03464835e+01,1.03458537e+01,6.29856459e-04
7.13080000e+04,1.02393323e+01,1.02387189e+01,6.13475421e-04
7.13180000e+04,1.01411469e+01,1.01405473e+01,5.99644610e-04
7.13280000e+04,1.00527500e+01,1.00521623e+01,5.87661323e-04
7.13380000e+04,9.97160797e+00,9.97103075e+00,5.77218214e-04
7.13480000e+04,9.94867620e+00,9.94811614e+00,5.60064460e-04
7.13580000e+04,9.89319042e+00,9.89264509e+00,5.45322266e-04
7.13680000e+04,9.83617660e+00,9.83564351e+00,5.33089539e-04
7.13780000e+04,9.78490744e+00,9.78438463e+00,5.22811570e-04
7.13880000e+04,9.73507663e+00,9.73456252e+00,5.14107390e-04
7.13980000e+04,9.68667129e+00,9.68616462e+00,5.06672909e-04
7.14080000e+04,9.64195826e+00,9.64145811e+00,5.00153123e-04
7.14180000e+04,9.60108701e+00,9.60059268e+00,4.94330581e-04
7.14280000e+04,9.56288021e+00,9.56239107e+00,4.89149075e-04
7.14380000e+04,9.52696427e+00,9.52647976e+00,4.84508539e-04
7.14390000e+04,1.50764952e+01,1.50733931e+01,3.10209645e-03
7.14490000e+04,2.31644611e+02,2.31572614e+02,7.19967637e-02
7.14590000e+04,1.66898421e+02,1.66862294e+02,3.61266116e-02
7.14690000e+04,5.12335282e+01,5.12122380e+01,2.12902079e-02
7.14790000e+04,3.18985041e+01,3.18913435e+01,7.16058346e-03
7.14890000e+04,1.88693464e+01,1.88660828e+01,3.26354838e-03
7.14990000e+04,1.40459326e+01,1.40437828e+01,2.14985782e-03
7.15090000e+04,1.29727971e+01,1.29714121e+01,1.38499042e-03
7.15190000e+04,1.20101852e+01,1.20090634e+01,1.12179492e-03
7.15290000e+04,1.13394059e+01,1.13384359e+01,9.69939383e-04
7.15390000e+04,1.10192078e+01,1.10183314e+01,8.76352506e-04
7.15490000e+04,1.08231796e+01,1.08223869e+01,7.92633477e-04
7.15590000e+04,1.06137138e+01,1.06129789e+01,7.34905706e-04
7.15690000e+04,1.04298041e+01,1.04291100e+01,6.94126234e-04
7.15790000e+04,1.02817434e+01,1.02810803e+01,6.63145569e-04
7.15890000e+04,1.01461980e+01,1.01455587e+01,6.39286006e-04
7.15990000e+04,1.00274651e+01,1.00268454e+01,6.19712441e-04
7.16090000e+04,9.92323938e+00,9.92263621e+00,6.03172561e-04
7.16190000e+04,9.82563089e+00,9.82504148e+00,5.89411523e-04
7.16290000e+04,9.73876730e+00,9.73818988e+00,5.77421558e-04
7.16390000e+04,9.65895092e+00,9.65838391e+00,5.67013235e-04
7.16490000e+04,9.63288779e+00,9.63233700e+00,5.50788121e-04
7.16590000e+04,9.57382958e+00,9.57329252e+00,5.37061835e-04
7.16690000e+04,9.52236680e+00,9.52184173e+00,5.25072741e-04
7.16790000e+04,9.47157711e+00,9.47106190e+00,5.15202959e-04
7.16890000e+04,9.42372039e+00,9.42321359e+00,5.06797509e-04
7.16990000e+04,9.37961345e+00,9.37911401e+00,4.99438513e-04
7.17090000e+04,9.33847844e+00,9.33798547e+00,4.92964952e-04
7.17190000e+04,9.29934466e+00,9.29885737e+00,4.87285854e-04
7.17290000e+04,9.26317636e+00,9.26269418e+00,4.82186127e-04
7.17390000e+04,9.22925153e+00,9.22877391e+00,4.77620545e-04
7.17400000e+04,1.48527226e+01,1.48497249e+01,2.99778101e-03
7.17500000e+04,2.30497098e+02,2.30434716e+02,6.23823448e-02
7.17600000e+04,1.67403983e+02,1.67365686e+02,3.82977285e-02
7.17700000e+04,5.15297369e+01,5.15126235e+01,1.71134145e-02
7.17800000e+04,2.96255585e+01,2.96195304e+01,6.02811703e-03
7.17900000e+04,1.86517635e+01,1.86488787e+01,2.88476040e-03
7.18000000e+04,1.39092479e+01,1.39073580e+01,1.88987799e-03
7.18100000e+04,1.26752054e+01,1.26739127e+01,1.29260317e-03
7.18200000e+04,1.15845721e+01,1.15835058e+01,1.06630553e-03
7.18300000e+04,1.11013235e+01,1.11003887e+01,9.34808361e-04
7.18400000e+04,1.07948681e+01,1.07940169e+01,8.51204879e-04
7.18500000e+04,1.06146661e+01,1.06138930e+01,7.73169344e-04
7.18600000e+04,1.04100797e+01,1.04093582e+01,7.21526956e-04
7.18700000e+04,1.02416536e+01,1.02409701e+01,6.83470419e-04
7.18800000e+04,1.00947892e+01,1.00941345e+01,6.54684538e-04
7.18900000e+04,9.96729407e+00,9.96666225e+00,6.31821862e-04
7.19000000e+04,9.85306505e+00,9.85245207e+00,6.12977010e-04
7.19100000e+04,9.75316138e+00,9.75256430e+00,5.97083287e-04
7.19200000e+04,9.66243583e+00,9.66185222e+00,5.83610300e-04
7.19300000e+04,9.58093548e+00,9.58036356e+00,5.71921304e-04
7.19400000e+04,9.50684561e+00,9.50628402e+00,5.61587934e-04
7.19500000e+04,9.48121829e+00,9.48067268e+00,5.45604099e-04
7.19600000e+04,9.42857247e+00,9.42804087e+00,5.31591310e-04
7.19700000e+04,9.37849963e+00,9.37798002e+00,5.19605018e-04
7.19800000e+04,9.32989548e+00,9.32938584e+00,5.09644222e-04
7.19900000e+04,9.28253178e+00,9.28203068e+00,5.01097021e-04
7.20000000e+04,9.23556632e+00,9.23507257e+00,4.93747874e-04
7.20100000e+04,9.19064367e+00,9.19015626e+00,4.87407822e-04
7.20200000e+04,9.14926921e+00,9.14878737e+00,4.81834704e-04
7.20300000e+04,9.11112740e+00,9.11065053e+00,4.76868349e-04
7.20400000e+04,9.07546909e+00,9.07499665e+00,4.72437188e-04
7.20410000e+04,1.42930285e+01,1.42901290e+01,2.89957442e-03
7.20510000e+04,2.22280043e+02,2.22215420e+02,6.46227842e-02
7.20610000e+04,1.63607865e+02,1.63574178e+02,3.36878095e-02
7.20710000e+04,4.93630161e+01,4.93448971e+01,1.81189301e-02
7.20810000e+04,3.01490050e+01,3.01425800e+01,6.42500117e-03
7.20910000e+04,1.71255425e+01,1.71225592e+01,2.98336335e-03
7.21010000e+04,1.30413537e+01,1.30394056e+01,1.94808291e-03
7.21110000e+04,1.23228526e+01,1.23215960e+01,1.25658468e-03
7.21210000e+04,1.12126668e+01,1.12116204e+01,1.04642575e-03
7.21310000e+04,1.05820557e+01,1.05811375e+01,9.18179444e-04
7.21410000e+04,1.03272965e+01,1.03264630e+01,8.33450639e-04
7.21510000e+04,1.01517317e+01,1.01509730e+01,7.58702378e-04
7.21610000e+04,9.96085833e+00,9.96015113e+00,7.07198599e-04
7.21710000e+04,9.81139453e+00,9.81072451e+00,6.70017512e-04
7.21810000e+04,9.67944869e+00,9.67880719e+00,6.41500602e-04
7.21910000e+04,9.55953191e+00,9.55891254e+00,6.19368345e-04
7.22010000e+04,9.45406485e+00,9.45346366e+00,6.01187188e-04
7.22110000e+04,9.36015300e+00,9.35956706e+00,5.85946318e-04
7.22210000e+04,9.27295580e+00,9.27238273e+00,5.73068510e-04
7.22310000e+04,9.19365832e+00,9.19309694e+00,5.61379995e-04
7.22410000e+04,9.11512081e+00,9.11456936e+00,5.51444879e-04
7.22510000e+04,9.08552928e+00,9.08499321e+00,5.36077627e-04
7.22610000e+04,9.02960136e+00,9.02907807e+00,5.23298363e-04
7.22710000e+04,8.97963673e+00,8.97912448e+00,5.12250287e-04
7.22810000e+04,8.92806131e+00,8.92755819e+00,5.03123170e-04
7.22910000e+04,8.88142383e+00,8.88092858e+00,4.95243983e-04
7.23010000e+04,8.83744094e+00,8.83695257e+00,4.88366646e-04
7.23110000e+04,8.79747595e+00,8.79699393e+00,4.82027596e-04
7.23210000e+04,8.76299516e+00,8.76251911e+00,4.76051163e-04
7.23310000e+04,8.72401795e+00,8.72354650e+00,4.71447035e-04
7.23410000e+04,8.69077780e+00,8.69031072e+00,4.67080602e-04
7.23420000e+04,1.39858520e+01,1.39830483e+01,2.80374545e-03
7.23520000e+04,2.19998194e+02,2.19938380e+02,5.98141310e-02
7.23620000e+04,1.50906850e+02,1.50869740e+02,3.71096164e-02
7.23720000e+04,4.82272519e+01,4.82120475e+01,1.52043753e-02
7.23820000e+04,2.72802401e+01,2.72748553e+01,5.38482515e-03
7.23920000e+04,1.73709613e+01,1.73681807e+01,2.78057254e-03
7.24020000e+04,1.30388779e+01,1.30371836e+01,1.69432462e-03
7.24120000e+04,1.18307830e+01,1.18296053e+01,1.17764011e-03
7.24220000e+04,1.07117107e+01,1.07107352e+01,9.75513763e-04
7.24320000e+04,1.02668098e+01,1.02659511e+01,8.58673695e-04
7.24420000e+04,1.00244192e+01,1.00236374e+01,7.81756762e-04
7.24520000e+04,9.81811236e+00,9.81739483e+00,7.17526682e-04
7.24620000e+04,9.62620736e+00,9.62553370e+00,6.73660174e-04
7.24720000e+04,9.48024765e+00,9.47960762e+00,6.40027148e-04
7.24820000e+04,9.34358488e+00,9.34297029e+00,6.14591077e-04
7.24920000e+04,9.22177217e+00,9.22117804e+00,5.94124037e-04
7.25020000e+04,9.11091869e+00,9.11034153e+00,5.77164492e-04
7.25120000e+04,9.01419132e+00,9.01362828e+00,5.63040914e-04
7.25220000e+04,8.92825203e+00,8.92770109e+00,5.50944022e-04
7.25320000e+04,8.85029338e+00,8.84975294e+00,5.40437135e-04
7.25420000e+04,8.77914828e+00,8.77861687e+00,5.31406191e-04
7.25520000e+04,8.75205721e+00,8.75153948e+00,5.17732048e-04
7.25620000e+04,8.70510545e+00,8.70460007e+00,5.05381550e-04
7.25720000e+04,8.65823285e+00,8.65773781e+00,4.95037209e-04
7.25820000e+04,8.61370206e+00,8.61321567e+00,4.86382497e-04
7.25920000e+04,8.56993693e+00,8.56945786e+00,4.79069140e-04
7.26020000e+04,8.52841951e+00,8.52794678e+00,4.72729390e-04
7.26120000e+04,8.48947462e+00,8.48900750e+00,4.67121563e-04
7.26220000e+04,8.45316840e+00,8.45270629e+00,4.62113584e-04
7.26320000e+04,8.41899216e+00,8.41853455e+00,4.57612416e-04
7.26420000e+04,8.38662002e+00,8.38616649e+00,4.53529867e-04
7.26430000e+04,1.33076420e+01,1.33049352e+01,2.70677171e-03
7.26530000e+04,2.08192655e+02,2.08130095e+02,6.25596472e-02
7.26630000e+04,1.51522873e+02,1.51491978e+02,3.08947594e-02
7.26730000e+04,4.61275015e+01,4.61108790e+01,1.66225454e-02
7.26830000e+04,2.85306265e+01,2.85250275e+01,5.59905114e-03
7.26930000e+04,1.63157990e+01,1.63131045e+01,2.69442882e-03
7.27030000e+04,1.22521518e+01,1.22503892e+01,1.76254784e-03
7.27130000e+04,1.13437963e+01,1.13426466e+01,1.14972825e-03
7.27230000e+04,1.03256849e+01,1.03247261e+01,9.58784440e-04
7.27330000e+04,9.71235285e+00,9.71151161e+00,8.41244215e-04
7.27430000e+04,9.45104842e+00,9.45028599e+00,7.62423781e-04
7.27530000e+04,9.25591640e+00,9.25521795e+00,6.98455515e-04
7.27630000e+04,9.07064152e+00,9.06998933e+00,6.52196374e-04
7.27730000e+04,8.92076638e+00,8.92014695e+00,6.19431537e-04
7.27830000e+04,8.78939019e+00,8.78879557e+00,5.94621960e-04
7.27930000e+04,8.67431201e+00,8.67373653e+00,5.75482289e-04
7.28030000e+04,8.56990981e+00,8.56935049e+00,5.59327616e-04
7.28130000e+04,8.47359800e+00,8.47305170e+00,5.46291696e-04
7.28230000e+04,8.38822484e+00,8.38768982e+00,5.35022930e-04
7.28330000e+04,8.31147763e+00,8.31095247e+00,5.25156373e-04
7.28430000e+04,8.24082293e+00,8.24030634e+00,5.16583339e-04
7.28530000e+04,8.20996274e+00,8.20945927e+00,5.03470857e-04
7.28630000e+04,8.16464505e+00,8.16415325e+00,4.91792244e-04
7.28730000e+04,8.11883187e+00,8.11834985e+00,4.82014691e-04
7.28830000e+04,8.07430967e+00,8.07383585e+00,4.73821779e-04
7.28930000e+04,8.03171268e+00,8.03124584e+00,4.66845933e-04
7.29030000e+04,7.99193326e+00,7.99147246e+00,4.60797902e-04
7.29130000e+04,7.95483554e+00,7.95438009e+00,4.55449818e-04
7.29230000e+04,7.91995940e+00,7.91950869e+00,4.50711021e-04
7.29330000e+04,7.88730850e+00,7.88686203e+00,4.46467257e-04
7.29430000e+04,7.85685306e+00,7.85641042e+00,4.42644622e-04
7.29440000e+04,1.30049390e+01,1.30023258e+01,2.61315775e-03
7.29540000e+04,2.10470636e+02,2.10415170e+02,5.54655662e-02
7.29640000e+04,1.41037932e+02,1.41002931e+02,3.50002003e-02
7.29740000e+04,4.69936654e+01,4.69783168e+01,1.53485823e-02
7.29840000e+04,2.69460577e+01,2.69408306e+01,5.22709355e-03
7.29940000e+04,1.61513974e+01,1.61487917e+01,2.60575769e-03
7.30040000e+04,1.21612111e+01,1.21595963e+01,1.61478675e-03
7.30140000e+04,1.10553602e+01,1.10542615e+01,1.09866629e-03
7.30240000e+04,1.00207335e+01,1.00198118e+01,9.21694869e-04
7.30340000e+04,9.56167605e+00,9.56086367e+00,8.12382896e-04
7.30440000e+04,9.20763789e+00,9.20688624e+00,7.51647259e-04
7.30540000e+04,9.02444977e+00,9.02376305e+00,6.86715049e-04
7.30640000e+04,8.85818643e+00,8.85754542e+00,6.41005972e-04
7.30740000e+04,8.70291086e+00,8.70230136e+00,6.09497779e-04
7.30840000e+04,8.56563227e+00,8.56504685e+00,5.85419896e-04
7.30940000e+04,8.44765753e+00,8.44709120e+00,5.66324595e-04
7.31040000e+04,8.34430301e+00,8.34375250e+00,5.50515316e-04
7.31140000e+04,8.25305095e+00,8.25251378e+00,5.37164943e-04
7.31240000e+04,8.17110667e+00,8.17058086e+00,5.25814207e-04
7.31340000e+04,8.09813627e+00,8.09762032e+00,5.15943420e-04
7.31440000e+04,8.03174424e+00,8.03123687e+00,5.07371327e-04
7.31540000e+04,8.00815677e+00,8.00766232e+00,4.94457031e-04
7.31640000e+04,7.96264120e+00,7.96215792e+00,4.83287518e-04
7.31740000e+04,7.91815276e+00,7.91767889e+00,4.73867665e-04
7.31840000e+04,7.87757687e+00,7.87711109e+00,4.65779548e-04
7.31940000e+04,7.83652554e+00,7.83606644e+00,4.59097545e-04
7.32040000e+04,7.79899730e+00,7.79854412e+00,4.53186570e-04
7.32140000e+04,7.76371267e+00,7.76326470e+00,4.47970355e-04
7.32240000e+04,7.73042058e+00,7.72997722e+00,4.43361278e-04
7.32340000e+04,7.69938481e+00,7.69894559e+00,4.39223158e-04
7.32440000e+04,7.67036527e+00,7.66992976e+00,4.35506069e-04
7.32450000e+04,1.26573535e+01,1.26548274e+01,2.52619210e-03
7.32550000e+04,2.04304143e+02,2.04243453e+02,6.06898879e-02
7.32650000e+04,1.40695357e+02,1.40665911e+02,2.94458345e-02
7.32750000e+04,4.62668893e+01,4.62513212e+01,1.55680629e-02
7.32850000e+04,2.66668382e+01,2.66618623e+01,4.97596437e-03
7.32950000e+04,1.57164837e+01,1.57139889e+01,2.49479197e-03
7.33050000e+04,1.11704635e+01,1.11688155e+01,1.64806899e-03
7.33150000e+04,1.06565048e+01,1.06554232e+01,1.08156954e-03
7.33250000e+04,9.64628486e+00,9.64538069e+00,9.04172354e-04
7.33350000e+04,9.16007352e+00,9.15928024e+00,7.93288402e-04
7.33450000e+04,8.92640203e+00,8.92568156e+00,7.20467723e-04
7.33550000e+04,8.72369578e+00,8.72303177e+00,6.64017453e-04
7.33650000e+04,8.52762077e+00,8.52699702e+00,6.23746093e-04
7.33750000e+04,8.38867271e+00,8.38808015e+00,5.92565044e-04
7.33850000e+04,8.26284551e+00,8.26227615e+00,5.69363732e-04
7.33950000e+04,8.15022708e+00,8.14967594e+00,5.51139427e-04
7.34050000e+04,8.05169722e+00,8.05116119e+00,5.36031676e-04
7.34150000e+04,7.96431299e+00,7.96378962e+00,5.23373604e-04
7.34250000e+04,7.88491586e+00,7.88440333e+00,5.12522696e-04
7.34350000e+04,7.81275597e+00,7.81225280e+00,5.03164504e-04
7.34450000e+04,7.74681450e+00,7.74631952e+00,4.94984302e-04
7.34550000e+04,7.71839199e+00,7.71790896e+00,4.83025169e-04
7.34650000e+04,7.67229523e+00,7.67182267e+00,4.72557117e-04
7.34750000e+04,7.62986152e+00,7.62939813e+00,4.63398832e-04
7.34850000e+04,7.58638091e+00,7.58592507e+00,4.55843418e-04
7.34950000e+04,7.54593644e+00,7.54548709e+00,4.49350438e-04
7.35050000e+04,7.50666061e+00,7.50621678e+00,4.43824352e-04
7.35150000e+04,7.47076901e+00,7.47033014e+00,4.38865472e-04
7.35250000e+04,7.43755783e+00,7.43712343e+00,4.34404960e-04
7.35350000e+04,7.40634258e+00,7.40591220e+00,4.30381834e-04
7.35450000e+04,7.37732684e+00,7.37690007e+00,4.26768602e-04
7.35460000e+04,1.23087405e+01,1.23063018e+01,2.43867247e-03
7.35560000e+04,1.98784181e+02,1.98733040e+02,5.11408143e-02
7.35660000e+04,1.27495824e+02,1.27464991e+02,3.08325292e-02
7.35760000e+04,4.61428867e+01,4.61284532e+01,1.44334541e-02
7.35860000e+04,2.57513832e+01,2.57468682e+01,4.51500783e-03
7.35960000e+04,1.50427948e+01,1.50405316e+01,2.26320616e-03
7.36060000e+04,1.13805315e+01,1.13790393e+01,1.49217059e-03
7.36160000e+04,1.04098090e+01,1.04087956e+01,1.01341699e-03
7.36260000e+04,9.28202216e+00,9.28115031e+00,8.71844795e-04
7.36360000e+04,8.83798017e+00,8.83721121e+00,7.68953541e-04
7.36460000e+04,8.59173182e+00,8.59102849e+00,7.03335997e-04
7.36560000e+04,8.39565627e+00,8.39500838e+00,6.47893624e-04
7.36660000e+04,8.24333031e+00,8.24272358e+00,6.06730899e-04
7.36760000e+04,8.11302092e+00,8.11244424e+00,5.76675286e-04
7.36860000e+04,7.99421407e+00,7.99365969e+00,5.54375674e-04
7.36960000e+04,7.89206397e+00,7.89152732e+00,5.36647704e-04
7.37060000e+04,7.80000810e+00,7.79948608e+00,5.22012905e-04
7.37160000e+04,7.71777786e+00,7.71726807e+00,5.09784092e-04
7.37260000e+04,7.64389685e+00,7.64339754e+00,4.99307392e-04
7.37360000e+04,7.57725536e+00,7.57676516e+00,4.90199922e-04
7.37460000e+04,7.51644977e+00,7.51596751e+00,4.82257659e-04
7.37560000e+04,7.49128911e+00,7.49081825e+00,4.70860553e-04
7.37660000e+04,7.45020091e+00,7.44974041e+00,4.60494934e-04
7.37760000e+04,7.40906212e+00,7.40861030e+00,4.51818944e-04
7.37860000e+04,7.36983295e+00,7.36938843e+00,4.44528102e-04
7.37960000e+04,7.33202033e+00,7.33158192e+00,4.38413149e-04
7.38060000e+04,7.29684101e+00,7.29640794e+00,4.33071703e-04
7.38160000e+04,7.26416338e+00,7.26373506e+00,4.28321779e-04
7.38260000e+04,7.23343892e+00,7.23301481e+00,4.24107225e-04
7.38360000e+04,7.20479104e+00,7.20437072e+00,4.20317778e-04
7.38460000e+04,7.17771461e+00,7.17729775e+00,4.16856238e-04
7.38470000e+04,1.20372714e+01,1.20349143e+01,2.35707772e-03
7.38570000e+04,1.94660303e+02,1.94602400e+02,5.79025844e-02
7.38670000e+04,1.31597285e+02,1.31570020e+02,2.72647792e-02
7.38770000e+04,4.56820297e+01,4.56678479e+01,1.41818694e-02
7.38870000e+04,2.55391255e+01,2.55346561e+01,4.46939982e-03
7.38970000e+04,1.47132520e+01,1.47109889e+01,2.26315792e-03
7.39070000e+04,1.06285361e+01,1.06269920e+01,1.54405340e-03
7.39170000e+04,1.00254753e+01,1.00244684e+01,1.00690324e-03
7.39270000e+04,9.08462845e+00,9.08377796e+00,8.50491448e-04
7.39370000e+04,8.54247801e+00,8.54172088e+00,7.57134236e-04
7.39470000e+04,8.34321985e+00,8.34253196e+00,6.87891729e-04
7.39570000e+04,8.14113831e+00,8.14050224e+00,6.36065082e-04
7.39670000e+04,7.96397846e+00,7.96338096e+00,5.97504231e-04
7.39770000e+04,7.82823599e+00,7.82766683e+00,5.69163543e-04
7.39870000e+04,7.70737606e+00,7.70682871e+00,5.47349960e-04
7.39970000e+04,7.60627705e+00,7.60574759e+00,5.29460411e-04
7.40070000e+04,7.51242099e+00,7.51190612e+00,5.14870389e-04
7.40170000e+04,7.43048588e+00,7.42998341e+00,5.02474929e-04
7.40270000e+04,7.35513935e+00,7.35464733e+00,4.92016088e-04
7.40370000e+04,7.28772084e+00,7.28723784e+00,4.82994795e-04
7.40470000e+04,7.22714826e+00,7.22667325e+00,4.75015396e-04
7.40570000e+04,7.19830738e+00,7.19784337e+00,4.64009962e-04
7.40670000e+04,7.15426137e+00,7.15380699e+00,4.54376451e-04
7.40770000e+04,7.11239115e+00,7.11194498e+00,4.46172640e-04
7.40870000e+04,7.07304675e+00,7.07260759e+00,4.39162148e-04
7.40970000e+04,7.03507631e+00,7.03464308e+00,4.33238005e-04
7.41070000e+04,7.00008571e+00,6.99965767e+00,4.28032361e-04
7.41170000e+04,6.96695451e+00,6.96653106e+00,4.23451295e-04
7.41270000e+04,6.93600431e+00,6.93558497e+00,4.19337941e-04
7.41370000e+04,6.90708977e+00,6.90667414e+00,4.15631629e-04
7.41470000e+04,6.87989255e+00,6.87948025e+00,4.12304862e-04
7.41480000e+04,1.18250857e+01,1.18228072e+01,2.27855123e-03
7.41580000e+04,1.92615528e+02,1.92568525e+02,4.70032291e-02
7.41680000e+04,1.12824614e+02,1.12795423e+02,2.91905764e-02
7.41780000e+04,4.45615063e+01,4.45486494e+01,1.28569162e-02
7.41880000e+04,2.47004277e+01,2.46962949e+01,4.13282182e-03
7.41980000e+04,1.42562740e+01,1.42541371e+01,2.13688138e-03
7.42080000e+04,1.08785265e+01,1.08771355e+01,1.39093473e-03
7.42180000e+04,9.99690888e+00,9.99594237e+00,9.66509468e-04
7.42280000e+04,8.79484736e+00,8.79400969e+00,8.37674494e-04
7.42380000e+04,8.47005055e+00,8.46931173e+00,7.38824433e-04
7.42480000e+04,8.21883989e+00,8.21816447e+00,6.75421785e-04
7.42580000e+04,7.99786717e+00,7.99724198e+00,6.25187742e-04
7.42680000e+04,7.84987155e+00,7.84928546e+00,5.86083931e-04
7.42780000e+04,7.72149361e+00,7.72093637e+00,5.57240984e-04
7.42880000e+04,7.60148546e+00,7.60094932e+00,5.36137094e-04
7.42980000e+04,7.50201345e+00,7.50149467e+00,5.18782865e-04
7.43080000e+04,7.41213656e+00,7.41163258e+00,5.03981973e-04
7.43180000e+04,7.32533990e+00,7.32484830e+00,4.91596822e-04
7.43280000e+04,7.25249531e+00,7.25201481e+00,4.80496608e-04
7.43380000e+04,7.18446585e+00,7.18399466e+00,4.71195373e-04
7.43480000e+04,7.12265865e+00,7.12219553e+00,4.63110516e-04
7.43580000e+04,7.09362513e+00,7.09317275e+00,4.52382257e-04
7.43680000e+04,7.05100297e+00,7.05056031e+00,4.42658162e-04
7.43780000e+04,7.00920142e+00,7.00876698e+00,4.34434040e-04
7.43880000e+04,6.96927021e+00,6.96884270e+00,4.27512670e-04
7.43980000e+04,6.93125860e+00,6.93083703e+00,4.21570272e-04
7.44080000e+04,6.89479869e+00,6.89438229e+00,4.16398318e-04
7.44180000e+04,6.86131290e+00,6.86090120e+00,4.11697210e-04
7.44280000e+04,6.82666002e+00,6.82625224e+00,4.07779399e-04
7.44380000e+04,6.79661173e+00,6.79620757e+00,4.04151532e-04
7.44480000e+04,6.76785200e+00,6.76745105e+00,4.00952049e-04
7.44490000e+04,1.15727972e+01,1.15705957e+01,2.20144374e-03
7.44590000e+04,2.12734403e+02,2.12666054e+02,6.83496817e-02
7.44690000e+04,1.31492856e+02,1.31457355e+02,3.55008985e-02
7.44790000e+04,4.96670838e+01,4.96492398e+01,1.78439761e-02
7.44890000e+04,2.78693586e+01,2.78616458e+01,7.71284849e-03
7.44990000e+04,1.75947286e+01,1.75905428e+01,4.18576188e-03
7.45090000e+04,1.26694053e+01,1.26666200e+01,2.78528375e-03
7.45190000e+04,1.14920985e+01,1.14900939e+01,2.00459556e-03
7.45290000e+04,1.04502782e+01,1.04486676e+01,1.61067967e-03
7.45390000e+04,9.66789360e+00,9.66650550e+00,1.38810174e-03
7.45490000e+04,9.24074471e+00,9.23952064e+00,1.22407414e-03
7.45590000e+04,8.92636055e+00,8.92526585e+00,1.09469752e-03
7.45690000e+04,8.64057997e+00,8.63958017e+00,9.99806901e-04
7.45790000e+04,8.43218774e+00,8.43126403e+00,9.23715563e-04
7.45890000e+04,8.24421326e+00,8.24335362e+00,8.59634627e-04
7.45990000e+04,8.08355399e+00,8.08275419e+00,7.99798877e-04
7.46090000e+04,7.94901503e+00,7.94826723e+00,7.47800252e-04
7.46190000e+04,7.83124519e+00,7.83053588e+00,7.09312954e-04
7.46290000e+04,7.72438753e+00,7.72370700e+00,6.80524794e-04
7.46390000e+04,7.63014381e+00,7.62948634e+00,6.57478055e-04
7.46490000e+04,7.54399884e+00,7.54336046e+00,6.38381953e-04
7.46590000e+04,7.49719067e+00,7.49657746e+00,6.13218943e-04
7.46690000e+04,7.43322535e+00,7.43263392e+00,5.91429426e-04
7.46790000e+04,7.37375639e+00,7.37318330e+00,5.73091393e-04
7.46890000e+04,7.31830798e+00,7.31775017e+00,5.57812736e-04
7.46990000e+04,7.26515475e+00,7.26460969e+00,5.45061032e-04
7.47090000e+04,7.21866988e+00,7.21813612e+00,5.33752779e-04
7.47190000e+04,7.17528621e+00,7.17476234e+00,5.23870093e-04
7.47290000e+04,7.13511905e+00,7.13460388e+00,5.15162345e-04
7.47390000e+04,7.09780652e+00,7.09729907e+00,5.07441684e-04
7.47490000e+04,7.06361234e+00,7.06311185e+00,5.00492648e-04
7.47500000e+04,1.25127221e+01,1.25105000e+01,2.22202499e-03
7.47600000e+04,2.25582057e+02,2.25527617e+02,5.44396810e-02
7.47700000e+04,1.13634541e+02,1.13602661e+02,3.18805068e-02
7.47800000e+04,4.45613675e+01,4.45489005e+01,1.24669271e-02
7.47900000e+04,2.63693046e+01,2.63644727e+01,4.83182605e-03
7.48000000e+04,1.52411618e+01,1.52387595e+01,2.40235839e-03
7.48100000e+04,1.17753050e+01,1.17737078e+01,1.59715707e-03
7.48200000e+04,1.07197814e+01,1.07186390e+01,1.14244280e-03
7.48300000e+04,9.48264732e+00,9.48167279e+00,9.74524906e-04
7.48400000e+04,9.10005063e+00,9.09923200e+00,8.18632511e-04
7.48500000e+04,8.81222428e+00,8.81147988e+00,7.44392205e-04
7.48600000e+04,8.58330820e+00,8.58262527e+00,6.82922628e-04
7.48700000e+04,8.42190298e+00,8.42126644e+00,6.36531166e-04
7.48800000e+04,8.25239081e+00,8.25178578e+00,6.05034026e-04
7.48900000e+04,8.11561611e+00,8.11503607e+00,5.80041583e-04
7.49000000e+04,8.00253849e+00,8.00197900e+00,5.59493251e-04
7.49100000e+04,7.89492891e+00,7.89438612e+00,5.42791184e-04
7.49200000e+04,7.80373048e+00,7.80320197e+00,5.28514826e-04
7.49300000e+04,7.71865324e+00,7.71813675e+00,5.16489452e-04
7.49400000e+04,7.64326920e+00,7.64276325e+00,5.05950582e-04
7.49500000e+04,7.57428086e+00,7.57378417e+00,4.96691507e-04
7.49600000e+04,7.54476700e+00,7.54428367e+00,4.83329084e-04
7.49700000e+04,7.49188508e+00,7.49141282e+00,4.72260123e-04
7.49800000e+04,7.44164817e+00,7.44118525e+00,4.62918706e-04
7.49900000e+04,7.39611252e+00,7.39565755e+00,4.54971476e-04
7.50000000e+04,7.35312448e+00,7.35267628e+00,4.48192650e-04
7.50100000e+04,7.31354773e+00,7.31310549e+00,4.42245802e-04
7.50200000e+04,7.27682245e+00,7.27638548e+00,4.36965461e-04
7.50300000e+04,7.24288303e+00,7.24245080e+00,4.32229362e-04
7.50400000e+04,7.21118322e+00,7.21075518e+00,4.28031098e-04
7.50500000e+04,7.18142256e+00,7.18099827e+00,4.24291052e-04
7.50510000e+04,1.17849800e+01,1.17828944e+01,2.08562110e-03
7.50610000e+04,1.86794198e+02,1.86739731e+02,5.44669125e-02
7.50710000e+04,1.22053151e+02,1.22027199e+02,2.59513594e-02
7.50810000e+04,4.19363756e+01,4.19241594e+01,1.22162048e-02
7.50910000e+04,2.45034441e+01,2.44992116e+01,4.23244818e-03
7.51010000e+04,1.43348034e+01,1.43327327e+01,2.07071956e-03
7.51110000e+04,1.03848910e+01,1.03833781e+01,1.51293981e-03
7.51210000e+04,9.87939028e+00,9.87838187e+00,1.00841433e-03
7.51310000e+04,8.90482416e+00,8.90397740e+00,8.46765779e-04
7.51410000e+04,8.33269129e+00,8.33192331e+00,7.67985183e-04
7.51510000e+04,8.12092446e+00,8.12022883e+00,6.95629990e-04
7.51610000e+04,7.90840772e+00,7.90776656e+00,6.41158403e-04
7.51710000e+04,7.70964190e+00,7.70904120e+00,6.00696127e-04
7.51810000e+04,7.55906888e+00,7.55849959e+00,5.69287327e-04
7.51910000e+04,7.41876552e+00,7.41821979e+00,5.45732667e-04
7.52010000e+04,7.29830144e+00,7.29777438e+00,5.27062895e-04
7.52110000e+04,7.19979417e+00,7.19928325e+00,5.10921660e-04
7.52210000e+04,7.10926834e+00,7.10877076e+00,4.97579736e-04
7.52310000e+04,7.02739336e+00,7.02690717e+00,4.86188835e-04
7.52410000e+04,6.95401747e+00,6.95354120e+00,4.76267421e-04
7.52510000e+04,6.88605485e+00,6.88558715e+00,4.67695922e-04
7.52610000e+04,6.84649242e+00,6.84603644e+00,4.55984333e-04
7.52710000e+04,6.79475820e+00,6.79431233e+00,4.45869412e-04
7.52810000e+04,6.74751378e+00,6.74707673e+00,4.37048924e-04
7.52910000e+04,6.70224922e+00,6.70181939e+00,4.29828023e-04
7.53010000e+04,6.65961231e+00,6.65918870e+00,4.23615951e-04
7.53110000e+04,6.61985086e+00,6.61943265e+00,4.18209057e-04
7.53210000e+04,6.58285773e+00,6.58244432e+00,4.13409657e-04
7.53310000e+04,6.54917643e+00,6.54876744e+00,4.08996942e-04
7.53410000e+04,6.51751793e+00,6.51711285e+00,4.05080195e-04
7.53510000e+04,6.48807353e+00,6.48767198e+00,4.01550247e-04
7.53520000e+04,1.15917169e+01,1.15897169e+01,2.00003667e-03
7.53620000e+04,2.04477429e+02,2.04430560e+02,4.68686964e-02
7.53720000e+04,1.05364054e+02,1.05337417e+02,2.66369970e-02
7.53820000e+04,4.48150773e+01,4.48033380e+01,1.17393184e-02
7.53920000e+04,2.42310309e+01,2.42269060e+01,4.12488897e-03
7.54020000e+04,1.43127878e+01,1.43106620e+01,2.12584379e-03
7.54120000e+04,1.05728648e+01,1.05715033e+01,1.36147608e-03
7.54220000e+04,9.59270962e+00,9.59171873e+00,9.90885928e-04
7.54320000e+04,8.57096387e+00,8.57012491e+00,8.38964619e-04
7.54420000e+04,8.14722536e+00,8.14648815e+00,7.37207063e-04
7.54520000e+04,7.93065500e+00,7.92998608e+00,6.68920978e-04
7.54620000e+04,7.73525725e+00,7.73464322e+00,6.14028763e-04
7.54720000e+04,7.55525726e+00,7.55468169e+00,5.75573021e-04
7.54820000e+04,7.41155806e+00,7.41101252e+00,5.45539007e-04
7.54920000e+04,7.29459657e+00,7.29407503e+00,5.21535562e-04
7.55020000e+04,7.18504405e+00,7.18454151e+00,5.02540421e-04
7.55120000e+04,7.08671405e+00,7.08622698e+00,4.87069393e-04
7.55220000e+04,7.00021045e+00,6.99973636e+00,4.74093031e-04
7.55320000e+04,6.92092256e+00,6.92045954e+00,4.63028856e-04
7.55420000e+04,6.84921882e+00,6.84876554e+00,4.53279337e-04
7.55520000e+04,6.78184224e+00,6.78139762e+00,4.44617398e-04
7.55620000e+04,6.74591190e+00,6.74547858e+00,4.33324259e-04
7.55720000e+04,6.69573964e+00,6.69531600e+00,4.23634662e-04
7.55820000e+04,6.64963251e+00,6.64921705e+00,4.15461140e-04
7.55920000e+04,6.60772374e+00,6.60731512e+00,4.08616365e-04
7.56020000e+04,6.56825306e+00,6.56785028e+00,4.02783289e-04
7.56120000e+04,6.53251075e+00,6.53211309e+00,3.97658158e-04
7.56220000e+04,6.49908339e+00,6.49869026e+00,3.93125944e-04
7.56320000e+04,6.46795203e+00,6.46756293e+00,3.89097087e-04
7.56420000e+04,6.43883293e+00,6.43844744e+00,3.85491365e-04
7.56520000e+04,6.41184039e+00,6.41145816e+00,3.82233071e-04
7.56530000e+04,1.11342499e+01,1.11323210e+01,1.92881861e-03
7.56630000e+04,1.75937673e+02,1.75887952e+02,4.97213877e-02
7.56730000e+04,1.10377962e+02,1.10354665e+02,2.32970566e-02
7.56830000e+04,3.86198043e+01,3.86084871e+01,1.13171430e-02
7.56930000e+04,2.32526167e+01,2.32489293e+01,3.68743031e-03
7.57030000e+04,1.32152102e+01,1.32133240e+01,1.88626245e-03
7.57130000e+04,9.65209063e+00,9.65079099e+00,1.29964089e-03
7.57230000e+04,8.95329707e+00,8.95239904e+00,8.98024857e-04
7.57330000e+04,8.05532226e+00,8.05457172e+00,7.50547779e-04
7.57430000e+04,7.60592464e+00,7.60524969e+00,6.74947331e-04
7.57530000e+04,7.38063795e+00,7.38002273e+00,6.15215074e-04
7.57630000e+04,7.17441176e+00,7.17384363e+00,5.68123847e-04
7.57730000e+04,7.01056577e+00,7.01003206e+00,5.33706517e-04
7.57830000e+04,6.87071747e+00,6.87020885e+00,5.08620147e-04
7.57930000e+04,6.74944381e+00,6.74895482e+00,4.88989165e-04
7.58030000e+04,6.64575118e+00,6.64527821e+00,4.72961189e-04
7.58130000e+04,6.55319871e+00,6.55273903e+00,4.59689485e-04
7.58230000e+04,6.46828619e+00,6.46783741e+00,4.48784156e-04
7.58330000e+04,6.39340680e+00,6.39296749e+00,4.39309468e-04
7.58430000e+04,6.32406944e+00,6.32363826e+00,4.31183200e-04
7.58530000e+04,6.26093119e+00,6.26050713e+00,4.24062453e-04
7.58630000e+04,6.22429000e+00,6.22387576e+00,4.14247979e-04
7.58730000e+04,6.17566022e+00,6.17525419e+00,4.06028741e-04
7.58830000e+04,6.13326491e+00,6.13286638e+00,3.98534631e-04
7.58930000e+04,6.09173952e+00,6.09134700e+00,3.92516389e-04
7.59030000e+04,6.05356153e+00,6.05317429e+00,3.87234862e-04
7.59130000e+04,6.01838994e+00,6.01800736e+00,3.82581728e-04
7.59230000e+04,5.98567082e+00,5.98529237e+00,3.78449675e-04
7.59330000e+04,5.95509595e+00,5.95472118e+00,3.74766661e-04
7.59430000e+04,5.92691906e+00,5.92654763e+00,3.71432673e-04
7.59530000e+04,5.90034341e+00,5.89997495e+00,3.68456897e-04
7.59540000e+04,1.08834775e+01,1.08816229e+01,1.85459851e-03
7.59640000e+04,1.93296720e+02,1.93253695e+02,4.30254188e-02
7.59740000e+04,1.02834685e+02,1.02810026e+02,2.46592246e-02
7.59840000e+04,4.35529635e+01,4.35423580e+01,1.06055109e-02
7.59940000e+04,2.32798285e+01,2.32762013e+01,3.62721351e-03
7.60040000e+04,1.29435940e+01,1.29416962e+01,1.89781246e-03
7.60140000e+04,9.88869775e+00,9.88744438e+00,1.25337684e-03
7.60240000e+04,8.88174768e+00,8.88086815e+00,8.79531496e-04
7.60340000e+04,7.90751152e+00,7.90676549e+00,7.46036664e-04
7.60440000e+04,7.41909840e+00,7.41843137e+00,6.67028369e-04
7.60540000e+04,7.19751747e+00,7.19691379e+00,6.03680113e-04
7.60640000e+04,7.03834207e+00,7.03778741e+00,5.54660839e-04
7.60740000e+04,6.86864629e+00,6.86812461e+00,5.21678495e-04
7.60840000e+04,6.73981440e+00,6.73931796e+00,4.96444899e-04
7.60940000e+04,6.63526181e+00,6.63478568e+00,4.76129222e-04
7.61040000e+04,6.53679581e+00,6.53633523e+00,4.60576300e-04
7.61140000e+04,6.45249064e+00,6.45204318e+00,4.47464060e-04
7.61240000e+04,6.37531696e+00,6.37488052e+00,4.36437237e-04
7.61340000e+04,6.30446773e+00,6.30404077e+00,4.26953006e-04
7.61440000e+04,6.23929457e+00,6.23887599e+00,4.18579302e-04
7.61540000e+04,6.18062360e+00,6.18021238e+00,4.11224048e-04
7.61640000e+04,6.14788500e+00,6.14748304e+00,4.01963398e-04
7.61740000e+04,6.10496685e+00,6.10457320e+00,3.93647725e-04
7.61840000e+04,6.06468517e+00,6.06429876e+00,3.86412020e-04
7.61940000e+04,6.02504315e+00,6.02466265e+00,3.80496658e-04
7.62040000e+04,5.98811160e+00,5.98773623e+00,3.75367174e-04
7.62140000e+04,5.95261321e+00,5.95224221e+00,3.70996044e-04
7.62240000e+04,5.92108629e+00,5.92071925e+00,3.67036001e-04
7.62340000e+04,5.89194039e+00,5.89157689e+00,3.63497099e-04
7.62440000e+04,5.86508935e+00,5.86472905e+00,3.60301715e-04
7.62540000e+04,5.84005151e+00,5.83969409e+00,3.57421947e-04
7.62550000e+04,1.05195544e+01,1.05177605e+01,1.79398730e-03
7.62650000e+04,1.67394497e+02,1.67349454e+02,4.50434635e-02
7.62750000e+04,9.83295364e+01,9.83080491e+01,2.14872686e-02
7.62850000e+04,3.79379874e+01,3.79275105e+01,1.04768563e-02
7.62950000e+04,2.28072633e+01,2.28035324e+01,3.73087654e-03
7.63050000e+04,1.24379328e+01,1.24360449e+01,1.88784289e-03
7.63150000e+04,9.38527777e+00,9.38404644e+00,1.23132362e-03
7.63250000e+04,8.55488006e+00,8.55403092e+00,8.49142270e-04
7.63350000e+04,7.62267041e+00,7.62195590e+00,7.14510173e-04
7.63450000e+04,7.17735843e+00,7.17671564e+00,6.42792175e-04
7.63550000e+04,6.94622864e+00,6.94564110e+00,5.87541394e-04
7.63650000e+04,6.74086009e+00,6.74031420e+00,5.45892167e-04
7.63750000e+04,6.59467012e+00,6.59415722e+00,5.12893824e-04
7.63850000e+04,6.46592486e+00,6.46543686e+00,4.88003848e-04
7.63950000e+04,6.34646405e+00,6.34599464e+00,4.69411463e-04
7.64050000e+04,6.25001421e+00,6.24956029e+00,4.53918747e-04
7.64150000e+04,6.16345857e+00,6.16301752e+00,4.41047678e-04
7.64250000e+04,6.08318253e+00,6.08275203e+00,4.30499435e-04
7.64350000e+04,6.00973762e+00,6.00931604e+00,4.21580533e-04
7.64450000e+04,5.94302766e+00,5.94261360e+00,4.14061659e-04
7.64550000e+04,5.88307106e+00,5.88266354e+00,4.07518530e-04
7.64650000e+04,5.84824897e+00,5.84785041e+00,3.98558602e-04
7.64750000e+04,5.80378598e+00,5.80339515e+00,3.90831544e-04
7.64850000e+04,5.76375824e+00,5.76337424e+00,3.84006830e-04
7.64950000e+04,5.72571279e+00,5.72533445e+00,3.78333429e-04
7.65050000e+04,5.69026077e+00,5.68988740e+00,3.73378129e-04
7.65150000e+04,5.65759299e+00,5.65722397e+00,3.69014603e-04
7.65250000e+04,5.62768500e+00,5.62731992e+00,3.65078876e-04
7.65350000e+04,5.59979791e+00,5.59943634e+00,3.61569992e-04
7.65450000e+04,5.57383367e+00,5.57347527e+00,3.58403517e-04
7.65550000e+04,5.54958261e+00,5.54922707e+00,3.55541676e-04
7.65560000e+04,1.04350795e+01,1.04333448e+01,1.73464833e-03
7.65660000e+04,1.86100000e+02,1.86057514e+02,4.24861711e-02
7.65760000e+04,9.57759098e+01,9.57530953e+01,2.28144894e-02
7.65860000e+04,4.16392128e+01,4.16292650e+01,9.94773847e-03
7.65960000e+04,2.23312360e+01,2.23275198e+01,3.71622066e-03
7.66060000e+04,1.25057641e+01,1.25040331e+01,1.73097481e-03
7.66160000e+04,9.33677802e+00,9.33563965e+00,1.13836860e-03
7.66260000e+04,8.36675521e+00,8.36594746e+00,8.07755046e-04
7.66360000e+04,7.44003979e+00,7.43936055e+00,6.79241527e-04
7.66460000e+04,7.02974415e+00,7.02913545e+00,6.08692924e-04
7.66560000e+04,6.80943122e+00,6.80887758e+00,5.53633091e-04
7.66660000e+04,6.62922442e+00,6.62870848e+00,5.15941117e-04
7.66760000e+04,6.48462677e+00,6.48414039e+00,4.86385413e-04
7.66860000e+04,6.37903377e+00,6.37857086e+00,4.62912919e-04
7.66960000e+04,6.27921563e+00,6.27877099e+00,4.44638843e-04
7.67060000e+04,6.18290730e+00,6.18247663e+00,4.30669223e-04
7.67160000e+04,6.10305759e+00,6.10263893e+00,4.18663882e-04
7.67260000e+04,6.03240920e+00,6.03200047e+00,4.08729018e-04
7.67360000e+04,5.96839725e+00,5.96799685e+00,4.00395162e-04
7.67460000e+04,5.91131130e+00,5.91091812e+00,3.93178955e-04
7.67560000e+04,5.85872849e+00,5.85834152e+00,3.86968950e-04
7.67660000e+04,5.82452468e+00,5.82414500e+00,3.79676424e-04
7.67760000e+04,5.78697263e+00,5.78660016e+00,3.72464235e-04
7.67860000e+04,5.74969969e+00,5.74933339e+00,3.66300463e-04
7.67960000e+04,5.71440457e+00,5.71404346e+00,3.61109927e-04
7.68060000e+04,5.68108018e+00,5.68072358e+00,3.56600890e-04
7.68160000e+04,5.65035670e+00,5.65000408e+00,3.52619791e-04
7.68260000e+04,5.62207063e+00,5.62172162e+00,3.49017434e-04
7.68360000e+04,5.59562657e+00,5.59528076e+00,3.45806738e-04
7.68460000e+04,5.57103037e+00,5.57068747e+00,3.42900782e-04
7.68560000e+04,5.54810149e+00,5.54776122e+00,3.40269677e-04
7.68570000e+04,1.00186189e+01,1.00169456e+01,1.67331692e-03
7.68670000e+04,1.69094051e+02,1.69051221e+02,4.28292397e-02
7.68770000e+04,9.32822270e+01,9.32617691e+01,2.04579196e-02
7.68870000e+04,3.51522162e+01,3.51426276e+01,9.58863223e-03
7.68970000e+04,2.15244227e+01,2.15208413e+01,3.58142126e-03
7.69070000e+04,1.16668660e+01,1.16650790e+01,1.78695379e-03
7.69170000e+04,8.67744575e+00,8.67631201e+00,1.13374529e-03
7.69270000e+04,7.86204344e+00,7.86125743e+00,7.86012493e-04
7.69370000e+04,7.09245459e+00,7.09178897e+00,6.65612907e-04
7.69470000e+04,6.67091590e+00,6.67031731e+00,5.98588249e-04
7.69570000e+04,6.46536337e+00,6.46481435e+00,5.49021214e-04
7.69670000e+04,6.26944785e+00,6.26893522e+00,5.12638262e-04
7.69770000e+04,6.12803859e+00,6.12755433e+00,4.84265600e-04
7.69870000e+04,6.02221108e+00,6.02174982e+00,4.61269251e-04
7.69970000e+04,5.91700756e+00,5.91656247e+00,4.45083156e-04
7.70070000e+04,5.82600208e+00,5.82557046e+00,4.31620008e-04
7.70170000e+04,5.74738959e+00,5.74696951e+00,4.20080294e-04
7.70270000e+04,5.67665001e+00,5.67623955e+00,4.10455497e-04
7.70370000e+04,5.61453621e+00,5.61413405e+00,4.02155684e-04
7.70470000e+04,5.55813544e+00,5.55774048e+00,3.94958588e-04
7.70570000e+04,5.50706775e+00,5.50667916e+00,3.88589611e-04
7.70670000e+04,5.47296284e+00,5.47258196e+00,3.80870916e-04
7.70770000e+04,5.43225267e+00,5.43187884e+00,3.73827228e-04
7.70870000e+04,5.39411163e+00,5.39374400e+00,3.67631931e-04
7.70970000e+04,5.35806542e+00,5.35770303e+00,3.62389908e-04
7.71070000e+04,5.32525153e+00,5.32489370e+00,3.57835901e-04
7.71170000e+04,5.29553223e+00,5.29517836e+00,3.53872742e-04
7.71270000e+04,5.26830524e+00,5.26795490e+00,3.50338225e-04
7.71370000e+04,5.24295289e+00,5.24260574e+00,3.47151108e-04
7.71470000e+04,5.21917146e+00,5.21882716e+00,3.44299066e-04
7.71570000e+04,5.19715453e+00,5.19681284e+00,3.41695221e-04
7.71580000e+04,9.92840018e+00,9.92677630e+00,1.62388123e-03
7.71680000e+04,1.89100711e+02,1.89058151e+02,4.25593059e-02
7.71780000e+04,8.72044215e+01,8.71828381e+01,2.15833286e-02
7.71880000e+04,3.94324579e+01,3.94228955e+01,9.56244956e-03
7.71980000e+04,2.13881791e+01,2.13845865e+01,3.59256159e-03
7.72080000e+04,1.20045056e+01,1.20028258e+01,1.67980749e-03
7.72180000e+04,8.69634724e+00,8.69527046e+00,1.07678016e-03
7.72280000e+04,7.81190242e+00,7.81113367e+00,7.68751460e-04
7.72380000e+04,6.94434170e+00,6.94368522e+00,6.56473525e-04
7.72480000e+04,6.61088948e+00,6.61030948e+00,5.79993491e-04
7.72580000e+04,6.35516005e+00,6.35462957e+00,5.30480034e-04
7.72680000e+04,6.17628544e+00,6.17579331e+00,4.92133531e-04
7.72780000e+04,6.03603743e+00,6.03557341e+00,4.64025629e-04
7.72880000e+04,5.92502314e+00,5.92458072e+00,4.42417640e-04
7.72980000e+04,5.83155797e+00,5.83113270e+00,4.25263788e-04
7.73080000e+04,5.74725449e+00,5.74684235e+00,4.12138159e-04
7.73180000e+04,5.67325611e+00,5.67285480e+00,4.01305801e-04
7.73280000e+04,5.60736186e+00,5.60696971e+00,3.92155873e-04
7.73380000e+04,5.54902035e+00,5.54863607e+00,3.84282548e-04
7.73480000e+04,5.49678763e+00,5.49641031e+00,3.77325436e-04
7.73580000e+04,5.44878602e+00,5.44841482e+00,3.71200480e-04
7.73680000e+04,5.41468271e+00,5.41431827e+00,3.64449049e-04
7.73780000e+04,5.37831297e+00,5.37795547e+00,3.57498482e-04
7.73880000e+04,5.34217416e+00,5.34182246e+00,3.51695363e-04
7.73980000e+04,5.30803889e+00,5.30769222e+00,3.46668413e-04
7.74080000e+04,5.27488631e+00,5.27454407e+00,3.42240479e-04
7.74180000e+04,5.24365543e+00,5.24331722e+00,3.38205406e-04
7.74280000e+04,5.21462077e+00,5.21428622e+00,3.34545898e-04
7.74380000e+04,5.18845828e+00,5.18812705e+00,3.31227364e-04
7.74480000e+04,5.16486976e+00,5.16454147e+00,3.28299099e-04
7.74580000e+04,5.14325220e+00,5.14292645e+00,3.25748843e-04
7.74590000e+04,9.57299125e+00,9.57142408e+00,1.56716348e-03
7.74690000e+04,1.70513659e+02,1.70471976e+02,4.16833159e-02
7.74790000e+04,8.43034527e+01,8.42842079e+01,1.92447833e-02
7.74890000e+04,3.44844984e+01,3.44755284e+01,8.96996732e-03
7.74990000e+04,2.08706169e+01,2.08671530e+01,3.46387452e-03
7.75090000e+04,1.07809314e+01,1.07791718e+01,1.75959912e-03
7.75190000e+04,8.32761352e+00,8.32658640e+00,1.02711336e-03
7.75290000e+04,7.40438839e+00,7.40364360e+00,7.44795864e-04
7.75390000e+04,6.60002807e+00,6.59938934e+00,6.38721013e-04
7.75490000e+04,6.31214161e+00,6.31157614e+00,5.65471431e-04
7.75590000e+04,6.08912119e+00,6.08860051e+00,5.20672850e-04
7.75690000e+04,5.89067083e+00,5.89018521e+00,4.85620867e-04
7.75790000e+04,5.75731394e+00,5.75685547e+00,4.58473134e-04
7.75890000e+04,5.64365228e+00,5.64321453e+00,4.37749249e-04
7.75990000e+04,5.54289609e+00,5.54247375e+00,4.22343778e-04
7.76090000e+04,5.45953407e+00,5.45912454e+00,4.09526084e-04
7.76190000e+04,5.38495977e+00,5.38456090e+00,3.98869429e-04
7.76290000e+04,5.32072490e+00,5.32033503e+00,3.89870420e-04
7.76390000e+04,5.26197566e+00,5.26159349e+00,3.82179137e-04
7.76490000e+04,5.20760830e+00,5.20723269e+00,3.75606962e-04
7.76590000e+04,5.15903556e+00,5.15866568e+00,3.69872245e-04
7.76690000e+04,5.12393598e+00,5.12357254e+00,3.63434243e-04
7.76790000e+04,5.08857295e+00,5.08821598e+00,3.56964994e-04
7.76890000e+04,5.05487157e+00,5.05452035e+00,3.51225452e-04
7.76990000e+04,5.02106801e+00,5.02072145e+00,3.46553535e-04
7.77090000e+04,4.98971183e+00,4.98936944e+00,3.42396493e-04
7.77190000e+04,4.96122428e+00,4.96088556e+00,3.38715437e-04
7.77290000e+04,4.93431907e+00,4.93398365e+00,3.35414177e-04
7.77390000e+04,4.90914622e+00,4.90881386e+00,3.32363310e-04
7.77490000e+04,4.88490888e+00,4.88457922e+00,3.29657900e-04
7.77590000e+04,4.86268418e+00,4.86235688e+00,3.27303522e-04
7.77600000e+04,9.40097098e+00,9.39944688e+00,1.52409652e-03
7.77700000e+04,1.84697529e+02,1.84655603e+02,4.19266934e-02
7.77800000e+04,8.42001083e+01,8.41793730e+01,2.07352859e-02
7.77900000e+04,3.85340402e+01,3.85247450e+01,9.29511625e-03
7.78000000e+04,1.96957764e+01,1.96924029e+01,3.37349026e-03
7.78100000e+04,1.08894902e+01,1.08879722e+01,1.51797854e-03
7.78200000e+04,8.18212887e+00,8.18112636e+00,1.00250710e-03
7.78300000e+04,7.34218304e+00,7.34146769e+00,7.15351148e-04
7.78400000e+04,6.48676359e+00,6.48614658e+00,6.17010365e-04
7.78500000e+04,6.14370965e+00,6.14315811e+00,5.51535782e-04
7.78600000e+04,5.92428149e+00,5.92377872e+00,5.02770820e-04
7.78700000e+04,5.72946335e+00,5.72899428e+00,4.69072293e-04
7.78800000e+04,5.60081599e+00,5.60037431e+00,4.41679245e-04
7.78900000e+04,5.50147305e+00,5.50105178e+00,4.21264016e-04
7.79000000e+04,5.41217369e+00,5.41176757e+00,4.06118668e-04
7.79100000e+04,5.33255710e+00,5.33216306e+00,3.94040235e-04
7.79200000e+04,5.26589751e+00,5.26551383e+00,3.83673671e-04
7.79300000e+04,5.20414326e+00,5.20376810e+00,3.75157722e-04
7.79400000e+04,5.14926498e+00,5.14889709e+00,3.67884788e-04
7.79500000e+04,5.09949687e+00,5.09913533e+00,3.61540560e-04
7.79600000e+04,5.05410321e+00,5.05374714e+00,3.56072888e-04
7.79700000e+04,5.01946958e+00,5.01911925e+00,3.50331421e-04
7.79800000e+04,4.98953289e+00,4.98918902e+00,3.43868297e-04
7.79900000e+04,4.95808488e+00,4.95774630e+00,3.38579775e-04
7.80000000e+04,4.92893517e+00,4.92860110e+00,3.34069744e-04
7.80100000e+04,4.90133368e+00,4.90100351e+00,3.30174601e-04
7.80200000e+04,4.87586789e+00,4.87554116e+00,3.26723167e-04
7.80300000e+04,4.85238973e+00,4.85206614e+00,3.23593863e-04
7.80400000e+04,4.82993172e+00,4.82961083e+00,3.20892331e-04
7.80500000e+04,4.80913896e+00,4.80882053e+00,3.18435380e-04
7.80600000e+04,4.78983669e+00,4.78952049e+00,3.16198856e-04
7.80610000e+04,9.05799155e+00,9.05652100e+00,1.47055202e-03
7.80710000e+04,1.61531518e+02,1.61492214e+02,3.93036189e-02
7.80810000e+04,7.93010250e+01,7.92822097e+01,1.88152462e-02
7.80910000e+04,3.26214600e+01,3.26130676e+01,8.39244141e-03
7.81010000e+04,1.94084464e+01,1.94052830e+01,3.16331405e-03
7.81110000e+04,1.02336916e+01,1.02320429e+01,1.64873113e-03
7.81210000e+04,7.72576963e+00,7.72478455e+00,9.85078933e-04
7.81310000e+04,6.91363422e+00,6.91292321e+00,7.11008496e-04
7.81410000e+04,6.14975192e+00,6.14913169e+00,6.20227739e-04
7.81510000e+04,5.88252716e+00,5.88197955e+00,5.47617357e-04
7.81610000e+04,5.68539116e+00,5.68488627e+00,5.04892039e-04
7.81710000e+04,5.50366058e+00,5.50318681e+00,4.73768449e-04
7.81810000e+04,5.39278062e+00,5.39233482e+00,4.45800853e-04
7.81910000e+04,5.28708163e+00,5.28665537e+00,4.26252817e-04
7.82010000e+04,5.18979653e+00,5.18938546e+00,4.11067951e-04
7.82110000e+04,5.10865991e+00,5.10826161e+00,3.98305919e-04
7.82210000e+04,5.03537854e+00,5.03499044e+00,3.88097882e-04
7.82310000e+04,4.97010931e+00,4.96973034e+00,3.78963065e-04
7.82410000e+04,4.91081023e+00,4.91043904e+00,3.71191708e-04
7.82510000e+04,4.86002140e+00,4.85965684e+00,3.64557816e-04
7.82610000e+04,4.81344135e+00,4.81308244e+00,3.58901107e-04
7.82710000e+04,4.77730766e+00,4.77695481e+00,3.52852369e-04
7.82810000e+04,4.74300356e+00,4.74265696e+00,3.46603787e-04
7.82910000e+04,4.70989582e+00,4.70955454e+00,3.41277082e-04
7.83010000e+04,4.67860394e+00,4.67826713e+00,3.36812648e-04
7.83110000e+04,4.64984011e+00,4.64950727e+00,3.32845855e-04
7.83210000e+04,4.62337949e+00,4.62305016e+00,3.29325567e-04
7.83310000e+04,4.59859665e+00,4.59827047e+00,3.26184640e-04
7.83410000e+04,4.57551205e+00,4.57518870e+00,3.23355450e-04
7.83510000e+04,4.55403790e+00,4.55371711e+00,3.20797792e-04
7.83610000e+04,4.53407240e+00,4.53375392e+00,3.18476807e-04
7.83620000e+04,8.92635312e+00,8.92492258e+00,1.43053808e-03
7.83720000e+04,1.76024359e+02,1.75984340e+02,4.00189548e-02
7.83820000e+04,8.39294897e+01,8.39105652e+01,1.89245156e-02
7.83920000e+04,3.69076634e+01,3.68987766e+01,8.88682546e-03
7.84020000e+04,1.90243793e+01,1.90211175e+01,3.26180606e-03
7.84120000e+04,1.05420887e+01,1.05405876e+01,1.50110936e-03
7.84220000e+04,7.86051502e+00,7.85957601e+00,9.39006493e-04
7.84320000e+04,6.95148932e+00,6.95081618e+00,6.73146295e-04
7.84420000e+04,6.12384353e+00,6.12325960e+00,5.83929689e-04
7.84520000e+04,5.81044261e+00,5.80992589e+00,5.16717729e-04
7.84620000e+04,5.55305725e+00,5.55257964e+00,4.77610885e-04
7.84720000e+04,5.38251133e+00,5.38206717e+00,4.44164500e-04
7.84820000e+04,5.27262644e+00,5.27220828e+00,4.18152051e-04
7.84920000e+04,5.16582664e+00,5.16542660e+00,4.00038199e-04
7.85020000e+04,5.07457073e+00,5.07418490e+00,3.85833667e-04
7.85120000e+04,4.99673444e+00,4.99635964e+00,3.74797108e-04
7.85220000e+04,4.93348429e+00,4.93311910e+00,3.65194944e-04
7.85320000e+04,4.87331956e+00,4.87296239e+00,3.57170530e-04
7.85420000e+04,4.82058981e+00,4.82023947e+00,3.50333662e-04
7.85520000e+04,4.77349411e+00,4.77314982e+00,3.44288973e-04
7.85620000e+04,4.72937088e+00,4.72903172e+00,3.39160371e-04
7.85720000e+04,4.69668521e+00,4.69635154e+00,3.33671315e-04
7.85820000e+04,4.66453177e+00,4.66420368e+00,3.28085927e-04
7.85920000e+04,4.63483387e+00,4.63451081e+00,3.23060590e-04
7.86020000e+04,4.60634206e+00,4.60602323e+00,3.18830968e-04
7.86120000e+04,4.57932811e+00,4.57901293e+00,3.15174205e-04
7.86220000e+04,4.55425765e+00,4.55394569e+00,3.11956711e-04
7.86320000e+04,4.53084167e+00,4.53053260e+00,3.09065937e-04
7.86420000e+04,4.50897415e+00,4.50866766e+00,3.06482889e-04
7.86520000e+04,4.48864895e+00,4.48834480e+00,3.04143988e-04
7.86620000e+04,4.46969117e+00,4.46938915e+00,3.02015581e-04
7.86630000e+04,8.70900203e+00,8.70762473e+00,1.37729593e-03
7.86730000e+04,1.55539869e+02,1.55501114e+02,3.87545670e-02
7.86830000e+04,7.38889549e+01,7.38707747e+01,1.81801745e-02
7.86930000e+04,3.04671554e+01,3.04592564e+01,7.89904291e-03
7.87030000e+04,1.82571026e+01,1.82542392e+01,2.86337089e-03
7.87130000e+04,9.65283446e+00,9.65131369e+00,1.52077190e-03
7.87230000e+04,7.30850928e+00,7.30758486e+00,9.24421354e-04
7.87330000e+04,6.51306782e+00,6.51240183e+00,6.65988021e-04
7.87430000e+04,5.76482583e+00,5.76424316e+00,5.82673642e-04
7.87530000e+04,5.47964564e+00,5.47912632e+00,5.19319084e-04
7.87630000e+04,5.29736424e+00,5.29688701e+00,4.77228505e-04
7.87730000e+04,5.12612534e+00,5.12567715e+00,4.48186945e-04
7.87830000e+04,5.02150657e+00,5.02108270e+00,4.23865742e-04
7.87930000e+04,4.92235007e+00,4.92194344e+00,4.06628075e-04
7.88030000e+04,4.83614165e+00,4.83574793e+00,3.93716827e-04
7.88130000e+04,4.76596797e+00,4.76558598e+00,3.81989902e-04
7.88230000e+04,4.70166796e+00,4.70129528e+00,3.72682781e-04
7.88330000e+04,4.64491035e+00,4.64454565e+00,3.64702189e-04
7.88430000e+04,4.59446894e+00,4.59411119e+00,3.57754030e-04
7.88530000e+04,4.54741507e+00,4.54706334e+00,3.51732050e-04
7.88630000e+04,4.50517789e+00,4.50483160e+00,3.46284017e-04
7.88730000e+04,4.47141398e+00,4.47107358e+00,3.40397147e-04
7.88830000e+04,4.43758490e+00,4.43725050e+00,3.34394937e-04
7.88930000e+04,4.40556371e+00,4.40523419e+00,3.29522900e-04
7.89030000e+04,4.37648437e+00,4.37615924e+00,3.25128299e-04
7.89130000e+04,4.34977412e+00,4.34945287e+00,3.21254037e-04
7.89230000e+04,4.32537928e+00,4.32506143e+00,3.17855388e-04
7.89330000e+04,4.30252246e+00,4.30220760e+00,3.14856955e-04
7.89430000e+04,4.28136083e+00,4.28104867e+00,3.12158112e-04
7.89530000e+04,4.26158311e+00,4.26127338e+00,3.09727580e-04
7.89630000e+04,4.24331835e+00,4.24301084e+00,3.07503586e-04
7.89640000e+04,8.58969911e+00,8.58835581e+00,1.34329102e-03
7.89740000e+04,1.66991703e+02,1.66955146e+02,3.65577628e-02
7.89840000e+04,7.93083492e+01,7.92914541e+01,1.68951150e-02
7.89940000e+04,3.57765498e+01,3.57682787e+01,8.27106875e-03
7.90040000e+04,1.83142134e+01,1.83112039e+01,3.00950146e-03
7.90140000e+04,9.81687626e+00,9.81546123e+00,1.41503433e-03
7.90240000e+04,7.43964811e+00,7.43878291e+00,8.65199530e-04
7.90340000e+04,6.42960569e+00,6.42896727e+00,6.38415192e-04
7.90440000e+04,5.73681317e+00,5.73626352e+00,5.49648455e-04
7.90540000e+04,5.47030202e+00,5.46981607e+00,4.85954593e-04
7.90640000e+04,5.21598087e+00,5.21553224e+00,4.48629324e-04
7.90740000e+04,5.03605451e+00,5.03563425e+00,4.20253966e-04
7.90840000e+04,4.92923479e+00,4.92883913e+00,3.95657761e-04
7.90940000e+04,4.82009191e+00,4.81971254e+00,3.79362189e-04
7.91040000e+04,4.73652080e+00,4.73615496e+00,3.65844297e-04
7.91140000e+04,4.66047317e+00,4.66011771e+00,3.55461238e-04
7.91240000e+04,4.59597805e+00,4.59563141e+00,3.46644037e-04
7.91340000e+04,4.53828634e+00,4.53794714e+00,3.39199163e-04
7.91440000e+04,4.48551438e+00,4.48518173e+00,3.32650160e-04
7.91540000e+04,4.43879634e+00,4.43846934e+00,3.27000968e-04
7.91640000e+04,4.39581102e+00,4.39548902e+00,3.22007511e-04
7.91740000e+04,4.36035446e+00,4.36003724e+00,3.17221152e-04
7.91840000e+04,4.33113169e+00,4.33082004e+00,3.11650712e-04
7.91940000e+04,4.30169312e+00,4.30138610e+00,3.07022546e-04
7.92040000e+04,4.27388927e+00,4.27358623e+00,3.03037140e-04
7.92140000e+04,4.24778148e+00,4.24748186e+00,2.99619282e-04
7.92240000e+04,4.22361441e+00,4.22331782e+00,2.96589552e-04
7.92340000e+04,4.20115678e+00,4.20086288e+00,2.93905849e-04
7.92440000e+04,4.18046857e+00,4.18017708e+00,2.91491167e-04
7.92540000e+04,4.16123124e+00,4.16094192e+00,2.89324766e-04
7.92640000e+04,4.14343507e+00,4.14314771e+00,2.87354046e-04
7.92650000e+04,8.23838720e+00,8.23709892e+00,1.28828186e-03
7.92750000e+04,1.59398838e+02,1.59361400e+02,3.74384218e-02
7.92850000e+04,7.24751173e+01,7.24576178e+01,1.74995326e-02
7.92950000e+04,3.04259301e+01,3.04184660e+01,7.46401951e-03
7.93050000e+04,1.72446039e+01,1.72418916e+01,2.71225220e-03
7.93150000e+04,9.00817513e+00,9.00670848e+00,1.46664745e-03
7.93250000e+04,6.98510515e+00,6.98423492e+00,8.70226994e-04
7.93350000e+04,6.11387169e+00,6.11324186e+00,6.29833971e-04
7.93450000e+04,5.43182596e+00,5.43128089e+00,5.45076432e-04
7.93550000e+04,5.12280085e+00,5.12231260e+00,4.88253218e-04
7.93650000e+04,4.93800192e+00,4.93755075e+00,4.51173637e-04
7.93750000e+04,4.79443602e+00,4.79401441e+00,4.21614712e-04
7.93850000e+04,4.68458965e+00,4.68418945e+00,4.00197523e-04
7.93950000e+04,4.59637037e+00,4.59598724e+00,3.83131532e-04
7.94050000e+04,4.51428825e+00,4.51391834e+00,3.69905271e-04
7.94150000e+04,4.44143634e+00,4.44107740e+00,3.58943823e-04
7.94250000e+04,4.37754249e+00,4.37719315e+00,3.49337196e-04
7.94350000e+04,4.31887346e+00,4.31853220e+00,3.41261958e-04
7.94450000e+04,4.26749192e+00,4.26715775e+00,3.34167115e-04
7.94550000e+04,4.21977721e+00,4.21944903e+00,3.28179291e-04
7.94650000e+04,4.17649317e+00,4.17617023e+00,3.22938206e-04
7.94750000e+04,4.14146688e+00,4.14114938e+00,3.17491225e-04
7.94850000e+04,4.10783993e+00,4.10752812e+00,3.11816877e-04
7.94950000e+04,4.07594515e+00,4.07563804e+00,3.07105414e-04
7.95050000e+04,4.04782246e+00,4.04751940e+00,3.03058618e-04
7.95150000e+04,4.02211547e+00,4.02181593e+00,2.99540508e-04
7.95250000e+04,3.99810434e+00,3.99780790e+00,2.96432037e-04
7.95350000e+04,3.97594372e+00,3.97565004e+00,2.93680106e-04
7.95450000e+04,3.95550635e+00,3.95521513e+00,2.91222199e-04
7.95550000e+04,3.93660603e+00,3.93631703e+00,2.88999934e-04
7.95650000e+04,3.91913354e+00,3.91884656e+00,2.86979651e-04
7.95660000e+04,8.17321764e+00,8.17196447e+00,1.25317084e-03
7.95760000e+04,1.65521952e+02,1.65485382e+02,3.65701865e-02
7.95860000e+04,7.78435769e+01,7.78278769e+01,1.56999744e-02
7.95960000e+04,3.50523145e+01,3.50445997e+01,7.71481688e-03
7.96060000e+04,1.76194998e+01,1.76165624e+01,2.93741744e-03
7.96160000e+04,9.51972116e+00,9.51835903e+00,1.36213232e-03
7.96260000e+04,6.93208450e+00,6.93125251e+00,8.31988155e-04
7.96360000e+04,6.12385201e+00,6.12325599e+00,5.96016788e-04
7.96460000e+04,5.41803409e+00,5.41751735e+00,5.16732245e-04
7.96560000e+04,5.17174625e+00,5.17128976e+00,4.56486068e-04
7.96660000e+04,4.94232107e+00,4.94189857e+00,4.22492059e-04
7.96760000e+04,4.75380312e+00,4.75340652e+00,3.96593927e-04
7.96860000e+04,4.61978892e+00,4.61941439e+00,3.74533199e-04
7.96960000e+04,4.51218409e+00,4.51182529e+00,3.58795870e-04
7.97060000e+04,4.43119959e+00,4.43085370e+00,3.45887513e-04
7.97160000e+04,4.35938237e+00,4.35904643e+00,3.35938923e-04
7.97260000e+04,4.29671762e+00,4.29638993e+00,3.27689041e-04
7.97360000e+04,4.24304633e+00,4.24272573e+00,3.20603504e-04
7.97460000e+04,4.19566798e+00,4.19535349e+00,3.14482760e-04
7.97560000e+04,4.15234690e+00,4.15203767e+00,3.09229173e-04
7.97660000e+04,4.11323077e+00,4.11292611e+00,3.04660488e-04
7.97760000e+04,4.07859863e+00,4.07829815e+00,3.00486055e-04
7.97860000e+04,4.05183705e+00,4.05154183e+00,2.95220125e-04
7.97960000e+04,4.02357629e+00,4.02328536e+00,2.90930638e-04
7.98060000e+04,3.99744114e+00,3.99715393e+00,2.87211539e-04
7.98160000e+04,3.97305787e+00,3.97277389e+00,2.83977290e-04
7.98260000e+04,3.95026807e+00,3.94998694e+00,2.81126800e-04
7.98360000e+04,3.92901266e+00,3.92873406e+00,2.78597899e-04
7.98460000e+04,3.90930133e+00,3.90902501e+00,2.76316580e-04
7.98560000e+04,3.89102666e+00,3.89075241e+00,2.74251303e-04
7.98660000e+04,3.87407762e+00,3.87380525e+00,2.72365739e-04
7.98670000e+04,8.07816998e+00,8.07696437e+00,1.20561221e-03
7.98770000e+04,1.47656904e+02,1.47621427e+02,3.54760461e-02
7.98870000e+04,6.58756166e+01,6.58595945e+01,1.60220406e-02
7.98970000e+04,2.83752953e+01,2.83681041e+01,7.19110656e-03
7.99070000e+04,1.63669966e+01,1.63643878e+01,2.60879948e-03
7.99170000e+04,8.80907160e+00,8.80769362e+00,1.37797901e-03
7.99270000e+04,6.47530041e+00,6.47447978e+00,8.20630059e-04
7.99370000e+04,5.81732453e+00,5.81674766e+00,5.76869019e-04
7.99470000e+04,5.11329253e+00,5.11278648e+00,5.06049011e-04
7.99570000e+04,4.85558792e+00,4.85513657e+00,4.51352846e-04
7.99670000e+04,4.69896558e+00,4.69854934e+00,4.16235687e-04
7.99770000e+04,4.52810912e+00,4.52771460e+00,3.94518745e-04
7.99870000e+04,4.42831590e+00,4.42794179e+00,3.74113391e-04
7.99970000e+04,4.34599695e+00,4.34563839e+00,3.58563442e-04
8.00070000e+04,4.26950521e+00,4.26915856e+00,3.46651909e-04
8.00170000e+04,4.20767291e+00,4.20733637e+00,3.36545146e-04
8.00270000e+04,4.14864814e+00,4.14831975e+00,3.28395640e-04
8.00370000e+04,4.09365875e+00,4.09333700e+00,3.21741789e-04
8.00470000e+04,4.04569871e+00,4.04538301e+00,3.15704946e-04
8.00570000e+04,4.00071175e+00,4.00040122e+00,3.10530287e-04
8.00670000e+04,3.96018757e+00,3.95988162e+00,3.05948269e-04
8.00770000e+04,3.92613424e+00,3.92583266e+00,3.01587546e-04
8.00870000e+04,3.89587246e+00,3.89557583e+00,2.96635927e-04
8.00970000e+04,3.86753720e+00,3.86724476e+00,2.92441825e-04
8.01070000e+04,3.84056950e+00,3.84028060e+00,2.88899290e-04
8.01170000e+04,3.81581395e+00,3.81552820e+00,2.85743708e-04
8.01270000e+04,3.79293308e+00,3.79265021e+00,2.82876821e-04
8.01370000e+04,3.77158561e+00,3.77130547e+00,2.80133817e-04
8.01470000e+04,3.75122518e+00,3.75094755e+00,2.77635782e-04
8.01570000e+04,3.73151982e+00,3.73124413e+00,2.75698515e-04
8.01670000e+04,3.71404660e+00,3.71377284e+00,2.73756095e-04
8.01680000e+04,7.82144581e+00,7.82027139e+00,1.17441552e-03
8.01780000e+04,1.60402068e+02,1.60367839e+02,3.42284890e-02
8.01880000e+04,7.60956433e+01,7.60808389e+01,1.48043528e-02
8.01980000e+04,3.39013890e+01,3.38941695e+01,7.21951551e-03
8.02080000e+04,1.75619183e+01,1.75591968e+01,2.72151393e-03
8.02180000e+04,8.72604565e+00,8.72478823e+00,1.25742489e-03
8.02280000e+04,6.52439403e+00,6.52361957e+00,7.74465655e-04
8.02380000e+04,5.68498396e+00,5.68443553e+00,5.48430072e-04
8.02480000e+04,5.05316586e+00,5.05268988e+00,4.75978867e-04
8.02580000e+04,4.77624425e+00,4.77581975e+00,4.24498853e-04
8.02680000e+04,4.58216491e+00,4.58177236e+00,3.92544647e-04
8.02780000e+04,4.43812453e+00,4.43775570e+00,3.68831394e-04
8.02880000e+04,4.29353182e+00,4.29318135e+00,3.50472880e-04
8.02980000e+04,4.15238317e+00,4.15204657e+00,3.36598767e-04
8.03080000e+04,4.07128736e+00,4.07096226e+00,3.25091629e-04
8.03180000e+04,4.00405469e+00,4.00373917e+00,3.15517944e-04
8.03280000e+04,3.94376572e+00,3.94345797e+00,3.07752116e-04
8.03380000e+04,3.89235111e+00,3.89204966e+00,3.01450153e-04
8.03480000e+04,3.84749526e+00,3.84719938e+00,2.95877623e-04
8.03580000e+04,3.80724188e+00,3.80695074e+00,2.91135082e-04
8.03680000e+04,3.77063561e+00,3.77034863e+00,2.86983730e-04
8.03780000e+04,3.73812450e+00,3.73784124e+00,2.83254544e-04
8.03880000e+04,3.71358643e+00,3.71330801e+00,2.78429363e-04
8.03980000e+04,3.68798300e+00,3.68770851e+00,2.74487301e-04
8.04080000e+04,3.66392157e+00,3.66365048e+00,2.71095718e-04
8.04180000e+04,3.64171305e+00,3.64144494e+00,2.68110357e-04
8.04280000e+04,3.62127839e+00,3.62101295e+00,2.65435631e-04
8.04380000e+04,3.60215126e+00,3.60188819e+00,2.63070929e-04
8.04480000e+04,3.58429237e+00,3.58403141e+00,2.60959753e-04
8.04580000e+04,3.56768719e+00,3.56742813e+00,2.59056043e-04
8.04680000e+04,3.55225680e+00,3.55199947e+00,2.57325230e-04
8.04690000e+04,7.74251363e+00,7.74138545e+00,1.12817805e-03
8.04790000e+04,1.48486201e+02,1.48452559e+02,3.36425382e-02
8.04890000e+04,6.41404485e+01,6.41247328e+01,1.57156937e-02
8.04990000e+04,2.79305244e+01,2.79237997e+01,6.72472597e-03
8.05090000e+04,1.52037001e+01,1.52011689e+01,2.53112354e-03
8.05190000e+04,8.34454172e+00,8.34320011e+00,1.34160973e-03
8.05290000e+04,6.36749313e+00,6.36670202e+00,7.91106938e-04
8.05390000e+04,5.55226629e+00,5.55170941e+00,5.56884558e-04
8.05490000e+04,4.82936368e+00,4.82887514e+00,4.88540096e-04
8.05590000e+04,4.56158729e+00,4.56115521e+00,4.32083162e-04
8.05690000e+04,4.37020258e+00,4.36980318e+00,3.99392984e-04
8.05790000e+04,4.22683721e+00,4.22646219e+00,3.75019077e-04
8.05890000e+04,4.12511987e+00,4.12476425e+00,3.55618846e-04
8.05990000e+04,4.03956606e+00,4.03922515e+00,3.40907087e-04
8.06090000e+04,3.96987983e+00,3.96955069e+00,3.29139962e-04
8.06190000e+04,3.91256244e+00,3.91224348e+00,3.18954885e-04
8.06290000e+04,3.85683417e+00,3.85652290e+00,3.11266646e-04
8.06390000e+04,3.80777410e+00,3.80746938e+00,3.04719800e-04
8.06490000e+04,3.76437905e+00,3.76408008e+00,2.98974233e-04
8.06590000e+04,3.72502665e+00,3.72473262e+00,2.94032824e-04
8.06690000e+04,3.68938907e+00,3.68909938e+00,2.89683953e-04
8.06790000e+04,3.65848277e+00,3.65819712e+00,2.85651759e-04
8.06890000e+04,3.63264033e+00,3.63235942e+00,2.80909578e-04
8.06990000e+04,3.60713486e+00,3.60685795e+00,2.76914267e-04
8.07090000e+04,3.58383488e+00,3.58356145e+00,2.73431481e-04
8.07190000e+04,3.56200765e+00,3.56173730e+00,2.70353064e-04
8.07290000e+04,3.54172530e+00,3.54145772e+00,2.67577824e-04
8.07390000e+04,3.52263327e+00,3.52236816e+00,2.65111617e-04
8.07490000e+04,3.50481769e+00,3.50455478e+00,2.62901815e-04
8.07590000e+04,3.48822383e+00,3.48796291e+00,2.60911046e-04
8.07690000e+04,3.47277809e+00,3.47251898e+00,2.59108763e-04
8.07700000e+04,7.82954833e+00,7.82844874e+00,1.09959288e-03
8.07800000e+04,1.53705737e+02,1.53672797e+02,3.29399766e-02
8.07900000e+04,7.41657964e+01,7.41523541e+01,1.34422712e-02
8.08000000e+04,3.18402053e+01,3.18336593e+01,6.54596437e-03
8.08100000e+04,1.66076452e+01,1.66052205e+01,2.42475777e-03
8.08200000e+04,8.33160260e+00,8.33039627e+00,1.20632770e-03
8.08300000e+04,6.33813993e+00,6.33740632e+00,7.33605924e-04
8.08400000e+04,5.57814888e+00,5.57761838e+00,5.30500128e-04
8.08500000e+04,4.93046972e+00,4.93000459e+00,4.65133308e-04
8.08600000e+04,4.65635947e+00,4.65594483e+00,4.14640465e-04
8.08700000e+04,4.47213210e+00,4.47175060e+00,3.81503471e-04
8.08800000e+04,4.22825206e+00,4.22789120e+00,3.60860450e-04
8.08900000e+04,4.10567397e+00,4.10533374e+00,3.40227507e-04
8.09000000e+04,4.00551191e+00,4.00518697e+00,3.24935169e-04
8.09100000e+04,3.92586945e+00,3.92555584e+00,3.13612828e-04
8.09200000e+04,3.86286906e+00,3.86256461e+00,3.04452887e-04
8.09300000e+04,3.80919376e+00,3.80889689e+00,2.96869955e-04
8.09400000e+04,3.76124078e+00,3.76095026e+00,2.90526012e-04
8.09500000e+04,3.71849940e+00,3.71821437e+00,2.85032303e-04
8.09600000e+04,3.68028912e+00,3.68000893e+00,2.80190739e-04
8.09700000e+04,3.64520346e+00,3.64492746e+00,2.75996297e-04
8.09800000e+04,3.61333904e+00,3.61306668e+00,2.72357830e-04
8.09900000e+04,3.58996360e+00,3.58969604e+00,2.67560447e-04
8.10000000e+04,3.56587263e+00,3.56560895e+00,2.63676930e-04
8.10100000e+04,3.54272766e+00,3.54246725e+00,2.60405459e-04
8.10200000e+04,3.52115251e+00,3.52089501e+00,2.57499155e-04
8.10300000e+04,3.50109532e+00,3.50084045e+00,2.54868970e-04
8.10400000e+04,3.48205810e+00,3.48180551e+00,2.52592983e-04
8.10500000e+04,3.46457813e+00,3.46432763e+00,2.50501975e-04
8.10600000e+04,3.44815311e+00,3.44790448e+00,2.48636925e-04
8.10700000e+04,3.43289967e+00,3.43265274e+00,2.46930922e-04
8.10710000e+04,7.76327689e+00,7.76221920e+00,1.05769221e-03
8.10810000e+04,1.47165744e+02,1.47133242e+02,3.25023924e-02
8.10910000e+04,6.12818350e+01,6.12672650e+01,1.45699983e-02
8.11010000e+04,2.45417973e+01,2.45358925e+01,5.90481977e-03
8.11110000e+04,1.46289615e+01,1.46265452e+01,2.41629018e-03
8.11210000e+04,7.78392263e+00,7.78270196e+00,1.22067426e-03
8.11310000e+04,6.01890135e+00,6.01818434e+00,7.17013225e-04
8.11410000e+04,5.37599167e+00,5.37548536e+00,5.06304126e-04
8.11510000e+04,4.74630072e+00,4.74585800e+00,4.42720653e-04
8.11610000e+04,4.37855129e+00,4.37815760e+00,3.93693758e-04
8.11710000e+04,4.16169427e+00,4.16132986e+00,3.64412031e-04
8.11810000e+04,4.03007506e+00,4.02973197e+00,3.43086151e-04
8.11910000e+04,3.93279424e+00,3.93246898e+00,3.25266710e-04
8.12010000e+04,3.84383423e+00,3.84352164e+00,3.12587746e-04
8.12110000e+04,3.77051106e+00,3.77020818e+00,3.02876236e-04
8.12210000e+04,3.71319614e+00,3.71290148e+00,2.94664045e-04
8.12310000e+04,3.65960970e+00,3.65932163e+00,2.88073601e-04
8.12410000e+04,3.61374949e+00,3.61346760e+00,2.81892356e-04
8.12510000e+04,3.56881851e+00,3.56854210e+00,2.76407889e-04
8.12610000e+04,3.52999608e+00,3.52972401e+00,2.72075509e-04
8.12710000e+04,3.49518722e+00,3.49491897e+00,2.68246922e-04
8.12810000e+04,3.46431532e+00,3.46405040e+00,2.64921571e-04
8.12910000e+04,3.43816025e+00,3.43789945e+00,2.60796242e-04
8.13010000e+04,3.41345164e+00,3.41319444e+00,2.57198824e-04
8.13110000e+04,3.38923680e+00,3.38898265e+00,2.54155839e-04
8.13210000e+04,3.36607831e+00,3.36582682e+00,2.51492220e-04
8.13310000e+04,3.34626646e+00,3.34601737e+00,2.49090283e-04
8.13410000e+04,3.32673442e+00,3.32648737e+00,2.47055226e-04
8.13510000e+04,3.30942251e+00,3.30917737e+00,2.45134127e-04
8.13610000e+04,3.29356518e+00,3.29332180e+00,2.43381459e-04
8.13710000e+04,3.27891269e+00,3.27867089e+00,2.41801363e-04
8.13720000e+04,7.81926042e+00,7.81823532e+00,1.02509694e-03
8.13820000e+04,1.54969104e+02,1.54937536e+02,3.15677080e-02
8.13920000e+04,6.65127405e+01,6.64996240e+01,1.31164583e-02
8.14020000e+04,2.94789476e+01,2.94728855e+01,6.06204287e-03
8.14120000e+04,1.61759821e+01,1.61736354e+01,2.34665891e-03
8.14220000e+04,7.91788420e+00,7.91674165e+00,1.14254716e-03
8.14320000e+04,6.08542693e+00,6.08476358e+00,6.63349317e-04
8.14420000e+04,5.33075919e+00,5.33026935e+00,4.89836381e-04
8.14520000e+04,4.73028063e+00,4.72985814e+00,4.22486710e-04
8.14620000e+04,4.47154391e+00,4.47116675e+00,3.77159078e-04
8.14720000e+04,4.28606308e+00,4.28571405e+00,3.49024069e-04
8.14820000e+04,4.07911013e+00,4.07878013e+00,3.29998483e-04
8.14920000e+04,3.90579628e+00,3.90548336e+00,3.12922260e-04
8.15020000e+04,3.78430542e+00,3.78400583e+00,2.99586297e-04
8.15120000e+04,3.69758729e+00,3.69729798e+00,2.89306694e-04
8.15220000e+04,3.63433958e+00,3.63405862e+00,2.80960498e-04
8.15320000e+04,3.58273218e+00,3.58245809e+00,2.74095587e-04
8.15420000e+04,3.53633717e+00,3.53606881e+00,2.68357446e-04
8.15520000e+04,3.49611934e+00,3.49585600e+00,2.63344744e-04
8.15620000e+04,3.45986693e+00,3.45960794e+00,2.58998532e-04
8.15720000e+04,3.42731019e+00,3.42705506e+00,2.55130814e-04
8.15820000e+04,3.39722542e+00,3.39697361e+00,2.51807345e-04
8.15920000e+04,3.37329088e+00,3.37304321e+00,2.47669781e-04
8.16020000e+04,3.35033680e+00,3.35009271e+00,2.44089940e-04
8.16120000e+04,3.32813474e+00,3.32789373e+00,2.41005180e-04
8.16220000e+04,3.30770708e+00,3.30746885e+00,2.38237044e-04
8.16320000e+04,3.28858043e+00,3.28834470e+00,2.35730410e-04
8.16420000e+04,3.27091831e+00,3.27068484e+00,2.33465303e-04
8.16520000e+04,3.25434142e+00,3.25410993e+00,2.31488046e-04
8.16620000e+04,3.23890948e+00,3.23867977e+00,2.29717377e-04
8.16720000e+04,3.22469283e+00,3.22446475e+00,2.28079974e-04
8.16730000e+04,7.95228801e+00,7.95130392e+00,9.84097457e-04
8.16830000e+04,1.39024012e+02,1.38993671e+02,3.03411373e-02
8.16930000e+04,5.65601511e+01,5.65469772e+01,1.31739089e-02
8.17030000e+04,2.35290117e+01,2.35235828e+01,5.42891104e-03
8.17130000e+04,1.41760536e+01,1.41737421e+01,2.31140178e-03
8.17230000e+04,7.59218845e+00,7.59104219e+00,1.14625272e-03
8.17330000e+04,5.86823941e+00,5.86759223e+00,6.47180499e-04
8.17430000e+04,5.20854348e+00,5.20807577e+00,4.67710041e-04
8.17530000e+04,4.66579875e+00,4.66539539e+00,4.03363124e-04
8.17630000e+04,4.43566504e+00,4.43530770e+00,3.57333880e-04
8.17730000e+04,4.19848943e+00,4.19815449e+00,3.34934514e-04
8.17830000e+04,3.99789550e+00,3.99757884e+00,3.16660009e-04
8.17930000e+04,3.77642056e+00,3.77612014e+00,3.00427081e-04
8.18030000e+04,3.66540243e+00,3.66511267e+00,2.89767474e-04
8.18130000e+04,3.59124511e+00,3.59096454e+00,2.80569578e-04
8.18230000e+04,3.53159358e+00,3.53132077e+00,2.72815264e-04
8.18330000e+04,3.47805851e+00,3.47779172e+00,2.66791376e-04
8.18430000e+04,3.43415060e+00,3.43388915e+00,2.61454751e-04
8.18530000e+04,3.39503595e+00,3.39477901e+00,2.56933688e-04
8.18630000e+04,3.36038311e+00,3.36013021e+00,2.52901455e-04
8.18730000e+04,3.32903997e+00,3.32879065e+00,2.49315742e-04
8.18830000e+04,3.30086470e+00,3.30061847e+00,2.46235626e-04
8.18930000e+04,3.27682108e+00,3.27657867e+00,2.42411491e-04
8.19030000e+04,3.25367141e+00,3.25343220e+00,2.39207311e-04
8.19130000e+04,3.23256793e+00,3.23233154e+00,2.36395028e-04
8.19230000e+04,3.21286114e+00,3.21262725e+00,2.33891568e-04
8.19330000e+04,3.19452873e+00,3.19429708e+00,2.31657111e-04
8.19430000e+04,3.17754696e+00,3.17731731e+00,2.29649229e-04
8.19530000e+04,3.16168899e+00,3.16146114e+00,2.27857155e-04
8.19630000e+04,3.14692274e+00,3.14669650e+00,2.26236490e-04
8.19730000e+04,3.13314790e+00,3.13292314e+00,2.24755270e-04
8.19740000e+04,8.03065560e+00,8.02970129e+00,9.54309593e-04
8.19840000e+04,1.53639937e+02,1.53608165e+02,3.17725976e-02
8.19940000e+04,6.65866078e+01,6.65734915e+01,1.31162656e-02
8.20040000e+04,2.85975198e+01,2.85916604e+01,5.85941785e-03
8.20140000e+04,1.54351849e+01,1.54329451e+01,2.23979187e-03
8.20240000e+04,7.84393339e+00,7.84285148e+00,1.08191621e-03
8.20340000e+04,6.05815159e+00,6.05753482e+00,6.16762184e-04
8.20440000e+04,5.27200639e+00,5.27155312e+00,4.53272818e-04
8.20540000e+04,4.65739333e+00,4.65700226e+00,3.91064449e-04
8.20640000e+04,4.39038111e+00,4.39003150e+00,3.49604750e-04
8.20740000e+04,4.21124427e+00,4.21092223e+00,3.22044603e-04
8.20840000e+04,4.06220210e+00,4.06189780e+00,3.04290790e-04
8.20940000e+04,3.85431604e+00,3.85402776e+00,2.88280358e-04
8.21040000e+04,3.72340361e+00,3.72312797e+00,2.75645090e-04
8.21140000e+04,3.55451580e+00,3.55424965e+00,2.66152927e-04
8.21240000e+04,3.44526588e+00,3.44500766e+00,2.58213963e-04
8.21340000e+04,3.38490055e+00,3.38464891e+00,2.51640773e-04
8.21440000e+04,3.33808233e+00,3.33783637e+00,2.45959817e-04
8.21540000e+04,3.29703448e+00,3.29679322e+00,2.41262948e-04
8.21640000e+04,3.25994309e+00,3.25970589e+00,2.37198078e-04
8.21740000e+04,3.22643887e+00,3.22620526e+00,2.33614891e-04
8.21840000e+04,3.19532042e+00,3.19508965e+00,2.30774131e-04
8.21940000e+04,3.17159130e+00,3.17136444e+00,2.26863272e-04
8.22040000e+04,3.14784736e+00,3.14762372e+00,2.23635320e-04
8.22140000e+04,3.12562827e+00,3.12540745e+00,2.20818150e-04
8.22240000e+04,3.10488229e+00,3.10466397e+00,2.18320884e-04
8.22340000e+04,3.08544151e+00,3.08522541e+00,2.16099876e-04
8.22440000e+04,3.06743647e+00,3.06722235e+00,2.14119812e-04
8.22540000e+04,3.05081788e+00,3.05060557e+00,2.12309311e-04
8.22640000e+04,3.03534589e+00,3.03513520e+00,2.10691263e-04
8.22740000e+04,3.02102002e+00,3.02081081e+00,2.09208768e-04
8.22750000e+04,8.22561105e+00,8.22469600e+00,9.15051284e-04
8.22850000e+04,1.35590832e+02,1.35562495e+02,2.83369183e-02
8.22950000e+04,5.55710261e+01,5.55581795e+01,1.28466442e-02
8.23050000e+04,2.39248688e+01,2.39196119e+01,5.25685435e-03
8.23150000e+04,1.43119557e+01,1.43097373e+01,2.21844138e-03
8.23250000e+04,7.61880123e+00,7.61772432e+00,1.07691747e-03
8.23350000e+04,6.10089983e+00,6.10030330e+00,5.96531104e-04
8.23450000e+04,5.24716744e+00,5.24672497e+00,4.42474114e-04
8.23550000e+04,4.65872275e+00,4.65834074e+00,3.82010383e-04
8.23650000e+04,4.43951116e+00,4.43917807e+00,3.33094817e-04
8.23750000e+04,4.18989852e+00,4.18958826e+00,3.10259931e-04
8.23850000e+04,4.00694278e+00,4.00664990e+00,2.92883813e-04
8.23950000e+04,3.82414903e+00,3.82387213e+00,2.76895705e-04
8.24050000e+04,3.58688693e+00,3.58662070e+00,2.66228808e-04
8.24150000e+04,3.46139865e+00,3.46114112e+00,2.57529307e-04
8.24250000e+04,3.37253579e+00,3.37228564e+00,2.50147383e-04
8.24350000e+04,3.30074449e+00,3.30050034e+00,2.44149211e-04
8.24450000e+04,3.24452256e+00,3.24428356e+00,2.39004902e-04
8.24550000e+04,3.20064992e+00,3.20041540e+00,2.34518805e-04
8.24650000e+04,3.16304908e+00,3.16281845e+00,2.30639469e-04
8.24750000e+04,3.13034747e+00,3.13012023e+00,2.27244499e-04
8.24850000e+04,3.10131247e+00,3.10108812e+00,2.24352183e-04
8.24950000e+04,3.07769690e+00,3.07747610e+00,2.20798113e-04
8.25050000e+04,3.05567731e+00,3.05545958e+00,2.17733888e-04
8.25150000e+04,3.03485608e+00,3.03464098e+00,2.15091516e-04
8.25250000e+04,3.01579468e+00,3.01558191e+00,2.12770040e-04
8.25350000e+04,2.99805668e+00,2.99784598e+00,2.10698212e-04
8.25450000e+04,2.98173254e+00,2.98152369e+00,2.08850280e-04
8.25550000e+04,2.96662703e+00,2.96641985e+00,2.07181929e-04
8.25650000e+04,2.95260087e+00,2.95239519e+00,2.05674784e-04
8.25750000e+04,2.93961433e+00,2.93941003e+00,2.04299886e-04
8.25760000e+04,8.49648803e+00,8.49560055e+00,8.87476181e-04
8.25860000e+04,1.41944842e+02,1.41914559e+02,3.02838925e-02
8.25960000e+04,5.80269014e+01,5.80146554e+01,1.22459505e-02
8.26060000e+04,2.65929606e+01,2.65875040e+01,5.45657882e-03
8.26160000e+04,1.46655589e+01,1.46634752e+01,2.08369034e-03
8.26260000e+04,7.72399338e+00,7.72299246e+00,1.00092410e-03
8.26360000e+04,6.03148845e+00,6.03089938e+00,5.89069386e-04
8.26460000e+04,5.22917812e+00,5.22875442e+00,4.23701061e-04
8.26560000e+04,4.59551513e+00,4.59514224e+00,3.72892603e-04
8.26660000e+04,4.38654173e+00,4.38621453e+00,3.27199365e-04
8.26760000e+04,4.21457017e+00,4.21426915e+00,3.01015446e-04
8.26860000e+04,3.99312518e+00,3.99284036e+00,2.84823572e-04
8.26960000e+04,3.68250563e+00,3.68223519e+00,2.70443982e-04
8.27060000e+04,3.50504514e+00,3.50478712e+00,2.58015163e-04
8.27160000e+04,3.36644183e+00,3.36619243e+00,2.49405382e-04
8.27260000e+04,3.29869574e+00,3.29845390e+00,2.41848160e-04
8.27360000e+04,3.25211288e+00,3.25187720e+00,2.35683019e-04
8.27460000e+04,3.21121375e+00,3.21098335e+00,2.30405685e-04
8.27560000e+04,3.17373747e+00,3.17351174e+00,2.25732938e-04
8.27660000e+04,3.13993358e+00,3.13971213e+00,2.21445773e-04
8.27760000e+04,3.10963879e+00,3.10942116e+00,2.17632140e-04
8.27860000e+04,3.08117221e+00,3.08095740e+00,2.14813385e-04
8.27960000e+04,3.05800956e+00,3.05779833e+00,2.11229943e-04
8.28060000e+04,3.03496880e+00,3.03476057e+00,2.08223149e-04
8.28160000e+04,3.01370577e+00,3.01350020e+00,2.05569620e-04
8.28260000e+04,2.99411620e+00,2.99391296e+00,2.03236406e-04
8.28360000e+04,2.97597652e+00,2.97577536e+00,2.01160412e-04
8.28460000e+04,2.95912296e+00,2.95892366e+00,1.99308166e-04
8.28560000e+04,2.94360369e+00,2.94340606e+00,1.97627398e-04
8.28660000e+04,2.92924183e+00,2.92904573e+00,1.96099265e-04
8.28760000e+04,2.91599049e+00,2.91579579e+00,1.94694815e-04
8.28770000e+04,8.87928682e+00,8.87843267e+00,8.54152824e-04
8.28870000e+04,1.34236010e+02,1.34208281e+02,2.77293164e-02
8.28970000e+04,5.26493819e+01,5.26376991e+01,1.16827756e-02
8.29070000e+04,2.34925144e+01,2.34878173e+01,4.69706186e-03
8.29170000e+04,1.36834736e+01,1.36815035e+01,1.97019356e-03
8.29270000e+04,7.63764279e+00,7.63666950e+00,9.73287686e-04
8.29370000e+04,6.19947808e+00,6.19891475e+00,5.63330510e-04
8.29470000e+04,5.27169644e+00,5.27127539e+00,4.21050609e-04
8.29570000e+04,4.74911480e+00,4.74876286e+00,3.51940026e-04
8.29670000e+04,4.55178607e+00,4.55147724e+00,3.08825681e-04
8.29770000e+04,4.37612583e+00,4.37583842e+00,2.87414262e-04
8.29870000e+04,4.24928040e+00,4.24900956e+00,2.70845801e-04
8.29970000e+04,4.03485265e+00,4.03459638e+00,2.56278628e-04
8.30070000e+04,3.84077135e+00,3.84052461e+00,2.46739901e-04
8.30170000e+04,3.53101245e+00,3.53077393e+00,2.38519659e-04
8.30270000e+04,3.38358196e+00,3.38335011e+00,2.31849089e-04
8.30370000e+04,3.28321788e+00,3.28299120e+00,2.26679937e-04
8.30470000e+04,3.20116887e+00,3.20094738e+00,2.21484749e-04
8.30570000e+04,3.13423411e+00,3.13401672e+00,2.17389125e-04
8.30670000e+04,3.08478007e+00,3.08456632e+00,2.13751695e-04
8.30770000e+04,3.04580545e+00,3.04559486e+00,2.10596437e-04
8.30870000e+04,3.01389154e+00,3.01368358e+00,2.07955525e-04
8.30970000e+04,2.98864372e+00,2.98843903e+00,2.04687006e-04
8.31070000e+04,2.96563728e+00,2.96543540e+00,2.01884785e-04
8.31170000e+04,2.94469922e+00,2.94449978e+00,1.99443597e-04
8.31270000e+04,2.92543591e+00,2.92523859e+00,1.97318224e-04
8.31370000e+04,2.90774038e+00,2.90754495e+00,1.95425407e-04
8.31470000e+04,2.89150988e+00,2.89131616e+00,1.93725400e-04
8.31570000e+04,2.87645523e+00,2.87626303e+00,1.92199831e-04
8.31670000e+04,2.86260658e+00,2.86241577e+00,1.90810223e-04
8.31770000e+04,2.84992816e+00,2.84973863e+00,1.89525082e-04
8.31780000e+04,9.19286642e+00,9.19203899e+00,8.27427970e-04
8.31880000e+04,1.33101671e+02,1.33072088e+02,2.95829865e-02
8.31980000e+04,5.36272370e+01,5.36160047e+01,1.12323555e-02
8.32080000e+04,2.50263709e+01,2.50212846e+01,5.08623154e-03
8.32180000e+04,1.46202723e+01,1.46182879e+01,1.98445629e-03
8.32280000e+04,7.73675370e+00,7.73580327e+00,9.50430283e-04
8.32380000e+04,5.98742226e+00,5.98688456e+00,5.37706678e-04
8.32480000e+04,5.21710940e+00,5.21671536e+00,3.94041282e-04
8.32580000e+04,4.63658075e+00,4.63623656e+00,3.44185203e-04
8.32680000e+04,4.44334393e+00,4.44304357e+00,3.00364947e-04
8.32780000e+04,4.26523810e+00,4.26496059e+00,2.77510616e-04
8.32880000e+04,4.14793904e+00,4.14767808e+00,2.60959282e-04
8.32980000e+04,4.05773850e+00,4.05749108e+00,2.47421302e-04
8.33080000e+04,3.97873787e+00,3.97850051e+00,2.37359350e-04
8.33180000e+04,3.91347000e+00,3.91324077e+00,2.29230140e-04
8.33280000e+04,3.85272218e+00,3.85249937e+00,2.22807628e-04
8.33380000e+04,3.79859273e+00,3.79837540e+00,2.17327367e-04
8.33480000e+04,3.74326552e+00,3.74305291e+00,2.12601915e-04
8.33580000e+04,3.63627470e+00,3.63606662e+00,2.08080524e-04
8.33680000e+04,3.43207524e+00,3.43186979e+00,2.05447701e-04
8.33780000e+04,3.22233730e+00,3.22213493e+00,2.02368221e-04
8.33880000e+04,3.03581047e+00,3.03561119e+00,1.99279561e-04
8.33980000e+04,2.93100165e+00,2.93080594e+00,1.95708036e-04
8.34080000e+04,2.87537475e+00,2.87518256e+00,1.92183982e-04
8.34180000e+04,2.84877426e+00,2.84858495e+00,1.89304170e-04
8.34280000e+04,2.82889261e+00,2.82870579e+00,1.86818326e-04
8.34380000e+04,2.81062503e+00,2.81044026e+00,1.84770678e-04
8.34480000e+04,2.79350154e+00,2.79331852e+00,1.83023591e-04
8.34580000e+04,2.77754617e+00,2.77736470e+00,1.81469642e-04
8.34680000e+04,2.76287938e+00,2.76269928e+00,1.80096098e-04
8.34780000e+04,2.74947217e+00,2.74929332e+00,1.78849532e-04
8.34790000e+04,9.64422788e+00,9.64343207e+00,7.95810303e-04
8.34890000e+04,1.37565525e+02,1.37538617e+02,2.69085842e-02
8.34990000e+04,5.42001674e+01,5.41886196e+01,1.15478018e-02
8.35090000e+04,2.47227127e+01,2.47179867e+01,4.72595704e-03
8.35190000e+04,1.38890867e+01,1.38871040e+01,1.98272413e-03
8.35290000e+04,7.86695556e+00,7.86600370e+00,9.51853927e-04
8.35390000e+04,6.31679245e+00,6.31624933e+00,5.43126882e-04
8.35490000e+04,5.31672753e+00,5.31632126e+00,4.06274188e-04
8.35590000e+04,4.81837013e+00,4.81802908e+00,3.41047807e-04
8.35690000e+04,4.61607611e+00,4.61577786e+00,2.98249216e-04
8.35790000e+04,4.38677440e+00,4.38649953e+00,2.74874922e-04
8.35890000e+04,4.15834627e+00,4.15808768e+00,2.58590471e-04
8.35990000e+04,3.99570251e+00,3.99545798e+00,2.44527628e-04
8.36090000e+04,3.70486146e+00,3.70462652e+00,2.34933820e-04
8.36190000e+04,3.40834230e+00,3.40811476e+00,2.27534106e-04
8.36290000e+04,3.24696492e+00,3.24674418e+00,2.20739366e-04
8.36390000e+04,3.15658513e+00,3.15637013e+00,2.14996177e-04
8.36490000e+04,3.07721283e+00,3.07700287e+00,2.09958652e-04
8.36590000e+04,3.01861227e+00,3.01840648e+00,2.05788658e-04
8.36690000e+04,2.97344334e+00,2.97324124e+00,2.02096606e-04
8.36790000e+04,2.93517865e+00,2.93497975e+00,1.98896712e-04
8.36890000e+04,2.90341333e+00,2.90321711e+00,1.96221585e-04
8.36990000e+04,2.87775279e+00,2.87755984e+00,1.92954510e-04
8.37090000e+04,2.85509684e+00,2.85490677e+00,1.90069875e-04
8.37190000e+04,2.83421035e+00,2.83402273e+00,1.87616112e-04
8.37290000e+04,2.81526049e+00,2.81507504e+00,1.85450995e-04
8.37390000e+04,2.79793656e+00,2.79775304e+00,1.83515868e-04
8.37490000e+04,2.78188746e+00,2.78170565e+00,1.81810331e-04
8.37590000e+04,2.76704811e+00,2.76686784e+00,1.80279408e-04
8.37690000e+04,2.75328547e+00,2.75310658e+00,1.78892535e-04
8.37790000e+04,2.74046825e+00,2.74029062e+00,1.77633582e-04
8.37800000e+04,9.95030544e+00,9.94953117e+00,7.74269087e-04
8.37900000e+04,1.26559288e+02,1.26531447e+02,2.78412754e-02
8.38000000e+04,5.04577470e+01,5.04473576e+01,1.03893679e-02
8.38100000e+04,2.46562000e+01,2.46517069e+01,4.49315381e-03
8.38200000e+04,1.45353234e+01,1.45334106e+01,1.91283850e-03
8.38300000e+04,7.89190478e+00,7.89096233e+00,9.42449000e-04
8.38400000e+04,6.25099788e+00,6.25046768e+00,5.30202484e-04
8.38500000e+04,5.36466593e+00,5.36427739e+00,3.88534632e-04
8.38600000e+04,4.82729821e+00,4.82696361e+00,3.34600939e-04
8.38700000e+04,4.65369991e+00,4.65341133e+00,2.88581953e-04
8.38800000e+04,4.47670692e+00,4.47643863e+00,2.68286643e-04
8.38900000e+04,4.36706228e+00,4.36681027e+00,2.52009878e-04
8.39000000e+04,4.27407284e+00,4.27383386e+00,2.38983598e-04
8.39100000e+04,4.19500947e+00,4.19478034e+00,2.29137360e-04
8.39200000e+04,4.13080133e+00,4.13058040e+00,2.20930122e-04
8.39300000e+04,4.07163418e+00,4.07141995e+00,2.14227168e-04
8.39400000e+04,4.01795218e+00,4.01774410e+00,2.08079434e-04
8.39500000e+04,3.96917675e+00,3.96897406e+00,2.02692637e-04
8.39600000e+04,3.92705054e+00,3.92685270e+00,1.97840288e-04
8.39700000e+04,3.88218463e+00,3.88199045e+00,1.94179609e-04
8.39800000e+04,3.84330503e+00,3.84311407e+00,1.90962119e-04
8.39900000e+04,3.81148756e+00,3.81129958e+00,1.87976312e-04
8.40000000e+04,3.78293886e+00,3.78275407e+00,1.84786084e-04
8.40100000e+04,3.75420152e+00,3.75401944e+00,1.82075293e-04
8.40200000e+04,3.72742287e+00,3.72724312e+00,1.79755399e-04
8.40300000e+04,3.70450468e+00,3.70432704e+00,1.77640071e-04
8.40400000e+04,3.68346681e+00,3.68329113e+00,1.75681785e-04
8.40500000e+04,3.66231990e+00,3.66214584e+00,1.74057326e-04
8.40600000e+04,3.64135932e+00,3.64118675e+00,1.72566219e-04
8.40700000e+04,3.62000116e+00,3.61982996e+00,1.71203857e-04
8.40800000e+04,3.59754866e+00,3.59737865e+00,1.70010040e-04
8.40810000e+04,5.39671379e+00,5.39596715e+00,7.46646577e-04
8.40910000e+04,1.13269808e+02,1.13245082e+02,2.47256010e-02
8.41010000e+04,4.87304102e+01,4.87204093e+01,1.00008896e-02
8.41110000e+04,2.21109966e+01,2.21067787e+01,4.21789886e-03
8.41210000e+04,1.20258696e+01,1.20240500e+01,1.81960083e-03
8.41310000e+04,5.97736997e+00,5.97651279e+00,8.57181603e-04
8.41410000e+04,4.57767677e+00,4.57717073e+00,5.06040232e-04
8.41510000e+04,3.79493458e+00,3.79455634e+00,3.78241906e-04
8.41610000e+04,3.33497675e+00,3.33465767e+00,3.19073979e-04
8.41710000e+04,3.14312286e+00,3.14284308e+00,2.79783032e-04
8.41810000e+04,2.99430622e+00,2.99404678e+00,2.59436186e-04
8.41910000e+04,2.89089603e+00,2.89065156e+00,2.44473647e-04
8.42010000e+04,2.81742652e+00,2.81719474e+00,2.31774592e-04
8.42110000e+04,2.74894321e+00,2.74871996e+00,2.23254550e-04
8.42210000e+04,2.69247751e+00,2.69226145e+00,2.16053964e-04
8.42310000e+04,2.64519714e+00,2.64498709e+00,2.10045761e-04
8.42410000e+04,2.60227638e+00,2.60207127e+00,2.05107446e-04
8.42510000e+04,2.56466592e+00,2.56446509e+00,2.00827788e-04
8.42610000e+04,2.53055646e+00,2.53035934e+00,1.97117218e-04
8.42710000e+04,2.49962174e+00,2.49942787e+00,1.93873933e-04
8.42810000e+04,2.47176824e+00,2.47157729e+00,1.90948433e-04
8.42910000e+04,2.44784489e+00,2.44765659e+00,1.88301535e-04
8.43010000e+04,2.42635903e+00,2.42617369e+00,1.85336464e-04
8.43110000e+04,2.40597920e+00,2.40579658e+00,1.82619793e-04
8.43210000e+04,2.38614248e+00,2.38596212e+00,1.80358114e-04
8.43310000e+04,2.36784972e+00,2.36767142e+00,1.78303041e-04
8.43410000e+04,2.35039475e+00,2.35021843e+00,1.76321954e-04
8.43510000e+04,2.33320882e+00,2.33303433e+00,1.74481254e-04
8.43610000e+04,2.31742464e+00,2.31725157e+00,1.73067871e-04
8.43710000e+04,2.30418372e+00,2.30401194e+00,1.71777428e-04
8.43810000e+04,2.29200584e+00,2.29183525e+00,1.70584930e-04
8.43820000e+04,5.17336588e+00,5.17264014e+00,7.25738448e-04
8.43920000e+04,1.13047400e+02,1.13021909e+02,2.54903371e-02
8.44020000e+04,4.79612061e+01,4.79516348e+01,9.57128875e-03
8.44120000e+04,2.17012337e+01,2.16967617e+01,4.47199361e-03
8.44220000e+04,1.21187004e+01,1.21168710e+01,1.82939781e-03
8.44320000e+04,5.93437815e+00,5.93346595e+00,9.12196578e-04
8.44420000e+04,4.45531932e+00,4.45481667e+00,5.02650675e-04
8.44520000e+04,3.72575279e+00,3.72537940e+00,3.73386910e-04
8.44620000e+04,3.26436894e+00,3.26404458e+00,3.24356911e-04
8.44720000e+04,3.08477565e+00,3.08449162e+00,2.84025435e-04
8.44820000e+04,2.93245666e+00,2.93219321e+00,2.63456425e-04
8.44920000e+04,2.82024443e+00,2.81999624e+00,2.48190569e-04
8.45020000e+04,2.74048302e+00,2.74024823e+00,2.34789625e-04
8.45120000e+04,2.67038124e+00,2.67015623e+00,2.25012563e-04
8.45220000e+04,2.61121809e+00,2.61100104e+00,2.17051361e-04
8.45320000e+04,2.55722731e+00,2.55701682e+00,2.10492819e-04
8.45420000e+04,2.50717251e+00,2.50696725e+00,2.05255296e-04
8.45520000e+04,2.46634824e+00,2.46614812e+00,2.00127313e-04
8.45620000e+04,2.42635306e+00,2.42615712e+00,1.95944164e-04
8.45720000e+04,2.38958843e+00,2.38939609e+00,1.92332380e-04
8.45820000e+04,2.35782653e+00,2.35763746e+00,1.89067622e-04
8.45920000e+04,2.33223838e+00,2.33205220e+00,1.86182317e-04
8.46020000e+04,2.31075221e+00,2.31056923e+00,1.82985536e-04
8.46120000e+04,2.28972851e+00,2.28954832e+00,1.80187339e-04
8.46220000e+04,2.26962254e+00,2.26944472e+00,1.77824310e-04
8.46320000e+04,2.25066161e+00,2.25048593e+00,1.75681616e-04
8.46420000e+04,2.23200895e+00,2.23183518e+00,1.73776476e-04
8.46520000e+04,2.21432302e+00,2.21415094e+00,1.72082172e-04
8.46620000e+04,2.19995295e+00,2.19978239e+00,1.70563830e-04
8.46720000e+04,2.18719728e+00,2.18702808e+00,1.69199994e-04
8.46820000e+04,2.17546900e+00,2.17530103e+00,1.67973031e-04
8.46830000e+04,4.93141229e+00,4.93070890e+00,7.03385737e-04
8.46930000e+04,1.15185300e+02,1.15161149e+02,2.41517491e-02
8.47030000e+04,4.91518699e+01,4.91420628e+01,9.80708525e-03
8.47130000e+04,2.23595031e+01,2.23552547e+01,4.24834732e-03
8.47230000e+04,1.18824679e+01,1.18806010e+01,1.86687501e-03
8.47330000e+04,5.69634311e+00,5.69547366e+00,8.69450275e-04
8.47430000e+04,4.35846745e+00,4.35796390e+00,5.03544374e-04
8.47530000e+04,3.54426100e+00,3.54389145e+00,3.69553082e-04
8.47630000e+04,3.11080595e+00,3.11049435e+00,3.11595223e-04
8.47730000e+04,2.90673363e+00,2.90645990e+00,2.73733047e-04
8.47830000e+04,2.76006984e+00,2.75981615e+00,2.53685952e-04
8.47930000e+04,2.66360821e+00,2.66336946e+00,2.38742387e-04
8.48030000e+04,2.59249359e+00,2.59226773e+00,2.25865263e-04
8.48130000e+04,2.52752575e+00,2.52730859e+00,2.17160547e-04
8.48230000e+04,2.47800622e+00,2.47779663e+00,2.09585267e-04
8.48330000e+04,2.43470671e+00,2.43450337e+00,2.03343143e-04
8.48430000e+04,2.39057380e+00,2.39037509e+00,1.98713936e-04
8.48530000e+04,2.35690930e+00,2.35671515e+00,1.94146634e-04
8.48630000e+04,2.32484023e+00,2.32464969e+00,1.90537520e-04
8.48730000e+04,2.29754390e+00,2.29735666e+00,1.87235195e-04
8.48830000e+04,2.27243025e+00,2.27224590e+00,1.84354650e-04
8.48930000e+04,2.25066938e+00,2.25048755e+00,1.81830603e-04
8.49030000e+04,2.23191578e+00,2.23173691e+00,1.78864938e-04
8.49130000e+04,2.21446050e+00,2.21428430e+00,1.76202294e-04
8.49230000e+04,2.19782247e+00,2.19764851e+00,1.73962130e-04
8.49330000e+04,2.18255873e+00,2.18238672e+00,1.72008955e-04
8.49430000e+04,2.16832378e+00,2.16815351e+00,1.70277891e-04
8.49530000e+04,2.15505900e+00,2.15489028e+00,1.68725707e-04
8.49630000e+04,2.14289814e+00,2.14273080e+00,1.67331063e-04
8.49730000e+04,2.13177160e+00,2.13160555e+00,1.66041181e-04
8.49830000e+04,2.12139052e+00,2.12122564e+00,1.64876779e-04
8.49840000e+04,4.91154261e+00,4.91085922e+00,6.83388933e-04
8.49940000e+04,1.12244771e+02,1.12219022e+02,2.57490562e-02
8.50040000e+04,4.45541074e+01,4.45450895e+01,9.01793544e-03
8.50140000e+04,2.05565962e+01,2.05523481e+01,4.24809414e-03
8.50240000e+04,1.15110425e+01,1.15093492e+01,1.69326641e-03
8.50340000e+04,5.62523688e+00,5.62440377e+00,8.33110056e-04
8.50440000e+04,4.29335553e+00,4.29287964e+00,4.75894767e-04
8.50540000e+04,3.44928551e+00,3.44891715e+00,3.68365390e-04
8.50640000e+04,2.99291067e+00,2.99259878e+00,3.11885234e-04
8.50740000e+04,2.81406599e+00,2.81379520e+00,2.70799218e-04
8.50840000e+04,2.65546323e+00,2.65521042e+00,2.52811468e-04
8.50940000e+04,2.55240675e+00,2.55216979e+00,2.36956062e-04
8.51040000e+04,2.46483963e+00,2.46461580e+00,2.23832488e-04
8.51140000e+04,2.39920573e+00,2.39899184e+00,2.13886235e-04
8.51240000e+04,2.34330556e+00,2.34309934e+00,2.06219327e-04
8.51340000e+04,2.29557271e+00,2.29537247e+00,2.00242065e-04
8.51440000e+04,2.25369389e+00,2.25349860e+00,1.95296301e-04
8.51540000e+04,2.21626844e+00,2.21607733e+00,1.91106288e-04
8.51640000e+04,2.18314119e+00,2.18295376e+00,1.87427564e-04
8.51740000e+04,2.15381215e+00,2.15362789e+00,1.84256893e-04
8.51840000e+04,2.12754097e+00,2.12735952e+00,1.81450399e-04
8.51940000e+04,2.10611823e+00,2.10593936e+00,1.78865745e-04
8.52040000e+04,2.08801902e+00,2.08784307e+00,1.75951435e-04
8.52140000e+04,2.07044974e+00,2.07027627e+00,1.73469392e-04
8.52240000e+04,2.05405133e+00,2.05388000e+00,1.71328850e-04
8.52340000e+04,2.03892346e+00,2.03875406e+00,1.69408802e-04
8.52440000e+04,2.02485460e+00,2.02468690e+00,1.67703642e-04
8.52540000e+04,2.01180467e+00,2.01163851e+00,1.66155557e-04
8.52640000e+04,1.99949339e+00,1.99932859e+00,1.64804912e-04
8.52740000e+04,1.98823649e+00,1.98807293e+00,1.63563072e-04
8.52840000e+04,1.97781668e+00,1.97765425e+00,1.62432738e-04
8.52850000e+04,4.74701589e+00,4.74635394e+00,6.61954557e-04
8.52950000e+04,1.13249991e+02,1.13226149e+02,2.38419754e-02
8.53050000e+04,4.60002331e+01,4.59907888e+01,9.44432273e-03
8.53150000e+04,2.14338006e+01,2.14300456e+01,3.75503306e-03
8.53250000e+04,1.11739212e+01,1.11722325e+01,1.68864509e-03
8.53350000e+04,5.53384684e+00,5.53302850e+00,8.18338674e-04
8.53450000e+04,4.10607165e+00,4.10558252e+00,4.89136733e-04
8.53550000e+04,3.28671285e+00,3.28635216e+00,3.60693921e-04
8.53650000e+04,2.90937574e+00,2.90908086e+00,2.94880600e-04
8.53750000e+04,2.72498204e+00,2.72472288e+00,2.59165272e-04
8.53850000e+04,2.57289630e+00,2.57265604e+00,2.40260653e-04
8.53950000e+04,2.47679559e+00,2.47656975e+00,2.25839205e-04
8.54050000e+04,2.41012208e+00,2.40990826e+00,2.13814490e-04
8.54150000e+04,2.35059109e+00,2.35038572e+00,2.05369853e-04
8.54250000e+04,2.30214995e+00,2.30195162e+00,1.98328106e-04
8.54350000e+04,2.26012677e+00,2.25993431e+00,1.92457624e-04
8.54450000e+04,2.22229228e+00,2.22210470e+00,1.87575601e-04
8.54550000e+04,2.18972849e+00,2.18954511e+00,1.83385021e-04
8.54650000e+04,2.16046204e+00,2.16028228e+00,1.79757172e-04
8.54750000e+04,2.13418974e+00,2.13401316e+00,1.76573519e-04
8.54850000e+04,2.11053022e+00,2.11035645e+00,1.73773479e-04
8.54950000e+04,2.08951728e+00,2.08934583e+00,1.71445268e-04
8.55050000e+04,2.07140884e+00,2.07124013e+00,1.68706970e-04
8.55150000e+04,2.05466304e+00,2.05449683e+00,1.66209654e-04
8.55250000e+04,2.03856023e+00,2.03839615e+00,1.64073965e-04
8.55350000e+04,2.02373645e+00,2.02357432e+00,1.62135027e-04
8.55450000e+04,2.01005061e+00,2.00989015e+00,1.60456072e-04
8.55550000e+04,1.99762751e+00,1.99746855e+00,1.58954434e-04
8.55650000e+04,1.98609973e+00,1.98594212e+00,1.57605064e-04
8.55750000e+04,1.97548216e+00,1.97532579e+00,1.56371188e-04
8.55850000e+04,1.96556498e+00,1.96540974e+00,1.55244604e-04
8.55860000e+04,4.73830630e+00,4.73766738e+00,6.38918808e-04
8.55960000e+04,1.14982187e+02,1.14955700e+02,2.64874363e-02
8.56060000e+04,4.75647342e+01,4.75559444e+01,8.78988568e-03
8.56160000e+04,2.11035280e+01,2.10992612e+01,4.26674149e-03
8.56260000e+04,1.13027121e+01,1.13009275e+01,1.78462618e-03
8.56360000e+04,5.42491857e+00,5.42404101e+00,8.77560994e-04
8.56460000e+04,3.99414615e+00,3.99368164e+00,4.64511920e-04
8.56560000e+04,3.17728635e+00,3.17693456e+00,3.51787801e-04
8.56660000e+04,2.80908081e+00,2.80879182e+00,2.88985057e-04
8.56760000e+04,2.64092030e+00,2.64066892e+00,2.51387568e-04
8.56860000e+04,2.48150775e+00,2.48127460e+00,2.33154007e-04
8.56960000e+04,2.38329558e+00,2.38307665e+00,2.18929657e-04
8.57060000e+04,2.31090087e+00,2.31069365e+00,2.07224386e-04
8.57160000e+04,2.24931316e+00,2.24911461e+00,1.98551041e-04
8.57260000e+04,2.19743482e+00,2.19724374e+00,1.91084169e-04
8.57360000e+04,2.14713935e+00,2.14695411e+00,1.85246375e-04
8.57460000e+04,2.10611856e+00,2.10593793e+00,1.80631953e-04
8.57560000e+04,2.07115924e+00,2.07098267e+00,1.76569209e-04
8.57660000e+04,2.03974281e+00,2.03956967e+00,1.73144392e-04
8.57760000e+04,2.01178055e+00,2.01161045e+00,1.70096996e-04
8.57860000e+04,1.98667911e+00,1.98651166e+00,1.67448919e-04
8.57960000e+04,1.96523169e+00,1.96506651e+00,1.65177426e-04
8.58060000e+04,1.94745104e+00,1.94728859e+00,1.62447369e-04
8.58160000e+04,1.93048905e+00,1.93032891e+00,1.60133433e-04
8.58260000e+04,1.91479962e+00,1.91464150e+00,1.58121461e-04
8.58360000e+04,1.90025343e+00,1.90009709e+00,1.56333044e-04
8.58460000e+04,1.88686781e+00,1.88671306e+00,1.54747069e-04
8.58560000e+04,1.87452924e+00,1.87437592e+00,1.53318309e-04
8.58660000e+04,1.86316890e+00,1.86301687e+00,1.52025447e-04
8.58760000e+04,1.85270840e+00,1.85255755e+00,1.50848904e-04
8.58860000e+04,1.84304131e+00,1.84289153e+00,1.49778888e-04
8.58870000e+04,4.53254196e+00,4.53192403e+00,6.17926121e-04
8.58970000e+04,1.21879384e+02,1.21854340e+02,2.50440865e-02
8.59070000e+04,5.19106703e+01,5.19010016e+01,9.66867184e-03
8.59170000e+04,2.26008066e+01,2.25969932e+01,3.81342324e-03
8.59270000e+04,1.09294132e+01,1.09278784e+01,1.53479296e-03
8.59370000e+04,5.44795125e+00,5.44714144e+00,8.09801986e-04
8.59470000e+04,3.89800805e+00,3.89754595e+00,4.62106378e-04
8.59570000e+04,3.13243588e+00,3.13210746e+00,3.28418627e-04
8.59670000e+04,2.75857777e+00,2.75830540e+00,2.72374710e-04
8.59770000e+04,2.56447595e+00,2.56423641e+00,2.39531609e-04
8.59870000e+04,2.41421214e+00,2.41399049e+00,2.21650346e-04
8.59970000e+04,2.31876904e+00,2.31856134e+00,2.07694873e-04
8.60070000e+04,2.24592884e+00,2.24573156e+00,1.97278722e-04
8.60170000e+04,2.18745736e+00,2.18726822e+00,1.89137177e-04
8.60270000e+04,2.13865516e+00,2.13847261e+00,1.82549173e-04
8.60370000e+04,2.09642543e+00,2.09624822e+00,1.77208753e-04
8.60470000e+04,2.05927031e+00,2.05909751e+00,1.72797497e-04
8.60570000e+04,2.02734727e+00,2.02717830e+00,1.68964439e-04
8.60670000e+04,1.99842337e+00,1.99825765e+00,1.65719772e-04
8.60770000e+04,1.97280023e+00,1.97263734e+00,1.62886213e-04
8.60870000e+04,1.94973737e+00,1.94957696e+00,1.60407672e-04
8.60970000e+04,1.92936407e+00,1.92920578e+00,1.58283377e-04
8.61070000e+04,1.91226083e+00,1.91210500e+00,1.55831513e-04
8.61170000e+04,1.89653300e+00,1.89637940e+00,1.53601071e-04
8.61270000e+04,1.88163488e+00,1.88148320e+00,1.51680396e-04
8.61370000e+04,1.86781988e+00,1.86766988e+00,1.49992050e-04
8.61470000e+04,1.85503706e+00,1.85488858e+00,1.48482225e-04
8.61570000e+04,1.84321400e+00,1.84306687e+00,1.47130080e-04
8.61670000e+04,1.83225243e+00,1.83210652e+00,1.45915234e-04
8.61770000e+04,1.82211789e+00,1.82197308e+00,1.44809199e-04
8.61870000e+04,1.81271498e+00,1.81257117e+00,1.43801098e-04
8.61880000e+04,5.76833736e+00,4.54885693e+00,1.21948043e+00
8.61980000e+04,1.09907611e+02,1.08934567e+02,9.73043924e-01
8.62080000e+04,4.73506534e+01,4.63966531e+01,9.54000300e-01
8.62180000e+04,2.15969880e+01,2.06672949e+01,9.29693073e-01
8.62280000e+04,1.21155939e+01,1.11918196e+01,9.23774280e-01
8.62380000e+04,6.74984176e+00,5.83291493e+00,9.16926823e-01
8.62480000e+04,5.10785023e+00,4.19454009e+00,9.13310134e-01
8.62580000e+04,4.39684154e+00,3.48754172e+00,9.09299825e-01
8.62680000e+04,4.00836445e+00,3.10173206e+00,9.06632390e-01
8.62780000e+04,3.84341542e+00,2.93972306e+00,9.03692361e-01
8.62880000e+04,3.68853953e+00,2.78779475e+00,9.00744786e-01
8.62980000e+04,3.58696279e+00,2.68935549e+00,8.97607307e-01
8.63080000e+04,3.53977414e+00,2.64501540e+00,8.94758745e-01
8.63180000e+04,3.47286805e+00,2.58157858e+00,8.91289462e-01
8.63280000e+04,3.42781326e+00,2.53957645e+00,8.88236810e-01
8.63380000e+04,3.39201853e+00,2.50678573e+00,8.85232797e-01
8.63480000e+04,3.45874222e+00,2.57663714e+00,8.82105079e-01
8.63580000e+04,3.35714084e+00,2.47730236e+00,8.79838479e-01
8.63680000e+04,3.32274256e+00,2.44533879e+00,8.77403774e-01
8.63780000e+04,3.26349128e+00,2.38803580e+00,8.75455474e-01
8.63880000e+04,3.25327311e+00,2.38001327e+00,8.73259839e-01
8.63980000e+04,3.23132938e+00,2.36063809e+00,8.70691294e-01
8.64080000e+04,3.23261080e+00,2.36457328e+00,8.68037519e-01
8.64180000e+04,3.21269633e+00,2.34717027e+00,8.65526057e-01
8.64280000e+04,3.19431529e+00,2.33104964e+00,8.63265646e-01
8.64380000e+04,3.18987761e+00,2.32799853e+00,8.61879070e-01
8.64480000e+04,3.16769428e+00,2.30844395e+00,8.59250335e-01
8.64580000e+04,3.16957890e+00,2.31249598e+00,8.57082924e-01
8.64680000e+04,3.16008114e+00,2.30488062e+00,8.55200526e-01
8.64780000e+04,3.15838892e+00,2.30500920e+00,8.53379719e-01
8.64880000e+04,3.15416878e+00,2.30166518e+00,8.52503604e-01
8.64890000e+04,1.35351192e+01,1.32364712e+01,2.98647928e-01
8.64990000e+04,1.20652693e+02,1.20600638e+02,5.20556261e-02
8.65090000e+04,5.47041635e+01,5.46795212e+01,2.46423513e-02
8.65190000e+04,2.47714923e+01,2.47573923e+01,1.40999782e-02
8.65290000e+04,1.34615886e+01,1.34536885e+01,7.90014064e-03
8.65390000e+04,8.64953628e+00,8.64304094e+00,6.49533611e-03
8.65490000e+04,6.64212251e+00,6.63702254e+00,5.09996955e-03
8.65590000e+04,5.68803740e+00,5.68367061e+00,4.36679062e-03
8.65690000e+04,5.22111448e+00,5.21722186e+00,3.89262563e-03
8.65790000e+04,5.00128835e+00,4.99780325e+00,3.48509448e-03
8.65890000e+04,4.65822126e+00,4.65502971e+00,3.19155597e-03
8.65990000e+04,4.44102491e+00,4.43831070e+00,2.71421636e-03
8.66090000e+04,4.74532061e+00,4.74293728e+00,2.38332470e-03
8.66190000e+04,4.65637131e+00,4.65434223e+00,2.02908240e-03
8.66290000e+04,4.55821663e+00,4.55645813e+00,1.75849574e-03
8.66390000e+04,4.05235200e+00,4.05074588e+00,1.60612143e-03
8.66490000e+04,3.83015782e+00,3.82866221e+00,1.49561753e-03
8.66590000e+04,3.73285373e+00,3.73146126e+00,1.39246105e-03
8.66690000e+04,3.67299438e+00,3.67169559e+00,1.29879348e-03
8.66790000e+04,3.59721879e+00,3.59598377e+00,1.23502525e-03
8.66890000e+04,3.53024406e+00,3.52906611e+00,1.17794877e-03
8.66990000e+04,3.49342885e+00,3.49233840e+00,1.09044610e-03
8.67090000e+04,3.44656751e+00,3.44555604e+00,1.01147553e-03
8.67190000e+04,3.40120170e+00,3.40025033e+00,9.51365786e-04
8.67290000e+04,3.35681938e+00,3.35591453e+00,9.04850183e-04
8.67390000e+04,3.31552022e+00,3.31465252e+00,8.67694811e-04
8.67490000e+04,3.27878596e+00,3.27794894e+00,8.37017860e-04
8.67590000e+04,3.24410076e+00,3.24328923e+00,8.11532260e-04
8.67690000e+04,3.21220437e+00,3.21141473e+00,7.89636407e-04
8.67790000e+04,3.18257097e+00,3.18180042e+00,7.70552065e-04
8.67890000e+04,3.15494032e+00,3.15418682e+00,7.53496273e-04
8.67900000e+04,1.43070455e+01,1.43059162e+01,1.12932167e-03
8.68000000e+04,1.31373530e+02,1.31347778e+02,2.57517248e-02
8.68100000e+04,5.89504860e+01,5.89417648e+01,8.72116660e-03
8.68200000e+04,2.49644234e+01,2.49608879e+01,3.53553130e-03
8.68300000e+04,1.33043849e+01,1.33028743e+01,1.51064070e-03
8.68400000e+04,8.00004075e+00,7.99919242e+00,8.48331506e-04
8.68500000e+04,6.39547048e+00,6.39497894e+00,4.91540213e-04
8.68600000e+04,5.53115046e+00,5.53077630e+00,3.74155101e-04
8.68700000e+04,5.10382734e+00,5.10351839e+00,3.08952433e-04
8.68800000e+04,4.82417736e+00,4.82390684e+00,2.70519014e-04
8.68900000e+04,4.59671721e+00,4.59646845e+00,2.48753589e-04
8.69000000e+04,4.41777800e+00,4.41754572e+00,2.32273518e-04
8.69100000e+04,4.26986326e+00,4.26964427e+00,2.18986290e-04
8.69200000e+04,4.13915400e+00,4.13894566e+00,2.08334399e-04
8.69300000e+04,3.99879993e+00,3.99859997e+00,1.99961860e-04
8.69400000e+04,3.83741894e+00,3.83722525e+00,1.93691600e-04
8.69500000e+04,3.63632555e+00,3.63613664e+00,1.88908272e-04
8.69600000e+04,3.47697644e+00,3.47679200e+00,1.84432365e-04
8.69700000e+04,3.37664830e+00,3.37646843e+00,1.79874189e-04
8.69800000e+04,3.30274283e+00,3.30256787e+00,1.74967694e-04
8.69900000e+04,3.23523982e+00,3.23506978e+00,1.70036405e-04
8.70000000e+04,3.17513520e+00,3.17496895e+00,1.66255164e-04
8.70100000e+04,3.11538642e+00,3.11522276e+00,1.63657662e-04
8.70200000e+04,3.06929916e+00,3.06913854e+00,1.60615172e-04
8.70300000e+04,3.02483071e+00,3.02467243e+00,1.58274597e-04
8.70400000e+04,2.98785458e+00,2.98769861e+00,1.55976323e-04
8.70500000e+04,2.95444096e+00,2.95428698e+00,1.53975522e-04
8.70600000e+04,2.92358524e+00,2.92343301e+00,1.52228146e-04
8.70700000e+04,2.89592836e+00,2.89577776e+00,1.50592426e-04
8.70800000e+04,2.87040964e+00,2.87026052e+00,1.49129414e-04
8.70900000e+04,2.84718104e+00,2.84703324e+00,1.47794215e-04
8.70910000e+04,8.51320820e+00,8.51265604e+00,5.52163235e-04
8.71010000e+04,1.24478563e+02,1.24447687e+02,3.08760326e-02
8.71110000e+04,8.46175446e+01,8.45980951e+01,1.94494657e-02
8.71210000e+04,4.05427592e+01,4.05352916e+01,7.46761634e-03
8.71310000e+04,1.60034932e+01,1.59992755e+01,4.21769208e-03
8.71410000e+04,1.12740286e+01,1.12709224e+01,3.10619951e-03
8.71510000e+04,9.47887284e+00,9.47629216e+00,2.58067746e-03
8.71610000e+04,8.30782687e+00,8.30556275e+00,2.26411190e-03
8.71710000e+04,7.72471407e+00,7.72263729e+00,2.07678174e-03
8.71810000e+04,7.39195701e+00,7.39003176e+00,1.92525404e-03
8.71910000e+04,7.11667332e+00,7.11487147e+00,1.80184896e-03
8.72010000e+04,6.86832998e+00,6.86664204e+00,1.68793891e-03
8.72110000e+04,6.66421440e+00,6.66262829e+00,1.58611278e-03
8.72210000e+04,6.49868995e+00,6.49719394e+00,1.49601143e-03
8.72310000e+04,6.35331790e+00,6.35190168e+00,1.41622010e-03
8.72410000e+04,6.22455520e+00,6.22320992e+00,1.34527644e-03
8.72510000e+04,6.10640097e+00,6.10511946e+00,1.28150779e-03
8.72610000e+04,5.99937096e+00,5.99814693e+00,1.22403032e-03
8.72710000e+04,5.90313094e+00,5.90195883e+00,1.17210759e-03
8.72810000e+04,5.81539205e+00,5.81426702e+00,1.12502839e-03
8.72910000e+04,5.73580270e+00,5.73472059e+00,1.08210962e-03
8.73010000e+04,5.64349753e+00,5.64245644e+00,1.04109368e-03
8.73110000e+04,5.56382591e+00,5.56282492e+00,1.00098319e-03
8.73210000e+04,5.49727192e+00,5.49630772e+00,9.64206964e-04
8.73310000e+04,5.43587930e+00,5.43494838e+00,9.30925112e-04
8.73410000e+04,5.37857822e+00,5.37767739e+00,9.00835961e-04
8.73510000e+04,5.32601221e+00,5.32513869e+00,8.73523576e-04
8.73610000e+04,5.27791740e+00,5.27706872e+00,8.48674300e-04
8.73710000e+04,5.23329895e+00,5.23247287e+00,8.26081813e-04
8.73810000e+04,5.19222335e+00,5.19141786e+00,8.05481392e-04
8.73910000e+04,5.15426347e+00,5.15347680e+00,7.86677064e-04
8.73920000e+04,5.96288479e+00,5.96173585e+00,1.14893533e-03
8.74020000e+04,1.06557841e+02,1.06531193e+02,2.66481685e-02
8.74120000e+04,4.75346239e+01,4.75255210e+01,9.10290754e-03
8.74220000e+04,2.15962353e+01,2.15924727e+01,3.76258634e-03
8.74320000e+04,1.12069818e+01,1.12052346e+01,1.74721674e-03
8.74420000e+04,6.25666835e+00,6.25564854e+00,1.01980608e-03
8.74520000e+04,5.02222983e+00,5.02166535e+00,5.64478179e-04
8.74620000e+04,4.13268711e+00,4.13224952e+00,4.37591682e-04
8.74720000e+04,3.79701592e+00,3.79665932e+00,3.56599506e-04
8.74820000e+04,3.54891752e+00,3.54860010e+00,3.17420696e-04
8.74920000e+04,3.36105633e+00,3.36076264e+00,2.93690492e-04
8.75020000e+04,3.21020336e+00,3.20992814e+00,2.75221112e-04
8.75120000e+04,3.11275538e+00,3.11249678e+00,2.58602567e-04
8.75220000e+04,3.03056830e+00,3.03032272e+00,2.45581443e-04
8.75320000e+04,2.95360331e+00,2.95336739e+00,2.35920690e-04
8.75420000e+04,2.87969259e+00,2.87946426e+00,2.28323865e-04
8.75520000e+04,2.82871118e+00,2.82849066e+00,2.20518340e-04
8.75620000e+04,2.77362181e+00,2.77340779e+00,2.14019209e-04
8.75720000e+04,2.72172726e+00,2.72151952e+00,2.07733906e-04
8.75820000e+04,2.67307562e+00,2.67287235e+00,2.03264913e-04
8.75920000e+04,2.63130681e+00,2.63110779e+00,1.99014982e-04
8.76020000e+04,2.59863134e+00,2.59843689e+00,1.94445533e-04
8.76120000e+04,2.56498022e+00,2.56478989e+00,1.90332988e-04
8.76220000e+04,2.53007788e+00,2.52989091e+00,1.86970228e-04
8.76320000e+04,2.49717589e+00,2.49699177e+00,1.84127351e-04
8.76420000e+04,2.46636023e+00,2.46617865e+00,1.81579265e-04
8.76520000e+04,2.43796014e+00,2.43778083e+00,1.79311735e-04
8.76620000e+04,2.41156546e+00,2.41138821e+00,1.77254373e-04
8.76720000e+04,2.38698813e+00,2.38681273e+00,1.75400506e-04
8.76820000e+04,2.36419105e+00,2.36401734e+00,1.73701878e-04
8.76920000e+04,2.34301280e+00,2.34284065e+00,1.72147880e-04
8.76930000e+04,5.09181890e+00,5.09127592e+00,5.42975850e-04
8.77030000e+04,1.22730087e+02,1.22701002e+02,2.90843548e-02
8.77130000e+04,5.38146214e+01,5.38048033e+01,9.81804051e-03
8.77230000e+04,2.48321361e+01,2.48273684e+01,4.76764968e-03
8.77330000e+04,1.17184066e+01,1.17163032e+01,2.10339996e-03
8.77430000e+04,6.77807123e+00,6.77680216e+00,1.26906846e-03
8.77530000e+04,5.21507984e+00,5.21424546e+00,8.34388279e-04
8.77630000e+04,4.36969422e+00,4.36904232e+00,6.51898621e-04
8.77730000e+04,3.94407663e+00,3.94351609e+00,5.60547003e-04
8.77830000e+04,3.68823874e+00,3.68774089e+00,4.97853413e-04
8.77930000e+04,3.50966450e+00,3.50921738e+00,4.47121658e-04
8.78030000e+04,3.34143263e+00,3.34103044e+00,4.02186981e-04
8.78130000e+04,3.19205005e+00,3.19169085e+00,3.59200303e-04
8.78230000e+04,3.03535681e+00,3.03503737e+00,3.19436178e-04
8.78330000e+04,2.87208128e+00,2.87179361e+00,2.87677734e-04
8.78430000e+04,2.74267956e+00,2.74241383e+00,2.65732823e-04
8.78530000e+04,2.63626740e+00,2.63601748e+00,2.49922791e-04
8.78630000e+04,2.54209845e+00,2.54186084e+00,2.37615584e-04
8.78730000e+04,2.47085559e+00,2.47062881e+00,2.26777571e-04
8.78830000e+04,2.41307517e+00,2.41285772e+00,2.17444294e-04
8.78930000e+04,2.36546925e+00,2.36526006e+00,2.09191212e-04
8.79030000e+04,2.32882970e+00,2.32862798e+00,2.01717745e-04
8.79130000e+04,2.29504859e+00,2.29485396e+00,1.94623907e-04
8.79230000e+04,2.26467499e+00,2.26448673e+00,1.88257899e-04
8.79330000e+04,2.23648250e+00,2.23629988e+00,1.82622038e-04
8.79430000e+04,2.21042467e+00,2.21024707e+00,1.77596842e-04
8.79530000e+04,2.18625058e+00,2.18607739e+00,1.73182671e-04
8.79630000e+04,2.16422686e+00,2.16405751e+00,1.69345245e-04
8.79730000e+04,2.14471773e+00,2.14455177e+00,1.65966503e-04
8.79830000e+04,2.12673264e+00,2.12656964e+00,1.63000018e-04
8.79930000e+04,2.11022530e+00,2.11006492e+00,1.60382036e-04
8.79940000e+04,4.52819040e+00,4.52766642e+00,5.23975259e-04
8.80040000e+04,9.94525290e+01,9.94282565e+01,2.42724572e-02
8.80140000e+04,4.26265451e+01,4.26190395e+01,7.50555078e-03
8.80240000e+04,1.99053664e+01,1.99021205e+01,3.24588957e-03
8.80340000e+04,1.02676786e+01,1.02661566e+01,1.52205100e-03
8.80440000e+04,5.25447805e+00,5.25369699e+00,7.81053817e-04
8.80540000e+04,3.83634283e+00,3.83591071e+00,4.32119702e-04
8.80640000e+04,3.03628772e+00,3.03596895e+00,3.18767624e-04
8.80740000e+04,2.72918004e+00,2.72892629e+00,2.53751847e-04
8.80840000e+04,2.52837362e+00,2.52815243e+00,2.21192491e-04
8.80940000e+04,2.38909841e+00,2.38889628e+00,2.02130993e-04
8.81040000e+04,2.27578836e+00,2.27559930e+00,1.89061753e-04
8.81140000e+04,2.18764305e+00,2.18746399e+00,1.79060534e-04
8.81240000e+04,2.11694871e+00,2.11677756e+00,1.71150366e-04
8.81340000e+04,2.06265533e+00,2.06249047e+00,1.64865382e-04
8.81440000e+04,2.01639417e+00,2.01623448e+00,1.59688589e-04
8.81540000e+04,1.97754856e+00,1.97739325e+00,1.55306044e-04
8.81640000e+04,1.94294169e+00,1.94279003e+00,1.51663652e-04
8.81740000e+04,1.91229427e+00,1.91214574e+00,1.48533616e-04
8.81840000e+04,1.88483043e+00,1.88468463e+00,1.45798142e-04
8.81940000e+04,1.86014422e+00,1.86000085e+00,1.43372908e-04
8.82040000e+04,1.83889030e+00,1.83874897e+00,1.41325490e-04
8.82140000e+04,1.82043961e+00,1.82030062e+00,1.38988207e-04
8.82240000e+04,1.80380354e+00,1.80366669e+00,1.36844436e-04
8.82340000e+04,1.78783558e+00,1.78770058e+00,1.35005599e-04
8.82440000e+04,1.77321151e+00,1.77307813e+00,1.33380444e-04
8.82540000e+04,1.75981908e+00,1.75968716e+00,1.31924714e-04
8.82640000e+04,1.74747351e+00,1.74734289e+00,1.30613204e-04
8.82740000e+04,1.73603635e+00,1.73590694e+00,1.29415439e-04
8.82840000e+04,1.72533867e+00,1.72521035e+00,1.28319173e-04
8.82940000e+04,1.71542433e+00,1.71529700e+00,1.27329700e-04
8.82950000e+04,4.34157227e+00,4.34109118e+00,4.81089010e-04
8.83050000e+04,1.16990255e+02,1.16964597e+02,2.56582026e-02
8.83150000e+04,5.21189380e+01,5.21100065e+01,8.93150377e-03
8.83250000e+04,2.32779364e+01,2.32741947e+01,3.74163108e-03
8.83350000e+04,1.04886126e+01,1.04870529e+01,1.55970565e-03
8.83450000e+04,6.13691374e+00,6.13604843e+00,8.65313729e-04
8.83550000e+04,4.31135446e+00,4.31082709e+00,5.27369174e-04
8.83650000e+04,3.51461218e+00,3.51421614e+00,3.96039355e-04
8.83750000e+04,3.11722793e+00,3.11690729e+00,3.20642923e-04
8.83850000e+04,2.84804608e+00,2.84776404e+00,2.82040958e-04
8.83950000e+04,2.70141787e+00,2.70116584e+00,2.52022527e-04
8.84050000e+04,2.58214172e+00,2.58191019e+00,2.31530068e-04
8.84150000e+04,2.48397737e+00,2.48376206e+00,2.15313956e-04
8.84250000e+04,2.39825334e+00,2.39804988e+00,2.03454681e-04
8.84350000e+04,2.32788753e+00,2.32769344e+00,1.94087854e-04
8.84450000e+04,2.26718995e+00,2.26700348e+00,1.86471571e-04
8.84550000e+04,2.21437484e+00,2.21419483e+00,1.80009838e-04
8.84650000e+04,2.16959930e+00,2.16942491e+00,1.74391579e-04
8.84750000e+04,2.12912991e+00,2.12896033e+00,1.69581227e-04
8.84850000e+04,2.09356578e+00,2.09340037e+00,1.65408806e-04
8.84950000e+04,2.06010758e+00,2.05994572e+00,1.61851784e-04
8.85050000e+04,2.03224206e+00,2.03208360e+00,1.58462708e-04
8.85150000e+04,2.00696108e+00,2.00680610e+00,1.54984219e-04
8.85250000e+04,1.98453969e+00,1.98438780e+00,1.51882962e-04
8.85350000e+04,1.96335814e+00,1.96320894e+00,1.49202719e-04
8.85450000e+04,1.94380119e+00,1.94365436e+00,1.46832218e-04
8.85550000e+04,1.92601991e+00,1.92587521e+00,1.44695459e-04
8.85650000e+04,1.90941191e+00,1.90926910e+00,1.42810500e-04
8.85750000e+04,1.89427164e+00,1.89413054e+00,1.41093198e-04
8.85850000e+04,1.88027568e+00,1.88013614e+00,1.39539055e-04
8.85950000e+04,1.86733093e+00,1.86719280e+00,1.38129261e-04
8.85960000e+04,4.69337390e+00,4.69289468e+00,4.79218363e-04
8.86060000e+04,1.01726675e+02,1.01702419e+02,2.42560487e-02
8.86160000e+04,4.37578641e+01,4.37508524e+01,7.01173837e-03
8.86260000e+04,2.01702448e+01,2.01671056e+01,3.13915025e-03
8.86360000e+04,9.86258925e+00,9.86125128e+00,1.33797039e-03
8.86460000e+04,5.22330775e+00,5.22257337e+00,7.34378793e-04
8.86560000e+04,3.91424022e+00,3.91382041e+00,4.19807312e-04
8.86660000e+04,3.14862445e+00,3.14830430e+00,3.20142876e-04
8.86760000e+04,2.82643091e+00,2.82617443e+00,2.56479076e-04
8.86860000e+04,2.61617253e+00,2.61594541e+00,2.27123890e-04
8.86960000e+04,2.46683238e+00,2.46662535e+00,2.07033763e-04
8.87060000e+04,2.35723484e+00,2.35704280e+00,1.92043366e-04
8.87160000e+04,2.26524274e+00,2.26506258e+00,1.80159190e-04
8.87260000e+04,2.19457788e+00,2.19440759e+00,1.70283067e-04
8.87360000e+04,2.12535751e+00,2.12519388e+00,1.63631410e-04
8.87460000e+04,2.07661830e+00,2.07646050e+00,1.57801715e-04
8.87560000e+04,2.03296503e+00,2.03281180e+00,1.53230371e-04
8.87660000e+04,1.99448938e+00,1.99434005e+00,1.49327152e-04
8.87760000e+04,1.96066963e+00,1.96052357e+00,1.46052519e-04
8.87860000e+04,1.93200829e+00,1.93186528e+00,1.43014618e-04
8.87960000e+04,1.90548801e+00,1.90534766e+00,1.40349467e-04
8.88060000e+04,1.88368035e+00,1.88354233e+00,1.38027002e-04
8.88160000e+04,1.86338780e+00,1.86325231e+00,1.35495032e-04
8.88260000e+04,1.84474827e+00,1.84461504e+00,1.33229541e-04
8.88360000e+04,1.82685267e+00,1.82672138e+00,1.31286180e-04
8.88460000e+04,1.81016605e+00,1.81003651e+00,1.29538035e-04
8.88560000e+04,1.79416541e+00,1.79403744e+00,1.27971715e-04
8.88660000e+04,1.77919605e+00,1.77906949e+00,1.26555108e-04
8.88760000e+04,1.76565711e+00,1.76553183e+00,1.25284354e-04
8.88860000e+04,1.75329505e+00,1.75317090e+00,1.24145478e-04
8.88960000e+04,1.74190908e+00,1.74178597e+00,1.23111067e-04
8.88970000e+04,4.16548941e+00,4.16503706e+00,4.52351018e-04
8.89070000e+04,1.18903258e+02,1.18878529e+02,2.47290376e-02
8.89170000e+04,5.47467607e+01,5.47383249e+01,8.43576181e-03
8.89270000e+04,2.49545423e+01,2.49509021e+01,3.64018822e-03
8.89370000e+04,1.01911058e+01,1.01897030e+01,1.40276033e-03
8.89470000e+04,5.25635754e+00,5.25561687e+00,7.40671334e-04
8.89570000e+04,3.64394614e+00,3.64354308e+00,4.03053448e-04
8.89670000e+04,2.92662415e+00,2.92634237e+00,2.81785226e-04
8.89770000e+04,2.56456495e+00,2.56433974e+00,2.25218054e-04
8.89870000e+04,2.32520532e+00,2.32500581e+00,1.99512025e-04
8.89970000e+04,2.20539355e+00,2.20521229e+00,1.81262796e-04
8.90070000e+04,2.11240526e+00,2.11223639e+00,1.68870532e-04
8.90170000e+04,2.04642578e+00,2.04626685e+00,1.58937778e-04
8.90270000e+04,1.98155694e+00,1.98140471e+00,1.52229634e-04
8.90370000e+04,1.93011665e+00,1.92996996e+00,1.46693052e-04
8.90470000e+04,1.88767663e+00,1.88753457e+00,1.42056371e-04
8.90570000e+04,1.85035829e+00,1.85022006e+00,1.38225764e-04
8.90670000e+04,1.81754635e+00,1.81741143e+00,1.34914922e-04
8.90770000e+04,1.78744850e+00,1.78731645e+00,1.32049739e-04
8.90870000e+04,1.76133332e+00,1.76120379e+00,1.29531383e-04
8.90970000e+04,1.73732908e+00,1.73720175e+00,1.27330033e-04
8.91070000e+04,1.71810211e+00,1.71797674e+00,1.25376997e-04
8.91170000e+04,1.70003030e+00,1.69990702e+00,1.23278738e-04
8.91270000e+04,1.68351629e+00,1.68339496e+00,1.21331029e-04
8.91370000e+04,1.66730244e+00,1.66718279e+00,1.19655368e-04
8.91470000e+04,1.65254273e+00,1.65242458e+00,1.18152586e-04
8.91570000e+04,1.63903815e+00,1.63892133e+00,1.16819460e-04
8.91670000e+04,1.62678331e+00,1.62666767e+00,1.15635192e-04
8.91770000e+04,1.61569863e+00,1.61558406e+00,1.14570154e-04
8.91870000e+04,1.60552646e+00,1.60541286e+00,1.13604305e-04
8.91970000e+04,1.59613403e+00,1.59602131e+00,1.12719055e-04
8.91980000e+04,3.95626255e+00,3.95582914e+00,4.33401608e-04
8.92080000e+04,9.13992055e+01,9.13758525e+01,2.33529255e-02
8.92180000e+04,4.11671951e+01,4.11605333e+01,6.66172758e-03
8.92280000e+04,1.98646361e+01,1.98616734e+01,2.96270711e-03
8.92380000e+04,9.08753224e+00,9.08636841e+00,1.16382236e-03
8.92480000e+04,4.74690411e+00,4.74622200e+00,6.82105015e-04
8.92580000e+04,3.36751516e+00,3.36713674e+00,3.78418610e-04
8.92680000e+04,2.70525168e+00,2.70496837e+00,2.83309039e-04
8.92780000e+04,2.37030368e+00,2.37007421e+00,2.29470372e-04
8.92880000e+04,2.16048329e+00,2.16027654e+00,2.06750156e-04
8.92980000e+04,2.04880446e+00,2.04861797e+00,1.86489643e-04
8.93080000e+04,1.95730872e+00,1.95713414e+00,1.74579001e-04
8.93180000e+04,1.89193556e+00,1.89177046e+00,1.65098046e-04
8.93280000e+04,1.83704954e+00,1.83689179e+00,1.57748366e-04
8.93380000e+04,1.78983509e+00,1.78968322e+00,1.51876341e-04
8.93480000e+04,1.74996868e+00,1.74982165e+00,1.47029917e-04
8.93580000e+04,1.71461053e+00,1.71446742e+00,1.43105800e-04
8.93680000e+04,1.68372573e+00,1.68358604e+00,1.39690924e-04
8.93780000e+04,1.65643914e+00,1.65630231e+00,1.36832411e-04
8.93880000e+04,1.63256996e+00,1.63243566e+00,1.34300004e-04
8.93980000e+04,1.61092902e+00,1.61079693e+00,1.32095876e-04
8.94080000e+04,1.59421226e+00,1.59408210e+00,1.30159155e-04
8.94180000e+04,1.57869182e+00,1.57856390e+00,1.27925957e-04
8.94280000e+04,1.56395775e+00,1.56383174e+00,1.26009924e-04
8.94380000e+04,1.54997554e+00,1.54985119e+00,1.24347857e-04
8.94480000e+04,1.53709912e+00,1.53697626e+00,1.22853140e-04
8.94580000e+04,1.52513924e+00,1.52501772e+00,1.21517089e-04
8.94680000e+04,1.51405447e+00,1.51393417e+00,1.20303736e-04
8.94780000e+04,1.50359468e+00,1.50347549e+00,1.19187787e-04
8.94880000e+04,1.49338289e+00,1.49326477e+00,1.18116324e-04
8.94980000e+04,1.48400523e+00,1.48388808e+00,1.17156427e-04
8.94990000e+04,3.69281837e+00,3.69239183e+00,4.26530184e-04
8.95090000e+04,1.17270640e+02,1.17245883e+02,2.47576230e-02
8.95190000e+04,5.43849406e+01,5.43769316e+01,8.00900484e-03
8.95290000e+04,2.58354731e+01,2.58319073e+01,3.56573234e-03
8.95390000e+04,1.04811421e+01,1.04798061e+01,1.33591566e-03
8.95490000e+04,5.13219229e+00,5.13147689e+00,7.15398934e-04
8.95590000e+04,3.45273027e+00,3.45233650e+00,3.93770689e-04
8.95690000e+04,2.70928563e+00,2.70901525e+00,2.70377165e-04
8.95790000e+04,2.33626045e+00,2.33604131e+00,2.19131926e-04
8.95890000e+04,2.13265155e+00,2.13245959e+00,1.91956257e-04
8.95990000e+04,2.01181195e+00,2.01163578e+00,1.76177938e-04
8.96090000e+04,1.92366776e+00,1.92350313e+00,1.64624742e-04
8.96190000e+04,1.85658115e+00,1.85642604e+00,1.55110853e-04
8.96290000e+04,1.79835325e+00,1.79820491e+00,1.48337867e-04
8.96390000e+04,1.75169373e+00,1.75155068e+00,1.43041310e-04
8.96490000e+04,1.71394724e+00,1.71380868e+00,1.38562375e-04
8.96590000e+04,1.68016754e+00,1.68003270e+00,1.34834223e-04
8.96690000e+04,1.64984203e+00,1.64971038e+00,1.31645470e-04
8.96790000e+04,1.62378524e+00,1.62365639e+00,1.28844503e-04
8.96890000e+04,1.60030851e+00,1.60018202e+00,1.26487076e-04
8.96990000e+04,1.57991159e+00,1.57978721e+00,1.24386794e-04
8.97090000e+04,1.56374015e+00,1.56361749e+00,1.22663659e-04
8.97190000e+04,1.54921276e+00,1.54909211e+00,1.20649686e-04
8.97290000e+04,1.53557606e+00,1.53545713e+00,1.18931075e-04
8.97390000e+04,1.52275815e+00,1.52264074e+00,1.17416361e-04
8.97490000e+04,1.51074733e+00,1.51063126e+00,1.16066941e-04
8.97590000e+04,1.49957687e+00,1.49946202e+00,1.14853553e-04
8.97690000e+04,1.48905382e+00,1.48894005e+00,1.13767136e-04
8.97790000e+04,1.47919117e+00,1.47907841e+00,1.12760666e-04
8.97890000e+04,1.46978492e+00,1.46967308e+00,1.11840553e-04
8.97990000e+04,1.46136091e+00,1.46124995e+00,1.10960336e-04
8.98000000e+04,6.75257386e+00,3.54025069e+00,3.21232317e+00
8.98100000e+04,1.07688852e+02,1.05376872e+02,2.31197960e+00
8.98200000e+04,5.30863273e+01,5.10680720e+01,2.01825535e+00
8.98300000e+04,2.40671289e+01,2.20722872e+01,1.99484177e+00
8.98400000e+04,1.13256537e+01,9.32726258e+00,1.99839109e+00
8.98500000e+04,6.87594673e+00,4.88912891e+00,1.98681781e+00
8.98600000e+04,5.35147541e+00,3.37259175e+00,1.97888366e+00
8.98700000e+04,4.67529403e+00,2.70092298e+00,1.97437105e+00
8.98800000e+04,4.37062797e+00,2.40039777e+00,1.97023020e+00
8.98900000e+04,4.19817778e+00,2.23195894e+00,1.96621885e+00
8.99000000e+04,4.10607456e+00,2.14341359e+00,1.96266097e+00
8.99100000e+04,4.02166739e+00,2.06378076e+00,1.95788664e+00
8.99200000e+04,3.97751644e+00,2.02516660e+00,1.95234984e+00
8.99300000e+04,3.94084477e+00,1.99362817e+00,1.94721660e+00
8.99400000e+04,3.90927779e+00,1.96670425e+00,1.94257354e+00
8.99500000e+04,3.88475563e+00,1.94643260e+00,1.93832303e+00
8.99600000e+04,3.86638189e+00,1.93182025e+00,1.93456164e+00
8.99700000e+04,3.83482867e+00,1.90364448e+00,1.93118419e+00
8.99800000e+04,3.82752782e+00,1.89908704e+00,1.92844078e+00
8.99900000e+04,3.81443900e+00,1.88930173e+00,1.92513728e+00
9.00000000e+04,3.78868976e+00,1.86642603e+00,1.92226373e+00
9.00100000e+04,3.78784121e+00,1.86919213e+00,1.91864908e+00
9.00200000e+04,3.78296888e+00,1.86770806e+00,1.91526082e+00
9.00300000e+04,3.78319817e+00,1.87133191e+00,1.91186626e+00
9.00400000e+04,3.78448224e+00,1.87621463e+00,1.90826761e+00
9.00500000e+04,3.76937980e+00,1.86451111e+00,1.90486869e+00
9.00600000e+04,3.79106896e+00,1.88912513e+00,1.90194383e+00
9.00700000e+04,3.97660391e+00,2.07747588e+00,1.89912804e+00
9.00800000e+04,3.79284139e+00,1.89479374e+00,1.89804765e+00
9.00900000e+04,3.80412263e+00,1.91127308e+00,1.89284955e+00
9.01000000e+04,3.73786902e+00,1.84863823e+00,1.88923079e+00
